pair_index,label,orig_id,anon_id,euclidean_distance,manhattan_distance,cosine_similarity,sex_diff,sex_equal,district_diff,district_equal,education_diff,education_equal,marital_status_diff,marital_status_equal,B_year_diff,B_year_equal,employment_status_diff,employment_status_equal,industry_diff,industry_equal,main_activity_diff,main_activity_equal,age_match,overall_similarity
0,1,817.0,0.0,0.0,0.0,1.0,0.0,1,0.0,1,0.0,1,0.0,1,0.0,1,0.0,1,0.0,1,0.0,1,1,1.0
1,1,542.0,1.0,1398.0418448673129,1413.0,0.9999999482154232,0.0,1,0.0,1,6.0,0,0.0,1,9.0,0,0.0,1,1398.0,0,0.0,1,1,0.6666666666666666
2,1,281.0,11.0,1631.0015328012416,1634.0,0.9999991131044373,0.0,1,0.0,1,1.0,0,0.0,1,2.0,0,0.0,1,1631.0,0,0.0,1,1,0.6666666666666666
3,1,989.0,12.0,184.13310403075272,191.0,0.999997343539382,0.0,1,0.0,1,0.0,1,0.0,1,7.0,0,0.0,1,184.0,0,0.0,1,1,0.7777777777777778
4,1,578.0,26.0,10.198039027185569,12.0,0.999999468440767,0.0,1,0.0,1,2.0,0,0.0,1,10.0,0,0.0,1,0.0,1,0.0,1,1,0.7777777777777778
5,1,478.0,28.0,0.0,0.0,1.0,0.0,1,0.0,1,0.0,1,0.0,1,0.0,1,0.0,1,0.0,1,0.0,1,1,1.0
6,1,644.0,29.0,0.0,0.0,1.0,0.0,1,0.0,1,0.0,1,0.0,1,0.0,1,0.0,1,0.0,1,0.0,1,1,1.0
7,1,422.0,33.0,0.0,0.0,1.0,0.0,1,0.0,1,0.0,1,0.0,1,0.0,1,0.0,1,0.0,1,0.0,1,1,1.0
8,1,392.0,38.0,3.0,3.0,0.9999999999167776,0.0,1,0.0,1,0.0,1,0.0,1,3.0,0,0.0,1,0.0,1,0.0,1,1,0.8888888888888888
9,1,226.0,51.0,100.18482919085105,107.0,0.9999999950233103,0.0,1,0.0,1,1.0,0,0.0,1,6.0,0,0.0,1,100.0,0,0.0,1,1,0.6666666666666666
10,1,77.0,61.0,156.01281998605114,158.0,0.9999986025743286,0.0,1,0.0,1,0.0,1,0.0,1,2.0,0,0.0,1,156.0,0,0.0,1,1,0.7777777777777778
11,1,577.0,62.0,5897.001356621855,5901.0,0.9999822082612202,0.0,1,0.0,1,0.0,1,0.0,1,4.0,0,0.0,1,5897.0,0,0.0,1,1,0.7777777777777778
12,1,913.0,63.0,0.0,0.0,1.0,0.0,1,0.0,1,0.0,1,0.0,1,0.0,1,0.0,1,0.0,1,0.0,1,1,1.0
13,1,562.0,65.0,0.0,0.0,1.0,0.0,1,0.0,1,0.0,1,0.0,1,0.0,1,0.0,1,0.0,1,0.0,1,1,1.0
14,1,203.0,66.0,0.0,0.0,1.0,0.0,1,0.0,1,0.0,1,0.0,1,0.0,1,0.0,1,0.0,1,0.0,1,1,1.0
15,1,820.0,70.0,0.0,0.0,1.0,0.0,1,0.0,1,0.0,1,0.0,1,0.0,1,0.0,1,0.0,1,0.0,1,1,1.0
16,1,939.0,72.0,0.0,0.0,1.0,0.0,1,0.0,1,0.0,1,0.0,1,0.0,1,0.0,1,0.0,1,0.0,1,1,1.0
17,1,920.0,75.0,10009.07623110145,10051.0,0.999995815276452,0.0,1,0.0,1,2.0,0,0.0,1,39.0,0,1.0,0,10009.0,0,0.0,1,1,0.5555555555555556
18,1,1046.0,76.0,0.0,0.0,1.0,0.0,1,0.0,1,0.0,1,0.0,1,0.0,1,0.0,1,0.0,1,0.0,1,1,1.0
19,1,676.0,81.0,0.0,0.0,1.0,0.0,1,0.0,1,0.0,1,0.0,1,0.0,1,0.0,1,0.0,1,0.0,1,1,1.0
20,1,842.0,82.0,0.0,0.0,1.0,0.0,1,0.0,1,0.0,1,0.0,1,0.0,1,0.0,1,0.0,1,0.0,1,1,1.0
21,1,1047.0,86.0,0.0,0.0,1.0,0.0,1,0.0,1,0.0,1,0.0,1,0.0,1,0.0,1,0.0,1,0.0,1,1,1.0
22,1,1022.0,87.0,15886.000786856332,15891.0,0.9977920317152967,0.0,1,0.0,1,0.0,1,0.0,1,5.0,0,0.0,1,15886.0,0,0.0,1,1,0.7777777777777778
23,1,428.0,92.0,7367.0,7367.0,0.9999846512037357,0.0,1,0.0,1,0.0,1,0.0,1,0.0,1,0.0,1,7367.0,0,0.0,1,1,0.8888888888888888
24,1,586.0,93.0,3472.000288018421,3474.0,0.9990065070984877,0.0,1,0.0,1,0.0,1,0.0,1,1.0,0,1.0,0,3472.0,0,0.0,1,1,0.6666666666666666
25,1,1013.0,96.0,0.0,0.0,1.0,0.0,1,0.0,1,0.0,1,0.0,1,0.0,1,0.0,1,0.0,1,0.0,1,1,1.0
26,1,228.0,104.0,4.47213595499958,6.0,0.9999994799341321,0.0,1,0.0,1,2.0,0,0.0,1,4.0,0,0.0,1,0.0,1,0.0,1,1,0.7777777777777778
27,1,207.0,110.0,0.0,0.0,1.0,0.0,1,0.0,1,0.0,1,0.0,1,0.0,1,0.0,1,0.0,1,0.0,1,1,1.0
28,1,642.0,111.0,1099.0222927675306,1106.0,0.9999989893043136,0.0,1,0.0,1,0.0,1,0.0,1,7.0,0,0.0,1,1099.0,0,0.0,1,1,0.7777777777777778
29,1,454.0,114.0,3920.0051020374963,3928.0,0.9999994516094098,0.0,1,0.0,1,2.0,0,0.0,1,6.0,0,0.0,1,3920.0,0,0.0,1,1,0.6666666666666666
30,1,532.0,115.0,10.198039027185569,12.0,0.9999999997131142,0.0,1,0.0,1,2.0,0,0.0,1,0.0,1,0.0,1,10.0,0,0.0,1,1,0.7777777777777778
31,1,303.0,118.0,0.0,0.0,1.0,0.0,1,0.0,1,0.0,1,0.0,1,0.0,1,0.0,1,0.0,1,0.0,1,1,1.0
32,1,551.0,119.0,5.477225575051661,8.0,0.9999999923412282,0.0,1,0.0,1,5.0,0,0.0,1,1.0,0,0.0,1,2.0,0,0.0,1,1,0.6666666666666666
33,1,837.0,123.0,2924.029069622941,2938.0,0.9996995616729333,0.0,1,0.0,1,1.0,0,0.0,1,13.0,0,0.0,1,2924.0,0,0.0,1,1,0.6666666666666666
34,1,783.0,124.0,17026.055062756022,17075.0,0.1145712689287991,0.0,1,0.0,1,0.0,1,0.0,1,43.0,0,1.0,0,17026.0,0,5.0,0,1,0.5555555555555556
35,1,776.0,127.0,10071.0,10071.0,0.999774982915937,0.0,1,0.0,1,0.0,1,0.0,1,0.0,1,0.0,1,10071.0,0,0.0,1,1,0.8888888888888888
36,1,919.0,128.0,0.0,0.0,1.0,0.0,1,0.0,1,0.0,1,0.0,1,0.0,1,0.0,1,0.0,1,0.0,1,1,1.0
37,1,987.0,131.0,0.0,0.0,1.0,0.0,1,0.0,1,0.0,1,0.0,1,0.0,1,0.0,1,0.0,1,0.0,1,1,1.0
38,1,292.0,141.0,0.0,0.0,1.0,0.0,1,0.0,1,0.0,1,0.0,1,0.0,1,0.0,1,0.0,1,0.0,1,1,1.0
39,1,340.0,146.0,3314.013578728971,3326.0,0.9991572372405728,0.0,1,0.0,1,3.0,0,0.0,1,9.0,0,0.0,1,3314.0,0,0.0,1,1,0.6666666666666666
40,1,458.0,149.0,29.0,29.0,0.9999999938535892,0.0,1,0.0,1,0.0,1,0.0,1,29.0,0,0.0,1,0.0,1,0.0,1,1,0.8888888888888888
41,1,673.0,151.0,872.0074540965805,877.0,0.999999961538769,0.0,1,0.0,1,2.0,0,0.0,1,3.0,0,0.0,1,872.0,0,0.0,1,1,0.6666666666666666
42,1,552.0,159.0,2.0,2.0,0.9999999991771678,0.0,1,0.0,1,0.0,1,0.0,1,2.0,0,0.0,1,0.0,1,0.0,1,1,0.8888888888888888
43,1,1002.0,160.0,2.0,2.0,0.999999999963643,0.0,1,0.0,1,0.0,1,0.0,1,2.0,0,0.0,1,0.0,1,0.0,1,1,0.8888888888888888
44,1,474.0,172.0,0.0,0.0,1.0,0.0,1,0.0,1,0.0,1,0.0,1,0.0,1,0.0,1,0.0,1,0.0,1,1,1.0
45,1,28.0,173.0,0.0,0.0,1.0,0.0,1,0.0,1,0.0,1,0.0,1,0.0,1,0.0,1,0.0,1,0.0,1,1,1.0
46,1,915.0,174.0,0.0,0.0,1.0,0.0,1,0.0,1,0.0,1,0.0,1,0.0,1,0.0,1,0.0,1,0.0,1,1,1.0
47,1,271.0,181.0,0.0,0.0,1.0,0.0,1,0.0,1,0.0,1,0.0,1,0.0,1,0.0,1,0.0,1,0.0,1,1,1.0
48,1,805.0,184.0,0.0,0.0,1.0,0.0,1,0.0,1,0.0,1,0.0,1,0.0,1,0.0,1,0.0,1,0.0,1,1,1.0
49,1,238.0,189.0,719.0069540692913,723.0,0.9999999251274824,0.0,1,0.0,1,0.0,1,0.0,1,3.0,0,1.0,0,719.0,0,0.0,1,1,0.6666666666666666
50,1,822.0,190.0,972.0102880113975,978.0,0.999999950162923,0.0,1,0.0,1,2.0,0,0.0,1,4.0,0,0.0,1,972.0,0,0.0,1,1,0.6666666666666666
51,1,470.0,193.0,0.0,0.0,1.0,0.0,1,0.0,1,0.0,1,0.0,1,0.0,1,0.0,1,0.0,1,0.0,1,1,1.0
52,1,932.0,194.0,0.0,0.0,1.0,0.0,1,0.0,1,0.0,1,0.0,1,0.0,1,0.0,1,0.0,1,0.0,1,1,1.0
53,1,581.0,213.0,0.0,0.0,1.0,0.0,1,0.0,1,0.0,1,0.0,1,0.0,1,0.0,1,0.0,1,0.0,1,1,1.0
54,1,476.0,214.0,3.0,3.0,0.9999999998977321,0.0,1,0.0,1,0.0,1,0.0,1,3.0,0,0.0,1,0.0,1,0.0,1,1,0.8888888888888888
55,1,933.0,229.0,38511.00023369946,38517.0,0.9899312627354071,0.0,1,0.0,1,3.0,0,0.0,1,3.0,0,0.0,1,38511.0,0,0.0,1,1,0.6666666666666666
56,1,243.0,230.0,7.0,7.0,0.9999999995188015,0.0,1,0.0,1,0.0,1,0.0,1,7.0,0,0.0,1,0.0,1,0.0,1,1,0.8888888888888888
57,1,833.0,233.0,1020.024509509453,1028.0,0.9999613154664803,0.0,1,0.0,1,0.0,1,0.0,1,7.0,0,1.0,0,1020.0,0,0.0,1,1,0.6666666666666666
58,1,502.0,234.0,1.0,1.0,0.9999999999900999,0.0,1,0.0,1,0.0,1,0.0,1,1.0,0,0.0,1,0.0,1,0.0,1,1,0.8888888888888888
59,1,720.0,238.0,0.0,0.0,1.0,0.0,1,0.0,1,0.0,1,0.0,1,0.0,1,0.0,1,0.0,1,0.0,1,1,1.0
60,1,703.0,239.0,0.0,0.0,1.0,0.0,1,0.0,1,0.0,1,0.0,1,0.0,1,0.0,1,0.0,1,0.0,1,1,1.0
61,1,496.0,248.0,4021.0002486943467,4023.0,0.9999935664521451,0.0,1,0.0,1,1.0,0,0.0,1,1.0,0,0.0,1,4021.0,0,0.0,1,1,0.6666666666666666
62,1,625.0,249.0,7.0,7.0,0.99999999944095,0.0,1,0.0,1,0.0,1,0.0,1,7.0,0,0.0,1,0.0,1,0.0,1,1,0.8888888888888888
63,1,199.0,256.0,1.0,1.0,0.99999999970329,0.0,1,0.0,1,1.0,0,0.0,1,0.0,1,0.0,1,0.0,1,0.0,1,1,0.8888888888888888
64,1,884.0,257.0,40996.00010976681,40999.0,0.9946539053789537,0.0,1,0.0,1,0.0,1,0.0,1,3.0,0,0.0,1,40996.0,0,0.0,1,1,0.7777777777777778
65,1,682.0,265.0,6110.00302782249,6117.0,0.9999797655259005,0.0,1,0.0,1,1.0,0,0.0,1,6.0,0,0.0,1,6110.0,0,0.0,1,1,0.6666666666666666
66,1,211.0,266.0,1.0,1.0,0.9999999999900798,0.0,1,0.0,1,0.0,1,0.0,1,1.0,0,0.0,1,0.0,1,0.0,1,1,0.8888888888888888
67,1,880.0,274.0,30123.000016598613,30124.0,0.9999193417376869,0.0,1,0.0,1,1.0,0,0.0,1,0.0,1,0.0,1,30123.0,0,0.0,1,1,0.7777777777777778
68,1,786.0,284.0,2.23606797749979,3.0,0.9999994839212722,0.0,1,0.0,1,0.0,1,0.0,1,1.0,0,0.0,1,0.0,1,2.0,0,1,0.7777777777777778
69,1,49.0,285.0,1408.001420453829,1410.0,0.9999991603216688,0.0,1,0.0,1,0.0,1,0.0,1,2.0,0,0.0,1,1408.0,0,0.0,1,1,0.7777777777777778
70,1,305.0,289.0,3.0,3.0,0.9999999998962729,0.0,1,0.0,1,0.0,1,0.0,1,3.0,0,0.0,1,0.0,1,0.0,1,1,0.8888888888888888
71,1,16.0,295.0,15889.03883184883,15927.0,0.9995630810715678,0.0,1,0.0,1,3.0,0,0.0,1,35.0,0,0.0,1,15889.0,0,0.0,1,1,0.6666666666666666
72,1,567.0,299.0,0.0,0.0,1.0,0.0,1,0.0,1,0.0,1,0.0,1,0.0,1,0.0,1,0.0,1,0.0,1,1,1.0
73,1,351.0,300.0,0.0,0.0,1.0,0.0,1,0.0,1,0.0,1,0.0,1,0.0,1,0.0,1,0.0,1,0.0,1,1,1.0
74,1,893.0,303.0,110.22250223978767,117.0,0.9999999935302868,0.0,1,0.0,1,0.0,1,0.0,1,7.0,0,0.0,1,110.0,0,0.0,1,1,0.7777777777777778
75,1,440.0,304.0,1.4142135623730951,2.0,0.9999998709226194,0.0,1,0.0,1,1.0,0,0.0,1,1.0,0,0.0,1,0.0,1,0.0,1,1,0.7777777777777778
76,1,417.0,307.0,0.0,0.0,1.0,0.0,1,0.0,1,0.0,1,0.0,1,0.0,1,0.0,1,0.0,1,0.0,1,1,1.0
77,1,276.0,308.0,10001.00099989996,10007.0,0.99988115938989,0.0,1,0.0,1,0.0,1,0.0,1,4.0,0,2.0,0,10001.0,0,0.0,1,1,0.6666666666666666
78,1,679.0,313.0,40698.00110570542,40710.0,0.9998928855384837,0.0,1,0.0,1,9.0,0,0.0,1,3.0,0,0.0,1,40698.0,0,0.0,1,1,0.6666666666666666
79,1,992.0,320.0,1930.0222796641494,1942.0,0.9999999015478573,0.0,1,0.0,1,2.0,0,0.0,1,9.0,0,1.0,0,1930.0,0,0.0,1,1,0.5555555555555556
80,1,856.0,321.0,1.0,1.0,0.9999999999908091,0.0,1,0.0,1,0.0,1,0.0,1,1.0,0,0.0,1,0.0,1,0.0,1,1,0.8888888888888888
81,1,681.0,328.0,15698.000063702382,15700.0,0.9999533516552376,0.0,1,0.0,1,0.0,1,0.0,1,1.0,0,1.0,0,15698.0,0,0.0,1,1,0.6666666666666666
82,1,544.0,329.0,22001.006658787228,22020.0,0.9993383644605042,0.0,1,0.0,1,2.0,0,0.0,1,17.0,0,0.0,1,22001.0,0,0.0,1,1,0.6666666666666666
83,1,187.0,345.0,2.23606797749979,3.0,0.9999998742644012,0.0,1,0.0,1,1.0,0,0.0,1,2.0,0,0.0,1,0.0,1,0.0,1,1,0.7777777777777778
84,1,123.0,346.0,0.0,0.0,1.0,0.0,1,0.0,1,0.0,1,0.0,1,0.0,1,0.0,1,0.0,1,0.0,1,1,1.0
85,1,322.0,347.0,10010.072227511648,10050.0,0.99998873219449,0.0,1,0.0,1,1.0,0,0.0,1,38.0,0,1.0,0,10010.0,0,0.0,1,1,0.5555555555555556
86,1,71.0,351.0,11.045361017187261,12.0,0.9999998528861858,0.0,1,0.0,1,1.0,0,0.0,1,11.0,0,0.0,1,0.0,1,0.0,1,1,0.7777777777777778
87,1,924.0,355.0,1405.1170769725916,1426.0,0.9999996776211612,0.0,1,0.0,1,2.0,0,0.0,1,18.0,0,1.0,0,1405.0,0,0.0,1,1,0.5555555555555556
88,1,501.0,372.0,5.0990195135927845,6.0,0.9999998795298933,0.0,1,0.0,1,1.0,0,0.0,1,5.0,0,0.0,1,0.0,1,0.0,1,1,0.7777777777777778
89,1,1003.0,373.0,1102.0553525118419,1114.0,0.9999999096754774,0.0,1,0.0,1,1.0,0,0.0,1,11.0,0,0.0,1,1102.0,0,0.0,1,1,0.6666666666666666
90,1,160.0,381.0,0.0,0.0,1.0,0.0,1,0.0,1,0.0,1,0.0,1,0.0,1,0.0,1,0.0,1,0.0,1,1,1.0
91,1,793.0,382.0,0.0,0.0,1.0,0.0,1,0.0,1,0.0,1,0.0,1,0.0,1,0.0,1,0.0,1,0.0,1,1,1.0
92,1,1073.0,387.0,101.08412338245805,106.0,0.9999999888829697,0.0,1,0.0,1,4.0,0,0.0,1,1.0,0,0.0,1,101.0,0,0.0,1,1,0.6666666666666666
93,1,941.0,388.0,12.041594578792296,13.0,0.9999998883665843,0.0,1,0.0,1,1.0,0,0.0,1,12.0,0,0.0,1,0.0,1,0.0,1,1,0.7777777777777778
94,1,76.0,395.0,23189.000409677,23196.0,0.9998497384066599,0.0,1,0.0,1,3.0,0,0.0,1,3.0,0,1.0,0,23189.0,0,0.0,1,1,0.5555555555555556
95,1,420.0,396.0,8.246211251235321,10.0,0.9999994495090534,0.0,1,0.0,1,2.0,0,0.0,1,8.0,0,0.0,1,0.0,1,0.0,1,1,0.7777777777777778
96,1,726.0,406.0,95735.00004700475,95738.0,0.5568624534842495,0.0,1,0.0,1,0.0,1,0.0,1,3.0,0,0.0,1,95735.0,0,0.0,1,1,0.7777777777777778
97,1,310.0,407.0,17950.0195543069,17982.0,0.9997972415283546,0.0,1,0.0,1,5.0,0,0.0,1,26.0,0,1.0,0,17950.0,0,0.0,1,1,0.5555555555555556
98,1,95.0,408.0,12895.002055059937,12906.0,0.9999953121984164,0.0,1,0.0,1,4.0,0,0.0,1,6.0,0,1.0,0,12895.0,0,0.0,1,1,0.5555555555555556
99,1,96.0,415.0,6594.006900208704,6607.0,0.9999763806106279,0.0,1,0.0,1,1.0,0,3.0,0,9.0,0,0.0,1,6594.0,0,0.0,1,1,0.5555555555555556
100,1,69.0,416.0,64200.0085514013,64236.0,0.030347390828808773,0.0,1,0.0,1,3.0,0,0.0,1,33.0,0,0.0,1,64200.0,0,0.0,1,1,0.6666666666666666
101,1,840.0,420.0,0.0,0.0,1.0,0.0,1,0.0,1,0.0,1,0.0,1,0.0,1,0.0,1,0.0,1,0.0,1,1,1.0
102,1,1008.0,421.0,2909.076485759699,2932.0,0.9999956531422566,0.0,1,0.0,1,0.0,1,0.0,1,21.0,0,2.0,0,2909.0,0,0.0,1,1,0.6666666666666666
103,1,843.0,434.0,14099.059649494358,14141.0,0.9999117877263719,0.0,1,0.0,1,0.0,1,0.0,1,41.0,0,1.0,0,14099.0,0,0.0,1,1,0.6666666666666666
104,1,935.0,435.0,2.0,2.0,0.9999999999659726,0.0,1,0.0,1,0.0,1,0.0,1,2.0,0,0.0,1,0.0,1,0.0,1,1,0.8888888888888888
105,1,861.0,440.0,97006.00027317897,97015.0,0.01993267675120336,0.0,1,0.0,1,2.0,0,0.0,1,7.0,0,0.0,1,97006.0,0,0.0,1,1,0.6666666666666666
106,1,122.0,444.0,8220.024391691304,8241.0,0.9999643268431537,0.0,1,0.0,1,1.0,0,0.0,1,20.0,0,0.0,1,8220.0,0,0.0,1,1,0.6666666666666666
107,1,414.0,445.0,18.110770276274835,20.0,0.9999995373304286,0.0,1,0.0,1,2.0,0,0.0,1,18.0,0,0.0,1,0.0,1,0.0,1,1,0.7777777777777778
108,1,9.0,446.0,41002.00646309885,41026.0,0.04768867144176625,0.0,1,0.0,1,1.0,0,0.0,1,23.0,0,0.0,1,41002.0,0,0.0,1,1,0.6666666666666666
109,1,592.0,449.0,28100.002081850456,28115.0,0.9998045108870226,0.0,1,0.0,1,1.0,0,4.0,0,10.0,0,0.0,1,28100.0,0,0.0,1,1,0.5555555555555556
110,1,450.0,458.0,488.01946682483884,495.0,0.9999999353360454,1.0,0,0.0,1,1.0,0,1.0,0,4.0,0,0.0,1,488.0,0,0.0,1,1,0.4444444444444444
111,1,332.0,459.0,4.242640687119285,6.0,0.9999988556621275,0.0,1,0.0,1,0.0,1,0.0,1,3.0,0,0.0,1,0.0,1,3.0,0,1,0.7777777777777778
112,1,716.0,477.0,7852.097426802599,7894.0,0.9999211183671778,0.0,1,0.0,1,0.0,1,0.0,1,39.0,0,3.0,0,7852.0,0,0.0,1,1,0.6666666666666666
113,1,201.0,479.0,38.03945320322047,41.0,0.9999995716720051,1.0,0,0.0,1,0.0,1,1.0,0,38.0,0,1.0,0,0.0,1,0.0,1,1,0.5555555555555556
114,1,395.0,484.0,7.3484692283495345,12.0,0.9999977018854144,0.0,1,0.0,1,3.0,0,0.0,1,6.0,0,0.0,1,0.0,1,3.0,0,1,0.6666666666666666
115,1,748.0,495.0,8.06225774829855,9.0,0.9999917811824431,0.0,1,0.0,1,0.0,1,0.0,1,1.0,0,0.0,1,0.0,1,8.0,0,1,0.7777777777777778
116,1,855.0,502.0,4.123105625617661,5.0,0.9999998777586462,0.0,1,0.0,1,1.0,0,0.0,1,4.0,0,0.0,1,0.0,1,0.0,1,1,0.7777777777777778
117,1,802.0,504.0,86904.00709978798,86942.0,0.02215322290004529,0.0,1,0.0,1,3.0,0,0.0,1,35.0,0,0.0,1,86904.0,0,0.0,1,1,0.6666666666666666
118,1,576.0,511.0,97007.00018555362,97013.0,0.01978460044183583,0.0,1,0.0,1,0.0,1,0.0,1,6.0,0,0.0,1,97007.0,0,0.0,1,1,0.7777777777777778
119,1,705.0,512.0,52988.00007548879,52992.0,0.9957091096078026,0.0,1,0.0,1,2.0,0,0.0,1,2.0,0,0.0,1,52988.0,0,0.0,1,1,0.6666666666666666
120,1,462.0,515.0,2021.0356256137595,2041.0,0.9999987846285618,0.0,1,0.0,1,4.0,0,0.0,1,8.0,0,0.0,1,2021.0,0,8.0,0,1,0.5555555555555556
121,1,908.0,523.0,0.0,0.0,1.0,0.0,1,0.0,1,0.0,1,0.0,1,0.0,1,0.0,1,0.0,1,0.0,1,1,1.0
122,1,878.0,525.0,5.0,5.0,0.9999999997473633,0.0,1,0.0,1,0.0,1,0.0,1,5.0,0,0.0,1,0.0,1,0.0,1,1,0.8888888888888888
123,1,468.0,526.0,0.0,0.0,1.0,0.0,1,0.0,1,0.0,1,0.0,1,0.0,1,0.0,1,0.0,1,0.0,1,1,1.0
124,1,1039.0,530.0,17.72004514666935,22.0,0.9999966247459044,0.0,1,0.0,1,5.0,0,0.0,1,17.0,0,0.0,1,0.0,1,0.0,1,1,0.7777777777777778
125,1,1027.0,531.0,126.82665335015349,147.0,0.9999999902490783,0.0,1,0.0,1,2.0,0,6.0,0,13.0,0,0.0,1,126.0,0,0.0,1,1,0.5555555555555556
126,1,718.0,533.0,23.558437978779494,29.0,0.9999968707159576,0.0,1,0.0,1,5.0,0,0.0,1,23.0,0,0.0,1,0.0,1,1.0,0,1,0.6666666666666666
127,1,311.0,534.0,15.652475842498529,21.0,0.9999747386796921,0.0,1,0.0,1,14.0,0,0.0,1,7.0,0,0.0,1,0.0,1,0.0,1,1,0.7777777777777778
128,1,584.0,545.0,12.041594578792296,17.0,0.9999917246950027,0.0,1,0.0,1,8.0,0,0.0,1,9.0,0,0.0,1,0.0,1,0.0,1,1,0.7777777777777778
129,1,38.0,547.0,47783.00122428477,47798.0,0.9998090207876134,0.0,1,0.0,1,0.0,1,0.0,1,9.0,0,6.0,0,47783.0,0,0.0,1,1,0.6666666666666666
130,1,898.0,548.0,2109.0099573022408,2119.0,0.999998211800191,1.0,0,0.0,1,0.0,1,0.0,1,5.0,0,4.0,0,2109.0,0,0.0,1,1,0.5555555555555556
131,1,467.0,556.0,17014.01434112479,17038.0,0.11476163441706755,0.0,1,0.0,1,2.0,0,0.0,1,22.0,0,0.0,1,17014.0,0,0.0,1,1,0.6666666666666666
132,1,230.0,557.0,6.324555320336759,8.0,0.9999953825315462,0.0,1,0.0,1,0.0,1,0.0,1,2.0,0,0.0,1,0.0,1,6.0,0,1,0.7777777777777778
133,1,844.0,561.0,15.264337522473747,21.0,0.9999952378962462,0.0,1,0.0,1,1.0,0,0.0,1,14.0,0,0.0,1,0.0,1,6.0,0,1,0.6666666666666666
134,1,785.0,566.0,5.830951894845301,8.0,0.9999967776140507,0.0,1,0.0,1,5.0,0,0.0,1,3.0,0,0.0,1,0.0,1,0.0,1,1,0.7777777777777778
135,1,904.0,567.0,5879.045160568168,5904.0,0.9999925322493454,0.0,1,0.0,1,1.0,0,1.0,0,23.0,0,0.0,1,5879.0,0,0.0,1,1,0.5555555555555556
136,1,779.0,568.0,9585.023421984946,9616.0,0.9999767346193397,0.0,1,0.0,1,3.0,0,0.0,1,20.0,0,6.0,0,9585.0,0,2.0,0,1,0.4444444444444444
137,1,1017.0,573.0,84131.0006180837,84143.0,0.02301154282466089,0.0,1,0.0,1,10.0,0,0.0,1,2.0,0,0.0,1,84131.0,0,0.0,1,1,0.6666666666666666
138,1,741.0,574.0,84131.0021454636,84150.0,0.023029293975119325,0.0,1,0.0,1,0.0,1,0.0,1,19.0,0,0.0,1,84131.0,0,0.0,1,1,0.7777777777777778
139,1,441.0,576.0,47592.01464531629,47634.0,0.040927913110599734,0.0,1,0.0,1,5.0,0,0.0,1,37.0,0,0.0,1,47592.0,0,0.0,1,1,0.6666666666666666
140,1,1053.0,577.0,64192.000405034894,64202.0,0.030138120517700373,0.0,1,0.0,1,0.0,1,0.0,1,4.0,0,6.0,0,64192.0,0,0.0,1,1,0.6666666666666666
141,1,265.0,585.0,11.704699910719626,17.0,0.9999952162610922,0.0,1,0.0,1,1.0,0,0.0,1,10.0,0,0.0,1,0.0,1,6.0,0,1,0.6666666666666666
142,1,4.0,594.0,38.24918299781056,45.0,0.999997298868228,1.0,0,0.0,1,3.0,0,0.0,1,38.0,0,3.0,0,0.0,1,0.0,1,1,0.5555555555555556
143,1,208.0,595.0,16.186414056238647,22.0,0.9999952891846184,0.0,1,0.0,1,1.0,0,0.0,1,15.0,0,0.0,1,0.0,1,6.0,0,1,0.6666666666666666
144,1,434.0,605.0,43212.0020943256,43231.0,0.045034010575361605,0.0,1,0.0,1,1.0,0,0.0,1,12.0,0,6.0,0,43212.0,0,0.0,1,1,0.5555555555555556
145,1,696.0,606.0,85493.0013158972,85514.0,0.02254501526782038,0.0,1,0.0,1,9.0,0,0.0,1,12.0,0,0.0,1,85493.0,0,0.0,1,1,0.6666666666666666
146,1,896.0,610.0,41.24318125460256,55.0,0.9999996496034185,0.0,1,0.0,1,0.0,1,0.0,1,40.0,0,6.0,0,1.0,0,8.0,0,1,0.5555555555555556
147,1,327.0,611.0,3394.0085444795213,3406.0,0.9990338370382419,0.0,1,0.0,1,2.0,0,0.0,1,7.0,0,1.0,0,3394.0,0,2.0,0,1,0.4444444444444444
148,1,744.0,616.0,22.045407685048602,24.0,0.999999757565634,1.0,0,0.0,1,0.0,1,0.0,1,22.0,0,0.0,1,0.0,1,1.0,0,1,0.6666666666666666
149,1,618.0,619.0,55102.00236833504,55123.0,0.035274741001960486,0.0,1,0.0,1,0.0,1,0.0,1,15.0,0,6.0,0,55102.0,0,0.0,1,1,0.6666666666666666
150,1,195.0,620.0,10792.05675485447,10827.0,0.1770713673380362,0.0,1,0.0,1,0.0,1,0.0,1,35.0,0,0.0,1,10792.0,0,0.0,1,1,0.7777777777777778
151,1,1066.0,637.0,49223.00160494076,49241.0,0.03965173774723463,0.0,1,0.0,1,1.0,0,0.0,1,11.0,0,6.0,0,49223.0,0,0.0,1,1,0.5555555555555556
152,1,210.0,638.0,10792.044569959855,10824.0,0.17707033176345466,0.0,1,0.0,1,1.0,0,0.0,1,31.0,0,0.0,1,10792.0,0,0.0,1,1,0.6666666666666666
153,1,977.0,644.0,31002.00945100172,31030.0,0.06317779062191564,0.0,1,0.0,1,3.0,0,1.0,0,24.0,0,0.0,1,31002.0,0,0.0,1,1,0.5555555555555556
154,1,986.0,645.0,39.4715087119811,46.0,0.9999953473295145,0.0,1,0.0,1,1.0,0,0.0,1,39.0,0,0.0,1,0.0,1,6.0,0,1,0.6666666666666666
155,1,821.0,649.0,10630.03715891906,10662.0,0.18254613588200552,0.0,1,0.0,1,2.0,0,0.0,1,28.0,0,1.0,0,10630.0,0,1.0,0,1,0.4444444444444444
156,1,386.0,650.0,24.08318915758459,26.0,0.9999994566344196,0.0,1,0.0,1,0.0,1,2.0,0,24.0,0,0.0,1,0.0,1,0.0,1,1,0.7777777777777778
157,1,204.0,654.0,47114.00587935609,47142.0,0.04140592263780973,0.0,1,0.0,1,5.0,0,0.0,1,23.0,0,0.0,1,47114.0,0,0.0,1,1,0.6666666666666666
158,1,447.0,658.0,36.565010597564445,45.0,0.9999947364167524,0.0,1,0.0,1,1.0,0,6.0,0,36.0,0,0.0,1,0.0,1,2.0,0,1,0.5555555555555556
159,1,1065.0,662.0,14102.000957310987,14109.0,0.13855549267446898,0.0,1,0.0,1,1.0,0,0.0,1,5.0,0,0.0,1,14102.0,0,1.0,0,1,0.5555555555555556
160,1,1054.0,667.0,52295.009226502676,52334.0,0.03711164957770541,0.0,1,0.0,1,1.0,0,0.0,1,30.0,0,0.0,1,52295.0,0,8.0,0,1,0.5555555555555556
161,1,14.0,668.0,86204.00634541297,86240.0,0.022336869005442295,0.0,1,0.0,1,1.0,0,2.0,0,33.0,0,0.0,1,86204.0,0,0.0,1,1,0.5555555555555556
162,1,309.0,683.0,536.9767220280596,576.0,0.9999817749860758,0.0,1,0.0,1,4.0,0,0.0,1,32.0,0,2.0,0,536.0,0,2.0,0,1,0.4444444444444444
163,1,910.0,684.0,14102.01201956657,14127.0,0.13855060140580255,0.0,1,0.0,1,1.0,0,0.0,1,17.0,0,0.0,1,14102.0,0,7.0,0,1,0.5555555555555556
164,1,1038.0,688.0,97007.00204624406,97032.0,0.019907478486566377,0.0,1,0.0,1,0.0,1,6.0,0,19.0,0,0.0,1,97007.0,0,0.0,1,1,0.6666666666666666
165,1,709.0,693.0,17.11724276862369,19.0,0.999999482855141,0.0,1,0.0,1,0.0,1,0.0,1,17.0,0,0.0,1,0.0,1,2.0,0,1,0.7777777777777778
166,1,582.0,694.0,12908.005384256701,12929.0,0.999954121086622,0.0,1,0.0,1,1.0,0,0.0,1,8.0,0,5.0,0,12908.0,0,7.0,0,1,0.4444444444444444
167,1,762.0,701.0,23.769728648009426,29.0,0.9999953933157035,0.0,1,0.0,1,0.0,1,0.0,1,23.0,0,0.0,1,0.0,1,6.0,0,1,0.7777777777777778
168,1,268.0,702.0,23.021728866442675,24.0,0.9999998643208716,0.0,1,0.0,1,0.0,1,1.0,0,23.0,0,0.0,1,0.0,1,0.0,1,1,0.7777777777777778
169,1,897.0,710.0,109.13752791776072,117.0,0.9999999957546643,0.0,1,0.0,1,2.0,0,1.0,0,5.0,0,0.0,1,109.0,0,0.0,1,1,0.5555555555555556
170,1,421.0,717.0,14102.062863283512,14149.0,0.13875228134672513,0.0,1,0.0,1,2.0,0,0.0,1,42.0,0,1.0,0,14102.0,0,2.0,0,1,0.4444444444444444
171,1,330.0,726.0,17298.030437017966,17345.0,0.9999341776882273,0.0,1,0.0,1,14.0,0,0.0,1,29.0,0,4.0,0,17298.0,0,0.0,1,1,0.5555555555555556
172,1,371.0,727.0,18113.005548500227,18130.0,0.10860778310887054,0.0,1,0.0,1,1.0,0,0.0,1,14.0,0,0.0,1,18113.0,0,2.0,0,1,0.5555555555555556
173,1,437.0,752.0,14.45683229480096,19.0,0.9999983175409912,0.0,1,0.0,1,2.0,0,0.0,1,14.0,0,3.0,0,0.0,1,0.0,1,1,0.6666666666666666
174,1,560.0,754.0,14.2828568570857,18.0,0.9999999859668196,0.0,1,0.0,1,0.0,1,0.0,1,14.0,0,2.0,0,0.0,1,2.0,0,1,0.6666666666666666
175,1,975.0,755.0,27910.00200644923,27926.0,0.9999296593644336,0.0,1,0.0,1,2.0,0,0.0,1,10.0,0,2.0,0,27910.0,0,2.0,0,1,0.4444444444444444
176,1,1055.0,758.0,49222.00131038965,49237.0,0.03966741544235053,0.0,1,0.0,1,0.0,1,2.0,0,11.0,0,0.0,1,49222.0,0,2.0,0,1,0.5555555555555556
177,1,138.0,759.0,47114.00002122511,47116.0,0.04148694315023005,0.0,1,0.0,1,0.0,1,1.0,0,1.0,0,0.0,1,47114.0,0,0.0,1,1,0.6666666666666666
178,1,698.0,765.0,1400.025356913224,1413.0,0.9999993447817987,1.0,0,0.0,1,1.0,0,1.0,0,2.0,0,0.0,1,1400.0,0,8.0,0,1,0.3333333333333333
179,1,149.0,774.0,32.17141588429082,37.0,0.9999986761973865,1.0,0,0.0,1,1.0,0,3.0,0,32.0,0,0.0,1,0.0,1,0.0,1,1,0.5555555555555556
180,1,452.0,777.0,21.95449840010015,30.0,0.9999844732343366,0.0,1,0.0,1,11.0,0,0.0,1,19.0,0,0.0,1,0.0,1,0.0,1,1,0.7777777777777778
181,1,1075.0,778.0,31096.019198604827,31138.0,0.9999210046385836,0.0,1,0.0,1,0.0,1,1.0,0,34.0,0,1.0,0,31096.0,0,6.0,0,1,0.4444444444444444
182,1,394.0,784.0,14098.04614122113,14149.0,0.9999139285440511,0.0,1,0.0,1,14.0,0,0.0,1,33.0,0,4.0,0,14098.0,0,0.0,1,1,0.5555555555555556
183,1,109.0,792.0,2829.1253065214346,2864.0,0.9999993618756178,0.0,1,0.0,1,4.0,0,1.0,0,26.0,0,4.0,0,2829.0,0,0.0,1,1,0.4444444444444444
184,1,635.0,799.0,22.47220505424423,31.0,0.999981700087436,0.0,1,0.0,1,12.0,0,0.0,1,19.0,0,0.0,1,0.0,1,0.0,1,1,0.7777777777777778
185,1,1016.0,803.0,1290.078292197803,1314.0,0.9999995732751542,1.0,0,0.0,1,0.0,1,0.0,1,11.0,0,4.0,0,1290.0,0,8.0,0,1,0.4444444444444444
186,1,1051.0,804.0,10713.000373378132,10717.0,0.1808242401844582,0.0,1,0.0,1,2.0,0,0.0,1,2.0,0,0.0,1,10713.0,0,0.0,1,1,0.6666666666666666
187,1,7.0,807.0,29.698484809834994,38.0,0.9999998185590226,1.0,0,0.0,1,0.0,1,0.0,1,29.0,0,6.0,0,0.0,1,2.0,0,1,0.5555555555555556
188,1,645.0,820.0,45204.02090522479,45256.0,0.04308914434322131,1.0,0,0.0,1,2.0,0,0.0,1,43.0,0,6.0,0,45204.0,0,0.0,1,1,0.4444444444444444
189,1,1079.0,821.0,6.48074069840786,10.0,0.9999978423877663,0.0,1,0.0,1,0.0,1,1.0,0,5.0,0,0.0,1,0.0,1,4.0,0,1,0.6666666666666666
190,1,356.0,825.0,84231.00001187211,84233.0,0.02289921355411506,0.0,1,0.0,1,0.0,1,1.0,0,1.0,0,0.0,1,84231.0,0,0.0,1,1,0.6666666666666666
191,1,694.0,826.0,15.362291495737216,20.0,0.9999985242302614,0.0,1,0.0,1,3.0,0,1.0,0,15.0,0,0.0,1,0.0,1,1.0,0,1,0.5555555555555556
192,1,41.0,833.0,1902.0231334029563,1918.0,0.9999135650413077,0.0,1,0.0,1,2.0,0,0.0,1,8.0,0,4.0,0,1902.0,0,2.0,0,1,0.4444444444444444
193,1,317.0,837.0,55102.00444629941,55128.0,0.035420195341769545,1.0,0,0.0,1,0.0,1,1.0,0,22.0,0,2.0,0,55102.0,0,0.0,1,1,0.4444444444444444
194,1,457.0,842.0,12896.008258372045,12917.0,0.9999952338123497,0.0,1,0.0,1,14.0,0,0.0,1,3.0,0,2.0,0,12896.0,0,2.0,0,1,0.4444444444444444
195,1,427.0,845.0,12876.014639631318,12911.0,0.9999955803800095,0.0,1,0.0,1,10.0,0,0.0,1,15.0,0,4.0,0,12876.0,0,6.0,0,1,0.4444444444444444
196,1,1030.0,846.0,84231.00363286668,84265.0,0.023014836598587607,0.0,1,0.0,1,4.0,0,2.0,0,24.0,0,0.0,1,84231.0,0,4.0,0,1,0.4444444444444444
197,1,194.0,849.0,46304.01251511579,46341.0,0.04201488036615997,1.0,0,0.0,1,0.0,1,1.0,0,34.0,0,1.0,0,46304.0,0,0.0,1,1,0.4444444444444444
198,1,355.0,850.0,10713.044945299165,10746.0,0.17789372582608198,0.0,1,0.0,1,0.0,1,1.0,0,31.0,0,0.0,1,10713.0,0,1.0,0,1,0.5555555555555556
199,1,116.0,855.0,64911.00367426158,64944.0,0.0298497433440873,0.0,1,0.0,1,8.0,0,0.0,1,20.0,0,3.0,0,64911.0,0,2.0,0,1,0.4444444444444444
200,1,758.0,856.0,64911.000400548444,64921.0,0.029800102656850957,0.0,1,0.0,1,1.0,0,1.0,0,7.0,0,0.0,1,64911.0,0,1.0,0,1,0.4444444444444444
201,1,304.0,859.0,49213.0071424212,49246.0,0.03952024856756298,0.0,1,0.0,1,1.0,0,1.0,0,26.0,0,5.0,0,49213.0,0,0.0,1,1,0.4444444444444444
202,1,831.0,866.0,16072.008181929226,16095.0,0.9998042213359323,0.0,1,0.0,1,1.0,0,1.0,0,15.0,0,6.0,0,16072.0,0,0.0,1,1,0.4444444444444444
203,1,630.0,867.0,49234.01078522854,49274.0,0.03889040945266109,0.0,1,0.0,1,6.0,0,1.0,0,32.0,0,0.0,1,49234.0,0,1.0,0,1,0.4444444444444444
204,1,629.0,886.0,6385.002897415161,6396.0,0.9977519219326122,0.0,1,0.0,1,2.0,0,1.0,0,4.0,0,4.0,0,6385.0,0,0.0,1,1,0.4444444444444444
205,1,795.0,887.0,84111.00272259272,84137.0,0.022780397374290606,0.0,1,0.0,1,4.0,0,1.0,0,21.0,0,0.0,1,84111.0,0,0.0,1,1,0.5555555555555556
206,1,723.0,891.0,5.477225575051661,10.0,0.9999966646285878,1.0,0,0.0,1,4.0,0,0.0,1,2.0,0,0.0,1,0.0,1,3.0,0,1,0.5555555555555556
207,1,520.0,898.0,64192.01001682375,64240.0,0.030366498558905608,0.0,1,0.0,1,14.0,0,1.0,0,33.0,0,0.0,1,64192.0,0,0.0,1,1,0.5555555555555556
208,1,971.0,906.0,10793.005420178386,10808.0,0.1792607028019404,0.0,1,0.0,1,0.0,1,1.0,0,10.0,0,4.0,0,10793.0,0,0.0,1,1,0.5555555555555556
209,1,1070.0,907.0,1412.0300988293416,1425.0,0.8126805750206852,0.0,1,0.0,1,7.0,0,0.0,1,0.0,1,0.0,1,1412.0,0,6.0,0,1,0.6666666666666666
210,1,397.0,914.0,35.52463933666322,42.0,0.9999949819172416,0.0,1,0.0,1,6.0,0,1.0,0,35.0,0,0.0,1,0.0,1,0.0,1,1,0.6666666666666666
211,1,611.0,921.0,39509.005289933586,39535.0,0.6360628956440185,0.0,1,0.0,1,1.0,0,1.0,0,20.0,0,4.0,0,39509.0,0,0.0,1,1,0.4444444444444444
212,1,359.0,934.0,84231.00122282769,84249.0,0.022883840298060343,0.0,1,0.0,1,3.0,0,1.0,0,14.0,0,0.0,1,84231.0,0,0.0,1,1,0.5555555555555556
213,1,583.0,938.0,15122.027145855809,15157.0,0.1290865166761217,0.0,1,0.0,1,0.0,1,1.0,0,28.0,0,6.0,0,15122.0,0,0.0,1,1,0.5555555555555556
214,1,172.0,939.0,15122.034188560743,15160.0,0.129072718471127,0.0,1,0.0,1,2.0,0,1.0,0,32.0,0,1.0,0,15122.0,0,2.0,0,1,0.3333333333333333
215,1,78.0,947.0,85102.00076378933,85118.0,0.022614980201352552,0.0,1,0.0,1,1.0,0,0.0,1,11.0,0,2.0,0,85102.0,0,2.0,0,1,0.4444444444444444
216,1,657.0,948.0,69102.0075251074,69138.0,0.028028330499287546,0.0,1,0.0,1,0.0,1,0.0,1,32.0,0,4.0,0,69102.0,0,0.0,1,1,0.6666666666666666
217,1,137.0,951.0,10612.065444577695,10667.0,0.1822107498597092,0.0,1,0.0,1,14.0,0,0.0,1,34.0,0,1.0,0,10612.0,0,6.0,0,1,0.4444444444444444
218,1,284.0,952.0,14.071247279470288,16.0,0.9999746470837351,1.0,0,0.0,1,14.0,0,1.0,0,0.0,1,0.0,1,0.0,1,0.0,1,1,0.6666666666666666
219,1,591.0,963.0,46901.00436024798,46926.0,0.04170346877843356,0.0,1,0.0,1,2.0,0,1.0,0,20.0,0,0.0,1,46901.0,0,2.0,0,1,0.4444444444444444
220,1,448.0,964.0,21.283796653792763,35.0,0.9999834882631125,0.0,1,0.0,1,8.0,0,1.0,0,18.0,0,0.0,1,0.0,1,8.0,0,1,0.5555555555555556
221,1,60.0,967.0,56211.00037359235,56221.0,0.03457294265824884,0.0,1,0.0,1,0.0,1,1.0,0,2.0,0,1.0,0,56211.0,0,6.0,0,1,0.4444444444444444
222,1,964.0,982.0,10.099504938362077,18.0,0.9999931893172882,0.0,1,0.0,1,6.0,0,1.0,0,7.0,0,4.0,0,0.0,1,0.0,1,1,0.5555555555555556
223,1,377.0,984.0,1190.2260289541646,1224.0,0.9999988168959639,0.0,1,0.0,1,1.0,0,1.0,0,22.0,0,4.0,0,1190.0,0,6.0,0,1,0.3333333333333333
224,1,143.0,985.0,38.19685850956856,57.0,0.9999700912485782,0.0,1,0.0,1,13.0,0,1.0,0,35.0,0,0.0,1,0.0,1,8.0,0,1,0.5555555555555556
225,1,564.0,990.0,36003.01629030546,36042.0,0.054280231503655574,0.0,1,0.0,1,0.0,1,1.0,0,34.0,0,4.0,0,36003.0,0,0.0,1,1,0.5555555555555556
226,1,735.0,991.0,39731.02202309928,39783.0,0.5790067854859196,0.0,1,0.0,1,2.0,0,1.0,0,41.0,0,0.0,1,39731.0,0,8.0,0,1,0.4444444444444444
227,1,1043.0,996.0,13922.011313025141,13947.0,0.13969253739150334,0.0,1,0.0,1,3.0,0,1.0,0,17.0,0,4.0,0,13922.0,0,0.0,1,1,0.4444444444444444
228,1,17.0,2.0,0.0,0.0,1.0,0.0,1,0.0,1,0.0,1,0.0,1,0.0,1,0.0,1,0.0,1,0.0,1,1,1.0
229,1,892.0,3.0,0.0,0.0,1.0,0.0,1,0.0,1,0.0,1,0.0,1,0.0,1,0.0,1,0.0,1,0.0,1,1,1.0
230,1,206.0,7.0,0.0,0.0,1.0,0.0,1,0.0,1,0.0,1,0.0,1,0.0,1,0.0,1,0.0,1,0.0,1,1,1.0
231,1,47.0,14.0,0.0,0.0,1.0,0.0,1,0.0,1,0.0,1,0.0,1,0.0,1,0.0,1,0.0,1,0.0,1,1,1.0
232,1,147.0,15.0,0.0,0.0,1.0,0.0,1,0.0,1,0.0,1,0.0,1,0.0,1,0.0,1,0.0,1,0.0,1,1,1.0
233,1,574.0,22.0,0.0,0.0,1.0,0.0,1,0.0,1,0.0,1,0.0,1,0.0,1,0.0,1,0.0,1,0.0,1,1,1.0
234,1,91.0,23.0,0.0,0.0,1.0,0.0,1,0.0,1,0.0,1,0.0,1,0.0,1,0.0,1,0.0,1,0.0,1,1,1.0
235,1,134.0,25.0,0.0,0.0,1.0,0.0,1,0.0,1,0.0,1,0.0,1,0.0,1,0.0,1,0.0,1,0.0,1,1,1.0
236,1,59.0,30.0,0.0,0.0,1.0,0.0,1,0.0,1,0.0,1,0.0,1,0.0,1,0.0,1,0.0,1,0.0,1,1,1.0
237,1,405.0,31.0,0.0,0.0,1.0,0.0,1,0.0,1,0.0,1,0.0,1,0.0,1,0.0,1,0.0,1,0.0,1,1,1.0
238,1,444.0,32.0,0.0,0.0,1.0,0.0,1,0.0,1,0.0,1,0.0,1,0.0,1,0.0,1,0.0,1,0.0,1,1,1.0
239,1,505.0,35.0,1.0,1.0,0.9999999999945914,0.0,1,0.0,1,0.0,1,0.0,1,1.0,0,0.0,1,0.0,1,0.0,1,1,0.8888888888888888
240,1,632.0,36.0,0.0,0.0,1.0,0.0,1,0.0,1,0.0,1,0.0,1,0.0,1,0.0,1,0.0,1,0.0,1,1,1.0
241,1,384.0,41.0,0.0,0.0,1.0,0.0,1,0.0,1,0.0,1,0.0,1,0.0,1,0.0,1,0.0,1,0.0,1,1,1.0
242,1,568.0,46.0,0.0,0.0,1.0,0.0,1,0.0,1,0.0,1,0.0,1,0.0,1,0.0,1,0.0,1,0.0,1,1,1.0
243,1,286.0,53.0,0.0,0.0,1.0,0.0,1,0.0,1,0.0,1,0.0,1,0.0,1,0.0,1,0.0,1,0.0,1,1,1.0
244,1,378.0,54.0,0.0,0.0,1.0,0.0,1,0.0,1,0.0,1,0.0,1,0.0,1,0.0,1,0.0,1,0.0,1,1,1.0
245,1,768.0,64.0,128.1288414058287,137.0,0.9999999979466133,0.0,1,0.0,1,5.0,0,0.0,1,2.0,0,2.0,0,128.0,0,0.0,1,1,0.5555555555555556
246,1,549.0,67.0,0.0,0.0,1.0,0.0,1,0.0,1,0.0,1,0.0,1,0.0,1,0.0,1,0.0,1,0.0,1,1,1.0
247,1,152.0,68.0,1.0,1.0,0.9999998764905964,1.0,0,0.0,1,0.0,1,0.0,1,0.0,1,0.0,1,0.0,1,0.0,1,1,0.8888888888888888
248,1,778.0,74.0,0.0,0.0,1.0,0.0,1,0.0,1,0.0,1,0.0,1,0.0,1,0.0,1,0.0,1,0.0,1,1,1.0
249,1,435.0,78.0,1.0,1.0,0.9999999999909218,0.0,1,0.0,1,0.0,1,0.0,1,1.0,0,0.0,1,0.0,1,0.0,1,1,0.8888888888888888
250,1,3.0,79.0,0.0,0.0,1.0,0.0,1,0.0,1,0.0,1,0.0,1,0.0,1,0.0,1,0.0,1,0.0,1,1,1.0
251,1,835.0,83.0,1.0,1.0,0.999999999996022,0.0,1,0.0,1,0.0,1,0.0,1,1.0,0,0.0,1,0.0,1,0.0,1,1,0.8888888888888888
252,1,972.0,84.0,0.0,0.0,1.0,0.0,1,0.0,1,0.0,1,0.0,1,0.0,1,0.0,1,0.0,1,0.0,1,1,1.0
253,1,804.0,88.0,0.0,0.0,1.0,0.0,1,0.0,1,0.0,1,0.0,1,0.0,1,0.0,1,0.0,1,0.0,1,1,1.0
254,1,483.0,89.0,0.0,0.0,1.0,0.0,1,0.0,1,0.0,1,0.0,1,0.0,1,0.0,1,0.0,1,0.0,1,1,1.0
255,1,382.0,94.0,1.0,1.0,0.9999998764905964,1.0,0,0.0,1,0.0,1,0.0,1,0.0,1,0.0,1,0.0,1,0.0,1,1,0.8888888888888888
256,1,687.0,95.0,0.0,0.0,1.0,0.0,1,0.0,1,0.0,1,0.0,1,0.0,1,0.0,1,0.0,1,0.0,1,1,1.0
257,1,543.0,106.0,0.0,0.0,1.0,0.0,1,0.0,1,0.0,1,0.0,1,0.0,1,0.0,1,0.0,1,0.0,1,1,1.0
258,1,130.0,112.0,0.0,0.0,1.0,0.0,1,0.0,1,0.0,1,0.0,1,0.0,1,0.0,1,0.0,1,0.0,1,1,1.0
259,1,946.0,113.0,0.0,0.0,1.0,0.0,1,0.0,1,0.0,1,0.0,1,0.0,1,0.0,1,0.0,1,0.0,1,1,1.0
260,1,390.0,116.0,1.0,1.0,0.9999999999961597,0.0,1,0.0,1,0.0,1,0.0,1,1.0,0,0.0,1,0.0,1,0.0,1,1,0.8888888888888888
261,1,35.0,120.0,0.0,0.0,1.0,0.0,1,0.0,1,0.0,1,0.0,1,0.0,1,0.0,1,0.0,1,0.0,1,1,1.0
262,1,404.0,121.0,0.0,0.0,1.0,0.0,1,0.0,1,0.0,1,0.0,1,0.0,1,0.0,1,0.0,1,0.0,1,1,1.0
263,1,515.0,122.0,1.0,1.0,0.999999999996069,0.0,1,0.0,1,0.0,1,0.0,1,1.0,0,0.0,1,0.0,1,0.0,1,1,0.8888888888888888
264,1,536.0,125.0,1.0,1.0,0.999999999990343,0.0,1,0.0,1,0.0,1,0.0,1,1.0,0,0.0,1,0.0,1,0.0,1,1,0.8888888888888888
265,1,131.0,126.0,1.0,1.0,0.999999999996076,0.0,1,0.0,1,0.0,1,0.0,1,1.0,0,0.0,1,0.0,1,0.0,1,1,0.8888888888888888
266,1,652.0,129.0,0.0,0.0,1.0,0.0,1,0.0,1,0.0,1,0.0,1,0.0,1,0.0,1,0.0,1,0.0,1,1,1.0
267,1,638.0,130.0,0.0,0.0,1.0,0.0,1,0.0,1,0.0,1,0.0,1,0.0,1,0.0,1,0.0,1,0.0,1,1,1.0
268,1,165.0,133.0,0.0,0.0,1.0,0.0,1,0.0,1,0.0,1,0.0,1,0.0,1,0.0,1,0.0,1,0.0,1,1,1.0
269,1,596.0,134.0,0.0,0.0,1.0,0.0,1,0.0,1,0.0,1,0.0,1,0.0,1,0.0,1,0.0,1,0.0,1,1,1.0
270,1,711.0,138.0,7.0,7.0,0.9999999995515939,0.0,1,0.0,1,0.0,1,0.0,1,7.0,0,0.0,1,0.0,1,0.0,1,1,0.8888888888888888
271,1,858.0,144.0,0.0,0.0,1.0,0.0,1,0.0,1,0.0,1,0.0,1,0.0,1,0.0,1,0.0,1,0.0,1,1,1.0
272,1,1036.0,145.0,0.0,0.0,1.0,0.0,1,0.0,1,0.0,1,0.0,1,0.0,1,0.0,1,0.0,1,0.0,1,1,1.0
273,1,247.0,148.0,0.0,0.0,1.0,0.0,1,0.0,1,0.0,1,0.0,1,0.0,1,0.0,1,0.0,1,0.0,1,1,1.0
274,1,51.0,161.0,0.0,0.0,1.0,0.0,1,0.0,1,0.0,1,0.0,1,0.0,1,0.0,1,0.0,1,0.0,1,1,1.0
275,1,296.0,175.0,0.0,0.0,1.0,0.0,1,0.0,1,0.0,1,0.0,1,0.0,1,0.0,1,0.0,1,0.0,1,1,1.0
276,1,743.0,176.0,1.0,1.0,0.9999999999945914,0.0,1,0.0,1,0.0,1,0.0,1,1.0,0,0.0,1,0.0,1,0.0,1,1,0.8888888888888888
277,1,114.0,191.0,0.0,0.0,1.0,0.0,1,0.0,1,0.0,1,0.0,1,0.0,1,0.0,1,0.0,1,0.0,1,1,1.0
278,1,579.0,192.0,1.4142135623730951,2.0,0.9999998764868628,1.0,0,0.0,1,0.0,1,0.0,1,1.0,0,0.0,1,0.0,1,0.0,1,1,0.7777777777777778
279,1,734.0,196.0,0.0,0.0,1.0,0.0,1,0.0,1,0.0,1,0.0,1,0.0,1,0.0,1,0.0,1,0.0,1,1,1.0
280,1,180.0,197.0,2.0,2.0,0.9999999999780169,0.0,1,0.0,1,0.0,1,0.0,1,2.0,0,0.0,1,0.0,1,0.0,1,1,0.8888888888888888
281,1,121.0,215.0,1.0,1.0,0.9999998751390562,0.0,1,0.0,1,1.0,0,0.0,1,0.0,1,0.0,1,0.0,1,0.0,1,1,0.8888888888888888
282,1,146.0,216.0,14.0,14.0,0.9999999989260463,0.0,1,0.0,1,0.0,1,0.0,1,14.0,0,0.0,1,0.0,1,0.0,1,1,0.8888888888888888
283,1,891.0,217.0,1.0,1.0,0.9999999999961522,0.0,1,0.0,1,0.0,1,0.0,1,1.0,0,0.0,1,0.0,1,0.0,1,1,0.8888888888888888
284,1,81.0,227.0,0.0,0.0,1.0,0.0,1,0.0,1,0.0,1,0.0,1,0.0,1,0.0,1,0.0,1,0.0,1,1,1.0
285,1,1076.0,231.0,0.0,0.0,1.0,0.0,1,0.0,1,0.0,1,0.0,1,0.0,1,0.0,1,0.0,1,0.0,1,1,1.0
286,1,715.0,232.0,1.0,1.0,0.9999999999953609,0.0,1,0.0,1,0.0,1,0.0,1,1.0,0,0.0,1,0.0,1,0.0,1,1,0.8888888888888888
287,1,274.0,236.0,0.0,0.0,1.0,0.0,1,0.0,1,0.0,1,0.0,1,0.0,1,0.0,1,0.0,1,0.0,1,1,1.0
288,1,890.0,237.0,0.0,0.0,1.0,0.0,1,0.0,1,0.0,1,0.0,1,0.0,1,0.0,1,0.0,1,0.0,1,1,1.0
289,1,279.0,240.0,2.23606797749979,3.0,0.9999998726080375,0.0,1,0.0,1,1.0,0,0.0,1,2.0,0,0.0,1,0.0,1,0.0,1,1,0.7777777777777778
290,1,79.0,241.0,0.0,0.0,1.0,0.0,1,0.0,1,0.0,1,0.0,1,0.0,1,0.0,1,0.0,1,0.0,1,1,1.0
291,1,162.0,242.0,1.0,1.0,0.9999999999953517,0.0,1,0.0,1,0.0,1,0.0,1,1.0,0,0.0,1,0.0,1,0.0,1,1,0.8888888888888888
292,1,525.0,250.0,1.0,1.0,0.9999999999959382,0.0,1,0.0,1,0.0,1,0.0,1,1.0,0,0.0,1,0.0,1,0.0,1,1,0.8888888888888888
293,1,1072.0,251.0,3.0,3.0,0.9999999999653696,0.0,1,0.0,1,0.0,1,0.0,1,3.0,0,0.0,1,0.0,1,0.0,1,1,0.8888888888888888
294,1,982.0,259.0,0.0,0.0,1.0,0.0,1,0.0,1,0.0,1,0.0,1,0.0,1,0.0,1,0.0,1,0.0,1,1,1.0
295,1,503.0,267.0,1.4142135623730951,2.0,0.9999998745075828,0.0,1,0.0,1,1.0,0,0.0,1,1.0,0,0.0,1,0.0,1,0.0,1,1,0.7777777777777778
296,1,56.0,268.0,0.0,0.0,1.0,0.0,1,0.0,1,0.0,1,0.0,1,0.0,1,0.0,1,0.0,1,0.0,1,1,1.0
297,1,36.0,276.0,1.0,1.0,0.9999998763680722,0.0,1,0.0,1,1.0,0,0.0,1,0.0,1,0.0,1,0.0,1,0.0,1,1,0.8888888888888888
298,1,621.0,281.0,0.0,0.0,1.0,0.0,1,0.0,1,0.0,1,0.0,1,0.0,1,0.0,1,0.0,1,0.0,1,1,1.0
299,1,546.0,291.0,0.0,0.0,1.0,0.0,1,0.0,1,0.0,1,0.0,1,0.0,1,0.0,1,0.0,1,0.0,1,1,1.0
300,1,931.0,305.0,1.0,1.0,0.9999998761226616,0.0,1,0.0,1,1.0,0,0.0,1,0.0,1,0.0,1,0.0,1,0.0,1,1,0.8888888888888888
301,1,369.0,306.0,1.0,1.0,0.9999998767357684,1.0,0,0.0,1,0.0,1,0.0,1,0.0,1,0.0,1,0.0,1,0.0,1,1,0.8888888888888888
302,1,690.0,309.0,0.0,0.0,1.0,0.0,1,0.0,1,0.0,1,0.0,1,0.0,1,0.0,1,0.0,1,0.0,1,1,1.0
303,1,732.0,315.0,0.0,0.0,1.0,0.0,1,0.0,1,0.0,1,0.0,1,0.0,1,0.0,1,0.0,1,0.0,1,1,1.0
304,1,1000.0,317.0,2.23606797749979,3.0,0.9999998737465965,0.0,1,0.0,1,1.0,0,0.0,1,2.0,0,0.0,1,0.0,1,0.0,1,1,0.7777777777777778
305,1,70.0,322.0,0.0,0.0,1.0,0.0,1,0.0,1,0.0,1,0.0,1,0.0,1,0.0,1,0.0,1,0.0,1,1,1.0
306,1,31.0,323.0,1.0,1.0,0.9999998761221706,0.0,1,0.0,1,1.0,0,0.0,1,0.0,1,0.0,1,0.0,1,0.0,1,1,0.8888888888888888
307,1,754.0,327.0,0.0,0.0,1.0,0.0,1,0.0,1,0.0,1,0.0,1,0.0,1,0.0,1,0.0,1,0.0,1,1,1.0
308,1,451.0,349.0,1.0,1.0,0.9999998767357684,1.0,0,0.0,1,0.0,1,0.0,1,0.0,1,0.0,1,0.0,1,0.0,1,1,0.8888888888888888
309,1,794.0,353.0,1.0,1.0,0.9999999999934969,0.0,1,0.0,1,0.0,1,0.0,1,1.0,0,0.0,1,0.0,1,0.0,1,1,0.8888888888888888
310,1,907.0,357.0,0.0,0.0,1.0,0.0,1,0.0,1,0.0,1,0.0,1,0.0,1,0.0,1,0.0,1,0.0,1,1,1.0
311,1,88.0,358.0,2.0,2.0,0.9999999999797035,0.0,1,0.0,1,0.0,1,0.0,1,2.0,0,0.0,1,0.0,1,0.0,1,1,0.8888888888888888
312,1,511.0,359.0,1.0,1.0,0.9999998768580807,1.0,0,0.0,1,0.0,1,0.0,1,0.0,1,0.0,1,0.0,1,0.0,1,1,0.8888888888888888
313,1,740.0,374.0,0.0,0.0,1.0,0.0,1,0.0,1,0.0,1,0.0,1,0.0,1,0.0,1,0.0,1,0.0,1,1,1.0
314,1,518.0,378.0,1.0,1.0,0.9999999999910151,0.0,1,0.0,1,0.0,1,0.0,1,1.0,0,0.0,1,0.0,1,0.0,1,1,0.8888888888888888
315,1,683.0,389.0,29.017236257093817,30.0,0.9999998341250225,0.0,1,0.0,1,0.0,1,0.0,1,29.0,0,0.0,1,0.0,1,1.0,0,1,0.7777777777777778
316,1,678.0,390.0,17.46424919657298,21.0,0.9999979163783234,0.0,1,0.0,1,4.0,0,0.0,1,17.0,0,0.0,1,0.0,1,0.0,1,1,0.7777777777777778
317,1,889.0,397.0,1.4142135623730951,2.0,0.9999998750052899,0.0,1,0.0,1,1.0,0,0.0,1,1.0,0,0.0,1,0.0,1,0.0,1,1,0.7777777777777778
318,1,952.0,398.0,0.0,0.0,1.0,0.0,1,0.0,1,0.0,1,0.0,1,0.0,1,0.0,1,0.0,1,0.0,1,1,1.0
319,1,1049.0,409.0,2.8284271247461903,4.0,0.9999995044717083,0.0,1,0.0,1,2.0,0,0.0,1,2.0,0,0.0,1,0.0,1,0.0,1,1,0.7777777777777778
320,1,585.0,417.0,15.811388300841896,20.0,0.9999723044287215,0.0,1,0.0,1,15.0,0,0.0,1,5.0,0,0.0,1,0.0,1,0.0,1,1,0.7777777777777778
321,1,302.0,418.0,1.0,1.0,0.9999998766132433,1.0,0,0.0,1,0.0,1,0.0,1,0.0,1,0.0,1,0.0,1,0.0,1,1,0.8888888888888888
322,1,859.0,422.0,2.8284271247461903,4.0,0.9999994985286811,0.0,1,0.0,1,2.0,0,0.0,1,2.0,0,0.0,1,0.0,1,0.0,1,1,0.7777777777777778
323,1,385.0,423.0,34.14674215792775,38.0,0.9999986564958413,0.0,1,0.0,1,3.0,0,1.0,0,34.0,0,0.0,1,0.0,1,0.0,1,1,0.6666666666666666
324,1,979.0,424.0,1.4142135623730951,2.0,0.9999998772202384,1.0,0,0.0,1,0.0,1,0.0,1,1.0,0,0.0,1,0.0,1,0.0,1,1,0.7777777777777778
325,1,164.0,431.0,2.23606797749979,3.0,0.9999998728587488,0.0,1,0.0,1,1.0,0,0.0,1,2.0,0,0.0,1,0.0,1,0.0,1,1,0.7777777777777778
326,1,613.0,432.0,0.0,0.0,1.0,0.0,1,0.0,1,0.0,1,0.0,1,0.0,1,0.0,1,0.0,1,0.0,1,1,1.0
327,1,209.0,433.0,1.4142135623730951,2.0,0.9999998773418324,1.0,0,0.0,1,0.0,1,0.0,1,1.0,0,0.0,1,0.0,1,0.0,1,1,0.7777777777777778
328,1,460.0,436.0,67.01492371106603,69.0,0.9999997739371235,0.0,1,0.0,1,1.0,0,1.0,0,67.0,0,0.0,1,0.0,1,0.0,1,1,0.6666666666666666
329,1,1005.0,442.0,2.0,2.0,0.9999999999842608,0.0,1,0.0,1,0.0,1,0.0,1,2.0,0,0.0,1,0.0,1,0.0,1,1,0.8888888888888888
330,1,707.0,447.0,0.0,0.0,1.0,0.0,1,0.0,1,0.0,1,0.0,1,0.0,1,0.0,1,0.0,1,0.0,1,1,1.0
331,1,285.0,448.0,17.05872210923198,25.0,0.9999788939400833,0.0,1,0.0,1,13.0,0,1.0,0,11.0,0,0.0,1,0.0,1,0.0,1,1,0.6666666666666666
332,1,256.0,450.0,1.0,1.0,0.99999987599916,0.0,1,0.0,1,1.0,0,0.0,1,0.0,1,0.0,1,0.0,1,0.0,1,1,0.8888888888888888
333,1,646.0,451.0,0.0,0.0,1.0,0.0,1,0.0,1,0.0,1,0.0,1,0.0,1,0.0,1,0.0,1,0.0,1,1,1.0
334,1,297.0,457.0,16.431676725154983,24.0,0.9999788925520433,0.0,1,0.0,1,13.0,0,1.0,0,10.0,0,0.0,1,0.0,1,0.0,1,1,0.6666666666666666
335,1,923.0,461.0,2.23606797749979,3.0,0.999999498049876,0.0,1,0.0,1,2.0,0,0.0,1,1.0,0,0.0,1,0.0,1,0.0,1,1,0.7777777777777778
336,1,547.0,462.0,12.041594578792296,17.0,0.9999920319359163,0.0,1,0.0,1,8.0,0,0.0,1,9.0,0,0.0,1,0.0,1,0.0,1,1,0.7777777777777778
337,1,797.0,465.0,15.84297951775486,23.0,0.9999788911547524,0.0,1,0.0,1,13.0,0,1.0,0,9.0,0,0.0,1,0.0,1,0.0,1,1,0.6666666666666666
338,1,944.0,466.0,5.0990195135927845,6.0,0.9999998771283684,0.0,1,0.0,1,1.0,0,0.0,1,5.0,0,0.0,1,0.0,1,0.0,1,1,0.7777777777777778
339,1,255.0,470.0,7.14142842854285,9.0,0.9999997327977094,0.0,1,0.0,1,1.0,0,0.0,1,7.0,0,0.0,1,0.0,1,1.0,0,1,0.6666666666666666
340,1,290.0,481.0,26.038433132583073,28.0,0.9999997259399276,0.0,1,0.0,1,1.0,0,1.0,0,26.0,0,0.0,1,0.0,1,0.0,1,1,0.6666666666666666
341,1,294.0,482.0,17.146428199482248,20.0,0.9999993747232007,0.0,1,0.0,1,0.0,1,1.0,0,17.0,0,0.0,1,0.0,1,2.0,0,1,0.6666666666666666
342,1,524.0,489.0,1.0,1.0,0.9999998751331938,1.0,0,0.0,1,0.0,1,0.0,1,0.0,1,0.0,1,0.0,1,0.0,1,1,0.8888888888888888
343,1,631.0,490.0,10.0,10.0,0.9999999991653173,0.0,1,0.0,1,0.0,1,0.0,1,10.0,0,0.0,1,0.0,1,0.0,1,1,0.8888888888888888
344,1,608.0,499.0,58.034472514187634,60.0,0.999999468936742,0.0,1,0.0,1,0.0,1,0.0,1,58.0,0,0.0,1,0.0,1,2.0,0,1,0.7777777777777778
345,1,534.0,500.0,42.05948168962618,45.0,0.9999992743357604,0.0,1,0.0,1,2.0,0,1.0,0,42.0,0,0.0,1,0.0,1,0.0,1,1,0.6666666666666666
346,1,660.0,501.0,21.494185260204677,30.0,0.9999548883115102,0.0,1,0.0,1,19.0,0,1.0,0,10.0,0,0.0,1,0.0,1,0.0,1,1,0.6666666666666666
347,1,135.0,505.0,26.038433132583073,28.0,0.9999997977190203,0.0,1,0.0,1,1.0,0,0.0,1,26.0,0,0.0,1,0.0,1,1.0,0,1,0.6666666666666666
348,1,663.0,521.0,47.86439177509728,57.0,0.9999894427734405,0.0,1,0.0,1,9.0,0,1.0,0,47.0,0,0.0,1,0.0,1,0.0,1,1,0.6666666666666666
349,1,668.0,522.0,0.0,0.0,1.0,0.0,1,0.0,1,0.0,1,0.0,1,0.0,1,0.0,1,0.0,1,0.0,1,1,1.0
350,1,887.0,532.0,36.27671429443411,42.0,0.9999974428302445,0.0,1,0.0,1,2.0,0,0.0,1,36.0,0,4.0,0,0.0,1,0.0,1,1,0.6666666666666666
351,1,1007.0,536.0,0.0,0.0,1.0,0.0,1,0.0,1,0.0,1,0.0,1,0.0,1,0.0,1,0.0,1,0.0,1,1,1.0
352,1,453.0,537.0,57.01754116059373,59.0,0.9999998403094839,0.0,1,0.0,1,1.0,0,0.0,1,57.0,0,0.0,1,0.0,1,1.0,0,1,0.6666666666666666
353,1,654.0,540.0,49223.013906098844,49260.0,0.03945282771269665,0.0,1,0.0,1,0.0,1,0.0,1,37.0,0,0.0,1,49223.0,0,0.0,1,1,0.7777777777777778
354,1,671.0,546.0,5.477225575051661,8.0,0.999999392970455,0.0,1,0.0,1,2.0,0,0.0,1,5.0,0,0.0,1,0.0,1,1.0,0,1,0.6666666666666666
355,1,487.0,549.0,40.162171256046406,45.0,0.9999981956656984,0.0,1,0.0,1,2.0,0,3.0,0,40.0,0,0.0,1,0.0,1,0.0,1,1,0.6666666666666666
356,1,347.0,550.0,49.658836071740545,58.0,0.9999915545608294,0.0,1,0.0,1,1.0,0,0.0,1,49.0,0,0.0,1,0.0,1,8.0,0,1,0.6666666666666666
357,1,113.0,559.0,6.708203932499369,9.0,0.9999988580267827,0.0,1,0.0,1,3.0,0,0.0,1,6.0,0,0.0,1,0.0,1,0.0,1,1,0.7777777777777778
358,1,159.0,560.0,41.88078318274385,52.0,0.9999905215654238,0.0,1,0.0,1,3.0,0,0.0,1,41.0,0,0.0,1,0.0,1,8.0,0,1,0.6666666666666666
359,1,526.0,562.0,3.7416573867739413,6.0,0.9999987458489183,0.0,1,0.0,1,3.0,0,0.0,1,2.0,0,0.0,1,0.0,1,1.0,0,1,0.6666666666666666
360,1,380.0,563.0,16.401219466856727,21.0,0.9999983190611521,0.0,1,0.0,1,3.0,0,0.0,1,16.0,0,0.0,1,0.0,1,2.0,0,1,0.6666666666666666
361,1,240.0,564.0,10.63014581273465,15.0,0.9999984531671008,0.0,1,0.0,1,3.0,0,0.0,1,10.0,0,0.0,1,0.0,1,2.0,0,1,0.6666666666666666
362,1,667.0,569.0,8.18535277187245,11.0,0.9999996099464846,0.0,1,0.0,1,1.0,0,1.0,0,8.0,0,0.0,1,0.0,1,1.0,0,1,0.5555555555555556
363,1,921.0,570.0,84231.00610226617,84265.0,0.022919589910754046,0.0,1,0.0,1,2.0,0,0.0,1,32.0,0,0.0,1,84231.0,0,0.0,1,1,0.6666666666666666
364,1,1009.0,571.0,40.024992192379,42.0,0.9999997457040216,0.0,1,0.0,1,1.0,0,1.0,0,40.0,0,0.0,1,0.0,1,0.0,1,1,0.6666666666666666
365,1,167.0,572.0,54.04627646748664,57.0,0.9999993463752952,0.0,1,0.0,1,0.0,1,1.0,0,54.0,0,0.0,1,0.0,1,2.0,0,1,0.6666666666666666
366,1,1077.0,583.0,5.291502622129181,8.0,0.9999996297509036,0.0,1,0.0,1,1.0,0,1.0,0,5.0,0,0.0,1,0.0,1,1.0,0,1,0.5555555555555556
367,1,43.0,587.0,18.083141320025124,21.0,0.9999996565614528,0.0,1,0.0,1,1.0,0,1.0,0,18.0,0,0.0,1,0.0,1,1.0,0,1,0.5555555555555556
368,1,573.0,596.0,19.1049731745428,21.0,0.9999994948585916,0.0,1,0.0,1,0.0,1,0.0,1,19.0,0,0.0,1,0.0,1,2.0,0,1,0.7777777777777778
369,1,684.0,607.0,42.05948168962618,45.0,0.9999994942782299,0.0,1,0.0,1,2.0,0,0.0,1,42.0,0,0.0,1,0.0,1,1.0,0,1,0.6666666666666666
370,1,845.0,608.0,36.069377593742864,39.0,0.9999994717810818,0.0,1,0.0,1,2.0,0,0.0,1,36.0,0,0.0,1,0.0,1,1.0,0,1,0.6666666666666666
371,1,846.0,609.0,9.695359714832659,14.0,0.9999983483953343,0.0,1,0.0,1,3.0,0,0.0,1,9.0,0,0.0,1,0.0,1,2.0,0,1,0.6666666666666666
372,1,714.0,612.0,22.11334438749598,25.0,0.9999993591160573,0.0,1,0.0,1,1.0,0,0.0,1,22.0,0,0.0,1,0.0,1,2.0,0,1,0.6666666666666666
373,1,575.0,618.0,35.24202037341219,40.0,0.9999977769116803,0.0,1,0.0,1,1.0,0,0.0,1,35.0,0,4.0,0,0.0,1,0.0,1,1,0.6666666666666666
374,1,504.0,621.0,15.0,21.0,0.999996290732034,0.0,1,0.0,1,5.0,0,0.0,1,14.0,0,0.0,1,0.0,1,2.0,0,1,0.6666666666666666
375,1,145.0,622.0,34.14674215792775,38.0,0.9999987099664821,0.0,1,0.0,1,1.0,0,0.0,1,34.0,0,3.0,0,0.0,1,0.0,1,1,0.6666666666666666
376,1,273.0,625.0,22.135943621178654,26.0,0.9999993159567846,0.0,1,0.0,1,2.0,0,1.0,0,22.0,0,0.0,1,0.0,1,1.0,0,1,0.5555555555555556
377,1,940.0,630.0,47735.003561328034,47761.0,0.04142949746556934,0.0,1,0.0,1,14.0,0,0.0,1,12.0,0,0.0,1,47735.0,0,0.0,1,1,0.6666666666666666
378,1,407.0,636.0,12.206555615733702,19.0,0.9999915428316917,0.0,1,0.0,1,2.0,0,0.0,1,9.0,0,0.0,1,0.0,1,8.0,0,1,0.6666666666666666
379,1,157.0,639.0,115.75836902790225,164.0,0.9986806913058338,0.0,1,0.0,1,6.0,0,0.0,1,58.0,0,0.0,1,0.0,1,100.0,0,1,0.6666666666666666
380,1,789.0,640.0,118.61281549647154,173.0,0.9986724073336012,0.0,1,0.0,1,10.0,0,0.0,1,63.0,0,0.0,1,0.0,1,100.0,0,1,0.6666666666666666
381,1,531.0,641.0,84231.00116940319,84246.0,0.023444138415115612,0.0,1,0.0,1,14.0,0,1.0,0,0.0,1,0.0,1,84231.0,0,0.0,1,1,0.6666666666666666
382,1,553.0,647.0,8.0,8.0,0.9999920244967583,0.0,1,0.0,1,8.0,0,0.0,1,0.0,1,0.0,1,0.0,1,0.0,1,1,0.8888888888888888
383,1,670.0,648.0,11.74734012447073,16.0,0.9999978700714505,0.0,1,0.0,1,0.0,1,1.0,0,11.0,0,4.0,0,0.0,1,0.0,1,1,0.6666666666666666
384,1,1034.0,659.0,15.524174696260024,19.0,0.9999980243541315,0.0,1,0.0,1,0.0,1,0.0,1,15.0,0,4.0,0,0.0,1,0.0,1,1,0.7777777777777778
385,1,102.0,660.0,44.05678154382138,47.0,0.9999993866534685,0.0,1,0.0,1,1.0,0,0.0,1,44.0,0,0.0,1,0.0,1,2.0,0,1,0.6666666666666666
386,1,398.0,665.0,56.43580423808985,63.0,0.9999939206361139,0.0,1,0.0,1,0.0,1,0.0,1,56.0,0,0.0,1,0.0,1,7.0,0,1,0.7777777777777778
387,1,753.0,666.0,44.05678154382138,47.0,0.9999993866534685,0.0,1,0.0,1,1.0,0,0.0,1,44.0,0,0.0,1,0.0,1,2.0,0,1,0.6666666666666666
388,1,15.0,677.0,14.52583904633395,25.0,0.9999769701606712,0.0,1,0.0,1,11.0,0,1.0,0,5.0,0,0.0,1,0.0,1,8.0,0,1,0.5555555555555556
389,1,692.0,685.0,29.171904291629644,33.0,0.999998593989135,0.0,1,0.0,1,3.0,0,1.0,0,29.0,0,0.0,1,0.0,1,0.0,1,1,0.6666666666666666
390,1,936.0,689.0,45403.026264776665,45460.0,0.04269949487911928,0.0,1,0.0,1,0.0,1,0.0,1,48.0,0,0.0,1,45403.0,0,9.0,0,1,0.6666666666666666
391,1,561.0,696.0,39.26830783214372,46.0,0.9999972492668895,0.0,1,0.0,1,2.0,0,1.0,0,39.0,0,4.0,0,0.0,1,0.0,1,1,0.5555555555555556
392,1,1024.0,697.0,12.206555615733702,19.0,0.9999915428316917,0.0,1,0.0,1,2.0,0,0.0,1,9.0,0,0.0,1,0.0,1,8.0,0,1,0.6666666666666666
393,1,10.0,703.0,43303.000011546545,43304.0,0.04573288679516896,0.0,1,0.0,1,0.0,1,1.0,0,0.0,1,0.0,1,43303.0,0,0.0,1,1,0.7777777777777778
394,1,482.0,704.0,42.02380277890139,54.0,0.999988799340293,0.0,1,0.0,1,6.0,0,0.0,1,41.0,0,7.0,0,0.0,1,0.0,1,1,0.6666666666666666
395,1,917.0,705.0,24.677925358506133,33.0,0.9999958199093315,0.0,1,0.0,1,4.0,0,1.0,0,24.0,0,4.0,0,0.0,1,0.0,1,1,0.5555555555555556
396,1,370.0,708.0,25.15949125081825,37.0,0.9999813349253284,0.0,1,0.0,1,12.0,0,1.0,0,22.0,0,2.0,0,0.0,1,0.0,1,1,0.5555555555555556
397,1,1062.0,711.0,45.110974274559844,49.0,0.9999986066062914,0.0,1,0.0,1,0.0,1,3.0,0,45.0,0,0.0,1,0.0,1,1.0,0,1,0.6666666666666666
398,1,790.0,712.0,50.05996404313531,54.0,0.9999992632765717,0.0,1,0.0,1,1.0,0,1.0,0,50.0,0,0.0,1,0.0,1,2.0,0,1,0.5555555555555556
399,1,722.0,713.0,106.12257064357233,142.0,0.9987148976309168,0.0,1,0.0,1,6.0,0,1.0,0,35.0,0,0.0,1,0.0,1,100.0,0,1,0.5555555555555556
400,1,710.0,719.0,21.587033144922902,30.0,0.9999917355565142,0.0,1,0.0,1,1.0,0,1.0,0,20.0,0,0.0,1,0.0,1,8.0,0,1,0.5555555555555556
401,1,341.0,728.0,34.02939905434711,44.0,0.9999910660307924,0.0,1,0.0,1,2.0,0,1.0,0,33.0,0,0.0,1,0.0,1,8.0,0,1,0.5555555555555556
402,1,994.0,729.0,85230.01085885182,85275.0,0.02252816176615724,0.0,1,0.0,1,1.0,0,1.0,0,43.0,0,0.0,1,85230.0,0,0.0,1,1,0.5555555555555556
403,1,1063.0,730.0,84131.01023403915,84183.0,0.022925011016833308,0.0,1,0.0,1,11.0,0,1.0,0,40.0,0,0.0,1,84131.0,0,0.0,1,1,0.5555555555555556
404,1,492.0,734.0,43.347433603386484,51.0,0.9999958748968564,0.0,1,0.0,1,5.0,0,1.0,0,43.0,0,0.0,1,0.0,1,2.0,0,1,0.5555555555555556
405,1,733.0,740.0,52.97169055259611,64.0,0.9999860136667752,0.0,1,0.0,1,10.0,0,1.0,0,52.0,0,0.0,1,0.0,1,1.0,0,1,0.5555555555555556
406,1,604.0,756.0,47114.00324744226,47136.0,0.04170455553518304,0.0,1,0.0,1,4.0,0,1.0,0,17.0,0,0.0,1,47114.0,0,0.0,1,1,0.5555555555555556
407,1,236.0,764.0,47722.004861489215,47750.0,0.04131603719259935,0.0,1,0.0,1,0.0,1,0.0,1,20.0,0,0.0,1,47722.0,0,8.0,0,1,0.6666666666666666
408,1,409.0,767.0,47818.0003136894,47826.0,0.041480658994700326,0.0,1,0.0,1,5.0,0,1.0,0,2.0,0,0.0,1,47818.0,0,0.0,1,1,0.5555555555555556
409,1,928.0,768.0,16.881943016134134,27.0,0.9999854645522488,0.0,1,0.0,1,0.0,1,0.0,1,13.0,0,4.0,0,0.0,1,10.0,0,1,0.6666666666666666
410,1,763.0,771.0,21.587033144922902,30.0,0.9999917355565142,0.0,1,0.0,1,1.0,0,1.0,0,20.0,0,0.0,1,0.0,1,8.0,0,1,0.5555555555555556
411,1,598.0,772.0,40.3732584763727,56.0,0.9999667890258093,0.0,1,0.0,1,16.0,0,1.0,0,37.0,0,0.0,1,0.0,1,2.0,0,1,0.5555555555555556
412,1,119.0,776.0,4.242640687119285,6.0,0.9999978821263575,0.0,1,0.0,1,0.0,1,0.0,1,1.0,0,4.0,0,0.0,1,1.0,0,1,0.6666666666666666
413,1,118.0,780.0,47530.04082682867,47599.0,0.04041269397723668,0.0,1,0.0,1,6.0,0,1.0,0,62.0,0,0.0,1,47530.0,0,0.0,1,1,0.5555555555555556
414,1,862.0,781.0,34.08812109811862,48.0,0.9999743118205292,0.0,1,0.0,1,14.0,0,1.0,0,31.0,0,0.0,1,0.0,1,2.0,0,1,0.5555555555555556
415,1,366.0,785.0,50.97057974949863,68.0,0.9999621109388531,0.0,1,0.0,1,17.0,0,1.0,0,48.0,0,0.0,1,0.0,1,2.0,0,1,0.5555555555555556
416,1,813.0,793.0,47530.04243633704,47602.0,0.040412791359943245,0.0,1,0.0,1,8.0,0,1.0,0,63.0,0,0.0,1,47530.0,0,0.0,1,1,0.5555555555555556
417,1,1006.0,794.0,16292.07083215636,16342.0,0.11944037290684562,0.0,1,0.0,1,0.0,1,0.0,1,48.0,0,0.0,1,16292.0,0,2.0,0,1,0.6666666666666666
418,1,53.0,796.0,43303.00338313729,43322.0,0.0455039214782077,0.0,1,0.0,1,0.0,1,0.0,1,17.0,0,0.0,1,43303.0,0,2.0,0,1,0.6666666666666666
419,1,413.0,797.0,51.91338940966964,69.0,0.9999621127998668,0.0,1,0.0,1,17.0,0,1.0,0,49.0,0,0.0,1,0.0,1,2.0,0,1,0.5555555555555556
420,1,916.0,798.0,6.082762530298219,11.0,0.999997367598239,0.0,1,0.0,1,2.0,0,0.0,1,4.0,0,4.0,0,0.0,1,1.0,0,1,0.5555555555555556
421,1,509.0,805.0,49222.02159602955,49272.0,0.03925108076370365,0.0,1,0.0,1,3.0,0,1.0,0,46.0,0,0.0,1,49222.0,0,0.0,1,1,0.5555555555555556
422,1,489.0,809.0,46304.024393134554,46359.0,0.04179555404792612,0.0,1,0.0,1,7.0,0,1.0,0,47.0,0,0.0,1,46304.0,0,0.0,1,1,0.5555555555555556
423,1,937.0,810.0,56211.02769030291,56280.0,0.03435231071641187,0.0,1,0.0,1,14.0,0,1.0,0,54.0,0,0.0,1,56211.0,0,0.0,1,1,0.5555555555555556
424,1,588.0,815.0,7.14142842854285,9.0,0.9999936255123573,0.0,1,0.0,1,1.0,0,1.0,0,0.0,1,0.0,1,0.0,1,7.0,0,1,0.6666666666666666
425,1,610.0,822.0,38.07886552931954,50.0,0.9999893935983425,0.0,1,0.0,1,8.0,0,1.0,0,37.0,0,0.0,1,0.0,1,4.0,0,1,0.5555555555555556
426,1,963.0,823.0,46304.030515712126,46368.0,0.04179639737652607,0.0,1,0.0,1,11.0,0,1.0,0,52.0,0,0.0,1,46304.0,0,0.0,1,1,0.5555555555555556
427,1,360.0,824.0,75.27283706623525,84.0,0.9999955968028085,0.0,1,0.0,1,6.0,0,1.0,0,75.0,0,0.0,1,0.0,1,2.0,0,1,0.5555555555555556
428,1,985.0,835.0,11.40175425099138,16.0,0.9999844463203085,0.0,1,0.0,1,11.0,0,1.0,0,2.0,0,0.0,1,0.0,1,2.0,0,1,0.5555555555555556
429,1,771.0,836.0,47114.00087022965,47124.0,0.04221354221419804,0.0,1,0.0,1,0.0,1,0.0,1,1.0,0,0.0,1,47114.0,0,9.0,0,1,0.6666666666666666
430,1,1040.0,839.0,32.155870381627054,46.0,0.9999828371953957,0.0,1,0.0,1,11.0,0,3.0,0,30.0,0,0.0,1,0.0,1,2.0,0,1,0.5555555555555556
431,1,52.0,840.0,31002.0041448936,31027.0,0.06423853222410414,0.0,1,0.0,1,14.0,0,0.0,1,5.0,0,6.0,0,31002.0,0,0.0,1,1,0.5555555555555556
432,1,906.0,844.0,64.39720490828775,73.0,0.9999933148467052,1.0,0,0.0,1,1.0,0,0.0,1,64.0,0,7.0,0,0.0,1,0.0,1,1,0.5555555555555556
433,1,456.0,847.0,39.96248240537617,53.0,0.9999902917630599,0.0,1,0.0,1,0.0,1,6.0,0,39.0,0,6.0,0,0.0,1,2.0,0,1,0.5555555555555556
434,1,368.0,852.0,49234.000060933504,49238.0,0.04015295509491035,0.0,1,0.0,1,1.0,0,1.0,0,2.0,0,0.0,1,49234.0,0,0.0,1,1,0.5555555555555556
435,1,627.0,853.0,36.78314831549904,49.0,0.9999926930476969,0.0,1,0.0,1,4.0,0,0.0,1,36.0,0,4.0,0,0.0,1,5.0,0,1,0.5555555555555556
436,1,955.0,858.0,47712.0030285881,47735.0,0.04119691076403398,0.0,1,0.0,1,0.0,1,0.0,1,15.0,0,0.0,1,47712.0,0,8.0,0,1,0.6666666666666666
437,1,261.0,861.0,100.20479030465559,111.0,0.9987542412122801,0.0,1,0.0,1,3.0,0,0.0,1,4.0,0,4.0,0,0.0,1,100.0,0,1,0.5555555555555556
438,1,325.0,862.0,85102.0090538408,85153.0,0.022693253642227407,0.0,1,0.0,1,9.0,0,0.0,1,38.0,0,0.0,1,85102.0,0,4.0,0,1,0.5555555555555556
439,1,459.0,888.0,85212.01630051949,85276.0,0.02245143069255584,0.0,1,0.0,1,5.0,0,0.0,1,52.0,0,7.0,0,85212.0,0,0.0,1,1,0.5555555555555556
440,1,314.0,889.0,85230.00479291315,85273.0,0.022834488413967735,0.0,1,0.0,1,15.0,0,0.0,1,24.0,0,4.0,0,85230.0,0,0.0,1,1,0.5555555555555556
441,1,699.0,893.0,21.142374511865974,25.0,0.9999992128058788,0.0,1,0.0,1,0.0,1,1.0,0,21.0,0,2.0,0,0.0,1,1.0,0,1,0.5555555555555556
442,1,587.0,894.0,84231.01612826478,84288.0,0.022682321567685015,0.0,1,0.0,1,3.0,0,0.0,1,52.0,0,2.0,0,84231.0,0,0.0,1,1,0.5555555555555556
443,1,1001.0,895.0,39.08964057138413,52.0,0.9999891065361437,0.0,1,0.0,1,8.0,0,0.0,1,38.0,0,4.0,0,0.0,1,2.0,0,1,0.5555555555555556
444,1,171.0,910.0,0.0,0.0,1.0,0.0,1,0.0,1,0.0,1,0.0,1,0.0,1,0.0,1,0.0,1,0.0,1,1,1.0
445,1,40.0,911.0,61902.01293980673,61944.0,0.031198130212421682,0.0,1,0.0,1,1.0,0,1.0,0,40.0,0,0.0,1,61902.0,0,0.0,1,1,0.5555555555555556
446,1,816.0,912.0,39.72404813208241,50.0,0.9999925727606792,0.0,1,0.0,1,7.0,0,0.0,1,39.0,0,2.0,0,0.0,1,2.0,0,1,0.5555555555555556
447,1,364.0,915.0,97005.03070975236,97089.0,0.019384091247517277,0.0,1,0.0,1,5.0,0,0.0,1,77.0,0,0.0,1,97005.0,0,2.0,0,1,0.5555555555555556
448,1,221.0,916.0,47.59201613716318,59.0,0.9999925547815355,0.0,1,0.0,1,6.0,0,0.0,1,47.0,0,4.0,0,0.0,1,2.0,0,1,0.5555555555555556
449,1,1037.0,917.0,34.77067730142742,49.0,0.9999845287962188,0.0,1,0.0,1,10.0,0,0.0,1,33.0,0,4.0,0,0.0,1,2.0,0,1,0.5555555555555556
450,1,815.0,923.0,84121.01731434303,84186.0,0.022773424879116155,0.0,1,0.0,1,10.0,0,0.0,1,53.0,0,0.0,1,84121.0,0,2.0,0,1,0.5555555555555556
451,1,298.0,924.0,29.698484809834994,42.0,0.9999876163835651,0.0,1,0.0,1,0.0,1,1.0,0,28.0,0,4.0,0,0.0,1,9.0,0,1,0.5555555555555556
452,1,772.0,937.0,10712.15202468673,10773.0,0.17835945842480583,0.0,1,0.0,1,2.0,0,0.0,1,57.0,0,0.0,1,10712.0,0,2.0,0,1,0.5555555555555556
453,1,888.0,940.0,1415.0833897689563,1435.0,0.818558017038786,0.0,1,0.0,1,3.0,0,1.0,0,15.0,0,0.0,1,1415.0,0,1.0,0,1,0.4444444444444444
454,1,865.0,941.0,84121.01330226591,84175.0,0.02277216732723575,0.0,1,0.0,1,5.0,0,0.0,1,47.0,0,0.0,1,84121.0,0,2.0,0,1,0.5555555555555556
455,1,472.0,942.0,41003.00231690358,41023.0,0.048102415829103906,0.0,1,0.0,1,4.0,0,1.0,0,13.0,0,0.0,1,41003.0,0,2.0,0,1,0.4444444444444444
456,1,886.0,943.0,84111.02963345533,84192.0,0.02257414190631435,0.0,1,0.0,1,9.0,0,0.0,1,70.0,0,0.0,1,84111.0,0,2.0,0,1,0.5555555555555556
457,1,942.0,953.0,85102.02910036869,85181.0,0.02222218979484969,0.0,1,0.0,1,7.0,0,0.0,1,70.0,0,2.0,0,85102.0,0,0.0,1,1,0.5555555555555556
458,1,757.0,954.0,36.30426972134269,44.0,0.999997165234229,0.0,1,0.0,1,1.0,0,1.0,0,36.0,0,4.0,0,0.0,1,2.0,0,1,0.4444444444444444
459,1,675.0,965.0,41002.003194965975,41022.0,0.04856649083400166,0.0,1,0.0,1,16.0,0,1.0,0,1.0,0,0.0,1,41002.0,0,2.0,0,1,0.4444444444444444
460,1,1048.0,966.0,75.82216034906945,99.0,0.9999447212424635,0.0,1,0.0,1,20.0,0,0.0,1,73.0,0,4.0,0,0.0,1,2.0,0,1,0.5555555555555556
461,1,72.0,969.0,61902.01491874073,61955.0,0.0311982873127985,0.0,1,0.0,1,1.0,0,1.0,0,42.0,0,0.0,1,61902.0,0,9.0,0,1,0.4444444444444444
462,1,695.0,970.0,46901.00185497107,46923.0,0.04230088483537664,0.0,1,0.0,1,11.0,0,1.0,0,4.0,0,6.0,0,46901.0,0,0.0,1,1,0.4444444444444444
463,1,128.0,971.0,41002.00571923281,41037.0,0.04817740476714616,0.0,1,0.0,1,14.0,0,1.0,0,16.0,0,4.0,0,41002.0,0,0.0,1,1,0.4444444444444444
464,1,13.0,983.0,37.69615364994153,47.0,0.9999932731789648,0.0,1,0.0,1,1.0,0,1.0,0,37.0,0,7.0,0,0.0,1,1.0,0,1,0.4444444444444444
465,1,1067.0,986.0,12.727922061357855,18.0,0.9999977450909795,0.0,1,0.0,1,0.0,1,1.0,0,12.0,0,4.0,0,0.0,1,1.0,0,1,0.5555555555555556
466,1,168.0,987.0,82.8854631404084,102.0,0.9999802661154936,0.0,1,0.0,1,6.0,0,1.0,0,82.0,0,3.0,0,0.0,1,10.0,0,1,0.4444444444444444
467,1,814.0,992.0,97007.0489088293,97132.0,0.019784434077856683,0.0,1,0.0,1,0.0,1,1.0,0,32.0,0,0.0,1,97007.0,0,92.0,0,1,0.5555555555555556
468,1,161.0,993.0,12.609520212918492,19.0,0.9999981521789435,0.0,1,0.0,1,2.0,0,1.0,0,12.0,0,3.0,0,0.0,1,1.0,0,1,0.4444444444444444
469,1,339.0,994.0,14102.15937365622,14173.0,0.13559781502645085,0.0,1,0.0,1,1.0,0,1.0,0,67.0,0,0.0,1,14102.0,0,2.0,0,1,0.4444444444444444
470,1,745.0,4.0,7.14142842854285,9.0,0.9999999885318914,0.0,1,0.0,1,7.0,0,0.0,1,1.0,0,1.0,0,0.0,1,0.0,1,1,0.6666666666666666
471,1,19.0,10.0,0.0,0.0,1.0,0.0,1,0.0,1,0.0,1,0.0,1,0.0,1,0.0,1,0.0,1,0.0,1,1,1.0
472,1,996.0,17.0,1.0,1.0,0.9999999997942802,0.0,1,0.0,1,0.0,1,0.0,1,1.0,0,0.0,1,0.0,1,0.0,1,1,0.8888888888888888
473,1,980.0,18.0,6.708203932499369,9.0,0.9999988152467646,0.0,1,0.0,1,3.0,0,0.0,1,6.0,0,0.0,1,0.0,1,0.0,1,1,0.7777777777777778
474,1,978.0,27.0,9103.04092048366,9134.0,0.9999971814724389,0.0,1,0.0,1,4.0,0,0.0,1,27.0,0,0.0,1,9103.0,0,0.0,1,1,0.6666666666666666
475,1,554.0,37.0,1624.0083127866064,1631.0,0.9999989307719831,0.0,1,0.0,1,1.0,0,0.0,1,5.0,0,1.0,0,1624.0,0,0.0,1,1,0.5555555555555556
476,1,760.0,42.0,5.0,5.0,0.9999999997538458,0.0,1,0.0,1,0.0,1,0.0,1,5.0,0,0.0,1,0.0,1,0.0,1,1,0.8888888888888888
477,1,512.0,43.0,1.0,1.0,0.9999999999905053,0.0,1,0.0,1,0.0,1,0.0,1,1.0,0,0.0,1,0.0,1,0.0,1,1,0.8888888888888888
478,1,89.0,47.0,1.0,1.0,0.9999999999906666,0.0,1,0.0,1,0.0,1,0.0,1,1.0,0,0.0,1,0.0,1,0.0,1,1,0.8888888888888888
479,1,258.0,48.0,82.10359310042405,89.0,0.9999992457661855,0.0,1,0.0,1,3.0,0,0.0,1,2.0,0,2.0,0,82.0,0,0.0,1,1,0.5555555555555556
480,1,934.0,49.0,0.0,0.0,1.0,0.0,1,0.0,1,0.0,1,0.0,1,0.0,1,0.0,1,0.0,1,0.0,1,1,1.0
481,1,352.0,55.0,0.0,0.0,1.0,0.0,1,0.0,1,0.0,1,0.0,1,0.0,1,0.0,1,0.0,1,0.0,1,1,1.0
482,1,827.0,56.0,0.0,0.0,1.0,0.0,1,0.0,1,0.0,1,0.0,1,0.0,1,0.0,1,0.0,1,0.0,1,1,1.0
483,1,25.0,97.0,0.0,0.0,1.0,0.0,1,0.0,1,0.0,1,0.0,1,0.0,1,0.0,1,0.0,1,0.0,1,1,1.0
484,1,995.0,98.0,6.0,6.0,0.999999999719581,0.0,1,0.0,1,0.0,1,0.0,1,6.0,0,0.0,1,0.0,1,0.0,1,1,0.8888888888888888
485,1,605.0,103.0,8.06225774829855,13.0,0.9999948138887752,0.0,1,0.0,1,6.0,0,0.0,1,5.0,0,0.0,1,0.0,1,2.0,0,1,0.6666666666666666
486,1,214.0,109.0,0.0,0.0,1.0,0.0,1,0.0,1,0.0,1,0.0,1,0.0,1,0.0,1,0.0,1,0.0,1,1,1.0
487,1,1023.0,117.0,23292.002812124163,23307.0,0.9993529245819545,1.0,0,0.0,1,3.0,0,0.0,1,11.0,0,0.0,1,23292.0,0,0.0,1,1,0.5555555555555556
488,1,565.0,135.0,0.0,0.0,1.0,0.0,1,0.0,1,0.0,1,0.0,1,0.0,1,0.0,1,0.0,1,0.0,1,1,1.0
489,1,415.0,136.0,0.0,0.0,1.0,0.0,1,0.0,1,0.0,1,0.0,1,0.0,1,0.0,1,0.0,1,0.0,1,1,1.0
490,1,329.0,137.0,0.0,0.0,1.0,0.0,1,0.0,1,0.0,1,0.0,1,0.0,1,0.0,1,0.0,1,0.0,1,1,1.0
491,1,796.0,142.0,45821.000392832975,45827.0,0.5832723949050195,0.0,1,0.0,1,0.0,1,0.0,1,6.0,0,0.0,1,45821.0,0,0.0,1,1,0.7777777777777778
492,1,1071.0,150.0,4.0,4.0,0.9999999998482386,0.0,1,0.0,1,0.0,1,0.0,1,4.0,0,0.0,1,0.0,1,0.0,1,1,0.8888888888888888
493,1,133.0,154.0,36.05551275463989,38.0,0.9999995636167395,0.0,1,0.0,1,2.0,0,0.0,1,36.0,0,0.0,1,0.0,1,0.0,1,1,0.7777777777777778
494,1,181.0,155.0,0.0,0.0,1.0,0.0,1,0.0,1,0.0,1,0.0,1,0.0,1,0.0,1,0.0,1,0.0,1,1,1.0
495,1,343.0,156.0,704.0085226756846,710.0,0.999999784387303,0.0,1,0.0,1,2.0,0,2.0,0,2.0,0,0.0,1,704.0,0,0.0,1,1,0.5555555555555556
496,1,563.0,166.0,10.44030650891055,13.0,0.9999988521937818,0.0,1,0.0,1,3.0,0,0.0,1,10.0,0,0.0,1,0.0,1,0.0,1,1,0.7777777777777778
497,1,475.0,170.0,3.7416573867739413,6.0,0.9999999992566249,0.0,1,0.0,1,1.0,0,2.0,0,3.0,0,0.0,1,0.0,1,0.0,1,1,0.6666666666666666
498,1,262.0,186.0,38.0,38.0,0.9999999857737532,0.0,1,0.0,1,0.0,1,0.0,1,38.0,0,0.0,1,0.0,1,0.0,1,1,0.8888888888888888
499,1,1056.0,195.0,6.0,6.0,0.9999999997331854,0.0,1,0.0,1,0.0,1,0.0,1,6.0,0,0.0,1,0.0,1,0.0,1,1,0.8888888888888888
500,1,926.0,201.0,40.01249804748511,41.0,0.9999999063566629,0.0,1,0.0,1,1.0,0,0.0,1,40.0,0,0.0,1,0.0,1,0.0,1,1,0.7777777777777778
501,1,399.0,202.0,7.280109889280518,9.0,0.9999994614241544,0.0,1,0.0,1,2.0,0,0.0,1,7.0,0,0.0,1,0.0,1,0.0,1,1,0.7777777777777778
502,1,749.0,205.0,8.06225774829855,11.0,0.9999979390275113,0.0,1,0.0,1,4.0,0,0.0,1,7.0,0,0.0,1,0.0,1,0.0,1,1,0.7777777777777778
503,1,231.0,206.0,6.164414002968976,10.0,0.9999999896413496,0.0,1,0.0,1,3.0,0,0.0,1,5.0,0,0.0,1,2.0,0,0.0,1,1,0.6666666666666666
504,1,755.0,207.0,38.0,38.0,0.9999999857737532,0.0,1,0.0,1,0.0,1,0.0,1,38.0,0,0.0,1,0.0,1,0.0,1,1,0.8888888888888888
505,1,766.0,210.0,0.0,0.0,1.0,0.0,1,0.0,1,0.0,1,0.0,1,0.0,1,0.0,1,0.0,1,0.0,1,1,1.0
506,1,22.0,219.0,29.03446228191595,31.0,0.9999997958614899,0.0,1,0.0,1,1.0,0,0.0,1,29.0,0,0.0,1,0.0,1,1.0,0,1,0.6666666666666666
507,1,358.0,220.0,0.0,0.0,1.0,0.0,1,0.0,1,0.0,1,0.0,1,0.0,1,0.0,1,0.0,1,0.0,1,1,1.0
508,1,713.0,221.0,0.0,0.0,1.0,0.0,1,0.0,1,0.0,1,0.0,1,0.0,1,0.0,1,0.0,1,0.0,1,1,1.0
509,1,953.0,223.0,2.23606797749979,3.0,0.9999994813048512,0.0,1,0.0,1,2.0,0,0.0,1,1.0,0,0.0,1,0.0,1,0.0,1,1,0.7777777777777778
510,1,988.0,224.0,3.0,3.0,0.9999999999112033,0.0,1,0.0,1,0.0,1,0.0,1,3.0,0,0.0,1,0.0,1,0.0,1,1,0.8888888888888888
511,1,557.0,228.0,0.0,0.0,1.0,0.0,1,0.0,1,0.0,1,0.0,1,0.0,1,0.0,1,0.0,1,0.0,1,1,1.0
512,1,680.0,243.0,10.0,10.0,0.9999999989353708,0.0,1,0.0,1,0.0,1,0.0,1,10.0,0,0.0,1,0.0,1,0.0,1,1,0.8888888888888888
513,1,725.0,244.0,0.0,0.0,1.0,0.0,1,0.0,1,0.0,1,0.0,1,0.0,1,0.0,1,0.0,1,0.0,1,1,1.0
514,1,388.0,246.0,9.055385138137417,10.0,0.9999895355418976,0.0,1,0.0,1,9.0,0,0.0,1,1.0,0,0.0,1,0.0,1,0.0,1,1,0.7777777777777778
515,1,967.0,252.0,2109.002133711581,2112.0,0.9999985291196966,0.0,1,0.0,1,0.0,1,0.0,1,3.0,0,0.0,1,2109.0,0,0.0,1,1,0.7777777777777778
516,1,658.0,253.0,2.23606797749979,3.0,0.9999994829035769,0.0,1,0.0,1,2.0,0,0.0,1,1.0,0,0.0,1,0.0,1,0.0,1,1,0.7777777777777778
517,1,712.0,260.0,0.0,0.0,1.0,0.0,1,0.0,1,0.0,1,0.0,1,0.0,1,0.0,1,0.0,1,0.0,1,1,1.0
518,1,927.0,261.0,0.0,0.0,1.0,0.0,1,0.0,1,0.0,1,0.0,1,0.0,1,0.0,1,0.0,1,0.0,1,1,1.0
519,1,84.0,269.0,33011.00001514646,33012.0,0.9953299795168206,0.0,1,0.0,1,1.0,0,0.0,1,0.0,1,0.0,1,33011.0,0,0.0,1,1,0.7777777777777778
520,1,479.0,270.0,4022.0001243162587,4023.0,0.9999937383540402,0.0,1,0.0,1,1.0,0,0.0,1,0.0,1,0.0,1,4022.0,0,0.0,1,1,0.7777777777777778
521,1,860.0,277.0,35.70714214271425,51.0,0.9999997594415003,0.0,1,0.0,1,1.0,0,0.0,1,34.0,0,1.0,0,9.0,0,6.0,0,1,0.4444444444444444
522,1,264.0,278.0,2.23606797749979,3.0,0.9999999996470151,0.0,1,0.0,1,2.0,0,0.0,1,1.0,0,0.0,1,0.0,1,0.0,1,1,0.7777777777777778
523,1,205.0,279.0,4.123105625617661,5.0,0.9999998637544579,0.0,1,0.0,1,1.0,0,0.0,1,4.0,0,0.0,1,0.0,1,0.0,1,1,0.7777777777777778
524,1,30.0,288.0,2901.0637704125015,2923.0,0.9999994625772092,0.0,1,0.0,1,3.0,0,0.0,1,19.0,0,0.0,1,2901.0,0,0.0,1,1,0.6666666666666666
525,1,1028.0,298.0,2.8284271247461903,4.0,0.9999994745743378,0.0,1,0.0,1,0.0,1,2.0,0,2.0,0,0.0,1,0.0,1,0.0,1,1,0.7777777777777778
526,1,1059.0,310.0,55.226805085936306,60.0,0.9999970704693896,0.0,1,0.0,1,5.0,0,0.0,1,55.0,0,0.0,1,0.0,1,0.0,1,1,0.7777777777777778
527,1,189.0,312.0,0.0,0.0,1.0,0.0,1,0.0,1,0.0,1,0.0,1,0.0,1,0.0,1,0.0,1,0.0,1,1,1.0
528,1,659.0,316.0,0.0,0.0,1.0,0.0,1,0.0,1,0.0,1,0.0,1,0.0,1,0.0,1,0.0,1,0.0,1,1,1.0
529,1,747.0,319.0,0.0,0.0,1.0,0.0,1,0.0,1,0.0,1,0.0,1,0.0,1,0.0,1,0.0,1,0.0,1,1,1.0
530,1,101.0,330.0,1091.00824928137,1097.0,0.9999999682308722,1.0,0,0.0,1,1.0,0,0.0,1,4.0,0,0.0,1,1091.0,0,0.0,1,1,0.5555555555555556
531,1,318.0,331.0,11793.001907911319,11804.0,0.9999959276503423,0.0,1,0.0,1,4.0,0,0.0,1,5.0,0,2.0,0,11793.0,0,0.0,1,1,0.5555555555555556
532,1,485.0,334.0,2992.001504010317,2995.0,0.9999997984352681,0.0,1,0.0,1,0.0,1,0.0,1,3.0,0,0.0,1,2992.0,0,0.0,1,1,0.7777777777777778
533,1,852.0,335.0,16.278820596099706,19.0,0.9999987383379422,0.0,1,0.0,1,3.0,0,0.0,1,16.0,0,0.0,1,0.0,1,0.0,1,1,0.7777777777777778
534,1,851.0,336.0,5.0990195135927845,6.0,0.9999998767709121,0.0,1,0.0,1,1.0,0,0.0,1,5.0,0,0.0,1,0.0,1,0.0,1,1,0.7777777777777778
535,1,774.0,337.0,710.0049295603517,715.0,0.9999999839816415,1.0,0,0.0,1,1.0,0,0.0,1,1.0,0,2.0,0,710.0,0,0.0,1,1,0.4444444444444444
536,1,945.0,338.0,12884.001513505034,12895.0,0.999995030000177,0.0,1,0.0,1,3.0,0,0.0,1,5.0,0,2.0,0,12884.0,0,1.0,0,1,0.4444444444444444
537,1,612.0,341.0,12.0,12.0,0.9999999984700529,0.0,1,0.0,1,0.0,1,0.0,1,12.0,0,0.0,1,0.0,1,0.0,1,1,0.8888888888888888
538,1,639.0,350.0,9.1104335791443,11.0,0.9999997314174986,0.0,1,0.0,1,1.0,0,0.0,1,9.0,0,0.0,1,0.0,1,1.0,0,1,0.6666666666666666
539,1,1044.0,360.0,6112.002045156726,6119.0,0.9999802777134978,0.0,1,0.0,1,3.0,0,0.0,1,4.0,0,0.0,1,6112.0,0,0.0,1,1,0.6666666666666666
540,1,153.0,361.0,608.0098683409669,614.0,0.9999998791953275,0.0,1,0.0,1,2.0,0,0.0,1,2.0,0,2.0,0,608.0,0,0.0,1,1,0.5555555555555556
541,1,508.0,363.0,0.0,0.0,1.0,0.0,1,0.0,1,0.0,1,0.0,1,0.0,1,0.0,1,0.0,1,0.0,1,1,1.0
542,1,688.0,364.0,2.23606797749979,3.0,0.9999998666375193,0.0,1,0.0,1,1.0,0,0.0,1,2.0,0,0.0,1,0.0,1,0.0,1,1,0.7777777777777778
543,1,34.0,366.0,27.09243436828813,30.0,0.999999399580029,0.0,1,0.0,1,2.0,0,0.0,1,27.0,0,0.0,1,0.0,1,1.0,0,1,0.6666666666666666
544,1,372.0,367.0,3390.0036873136287,3397.0,0.9990901432105413,0.0,1,0.0,1,0.0,1,0.0,1,4.0,0,3.0,0,3390.0,0,0.0,1,1,0.6666666666666666
545,1,966.0,370.0,40.11234224026316,43.0,0.9999989138404923,0.0,1,0.0,1,0.0,1,0.0,1,40.0,0,0.0,1,0.0,1,3.0,0,1,0.7777777777777778
546,1,12.0,371.0,0.0,0.0,1.0,0.0,1,0.0,1,0.0,1,0.0,1,0.0,1,0.0,1,0.0,1,0.0,1,1,1.0
547,1,624.0,375.0,5900.000508474554,5904.0,0.9994988495603468,0.0,1,0.0,1,1.0,0,0.0,1,1.0,0,2.0,0,5900.0,0,0.0,1,1,0.5555555555555556
548,1,400.0,376.0,10.488088481701515,14.0,0.9999986696422141,0.0,1,0.0,1,1.0,0,3.0,0,10.0,0,0.0,1,0.0,1,0.0,1,1,0.6666666666666666
549,1,163.0,383.0,56107.008064946756,56140.0,0.03451973511363704,0.0,1,0.0,1,1.0,0,2.0,0,30.0,0,0.0,1,56107.0,0,0.0,1,1,0.5555555555555556
550,1,1035.0,391.0,1.4142135623730951,2.0,0.9999997386533751,1.0,0,0.0,1,1.0,0,0.0,1,0.0,1,0.0,1,0.0,1,0.0,1,1,0.7777777777777778
551,1,736.0,394.0,50.17967716117751,56.0,0.9999977292802712,0.0,1,0.0,1,1.0,0,4.0,0,50.0,0,0.0,1,0.0,1,1.0,0,1,0.5555555555555556
552,1,291.0,403.0,39.20459156782532,43.0,0.9999978738669447,0.0,1,0.0,1,0.0,1,0.0,1,39.0,0,0.0,1,0.0,1,4.0,0,1,0.7777777777777778
553,1,464.0,404.0,12.649110640673518,16.0,0.9999979099233482,0.0,1,0.0,1,0.0,1,0.0,1,12.0,0,0.0,1,0.0,1,4.0,0,1,0.7777777777777778
554,1,825.0,414.0,25.179356624028344,28.0,0.9999988066699884,0.0,1,0.0,1,0.0,1,0.0,1,25.0,0,0.0,1,0.0,1,3.0,0,1,0.7777777777777778
555,1,136.0,419.0,11514.005428173117,11529.0,0.9999965956265285,0.0,1,0.0,1,5.0,0,0.0,1,10.0,0,0.0,1,11514.0,0,0.0,1,1,0.6666666666666666
556,1,689.0,425.0,0.0,0.0,1.0,0.0,1,0.0,1,0.0,1,0.0,1,0.0,1,0.0,1,0.0,1,0.0,1,1,1.0
557,1,249.0,426.0,47.38143096192854,53.0,0.9999952892827308,0.0,1,0.0,1,0.0,1,0.0,1,47.0,0,0.0,1,0.0,1,6.0,0,1,0.7777777777777778
558,1,175.0,452.0,73408.00085821708,73424.0,0.9875011447257208,1.0,0,0.0,1,0.0,1,0.0,1,10.0,0,0.0,1,73408.0,0,5.0,0,1,0.5555555555555556
559,1,443.0,453.0,48.176757881783615,53.0,0.9999979149569466,0.0,1,0.0,1,1.0,0,0.0,1,48.0,0,4.0,0,0.0,1,0.0,1,1,0.6666666666666666
560,1,527.0,467.0,2920.001541095484,2923.0,0.999996845211271,0.0,1,0.0,1,0.0,1,0.0,1,0.0,1,3.0,0,2920.0,0,0.0,1,1,0.7777777777777778
561,1,672.0,468.0,47.16990566028302,51.0,0.9999979715673369,0.0,1,0.0,1,0.0,1,0.0,1,47.0,0,4.0,0,0.0,1,0.0,1,1,0.7777777777777778
562,1,445.0,472.0,56.16048432839589,62.0,0.9999973391896534,0.0,1,0.0,1,3.0,0,0.0,1,56.0,0,0.0,1,0.0,1,3.0,0,1,0.6666666666666666
563,1,823.0,476.0,97007.00495325067,97038.0,0.019989698130618128,0.0,1,0.0,1,0.0,1,0.0,1,31.0,0,0.0,1,97007.0,0,0.0,1,1,0.7777777777777778
564,1,651.0,483.0,1692.0195034336928,1702.0,0.9999992179711217,0.0,1,0.0,1,1.0,0,1.0,0,8.0,0,0.0,1,1692.0,0,0.0,1,1,0.5555555555555556
565,1,217.0,487.0,2810.062810685911,2835.0,0.9999987361909717,0.0,1,0.0,1,0.0,1,2.0,0,18.0,0,5.0,0,2810.0,0,0.0,1,1,0.5555555555555556
566,1,225.0,488.0,39.4715087119811,46.0,0.9999953770802545,0.0,1,0.0,1,0.0,1,0.0,1,39.0,0,6.0,0,0.0,1,1.0,0,1,0.6666666666666666
567,1,700.0,492.0,10.14889156509222,13.0,0.9999999788514485,0.0,1,0.0,1,1.0,0,1.0,0,10.0,0,0.0,1,1.0,0,0.0,1,1,0.5555555555555556
568,1,324.0,493.0,41003.01098699948,41034.0,0.047944790861665365,0.0,1,0.0,1,0.0,1,0.0,1,30.0,0,0.0,1,41003.0,0,1.0,0,1,0.6666666666666666
569,1,589.0,494.0,35121.000839953296,35132.0,0.9952137023736083,0.0,1,0.0,1,3.0,0,0.0,1,7.0,0,1.0,0,35121.0,0,0.0,1,1,0.5555555555555556
570,1,1020.0,503.0,49234.00005077792,49237.0,0.039250650364683115,0.0,1,0.0,1,1.0,0,0.0,1,2.0,0,0.0,1,49234.0,0,0.0,1,1,0.6666666666666666
571,1,1004.0,506.0,38511.00025966607,38519.0,0.9900105543341222,1.0,0,0.0,1,3.0,0,0.0,1,3.0,0,1.0,0,38511.0,0,0.0,1,1,0.4444444444444444
572,1,570.0,507.0,47722.0251665832,47772.0,0.04161660345934026,0.0,1,0.0,1,1.0,0,0.0,1,49.0,0,0.0,1,47722.0,0,0.0,1,1,0.6666666666666666
573,1,198.0,508.0,621.004830899084,625.0,0.999999820081412,0.0,1,0.0,1,1.0,0,1.0,0,2.0,0,0.0,1,621.0,0,0.0,1,1,0.5555555555555556
574,1,307.0,509.0,30.610455730027933,37.0,0.9999951759648076,0.0,1,0.0,1,1.0,0,0.0,1,30.0,0,0.0,1,0.0,1,6.0,0,1,0.6666666666666666
575,1,140.0,514.0,0.0,0.0,1.0,0.0,1,0.0,1,0.0,1,0.0,1,0.0,1,0.0,1,0.0,1,0.0,1,1,1.0
576,1,984.0,516.0,46306.022254130185,46357.0,0.041814504351647575,0.0,1,0.0,1,6.0,0,0.0,1,45.0,0,0.0,1,46306.0,0,0.0,1,1,0.6666666666666666
577,1,959.0,517.0,49187.00200256161,49208.0,0.9997814054250233,0.0,1,0.0,1,12.0,0,0.0,1,7.0,0,2.0,0,49187.0,0,0.0,1,1,0.5555555555555556
578,1,363.0,538.0,26.981475126464083,36.0,0.9999931684510872,0.0,1,0.0,1,4.0,0,0.0,1,26.0,0,0.0,1,0.0,1,6.0,0,1,0.6666666666666666
579,1,438.0,539.0,50.368641037852115,57.0,0.9999953732140892,1.0,0,0.0,1,0.0,1,0.0,1,50.0,0,6.0,0,0.0,1,0.0,1,1,0.6666666666666666
580,1,86.0,544.0,35120.03856774648,35175.0,0.9947942330576148,0.0,1,0.0,1,2.0,0,0.0,1,52.0,0,1.0,0,35120.0,0,0.0,1,1,0.5555555555555556
581,1,132.0,551.0,34878.00118986178,34889.0,0.9998613978788636,0.0,1,0.0,1,1.0,0,1.0,0,9.0,0,0.0,1,34878.0,0,0.0,1,1,0.5555555555555556
582,1,803.0,552.0,0.0,0.0,1.0,0.0,1,0.0,1,0.0,1,0.0,1,0.0,1,0.0,1,0.0,1,0.0,1,1,1.0
583,1,2.0,565.0,53.32916650389353,62.0,0.9999952099852519,0.0,1,0.0,1,1.0,0,3.0,0,53.0,0,0.0,1,0.0,1,5.0,0,1,0.5555555555555556
584,1,519.0,580.0,19.621416870348583,31.0,0.9999918764104777,0.0,1,0.0,1,4.0,0,0.0,1,18.0,0,6.0,0,0.0,1,3.0,0,1,0.5555555555555556
585,1,807.0,581.0,16292.019211871806,16318.0,0.11919539071145124,0.0,1,0.0,1,0.0,1,1.0,0,25.0,0,0.0,1,16292.0,0,0.0,1,1,0.6666666666666666
586,1,602.0,582.0,45.27692569068709,52.0,0.9999967430359713,0.0,1,0.0,1,0.0,1,0.0,1,45.0,0,4.0,0,0.0,1,3.0,0,1,0.6666666666666666
587,1,965.0,584.0,45202.00444670568,45224.0,0.04284023305577345,1.0,0,0.0,1,1.0,0,0.0,1,20.0,0,0.0,1,45202.0,0,0.0,1,1,0.5555555555555556
588,1,27.0,589.0,84131.01933888593,84191.0,0.02280832485827633,0.0,1,0.0,1,1.0,0,0.0,1,57.0,0,2.0,0,84131.0,0,0.0,1,1,0.5555555555555556
589,1,345.0,590.0,84399.00539105896,84433.0,0.9871415380549736,0.0,1,0.0,1,3.0,0,1.0,0,30.0,0,0.0,1,84399.0,0,0.0,1,1,0.5555555555555556
590,1,829.0,597.0,49223.00127988947,49237.0,0.039302950635881184,1.0,0,0.0,1,2.0,0,0.0,1,11.0,0,0.0,1,49223.0,0,0.0,1,1,0.5555555555555556
591,1,129.0,598.0,36660.00628750628,36693.0,0.9992453807692053,0.0,1,0.0,1,8.0,0,0.0,1,19.0,0,6.0,0,36660.0,0,0.0,1,1,0.5555555555555556
592,1,246.0,602.0,6.082762530298219,7.0,0.9999998732909696,0.0,1,0.0,1,1.0,0,0.0,1,6.0,0,0.0,1,0.0,1,0.0,1,1,0.7777777777777778
593,1,857.0,603.0,0.0,0.0,1.0,0.0,1,0.0,1,0.0,1,0.0,1,0.0,1,0.0,1,0.0,1,0.0,1,1,1.0
594,1,430.0,604.0,46493.0084421303,46522.0,0.04177059330934196,0.0,1,0.0,1,1.0,0,0.0,1,28.0,0,0.0,1,46493.0,0,0.0,1,1,0.6666666666666666
595,1,97.0,615.0,19201.002005103797,19214.0,0.1013630040664103,0.0,1,0.0,1,2.0,0,0.0,1,8.0,0,3.0,0,19201.0,0,0.0,1,1,0.5555555555555556
596,1,192.0,623.0,82.76472678623425,120.0,0.9999941926899047,0.0,1,0.0,1,10.0,0,0.0,1,21.0,0,2.0,0,79.0,0,8.0,0,1,0.4444444444444444
597,1,455.0,624.0,38710.00331955553,38733.0,0.9990139287706962,0.0,1,0.0,1,4.0,0,0.0,1,15.0,0,4.0,0,38710.0,0,0.0,1,1,0.5555555555555556
598,1,737.0,627.0,11795.409318883343,11903.0,0.9999952723228342,0.0,1,0.0,1,6.0,0,0.0,1,4.0,0,0.0,1,11795.0,0,98.0,0,1,0.5555555555555556
599,1,312.0,631.0,8220.133149773184,8279.0,0.999975179826415,0.0,1,0.0,1,1.0,0,0.0,1,46.0,0,6.0,0,8220.0,0,6.0,0,1,0.4444444444444444
600,1,466.0,632.0,13.638181696985855,20.0,0.9999915724146152,0.0,1,0.0,1,0.0,1,1.0,0,11.0,0,0.0,1,0.0,1,8.0,0,1,0.6666666666666666
601,1,216.0,655.0,711.0239095839182,721.0,0.9999999690564446,1.0,0,0.0,1,2.0,0,0.0,1,5.0,0,0.0,1,711.0,0,2.0,0,1,0.4444444444444444
602,1,759.0,656.0,44.41846462902562,51.0,0.9999951202487322,1.0,0,0.0,1,0.0,1,0.0,1,44.0,0,0.0,1,0.0,1,6.0,0,1,0.6666666666666666
603,1,344.0,661.0,97007.00597894979,97043.0,0.019773901362213575,0.0,1,0.0,1,0.0,1,0.0,1,34.0,0,0.0,1,97007.0,0,2.0,0,1,0.6666666666666666
604,1,92.0,669.0,80102.00303363206,80126.0,0.024035868011639483,0.0,1,0.0,1,1.0,0,1.0,0,22.0,0,0.0,1,80102.0,0,0.0,1,1,0.5555555555555556
605,1,429.0,670.0,41004.012608524055,41040.0,0.04784476044839259,0.0,1,0.0,1,0.0,1,3.0,0,32.0,0,0.0,1,41004.0,0,1.0,0,1,0.5555555555555556
606,1,272.0,674.0,64911.01541341038,64964.0,0.030349493429045582,0.0,1,0.0,1,1.0,0,0.0,1,44.0,0,0.0,1,64911.0,0,8.0,0,1,0.5555555555555556
607,1,234.0,687.0,99999.00613006111,100035.0,0.019085750592416573,0.0,1,0.0,1,0.0,1,1.0,0,35.0,0,0.0,1,99999.0,0,0.0,1,1,0.6666666666666666
608,1,215.0,698.0,23932.05455033061,23987.0,0.08105255246735699,0.0,1,0.0,1,3.0,0,1.0,0,51.0,0,0.0,1,23932.0,0,0.0,1,1,0.5555555555555556
609,1,895.0,699.0,5820.001288659651,5827.0,0.999662753304624,0.0,1,0.0,1,0.0,1,1.0,0,3.0,0,1.0,0,5820.0,0,2.0,0,1,0.4444444444444444
610,1,213.0,709.0,18212.003898528026,18230.0,0.9999326022770897,0.0,1,0.0,1,2.0,0,1.0,0,11.0,0,4.0,0,18212.0,0,0.0,1,1,0.4444444444444444
611,1,488.0,714.0,72101.07749541612,72246.0,0.9934420324966399,0.0,1,0.0,1,1.0,0,0.0,1,39.0,0,7.0,0,72101.0,0,98.0,0,1,0.4444444444444444
612,1,767.0,715.0,4.69041575982343,8.0,0.9999976485593549,0.0,1,0.0,1,1.0,0,1.0,0,2.0,0,4.0,0,0.0,1,0.0,1,1,0.5555555555555556
613,1,960.0,720.0,47599.03296286596,47657.0,0.04052157131639178,1.0,0,0.0,1,0.0,1,1.0,0,56.0,0,0.0,1,47599.0,0,0.0,1,1,0.5555555555555556
614,1,491.0,721.0,41004.01334015976,41040.0,0.048212408457771305,1.0,0,0.0,1,2.0,0,0.0,1,33.0,0,0.0,1,41004.0,0,0.0,1,1,0.5555555555555556
615,1,537.0,731.0,8.426149773176359,15.0,0.9999939947078137,1.0,0,0.0,1,6.0,0,3.0,0,5.0,0,0.0,1,0.0,1,0.0,1,1,0.5555555555555556
616,1,350.0,738.0,12874.00322355094,12889.0,0.9999949573773779,0.0,1,0.0,1,5.0,0,3.0,0,7.0,0,0.0,1,12874.0,0,0.0,1,1,0.5555555555555556
617,1,614.0,743.0,3476.2725727422467,3529.0,0.9988440658774972,0.0,1,0.0,1,1.0,0,3.0,0,43.0,0,6.0,0,3476.0,0,0.0,1,1,0.4444444444444444
618,1,348.0,749.0,18.81488772222678,26.0,0.9999915362637577,0.0,1,0.0,1,0.0,1,1.0,0,17.0,0,0.0,1,0.0,1,8.0,0,1,0.6666666666666666
619,1,346.0,751.0,5303.128699173724,5352.0,0.9999798847278852,0.0,1,0.0,1,0.0,1,2.0,0,36.0,0,4.0,0,5303.0,0,7.0,0,1,0.4444444444444444
620,1,808.0,757.0,37.255872020394314,44.0,0.999997730183098,0.0,1,0.0,1,3.0,0,3.0,0,37.0,0,0.0,1,0.0,1,1.0,0,1,0.5555555555555556
621,1,998.0,760.0,47822.01855840048,47869.0,0.04041161353529765,1.0,0,0.0,1,3.0,0,1.0,0,42.0,0,0.0,1,47822.0,0,0.0,1,1,0.4444444444444444
622,1,1078.0,761.0,47722.01444826067,47763.0,0.040601731621771164,0.0,1,0.0,1,3.0,0,1.0,0,37.0,0,0.0,1,47722.0,0,0.0,1,1,0.5555555555555556
623,1,653.0,769.0,5005.2046911190355,5058.0,0.9999997955904216,0.0,1,0.0,1,0.0,1,2.0,0,45.0,0,4.0,0,5005.0,0,2.0,0,1,0.4444444444444444
624,1,1045.0,770.0,14102.001524606356,14113.0,0.13751800704447592,0.0,1,0.0,1,4.0,0,1.0,0,5.0,0,0.0,1,14102.0,0,1.0,0,1,0.4444444444444444
625,1,609.0,786.0,6.782329983125268,12.0,0.9999960851388688,0.0,1,0.0,1,1.0,0,0.0,1,4.0,0,2.0,0,0.0,1,5.0,0,1,0.5555555555555556
626,1,514.0,787.0,97005.01307664465,97062.0,0.019705040530298534,0.0,1,0.0,1,6.0,0,1.0,0,50.0,0,0.0,1,97005.0,0,0.0,1,1,0.5555555555555556
627,1,905.0,790.0,47712.00312290399,47734.0,0.04089328423194605,0.0,1,0.0,1,2.0,0,1.0,0,17.0,0,0.0,1,47712.0,0,2.0,0,1,0.4444444444444444
628,1,66.0,813.0,84788.00063098551,84805.0,0.6019702676165379,0.0,1,0.0,1,4.0,0,0.0,1,9.0,0,1.0,0,84788.0,0,3.0,0,1,0.4444444444444444
629,1,1014.0,828.0,31008.000322497417,31014.0,0.062353912062063754,0.0,1,0.0,1,0.0,1,0.0,1,4.0,0,0.0,1,31008.0,0,2.0,0,1,0.6666666666666666
630,1,178.0,829.0,47113.01098422812,47150.0,0.041131211465244344,0.0,1,0.0,1,1.0,0,1.0,0,32.0,0,0.0,1,47113.0,0,3.0,0,1,0.4444444444444444
631,1,37.0,831.0,10.246950765959598,13.0,0.9999993112106669,0.0,1,0.0,1,2.0,0,1.0,0,10.0,0,0.0,1,0.0,1,0.0,1,1,0.6666666666666666
632,1,139.0,841.0,47114.00442543597,47139.0,0.041170051284400544,0.0,1,0.0,1,0.0,1,1.0,0,20.0,0,4.0,0,47114.0,0,0.0,1,1,0.5555555555555556
633,1,446.0,854.0,96093.00609825879,96131.0,0.019870761657922786,0.0,1,0.0,1,0.0,1,0.0,1,34.0,0,4.0,0,96093.0,0,0.0,1,1,0.6666666666666666
634,1,669.0,863.0,5000.049799751999,5028.0,0.9999744048449589,0.0,1,0.0,1,0.0,1,1.0,0,22.0,0,3.0,0,5000.0,0,2.0,0,1,0.4444444444444444
635,1,442.0,864.0,53201.0007706622,53215.0,0.03653505461406603,0.0,1,0.0,1,4.0,0,1.0,0,8.0,0,0.0,1,53201.0,0,1.0,0,1,0.4444444444444444
636,1,1052.0,865.0,49222.002955995194,49249.0,0.03936591212340057,0.0,1,0.0,1,4.0,0,0.0,1,15.0,0,1.0,0,49222.0,0,7.0,0,1,0.4444444444444444
637,1,742.0,869.0,6111.019718508524,6136.0,0.9999786365905056,0.0,1,0.0,1,2.0,0,1.0,0,14.0,0,6.0,0,6111.0,0,2.0,0,1,0.3333333333333333
638,1,1041.0,870.0,47114.02303985513,47177.0,0.041154777843182,0.0,1,0.0,1,9.0,0,0.0,1,45.0,0,1.0,0,47114.0,0,8.0,0,1,0.4444444444444444
639,1,730.0,873.0,6033.014835055521,6052.0,0.9991900923180641,0.0,1,0.0,1,2.0,0,1.0,0,13.0,0,1.0,0,6033.0,0,2.0,0,1,0.3333333333333333
640,1,362.0,874.0,47.90615826801394,59.0,0.9999898873281685,0.0,1,0.0,1,9.0,0,1.0,0,47.0,0,2.0,0,0.0,1,0.0,1,1,0.5555555555555556
641,1,432.0,877.0,19.621416870348583,35.0,0.9999684013411141,0.0,1,0.0,1,14.0,0,3.0,0,12.0,0,0.0,1,0.0,1,6.0,0,1,0.5555555555555556
642,1,252.0,880.0,982.3919787946154,1024.0,0.9999998443545293,0.0,1,0.0,1,18.0,0,1.0,0,21.0,0,2.0,0,982.0,0,0.0,1,1,0.4444444444444444
643,1,124.0,881.0,10712.02114448996,10743.0,0.18047315157118426,0.0,1,0.0,1,16.0,0,1.0,0,14.0,0,0.0,1,10712.0,0,0.0,1,1,0.5555555555555556
644,1,751.0,919.0,13009.0709891214,13070.0,0.9999929214020941,1.0,0,0.0,1,10.0,0,1.0,0,41.0,0,0.0,1,13009.0,0,8.0,0,1,0.3333333333333333
645,1,993.0,920.0,22.315913604421397,38.0,0.9999727596588872,0.0,1,0.0,1,12.0,0,1.0,0,17.0,0,0.0,1,0.0,1,8.0,0,1,0.5555555555555556
646,1,869.0,926.0,18.734993995195193,29.0,0.9999919176009987,0.0,1,0.0,1,5.0,0,1.0,0,17.0,0,0.0,1,0.0,1,6.0,0,1,0.5555555555555556
647,1,976.0,928.0,41.80908992073375,52.0,0.9999911990507068,1.0,0,0.0,1,1.0,0,1.0,0,41.0,0,0.0,1,0.0,1,8.0,0,1,0.4444444444444444
648,1,1015.0,929.0,46634.02969935152,46696.0,0.04156217481948565,0.0,1,0.0,1,0.0,1,1.0,0,52.0,0,1.0,0,46634.0,0,8.0,0,1,0.4444444444444444
649,1,223.0,930.0,22.15851980616034,35.0,0.9999999750331964,0.0,1,0.0,1,2.0,0,1.0,0,21.0,0,4.0,0,5.0,0,2.0,0,1,0.3333333333333333
650,1,769.0,932.0,86204.01144958395,86258.0,0.022696313376970312,0.0,1,0.0,1,2.0,0,3.0,0,44.0,0,0.0,1,86204.0,0,5.0,0,1,0.4444444444444444
651,1,981.0,946.0,32.09361307176243,42.0,0.9999910057801227,1.0,0,0.0,1,2.0,0,0.0,1,31.0,0,0.0,1,0.0,1,8.0,0,1,0.5555555555555556
652,1,141.0,5.0,0.0,0.0,1.0,0.0,1,0.0,1,0.0,1,0.0,1,0.0,1,0.0,1,0.0,1,0.0,1,1,1.0
653,1,336.0,6.0,0.0,0.0,1.0,0.0,1,0.0,1,0.0,1,0.0,1,0.0,1,0.0,1,0.0,1,0.0,1,1,1.0
654,1,806.0,13.0,16092.00003107134,16093.0,0.9998072203034358,0.0,1,0.0,1,0.0,1,0.0,1,1.0,0,0.0,1,16092.0,0,0.0,1,1,0.7777777777777778
655,1,746.0,19.0,1808.5112662076508,1851.0,0.9999970852634443,0.0,1,0.0,1,0.0,1,0.0,1,43.0,0,0.0,1,1808.0,0,0.0,1,1,0.7777777777777778
656,1,480.0,20.0,5.0,5.0,0.9999999997784135,0.0,1,0.0,1,0.0,1,0.0,1,5.0,0,0.0,1,0.0,1,0.0,1,1,0.8888888888888888
657,1,533.0,21.0,2408.005191024305,2413.0,0.999997793676253,0.0,1,0.0,1,0.0,1,0.0,1,5.0,0,0.0,1,2408.0,0,0.0,1,1,0.7777777777777778
658,1,1057.0,24.0,2.0,2.0,0.9999999995150886,0.0,1,0.0,1,2.0,0,0.0,1,0.0,1,0.0,1,0.0,1,0.0,1,1,0.8888888888888888
659,1,300.0,34.0,14806.001519654117,14815.0,0.9999930576437854,0.0,1,0.0,1,6.0,0,0.0,1,3.0,0,0.0,1,14806.0,0,0.0,1,1,0.6666666666666666
660,1,144.0,39.0,0.0,0.0,1.0,0.0,1,0.0,1,0.0,1,0.0,1,0.0,1,0.0,1,0.0,1,0.0,1,1,1.0
661,1,85.0,40.0,0.0,0.0,1.0,0.0,1,0.0,1,0.0,1,0.0,1,0.0,1,0.0,1,0.0,1,0.0,1,1,1.0
662,1,376.0,44.0,0.0,0.0,1.0,0.0,1,0.0,1,0.0,1,0.0,1,0.0,1,0.0,1,0.0,1,0.0,1,1,1.0
663,1,426.0,45.0,6.0,6.0,0.9999999995898607,0.0,1,0.0,1,0.0,1,0.0,1,6.0,0,0.0,1,0.0,1,0.0,1,1,0.8888888888888888
664,1,569.0,52.0,1.4142135623730951,2.0,0.999999874518277,0.0,1,0.0,1,1.0,0,0.0,1,1.0,0,0.0,1,0.0,1,0.0,1,1,0.7777777777777778
665,1,402.0,57.0,485.00103092673936,486.0,0.9999999071605816,0.0,1,0.0,1,1.0,0,0.0,1,0.0,1,0.0,1,485.0,0,0.0,1,1,0.7777777777777778
666,1,799.0,58.0,1.0,1.0,0.9999998748906155,0.0,1,0.0,1,1.0,0,0.0,1,0.0,1,0.0,1,0.0,1,0.0,1,1,0.8888888888888888
667,1,493.0,71.0,42009.000190435385,42013.0,0.999720093717146,0.0,1,0.0,1,0.0,1,0.0,1,4.0,0,0.0,1,42009.0,0,0.0,1,1,0.7777777777777778
668,1,280.0,73.0,0.0,0.0,1.0,0.0,1,0.0,1,0.0,1,0.0,1,0.0,1,0.0,1,0.0,1,0.0,1,1,1.0
669,1,357.0,77.0,0.0,0.0,1.0,0.0,1,0.0,1,0.0,1,0.0,1,0.0,1,0.0,1,0.0,1,0.0,1,1,1.0
670,1,513.0,99.0,298.0067113338221,300.0,0.9999889995364238,0.0,1,0.0,1,0.0,1,0.0,1,2.0,0,0.0,1,298.0,0,0.0,1,1,0.7777777777777778
671,1,449.0,100.0,8.94427190999916,12.0,0.9999979225860262,0.0,1,0.0,1,4.0,0,0.0,1,8.0,0,0.0,1,0.0,1,0.0,1,1,0.7777777777777778
672,1,708.0,105.0,2910.0171820798582,2920.0,0.9999508721278408,0.0,1,0.0,1,0.0,1,0.0,1,10.0,0,0.0,1,2910.0,0,0.0,1,1,0.7777777777777778
673,1,909.0,107.0,0.0,0.0,1.0,0.0,1,0.0,1,0.0,1,0.0,1,0.0,1,0.0,1,0.0,1,0.0,1,1,1.0
674,1,636.0,132.0,0.0,0.0,1.0,0.0,1,0.0,1,0.0,1,0.0,1,0.0,1,0.0,1,0.0,1,0.0,1,1,1.0
675,1,824.0,143.0,3.0,3.0,0.9999999998977732,0.0,1,0.0,1,0.0,1,0.0,1,3.0,0,0.0,1,0.0,1,0.0,1,1,0.8888888888888888
676,1,765.0,147.0,40.01249804748511,41.0,0.9999998091943433,0.0,1,0.0,1,0.0,1,0.0,1,40.0,0,0.0,1,0.0,1,1.0,0,1,0.7777777777777778
677,1,253.0,152.0,4119.001092498034,4122.0,0.9994869708823974,0.0,1,0.0,1,0.0,1,0.0,1,3.0,0,0.0,1,4119.0,0,0.0,1,1,0.7777777777777778
678,1,1026.0,153.0,8.306623862918075,13.0,0.9999999299333916,0.0,1,0.0,1,2.0,0,0.0,1,7.0,0,0.0,1,4.0,0,0.0,1,1,0.6666666666666666
679,1,67.0,157.0,2109.0969631574553,2132.0,0.9999975463758818,0.0,1,0.0,1,0.0,1,0.0,1,20.0,0,3.0,0,2109.0,0,0.0,1,1,0.6666666666666666
680,1,1074.0,162.0,41000.00001219512,41001.0,0.9945933197578105,0.0,1,0.0,1,0.0,1,0.0,1,1.0,0,0.0,1,41000.0,0,0.0,1,1,0.7777777777777778
681,1,770.0,163.0,2.0,2.0,0.9999999999555886,0.0,1,0.0,1,0.0,1,0.0,1,2.0,0,0.0,1,0.0,1,0.0,1,1,0.8888888888888888
682,1,761.0,167.0,24109.00051847857,24114.0,0.9992577829874927,0.0,1,0.0,1,0.0,1,0.0,1,5.0,0,0.0,1,24109.0,0,0.0,1,1,0.7777777777777778
683,1,792.0,168.0,7398.000270343331,7400.0,0.9972357654029625,0.0,1,0.0,1,0.0,1,0.0,1,2.0,0,0.0,1,7398.0,0,0.0,1,1,0.7777777777777778
684,1,1064.0,171.0,19932.004239413556,19945.0,0.9996139470688624,0.0,1,0.0,1,0.0,1,0.0,1,13.0,0,0.0,1,19932.0,0,0.0,1,1,0.7777777777777778
685,1,999.0,178.0,17371.000143918023,17374.0,0.9995313775211538,0.0,1,0.0,1,2.0,0,0.0,1,1.0,0,0.0,1,17371.0,0,0.0,1,1,0.6666666666666666
686,1,597.0,179.0,5.0,5.0,0.9999999997593924,0.0,1,0.0,1,0.0,1,0.0,1,5.0,0,0.0,1,0.0,1,0.0,1,1,0.8888888888888888
687,1,494.0,182.0,1.0,1.0,0.9999999999886906,0.0,1,0.0,1,0.0,1,0.0,1,1.0,0,0.0,1,0.0,1,0.0,1,1,0.8888888888888888
688,1,506.0,183.0,23.021728866442675,24.0,0.9999998984063276,0.0,1,0.0,1,1.0,0,0.0,1,23.0,0,0.0,1,0.0,1,0.0,1,1,0.7777777777777778
689,1,212.0,187.0,4.242640687119285,6.0,0.9999999978197704,0.0,1,0.0,1,1.0,0,0.0,1,4.0,0,1.0,0,0.0,1,0.0,1,1,0.6666666666666666
690,1,393.0,188.0,21813.013203131748,21837.0,0.9994669151155221,0.0,1,0.0,1,0.0,1,0.0,1,24.0,0,0.0,1,21813.0,0,0.0,1,1,0.7777777777777778
691,1,607.0,198.0,0.0,0.0,1.0,0.0,1,0.0,1,0.0,1,0.0,1,0.0,1,0.0,1,0.0,1,0.0,1,1,1.0
692,1,810.0,199.0,0.0,0.0,1.0,0.0,1,0.0,1,0.0,1,0.0,1,0.0,1,0.0,1,0.0,1,0.0,1,1,1.0
693,1,529.0,203.0,3968.0011340724186,3971.0,0.9999956455968848,0.0,1,0.0,1,0.0,1,0.0,1,3.0,0,0.0,1,3968.0,0,0.0,1,1,0.7777777777777778
694,1,801.0,204.0,0.0,0.0,1.0,0.0,1,0.0,1,0.0,1,0.0,1,0.0,1,0.0,1,0.0,1,0.0,1,1,1.0
695,1,406.0,208.0,0.0,0.0,1.0,0.0,1,0.0,1,0.0,1,0.0,1,0.0,1,0.0,1,0.0,1,0.0,1,1,1.0
696,1,39.0,209.0,0.0,0.0,1.0,0.0,1,0.0,1,0.0,1,0.0,1,0.0,1,0.0,1,0.0,1,0.0,1,1,1.0
697,1,991.0,211.0,11801.001101601507,11807.0,0.9999508824893734,0.0,1,0.0,1,1.0,0,0.0,1,5.0,0,0.0,1,11801.0,0,0.0,1,1,0.6666666666666666
698,1,173.0,212.0,0.0,0.0,1.0,0.0,1,0.0,1,0.0,1,0.0,1,0.0,1,0.0,1,0.0,1,0.0,1,1,1.0
699,1,853.0,225.0,7.3484692283495345,10.0,0.9999993841395637,0.0,1,0.0,1,2.0,0,0.0,1,7.0,0,0.0,1,0.0,1,1.0,0,1,0.6666666666666666
700,1,951.0,226.0,4.0,4.0,0.9999999998199539,0.0,1,0.0,1,0.0,1,0.0,1,4.0,0,0.0,1,0.0,1,0.0,1,1,0.8888888888888888
701,1,111.0,235.0,0.0,0.0,1.0,0.0,1,0.0,1,0.0,1,0.0,1,0.0,1,0.0,1,0.0,1,0.0,1,1,1.0
702,1,997.0,245.0,14200.000457746472,14205.0,0.9999846725720137,0.0,1,0.0,1,2.0,0,0.0,1,3.0,0,0.0,1,14200.0,0,0.0,1,1,0.6666666666666666
703,1,48.0,254.0,1901.0086796224787,1910.0,0.9999990676357426,0.0,1,0.0,1,4.0,0,0.0,1,4.0,0,1.0,0,1901.0,0,0.0,1,1,0.5555555555555556
704,1,498.0,255.0,4030.002605458215,4037.0,0.9999932128976945,0.0,1,0.0,1,1.0,0,0.0,1,4.0,0,2.0,0,4030.0,0,0.0,1,1,0.5555555555555556
705,1,634.0,258.0,51.01960407529639,53.0,0.9999995727276456,0.0,1,0.0,1,1.0,0,0.0,1,51.0,0,0.0,1,0.0,1,1.0,0,1,0.6666666666666666
706,1,697.0,262.0,0.0,0.0,1.0,0.0,1,0.0,1,0.0,1,0.0,1,0.0,1,0.0,1,0.0,1,0.0,1,1,1.0
707,1,115.0,263.0,4490.001113585608,4494.0,0.9985685116071914,0.0,1,0.0,1,0.0,1,0.0,1,1.0,0,3.0,0,4490.0,0,0.0,1,1,0.6666666666666666
708,1,809.0,271.0,13592.001103590303,13600.0,0.9997095585616984,0.0,1,0.0,1,1.0,0,0.0,1,5.0,0,2.0,0,13592.0,0,0.0,1,1,0.5555555555555556
709,1,439.0,272.0,1.0,1.0,0.9999999999888637,0.0,1,0.0,1,0.0,1,0.0,1,1.0,0,0.0,1,0.0,1,0.0,1,1,0.8888888888888888
710,1,530.0,275.0,17.0,17.0,0.9999999968390584,0.0,1,0.0,1,0.0,1,0.0,1,17.0,0,0.0,1,0.0,1,0.0,1,1,0.8888888888888888
711,1,106.0,280.0,39.01281840626232,40.0,0.9999998925343118,0.0,1,0.0,1,0.0,1,0.0,1,39.0,0,0.0,1,0.0,1,1.0,0,1,0.7777777777777778
712,1,641.0,286.0,0.0,0.0,1.0,0.0,1,0.0,1,0.0,1,0.0,1,0.0,1,0.0,1,0.0,1,0.0,1,1,1.0
713,1,248.0,290.0,0.0,0.0,1.0,0.0,1,0.0,1,0.0,1,0.0,1,0.0,1,0.0,1,0.0,1,0.0,1,1,1.0
714,1,484.0,311.0,0.0,0.0,1.0,0.0,1,0.0,1,0.0,1,0.0,1,0.0,1,0.0,1,0.0,1,0.0,1,1,1.0
715,1,968.0,314.0,5.477225575051661,8.0,0.9999998783084912,1.0,0,0.0,1,0.0,1,0.0,1,5.0,0,0.0,1,2.0,0,0.0,1,1,0.6666666666666666
716,1,235.0,325.0,129.406336784564,142.0,0.9991117380601695,0.0,1,0.0,1,1.0,0,0.0,1,10.0,0,2.0,0,129.0,0,0.0,1,1,0.5555555555555556
717,1,571.0,326.0,0.0,0.0,1.0,0.0,1,0.0,1,0.0,1,0.0,1,0.0,1,0.0,1,0.0,1,0.0,1,1,1.0
718,1,839.0,332.0,0.0,0.0,1.0,0.0,1,0.0,1,0.0,1,0.0,1,0.0,1,0.0,1,0.0,1,0.0,1,1,1.0
719,1,780.0,333.0,2290.0054585087782,2295.0,0.9999993377289399,0.0,1,0.0,1,5.0,0,0.0,1,0.0,1,0.0,1,2290.0,0,0.0,1,1,0.7777777777777778
720,1,677.0,339.0,1.4142135623730951,2.0,0.9999997487686523,0.0,1,0.0,1,0.0,1,1.0,0,0.0,1,0.0,1,0.0,1,1.0,0,1,0.7777777777777778
721,1,870.0,340.0,39.06404996924922,42.0,0.9999995045152289,0.0,1,0.0,1,2.0,0,0.0,1,39.0,0,0.0,1,0.0,1,1.0,0,1,0.6666666666666666
722,1,374.0,342.0,0.0,0.0,1.0,0.0,1,0.0,1,0.0,1,0.0,1,0.0,1,0.0,1,0.0,1,0.0,1,1,1.0
723,1,877.0,348.0,7.0710678118654755,8.0,0.9999998626939979,0.0,1,0.0,1,1.0,0,0.0,1,7.0,0,0.0,1,0.0,1,0.0,1,1,0.7777777777777778
724,1,120.0,352.0,4.242640687119285,6.0,0.999997875936835,0.0,1,0.0,1,4.0,0,0.0,1,1.0,0,0.0,1,0.0,1,1.0,0,1,0.6666666666666666
725,1,105.0,356.0,56103.00292319476,56123.0,0.03482607369492596,0.0,1,0.0,1,2.0,0,0.0,1,18.0,0,0.0,1,56103.0,0,0.0,1,1,0.6666666666666666
726,1,166.0,362.0,0.0,0.0,1.0,0.0,1,0.0,1,0.0,1,0.0,1,0.0,1,0.0,1,0.0,1,0.0,1,1,1.0
727,1,900.0,365.0,64911.000770285464,64921.0,0.03014485360220387,0.0,1,0.0,1,0.0,1,0.0,1,10.0,0,0.0,1,64911.0,0,0.0,1,1,0.7777777777777778
728,1,112.0,368.0,20089.000224003186,20092.0,0.9993815607091692,0.0,1,0.0,1,0.0,1,0.0,1,0.0,1,3.0,0,20089.0,0,0.0,1,1,0.7777777777777778
729,1,57.0,369.0,7.0,7.0,0.9999998815658335,0.0,1,0.0,1,0.0,1,0.0,1,7.0,0,0.0,1,0.0,1,0.0,1,1,0.8888888888888888
730,1,126.0,377.0,0.0,0.0,1.0,0.0,1,0.0,1,0.0,1,0.0,1,0.0,1,0.0,1,0.0,1,0.0,1,1,1.0
731,1,275.0,379.0,20118.001640322032,20128.0,0.9995422880907275,1.0,0,0.0,1,1.0,0,0.0,1,8.0,0,0.0,1,20118.0,0,0.0,1,1,0.5555555555555556
732,1,323.0,384.0,1495.0568551061863,1509.0,0.8007192873296463,1.0,0,0.0,1,0.0,1,0.0,1,13.0,0,0.0,1,1495.0,0,0.0,1,1,0.6666666666666666
733,1,403.0,385.0,19278.000466853402,19284.0,0.9993205717829798,1.0,0,0.0,1,0.0,1,0.0,1,4.0,0,1.0,0,19278.0,0,0.0,1,1,0.5555555555555556
734,1,99.0,386.0,49285.00126813431,49298.0,0.9997722432106597,0.0,1,0.0,1,2.0,0,0.0,1,11.0,0,0.0,1,49285.0,0,0.0,1,1,0.6666666666666666
735,1,233.0,393.0,13091.004010388202,13104.0,0.9999697918502986,1.0,0,0.0,1,2.0,0,0.0,1,10.0,0,0.0,1,13091.0,0,0.0,1,1,0.5555555555555556
736,1,375.0,401.0,20222.00556324718,20237.0,0.09748740865455519,0.0,1,0.0,1,0.0,1,0.0,1,15.0,0,0.0,1,20222.0,0,0.0,1,1,0.7777777777777778
737,1,784.0,402.0,1.4142135623730951,2.0,0.9999998729927385,0.0,1,0.0,1,1.0,0,0.0,1,1.0,0,0.0,1,0.0,1,0.0,1,1,0.7777777777777778
738,1,616.0,412.0,1362.0106460670563,1371.0,0.9999999404918032,0.0,1,0.0,1,2.0,0,0.0,1,3.0,0,4.0,0,1362.0,0,0.0,1,1,0.5555555555555556
739,1,739.0,413.0,18.110770276274835,20.0,0.9999994501052877,0.0,1,0.0,1,0.0,1,0.0,1,18.0,0,0.0,1,0.0,1,2.0,0,1,0.7777777777777778
740,1,691.0,427.0,53201.010902049595,53237.0,0.03702230081030944,0.0,1,0.0,1,2.0,0,0.0,1,34.0,0,0.0,1,53201.0,0,0.0,1,1,0.6666666666666666
741,1,925.0,428.0,0.0,0.0,1.0,0.0,1,0.0,1,0.0,1,0.0,1,0.0,1,0.0,1,0.0,1,0.0,1,1,1.0
742,1,781.0,429.0,53201.00637206029,53229.0,0.03694831685741984,0.0,1,0.0,1,1.0,0,0.0,1,26.0,0,1.0,0,53201.0,0,0.0,1,1,0.5555555555555556
743,1,183.0,430.0,1.4142135623730951,2.0,0.9999998732455883,0.0,1,0.0,1,1.0,0,0.0,1,1.0,0,0.0,1,0.0,1,0.0,1,1,0.7777777777777778
744,1,590.0,441.0,11794.003137187983,11806.0,0.9999957142291052,0.0,1,0.0,1,3.0,0,0.0,1,8.0,0,1.0,0,11794.0,0,0.0,1,1,0.5555555555555556
745,1,1061.0,454.0,13.601470508735444,17.0,0.9999979313785349,0.0,1,0.0,1,0.0,1,0.0,1,13.0,0,0.0,1,0.0,1,4.0,0,1,0.7777777777777778
746,1,894.0,455.0,45993.00245689555,46009.0,0.526573424126852,0.0,1,0.0,1,1.0,0,0.0,1,15.0,0,0.0,1,45993.0,0,0.0,1,1,0.6666666666666666
747,1,686.0,456.0,17.029386365926403,18.0,0.9999998665809862,0.0,1,0.0,1,0.0,1,0.0,1,17.0,0,0.0,1,0.0,1,1.0,0,1,0.7777777777777778
748,1,20.0,460.0,4.58257569495584,7.0,0.9999993884611209,0.0,1,0.0,1,2.0,0,0.0,1,4.0,0,0.0,1,0.0,1,1.0,0,1,0.6666666666666666
749,1,50.0,463.0,11514.0023449711,11526.0,0.9999963162973649,1.0,0,0.0,1,1.0,0,0.0,1,4.0,0,6.0,0,11514.0,0,0.0,1,1,0.4444444444444444
750,1,227.0,464.0,34.02939905434711,36.0,0.9999996480455553,0.0,1,0.0,1,1.0,0,0.0,1,34.0,0,0.0,1,0.0,1,1.0,0,1,0.6666666666666666
751,1,593.0,469.0,12.083045973594572,14.0,0.9999997558621203,0.0,1,0.0,1,0.0,1,1.0,0,12.0,0,0.0,1,0.0,1,1.0,0,1,0.6666666666666666
752,1,947.0,473.0,51507.00020385579,51514.0,0.98805292028199,1.0,0,0.0,1,2.0,0,0.0,1,4.0,0,0.0,1,51507.0,0,0.0,1,1,0.5555555555555556
753,1,401.0,474.0,64193.00031156045,64201.0,0.03046768574557046,0.0,1,0.0,1,2.0,0,0.0,1,6.0,0,0.0,1,64193.0,0,0.0,1,1,0.6666666666666666
754,1,540.0,478.0,55104.00015425377,55109.0,0.03548037459461839,1.0,0,0.0,1,0.0,1,0.0,1,4.0,0,0.0,1,55104.0,0,0.0,1,1,0.6666666666666666
755,1,418.0,480.0,19.1049731745428,21.0,0.9999994473221773,0.0,1,0.0,1,0.0,1,0.0,1,19.0,0,0.0,1,0.0,1,2.0,0,1,0.7777777777777778
756,1,876.0,485.0,0.0,0.0,1.0,0.0,1,0.0,1,0.0,1,0.0,1,0.0,1,0.0,1,0.0,1,0.0,1,1,1.0
757,1,832.0,496.0,5010.001796406864,5016.0,0.9999973308689528,1.0,0,0.0,1,0.0,1,0.0,1,4.0,0,1.0,0,5010.0,0,0.0,1,1,0.5555555555555556
758,1,333.0,497.0,21.587033144922902,26.0,0.9999969820032277,0.0,1,0.0,1,5.0,0,0.0,1,21.0,0,0.0,1,0.0,1,0.0,1,1,0.7777777777777778
759,1,507.0,498.0,15.652475842498529,21.0,0.999975067136673,0.0,1,0.0,1,14.0,0,0.0,1,7.0,0,0.0,1,0.0,1,0.0,1,1,0.7777777777777778
760,1,983.0,510.0,2993.13431038435,3027.0,0.999999599975102,0.0,1,0.0,1,2.0,0,0.0,1,28.0,0,4.0,0,2993.0,0,0.0,1,1,0.5555555555555556
761,1,431.0,513.0,97007.00670054715,97045.0,0.019946015085514968,0.0,1,0.0,1,2.0,0,0.0,1,36.0,0,0.0,1,97007.0,0,0.0,1,1,0.6666666666666666
762,1,365.0,518.0,24.20743687382041,28.0,0.9999988089192601,0.0,1,0.0,1,1.0,0,0.0,1,24.0,0,0.0,1,0.0,1,3.0,0,1,0.6666666666666666
763,1,353.0,519.0,14.422205101855956,20.0,0.9999919390372012,0.0,1,0.0,1,0.0,1,0.0,1,12.0,0,0.0,1,0.0,1,8.0,0,1,0.7777777777777778
764,1,719.0,520.0,22881.005288229797,22901.0,0.9981269260350591,1.0,0,0.0,1,4.0,0,0.0,1,15.0,0,0.0,1,22881.0,0,0.0,1,1,0.5555555555555556
765,1,1010.0,527.0,47114.0005624655,47123.0,0.04178445321647162,0.0,1,0.0,1,2.0,0,0.0,1,7.0,0,0.0,1,47114.0,0,0.0,1,1,0.6666666666666666
766,1,954.0,528.0,61902.00021000937,61908.0,0.03171086468656881,0.0,1,0.0,1,1.0,0,0.0,1,5.0,0,0.0,1,61902.0,0,0.0,1,1,0.6666666666666666
767,1,773.0,529.0,47620.00055648886,47629.0,0.04136048504271883,0.0,1,0.0,1,2.0,0,0.0,1,7.0,0,0.0,1,47620.0,0,0.0,1,1,0.6666666666666666
768,1,918.0,535.0,2119.047427501329,2136.0,0.9999988335850016,0.0,1,0.0,1,1.0,0,0.0,1,14.0,0,0.0,1,2119.0,0,2.0,0,1,0.5555555555555556
769,1,158.0,543.0,8101.001357856941,8109.0,0.9987177660931046,0.0,1,0.0,1,3.0,0,0.0,1,2.0,0,3.0,0,8101.0,0,0.0,1,1,0.5555555555555556
770,1,628.0,553.0,51229.00025376252,51235.0,0.9887402234304394,0.0,1,0.0,1,5.0,0,0.0,1,1.0,0,0.0,1,51229.0,0,0.0,1,1,0.6666666666666666
771,1,328.0,554.0,9.1104335791443,17.0,0.9999999830573928,0.0,1,0.0,1,1.0,0,0.0,1,3.0,0,6.0,0,1.0,0,6.0,0,1,0.4444444444444444
772,1,495.0,555.0,10.295630140987,14.0,0.9999898598092115,0.0,1,0.0,1,0.0,1,0.0,1,5.0,0,0.0,1,0.0,1,9.0,0,1,0.7777777777777778
773,1,914.0,558.0,32701.000993853384,32712.0,0.9960352906738836,0.0,1,0.0,1,0.0,1,0.0,1,7.0,0,4.0,0,32701.0,0,0.0,1,1,0.6666666666666666
774,1,110.0,575.0,84111.00002972262,84114.0,0.023139513878906448,0.0,1,0.0,1,0.0,1,0.0,1,1.0,0,2.0,0,84111.0,0,0.0,1,1,0.6666666666666666
775,1,782.0,578.0,64192.00056860668,64203.0,0.03062948010781974,0.0,1,0.0,1,0.0,1,0.0,1,8.0,0,3.0,0,64192.0,0,0.0,1,1,0.6666666666666666
776,1,24.0,586.0,65165.00029156756,65175.0,0.9931352204570307,0.0,1,0.0,1,2.0,0,3.0,0,5.0,0,0.0,1,65165.0,0,0.0,1,1,0.5555555555555556
777,1,903.0,588.0,3234.0044836085185,3243.0,0.999126875116538,0.0,1,0.0,1,2.0,0,3.0,0,4.0,0,0.0,1,3234.0,0,0.0,1,1,0.5555555555555556
778,1,791.0,591.0,69202.0010837837,69220.0,0.028230647568457168,0.0,1,0.0,1,10.0,0,1.0,0,7.0,0,0.0,1,69202.0,0,0.0,1,1,0.5555555555555556
779,1,245.0,592.0,20180.029980156123,20226.0,0.999965578850544,0.0,1,0.0,1,4.0,0,1.0,0,34.0,0,1.0,0,20180.0,0,6.0,0,1,0.3333333333333333
780,1,354.0,593.0,2930.13805135526,2969.0,0.9999980257160949,0.0,1,0.0,1,0.0,1,0.0,1,27.0,0,4.0,0,2930.0,0,8.0,0,1,0.5555555555555556
781,1,335.0,599.0,24.20743687382041,28.0,0.9999988286256151,0.0,1,0.0,1,3.0,0,1.0,0,24.0,0,0.0,1,0.0,1,0.0,1,1,0.6666666666666666
782,1,5.0,600.0,49234.00790104336,49268.0,0.039838033533859396,0.0,1,0.0,1,0.0,1,0.0,1,27.0,0,0.0,1,49234.0,0,7.0,0,1,0.6666666666666666
783,1,45.0,601.0,49234.00046715684,49244.0,0.039782864880467894,0.0,1,0.0,1,1.0,0,0.0,1,3.0,0,0.0,1,49234.0,0,6.0,0,1,0.5555555555555556
784,1,33.0,617.0,25.199206336708304,29.0,0.9999988317529986,0.0,1,0.0,1,3.0,0,1.0,0,25.0,0,0.0,1,0.0,1,0.0,1,1,0.6666666666666666
785,1,701.0,628.0,10000.002699999635,10012.0,0.999877302835571,0.0,1,0.0,1,0.0,1,0.0,1,3.0,0,6.0,0,10000.0,0,3.0,0,1,0.5555555555555556
786,1,54.0,629.0,10.0,14.0,0.9999919176882295,0.0,1,0.0,1,0.0,1,0.0,1,6.0,0,0.0,1,0.0,1,8.0,0,1,0.7777777777777778
787,1,1012.0,633.0,13.45362404707371,19.0,0.9999898760336889,0.0,1,0.0,1,0.0,1,0.0,1,10.0,0,0.0,1,0.0,1,9.0,0,1,0.7777777777777778
788,1,184.0,634.0,49233.01743748802,49280.0,0.03983527582300406,0.0,1,0.0,1,0.0,1,0.0,1,41.0,0,6.0,0,49233.0,0,0.0,1,1,0.6666666666666666
789,1,1031.0,635.0,0.0,0.0,1.0,0.0,1,0.0,1,0.0,1,0.0,1,0.0,1,0.0,1,0.0,1,0.0,1,1,1.0
790,1,539.0,646.0,46499.00422589714,46526.0,0.04243611604862563,0.0,1,0.0,1,4.0,0,0.0,1,19.0,0,4.0,0,46499.0,0,0.0,1,1,0.5555555555555556
791,1,957.0,657.0,12279.02353609602,12309.0,0.9979082962883451,0.0,1,0.0,1,7.0,0,0.0,1,23.0,0,0.0,1,12279.0,0,0.0,1,1,0.6666666666666666
792,1,717.0,663.0,9.1104335791443,11.0,0.9999897126529642,0.0,1,0.0,1,1.0,0,0.0,1,1.0,0,0.0,1,0.0,1,9.0,0,1,0.6666666666666666
793,1,764.0,664.0,46.184412955021955,59.0,0.9999752768202133,0.0,1,0.0,1,14.0,0,0.0,1,44.0,0,0.0,1,0.0,1,1.0,0,1,0.6666666666666666
794,1,83.0,672.0,15.524174696260024,25.0,0.9999878431184527,0.0,1,0.0,1,4.0,0,0.0,1,12.0,0,0.0,1,0.0,1,9.0,0,1,0.6666666666666666
795,1,738.0,675.0,35087.01192749249,35126.0,0.9998321240150018,0.0,1,0.0,1,4.0,0,0.0,1,28.0,0,1.0,0,35087.0,0,6.0,0,1,0.4444444444444444
796,1,871.0,676.0,84221.0007420952,84234.0,0.02308136607214828,0.0,1,0.0,1,0.0,1,0.0,1,11.0,0,2.0,0,84221.0,0,0.0,1,1,0.6666666666666666
797,1,321.0,692.0,49233.00041638738,49242.0,0.03986825961449647,0.0,1,0.0,1,1.0,0,0.0,1,6.0,0,0.0,1,49233.0,0,2.0,0,1,0.5555555555555556
798,1,186.0,695.0,21.840329667841555,27.0,0.9999954394518917,0.0,1,0.0,1,0.0,1,0.0,1,21.0,0,0.0,1,0.0,1,6.0,0,1,0.7777777777777778
799,1,788.0,700.0,3.872983346207417,7.0,0.9999992412950275,0.0,1,0.0,1,2.0,0,1.0,0,3.0,0,0.0,1,0.0,1,1.0,0,1,0.5555555555555556
800,1,538.0,706.0,47712.0241972608,47769.0,0.041117381647065576,0.0,1,0.0,1,10.0,0,0.0,1,47.0,0,0.0,1,47712.0,0,0.0,1,1,0.6666666666666666
801,1,263.0,707.0,18.24828759089466,21.0,0.9999988811877708,0.0,1,0.0,1,0.0,1,0.0,1,18.0,0,3.0,0,0.0,1,0.0,1,1,0.7777777777777778
802,1,301.0,716.0,7.745966692414834,16.0,0.999999885529899,1.0,0,0.0,1,1.0,0,1.0,0,2.0,0,1.0,0,4.0,0,6.0,0,1,0.2222222222222222
803,1,222.0,718.0,50.635955604688654,58.0,0.9999918592553744,0.0,1,0.0,1,0.0,1,0.0,1,50.0,0,0.0,1,0.0,1,8.0,0,1,0.7777777777777778
804,1,242.0,722.0,0.0,0.0,1.0,0.0,1,0.0,1,0.0,1,0.0,1,0.0,1,0.0,1,0.0,1,0.0,1,1,1.0
805,1,229.0,723.0,16.1245154965971,18.0,0.9999994417242793,0.0,1,0.0,1,2.0,0,0.0,1,16.0,0,0.0,1,0.0,1,0.0,1,1,0.7777777777777778
806,1,826.0,724.0,10.0,14.0,0.999991982244937,0.0,1,0.0,1,0.0,1,0.0,1,6.0,0,0.0,1,0.0,1,8.0,0,1,0.7777777777777778
807,1,849.0,725.0,47822.01075864544,47857.0,0.041068284135337696,0.0,1,0.0,1,1.0,0,0.0,1,32.0,0,0.0,1,47822.0,0,2.0,0,1,0.5555555555555556
808,1,367.0,732.0,14.628738838327793,22.0,0.9999943850931374,0.0,1,0.0,1,3.0,0,0.0,1,13.0,0,0.0,1,0.0,1,6.0,0,1,0.6666666666666666
809,1,1019.0,733.0,17894.00832681152,17922.0,0.9999884577620322,0.0,1,0.0,1,6.0,0,0.0,1,15.0,0,1.0,0,17894.0,0,6.0,0,1,0.4444444444444444
810,1,73.0,735.0,41499.01673533965,41542.0,0.9899023546361858,0.0,1,0.0,1,2.0,0,0.0,1,37.0,0,4.0,0,41499.0,0,0.0,1,1,0.5555555555555556
811,1,23.0,736.0,17.11724276862369,23.0,0.9999953535500948,0.0,1,0.0,1,1.0,0,0.0,1,16.0,0,0.0,1,0.0,1,6.0,0,1,0.6666666666666666
812,1,798.0,739.0,3915.0114942360005,3933.0,0.999992324705549,0.0,1,0.0,1,3.0,0,0.0,1,4.0,0,4.0,0,3915.0,0,7.0,0,1,0.4444444444444444
813,1,218.0,744.0,64192.00577953613,64224.0,0.030462695602590073,0.0,1,0.0,1,3.0,0,0.0,1,27.0,0,0.0,1,64192.0,0,2.0,0,1,0.5555555555555556
814,1,334.0,745.0,71489.00649050873,71529.0,0.9876938889299396,0.0,1,0.0,1,12.0,0,0.0,1,28.0,0,0.0,1,71489.0,0,0.0,1,1,0.6666666666666666
815,1,104.0,746.0,34986.00454467472,35016.0,0.9999315559446007,0.0,1,0.0,1,10.0,0,0.0,1,13.0,0,0.0,1,34986.0,0,7.0,0,1,0.5555555555555556
816,1,266.0,747.0,8.06225774829855,9.0,0.9999918104072248,0.0,1,0.0,1,0.0,1,1.0,0,0.0,1,0.0,1,0.0,1,8.0,0,1,0.7777777777777778
817,1,477.0,750.0,62021.00791667288,62059.0,0.031642902042463006,0.0,1,0.0,1,4.0,0,1.0,0,31.0,0,0.0,1,62021.0,0,2.0,0,1,0.4444444444444444
818,1,196.0,753.0,2290.217020284322,2338.0,0.9999997134860606,0.0,1,0.0,1,16.0,0,1.0,0,27.0,0,2.0,0,2290.0,0,2.0,0,1,0.3333333333333333
819,1,433.0,762.0,47632.02130919913,47680.0,0.041230440398258406,0.0,1,0.0,1,1.0,0,0.0,1,45.0,0,0.0,1,47632.0,0,2.0,0,1,0.5555555555555556
820,1,469.0,763.0,36.49657518178932,42.0,0.9999954955830502,0.0,1,0.0,1,0.0,1,0.0,1,36.0,0,0.0,1,0.0,1,6.0,0,1,0.7777777777777778
821,1,191.0,766.0,8.06225774829855,9.0,0.9999917689426279,0.0,1,0.0,1,1.0,0,0.0,1,0.0,1,0.0,1,0.0,1,8.0,0,1,0.7777777777777778
822,1,1069.0,775.0,19.209372712298546,27.0,0.999994429317172,0.0,1,0.0,1,3.0,0,0.0,1,18.0,0,0.0,1,0.0,1,6.0,0,1,0.6666666666666666
823,1,990.0,779.0,26.70205984563738,33.0,0.9999953095783018,0.0,1,0.0,1,1.0,0,0.0,1,26.0,0,0.0,1,0.0,1,6.0,0,1,0.6666666666666666
824,1,319.0,782.0,52.182372502598994,59.0,0.9999934120600352,1.0,0,0.0,1,1.0,0,1.0,0,52.0,0,4.0,0,0.0,1,0.0,1,1,0.4444444444444444
825,1,26.0,783.0,8.06225774829855,9.0,0.9999918348991405,0.0,1,0.0,1,1.0,0,0.0,1,0.0,1,0.0,1,0.0,1,8.0,0,1,0.7777777777777778
826,1,969.0,788.0,40.63249930782009,49.0,0.9999936836420202,0.0,1,0.0,1,1.0,0,1.0,0,40.0,0,0.0,1,0.0,1,7.0,0,1,0.5555555555555556
827,1,500.0,791.0,1637.2959414840068,1672.0,0.9999997120254359,0.0,1,0.0,1,0.0,1,0.0,1,31.0,0,2.0,0,1637.0,0,2.0,0,1,0.5555555555555556
828,1,244.0,795.0,8.602325267042627,12.0,0.999990767530843,0.0,1,0.0,1,3.0,0,0.0,1,1.0,0,0.0,1,0.0,1,8.0,0,1,0.6666666666666666
829,1,412.0,802.0,10.198039027185569,16.0,0.9999913980192737,0.0,1,0.0,1,2.0,0,0.0,1,6.0,0,0.0,1,0.0,1,8.0,0,1,0.6666666666666666
830,1,866.0,808.0,84111.00049339564,84122.0,0.022983760539093234,0.0,1,0.0,1,1.0,0,0.0,1,9.0,0,0.0,1,84111.0,0,1.0,0,1,0.5555555555555556
831,1,1029.0,814.0,23.130067012440755,35.0,0.9999882145803511,0.0,1,0.0,1,2.0,0,3.0,0,21.0,0,0.0,1,0.0,1,9.0,0,1,0.5555555555555556
832,1,693.0,818.0,60201.002649457594,60228.0,0.03253971986687898,1.0,0,0.0,1,14.0,0,1.0,0,11.0,0,0.0,1,60201.0,0,0.0,1,1,0.4444444444444444
833,1,836.0,819.0,7.874007874011811,12.0,0.9999967107983515,0.0,1,0.0,1,1.0,0,0.0,1,6.0,0,0.0,1,0.0,1,5.0,0,1,0.6666666666666666
834,1,465.0,830.0,30.528675044947494,38.0,0.9999956815612624,0.0,1,0.0,1,4.0,0,0.0,1,30.0,0,0.0,1,0.0,1,4.0,0,1,0.6666666666666666
835,1,486.0,832.0,9.539392014169456,13.0,0.9999987155867509,0.0,1,0.0,1,3.0,0,1.0,0,9.0,0,0.0,1,0.0,1,0.0,1,1,0.6666666666666666
836,1,499.0,834.0,10.770329614269007,18.0,0.9999872940056627,0.0,1,0.0,1,6.0,0,0.0,1,4.0,0,0.0,1,0.0,1,8.0,0,1,0.6666666666666666
837,1,381.0,838.0,53980.00231567242,54002.0,0.9947168120873308,0.0,1,0.0,1,3.0,0,0.0,1,15.0,0,4.0,0,53980.0,0,0.0,1,1,0.5555555555555556
838,1,702.0,843.0,11.445523142259598,17.0,0.9999837317365677,0.0,1,0.0,1,7.0,0,0.0,1,1.0,0,0.0,1,0.0,1,9.0,0,1,0.6666666666666666
839,1,724.0,851.0,70.27090436304346,78.0,0.9999934126893936,0.0,1,0.0,1,1.0,0,1.0,0,70.0,0,6.0,0,0.0,1,0.0,1,1,0.5555555555555556
840,1,685.0,857.0,15.937377450509228,26.0,0.9999727199847682,0.0,1,0.0,1,13.0,0,0.0,1,6.0,0,0.0,1,0.0,1,7.0,0,1,0.6666666666666666
841,1,270.0,860.0,45202.00013273749,45208.0,0.04330478800929538,0.0,1,0.0,1,0.0,1,2.0,0,2.0,0,0.0,1,45202.0,0,2.0,0,1,0.5555555555555556
842,1,177.0,868.0,14102.020599899859,14129.0,0.13807812298049305,0.0,1,0.0,1,2.0,0,1.0,0,24.0,0,0.0,1,14102.0,0,0.0,1,1,0.5555555555555556
843,1,847.0,871.0,19939.00366116622,19957.0,0.9999729207710218,0.0,1,0.0,1,11.0,0,3.0,0,0.0,1,4.0,0,19939.0,0,0.0,1,1,0.5555555555555556
844,1,647.0,872.0,59.04235767650204,70.0,0.9999849052956395,0.0,1,0.0,1,11.0,0,0.0,1,58.0,0,0.0,1,0.0,1,1.0,0,1,0.6666666666666666
845,1,250.0,875.0,64192.00387119879,64225.0,0.03057466987050772,0.0,1,0.0,1,9.0,0,0.0,1,20.0,0,4.0,0,64192.0,0,0.0,1,1,0.5555555555555556
846,1,874.0,876.0,23.853720883753127,33.0,0.9999894582429043,0.0,1,0.0,1,9.0,0,0.0,1,22.0,0,0.0,1,0.0,1,2.0,0,1,0.6666666666666666
847,1,600.0,878.0,14102.017337955587,14139.0,0.13903972505918227,0.0,1,0.0,1,16.0,0,1.0,0,14.0,0,0.0,1,14102.0,0,6.0,0,1,0.4444444444444444
848,1,674.0,879.0,10792.02293363019,10823.0,0.18077387347735963,0.0,1,0.0,1,7.0,0,1.0,0,21.0,0,0.0,1,10792.0,0,2.0,0,1,0.4444444444444444
849,1,510.0,882.0,62021.00310378735,62052.0,0.031581012436190714,0.0,1,0.0,1,12.0,0,0.0,1,15.0,0,4.0,0,62021.0,0,0.0,1,1,0.5555555555555556
850,1,103.0,883.0,45403.00045151201,45412.0,0.04333128461343527,0.0,1,0.0,1,5.0,0,0.0,1,4.0,0,0.0,1,45403.0,0,0.0,1,1,0.6666666666666666
851,1,517.0,892.0,6.48074069840786,10.0,0.9999948720815576,0.0,1,0.0,1,5.0,0,0.0,1,1.0,0,0.0,1,0.0,1,4.0,0,1,0.6666666666666666
852,1,548.0,899.0,22.315913604421397,28.0,0.9999983132249423,1.0,0,0.0,1,3.0,0,2.0,0,22.0,0,0.0,1,0.0,1,0.0,1,1,0.5555555555555556
853,1,818.0,904.0,9.643650760992955,15.0,0.9999999934370953,0.0,1,0.0,1,2.0,0,0.0,1,9.0,0,2.0,0,0.0,1,2.0,0,1,0.5555555555555556
854,1,188.0,905.0,84131.0009984429,84151.0,0.023123839523460643,0.0,1,0.0,1,8.0,0,0.0,1,10.0,0,2.0,0,84131.0,0,0.0,1,1,0.5555555555555556
855,1,29.0,908.0,32514.000369071782,32524.0,0.9906498515638085,0.0,1,0.0,1,3.0,0,3.0,0,1.0,0,1.0,0,32514.0,0,2.0,0,1,0.3333333333333333
856,1,643.0,909.0,18.411952639521967,31.0,0.9999856231996815,0.0,1,0.0,1,8.0,0,1.0,0,15.0,0,0.0,1,0.0,1,7.0,0,1,0.5555555555555556
857,1,545.0,922.0,14106.008471569836,14127.0,0.1388676616657083,1.0,0,0.0,1,2.0,0,0.0,1,15.0,0,3.0,0,14106.0,0,0.0,1,1,0.4444444444444444
858,1,879.0,931.0,1182.281269410964,1221.0,0.9999999930228135,0.0,1,0.0,1,8.0,0,3.0,0,24.0,0,4.0,0,1182.0,0,0.0,1,1,0.4444444444444444
859,1,622.0,936.0,21.748563170931547,35.0,0.9999813476520542,0.0,1,0.0,1,10.0,0,0.0,1,18.0,0,0.0,1,0.0,1,7.0,0,1,0.6666666666666666
860,1,62.0,957.0,10712.01516989217,10741.0,0.1821721921285182,0.0,1,0.0,1,4.0,0,2.0,0,16.0,0,7.0,0,10712.0,0,0.0,1,1,0.4444444444444444
861,1,55.0,959.0,10712.02865940901,10750.0,0.18235810952361708,0.0,1,0.0,1,9.0,0,0.0,1,22.0,0,7.0,0,10712.0,0,0.0,1,1,0.5555555555555556
862,1,80.0,975.0,14102.012267758102,14128.0,0.13925098010181158,0.0,1,0.0,1,4.0,0,1.0,0,18.0,0,1.0,0,14102.0,0,2.0,0,1,0.3333333333333333
863,1,721.0,976.0,4199.0266729326695,4225.0,0.9999912115162689,0.0,1,0.0,1,5.0,0,1.0,0,13.0,0,5.0,0,4199.0,0,2.0,0,1,0.3333333333333333
864,1,863.0,977.0,45202.01548603779,45248.0,0.04358443190946959,0.0,1,0.0,1,5.0,0,1.0,0,37.0,0,1.0,0,45202.0,0,2.0,0,1,0.3333333333333333
865,1,190.0,997.0,17.804493814764857,25.0,0.9999847799699831,0.0,1,0.0,1,11.0,0,0.0,1,14.0,0,0.0,1,0.0,1,0.0,1,1,0.7777777777777778
866,1,580.0,998.0,15.066519173319364,27.0,0.9999895757219651,0.0,1,0.0,1,3.0,0,1.0,0,12.0,0,3.0,0,0.0,1,8.0,0,1,0.4444444444444444
867,1,293.0,999.0,36.15245496505044,41.0,0.9999986232490039,1.0,0,0.0,1,1.0,0,0.0,1,36.0,0,3.0,0,0.0,1,0.0,1,1,0.5555555555555556
868,1,90.0,9.0,0.0,0.0,1.0,0.0,1,0.0,1,0.0,1,0.0,1,0.0,1,0.0,1,0.0,1,0.0,1,1,1.0
869,1,883.0,16.0,69798.003725035,69826.0,0.9977479620580341,0.0,1,0.0,1,6.0,0,0.0,1,22.0,0,0.0,1,69798.0,0,0.0,1,1,0.6666666666666666
870,1,316.0,50.0,0.0,0.0,1.0,0.0,1,0.0,1,0.0,1,0.0,1,0.0,1,0.0,1,0.0,1,0.0,1,1,1.0
871,1,950.0,59.0,0.0,0.0,1.0,0.0,1,0.0,1,0.0,1,0.0,1,0.0,1,0.0,1,0.0,1,0.0,1,1,1.0
872,1,854.0,60.0,0.0,0.0,1.0,0.0,1,0.0,1,0.0,1,0.0,1,0.0,1,0.0,1,0.0,1,0.0,1,1,1.0
873,1,961.0,69.0,0.0,0.0,1.0,0.0,1,0.0,1,0.0,1,0.0,1,0.0,1,0.0,1,0.0,1,0.0,1,1,1.0
874,1,373.0,80.0,5.830951894845301,8.0,0.9999988283930759,0.0,1,0.0,1,3.0,0,0.0,1,5.0,0,0.0,1,0.0,1,0.0,1,1,0.7777777777777778
875,1,176.0,85.0,1.0,1.0,0.9999998683826326,0.0,1,0.0,1,0.0,1,0.0,1,0.0,1,0.0,1,0.0,1,1.0,0,1,0.8888888888888888
876,1,396.0,90.0,0.0,0.0,1.0,0.0,1,0.0,1,0.0,1,0.0,1,0.0,1,0.0,1,0.0,1,0.0,1,1,1.0
877,1,289.0,91.0,1.0,1.0,0.9999999999914324,0.0,1,0.0,1,0.0,1,0.0,1,1.0,0,0.0,1,0.0,1,0.0,1,1,0.8888888888888888
878,1,383.0,101.0,0.0,0.0,1.0,0.0,1,0.0,1,0.0,1,0.0,1,0.0,1,0.0,1,0.0,1,0.0,1,1,1.0
879,1,461.0,102.0,8.246211251235321,10.0,0.9999914924837722,0.0,1,0.0,1,8.0,0,0.0,1,2.0,0,0.0,1,0.0,1,0.0,1,1,0.7777777777777778
880,1,541.0,108.0,0.0,0.0,1.0,0.0,1,0.0,1,0.0,1,0.0,1,0.0,1,0.0,1,0.0,1,0.0,1,1,1.0
881,1,885.0,139.0,0.0,0.0,1.0,0.0,1,0.0,1,0.0,1,0.0,1,0.0,1,0.0,1,0.0,1,0.0,1,1,1.0
882,1,269.0,140.0,0.0,0.0,1.0,0.0,1,0.0,1,0.0,1,0.0,1,0.0,1,0.0,1,0.0,1,0.0,1,1,1.0
883,1,875.0,158.0,0.0,0.0,1.0,0.0,1,0.0,1,0.0,1,0.0,1,0.0,1,0.0,1,0.0,1,0.0,1,1,1.0
884,1,550.0,165.0,0.0,0.0,1.0,0.0,1,0.0,1,0.0,1,0.0,1,0.0,1,0.0,1,0.0,1,0.0,1,1,1.0
885,1,74.0,169.0,0.0,0.0,1.0,0.0,1,0.0,1,0.0,1,0.0,1,0.0,1,0.0,1,0.0,1,0.0,1,1,1.0
886,1,626.0,177.0,16.0,16.0,0.9999999978640101,0.0,1,0.0,1,0.0,1,0.0,1,16.0,0,0.0,1,0.0,1,0.0,1,1,0.8888888888888888
887,1,151.0,185.0,19.131126469708992,22.0,0.9999994040665381,0.0,1,0.0,1,1.0,0,0.0,1,19.0,0,0.0,1,0.0,1,2.0,0,1,0.6666666666666666
888,1,637.0,218.0,0.0,0.0,1.0,0.0,1,0.0,1,0.0,1,0.0,1,0.0,1,0.0,1,0.0,1,0.0,1,1,1.0
889,1,220.0,222.0,17.11724276862369,19.0,0.9999994016333777,0.0,1,0.0,1,2.0,0,0.0,1,17.0,0,0.0,1,0.0,1,0.0,1,1,0.7777777777777778
890,1,558.0,247.0,0.0,0.0,1.0,0.0,1,0.0,1,0.0,1,0.0,1,0.0,1,0.0,1,0.0,1,0.0,1,1,1.0
891,1,929.0,282.0,3.0,3.0,0.9999999999133721,0.0,1,0.0,1,0.0,1,0.0,1,3.0,0,0.0,1,0.0,1,0.0,1,1,0.8888888888888888
892,1,656.0,283.0,13994.093075294304,14047.0,0.13759991992457543,0.0,1,0.0,1,2.0,0,0.0,1,51.0,0,0.0,1,13994.0,0,0.0,1,1,0.6666666666666666
893,1,756.0,287.0,201.0870458284173,210.0,0.9999987614409739,1.0,0,0.0,1,3.0,0,0.0,1,5.0,0,0.0,1,201.0,0,0.0,1,1,0.5555555555555556
894,1,127.0,292.0,0.0,0.0,1.0,0.0,1,0.0,1,0.0,1,0.0,1,0.0,1,0.0,1,0.0,1,0.0,1,1,1.0
895,1,42.0,293.0,0.0,0.0,1.0,0.0,1,0.0,1,0.0,1,0.0,1,0.0,1,0.0,1,0.0,1,0.0,1,1,1.0
896,1,288.0,294.0,0.0,0.0,1.0,0.0,1,0.0,1,0.0,1,0.0,1,0.0,1,0.0,1,0.0,1,0.0,1,1,1.0
897,1,107.0,296.0,0.0,0.0,1.0,0.0,1,0.0,1,0.0,1,0.0,1,0.0,1,0.0,1,0.0,1,0.0,1,1,1.0
898,1,87.0,297.0,2.23606797749979,3.0,0.9999998697054087,0.0,1,0.0,1,1.0,0,0.0,1,2.0,0,0.0,1,0.0,1,0.0,1,1,0.7777777777777778
899,1,82.0,301.0,45842.00028358274,45848.0,0.5813414800015511,0.0,1,0.0,1,1.0,0,0.0,1,5.0,0,0.0,1,45842.0,0,0.0,1,1,0.6666666666666666
900,1,566.0,302.0,8.0,8.0,0.9999999992601122,0.0,1,0.0,1,0.0,1,0.0,1,8.0,0,0.0,1,0.0,1,0.0,1,1,0.8888888888888888
901,1,179.0,318.0,0.0,0.0,1.0,0.0,1,0.0,1,0.0,1,0.0,1,0.0,1,0.0,1,0.0,1,0.0,1,1,1.0
902,1,21.0,324.0,7.280109889280518,9.0,0.9999994542333348,0.0,1,0.0,1,2.0,0,0.0,1,7.0,0,0.0,1,0.0,1,0.0,1,1,0.7777777777777778
903,1,391.0,343.0,19.0,19.0,0.9999999960425247,0.0,1,0.0,1,0.0,1,0.0,1,19.0,0,0.0,1,0.0,1,0.0,1,1,0.8888888888888888
904,1,241.0,344.0,0.0,0.0,1.0,0.0,1,0.0,1,0.0,1,0.0,1,0.0,1,0.0,1,0.0,1,0.0,1,1,1.0
905,1,834.0,354.0,1703.004110388463,1709.0,0.9999990204484023,0.0,1,0.0,1,3.0,0,2.0,0,1.0,0,0.0,1,1703.0,0,0.0,1,1,0.5555555555555556
906,1,899.0,380.0,9.273618495495704,12.0,0.9999993073704726,0.0,1,0.0,1,1.0,0,0.0,1,9.0,0,0.0,1,0.0,1,2.0,0,1,0.6666666666666666
907,1,775.0,392.0,1.0,1.0,0.9999999999888323,0.0,1,0.0,1,0.0,1,0.0,1,1.0,0,0.0,1,0.0,1,0.0,1,1,0.8888888888888888
908,1,282.0,399.0,15.165750888103101,18.0,0.999999353398402,0.0,1,0.0,1,2.0,0,0.0,1,15.0,0,0.0,1,0.0,1,1.0,0,1,0.6666666666666666
909,1,98.0,400.0,25.079872407968907,27.0,0.999999514690516,0.0,1,0.0,1,2.0,0,0.0,1,25.0,0,0.0,1,0.0,1,0.0,1,1,0.7777777777777778
910,1,232.0,405.0,4.358898943540674,7.0,0.9999976010554059,0.0,1,0.0,1,3.0,0,0.0,1,1.0,0,0.0,1,0.0,1,3.0,0,1,0.6666666666666666
911,1,1058.0,410.0,3.1622776601683795,4.0,0.999999872477456,0.0,1,0.0,1,1.0,0,0.0,1,3.0,0,0.0,1,0.0,1,0.0,1,1,0.7777777777777778
912,1,729.0,411.0,3.1622776601683795,4.0,0.9999988223326582,0.0,1,0.0,1,3.0,0,0.0,1,1.0,0,0.0,1,0.0,1,0.0,1,1,0.7777777777777778
913,1,872.0,437.0,63.079315151640635,67.0,0.9999985872808765,0.0,1,0.0,1,3.0,0,0.0,1,63.0,0,0.0,1,0.0,1,1.0,0,1,0.6666666666666666
914,1,379.0,438.0,4.0,4.0,0.9999999998727909,0.0,1,0.0,1,0.0,1,0.0,1,4.0,0,0.0,1,0.0,1,0.0,1,1,0.8888888888888888
915,1,68.0,439.0,0.0,0.0,1.0,0.0,1,0.0,1,0.0,1,0.0,1,0.0,1,0.0,1,0.0,1,0.0,1,1,1.0
916,1,901.0,443.0,7.681145747868608,11.0,0.9999986829451867,0.0,1,0.0,1,1.0,0,0.0,1,7.0,0,0.0,1,0.0,1,3.0,0,1,0.6666666666666666
917,1,18.0,471.0,20.024984394500787,21.0,0.999999818859287,0.0,1,0.0,1,1.0,0,0.0,1,20.0,0,0.0,1,0.0,1,0.0,1,1,0.7777777777777778
918,1,125.0,475.0,2109.002133711581,2112.0,0.9999985399741579,0.0,1,0.0,1,0.0,1,0.0,1,3.0,0,0.0,1,2109.0,0,0.0,1,1,0.7777777777777778
919,1,44.0,486.0,3.605551275463989,5.0,0.9999988047977387,0.0,1,0.0,1,3.0,0,0.0,1,2.0,0,0.0,1,0.0,1,0.0,1,1,0.7777777777777778
920,1,958.0,491.0,2.23606797749979,3.0,0.9999993378535775,0.0,1,0.0,1,1.0,0,2.0,0,0.0,1,0.0,1,0.0,1,0.0,1,1,0.7777777777777778
921,1,516.0,524.0,6.782329983125268,10.0,0.999994060745572,0.0,1,0.0,1,6.0,0,3.0,0,1.0,0,0.0,1,0.0,1,0.0,1,1,0.6666666666666666
922,1,148.0,541.0,9.899494936611665,14.0,0.999997783495305,0.0,1,0.0,1,1.0,0,0.0,1,9.0,0,0.0,1,0.0,1,4.0,0,1,0.6666666666666666
923,1,154.0,542.0,0.0,0.0,1.0,0.0,1,0.0,1,0.0,1,0.0,1,0.0,1,0.0,1,0.0,1,0.0,1,1,1.0
924,1,617.0,579.0,1511.0502969788927,1527.0,0.9999988789859044,0.0,1,0.0,1,2.0,0,0.0,1,12.0,0,2.0,0,1511.0,0,0.0,1,1,0.5555555555555556
925,1,956.0,613.0,37.282703764614496,44.0,0.9999973795307642,1.0,0,0.0,1,4.0,0,0.0,1,37.0,0,0.0,1,0.0,1,2.0,0,1,0.5555555555555556
926,1,185.0,614.0,45.044422518220834,47.0,0.9999996028392505,0.0,1,0.0,1,2.0,0,0.0,1,45.0,0,0.0,1,0.0,1,0.0,1,1,0.7777777777777778
927,1,174.0,626.0,11.61895003862225,19.0,0.999992792544152,0.0,1,0.0,1,1.0,0,2.0,0,9.0,0,0.0,1,0.0,1,7.0,0,1,0.5555555555555556
928,1,1011.0,642.0,33.06055050963308,43.0,0.9999907210644521,0.0,1,0.0,1,1.0,0,2.0,0,32.0,0,0.0,1,0.0,1,8.0,0,1,0.5555555555555556
929,1,416.0,643.0,33495.00062695924,33505.0,0.995385626435042,1.0,0,0.0,1,1.0,0,0.0,1,6.0,0,2.0,0,33495.0,0,0.0,1,1,0.4444444444444444
930,1,649.0,651.0,15122.055746491613,15166.0,0.1299108663284576,0.0,1,0.0,1,2.0,0,0.0,1,41.0,0,0.0,1,15122.0,0,1.0,0,1,0.5555555555555556
931,1,970.0,652.0,44.41846462902562,51.0,0.9999953371677706,0.0,1,0.0,1,0.0,1,0.0,1,44.0,0,6.0,0,0.0,1,1.0,0,1,0.6666666666666666
932,1,58.0,653.0,59.99166608788257,75.0,0.9999838758671655,0.0,1,0.0,1,3.0,0,3.0,0,59.0,0,0.0,1,0.0,1,10.0,0,1,0.5555555555555556
933,1,64.0,671.0,32.01562118716424,39.0,0.9999913872452957,0.0,1,0.0,1,0.0,1,0.0,1,31.0,0,0.0,1,0.0,1,8.0,0,1,0.7777777777777778
934,1,962.0,673.0,9.797958971132712,16.0,0.9999958476338507,0.0,1,0.0,1,0.0,1,0.0,1,8.0,0,4.0,0,0.0,1,4.0,0,1,0.6666666666666666
935,1,599.0,678.0,36970.00035163646,36978.0,0.9998582057808727,1.0,0,0.0,1,4.0,0,0.0,1,3.0,0,0.0,1,36970.0,0,0.0,1,1,0.5555555555555556
936,1,287.0,679.0,4.69041575982343,8.0,0.9999982663370832,0.0,1,0.0,1,3.0,0,0.0,1,3.0,0,0.0,1,0.0,1,2.0,0,1,0.6666666666666666
937,1,224.0,680.0,42.13074886588179,47.0,0.9999984629737052,1.0,0,0.0,1,1.0,0,0.0,1,42.0,0,0.0,1,0.0,1,3.0,0,1,0.5555555555555556
938,1,425.0,681.0,3.7416573867739413,6.0,0.9999982870821355,0.0,1,0.0,1,3.0,0,0.0,1,1.0,0,0.0,1,0.0,1,2.0,0,1,0.6666666666666666
939,1,257.0,682.0,23.49468024894146,32.0,0.9999910862827618,0.0,1,0.0,1,0.0,1,2.0,0,22.0,0,0.0,1,0.0,1,8.0,0,1,0.6666666666666666
940,1,1032.0,686.0,14.2828568570857,22.0,0.9999863286547495,0.0,1,0.0,1,0.0,1,2.0,0,10.0,0,0.0,1,0.0,1,10.0,0,1,0.6666666666666666
941,1,387.0,690.0,6.48074069840786,12.0,0.9999965708813762,1.0,0,0.0,1,3.0,0,0.0,1,4.0,0,0.0,1,0.0,1,4.0,0,1,0.5555555555555556
942,1,295.0,691.0,14106.015667083317,14128.0,0.13768259986091824,0.0,1,0.0,1,1.0,0,0.0,1,21.0,0,0.0,1,14106.0,0,0.0,1,1,0.6666666666666666
943,1,419.0,737.0,11.0,17.0,0.9999947415158188,0.0,1,0.0,1,0.0,1,2.0,0,9.0,0,0.0,1,0.0,1,6.0,0,1,0.6666666666666666
944,1,930.0,741.0,41.83300132670378,52.0,0.9999907690867827,1.0,0,0.0,1,2.0,0,0.0,1,41.0,0,0.0,1,0.0,1,8.0,0,1,0.5555555555555556
945,1,949.0,742.0,51.980765673468106,62.0,0.9999867383965211,0.0,1,0.0,1,1.0,0,0.0,1,51.0,0,0.0,1,0.0,1,10.0,0,1,0.6666666666666666
946,1,251.0,748.0,9.273618495495704,12.0,0.9999999941226448,0.0,1,0.0,1,1.0,0,0.0,1,9.0,0,2.0,0,0.0,1,0.0,1,1,0.6666666666666666
947,1,150.0,773.0,14102.057225809289,14148.0,0.13903112991884659,0.0,1,0.0,1,3.0,0,2.0,0,40.0,0,0.0,1,14102.0,0,1.0,0,1,0.4444444444444444
948,1,156.0,789.0,2326.4238650770412,2376.0,0.9999952476109878,0.0,1,0.0,1,0.0,1,0.0,1,44.0,0,0.0,1,2326.0,0,6.0,0,1,0.6666666666666666
949,1,239.0,800.0,10506.051779807674,10546.0,0.1842664698923615,0.0,1,0.0,1,0.0,1,0.0,1,32.0,0,0.0,1,10506.0,0,8.0,0,1,0.6666666666666666
950,1,46.0,801.0,6.4031242374328485,11.0,0.9999967176612629,0.0,1,0.0,1,3.0,0,0.0,1,4.0,0,4.0,0,0.0,1,0.0,1,1,0.6666666666666666
951,1,0.0,806.0,69.35416353759881,80.0,0.9999938674844786,0.0,1,0.0,1,2.0,0,3.0,0,69.0,0,6.0,0,0.0,1,0.0,1,1,0.5555555555555556
952,1,973.0,811.0,38606.0013080868,38621.0,0.9998299196762919,0.0,1,0.0,1,4.0,0,2.0,0,9.0,0,0.0,1,38606.0,0,0.0,1,1,0.5555555555555556
953,1,848.0,812.0,28.071337695236398,38.0,0.9999920334729926,0.0,1,0.0,1,3.0,0,1.0,0,27.0,0,0.0,1,0.0,1,7.0,0,1,0.5555555555555556
954,1,32.0,816.0,2109.0094831460574,2117.0,0.9999986412436035,0.0,1,0.0,1,0.0,1,0.0,1,6.0,0,0.0,1,2109.0,0,2.0,0,1,0.6666666666666666
955,1,787.0,817.0,49222.00415464612,49245.0,0.03952133573311889,0.0,1,0.0,1,3.0,0,0.0,1,20.0,0,0.0,1,49222.0,0,0.0,1,1,0.6666666666666666
956,1,603.0,827.0,11.704699910719626,19.0,0.9999817440313399,0.0,1,0.0,1,8.0,0,3.0,0,0.0,1,0.0,1,0.0,1,8.0,0,1,0.6666666666666666
957,1,8.0,848.0,26.095976701399778,43.0,0.999957685120671,0.0,1,0.0,1,16.0,0,0.0,1,19.0,0,0.0,1,0.0,1,8.0,0,1,0.6666666666666666
958,1,410.0,896.0,66.18156843109719,74.0,0.9999965883156623,0.0,1,0.0,1,2.0,0,0.0,1,66.0,0,4.0,0,0.0,1,2.0,0,1,0.5555555555555556
959,1,594.0,897.0,5.196152422706632,9.0,0.9999965421602806,0.0,1,0.0,1,1.0,0,0.0,1,1.0,0,4.0,0,0.0,1,3.0,0,1,0.5555555555555556
960,1,1.0,900.0,51.40038910358559,62.0,0.9999941902719178,0.0,1,0.0,1,4.0,0,0.0,1,51.0,0,4.0,0,0.0,1,3.0,0,1,0.5555555555555556
961,1,202.0,901.0,26.40075756488817,37.0,0.9999905401624491,0.0,1,0.0,1,0.0,1,0.0,1,25.0,0,6.0,0,0.0,1,6.0,0,1,0.6666666666666666
962,1,752.0,918.0,47599.00077732725,47611.0,0.040399388266309844,0.0,1,0.0,1,0.0,1,3.0,0,8.0,0,0.0,1,47599.0,0,1.0,0,1,0.5555555555555556
963,1,841.0,925.0,46493.03941451881,46562.0,0.04270286497137432,0.0,1,0.0,1,1.0,0,0.0,1,60.0,0,0.0,1,46493.0,0,8.0,0,1,0.5555555555555556
964,1,278.0,927.0,4.47213595499958,8.0,0.9999985400715222,0.0,1,0.0,1,1.0,0,1.0,0,3.0,0,0.0,1,0.0,1,3.0,0,1,0.5555555555555556
965,1,867.0,944.0,12.727922061357855,20.0,0.9999946118160378,1.0,0,0.0,1,0.0,1,6.0,0,11.0,0,2.0,0,0.0,1,0.0,1,1,0.5555555555555556
966,1,620.0,945.0,33.15116890850155,45.0,0.9999900855735575,1.0,0,0.0,1,1.0,0,3.0,0,32.0,0,0.0,1,0.0,1,8.0,0,1,0.4444444444444444
967,1,873.0,949.0,23.515952032609693,31.0,0.9999968576110652,0.0,1,0.0,1,2.0,0,0.0,1,23.0,0,4.0,0,0.0,1,2.0,0,1,0.5555555555555556
968,1,254.0,950.0,25.059928172283335,34.0,0.9999931822609531,0.0,1,0.0,1,0.0,1,0.0,1,24.0,0,4.0,0,0.0,1,6.0,0,1,0.6666666666666666
969,1,473.0,961.0,1133.5775227129373,1174.0,0.863462886686734,0.0,1,0.0,1,3.0,0,0.0,1,36.0,0,2.0,0,1133.0,0,0.0,1,1,0.5555555555555556
970,1,812.0,962.0,85493.0003275122,85505.0,0.022254764200122956,0.0,1,0.0,1,4.0,0,0.0,1,2.0,0,0.0,1,85493.0,0,6.0,0,1,0.5555555555555556
971,1,943.0,972.0,2672.9768049872787,2751.0,0.9999987745087474,1.0,0,0.0,1,0.0,1,0.0,1,72.0,0,6.0,0,2672.0,0,0.0,1,1,0.5555555555555556
972,1,556.0,973.0,10804.05067555683,10841.0,0.9999976492152445,0.0,1,0.0,1,1.0,0,1.0,0,33.0,0,2.0,0,10804.0,0,0.0,1,1,0.4444444444444444
973,1,731.0,978.0,9.1104335791443,15.0,0.9999923395708893,0.0,1,0.0,1,0.0,1,0.0,1,5.0,0,7.0,0,0.0,1,3.0,0,1,0.6666666666666666
974,1,727.0,981.0,41.20679555607303,58.0,0.999987153244701,0.0,1,0.0,1,7.0,0,3.0,0,40.0,0,6.0,0,0.0,1,2.0,0,1,0.4444444444444444
975,1,728.0,988.0,46522.01713167648,46572.0,0.04203112015190369,0.0,1,0.0,1,8.0,0,3.0,0,39.0,0,0.0,1,46522.0,0,0.0,1,1,0.5555555555555556
976,1,535.0,989.0,35.298725189445584,50.0,0.9999880731756546,0.0,1,0.0,1,1.0,0,3.0,0,34.0,0,4.0,0,0.0,1,8.0,0,1,0.4444444444444444
977,0,,,7.416198487095663,11.0,0.9999992643591058,0.0,1,0.0,1,1.0,0,1.0,0,7.0,0,0.0,1,0.0,1,2.0,0,0,0.4444444444444444
978,0,,,27.018512172212592,38.0,0.999986266317366,1.0,0,0.0,1,2.0,0,0.0,1,25.0,0,0.0,1,0.0,1,10.0,0,0,0.4444444444444444
979,0,,,47114.00193148529,47132.0,0.04140346812318263,0.0,1,0.0,1,3.0,0,0.0,1,13.0,0,2.0,0,47114.0,0,0.0,1,0,0.4444444444444444
980,0,,,5.830951894845301,10.0,0.999998799526607,1.0,0,0.0,1,2.0,0,2.0,0,5.0,0,0.0,1,0.0,1,0.0,1,0,0.4444444444444444
981,0,,,66.55824516917495,82.0,0.9999731768097897,0.0,1,0.0,1,14.0,0,3.0,0,65.0,0,0.0,1,0.0,1,0.0,1,0,0.5555555555555556
982,0,,,38.961519477556315,50.0,0.9999903706800306,0.0,1,0.0,1,3.0,0,1.0,0,38.0,0,0.0,1,0.0,1,8.0,0,0,0.4444444444444444
983,0,,,48.218253804964775,55.0,0.9999975695177107,0.0,1,0.0,1,2.0,0,1.0,0,48.0,0,0.0,1,0.0,1,4.0,0,0,0.4444444444444444
984,0,,,71.5122367151245,82.0,0.9999902734492273,0.0,1,0.0,1,8.0,0,3.0,0,71.0,0,0.0,1,0.0,1,0.0,1,0,0.5555555555555556
985,0,,,14.035668847618199,23.0,0.9999932940656445,1.0,0,0.0,1,4.0,0,0.0,1,12.0,0,0.0,1,0.0,1,6.0,0,0,0.4444444444444444
986,0,,,109.36635680134911,149.0,0.9987088059020014,0.0,1,0.0,1,5.0,0,0.0,1,44.0,0,0.0,1,0.0,1,100.0,0,0,0.5555555555555556
987,0,,,18113.035306099307,18160.0,0.10772833579929453,0.0,1,0.0,1,3.0,0,6.0,0,35.0,0,3.0,0,18113.0,0,0.0,1,1,0.4444444444444444
988,0,,,70029.00292735861,70055.0,0.993189095281916,0.0,1,0.0,1,0.0,1,0.0,1,19.0,0,0.0,1,70029.0,0,7.0,0,0,0.5555555555555556
989,0,,,4395.009556303604,4407.0,0.9999932080044903,1.0,0,0.0,1,1.0,0,1.0,0,9.0,0,0.0,1,4395.0,0,0.0,1,0,0.3333333333333333
990,0,,,14571.097487835294,14632.0,0.9998073481869981,0.0,1,0.0,1,4.0,0,0.0,1,53.0,0,4.0,0,14571.0,0,0.0,1,0,0.4444444444444444
991,0,,,3390.0056047151306,3402.0,0.9990446864811531,1.0,0,0.0,1,4.0,0,0.0,1,4.0,0,1.0,0,3390.0,0,2.0,0,1,0.3333333333333333
992,0,,,24.289915602982237,30.0,0.9999981082114308,1.0,0,0.0,1,2.0,0,0.0,1,24.0,0,0.0,1,0.0,1,3.0,0,0,0.4444444444444444
993,0,,,11905.012515743107,11927.0,0.9999964568154267,0.0,1,0.0,1,2.0,0,1.0,0,17.0,0,2.0,0,11905.0,0,0.0,1,0,0.3333333333333333
994,0,,,25.573423705088842,38.0,0.9999898364680351,1.0,0,0.0,1,3.0,0,2.0,0,24.0,0,0.0,1,0.0,1,8.0,0,1,0.4444444444444444
995,0,,,67.92643079096678,82.0,0.9999834432898482,0.0,1,0.0,1,5.0,0,0.0,1,67.0,0,0.0,1,0.0,1,10.0,0,0,0.5555555555555556
996,0,,,42.5205832509386,56.0,0.9999832911253014,1.0,0,0.0,1,11.0,0,1.0,0,41.0,0,0.0,1,0.0,1,2.0,0,1,0.4444444444444444
997,0,,,3.872983346207417,7.0,0.9999992563222098,0.0,1,0.0,1,1.0,0,1.0,0,3.0,0,0.0,1,0.0,1,2.0,0,0,0.4444444444444444
998,0,,,27.349588662354687,34.0,0.9999976581427833,1.0,0,0.0,1,3.0,0,0.0,1,27.0,0,0.0,1,0.0,1,3.0,0,0,0.4444444444444444
999,0,,,13.674794331177344,23.0,0.9999866491827399,0.0,1,0.0,1,5.0,0,0.0,1,9.0,0,0.0,1,0.0,1,9.0,0,0,0.5555555555555556
1000,0,,,9.327379053088816,13.0,0.9999892066311905,1.0,0,0.0,1,9.0,0,1.0,0,2.0,0,0.0,1,0.0,1,0.0,1,1,0.5555555555555556
1001,0,,,45403.02630882659,45462.0,0.04269947145883046,0.0,1,0.0,1,2.0,0,0.0,1,48.0,0,0.0,1,45403.0,0,9.0,0,1,0.5555555555555556
1002,0,,,5.744562646538029,11.0,0.999999919313952,0.0,1,0.0,1,2.0,0,2.0,0,4.0,0,3.0,0,0.0,1,0.0,1,0,0.4444444444444444
1003,0,,,56.50663677834667,67.0,0.9999928790116924,0.0,1,0.0,1,7.0,0,2.0,0,56.0,0,0.0,1,0.0,1,2.0,0,0,0.4444444444444444
1004,0,,,85102.03290756338,85189.0,0.022222962598995588,0.0,1,0.0,1,11.0,0,0.0,1,74.0,0,2.0,0,85102.0,0,0.0,1,1,0.5555555555555556
1005,0,,,11.74734012447073,20.0,0.9999925907039425,0.0,1,0.0,1,0.0,1,2.0,0,9.0,0,7.0,0,0.0,1,2.0,0,0,0.4444444444444444
1006,0,,,11.958260743101398,19.0,0.9999971798632651,0.0,1,0.0,1,3.0,0,3.0,0,11.0,0,0.0,1,0.0,1,2.0,0,0,0.4444444444444444
1007,0,,,50.37856687124,58.0,0.9999950320575626,0.0,1,0.0,1,1.0,0,1.0,0,50.0,0,6.0,0,0.0,1,0.0,1,0,0.4444444444444444
1008,0,,,23934.03724823708,23983.0,0.08104453409442713,0.0,1,0.0,1,1.0,0,1.0,0,42.0,0,4.0,0,23934.0,0,1.0,0,1,0.3333333333333333
1009,0,,,33633.00437070706,33653.0,0.9953072600974555,1.0,0,0.0,1,2.0,0,0.0,1,17.0,0,0.0,1,33633.0,0,0.0,1,0,0.4444444444444444
1010,0,,,12679.029615865718,12718.0,0.9999622515908799,0.0,1,0.0,1,11.0,0,1.0,0,25.0,0,0.0,1,12679.0,0,2.0,0,1,0.4444444444444444
1011,0,,,23.93741840717165,35.0,0.9999885715538408,0.0,1,0.0,1,5.0,0,0.0,1,22.0,0,0.0,1,0.0,1,8.0,0,0,0.5555555555555556
1012,0,,,35989.00950290241,36019.0,0.9998471802618207,0.0,1,0.0,1,0.0,1,0.0,1,26.0,0,2.0,0,35989.0,0,2.0,0,1,0.5555555555555556
1013,0,,,22.956480566497994,33.0,0.9999890692089831,0.0,1,0.0,1,2.0,0,1.0,0,21.0,0,0.0,1,0.0,1,9.0,0,0,0.4444444444444444
1014,0,,,8.12403840463596,14.0,0.9999945658470311,1.0,0,0.0,1,6.0,0,2.0,0,5.0,0,0.0,1,0.0,1,0.0,1,1,0.5555555555555556
1015,0,,,30.479501308256342,37.0,0.9999962711141789,0.0,1,0.0,1,5.0,0,0.0,1,30.0,0,0.0,1,0.0,1,2.0,0,0,0.5555555555555556
1016,0,,,35.651086939951774,55.0,0.9999996249255327,0.0,1,0.0,1,5.0,0,2.0,0,34.0,0,6.0,0,1.0,0,7.0,0,1,0.3333333333333333
1017,0,,,23.302360395462088,33.0,0.9999865868465032,1.0,0,0.0,1,1.0,0,0.0,1,21.0,0,0.0,1,0.0,1,10.0,0,0,0.4444444444444444
1018,0,,,4020.0332088180567,4041.0,0.9999923021063227,0.0,1,0.0,1,1.0,0,1.0,0,16.0,0,3.0,0,4020.0,0,0.0,1,0,0.3333333333333333
1019,0,,,8.366600265340756,14.0,0.999993190346413,1.0,0,0.0,1,2.0,0,0.0,1,4.0,0,0.0,1,0.0,1,7.0,0,0,0.4444444444444444
1020,0,,,3968.2230280063645,4014.0,0.9999976559152415,0.0,1,0.0,1,1.0,0,2.0,0,42.0,0,1.0,0,3968.0,0,0.0,1,0,0.3333333333333333
1021,0,,,9.433981132056603,15.0,0.999993387510239,0.0,1,0.0,1,7.0,0,0.0,1,6.0,0,0.0,1,0.0,1,2.0,0,0,0.5555555555555556
1022,0,,,34.72751070837067,50.0,0.9999768048885831,0.0,1,0.0,1,13.0,0,3.0,0,32.0,0,0.0,1,0.0,1,2.0,0,1,0.5555555555555556
1023,0,,,31.144823004794873,36.0,0.9999987987758592,1.0,0,0.0,1,2.0,0,0.0,1,31.0,0,0.0,1,0.0,1,2.0,0,0,0.4444444444444444
1024,0,,,56.7626637852735,68.0,0.9999889924612805,0.0,1,0.0,1,2.0,0,1.0,0,56.0,0,0.0,1,0.0,1,9.0,0,0,0.4444444444444444
1025,0,,,45.89117562233506,58.0,0.9999896091531045,0.0,1,0.0,1,8.0,0,1.0,0,45.0,0,4.0,0,0.0,1,0.0,1,1,0.5555555555555556
1026,0,,,55107.00267661089,55128.0,0.03544514413936162,1.0,0,0.0,1,1.0,0,0.0,1,17.0,0,2.0,0,55107.0,0,0.0,1,1,0.4444444444444444
1027,0,,,37117.0189805162,37162.0,0.9998368970008324,0.0,1,0.0,1,2.0,0,0.0,1,37.0,0,6.0,0,37117.0,0,0.0,1,0,0.4444444444444444
1028,0,,,35.35533905932738,42.0,0.9999967824333817,0.0,1,0.0,1,0.0,1,0.0,1,35.0,0,4.0,0,0.0,1,3.0,0,0,0.5555555555555556
1029,0,,,58112.010471158195,58157.0,0.03319179986032639,0.0,1,0.0,1,0.0,1,0.0,1,34.0,0,6.0,0,58112.0,0,5.0,0,1,0.5555555555555556
1030,0,,,76.58981655546643,88.0,0.9999881045883343,0.0,1,0.0,1,9.0,0,3.0,0,76.0,0,0.0,1,0.0,1,0.0,1,0,0.5555555555555556
1031,0,,,12.922847983320086,21.0,0.9999892033541035,0.0,1,0.0,1,2.0,0,1.0,0,9.0,0,0.0,1,0.0,1,9.0,0,0,0.4444444444444444
1032,0,,,16.61324772583615,26.0,0.9999895577498892,0.0,1,0.0,1,4.0,0,0.0,1,14.0,0,0.0,1,0.0,1,8.0,0,0,0.5555555555555556
1033,0,,,28.106938645110393,32.0,0.9999993114746107,1.0,0,0.0,1,2.0,0,1.0,0,28.0,0,0.0,1,0.0,1,0.0,1,0,0.4444444444444444
1034,0,,,21.656407827707714,31.0,0.9999912213300237,1.0,0,0.0,1,2.0,0,0.0,1,20.0,0,0.0,1,0.0,1,8.0,0,0,0.4444444444444444
1035,0,,,82901.00065741064,82916.0,0.9931075207948831,0.0,1,0.0,1,1.0,0,2.0,0,10.0,0,2.0,0,82901.0,0,0.0,1,1,0.4444444444444444
1036,0,,,10506.020987985888,10535.0,0.18428038090318344,1.0,0,0.0,1,2.0,0,0.0,1,20.0,0,6.0,0,10506.0,0,0.0,1,1,0.4444444444444444
1037,0,,,2186.2115634128368,2223.0,0.9997922729968803,0.0,1,0.0,1,4.0,0,0.0,1,30.0,0,3.0,0,2186.0,0,0.0,1,0,0.4444444444444444
1038,0,,,14970.022378072787,15004.0,0.9999603476416811,0.0,1,0.0,1,6.0,0,0.0,1,25.0,0,3.0,0,14970.0,0,0.0,1,0,0.4444444444444444
1039,0,,,13.638181696985855,22.0,0.9999864184878777,1.0,0,0.0,1,2.0,0,0.0,1,9.0,0,0.0,1,0.0,1,10.0,0,0,0.4444444444444444
1040,0,,,15208.055595637465,15255.0,0.9999020749982493,1.0,0,0.0,1,2.0,0,1.0,0,41.0,0,2.0,0,15208.0,0,0.0,1,1,0.3333333333333333
1041,0,,,10712.02137787262,10738.0,0.18048289677917628,1.0,0,0.0,1,4.0,0,0.0,1,21.0,0,0.0,1,10712.0,0,0.0,1,0,0.4444444444444444
1042,0,,,1415.7206645380295,1471.0,0.8141803799776136,0.0,1,0.0,1,10.0,0,0.0,1,44.0,0,2.0,0,1415.0,0,0.0,1,1,0.5555555555555556
1043,0,,,84131.00078449085,84149.0,0.023123339012297905,0.0,1,0.0,1,8.0,0,0.0,1,8.0,0,2.0,0,84131.0,0,0.0,1,1,0.5555555555555556
1044,0,,,20.149441679609886,24.0,0.9999991597638123,1.0,0,0.0,1,2.0,0,1.0,0,20.0,0,0.0,1,0.0,1,0.0,1,0,0.4444444444444444
1045,0,,,95112.00046786945,95127.0,0.020201764621772145,0.0,1,0.0,1,0.0,1,0.0,1,2.0,0,7.0,0,95112.0,0,6.0,0,1,0.5555555555555556
1046,0,,,22.93468988235943,32.0,0.9999946928109387,1.0,0,0.0,1,2.0,0,6.0,0,22.0,0,0.0,1,0.0,1,1.0,0,0,0.3333333333333333
1047,0,,,61.237243569579455,70.0,0.9999963936264702,0.0,1,0.0,1,4.0,0,0.0,1,61.0,0,3.0,0,0.0,1,2.0,0,0,0.4444444444444444
1048,0,,,53480.00285153321,53501.0,0.9882992774283307,0.0,1,0.0,1,0.0,1,0.0,1,17.0,0,4.0,0,53480.0,0,0.0,1,0,0.5555555555555556
1049,0,,,9.219544457292887,15.0,0.9999894180685772,1.0,0,0.0,1,2.0,0,0.0,1,0.0,1,4.0,0,0.0,1,8.0,0,1,0.5555555555555556
1050,0,,,10.344080432788601,17.0,0.9999886105974152,1.0,0,0.0,1,3.0,0,0.0,1,4.0,0,0.0,1,0.0,1,9.0,0,0,0.4444444444444444
1051,0,,,10.862780491200215,18.0,0.9999909589574706,1.0,0,0.0,1,2.0,0,0.0,1,7.0,0,0.0,1,0.0,1,8.0,0,0,0.4444444444444444
1052,0,,,47784.01144734502,47820.0,0.9998161228375605,1.0,0,0.0,1,0.0,1,0.0,1,33.0,0,2.0,0,47784.0,0,0.0,1,0,0.4444444444444444
1053,0,,,84121.01022931191,84170.0,0.022807284318300813,0.0,1,0.0,1,6.0,0,0.0,1,41.0,0,2.0,0,84121.0,0,0.0,1,1,0.5555555555555556
1054,0,,,14102.032087610636,14135.0,0.13752712155421942,1.0,0,0.0,1,2.0,0,0.0,1,30.0,0,0.0,1,14102.0,0,0.0,1,0,0.4444444444444444
1055,0,,,42.988370520409354,56.0,0.999990020906301,0.0,1,0.0,1,8.0,0,0.0,1,42.0,0,4.0,0,0.0,1,2.0,0,1,0.5555555555555556
1056,0,,,39099.00116371261,39112.0,0.9997214123023119,0.0,1,0.0,1,3.0,0,0.0,1,9.0,0,1.0,0,39099.0,0,0.0,1,0,0.4444444444444444
1057,0,,,97007.00572123645,97051.0,0.019804983144026234,0.0,1,0.0,1,9.0,0,1.0,0,32.0,0,0.0,1,97007.0,0,2.0,0,1,0.4444444444444444
1058,0,,,21.071307505705477,24.0,0.9999996228498733,1.0,0,0.0,1,0.0,1,1.0,0,21.0,0,0.0,1,0.0,1,1.0,0,0,0.4444444444444444
1059,0,,,33.090784215548595,37.0,0.9999992263730021,1.0,0,0.0,1,1.0,0,0.0,1,33.0,0,0.0,1,0.0,1,2.0,0,0,0.4444444444444444
1060,0,,,47530.028497782325,47585.0,0.040410402543026636,0.0,1,0.0,1,2.0,0,1.0,0,52.0,0,0.0,1,47530.0,0,0.0,1,0,0.4444444444444444
1061,0,,,50.714889332423866,62.0,0.9999909712627189,0.0,1,0.0,1,8.0,0,2.0,0,50.0,0,0.0,1,0.0,1,2.0,0,0,0.4444444444444444
1062,0,,,8.366600265340756,14.0,0.999993190346413,1.0,0,0.0,1,2.0,0,0.0,1,4.0,0,0.0,1,0.0,1,7.0,0,0,0.4444444444444444
1063,0,,,33012.013646549945,33043.0,0.9953863971479672,0.0,1,0.0,1,0.0,1,1.0,0,30.0,0,0.0,1,33012.0,0,0.0,1,0,0.5555555555555556
1064,0,,,89286.0041887865,89324.0,0.9866137524532589,0.0,1,0.0,1,2.0,0,0.0,1,26.0,0,2.0,0,89286.0,0,8.0,0,1,0.4444444444444444
1065,0,,,47712.00337441303,47738.0,0.04119714686605025,1.0,0,0.0,1,1.0,0,0.0,1,16.0,0,0.0,1,47712.0,0,8.0,0,1,0.4444444444444444
1066,0,,,40.11234224026316,45.0,0.9999989518754978,0.0,1,0.0,1,2.0,0,1.0,0,40.0,0,0.0,1,0.0,1,2.0,0,0,0.4444444444444444
1067,0,,,7.0710678118654755,12.0,0.9999981912034224,1.0,0,0.0,1,3.0,0,0.0,1,6.0,0,0.0,1,0.0,1,2.0,0,0,0.4444444444444444
1068,0,,,6.244997998398398,11.0,0.9999981927237817,1.0,0,0.0,1,3.0,0,0.0,1,5.0,0,0.0,1,0.0,1,2.0,0,0,0.4444444444444444
1069,0,,,621.0362308271556,632.0,0.9999998115572727,0.0,1,0.0,1,6.0,0,1.0,0,2.0,0,2.0,0,621.0,0,0.0,1,1,0.4444444444444444
1070,0,,,1801.0510820073928,1821.0,0.9999978018808849,0.0,1,0.0,1,6.0,0,0.0,1,12.0,0,2.0,0,1801.0,0,0.0,1,0,0.4444444444444444
1071,0,,,14969.018438094063,15001.0,0.9999601048994061,0.0,1,0.0,1,8.0,0,0.0,1,22.0,0,2.0,0,14969.0,0,0.0,1,0,0.4444444444444444
1072,0,,,82201.00485395541,82235.0,0.023347952391209237,0.0,1,0.0,1,3.0,0,1.0,0,28.0,0,2.0,0,82201.0,0,0.0,1,1,0.4444444444444444
1073,0,,,19.261360284258224,23.0,0.9999986793557563,0.0,1,0.0,1,0.0,1,1.0,0,19.0,0,0.0,1,0.0,1,3.0,0,0,0.5555555555555556
1074,0,,,14.933184523068078,27.0,0.9999868370004297,0.0,1,0.0,1,7.0,0,0.0,1,11.0,0,7.0,0,0.0,1,2.0,0,0,0.4444444444444444
1075,0,,,71.5122367151245,82.0,0.9999902734492273,0.0,1,0.0,1,8.0,0,3.0,0,71.0,0,0.0,1,0.0,1,0.0,1,0,0.5555555555555556
1076,0,,,44.23799272118933,51.0,0.9999972823303859,1.0,0,0.0,1,2.0,0,0.0,1,44.0,0,0.0,1,0.0,1,4.0,0,0,0.4444444444444444
1077,0,,,103.87011119662864,131.0,0.9987139405279103,0.0,1,0.0,1,2.0,0,1.0,0,28.0,0,0.0,1,0.0,1,100.0,0,0,0.4444444444444444
1078,0,,,13.341664064126334,24.0,0.9999855136572009,1.0,0,0.0,1,7.0,0,0.0,1,8.0,0,0.0,1,0.0,1,8.0,0,1,0.5555555555555556
1079,0,,,10712.003547422863,10726.0,0.1804892130622605,0.0,1,0.0,1,6.0,0,0.0,1,6.0,0,0.0,1,10712.0,0,2.0,0,0,0.4444444444444444
1080,0,,,45.12205669071391,50.0,0.9999985975146828,1.0,0,0.0,1,3.0,0,1.0,0,45.0,0,0.0,1,0.0,1,0.0,1,1,0.5555555555555556
1081,0,,,17.46424919657298,29.0,0.999982963037212,0.0,1,0.0,1,6.0,0,0.0,1,13.0,0,0.0,1,0.0,1,10.0,0,0,0.5555555555555556
1082,0,,,49234.021692321665,49286.0,0.04014164197008696,0.0,1,0.0,1,2.0,0,0.0,1,46.0,0,0.0,1,49234.0,0,4.0,0,0,0.4444444444444444
1083,0,,,56211.02108127907,56269.0,0.03435141123902952,1.0,0,0.0,1,8.0,0,1.0,0,48.0,0,0.0,1,56211.0,0,0.0,1,1,0.4444444444444444
1084,0,,,5.385164807134504,9.0,0.9999995101110756,1.0,0,0.0,1,1.0,0,1.0,0,5.0,0,0.0,1,0.0,1,1.0,0,0,0.3333333333333333
1085,0,,,49234.03092374217,49295.0,0.04013927652490212,0.0,1,0.0,1,2.0,0,0.0,1,55.0,0,0.0,1,49234.0,0,4.0,0,0,0.4444444444444444
1086,0,,,47114.01682089949,47161.0,0.041345543206465885,0.0,1,0.0,1,8.0,0,0.0,1,39.0,0,0.0,1,47114.0,0,0.0,1,0,0.5555555555555556
1087,0,,,49224.01724768103,49272.0,0.03918663518610588,0.0,1,0.0,1,3.0,0,2.0,0,41.0,0,2.0,0,49224.0,0,0.0,1,1,0.4444444444444444
1088,0,,,29.46183972531247,36.0,0.9999965454375113,0.0,1,0.0,1,1.0,0,1.0,0,29.0,0,0.0,1,0.0,1,5.0,0,0,0.4444444444444444
1089,0,,,18.520259177452136,27.0,0.9999932953285755,0.0,1,0.0,1,2.0,0,1.0,0,17.0,0,0.0,1,0.0,1,7.0,0,0,0.4444444444444444
1090,0,,,50592.00357764061,50618.0,0.9997493449195661,1.0,0,0.0,1,6.0,0,0.0,1,18.0,0,1.0,0,50592.0,0,0.0,1,0,0.3333333333333333
1091,0,,,50.20956084253277,57.0,0.9999972957204541,0.0,1,0.0,1,2.0,0,1.0,0,50.0,0,0.0,1,0.0,1,4.0,0,0,0.4444444444444444
1092,0,,,56107.00629154972,56141.0,0.03470401962539238,0.0,1,0.0,1,1.0,0,0.0,1,26.0,0,2.0,0,56107.0,0,5.0,0,1,0.4444444444444444
1093,0,,,17312.016722496544,17339.0,0.9999434705727567,0.0,1,0.0,1,1.0,0,1.0,0,24.0,0,1.0,0,17312.0,0,0.0,1,0,0.3333333333333333
1094,0,,,41004.04849524008,41071.0,0.04820452512416995,0.0,1,0.0,1,2.0,0,0.0,1,63.0,0,0.0,1,41004.0,0,2.0,0,0,0.4444444444444444
1095,0,,,79111.000189607,79121.0,0.02460773919713466,1.0,0,0.0,1,2.0,0,0.0,1,3.0,0,4.0,0,79111.0,0,0.0,1,1,0.4444444444444444
1096,0,,,81310.00012913541,81317.0,0.023789353881021658,1.0,0,0.0,1,2.0,0,0.0,1,4.0,0,0.0,1,81310.0,0,0.0,1,0,0.4444444444444444
1097,0,,,8.602325267042627,14.0,0.999990732864781,1.0,0,0.0,1,1.0,0,2.0,0,2.0,0,0.0,1,0.0,1,8.0,0,1,0.4444444444444444
1098,0,,,29993.00846864149,30023.0,0.9999210080576132,0.0,1,0.0,1,2.0,0,0.0,1,22.0,0,4.0,0,29993.0,0,2.0,0,1,0.4444444444444444
1099,0,,,33192.0003615329,33202.0,0.9950738390378875,1.0,0,0.0,1,3.0,0,1.0,0,3.0,0,2.0,0,33192.0,0,0.0,1,1,0.3333333333333333
1100,0,,,47114.00170862161,47135.0,0.041011718466177904,0.0,1,0.0,1,6.0,0,0.0,1,10.0,0,0.0,1,47114.0,0,5.0,0,1,0.5555555555555556
1101,0,,,64911.003273713155,64936.0,0.029849954850658444,0.0,1,0.0,1,0.0,1,0.0,1,20.0,0,0.0,1,64911.0,0,5.0,0,0,0.5555555555555556
1102,0,,,23.259406699226016,29.0,0.9999983432297802,0.0,1,0.0,1,2.0,0,2.0,0,23.0,0,0.0,1,0.0,1,2.0,0,0,0.4444444444444444
1103,0,,,49.040799340956916,59.0,0.999986468640782,1.0,0,0.0,1,10.0,0,0.0,1,48.0,0,0.0,1,0.0,1,0.0,1,0,0.5555555555555556
1104,0,,,46.36809247747852,54.0,0.9999956274231315,0.0,1,0.0,1,0.0,1,3.0,0,46.0,0,0.0,1,0.0,1,5.0,0,0,0.5555555555555556
1105,0,,,43128.01345993112,43165.0,0.9996736058448179,0.0,1,0.0,1,0.0,1,1.0,0,34.0,0,2.0,0,43128.0,0,0.0,1,1,0.5555555555555556
1106,0,,,49233.00934332574,49269.0,0.03983824275599701,0.0,1,0.0,1,4.0,0,0.0,1,30.0,0,0.0,1,49233.0,0,2.0,0,1,0.5555555555555556
1107,0,,,5.744562646538029,11.0,0.9999977639918606,0.0,1,0.0,1,2.0,0,3.0,0,4.0,0,0.0,1,0.0,1,2.0,0,0,0.4444444444444444
1108,0,,,62021.00079811676,62036.0,0.031566274895585944,0.0,1,0.0,1,1.0,0,1.0,0,9.0,0,4.0,0,62021.0,0,0.0,1,1,0.4444444444444444
1109,0,,,24.454038521274967,34.0,0.9999908814139692,1.0,0,0.0,1,2.0,0,0.0,1,23.0,0,0.0,1,0.0,1,8.0,0,0,0.4444444444444444
1110,0,,,30.512292604784715,39.0,0.9999960747111721,1.0,0,0.0,1,2.0,0,1.0,0,30.0,0,0.0,1,0.0,1,5.0,0,1,0.4444444444444444
1111,0,,,65.58200972827838,81.0,0.9999731759358013,0.0,1,0.0,1,14.0,0,3.0,0,64.0,0,0.0,1,0.0,1,0.0,1,0,0.5555555555555556
1112,0,,,34898.00442718752,34921.0,0.999866997801889,0.0,1,0.0,1,2.0,0,0.0,1,17.0,0,4.0,0,34898.0,0,0.0,1,0,0.4444444444444444
1113,0,,,12.922847983320086,21.0,0.9999914460767177,1.0,0,0.0,1,8.0,0,1.0,0,10.0,0,0.0,1,0.0,1,1.0,0,0,0.3333333333333333
1114,0,,,17.60681686165901,26.0,0.9999932993940731,0.0,1,0.0,1,2.0,0,1.0,0,16.0,0,0.0,1,0.0,1,7.0,0,0,0.4444444444444444
1115,0,,,57988.00971752695,58029.0,0.9953181154550388,1.0,0,0.0,1,6.0,0,0.0,1,33.0,0,1.0,0,57988.0,0,0.0,1,1,0.4444444444444444
1116,0,,,84131.00032092807,84141.0,0.023232262648820945,0.0,1,0.0,1,2.0,0,1.0,0,7.0,0,0.0,1,84131.0,0,0.0,1,0,0.4444444444444444
1117,0,,,31.160872901765767,35.0,0.9999986516628208,0.0,1,0.0,1,0.0,1,1.0,0,31.0,0,0.0,1,0.0,1,3.0,0,0,0.5555555555555556
1118,0,,,28.583211855912904,43.0,0.9999887692111338,0.0,1,0.0,1,2.0,0,2.0,0,27.0,0,4.0,0,0.0,1,8.0,0,1,0.4444444444444444
1119,0,,,67.92643079096678,82.0,0.9999834432898482,0.0,1,0.0,1,5.0,0,0.0,1,67.0,0,0.0,1,0.0,1,10.0,0,0,0.5555555555555556
1120,0,,,27900.003727598316,27920.0,0.9999291278284711,0.0,1,0.0,1,2.0,0,0.0,1,14.0,0,2.0,0,27900.0,0,2.0,0,1,0.4444444444444444
1121,0,,,14102.455885412299,14260.0,0.1359869595699057,0.0,1,0.0,1,2.0,0,1.0,0,57.0,0,0.0,1,14102.0,0,98.0,0,1,0.4444444444444444
1122,0,,,36.78314831549904,49.0,0.9999926930476969,0.0,1,0.0,1,4.0,0,0.0,1,36.0,0,4.0,0,0.0,1,5.0,0,1,0.5555555555555556
1123,0,,,49893.00101216602,49908.0,0.9997622101965594,0.0,1,0.0,1,8.0,0,1.0,0,6.0,0,0.0,1,49893.0,0,0.0,1,1,0.5555555555555556
1124,0,,,32.41913015489465,39.0,0.9999974544733854,1.0,0,0.0,1,1.0,0,0.0,1,32.0,0,5.0,0,0.0,1,0.0,1,0,0.4444444444444444
1125,0,,,42.391036788453285,51.0,0.9999957753833756,0.0,1,0.0,1,5.0,0,2.0,0,42.0,0,0.0,1,0.0,1,2.0,0,0,0.4444444444444444
1126,0,,,31008.034168582824,31057.0,0.062364636619159364,1.0,0,0.0,1,1.0,0,0.0,1,46.0,0,0.0,1,31008.0,0,1.0,0,0,0.3333333333333333
1127,0,,,64911.00697878596,64945.0,0.029852528104737375,1.0,0,0.0,1,2.0,0,0.0,1,30.0,0,0.0,1,64911.0,0,1.0,0,1,0.4444444444444444
1128,0,,,56211.01890199109,56262.0,0.03431495243289828,0.0,1,0.0,1,2.0,0,1.0,0,46.0,0,0.0,1,56211.0,0,2.0,0,1,0.4444444444444444
1129,0,,,71.17583859709698,92.0,0.9999778846467561,0.0,1,0.0,1,6.0,0,0.0,1,70.0,0,7.0,0,0.0,1,9.0,0,1,0.5555555555555556
1130,0,,,13.92838827718412,24.0,0.9999851040557935,0.0,1,0.0,1,3.0,0,2.0,0,9.0,0,0.0,1,0.0,1,10.0,0,0,0.4444444444444444
1131,0,,,5879.088364704174,5918.0,0.9999879063653417,1.0,0,0.0,1,1.0,0,0.0,1,32.0,0,3.0,0,5879.0,0,2.0,0,1,0.3333333333333333
1132,0,,,97007.00564392244,97044.0,0.01977365103012929,1.0,0,0.0,1,2.0,0,1.0,0,33.0,0,0.0,1,97007.0,0,0.0,1,1,0.4444444444444444
1133,0,,,46304.0321678361,46371.0,0.041796385848279716,0.0,1,0.0,1,13.0,0,1.0,0,53.0,0,0.0,1,46304.0,0,0.0,1,1,0.5555555555555556
1134,0,,,50.882216932834204,63.0,0.999988447918193,0.0,1,0.0,1,9.0,0,2.0,0,50.0,0,0.0,1,0.0,1,2.0,0,0,0.4444444444444444
1135,0,,,14102.121187963177,14170.0,0.13614908441957618,0.0,1,0.0,1,2.0,0,1.0,0,58.0,0,0.0,1,14102.0,0,7.0,0,1,0.4444444444444444
1136,0,,,28.809720581775867,38.0,0.9999940544741913,1.0,0,0.0,1,3.0,0,0.0,1,28.0,0,0.0,1,0.0,1,6.0,0,0,0.4444444444444444
1137,0,,,13922.033077104794,13959.0,0.13968058173108777,1.0,0,0.0,1,2.0,0,0.0,1,30.0,0,4.0,0,13922.0,0,0.0,1,1,0.4444444444444444
1138,0,,,16.703293088490067,25.0,0.9999931849402462,0.0,1,0.0,1,2.0,0,1.0,0,15.0,0,0.0,1,0.0,1,7.0,0,0,0.4444444444444444
1139,0,,,49.13247398615299,62.0,0.999985664559809,1.0,0,0.0,1,10.0,0,3.0,0,48.0,0,0.0,1,0.0,1,0.0,1,1,0.5555555555555556
1140,0,,,11904.00172211009,11913.0,0.9999959288612745,0.0,1,0.0,1,6.0,0,1.0,0,0.0,1,2.0,0,11904.0,0,0.0,1,1,0.5555555555555556
1141,0,,,21.118712081942874,30.0,0.9999891859065101,0.0,1,0.0,1,9.0,0,0.0,1,19.0,0,0.0,1,0.0,1,2.0,0,0,0.5555555555555556
1142,0,,,24.79919353527449,35.0,0.999989246426647,0.0,1,0.0,1,2.0,0,1.0,0,23.0,0,0.0,1,0.0,1,9.0,0,0,0.4444444444444444
1143,0,,,8.602325267042627,16.0,0.9999937520399932,0.0,1,0.0,1,3.0,0,2.0,0,5.0,0,0.0,1,0.0,1,6.0,0,0,0.4444444444444444
1144,0,,,84111.00230053141,84136.0,0.022976479031267205,0.0,1,0.0,1,5.0,0,0.0,1,19.0,0,0.0,1,84111.0,0,1.0,0,0,0.4444444444444444
1145,0,,,73073.00584347136,73107.0,0.9980300494948018,0.0,1,0.0,1,2.0,0,0.0,1,29.0,0,3.0,0,73073.0,0,0.0,1,0,0.4444444444444444
1146,0,,,109.36635680134911,149.0,0.9987088059020014,0.0,1,0.0,1,5.0,0,0.0,1,44.0,0,0.0,1,0.0,1,100.0,0,0,0.5555555555555556
1147,0,,,14102.164266523065,14175.0,0.135597997619488,0.0,1,0.0,1,2.0,0,1.0,0,68.0,0,0.0,1,14102.0,0,2.0,0,1,0.4444444444444444
1148,0,,,37.403208418530085,45.0,0.9999960357908788,1.0,0,0.0,1,2.0,0,0.0,1,37.0,0,0.0,1,0.0,1,5.0,0,0,0.4444444444444444
1149,0,,,71.20393247567159,84.0,0.9999776450101072,0.0,1,0.0,1,13.0,0,1.0,0,70.0,0,0.0,1,0.0,1,0.0,1,0,0.5555555555555556
1150,0,,,21.447610589527216,28.0,0.9999974837481526,1.0,0,0.0,1,1.0,0,1.0,0,21.0,0,0.0,1,0.0,1,4.0,0,0,0.3333333333333333
1151,0,,,18.894443627691185,27.0,0.9999871768994159,1.0,0,0.0,1,10.0,0,0.0,1,16.0,0,0.0,1,0.0,1,0.0,1,0,0.5555555555555556
1152,0,,,49222.02053959183,49278.0,0.039250211944062974,0.0,1,0.0,1,2.0,0,1.0,0,44.0,0,0.0,1,49222.0,0,9.0,0,1,0.4444444444444444
1153,0,,,82905.000042217,82910.0,0.9928973846575213,1.0,0,0.0,1,1.0,0,0.0,1,2.0,0,1.0,0,82905.0,0,0.0,1,0,0.3333333333333333
1154,0,,,37.92097045171708,48.0,0.9999910220951792,0.0,1,0.0,1,2.0,0,1.0,0,37.0,0,0.0,1,0.0,1,8.0,0,0,0.4444444444444444
1155,0,,,76.40026177965623,87.0,0.9999911904757739,0.0,1,0.0,1,6.0,0,0.0,1,76.0,0,0.0,1,0.0,1,5.0,0,0,0.5555555555555556
1156,0,,,36.345563690772494,53.0,0.9999789618234062,0.0,1,0.0,1,10.0,0,1.0,0,34.0,0,0.0,1,0.0,1,8.0,0,1,0.5555555555555556
1157,0,,,4408.064541269785,4439.0,0.9987311196161147,0.0,1,0.0,1,2.0,0,0.0,1,23.0,0,6.0,0,4408.0,0,0.0,1,0,0.4444444444444444
1158,0,,,27010.004776008464,27028.0,0.9956539980269373,0.0,1,0.0,1,0.0,1,1.0,0,16.0,0,1.0,0,27010.0,0,0.0,1,0,0.4444444444444444
1159,0,,,34.307433596816885,41.0,0.999997397737317,0.0,1,0.0,1,2.0,0,1.0,0,34.0,0,4.0,0,0.0,1,0.0,1,0,0.4444444444444444
1160,0,,,62.32976816898969,79.0,0.9999781115589176,0.0,1,0.0,1,8.0,0,0.0,1,61.0,0,0.0,1,0.0,1,10.0,0,0,0.5555555555555556
1161,0,,,27.386127875258307,34.0,0.9999973356950952,1.0,0,0.0,1,4.0,0,0.0,1,27.0,0,0.0,1,0.0,1,2.0,0,0,0.4444444444444444
1162,0,,,14100.015106374887,14126.0,0.9999284693279467,1.0,0,0.0,1,5.0,0,0.0,1,20.0,0,0.0,1,14100.0,0,0.0,1,0,0.4444444444444444
1163,0,,,12.36931687685298,21.0,0.9999848145390432,0.0,1,0.0,1,9.0,0,0.0,1,6.0,0,0.0,1,0.0,1,6.0,0,0,0.5555555555555556
1164,0,,,35.4682957019364,44.0,0.9999957248501623,0.0,1,0.0,1,5.0,0,2.0,0,35.0,0,0.0,1,0.0,1,2.0,0,0,0.4444444444444444
1165,0,,,9756.06703544005,9798.0,0.6871443249743234,0.0,1,0.0,1,2.0,0,0.0,1,36.0,0,2.0,0,9756.0,0,2.0,0,1,0.4444444444444444
1166,0,,,39732.00218967073,39748.0,0.5864940684540946,0.0,1,0.0,1,1.0,0,0.0,1,13.0,0,2.0,0,39732.0,0,0.0,1,0,0.4444444444444444
1167,0,,,10506.008043019956,10527.0,0.18427592159320716,1.0,0,0.0,1,10.0,0,0.0,1,8.0,0,2.0,0,10506.0,0,0.0,1,1,0.4444444444444444
1168,0,,,60.01666435249463,62.0,0.9999997232896045,0.0,1,0.0,1,1.0,0,1.0,0,60.0,0,0.0,1,0.0,1,0.0,1,0,0.5555555555555556
1169,0,,,44.23799272118933,51.0,0.9999972877480325,0.0,1,0.0,1,2.0,0,1.0,0,44.0,0,0.0,1,0.0,1,4.0,0,0,0.4444444444444444
1170,0,,,33.075670817082454,36.0,0.9999997544270623,0.0,1,0.0,1,0.0,1,1.0,0,33.0,0,2.0,0,0.0,1,0.0,1,0,0.5555555555555556
1171,0,,,36402.01328223482,36437.0,0.9898948322999971,1.0,0,0.0,1,2.0,0,0.0,1,31.0,0,1.0,0,36402.0,0,0.0,1,0,0.3333333333333333
1172,0,,,9996.002100840115,10008.0,0.9998821459911922,1.0,0,0.0,1,4.0,0,0.0,1,4.0,0,3.0,0,9996.0,0,0.0,1,1,0.4444444444444444
1173,0,,,1242.2028819802345,1274.0,0.9999997462113225,0.0,1,0.0,1,10.0,0,0.0,1,20.0,0,2.0,0,1242.0,0,0.0,1,0,0.4444444444444444
1174,0,,,22.44994432064365,36.0,0.9999869751516731,0.0,1,0.0,1,8.0,0,0.0,1,20.0,0,2.0,0,0.0,1,6.0,0,1,0.5555555555555556
1175,0,,,12886.003026540076,12900.0,0.999995087671953,0.0,1,0.0,1,8.0,0,0.0,1,3.0,0,2.0,0,12886.0,0,1.0,0,1,0.4444444444444444
1176,0,,,39869.026010174864,39921.0,0.5451513141583716,0.0,1,0.0,1,7.0,0,0.0,1,45.0,0,0.0,1,39869.0,0,0.0,1,0,0.5555555555555556
1177,0,,,30.166206257996713,40.0,0.9999911078902944,1.0,0,0.0,1,2.0,0,0.0,1,29.0,0,0.0,1,0.0,1,8.0,0,0,0.4444444444444444
1178,0,,,36929.01497467811,36967.0,0.9899661535477751,0.0,1,0.0,1,4.0,0,1.0,0,33.0,0,0.0,1,36929.0,0,0.0,1,0,0.4444444444444444
1179,0,,,22.67156809750927,34.0,0.9999905063811207,1.0,0,0.0,1,2.0,0,2.0,0,21.0,0,0.0,1,0.0,1,8.0,0,1,0.4444444444444444
1180,0,,,23182.04238198179,23233.0,0.9992281568874178,0.0,1,0.0,1,2.0,0,0.0,1,44.0,0,5.0,0,23182.0,0,0.0,1,0,0.4444444444444444
1181,0,,,46304.035990397206,46375.0,0.041796980057899336,0.0,1,0.0,1,14.0,0,1.0,0,56.0,0,0.0,1,46304.0,0,0.0,1,1,0.5555555555555556
1182,0,,,8218.004806520863,8233.0,0.9999682612623016,1.0,0,0.0,1,2.0,0,1.0,0,3.0,0,0.0,1,8218.0,0,8.0,0,1,0.3333333333333333
1183,0,,,122.30290266383705,184.0,0.9986600819825873,1.0,0,0.0,1,14.0,0,0.0,1,69.0,0,0.0,1,0.0,1,100.0,0,1,0.5555555555555556
1184,0,,,2.6457513110645907,5.0,0.9999992511716581,1.0,0,0.0,1,2.0,0,1.0,0,1.0,0,0.0,1,0.0,1,0.0,1,0,0.4444444444444444
1185,0,,,8732.072262641897,8774.0,0.998812514028459,1.0,0,0.0,1,0.0,1,0.0,1,35.0,0,0.0,1,8732.0,0,6.0,0,0,0.4444444444444444
1186,0,,,41005.01343738348,41043.0,0.9948635365718167,0.0,1,0.0,1,2.0,0,0.0,1,33.0,0,3.0,0,41005.0,0,0.0,1,0,0.4444444444444444
1187,0,,,10.488088481701515,14.0,0.999998713557436,0.0,1,0.0,1,0.0,1,1.0,0,10.0,0,0.0,1,0.0,1,3.0,0,0,0.5555555555555556
1188,0,,,19049.000918683374,19058.0,0.9967915525691802,0.0,1,0.0,1,5.0,0,1.0,0,0.0,1,3.0,0,19049.0,0,0.0,1,1,0.5555555555555556
1189,0,,,31238.0029131185,31256.0,0.9968846651305308,0.0,1,0.0,1,3.0,0,0.0,1,13.0,0,2.0,0,31238.0,0,0.0,1,0,0.4444444444444444
1190,0,,,7851.002165328959,7861.0,0.9999344911124798,0.0,1,0.0,1,0.0,1,4.0,0,1.0,0,4.0,0,7851.0,0,1.0,0,1,0.4444444444444444
1191,0,,,48.14561246884289,54.0,0.9999980881827997,1.0,0,0.0,1,3.0,0,0.0,1,48.0,0,0.0,1,0.0,1,2.0,0,0,0.4444444444444444
1192,0,,,23.558437978779494,29.0,0.9999968344759619,0.0,1,0.0,1,5.0,0,1.0,0,23.0,0,0.0,1,0.0,1,0.0,1,0,0.5555555555555556
1193,0,,,3.4641016151377544,6.0,0.9999986364853303,0.0,1,0.0,1,1.0,0,1.0,0,1.0,0,3.0,0,0.0,1,0.0,1,0,0.4444444444444444
1194,0,,,86295.00054464338,86309.0,0.9870774342749117,0.0,1,0.0,1,2.0,0,0.0,1,9.0,0,3.0,0,86295.0,0,0.0,1,0,0.4444444444444444
1195,0,,,59.016946718718,61.0,0.9999997237735345,0.0,1,0.0,1,1.0,0,1.0,0,59.0,0,0.0,1,0.0,1,0.0,1,0,0.5555555555555556
1196,0,,,86294.00103715206,86311.0,0.9871227671055113,1.0,0,0.0,1,3.0,0,0.0,1,13.0,0,0.0,1,86294.0,0,0.0,1,0,0.4444444444444444
1197,0,,,25932.008059539083,25958.0,0.07544602538829492,1.0,0,0.0,1,1.0,0,0.0,1,20.0,0,4.0,0,25932.0,0,0.0,1,1,0.4444444444444444
1198,0,,,95886.00410904607,95916.0,0.5074499105074719,0.0,1,0.0,1,0.0,1,0.0,1,28.0,0,2.0,0,95886.0,0,0.0,1,0,0.5555555555555556
1199,0,,,47.43416490252569,56.0,0.9999945910903552,0.0,1,0.0,1,2.0,0,1.0,0,47.0,0,6.0,0,0.0,1,0.0,1,0,0.4444444444444444
1200,0,,,41004.01772997373,41046.0,0.048211082008052575,1.0,0,0.0,1,3.0,0,0.0,1,38.0,0,0.0,1,41004.0,0,0.0,1,1,0.5555555555555556
1201,0,,,48.55924216871593,62.0,0.9999820905771669,0.0,1,0.0,1,12.0,0,1.0,0,47.0,0,2.0,0,0.0,1,0.0,1,1,0.5555555555555556
1202,0,,,17.86057109949175,31.0,0.9999811494035014,1.0,0,0.0,1,7.0,0,0.0,1,13.0,0,0.0,1,0.0,1,10.0,0,1,0.5555555555555556
1203,0,,,30.854497241083024,40.0,0.9999932837977423,0.0,1,0.0,1,4.0,0,0.0,1,30.0,0,0.0,1,0.0,1,6.0,0,0,0.5555555555555556
1204,0,,,1500.165990815683,1534.0,0.9999996534101356,1.0,0,0.0,1,2.0,0,0.0,1,21.0,0,4.0,0,1500.0,0,6.0,0,1,0.3333333333333333
1205,0,,,21.307275752662516,30.0,0.9999933240281023,0.0,1,0.0,1,2.0,0,1.0,0,20.0,0,0.0,1,0.0,1,7.0,0,0,0.4444444444444444
1206,0,,,12.449899597988733,21.0,0.9999906972827667,1.0,0,0.0,1,3.0,0,0.0,1,9.0,0,0.0,1,0.0,1,8.0,0,0,0.4444444444444444
1207,0,,,85493.00031581533,85503.0,0.02270766740764696,0.0,1,0.0,1,1.0,0,0.0,1,7.0,0,2.0,0,85493.0,0,0.0,1,0,0.4444444444444444
1208,0,,,4.242640687119285,8.0,0.9999988412689077,1.0,0,0.0,1,2.0,0,0.0,1,3.0,0,0.0,1,0.0,1,2.0,0,0,0.4444444444444444
1209,0,,,33312.00669428367,33336.0,0.9950131239095322,0.0,1,0.0,1,2.0,0,1.0,0,21.0,0,0.0,1,33312.0,0,0.0,1,0,0.4444444444444444
1210,0,,,2108.201603262838,2142.0,0.9999970926234051,1.0,0,0.0,1,2.0,0,0.0,1,29.0,0,2.0,0,2108.0,0,0.0,1,0,0.3333333333333333
1211,0,,,2109.696186658164,2170.0,0.9999957369489074,1.0,0,0.0,1,2.0,0,0.0,1,54.0,0,4.0,0,2109.0,0,0.0,1,0,0.3333333333333333
1212,0,,,43.69210454990696,55.0,0.9999814470042002,0.0,1,0.0,1,12.0,0,1.0,0,42.0,0,0.0,1,0.0,1,0.0,1,0,0.5555555555555556
1213,0,,,14102.09055424053,14162.0,0.13621597902995852,0.0,1,0.0,1,2.0,0,1.0,0,50.0,0,0.0,1,14102.0,0,7.0,0,1,0.4444444444444444
1214,0,,,74.3370701601832,88.0,0.9999739861276777,0.0,1,0.0,1,14.0,0,1.0,0,73.0,0,0.0,1,0.0,1,0.0,1,0,0.5555555555555556
1215,0,,,44099.00171205693,44118.0,0.9996850503084904,1.0,0,0.0,1,10.0,0,1.0,0,7.0,0,0.0,1,44099.0,0,0.0,1,1,0.4444444444444444
1216,0,,,11905.02792940865,11938.0,0.9999951083089936,0.0,1,0.0,1,6.0,0,2.0,0,25.0,0,0.0,1,11905.0,0,0.0,1,0,0.4444444444444444
1217,0,,,9.273618495495704,16.0,0.9999907455621205,1.0,0,0.0,1,1.0,0,2.0,0,4.0,0,0.0,1,0.0,1,8.0,0,1,0.4444444444444444
1218,0,,,40010.12120701461,40123.0,0.9997944825437858,1.0,0,0.0,1,3.0,0,2.0,0,9.0,0,0.0,1,40010.0,0,98.0,0,1,0.3333333333333333
1219,0,,,61.26173356998641,75.0,0.9999797920962652,0.0,1,0.0,1,12.0,0,3.0,0,60.0,0,0.0,1,0.0,1,0.0,1,0,0.5555555555555556
1220,0,,,10630.025352744931,10657.0,0.18255884478182804,0.0,1,0.0,1,3.0,0,0.0,1,23.0,0,1.0,0,10630.0,0,0.0,1,0,0.4444444444444444
1221,0,,,25880.005738021002,25905.0,0.9965413145042645,1.0,0,0.0,1,2.0,0,0.0,1,16.0,0,6.0,0,25880.0,0,0.0,1,1,0.4444444444444444
1222,0,,,120.6358155772986,181.0,0.9986600408121099,1.0,0,0.0,1,14.0,0,0.0,1,66.0,0,0.0,1,0.0,1,100.0,0,1,0.5555555555555556
1223,0,,,24.61706725018234,32.0,0.9999961186969051,1.0,0,0.0,1,5.0,0,0.0,1,24.0,0,0.0,1,0.0,1,2.0,0,0,0.4444444444444444
1224,0,,,37616.00326988501,37638.0,0.9998296791686004,0.0,1,0.0,1,1.0,0,0.0,1,15.0,0,4.0,0,37616.0,0,2.0,0,1,0.4444444444444444
1225,0,,,13.490737563232042,20.0,0.9999950754662392,1.0,0,0.0,1,6.0,0,0.0,1,12.0,0,0.0,1,0.0,1,1.0,0,0,0.4444444444444444
1226,0,,,5.477225575051661,10.0,0.9999973728669916,0.0,1,0.0,1,2.0,0,1.0,0,3.0,0,4.0,0,0.0,1,0.0,1,0,0.4444444444444444
1227,0,,,45.24378410345447,53.0,0.9999973606963638,0.0,1,0.0,1,3.0,0,2.0,0,45.0,0,0.0,1,0.0,1,3.0,0,0,0.4444444444444444
1228,0,,,23.08679276123039,33.0,0.9999937300373951,0.0,1,0.0,1,3.0,0,2.0,0,22.0,0,0.0,1,0.0,1,6.0,0,0,0.4444444444444444
1229,0,,,26124.00855535,26149.0,0.6047900041347564,1.0,0,0.0,1,2.0,0,1.0,0,21.0,0,0.0,1,26124.0,0,0.0,1,1,0.4444444444444444
1230,0,,,25113.001473340457,25127.0,0.0782194937294941,0.0,1,0.0,1,0.0,1,0.0,1,7.0,0,4.0,0,25113.0,0,3.0,0,1,0.5555555555555556
1231,0,,,63.50590523722971,81.0,0.9999744148262637,0.0,1,0.0,1,13.0,0,0.0,1,62.0,0,4.0,0,0.0,1,2.0,0,1,0.5555555555555556
1232,0,,,56211.01499706263,56263.0,0.034349357722364804,0.0,1,0.0,1,2.0,0,1.0,0,40.0,0,0.0,1,56211.0,0,9.0,0,1,0.4444444444444444
1233,0,,,50.02999100539596,67.0,0.9999621090681026,0.0,1,0.0,1,17.0,0,1.0,0,47.0,0,0.0,1,0.0,1,2.0,0,1,0.5555555555555556
1234,0,,,33.075670817082454,44.0,0.9999908448500625,1.0,0,0.0,1,1.0,0,2.0,0,32.0,0,0.0,1,0.0,1,8.0,0,1,0.4444444444444444
1235,0,,,45403.016496704266,45451.0,0.04267513305566273,0.0,1,0.0,1,2.0,0,1.0,0,38.0,0,0.0,1,45403.0,0,7.0,0,1,0.4444444444444444
1236,0,,,46901.000319822604,46911.0,0.042192350181052496,0.0,1,0.0,1,2.0,0,1.0,0,3.0,0,4.0,0,46901.0,0,0.0,1,1,0.4444444444444444
1237,0,,,12.68857754044952,21.0,0.9999899778639673,0.0,1,0.0,1,8.0,0,0.0,1,9.0,0,0.0,1,0.0,1,4.0,0,0,0.5555555555555556
1238,0,,,1895.0110817617929,1907.0,0.9999998950602579,0.0,1,0.0,1,2.0,0,2.0,0,5.0,0,3.0,0,1895.0,0,0.0,1,0,0.3333333333333333
1239,0,,,30289.003714219456,30310.0,0.9908297788419195,0.0,1,0.0,1,9.0,0,0.0,1,12.0,0,0.0,1,30289.0,0,0.0,1,0,0.5555555555555556
1240,0,,,59.38013135721409,70.0,0.9999945347977862,0.0,1,0.0,1,5.0,0,0.0,1,59.0,0,4.0,0,0.0,1,2.0,0,0,0.4444444444444444
1241,0,,,9.486832980505138,16.0,0.9999928867442247,1.0,0,0.0,1,7.0,0,2.0,0,6.0,0,0.0,1,0.0,1,0.0,1,1,0.5555555555555556
1242,0,,,30205.001903658274,30222.0,0.996962675761453,0.0,1,0.0,1,5.0,0,0.0,1,9.0,0,3.0,0,30205.0,0,0.0,1,1,0.5555555555555556
1243,0,,,59.724366886556446,71.0,0.9999888119845248,0.0,1,0.0,1,9.0,0,1.0,0,59.0,0,0.0,1,0.0,1,2.0,0,1,0.5555555555555556
1244,0,,,51951.016380817804,51999.0,0.9992955549306858,0.0,1,0.0,1,2.0,0,1.0,0,41.0,0,4.0,0,51951.0,0,0.0,1,1,0.4444444444444444
1245,0,,,37.26929030716845,55.0,0.9999788230228641,1.0,0,0.0,1,9.0,0,1.0,0,35.0,0,0.0,1,0.0,1,9.0,0,1,0.4444444444444444
1246,0,,,209.9571384830723,236.0,0.9999859042217395,0.0,1,0.0,1,0.0,1,0.0,1,19.0,0,2.0,0,209.0,0,6.0,0,0,0.4444444444444444
1247,0,,,9.486832980505138,14.0,0.9999988496500397,1.0,0,0.0,1,2.0,0,2.0,0,9.0,0,0.0,1,0.0,1,0.0,1,0,0.4444444444444444
1248,0,,,58.01723881744115,80.0,0.9999699024593277,0.0,1,0.0,1,11.0,0,3.0,0,56.0,0,0.0,1,0.0,1,10.0,0,1,0.5555555555555556
1249,0,,,43228.01118487872,43263.0,0.9996741281402931,1.0,0,0.0,1,2.0,0,1.0,0,31.0,0,0.0,1,43228.0,0,0.0,1,1,0.4444444444444444
1250,0,,,33270.00079651336,33283.0,0.9949796711126819,0.0,1,0.0,1,2.0,0,2.0,0,6.0,0,3.0,0,33270.0,0,0.0,1,1,0.4444444444444444
1251,0,,,42.731721238442994,54.0,0.9999813456722695,0.0,1,0.0,1,12.0,0,1.0,0,41.0,0,0.0,1,0.0,1,0.0,1,0,0.5555555555555556
1252,0,,,42.731721238442994,54.0,0.9999814459663243,0.0,1,0.0,1,12.0,0,1.0,0,41.0,0,0.0,1,0.0,1,0.0,1,0,0.5555555555555556
1253,0,,,46302.01043151366,46336.0,0.04185912835449446,1.0,0,0.0,1,2.0,0,0.0,1,31.0,0,0.0,1,46302.0,0,0.0,1,0,0.4444444444444444
1254,0,,,32799.0039330465,32817.0,0.9951504879827244,1.0,0,0.0,1,0.0,1,0.0,1,16.0,0,1.0,0,32799.0,0,0.0,1,0,0.4444444444444444
1255,0,,,110.43097391583576,125.0,0.9999999898086499,0.0,1,0.0,1,3.0,0,1.0,0,9.0,0,2.0,0,110.0,0,0.0,1,0,0.3333333333333333
1256,0,,,10792.03451625318,10829.0,0.17706750770975999,1.0,0,0.0,1,2.0,0,0.0,1,26.0,0,0.0,1,10792.0,0,8.0,0,1,0.4444444444444444
1257,0,,,27.184554438136374,31.0,0.9999987751912263,1.0,0,0.0,1,0.0,1,0.0,1,27.0,0,0.0,1,0.0,1,3.0,0,0,0.5555555555555556
1258,0,,,62.369864518050704,72.0,0.999994296256833,0.0,1,0.0,1,6.0,0,3.0,0,62.0,0,0.0,1,0.0,1,1.0,0,0,0.4444444444444444
1259,0,,,46493.067827365405,46582.0,0.04269781462177258,0.0,1,0.0,1,1.0,0,1.0,0,79.0,0,0.0,1,46493.0,0,8.0,0,1,0.4444444444444444
1260,0,,,52.028838157314254,55.0,0.9999995610727708,1.0,0,0.0,1,0.0,1,1.0,0,52.0,0,0.0,1,0.0,1,1.0,0,0,0.4444444444444444
1261,0,,,82904.00495151003,82939.0,0.9926325639021396,0.0,1,0.0,1,6.0,0,0.0,1,28.0,0,1.0,0,82904.0,0,0.0,1,0,0.4444444444444444
1262,0,,,46.292547996410825,53.0,0.999996542451431,0.0,1,0.0,1,1.0,0,1.0,0,46.0,0,0.0,1,0.0,1,5.0,0,0,0.4444444444444444
1263,0,,,47818.000324145716,47827.0,0.04148002088368041,1.0,0,0.0,1,2.0,0,1.0,0,5.0,0,0.0,1,47818.0,0,0.0,1,1,0.4444444444444444
1264,0,,,39.72404813208241,50.0,0.9999925727606792,0.0,1,0.0,1,7.0,0,0.0,1,39.0,0,2.0,0,0.0,1,2.0,0,1,0.5555555555555556
1265,0,,,9.433981132056603,17.0,0.999990362645357,1.0,0,0.0,1,2.0,0,2.0,0,4.0,0,0.0,1,0.0,1,8.0,0,1,0.4444444444444444
1266,0,,,62011.00237054712,62031.0,0.03155360402324525,1.0,0,0.0,1,2.0,0,0.0,1,17.0,0,0.0,1,62011.0,0,0.0,1,0,0.4444444444444444
1267,0,,,8219.084133892291,8272.0,0.999960548767258,1.0,0,0.0,1,11.0,0,0.0,1,35.0,0,6.0,0,8219.0,0,0.0,1,1,0.4444444444444444
1268,0,,,38.18376618407357,50.0,0.9999885309445372,0.0,1,0.0,1,9.0,0,2.0,0,37.0,0,0.0,1,0.0,1,2.0,0,0,0.4444444444444444
1269,0,,,40.85339643163099,51.0,0.9999909889625802,1.0,0,0.0,1,2.0,0,0.0,1,40.0,0,0.0,1,0.0,1,8.0,0,0,0.4444444444444444
1270,0,,,85212.00194808241,85234.0,0.02255117553029129,0.0,1,0.0,1,2.0,0,0.0,1,18.0,0,2.0,0,85212.0,0,0.0,1,0,0.4444444444444444
1271,0,,,33.91164991562634,44.0,0.9999923516682157,0.0,1,0.0,1,5.0,0,0.0,1,33.0,0,0.0,1,0.0,1,6.0,0,0,0.5555555555555556
1272,0,,,4201.014044251697,4217.0,0.9994913395136892,1.0,0,0.0,1,1.0,0,0.0,1,10.0,0,4.0,0,4201.0,0,0.0,1,0,0.3333333333333333
1273,0,,,46304.00666249088,46337.0,0.04202966113622375,1.0,0,0.0,1,2.0,0,0.0,1,24.0,0,6.0,0,46304.0,0,0.0,1,1,0.4444444444444444
1274,0,,,11.575836902790225,20.0,0.9999907706876586,1.0,0,0.0,1,1.0,0,2.0,0,8.0,0,0.0,1,0.0,1,8.0,0,1,0.4444444444444444
1275,0,,,34.828149534535996,51.0,0.9999840824965386,0.0,1,0.0,1,2.0,0,2.0,0,33.0,0,4.0,0,0.0,1,10.0,0,1,0.4444444444444444
1276,0,,,38927.002016595114,38944.0,0.9997929749657459,0.0,1,0.0,1,3.0,0,0.0,1,12.0,0,2.0,0,38927.0,0,0.0,1,0,0.4444444444444444
1277,0,,,3010.081394248335,3036.0,0.999997494339901,0.0,1,0.0,1,1.0,0,0.0,1,22.0,0,2.0,0,3010.0,0,1.0,0,0,0.3333333333333333
1278,0,,,25.41653005427767,32.0,0.999997333602169,0.0,1,0.0,1,2.0,0,1.0,0,25.0,0,0.0,1,0.0,1,4.0,0,0,0.4444444444444444
1279,0,,,69.38299503480663,78.0,0.9999936273700032,0.0,1,0.0,1,7.0,0,2.0,0,69.0,0,0.0,1,0.0,1,0.0,1,0,0.5555555555555556
1280,0,,,49234.04855382096,49309.0,0.04013556206286206,0.0,1,0.0,1,2.0,0,0.0,1,69.0,0,0.0,1,49234.0,0,4.0,0,0,0.4444444444444444
1281,0,,,46522.00144017882,46538.0,0.04151779586659732,0.0,1,0.0,1,3.0,0,0.0,1,11.0,0,0.0,1,46522.0,0,2.0,0,0,0.4444444444444444
1282,0,,,44.30575583375144,51.0,0.9999968049030239,1.0,0,0.0,1,5.0,0,0.0,1,44.0,0,0.0,1,0.0,1,1.0,0,0,0.4444444444444444
1283,0,,,12.24744871391589,16.0,0.9999992352711754,1.0,0,0.0,1,1.0,0,2.0,0,12.0,0,0.0,1,0.0,1,0.0,1,0,0.4444444444444444
1284,0,,,35121.02759031973,35167.0,0.99531056405455,0.0,1,0.0,1,0.0,1,1.0,0,44.0,0,1.0,0,35121.0,0,0.0,1,0,0.4444444444444444
1285,0,,,13.0,21.0,0.9999913091780582,0.0,1,0.0,1,2.0,0,1.0,0,10.0,0,0.0,1,0.0,1,8.0,0,0,0.4444444444444444
1286,0,,,66.15889962809237,73.0,0.9999973814651287,1.0,0,0.0,1,2.0,0,0.0,1,66.0,0,0.0,1,0.0,1,4.0,0,0,0.4444444444444444
1287,0,,,14102.121187963177,14170.0,0.13614908441957618,0.0,1,0.0,1,2.0,0,1.0,0,58.0,0,0.0,1,14102.0,0,7.0,0,1,0.4444444444444444
1288,0,,,20.37154878746336,29.0,0.9999931430136171,0.0,1,0.0,1,2.0,0,1.0,0,19.0,0,0.0,1,0.0,1,7.0,0,0,0.4444444444444444
1289,0,,,17.349351572897472,29.0,0.9999796914754948,0.0,1,0.0,1,11.0,0,0.0,1,12.0,0,0.0,1,0.0,1,6.0,0,0,0.5555555555555556
1290,0,,,40.48456495999432,57.0,0.9999846906326942,0.0,1,0.0,1,2.0,0,1.0,0,39.0,0,7.0,0,0.0,1,8.0,0,1,0.4444444444444444
1291,0,,,9.219544457292887,17.0,0.9999953012562836,0.0,1,0.0,1,2.0,0,0.0,1,7.0,0,4.0,0,0.0,1,4.0,0,0,0.4444444444444444
1292,0,,,35.298725189445584,42.0,0.9999973246684172,0.0,1,0.0,1,2.0,0,1.0,0,35.0,0,0.0,1,0.0,1,4.0,0,0,0.4444444444444444
1293,0,,,83.20456718233682,91.0,0.9999953852680951,0.0,1,0.0,1,3.0,0,0.0,1,83.0,0,0.0,1,0.0,1,5.0,0,0,0.5555555555555556
1294,0,,,36498.003219354345,36517.0,0.9998356107847912,0.0,1,0.0,1,3.0,0,1.0,0,15.0,0,0.0,1,36498.0,0,0.0,1,0,0.4444444444444444
1295,0,,,42990.002675040625,43016.0,0.995419514561739,0.0,1,0.0,1,1.0,0,0.0,1,12.0,0,6.0,0,42990.0,0,7.0,0,1,0.4444444444444444
1296,0,,,13.076696830622021,21.0,0.9999798625223967,0.0,1,0.0,1,9.0,0,0.0,1,3.0,0,0.0,1,0.0,1,9.0,0,0,0.5555555555555556
1297,0,,,2901.15701057354,2936.0,0.9999993149456392,0.0,1,0.0,1,3.0,0,0.0,1,30.0,0,1.0,0,2901.0,0,1.0,0,0,0.3333333333333333
1298,0,,,22359.01194149688,22385.0,0.9927884057862945,1.0,0,0.0,1,2.0,0,0.0,1,23.0,0,0.0,1,22359.0,0,0.0,1,0,0.4444444444444444
1299,0,,,71.42828571371429,82.0,0.9999915668140178,0.0,1,0.0,1,5.0,0,0.0,1,71.0,0,0.0,1,0.0,1,6.0,0,0,0.5555555555555556
1300,0,,,49.38623289946298,57.0,0.9999950325293719,0.0,1,0.0,1,1.0,0,1.0,0,49.0,0,6.0,0,0.0,1,0.0,1,0,0.4444444444444444
1301,0,,,14102.003616507833,14118.0,0.1392442889224803,0.0,1,0.0,1,2.0,0,1.0,0,9.0,0,4.0,0,14102.0,0,0.0,1,1,0.4444444444444444
1302,0,,,26.19160170741759,32.0,0.9999985939506206,1.0,0,0.0,1,1.0,0,2.0,0,26.0,0,0.0,1,0.0,1,2.0,0,0,0.3333333333333333
1303,0,,,14102.142638620559,14175.0,0.13559606182377082,0.0,1,0.0,1,2.0,0,1.0,0,63.0,0,0.0,1,14102.0,0,7.0,0,1,0.4444444444444444
1304,0,,,47599.014926781834,47646.0,0.04077152755495639,1.0,0,0.0,1,1.0,0,0.0,1,37.0,0,1.0,0,47599.0,0,7.0,0,1,0.3333333333333333
1305,0,,,1412.3643297676417,1453.0,0.8124015690972965,0.0,1,0.0,1,8.0,0,0.0,1,31.0,0,2.0,0,1412.0,0,0.0,1,1,0.5555555555555556
1306,0,,,49223.000142209945,49229.0,0.03995753207571673,0.0,1,0.0,1,2.0,0,1.0,0,3.0,0,0.0,1,49223.0,0,0.0,1,0,0.4444444444444444
1307,0,,,30.886890422961002,40.0,0.999993352222816,0.0,1,0.0,1,2.0,0,1.0,0,30.0,0,0.0,1,0.0,1,7.0,0,0,0.4444444444444444
1308,0,,,7.0710678118654755,12.0,0.9999981477631721,1.0,0,0.0,1,2.0,0,0.0,1,6.0,0,0.0,1,0.0,1,3.0,0,0,0.4444444444444444
1309,0,,,40.80441152620633,49.0,0.999991405959312,1.0,0,0.0,1,8.0,0,0.0,1,40.0,0,0.0,1,0.0,1,0.0,1,0,0.5555555555555556
1310,0,,,6088.079171627123,6122.0,0.9999912662221302,1.0,0,0.0,1,1.0,0,0.0,1,31.0,0,1.0,0,6088.0,0,0.0,1,0,0.3333333333333333
1311,0,,,41003.00153647291,41017.0,0.0479552218052397,0.0,1,0.0,1,2.0,0,1.0,0,11.0,0,0.0,1,41003.0,0,0.0,1,0,0.4444444444444444
1312,0,,,46522.00856583903,46555.0,0.041527885553900856,0.0,1,0.0,1,3.0,0,0.0,1,28.0,0,0.0,1,46522.0,0,2.0,0,0,0.4444444444444444
1313,0,,,46901.00586341406,46931.0,0.04169244386277804,1.0,0,0.0,1,2.0,0,0.0,1,23.0,0,4.0,0,46901.0,0,0.0,1,1,0.4444444444444444
1314,0,,,69.10137480542626,75.0,0.9999981984775562,1.0,0,0.0,1,2.0,0,3.0,0,69.0,0,0.0,1,0.0,1,0.0,1,0,0.4444444444444444
1315,0,,,10712.006254665836,10730.0,0.18048513046379377,0.0,1,0.0,1,7.0,0,0.0,1,9.0,0,0.0,1,10712.0,0,2.0,0,0,0.4444444444444444
1316,0,,,43.829214001622255,55.0,0.999990844810121,0.0,1,0.0,1,8.0,0,2.0,0,43.0,0,0.0,1,0.0,1,2.0,0,0,0.4444444444444444
1317,0,,,34.351128074635334,48.0,0.9999997788348448,1.0,0,0.0,1,1.0,0,2.0,0,33.0,0,2.0,0,9.0,0,0.0,1,0,0.2222222222222222
1318,0,,,4.242640687119285,8.0,0.9999988795482175,0.0,1,0.0,1,2.0,0,1.0,0,3.0,0,0.0,1,0.0,1,2.0,0,0,0.4444444444444444
1319,0,,,23.874672772626646,34.0,0.9999890682196447,0.0,1,0.0,1,2.0,0,1.0,0,22.0,0,0.0,1,0.0,1,9.0,0,0,0.4444444444444444
1320,0,,,47212.00449038359,47244.0,0.0412104670860981,0.0,1,0.0,1,8.0,0,0.0,1,18.0,0,6.0,0,47212.0,0,0.0,1,1,0.5555555555555556
1321,0,,,73419.0052643047,73458.0,0.9876012808758514,0.0,1,0.0,1,12.0,0,0.0,1,25.0,0,2.0,0,73419.0,0,0.0,1,1,0.5555555555555556
1322,0,,,9200.063749779129,9239.0,0.9999469705432227,0.0,1,0.0,1,0.0,1,1.0,0,34.0,0,4.0,0,9200.0,0,0.0,1,0,0.4444444444444444
1323,0,,,45629.00072322426,45639.0,0.5748494645423847,1.0,0,0.0,1,8.0,0,0.0,1,1.0,0,0.0,1,45629.0,0,0.0,1,1,0.5555555555555556
1324,0,,,15.066519173319364,25.0,0.999986627793404,0.0,1,0.0,1,5.0,0,0.0,1,11.0,0,0.0,1,0.0,1,9.0,0,0,0.5555555555555556
1325,0,,,58.25804665451803,70.0,0.999981215566412,0.0,1,0.0,1,12.0,0,1.0,0,57.0,0,0.0,1,0.0,1,0.0,1,0,0.5555555555555556
1326,0,,,18.138357147217054,21.0,0.9999993759576126,0.0,1,0.0,1,0.0,1,1.0,0,18.0,0,2.0,0,0.0,1,0.0,1,0,0.5555555555555556
1327,0,,,49223.001239258054,49241.0,0.03936368492916231,1.0,0,0.0,1,2.0,0,0.0,1,9.0,0,0.0,1,49223.0,0,6.0,0,1,0.4444444444444444
1328,0,,,85212.00214171711,85233.0,0.022853079675630217,0.0,1,0.0,1,0.0,1,0.0,1,19.0,0,2.0,0,85212.0,0,0.0,1,0,0.5555555555555556
1329,0,,,60.43177971895251,70.0,0.9999929446438356,0.0,1,0.0,1,4.0,0,0.0,1,60.0,0,0.0,1,0.0,1,6.0,0,0,0.5555555555555556
1330,0,,,14.352700094407323,24.0,0.9999889853355188,0.0,1,0.0,1,7.0,0,0.0,1,11.0,0,0.0,1,0.0,1,6.0,0,0,0.5555555555555556
1331,0,,,32.09361307176243,42.0,0.9999911052736927,0.0,1,0.0,1,2.0,0,1.0,0,31.0,0,0.0,1,0.0,1,8.0,0,0,0.4444444444444444
1332,0,,,99.32270636667126,117.0,0.9988034048138228,0.0,1,0.0,1,2.0,0,1.0,0,16.0,0,0.0,1,0.0,1,98.0,0,0,0.4444444444444444
1333,0,,,29129.00012015517,29134.0,0.9999229873344367,1.0,0,0.0,1,0.0,1,1.0,0,1.0,0,2.0,0,29129.0,0,0.0,1,1,0.4444444444444444
1334,0,,,8.366600265340756,12.0,0.99999117026286,0.0,1,0.0,1,1.0,0,2.0,0,1.0,0,0.0,1,0.0,1,8.0,0,0,0.4444444444444444
1335,0,,,61.032778078668514,65.0,0.9999994670872572,1.0,0,0.0,1,1.0,0,1.0,0,61.0,0,0.0,1,0.0,1,1.0,0,0,0.3333333333333333
1336,0,,,38592.014212787595,38629.0,0.9998111956045946,0.0,1,0.0,1,2.0,0,0.0,1,33.0,0,2.0,0,38592.0,0,0.0,1,0,0.4444444444444444
1337,0,,,15029.003593053001,15045.0,0.9999875606000893,0.0,1,0.0,1,5.0,0,1.0,0,9.0,0,0.0,1,15029.0,0,1.0,0,1,0.4444444444444444
1338,0,,,49223.02179874779,49277.0,0.03943467630031661,1.0,0,0.0,1,2.0,0,0.0,1,46.0,0,5.0,0,49223.0,0,0.0,1,1,0.4444444444444444
1339,0,,,20.09975124224178,30.0,0.9999895069523342,0.0,1,0.0,1,4.0,0,0.0,1,18.0,0,0.0,1,0.0,1,8.0,0,0,0.5555555555555556
1340,0,,,39.26830783214372,46.0,0.999997316543163,0.0,1,0.0,1,2.0,0,1.0,0,39.0,0,0.0,1,0.0,1,4.0,0,0,0.4444444444444444
1341,0,,,34888.02298783925,34930.0,0.9998477663945267,0.0,1,0.0,1,0.0,1,0.0,1,40.0,0,0.0,1,34888.0,0,2.0,0,0,0.5555555555555556
1342,0,,,58.35237784358063,67.0,0.9999946612285243,0.0,1,0.0,1,2.0,0,1.0,0,58.0,0,0.0,1,0.0,1,6.0,0,0,0.4444444444444444
1343,0,,,7.615773105863909,12.0,0.9999932500408114,1.0,0,0.0,1,2.0,0,0.0,1,2.0,0,0.0,1,0.0,1,7.0,0,0,0.4444444444444444
1344,0,,,32.09361307176243,42.0,0.9999910878121518,0.0,1,0.0,1,2.0,0,1.0,0,31.0,0,0.0,1,0.0,1,8.0,0,0,0.4444444444444444
1345,0,,,58.01723881744115,80.0,0.9999699024593277,0.0,1,0.0,1,11.0,0,3.0,0,56.0,0,0.0,1,0.0,1,10.0,0,1,0.5555555555555556
1346,0,,,62.01612693485461,64.0,0.9999997222995635,0.0,1,0.0,1,1.0,0,1.0,0,62.0,0,0.0,1,0.0,1,0.0,1,0,0.5555555555555556
1347,0,,,56.16048432839589,64.0,0.9999977603150414,1.0,0,0.0,1,2.0,0,2.0,0,56.0,0,0.0,1,0.0,1,3.0,0,1,0.4444444444444444
1348,0,,,10904.031135318717,10933.0,0.9999958853357551,0.0,1,0.0,1,1.0,0,1.0,0,26.0,0,1.0,0,10904.0,0,0.0,1,0,0.3333333333333333
1349,0,,,10.583005244258363,16.0,0.9999858118261559,0.0,1,0.0,1,2.0,0,2.0,0,2.0,0,0.0,1,0.0,1,10.0,0,0,0.4444444444444444
1350,0,,,2901.085314153998,2934.0,0.9999998362879331,0.0,1,0.0,1,3.0,0,0.0,1,21.0,0,3.0,0,2901.0,0,6.0,0,0,0.3333333333333333
1351,0,,,6385.02764285324,6410.0,0.9978358735907439,0.0,1,0.0,1,5.0,0,0.0,1,18.0,0,2.0,0,6385.0,0,0.0,1,0,0.4444444444444444
1352,0,,,17.291616465790582,27.0,0.99999459666384,1.0,0,0.0,1,5.0,0,1.0,0,16.0,0,4.0,0,0.0,1,0.0,1,1,0.4444444444444444
1353,0,,,60.36555309114628,70.0,0.9999943476385622,0.0,1,0.0,1,6.0,0,2.0,0,60.0,0,0.0,1,0.0,1,2.0,0,0,0.4444444444444444
1354,0,,,62021.00084648748,62034.0,0.03157163082592729,0.0,1,0.0,1,2.0,0,0.0,1,10.0,0,0.0,1,62021.0,0,1.0,0,0,0.4444444444444444
1355,0,,,27502.0043269577,27522.0,0.07156805144086476,0.0,1,0.0,1,3.0,0,0.0,1,15.0,0,2.0,0,27502.0,0,0.0,1,0,0.4444444444444444
1356,0,,,6.324555320336759,12.0,0.999998106696753,1.0,0,0.0,1,3.0,0,1.0,0,5.0,0,0.0,1,0.0,1,2.0,0,1,0.4444444444444444
1357,0,,,85102.00942986012,85145.0,0.02287782220295409,0.0,1,0.0,1,2.0,0,0.0,1,40.0,0,0.0,1,85102.0,0,1.0,0,0,0.4444444444444444
1358,0,,,56.178287620752556,64.0,0.999997502006671,1.0,0,0.0,1,3.0,0,3.0,0,56.0,0,0.0,1,0.0,1,1.0,0,0,0.3333333333333333
1359,0,,,110.15897603009934,121.0,0.999999996099405,0.0,1,0.0,1,3.0,0,1.0,0,3.0,0,4.0,0,110.0,0,0.0,1,0,0.3333333333333333
1360,0,,,57.74945887192364,69.0,0.9999889979402635,0.0,1,0.0,1,2.0,0,1.0,0,57.0,0,0.0,1,0.0,1,9.0,0,0,0.4444444444444444
1361,0,,,34.322004603461025,42.0,0.9999972173126261,0.0,1,0.0,1,1.0,0,1.0,0,34.0,0,4.0,0,0.0,1,2.0,0,1,0.4444444444444444
1362,0,,,37.86819245752297,54.0,0.9999734257498397,0.0,1,0.0,1,14.0,0,3.0,0,35.0,0,0.0,1,0.0,1,2.0,0,1,0.5555555555555556
1363,0,,,41002.06542358568,41081.0,0.04669421941962737,0.0,1,0.0,1,6.0,0,0.0,1,73.0,0,0.0,1,41002.0,0,0.0,1,0,0.5555555555555556
1364,0,,,46.400431032480725,53.0,0.9999948315062466,0.0,1,0.0,1,6.0,0,1.0,0,46.0,0,0.0,1,0.0,1,0.0,1,0,0.5555555555555556
1365,0,,,9.433981132056603,15.0,0.9999897728309274,0.0,1,0.0,1,4.0,0,0.0,1,3.0,0,0.0,1,0.0,1,8.0,0,0,0.5555555555555556
1366,0,,,18116.08362753937,18174.0,0.10901335967778936,0.0,1,0.0,1,2.0,0,1.0,0,55.0,0,0.0,1,18116.0,0,0.0,1,0,0.4444444444444444
1367,0,,,46899.002302820896,46919.0,0.9952144981896208,0.0,1,0.0,1,4.0,0,0.0,1,14.0,0,2.0,0,46899.0,0,0.0,1,0,0.4444444444444444
1368,0,,,25.45584412271571,34.0,0.9999970231843004,1.0,0,0.0,1,1.0,0,2.0,0,25.0,0,4.0,0,0.0,1,1.0,0,1,0.3333333333333333
1369,0,,,33012.00007573004,33015.0,0.9953153057852128,1.0,0,0.0,1,0.0,1,0.0,1,2.0,0,0.0,1,33012.0,0,0.0,1,0,0.5555555555555556
1370,0,,,1415.1180162799144,1437.0,0.8185578503406115,0.0,1,0.0,1,3.0,0,1.0,0,18.0,0,0.0,1,1415.0,0,0.0,1,0,0.4444444444444444
1371,0,,,71.20393247567159,84.0,0.9999776450101072,0.0,1,0.0,1,13.0,0,1.0,0,70.0,0,0.0,1,0.0,1,0.0,1,0,0.5555555555555556
1372,0,,,48.53864439804639,58.0,0.9999930835604707,0.0,1,0.0,1,4.0,0,0.0,1,48.0,0,0.0,1,0.0,1,6.0,0,0,0.5555555555555556
1373,0,,,85212.00063371356,85226.0,0.022855368645020246,0.0,1,0.0,1,2.0,0,0.0,1,10.0,0,2.0,0,85212.0,0,0.0,1,0,0.4444444444444444
1374,0,,,46522.00022569967,46529.0,0.042432050649859665,0.0,1,0.0,1,4.0,0,0.0,1,2.0,0,0.0,1,46522.0,0,1.0,0,0,0.4444444444444444
1375,0,,,23.065125189341593,34.0,0.9999884292184251,0.0,1,0.0,1,3.0,0,1.0,0,21.0,0,0.0,1,0.0,1,9.0,0,0,0.4444444444444444
1376,0,,,51.81698563212646,65.0,0.9999897673111434,0.0,1,0.0,1,8.0,0,2.0,0,51.0,0,4.0,0,0.0,1,0.0,1,1,0.5555555555555556
1377,0,,,14102.021202650349,14136.0,0.1380767354693223,0.0,1,0.0,1,2.0,0,1.0,0,23.0,0,0.0,1,14102.0,0,8.0,0,1,0.4444444444444444
1378,0,,,20.808652046684813,31.0,0.9999906439628466,0.0,1,0.0,1,2.0,0,2.0,0,19.0,0,0.0,1,0.0,1,8.0,0,0,0.4444444444444444
1379,0,,,32979.00124321535,32989.0,0.9998739919074766,0.0,1,0.0,1,0.0,1,0.0,1,9.0,0,0.0,1,32979.0,0,1.0,0,0,0.5555555555555556
1380,0,,,36.02776706930364,52.0,0.9999734230630002,0.0,1,0.0,1,14.0,0,3.0,0,33.0,0,0.0,1,0.0,1,2.0,0,1,0.5555555555555556
1381,0,,,48.28043081829324,55.0,0.999996447052461,0.0,1,0.0,1,1.0,0,1.0,0,48.0,0,0.0,1,0.0,1,5.0,0,0,0.4444444444444444
1382,0,,,19.157244060668017,23.0,0.9999992573273906,0.0,1,0.0,1,1.0,0,1.0,0,19.0,0,0.0,1,0.0,1,2.0,0,0,0.4444444444444444
1383,0,,,47530.05455498657,47614.0,0.04041434383768194,0.0,1,0.0,1,12.0,0,1.0,0,71.0,0,0.0,1,47530.0,0,0.0,1,1,0.5555555555555556
1384,0,,,29.03446228191595,39.0,0.9999924250512018,0.0,1,0.0,1,3.0,0,1.0,0,28.0,0,0.0,1,0.0,1,7.0,0,0,0.4444444444444444
1385,0,,,35008.00171389392,35024.0,0.999865136196163,0.0,1,0.0,1,2.0,0,0.0,1,10.0,0,4.0,0,35008.0,0,0.0,1,0,0.4444444444444444
1386,0,,,33141.00013578347,33146.0,0.05968303499777994,1.0,0,0.0,1,2.0,0,0.0,1,2.0,0,0.0,1,33141.0,0,0.0,1,0,0.4444444444444444
1387,0,,,69009.00010868147,69016.0,0.9943355981347374,1.0,0,0.0,1,1.0,0,0.0,1,2.0,0,3.0,0,69009.0,0,0.0,1,1,0.4444444444444444
1388,0,,,25291.000593096353,25301.0,0.9919230930802923,0.0,1,0.0,1,3.0,0,0.0,1,4.0,0,2.0,0,25291.0,0,1.0,0,1,0.4444444444444444
1389,0,,,23.93741840717165,35.0,0.9999884194662987,0.0,1,0.0,1,5.0,0,0.0,1,22.0,0,0.0,1,0.0,1,8.0,0,0,0.5555555555555556
1390,0,,,13059.068649792756,13110.0,0.9998371383706149,0.0,1,0.0,1,3.0,0,2.0,0,42.0,0,4.0,0,13059.0,0,0.0,1,1,0.4444444444444444
1391,0,,,4021.1633888714346,4063.0,0.9999906227124596,0.0,1,0.0,1,4.0,0,1.0,0,36.0,0,1.0,0,4021.0,0,0.0,1,0,0.3333333333333333
1392,0,,,69.23871749245504,82.0,0.9999776430995659,0.0,1,0.0,1,13.0,0,1.0,0,68.0,0,0.0,1,0.0,1,0.0,1,0,0.5555555555555556
1393,0,,,12.24744871391589,20.0,0.9999913303426697,0.0,1,0.0,1,2.0,0,1.0,0,9.0,0,0.0,1,0.0,1,8.0,0,0,0.4444444444444444
1394,0,,,58.59180830116101,69.0,0.9999909673228116,0.0,1,0.0,1,8.0,0,1.0,0,58.0,0,0.0,1,0.0,1,2.0,0,1,0.5555555555555556
1395,0,,,8.602325267042627,14.0,0.9999903325630478,1.0,0,0.0,1,2.0,0,2.0,0,1.0,0,0.0,1,0.0,1,8.0,0,1,0.4444444444444444
1396,0,,,7.874007874011811,14.0,0.9999999872304627,1.0,0,0.0,1,3.0,0,0.0,1,4.0,0,6.0,0,0.0,1,0.0,1,0,0.4444444444444444
1397,0,,,28.106938645110393,32.0,0.999999129295486,1.0,0,0.0,1,2.0,0,1.0,0,28.0,0,0.0,1,0.0,1,0.0,1,0,0.4444444444444444
1398,0,,,31102.011076456132,31133.0,0.9955924663618276,0.0,1,0.0,1,3.0,0,0.0,1,26.0,0,2.0,0,31102.0,0,0.0,1,0,0.4444444444444444
1399,0,,,46522.009887793974,46558.0,0.04152835748917838,0.0,1,0.0,1,4.0,0,0.0,1,30.0,0,0.0,1,46522.0,0,2.0,0,0,0.4444444444444444
1400,0,,,5662.023136653541,5684.0,0.9979459694254494,0.0,1,0.0,1,1.0,0,0.0,1,15.0,0,6.0,0,5662.0,0,0.0,1,0,0.4444444444444444
1401,0,,,21.118712081942874,30.0,0.9999891859065101,0.0,1,0.0,1,9.0,0,0.0,1,19.0,0,0.0,1,0.0,1,2.0,0,0,0.5555555555555556
1402,0,,,14106.017368484983,14134.0,0.13769247404028362,0.0,1,0.0,1,7.0,0,0.0,1,21.0,0,0.0,1,14106.0,0,0.0,1,0,0.5555555555555556
1403,0,,,23.93741840717165,33.0,0.9999942680814538,0.0,1,0.0,1,6.0,0,2.0,0,23.0,0,0.0,1,0.0,1,2.0,0,0,0.4444444444444444
1404,0,,,36.60601043544625,46.0,0.9999943234362709,0.0,1,0.0,1,6.0,0,2.0,0,36.0,0,0.0,1,0.0,1,2.0,0,0,0.4444444444444444
1405,0,,,23.895606290697042,33.0,0.999994695499346,1.0,0,0.0,1,2.0,0,6.0,0,23.0,0,0.0,1,0.0,1,1.0,0,0,0.3333333333333333
1406,0,,,20.445048300260872,30.0,0.9999925176992891,0.0,1,0.0,1,7.0,0,2.0,0,19.0,0,0.0,1,0.0,1,2.0,0,0,0.4444444444444444
1407,0,,,60.024994793835674,71.0,0.9999841030909982,0.0,1,0.0,1,11.0,0,1.0,0,59.0,0,0.0,1,0.0,1,0.0,1,0,0.5555555555555556
1408,0,,,22.338307903688676,29.0,0.999999973607482,0.0,1,0.0,1,3.0,0,2.0,0,22.0,0,1.0,0,1.0,0,0.0,1,0,0.3333333333333333
1409,0,,,37117.00735511957,37145.0,0.999839118744016,0.0,1,0.0,1,1.0,0,0.0,1,23.0,0,4.0,0,37117.0,0,0.0,1,0,0.4444444444444444
1410,0,,,31088.00041816778,31098.0,0.99619576940814,0.0,1,0.0,1,3.0,0,2.0,0,2.0,0,3.0,0,31088.0,0,0.0,1,1,0.4444444444444444
1411,0,,,122.30290266383705,184.0,0.9986600819825873,1.0,0,0.0,1,14.0,0,0.0,1,69.0,0,0.0,1,0.0,1,100.0,0,1,0.5555555555555556
1412,0,,,2924.1906572588596,2963.0,0.99977284421867,1.0,0,0.0,1,0.0,1,0.0,1,33.0,0,5.0,0,2924.0,0,0.0,1,0,0.4444444444444444
1413,0,,,2322.157186755453,2358.0,0.9999967632130754,0.0,1,0.0,1,1.0,0,0.0,1,26.0,0,2.0,0,2322.0,0,7.0,0,0,0.3333333333333333
1414,0,,,10.246950765959598,17.0,0.9999945677491173,1.0,0,0.0,1,2.0,0,0.0,1,8.0,0,6.0,0,0.0,1,0.0,1,0,0.4444444444444444
1415,0,,,54.20332093147061,62.0,0.9999967232527679,0.0,1,0.0,1,3.0,0,3.0,0,54.0,0,0.0,1,0.0,1,2.0,0,0,0.4444444444444444
1416,0,,,61.83041322844284,73.0,0.9999866267291406,0.0,1,0.0,1,1.0,0,1.0,0,61.0,0,0.0,1,0.0,1,10.0,0,0,0.4444444444444444
1417,0,,,4002.149922229301,4046.0,0.9999988570856833,0.0,1,0.0,1,2.0,0,0.0,1,34.0,0,2.0,0,4002.0,0,6.0,0,0,0.3333333333333333
1418,0,,,8.717797887081348,18.0,0.9999946755381292,1.0,0,0.0,1,2.0,0,5.0,0,1.0,0,3.0,0,6.0,0,0.0,1,1,0.3333333333333333
1419,0,,,16906.00017745179,16910.0,0.9970855008129458,1.0,0,0.0,1,2.0,0,0.0,1,1.0,0,0.0,1,16906.0,0,0.0,1,0,0.4444444444444444
1420,0,,,36.40054944640259,45.0,0.9999962859322378,0.0,1,0.0,1,4.0,0,0.0,1,36.0,0,3.0,0,0.0,1,2.0,0,0,0.4444444444444444
1421,0,,,47114.00682387351,47145.0,0.04117065499820549,1.0,0,0.0,1,1.0,0,0.0,1,25.0,0,4.0,0,47114.0,0,0.0,1,1,0.4444444444444444
1422,0,,,38.18376618407357,44.0,0.9999983565360009,1.0,0,0.0,1,3.0,0,0.0,1,38.0,0,0.0,1,0.0,1,2.0,0,0,0.4444444444444444
1423,0,,,8716.004015602563,8730.0,0.999978978468401,1.0,0,0.0,1,7.0,0,0.0,1,4.0,0,2.0,0,8716.0,0,0.0,1,1,0.4444444444444444
1424,0,,,30290.004390887763,30310.0,0.9911379002410298,0.0,1,0.0,1,0.0,1,3.0,0,16.0,0,1.0,0,30290.0,0,0.0,1,0,0.4444444444444444
1425,0,,,36.02776706930364,52.0,0.9999734230630002,0.0,1,0.0,1,14.0,0,3.0,0,33.0,0,0.0,1,0.0,1,2.0,0,1,0.5555555555555556
1426,0,,,12660.017654016126,12685.0,0.6586162301979271,1.0,0,0.0,1,2.0,0,1.0,0,21.0,0,0.0,1,12660.0,0,0.0,1,1,0.4444444444444444
1427,0,,,38988.00818200386,39018.0,0.9998123902559861,0.0,1,0.0,1,2.0,0,0.0,1,25.0,0,3.0,0,38988.0,0,0.0,1,0,0.4444444444444444
1428,0,,,41.49698784249286,52.0,0.9999843349006075,0.0,1,0.0,1,11.0,0,1.0,0,40.0,0,0.0,1,0.0,1,0.0,1,0,0.5555555555555556
1429,0,,,48.394214530251446,56.0,0.9999951060957973,0.0,1,0.0,1,1.0,0,1.0,0,48.0,0,6.0,0,0.0,1,0.0,1,0,0.4444444444444444
1430,0,,,50090.024176476494,50146.0,0.9943795890824012,0.0,1,0.0,1,2.0,0,1.0,0,49.0,0,4.0,0,50090.0,0,0.0,1,1,0.4444444444444444
1431,0,,,56211.01890199109,56262.0,0.03431495243289828,0.0,1,0.0,1,2.0,0,1.0,0,46.0,0,0.0,1,56211.0,0,2.0,0,1,0.4444444444444444
1432,0,,,12.449899597988733,21.0,0.9999867148150492,0.0,1,0.0,1,5.0,0,0.0,1,7.0,0,0.0,1,0.0,1,9.0,0,0,0.5555555555555556
1433,0,,,15.811388300841896,24.0,0.9999932356632765,0.0,1,0.0,1,2.0,0,1.0,0,14.0,0,0.0,1,0.0,1,7.0,0,0,0.4444444444444444
1434,0,,,18113.003422955564,18127.0,0.10861410049900866,0.0,1,0.0,1,1.0,0,1.0,0,11.0,0,0.0,1,18113.0,0,1.0,0,0,0.3333333333333333
1435,0,,,25.25866188063018,36.0,0.999975285231604,0.0,1,0.0,1,14.0,0,1.0,0,21.0,0,0.0,1,0.0,1,0.0,1,0,0.5555555555555556
1436,0,,,9991.026774060812,10018.0,0.9987246751163794,0.0,1,0.0,1,1.0,0,1.0,0,23.0,0,2.0,0,9991.0,0,0.0,1,0,0.3333333333333333
1437,0,,,53.38539126015655,62.0,0.9999944160841022,0.0,1,0.0,1,2.0,0,1.0,0,53.0,0,6.0,0,0.0,1,0.0,1,0,0.4444444444444444
1438,0,,,17.97220075561143,27.0,0.9999954739175927,1.0,0,0.0,1,5.0,0,2.0,0,17.0,0,0.0,1,0.0,1,2.0,0,1,0.4444444444444444
1439,0,,,40289.007756458836,40320.0,0.999783347440161,0.0,1,0.0,1,7.0,0,0.0,1,24.0,0,0.0,1,40289.0,0,0.0,1,0,0.5555555555555556
1440,0,,,49408.00131557641,49424.0,0.9997755994460827,0.0,1,0.0,1,7.0,0,0.0,1,9.0,0,0.0,1,49408.0,0,0.0,1,0,0.5555555555555556
1441,0,,,41156.000911167255,41169.0,0.9943757296217682,1.0,0,0.0,1,3.0,0,1.0,0,8.0,0,0.0,1,41156.0,0,0.0,1,1,0.4444444444444444
1442,0,,,49.8196748283246,64.0,0.9999771206275916,0.0,1,0.0,1,13.0,0,3.0,0,48.0,0,0.0,1,0.0,1,0.0,1,0,0.5555555555555556
1443,0,,,59.10160742314882,79.0,0.9999695231673809,0.0,1,0.0,1,12.0,0,0.0,1,57.0,0,0.0,1,0.0,1,10.0,0,0,0.5555555555555556
1444,0,,,30.166206257996713,40.0,0.9999911094700396,0.0,1,0.0,1,2.0,0,1.0,0,29.0,0,0.0,1,0.0,1,8.0,0,0,0.4444444444444444
1445,0,,,36532.00214880099,36549.0,0.9998357809786248,0.0,1,0.0,1,3.0,0,0.0,1,12.0,0,2.0,0,36532.0,0,0.0,1,0,0.4444444444444444
1446,0,,,21808.000962949354,21818.0,0.9998824708868079,1.0,0,0.0,1,6.0,0,1.0,0,2.0,0,0.0,1,21808.0,0,0.0,1,1,0.4444444444444444
1447,0,,,41903.002112020564,41920.0,0.9998783618083513,0.0,1,0.0,1,2.0,0,2.0,0,13.0,0,0.0,1,41903.0,0,0.0,1,0,0.4444444444444444
1448,0,,,17.4928556845359,22.0,0.9999978700784826,0.0,1,0.0,1,4.0,0,1.0,0,17.0,0,0.0,1,0.0,1,0.0,1,0,0.5555555555555556
1449,0,,,38.54867053479276,54.0,0.999966785378035,0.0,1,0.0,1,16.0,0,1.0,0,35.0,0,0.0,1,0.0,1,2.0,0,1,0.5555555555555556
1450,0,,,46302.01043151366,46336.0,0.04185912835449446,1.0,0,0.0,1,2.0,0,0.0,1,31.0,0,0.0,1,46302.0,0,0.0,1,0,0.4444444444444444
1451,0,,,2332.0958385109307,2357.0,0.999996993797129,1.0,0,0.0,1,1.0,0,0.0,1,21.0,0,0.0,1,2332.0,0,2.0,0,0,0.3333333333333333
1452,0,,,30000.006833332554,30024.0,0.9999230829879324,1.0,0,0.0,1,3.0,0,0.0,1,20.0,0,0.0,1,30000.0,0,0.0,1,0,0.4444444444444444
1453,0,,,29129.00015448522,29134.0,0.999922842479321,1.0,0,0.0,1,2.0,0,0.0,1,0.0,1,0.0,1,29129.0,0,2.0,0,1,0.5555555555555556
1454,0,,,49223.00213314909,49245.0,0.039261942586823695,1.0,0,0.0,1,6.0,0,0.0,1,13.0,0,2.0,0,49223.0,0,0.0,1,1,0.4444444444444444
1455,0,,,30.0,40.0,0.9999924264354302,0.0,1,0.0,1,3.0,0,1.0,0,29.0,0,0.0,1,0.0,1,7.0,0,0,0.4444444444444444
1456,0,,,13.527749258468683,19.0,0.9999981419873569,1.0,0,0.0,1,3.0,0,0.0,1,13.0,0,0.0,1,0.0,1,2.0,0,0,0.4444444444444444
1457,0,,,32811.03815791265,32863.0,0.9956705530283587,0.0,1,0.0,1,0.0,1,2.0,0,50.0,0,0.0,1,32811.0,0,0.0,1,0,0.5555555555555556
1458,0,,,6110.023404210495,6136.0,0.9999784574308401,0.0,1,0.0,1,5.0,0,0.0,1,15.0,0,0.0,1,6110.0,0,6.0,0,0,0.4444444444444444
1459,0,,,30.479501308256342,37.0,0.9999962711141789,0.0,1,0.0,1,5.0,0,0.0,1,30.0,0,0.0,1,0.0,1,2.0,0,0,0.5555555555555556
1460,0,,,29.427877939124322,36.0,0.9999968073231599,0.0,1,0.0,1,3.0,0,0.0,1,29.0,0,4.0,0,0.0,1,0.0,1,0,0.5555555555555556
1461,0,,,71547.00163528867,71567.0,0.9928994719575138,1.0,0,0.0,1,0.0,1,2.0,0,15.0,0,2.0,0,71547.0,0,0.0,1,1,0.4444444444444444
1462,0,,,52.23983154643591,67.0,0.9999830830519307,0.0,1,0.0,1,8.0,0,0.0,1,51.0,0,0.0,1,0.0,1,8.0,0,0,0.5555555555555556
1463,0,,,11905.009197812491,11926.0,0.9999955529726355,0.0,1,0.0,1,7.0,0,1.0,0,13.0,0,0.0,1,11905.0,0,0.0,1,0,0.4444444444444444
1464,0,,,38.23610858861032,44.0,0.9999977812109547,1.0,0,0.0,1,4.0,0,1.0,0,38.0,0,0.0,1,0.0,1,0.0,1,0,0.4444444444444444
1465,0,,,16814.010794572485,16835.0,0.9997365349903389,0.0,1,0.0,1,1.0,0,1.0,0,19.0,0,0.0,1,16814.0,0,0.0,1,0,0.4444444444444444
1466,0,,,85493.0064157297,85530.0,0.022550497965315608,0.0,1,0.0,1,2.0,0,2.0,0,33.0,0,0.0,1,85493.0,0,0.0,1,0,0.4444444444444444
1467,0,,,21092.025981398754,21130.0,0.999969113778152,0.0,1,0.0,1,1.0,0,1.0,0,33.0,0,2.0,0,21092.0,0,1.0,0,0,0.2222222222222222
1468,0,,,33.645207682521445,46.0,0.9999861379367927,0.0,1,0.0,1,10.0,0,2.0,0,32.0,0,0.0,1,0.0,1,2.0,0,0,0.4444444444444444
1469,0,,,62920.00424348364,62946.0,0.5589506239655943,0.0,1,0.0,1,2.0,0,1.0,0,23.0,0,0.0,1,62920.0,0,0.0,1,0,0.4444444444444444
1470,0,,,24.1039415863879,39.0,0.9999767265640744,0.0,1,0.0,1,9.0,0,0.0,1,20.0,0,0.0,1,0.0,1,10.0,0,0,0.5555555555555556
1471,0,,,46.314144707637645,55.0,0.9999963310564809,0.0,1,0.0,1,4.0,0,0.0,1,46.0,0,3.0,0,0.0,1,2.0,0,0,0.4444444444444444
1472,0,,,71391.01253659315,71439.0,0.9935015142802155,0.0,1,0.0,1,5.0,0,0.0,1,42.0,0,1.0,0,71391.0,0,0.0,1,0,0.4444444444444444
1473,0,,,23.57965224510319,30.0,0.9999967155349427,0.0,1,0.0,1,5.0,0,1.0,0,23.0,0,0.0,1,0.0,1,1.0,0,0,0.4444444444444444
1474,0,,,13.341664064126334,26.0,0.9999839323120803,0.0,1,0.0,1,7.0,0,0.0,1,7.0,0,4.0,0,0.0,1,8.0,0,1,0.5555555555555556
1475,0,,,10713.008447677057,10736.0,0.18002071000914555,0.0,1,0.0,1,9.0,0,0.0,1,8.0,0,6.0,0,10713.0,0,0.0,1,1,0.5555555555555556
1476,0,,,46497.004849775,46522.0,0.04150469478030494,0.0,1,0.0,1,3.0,0,0.0,1,21.0,0,1.0,0,46497.0,0,0.0,1,0,0.4444444444444444
1477,0,,,86204.00084102826,86221.0,0.02270940261724419,0.0,1,0.0,1,9.0,0,0.0,1,8.0,0,0.0,1,86204.0,0,0.0,1,0,0.5555555555555556
1478,0,,,19.493588689617926,26.0,0.9999976116367475,1.0,0,0.0,1,3.0,0,0.0,1,19.0,0,0.0,1,0.0,1,3.0,0,0,0.4444444444444444
1479,0,,,6.708203932499369,11.0,0.9999946074231711,0.0,1,0.0,1,6.0,0,1.0,0,2.0,0,0.0,1,0.0,1,2.0,0,0,0.4444444444444444
1480,0,,,35.04283093587046,46.0,0.999990806003681,0.0,1,0.0,1,8.0,0,2.0,0,34.0,0,0.0,1,0.0,1,2.0,0,0,0.4444444444444444
1481,0,,,71128.00231273194,71149.0,0.9933783065929535,1.0,0,0.0,1,2.0,0,0.0,1,18.0,0,0.0,1,71128.0,0,0.0,1,0,0.4444444444444444
1482,0,,,45.232731511594565,52.0,0.999997288008279,0.0,1,0.0,1,2.0,0,1.0,0,45.0,0,0.0,1,0.0,1,4.0,0,0,0.4444444444444444
1483,0,,,975.303029832267,1010.0,0.9999998557153696,0.0,1,0.0,1,6.0,0,5.0,0,23.0,0,0.0,1,975.0,0,1.0,0,0,0.3333333333333333
1484,0,,,26.514147167125703,35.0,0.9999965889980469,0.0,1,0.0,1,3.0,0,3.0,0,26.0,0,0.0,1,0.0,1,3.0,0,0,0.4444444444444444
1485,0,,,31.559467676119,40.0,0.9999953789762553,1.0,0,0.0,1,5.0,0,3.0,0,31.0,0,0.0,1,0.0,1,0.0,1,0,0.4444444444444444
1486,0,,,41003.00153647291,41017.0,0.0479552218052397,0.0,1,0.0,1,2.0,0,1.0,0,11.0,0,0.0,1,41003.0,0,0.0,1,0,0.4444444444444444
1487,0,,,37.92097045171708,48.0,0.9999910220951792,0.0,1,0.0,1,2.0,0,1.0,0,37.0,0,0.0,1,0.0,1,8.0,0,0,0.4444444444444444
1488,0,,,51307.013848011076,51354.0,0.9890310987037643,0.0,1,0.0,1,6.0,0,0.0,1,37.0,0,4.0,0,51307.0,0,0.0,1,1,0.5555555555555556
1489,0,,,45.18849411078001,66.0,0.9999644416540788,0.0,1,0.0,1,14.0,0,1.0,0,42.0,0,0.0,1,0.0,1,9.0,0,1,0.5555555555555556
1490,0,,,59.177698502053964,66.0,0.9999992138989282,1.0,0,0.0,1,2.0,0,0.0,1,59.0,0,4.0,0,0.0,1,0.0,1,0,0.4444444444444444
1491,0,,,13222.020496126906,13250.0,0.9948233745790863,0.0,1,0.0,1,2.0,0,0.0,1,23.0,0,3.0,0,13222.0,0,0.0,1,0,0.4444444444444444
1492,0,,,25113.010631941364,25139.0,0.07885013600179158,0.0,1,0.0,1,2.0,0,1.0,0,23.0,0,0.0,1,25113.0,0,0.0,1,0,0.4444444444444444
1493,0,,,36.359317925395686,52.0,0.9999695261543917,0.0,1,0.0,1,15.0,0,2.0,0,33.0,0,0.0,1,0.0,1,2.0,0,0,0.4444444444444444
1494,0,,,17797.003062313608,17814.0,0.9999343739012059,0.0,1,0.0,1,8.0,0,0.0,1,3.0,0,6.0,0,17797.0,0,0.0,1,0,0.4444444444444444
1495,0,,,35008.00551302516,35034.0,0.9998681187044658,0.0,1,0.0,1,3.0,0,0.0,1,19.0,0,4.0,0,35008.0,0,0.0,1,0,0.4444444444444444
1496,0,,,14922.001072242289,14932.0,0.6448239941108097,1.0,0,0.0,1,1.0,0,5.0,0,2.0,0,1.0,0,14922.0,0,0.0,1,1,0.3333333333333333
1497,0,,,37.92097045171708,48.0,0.9999910220951792,0.0,1,0.0,1,2.0,0,1.0,0,37.0,0,0.0,1,0.0,1,8.0,0,0,0.4444444444444444
1498,0,,,19045.005198214047,19061.0,0.9968723156073985,1.0,0,0.0,1,1.0,0,0.0,1,14.0,0,0.0,1,19045.0,0,0.0,1,0,0.4444444444444444
1499,0,,,108.53570840972108,146.0,0.9987099267905873,0.0,1,0.0,1,4.0,0,0.0,1,42.0,0,0.0,1,0.0,1,100.0,0,0,0.5555555555555556
1500,0,,,97005.03751352297,97099.0,0.019386061464026993,0.0,1,0.0,1,7.0,0,0.0,1,85.0,0,0.0,1,97005.0,0,2.0,0,1,0.5555555555555556
1501,0,,,21.840329667841555,31.0,0.9999951232382467,0.0,1,0.0,1,4.0,0,2.0,0,21.0,0,0.0,1,0.0,1,4.0,0,1,0.5555555555555556
1502,0,,,31.874754901018456,42.0,0.9999931773232233,1.0,0,0.0,1,7.0,0,2.0,0,31.0,0,0.0,1,0.0,1,1.0,0,1,0.4444444444444444
1503,0,,,19.339079605813716,26.0,0.9999936621654277,1.0,0,0.0,1,7.0,0,0.0,1,18.0,0,0.0,1,0.0,1,0.0,1,0,0.5555555555555556
1504,0,,,20.566963801203133,31.0,0.9999922060901827,0.0,1,0.0,1,5.0,0,0.0,1,19.0,0,6.0,0,0.0,1,1.0,0,0,0.4444444444444444
1505,0,,,9.327379053088816,13.0,0.9999992518765238,0.0,1,0.0,1,1.0,0,1.0,0,9.0,0,0.0,1,0.0,1,2.0,0,0,0.4444444444444444
1506,0,,,12.569805089976535,18.0,0.9999982407876886,1.0,0,0.0,1,3.0,0,0.0,1,12.0,0,0.0,1,0.0,1,2.0,0,0,0.4444444444444444
1507,0,,,56851.00023746284,56858.0,0.9989304063667742,0.0,1,0.0,1,1.0,0,1.0,0,5.0,0,0.0,1,56851.0,0,0.0,1,0,0.4444444444444444
1508,0,,,18.384776310850235,24.0,0.9999980841824668,1.0,0,0.0,1,2.0,0,0.0,1,18.0,0,3.0,0,0.0,1,0.0,1,0,0.4444444444444444
1509,0,,,41004.00358501594,41024.0,0.0471605124215988,1.0,0,0.0,1,2.0,0,0.0,1,17.0,0,0.0,1,41004.0,0,0.0,1,0,0.4444444444444444
1510,0,,,30.430248109405877,36.0,0.9999968118999417,1.0,0,0.0,1,5.0,0,0.0,1,30.0,0,0.0,1,0.0,1,0.0,1,0,0.5555555555555556
1511,0,,,64192.0031468095,64214.0,0.03014232601898781,0.0,1,0.0,1,0.0,1,0.0,1,20.0,0,2.0,0,64192.0,0,0.0,1,0,0.5555555555555556
1512,0,,,16701.000568828204,16710.0,0.6642956434122423,1.0,0,0.0,1,2.0,0,1.0,0,2.0,0,3.0,0,16701.0,0,0.0,1,1,0.3333333333333333
1513,0,,,1121.018287094372,1130.0,0.8715347542683584,0.0,1,0.0,1,0.0,1,1.0,0,6.0,0,2.0,0,1121.0,0,0.0,1,1,0.5555555555555556
1514,0,,,73617.00004075146,73621.0,0.9868305338062349,1.0,0,0.0,1,0.0,1,0.0,1,1.0,0,2.0,0,73617.0,0,0.0,1,1,0.5555555555555556
1515,0,,,14.730919862656235,21.0,0.9999973273098902,1.0,0,0.0,1,2.0,0,0.0,1,14.0,0,0.0,1,0.0,1,4.0,0,0,0.4444444444444444
1516,0,,,2514.107794029524,2544.0,0.9999961399828439,1.0,0,0.0,1,2.0,0,2.0,0,23.0,0,2.0,0,2514.0,0,0.0,1,0,0.2222222222222222
1517,0,,,38513.1255028724,38624.0,0.9998208112457645,1.0,0,0.0,1,3.0,0,2.0,0,7.0,0,0.0,1,38513.0,0,98.0,0,1,0.3333333333333333
1518,0,,,6.48074069840786,10.0,0.9999992094697832,1.0,0,0.0,1,2.0,0,1.0,0,6.0,0,0.0,1,0.0,1,0.0,1,0,0.4444444444444444
1519,0,,,3.3166247903554,5.0,0.9999987186346744,0.0,1,0.0,1,0.0,1,1.0,0,1.0,0,0.0,1,0.0,1,3.0,0,0,0.5555555555555556
1520,0,,,19220.003173777055,19238.0,0.9999750250941579,0.0,1,0.0,1,7.0,0,0.0,1,8.0,0,3.0,0,19220.0,0,0.0,1,0,0.4444444444444444
1521,0,,,30.315012782448235,37.0,0.9999974143828037,1.0,0,0.0,1,1.0,0,1.0,0,30.0,0,0.0,1,0.0,1,4.0,0,0,0.3333333333333333
1522,0,,,12.449899597988733,21.0,0.9999886093161401,0.0,1,0.0,1,3.0,0,1.0,0,8.0,0,0.0,1,0.0,1,9.0,0,0,0.4444444444444444
1523,0,,,53201.00221800338,53221.0,0.03695863930583987,1.0,0,0.0,1,1.0,0,0.0,1,15.0,0,3.0,0,53201.0,0,0.0,1,1,0.4444444444444444
1524,0,,,30797.01542357636,30835.0,0.9999581598042404,0.0,1,0.0,1,7.0,0,1.0,0,30.0,0,0.0,1,30797.0,0,0.0,1,0,0.4444444444444444
1525,0,,,38281.00403594451,38304.0,0.9998219104155988,0.0,1,0.0,1,4.0,0,0.0,1,17.0,0,2.0,0,38281.0,0,0.0,1,0,0.4444444444444444
1526,0,,,54.194095619356915,61.0,0.9999975856264289,0.0,1,0.0,1,2.0,0,1.0,0,54.0,0,0.0,1,0.0,1,4.0,0,0,0.4444444444444444
1527,0,,,47812.023289126766,47865.0,0.040632280845813606,1.0,0,0.0,1,1.0,0,0.0,1,47.0,0,4.0,0,47812.0,0,0.0,1,1,0.4444444444444444
1528,0,,,1878.2308164866213,1915.0,0.9999995950441737,0.0,1,0.0,1,4.0,0,1.0,0,29.0,0,3.0,0,1878.0,0,0.0,1,0,0.3333333333333333
1529,0,,,24.124676163629637,34.0,0.9999932448218335,0.0,1,0.0,1,4.0,0,1.0,0,23.0,0,0.0,1,0.0,1,6.0,0,0,0.4444444444444444
1530,0,,,47.43416490252569,56.0,0.9999945910903552,0.0,1,0.0,1,2.0,0,1.0,0,47.0,0,6.0,0,0.0,1,0.0,1,0,0.4444444444444444
1531,0,,,47712.00664403039,47742.0,0.040903257594429365,0.0,1,0.0,1,2.0,0,1.0,0,25.0,0,2.0,0,47712.0,0,0.0,1,1,0.4444444444444444
1532,0,,,86904.00304934174,86936.0,0.02214986218910253,0.0,1,0.0,1,3.0,0,0.0,1,22.0,0,1.0,0,86904.0,0,6.0,0,1,0.4444444444444444
1533,0,,,18113.00303649287,18129.0,0.10861323446315763,0.0,1,0.0,1,5.0,0,0.0,1,9.0,0,0.0,1,18113.0,0,2.0,0,0,0.4444444444444444
1534,0,,,50090.010271510226,50125.0,0.9942478747448801,0.0,1,0.0,1,2.0,0,1.0,0,32.0,0,0.0,1,50090.0,0,0.0,1,0,0.4444444444444444
1535,0,,,81302.00180807358,81322.0,0.02385079696644954,0.0,1,0.0,1,2.0,0,0.0,1,17.0,0,1.0,0,81302.0,0,0.0,1,0,0.4444444444444444
1536,0,,,95.36246641105713,120.0,0.9989434831417381,0.0,1,0.0,1,2.0,0,1.0,0,25.0,0,0.0,1,0.0,1,92.0,0,0,0.4444444444444444
1537,0,,,35287.000495933346,35296.0,0.9948481845165941,1.0,0,0.0,1,3.0,0,0.0,1,5.0,0,0.0,1,35287.0,0,0.0,1,0,0.4444444444444444
1538,0,,,24.515301344262525,35.0,0.9999905944584689,0.0,1,0.0,1,8.0,0,2.0,0,23.0,0,0.0,1,0.0,1,2.0,0,0,0.4444444444444444
1539,0,,,23.08679276123039,33.0,0.9999937300373951,0.0,1,0.0,1,3.0,0,2.0,0,22.0,0,0.0,1,0.0,1,6.0,0,0,0.4444444444444444
1540,0,,,47599.00017857518,47604.0,0.04091026617862881,0.0,1,0.0,1,4.0,0,0.0,1,1.0,0,0.0,1,47599.0,0,0.0,1,0,0.5555555555555556
1541,0,,,44.74371464239419,58.0,0.9999802654132544,0.0,1,0.0,1,12.0,0,3.0,0,43.0,0,0.0,1,0.0,1,0.0,1,0,0.5555555555555556
1542,0,,,41002.003109604295,41027.0,0.04856400598317634,0.0,1,0.0,1,3.0,0,1.0,0,14.0,0,0.0,1,41002.0,0,7.0,0,1,0.4444444444444444
1543,0,,,5.291502622129181,8.0,0.9999964782060059,1.0,0,0.0,1,5.0,0,0.0,1,1.0,0,0.0,1,0.0,1,1.0,0,0,0.4444444444444444
1544,0,,,42.720018726587654,53.0,0.9999924709164472,0.0,1,0.0,1,5.0,0,0.0,1,42.0,0,0.0,1,0.0,1,6.0,0,0,0.5555555555555556
1545,0,,,6.782329983125268,12.0,0.9999971754306162,1.0,0,0.0,1,4.0,0,0.0,1,5.0,0,0.0,1,0.0,1,2.0,0,0,0.4444444444444444
1546,0,,,19.4164878389476,27.0,0.9999932778094334,0.0,1,0.0,1,7.0,0,0.0,1,18.0,0,0.0,1,0.0,1,2.0,0,0,0.5555555555555556
1547,0,,,69102.00570895175,69133.0,0.02802737896285523,1.0,0,0.0,1,2.0,0,0.0,1,28.0,0,0.0,1,69102.0,0,0.0,1,0,0.4444444444444444
1548,0,,,64200.00457943909,64230.0,0.030345156356028635,0.0,1,0.0,1,2.0,0,2.0,0,24.0,0,0.0,1,64200.0,0,2.0,0,1,0.4444444444444444
1549,0,,,63.671029518926424,78.0,0.9999888827374984,1.0,0,0.0,1,2.0,0,0.0,1,63.0,0,4.0,0,0.0,1,8.0,0,1,0.4444444444444444
1550,0,,,39.57271787481876,48.0,0.9999940228599176,0.0,1,0.0,1,3.0,0,0.0,1,39.0,0,0.0,1,0.0,1,6.0,0,0,0.5555555555555556
1551,0,,,20.663978319771825,29.0,0.9999917347250407,0.0,1,0.0,1,1.0,0,1.0,0,19.0,0,0.0,1,0.0,1,8.0,0,1,0.5555555555555556
1552,0,,,30000.00114999998,30011.0,0.9999180611191011,1.0,0,0.0,1,2.0,0,0.0,1,8.0,0,0.0,1,30000.0,0,0.0,1,0,0.4444444444444444
1553,0,,,32.14031735997639,37.0,0.9999988295872576,1.0,0,0.0,1,2.0,0,0.0,1,32.0,0,0.0,1,0.0,1,2.0,0,0,0.4444444444444444
1554,0,,,105.00476179678711,134.0,0.9987116386124673,1.0,0,0.0,1,1.0,0,0.0,1,32.0,0,0.0,1,0.0,1,100.0,0,0,0.4444444444444444
1555,0,,,11.090536506409418,19.0,0.9999877652174853,1.0,0,0.0,1,4.0,0,0.0,1,5.0,0,0.0,1,0.0,1,9.0,0,1,0.5555555555555556
1556,0,,,34.72751070837067,48.0,0.9999851753252278,1.0,0,0.0,1,10.0,0,0.0,1,33.0,0,0.0,1,0.0,1,4.0,0,0,0.4444444444444444
1557,0,,,31102.001511156803,31118.0,0.9954041448766742,1.0,0,0.0,1,5.0,0,0.0,1,8.0,0,2.0,0,31102.0,0,0.0,1,1,0.4444444444444444
1558,0,,,2994.069638468685,3019.0,0.9997435932322792,1.0,0,0.0,1,0.0,1,0.0,1,20.0,0,4.0,0,2994.0,0,0.0,1,0,0.4444444444444444
1559,0,,,23.194827009486403,28.0,0.9999988075174905,0.0,1,0.0,1,2.0,0,1.0,0,23.0,0,0.0,1,0.0,1,2.0,0,0,0.4444444444444444
1560,0,,,73089.00621844573,73124.0,0.9878061878184347,0.0,1,0.0,1,1.0,0,0.0,1,30.0,0,2.0,0,73089.0,0,2.0,0,1,0.4444444444444444
1561,0,,,11.224972160321824,14.0,0.9999993378780185,1.0,0,0.0,1,0.0,1,0.0,1,11.0,0,0.0,1,0.0,1,2.0,0,0,0.5555555555555556
1562,0,,,56211.027450136506,56279.0,0.03435242971319585,0.0,1,0.0,1,13.0,0,1.0,0,54.0,0,0.0,1,56211.0,0,0.0,1,1,0.5555555555555556
1563,0,,,7.0710678118654755,8.0,0.9999938185243161,1.0,0,0.0,1,7.0,0,0.0,1,0.0,1,0.0,1,0.0,1,0.0,1,0,0.6666666666666666
1564,0,,,11012.02025061705,11036.0,0.17761427943394625,1.0,0,0.0,1,2.0,0,0.0,1,21.0,0,0.0,1,11012.0,0,0.0,1,0,0.4444444444444444
1565,0,,,44897.005679666436,44925.0,0.999866344806858,1.0,0,0.0,1,5.0,0,0.0,1,22.0,0,0.0,1,44897.0,0,0.0,1,0,0.4444444444444444
1566,0,,,20.273134932713294,31.0,0.9999891353462099,1.0,0,0.0,1,2.0,0,1.0,0,18.0,0,0.0,1,0.0,1,9.0,0,1,0.4444444444444444
1567,0,,,30.757112998459398,42.0,0.9999862270267176,1.0,0,0.0,1,2.0,0,0.0,1,29.0,0,0.0,1,0.0,1,10.0,0,0,0.4444444444444444
1568,0,,,25291.004705230673,25311.0,0.9920489759358833,0.0,1,0.0,1,3.0,0,0.0,1,15.0,0,2.0,0,25291.0,0,0.0,1,0,0.4444444444444444
1569,0,,,32.14031735997639,43.0,0.9999907274277402,0.0,1,0.0,1,8.0,0,2.0,0,31.0,0,0.0,1,0.0,1,2.0,0,0,0.4444444444444444
1570,0,,,41.90465367951393,54.0,0.9999898505231987,1.0,0,0.0,1,7.0,0,0.0,1,41.0,0,0.0,1,0.0,1,5.0,0,1,0.5555555555555556
1571,0,,,32979.02058885315,33027.0,0.9998590764429099,0.0,1,0.0,1,2.0,0,0.0,1,36.0,0,3.0,0,32979.0,0,7.0,0,1,0.4444444444444444
1572,0,,,97007.0000463884,97012.0,0.019997139522873963,1.0,0,0.0,1,2.0,0,0.0,1,2.0,0,0.0,1,97007.0,0,0.0,1,0,0.4444444444444444
1573,0,,,37010.001202377716,37023.0,0.990197866157467,0.0,1,0.0,1,2.0,0,0.0,1,9.0,0,2.0,0,37010.0,0,0.0,1,0,0.4444444444444444
1574,0,,,37.429934544425805,45.0,0.9999959978947806,0.0,1,0.0,1,4.0,0,0.0,1,37.0,0,4.0,0,0.0,1,0.0,1,0,0.5555555555555556
1575,0,,,82905.00043423194,82917.0,0.9930307552042601,0.0,1,0.0,1,8.0,0,2.0,0,2.0,0,0.0,1,82905.0,0,0.0,1,1,0.5555555555555556
1576,0,,,28.30194339616981,35.0,0.9999975528836333,0.0,1,0.0,1,3.0,0,2.0,0,28.0,0,0.0,1,0.0,1,2.0,0,0,0.4444444444444444
1577,0,,,35.86084215408221,46.0,0.9999923784222408,0.0,1,0.0,1,5.0,0,0.0,1,35.0,0,0.0,1,0.0,1,6.0,0,0,0.5555555555555556
1578,0,,,41005.00246311418,41023.0,0.9947289139770308,1.0,0,0.0,1,2.0,0,1.0,0,14.0,0,0.0,1,41005.0,0,0.0,1,1,0.4444444444444444
1579,0,,,36503.0292304625,36555.0,0.9904912683942344,0.0,1,0.0,1,1.0,0,1.0,0,46.0,0,4.0,0,36503.0,0,0.0,1,1,0.4444444444444444
1580,0,,,45403.023236344074,45459.0,0.04269873360868737,0.0,1,0.0,1,2.0,0,0.0,1,45.0,0,0.0,1,45403.0,0,9.0,0,1,0.5555555555555556
1581,0,,,25.903667693977237,35.0,0.9999936595663963,1.0,0,0.0,1,6.0,0,0.0,1,25.0,0,0.0,1,0.0,1,3.0,0,0,0.4444444444444444
1582,0,,,36970.00359751132,36994.0,0.9998513988010925,0.0,1,0.0,1,2.0,0,0.0,1,15.0,0,1.0,0,36970.0,0,6.0,0,0,0.3333333333333333
1583,0,,,21.118712081942874,30.0,0.9999891859065101,0.0,1,0.0,1,9.0,0,0.0,1,19.0,0,0.0,1,0.0,1,2.0,0,0,0.5555555555555556
1584,0,,,97007.01489067684,97072.0,0.019705247841928064,0.0,1,0.0,1,8.0,0,0.0,1,53.0,0,4.0,0,97007.0,0,0.0,1,1,0.5555555555555556
1585,0,,,58.86425061104575,73.0,0.9999869386463004,1.0,0,0.0,1,6.0,0,0.0,1,58.0,0,0.0,1,0.0,1,8.0,0,1,0.5555555555555556
1586,0,,,41.400483088968905,50.0,0.9999959990393497,0.0,1,0.0,1,4.0,0,0.0,1,41.0,0,4.0,0,0.0,1,1.0,0,0,0.4444444444444444
1587,0,,,18116.00251159179,18129.0,0.10820779639862521,1.0,0,0.0,1,3.0,0,0.0,1,9.0,0,0.0,1,18116.0,0,0.0,1,0,0.4444444444444444
1588,0,,,31.480152477394387,39.0,0.9999960933807163,1.0,0,0.0,1,2.0,0,0.0,1,31.0,0,0.0,1,0.0,1,5.0,0,0,0.4444444444444444
1589,0,,,41156.006523957105,41183.0,0.994324830911322,0.0,1,0.0,1,2.0,0,2.0,0,23.0,0,0.0,1,41156.0,0,0.0,1,0,0.4444444444444444
1590,0,,,21699.015438493978,21733.0,0.9998752440565152,0.0,1,0.0,1,6.0,0,0.0,1,25.0,0,3.0,0,21699.0,0,0.0,1,0,0.4444444444444444
1591,0,,,22.135943621178654,26.0,0.9999992691109192,1.0,0,0.0,1,2.0,0,1.0,0,22.0,0,0.0,1,0.0,1,0.0,1,0,0.4444444444444444
1592,0,,,51.64300533470143,61.0,0.9999914443586607,0.0,1,0.0,1,1.0,0,1.0,0,51.0,0,0.0,1,0.0,1,8.0,0,0,0.4444444444444444
1593,0,,,19.519221295943137,29.0,0.9999925750014599,0.0,1,0.0,1,0.0,1,2.0,0,18.0,0,7.0,0,0.0,1,2.0,0,0,0.4444444444444444
1594,0,,,49222.00020316119,49228.0,0.039527009227975585,0.0,1,0.0,1,4.0,0,0.0,1,2.0,0,0.0,1,49222.0,0,0.0,1,0,0.5555555555555556
1595,0,,,31457.018612703905,31500.0,0.995230642786979,0.0,1,0.0,1,9.0,0,1.0,0,33.0,0,0.0,1,31457.0,0,0.0,1,0,0.4444444444444444
1596,0,,,66.14378277661477,73.0,0.999997891812013,0.0,1,0.0,1,3.0,0,1.0,0,66.0,0,0.0,1,0.0,1,3.0,0,0,0.4444444444444444
1597,0,,,46.36809247747852,54.0,0.9999956274231315,0.0,1,0.0,1,0.0,1,3.0,0,46.0,0,0.0,1,0.0,1,5.0,0,0,0.5555555555555556
1598,0,,,26901.000836400122,26912.0,0.9958135835110937,1.0,0,0.0,1,2.0,0,0.0,1,6.0,0,2.0,0,26901.0,0,0.0,1,1,0.4444444444444444
1599,0,,,13.490737563232042,20.0,0.9999982578943435,1.0,0,0.0,1,2.0,0,2.0,0,13.0,0,0.0,1,0.0,1,2.0,0,0,0.3333333333333333
1600,0,,,16580.00621230282,16598.0,0.9999392434695764,0.0,1,0.0,1,3.0,0,1.0,0,14.0,0,0.0,1,16580.0,0,0.0,1,0,0.4444444444444444
1601,0,,,38719.000697332056,38731.0,0.999814710569896,0.0,1,0.0,1,1.0,0,0.0,1,4.0,0,1.0,0,38719.0,0,6.0,0,0,0.3333333333333333
1602,0,,,23.748684174075834,34.0,0.99998428750707,1.0,0,0.0,1,11.0,0,1.0,0,21.0,0,0.0,1,0.0,1,0.0,1,0,0.4444444444444444
1603,0,,,981.351618941957,1013.0,0.9999999982969797,0.0,1,0.0,1,3.0,0,0.0,1,26.0,0,2.0,0,981.0,0,1.0,0,0,0.3333333333333333
1604,0,,,35121.000355912416,35128.0,0.995130866854136,0.0,1,0.0,1,0.0,1,0.0,1,3.0,0,4.0,0,35121.0,0,0.0,1,0,0.5555555555555556
1605,0,,,10.770329614269007,18.0,0.9999886284630036,1.0,0,0.0,1,3.0,0,0.0,1,5.0,0,0.0,1,0.0,1,9.0,0,0,0.4444444444444444
1606,0,,,26.40075756488817,33.0,0.9999973180161794,1.0,0,0.0,1,4.0,0,2.0,0,26.0,0,0.0,1,0.0,1,0.0,1,0,0.4444444444444444
1607,0,,,52.05766033928148,56.0,0.9999991163579609,1.0,0,0.0,1,1.0,0,2.0,0,52.0,0,0.0,1,0.0,1,0.0,1,0,0.4444444444444444
1608,0,,,38.79432948254165,55.0,0.9999734270794574,0.0,1,0.0,1,14.0,0,3.0,0,36.0,0,0.0,1,0.0,1,2.0,0,1,0.5555555555555556
1609,0,,,76.03288762108144,79.0,0.9999993225218222,1.0,0,0.0,1,0.0,1,0.0,1,76.0,0,0.0,1,0.0,1,2.0,0,0,0.5555555555555556
1610,0,,,12380.005088851944,12394.0,0.9983289733930771,0.0,1,0.0,1,0.0,1,1.0,0,11.0,0,2.0,0,12380.0,0,0.0,1,0,0.4444444444444444
1611,0,,,16.186414056238647,24.0,0.9999916293567058,0.0,1,0.0,1,8.0,0,1.0,0,14.0,0,0.0,1,0.0,1,1.0,0,0,0.4444444444444444
1612,0,,,18.49324200890693,28.0,0.9999892104710124,0.0,1,0.0,1,2.0,0,1.0,0,16.0,0,0.0,1,0.0,1,9.0,0,0,0.4444444444444444
1613,0,,,24.63736998950984,33.0,0.999995943647697,1.0,0,0.0,1,5.0,0,1.0,0,24.0,0,0.0,1,0.0,1,2.0,0,0,0.3333333333333333
1614,0,,,18.49324200890693,24.0,0.9999975682173605,0.0,1,0.0,1,3.0,0,3.0,0,18.0,0,0.0,1,0.0,1,0.0,1,0,0.5555555555555556
1615,0,,,40299.01358594277,40336.0,0.9996944822520634,1.0,0,0.0,1,2.0,0,1.0,0,33.0,0,0.0,1,40299.0,0,0.0,1,1,0.4444444444444444
1616,0,,,58390.005017982316,58418.0,0.9879011872353707,1.0,0,0.0,1,3.0,0,0.0,1,24.0,0,0.0,1,58390.0,0,0.0,1,0,0.4444444444444444
1617,0,,,21.77154105707724,30.0,0.9999959163626355,0.0,1,0.0,1,5.0,0,2.0,0,21.0,0,0.0,1,0.0,1,2.0,0,0,0.4444444444444444
1618,0,,,15.459624833740307,27.0,0.9999852157804182,1.0,0,0.0,1,1.0,0,0.0,1,11.0,0,4.0,0,0.0,1,10.0,0,1,0.4444444444444444
1619,0,,,10990.020336650883,11015.0,0.9999958613957567,1.0,0,0.0,1,1.0,0,0.0,1,21.0,0,2.0,0,10990.0,0,0.0,1,0,0.3333333333333333
1620,0,,,28.24889378365107,34.0,0.9999983096460595,1.0,0,0.0,1,3.0,0,2.0,0,28.0,0,0.0,1,0.0,1,0.0,1,0,0.4444444444444444
1621,0,,,20.273134932713294,31.0,0.9999933028078908,1.0,0,0.0,1,6.0,0,2.0,0,19.0,0,0.0,1,0.0,1,3.0,0,1,0.4444444444444444
1622,0,,,64911.00167151944,64932.0,0.029857148095127406,1.0,0,0.0,1,2.0,0,0.0,1,14.0,0,4.0,0,64911.0,0,0.0,1,1,0.4444444444444444
1623,0,,,13.711309200802088,20.0,0.999976629195247,0.0,1,0.0,1,13.0,0,1.0,0,1.0,0,4.0,0,0.0,1,1.0,0,1,0.4444444444444444
1624,0,,,49233.013994676374,49275.0,0.040062121449814025,0.0,1,0.0,1,2.0,0,0.0,1,37.0,0,1.0,0,49233.0,0,2.0,0,1,0.4444444444444444
1625,0,,,37015.007861676866,37047.0,0.999833164744476,0.0,1,0.0,1,2.0,0,0.0,1,23.0,0,7.0,0,37015.0,0,0.0,1,0,0.4444444444444444
1626,0,,,10.44030650891055,17.0,0.9999867963253369,0.0,1,0.0,1,6.0,0,0.0,1,3.0,0,0.0,1,0.0,1,8.0,0,0,0.5555555555555556
1627,0,,,7.14142842854285,13.0,0.9999956050517177,1.0,0,0.0,1,3.0,0,0.0,1,4.0,0,0.0,1,0.0,1,5.0,0,0,0.4444444444444444
1628,0,,,39.153543900903784,51.0,0.9999881659381015,0.0,1,0.0,1,5.0,0,0.0,1,38.0,0,0.0,1,0.0,1,8.0,0,0,0.5555555555555556
1629,0,,,64911.002326262074,64933.0,0.029442719452849486,0.0,1,0.0,1,3.0,0,0.0,1,17.0,0,0.0,1,64911.0,0,2.0,0,0,0.4444444444444444
1630,0,,,14.866068747318506,23.0,0.999993304016153,0.0,1,0.0,1,4.0,0,0.0,1,13.0,0,0.0,1,0.0,1,6.0,0,0,0.5555555555555556
1631,0,,,5810.089672285618,5848.0,0.9999962316485587,0.0,1,0.0,1,1.0,0,1.0,0,32.0,0,4.0,0,5810.0,0,0.0,1,0,0.3333333333333333
1632,0,,,12.12435565298214,17.0,0.9999967487927145,1.0,0,0.0,1,5.0,0,0.0,1,11.0,0,0.0,1,0.0,1,0.0,1,0,0.5555555555555556
1633,0,,,50.32891812864648,59.0,0.9999958253697866,0.0,1,0.0,1,5.0,0,2.0,0,50.0,0,0.0,1,0.0,1,2.0,0,0,0.4444444444444444
1634,0,,,64911.00312735893,64943.0,0.030013165489323645,0.0,1,0.0,1,9.0,0,0.0,1,17.0,0,0.0,1,64911.0,0,6.0,0,1,0.5555555555555556
1635,0,,,38729.00131684265,38747.0,0.9893909595886654,0.0,1,0.0,1,5.0,0,0.0,1,3.0,0,2.0,0,38729.0,0,8.0,0,1,0.4444444444444444
1636,0,,,14806.02708358998,14840.0,0.9999943837675709,1.0,0,0.0,1,1.0,0,0.0,1,28.0,0,4.0,0,14806.0,0,0.0,1,0,0.3333333333333333
1637,0,,,58.12056434688156,64.0,0.9999979816334853,0.0,1,0.0,1,3.0,0,1.0,0,58.0,0,0.0,1,0.0,1,2.0,0,0,0.4444444444444444
1638,0,,,23.53720459187964,34.0,0.9999910774358226,1.0,0,0.0,1,2.0,0,1.0,0,22.0,0,0.0,1,0.0,1,8.0,0,1,0.4444444444444444
1639,0,,,60.844062980705026,72.0,0.9999866253588301,0.0,1,0.0,1,1.0,0,1.0,0,60.0,0,0.0,1,0.0,1,10.0,0,0,0.4444444444444444
1640,0,,,25.865034312755125,35.0,0.9999942333748663,0.0,1,0.0,1,6.0,0,2.0,0,25.0,0,0.0,1,0.0,1,2.0,0,0,0.4444444444444444
1641,0,,,8220.051763827281,8261.0,0.9999625426888875,1.0,0,0.0,1,1.0,0,0.0,1,28.0,0,4.0,0,8220.0,0,7.0,0,1,0.3333333333333333
1642,0,,,11007.023167051117,11035.0,0.9999598976578072,1.0,0,0.0,1,0.0,1,0.0,1,22.0,0,5.0,0,11007.0,0,0.0,1,0,0.4444444444444444
1643,0,,,36.42801120017397,51.0,0.9999868757585316,1.0,0,0.0,1,1.0,0,0.0,1,35.0,0,6.0,0,0.0,1,8.0,0,1,0.4444444444444444
1644,0,,,45.67274898667694,56.0,0.9999925100170057,0.0,1,0.0,1,5.0,0,0.0,1,45.0,0,0.0,1,0.0,1,6.0,0,0,0.5555555555555556
1645,0,,,17.635192088548397,25.0,0.9999970779091835,0.0,1,0.0,1,2.0,0,3.0,0,17.0,0,0.0,1,0.0,1,3.0,0,0,0.4444444444444444
1646,0,,,4010.1538623848337,4050.0,0.9994634061268487,0.0,1,0.0,1,1.0,0,0.0,1,35.0,0,2.0,0,4010.0,0,2.0,0,0,0.3333333333333333
1647,0,,,48.30113870293329,57.0,0.9999963397499196,0.0,1,0.0,1,4.0,0,0.0,1,48.0,0,3.0,0,0.0,1,2.0,0,0,0.4444444444444444
1648,0,,,46522.00203129698,46541.0,0.041517229489765106,0.0,1,0.0,1,4.0,0,0.0,1,13.0,0,0.0,1,46522.0,0,2.0,0,0,0.4444444444444444
1649,0,,,71.5122367151245,82.0,0.9999902734492273,0.0,1,0.0,1,8.0,0,3.0,0,71.0,0,0.0,1,0.0,1,0.0,1,0,0.5555555555555556
1650,0,,,48.85693400122443,63.0,0.9999771197534463,0.0,1,0.0,1,13.0,0,3.0,0,47.0,0,0.0,1,0.0,1,0.0,1,0,0.5555555555555556
1651,0,,,39.230090491866065,45.0,0.9999976476111514,0.0,1,0.0,1,1.0,0,1.0,0,39.0,0,4.0,0,0.0,1,0.0,1,0,0.4444444444444444
1652,0,,,204.47249203743763,243.0,0.9999998781156354,0.0,1,0.0,1,2.0,0,0.0,1,31.0,0,2.0,0,202.0,0,6.0,0,0,0.3333333333333333
1653,0,,,45.574115460423364,55.0,0.9999937452388,1.0,0,0.0,1,7.0,0,1.0,0,45.0,0,0.0,1,0.0,1,1.0,0,1,0.4444444444444444
1654,0,,,73.03423854604085,76.0,0.9999993239273348,1.0,0,0.0,1,0.0,1,0.0,1,73.0,0,0.0,1,0.0,1,2.0,0,0,0.5555555555555556
1655,0,,,16214.322125824441,16338.0,0.12110870203508406,0.0,1,0.0,1,2.0,0,1.0,0,21.0,0,0.0,1,16214.0,0,100.0,0,1,0.4444444444444444
1656,0,,,28892.003270801422,28911.0,0.9999319817609893,0.0,1,0.0,1,4.0,0,0.0,1,13.0,0,2.0,0,28892.0,0,0.0,1,0,0.4444444444444444
1657,0,,,36.945906403822335,47.0,0.9999911276566406,1.0,0,0.0,1,2.0,0,0.0,1,36.0,0,0.0,1,0.0,1,8.0,0,0,0.4444444444444444
1658,0,,,7.810249675906654,13.0,0.9999926075365888,0.0,1,0.0,1,0.0,1,2.0,0,2.0,0,7.0,0,0.0,1,2.0,0,0,0.4444444444444444
1659,0,,,36402.01328223482,36437.0,0.9898948322999971,1.0,0,0.0,1,2.0,0,0.0,1,31.0,0,1.0,0,36402.0,0,0.0,1,0,0.3333333333333333
1660,0,,,107.64292823962009,143.0,0.9999997960973563,1.0,0,0.0,1,5.0,0,0.0,1,34.0,0,1.0,0,102.0,0,0.0,1,0,0.3333333333333333
1661,0,,,60.959002616512684,74.0,0.9999846677915569,0.0,1,0.0,1,4.0,0,0.0,1,60.0,0,0.0,1,0.0,1,10.0,0,0,0.5555555555555556
1662,0,,,49234.00276231865,49254.0,0.039245852534400494,0.0,1,0.0,1,4.0,0,0.0,1,16.0,0,0.0,1,49234.0,0,0.0,1,0,0.5555555555555556
1663,0,,,11904.00172211009,11913.0,0.9999959288612745,0.0,1,0.0,1,6.0,0,1.0,0,0.0,1,2.0,0,11904.0,0,0.0,1,1,0.5555555555555556
1664,0,,,35132.01374814715,35166.0,0.9952121843530337,0.0,1,0.0,1,2.0,0,1.0,0,31.0,0,0.0,1,35132.0,0,0.0,1,0,0.4444444444444444
1665,0,,,17.175564037317667,21.0,0.9999991945202714,1.0,0,0.0,1,1.0,0,2.0,0,17.0,0,0.0,1,0.0,1,0.0,1,0,0.4444444444444444
1666,0,,,14102.024039122894,14130.0,0.1397934469403307,1.0,0,0.0,1,1.0,0,0.0,1,26.0,0,0.0,1,14102.0,0,0.0,1,0,0.4444444444444444
1667,0,,,35301.00199711051,35318.0,0.9949184519253734,0.0,1,0.0,1,4.0,0,0.0,1,11.0,0,2.0,0,35301.0,0,0.0,1,0,0.4444444444444444
1668,0,,,26.267851073127396,32.0,0.9999983013463971,1.0,0,0.0,1,3.0,0,2.0,0,26.0,0,0.0,1,0.0,1,0.0,1,0,0.4444444444444444
1669,0,,,85303.00214529381,85325.0,0.022828173640031646,1.0,0,0.0,1,2.0,0,0.0,1,19.0,0,0.0,1,85303.0,0,0.0,1,0,0.4444444444444444
1670,0,,,11.180339887498949,15.0,0.999999478924356,1.0,0,0.0,1,1.0,0,1.0,0,11.0,0,0.0,1,0.0,1,1.0,0,0,0.3333333333333333
1671,0,,,24.392621835300936,31.0,0.9999975250733706,1.0,0,0.0,1,1.0,0,0.0,1,24.0,0,4.0,0,0.0,1,1.0,0,0,0.3333333333333333
1672,0,,,15.033296378372908,22.0,0.9999960328825372,0.0,1,0.0,1,5.0,0,1.0,0,14.0,0,0.0,1,0.0,1,2.0,0,0,0.4444444444444444
1673,0,,,18113.01327775144,18142.0,0.10860551318759759,0.0,1,0.0,1,6.0,0,0.0,1,21.0,0,0.0,1,18113.0,0,2.0,0,0,0.4444444444444444
1674,0,,,10713.002100251824,10724.0,0.18002420626446036,0.0,1,0.0,1,2.0,0,2.0,0,1.0,0,6.0,0,10713.0,0,0.0,1,1,0.4444444444444444
1675,0,,,28.39013913315678,36.0,0.999997094448303,0.0,1,0.0,1,3.0,0,3.0,0,28.0,0,0.0,1,0.0,1,2.0,0,0,0.4444444444444444
1676,0,,,29.017236257093817,38.0,0.9999926808308099,0.0,1,0.0,1,7.0,0,3.0,0,28.0,0,0.0,1,0.0,1,0.0,1,0,0.5555555555555556
1677,0,,,29612.000624746717,29623.0,0.9977080282696181,0.0,1,0.0,1,4.0,0,1.0,0,2.0,0,4.0,0,29612.0,0,0.0,1,1,0.4444444444444444
1678,0,,,28.319604517012593,34.0,0.9999975796480544,0.0,1,0.0,1,4.0,0,1.0,0,28.0,0,0.0,1,0.0,1,1.0,0,0,0.4444444444444444
1679,0,,,5888.010699718539,5904.0,0.9998832395921597,0.0,1,0.0,1,5.0,0,1.0,0,10.0,0,0.0,1,5888.0,0,0.0,1,0,0.4444444444444444
1680,0,,,15200.02976970769,15233.0,0.9975097479095011,1.0,0,0.0,1,2.0,0,0.0,1,30.0,0,0.0,1,15200.0,0,0.0,1,0,0.4444444444444444
1681,0,,,13.228756555322953,21.0,0.9999932271344174,1.0,0,0.0,1,2.0,0,0.0,1,11.0,0,0.0,1,0.0,1,7.0,0,0,0.4444444444444444
1682,0,,,17.74823934929885,31.0,0.9999820304740505,1.0,0,0.0,1,8.0,0,0.0,1,13.0,0,0.0,1,0.0,1,9.0,0,1,0.5555555555555556
1683,0,,,74.3370701601832,88.0,0.9999739861276777,0.0,1,0.0,1,14.0,0,1.0,0,73.0,0,0.0,1,0.0,1,0.0,1,0,0.5555555555555556
1684,0,,,47530.05455498657,47614.0,0.04041434383768194,0.0,1,0.0,1,12.0,0,1.0,0,71.0,0,0.0,1,47530.0,0,0.0,1,1,0.5555555555555556
1685,0,,,6988.0052947890645,7002.0,0.9999883920017945,1.0,0,0.0,1,1.0,0,0.0,1,6.0,0,6.0,0,6988.0,0,0.0,1,0,0.3333333333333333
1686,0,,,40.91454509095757,54.0,0.9999804471174754,0.0,1,0.0,1,12.0,0,3.0,0,39.0,0,0.0,1,0.0,1,0.0,1,0,0.5555555555555556
1687,0,,,10712.041728820888,10750.0,0.18048000068821457,0.0,1,0.0,1,7.0,0,0.0,1,29.0,0,0.0,1,10712.0,0,2.0,0,0,0.4444444444444444
1688,0,,,100.67273712381123,137.0,0.9989722005257152,0.0,1,0.0,1,2.0,0,1.0,0,43.0,0,0.0,1,0.0,1,91.0,0,0,0.4444444444444444
1689,0,,,11.40175425099138,16.0,0.9999988627981803,1.0,0,0.0,1,2.0,0,2.0,0,11.0,0,0.0,1,0.0,1,0.0,1,0,0.4444444444444444
1690,0,,,46522.01565925535,46565.0,0.041530408929672524,0.0,1,0.0,1,3.0,0,0.0,1,38.0,0,0.0,1,46522.0,0,2.0,0,0,0.4444444444444444
1691,0,,,31.464265445104548,40.0,0.9999962623179086,0.0,1,0.0,1,4.0,0,0.0,1,31.0,0,3.0,0,0.0,1,2.0,0,0,0.4444444444444444
1692,0,,,22.135943621178654,26.0,0.9999991856495558,1.0,0,0.0,1,2.0,0,1.0,0,22.0,0,0.0,1,0.0,1,0.0,1,0,0.4444444444444444
1693,0,,,47820.018674191255,47870.0,0.040603164435056516,0.0,1,0.0,1,3.0,0,0.0,1,42.0,0,2.0,0,47820.0,0,3.0,0,1,0.4444444444444444
1694,0,,,2322.6525784111577,2381.0,0.9999950911465569,1.0,0,0.0,1,1.0,0,0.0,1,55.0,0,0.0,1,2322.0,0,2.0,0,0,0.3333333333333333
1695,0,,,11.874342087037917,19.0,0.9999868732857803,0.0,1,0.0,1,2.0,0,1.0,0,6.0,0,0.0,1,0.0,1,10.0,0,0,0.4444444444444444
1696,0,,,11.916375287812984,20.0,0.999986714444932,0.0,1,0.0,1,5.0,0,0.0,1,6.0,0,0.0,1,0.0,1,9.0,0,0,0.5555555555555556
1697,0,,,41004.04849524008,41071.0,0.04820452512416995,0.0,1,0.0,1,2.0,0,0.0,1,63.0,0,0.0,1,41004.0,0,2.0,0,0,0.4444444444444444
1698,0,,,83808.00041165522,83819.0,0.6201999746907508,0.0,1,0.0,1,2.0,0,1.0,0,8.0,0,0.0,1,83808.0,0,0.0,1,0,0.4444444444444444
1699,0,,,84131.00013074848,84139.0,0.02303728659704507,1.0,0,0.0,1,4.0,0,0.0,1,2.0,0,0.0,1,84131.0,0,1.0,0,1,0.4444444444444444
1700,0,,,8222.024446570322,8250.0,0.9999646151565091,1.0,0,0.0,1,6.0,0,2.0,0,19.0,0,0.0,1,8222.0,0,0.0,1,0,0.3333333333333333
1701,0,,,52.48809388804284,67.0,0.9999801003681926,1.0,0,0.0,1,12.0,0,3.0,0,51.0,0,0.0,1,0.0,1,0.0,1,1,0.5555555555555556
1702,0,,,23301.023647041777,23339.0,0.9993843576533651,0.0,1,0.0,1,2.0,0,3.0,0,33.0,0,0.0,1,23301.0,0,0.0,1,0,0.4444444444444444
1703,0,,,48.55924216871593,62.0,0.9999820905771669,0.0,1,0.0,1,12.0,0,1.0,0,47.0,0,2.0,0,0.0,1,0.0,1,1,0.5555555555555556
1704,0,,,12895.001706087518,12907.0,0.9989889273377567,0.0,1,0.0,1,3.0,0,5.0,0,1.0,0,3.0,0,12895.0,0,0.0,1,1,0.4444444444444444
1705,0,,,6.557438524302,11.0,0.9999965178049601,1.0,0,0.0,1,5.0,0,0.0,1,4.0,0,0.0,1,0.0,1,1.0,0,0,0.4444444444444444
1706,0,,,26201.000572497225,26211.0,0.07539053875038249,0.0,1,0.0,1,1.0,0,0.0,1,3.0,0,4.0,0,26201.0,0,2.0,0,1,0.4444444444444444
1707,0,,,56211.01890199109,56262.0,0.03431495243289828,0.0,1,0.0,1,2.0,0,1.0,0,46.0,0,0.0,1,56211.0,0,2.0,0,1,0.4444444444444444
1708,0,,,46304.0321678361,46371.0,0.041796385848279716,0.0,1,0.0,1,13.0,0,1.0,0,53.0,0,0.0,1,46304.0,0,0.0,1,1,0.5555555555555556
1709,0,,,41004.00231684707,41024.0,0.04778263400737448,1.0,0,0.0,1,2.0,0,0.0,1,13.0,0,4.0,0,41004.0,0,0.0,1,1,0.4444444444444444
1710,0,,,99999.00518505172,100036.0,0.019581538706755275,0.0,1,0.0,1,3.0,0,2.0,0,32.0,0,0.0,1,99999.0,0,0.0,1,0,0.4444444444444444
1711,0,,,35580.00645025237,35607.0,0.9898145477471331,0.0,1,0.0,1,3.0,0,3.0,0,21.0,0,0.0,1,35580.0,0,0.0,1,0,0.4444444444444444
1712,0,,,12.12435565298214,19.0,0.9999911627552013,0.0,1,0.0,1,1.0,0,1.0,0,9.0,0,0.0,1,0.0,1,8.0,0,0,0.4444444444444444
1713,0,,,10.816653826391969,15.0,0.9999978693465108,1.0,0,0.0,1,4.0,0,0.0,1,10.0,0,0.0,1,0.0,1,0.0,1,0,0.5555555555555556
1714,0,,,64192.004159396674,64218.0,0.030558675683378667,0.0,1,0.0,1,2.0,0,1.0,0,23.0,0,0.0,1,64192.0,0,0.0,1,0,0.4444444444444444
1715,0,,,97005.01255089862,97062.0,0.019714620098520097,0.0,1,0.0,1,5.0,0,3.0,0,49.0,0,0.0,1,97005.0,0,0.0,1,1,0.5555555555555556
1716,0,,,14959.064075001485,15012.0,0.999963886717489,0.0,1,0.0,1,8.0,0,0.0,1,43.0,0,2.0,0,14959.0,0,0.0,1,0,0.4444444444444444
1717,0,,,25.39685019840059,35.0,0.9999910271779721,0.0,1,0.0,1,1.0,0,2.0,0,24.0,0,0.0,1,0.0,1,8.0,0,0,0.4444444444444444
1718,0,,,14270.020077070669,14305.0,0.999950248482817,0.0,1,0.0,1,9.0,0,0.0,1,22.0,0,2.0,0,14270.0,0,2.0,0,1,0.4444444444444444
1719,0,,,49233.00105620213,49245.0,0.03984348416622541,0.0,1,0.0,1,0.0,1,0.0,1,10.0,0,2.0,0,49233.0,0,0.0,1,0,0.5555555555555556
1720,0,,,49224.00496708897,49249.0,0.03930495504312248,1.0,0,0.0,1,2.0,0,0.0,1,22.0,0,0.0,1,49224.0,0,0.0,1,0,0.4444444444444444
1721,0,,,50.60632371551998,61.0,0.9999925744736868,0.0,1,0.0,1,5.0,0,0.0,1,50.0,0,0.0,1,0.0,1,6.0,0,0,0.5555555555555556
1722,0,,,6.782329983125268,12.0,0.9999972598073396,0.0,1,0.0,1,4.0,0,1.0,0,5.0,0,0.0,1,0.0,1,2.0,0,0,0.4444444444444444
1723,0,,,18.81488772222678,26.0,0.9999918207121746,1.0,0,0.0,1,8.0,0,0.0,1,17.0,0,0.0,1,0.0,1,0.0,1,0,0.5555555555555556
1724,0,,,74388.00030918965,74398.0,0.9871799589435928,0.0,1,0.0,1,3.0,0,1.0,0,6.0,0,0.0,1,74388.0,0,0.0,1,0,0.4444444444444444
1725,0,,,25300.00199604735,25311.0,0.9995945065820272,1.0,0,0.0,1,10.0,0,0.0,1,0.0,1,0.0,1,25300.0,0,0.0,1,1,0.6666666666666666
1726,0,,,2108.190219121605,2142.0,0.9999971732122058,1.0,0,0.0,1,4.0,0,0.0,1,28.0,0,1.0,0,2108.0,0,0.0,1,0,0.3333333333333333
1727,0,,,9580.118631833324,9635.0,0.6530500088608855,0.0,1,0.0,1,0.0,1,0.0,1,47.0,0,0.0,1,9580.0,0,8.0,0,0,0.5555555555555556
1728,0,,,45403.00148668588,45422.0,0.04333371651739559,0.0,1,0.0,1,2.0,0,1.0,0,7.0,0,0.0,1,45403.0,0,9.0,0,1,0.4444444444444444
1729,0,,,16810.003390838443,16826.0,0.9997472615040396,1.0,0,0.0,1,3.0,0,2.0,0,10.0,0,0.0,1,16810.0,0,0.0,1,0,0.3333333333333333
1730,0,,,36.742346141747674,46.0,0.9999933241388175,0.0,1,0.0,1,2.0,0,1.0,0,36.0,0,0.0,1,0.0,1,7.0,0,0,0.4444444444444444
1731,0,,,12.288205727444508,21.0,0.9999891045469504,1.0,0,0.0,1,2.0,0,1.0,0,8.0,0,0.0,1,0.0,1,9.0,0,1,0.4444444444444444
1732,0,,,49234.03328999159,49298.0,0.04013871422244175,0.0,1,0.0,1,5.0,0,0.0,1,57.0,0,0.0,1,49234.0,0,2.0,0,0,0.4444444444444444
1733,0,,,58.30094338859364,67.0,0.9999958822867787,0.0,1,0.0,1,5.0,0,3.0,0,58.0,0,0.0,1,0.0,1,1.0,0,0,0.4444444444444444
1734,0,,,30096.009702284453,30124.0,0.9999218487271224,0.0,1,0.0,1,2.0,0,2.0,0,24.0,0,0.0,1,30096.0,0,0.0,1,0,0.4444444444444444
1735,0,,,19471.022263866886,19506.0,0.9994494870004786,0.0,1,0.0,1,5.0,0,0.0,1,29.0,0,1.0,0,19471.0,0,0.0,1,0,0.4444444444444444
1736,0,,,69.10137480542626,75.0,0.9999981984775562,1.0,0,0.0,1,2.0,0,3.0,0,69.0,0,0.0,1,0.0,1,0.0,1,0,0.4444444444444444
1737,0,,,40.149719799769464,46.0,0.9999984730042661,1.0,0,0.0,1,1.0,0,1.0,0,40.0,0,0.0,1,0.0,1,3.0,0,0,0.3333333333333333
1738,0,,,14105.011697974589,14131.0,0.13742510231603633,0.0,1,0.0,1,1.0,0,0.0,1,17.0,0,2.0,0,14105.0,0,6.0,0,1,0.4444444444444444
1739,0,,,76.6355009117837,89.0,0.9999882286401056,0.0,1,0.0,1,9.0,0,0.0,1,76.0,0,0.0,1,0.0,1,4.0,0,0,0.5555555555555556
1740,0,,,1415.190446547743,1442.0,0.8185571483869991,0.0,1,0.0,1,3.0,0,1.0,0,23.0,0,0.0,1,1415.0,0,0.0,1,0,0.4444444444444444
1741,0,,,2108.001185957921,2111.0,0.9999984198685195,0.0,1,0.0,1,0.0,1,1.0,0,0.0,1,2.0,0,2108.0,0,0.0,1,0,0.5555555555555556
1742,0,,,50.37856687124,58.0,0.9999950320575626,0.0,1,0.0,1,1.0,0,1.0,0,50.0,0,6.0,0,0.0,1,0.0,1,0,0.4444444444444444
1743,0,,,17.69180601295413,29.0,0.9999852493098101,0.0,1,0.0,1,9.0,0,0.0,1,14.0,0,6.0,0,0.0,1,0.0,1,0,0.5555555555555556
1744,0,,,41003.00042679804,41014.0,0.04763212934916905,1.0,0,0.0,1,3.0,0,0.0,1,4.0,0,3.0,0,41003.0,0,0.0,1,1,0.4444444444444444
1745,0,,,66.14378277661477,73.0,0.999997891812013,0.0,1,0.0,1,3.0,0,1.0,0,66.0,0,0.0,1,0.0,1,3.0,0,0,0.4444444444444444
1746,0,,,16.401219466856727,25.0,0.9999943610971661,0.0,1,0.0,1,2.0,0,2.0,0,15.0,0,0.0,1,0.0,1,6.0,0,0,0.4444444444444444
1747,0,,,54.194095619356915,61.0,0.9999972674625112,0.0,1,0.0,1,2.0,0,1.0,0,54.0,0,0.0,1,0.0,1,4.0,0,0,0.4444444444444444
1748,0,,,97005.02850368118,97089.0,0.019383298240996938,1.0,0,0.0,1,2.0,0,0.0,1,74.0,0,0.0,1,97005.0,0,7.0,0,1,0.4444444444444444
1749,0,,,40.718546143004666,50.0,0.999999627808703,0.0,1,0.0,1,7.0,0,0.0,1,40.0,0,3.0,0,0.0,1,0.0,1,0,0.5555555555555556
1750,0,,,14102.063607855413,14152.0,0.1387519367441481,1.0,0,0.0,1,2.0,0,0.0,1,42.0,0,5.0,0,14102.0,0,0.0,1,1,0.4444444444444444
1751,0,,,60297.00455246512,60326.0,0.9983116202899883,0.0,1,0.0,1,2.0,0,0.0,1,23.0,0,0.0,1,60297.0,0,4.0,0,0,0.4444444444444444
1752,0,,,30392.00391550383,30412.0,0.9907577577479976,0.0,1,0.0,1,3.0,0,0.0,1,15.0,0,2.0,0,30392.0,0,0.0,1,0,0.4444444444444444
1753,0,,,14.89966442575134,22.0,0.9999872980380708,1.0,0,0.0,1,10.0,0,0.0,1,11.0,0,0.0,1,0.0,1,0.0,1,0,0.5555555555555556
1754,0,,,18.49324200890693,30.0,0.9999892684525956,0.0,1,0.0,1,7.0,0,0.0,1,16.0,0,6.0,0,0.0,1,1.0,0,0,0.4444444444444444
1755,0,,,49224.02444944948,49277.0,0.03931172051367948,1.0,0,0.0,1,2.0,0,1.0,0,49.0,0,0.0,1,49224.0,0,0.0,1,1,0.4444444444444444
1756,0,,,9.0,15.0,0.9999907503584536,0.0,1,0.0,1,2.0,0,2.0,0,3.0,0,0.0,1,0.0,1,8.0,0,0,0.4444444444444444
1757,0,,,9.433981132056603,15.0,0.9999947999915991,0.0,1,0.0,1,6.0,0,2.0,0,7.0,0,0.0,1,0.0,1,0.0,1,0,0.5555555555555556
1758,0,,,49223.0045405601,49248.0,0.03965440937743914,0.0,1,0.0,1,1.0,0,1.0,0,21.0,0,2.0,0,49223.0,0,0.0,1,1,0.4444444444444444
1759,0,,,61.0163912403872,63.0,0.9999997227982732,0.0,1,0.0,1,1.0,0,1.0,0,61.0,0,0.0,1,0.0,1,0.0,1,0,0.5555555555555556
1760,0,,,58.59180830116101,69.0,0.9999909673228116,0.0,1,0.0,1,8.0,0,1.0,0,58.0,0,0.0,1,0.0,1,2.0,0,1,0.5555555555555556
1761,0,,,55104.00240454408,55125.0,0.03547522818432369,1.0,0,0.0,1,2.0,0,0.0,1,16.0,0,0.0,1,55104.0,0,2.0,0,1,0.4444444444444444
1762,0,,,9426.023710982272,9451.0,0.689681380921401,1.0,0,0.0,1,2.0,0,1.0,0,21.0,0,0.0,1,9426.0,0,0.0,1,1,0.4444444444444444
1763,0,,,21.118712081942874,30.0,0.9999891859065101,0.0,1,0.0,1,9.0,0,0.0,1,19.0,0,0.0,1,0.0,1,2.0,0,0,0.5555555555555556
1764,0,,,49.3051721424842,57.0,0.9999963579632735,0.0,1,0.0,1,5.0,0,1.0,0,49.0,0,0.0,1,0.0,1,2.0,0,0,0.4444444444444444
1765,0,,,49222.02553735472,49278.0,0.03935477854035985,1.0,0,0.0,1,2.0,0,0.0,1,50.0,0,3.0,0,49222.0,0,0.0,1,1,0.4444444444444444
1766,0,,,18.601075237738275,26.0,0.999999152258976,0.0,1,0.0,1,1.0,0,1.0,0,18.0,0,2.0,0,4.0,0,0.0,1,0,0.3333333333333333
1767,0,,,122.30290266383705,184.0,0.9986600819825873,1.0,0,0.0,1,14.0,0,0.0,1,69.0,0,0.0,1,0.0,1,100.0,0,1,0.5555555555555556
1768,0,,,12.884098726725126,22.0,0.9999943231408577,1.0,0,0.0,1,2.0,0,0.0,1,11.0,0,6.0,0,0.0,1,2.0,0,1,0.4444444444444444
1769,0,,,6.6332495807108,12.0,0.9999976306080302,1.0,0,0.0,1,1.0,0,1.0,0,5.0,0,0.0,1,0.0,1,4.0,0,0,0.3333333333333333
1770,0,,,12776.008335939672,12799.0,0.9999948594925748,1.0,0,0.0,1,8.0,0,0.0,1,12.0,0,2.0,0,12776.0,0,0.0,1,0,0.3333333333333333
1771,0,,,48.218253804964775,55.0,0.9999972947173227,0.0,1,0.0,1,2.0,0,1.0,0,48.0,0,0.0,1,0.0,1,4.0,0,0,0.4444444444444444
1772,0,,,5888.088399472277,5927.0,0.999903900568714,0.0,1,0.0,1,3.0,0,0.0,1,32.0,0,2.0,0,5888.0,0,2.0,0,0,0.3333333333333333
1773,0,,,38098.0015223896,38116.0,0.9973202098532706,0.0,1,0.0,1,1.0,0,5.0,0,9.0,0,3.0,0,38098.0,0,0.0,1,1,0.4444444444444444
1774,0,,,1207.171487403509,1237.0,0.9999988975283688,0.0,1,0.0,1,4.0,0,0.0,1,19.0,0,1.0,0,1207.0,0,6.0,0,0,0.3333333333333333
1775,0,,,35.0,45.0,0.9999910550936174,0.0,1,0.0,1,2.0,0,1.0,0,34.0,0,0.0,1,0.0,1,8.0,0,0,0.4444444444444444
1776,0,,,41.78516483155236,50.0,0.9999917063471152,0.0,1,0.0,1,0.0,1,1.0,0,41.0,0,0.0,1,0.0,1,8.0,0,0,0.5555555555555556
1777,0,,,33008.00802835578,33032.0,0.9952441850338183,1.0,0,0.0,1,0.0,1,0.0,1,23.0,0,0.0,1,33008.0,0,0.0,1,0,0.5555555555555556
1778,0,,,1273.2784455883952,1332.0,0.8367198667240735,1.0,0,0.0,1,2.0,0,0.0,1,57.0,0,0.0,1,1272.0,0,0.0,1,0,0.4444444444444444
1779,0,,,47212.011935523355,47253.0,0.0412145446318648,1.0,0,0.0,1,1.0,0,0.0,1,33.0,0,6.0,0,47212.0,0,0.0,1,1,0.4444444444444444
1780,0,,,36.235341863986875,43.0,0.999997727699176,0.0,1,0.0,1,2.0,0,2.0,0,36.0,0,0.0,1,0.0,1,3.0,0,0,0.4444444444444444
1781,0,,,14804.031376621708,14841.0,0.9999919816947175,0.0,1,0.0,1,5.0,0,2.0,0,30.0,0,0.0,1,14804.0,0,0.0,1,0,0.4444444444444444
1782,0,,,63.324560795950255,72.0,0.9999945646489667,1.0,0,0.0,1,6.0,0,0.0,1,63.0,0,0.0,1,0.0,1,2.0,0,1,0.5555555555555556
1783,0,,,35120.00580865556,35144.0,0.9950186261200926,0.0,1,0.0,1,2.0,0,0.0,1,20.0,0,2.0,0,35120.0,0,0.0,1,0,0.4444444444444444
1784,0,,,102.810505299799,132.0,0.9987647265137821,1.0,0,0.0,1,2.0,0,0.0,1,31.0,0,0.0,1,0.0,1,98.0,0,0,0.4444444444444444
1785,0,,,78.7273777030583,94.0,0.9999846098008609,0.0,1,0.0,1,2.0,0,1.0,0,78.0,0,3.0,0,0.0,1,10.0,0,1,0.4444444444444444
1786,0,,,8.426149773176359,13.0,0.999991211341237,1.0,0,0.0,1,2.0,0,1.0,0,1.0,0,0.0,1,0.0,1,8.0,0,1,0.4444444444444444
1787,0,,,71266.00021047905,71274.0,0.992950232214682,0.0,1,0.0,1,0.0,1,1.0,0,5.0,0,2.0,0,71266.0,0,0.0,1,1,0.5555555555555556
1788,0,,,10792.125879547551,10849.0,0.1807668033485943,0.0,1,0.0,1,2.0,0,0.0,1,52.0,0,3.0,0,10792.0,0,0.0,1,0,0.4444444444444444
1789,0,,,26901.0203338089,26937.0,0.9959121112978944,1.0,0,0.0,1,0.0,1,0.0,1,33.0,0,2.0,0,26901.0,0,0.0,1,1,0.5555555555555556
1790,0,,,27010.010699738716,27036.0,0.9959161520386417,1.0,0,0.0,1,1.0,0,0.0,1,24.0,0,0.0,1,27010.0,0,0.0,1,0,0.4444444444444444
1791,0,,,37.76241517699841,48.0,0.999992297929178,0.0,1,0.0,1,2.0,0,2.0,0,37.0,0,0.0,1,0.0,1,7.0,0,0,0.4444444444444444
1792,0,,,34.72751070837067,50.0,0.9999768048885831,0.0,1,0.0,1,13.0,0,3.0,0,32.0,0,0.0,1,0.0,1,2.0,0,1,0.5555555555555556
1793,0,,,21.77154105707724,30.0,0.9999956985987607,0.0,1,0.0,1,5.0,0,2.0,0,21.0,0,0.0,1,0.0,1,2.0,0,0,0.4444444444444444
1794,0,,,33.13608305156178,38.0,0.9999987727008871,0.0,1,0.0,1,2.0,0,1.0,0,33.0,0,0.0,1,0.0,1,2.0,0,0,0.4444444444444444
1795,0,,,12.922847983320086,21.0,0.9999892428673604,1.0,0,0.0,1,2.0,0,0.0,1,9.0,0,0.0,1,0.0,1,9.0,0,0,0.4444444444444444
1796,0,,,6.0,10.0,0.9999965948066313,1.0,0,0.0,1,5.0,0,0.0,1,3.0,0,0.0,1,0.0,1,1.0,0,0,0.4444444444444444
1797,0,,,80.51707893360265,91.0,0.9999890181050263,1.0,0,0.0,1,9.0,0,1.0,0,80.0,0,0.0,1,0.0,1,0.0,1,1,0.5555555555555556
1798,0,,,14102.121187963177,14170.0,0.13614908441957618,0.0,1,0.0,1,2.0,0,1.0,0,58.0,0,0.0,1,14102.0,0,7.0,0,1,0.4444444444444444
1799,0,,,22204.066069078428,22264.0,0.08739776256707976,1.0,0,0.0,1,1.0,0,0.0,1,54.0,0,4.0,0,22204.0,0,0.0,1,1,0.4444444444444444
1800,0,,,21.656407827707714,31.0,0.9999912533920998,1.0,0,0.0,1,2.0,0,0.0,1,20.0,0,0.0,1,0.0,1,8.0,0,0,0.4444444444444444
1801,0,,,165.19685227025363,202.0,0.9999842547762863,1.0,0,0.0,1,2.0,0,1.0,0,32.0,0,4.0,0,162.0,0,0.0,1,1,0.3333333333333333
1802,0,,,20.149441679609886,24.0,0.9999992702280385,1.0,0,0.0,1,2.0,0,1.0,0,20.0,0,0.0,1,0.0,1,0.0,1,0,0.4444444444444444
1803,0,,,45204.03378018382,45268.0,0.04357816730274444,0.0,1,0.0,1,2.0,0,0.0,1,55.0,0,4.0,0,45204.0,0,3.0,0,1,0.4444444444444444
1804,0,,,37.44329045369811,46.0,0.9999955545674557,0.0,1,0.0,1,2.0,0,2.0,0,37.0,0,0.0,1,0.0,1,5.0,0,0,0.4444444444444444
1805,0,,,13231.060577293114,13274.0,0.9999050499573626,0.0,1,0.0,1,1.0,0,1.0,0,40.0,0,1.0,0,13231.0,0,0.0,1,0,0.3333333333333333
1806,0,,,41004.00513364518,41031.0,0.047611974619573116,1.0,0,0.0,1,2.0,0,0.0,1,20.0,0,4.0,0,41004.0,0,0.0,1,1,0.4444444444444444
1807,0,,,5120.025878840848,5141.0,0.9999985271254181,0.0,1,0.0,1,2.0,0,1.0,0,16.0,0,2.0,0,5120.0,0,0.0,1,0,0.3333333333333333
1808,0,,,12.767145334803704,19.0,0.9999976219772524,1.0,0,0.0,1,0.0,1,1.0,0,12.0,0,4.0,0,0.0,1,1.0,0,1,0.4444444444444444
1809,0,,,40.8656334834051,54.0,0.9999907730012512,0.0,1,0.0,1,5.0,0,0.0,1,40.0,0,6.0,0,0.0,1,3.0,0,1,0.5555555555555556
1810,0,,,37.72267222772003,47.0,0.9999933335657686,0.0,1,0.0,1,2.0,0,1.0,0,37.0,0,0.0,1,0.0,1,7.0,0,0,0.4444444444444444
1811,0,,,85463.00806781845,85504.0,0.9863907035236855,1.0,0,0.0,1,3.0,0,0.0,1,37.0,0,0.0,1,85463.0,0,0.0,1,0,0.4444444444444444
1812,0,,,40.26164427839479,47.0,0.9999971721667068,0.0,1,0.0,1,2.0,0,1.0,0,40.0,0,4.0,0,0.0,1,0.0,1,0,0.4444444444444444
1813,0,,,24.454038521274967,32.0,0.999997118718811,1.0,0,0.0,1,0.0,1,2.0,0,24.0,0,4.0,0,0.0,1,1.0,0,1,0.4444444444444444
1814,0,,,25800.003604650912,25818.0,0.9998507054745835,0.0,1,0.0,1,4.0,0,1.0,0,13.0,0,0.0,1,25800.0,0,0.0,1,0,0.4444444444444444
1815,0,,,53.19774431308154,60.0,0.9999972701714973,1.0,0,0.0,1,2.0,0,0.0,1,53.0,0,0.0,1,0.0,1,4.0,0,0,0.4444444444444444
1816,0,,,36532.028153388914,36585.0,0.9998240232017637,0.0,1,0.0,1,4.0,0,0.0,1,45.0,0,4.0,0,36532.0,0,0.0,1,0,0.4444444444444444
1817,0,,,71488.00046161593,71502.0,0.9875960870564086,1.0,0,0.0,1,0.0,1,0.0,1,5.0,0,2.0,0,71488.0,0,6.0,0,1,0.4444444444444444
1818,0,,,19.849433241279208,28.0,0.9999956907674765,0.0,1,0.0,1,5.0,0,2.0,0,19.0,0,0.0,1,0.0,1,2.0,0,0,0.4444444444444444
1819,0,,,15.165750888103101,24.0,0.9999731820819715,0.0,1,0.0,1,14.0,0,1.0,0,4.0,0,4.0,0,0.0,1,1.0,0,1,0.4444444444444444
1820,0,,,16.822603841260722,29.0,0.9999796735174962,0.0,1,0.0,1,9.0,0,0.0,1,11.0,0,0.0,1,0.0,1,9.0,0,0,0.5555555555555556
1821,0,,,20191.00329354636,20210.0,0.999974543775664,0.0,1,0.0,1,6.0,0,0.0,1,9.0,0,4.0,0,20191.0,0,0.0,1,0,0.4444444444444444
1822,0,,,35880.02232440777,35922.0,0.9998683609010368,1.0,0,0.0,1,0.0,1,1.0,0,40.0,0,0.0,1,35880.0,0,0.0,1,1,0.5555555555555556
1823,0,,,704.9751768679519,744.0,0.9999999859569153,0.0,1,0.0,1,0.0,1,1.0,0,37.0,0,2.0,0,704.0,0,0.0,1,0,0.4444444444444444
1824,0,,,84131.00020206583,84141.0,0.0229867033939245,1.0,0,0.0,1,2.0,0,0.0,1,5.0,0,2.0,0,84131.0,0,0.0,1,1,0.4444444444444444
1825,0,,,19.849433241279208,32.0,0.9999912252735956,0.0,1,0.0,1,2.0,0,1.0,0,18.0,0,4.0,0,0.0,1,7.0,0,1,0.4444444444444444
1826,0,,,21008.002998857362,21022.0,0.9990992931939846,0.0,1,0.0,1,1.0,0,0.0,1,11.0,0,2.0,0,21008.0,0,0.0,1,0,0.4444444444444444
1827,0,,,15122.003471762595,15135.0,0.12856467432684604,0.0,1,0.0,1,1.0,0,0.0,1,10.0,0,2.0,0,15122.0,0,0.0,1,0,0.4444444444444444
1828,0,,,5.5677643628300215,9.0,0.9999992122206098,1.0,0,0.0,1,1.0,0,2.0,0,5.0,0,0.0,1,0.0,1,0.0,1,0,0.4444444444444444
1829,0,,,46901.00005330377,46904.0,0.041698452505458894,1.0,0,0.0,1,2.0,0,0.0,1,0.0,1,0.0,1,46901.0,0,0.0,1,0,0.5555555555555556
1830,0,,,67816.00005161024,67821.0,0.5697997099981508,0.0,1,0.0,1,1.0,0,1.0,0,1.0,0,2.0,0,67816.0,0,0.0,1,1,0.4444444444444444
1831,0,,,32811.03815791265,32863.0,0.9956705530283587,0.0,1,0.0,1,0.0,1,2.0,0,50.0,0,0.0,1,32811.0,0,0.0,1,0,0.5555555555555556
1832,0,,,46304.002267622614,46326.0,0.042020201325465245,1.0,0,0.0,1,2.0,0,0.0,1,13.0,0,6.0,0,46304.0,0,0.0,1,1,0.4444444444444444
1833,0,,,42.24926034855522,49.0,0.9999972926934716,0.0,1,0.0,1,2.0,0,1.0,0,42.0,0,0.0,1,0.0,1,4.0,0,0,0.4444444444444444
1834,0,,,32477.00107768573,32491.0,0.9959794299690167,0.0,1,0.0,1,2.0,0,1.0,0,7.0,0,4.0,0,32477.0,0,0.0,1,1,0.4444444444444444
1835,0,,,80102.0001185988,80109.0,0.02404081804199454,0.0,1,0.0,1,3.0,0,0.0,1,3.0,0,1.0,0,80102.0,0,0.0,1,0,0.4444444444444444
1836,0,,,49.69909455915671,60.0,0.9999909573979224,1.0,0,0.0,1,2.0,0,0.0,1,49.0,0,0.0,1,0.0,1,8.0,0,0,0.4444444444444444
1837,0,,,20208.001162905748,20219.0,0.9998084084142072,1.0,0,0.0,1,1.0,0,0.0,1,6.0,0,3.0,0,20208.0,0,0.0,1,1,0.4444444444444444
1838,0,,,28.106938645110393,32.0,0.999999129295486,1.0,0,0.0,1,2.0,0,1.0,0,28.0,0,0.0,1,0.0,1,0.0,1,0,0.4444444444444444
1839,0,,,26.115129714401192,30.0,0.9999993062966562,1.0,0,0.0,1,2.0,0,1.0,0,26.0,0,0.0,1,0.0,1,0.0,1,0,0.4444444444444444
1840,0,,,56211.03065235506,56283.0,0.03435304887837787,0.0,1,0.0,1,14.0,0,1.0,0,57.0,0,0.0,1,56211.0,0,0.0,1,1,0.5555555555555556
1841,0,,,84231.00050456483,84248.0,0.02300701419438156,0.0,1,0.0,1,2.0,0,0.0,1,7.0,0,4.0,0,84231.0,0,4.0,0,1,0.4444444444444444
1842,0,,,31170.029691997406,31215.0,0.9989723634475034,0.0,1,0.0,1,1.0,0,1.0,0,43.0,0,0.0,1,31170.0,0,0.0,1,0,0.4444444444444444
1843,0,,,58112.00035276707,58121.0,0.03369043054163301,0.0,1,0.0,1,2.0,0,1.0,0,6.0,0,0.0,1,58112.0,0,0.0,1,0,0.4444444444444444
1844,0,,,55102.00126129721,55119.0,0.03542858861638598,1.0,0,0.0,1,1.0,0,0.0,1,11.0,0,4.0,0,55102.0,0,0.0,1,1,0.4444444444444444
1845,0,,,41002.00137798154,41017.0,0.04768022767083391,0.0,1,0.0,1,3.0,0,0.0,1,10.0,0,2.0,0,41002.0,0,0.0,1,0,0.4444444444444444
1846,0,,,7.615773105863909,12.0,0.9999932500408114,1.0,0,0.0,1,2.0,0,0.0,1,2.0,0,0.0,1,0.0,1,7.0,0,0,0.4444444444444444
1847,0,,,9.899494936611665,18.0,0.9999922084002775,0.0,1,0.0,1,1.0,0,0.0,1,6.0,0,6.0,0,0.0,1,5.0,0,0,0.4444444444444444
1848,0,,,49223.000142209945,49229.0,0.03936232170350973,1.0,0,0.0,1,2.0,0,0.0,1,3.0,0,0.0,1,49223.0,0,0.0,1,0,0.4444444444444444
1849,0,,,5.5677643628300215,9.0,0.9999992510493939,0.0,1,0.0,1,1.0,0,1.0,0,5.0,0,0.0,1,0.0,1,2.0,0,0,0.4444444444444444
1850,0,,,17026.022025123777,17064.0,0.11456636174179213,0.0,1,0.0,1,0.0,1,0.0,1,26.0,0,7.0,0,17026.0,0,5.0,0,1,0.5555555555555556
1851,0,,,65.34523701081817,90.0,0.9999440889086796,0.0,1,0.0,1,19.0,0,1.0,0,62.0,0,0.0,1,0.0,1,8.0,0,1,0.5555555555555556
1852,0,,,37681.0011942358,37697.0,0.9998473906800466,1.0,0,0.0,1,6.0,0,0.0,1,7.0,0,2.0,0,37681.0,0,0.0,1,1,0.4444444444444444
1853,0,,,19.339079605813716,28.0,0.999989190304307,0.0,1,0.0,1,9.0,0,0.0,1,17.0,0,0.0,1,0.0,1,2.0,0,0,0.5555555555555556
1854,0,,,82201.00339411922,82231.0,0.023707192606271188,0.0,1,0.0,1,5.0,0,0.0,1,23.0,0,0.0,1,82201.0,0,2.0,0,1,0.5555555555555556
1855,0,,,47114.00583690587,47144.0,0.04125628521848901,1.0,0,0.0,1,2.0,0,0.0,1,23.0,0,4.0,0,47114.0,0,0.0,1,1,0.4444444444444444
1856,0,,,54.86346689738081,70.0,0.9999739848445919,0.0,1,0.0,1,14.0,0,1.0,0,53.0,0,0.0,1,0.0,1,2.0,0,1,0.5555555555555556
1857,0,,,16810.003390838443,16826.0,0.9997472615040396,1.0,0,0.0,1,3.0,0,2.0,0,10.0,0,0.0,1,16810.0,0,0.0,1,0,0.3333333333333333
1858,0,,,98.07140255956371,104.0,0.9987988291543352,0.0,1,0.0,1,2.0,0,1.0,0,3.0,0,0.0,1,0.0,1,98.0,0,0,0.4444444444444444
1859,0,,,62.68971207462992,74.0,0.9999888142878285,0.0,1,0.0,1,9.0,0,1.0,0,62.0,0,0.0,1,0.0,1,2.0,0,1,0.5555555555555556
1860,0,,,56002.00606228316,56031.0,0.9996286479310375,1.0,0,0.0,1,1.0,0,0.0,1,26.0,0,1.0,0,56002.0,0,0.0,1,0,0.3333333333333333
1861,0,,,4002.0094952411096,4016.0,0.9999993707379865,0.0,1,0.0,1,7.0,0,0.0,1,1.0,0,1.0,0,4002.0,0,5.0,0,0,0.3333333333333333
1862,0,,,23.53720459187964,34.0,0.9999910774358226,1.0,0,0.0,1,2.0,0,1.0,0,22.0,0,0.0,1,0.0,1,8.0,0,1,0.4444444444444444
1863,0,,,13.228756555322953,21.0,0.9999932434863976,0.0,1,0.0,1,2.0,0,1.0,0,11.0,0,0.0,1,0.0,1,7.0,0,0,0.4444444444444444
1864,0,,,49222.000507902965,49234.0,0.03946590894890456,1.0,0,0.0,1,2.0,0,0.0,1,3.0,0,6.0,0,49222.0,0,0.0,1,1,0.4444444444444444
1865,0,,,64911.00004621713,64915.0,0.030361173686736187,0.0,1,0.0,1,2.0,0,1.0,0,1.0,0,0.0,1,64911.0,0,0.0,1,0,0.4444444444444444
1866,0,,,49224.00496708897,49249.0,0.03930495504312248,1.0,0,0.0,1,2.0,0,0.0,1,22.0,0,0.0,1,49224.0,0,0.0,1,0,0.4444444444444444
1867,0,,,11012.00131674529,11021.0,0.17761835731350573,0.0,1,0.0,1,3.0,0,0.0,1,4.0,0,2.0,0,11012.0,0,0.0,1,0,0.4444444444444444
1868,0,,,417.4434093383198,465.0,0.9999998276063721,1.0,0,0.0,1,2.0,0,0.0,1,45.0,0,2.0,0,415.0,0,0.0,1,0,0.3333333333333333
1869,0,,,100.67273712381123,137.0,0.9989722005257152,0.0,1,0.0,1,2.0,0,1.0,0,43.0,0,0.0,1,0.0,1,91.0,0,0,0.4444444444444444
1870,0,,,39980.00630315108,40008.0,0.9956483064930569,0.0,1,0.0,1,4.0,0,0.0,1,22.0,0,2.0,0,39980.0,0,0.0,1,0,0.4444444444444444
1871,0,,,20.808652046684813,31.0,0.9999906432282611,0.0,1,0.0,1,8.0,0,2.0,0,19.0,0,0.0,1,0.0,1,2.0,0,0,0.4444444444444444
1872,0,,,82901.0030216764,82932.0,0.9928963511448222,0.0,1,0.0,1,10.0,0,0.0,1,20.0,0,1.0,0,82901.0,0,0.0,1,0,0.4444444444444444
1873,0,,,42.320207938997655,49.0,0.9999967544033213,0.0,1,0.0,1,5.0,0,1.0,0,42.0,0,0.0,1,0.0,1,1.0,0,0,0.4444444444444444
1874,0,,,39.370039370059054,46.0,0.9999962253118865,0.0,1,0.0,1,5.0,0,0.0,1,39.0,0,0.0,1,0.0,1,2.0,0,0,0.5555555555555556
1875,0,,,85212.0112542827,85266.0,0.022738714752030598,0.0,1,0.0,1,1.0,0,0.0,1,43.0,0,2.0,0,85212.0,0,8.0,0,1,0.4444444444444444
1876,0,,,36.013886210738214,47.0,0.9999908165819883,0.0,1,0.0,1,8.0,0,2.0,0,35.0,0,0.0,1,0.0,1,2.0,0,0,0.4444444444444444
1877,0,,,2108.0253793538636,2125.0,0.9999985043226418,1.0,0,0.0,1,9.0,0,0.0,1,3.0,0,4.0,0,2108.0,0,0.0,1,1,0.4444444444444444
1878,0,,,3.872983346207417,7.0,0.9999981714649961,1.0,0,0.0,1,2.0,0,0.0,1,1.0,0,0.0,1,0.0,1,3.0,0,0,0.4444444444444444
1879,0,,,5.0990195135927845,8.0,0.9999986845778367,0.0,1,0.0,1,3.0,0,1.0,0,4.0,0,0.0,1,0.0,1,0.0,1,0,0.5555555555555556
1880,0,,,1624.519005736775,1668.0,0.9999975445964283,0.0,1,0.0,1,0.0,1,1.0,0,41.0,0,2.0,0,1624.0,0,0.0,1,0,0.4444444444444444
1881,0,,,2820.095743055544,2848.0,0.9999980549484198,0.0,1,0.0,1,3.0,0,1.0,0,23.0,0,1.0,0,2820.0,0,0.0,1,0,0.3333333333333333
1882,0,,,32594.000644290354,32604.0,0.9953614852456377,1.0,0,0.0,1,0.0,1,0.0,1,1.0,0,2.0,0,32594.0,0,6.0,0,1,0.4444444444444444
1883,0,,,46522.00044065173,46531.0,0.041519360756591794,0.0,1,0.0,1,4.0,0,0.0,1,5.0,0,0.0,1,46522.0,0,0.0,1,0,0.5555555555555556
1884,0,,,31760.03361144317,31813.0,0.999537950790221,1.0,0,0.0,1,3.0,0,0.0,1,46.0,0,3.0,0,31760.0,0,0.0,1,1,0.4444444444444444
1885,0,,,44.23799272118933,51.0,0.999997306043879,0.0,1,0.0,1,2.0,0,1.0,0,44.0,0,0.0,1,0.0,1,4.0,0,0,0.4444444444444444
1886,0,,,55.24490926773253,62.0,0.9999969131633523,0.0,1,0.0,1,5.0,0,1.0,0,55.0,0,0.0,1,0.0,1,1.0,0,0,0.4444444444444444
1887,0,,,18113.022746079685,18149.0,0.10860371371132127,0.0,1,0.0,1,6.0,0,0.0,1,28.0,0,0.0,1,18113.0,0,2.0,0,0,0.4444444444444444
1888,0,,,15.132745950421556,27.0,0.9999892724676719,0.0,1,0.0,1,2.0,0,1.0,0,12.0,0,4.0,0,0.0,1,8.0,0,1,0.4444444444444444
1889,0,,,46522.001085507916,46537.0,0.0415229838879182,0.0,1,0.0,1,4.0,0,0.0,1,9.0,0,0.0,1,46522.0,0,2.0,0,0,0.4444444444444444
1890,0,,,4330.002540414959,4338.0,0.9987195077740066,1.0,0,0.0,1,1.0,0,0.0,1,4.0,0,2.0,0,4330.0,0,0.0,1,0,0.3333333333333333
1891,0,,,15901.010345257939,15922.0,0.9999844403724237,0.0,1,0.0,1,0.0,1,1.0,0,18.0,0,2.0,0,15901.0,0,0.0,1,0,0.4444444444444444
1892,0,,,1207.171487403509,1237.0,0.9999988975283688,0.0,1,0.0,1,4.0,0,0.0,1,19.0,0,1.0,0,1207.0,0,6.0,0,0,0.3333333333333333
1893,0,,,8101.0387605541055,8129.0,0.9987975503193501,1.0,0,0.0,1,1.0,0,1.0,0,25.0,0,0.0,1,8101.0,0,0.0,1,0,0.3333333333333333
1894,0,,,55102.00722296784,55136.0,0.03535942844003048,0.0,1,0.0,1,2.0,0,2.0,0,28.0,0,0.0,1,55102.0,0,2.0,0,1,0.4444444444444444
1895,0,,,8605.077047882836,8651.0,0.999982450278774,0.0,1,0.0,1,10.0,0,0.0,1,35.0,0,1.0,0,8605.0,0,0.0,1,0,0.4444444444444444
1896,0,,,65.34523701081817,90.0,0.9999440889086796,0.0,1,0.0,1,19.0,0,1.0,0,62.0,0,0.0,1,0.0,1,8.0,0,1,0.5555555555555556
1897,0,,,40.65710270051225,51.0,0.9999934232668595,0.0,1,0.0,1,6.0,0,1.0,0,40.0,0,0.0,1,0.0,1,4.0,0,0,0.4444444444444444
1898,0,,,57.879184513951124,72.0,0.9999869374705698,1.0,0,0.0,1,6.0,0,0.0,1,57.0,0,0.0,1,0.0,1,8.0,0,1,0.5555555555555556
1899,0,,,41002.01737719743,41051.0,0.047691828218897836,0.0,1,0.0,1,4.0,0,0.0,1,37.0,0,2.0,0,41002.0,0,6.0,0,1,0.4444444444444444
1900,0,,,9.327379053088816,13.0,0.9999892762770528,0.0,1,0.0,1,2.0,0,1.0,0,1.0,0,0.0,1,0.0,1,9.0,0,0,0.4444444444444444
1901,0,,,1912.2567819202525,1950.0,0.999999373629468,1.0,0,0.0,1,2.0,0,0.0,1,31.0,0,4.0,0,1912.0,0,0.0,1,0,0.3333333333333333
1902,0,,,25.80697580112788,34.0,0.9999946057991335,0.0,1,0.0,1,2.0,0,1.0,0,25.0,0,0.0,1,0.0,1,6.0,0,0,0.4444444444444444
1903,0,,,97007.0033245023,97038.0,0.019790486593691536,0.0,1,0.0,1,4.0,0,0.0,1,25.0,0,0.0,1,97007.0,0,2.0,0,0,0.4444444444444444
1904,0,,,39732.00218967073,39748.0,0.5864940684540946,0.0,1,0.0,1,1.0,0,0.0,1,13.0,0,2.0,0,39732.0,0,0.0,1,0,0.4444444444444444
1905,0,,,47.05316142407437,50.0,0.9999993501613283,0.0,1,0.0,1,0.0,1,1.0,0,47.0,0,2.0,0,0.0,1,0.0,1,0,0.5555555555555556
1906,0,,,4910.07535583722,4942.0,0.999996614969268,1.0,0,0.0,1,3.0,0,0.0,1,27.0,0,1.0,0,4910.0,0,0.0,1,0,0.3333333333333333
1907,0,,,36.29049462324811,43.0,0.9999973254133532,0.0,1,0.0,1,2.0,0,1.0,0,36.0,0,0.0,1,0.0,1,4.0,0,0,0.4444444444444444
1908,0,,,23182.004896039514,23199.0,0.9991782783803796,1.0,0,0.0,1,0.0,1,0.0,1,15.0,0,1.0,0,23182.0,0,0.0,1,0,0.4444444444444444
1909,0,,,31096.004132364018,31113.0,0.9954049323615733,1.0,0,0.0,1,0.0,1,0.0,1,16.0,0,0.0,1,31096.0,0,0.0,1,0,0.5555555555555556
1910,0,,,36962.00070342513,36974.0,0.9898452039322856,1.0,0,0.0,1,5.0,0,0.0,1,5.0,0,1.0,0,36962.0,0,0.0,1,1,0.4444444444444444
1911,0,,,54.433445601027316,69.0,0.9999801022840136,1.0,0,0.0,1,12.0,0,3.0,0,53.0,0,0.0,1,0.0,1,0.0,1,1,0.5555555555555556
1912,0,,,14.933184523068078,27.0,0.999987400386789,0.0,1,0.0,1,9.0,0,1.0,0,11.0,0,4.0,0,0.0,1,2.0,0,1,0.4444444444444444
1913,0,,,6087.002135698656,6097.0,0.9999885088716265,1.0,0,0.0,1,2.0,0,1.0,0,2.0,0,4.0,0,6087.0,0,0.0,1,1,0.3333333333333333
1914,0,,,28.844410203711913,40.0,0.9999941126963019,0.0,1,0.0,1,4.0,0,0.0,1,28.0,0,4.0,0,0.0,1,4.0,0,1,0.5555555555555556
1915,0,,,14102.117110561803,14169.0,0.13614883692395296,0.0,1,0.0,1,2.0,0,1.0,0,57.0,0,0.0,1,14102.0,0,7.0,0,1,0.4444444444444444
1916,0,,,47114.030659666554,47179.0,0.041177319577100135,0.0,1,0.0,1,8.0,0,0.0,1,53.0,0,4.0,0,47114.0,0,0.0,1,1,0.5555555555555556
1917,0,,,1416.9456588027645,1497.0,0.818547578266734,0.0,1,0.0,1,5.0,0,0.0,1,74.0,0,0.0,1,1415.0,0,3.0,0,0,0.4444444444444444
1918,0,,,17.74823934929885,25.0,0.9999966018107398,1.0,0,0.0,1,3.0,0,0.0,1,17.0,0,0.0,1,0.0,1,4.0,0,0,0.4444444444444444
1919,0,,,45099.000121953926,45104.0,0.9996822316334945,1.0,0,0.0,1,3.0,0,0.0,1,0.0,1,1.0,0,45099.0,0,0.0,1,1,0.5555555555555556
1920,0,,,20886.028440084054,20928.0,0.9999000335240207,0.0,1,0.0,1,4.0,0,0.0,1,34.0,0,4.0,0,20886.0,0,0.0,1,0,0.4444444444444444
1921,0,,,57.16642371182581,64.0,0.9999978299840446,1.0,0,0.0,1,4.0,0,1.0,0,57.0,0,0.0,1,0.0,1,1.0,0,0,0.3333333333333333
1922,0,,,8222.024446570322,8250.0,0.9999646151565091,1.0,0,0.0,1,6.0,0,2.0,0,19.0,0,0.0,1,8222.0,0,0.0,1,0,0.3333333333333333
1923,0,,,38385.004389735324,38408.0,0.999829941948145,0.0,1,0.0,1,3.0,0,2.0,0,18.0,0,0.0,1,38385.0,0,0.0,1,0,0.4444444444444444
1924,0,,,6.244997998398398,9.0,0.9999952914172305,0.0,1,0.0,1,1.0,0,1.0,0,1.0,0,6.0,0,0.0,1,0.0,1,0,0.4444444444444444
1925,0,,,85102.00064628328,85118.0,0.022610629817222616,0.0,1,0.0,1,9.0,0,0.0,1,5.0,0,2.0,0,85102.0,0,0.0,1,1,0.5555555555555556
1926,0,,,84131.00174727506,84151.0,0.022801464868063448,0.0,1,0.0,1,0.0,1,1.0,0,17.0,0,2.0,0,84131.0,0,0.0,1,1,0.5555555555555556
1927,0,,,35121.000925372275,35130.0,0.9950573961713987,0.0,1,0.0,1,0.0,1,1.0,0,8.0,0,0.0,1,35121.0,0,0.0,1,0,0.5555555555555556
1928,0,,,84111.00019616935,84120.0,0.022982448653630527,0.0,1,0.0,1,4.0,0,0.0,1,4.0,0,0.0,1,84111.0,0,1.0,0,0,0.4444444444444444
1929,0,,,9.591663046625438,14.0,0.9999985427274917,1.0,0,0.0,1,1.0,0,0.0,1,9.0,0,0.0,1,0.0,1,3.0,0,0,0.4444444444444444
1930,0,,,53201.011644516686,53242.0,0.03702199364244685,1.0,0,0.0,1,2.0,0,0.0,1,35.0,0,3.0,0,53201.0,0,0.0,1,1,0.4444444444444444
1931,0,,,77.31106001084191,93.0,0.9999733969564727,0.0,1,0.0,1,14.0,0,1.0,0,76.0,0,0.0,1,0.0,1,2.0,0,1,0.5555555555555556
1932,0,,,49223.011112689965,49259.0,0.03945225135759711,1.0,0,0.0,1,2.0,0,0.0,1,33.0,0,0.0,1,49223.0,0,0.0,1,0,0.4444444444444444
1933,0,,,33.54101966249684,49.0,0.9999789885779293,0.0,1,0.0,1,10.0,0,0.0,1,31.0,0,0.0,1,0.0,1,8.0,0,0,0.5555555555555556
1934,0,,,3023.0339065250328,3042.0,0.9999972724572888,1.0,0,0.0,1,0.0,1,2.0,0,14.0,0,2.0,0,3023.0,0,0.0,1,0,0.3333333333333333
1935,0,,,69.23871749245504,82.0,0.9999776430995659,0.0,1,0.0,1,13.0,0,1.0,0,68.0,0,0.0,1,0.0,1,0.0,1,0,0.5555555555555556
1936,0,,,30.215889859476256,41.0,0.9999906438134039,0.0,1,0.0,1,2.0,0,2.0,0,29.0,0,0.0,1,0.0,1,8.0,0,0,0.4444444444444444
1937,0,,,66987.00133608012,67004.0,0.9962920426644083,0.0,1,0.0,1,0.0,1,1.0,0,13.0,0,3.0,0,66987.0,0,0.0,1,0,0.4444444444444444
1938,0,,,36998.00282447689,37017.0,0.9998354290582347,0.0,1,0.0,1,3.0,0,0.0,1,14.0,0,2.0,0,36998.0,0,0.0,1,0,0.4444444444444444
1939,0,,,37.86819245752297,54.0,0.9999734257498397,0.0,1,0.0,1,14.0,0,3.0,0,35.0,0,0.0,1,0.0,1,2.0,0,1,0.5555555555555556
1940,0,,,45.37620521815371,53.0,0.999995627531127,0.0,1,0.0,1,0.0,1,3.0,0,45.0,0,0.0,1,0.0,1,5.0,0,0,0.5555555555555556
1941,0,,,22.40535650240808,28.0,0.999997688108494,0.0,1,0.0,1,1.0,0,1.0,0,22.0,0,0.0,1,0.0,1,4.0,0,0,0.4444444444444444
1942,0,,,32591.001027891118,32604.0,0.990445988905133,1.0,0,0.0,1,4.0,0,1.0,0,7.0,0,0.0,1,32591.0,0,0.0,1,1,0.4444444444444444
1943,0,,,6977.003009888988,6987.0,0.9999869723546422,0.0,1,0.0,1,1.0,0,1.0,0,6.0,0,2.0,0,6977.0,0,0.0,1,0,0.3333333333333333
1944,0,,,9.695359714832659,18.0,0.9999887930968276,1.0,0,0.0,1,3.0,0,0.0,1,2.0,0,4.0,0,0.0,1,8.0,0,1,0.4444444444444444
1945,0,,,21.72556098240043,32.0,0.999990654322253,0.0,1,0.0,1,8.0,0,2.0,0,20.0,0,0.0,1,0.0,1,2.0,0,0,0.4444444444444444
1946,0,,,5.5677643628300215,9.0,0.9999992510493939,0.0,1,0.0,1,1.0,0,1.0,0,5.0,0,0.0,1,0.0,1,2.0,0,0,0.4444444444444444
1947,0,,,8.831760866327848,14.0,0.9999981077233622,0.0,1,0.0,1,3.0,0,1.0,0,8.0,0,0.0,1,0.0,1,2.0,0,0,0.4444444444444444
1948,0,,,52.67826876426369,67.0,0.9999773966720801,0.0,1,0.0,1,13.0,0,1.0,0,51.0,0,0.0,1,0.0,1,2.0,0,1,0.5555555555555556
1949,0,,,41198.00046118743,41206.0,0.999708486430278,0.0,1,0.0,1,0.0,1,0.0,1,1.0,0,1.0,0,41198.0,0,6.0,0,0,0.4444444444444444
1950,0,,,49071.00185445575,49089.0,0.9951062938422596,0.0,1,0.0,1,2.0,0,0.0,1,13.0,0,3.0,0,49071.0,0,0.0,1,0,0.4444444444444444
1951,0,,,32.90896534380867,43.0,0.9999924304437098,0.0,1,0.0,1,3.0,0,1.0,0,32.0,0,0.0,1,0.0,1,7.0,0,0,0.4444444444444444
1952,0,,,92.78469701410896,117.0,0.9989510829697853,0.0,1,0.0,1,5.0,0,0.0,1,22.0,0,0.0,1,0.0,1,90.0,0,0,0.5555555555555556
1953,0,,,75.59761901012492,87.0,0.9999881044305451,0.0,1,0.0,1,9.0,0,3.0,0,75.0,0,0.0,1,0.0,1,0.0,1,0,0.5555555555555556
