pair_index,label,orig_id,anon_id,age_match,education_match,industry_match,marital_status_match,sex_match,overall_similarity,euclidean_distance,manhattan_distance,cosine_similarity,industry_diff,industry_equal,education_diff,education_equal,attack_score
0,1,0.0,0.0,0,0.0,0.0,0,0,0.0,0.0,0.0,0.0,0.0,0.0,0.0,0.0,0.49593263707123425
1,1,1.0,1.0,0,0.0,0.0,0,0,0.0,0.0,0.0,0.0,0.0,0.0,0.0,0.0,0.49593263707123425
2,1,2.0,2.0,0,0.0,0.0,0,0,0.0,1.0,1.0,0.0,0.0,0.0,0.0,0.0,0.49593295379070074
3,1,3.0,3.0,0,0.0,0.0,0,0,0.0,6.082762530298219,7.0,0.0,0.0,0.0,0.0,0.0,0.4959347088996278
4,1,4.0,4.0,0,0.0,0.0,0,0,0.0,0.0,0.0,0.0,0.0,0.0,0.0,0.0,0.49593263707123425
5,1,5.0,5.0,0,0.0,0.0,0,0,0.0,0.0,0.0,0.0,0.0,0.0,0.0,0.0,0.49593263707123425
6,1,6.0,6.0,0,0.0,0.0,0,0,0.0,0.0,0.0,0.0,0.0,0.0,0.0,0.0,0.49593263707123425
7,1,7.0,7.0,0,0.0,0.0,0,0,0.0,49222.00101580593,49232.0,0.0,0.0,0.0,0.0,0.0,0.5115008240754273
8,1,8.0,8.0,0,0.0,0.0,0,0,0.0,1.4142135623730951,2.0,0.0,0.0,0.0,0.0,0.0,0.4959331777736431
9,1,9.0,9.0,0,0.0,0.0,0,0,0.0,1.0,1.0,0.0,0.0,0.0,0.0,0.0,0.49593295379070074
10,1,10.0,10.0,0,0.0,0.0,0,0,0.0,0.0,0.0,0.0,0.0,0.0,0.0,0.0,0.49593263707123425
11,1,11.0,11.0,0,0.0,0.0,0,0,0.0,0.0,0.0,0.0,0.0,0.0,0.0,0.0,0.49593263707123425
12,1,12.0,12.0,0,0.0,0.0,0,0,0.0,0.0,0.0,0.0,0.0,0.0,0.0,0.0,0.49593263707123425
13,1,13.0,13.0,0,0.0,0.0,0,0,0.0,0.0,0.0,0.0,0.0,0.0,0.0,0.0,0.49593263707123425
14,1,14.0,14.0,0,0.0,0.0,0,0,0.0,1.0,1.0,0.0,0.0,0.0,0.0,0.0,0.49593295379070074
15,1,15.0,15.0,0,0.0,0.0,0,0,0.0,1.0,1.0,0.0,0.0,0.0,0.0,0.0,0.49593295379070074
16,1,16.0,16.0,0,0.0,0.0,0,0,0.0,0.0,0.0,0.0,0.0,0.0,0.0,0.0,0.49593263707123425
17,1,17.0,17.0,0,0.0,0.0,0,0,0.0,0.0,0.0,0.0,0.0,0.0,0.0,0.0,0.49593263707123425
18,1,18.0,18.0,0,0.0,0.0,0,0,0.0,1.0,1.0,0.0,0.0,0.0,0.0,0.0,0.49593295379070074
19,1,19.0,19.0,0,0.0,0.0,0,0,0.0,0.0,0.0,0.0,0.0,0.0,0.0,0.0,0.49593263707123425
20,1,20.0,20.0,0,0.0,0.0,0,0,0.0,1.0,1.0,0.0,0.0,0.0,0.0,0.0,0.49593295379070074
21,1,21.0,21.0,0,0.0,0.0,0,0,0.0,0.0,0.0,0.0,0.0,0.0,0.0,0.0,0.49593263707123425
22,1,22.0,22.0,0,0.0,0.0,0,0,0.0,1.0,1.0,0.0,0.0,0.0,0.0,0.0,0.49593295379070074
23,1,23.0,23.0,0,0.0,0.0,0,0,0.0,9.055385138137416,10.0,0.0,0.0,0.0,0.0,0.0,0.4959356547252491
24,1,24.0,24.0,0,0.0,0.0,0,0,0.0,0.0,0.0,0.0,0.0,0.0,0.0,0.0,0.49593263707123425
25,1,25.0,25.0,0,0.0,0.0,0,0,0.0,14101.0,14101.0,0.0,0.0,0.0,0.0,0.0,0.5004024770791664
26,1,26.0,26.0,0,0.0,0.0,0,0,0.0,1.0,1.0,0.0,0.0,0.0,0.0,0.0,0.49593295379070074
27,1,27.0,27.0,0,0.0,0.0,0,0,0.0,0.0,0.0,0.0,0.0,0.0,0.0,0.0,0.49593263707123425
28,1,28.0,28.0,0,0.0,0.0,0,0,0.0,0.0,0.0,0.0,0.0,0.0,0.0,0.0,0.49593263707123425
29,1,29.0,29.0,0,0.0,0.0,0,0,0.0,0.0,0.0,0.0,0.0,0.0,0.0,0.0,0.49593263707123425
30,1,30.0,30.0,0,0.0,0.0,0,0,0.0,85101.0,85101.0,0.0,0.0,0.0,0.0,0.0,0.5226102875856004
31,1,31.0,31.0,0,0.0,0.0,0,0,0.0,1.0,1.0,0.0,0.0,0.0,0.0,0.0,0.49593295379070074
32,1,32.0,32.0,0,0.0,0.0,0,0,0.0,49222.0,49222.0,0.0,0.0,0.0,0.0,0.0,0.5114992542722908
33,1,33.0,33.0,0,0.0,0.0,0,0,0.0,0.0,0.0,0.0,0.0,0.0,0.0,0.0,0.49593263707123425
34,1,34.0,34.0,0,0.0,0.0,0,0,0.0,0.0,0.0,0.0,0.0,0.0,0.0,0.0,0.49593263707123425
35,1,35.0,35.0,0,0.0,0.0,0,0,0.0,1.0,1.0,0.0,0.0,0.0,0.0,0.0,0.49593295379070074
36,1,36.0,36.0,0,0.0,0.0,0,0,0.0,1.0,1.0,0.0,0.0,0.0,0.0,0.0,0.49593295379070074
37,1,37.0,37.0,0,0.0,0.0,0,0,0.0,0.0,0.0,0.0,0.0,0.0,0.0,0.0,0.49593263707123425
38,1,38.0,38.0,0,0.0,0.0,0,0,0.0,49222.0,49222.0,0.0,0.0,0.0,0.0,0.0,0.5114992542722908
39,1,39.0,39.0,0,0.0,0.0,0,0,0.0,0.0,0.0,0.0,0.0,0.0,0.0,0.0,0.49593263707123425
40,1,40.0,40.0,0,0.0,0.0,0,0,0.0,61901.0,61901.0,0.0,0.0,0.0,0.0,0.0,0.5154625547884457
41,1,41.0,41.0,0,0.0,0.0,0,0,0.0,16213.0,16213.0,0.0,0.0,0.0,0.0,0.0,0.5010721544635266
42,1,42.0,42.0,0,0.0,0.0,0,0,0.0,1.0,1.0,0.0,0.0,0.0,0.0,0.0,0.49593295379070074
43,1,43.0,43.0,0,0.0,0.0,0,0,0.0,1.0,1.0,0.0,0.0,0.0,0.0,0.0,0.49593295379070074
44,1,44.0,44.0,0,0.0,0.0,0,0,0.0,0.0,0.0,0.0,0.0,0.0,0.0,0.0,0.49593263707123425
45,1,45.0,45.0,0,0.0,0.0,0,0,0.0,1.0,1.0,0.0,0.0,0.0,0.0,0.0,0.49593295379070074
46,1,46.0,46.0,0,0.0,0.0,0,0,0.0,7.071067811865476,8.0,0.0,0.0,0.0,0.0,0.0,0.49593502376808507
47,1,47.0,47.0,0,0.0,0.0,0,0,0.0,1.0,1.0,0.0,0.0,0.0,0.0,0.0,0.49593295379070074
48,1,48.0,48.0,0,0.0,0.0,0,0,0.0,0.0,0.0,0.0,0.0,0.0,0.0,0.0,0.49593263707123425
49,1,49.0,49.0,0,0.0,0.0,0,0,0.0,46303.0,46303.0,0.0,0.0,0.0,0.0,0.0,0.5105824425534496
50,1,50.0,50.0,0,0.0,0.0,0,0,0.0,97006.0,97006.0,0.0,0.0,0.0,0.0,0.0,0.5262112740634938
51,1,51.0,51.0,0,0.0,0.0,0,0,0.0,0.0,0.0,0.0,0.0,0.0,0.0,0.0,0.49593263707123425
52,1,52.0,52.0,0,0.0,0.0,0,0,0.0,31001.0,31001.0,0.0,0.0,0.0,0.0,0.0,0.5057563300152417
53,1,53.0,53.0,0,0.0,0.0,0,0,0.0,43302.0,43302.0,0.0,0.0,0.0,0.0,0.0,0.5096384288826604
54,1,54.0,54.0,0,0.0,0.0,0,0,0.0,1.0,1.0,0.0,0.0,0.0,0.0,0.0,0.49593295379070074
55,1,55.0,55.0,0,0.0,0.0,0,0,0.0,1.0,1.0,0.0,0.0,0.0,0.0,0.0,0.49593295379070074
56,1,56.0,56.0,0,0.0,0.0,0,0,0.0,1.0,1.0,0.0,0.0,0.0,0.0,0.0,0.49593295379070074
57,1,57.0,57.0,0,0.0,0.0,0,0,0.0,0.0,0.0,0.0,0.0,0.0,0.0,0.0,0.49593263707123425
58,1,58.0,58.0,0,0.0,0.0,0,0,0.0,1.0,1.0,0.0,0.0,0.0,0.0,0.0,0.49593295379070074
59,1,59.0,59.0,0,0.0,0.0,0,0,0.0,1.0,1.0,0.0,0.0,0.0,0.0,0.0,0.49593295379070074
60,1,60.0,60.0,0,0.0,0.0,0,0,0.0,1.0,1.0,0.0,0.0,0.0,0.0,0.0,0.49593295379070074
61,1,61.0,61.0,0,0.0,0.0,0,0,0.0,0.0,0.0,0.0,0.0,0.0,0.0,0.0,0.49593263707123425
62,1,62.0,62.0,0,0.0,0.0,0,0,0.0,0.0,0.0,0.0,0.0,0.0,0.0,0.0,0.49593263707123425
63,1,63.0,63.0,0,0.0,0.0,0,0,0.0,0.0,0.0,0.0,0.0,0.0,0.0,0.0,0.49593263707123425
64,1,64.0,64.0,0,0.0,0.0,0,0,0.0,0.0,0.0,0.0,0.0,0.0,0.0,0.0,0.49593263707123425
65,1,65.0,65.0,0,0.0,0.0,0,0,0.0,0.0,0.0,0.0,0.0,0.0,0.0,0.0,0.49593263707123425
66,1,66.0,66.0,0,0.0,0.0,0,0,0.0,0.0,0.0,0.0,0.0,0.0,0.0,0.0,0.49593263707123425
67,1,67.0,67.0,0,0.0,0.0,0,0,0.0,49222.0,49222.0,0.0,0.0,0.0,0.0,0.0,0.5114992542722908
68,1,68.0,68.0,0,0.0,0.0,0,0,0.0,1.0,1.0,0.0,0.0,0.0,0.0,0.0,0.49593295379070074
69,1,69.0,69.0,0,0.0,0.0,0,0,0.0,1.0,1.0,0.0,0.0,0.0,0.0,0.0,0.49593295379070074
70,1,70.0,70.0,0,0.0,0.0,0,0,0.0,0.0,0.0,0.0,0.0,0.0,0.0,0.0,0.49593263707123425
71,1,71.0,71.0,0,0.0,0.0,0,0,0.0,0.0,0.0,0.0,0.0,0.0,0.0,0.0,0.49593263707123425
72,1,72.0,72.0,0,0.0,0.0,0,0,0.0,0.0,0.0,0.0,0.0,0.0,0.0,0.0,0.49593263707123425
73,1,73.0,73.0,0,0.0,0.0,0,0,0.0,0.0,0.0,0.0,0.0,0.0,0.0,0.0,0.49593263707123425
74,1,74.0,74.0,0,0.0,0.0,0,0,0.0,1.0,1.0,0.0,0.0,0.0,0.0,0.0,0.49593295379070074
75,1,75.0,75.0,0,0.0,0.0,0,0,0.0,0.0,0.0,0.0,0.0,0.0,0.0,0.0,0.49593263707123425
76,1,76.0,76.0,0,0.0,0.0,0,0,0.0,0.0,0.0,0.0,0.0,0.0,0.0,0.0,0.49593263707123425
77,1,77.0,77.0,0,0.0,0.0,0,0,0.0,0.0,0.0,0.0,0.0,0.0,0.0,0.0,0.49593263707123425
78,1,78.0,78.0,0,0.0,0.0,0,0,0.0,1.0,1.0,0.0,0.0,0.0,0.0,0.0,0.49593295379070074
79,1,79.0,79.0,0,0.0,0.0,0,0,0.0,1.0,1.0,0.0,0.0,0.0,0.0,0.0,0.49593295379070074
80,1,80.0,80.0,0,0.0,0.0,0,0,0.0,1.0,1.0,0.0,0.0,0.0,0.0,0.0,0.49593295379070074
81,1,81.0,81.0,0,0.0,0.0,0,0,0.0,1.0,1.0,0.0,0.0,0.0,0.0,0.0,0.49593295379070074
82,1,82.0,82.0,0,0.0,0.0,0,0,0.0,47113.0,47113.0,0.0,0.0,0.0,0.0,0.0,0.5108369949923434
83,1,83.0,83.0,0,0.0,0.0,0,0,0.0,1.0,1.0,0.0,0.0,0.0,0.0,0.0,0.49593295379070074
84,1,84.0,84.0,0,0.0,0.0,0,0,0.0,47112.001528273024,47124.0,0.0,0.0,0.0,0.0,0.0,0.510838566784833
85,1,85.0,85.0,0,0.0,0.0,0,0,0.0,1.0,1.0,0.0,0.0,0.0,0.0,0.0,0.49593295379070074
86,1,86.0,86.0,0,0.0,0.0,0,0,0.0,0.0,0.0,0.0,0.0,0.0,0.0,0.0,0.49593263707123425
87,1,87.0,87.0,0,0.0,0.0,0,0,0.0,0.0,0.0,0.0,0.0,0.0,0.0,0.0,0.49593263707123425
88,1,88.0,88.0,0,0.0,0.0,0,0,0.0,1.0,1.0,0.0,0.0,0.0,0.0,0.0,0.49593295379070074
89,1,89.0,89.0,0,0.0,0.0,0,0,0.0,1.0,1.0,0.0,0.0,0.0,0.0,0.0,0.49593295379070074
90,1,90.0,90.0,0,0.0,0.0,0,0,0.0,1.0,1.0,0.0,0.0,0.0,0.0,0.0,0.49593295379070074
91,1,91.0,91.0,0,0.0,0.0,0,0,0.0,1.0,1.0,0.0,0.0,0.0,0.0,0.0,0.49593295379070074
92,1,92.0,92.0,0,0.0,0.0,0,0,0.0,0.0,0.0,0.0,0.0,0.0,0.0,0.0,0.49593263707123425
93,1,93.0,93.0,0,0.0,0.0,0,0,0.0,0.0,0.0,0.0,0.0,0.0,0.0,0.0,0.49593263707123425
94,1,94.0,94.0,0,0.0,0.0,0,0,0.0,41002.0,41002.0,0.0,0.0,0.0,0.0,0.0,0.5089140120995489
95,1,95.0,95.0,0,0.0,0.0,0,0,0.0,97005.0006236792,97016.0,0.0,0.0,0.0,0.0,0.0,0.5262126259432428
96,1,96.0,96.0,0,0.0,0.0,0,0,0.0,0.0,0.0,0.0,0.0,0.0,0.0,0.0,0.49593263707123425
97,1,97.0,97.0,0,0.0,0.0,0,0,0.0,0.0,0.0,0.0,0.0,0.0,0.0,0.0,0.49593263707123425
98,1,98.0,98.0,0,0.0,0.0,0,0,0.0,1.0,1.0,0.0,0.0,0.0,0.0,0.0,0.49593295379070074
99,1,99.0,99.0,0,0.0,0.0,0,0,0.0,0.0,0.0,0.0,0.0,0.0,0.0,0.0,0.49593263707123425
100,1,100.0,100.0,0,0.0,0.0,0,0,0.0,1271.0,1271.0,0.0,0.0,0.0,0.0,0.0,0.49633523499047644
101,1,101.0,101.0,0,0.0,0.0,0,0,0.0,85211.0,85211.0,0.0,0.0,0.0,0.0,0.0,0.5226437887241725
102,1,102.0,102.0,0,0.0,0.0,0,0,0.0,1.0,1.0,0.0,0.0,0.0,0.0,0.0,0.49593295379070074
103,1,103.0,103.0,0,0.0,0.0,0,0,0.0,45402.0,45402.0,0.0,0.0,0.0,0.0,0.0,0.5102991666883745
104,1,104.0,104.0,0,0.0,0.0,0,0,0.0,97006.0,97006.0,0.0,0.0,0.0,0.0,0.0,0.5262112740634938
105,1,105.0,105.0,0,0.0,0.0,0,0,0.0,0.0,0.0,0.0,0.0,0.0,0.0,0.0,0.49593263707123425
106,1,106.0,106.0,0,0.0,0.0,0,0,0.0,1.0,1.0,0.0,0.0,0.0,0.0,0.0,0.49593295379070074
107,1,107.0,107.0,0,0.0,0.0,0,0,0.0,0.0,0.0,0.0,0.0,0.0,0.0,0.0,0.49593263707123425
108,1,108.0,108.0,0,0.0,0.0,0,0,0.0,1.0,1.0,0.0,0.0,0.0,0.0,0.0,0.49593295379070074
109,1,109.0,109.0,0,0.0,0.0,0,0,0.0,84130.0,84130.0,0.0,0.0,0.0,0.0,0.0,0.5223143881107919
110,1,110.0,110.0,0,0.0,0.0,0,0,0.0,1.0,1.0,0.0,0.0,0.0,0.0,0.0,0.49593295379070074
111,1,111.0,111.0,0,0.0,0.0,0,0,0.0,0.0,0.0,0.0,0.0,0.0,0.0,0.0,0.49593263707123425
112,1,112.0,112.0,0,0.0,0.0,0,0,0.0,45201.0,45201.0,0.0,0.0,0.0,0.0,0.0,0.5102359542537561
113,1,113.0,113.0,0,0.0,0.0,0,0,0.0,1.0,1.0,0.0,0.0,0.0,0.0,0.0,0.49593295379070074
114,1,114.0,114.0,0,0.0,0.0,0,0,0.0,0.0,0.0,0.0,0.0,0.0,0.0,0.0,0.49593263707123425
115,1,115.0,115.0,0,0.0,0.0,0,0,0.0,0.0,0.0,0.0,0.0,0.0,0.0,0.0,0.49593263707123425
116,1,116.0,116.0,0,0.0,0.0,0,0,0.0,2.23606797749979,3.0,0.0,0.0,0.0,0.0,0.0,0.4959334662907584
117,1,117.0,117.0,0,0.0,0.0,0,0,0.0,0.0,0.0,0.0,0.0,0.0,0.0,0.0,0.49593263707123425
118,1,118.0,118.0,0,0.0,0.0,0,0,0.0,47529.0,47529.0,0.0,0.0,0.0,0.0,0.0,0.5109676857058186
119,1,119.0,119.0,0,0.0,0.0,0,0,0.0,0.0,0.0,0.0,0.0,0.0,0.0,0.0,0.49593263707123425
120,1,120.0,120.0,0,0.0,0.0,0,0,0.0,1.0,1.0,0.0,0.0,0.0,0.0,0.0,0.49593295379070074
121,1,121.0,121.0,0,0.0,0.0,0,0,0.0,1.0,1.0,0.0,0.0,0.0,0.0,0.0,0.49593295379070074
122,1,122.0,122.0,0,0.0,0.0,0,0,0.0,49221.00122915014,49232.0,0.0,0.0,0.0,0.0,0.0,0.5115006672410444
123,1,123.0,123.0,0,0.0,0.0,0,0,0.0,0.0,0.0,0.0,0.0,0.0,0.0,0.0,0.49593263707123425
124,1,124.0,124.0,0,0.0,0.0,0,0,0.0,0.0,0.0,0.0,0.0,0.0,0.0,0.0,0.49593263707123425
125,1,125.0,125.0,0,0.0,0.0,0,0,0.0,47113.0,47113.0,0.0,0.0,0.0,0.0,0.0,0.5108369949923434
126,1,126.0,126.0,0,0.0,0.0,0,0,0.0,1.0,1.0,0.0,0.0,0.0,0.0,0.0,0.49593295379070074
127,1,127.0,127.0,0,0.0,0.0,0,0,0.0,0.0,0.0,0.0,0.0,0.0,0.0,0.0,0.49593263707123425
128,1,128.0,128.0,0,0.0,0.0,0,0,0.0,41001.0,41001.0,0.0,0.0,0.0,0.0,0.0,0.508913696972856
129,1,129.0,129.0,0,0.0,0.0,0,0,0.0,64910.0,64910.0,0.0,0.0,0.0,0.0,0.0,0.5163979278318286
130,1,130.0,130.0,0,0.0,0.0,0,0,0.0,1.0,1.0,0.0,0.0,0.0,0.0,0.0,0.49593295379070074
131,1,131.0,131.0,0,0.0,0.0,0,0,0.0,0.0,0.0,0.0,0.0,0.0,0.0,0.0,0.49593263707123425
132,1,132.0,132.0,0,0.0,0.0,0,0,0.0,0.0,0.0,0.0,0.0,0.0,0.0,0.0,0.49593263707123425
133,1,133.0,133.0,0,0.0,0.0,0,0,0.0,1.0,1.0,0.0,0.0,0.0,0.0,0.0,0.49593295379070074
134,1,134.0,134.0,0,0.0,0.0,0,0,0.0,1.0,1.0,0.0,0.0,0.0,0.0,0.0,0.49593295379070074
135,1,135.0,135.0,0,0.0,0.0,0,0,0.0,1.0,1.0,0.0,0.0,0.0,0.0,0.0,0.49593295379070074
136,1,136.0,136.0,0,0.0,0.0,0,0,0.0,0.0,0.0,0.0,0.0,0.0,0.0,0.0,0.49593263707123425
137,1,137.0,137.0,0,0.0,0.0,0,0,0.0,1.0,1.0,0.0,0.0,0.0,0.0,0.0,0.49593295379070074
138,1,138.0,138.0,0,0.0,0.0,0,0,0.0,1.0,1.0,0.0,0.0,0.0,0.0,0.0,0.49593295379070074
139,1,139.0,139.0,0,0.0,0.0,0,0,0.0,1.0,1.0,0.0,0.0,0.0,0.0,0.0,0.49593295379070074
140,1,140.0,140.0,0,0.0,0.0,0,0,0.0,97006.0,97006.0,0.0,0.0,0.0,0.0,0.0,0.5262112740634938
141,1,141.0,141.0,0,0.0,0.0,0,0,0.0,0.0,0.0,0.0,0.0,0.0,0.0,0.0,0.49593263707123425
142,1,142.0,142.0,0,0.0,0.0,0,0,0.0,0.0,0.0,0.0,0.0,0.0,0.0,0.0,0.49593263707123425
143,1,143.0,143.0,0,0.0,0.0,0,0,0.0,1.0,1.0,0.0,0.0,0.0,0.0,0.0,0.49593295379070074
144,1,144.0,144.0,0,0.0,0.0,0,0,0.0,23935.0,23935.0,0.0,0.0,0.0,0.0,0.0,0.5035196285700274
145,1,145.0,145.0,0,0.0,0.0,0,0,0.0,1.0,1.0,0.0,0.0,0.0,0.0,0.0,0.49593295379070074
146,1,146.0,146.0,0,0.0,0.0,0,0,0.0,0.0,0.0,0.0,0.0,0.0,0.0,0.0,0.49593263707123425
147,1,147.0,147.0,0,0.0,0.0,0,0,0.0,1.0,1.0,0.0,0.0,0.0,0.0,0.0,0.49593295379070074
148,1,148.0,148.0,0,0.0,0.0,0,0,0.0,1.0,1.0,0.0,0.0,0.0,0.0,0.0,0.49593295379070074
149,1,149.0,149.0,0,0.0,0.0,0,0,0.0,1.0,1.0,0.0,0.0,0.0,0.0,0.0,0.49593295379070074
150,1,150.0,150.0,0,0.0,0.0,0,0,0.0,14101.0,14101.0,0.0,0.0,0.0,0.0,0.0,0.5004024770791664
151,1,151.0,151.0,0,0.0,0.0,0,0,0.0,0.0,0.0,0.0,0.0,0.0,0.0,0.0,0.49593263707123425
152,1,152.0,152.0,0,0.0,0.0,0,0,0.0,0.0,0.0,0.0,0.0,0.0,0.0,0.0,0.49593263707123425
153,1,153.0,153.0,0,0.0,0.0,0,0,0.0,0.0,0.0,0.0,0.0,0.0,0.0,0.0,0.49593263707123425
154,1,154.0,154.0,0,0.0,0.0,0,0,0.0,1.0,1.0,0.0,0.0,0.0,0.0,0.0,0.49593295379070074
155,1,155.0,155.0,0,0.0,0.0,0,0,0.0,0.0,0.0,0.0,0.0,0.0,0.0,0.0,0.49593263707123425
156,1,156.0,156.0,0,0.0,0.0,0,0,0.0,0.0,0.0,0.0,0.0,0.0,0.0,0.0,0.49593263707123425
157,1,157.0,157.0,0,0.0,0.0,0,0,0.0,0.0,0.0,0.0,0.0,0.0,0.0,0.0,0.49593263707123425
158,1,158.0,158.0,0,0.0,0.0,0,0,0.0,14101.0,14101.0,0.0,0.0,0.0,0.0,0.0,0.5004024770791664
159,1,159.0,159.0,0,0.0,0.0,0,0,0.0,0.0,0.0,0.0,0.0,0.0,0.0,0.0,0.49593263707123425
160,1,160.0,160.0,0,0.0,0.0,0,0,0.0,1.0,1.0,0.0,0.0,0.0,0.0,0.0,0.49593295379070074
161,1,161.0,161.0,0,0.0,0.0,0,0,0.0,1.0,1.0,0.0,0.0,0.0,0.0,0.0,0.49593295379070074
162,1,162.0,162.0,0,0.0,0.0,0,0,0.0,0.0,0.0,0.0,0.0,0.0,0.0,0.0,0.49593263707123425
163,1,163.0,163.0,0,0.0,0.0,0,0,0.0,1.0,1.0,0.0,0.0,0.0,0.0,0.0,0.49593295379070074
164,1,164.0,164.0,0,0.0,0.0,0,0,0.0,9.055385138137416,10.0,0.0,0.0,0.0,0.0,0.0,0.4959356547252491
165,1,165.0,165.0,0,0.0,0.0,0,0,0.0,1.0,1.0,0.0,0.0,0.0,0.0,0.0,0.49593295379070074
166,1,166.0,166.0,0,0.0,0.0,0,0,0.0,86102.0,86102.0,0.0,0.0,0.0,0.0,0.0,0.5229149973631945
167,1,167.0,167.0,0,0.0,0.0,0,0,0.0,0.0,0.0,0.0,0.0,0.0,0.0,0.0,0.49593263707123425
168,1,168.0,168.0,0,0.0,0.0,0,0,0.0,0.0,0.0,0.0,0.0,0.0,0.0,0.0,0.49593263707123425
169,1,169.0,169.0,0,0.0,0.0,0,0,0.0,1.0,1.0,0.0,0.0,0.0,0.0,0.0,0.49593295379070074
170,1,170.0,170.0,0,0.0,0.0,0,0,0.0,0.0,0.0,0.0,0.0,0.0,0.0,0.0,0.49593263707123425
171,1,171.0,171.0,0,0.0,0.0,0,0,0.0,0.0,0.0,0.0,0.0,0.0,0.0,0.0,0.49593263707123425
172,1,172.0,172.0,0,0.0,0.0,0,0,0.0,1.0,1.0,0.0,0.0,0.0,0.0,0.0,0.49593295379070074
173,1,173.0,173.0,0,0.0,0.0,0,0,0.0,0.0,0.0,0.0,0.0,0.0,0.0,0.0,0.49593263707123425
174,1,174.0,174.0,0,0.0,0.0,0,0,0.0,0.0,0.0,0.0,0.0,0.0,0.0,0.0,0.49593263707123425
175,1,175.0,175.0,0,0.0,0.0,0,0,0.0,10712.0,10712.0,0.0,0.0,0.0,0.0,0.0,0.49932783237540673
176,1,176.0,176.0,0,0.0,0.0,0,0,0.0,1.0,1.0,0.0,0.0,0.0,0.0,0.0,0.49593295379070074
177,1,177.0,177.0,0,0.0,0.0,0,0,0.0,14101.0,14101.0,0.0,0.0,0.0,0.0,0.0,0.5004024770791664
178,1,178.0,178.0,0,0.0,0.0,0,0,0.0,0.0,0.0,0.0,0.0,0.0,0.0,0.0,0.49593263707123425
179,1,179.0,179.0,0,0.0,0.0,0,0,0.0,1.0,1.0,0.0,0.0,0.0,0.0,0.0,0.49593295379070074
180,1,180.0,180.0,0,0.0,0.0,0,0,0.0,7.071067811865476,8.0,0.0,0.0,0.0,0.0,0.0,0.49593502376808507
181,1,181.0,181.0,0,0.0,0.0,0,0,0.0,0.0,0.0,0.0,0.0,0.0,0.0,0.0,0.49593263707123425
182,1,182.0,182.0,0,0.0,0.0,0,0,0.0,1.0,1.0,0.0,0.0,0.0,0.0,0.0,0.49593295379070074
183,1,183.0,183.0,0,0.0,0.0,0,0,0.0,1.0,1.0,0.0,0.0,0.0,0.0,0.0,0.49593295379070074
184,1,184.0,184.0,0,0.0,0.0,0,0,0.0,1.0,1.0,0.0,0.0,0.0,0.0,0.0,0.49593295379070074
185,1,185.0,185.0,0,0.0,0.0,0,0,0.0,1.0,1.0,0.0,0.0,0.0,0.0,0.0,0.49593295379070074
186,1,186.0,186.0,0,0.0,0.0,0,0,0.0,1.0,1.0,0.0,0.0,0.0,0.0,0.0,0.49593295379070074
187,1,187.0,187.0,0,0.0,0.0,0,0,0.0,0.0,0.0,0.0,0.0,0.0,0.0,0.0,0.49593263707123425
188,1,188.0,188.0,0,0.0,0.0,0,0,0.0,0.0,0.0,0.0,0.0,0.0,0.0,0.0,0.49593263707123425
189,1,189.0,189.0,0,0.0,0.0,0,0,0.0,0.0,0.0,0.0,0.0,0.0,0.0,0.0,0.49593263707123425
190,1,190.0,190.0,0,0.0,0.0,0,0,0.0,0.0,0.0,0.0,0.0,0.0,0.0,0.0,0.49593263707123425
191,1,191.0,191.0,0,0.0,0.0,0,0,0.0,1.0,1.0,0.0,0.0,0.0,0.0,0.0,0.49593295379070074
192,1,192.0,192.0,0,0.0,0.0,0,0,0.0,10712.0,10712.0,0.0,0.0,0.0,0.0,0.0,0.49932783237540673
193,1,193.0,193.0,0,0.0,0.0,0,0,0.0,0.0,0.0,0.0,0.0,0.0,0.0,0.0,0.49593263707123425
194,1,194.0,194.0,0,0.0,0.0,0,0,0.0,1.0,1.0,0.0,0.0,0.0,0.0,0.0,0.49593295379070074
195,1,195.0,195.0,0,0.0,0.0,0,0,0.0,10791.0,10791.0,0.0,0.0,0.0,0.0,0.0,0.49935288270509454
196,1,196.0,196.0,0,0.0,0.0,0,0,0.0,61901.0,61901.0,0.0,0.0,0.0,0.0,0.0,0.5154625547884457
197,1,197.0,197.0,0,0.0,0.0,0,0,0.0,1.0,1.0,0.0,0.0,0.0,0.0,0.0,0.49593295379070074
198,1,198.0,198.0,0,0.0,0.0,0,0,0.0,0.0,0.0,0.0,0.0,0.0,0.0,0.0,0.49593263707123425
199,1,199.0,199.0,0,0.0,0.0,0,0,0.0,41003.0,41003.0,0.0,0.0,0.0,0.0,0.0,0.5089143272261039
200,1,200.0,200.0,0,0.0,0.0,0,0,0.0,46900.00086353944,46909.0,0.0,0.0,0.0,0.0,0.0,0.5107714822410321
201,1,201.0,201.0,0,0.0,0.0,0,0,0.0,41002.0,41002.0,0.0,0.0,0.0,0.0,0.0,0.5089140120995489
202,1,202.0,202.0,0,0.0,0.0,0,0,0.0,1.0,1.0,0.0,0.0,0.0,0.0,0.0,0.49593295379070074
203,1,203.0,203.0,0,0.0,0.0,0,0,0.0,0.0,0.0,0.0,0.0,0.0,0.0,0.0,0.49593263707123425
204,1,204.0,204.0,0,0.0,0.0,0,0,0.0,1.0,1.0,0.0,0.0,0.0,0.0,0.0,0.49593295379070074
205,1,205.0,205.0,0,0.0,0.0,0,0,0.0,1.0,1.0,0.0,0.0,0.0,0.0,0.0,0.49593295379070074
206,1,206.0,206.0,0,0.0,0.0,0,0,0.0,0.0,0.0,0.0,0.0,0.0,0.0,0.0,0.49593263707123425
207,1,207.0,207.0,0,0.0,0.0,0,0,0.0,1.0,1.0,0.0,0.0,0.0,0.0,0.0,0.49593295379070074
208,1,208.0,208.0,0,0.0,0.0,0,0,0.0,0.0,0.0,0.0,0.0,0.0,0.0,0.0,0.49593263707123425
209,1,209.0,209.0,0,0.0,0.0,0,0,0.0,1.0,1.0,0.0,0.0,0.0,0.0,0.0,0.49593295379070074
210,1,210.0,210.0,0,0.0,0.0,0,0,0.0,0.0,0.0,0.0,0.0,0.0,0.0,0.0,0.49593263707123425
211,1,211.0,211.0,0,0.0,0.0,0,0,0.0,0.0,0.0,0.0,0.0,0.0,0.0,0.0,0.49593263707123425
212,1,212.0,212.0,0,0.0,0.0,0,0,0.0,64191.0,64191.0,0.0,0.0,0.0,0.0,0.0,0.5161746208242027
213,1,213.0,213.0,0,0.0,0.0,0,0,0.0,0.0,0.0,0.0,0.0,0.0,0.0,0.0,0.49593263707123425
214,1,214.0,214.0,0,0.0,0.0,0,0,0.0,1.0,1.0,0.0,0.0,0.0,0.0,0.0,0.49593295379070074
215,1,215.0,215.0,0,0.0,0.0,0,0,0.0,1.0,1.0,0.0,0.0,0.0,0.0,0.0,0.49593295379070074
216,1,216.0,216.0,0,0.0,0.0,0,0,0.0,86203.0,86203.0,0.0,0.0,0.0,0.0,0.0,0.5229457234378402
217,1,217.0,217.0,0,0.0,0.0,0,0,0.0,55101.00090742454,55111.0,0.0,0.0,0.0,0.0,0.0,0.5133426292702924
218,1,218.0,218.0,0,0.0,0.0,0,0,0.0,0.0,0.0,0.0,0.0,0.0,0.0,0.0,0.49593263707123425
219,1,219.0,219.0,0,0.0,0.0,0,0,0.0,1.0,1.0,0.0,0.0,0.0,0.0,0.0,0.49593295379070074
220,1,220.0,220.0,0,0.0,0.0,0,0,0.0,1.0,1.0,0.0,0.0,0.0,0.0,0.0,0.49593295379070074
221,1,221.0,221.0,0,0.0,0.0,0,0,0.0,0.0,0.0,0.0,0.0,0.0,0.0,0.0,0.49593263707123425
222,1,222.0,222.0,0,0.0,0.0,0,0,0.0,1.0,1.0,0.0,0.0,0.0,0.0,0.0,0.49593295379070074
223,1,223.0,223.0,0,0.0,0.0,0,0,0.0,97006.0,97006.0,0.0,0.0,0.0,0.0,0.0,0.5262112740634938
224,1,224.0,224.0,0,0.0,0.0,0,0,0.0,1.0,1.0,0.0,0.0,0.0,0.0,0.0,0.49593295379070074
225,1,225.0,225.0,0,0.0,0.0,0,0,0.0,1.0,1.0,0.0,0.0,0.0,0.0,0.0,0.49593295379070074
226,1,226.0,226.0,0,0.0,0.0,0,0,0.0,84230.0,84230.0,0.0,0.0,0.0,0.0,0.0,0.5223448763227968
227,1,227.0,227.0,0,0.0,0.0,0,0,0.0,1.0,1.0,0.0,0.0,0.0,0.0,0.0,0.49593295379070074
228,1,228.0,228.0,0,0.0,0.0,0,0,0.0,1.0,1.0,0.0,0.0,0.0,0.0,0.0,0.49593295379070074
229,1,229.0,229.0,0,0.0,0.0,0,0,0.0,0.0,0.0,0.0,0.0,0.0,0.0,0.0,0.49593263707123425
230,1,230.0,230.0,0,0.0,0.0,0,0,0.0,1.0,1.0,0.0,0.0,0.0,0.0,0.0,0.49593295379070074
231,1,231.0,231.0,0,0.0,0.0,0,0,0.0,41003.0,41003.0,0.0,0.0,0.0,0.0,0.0,0.5089143272261039
232,1,232.0,232.0,0,0.0,0.0,0,0,0.0,1.0,1.0,0.0,0.0,0.0,0.0,0.0,0.49593295379070074
233,1,233.0,233.0,0,0.0,0.0,0,0,0.0,0.0,0.0,0.0,0.0,0.0,0.0,0.0,0.49593263707123425
234,1,234.0,234.0,0,0.0,0.0,0,0,0.0,1.0,1.0,0.0,0.0,0.0,0.0,0.0,0.49593295379070074
235,1,235.0,235.0,0,0.0,0.0,0,0,0.0,1285.0,1285.0,0.0,0.0,0.0,0.0,0.0,0.49633967009639907
236,1,236.0,236.0,0,0.0,0.0,0,0,0.0,47721.0,47721.0,0.0,0.0,0.0,0.0,0.0,0.5110279946641189
237,1,237.0,237.0,0,0.0,0.0,0,0,0.0,23933.0,23933.0,0.0,0.0,0.0,0.0,0.0,0.5035189950070311
238,1,238.0,238.0,0,0.0,0.0,0,0,0.0,0.0,0.0,0.0,0.0,0.0,0.0,0.0,0.49593263707123425
239,1,239.0,239.0,0,0.0,0.0,0,0,0.0,10505.0,10505.0,0.0,0.0,0.0,0.0,0.0,0.4992621944340027
240,1,240.0,240.0,0,0.0,0.0,0,0,0.0,1.0,1.0,0.0,0.0,0.0,0.0,0.0,0.49593295379070074
241,1,241.0,241.0,0,0.0,0.0,0,0,0.0,1.0,1.0,0.0,0.0,0.0,0.0,0.0,0.49593295379070074
242,1,242.0,242.0,0,0.0,0.0,0,0,0.0,1.0,1.0,0.0,0.0,0.0,0.0,0.0,0.49593295379070074
243,1,243.0,243.0,0,0.0,0.0,0,0,0.0,1.0,1.0,0.0,0.0,0.0,0.0,0.0,0.49593295379070074
244,1,244.0,244.0,0,0.0,0.0,0,0,0.0,1.0,1.0,0.0,0.0,0.0,0.0,0.0,0.49593295379070074
245,1,245.0,245.0,0,0.0,0.0,0,0,0.0,0.0,0.0,0.0,0.0,0.0,0.0,0.0,0.49593263707123425
246,1,246.0,246.0,0,0.0,0.0,0,0,0.0,1.0,1.0,0.0,0.0,0.0,0.0,0.0,0.49593295379070074
247,1,247.0,247.0,0,0.0,0.0,0,0,0.0,1.0,1.0,0.0,0.0,0.0,0.0,0.0,0.49593295379070074
248,1,248.0,248.0,0,0.0,0.0,0,0,0.0,0.0,0.0,0.0,0.0,0.0,0.0,0.0,0.49593263707123425
249,1,249.0,249.0,0,0.0,0.0,0,0,0.0,1.0,1.0,0.0,0.0,0.0,0.0,0.0,0.49593295379070074
250,1,250.0,250.0,0,0.0,0.0,0,0,0.0,1.0,1.0,0.0,0.0,0.0,0.0,0.0,0.49593295379070074
251,1,251.0,251.0,0,0.0,0.0,0,0,0.0,85492.0014972161,85508.0,0.0,0.0,0.0,0.0,0.0,0.5227317869112017
252,1,252.0,252.0,0,0.0,0.0,0,0,0.0,0.0,0.0,0.0,0.0,0.0,0.0,0.0,0.49593263707123425
253,1,253.0,253.0,0,0.0,0.0,0,0,0.0,18111.0,18111.0,0.0,0.0,0.0,0.0,0.0,0.5016739086664684
254,1,254.0,254.0,0,0.0,0.0,0,0,0.0,0.0,0.0,0.0,0.0,0.0,0.0,0.0,0.49593263707123425
255,1,255.0,255.0,0,0.0,0.0,0,0,0.0,0.0,0.0,0.0,0.0,0.0,0.0,0.0,0.49593263707123425
256,1,256.0,256.0,0,0.0,0.0,0,0,0.0,0.0,0.0,0.0,0.0,0.0,0.0,0.0,0.49593263707123425
257,1,257.0,257.0,0,0.0,0.0,0,0,0.0,0.0,0.0,0.0,0.0,0.0,0.0,0.0,0.49593263707123425
258,1,258.0,258.0,0,0.0,0.0,0,0,0.0,10711.0,10711.0,0.0,0.0,0.0,0.0,0.0,0.49932751528296954
259,1,259.0,259.0,0,0.0,0.0,0,0,0.0,1.0,1.0,0.0,0.0,0.0,0.0,0.0,0.49593295379070074
260,1,260.0,260.0,0,0.0,0.0,0,0,0.0,0.0,0.0,0.0,0.0,0.0,0.0,0.0,0.49593263707123425
261,1,261.0,261.0,0,0.0,0.0,0,0,0.0,1.0,1.0,0.0,0.0,0.0,0.0,0.0,0.49593295379070074
262,1,262.0,262.0,0,0.0,0.0,0,0,0.0,1.0,1.0,0.0,0.0,0.0,0.0,0.0,0.49593295379070074
263,1,263.0,263.0,0,0.0,0.0,0,0,0.0,0.0,0.0,0.0,0.0,0.0,0.0,0.0,0.49593263707123425
264,1,264.0,264.0,0,0.0,0.0,0,0,0.0,84130.00100439796,84143.0,0.0,0.0,0.0,0.0,0.0,0.5223163707105251
265,1,265.0,265.0,0,0.0,0.0,0,0,0.0,0.0,0.0,0.0,0.0,0.0,0.0,0.0,0.49593263707123425
266,1,266.0,266.0,0,0.0,0.0,0,0,0.0,1.0,1.0,0.0,0.0,0.0,0.0,0.0,0.49593295379070074
267,1,267.0,267.0,0,0.0,0.0,0,0,0.0,36002.0,36002.0,0.0,0.0,0.0,0.0,0.0,0.5073367543184166
268,1,268.0,268.0,0,0.0,0.0,0,0,0.0,1.0,1.0,0.0,0.0,0.0,0.0,0.0,0.49593295379070074
269,1,269.0,269.0,0,0.0,0.0,0,0,0.0,0.0,0.0,0.0,0.0,0.0,0.0,0.0,0.49593263707123425
270,1,270.0,270.0,0,0.0,0.0,0,0,0.0,0.0,0.0,0.0,0.0,0.0,0.0,0.0,0.49593263707123425
271,1,271.0,271.0,0,0.0,0.0,0,0,0.0,0.0,0.0,0.0,0.0,0.0,0.0,0.0,0.49593263707123425
272,1,272.0,272.0,0,0.0,0.0,0,0,0.0,64910.0,64910.0,0.0,0.0,0.0,0.0,0.0,0.5163979278318286
273,1,273.0,273.0,0,0.0,0.0,0,0,0.0,10.04987562112089,11.0,0.0,0.0,0.0,0.0,0.0,0.49593597057307554
274,1,274.0,274.0,0,0.0,0.0,0,0,0.0,0.0,0.0,0.0,0.0,0.0,0.0,0.0,0.49593263707123425
275,1,275.0,275.0,0,0.0,0.0,0,0,0.0,47619.0,47619.0,0.0,0.0,0.0,0.0,0.0,0.5109959563068823
276,1,276.0,276.0,0,0.0,0.0,0,0,0.0,31001.0,31001.0,0.0,0.0,0.0,0.0,0.0,0.5057563300152417
277,1,277.0,277.0,0,0.0,0.0,0,0,0.0,0.0,0.0,0.0,0.0,0.0,0.0,0.0,0.49593263707123425
278,1,278.0,278.0,0,0.0,0.0,0,0,0.0,0.0,0.0,0.0,0.0,0.0,0.0,0.0,0.49593263707123425
279,1,279.0,279.0,0,0.0,0.0,0,0,0.0,1.0,1.0,0.0,0.0,0.0,0.0,0.0,0.49593295379070074
280,1,280.0,280.0,0,0.0,0.0,0,0,0.0,10503.0,10503.0,0.0,0.0,0.0,0.0,0.0,0.4992615602529575
281,1,281.0,281.0,0,0.0,0.0,0,0,0.0,47591.0,47591.0,0.0,0.0,0.0,0.0,0.0,0.5109871611555064
282,1,282.0,282.0,0,0.0,0.0,0,0,0.0,1.0,1.0,0.0,0.0,0.0,0.0,0.0,0.49593295379070074
283,1,283.0,283.0,0,0.0,0.0,0,0,0.0,0.0,0.0,0.0,0.0,0.0,0.0,0.0,0.49593263707123425
284,1,284.0,284.0,0,0.0,0.0,0,0,0.0,1.0,1.0,0.0,0.0,0.0,0.0,0.0,0.49593295379070074
285,1,285.0,285.0,0,0.0,0.0,0,0,0.0,0.0,0.0,0.0,0.0,0.0,0.0,0.0,0.49593263707123425
286,1,286.0,286.0,0,0.0,0.0,0,0,0.0,0.0,0.0,0.0,0.0,0.0,0.0,0.0,0.49593263707123425
287,1,287.0,287.0,0,0.0,0.0,0,0,0.0,0.0,0.0,0.0,0.0,0.0,0.0,0.0,0.49593263707123425
288,1,288.0,288.0,0,0.0,0.0,0,0,0.0,0.0,0.0,0.0,0.0,0.0,0.0,0.0,0.49593263707123425
289,1,289.0,289.0,0,0.0,0.0,0,0,0.0,1.0,1.0,0.0,0.0,0.0,0.0,0.0,0.49593295379070074
290,1,290.0,290.0,0,0.0,0.0,0,0,0.0,1.0,1.0,0.0,0.0,0.0,0.0,0.0,0.49593295379070074
291,1,291.0,291.0,0,0.0,0.0,0,0,0.0,1.0,1.0,0.0,0.0,0.0,0.0,0.0,0.49593295379070074
292,1,292.0,292.0,0,0.0,0.0,0,0,0.0,1411.0,1411.0,0.0,0.0,0.0,0.0,0.0,0.49637958653004427
293,1,293.0,293.0,0,0.0,0.0,0,0,0.0,1.0,1.0,0.0,0.0,0.0,0.0,0.0,0.49593295379070074
294,1,294.0,294.0,0,0.0,0.0,0,0,0.0,1.0,1.0,0.0,0.0,0.0,0.0,0.0,0.49593295379070074
295,1,295.0,295.0,0,0.0,0.0,0,0,0.0,0.0,0.0,0.0,0.0,0.0,0.0,0.0,0.49593263707123425
296,1,296.0,296.0,0,0.0,0.0,0,0,0.0,1.0,1.0,0.0,0.0,0.0,0.0,0.0,0.49593295379070074
297,1,297.0,297.0,0,0.0,0.0,0,0,0.0,1.0,1.0,0.0,0.0,0.0,0.0,0.0,0.49593295379070074
298,1,298.0,298.0,0,0.0,0.0,0,0,0.0,1.0,1.0,0.0,0.0,0.0,0.0,0.0,0.49593295379070074
299,1,299.0,299.0,0,0.0,0.0,0,0,0.0,0.0,0.0,0.0,0.0,0.0,0.0,0.0,0.49593263707123425
300,1,300.0,300.0,0,0.0,0.0,0,0,0.0,0.0,0.0,0.0,0.0,0.0,0.0,0.0,0.49593263707123425
301,1,301.0,301.0,0,0.0,0.0,0,0,0.0,0.0,0.0,0.0,0.0,0.0,0.0,0.0,0.49593263707123425
302,1,302.0,302.0,0,0.0,0.0,0,0,0.0,1.0,1.0,0.0,0.0,0.0,0.0,0.0,0.49593295379070074
303,1,303.0,303.0,0,0.0,0.0,0,0,0.0,0.0,0.0,0.0,0.0,0.0,0.0,0.0,0.49593263707123425
304,1,304.0,304.0,0,0.0,0.0,0,0,0.0,1.0,1.0,0.0,0.0,0.0,0.0,0.0,0.49593295379070074
305,1,305.0,305.0,0,0.0,0.0,0,0,0.0,1.0,1.0,0.0,0.0,0.0,0.0,0.0,0.49593295379070074
306,1,306.0,306.0,0,0.0,0.0,0,0,0.0,55101.00130669133,55113.0,0.0,0.0,0.0,0.0,0.0,0.5133429421407895
307,1,307.0,307.0,0,0.0,0.0,0,0,0.0,1.0,1.0,0.0,0.0,0.0,0.0,0.0,0.49593295379070074
308,1,308.0,308.0,0,0.0,0.0,0,0,0.0,0.0,0.0,0.0,0.0,0.0,0.0,0.0,0.49593263707123425
309,1,309.0,309.0,0,0.0,0.0,0,0,0.0,11041.0,11041.0,0.0,0.0,0.0,0.0,0.0,0.4994321562315687
310,1,310.0,310.0,0,0.0,0.0,0,0,0.0,33150.0,33150.0,0.0,0.0,0.0,0.0,0.0,0.506435771412484
311,1,311.0,311.0,0,0.0,0.0,0,0,0.0,0.0,0.0,0.0,0.0,0.0,0.0,0.0,0.49593263707123425
312,1,312.0,312.0,0,0.0,0.0,0,0,0.0,0.0,0.0,0.0,0.0,0.0,0.0,0.0,0.49593263707123425
313,1,313.0,313.0,0,0.0,0.0,0,0,0.0,0.0,0.0,0.0,0.0,0.0,0.0,0.0,0.49593263707123425
314,1,314.0,314.0,0,0.0,0.0,0,0,0.0,0.0,0.0,0.0,0.0,0.0,0.0,0.0,0.49593263707123425
315,1,315.0,315.0,0,0.0,0.0,0,0,0.0,47113.0,47113.0,0.0,0.0,0.0,0.0,0.0,0.5108369949923434
316,1,316.0,316.0,0,0.0,0.0,0,0,0.0,1.0,1.0,0.0,0.0,0.0,0.0,0.0,0.49593295379070074
317,1,317.0,317.0,0,0.0,0.0,0,0,0.0,1.0,1.0,0.0,0.0,0.0,0.0,0.0,0.49593295379070074
318,1,318.0,318.0,0,0.0,0.0,0,0,0.0,97004.0,97004.0,0.0,0.0,0.0,0.0,0.0,0.5262106734945114
319,1,319.0,319.0,0,0.0,0.0,0,0,0.0,14101.0,14101.0,0.0,0.0,0.0,0.0,0.0,0.5004024770791664
320,1,320.0,320.0,0,0.0,0.0,0,0,0.0,0.0,0.0,0.0,0.0,0.0,0.0,0.0,0.49593263707123425
321,1,321.0,321.0,0,0.0,0.0,0,0,0.0,1.0,1.0,0.0,0.0,0.0,0.0,0.0,0.49593295379070074
322,1,322.0,322.0,0,0.0,0.0,0,0,0.0,64191.0,64191.0,0.0,0.0,0.0,0.0,0.0,0.5161746208242027
323,1,323.0,323.0,0,0.0,0.0,0,0,0.0,1.0,1.0,0.0,0.0,0.0,0.0,0.0,0.49593295379070074
324,1,324.0,324.0,0,0.0,0.0,0,0,0.0,41002.0,41002.0,0.0,0.0,0.0,0.0,0.0,0.5089140120995489
325,1,325.0,325.0,0,0.0,0.0,0,0,0.0,0.0,0.0,0.0,0.0,0.0,0.0,0.0,0.49593263707123425
326,1,326.0,326.0,0,0.0,0.0,0,0,0.0,0.0,0.0,0.0,0.0,0.0,0.0,0.0,0.49593263707123425
327,1,327.0,327.0,0,0.0,0.0,0,0,0.0,10711.002287367884,10718.0,0.0,0.0,0.0,0.0,0.0,0.49932862580903864
328,1,328.0,328.0,0,0.0,0.0,0,0,0.0,0.0,0.0,0.0,0.0,0.0,0.0,0.0,0.49593263707123425
329,1,329.0,329.0,0,0.0,0.0,0,0,0.0,0.0,0.0,0.0,0.0,0.0,0.0,0.0,0.49593263707123425
330,1,330.0,330.0,0,0.0,0.0,0,0,0.0,0.0,0.0,0.0,0.0,0.0,0.0,0.0,0.49593263707123425
331,1,331.0,331.0,0,0.0,0.0,0,0,0.0,0.0,0.0,0.0,0.0,0.0,0.0,0.0,0.49593263707123425
332,1,332.0,332.0,0,0.0,0.0,0,0,0.0,1.0,1.0,0.0,0.0,0.0,0.0,0.0,0.49593295379070074
333,1,333.0,333.0,0,0.0,0.0,0,0,0.0,0.0,0.0,0.0,0.0,0.0,0.0,0.0,0.49593263707123425
334,1,334.0,334.0,0,0.0,0.0,0,0,0.0,0.0,0.0,0.0,0.0,0.0,0.0,0.0,0.49593263707123425
335,1,335.0,335.0,0,0.0,0.0,0,0,0.0,1.0,1.0,0.0,0.0,0.0,0.0,0.0,0.49593295379070074
336,1,336.0,336.0,0,0.0,0.0,0,0,0.0,55101.0,55101.0,0.0,0.0,0.0,0.0,0.0,0.5133410650849486
337,1,337.0,337.0,0,0.0,0.0,0,0,0.0,0.0,0.0,0.0,0.0,0.0,0.0,0.0,0.49593263707123425
338,1,338.0,338.0,0,0.0,0.0,0,0,0.0,0.0,0.0,0.0,0.0,0.0,0.0,0.0,0.49593263707123425
339,1,339.0,339.0,0,0.0,0.0,0,0,0.0,14101.0,14101.0,0.0,0.0,0.0,0.0,0.0,0.5004024770791664
340,1,340.0,340.0,0,0.0,0.0,0,0,0.0,10791.0,10791.0,0.0,0.0,0.0,0.0,0.0,0.49935288270509454
341,1,341.0,341.0,0,0.0,0.0,0,0,0.0,1.0,1.0,0.0,0.0,0.0,0.0,0.0,0.49593295379070074
342,1,342.0,342.0,0,0.0,0.0,0,0,0.0,0.0,0.0,0.0,0.0,0.0,0.0,0.0,0.49593263707123425
343,1,343.0,343.0,0,0.0,0.0,0,0,0.0,47817.0,47817.0,0.0,0.0,0.0,0.0,0.0,0.51105814679926
344,1,344.0,344.0,0,0.0,0.0,0,0,0.0,1.0,1.0,0.0,0.0,0.0,0.0,0.0,0.49593295379070074
345,1,345.0,345.0,0,0.0,0.0,0,0,0.0,95111.0,95111.0,0.0,0.0,0.0,0.0,0.0,0.5256415504274041
346,1,346.0,346.0,0,0.0,0.0,0,0,0.0,0.0,0.0,0.0,0.0,0.0,0.0,0.0,0.49593263707123425
347,1,347.0,347.0,0,0.0,0.0,0,0,0.0,0.0,0.0,0.0,0.0,0.0,0.0,0.0,0.49593263707123425
348,1,348.0,348.0,0,0.0,0.0,0,0,0.0,1.0,1.0,0.0,0.0,0.0,0.0,0.0,0.49593295379070074
349,1,349.0,349.0,0,0.0,0.0,0,0,0.0,41003.000780430695,41011.0,0.0,0.0,0.0,0.0,0.0,0.5089155882404608
350,1,350.0,350.0,0,0.0,0.0,0,0,0.0,84130.0,84130.0,0.0,0.0,0.0,0.0,0.0,0.5223143881107919
351,1,351.0,351.0,0,0.0,0.0,0,0,0.0,1291.0,1291.0,0.0,0.0,0.0,0.0,0.0,0.4963415708593595
352,1,352.0,352.0,0,0.0,0.0,0,0,0.0,1.0,1.0,0.0,0.0,0.0,0.0,0.0,0.49593295379070074
353,1,353.0,353.0,0,0.0,0.0,0,0,0.0,1.0,1.0,0.0,0.0,0.0,0.0,0.0,0.49593295379070074
354,1,354.0,354.0,0,0.0,0.0,0,0,0.0,0.0,0.0,0.0,0.0,0.0,0.0,0.0,0.49593263707123425
355,1,355.0,355.0,0,0.0,0.0,0,0,0.0,0.0,0.0,0.0,0.0,0.0,0.0,0.0,0.49593263707123425
356,1,356.0,356.0,0,0.0,0.0,0,0,0.0,0.0,0.0,0.0,0.0,0.0,0.0,0.0,0.49593263707123425
357,1,357.0,357.0,0,0.0,0.0,0,0,0.0,84120.0,84120.0,0.0,0.0,0.0,0.0,0.0,0.5223113391068676
358,1,358.0,358.0,0,0.0,0.0,0,0,0.0,1.0,1.0,0.0,0.0,0.0,0.0,0.0,0.49593295379070074
359,1,359.0,359.0,0,0.0,0.0,0,0,0.0,10.04987562112089,11.0,0.0,0.0,0.0,0.0,0.0,0.49593597057307554
360,1,360.0,360.0,0,0.0,0.0,0,0,0.0,0.0,0.0,0.0,0.0,0.0,0.0,0.0,0.49593263707123425
361,1,361.0,361.0,0,0.0,0.0,0,0,0.0,0.0,0.0,0.0,0.0,0.0,0.0,0.0,0.49593263707123425
362,1,362.0,362.0,0,0.0,0.0,0,0,0.0,0.0,0.0,0.0,0.0,0.0,0.0,0.0,0.49593263707123425
363,1,363.0,363.0,0,0.0,0.0,0,0,0.0,0.0,0.0,0.0,0.0,0.0,0.0,0.0,0.49593263707123425
364,1,364.0,364.0,0,0.0,0.0,0,0,0.0,97004.0,97004.0,0.0,0.0,0.0,0.0,0.0,0.5262106734945114
365,1,365.0,365.0,0,0.0,0.0,0,0,0.0,0.0,0.0,0.0,0.0,0.0,0.0,0.0,0.49593263707123425
366,1,366.0,366.0,0,0.0,0.0,0,0,0.0,1.0,1.0,0.0,0.0,0.0,0.0,0.0,0.49593295379070074
367,1,367.0,367.0,0,0.0,0.0,0,0,0.0,0.0,0.0,0.0,0.0,0.0,0.0,0.0,0.49593263707123425
368,1,368.0,368.0,0,0.0,0.0,0,0,0.0,0.0,0.0,0.0,0.0,0.0,0.0,0.0,0.49593263707123425
369,1,369.0,369.0,0,0.0,0.0,0,0,0.0,0.0,0.0,0.0,0.0,0.0,0.0,0.0,0.49593263707123425
370,1,370.0,370.0,0,0.0,0.0,0,0,0.0,1.0,1.0,0.0,0.0,0.0,0.0,0.0,0.49593295379070074
371,1,371.0,371.0,0,0.0,0.0,0,0,0.0,18112.0,18112.0,0.0,0.0,0.0,0.0,0.0,0.5016742256898802
372,1,372.0,372.0,0,0.0,0.0,0,0,0.0,10711.0,10711.0,0.0,0.0,0.0,0.0,0.0,0.49932751528296954
373,1,373.0,373.0,0,0.0,0.0,0,0,0.0,0.0,0.0,0.0,0.0,0.0,0.0,0.0,0.49593263707123425
374,1,374.0,374.0,0,0.0,0.0,0,0,0.0,47734.0,47734.0,0.0,0.0,0.0,0.0,0.0,0.5110320778574038
375,1,375.0,375.0,0,0.0,0.0,0,0,0.0,0.0,0.0,0.0,0.0,0.0,0.0,0.0,0.49593263707123425
376,1,376.0,376.0,0,0.0,0.0,0,0,0.0,85211.0,85211.0,0.0,0.0,0.0,0.0,0.0,0.5226437887241725
377,1,377.0,377.0,0,0.0,0.0,0,0,0.0,46521.0,46521.0,0.0,0.0,0.0,0.0,0.0,0.5106509623530227
378,1,378.0,378.0,0,0.0,0.0,0,0,0.0,1.0,1.0,0.0,0.0,0.0,0.0,0.0,0.49593295379070074
379,1,379.0,379.0,0,0.0,0.0,0,0,0.0,0.0,0.0,0.0,0.0,0.0,0.0,0.0,0.49593263707123425
380,1,380.0,380.0,0,0.0,0.0,0,0,0.0,1.0,1.0,0.0,0.0,0.0,0.0,0.0,0.49593295379070074
381,1,381.0,381.0,0,0.0,0.0,0,0,0.0,15121.0,15121.0,0.0,0.0,0.0,0.0,0.0,0.500725908003996
382,1,382.0,382.0,0,0.0,0.0,0,0,0.0,0.0,0.0,0.0,0.0,0.0,0.0,0.0,0.49593263707123425
383,1,383.0,383.0,0,0.0,0.0,0,0,0.0,0.0,0.0,0.0,0.0,0.0,0.0,0.0,0.49593263707123425
384,1,384.0,384.0,0,0.0,0.0,0,0,0.0,0.0,0.0,0.0,0.0,0.0,0.0,0.0,0.49593263707123425
385,1,385.0,385.0,0,0.0,0.0,0,0,0.0,0.0,0.0,0.0,0.0,0.0,0.0,0.0,0.49593263707123425
386,1,386.0,386.0,0,0.0,0.0,0,0,0.0,0.0,0.0,0.0,0.0,0.0,0.0,0.0,0.49593263707123425
387,1,387.0,387.0,0,0.0,0.0,0,0,0.0,0.0,0.0,0.0,0.0,0.0,0.0,0.0,0.49593263707123425
388,1,388.0,388.0,0,0.0,0.0,0,0,0.0,1.0,1.0,0.0,0.0,0.0,0.0,0.0,0.49593295379070074
389,1,389.0,389.0,0,0.0,0.0,0,0,0.0,36002.0,36002.0,0.0,0.0,0.0,0.0,0.0,0.5073367543184166
390,1,390.0,390.0,0,0.0,0.0,0,0,0.0,1.0,1.0,0.0,0.0,0.0,0.0,0.0,0.49593295379070074
391,1,391.0,391.0,0,0.0,0.0,0,0,0.0,1.0,1.0,0.0,0.0,0.0,0.0,0.0,0.49593295379070074
392,1,392.0,392.0,0,0.0,0.0,0,0,0.0,1.0,1.0,0.0,0.0,0.0,0.0,0.0,0.49593295379070074
393,1,393.0,393.0,0,0.0,0.0,0,0,0.0,0.0,0.0,0.0,0.0,0.0,0.0,0.0,0.49593263707123425
394,1,394.0,394.0,0,0.0,0.0,0,0,0.0,41003.0,41003.0,0.0,0.0,0.0,0.0,0.0,0.5089143272261039
395,1,395.0,395.0,0,0.0,0.0,0,0,0.0,0.0,0.0,0.0,0.0,0.0,0.0,0.0,0.49593263707123425
396,1,396.0,396.0,0,0.0,0.0,0,0,0.0,1.0,1.0,0.0,0.0,0.0,0.0,0.0,0.49593295379070074
397,1,397.0,397.0,0,0.0,0.0,0,0,0.0,1.0,1.0,0.0,0.0,0.0,0.0,0.0,0.49593295379070074
398,1,398.0,398.0,0,0.0,0.0,0,0,0.0,1.0,1.0,0.0,0.0,0.0,0.0,0.0,0.49593295379070074
399,1,399.0,399.0,0,0.0,0.0,0,0,0.0,1.0,1.0,0.0,0.0,0.0,0.0,0.0,0.49593295379070074
400,1,400.0,400.0,0,0.0,0.0,0,0,0.0,1.0,1.0,0.0,0.0,0.0,0.0,0.0,0.49593295379070074
401,1,401.0,401.0,0,0.0,0.0,0,0,0.0,0.0,0.0,0.0,0.0,0.0,0.0,0.0,0.49593263707123425
402,1,402.0,402.0,0,0.0,0.0,0,0,0.0,47113.0,47113.0,0.0,0.0,0.0,0.0,0.0,0.5108369949923434
403,1,403.0,403.0,0,0.0,0.0,0,0,0.0,23933.0,23933.0,0.0,0.0,0.0,0.0,0.0,0.5035189950070311
404,1,404.0,404.0,0,0.0,0.0,0,0,0.0,1.0,1.0,0.0,0.0,0.0,0.0,0.0,0.49593295379070074
405,1,405.0,405.0,0,0.0,0.0,0,0,0.0,1.0,1.0,0.0,0.0,0.0,0.0,0.0,0.49593295379070074
406,1,406.0,406.0,0,0.0,0.0,0,0,0.0,0.0,0.0,0.0,0.0,0.0,0.0,0.0,0.49593263707123425
407,1,407.0,407.0,0,0.0,0.0,0,0,0.0,0.0,0.0,0.0,0.0,0.0,0.0,0.0,0.49593263707123425
408,1,408.0,408.0,0,0.0,0.0,0,0,0.0,0.0,0.0,0.0,0.0,0.0,0.0,0.0,0.49593263707123425
409,1,409.0,409.0,0,0.0,0.0,0,0,0.0,47817.0,47817.0,0.0,0.0,0.0,0.0,0.0,0.51105814679926
410,1,410.0,410.0,0,0.0,0.0,0,0,0.0,1.0,1.0,0.0,0.0,0.0,0.0,0.0,0.49593295379070074
411,1,411.0,411.0,0,0.0,0.0,0,0,0.0,46496.0,46496.0,0.0,0.0,0.0,0.0,0.0,0.5106431049727279
412,1,412.0,412.0,0,0.0,0.0,0,0,0.0,0.0,0.0,0.0,0.0,0.0,0.0,0.0,0.49593263707123425
413,1,413.0,413.0,0,0.0,0.0,0,0,0.0,1.0,1.0,0.0,0.0,0.0,0.0,0.0,0.49593295379070074
414,1,414.0,414.0,0,0.0,0.0,0,0,0.0,1.0,1.0,0.0,0.0,0.0,0.0,0.0,0.49593295379070074
415,1,415.0,415.0,0,0.0,0.0,0,0,0.0,0.0,0.0,0.0,0.0,0.0,0.0,0.0,0.49593263707123425
416,1,416.0,416.0,0,0.0,0.0,0,0,0.0,0.0,0.0,0.0,0.0,0.0,0.0,0.0,0.49593263707123425
417,1,417.0,417.0,0,0.0,0.0,0,0,0.0,1.0,1.0,0.0,0.0,0.0,0.0,0.0,0.49593295379070074
418,1,418.0,418.0,0,0.0,0.0,0,0,0.0,1.0,1.0,0.0,0.0,0.0,0.0,0.0,0.49593295379070074
419,1,419.0,419.0,0,0.0,0.0,0,0,0.0,0.0,0.0,0.0,0.0,0.0,0.0,0.0,0.49593263707123425
420,1,420.0,420.0,0,0.0,0.0,0,0,0.0,0.0,0.0,0.0,0.0,0.0,0.0,0.0,0.49593263707123425
421,1,421.0,421.0,0,0.0,0.0,0,0,0.0,0.0,0.0,0.0,0.0,0.0,0.0,0.0,0.49593263707123425
422,1,422.0,422.0,0,0.0,0.0,0,0,0.0,43306.0,43306.0,0.0,0.0,0.0,0.0,0.0,0.5096396880687687
423,1,423.0,423.0,0,0.0,0.0,0,0,0.0,49222.0,49222.0,0.0,0.0,0.0,0.0,0.0,0.5114992542722908
424,1,424.0,424.0,0,0.0,0.0,0,0,0.0,13.038404810405298,14.0,0.0,0.0,0.0,0.0,0.0,0.4959369189176168
425,1,425.0,425.0,0,0.0,0.0,0,0,0.0,0.0,0.0,0.0,0.0,0.0,0.0,0.0,0.49593263707123425
426,1,426.0,426.0,0,0.0,0.0,0,0,0.0,1.0,1.0,0.0,0.0,0.0,0.0,0.0,0.49593295379070074
427,1,427.0,427.0,0,0.0,0.0,0,0,0.0,0.0,0.0,0.0,0.0,0.0,0.0,0.0,0.49593263707123425
428,1,428.0,428.0,0,0.0,0.0,0,0,0.0,55101.0,55101.0,0.0,0.0,0.0,0.0,0.0,0.5133410650849486
429,1,429.0,429.0,0,0.0,0.0,0,0,0.0,0.0,0.0,0.0,0.0,0.0,0.0,0.0,0.49593263707123425
430,1,430.0,430.0,0,0.0,0.0,0,0,0.0,1.0,1.0,0.0,0.0,0.0,0.0,0.0,0.49593295379070074
431,1,431.0,431.0,0,0.0,0.0,0,0,0.0,1.0,1.0,0.0,0.0,0.0,0.0,0.0,0.49593295379070074
432,1,432.0,432.0,0,0.0,0.0,0,0,0.0,1.4142135623730951,2.0,0.0,0.0,0.0,0.0,0.0,0.4959331777736431
433,1,433.0,433.0,0,0.0,0.0,0,0,0.0,7.071067811865476,8.0,0.0,0.0,0.0,0.0,0.0,0.49593502376808507
434,1,434.0,434.0,0,0.0,0.0,0,0,0.0,0.0,0.0,0.0,0.0,0.0,0.0,0.0,0.49593263707123425
435,1,435.0,435.0,0,0.0,0.0,0,0,0.0,1.0,1.0,0.0,0.0,0.0,0.0,0.0,0.49593295379070074
436,1,436.0,436.0,0,0.0,0.0,0,0,0.0,99998.0,99998.0,0.0,0.0,0.0,0.0,0.0,0.5271079873937018
437,1,437.0,437.0,0,0.0,0.0,0,0,0.0,1.0,1.0,0.0,0.0,0.0,0.0,0.0,0.49593295379070074
438,1,438.0,438.0,0,0.0,0.0,0,0,0.0,1.0,1.0,0.0,0.0,0.0,0.0,0.0,0.49593295379070074
439,1,439.0,439.0,0,0.0,0.0,0,0,0.0,1.0,1.0,0.0,0.0,0.0,0.0,0.0,0.49593295379070074
440,1,440.0,440.0,0,0.0,0.0,0,0,0.0,0.0,0.0,0.0,0.0,0.0,0.0,0.0,0.49593263707123425
441,1,441.0,441.0,0,0.0,0.0,0,0,0.0,0.0,0.0,0.0,0.0,0.0,0.0,0.0,0.49593263707123425
442,1,442.0,442.0,0,0.0,0.0,0,0,0.0,53200.00158834584,53213.0,0.0,0.0,0.0,0.0,0.0,0.5127482698514029
443,1,443.0,443.0,0,0.0,0.0,0,0,0.0,1.0,1.0,0.0,0.0,0.0,0.0,0.0,0.49593295379070074
444,1,444.0,444.0,0,0.0,0.0,0,0,0.0,0.0,0.0,0.0,0.0,0.0,0.0,0.0,0.49593263707123425
445,1,445.0,445.0,0,0.0,0.0,0,0,0.0,1.0,1.0,0.0,0.0,0.0,0.0,0.0,0.49593295379070074
446,1,446.0,446.0,0,0.0,0.0,0,0,0.0,0.0,0.0,0.0,0.0,0.0,0.0,0.0,0.49593263707123425
447,1,447.0,447.0,0,0.0,0.0,0,0,0.0,7.071067811865476,8.0,0.0,0.0,0.0,0.0,0.0,0.49593502376808507
448,1,448.0,448.0,0,0.0,0.0,0,0,0.0,5.0990195135927845,6.0,0.0,0.0,0.0,0.0,0.0,0.49593439475348927
449,1,449.0,449.0,0,0.0,0.0,0,0,0.0,0.0,0.0,0.0,0.0,0.0,0.0,0.0,0.49593263707123425
450,1,450.0,450.0,0,0.0,0.0,0,0,0.0,46900.0,46900.0,0.0,0.0,0.0,0.0,0.0,0.5107700676352629
451,1,451.0,451.0,0,0.0,0.0,0,0,0.0,1.0,1.0,0.0,0.0,0.0,0.0,0.0,0.49593295379070074
452,1,452.0,452.0,0,0.0,0.0,0,0,0.0,0.0,0.0,0.0,0.0,0.0,0.0,0.0,0.49593263707123425
453,1,453.0,453.0,0,0.0,0.0,0,0,0.0,1.0,1.0,0.0,0.0,0.0,0.0,0.0,0.49593295379070074
454,1,454.0,454.0,0,0.0,0.0,0,0,0.0,85229.0,85229.0,0.0,0.0,0.0,0.0,0.0,0.5226492703410566
455,1,455.0,455.0,0,0.0,0.0,0,0,0.0,0.0,0.0,0.0,0.0,0.0,0.0,0.0,0.49593263707123425
456,1,456.0,456.0,0,0.0,0.0,0,0,0.0,1.0,1.0,0.0,0.0,0.0,0.0,0.0,0.49593295379070074
457,1,457.0,457.0,0,0.0,0.0,0,0,0.0,97006.00000515432,97007.0,0.0,0.0,0.0,0.0,0.0,0.5262114242527772
458,1,458.0,458.0,0,0.0,0.0,0,0,0.0,0.0,0.0,0.0,0.0,0.0,0.0,0.0,0.49593263707123425
459,1,459.0,459.0,0,0.0,0.0,0,0,0.0,85211.0,85211.0,0.0,0.0,0.0,0.0,0.0,0.5226437887241725
460,1,460.0,460.0,0,0.0,0.0,0,0,0.0,1.0,1.0,0.0,0.0,0.0,0.0,0.0,0.49593295379070074
461,1,461.0,461.0,0,0.0,0.0,0,0,0.0,1.0,1.0,0.0,0.0,0.0,0.0,0.0,0.49593295379070074
462,1,462.0,462.0,0,0.0,0.0,0,0,0.0,49232.0,49232.0,0.0,0.0,0.0,0.0,0.0,0.5115023925921492
463,1,463.0,463.0,0,0.0,0.0,0,0,0.0,0.0,0.0,0.0,0.0,0.0,0.0,0.0,0.49593263707123425
464,1,464.0,464.0,0,0.0,0.0,0,0,0.0,1.0,1.0,0.0,0.0,0.0,0.0,0.0,0.49593295379070074
465,1,465.0,465.0,0,0.0,0.0,0,0,0.0,16.0312195418814,17.0,0.0,0.0,0.0,0.0,0.0,0.49593786794115496
466,1,466.0,466.0,0,0.0,0.0,0,0,0.0,10.04987562112089,11.0,0.0,0.0,0.0,0.0,0.0,0.49593597057307554
467,1,467.0,467.0,0,0.0,0.0,0,0,0.0,0.0,0.0,0.0,0.0,0.0,0.0,0.0,0.49593263707123425
468,1,468.0,468.0,0,0.0,0.0,0,0,0.0,18112.0,18112.0,0.0,0.0,0.0,0.0,0.0,0.5016742256898802
469,1,469.0,469.0,0,0.0,0.0,0,0,0.0,1.0,1.0,0.0,0.0,0.0,0.0,0.0,0.49593295379070074
470,1,470.0,470.0,0,0.0,0.0,0,0,0.0,49221.0,49221.0,0.0,0.0,0.0,0.0,0.0,0.5114989404393326
471,1,471.0,471.0,0,0.0,0.0,0,0,0.0,82200.0,82200.0,0.0,0.0,0.0,0.0,0.0,0.5217253200419864
472,1,472.0,472.0,0,0.0,0.0,0,0,0.0,41002.0,41002.0,0.0,0.0,0.0,0.0,0.0,0.5089140120995489
473,1,473.0,473.0,0,0.0,0.0,0,0,0.0,0.0,0.0,0.0,0.0,0.0,0.0,0.0,0.49593263707123425
474,1,474.0,474.0,0,0.0,0.0,0,0,0.0,0.0,0.0,0.0,0.0,0.0,0.0,0.0,0.49593263707123425
475,1,475.0,475.0,0,0.0,0.0,0,0,0.0,0.0,0.0,0.0,0.0,0.0,0.0,0.0,0.49593263707123425
476,1,476.0,476.0,0,0.0,0.0,0,0,0.0,1.0,1.0,0.0,0.0,0.0,0.0,0.0,0.49593295379070074
477,1,477.0,477.0,0,0.0,0.0,0,0,0.0,0.0,0.0,0.0,0.0,0.0,0.0,0.0,0.49593263707123425
478,1,478.0,478.0,0,0.0,0.0,0,0,0.0,0.0,0.0,0.0,0.0,0.0,0.0,0.0,0.49593263707123425
479,1,479.0,479.0,0,0.0,0.0,0,0,0.0,0.0,0.0,0.0,0.0,0.0,0.0,0.0,0.49593263707123425
480,1,480.0,480.0,0,0.0,0.0,0,0,0.0,1.0,1.0,0.0,0.0,0.0,0.0,0.0,0.49593295379070074
481,1,481.0,481.0,0,0.0,0.0,0,0,0.0,85211.0,85211.0,0.0,0.0,0.0,0.0,0.0,0.5226437887241725
482,1,482.0,482.0,0,0.0,0.0,0,0,0.0,13.038404810405298,14.0,0.0,0.0,0.0,0.0,0.0,0.4959369189176168
483,1,483.0,483.0,0,0.0,0.0,0,0,0.0,0.0,0.0,0.0,0.0,0.0,0.0,0.0,0.49593263707123425
484,1,484.0,484.0,0,0.0,0.0,0,0,0.0,1494.0,1494.0,0.0,0.0,0.0,0.0,0.0,0.49640588115794443
485,1,485.0,485.0,0,0.0,0.0,0,0,0.0,99998.0,99998.0,0.0,0.0,0.0,0.0,0.0,0.5271079873937018
486,1,486.0,486.0,0,0.0,0.0,0,0,0.0,1.0,1.0,0.0,0.0,0.0,0.0,0.0,0.49593295379070074
487,1,487.0,487.0,0,0.0,0.0,0,0,0.0,0.0,0.0,0.0,0.0,0.0,0.0,0.0,0.49593263707123425
488,1,488.0,488.0,0,0.0,0.0,0,0,0.0,86202.0,86202.0,0.0,0.0,0.0,0.0,0.0,0.5229454192363072
489,1,489.0,489.0,0,0.0,0.0,0,0,0.0,46303.0,46303.0,0.0,0.0,0.0,0.0,0.0,0.5105824425534496
490,1,490.0,490.0,0,0.0,0.0,0,0,0.0,1.0,1.0,0.0,0.0,0.0,0.0,0.0,0.49593295379070074
491,1,491.0,491.0,0,0.0,0.0,0,0,0.0,41003.0,41003.0,0.0,0.0,0.0,0.0,0.0,0.5089143272261039
492,1,492.0,492.0,0,0.0,0.0,0,0,0.0,0.0,0.0,0.0,0.0,0.0,0.0,0.0,0.49593263707123425
493,1,493.0,493.0,0,0.0,0.0,0,0,0.0,84110.0,84110.0,0.0,0.0,0.0,0.0,0.0,0.5223082900697374
494,1,494.0,494.0,0,0.0,0.0,0,0,0.0,0.0,0.0,0.0,0.0,0.0,0.0,0.0,0.49593263707123425
495,1,495.0,495.0,0,0.0,0.0,0,0,0.0,1.0,1.0,0.0,0.0,0.0,0.0,0.0,0.49593295379070074
496,1,496.0,496.0,0,0.0,0.0,0,0,0.0,0.0,0.0,0.0,0.0,0.0,0.0,0.0,0.49593263707123425
497,1,497.0,497.0,0,0.0,0.0,0,0,0.0,1.0,1.0,0.0,0.0,0.0,0.0,0.0,0.49593295379070074
498,1,498.0,498.0,0,0.0,0.0,0,0,0.0,49232.0,49232.0,0.0,0.0,0.0,0.0,0.0,0.5115023925921492
499,1,499.0,499.0,0,0.0,0.0,0,0,0.0,1.0,1.0,0.0,0.0,0.0,0.0,0.0,0.49593295379070074
500,1,500.0,500.0,0,0.0,0.0,0,0,0.0,49232.0,49232.0,0.0,0.0,0.0,0.0,0.0,0.5115023925921492
501,1,501.0,501.0,0,0.0,0.0,0,0,0.0,1.0,1.0,0.0,0.0,0.0,0.0,0.0,0.49593295379070074
502,1,502.0,502.0,0,0.0,0.0,0,0,0.0,1.0,1.0,0.0,0.0,0.0,0.0,0.0,0.49593295379070074
503,1,503.0,503.0,0,0.0,0.0,0,0,0.0,1.0,1.0,0.0,0.0,0.0,0.0,0.0,0.49593295379070074
504,1,504.0,504.0,0,0.0,0.0,0,0,0.0,0.0,0.0,0.0,0.0,0.0,0.0,0.0,0.49593263707123425
505,1,505.0,505.0,0,0.0,0.0,0,0,0.0,1.0,1.0,0.0,0.0,0.0,0.0,0.0,0.49593295379070074
506,1,506.0,506.0,0,0.0,0.0,0,0,0.0,0.0,0.0,0.0,0.0,0.0,0.0,0.0,0.49593263707123425
507,1,507.0,507.0,0,0.0,0.0,0,0,0.0,1.0,1.0,0.0,0.0,0.0,0.0,0.0,0.49593295379070074
508,1,508.0,508.0,0,0.0,0.0,0,0,0.0,0.0,0.0,0.0,0.0,0.0,0.0,0.0,0.49593263707123425
509,1,509.0,509.0,0,0.0,0.0,0,0,0.0,49221.0,49221.0,0.0,0.0,0.0,0.0,0.0,0.5114989404393326
510,1,510.0,510.0,0,0.0,0.0,0,0,0.0,0.0,0.0,0.0,0.0,0.0,0.0,0.0,0.49593263707123425
511,1,511.0,511.0,0,0.0,0.0,0,0,0.0,0.0,0.0,0.0,0.0,0.0,0.0,0.0,0.49593263707123425
512,1,512.0,512.0,0,0.0,0.0,0,0,0.0,0.0,0.0,0.0,0.0,0.0,0.0,0.0,0.49593263707123425
513,1,513.0,513.0,0,0.0,0.0,0,0,0.0,0.0,0.0,0.0,0.0,0.0,0.0,0.0,0.49593263707123425
514,1,514.0,514.0,0,0.0,0.0,0,0,0.0,0.0,0.0,0.0,0.0,0.0,0.0,0.0,0.49593263707123425
515,1,515.0,515.0,0,0.0,0.0,0,0,0.0,0.0,0.0,0.0,0.0,0.0,0.0,0.0,0.49593263707123425
516,1,516.0,516.0,0,0.0,0.0,0,0,0.0,0.0,0.0,0.0,0.0,0.0,0.0,0.0,0.49593263707123425
517,1,517.0,517.0,0,0.0,0.0,0,0,0.0,0.0,0.0,0.0,0.0,0.0,0.0,0.0,0.49593263707123425
518,1,518.0,518.0,0,0.0,0.0,0,0,0.0,1.0,1.0,0.0,0.0,0.0,0.0,0.0,0.49593295379070074
519,1,519.0,519.0,0,0.0,0.0,0,0,0.0,1.0,1.0,0.0,0.0,0.0,0.0,0.0,0.49593295379070074
520,1,520.0,520.0,0,0.0,0.0,0,0,0.0,0.0,0.0,0.0,0.0,0.0,0.0,0.0,0.49593263707123425
521,1,521.0,521.0,0,0.0,0.0,0,0,0.0,1291.0871388097707,1306.0,0.0,0.0,0.0,0.0,0.0,0.4963439613420904
522,1,522.0,522.0,0,0.0,0.0,0,0,0.0,1.0,1.0,0.0,0.0,0.0,0.0,0.0,0.49593295379070074
523,1,523.0,523.0,0,0.0,0.0,0,0,0.0,45402.0,45402.0,0.0,0.0,0.0,0.0,0.0,0.5102991666883745
524,1,524.0,524.0,0,0.0,0.0,0,0,0.0,1.0,1.0,0.0,0.0,0.0,0.0,0.0,0.49593295379070074
525,1,525.0,525.0,0,0.0,0.0,0,0,0.0,1.0,1.0,0.0,0.0,0.0,0.0,0.0,0.49593295379070074
526,1,526.0,526.0,0,0.0,0.0,0,0,0.0,0.0,0.0,0.0,0.0,0.0,0.0,0.0,0.49593263707123425
527,1,527.0,527.0,0,0.0,0.0,0,0,0.0,0.0,0.0,0.0,0.0,0.0,0.0,0.0,0.49593263707123425
528,1,528.0,528.0,0,0.0,0.0,0,0,0.0,0.0,0.0,0.0,0.0,0.0,0.0,0.0,0.49593263707123425
529,1,529.0,529.0,0,0.0,0.0,0,0,0.0,0.0,0.0,0.0,0.0,0.0,0.0,0.0,0.49593263707123425
530,1,530.0,530.0,0,0.0,0.0,0,0,0.0,1.0,1.0,0.0,0.0,0.0,0.0,0.0,0.49593295379070074
531,1,531.0,531.0,0,0.0,0.0,0,0,0.0,0.0,0.0,0.0,0.0,0.0,0.0,0.0,0.49593263707123425
532,1,532.0,532.0,0,0.0,0.0,0,0,0.0,84110.0,84110.0,0.0,0.0,0.0,0.0,0.0,0.5223082900697374
533,1,533.0,533.0,0,0.0,0.0,0,0,0.0,47711.0,47711.0,0.0,0.0,0.0,0.0,0.0,0.5110248537266898
534,1,534.0,534.0,0,0.0,0.0,0,0,0.0,1.0,1.0,0.0,0.0,0.0,0.0,0.0,0.49593295379070074
535,1,535.0,535.0,0,0.0,0.0,0,0,0.0,0.0,0.0,0.0,0.0,0.0,0.0,0.0,0.49593263707123425
536,1,536.0,536.0,0,0.0,0.0,0,0,0.0,0.0,0.0,0.0,0.0,0.0,0.0,0.0,0.49593263707123425
537,1,537.0,537.0,0,0.0,0.0,0,0,0.0,1.0,1.0,0.0,0.0,0.0,0.0,0.0,0.49593295379070074
538,1,538.0,538.0,0,0.0,0.0,0,0,0.0,1.0,1.0,0.0,0.0,0.0,0.0,0.0,0.49593295379070074
539,1,539.0,539.0,0,0.0,0.0,0,0,0.0,1.0,1.0,0.0,0.0,0.0,0.0,0.0,0.49593295379070074
540,1,540.0,540.0,0,0.0,0.0,0,0,0.0,1.0,1.0,0.0,0.0,0.0,0.0,0.0,0.49593295379070074
541,1,541.0,541.0,0,0.0,0.0,0,0,0.0,1.0,1.0,0.0,0.0,0.0,0.0,0.0,0.49593295379070074
542,1,542.0,542.0,0,0.0,0.0,0,0,0.0,81301.0,81301.0,0.0,0.0,0.0,0.0,0.0,0.5214505164341983
543,1,543.0,543.0,0,0.0,0.0,0,0,0.0,0.0,0.0,0.0,0.0,0.0,0.0,0.0,0.49593263707123425
544,1,544.0,544.0,0,0.0,0.0,0,0,0.0,0.0,0.0,0.0,0.0,0.0,0.0,0.0,0.49593263707123425
545,1,545.0,545.0,0,0.0,0.0,0,0,0.0,1.0,1.0,0.0,0.0,0.0,0.0,0.0,0.49593295379070074
546,1,546.0,546.0,0,0.0,0.0,0,0,0.0,1.0,1.0,0.0,0.0,0.0,0.0,0.0,0.49593295379070074
547,1,547.0,547.0,0,0.0,0.0,0,0,0.0,0.0,0.0,0.0,0.0,0.0,0.0,0.0,0.49593263707123425
548,1,548.0,548.0,0,0.0,0.0,0,0,0.0,0.0,0.0,0.0,0.0,0.0,0.0,0.0,0.49593263707123425
549,1,549.0,549.0,0,0.0,0.0,0,0,0.0,1.0,1.0,0.0,0.0,0.0,0.0,0.0,0.49593295379070074
550,1,550.0,550.0,0,0.0,0.0,0,0,0.0,1.0,1.0,0.0,0.0,0.0,0.0,0.0,0.49593295379070074
551,1,551.0,551.0,0,0.0,0.0,0,0,0.0,0.0,0.0,0.0,0.0,0.0,0.0,0.0,0.49593263707123425
552,1,552.0,552.0,0,0.0,0.0,0,0,0.0,0.0,0.0,0.0,0.0,0.0,0.0,0.0,0.49593263707123425
553,1,553.0,553.0,0,0.0,0.0,0,0,0.0,0.0,0.0,0.0,0.0,0.0,0.0,0.0,0.49593263707123425
554,1,554.0,554.0,0,0.0,0.0,0,0,0.0,0.0,0.0,0.0,0.0,0.0,0.0,0.0,0.49593263707123425
555,1,555.0,555.0,0,0.0,0.0,0,0,0.0,1.0,1.0,0.0,0.0,0.0,0.0,0.0,0.49593295379070074
556,1,556.0,556.0,0,0.0,0.0,0,0,0.0,0.0,0.0,0.0,0.0,0.0,0.0,0.0,0.49593263707123425
557,1,557.0,557.0,0,0.0,0.0,0,0,0.0,1.0,1.0,0.0,0.0,0.0,0.0,0.0,0.49593295379070074
558,1,558.0,558.0,0,0.0,0.0,0,0,0.0,0.0,0.0,0.0,0.0,0.0,0.0,0.0,0.49593263707123425
559,1,559.0,559.0,0,0.0,0.0,0,0,0.0,1.0,1.0,0.0,0.0,0.0,0.0,0.0,0.49593295379070074
560,1,560.0,560.0,0,0.0,0.0,0,0,0.0,85211.0,85211.0,0.0,0.0,0.0,0.0,0.0,0.5226437887241725
561,1,561.0,561.0,0,0.0,0.0,0,0,0.0,1.0,1.0,0.0,0.0,0.0,0.0,0.0,0.49593295379070074
562,1,562.0,562.0,0,0.0,0.0,0,0,0.0,23933.0,23933.0,0.0,0.0,0.0,0.0,0.0,0.5035189950070311
563,1,563.0,563.0,0,0.0,0.0,0,0,0.0,1.0,1.0,0.0,0.0,0.0,0.0,0.0,0.49593295379070074
564,1,564.0,564.0,0,0.0,0.0,0,0,0.0,1.0,1.0,0.0,0.0,0.0,0.0,0.0,0.49593295379070074
565,1,565.0,565.0,0,0.0,0.0,0,0,0.0,1.0,1.0,0.0,0.0,0.0,0.0,0.0,0.49593295379070074
566,1,566.0,566.0,0,0.0,0.0,0,0,0.0,1.0,1.0,0.0,0.0,0.0,0.0,0.0,0.49593295379070074
567,1,567.0,567.0,0,0.0,0.0,0,0,0.0,0.0,0.0,0.0,0.0,0.0,0.0,0.0,0.49593263707123425
568,1,568.0,568.0,0,0.0,0.0,0,0,0.0,0.0,0.0,0.0,0.0,0.0,0.0,0.0,0.49593263707123425
569,1,569.0,569.0,0,0.0,0.0,0,0,0.0,1.0,1.0,0.0,0.0,0.0,0.0,0.0,0.49593295379070074
570,1,570.0,570.0,0,0.0,0.0,0,0,0.0,47721.0,47721.0,0.0,0.0,0.0,0.0,0.0,0.5110279946641189
571,1,571.0,571.0,0,0.0,0.0,0,0,0.0,1414.0,1414.0,0.0,0.0,0.0,0.0,0.0,0.49638053693181483
572,1,572.0,572.0,0,0.0,0.0,0,0,0.0,7.071067811865476,8.0,0.0,0.0,0.0,0.0,0.0,0.49593502376808507
573,1,573.0,573.0,0,0.0,0.0,0,0,0.0,0.0,0.0,0.0,0.0,0.0,0.0,0.0,0.49593263707123425
574,1,574.0,574.0,0,0.0,0.0,0,0,0.0,0.0,0.0,0.0,0.0,0.0,0.0,0.0,0.49593263707123425
575,1,575.0,575.0,0,0.0,0.0,0,0,0.0,0.0,0.0,0.0,0.0,0.0,0.0,0.0,0.49593263707123425
576,1,576.0,576.0,0,0.0,0.0,0,0,0.0,0.0,0.0,0.0,0.0,0.0,0.0,0.0,0.49593263707123425
577,1,577.0,577.0,0,0.0,0.0,0,0,0.0,0.0,0.0,0.0,0.0,0.0,0.0,0.0,0.49593263707123425
578,1,578.0,578.0,0,0.0,0.0,0,0,0.0,0.0,0.0,0.0,0.0,0.0,0.0,0.0,0.49593263707123425
579,1,579.0,579.0,0,0.0,0.0,0,0,0.0,0.0,0.0,0.0,0.0,0.0,0.0,0.0,0.49593263707123425
580,1,580.0,580.0,0,0.0,0.0,0,0,0.0,1.0,1.0,0.0,0.0,0.0,0.0,0.0,0.49593295379070074
581,1,581.0,581.0,0,0.0,0.0,0,0,0.0,0.0,0.0,0.0,0.0,0.0,0.0,0.0,0.49593263707123425
582,1,582.0,582.0,0,0.0,0.0,0,0,0.0,58111.0,58111.0,0.0,0.0,0.0,0.0,0.0,0.5142813861423846
583,1,583.0,583.0,0,0.0,0.0,0,0,0.0,1.0,1.0,0.0,0.0,0.0,0.0,0.0,0.49593295379070074
584,1,584.0,584.0,0,0.0,0.0,0,0,0.0,0.0,0.0,0.0,0.0,0.0,0.0,0.0,0.49593263707123425
585,1,585.0,585.0,0,0.0,0.0,0,0,0.0,1.0,1.0,0.0,0.0,0.0,0.0,0.0,0.49593295379070074
586,1,586.0,586.0,0,0.0,0.0,0,0,0.0,0.0,0.0,0.0,0.0,0.0,0.0,0.0,0.49593263707123425
587,1,587.0,587.0,0,0.0,0.0,0,0,0.0,84230.0,84230.0,0.0,0.0,0.0,0.0,0.0,0.5223448763227968
588,1,588.0,588.0,0,0.0,0.0,0,0,0.0,0.0,0.0,0.0,0.0,0.0,0.0,0.0,0.49593263707123425
589,1,589.0,589.0,0,0.0,0.0,0,0,0.0,0.0,0.0,0.0,0.0,0.0,0.0,0.0,0.49593263707123425
590,1,590.0,590.0,0,0.0,0.0,0,0,0.0,0.0,0.0,0.0,0.0,0.0,0.0,0.0,0.49593263707123425
591,1,591.0,591.0,0,0.0,0.0,0,0,0.0,0.0,0.0,0.0,0.0,0.0,0.0,0.0,0.49593263707123425
592,1,592.0,592.0,0,0.0,0.0,0,0,0.0,0.0,0.0,0.0,0.0,0.0,0.0,0.0,0.49593263707123425
593,1,593.0,593.0,0,0.0,0.0,0,0,0.0,0.0,0.0,0.0,0.0,0.0,0.0,0.0,0.49593263707123425
594,1,594.0,594.0,0,0.0,0.0,0,0,0.0,0.0,0.0,0.0,0.0,0.0,0.0,0.0,0.49593263707123425
595,1,595.0,595.0,0,0.0,0.0,0,0,0.0,55101.0,55101.0,0.0,0.0,0.0,0.0,0.0,0.5133410650849486
596,1,596.0,596.0,0,0.0,0.0,0,0,0.0,1.0,1.0,0.0,0.0,0.0,0.0,0.0,0.49593295379070074
597,1,597.0,597.0,0,0.0,0.0,0,0,0.0,0.0,0.0,0.0,0.0,0.0,0.0,0.0,0.49593263707123425
598,1,598.0,598.0,0,0.0,0.0,0,0,0.0,0.0,0.0,0.0,0.0,0.0,0.0,0.0,0.49593263707123425
599,1,599.0,599.0,0,0.0,0.0,0,0,0.0,86202.0,86202.0,0.0,0.0,0.0,0.0,0.0,0.5229454192363072
600,1,600.0,600.0,0,0.0,0.0,0,0,0.0,0.0,0.0,0.0,0.0,0.0,0.0,0.0,0.49593263707123425
601,1,601.0,601.0,0,0.0,0.0,0,0,0.0,0.0,0.0,0.0,0.0,0.0,0.0,0.0,0.49593263707123425
602,1,602.0,602.0,0,0.0,0.0,0,0,0.0,1.0,1.0,0.0,0.0,0.0,0.0,0.0,0.49593295379070074
603,1,603.0,603.0,0,0.0,0.0,0,0,0.0,1.0,1.0,0.0,0.0,0.0,0.0,0.0,0.49593295379070074
604,1,604.0,604.0,0,0.0,0.0,0,0,0.0,0.0,0.0,0.0,0.0,0.0,0.0,0.0,0.49593263707123425
605,1,605.0,605.0,0,0.0,0.0,0,0,0.0,0.0,0.0,0.0,0.0,0.0,0.0,0.0,0.49593263707123425
606,1,606.0,606.0,0,0.0,0.0,0,0,0.0,0.0,0.0,0.0,0.0,0.0,0.0,0.0,0.49593263707123425
607,1,607.0,607.0,0,0.0,0.0,0,0,0.0,43301.0,43301.0,0.0,0.0,0.0,0.0,0.0,0.5096381140857611
608,1,608.0,608.0,0,0.0,0.0,0,0,0.0,1.0,1.0,0.0,0.0,0.0,0.0,0.0,0.49593295379070074
609,1,609.0,609.0,0,0.0,0.0,0,0,0.0,1.0,1.0,0.0,0.0,0.0,0.0,0.0,0.49593295379070074
610,1,610.0,610.0,0,0.0,0.0,0,0,0.0,0.0,0.0,0.0,0.0,0.0,0.0,0.0,0.49593263707123425
611,1,611.0,611.0,0,0.0,0.0,0,0,0.0,0.0,0.0,0.0,0.0,0.0,0.0,0.0,0.49593263707123425
612,1,612.0,612.0,0,0.0,0.0,0,0,0.0,1.0,1.0,0.0,0.0,0.0,0.0,0.0,0.49593295379070074
613,1,613.0,613.0,0,0.0,0.0,0,0,0.0,1.0,1.0,0.0,0.0,0.0,0.0,0.0,0.49593295379070074
614,1,614.0,614.0,0,0.0,0.0,0,0,0.0,10629.0,10629.0,0.0,0.0,0.0,0.0,0.0,0.4993015137332528
615,1,615.0,615.0,0,0.0,0.0,0,0,0.0,0.0,0.0,0.0,0.0,0.0,0.0,0.0,0.49593263707123425
616,1,616.0,616.0,0,0.0,0.0,0,0,0.0,84130.0,84130.0,0.0,0.0,0.0,0.0,0.0,0.5223143881107919
617,1,617.0,617.0,0,0.0,0.0,0,0,0.0,49232.0,49232.0,0.0,0.0,0.0,0.0,0.0,0.5115023925921492
618,1,618.0,618.0,0,0.0,0.0,0,0,0.0,1.0,1.0,0.0,0.0,0.0,0.0,0.0,0.49593295379070074
619,1,619.0,619.0,0,0.0,0.0,0,0,0.0,0.0,0.0,0.0,0.0,0.0,0.0,0.0,0.49593263707123425
620,1,620.0,620.0,0,0.0,0.0,0,0,0.0,1.0,1.0,0.0,0.0,0.0,0.0,0.0,0.49593295379070074
621,1,621.0,621.0,0,0.0,0.0,0,0,0.0,1.0,1.0,0.0,0.0,0.0,0.0,0.0,0.49593295379070074
622,1,622.0,622.0,0,0.0,0.0,0,0,0.0,1.0,1.0,0.0,0.0,0.0,0.0,0.0,0.49593295379070074
623,1,623.0,623.0,0,0.0,0.0,0,0,0.0,0.0,0.0,0.0,0.0,0.0,0.0,0.0,0.49593263707123425
624,1,624.0,624.0,0,0.0,0.0,0,0,0.0,0.0,0.0,0.0,0.0,0.0,0.0,0.0,0.49593263707123425
625,1,625.0,625.0,0,0.0,0.0,0,0,0.0,1.0,1.0,0.0,0.0,0.0,0.0,0.0,0.49593295379070074
626,1,626.0,626.0,0,0.0,0.0,0,0,0.0,1.0,1.0,0.0,0.0,0.0,0.0,0.0,0.49593295379070074
627,1,627.0,627.0,0,0.0,0.0,0,0,0.0,0.0,0.0,0.0,0.0,0.0,0.0,0.0,0.49593263707123425
628,1,628.0,628.0,0,0.0,0.0,0,0,0.0,0.0,0.0,0.0,0.0,0.0,0.0,0.0,0.49593263707123425
629,1,629.0,629.0,0,0.0,0.0,0,0,0.0,10711.0,10711.0,0.0,0.0,0.0,0.0,0.0,0.49932751528296954
630,1,630.0,630.0,0,0.0,0.0,0,0,0.0,49233.00366623999,49252.0,0.0,0.0,0.0,0.0,0.0,0.5115056892992118
631,1,631.0,631.0,0,0.0,0.0,0,0,0.0,0.0,0.0,0.0,0.0,0.0,0.0,0.0,0.49593263707123425
632,1,632.0,632.0,0,0.0,0.0,0,0,0.0,1.0,1.0,0.0,0.0,0.0,0.0,0.0,0.49593295379070074
633,1,633.0,633.0,0,0.0,0.0,0,0,0.0,84110.0,84110.0,0.0,0.0,0.0,0.0,0.0,0.5223082900697374
634,1,634.0,634.0,0,0.0,0.0,0,0,0.0,0.0,0.0,0.0,0.0,0.0,0.0,0.0,0.49593263707123425
635,1,635.0,635.0,0,0.0,0.0,0,0,0.0,0.0,0.0,0.0,0.0,0.0,0.0,0.0,0.49593263707123425
636,1,636.0,636.0,0,0.0,0.0,0,0,0.0,14101.0,14101.0,0.0,0.0,0.0,0.0,0.0,0.5004024770791664
637,1,637.0,637.0,0,0.0,0.0,0,0,0.0,0.0,0.0,0.0,0.0,0.0,0.0,0.0,0.49593263707123425
638,1,638.0,638.0,0,0.0,0.0,0,0,0.0,1.0,1.0,0.0,0.0,0.0,0.0,0.0,0.49593295379070074
639,1,639.0,639.0,0,0.0,0.0,0,0,0.0,1.0,1.0,0.0,0.0,0.0,0.0,0.0,0.49593295379070074
640,1,640.0,640.0,0,0.0,0.0,0,0,0.0,1291.0,1291.0,0.0,0.0,0.0,0.0,0.0,0.4963415708593595
641,1,641.0,641.0,0,0.0,0.0,0,0,0.0,13945.006059518224,13958.0,0.0,0.0,0.0,0.0,0.0,0.5003550730373391
642,1,642.0,642.0,0,0.0,0.0,0,0,0.0,41002.0,41002.0,0.0,0.0,0.0,0.0,0.0,0.5089140120995489
643,1,643.0,643.0,0,0.0,0.0,0,0,0.0,0.0,0.0,0.0,0.0,0.0,0.0,0.0,0.49593263707123425
644,1,644.0,644.0,0,0.0,0.0,0,0,0.0,0.0,0.0,0.0,0.0,0.0,0.0,0.0,0.49593263707123425
645,1,645.0,645.0,0,0.0,0.0,0,0,0.0,1.0,1.0,0.0,0.0,0.0,0.0,0.0,0.49593295379070074
646,1,646.0,646.0,0,0.0,0.0,0,0,0.0,0.0,0.0,0.0,0.0,0.0,0.0,0.0,0.49593263707123425
647,1,647.0,647.0,0,0.0,0.0,0,0,0.0,1.0,1.0,0.0,0.0,0.0,0.0,0.0,0.49593295379070074
648,1,648.0,648.0,0,0.0,0.0,0,0,0.0,1.0,1.0,0.0,0.0,0.0,0.0,0.0,0.49593295379070074
649,1,649.0,649.0,0,0.0,0.0,0,0,0.0,0.0,0.0,0.0,0.0,0.0,0.0,0.0,0.49593263707123425
650,1,650.0,650.0,0,0.0,0.0,0,0,0.0,36002.0,36002.0,0.0,0.0,0.0,0.0,0.0,0.5073367543184166
651,1,651.0,651.0,0,0.0,0.0,0,0,0.0,49221.0,49221.0,0.0,0.0,0.0,0.0,0.0,0.5114989404393326
652,1,652.0,652.0,0,0.0,0.0,0,0,0.0,1.0,1.0,0.0,0.0,0.0,0.0,0.0,0.49593295379070074
653,1,653.0,653.0,0,0.0,0.0,0,0,0.0,97006.0,97006.0,0.0,0.0,0.0,0.0,0.0,0.5262112740634938
654,1,654.0,654.0,0,0.0,0.0,0,0,0.0,0.0,0.0,0.0,0.0,0.0,0.0,0.0,0.49593263707123425
655,1,655.0,655.0,0,0.0,0.0,0,0,0.0,0.0,0.0,0.0,0.0,0.0,0.0,0.0,0.49593263707123425
656,1,656.0,656.0,0,0.0,0.0,0,0,0.0,1.0,1.0,0.0,0.0,0.0,0.0,0.0,0.49593295379070074
657,1,657.0,657.0,0,0.0,0.0,0,0,0.0,0.0,0.0,0.0,0.0,0.0,0.0,0.0,0.49593263707123425
658,1,658.0,658.0,0,0.0,0.0,0,0,0.0,1.0,1.0,0.0,0.0,0.0,0.0,0.0,0.49593295379070074
659,1,659.0,659.0,0,0.0,0.0,0,0,0.0,1.0,1.0,0.0,0.0,0.0,0.0,0.0,0.49593295379070074
660,1,660.0,660.0,0,0.0,0.0,0,0,0.0,1.0,1.0,0.0,0.0,0.0,0.0,0.0,0.49593295379070074
661,1,661.0,661.0,0,0.0,0.0,0,0,0.0,0.0,0.0,0.0,0.0,0.0,0.0,0.0,0.49593263707123425
662,1,662.0,662.0,0,0.0,0.0,0,0,0.0,14101.0,14101.0,0.0,0.0,0.0,0.0,0.0,0.5004024770791664
663,1,663.0,663.0,0,0.0,0.0,0,0,0.0,1.0,1.0,0.0,0.0,0.0,0.0,0.0,0.49593295379070074
664,1,664.0,664.0,0,0.0,0.0,0,0,0.0,47817.0,47817.0,0.0,0.0,0.0,0.0,0.0,0.51105814679926
665,1,665.0,665.0,0,0.0,0.0,0,0,0.0,1.0,1.0,0.0,0.0,0.0,0.0,0.0,0.49593295379070074
666,1,666.0,666.0,0,0.0,0.0,0,0,0.0,84130.0,84130.0,0.0,0.0,0.0,0.0,0.0,0.5223143881107919
667,1,667.0,667.0,0,0.0,0.0,0,0,0.0,0.0,0.0,0.0,0.0,0.0,0.0,0.0,0.49593263707123425
668,1,668.0,668.0,0,0.0,0.0,0,0,0.0,0.0,0.0,0.0,0.0,0.0,0.0,0.0,0.49593263707123425
669,1,669.0,669.0,0,0.0,0.0,0,0,0.0,0.0,0.0,0.0,0.0,0.0,0.0,0.0,0.49593263707123425
670,1,670.0,670.0,0,0.0,0.0,0,0,0.0,1.0,1.0,0.0,0.0,0.0,0.0,0.0,0.49593295379070074
671,1,671.0,671.0,0,0.0,0.0,0,0,0.0,1.0,1.0,0.0,0.0,0.0,0.0,0.0,0.49593295379070074
672,1,672.0,672.0,0,0.0,0.0,0,0,0.0,1.0,1.0,0.0,0.0,0.0,0.0,0.0,0.49593295379070074
673,1,673.0,673.0,0,0.0,0.0,0,0,0.0,85102.0,85102.0,0.0,0.0,0.0,0.0,0.0,0.5226105921597335
674,1,674.0,674.0,0,0.0,0.0,0,0,0.0,1.0,1.0,0.0,0.0,0.0,0.0,0.0,0.49593295379070074
675,1,675.0,675.0,0,0.0,0.0,0,0,0.0,0.0,0.0,0.0,0.0,0.0,0.0,0.0,0.49593263707123425
676,1,676.0,676.0,0,0.0,0.0,0,0,0.0,0.0,0.0,0.0,0.0,0.0,0.0,0.0,0.49593263707123425
677,1,677.0,677.0,0,0.0,0.0,0,0,0.0,13.038404810405298,14.0,0.0,0.0,0.0,0.0,0.0,0.4959369189176168
678,1,678.0,678.0,0,0.0,0.0,0,0,0.0,0.0,0.0,0.0,0.0,0.0,0.0,0.0,0.49593263707123425
679,1,679.0,679.0,0,0.0,0.0,0,0,0.0,97005.0,97005.0,0.0,0.0,0.0,0.0,0.0,0.5262109737791946
680,1,680.0,680.0,0,0.0,0.0,0,0,0.0,1.0,1.0,0.0,0.0,0.0,0.0,0.0,0.49593295379070074
681,1,681.0,681.0,0,0.0,0.0,0,0,0.0,49212.0,49212.0,0.0,0.0,0.0,0.0,0.0,0.5114961159347567
682,1,682.0,682.0,0,0.0,0.0,0,0,0.0,47113.0,47113.0,0.0,0.0,0.0,0.0,0.0,0.5108369949923434
683,1,683.0,683.0,0,0.0,0.0,0,0,0.0,0.0,0.0,0.0,0.0,0.0,0.0,0.0,0.49593263707123425
684,1,684.0,684.0,0,0.0,0.0,0,0,0.0,0.0,0.0,0.0,0.0,0.0,0.0,0.0,0.49593263707123425
685,1,685.0,685.0,0,0.0,0.0,0,0,0.0,1.0,1.0,0.0,0.0,0.0,0.0,0.0,0.49593295379070074
686,1,686.0,686.0,0,0.0,0.0,0,0,0.0,1.0,1.0,0.0,0.0,0.0,0.0,0.0,0.49593295379070074
687,1,687.0,687.0,0,0.0,0.0,0,0,0.0,0.0,0.0,0.0,0.0,0.0,0.0,0.0,0.49593263707123425
688,1,688.0,688.0,0,0.0,0.0,0,0,0.0,0.0,0.0,0.0,0.0,0.0,0.0,0.0,0.49593263707123425
689,1,689.0,689.0,0,0.0,0.0,0,0,0.0,46496.0,46496.0,0.0,0.0,0.0,0.0,0.0,0.5106431049727279
690,1,690.0,690.0,0,0.0,0.0,0,0,0.0,1.0,1.0,0.0,0.0,0.0,0.0,0.0,0.49593295379070074
691,1,691.0,691.0,0,0.0,0.0,0,0,0.0,1.0,1.0,0.0,0.0,0.0,0.0,0.0,0.49593295379070074
692,1,692.0,692.0,0,0.0,0.0,0,0,0.0,0.0,0.0,0.0,0.0,0.0,0.0,0.0,0.49593263707123425
693,1,693.0,693.0,0,0.0,0.0,0,0,0.0,1.0,1.0,0.0,0.0,0.0,0.0,0.0,0.49593295379070074
694,1,694.0,694.0,0,0.0,0.0,0,0,0.0,0.0,0.0,0.0,0.0,0.0,0.0,0.0,0.49593263707123425
695,1,695.0,695.0,0,0.0,0.0,0,0,0.0,46900.0,46900.0,0.0,0.0,0.0,0.0,0.0,0.5107700676352629
696,1,696.0,696.0,0,0.0,0.0,0,0,0.0,1.0,1.0,0.0,0.0,0.0,0.0,0.0,0.49593295379070074
697,1,697.0,697.0,0,0.0,0.0,0,0,0.0,1.0,1.0,0.0,0.0,0.0,0.0,0.0,0.49593295379070074
698,1,698.0,698.0,0,0.0,0.0,0,0,0.0,0.0,0.0,0.0,0.0,0.0,0.0,0.0,0.49593263707123425
699,1,699.0,699.0,0,0.0,0.0,0,0,0.0,0.0,0.0,0.0,0.0,0.0,0.0,0.0,0.49593263707123425
700,1,700.0,700.0,0,0.0,0.0,0,0,0.0,49221.0,49221.0,0.0,0.0,0.0,0.0,0.0,0.5114989404393326
701,1,701.0,701.0,0,0.0,0.0,0,0,0.0,31001.0,31001.0,0.0,0.0,0.0,0.0,0.0,0.5057563300152417
702,1,702.0,702.0,0,0.0,0.0,0,0,0.0,1.0,1.0,0.0,0.0,0.0,0.0,0.0,0.49593295379070074
703,1,703.0,703.0,0,0.0,0.0,0,0,0.0,1.0,1.0,0.0,0.0,0.0,0.0,0.0,0.49593295379070074
704,1,704.0,704.0,0,0.0,0.0,0,0,0.0,1.0,1.0,0.0,0.0,0.0,0.0,0.0,0.49593295379070074
705,1,705.0,705.0,0,0.0,0.0,0,0,0.0,16213.0,16213.0,0.0,0.0,0.0,0.0,0.0,0.5010721544635266
706,1,706.0,706.0,0,0.0,0.0,0,0,0.0,0.0,0.0,0.0,0.0,0.0,0.0,0.0,0.49593263707123425
707,1,707.0,707.0,0,0.0,0.0,0,0,0.0,1.0,1.0,0.0,0.0,0.0,0.0,0.0,0.49593295379070074
708,1,708.0,708.0,0,0.0,0.0,0,0,0.0,22202.00225204925,22212.0,0.0,0.0,0.0,0.0,0.0,0.5029721520762854
709,1,709.0,709.0,0,0.0,0.0,0,0,0.0,0.0,0.0,0.0,0.0,0.0,0.0,0.0,0.49593263707123425
710,1,710.0,710.0,0,0.0,0.0,0,0,0.0,0.0,0.0,0.0,0.0,0.0,0.0,0.0,0.49593263707123425
711,1,711.0,711.0,0,0.0,0.0,0,0,0.0,1.0,1.0,0.0,0.0,0.0,0.0,0.0,0.49593295379070074
712,1,712.0,712.0,0,0.0,0.0,0,0,0.0,41003.0,41003.0,0.0,0.0,0.0,0.0,0.0,0.5089143272261039
713,1,713.0,713.0,0,0.0,0.0,0,0,0.0,97006.0,97006.0,0.0,0.0,0.0,0.0,0.0,0.5262112740634938
714,1,714.0,714.0,0,0.0,0.0,0,0,0.0,0.0,0.0,0.0,0.0,0.0,0.0,0.0,0.49593263707123425
715,1,715.0,715.0,0,0.0,0.0,0,0,0.0,1.0,1.0,0.0,0.0,0.0,0.0,0.0,0.49593295379070074
716,1,716.0,716.0,0,0.0,0.0,0,0,0.0,0.0,0.0,0.0,0.0,0.0,0.0,0.0,0.49593263707123425
717,1,717.0,717.0,0,0.0,0.0,0,0,0.0,0.0,0.0,0.0,0.0,0.0,0.0,0.0,0.49593263707123425
718,1,718.0,718.0,0,0.0,0.0,0,0,0.0,1.0,1.0,0.0,0.0,0.0,0.0,0.0,0.49593295379070074
719,1,719.0,719.0,0,0.0,0.0,0,0,0.0,41003.00059751725,41010.0,0.0,0.0,0.0,0.0,0.0,0.5089154306003416
720,1,720.0,720.0,0,0.0,0.0,0,0,0.0,0.0,0.0,0.0,0.0,0.0,0.0,0.0,0.49593263707123425
721,1,721.0,721.0,0,0.0,0.0,0,0,0.0,41002.0,41002.0,0.0,0.0,0.0,0.0,0.0,0.5089140120995489
722,1,722.0,722.0,0,0.0,0.0,0,0,0.0,1.0,1.0,0.0,0.0,0.0,0.0,0.0,0.49593295379070074
723,1,723.0,723.0,0,0.0,0.0,0,0,0.0,1.0,1.0,0.0,0.0,0.0,0.0,0.0,0.49593295379070074
724,1,724.0,724.0,0,0.0,0.0,0,0,0.0,1.0,1.0,0.0,0.0,0.0,0.0,0.0,0.49593295379070074
725,1,725.0,725.0,0,0.0,0.0,0,0,0.0,0.0,0.0,0.0,0.0,0.0,0.0,0.0,0.49593263707123425
726,1,726.0,726.0,0,0.0,0.0,0,0,0.0,0.0,0.0,0.0,0.0,0.0,0.0,0.0,0.49593263707123425
727,1,727.0,727.0,0,0.0,0.0,0,0,0.0,1.0,1.0,0.0,0.0,0.0,0.0,0.0,0.49593295379070074
728,1,728.0,728.0,0,0.0,0.0,0,0,0.0,46521.0,46521.0,0.0,0.0,0.0,0.0,0.0,0.5106509623530227
729,1,729.0,729.0,0,0.0,0.0,0,0,0.0,1.0,1.0,0.0,0.0,0.0,0.0,0.0,0.49593295379070074
730,1,730.0,730.0,0,0.0,0.0,0,0,0.0,14101.0,14101.0,0.0,0.0,0.0,0.0,0.0,0.5004024770791664
731,1,731.0,731.0,0,0.0,0.0,0,0,0.0,1.0,1.0,0.0,0.0,0.0,0.0,0.0,0.49593295379070074
732,1,732.0,732.0,0,0.0,0.0,0,0,0.0,1.0,1.0,0.0,0.0,0.0,0.0,0.0,0.49593295379070074
733,1,733.0,733.0,0,0.0,0.0,0,0,0.0,0.0,0.0,0.0,0.0,0.0,0.0,0.0,0.49593263707123425
734,1,734.0,734.0,0,0.0,0.0,0,0,0.0,1.0,1.0,0.0,0.0,0.0,0.0,0.0,0.49593295379070074
735,1,735.0,735.0,0,0.0,0.0,0,0,0.0,0.0,0.0,0.0,0.0,0.0,0.0,0.0,0.49593263707123425
736,1,736.0,736.0,0,0.0,0.0,0,0,0.0,1.0,1.0,0.0,0.0,0.0,0.0,0.0,0.49593295379070074
737,1,737.0,737.0,0,0.0,0.0,0,0,0.0,85211.0,85211.0,0.0,0.0,0.0,0.0,0.0,0.5226437887241725
738,1,738.0,738.0,0,0.0,0.0,0,0,0.0,0.0,0.0,0.0,0.0,0.0,0.0,0.0,0.49593263707123425
739,1,739.0,739.0,0,0.0,0.0,0,0,0.0,0.0,0.0,0.0,0.0,0.0,0.0,0.0,0.49593263707123425
740,1,740.0,740.0,0,0.0,0.0,0,0,0.0,1.0,1.0,0.0,0.0,0.0,0.0,0.0,0.49593295379070074
741,1,741.0,741.0,0,0.0,0.0,0,0,0.0,1.0,1.0,0.0,0.0,0.0,0.0,0.0,0.49593295379070074
742,1,742.0,742.0,0,0.0,0.0,0,0,0.0,41002.0,41002.0,0.0,0.0,0.0,0.0,0.0,0.5089140120995489
743,1,743.0,743.0,0,0.0,0.0,0,0,0.0,0.0,0.0,0.0,0.0,0.0,0.0,0.0,0.49593263707123425
744,1,744.0,744.0,0,0.0,0.0,0,0,0.0,0.0,0.0,0.0,0.0,0.0,0.0,0.0,0.49593263707123425
745,1,745.0,745.0,0,0.0,0.0,0,0,0.0,0.0,0.0,0.0,0.0,0.0,0.0,0.0,0.49593263707123425
746,1,746.0,746.0,0,0.0,0.0,0,0,0.0,0.0,0.0,0.0,0.0,0.0,0.0,0.0,0.49593263707123425
747,1,747.0,747.0,0,0.0,0.0,0,0,0.0,1.0,1.0,0.0,0.0,0.0,0.0,0.0,0.49593295379070074
748,1,748.0,748.0,0,0.0,0.0,0,0,0.0,0.0,0.0,0.0,0.0,0.0,0.0,0.0,0.49593263707123425
749,1,749.0,749.0,0,0.0,0.0,0,0,0.0,1.0,1.0,0.0,0.0,0.0,0.0,0.0,0.49593295379070074
750,1,750.0,750.0,0,0.0,0.0,0,0,0.0,0.0,0.0,0.0,0.0,0.0,0.0,0.0,0.49593263707123425
751,1,751.0,751.0,0,0.0,0.0,0,0,0.0,0.0,0.0,0.0,0.0,0.0,0.0,0.0,0.49593263707123425
752,1,752.0,752.0,0,0.0,0.0,0,0,0.0,47598.0,47598.0,0.0,0.0,0.0,0.0,0.0,0.5109893599557832
753,1,753.0,753.0,0,0.0,0.0,0,0,0.0,0.0,0.0,0.0,0.0,0.0,0.0,0.0,0.49593263707123425
754,1,754.0,754.0,0,0.0,0.0,0,0,0.0,0.0,0.0,0.0,0.0,0.0,0.0,0.0,0.49593263707123425
755,1,755.0,755.0,0,0.0,0.0,0,0,0.0,0.0,0.0,0.0,0.0,0.0,0.0,0.0,0.49593263707123425
756,1,756.0,756.0,0,0.0,0.0,0,0,0.0,14101.0,14101.0,0.0,0.0,0.0,0.0,0.0,0.5004024770791664
757,1,757.0,757.0,0,0.0,0.0,0,0,0.0,1.0,1.0,0.0,0.0,0.0,0.0,0.0,0.49593295379070074
758,1,758.0,758.0,0,0.0,0.0,0,0,0.0,0.0,0.0,0.0,0.0,0.0,0.0,0.0,0.49593263707123425
759,1,759.0,759.0,0,0.0,0.0,0,0,0.0,0.0,0.0,0.0,0.0,0.0,0.0,0.0,0.49593263707123425
760,1,760.0,760.0,0,0.0,0.0,0,0,0.0,0.0,0.0,0.0,0.0,0.0,0.0,0.0,0.49593263707123425
761,1,761.0,761.0,0,0.0,0.0,0,0,0.0,0.0,0.0,0.0,0.0,0.0,0.0,0.0,0.49593263707123425
762,1,762.0,762.0,0,0.0,0.0,0,0,0.0,0.0,0.0,0.0,0.0,0.0,0.0,0.0,0.49593263707123425
763,1,763.0,763.0,0,0.0,0.0,0,0,0.0,1.0,1.0,0.0,0.0,0.0,0.0,0.0,0.49593295379070074
764,1,764.0,764.0,0,0.0,0.0,0,0,0.0,1.4142135623730951,2.0,0.0,0.0,0.0,0.0,0.0,0.4959331777736431
765,1,765.0,765.0,0,0.0,0.0,0,0,0.0,0.0,0.0,0.0,0.0,0.0,0.0,0.0,0.49593263707123425
766,1,766.0,766.0,0,0.0,0.0,0,0,0.0,47817.0,47817.0,0.0,0.0,0.0,0.0,0.0,0.51105814679926
767,1,767.0,767.0,0,0.0,0.0,0,0,0.0,1.0,1.0,0.0,0.0,0.0,0.0,0.0,0.49593295379070074
768,1,768.0,768.0,0,0.0,0.0,0,0,0.0,85229.0,85229.0,0.0,0.0,0.0,0.0,0.0,0.5226492703410566
769,1,769.0,769.0,0,0.0,0.0,0,0,0.0,0.0,0.0,0.0,0.0,0.0,0.0,0.0,0.49593263707123425
770,1,770.0,770.0,0,0.0,0.0,0,0,0.0,1.0,1.0,0.0,0.0,0.0,0.0,0.0,0.49593295379070074
771,1,771.0,771.0,0,0.0,0.0,0,0,0.0,47113.0,47113.0,0.0,0.0,0.0,0.0,0.0,0.5108369949923434
772,1,772.0,772.0,0,0.0,0.0,0,0,0.0,10711.005648397351,10722.0,0.0,0.0,0.0,0.0,0.0,0.4993292607209599
773,1,773.0,773.0,0,0.0,0.0,0,0,0.0,1.0,1.0,0.0,0.0,0.0,0.0,0.0,0.49593295379070074
774,1,774.0,774.0,0,0.0,0.0,0,0,0.0,86202.0,86202.0,0.0,0.0,0.0,0.0,0.0,0.5229454192363072
775,1,775.0,775.0,0,0.0,0.0,0,0,0.0,1.0,1.0,0.0,0.0,0.0,0.0,0.0,0.49593295379070074
776,1,776.0,776.0,0,0.0,0.0,0,0,0.0,36002.0,36002.0,0.0,0.0,0.0,0.0,0.0,0.5073367543184166
777,1,777.0,777.0,0,0.0,0.0,0,0,0.0,14104.0,14104.0,0.0,0.0,0.0,0.0,0.0,0.5004034283610509
778,1,778.0,778.0,0,0.0,0.0,0,0,0.0,0.0,0.0,0.0,0.0,0.0,0.0,0.0,0.49593263707123425
779,1,779.0,779.0,0,0.0,0.0,0,0,0.0,46521.0,46521.0,0.0,0.0,0.0,0.0,0.0,0.5106509623530227
780,1,780.0,780.0,0,0.0,0.0,0,0,0.0,61901.0,61901.0,0.0,0.0,0.0,0.0,0.0,0.5154625547884457
781,1,781.0,781.0,0,0.0,0.0,0,0,0.0,1.0,1.0,0.0,0.0,0.0,0.0,0.0,0.49593295379070074
782,1,782.0,782.0,0,0.0,0.0,0,0,0.0,0.0,0.0,0.0,0.0,0.0,0.0,0.0,0.49593263707123425
783,1,783.0,783.0,0,0.0,0.0,0,0,0.0,1.0,1.0,0.0,0.0,0.0,0.0,0.0,0.49593295379070074
784,1,784.0,784.0,0,0.0,0.0,0,0,0.0,0.0,0.0,0.0,0.0,0.0,0.0,0.0,0.49593263707123425
785,1,785.0,785.0,0,0.0,0.0,0,0,0.0,16.0312195418814,17.0,0.0,0.0,0.0,0.0,0.0,0.49593786794115496
786,1,786.0,786.0,0,0.0,0.0,0,0,0.0,1.0,1.0,0.0,0.0,0.0,0.0,0.0,0.49593295379070074
787,1,787.0,787.0,0,0.0,0.0,0,0,0.0,0.0,0.0,0.0,0.0,0.0,0.0,0.0,0.49593263707123425
788,1,788.0,788.0,0,0.0,0.0,0,0,0.0,1.0,1.0,0.0,0.0,0.0,0.0,0.0,0.49593295379070074
789,1,789.0,789.0,0,0.0,0.0,0,0,0.0,0.0,0.0,0.0,0.0,0.0,0.0,0.0,0.49593263707123425
790,1,790.0,790.0,0,0.0,0.0,0,0,0.0,1.0,1.0,0.0,0.0,0.0,0.0,0.0,0.49593295379070074
791,1,791.0,791.0,0,0.0,0.0,0,0,0.0,0.0,0.0,0.0,0.0,0.0,0.0,0.0,0.49593263707123425
792,1,792.0,792.0,0,0.0,0.0,0,0,0.0,0.0,0.0,0.0,0.0,0.0,0.0,0.0,0.49593263707123425
793,1,793.0,793.0,0,0.0,0.0,0,0,0.0,11041.0,11041.0,0.0,0.0,0.0,0.0,0.0,0.4994321562315687
794,1,794.0,794.0,0,0.0,0.0,0,0,0.0,9.055385138137416,10.0,0.0,0.0,0.0,0.0,0.0,0.4959356547252491
795,1,795.0,795.0,0,0.0,0.0,0,0,0.0,84110.0,84110.0,0.0,0.0,0.0,0.0,0.0,0.5223082900697374
796,1,796.0,796.0,0,0.0,0.0,0,0,0.0,47113.0,47113.0,0.0,0.0,0.0,0.0,0.0,0.5108369949923434
797,1,797.0,797.0,0,0.0,0.0,0,0,0.0,12.041594578792296,13.0,0.0,0.0,0.0,0.0,0.0,0.4959366027023657
798,1,798.0,798.0,0,0.0,0.0,0,0,0.0,43301.0,43301.0,0.0,0.0,0.0,0.0,0.0,0.5096381140857611
799,1,799.0,799.0,0,0.0,0.0,0,0,0.0,1.0,1.0,0.0,0.0,0.0,0.0,0.0,0.49593295379070074
800,1,800.0,800.0,0,0.0,0.0,0,0,0.0,1.0,1.0,0.0,0.0,0.0,0.0,0.0,0.49593295379070074
801,1,801.0,801.0,0,0.0,0.0,0,0,0.0,1.0,1.0,0.0,0.0,0.0,0.0,0.0,0.49593295379070074
802,1,802.0,802.0,0,0.0,0.0,0,0,0.0,1.0,1.0,0.0,0.0,0.0,0.0,0.0,0.49593295379070074
803,1,803.0,803.0,0,0.0,0.0,0,0,0.0,0.0,0.0,0.0,0.0,0.0,0.0,0.0,0.49593263707123425
804,1,804.0,804.0,0,0.0,0.0,0,0,0.0,1.0,1.0,0.0,0.0,0.0,0.0,0.0,0.49593295379070074
805,1,805.0,805.0,0,0.0,0.0,0,0,0.0,1.0,1.0,0.0,0.0,0.0,0.0,0.0,0.49593295379070074
806,1,806.0,806.0,0,0.0,0.0,0,0,0.0,49232.0,49232.0,0.0,0.0,0.0,0.0,0.0,0.5115023925921492
807,1,807.0,807.0,0,0.0,0.0,0,0,0.0,0.0,0.0,0.0,0.0,0.0,0.0,0.0,0.49593263707123425
808,1,808.0,808.0,0,0.0,0.0,0,0,0.0,1.0,1.0,0.0,0.0,0.0,0.0,0.0,0.49593295379070074
809,1,809.0,809.0,0,0.0,0.0,0,0,0.0,41001.0,41001.0,0.0,0.0,0.0,0.0,0.0,0.508913696972856
810,1,810.0,810.0,0,0.0,0.0,0,0,0.0,3.1622776601683795,4.0,0.0,0.0,0.0,0.0,0.0,0.49593377132854277
811,1,811.0,811.0,0,0.0,0.0,0,0,0.0,0.0,0.0,0.0,0.0,0.0,0.0,0.0,0.49593263707123425
812,1,812.0,812.0,0,0.0,0.0,0,0,0.0,85492.0,85492.0,0.0,0.0,0.0,0.0,0.0,0.5227293504015041
813,1,813.0,813.0,0,0.0,0.0,0,0,0.0,0.0,0.0,0.0,0.0,0.0,0.0,0.0,0.49593263707123425
814,1,814.0,814.0,0,0.0,0.0,0,0,0.0,97006.0,97006.0,0.0,0.0,0.0,0.0,0.0,0.5262112740634938
815,1,815.0,815.0,0,0.0,0.0,0,0,0.0,84120.0,84120.0,0.0,0.0,0.0,0.0,0.0,0.5223113391068676
816,1,816.0,816.0,0,0.0,0.0,0,0,0.0,0.0,0.0,0.0,0.0,0.0,0.0,0.0,0.49593263707123425
817,1,817.0,817.0,0,0.0,0.0,0,0,0.0,13921.0,13921.0,0.0,0.0,0.0,0.0,0.0,0.5003454000421356
818,1,818.0,818.0,0,0.0,0.0,0,0,0.0,0.0,0.0,0.0,0.0,0.0,0.0,0.0,0.49593263707123425
819,1,819.0,819.0,0,0.0,0.0,0,0,0.0,1.0,1.0,0.0,0.0,0.0,0.0,0.0,0.49593295379070074
820,1,820.0,820.0,0,0.0,0.0,0,0,0.0,0.0,0.0,0.0,0.0,0.0,0.0,0.0,0.49593263707123425
821,1,821.0,821.0,0,0.0,0.0,0,0,0.0,1.0,1.0,0.0,0.0,0.0,0.0,0.0,0.49593295379070074
822,1,822.0,822.0,0,0.0,0.0,0,0,0.0,85102.0,85102.0,0.0,0.0,0.0,0.0,0.0,0.5226105921597335
823,1,823.0,823.0,0,0.0,0.0,0,0,0.0,97006.0,97006.0,0.0,0.0,0.0,0.0,0.0,0.5262112740634938
824,1,824.0,824.0,0,0.0,0.0,0,0,0.0,1.0,1.0,0.0,0.0,0.0,0.0,0.0,0.49593295379070074
825,1,825.0,825.0,0,0.0,0.0,0,0,0.0,0.0,0.0,0.0,0.0,0.0,0.0,0.0,0.49593263707123425
826,1,826.0,826.0,0,0.0,0.0,0,0,0.0,1.0,1.0,0.0,0.0,0.0,0.0,0.0,0.49593295379070074
827,1,827.0,827.0,0,0.0,0.0,0,0,0.0,1.0,1.0,0.0,0.0,0.0,0.0,0.0,0.49593295379070074
828,1,828.0,828.0,0,0.0,0.0,0,0,0.0,1.0,1.0,0.0,0.0,0.0,0.0,0.0,0.49593295379070074
829,1,829.0,829.0,0,0.0,0.0,0,0,0.0,0.0,0.0,0.0,0.0,0.0,0.0,0.0,0.49593263707123425
830,1,830.0,830.0,0,0.0,0.0,0,0,0.0,47113.0,47113.0,0.0,0.0,0.0,0.0,0.0,0.5108369949923434
831,1,831.0,831.0,0,0.0,0.0,0,0,0.0,33150.0,33150.0,0.0,0.0,0.0,0.0,0.0,0.506435771412484
832,1,832.0,832.0,0,0.0,0.0,0,0,0.0,64191.0,64191.0,0.0,0.0,0.0,0.0,0.0,0.5161746208242027
833,1,833.0,833.0,0,0.0,0.0,0,0,0.0,0.0,0.0,0.0,0.0,0.0,0.0,0.0,0.49593263707123425
834,1,834.0,834.0,0,0.0,0.0,0,0,0.0,47529.0,47529.0,0.0,0.0,0.0,0.0,0.0,0.5109676857058186
835,1,835.0,835.0,0,0.0,0.0,0,0,0.0,1.0,1.0,0.0,0.0,0.0,0.0,0.0,0.49593295379070074
836,1,836.0,836.0,0,0.0,0.0,0,0,0.0,1.0,1.0,0.0,0.0,0.0,0.0,0.0,0.49593295379070074
837,1,837.0,837.0,0,0.0,0.0,0,0,0.0,0.0,0.0,0.0,0.0,0.0,0.0,0.0,0.49593263707123425
838,1,838.0,838.0,0,0.0,0.0,0,0,0.0,0.0,0.0,0.0,0.0,0.0,0.0,0.0,0.49593263707123425
839,1,839.0,839.0,0,0.0,0.0,0,0,0.0,1.0,1.0,0.0,0.0,0.0,0.0,0.0,0.49593295379070074
840,1,840.0,840.0,0,0.0,0.0,0,0,0.0,56210.00107632093,56221.0,0.0,0.0,0.0,0.0,0.0,0.5136894567695516
841,1,841.0,841.0,0,0.0,0.0,0,0,0.0,0.0,0.0,0.0,0.0,0.0,0.0,0.0,0.49593263707123425
842,1,842.0,842.0,0,0.0,0.0,0,0,0.0,0.0,0.0,0.0,0.0,0.0,0.0,0.0,0.49593263707123425
843,1,843.0,843.0,0,0.0,0.0,0,0,0.0,41002.0,41002.0,0.0,0.0,0.0,0.0,0.0,0.5089140120995489
844,1,844.0,844.0,0,0.0,0.0,0,0,0.0,1.0,1.0,0.0,0.0,0.0,0.0,0.0,0.49593295379070074
845,1,845.0,845.0,0,0.0,0.0,0,0,0.0,0.0,0.0,0.0,0.0,0.0,0.0,0.0,0.49593263707123425
846,1,846.0,846.0,0,0.0,0.0,0,0,0.0,0.0,0.0,0.0,0.0,0.0,0.0,0.0,0.49593263707123425
847,1,847.0,847.0,0,0.0,0.0,0,0,0.0,84130.00005348865,84133.0,0.0,0.0,0.0,0.0,0.0,0.5223148456078809
848,1,848.0,848.0,0,0.0,0.0,0,0,0.0,1.0,1.0,0.0,0.0,0.0,0.0,0.0,0.49593295379070074
849,1,849.0,849.0,0,0.0,0.0,0,0,0.0,0.0,0.0,0.0,0.0,0.0,0.0,0.0,0.49593263707123425
850,1,850.0,850.0,0,0.0,0.0,0,0,0.0,46521.0,46521.0,0.0,0.0,0.0,0.0,0.0,0.5106509623530227
851,1,851.0,851.0,0,0.0,0.0,0,0,0.0,1.0,1.0,0.0,0.0,0.0,0.0,0.0,0.49593295379070074
852,1,852.0,852.0,0,0.0,0.0,0,0,0.0,1.0,1.0,0.0,0.0,0.0,0.0,0.0,0.49593295379070074
853,1,853.0,853.0,0,0.0,0.0,0,0,0.0,1.0,1.0,0.0,0.0,0.0,0.0,0.0,0.49593295379070074
854,1,854.0,854.0,0,0.0,0.0,0,0,0.0,0.0,0.0,0.0,0.0,0.0,0.0,0.0,0.49593263707123425
855,1,855.0,855.0,0,0.0,0.0,0,0,0.0,0.0,0.0,0.0,0.0,0.0,0.0,0.0,0.49593263707123425
856,1,856.0,856.0,0,0.0,0.0,0,0,0.0,1.0,1.0,0.0,0.0,0.0,0.0,0.0,0.49593295379070074
857,1,857.0,857.0,0,0.0,0.0,0,0,0.0,1.0,1.0,0.0,0.0,0.0,0.0,0.0,0.49593295379070074
858,1,858.0,858.0,0,0.0,0.0,0,0,0.0,1.0,1.0,0.0,0.0,0.0,0.0,0.0,0.49593295379070074
859,1,859.0,859.0,0,0.0,0.0,0,0,0.0,0.0,0.0,0.0,0.0,0.0,0.0,0.0,0.49593263707123425
860,1,860.0,860.0,0,0.0,0.0,0,0,0.0,49232.0,49232.0,0.0,0.0,0.0,0.0,0.0,0.5115023925921492
861,1,861.0,861.0,0,0.0,0.0,0,0,0.0,1.0,1.0,0.0,0.0,0.0,0.0,0.0,0.49593295379070074
862,1,862.0,862.0,0,0.0,0.0,0,0,0.0,1.0,1.0,0.0,0.0,0.0,0.0,0.0,0.49593295379070074
863,1,863.0,863.0,0,0.0,0.0,0,0,0.0,0.0,0.0,0.0,0.0,0.0,0.0,0.0,0.49593263707123425
864,1,864.0,864.0,0,0.0,0.0,0,0,0.0,47721.0,47721.0,0.0,0.0,0.0,0.0,0.0,0.5110279946641189
865,1,865.0,865.0,0,0.0,0.0,0,0,0.0,0.0,0.0,0.0,0.0,0.0,0.0,0.0,0.49593263707123425
866,1,866.0,866.0,0,0.0,0.0,0,0,0.0,0.0,0.0,0.0,0.0,0.0,0.0,0.0,0.49593263707123425
867,1,867.0,867.0,0,0.0,0.0,0,0,0.0,1.0,1.0,0.0,0.0,0.0,0.0,0.0,0.49593295379070074
868,1,868.0,868.0,0,0.0,0.0,0,0,0.0,97004.0,97004.0,0.0,0.0,0.0,0.0,0.0,0.5262106734945114
869,1,869.0,869.0,0,0.0,0.0,0,0,0.0,0.0,0.0,0.0,0.0,0.0,0.0,0.0,0.49593263707123425
870,1,870.0,870.0,0,0.0,0.0,0,0,0.0,0.0,0.0,0.0,0.0,0.0,0.0,0.0,0.49593263707123425
871,1,871.0,871.0,0,0.0,0.0,0,0,0.0,0.0,0.0,0.0,0.0,0.0,0.0,0.0,0.49593263707123425
872,1,872.0,872.0,0,0.0,0.0,0,0,0.0,1.0,1.0,0.0,0.0,0.0,0.0,0.0,0.49593295379070074
873,1,873.0,873.0,0,0.0,0.0,0,0,0.0,0.0,0.0,0.0,0.0,0.0,0.0,0.0,0.49593263707123425
874,1,874.0,874.0,0,0.0,0.0,0,0,0.0,1.0,1.0,0.0,0.0,0.0,0.0,0.0,0.49593295379070074
875,1,875.0,875.0,0,0.0,0.0,0,0,0.0,0.0,0.0,0.0,0.0,0.0,0.0,0.0,0.49593263707123425
876,1,876.0,876.0,0,0.0,0.0,0,0,0.0,1.0,1.0,0.0,0.0,0.0,0.0,0.0,0.49593295379070074
877,1,877.0,877.0,0,0.0,0.0,0,0,0.0,1.0,1.0,0.0,0.0,0.0,0.0,0.0,0.49593295379070074
878,1,878.0,878.0,0,0.0,0.0,0,0,0.0,0.0,0.0,0.0,0.0,0.0,0.0,0.0,0.49593263707123425
879,1,879.0,879.0,0,0.0,0.0,0,0,0.0,0.0,0.0,0.0,0.0,0.0,0.0,0.0,0.49593263707123425
880,1,880.0,880.0,0,0.0,0.0,0,0,0.0,0.0,0.0,0.0,0.0,0.0,0.0,0.0,0.49593263707123425
881,1,881.0,881.0,0,0.0,0.0,0,0,0.0,14101.0,14101.0,0.0,0.0,0.0,0.0,0.0,0.5004024770791664
882,1,882.0,882.0,0,0.0,0.0,0,0,0.0,0.0,0.0,0.0,0.0,0.0,0.0,0.0,0.49593263707123425
883,1,883.0,883.0,0,0.0,0.0,0,0,0.0,22203.0,22203.0,0.0,0.0,0.0,0.0,0.0,0.502970883751991
884,1,884.0,884.0,0,0.0,0.0,0,0,0.0,0.0,0.0,0.0,0.0,0.0,0.0,0.0,0.49593263707123425
885,1,885.0,885.0,0,0.0,0.0,0,0,0.0,0.0,0.0,0.0,0.0,0.0,0.0,0.0,0.49593263707123425
886,1,886.0,886.0,0,0.0,0.0,0,0,0.0,0.0,0.0,0.0,0.0,0.0,0.0,0.0,0.49593263707123425
887,1,887.0,887.0,0,0.0,0.0,0,0,0.0,1.0,1.0,0.0,0.0,0.0,0.0,0.0,0.49593295379070074
888,1,888.0,888.0,0,0.0,0.0,0,0,0.0,1414.0,1414.0,0.0,0.0,0.0,0.0,0.0,0.49638053693181483
889,1,889.0,889.0,0,0.0,0.0,0,0,0.0,1.0,1.0,0.0,0.0,0.0,0.0,0.0,0.49593295379070074
890,1,890.0,890.0,0,0.0,0.0,0,0,0.0,0.0,0.0,0.0,0.0,0.0,0.0,0.0,0.49593263707123425
891,1,891.0,891.0,0,0.0,0.0,0,0,0.0,1.0,1.0,0.0,0.0,0.0,0.0,0.0,0.49593295379070074
892,1,892.0,892.0,0,0.0,0.0,0,0,0.0,1.0,1.0,0.0,0.0,0.0,0.0,0.0,0.49593295379070074
893,1,893.0,893.0,0,0.0,0.0,0,0,0.0,84230.0,84230.0,0.0,0.0,0.0,0.0,0.0,0.5223448763227968
894,1,894.0,894.0,0,0.0,0.0,0,0,0.0,47113.0,47113.0,0.0,0.0,0.0,0.0,0.0,0.5108369949923434
895,1,895.0,895.0,0,0.0,0.0,0,0,0.0,18111.0,18111.0,0.0,0.0,0.0,0.0,0.0,0.5016739086664684
896,1,896.0,896.0,0,0.0,0.0,0,0,0.0,49221.0,49221.0,0.0,0.0,0.0,0.0,0.0,0.5114989404393326
897,1,897.0,897.0,0,0.0,0.0,0,0,0.0,85102.0,85102.0,0.0,0.0,0.0,0.0,0.0,0.5226105921597335
898,1,898.0,898.0,0,0.0,0.0,0,0,0.0,0.0,0.0,0.0,0.0,0.0,0.0,0.0,0.49593263707123425
899,1,899.0,899.0,0,0.0,0.0,0,0,0.0,1.0,1.0,0.0,0.0,0.0,0.0,0.0,0.49593295379070074
900,1,900.0,900.0,0,0.0,0.0,0,0,0.0,1.0,1.0,0.0,0.0,0.0,0.0,0.0,0.49593295379070074
901,1,901.0,901.0,0,0.0,0.0,0,0,0.0,1.0,1.0,0.0,0.0,0.0,0.0,0.0,0.49593295379070074
902,1,902.0,902.0,0,0.0,0.0,0,0,0.0,0.0,0.0,0.0,0.0,0.0,0.0,0.0,0.49593263707123425
903,1,903.0,903.0,0,0.0,0.0,0,0,0.0,0.0,0.0,0.0,0.0,0.0,0.0,0.0,0.49593263707123425
904,1,904.0,904.0,0,0.0,0.0,0,0,0.0,0.0,0.0,0.0,0.0,0.0,0.0,0.0,0.49593263707123425
905,1,905.0,905.0,0,0.0,0.0,0,0,0.0,0.0,0.0,0.0,0.0,0.0,0.0,0.0,0.49593263707123425
906,1,906.0,906.0,0,0.0,0.0,0,0,0.0,0.0,0.0,0.0,0.0,0.0,0.0,0.0,0.49593263707123425
907,1,907.0,907.0,0,0.0,0.0,0,0,0.0,1.0,1.0,0.0,0.0,0.0,0.0,0.0,0.49593295379070074
908,1,908.0,908.0,0,0.0,0.0,0,0,0.0,0.0,0.0,0.0,0.0,0.0,0.0,0.0,0.49593263707123425
909,1,909.0,909.0,0,0.0,0.0,0,0,0.0,33150.0,33150.0,0.0,0.0,0.0,0.0,0.0,0.506435771412484
910,1,910.0,910.0,0,0.0,0.0,0,0,0.0,0.0,0.0,0.0,0.0,0.0,0.0,0.0,0.49593263707123425
911,1,911.0,911.0,0,0.0,0.0,0,0,0.0,47113.0,47113.0,0.0,0.0,0.0,0.0,0.0,0.5108369949923434
912,1,912.0,912.0,0,0.0,0.0,0,0,0.0,86203.0,86203.0,0.0,0.0,0.0,0.0,0.0,0.5229457234378402
913,1,913.0,913.0,0,0.0,0.0,0,0,0.0,0.0,0.0,0.0,0.0,0.0,0.0,0.0,0.49593263707123425
914,1,914.0,914.0,0,0.0,0.0,0,0,0.0,15121.0,15121.0,0.0,0.0,0.0,0.0,0.0,0.500725908003996
915,1,915.0,915.0,0,0.0,0.0,0,0,0.0,84130.0,84130.0,0.0,0.0,0.0,0.0,0.0,0.5223143881107919
916,1,916.0,916.0,0,0.0,0.0,0,0,0.0,1.0,1.0,0.0,0.0,0.0,0.0,0.0,0.49593295379070074
917,1,917.0,917.0,0,0.0,0.0,0,0,0.0,1.0,1.0,0.0,0.0,0.0,0.0,0.0,0.49593295379070074
918,1,918.0,918.0,0,0.0,0.0,0,0,0.0,47113.0,47113.0,0.0,0.0,0.0,0.0,0.0,0.5108369949923434
919,1,919.0,919.0,0,0.0,0.0,0,0,0.0,0.0,0.0,0.0,0.0,0.0,0.0,0.0,0.49593263707123425
920,1,920.0,920.0,0,0.0,0.0,0,0,0.0,85102.0,85102.0,0.0,0.0,0.0,0.0,0.0,0.5226105921597335
921,1,921.0,921.0,0,0.0,0.0,0,0,0.0,0.0,0.0,0.0,0.0,0.0,0.0,0.0,0.49593263707123425
922,1,922.0,922.0,0,0.0,0.0,0,0,0.0,0.0,0.0,0.0,0.0,0.0,0.0,0.0,0.49593263707123425
923,1,923.0,923.0,0,0.0,0.0,0,0,0.0,1.0,1.0,0.0,0.0,0.0,0.0,0.0,0.49593295379070074
924,1,924.0,924.0,0,0.0,0.0,0,0,0.0,47817.0,47817.0,0.0,0.0,0.0,0.0,0.0,0.51105814679926
925,1,925.0,925.0,0,0.0,0.0,0,0,0.0,1.0,1.0,0.0,0.0,0.0,0.0,0.0,0.49593295379070074
926,1,926.0,926.0,0,0.0,0.0,0,0,0.0,1.0,1.0,0.0,0.0,0.0,0.0,0.0,0.49593295379070074
927,1,927.0,927.0,0,0.0,0.0,0,0,0.0,1.0,1.0,0.0,0.0,0.0,0.0,0.0,0.49593295379070074
928,1,928.0,928.0,0,0.0,0.0,0,0,0.0,1.0,1.0,0.0,0.0,0.0,0.0,0.0,0.49593295379070074
929,1,929.0,929.0,0,0.0,0.0,0,0,0.0,0.0,0.0,0.0,0.0,0.0,0.0,0.0,0.49593263707123425
930,1,930.0,930.0,0,0.0,0.0,0,0,0.0,0.0,0.0,0.0,0.0,0.0,0.0,0.0,0.49593263707123425
931,1,931.0,931.0,0,0.0,0.0,0,0,0.0,0.0,0.0,0.0,0.0,0.0,0.0,0.0,0.49593263707123425
932,1,932.0,932.0,0,0.0,0.0,0,0,0.0,1.0,1.0,0.0,0.0,0.0,0.0,0.0,0.49593295379070074
933,1,933.0,933.0,0,0.0,0.0,0,0,0.0,0.0,0.0,0.0,0.0,0.0,0.0,0.0,0.49593263707123425
934,1,934.0,934.0,0,0.0,0.0,0,0,0.0,0.0,0.0,0.0,0.0,0.0,0.0,0.0,0.49593263707123425
935,1,935.0,935.0,0,0.0,0.0,0,0,0.0,0.0,0.0,0.0,0.0,0.0,0.0,0.0,0.49593263707123425
936,1,936.0,936.0,0,0.0,0.0,0,0,0.0,45402.0,45402.0,0.0,0.0,0.0,0.0,0.0,0.5102991666883745
937,1,937.0,937.0,0,0.0,0.0,0,0,0.0,56210.0,56210.0,0.0,0.0,0.0,0.0,0.0,0.5136877374147711
938,1,938.0,938.0,0,0.0,0.0,0,0,0.0,0.0,0.0,0.0,0.0,0.0,0.0,0.0,0.49593263707123425
939,1,939.0,939.0,0,0.0,0.0,0,0,0.0,0.0,0.0,0.0,0.0,0.0,0.0,0.0,0.49593263707123425
940,1,940.0,940.0,0,0.0,0.0,0,0,0.0,47734.0,47734.0,0.0,0.0,0.0,0.0,0.0,0.5110320778574038
941,1,941.0,941.0,0,0.0,0.0,0,0,0.0,1.0,1.0,0.0,0.0,0.0,0.0,0.0,0.49593295379070074
942,1,942.0,942.0,0,0.0,0.0,0,0,0.0,85101.0,85101.0,0.0,0.0,0.0,0.0,0.0,0.5226102875856004
943,1,943.0,943.0,0,0.0,0.0,0,0,0.0,84230.0,84230.0,0.0,0.0,0.0,0.0,0.0,0.5223448763227968
944,1,944.0,944.0,0,0.0,0.0,0,0,0.0,1.0,1.0,0.0,0.0,0.0,0.0,0.0,0.49593295379070074
945,1,945.0,945.0,0,0.0,0.0,0,0,0.0,97004.0,97004.0,0.0,0.0,0.0,0.0,0.0,0.5262106734945114
946,1,946.0,946.0,0,0.0,0.0,0,0,0.0,1.0,1.0,0.0,0.0,0.0,0.0,0.0,0.49593295379070074
947,1,947.0,947.0,0,0.0,0.0,0,0,0.0,0.0,0.0,0.0,0.0,0.0,0.0,0.0,0.49593263707123425
948,1,948.0,948.0,0,0.0,0.0,0,0,0.0,0.0,0.0,0.0,0.0,0.0,0.0,0.0,0.49593263707123425
949,1,949.0,949.0,0,0.0,0.0,0,0,0.0,1.0,1.0,0.0,0.0,0.0,0.0,0.0,0.49593295379070074
950,1,950.0,950.0,0,0.0,0.0,0,0,0.0,1.0,1.0,0.0,0.0,0.0,0.0,0.0,0.49593295379070074
951,1,951.0,951.0,0,0.0,0.0,0,0,0.0,0.0,0.0,0.0,0.0,0.0,0.0,0.0,0.49593263707123425
952,1,952.0,952.0,0,0.0,0.0,0,0,0.0,1.0,1.0,0.0,0.0,0.0,0.0,0.0,0.49593295379070074
953,1,953.0,953.0,0,0.0,0.0,0,0,0.0,1.0,1.0,0.0,0.0,0.0,0.0,0.0,0.49593295379070074
954,1,954.0,954.0,0,0.0,0.0,0,0,0.0,1.0,1.0,0.0,0.0,0.0,0.0,0.0,0.49593295379070074
955,1,955.0,955.0,0,0.0,0.0,0,0,0.0,0.0,0.0,0.0,0.0,0.0,0.0,0.0,0.49593263707123425
956,1,956.0,956.0,0,0.0,0.0,0,0,0.0,0.0,0.0,0.0,0.0,0.0,0.0,0.0,0.49593263707123425
957,1,957.0,957.0,0,0.0,0.0,0,0,0.0,0.0,0.0,0.0,0.0,0.0,0.0,0.0,0.49593263707123425
958,1,958.0,958.0,0,0.0,0.0,0,0,0.0,0.0,0.0,0.0,0.0,0.0,0.0,0.0,0.49593263707123425
959,1,959.0,959.0,0,0.0,0.0,0,0,0.0,0.0,0.0,0.0,0.0,0.0,0.0,0.0,0.49593263707123425
960,1,960.0,960.0,0,0.0,0.0,0,0,0.0,0.0,0.0,0.0,0.0,0.0,0.0,0.0,0.49593263707123425
961,1,961.0,961.0,0,0.0,0.0,0,0,0.0,0.0,0.0,0.0,0.0,0.0,0.0,0.0,0.49593263707123425
962,1,962.0,962.0,0,0.0,0.0,0,0,0.0,1.0,1.0,0.0,0.0,0.0,0.0,0.0,0.49593295379070074
963,1,963.0,963.0,0,0.0,0.0,0,0,0.0,0.0,0.0,0.0,0.0,0.0,0.0,0.0,0.49593263707123425
964,1,964.0,964.0,0,0.0,0.0,0,0,0.0,1.0,1.0,0.0,0.0,0.0,0.0,0.0,0.49593295379070074
965,1,965.0,965.0,0,0.0,0.0,0,0,0.0,11.04536101718726,12.0,0.0,0.0,0.0,0.0,0.0,0.4959362865784687
966,1,966.0,966.0,0,0.0,0.0,0,0,0.0,12.041594578792296,13.0,0.0,0.0,0.0,0.0,0.0,0.4959366027023657
967,1,967.0,967.0,0,0.0,0.0,0,0,0.0,0.0,0.0,0.0,0.0,0.0,0.0,0.0,0.49593263707123425
968,1,968.0,968.0,0,0.0,0.0,0,0,0.0,0.0,0.0,0.0,0.0,0.0,0.0,0.0,0.49593263707123425
969,1,969.0,969.0,0,0.0,0.0,0,0,0.0,1.0,1.0,0.0,0.0,0.0,0.0,0.0,0.49593295379070074
970,1,970.0,970.0,0,0.0,0.0,0,0,0.0,1.0,1.0,0.0,0.0,0.0,0.0,0.0,0.49593295379070074
971,1,971.0,971.0,0,0.0,0.0,0,0,0.0,11.04536101718726,12.0,0.0,0.0,0.0,0.0,0.0,0.4959362865784687
972,1,972.0,972.0,0,0.0,0.0,0,0,0.0,0.0,0.0,0.0,0.0,0.0,0.0,0.0,0.49593263707123425
973,1,973.0,973.0,0,0.0,0.0,0,0,0.0,0.0,0.0,0.0,0.0,0.0,0.0,0.0,0.49593263707123425
974,1,974.0,974.0,0,0.0,0.0,0,0,0.0,1.0,1.0,0.0,0.0,0.0,0.0,0.0,0.49593295379070074
975,1,975.0,975.0,0,0.0,0.0,0,0,0.0,0.0,0.0,0.0,0.0,0.0,0.0,0.0,0.49593263707123425
976,1,976.0,976.0,0,0.0,0.0,0,0,0.0,0.0,0.0,0.0,0.0,0.0,0.0,0.0,0.49593263707123425
977,1,977.0,977.0,0,0.0,0.0,0,0,0.0,0.0,0.0,0.0,0.0,0.0,0.0,0.0,0.49593263707123425
978,1,978.0,978.0,0,0.0,0.0,0,0,0.0,97004.0,97004.0,0.0,0.0,0.0,0.0,0.0,0.5262106734945114
979,1,979.0,979.0,0,0.0,0.0,0,0,0.0,1.0,1.0,0.0,0.0,0.0,0.0,0.0,0.49593295379070074
980,1,980.0,980.0,0,0.0,0.0,0,0,0.0,0.0,0.0,0.0,0.0,0.0,0.0,0.0,0.49593263707123425
981,1,981.0,981.0,0,0.0,0.0,0,0,0.0,1.0,1.0,0.0,0.0,0.0,0.0,0.0,0.49593295379070074
982,1,982.0,982.0,0,0.0,0.0,0,0,0.0,1.0,1.0,0.0,0.0,0.0,0.0,0.0,0.49593295379070074
983,1,983.0,983.0,0,0.0,0.0,0,0,0.0,99998.0,99998.0,0.0,0.0,0.0,0.0,0.0,0.5271079873937018
984,1,984.0,984.0,0,0.0,0.0,0,0,0.0,0.0,0.0,0.0,0.0,0.0,0.0,0.0,0.49593263707123425
985,1,985.0,985.0,0,0.0,0.0,0,0,0.0,1.0,1.0,0.0,0.0,0.0,0.0,0.0,0.49593295379070074
986,1,986.0,986.0,0,0.0,0.0,0,0,0.0,1.0,1.0,0.0,0.0,0.0,0.0,0.0,0.49593295379070074
987,1,987.0,987.0,0,0.0,0.0,0,0,0.0,46209.0,46209.0,0.0,0.0,0.0,0.0,0.0,0.5105528949251322
988,1,988.0,988.0,0,0.0,0.0,0,0,0.0,1.0,1.0,0.0,0.0,0.0,0.0,0.0,0.49593295379070074
989,1,989.0,989.0,0,0.0,0.0,0,0,0.0,13921.0,13921.0,0.0,0.0,0.0,0.0,0.0,0.5003454000421356
990,1,990.0,990.0,0,0.0,0.0,0,0,0.0,0.0,0.0,0.0,0.0,0.0,0.0,0.0,0.49593263707123425
991,1,991.0,991.0,0,0.0,0.0,0,0,0.0,0.0,0.0,0.0,0.0,0.0,0.0,0.0,0.49593263707123425
992,1,992.0,992.0,0,0.0,0.0,0,0,0.0,84130.0,84130.0,0.0,0.0,0.0,0.0,0.0,0.5223143881107919
993,1,993.0,993.0,0,0.0,0.0,0,0,0.0,1.0,1.0,0.0,0.0,0.0,0.0,0.0,0.49593295379070074
994,1,994.0,994.0,0,0.0,0.0,0,0,0.0,85229.0,85229.0,0.0,0.0,0.0,0.0,0.0,0.5226492703410566
995,1,995.0,995.0,0,0.0,0.0,0,0,0.0,0.0,0.0,0.0,0.0,0.0,0.0,0.0,0.49593263707123425
996,1,996.0,996.0,0,0.0,0.0,0,0,0.0,0.0,0.0,0.0,0.0,0.0,0.0,0.0,0.49593263707123425
997,1,997.0,997.0,0,0.0,0.0,0,0,0.0,64910.0,64910.0,0.0,0.0,0.0,0.0,0.0,0.5163979278318286
998,1,998.0,998.0,0,0.0,0.0,0,0,0.0,1.0,1.0,0.0,0.0,0.0,0.0,0.0,0.49593295379070074
999,1,999.0,999.0,0,0.0,0.0,0,0,0.0,43302.0,43302.0,0.0,0.0,0.0,0.0,0.0,0.5096384288826604
1000,0,,,0,0.0,0.0,0,0,0.0,41001.0,41001.0,0.0,0.0,0.0,0.0,0.0,0.508913696972856
1001,0,,,0,0.0,0.0,0,0,0.0,1.0,1.0,0.0,0.0,0.0,0.0,0.0,0.49593295379070074
1002,0,,,0,0.0,0.0,0,0,0.0,0.0,0.0,0.0,0.0,0.0,0.0,0.0,0.49593263707123425
1003,0,,,0,0.0,0.0,0,0,0.0,1.0,1.0,0.0,0.0,0.0,0.0,0.0,0.49593295379070074
1004,0,,,0,0.0,0.0,0,0,0.0,5.0990195135927845,6.0,0.0,0.0,0.0,0.0,0.0,0.49593439475348927
1005,0,,,0,0.0,0.0,0,0,0.0,41003.0,41003.0,0.0,0.0,0.0,0.0,0.0,0.5089143272261039
1006,0,,,0,0.0,0.0,0,0,0.0,11041.0,11041.0,0.0,0.0,0.0,0.0,0.0,0.4994321562315687
1007,0,,,0,0.0,0.0,0,0,0.0,1.0,1.0,0.0,0.0,0.0,0.0,0.0,0.49593295379070074
1008,0,,,0,0.0,0.0,0,0,0.0,41003.0,41003.0,0.0,0.0,0.0,0.0,0.0,0.5089143272261039
1009,0,,,0,0.0,0.0,0,0,0.0,1.0,1.0,0.0,0.0,0.0,0.0,0.0,0.49593295379070074
1010,0,,,0,0.0,0.0,0,0,0.0,0.0,0.0,0.0,0.0,0.0,0.0,0.0,0.49593263707123425
1011,0,,,0,0.0,0.0,0,0,0.0,0.0,0.0,0.0,0.0,0.0,0.0,0.0,0.49593263707123425
1012,0,,,0,0.0,0.0,0,0,0.0,0.0,0.0,0.0,0.0,0.0,0.0,0.0,0.49593263707123425
1013,0,,,0,0.0,0.0,0,0,0.0,0.0,0.0,0.0,0.0,0.0,0.0,0.0,0.49593263707123425
1014,0,,,0,0.0,0.0,0,0,0.0,0.0,0.0,0.0,0.0,0.0,0.0,0.0,0.49593263707123425
1015,0,,,0,0.0,0.0,0,0,0.0,1.0,1.0,0.0,0.0,0.0,0.0,0.0,0.49593295379070074
1016,0,,,0,0.0,0.0,0,0,0.0,0.0,0.0,0.0,0.0,0.0,0.0,0.0,0.49593263707123425
1017,0,,,0,0.0,0.0,0,0,0.0,49221.0,49221.0,0.0,0.0,0.0,0.0,0.0,0.5114989404393326
1018,0,,,0,0.0,0.0,0,0,0.0,86202.0,86202.0,0.0,0.0,0.0,0.0,0.0,0.5229454192363072
1019,0,,,0,0.0,0.0,0,0,0.0,1.0,1.0,0.0,0.0,0.0,0.0,0.0,0.49593295379070074
1020,0,,,0,0.0,0.0,0,0,0.0,18111.0,18111.0,0.0,0.0,0.0,0.0,0.0,0.5016739086664684
1021,0,,,0,0.0,0.0,0,0,0.0,47734.0,47734.0,0.0,0.0,0.0,0.0,0.0,0.5110320778574038
1022,0,,,0,0.0,0.0,0,0,0.0,64191.0,64191.0,0.0,0.0,0.0,0.0,0.0,0.5161746208242027
1023,0,,,0,0.0,0.0,0,0,0.0,1.0,1.0,0.0,0.0,0.0,0.0,0.0,0.49593295379070074
1024,0,,,0,0.0,0.0,0,0,0.0,1.0,1.0,0.0,0.0,0.0,0.0,0.0,0.49593295379070074
1025,0,,,0,0.0,0.0,0,0,0.0,0.0,0.0,0.0,0.0,0.0,0.0,0.0,0.49593263707123425
1026,0,,,0,0.0,0.0,0,0,0.0,16291.0,16291.0,0.0,0.0,0.0,0.0,0.0,0.5010968856020971
1027,0,,,0,0.0,0.0,0,0,0.0,64910.0,64910.0,0.0,0.0,0.0,0.0,0.0,0.5163979278318286
1028,0,,,0,0.0,0.0,0,0,0.0,1.0,1.0,0.0,0.0,0.0,0.0,0.0,0.49593295379070074
1029,0,,,0,0.0,0.0,0,0,0.0,10711.0,10711.0,0.0,0.0,0.0,0.0,0.0,0.49932751528296954
1030,0,,,0,0.0,0.0,0,0,0.0,1.0,1.0,0.0,0.0,0.0,0.0,0.0,0.49593295379070074
1031,0,,,0,0.0,0.0,0,0,0.0,1.0,1.0,0.0,0.0,0.0,0.0,0.0,0.49593295379070074
1032,0,,,0,0.0,0.0,0,0,0.0,0.0,0.0,0.0,0.0,0.0,0.0,0.0,0.49593263707123425
1033,0,,,0,0.0,0.0,0,0,0.0,0.0,0.0,0.0,0.0,0.0,0.0,0.0,0.49593263707123425
1034,0,,,0,0.0,0.0,0,0,0.0,1.0,1.0,0.0,0.0,0.0,0.0,0.0,0.49593295379070074
1035,0,,,0,0.0,0.0,0,0,0.0,0.0,0.0,0.0,0.0,0.0,0.0,0.0,0.49593263707123425
1036,0,,,0,0.0,0.0,0,0,0.0,1.0,1.0,0.0,0.0,0.0,0.0,0.0,0.49593295379070074
1037,0,,,0,0.0,0.0,0,0,0.0,1.0,1.0,0.0,0.0,0.0,0.0,0.0,0.49593295379070074
1038,0,,,0,0.0,0.0,0,0,0.0,56210.0,56210.0,0.0,0.0,0.0,0.0,0.0,0.5136877374147711
1039,0,,,0,0.0,0.0,0,0,0.0,0.0,0.0,0.0,0.0,0.0,0.0,0.0,0.49593263707123425
1040,0,,,0,0.0,0.0,0,0,0.0,41003.0,41003.0,0.0,0.0,0.0,0.0,0.0,0.5089143272261039
1041,0,,,0,0.0,0.0,0,0,0.0,0.0,0.0,0.0,0.0,0.0,0.0,0.0,0.49593263707123425
1042,0,,,0,0.0,0.0,0,0,0.0,84130.0,84130.0,0.0,0.0,0.0,0.0,0.0,0.5223143881107919
1043,0,,,0,0.0,0.0,0,0,0.0,0.0,0.0,0.0,0.0,0.0,0.0,0.0,0.49593263707123425
1044,0,,,0,0.0,0.0,0,0,0.0,47817.0,47817.0,0.0,0.0,0.0,0.0,0.0,0.51105814679926
1045,0,,,0,0.0,0.0,0,0,0.0,1.0,1.0,0.0,0.0,0.0,0.0,0.0,0.49593295379070074
1046,0,,,0,0.0,0.0,0,0,0.0,10629.0,10629.0,0.0,0.0,0.0,0.0,0.0,0.4993015137332528
1047,0,,,0,0.0,0.0,0,0,0.0,97006.0,97006.0,0.0,0.0,0.0,0.0,0.0,0.5262112740634938
1048,0,,,0,0.0,0.0,0,0,0.0,2.23606797749979,3.0,0.0,0.0,0.0,0.0,0.0,0.4959334662907584
1049,0,,,0,0.0,0.0,0,0,0.0,0.0,0.0,0.0,0.0,0.0,0.0,0.0,0.49593263707123425
1050,0,,,0,0.0,0.0,0,0,0.0,0.0,0.0,0.0,0.0,0.0,0.0,0.0,0.49593263707123425
1051,0,,,0,0.0,0.0,0,0,0.0,1.0,1.0,0.0,0.0,0.0,0.0,0.0,0.49593295379070074
1052,0,,,0,0.0,0.0,0,0,0.0,0.0,0.0,0.0,0.0,0.0,0.0,0.0,0.49593263707123425
1053,0,,,0,0.0,0.0,0,0,0.0,1414.0509184608593,1426.0,0.0,0.0,0.0,0.0,0.0,0.496382446382223
1054,0,,,0,0.0,0.0,0,0,0.0,55101.0,55101.0,0.0,0.0,0.0,0.0,0.0,0.5133410650849486
1055,0,,,0,0.0,0.0,0,0,0.0,14101.0,14101.0,0.0,0.0,0.0,0.0,0.0,0.5004024770791664
1056,0,,,0,0.0,0.0,0,0,0.0,41003.0,41003.0,0.0,0.0,0.0,0.0,0.0,0.5089143272261039
1057,0,,,0,0.0,0.0,0,0,0.0,64910.0,64910.0,0.0,0.0,0.0,0.0,0.0,0.5163979278318286
1058,0,,,0,0.0,0.0,0,0,0.0,0.0,0.0,0.0,0.0,0.0,0.0,0.0,0.49593263707123425
1059,0,,,0,0.0,0.0,0,0,0.0,0.0,0.0,0.0,0.0,0.0,0.0,0.0,0.49593263707123425
1060,0,,,0,0.0,0.0,0,0,0.0,0.0,0.0,0.0,0.0,0.0,0.0,0.0,0.49593263707123425
1061,0,,,0,0.0,0.0,0,0,0.0,0.0,0.0,0.0,0.0,0.0,0.0,0.0,0.49593263707123425
1062,0,,,0,0.0,0.0,0,0,0.0,49222.0,49222.0,0.0,0.0,0.0,0.0,0.0,0.5114992542722908
1063,0,,,0,0.0,0.0,0,0,0.0,0.0,0.0,0.0,0.0,0.0,0.0,0.0,0.49593263707123425
1064,0,,,0,0.0,0.0,0,0,0.0,1.0,1.0,0.0,0.0,0.0,0.0,0.0,0.49593295379070074
1065,0,,,0,0.0,0.0,0,0,0.0,0.0,0.0,0.0,0.0,0.0,0.0,0.0,0.49593263707123425
1066,0,,,0,0.0,0.0,0,0,0.0,0.0,0.0,0.0,0.0,0.0,0.0,0.0,0.49593263707123425
1067,0,,,0,0.0,0.0,0,0,0.0,1.0,1.0,0.0,0.0,0.0,0.0,0.0,0.49593295379070074
1068,0,,,0,0.0,0.0,0,0,0.0,0.0,0.0,0.0,0.0,0.0,0.0,0.0,0.49593263707123425
1069,0,,,0,0.0,0.0,0,0,0.0,14101.0,14101.0,0.0,0.0,0.0,0.0,0.0,0.5004024770791664
1070,0,,,0,0.0,0.0,0,0,0.0,1.0,1.0,0.0,0.0,0.0,0.0,0.0,0.49593295379070074
1071,0,,,0,0.0,0.0,0,0,0.0,0.0,0.0,0.0,0.0,0.0,0.0,0.0,0.49593263707123425
1072,0,,,0,0.0,0.0,0,0,0.0,1411.0,1411.0,0.0,0.0,0.0,0.0,0.0,0.49637958653004427
1073,0,,,0,0.0,0.0,0,0,0.0,1.0,1.0,0.0,0.0,0.0,0.0,0.0,0.49593295379070074
1074,0,,,0,0.0,0.0,0,0,0.0,1.0,1.0,0.0,0.0,0.0,0.0,0.0,0.49593295379070074
1075,0,,,0,0.0,0.0,0,0,0.0,0.0,0.0,0.0,0.0,0.0,0.0,0.0,0.49593263707123425
1076,0,,,0,0.0,0.0,0,0,0.0,0.0,0.0,0.0,0.0,0.0,0.0,0.0,0.49593263707123425
1077,0,,,0,0.0,0.0,0,0,0.0,10711.0,10711.0,0.0,0.0,0.0,0.0,0.0,0.49932751528296954
1078,0,,,0,0.0,0.0,0,0,0.0,1.0,1.0,0.0,0.0,0.0,0.0,0.0,0.49593295379070074
1079,0,,,0,0.0,0.0,0,0,0.0,0.0,0.0,0.0,0.0,0.0,0.0,0.0,0.49593263707123425
1080,0,,,0,0.0,0.0,0,0,0.0,1.0,1.0,0.0,0.0,0.0,0.0,0.0,0.49593295379070074
1081,0,,,0,0.0,0.0,0,0,0.0,1.0,1.0,0.0,0.0,0.0,0.0,0.0,0.49593295379070074
1082,0,,,0,0.0,0.0,0,0,0.0,1.0,1.0,0.0,0.0,0.0,0.0,0.0,0.49593295379070074
1083,0,,,0,0.0,0.0,0,0,0.0,99998.0,99998.0,0.0,0.0,0.0,0.0,0.0,0.5271079873937018
1084,0,,,0,0.0,0.0,0,0,0.0,1.0,1.0,0.0,0.0,0.0,0.0,0.0,0.49593295379070074
1085,0,,,0,0.0,0.0,0,0,0.0,31007.0,31007.0,0.0,0.0,0.0,0.0,0.0,0.5057582276136706
1086,0,,,0,0.0,0.0,0,0,0.0,0.0,0.0,0.0,0.0,0.0,0.0,0.0,0.49593263707123425
1087,0,,,0,0.0,0.0,0,0,0.0,0.0,0.0,0.0,0.0,0.0,0.0,0.0,0.49593263707123425
1088,0,,,0,0.0,0.0,0,0,0.0,41002.0,41002.0,0.0,0.0,0.0,0.0,0.0,0.5089140120995489
1089,0,,,0,0.0,0.0,0,0,0.0,1.0,1.0,0.0,0.0,0.0,0.0,0.0,0.49593295379070074
1090,0,,,0,0.0,0.0,0,0,0.0,1.0,1.0,0.0,0.0,0.0,0.0,0.0,0.49593295379070074
1091,0,,,0,0.0,0.0,0,0,0.0,23933.0,23933.0,0.0,0.0,0.0,0.0,0.0,0.5035189950070311
1092,0,,,0,0.0,0.0,0,0,0.0,0.0,0.0,0.0,0.0,0.0,0.0,0.0,0.49593263707123425
1093,0,,,0,0.0,0.0,0,0,0.0,0.0,0.0,0.0,0.0,0.0,0.0,0.0,0.49593263707123425
1094,0,,,0,0.0,0.0,0,0,0.0,0.0,0.0,0.0,0.0,0.0,0.0,0.0,0.49593263707123425
1095,0,,,0,0.0,0.0,0,0,0.0,0.0,0.0,0.0,0.0,0.0,0.0,0.0,0.49593263707123425
1096,0,,,0,0.0,0.0,0,0,0.0,1.0,1.0,0.0,0.0,0.0,0.0,0.0,0.49593295379070074
1097,0,,,0,0.0,0.0,0,0,0.0,1.0,1.0,0.0,0.0,0.0,0.0,0.0,0.49593295379070074
1098,0,,,0,0.0,0.0,0,0,0.0,1.0,1.0,0.0,0.0,0.0,0.0,0.0,0.49593295379070074
1099,0,,,0,0.0,0.0,0,0,0.0,64191.0,64191.0,0.0,0.0,0.0,0.0,0.0,0.5161746208242027
1100,0,,,0,0.0,0.0,0,0,0.0,1.0,1.0,0.0,0.0,0.0,0.0,0.0,0.49593295379070074
1101,0,,,0,0.0,0.0,0,0,0.0,15121.0,15121.0,0.0,0.0,0.0,0.0,0.0,0.500725908003996
1102,0,,,0,0.0,0.0,0,0,0.0,56210.0,56210.0,0.0,0.0,0.0,0.0,0.0,0.5136877374147711
1103,0,,,0,0.0,0.0,0,0,0.0,45201.00133846595,45212.0,0.0,0.0,0.0,0.0,0.0,0.5102376847734061
1104,0,,,0,0.0,0.0,0,0,0.0,1.0,1.0,0.0,0.0,0.0,0.0,0.0,0.49593295379070074
1105,0,,,0,0.0,0.0,0,0,0.0,1.0,1.0,0.0,0.0,0.0,0.0,0.0,0.49593295379070074
1106,0,,,0,0.0,0.0,0,0,0.0,1.0,1.0,0.0,0.0,0.0,0.0,0.0,0.49593295379070074
1107,0,,,0,0.0,0.0,0,0,0.0,1.0,1.0,0.0,0.0,0.0,0.0,0.0,0.49593295379070074
1108,0,,,0,0.0,0.0,0,0,0.0,1.0,1.0,0.0,0.0,0.0,0.0,0.0,0.49593295379070074
1109,0,,,0,0.0,0.0,0,0,0.0,1.0,1.0,0.0,0.0,0.0,0.0,0.0,0.49593295379070074
1110,0,,,0,0.0,0.0,0,0,0.0,0.0,0.0,0.0,0.0,0.0,0.0,0.0,0.49593263707123425
1111,0,,,0,0.0,0.0,0,0,0.0,1.0,1.0,0.0,0.0,0.0,0.0,0.0,0.49593295379070074
1112,0,,,0,0.0,0.0,0,0,0.0,1.0,1.0,0.0,0.0,0.0,0.0,0.0,0.49593295379070074
1113,0,,,0,0.0,0.0,0,0,0.0,0.0,0.0,0.0,0.0,0.0,0.0,0.0,0.49593263707123425
1114,0,,,0,0.0,0.0,0,0,0.0,84130.0,84130.0,0.0,0.0,0.0,0.0,0.0,0.5223143881107919
1115,0,,,0,0.0,0.0,0,0,0.0,0.0,0.0,0.0,0.0,0.0,0.0,0.0,0.49593263707123425
1116,0,,,0,0.0,0.0,0,0,0.0,0.0,0.0,0.0,0.0,0.0,0.0,0.0,0.49593263707123425
1117,0,,,0,0.0,0.0,0,0,0.0,45203.0,45203.0,0.0,0.0,0.0,0.0,0.0,0.5102365832646784
1118,0,,,0,0.0,0.0,0,0,0.0,0.0,0.0,0.0,0.0,0.0,0.0,0.0,0.49593263707123425
1119,0,,,0,0.0,0.0,0,0,0.0,0.0,0.0,0.0,0.0,0.0,0.0,0.0,0.49593263707123425
1120,0,,,0,0.0,0.0,0,0,0.0,1.0,1.0,0.0,0.0,0.0,0.0,0.0,0.49593295379070074
1121,0,,,0,0.0,0.0,0,0,0.0,0.0,0.0,0.0,0.0,0.0,0.0,0.0,0.49593263707123425
1122,0,,,0,0.0,0.0,0,0,0.0,0.0,0.0,0.0,0.0,0.0,0.0,0.0,0.49593263707123425
1123,0,,,0,0.0,0.0,0,0,0.0,1.0,1.0,0.0,0.0,0.0,0.0,0.0,0.49593295379070074
1124,0,,,0,0.0,0.0,0,0,0.0,0.0,0.0,0.0,0.0,0.0,0.0,0.0,0.49593263707123425
1125,0,,,0,0.0,0.0,0,0,0.0,1.0,1.0,0.0,0.0,0.0,0.0,0.0,0.49593295379070074
1126,0,,,0,0.0,0.0,0,0,0.0,1.0,1.0,0.0,0.0,0.0,0.0,0.0,0.49593295379070074
1127,0,,,0,0.0,0.0,0,0,0.0,1.0,1.0,0.0,0.0,0.0,0.0,0.0,0.49593295379070074
1128,0,,,0,0.0,0.0,0,0,0.0,0.0,0.0,0.0,0.0,0.0,0.0,0.0,0.49593263707123425
1129,0,,,0,0.0,0.0,0,0,0.0,0.0,0.0,0.0,0.0,0.0,0.0,0.0,0.49593263707123425
1130,0,,,0,0.0,0.0,0,0,0.0,1.0,1.0,0.0,0.0,0.0,0.0,0.0,0.49593295379070074
1131,0,,,0,0.0,0.0,0,0,0.0,0.0,0.0,0.0,0.0,0.0,0.0,0.0,0.49593263707123425
1132,0,,,0,0.0,0.0,0,0,0.0,49222.0,49222.0,0.0,0.0,0.0,0.0,0.0,0.5114992542722908
1133,0,,,0,0.0,0.0,0,0,0.0,1.0,1.0,0.0,0.0,0.0,0.0,0.0,0.49593295379070074
1134,0,,,0,0.0,0.0,0,0,0.0,9.055385138137416,10.0,0.0,0.0,0.0,0.0,0.0,0.4959356547252491
1135,0,,,0,0.0,0.0,0,0,0.0,0.0,0.0,0.0,0.0,0.0,0.0,0.0,0.49593263707123425
1136,0,,,0,0.0,0.0,0,0,0.0,1.0,1.0,0.0,0.0,0.0,0.0,0.0,0.49593295379070074
1137,0,,,0,0.0,0.0,0,0,0.0,1.0,1.0,0.0,0.0,0.0,0.0,0.0,0.49593295379070074
1138,0,,,0,0.0,0.0,0,0,0.0,0.0,0.0,0.0,0.0,0.0,0.0,0.0,0.49593263707123425
1139,0,,,0,0.0,0.0,0,0,0.0,1.0,1.0,0.0,0.0,0.0,0.0,0.0,0.49593295379070074
1140,0,,,0,0.0,0.0,0,0,0.0,1.0,1.0,0.0,0.0,0.0,0.0,0.0,0.49593295379070074
1141,0,,,0,0.0,0.0,0,0,0.0,84230.0,84230.0,0.0,0.0,0.0,0.0,0.0,0.5223448763227968
1142,0,,,0,0.0,0.0,0,0,0.0,15121.0,15121.0,0.0,0.0,0.0,0.0,0.0,0.500725908003996
1143,0,,,0,0.0,0.0,0,0,0.0,0.0,0.0,0.0,0.0,0.0,0.0,0.0,0.49593263707123425
1144,0,,,0,0.0,0.0,0,0,0.0,1.0,1.0,0.0,0.0,0.0,0.0,0.0,0.49593295379070074
1145,0,,,0,0.0,0.0,0,0,0.0,23933.0,23933.0,0.0,0.0,0.0,0.0,0.0,0.5035189950070311
1146,0,,,0,0.0,0.0,0,0,0.0,0.0,0.0,0.0,0.0,0.0,0.0,0.0,0.49593263707123425
1147,0,,,0,0.0,0.0,0,0,0.0,0.0,0.0,0.0,0.0,0.0,0.0,0.0,0.49593263707123425
1148,0,,,0,0.0,0.0,0,0,0.0,1.0,1.0,0.0,0.0,0.0,0.0,0.0,0.49593295379070074
1149,0,,,0,0.0,0.0,0,0,0.0,1.0,1.0,0.0,0.0,0.0,0.0,0.0,0.49593295379070074
1150,0,,,0,0.0,0.0,0,0,0.0,0.0,0.0,0.0,0.0,0.0,0.0,0.0,0.49593263707123425
1151,0,,,0,0.0,0.0,0,0,0.0,47113.0,47113.0,0.0,0.0,0.0,0.0,0.0,0.5108369949923434
1152,0,,,0,0.0,0.0,0,0,0.0,46209.0,46209.0,0.0,0.0,0.0,0.0,0.0,0.5105528949251322
1153,0,,,0,0.0,0.0,0,0,0.0,1.0,1.0,0.0,0.0,0.0,0.0,0.0,0.49593295379070074
1154,0,,,0,0.0,0.0,0,0,0.0,0.0,0.0,0.0,0.0,0.0,0.0,0.0,0.49593263707123425
1155,0,,,0,0.0,0.0,0,0,0.0,0.0,0.0,0.0,0.0,0.0,0.0,0.0,0.49593263707123425
1156,0,,,0,0.0,0.0,0,0,0.0,85101.0,85101.0,0.0,0.0,0.0,0.0,0.0,0.5226102875856004
1157,0,,,0,0.0,0.0,0,0,0.0,1.0,1.0,0.0,0.0,0.0,0.0,0.0,0.49593295379070074
1158,0,,,0,0.0,0.0,0,0,0.0,1.0,1.0,0.0,0.0,0.0,0.0,0.0,0.49593295379070074
1159,0,,,0,0.0,0.0,0,0,0.0,1.0,1.0,0.0,0.0,0.0,0.0,0.0,0.49593295379070074
1160,0,,,0,0.0,0.0,0,0,0.0,0.0,0.0,0.0,0.0,0.0,0.0,0.0,0.49593263707123425
1161,0,,,0,0.0,0.0,0,0,0.0,1.0,1.0,0.0,0.0,0.0,0.0,0.0,0.49593295379070074
1162,0,,,0,0.0,0.0,0,0,0.0,1.0,1.0,0.0,0.0,0.0,0.0,0.0,0.49593295379070074
1163,0,,,0,0.0,0.0,0,0,0.0,0.0,0.0,0.0,0.0,0.0,0.0,0.0,0.49593263707123425
1164,0,,,0,0.0,0.0,0,0,0.0,1.0,1.0,0.0,0.0,0.0,0.0,0.0,0.49593295379070074
1165,0,,,0,0.0,0.0,0,0,0.0,14101.0,14101.0,0.0,0.0,0.0,0.0,0.0,0.5004024770791664
1166,0,,,0,0.0,0.0,0,0,0.0,1.0,1.0,0.0,0.0,0.0,0.0,0.0,0.49593295379070074
1167,0,,,0,0.0,0.0,0,0,0.0,1.0,1.0,0.0,0.0,0.0,0.0,0.0,0.49593295379070074
1168,0,,,0,0.0,0.0,0,0,0.0,0.0,0.0,0.0,0.0,0.0,0.0,0.0,0.49593263707123425
1169,0,,,0,0.0,0.0,0,0,0.0,1.0,1.0,0.0,0.0,0.0,0.0,0.0,0.49593295379070074
1170,0,,,0,0.0,0.0,0,0,0.0,10713.0,10713.0,0.0,0.0,0.0,0.0,0.0,0.4993281494678527
1171,0,,,0,0.0,0.0,0,0,0.0,1.0,1.0,0.0,0.0,0.0,0.0,0.0,0.49593295379070074
1172,0,,,0,0.0,0.0,0,0,0.0,85102.00132194307,85117.0,0.0,0.0,0.0,0.0,0.0,0.5226128773617302
1173,0,,,0,0.0,0.0,0,0,0.0,1.0,1.0,0.0,0.0,0.0,0.0,0.0,0.49593295379070074
1174,0,,,0,0.0,0.0,0,0,0.0,10791.0,10791.0,0.0,0.0,0.0,0.0,0.0,0.49935288270509454
1175,0,,,0,0.0,0.0,0,0,0.0,1.0,1.0,0.0,0.0,0.0,0.0,0.0,0.49593295379070074
1176,0,,,0,0.0,0.0,0,0,0.0,0.0,0.0,0.0,0.0,0.0,0.0,0.0,0.49593263707123425
1177,0,,,0,0.0,0.0,0,0,0.0,1.0,1.0,0.0,0.0,0.0,0.0,0.0,0.49593295379070074
1178,0,,,0,0.0,0.0,0,0,0.0,1.0,1.0,0.0,0.0,0.0,0.0,0.0,0.49593295379070074
1179,0,,,0,0.0,0.0,0,0,0.0,86202.0,86202.0,0.0,0.0,0.0,0.0,0.0,0.5229454192363072
1180,0,,,0,0.0,0.0,0,0,0.0,0.0,0.0,0.0,0.0,0.0,0.0,0.0,0.49593263707123425
1181,0,,,0,0.0,0.0,0,0,0.0,0.0,0.0,0.0,0.0,0.0,0.0,0.0,0.49593263707123425
1182,0,,,0,0.0,0.0,0,0,0.0,1.0,1.0,0.0,0.0,0.0,0.0,0.0,0.49593295379070074
1183,0,,,0,0.0,0.0,0,0,0.0,49233.0,49233.0,0.0,0.0,0.0,0.0,0.0,0.5115027064231629
1184,0,,,0,0.0,0.0,0,0,0.0,84130.0,84130.0,0.0,0.0,0.0,0.0,0.0,0.5223143881107919
1185,0,,,0,0.0,0.0,0,0,0.0,0.0,0.0,0.0,0.0,0.0,0.0,0.0,0.49593263707123425
1186,0,,,0,0.0,0.0,0,0,0.0,23933.0,23933.0,0.0,0.0,0.0,0.0,0.0,0.5035189950070311
1187,0,,,0,0.0,0.0,0,0,0.0,1.0,1.0,0.0,0.0,0.0,0.0,0.0,0.49593295379070074
1188,0,,,0,0.0,0.0,0,0,0.0,0.0,0.0,0.0,0.0,0.0,0.0,0.0,0.49593263707123425
1189,0,,,0,0.0,0.0,0,0,0.0,0.0,0.0,0.0,0.0,0.0,0.0,0.0,0.49593263707123425
1190,0,,,0,0.0,0.0,0,0,0.0,0.0,0.0,0.0,0.0,0.0,0.0,0.0,0.49593263707123425
1191,0,,,0,0.0,0.0,0,0,0.0,8.06225774829855,9.0,0.0,0.0,0.0,0.0,0.0,0.49593533909327636
1192,0,,,0,0.0,0.0,0,0,0.0,1.0,1.0,0.0,0.0,0.0,0.0,0.0,0.49593295379070074
1193,0,,,0,0.0,0.0,0,0,0.0,0.0,0.0,0.0,0.0,0.0,0.0,0.0,0.49593263707123425
1194,0,,,0,0.0,0.0,0,0,0.0,0.0,0.0,0.0,0.0,0.0,0.0,0.0,0.49593263707123425
1195,0,,,0,0.0,0.0,0,0,0.0,0.0,0.0,0.0,0.0,0.0,0.0,0.0,0.49593263707123425
1196,0,,,0,0.0,0.0,0,0,0.0,0.0,0.0,0.0,0.0,0.0,0.0,0.0,0.49593263707123425
1197,0,,,0,0.0,0.0,0,0,0.0,43306.0,43306.0,0.0,0.0,0.0,0.0,0.0,0.5096396880687687
1198,0,,,0,0.0,0.0,0,0,0.0,0.0,0.0,0.0,0.0,0.0,0.0,0.0,0.49593263707123425
1199,0,,,0,0.0,0.0,0,0,0.0,0.0,0.0,0.0,0.0,0.0,0.0,0.0,0.49593263707123425
1200,0,,,0,0.0,0.0,0,0,0.0,69101.0,69101.0,0.0,0.0,0.0,0.0,0.0,0.5176969555587799
1201,0,,,0,0.0,0.0,0,0,0.0,0.0,0.0,0.0,0.0,0.0,0.0,0.0,0.49593263707123425
1202,0,,,0,0.0,0.0,0,0,0.0,47817.0,47817.0,0.0,0.0,0.0,0.0,0.0,0.51105814679926
1203,0,,,0,0.0,0.0,0,0,0.0,0.0,0.0,0.0,0.0,0.0,0.0,0.0,0.49593263707123425
1204,0,,,0,0.0,0.0,0,0,0.0,8.06225774829855,9.0,0.0,0.0,0.0,0.0,0.0,0.49593533909327636
1205,0,,,0,0.0,0.0,0,0,0.0,0.0,0.0,0.0,0.0,0.0,0.0,0.0,0.49593263707123425
1206,0,,,0,0.0,0.0,0,0,0.0,10.04987562112089,11.0,0.0,0.0,0.0,0.0,0.0,0.49593597057307554
1207,0,,,0,0.0,0.0,0,0,0.0,49221.0,49221.0,0.0,0.0,0.0,0.0,0.0,0.5114989404393326
1208,0,,,0,0.0,0.0,0,0,0.0,0.0,0.0,0.0,0.0,0.0,0.0,0.0,0.49593263707123425
1209,0,,,0,0.0,0.0,0,0,0.0,0.0,0.0,0.0,0.0,0.0,0.0,0.0,0.49593263707123425
1210,0,,,0,0.0,0.0,0,0,0.0,47711.0,47711.0,0.0,0.0,0.0,0.0,0.0,0.5110248537266898
1211,0,,,0,0.0,0.0,0,0,0.0,0.0,0.0,0.0,0.0,0.0,0.0,0.0,0.49593263707123425
1212,0,,,0,0.0,0.0,0,0,0.0,0.0,0.0,0.0,0.0,0.0,0.0,0.0,0.49593263707123425
1213,0,,,0,0.0,0.0,0,0,0.0,0.0,0.0,0.0,0.0,0.0,0.0,0.0,0.49593263707123425
1214,0,,,0,0.0,0.0,0,0,0.0,1.0,1.0,0.0,0.0,0.0,0.0,0.0,0.49593295379070074
1215,0,,,0,0.0,0.0,0,0,0.0,1.0,1.0,0.0,0.0,0.0,0.0,0.0,0.49593295379070074
1216,0,,,0,0.0,0.0,0,0,0.0,22203.0,22203.0,0.0,0.0,0.0,0.0,0.0,0.502970883751991
1217,0,,,0,0.0,0.0,0,0,0.0,0.0,0.0,0.0,0.0,0.0,0.0,0.0,0.49593263707123425
1218,0,,,0,0.0,0.0,0,0,0.0,1411.0428767404626,1422.0,0.0,0.0,0.0,0.0,0.0,0.49638133625711295
1219,0,,,0,0.0,0.0,0,0,0.0,0.0,0.0,0.0,0.0,0.0,0.0,0.0,0.49593263707123425
1220,0,,,0,0.0,0.0,0,0,0.0,0.0,0.0,0.0,0.0,0.0,0.0,0.0,0.49593263707123425
1221,0,,,0,0.0,0.0,0,0,0.0,0.0,0.0,0.0,0.0,0.0,0.0,0.0,0.49593263707123425
1222,0,,,0,0.0,0.0,0,0,0.0,1.0,1.0,0.0,0.0,0.0,0.0,0.0,0.49593295379070074
1223,0,,,0,0.0,0.0,0,0,0.0,1.0,1.0,0.0,0.0,0.0,0.0,0.0,0.49593295379070074
1224,0,,,0,0.0,0.0,0,0,0.0,1.0,1.0,0.0,0.0,0.0,0.0,0.0,0.49593295379070074
1225,0,,,0,0.0,0.0,0,0,0.0,1.0,1.0,0.0,0.0,0.0,0.0,0.0,0.49593295379070074
1226,0,,,0,0.0,0.0,0,0,0.0,1.0,1.0,0.0,0.0,0.0,0.0,0.0,0.49593295379070074
1227,0,,,0,0.0,0.0,0,0,0.0,0.0,0.0,0.0,0.0,0.0,0.0,0.0,0.49593263707123425
1228,0,,,0,0.0,0.0,0,0,0.0,1.0,1.0,0.0,0.0,0.0,0.0,0.0,0.49593295379070074
1229,0,,,0,0.0,0.0,0,0,0.0,1.0,1.0,0.0,0.0,0.0,0.0,0.0,0.49593295379070074
1230,0,,,0,0.0,0.0,0,0,0.0,0.0,0.0,0.0,0.0,0.0,0.0,0.0,0.49593263707123425
1231,0,,,0,0.0,0.0,0,0,0.0,1.0,1.0,0.0,0.0,0.0,0.0,0.0,0.49593295379070074
1232,0,,,0,0.0,0.0,0,0,0.0,0.0,0.0,0.0,0.0,0.0,0.0,0.0,0.49593263707123425
1233,0,,,0,0.0,0.0,0,0,0.0,0.0,0.0,0.0,0.0,0.0,0.0,0.0,0.49593263707123425
1234,0,,,0,0.0,0.0,0,0,0.0,0.0,0.0,0.0,0.0,0.0,0.0,0.0,0.49593263707123425
1235,0,,,0,0.0,0.0,0,0,0.0,9.055385138137416,10.0,0.0,0.0,0.0,0.0,0.0,0.4959356547252491
1236,0,,,0,0.0,0.0,0,0,0.0,49222.0,49222.0,0.0,0.0,0.0,0.0,0.0,0.5114992542722908
1237,0,,,0,0.0,0.0,0,0,0.0,8.06225774829855,9.0,0.0,0.0,0.0,0.0,0.0,0.49593533909327636
1238,0,,,0,0.0,0.0,0,0,0.0,0.0,0.0,0.0,0.0,0.0,0.0,0.0,0.49593263707123425
1239,0,,,0,0.0,0.0,0,0,0.0,0.0,0.0,0.0,0.0,0.0,0.0,0.0,0.49593263707123425
1240,0,,,0,0.0,0.0,0,0,0.0,1.0,1.0,0.0,0.0,0.0,0.0,0.0,0.49593295379070074
1241,0,,,0,0.0,0.0,0,0,0.0,0.0,0.0,0.0,0.0,0.0,0.0,0.0,0.49593263707123425
1242,0,,,0,0.0,0.0,0,0,0.0,1.0,1.0,0.0,0.0,0.0,0.0,0.0,0.49593295379070074
1243,0,,,0,0.0,0.0,0,0,0.0,0.0,0.0,0.0,0.0,0.0,0.0,0.0,0.49593263707123425
1244,0,,,0,0.0,0.0,0,0,0.0,0.0,0.0,0.0,0.0,0.0,0.0,0.0,0.49593263707123425
1245,0,,,0,0.0,0.0,0,0,0.0,84230.0010032055,84243.0,0.0,0.0,0.0,0.0,0.0,0.5223468587062693
1246,0,,,0,0.0,0.0,0,0,0.0,1.0,1.0,0.0,0.0,0.0,0.0,0.0,0.49593295379070074
1247,0,,,0,0.0,0.0,0,0,0.0,0.0,0.0,0.0,0.0,0.0,0.0,0.0,0.49593263707123425
1248,0,,,0,0.0,0.0,0,0,0.0,1.0,1.0,0.0,0.0,0.0,0.0,0.0,0.49593295379070074
1249,0,,,0,0.0,0.0,0,0,0.0,1.0,1.0,0.0,0.0,0.0,0.0,0.0,0.49593295379070074
1250,0,,,0,0.0,0.0,0,0,0.0,1.0,1.0,0.0,0.0,0.0,0.0,0.0,0.49593295379070074
1251,0,,,0,0.0,0.0,0,0,0.0,1.0,1.0,0.0,0.0,0.0,0.0,0.0,0.49593295379070074
1252,0,,,0,0.0,0.0,0,0,0.0,0.0,0.0,0.0,0.0,0.0,0.0,0.0,0.49593263707123425
1253,0,,,0,0.0,0.0,0,0,0.0,0.0,0.0,0.0,0.0,0.0,0.0,0.0,0.49593263707123425
1254,0,,,0,0.0,0.0,0,0,0.0,1.0,1.0,0.0,0.0,0.0,0.0,0.0,0.49593295379070074
1255,0,,,0,0.0,0.0,0,0,0.0,1.0,1.0,0.0,0.0,0.0,0.0,0.0,0.49593295379070074
1256,0,,,0,0.0,0.0,0,0,0.0,47711.00104797634,47721.0,0.0,0.0,0.0,0.0,0.0,0.5110264248440268
1257,0,,,0,0.0,0.0,0,0,0.0,64910.0,64910.0,0.0,0.0,0.0,0.0,0.0,0.5163979278318286
1258,0,,,0,0.0,0.0,0,0,0.0,49232.0,49232.0,0.0,0.0,0.0,0.0,0.0,0.5115023925921492
1259,0,,,0,0.0,0.0,0,0,0.0,1.0,1.0,0.0,0.0,0.0,0.0,0.0,0.49593295379070074
1260,0,,,0,0.0,0.0,0,0,0.0,84130.0,84130.0,0.0,0.0,0.0,0.0,0.0,0.5223143881107919
1261,0,,,0,0.0,0.0,0,0,0.0,0.0,0.0,0.0,0.0,0.0,0.0,0.0,0.49593263707123425
1262,0,,,0,0.0,0.0,0,0,0.0,0.0,0.0,0.0,0.0,0.0,0.0,0.0,0.49593263707123425
1263,0,,,0,0.0,0.0,0,0,0.0,23933.0,23933.0,0.0,0.0,0.0,0.0,0.0,0.5035189950070311
1264,0,,,0,0.0,0.0,0,0,0.0,55103.0,55103.0,0.0,0.0,0.0,0.0,0.0,0.5133416905108513
1265,0,,,0,0.0,0.0,0,0,0.0,0.0,0.0,0.0,0.0,0.0,0.0,0.0,0.49593263707123425
1266,0,,,0,0.0,0.0,0,0,0.0,97006.00087108012,97019.0,0.0,0.0,0.0,0.0,0.0,0.5262132266373718
1267,0,,,0,0.0,0.0,0,0,0.0,0.0,0.0,0.0,0.0,0.0,0.0,0.0,0.49593263707123425
1268,0,,,0,0.0,0.0,0,0,0.0,84130.0,84130.0,0.0,0.0,0.0,0.0,0.0,0.5223143881107919
1269,0,,,0,0.0,0.0,0,0,0.0,0.0,0.0,0.0,0.0,0.0,0.0,0.0,0.49593263707123425
1270,0,,,0,0.0,0.0,0,0,0.0,10505.0,10505.0,0.0,0.0,0.0,0.0,0.0,0.4992621944340027
1271,0,,,0,0.0,0.0,0,0,0.0,55101.0,55101.0,0.0,0.0,0.0,0.0,0.0,0.5133410650849486
1272,0,,,0,0.0,0.0,0,0,0.0,0.0,0.0,0.0,0.0,0.0,0.0,0.0,0.49593263707123425
1273,0,,,0,0.0,0.0,0,0,0.0,0.0,0.0,0.0,0.0,0.0,0.0,0.0,0.49593263707123425
1274,0,,,0,0.0,0.0,0,0,0.0,31007.0,31007.0,0.0,0.0,0.0,0.0,0.0,0.5057582276136706
1275,0,,,0,0.0,0.0,0,0,0.0,10.04987562112089,11.0,0.0,0.0,0.0,0.0,0.0,0.49593597057307554
1276,0,,,0,0.0,0.0,0,0,0.0,0.0,0.0,0.0,0.0,0.0,0.0,0.0,0.49593263707123425
1277,0,,,0,0.0,0.0,0,0,0.0,0.0,0.0,0.0,0.0,0.0,0.0,0.0,0.49593263707123425
1278,0,,,0,0.0,0.0,0,0,0.0,0.0,0.0,0.0,0.0,0.0,0.0,0.0,0.49593263707123425
1279,0,,,0,0.0,0.0,0,0,0.0,1.0,1.0,0.0,0.0,0.0,0.0,0.0,0.49593295379070074
1280,0,,,0,0.0,0.0,0,0,0.0,1.0,1.0,0.0,0.0,0.0,0.0,0.0,0.49593295379070074
1281,0,,,0,0.0,0.0,0,0,0.0,1.0,1.0,0.0,0.0,0.0,0.0,0.0,0.49593295379070074
1282,0,,,0,0.0,0.0,0,0,0.0,1.0,1.0,0.0,0.0,0.0,0.0,0.0,0.49593295379070074
1283,0,,,0,0.0,0.0,0,0,0.0,1.0,1.0,0.0,0.0,0.0,0.0,0.0,0.49593295379070074
1284,0,,,0,0.0,0.0,0,0,0.0,0.0,0.0,0.0,0.0,0.0,0.0,0.0,0.49593263707123425
1285,0,,,0,0.0,0.0,0,0,0.0,1.0,1.0,0.0,0.0,0.0,0.0,0.0,0.49593295379070074
1286,0,,,0,0.0,0.0,0,0,0.0,1.0,1.0,0.0,0.0,0.0,0.0,0.0,0.49593295379070074
1287,0,,,0,0.0,0.0,0,0,0.0,1.0,1.0,0.0,0.0,0.0,0.0,0.0,0.49593295379070074
1288,0,,,0,0.0,0.0,0,0,0.0,1.0,1.0,0.0,0.0,0.0,0.0,0.0,0.49593295379070074
1289,0,,,0,0.0,0.0,0,0,0.0,0.0,0.0,0.0,0.0,0.0,0.0,0.0,0.49593263707123425
1290,0,,,0,0.0,0.0,0,0,0.0,0.0,0.0,0.0,0.0,0.0,0.0,0.0,0.49593263707123425
1291,0,,,0,0.0,0.0,0,0,0.0,84130.0,84130.0,0.0,0.0,0.0,0.0,0.0,0.5223143881107919
1292,0,,,0,0.0,0.0,0,0,0.0,49233.0,49233.0,0.0,0.0,0.0,0.0,0.0,0.5115027064231629
1293,0,,,0,0.0,0.0,0,0,0.0,0.0,0.0,0.0,0.0,0.0,0.0,0.0,0.49593263707123425
1294,0,,,0,0.0,0.0,0,0,0.0,1.0,1.0,0.0,0.0,0.0,0.0,0.0,0.49593295379070074
1295,0,,,0,0.0,0.0,0,0,0.0,0.0,0.0,0.0,0.0,0.0,0.0,0.0,0.49593263707123425
1296,0,,,0,0.0,0.0,0,0,0.0,0.0,0.0,0.0,0.0,0.0,0.0,0.0,0.49593263707123425
1297,0,,,0,0.0,0.0,0,0,0.0,1.0,1.0,0.0,0.0,0.0,0.0,0.0,0.49593295379070074
1298,0,,,0,0.0,0.0,0,0,0.0,1.0,1.0,0.0,0.0,0.0,0.0,0.0,0.49593295379070074
1299,0,,,0,0.0,0.0,0,0,0.0,0.0,0.0,0.0,0.0,0.0,0.0,0.0,0.49593263707123425
1300,0,,,0,0.0,0.0,0,0,0.0,0.0,0.0,0.0,0.0,0.0,0.0,0.0,0.49593263707123425
1301,0,,,0,0.0,0.0,0,0,0.0,1.0,1.0,0.0,0.0,0.0,0.0,0.0,0.49593295379070074
1302,0,,,0,0.0,0.0,0,0,0.0,47817.0,47817.0,0.0,0.0,0.0,0.0,0.0,0.51105814679926
1303,0,,,0,0.0,0.0,0,0,0.0,33150.0,33150.0,0.0,0.0,0.0,0.0,0.0,0.506435771412484
1304,0,,,0,0.0,0.0,0,0,0.0,1.0,1.0,0.0,0.0,0.0,0.0,0.0,0.49593295379070074
1305,0,,,0,0.0,0.0,0,0,0.0,41003.0,41003.0,0.0,0.0,0.0,0.0,0.0,0.5089143272261039
1306,0,,,0,0.0,0.0,0,0,0.0,1.0,1.0,0.0,0.0,0.0,0.0,0.0,0.49593295379070074
1307,0,,,0,0.0,0.0,0,0,0.0,0.0,0.0,0.0,0.0,0.0,0.0,0.0,0.49593263707123425
1308,0,,,0,0.0,0.0,0,0,0.0,1.0,1.0,0.0,0.0,0.0,0.0,0.0,0.49593295379070074
1309,0,,,0,0.0,0.0,0,0,0.0,1.0,1.0,0.0,0.0,0.0,0.0,0.0,0.49593295379070074
1310,0,,,0,0.0,0.0,0,0,0.0,1.0,1.0,0.0,0.0,0.0,0.0,0.0,0.49593295379070074
1311,0,,,0,0.0,0.0,0,0,0.0,1.0,1.0,0.0,0.0,0.0,0.0,0.0,0.49593295379070074
1312,0,,,0,0.0,0.0,0,0,0.0,10629.0,10629.0,0.0,0.0,0.0,0.0,0.0,0.4993015137332528
1313,0,,,0,0.0,0.0,0,0,0.0,1.0,1.0,0.0,0.0,0.0,0.0,0.0,0.49593295379070074
1314,0,,,0,0.0,0.0,0,0,0.0,1.0,1.0,0.0,0.0,0.0,0.0,0.0,0.49593295379070074
1315,0,,,0,0.0,0.0,0,0,0.0,1.0,1.0,0.0,0.0,0.0,0.0,0.0,0.49593295379070074
1316,0,,,0,0.0,0.0,0,0,0.0,1.0,1.0,0.0,0.0,0.0,0.0,0.0,0.49593295379070074
1317,0,,,0,0.0,0.0,0,0,0.0,0.0,0.0,0.0,0.0,0.0,0.0,0.0,0.49593263707123425
1318,0,,,0,0.0,0.0,0,0,0.0,0.0,0.0,0.0,0.0,0.0,0.0,0.0,0.49593263707123425
1319,0,,,0,0.0,0.0,0,0,0.0,47113.0,47113.0,0.0,0.0,0.0,0.0,0.0,0.5108369949923434
1320,0,,,0,0.0,0.0,0,0,0.0,0.0,0.0,0.0,0.0,0.0,0.0,0.0,0.49593263707123425
1321,0,,,0,0.0,0.0,0,0,0.0,0.0,0.0,0.0,0.0,0.0,0.0,0.0,0.49593263707123425
1322,0,,,0,0.0,0.0,0,0,0.0,1.0,1.0,0.0,0.0,0.0,0.0,0.0,0.49593295379070074
1323,0,,,0,0.0,0.0,0,0,0.0,14101.0,14101.0,0.0,0.0,0.0,0.0,0.0,0.5004024770791664
1324,0,,,0,0.0,0.0,0,0,0.0,0.0,0.0,0.0,0.0,0.0,0.0,0.0,0.49593263707123425
1325,0,,,0,0.0,0.0,0,0,0.0,1.0,1.0,0.0,0.0,0.0,0.0,0.0,0.49593295379070074
1326,0,,,0,0.0,0.0,0,0,0.0,1.0,1.0,0.0,0.0,0.0,0.0,0.0,0.49593295379070074
1327,0,,,0,0.0,0.0,0,0,0.0,0.0,0.0,0.0,0.0,0.0,0.0,0.0,0.49593263707123425
1328,0,,,0,0.0,0.0,0,0,0.0,0.0,0.0,0.0,0.0,0.0,0.0,0.0,0.49593263707123425
1329,0,,,0,0.0,0.0,0,0,0.0,0.0,0.0,0.0,0.0,0.0,0.0,0.0,0.49593263707123425
1330,0,,,0,0.0,0.0,0,0,0.0,1.0,1.0,0.0,0.0,0.0,0.0,0.0,0.49593295379070074
1331,0,,,0,0.0,0.0,0,0,0.0,1.0,1.0,0.0,0.0,0.0,0.0,0.0,0.49593295379070074
1332,0,,,0,0.0,0.0,0,0,0.0,84130.0,84130.0,0.0,0.0,0.0,0.0,0.0,0.5223143881107919
1333,0,,,0,0.0,0.0,0,0,0.0,0.0,0.0,0.0,0.0,0.0,0.0,0.0,0.49593263707123425
1334,0,,,0,0.0,0.0,0,0,0.0,97006.0,97006.0,0.0,0.0,0.0,0.0,0.0,0.5262112740634938
1335,0,,,0,0.0,0.0,0,0,0.0,85101.0,85101.0,0.0,0.0,0.0,0.0,0.0,0.5226102875856004
1336,0,,,0,0.0,0.0,0,0,0.0,0.0,0.0,0.0,0.0,0.0,0.0,0.0,0.49593263707123425
1337,0,,,0,0.0,0.0,0,0,0.0,16213.0,16213.0,0.0,0.0,0.0,0.0,0.0,0.5010721544635266
1338,0,,,0,0.0,0.0,0,0,0.0,1.0,1.0,0.0,0.0,0.0,0.0,0.0,0.49593295379070074
1339,0,,,0,0.0,0.0,0,0,0.0,1.0,1.0,0.0,0.0,0.0,0.0,0.0,0.49593295379070074
1340,0,,,0,0.0,0.0,0,0,0.0,0.0,0.0,0.0,0.0,0.0,0.0,0.0,0.49593263707123425
1341,0,,,0,0.0,0.0,0,0,0.0,1.0,1.0,0.0,0.0,0.0,0.0,0.0,0.49593295379070074
1342,0,,,0,0.0,0.0,0,0,0.0,41002.0,41002.0,0.0,0.0,0.0,0.0,0.0,0.5089140120995489
1343,0,,,0,0.0,0.0,0,0,0.0,0.0,0.0,0.0,0.0,0.0,0.0,0.0,0.49593263707123425
1344,0,,,0,0.0,0.0,0,0,0.0,0.0,0.0,0.0,0.0,0.0,0.0,0.0,0.49593263707123425
1345,0,,,0,0.0,0.0,0,0,0.0,0.0,0.0,0.0,0.0,0.0,0.0,0.0,0.49593263707123425
1346,0,,,0,0.0,0.0,0,0,0.0,0.0,0.0,0.0,0.0,0.0,0.0,0.0,0.49593263707123425
1347,0,,,0,0.0,0.0,0,0,0.0,1.0,1.0,0.0,0.0,0.0,0.0,0.0,0.49593295379070074
1348,0,,,0,0.0,0.0,0,0,0.0,13.038404810405298,14.0,0.0,0.0,0.0,0.0,0.0,0.4959369189176168
1349,0,,,0,0.0,0.0,0,0,0.0,8.06225774829855,9.0,0.0,0.0,0.0,0.0,0.0,0.49593533909327636
1350,0,,,0,0.0,0.0,0,0,0.0,1.0,1.0,0.0,0.0,0.0,0.0,0.0,0.49593295379070074
1351,0,,,0,0.0,0.0,0,0,0.0,0.0,0.0,0.0,0.0,0.0,0.0,0.0,0.49593263707123425
1352,0,,,0,0.0,0.0,0,0,0.0,1.0,1.0,0.0,0.0,0.0,0.0,0.0,0.49593295379070074
1353,0,,,0,0.0,0.0,0,0,0.0,1.0,1.0,0.0,0.0,0.0,0.0,0.0,0.49593295379070074
1354,0,,,0,0.0,0.0,0,0,0.0,1.0,1.0,0.0,0.0,0.0,0.0,0.0,0.49593295379070074
1355,0,,,0,0.0,0.0,0,0,0.0,1.0,1.0,0.0,0.0,0.0,0.0,0.0,0.49593295379070074
1356,0,,,0,0.0,0.0,0,0,0.0,0.0,0.0,0.0,0.0,0.0,0.0,0.0,0.49593263707123425
1357,0,,,0,0.0,0.0,0,0,0.0,22202.0,22202.0,0.0,0.0,0.0,0.0,0.0,0.5029705668813164
1358,0,,,0,0.0,0.0,0,0,0.0,1.0,1.0,0.0,0.0,0.0,0.0,0.0,0.49593295379070074
1359,0,,,0,0.0,0.0,0,0,0.0,0.0,0.0,0.0,0.0,0.0,0.0,0.0,0.49593263707123425
1360,0,,,0,0.0,0.0,0,0,0.0,0.0,0.0,0.0,0.0,0.0,0.0,0.0,0.49593263707123425
1361,0,,,0,0.0,0.0,0,0,0.0,0.0,0.0,0.0,0.0,0.0,0.0,0.0,0.49593263707123425
1362,0,,,0,0.0,0.0,0,0,0.0,10712.0,10712.0,0.0,0.0,0.0,0.0,0.0,0.49932783237540673
1363,0,,,0,0.0,0.0,0,0,0.0,85229.0,85229.0,0.0,0.0,0.0,0.0,0.0,0.5226492703410566
1364,0,,,0,0.0,0.0,0,0,0.0,0.0,0.0,0.0,0.0,0.0,0.0,0.0,0.49593263707123425
1365,0,,,0,0.0,0.0,0,0,0.0,1.0,1.0,0.0,0.0,0.0,0.0,0.0,0.49593295379070074
1366,0,,,0,0.0,0.0,0,0,0.0,1.0,1.0,0.0,0.0,0.0,0.0,0.0,0.49593295379070074
1367,0,,,0,0.0,0.0,0,0,0.0,43302.0,43302.0,0.0,0.0,0.0,0.0,0.0,0.5096384288826604
1368,0,,,0,0.0,0.0,0,0,0.0,1.0,1.0,0.0,0.0,0.0,0.0,0.0,0.49593295379070074
1369,0,,,0,0.0,0.0,0,0,0.0,14.0356688476182,15.0,0.0,0.0,0.0,0.0,0.0,0.49593723520477134
1370,0,,,0,0.0,0.0,0,0,0.0,47598.0,47598.0,0.0,0.0,0.0,0.0,0.0,0.5109893599557832
1371,0,,,0,0.0,0.0,0,0,0.0,0.0,0.0,0.0,0.0,0.0,0.0,0.0,0.49593263707123425
1372,0,,,0,0.0,0.0,0,0,0.0,86203.0,86203.0,0.0,0.0,0.0,0.0,0.0,0.5229457234378402
1373,0,,,0,0.0,0.0,0,0,0.0,0.0,0.0,0.0,0.0,0.0,0.0,0.0,0.49593263707123425
1374,0,,,0,0.0,0.0,0,0,0.0,0.0,0.0,0.0,0.0,0.0,0.0,0.0,0.49593263707123425
1375,0,,,0,0.0,0.0,0,0,0.0,10629.0,10629.0,0.0,0.0,0.0,0.0,0.0,0.4993015137332528
1376,0,,,0,0.0,0.0,0,0,0.0,97004.0,97004.0,0.0,0.0,0.0,0.0,0.0,0.5262106734945114
1377,0,,,0,0.0,0.0,0,0,0.0,0.0,0.0,0.0,0.0,0.0,0.0,0.0,0.49593263707123425
1378,0,,,0,0.0,0.0,0,0,0.0,0.0,0.0,0.0,0.0,0.0,0.0,0.0,0.49593263707123425
1379,0,,,0,0.0,0.0,0,0,0.0,84230.0,84230.0,0.0,0.0,0.0,0.0,0.0,0.5223448763227968
1380,0,,,0,0.0,0.0,0,0,0.0,0.0,0.0,0.0,0.0,0.0,0.0,0.0,0.49593263707123425
1381,0,,,0,0.0,0.0,0,0,0.0,1.0,1.0,0.0,0.0,0.0,0.0,0.0,0.49593295379070074
1382,0,,,0,0.0,0.0,0,0,0.0,0.0,0.0,0.0,0.0,0.0,0.0,0.0,0.49593263707123425
1383,0,,,0,0.0,0.0,0,0,0.0,82200.0,82200.0,0.0,0.0,0.0,0.0,0.0,0.5217253200419864
1384,0,,,0,0.0,0.0,0,0,0.0,41001.0,41001.0,0.0,0.0,0.0,0.0,0.0,0.508913696972856
1385,0,,,0,0.0,0.0,0,0,0.0,11.04536101718726,12.0,0.0,0.0,0.0,0.0,0.0,0.4959362865784687
1386,0,,,0,0.0,0.0,0,0,0.0,1.0,1.0,0.0,0.0,0.0,0.0,0.0,0.49593295379070074
1387,0,,,0,0.0,0.0,0,0,0.0,1.0,1.0,0.0,0.0,0.0,0.0,0.0,0.49593295379070074
1388,0,,,0,0.0,0.0,0,0,0.0,1.0,1.0,0.0,0.0,0.0,0.0,0.0,0.49593295379070074
1389,0,,,0,0.0,0.0,0,0,0.0,0.0,0.0,0.0,0.0,0.0,0.0,0.0,0.49593263707123425
1390,0,,,0,0.0,0.0,0,0,0.0,0.0,0.0,0.0,0.0,0.0,0.0,0.0,0.49593263707123425
1391,0,,,0,0.0,0.0,0,0,0.0,1291.0,1291.0,0.0,0.0,0.0,0.0,0.0,0.4963415708593595
1392,0,,,0,0.0,0.0,0,0,0.0,0.0,0.0,0.0,0.0,0.0,0.0,0.0,0.49593263707123425
1393,0,,,0,0.0,0.0,0,0,0.0,1.0,1.0,0.0,0.0,0.0,0.0,0.0,0.49593295379070074
1394,0,,,0,0.0,0.0,0,0,0.0,16213.00197372467,16221.0,0.0,0.0,0.0,0.0,0.0,0.5010734234310434
1395,0,,,0,0.0,0.0,0,0,0.0,85102.0,85102.0,0.0,0.0,0.0,0.0,0.0,0.5226105921597335
1396,0,,,0,0.0,0.0,0,0,0.0,0.0,0.0,0.0,0.0,0.0,0.0,0.0,0.49593263707123425
1397,0,,,0,0.0,0.0,0,0,0.0,1.0,1.0,0.0,0.0,0.0,0.0,0.0,0.49593295379070074
1398,0,,,0,0.0,0.0,0,0,0.0,1.0,1.0,0.0,0.0,0.0,0.0,0.0,0.49593295379070074
1399,0,,,0,0.0,0.0,0,0,0.0,1.0,1.0,0.0,0.0,0.0,0.0,0.0,0.49593295379070074
1400,0,,,0,0.0,0.0,0,0,0.0,1.0,1.0,0.0,0.0,0.0,0.0,0.0,0.49593295379070074
1401,0,,,0,0.0,0.0,0,0,0.0,1.0,1.0,0.0,0.0,0.0,0.0,0.0,0.49593295379070074
1402,0,,,0,0.0,0.0,0,0,0.0,0.0,0.0,0.0,0.0,0.0,0.0,0.0,0.49593263707123425
1403,0,,,0,0.0,0.0,0,0,0.0,14101.0042904752,14112.0,0.0,0.0,0.0,0.0,0.0,0.5004042223101529
1404,0,,,0,0.0,0.0,0,0,0.0,1.0,1.0,0.0,0.0,0.0,0.0,0.0,0.49593295379070074
1405,0,,,0,0.0,0.0,0,0,0.0,1.0,1.0,0.0,0.0,0.0,0.0,0.0,0.49593295379070074
1406,0,,,0,0.0,0.0,0,0,0.0,46492.00026886346,46497.0,0.0,0.0,0.0,0.0,0.0,0.5106426338099995
1407,0,,,0,0.0,0.0,0,0,0.0,1.0,1.0,0.0,0.0,0.0,0.0,0.0,0.49593295379070074
1408,0,,,0,0.0,0.0,0,0,0.0,0.0,0.0,0.0,0.0,0.0,0.0,0.0,0.49593263707123425
1409,0,,,0,0.0,0.0,0,0,0.0,0.0,0.0,0.0,0.0,0.0,0.0,0.0,0.49593263707123425
1410,0,,,0,0.0,0.0,0,0,0.0,0.0,0.0,0.0,0.0,0.0,0.0,0.0,0.49593263707123425
1411,0,,,0,0.0,0.0,0,0,0.0,0.0,0.0,0.0,0.0,0.0,0.0,0.0,0.49593263707123425
1412,0,,,0,0.0,0.0,0,0,0.0,1.0,1.0,0.0,0.0,0.0,0.0,0.0,0.49593295379070074
1413,0,,,0,0.0,0.0,0,0,0.0,0.0,0.0,0.0,0.0,0.0,0.0,0.0,0.49593263707123425
1414,0,,,0,0.0,0.0,0,0,0.0,0.0,0.0,0.0,0.0,0.0,0.0,0.0,0.49593263707123425
1415,0,,,0,0.0,0.0,0,0,0.0,47112.001528273024,47124.0,0.0,0.0,0.0,0.0,0.0,0.510838566784833
1416,0,,,0,0.0,0.0,0,0,0.0,1.0,1.0,0.0,0.0,0.0,0.0,0.0,0.49593295379070074
1417,0,,,0,0.0,0.0,0,0,0.0,1.0,1.0,0.0,0.0,0.0,0.0,0.0,0.49593295379070074
1418,0,,,0,0.0,0.0,0,0,0.0,1.0,1.0,0.0,0.0,0.0,0.0,0.0,0.49593295379070074
1419,0,,,0,0.0,0.0,0,0,0.0,0.0,0.0,0.0,0.0,0.0,0.0,0.0,0.49593263707123425
1420,0,,,0,0.0,0.0,0,0,0.0,41003.0,41003.0,0.0,0.0,0.0,0.0,0.0,0.5089143272261039
1421,0,,,0,0.0,0.0,0,0,0.0,0.0,0.0,0.0,0.0,0.0,0.0,0.0,0.49593263707123425
1422,0,,,0,0.0,0.0,0,0,0.0,1.0,1.0,0.0,0.0,0.0,0.0,0.0,0.49593295379070074
1423,0,,,0,0.0,0.0,0,0,0.0,0.0,0.0,0.0,0.0,0.0,0.0,0.0,0.49593263707123425
1424,0,,,0,0.0,0.0,0,0,0.0,1.0,1.0,0.0,0.0,0.0,0.0,0.0,0.49593295379070074
1425,0,,,0,0.0,0.0,0,0,0.0,41003.0,41003.0,0.0,0.0,0.0,0.0,0.0,0.5089143272261039
1426,0,,,0,0.0,0.0,0,0,0.0,1.0,1.0,0.0,0.0,0.0,0.0,0.0,0.49593295379070074
1427,0,,,0,0.0,0.0,0,0,0.0,1.0,1.0,0.0,0.0,0.0,0.0,0.0,0.49593295379070074
1428,0,,,0,0.0,0.0,0,0,0.0,1.0,1.0,0.0,0.0,0.0,0.0,0.0,0.49593295379070074
1429,0,,,0,0.0,0.0,0,0,0.0,1.0,1.0,0.0,0.0,0.0,0.0,0.0,0.49593295379070074
1430,0,,,0,0.0,0.0,0,0,0.0,6.082762530298219,7.0,0.0,0.0,0.0,0.0,0.0,0.4959347088996278
1431,0,,,0,0.0,0.0,0,0,0.0,0.0,0.0,0.0,0.0,0.0,0.0,0.0,0.49593263707123425
1432,0,,,0,0.0,0.0,0,0,0.0,0.0,0.0,0.0,0.0,0.0,0.0,0.0,0.49593263707123425
1433,0,,,0,0.0,0.0,0,0,0.0,0.0,0.0,0.0,0.0,0.0,0.0,0.0,0.49593263707123425
1434,0,,,0,0.0,0.0,0,0,0.0,47598.00026261608,47603.0,0.0,0.0,0.0,0.0,0.0,0.5109901455218182
1435,0,,,0,0.0,0.0,0,0,0.0,0.0,0.0,0.0,0.0,0.0,0.0,0.0,0.49593263707123425
1436,0,,,0,0.0,0.0,0,0,0.0,0.0,0.0,0.0,0.0,0.0,0.0,0.0,0.49593263707123425
1437,0,,,0,0.0,0.0,0,0,0.0,1.0,1.0,0.0,0.0,0.0,0.0,0.0,0.49593295379070074
1438,0,,,0,0.0,0.0,0,0,0.0,13945.0,13945.0,0.0,0.0,0.0,0.0,0.0,0.5003530103273456
1439,0,,,0,0.0,0.0,0,0,0.0,16291.0,16291.0,0.0,0.0,0.0,0.0,0.0,0.5010968856020971
1440,0,,,0,0.0,0.0,0,0,0.0,0.0,0.0,0.0,0.0,0.0,0.0,0.0,0.49593263707123425
1441,0,,,0,0.0,0.0,0,0,0.0,0.0,0.0,0.0,0.0,0.0,0.0,0.0,0.49593263707123425
1442,0,,,0,0.0,0.0,0,0,0.0,0.0,0.0,0.0,0.0,0.0,0.0,0.0,0.49593263707123425
1443,0,,,0,0.0,0.0,0,0,0.0,1.0,1.0,0.0,0.0,0.0,0.0,0.0,0.49593295379070074
1444,0,,,0,0.0,0.0,0,0,0.0,0.0,0.0,0.0,0.0,0.0,0.0,0.0,0.49593263707123425
1445,0,,,0,0.0,0.0,0,0,0.0,1.0,1.0,0.0,0.0,0.0,0.0,0.0,0.49593295379070074
1446,0,,,0,0.0,0.0,0,0,0.0,0.0,0.0,0.0,0.0,0.0,0.0,0.0,0.49593263707123425
1447,0,,,0,0.0,0.0,0,0,0.0,0.0,0.0,0.0,0.0,0.0,0.0,0.0,0.49593263707123425
1448,0,,,0,0.0,0.0,0,0,0.0,49232.00171636331,49245.0,0.0,0.0,0.0,0.0,0.0,0.5115044333859594
1449,0,,,0,0.0,0.0,0,0,0.0,0.0,0.0,0.0,0.0,0.0,0.0,0.0,0.49593263707123425
1450,0,,,0,0.0,0.0,0,0,0.0,0.0,0.0,0.0,0.0,0.0,0.0,0.0,0.49593263707123425
1451,0,,,0,0.0,0.0,0,0,0.0,1271.0,1271.0,0.0,0.0,0.0,0.0,0.0,0.49633523499047644
1452,0,,,0,0.0,0.0,0,0,0.0,1.0,1.0,0.0,0.0,0.0,0.0,0.0,0.49593295379070074
1453,0,,,0,0.0,0.0,0,0,0.0,0.0,0.0,0.0,0.0,0.0,0.0,0.0,0.49593263707123425
1454,0,,,0,0.0,0.0,0,0,0.0,43302.0,43302.0,0.0,0.0,0.0,0.0,0.0,0.5096384288826604
1455,0,,,0,0.0,0.0,0,0,0.0,1.0,1.0,0.0,0.0,0.0,0.0,0.0,0.49593295379070074
1456,0,,,0,0.0,0.0,0,0,0.0,1.0,1.0,0.0,0.0,0.0,0.0,0.0,0.49593295379070074
1457,0,,,0,0.0,0.0,0,0,0.0,1.0,1.0,0.0,0.0,0.0,0.0,0.0,0.49593295379070074
1458,0,,,0,0.0,0.0,0,0,0.0,14101.003545847369,14111.0,0.0,0.0,0.0,0.0,0.0,0.5004040635965992
1459,0,,,0,0.0,0.0,0,0,0.0,0.0,0.0,0.0,0.0,0.0,0.0,0.0,0.49593263707123425
1460,0,,,0,0.0,0.0,0,0,0.0,13945.0,13945.0,0.0,0.0,0.0,0.0,0.0,0.5003530103273456
1461,0,,,0,0.0,0.0,0,0,0.0,1.0,1.0,0.0,0.0,0.0,0.0,0.0,0.49593295379070074
1462,0,,,0,0.0,0.0,0,0,0.0,0.0,0.0,0.0,0.0,0.0,0.0,0.0,0.49593263707123425
1463,0,,,0,0.0,0.0,0,0,0.0,0.0,0.0,0.0,0.0,0.0,0.0,0.0,0.49593263707123425
1464,0,,,0,0.0,0.0,0,0,0.0,0.0,0.0,0.0,0.0,0.0,0.0,0.0,0.49593263707123425
1465,0,,,0,0.0,0.0,0,0,0.0,10629.007949945282,10642.0,0.0,0.0,0.0,0.0,0.0,0.49930357672089776
1466,0,,,0,0.0,0.0,0,0,0.0,43302.0,43302.0,0.0,0.0,0.0,0.0,0.0,0.5096384288826604
1467,0,,,0,0.0,0.0,0,0,0.0,97004.0,97004.0,0.0,0.0,0.0,0.0,0.0,0.5262106734945114
1468,0,,,0,0.0,0.0,0,0,0.0,0.0,0.0,0.0,0.0,0.0,0.0,0.0,0.49593263707123425
1469,0,,,0,0.0,0.0,0,0,0.0,0.0,0.0,0.0,0.0,0.0,0.0,0.0,0.49593263707123425
1470,0,,,0,0.0,0.0,0,0,0.0,0.0,0.0,0.0,0.0,0.0,0.0,0.0,0.49593263707123425
1471,0,,,0,0.0,0.0,0,0,0.0,43301.0,43301.0,0.0,0.0,0.0,0.0,0.0,0.5096381140857611
1472,0,,,0,0.0,0.0,0,0,0.0,5.0990195135927845,6.0,0.0,0.0,0.0,0.0,0.0,0.49593439475348927
1473,0,,,0,0.0,0.0,0,0,0.0,0.0,0.0,0.0,0.0,0.0,0.0,0.0,0.49593263707123425
1474,0,,,0,0.0,0.0,0,0,0.0,0.0,0.0,0.0,0.0,0.0,0.0,0.0,0.49593263707123425
1475,0,,,0,0.0,0.0,0,0,0.0,0.0,0.0,0.0,0.0,0.0,0.0,0.0,0.49593263707123425
1476,0,,,0,0.0,0.0,0,0,0.0,0.0,0.0,0.0,0.0,0.0,0.0,0.0,0.49593263707123425
1477,0,,,0,0.0,0.0,0,0,0.0,0.0,0.0,0.0,0.0,0.0,0.0,0.0,0.49593263707123425
1478,0,,,0,0.0,0.0,0,0,0.0,55103.0,55103.0,0.0,0.0,0.0,0.0,0.0,0.5133416905108513
1479,0,,,0,0.0,0.0,0,0,0.0,1.0,1.0,0.0,0.0,0.0,0.0,0.0,0.49593295379070074
1480,0,,,0,0.0,0.0,0,0,0.0,0.0,0.0,0.0,0.0,0.0,0.0,0.0,0.49593263707123425
1481,0,,,0,0.0,0.0,0,0,0.0,0.0,0.0,0.0,0.0,0.0,0.0,0.0,0.49593263707123425
1482,0,,,0,0.0,0.0,0,0,0.0,58111.0,58111.0,0.0,0.0,0.0,0.0,0.0,0.5142813861423846
1483,0,,,0,0.0,0.0,0,0,0.0,1.0,1.0,0.0,0.0,0.0,0.0,0.0,0.49593295379070074
1484,0,,,0,0.0,0.0,0,0,0.0,0.0,0.0,0.0,0.0,0.0,0.0,0.0,0.49593263707123425
1485,0,,,0,0.0,0.0,0,0,0.0,1.0,1.0,0.0,0.0,0.0,0.0,0.0,0.49593295379070074
1486,0,,,0,0.0,0.0,0,0,0.0,0.0,0.0,0.0,0.0,0.0,0.0,0.0,0.49593263707123425
1487,0,,,0,0.0,0.0,0,0,0.0,1494.0,1494.0,0.0,0.0,0.0,0.0,0.0,0.49640588115794443
1488,0,,,0,0.0,0.0,0,0,0.0,0.0,0.0,0.0,0.0,0.0,0.0,0.0,0.49593263707123425
1489,0,,,0,0.0,0.0,0,0,0.0,0.0,0.0,0.0,0.0,0.0,0.0,0.0,0.49593263707123425
1490,0,,,0,0.0,0.0,0,0,0.0,0.0,0.0,0.0,0.0,0.0,0.0,0.0,0.49593263707123425
1491,0,,,0,0.0,0.0,0,0,0.0,1.0,1.0,0.0,0.0,0.0,0.0,0.0,0.49593295379070074
1492,0,,,0,0.0,0.0,0,0,0.0,0.0,0.0,0.0,0.0,0.0,0.0,0.0,0.49593263707123425
1493,0,,,0,0.0,0.0,0,0,0.0,1.0,1.0,0.0,0.0,0.0,0.0,0.0,0.49593295379070074
1494,0,,,0,0.0,0.0,0,0,0.0,1.0,1.0,0.0,0.0,0.0,0.0,0.0,0.49593295379070074
1495,0,,,0,0.0,0.0,0,0,0.0,0.0,0.0,0.0,0.0,0.0,0.0,0.0,0.49593263707123425
1496,0,,,0,0.0,0.0,0,0,0.0,1.0,1.0,0.0,0.0,0.0,0.0,0.0,0.49593295379070074
1497,0,,,0,0.0,0.0,0,0,0.0,1.0,1.0,0.0,0.0,0.0,0.0,0.0,0.49593295379070074
1498,0,,,0,0.0,0.0,0,0,0.0,1.0,1.0,0.0,0.0,0.0,0.0,0.0,0.49593295379070074
1499,0,,,0,0.0,0.0,0,0,0.0,0.0,0.0,0.0,0.0,0.0,0.0,0.0,0.49593263707123425
1500,0,,,0,0.0,0.0,0,0,0.0,1.0,1.0,0.0,0.0,0.0,0.0,0.0,0.49593295379070074
1501,0,,,0,0.0,0.0,0,0,0.0,1.0,1.0,0.0,0.0,0.0,0.0,0.0,0.49593295379070074
1502,0,,,0,0.0,0.0,0,0,0.0,41002.0,41002.0,0.0,0.0,0.0,0.0,0.0,0.5089140120995489
1503,0,,,0,0.0,0.0,0,0,0.0,1291.0,1291.0,0.0,0.0,0.0,0.0,0.0,0.4963415708593595
1504,0,,,0,0.0,0.0,0,0,0.0,0.0,0.0,0.0,0.0,0.0,0.0,0.0,0.49593263707123425
1505,0,,,0,0.0,0.0,0,0,0.0,1.0,1.0,0.0,0.0,0.0,0.0,0.0,0.49593295379070074
1506,0,,,0,0.0,0.0,0,0,0.0,0.0,0.0,0.0,0.0,0.0,0.0,0.0,0.49593263707123425
1507,0,,,0,0.0,0.0,0,0,0.0,1.0,1.0,0.0,0.0,0.0,0.0,0.0,0.49593295379070074
1508,0,,,0,0.0,0.0,0,0,0.0,14101.0,14101.0,0.0,0.0,0.0,0.0,0.0,0.5004024770791664
1509,0,,,0,0.0,0.0,0,0,0.0,1.0,1.0,0.0,0.0,0.0,0.0,0.0,0.49593295379070074
1510,0,,,0,0.0,0.0,0,0,0.0,46303.0,46303.0,0.0,0.0,0.0,0.0,0.0,0.5105824425534496
1511,0,,,0,0.0,0.0,0,0,0.0,0.0,0.0,0.0,0.0,0.0,0.0,0.0,0.49593263707123425
1512,0,,,0,0.0,0.0,0,0,0.0,5.0990195135927845,6.0,0.0,0.0,0.0,0.0,0.0,0.49593439475348927
1513,0,,,0,0.0,0.0,0,0,0.0,0.0,0.0,0.0,0.0,0.0,0.0,0.0,0.49593263707123425
1514,0,,,0,0.0,0.0,0,0,0.0,0.0,0.0,0.0,0.0,0.0,0.0,0.0,0.49593263707123425
1515,0,,,0,0.0,0.0,0,0,0.0,0.0,0.0,0.0,0.0,0.0,0.0,0.0,0.49593263707123425
1516,0,,,0,0.0,0.0,0,0,0.0,55101.0,55101.0,0.0,0.0,0.0,0.0,0.0,0.5133410650849486
1517,0,,,0,0.0,0.0,0,0,0.0,0.0,0.0,0.0,0.0,0.0,0.0,0.0,0.49593263707123425
1518,0,,,0,0.0,0.0,0,0,0.0,0.0,0.0,0.0,0.0,0.0,0.0,0.0,0.49593263707123425
1519,0,,,0,0.0,0.0,0,0,0.0,0.0,0.0,0.0,0.0,0.0,0.0,0.0,0.49593263707123425
1520,0,,,0,0.0,0.0,0,0,0.0,1.0,1.0,0.0,0.0,0.0,0.0,0.0,0.49593295379070074
1521,0,,,0,0.0,0.0,0,0,0.0,0.0,0.0,0.0,0.0,0.0,0.0,0.0,0.49593263707123425
1522,0,,,0,0.0,0.0,0,0,0.0,55101.0,55101.0,0.0,0.0,0.0,0.0,0.0,0.5133410650849486
1523,0,,,0,0.0,0.0,0,0,0.0,46521.0,46521.0,0.0,0.0,0.0,0.0,0.0,0.5106509623530227
1524,0,,,0,0.0,0.0,0,0,0.0,84110.0,84110.0,0.0,0.0,0.0,0.0,0.0,0.5223082900697374
1525,0,,,0,0.0,0.0,0,0,0.0,1.0,1.0,0.0,0.0,0.0,0.0,0.0,0.49593295379070074
1526,0,,,0,0.0,0.0,0,0,0.0,97006.0,97006.0,0.0,0.0,0.0,0.0,0.0,0.5262112740634938
1527,0,,,0,0.0,0.0,0,0,0.0,85492.0,85492.0,0.0,0.0,0.0,0.0,0.0,0.5227293504015041
1528,0,,,0,0.0,0.0,0,0,0.0,10711.0,10711.0,0.0,0.0,0.0,0.0,0.0,0.49932751528296954
1529,0,,,0,0.0,0.0,0,0,0.0,16291.0,16291.0,0.0,0.0,0.0,0.0,0.0,0.5010968856020971
1530,0,,,0,0.0,0.0,0,0,0.0,0.0,0.0,0.0,0.0,0.0,0.0,0.0,0.49593263707123425
1531,0,,,0,0.0,0.0,0,0,0.0,1.0,1.0,0.0,0.0,0.0,0.0,0.0,0.49593295379070074
1532,0,,,0,0.0,0.0,0,0,0.0,0.0,0.0,0.0,0.0,0.0,0.0,0.0,0.49593263707123425
1533,0,,,0,0.0,0.0,0,0,0.0,1.0,1.0,0.0,0.0,0.0,0.0,0.0,0.49593295379070074
1534,0,,,0,0.0,0.0,0,0,0.0,0.0,0.0,0.0,0.0,0.0,0.0,0.0,0.49593263707123425
1535,0,,,0,0.0,0.0,0,0,0.0,0.0,0.0,0.0,0.0,0.0,0.0,0.0,0.49593263707123425
1536,0,,,0,0.0,0.0,0,0,0.0,0.0,0.0,0.0,0.0,0.0,0.0,0.0,0.49593263707123425
1537,0,,,0,0.0,0.0,0,0,0.0,0.0,0.0,0.0,0.0,0.0,0.0,0.0,0.49593263707123425
1538,0,,,0,0.0,0.0,0,0,0.0,1.0,1.0,0.0,0.0,0.0,0.0,0.0,0.49593295379070074
1539,0,,,0,0.0,0.0,0,0,0.0,0.0,0.0,0.0,0.0,0.0,0.0,0.0,0.49593263707123425
1540,0,,,0,0.0,0.0,0,0,0.0,0.0,0.0,0.0,0.0,0.0,0.0,0.0,0.49593263707123425
1541,0,,,0,0.0,0.0,0,0,0.0,1.0,1.0,0.0,0.0,0.0,0.0,0.0,0.49593295379070074
1542,0,,,0,0.0,0.0,0,0,0.0,97004.0,97004.0,0.0,0.0,0.0,0.0,0.0,0.5262106734945114
1543,0,,,0,0.0,0.0,0,0,0.0,0.0,0.0,0.0,0.0,0.0,0.0,0.0,0.49593263707123425
1544,0,,,0,0.0,0.0,0,0,0.0,10711.0,10711.0,0.0,0.0,0.0,0.0,0.0,0.49932751528296954
1545,0,,,0,0.0,0.0,0,0,0.0,84110.0,84110.0,0.0,0.0,0.0,0.0,0.0,0.5223082900697374
1546,0,,,0,0.0,0.0,0,0,0.0,0.0,0.0,0.0,0.0,0.0,0.0,0.0,0.49593263707123425
1547,0,,,0,0.0,0.0,0,0,0.0,0.0,0.0,0.0,0.0,0.0,0.0,0.0,0.49593263707123425
1548,0,,,0,0.0,0.0,0,0,0.0,0.0,0.0,0.0,0.0,0.0,0.0,0.0,0.49593263707123425
1549,0,,,0,0.0,0.0,0,0,0.0,86202.0,86202.0,0.0,0.0,0.0,0.0,0.0,0.5229454192363072
1550,0,,,0,0.0,0.0,0,0,0.0,0.0,0.0,0.0,0.0,0.0,0.0,0.0,0.49593263707123425
1551,0,,,0,0.0,0.0,0,0,0.0,0.0,0.0,0.0,0.0,0.0,0.0,0.0,0.49593263707123425
1552,0,,,0,0.0,0.0,0,0,0.0,47113.0,47113.0,0.0,0.0,0.0,0.0,0.0,0.5108369949923434
1553,0,,,0,0.0,0.0,0,0,0.0,64910.0,64910.0,0.0,0.0,0.0,0.0,0.0,0.5163979278318286
1554,0,,,0,0.0,0.0,0,0,0.0,0.0,0.0,0.0,0.0,0.0,0.0,0.0,0.49593263707123425
1555,0,,,0,0.0,0.0,0,0,0.0,0.0,0.0,0.0,0.0,0.0,0.0,0.0,0.49593263707123425
1556,0,,,0,0.0,0.0,0,0,0.0,1494.0,1494.0,0.0,0.0,0.0,0.0,0.0,0.49640588115794443
1557,0,,,0,0.0,0.0,0,0,0.0,0.0,0.0,0.0,0.0,0.0,0.0,0.0,0.49593263707123425
1558,0,,,0,0.0,0.0,0,0,0.0,0.0,0.0,0.0,0.0,0.0,0.0,0.0,0.49593263707123425
1559,0,,,0,0.0,0.0,0,0,0.0,1.0,1.0,0.0,0.0,0.0,0.0,0.0,0.49593295379070074
1560,0,,,0,0.0,0.0,0,0,0.0,0.0,0.0,0.0,0.0,0.0,0.0,0.0,0.49593263707123425
1561,0,,,0,0.0,0.0,0,0,0.0,1.0,1.0,0.0,0.0,0.0,0.0,0.0,0.49593295379070074
1562,0,,,0,0.0,0.0,0,0,0.0,1.0,1.0,0.0,0.0,0.0,0.0,0.0,0.49593295379070074
1563,0,,,0,0.0,0.0,0,0,0.0,0.0,0.0,0.0,0.0,0.0,0.0,0.0,0.49593263707123425
1564,0,,,0,0.0,0.0,0,0,0.0,1.0,1.0,0.0,0.0,0.0,0.0,0.0,0.49593295379070074
1565,0,,,0,0.0,0.0,0,0,0.0,1494.0,1494.0,0.0,0.0,0.0,0.0,0.0,0.49640588115794443
1566,0,,,0,0.0,0.0,0,0,0.0,14101.0,14101.0,0.0,0.0,0.0,0.0,0.0,0.5004024770791664
1567,0,,,0,0.0,0.0,0,0,0.0,1.0,1.0,0.0,0.0,0.0,0.0,0.0,0.49593295379070074
1568,0,,,0,0.0,0.0,0,0,0.0,49221.0,49221.0,0.0,0.0,0.0,0.0,0.0,0.5114989404393326
1569,0,,,0,0.0,0.0,0,0,0.0,49222.0,49222.0,0.0,0.0,0.0,0.0,0.0,0.5114992542722908
1570,0,,,0,0.0,0.0,0,0,0.0,0.0,0.0,0.0,0.0,0.0,0.0,0.0,0.49593263707123425
1571,0,,,0,0.0,0.0,0,0,0.0,0.0,0.0,0.0,0.0,0.0,0.0,0.0,0.49593263707123425
1572,0,,,0,0.0,0.0,0,0,0.0,58111.0,58111.0,0.0,0.0,0.0,0.0,0.0,0.5142813861423846
1573,0,,,0,0.0,0.0,0,0,0.0,84230.0,84230.0,0.0,0.0,0.0,0.0,0.0,0.5223448763227968
1574,0,,,0,0.0,0.0,0,0,0.0,10.04987562112089,11.0,0.0,0.0,0.0,0.0,0.0,0.49593597057307554
1575,0,,,0,0.0,0.0,0,0,0.0,0.0,0.0,0.0,0.0,0.0,0.0,0.0,0.49593263707123425
1576,0,,,0,0.0,0.0,0,0,0.0,49222.0,49222.0,0.0,0.0,0.0,0.0,0.0,0.5114992542722908
1577,0,,,0,0.0,0.0,0,0,0.0,1.0,1.0,0.0,0.0,0.0,0.0,0.0,0.49593295379070074
1578,0,,,0,0.0,0.0,0,0,0.0,1.0,1.0,0.0,0.0,0.0,0.0,0.0,0.49593295379070074
1579,0,,,0,0.0,0.0,0,0,0.0,1.0,1.0,0.0,0.0,0.0,0.0,0.0,0.49593295379070074
1580,0,,,0,0.0,0.0,0,0,0.0,0.0,0.0,0.0,0.0,0.0,0.0,0.0,0.49593263707123425
1581,0,,,0,0.0,0.0,0,0,0.0,0.0,0.0,0.0,0.0,0.0,0.0,0.0,0.49593263707123425
1582,0,,,0,0.0,0.0,0,0,0.0,47113.0,47113.0,0.0,0.0,0.0,0.0,0.0,0.5108369949923434
1583,0,,,0,0.0,0.0,0,0,0.0,0.0,0.0,0.0,0.0,0.0,0.0,0.0,0.49593263707123425
1584,0,,,0,0.0,0.0,0,0,0.0,1.0,1.0,0.0,0.0,0.0,0.0,0.0,0.49593295379070074
1585,0,,,0,0.0,0.0,0,0,0.0,16291.0,16291.0,0.0,0.0,0.0,0.0,0.0,0.5010968856020971
1586,0,,,0,0.0,0.0,0,0,0.0,1.0,1.0,0.0,0.0,0.0,0.0,0.0,0.49593295379070074
1587,0,,,0,0.0,0.0,0,0,0.0,0.0,0.0,0.0,0.0,0.0,0.0,0.0,0.49593263707123425
1588,0,,,0,0.0,0.0,0,0,0.0,0.0,0.0,0.0,0.0,0.0,0.0,0.0,0.49593263707123425
1589,0,,,0,0.0,0.0,0,0,0.0,1.0,1.0,0.0,0.0,0.0,0.0,0.0,0.49593295379070074
1590,0,,,0,0.0,0.0,0,0,0.0,36002.0,36002.0,0.0,0.0,0.0,0.0,0.0,0.5073367543184166
1591,0,,,0,0.0,0.0,0,0,0.0,0.0,0.0,0.0,0.0,0.0,0.0,0.0,0.49593263707123425
1592,0,,,0,0.0,0.0,0,0,0.0,47817.0,47817.0,0.0,0.0,0.0,0.0,0.0,0.51105814679926
1593,0,,,0,0.0,0.0,0,0,0.0,1.0,1.0,0.0,0.0,0.0,0.0,0.0,0.49593295379070074
1594,0,,,0,0.0,0.0,0,0,0.0,0.0,0.0,0.0,0.0,0.0,0.0,0.0,0.49593263707123425
1595,0,,,0,0.0,0.0,0,0,0.0,1.0,1.0,0.0,0.0,0.0,0.0,0.0,0.49593295379070074
1596,0,,,0,0.0,0.0,0,0,0.0,0.0,0.0,0.0,0.0,0.0,0.0,0.0,0.49593263707123425
1597,0,,,0,0.0,0.0,0,0,0.0,85101.0,85101.0,0.0,0.0,0.0,0.0,0.0,0.5226102875856004
1598,0,,,0,0.0,0.0,0,0,0.0,0.0,0.0,0.0,0.0,0.0,0.0,0.0,0.49593263707123425
1599,0,,,0,0.0,0.0,0,0,0.0,1.0,1.0,0.0,0.0,0.0,0.0,0.0,0.49593295379070074
1600,0,,,0,0.0,0.0,0,0,0.0,1.0,1.0,0.0,0.0,0.0,0.0,0.0,0.49593295379070074
1601,0,,,0,0.0,0.0,0,0,0.0,0.0,0.0,0.0,0.0,0.0,0.0,0.0,0.49593263707123425
1602,0,,,0,0.0,0.0,0,0,0.0,0.0,0.0,0.0,0.0,0.0,0.0,0.0,0.49593263707123425
1603,0,,,0,0.0,0.0,0,0,0.0,1.0,1.0,0.0,0.0,0.0,0.0,0.0,0.49593295379070074
1604,0,,,0,0.0,0.0,0,0,0.0,1.0,1.0,0.0,0.0,0.0,0.0,0.0,0.49593295379070074
1605,0,,,0,0.0,0.0,0,0,0.0,0.0,0.0,0.0,0.0,0.0,0.0,0.0,0.49593263707123425
1606,0,,,0,0.0,0.0,0,0,0.0,46492.0,46492.0,0.0,0.0,0.0,0.0,0.0,0.51064184778237
1607,0,,,0,0.0,0.0,0,0,0.0,0.0,0.0,0.0,0.0,0.0,0.0,0.0,0.49593263707123425
1608,0,,,0,0.0,0.0,0,0,0.0,11.04536101718726,12.0,0.0,0.0,0.0,0.0,0.0,0.4959362865784687
1609,0,,,0,0.0,0.0,0,0,0.0,1.0,1.0,0.0,0.0,0.0,0.0,0.0,0.49593295379070074
1610,0,,,0,0.0,0.0,0,0,0.0,0.0,0.0,0.0,0.0,0.0,0.0,0.0,0.49593263707123425
1611,0,,,0,0.0,0.0,0,0,0.0,1.0,1.0,0.0,0.0,0.0,0.0,0.0,0.49593295379070074
1612,0,,,0,0.0,0.0,0,0,0.0,0.0,0.0,0.0,0.0,0.0,0.0,0.0,0.49593263707123425
1613,0,,,0,0.0,0.0,0,0,0.0,0.0,0.0,0.0,0.0,0.0,0.0,0.0,0.49593263707123425
1614,0,,,0,0.0,0.0,0,0,0.0,1.0,1.0,0.0,0.0,0.0,0.0,0.0,0.49593295379070074
1615,0,,,0,0.0,0.0,0,0,0.0,33150.0,33150.0,0.0,0.0,0.0,0.0,0.0,0.506435771412484
1616,0,,,0,0.0,0.0,0,0,0.0,46521.0,46521.0,0.0,0.0,0.0,0.0,0.0,0.5106509623530227
1617,0,,,0,0.0,0.0,0,0,0.0,1.0,1.0,0.0,0.0,0.0,0.0,0.0,0.49593295379070074
1618,0,,,0,0.0,0.0,0,0,0.0,0.0,0.0,0.0,0.0,0.0,0.0,0.0,0.49593263707123425
1619,0,,,0,0.0,0.0,0,0,0.0,1.0,1.0,0.0,0.0,0.0,0.0,0.0,0.49593295379070074
1620,0,,,0,0.0,0.0,0,0,0.0,13.038404810405298,14.0,0.0,0.0,0.0,0.0,0.0,0.4959369189176168
1621,0,,,0,0.0,0.0,0,0,0.0,0.0,0.0,0.0,0.0,0.0,0.0,0.0,0.49593263707123425
1622,0,,,0,0.0,0.0,0,0,0.0,1.0,1.0,0.0,0.0,0.0,0.0,0.0,0.49593295379070074
1623,0,,,0,0.0,0.0,0,0,0.0,0.0,0.0,0.0,0.0,0.0,0.0,0.0,0.49593263707123425
1624,0,,,0,0.0,0.0,0,0,0.0,0.0,0.0,0.0,0.0,0.0,0.0,0.0,0.49593263707123425
1625,0,,,0,0.0,0.0,0,0,0.0,1.0,1.0,0.0,0.0,0.0,0.0,0.0,0.49593295379070074
1626,0,,,0,0.0,0.0,0,0,0.0,0.0,0.0,0.0,0.0,0.0,0.0,0.0,0.49593263707123425
1627,0,,,0,0.0,0.0,0,0,0.0,0.0,0.0,0.0,0.0,0.0,0.0,0.0,0.49593263707123425
1628,0,,,0,0.0,0.0,0,0,0.0,49222.0,49222.0,0.0,0.0,0.0,0.0,0.0,0.5114992542722908
1629,0,,,0,0.0,0.0,0,0,0.0,97006.0,97006.0,0.0,0.0,0.0,0.0,0.0,0.5262112740634938
1630,0,,,0,0.0,0.0,0,0,0.0,1271.0,1271.0,0.0,0.0,0.0,0.0,0.0,0.49633523499047644
1631,0,,,0,0.0,0.0,0,0,0.0,1.4142135623730951,2.0,0.0,0.0,0.0,0.0,0.0,0.4959331777736431
1632,0,,,0,0.0,0.0,0,0,0.0,8.06225774829855,9.0,0.0,0.0,0.0,0.0,0.0,0.49593533909327636
1633,0,,,0,0.0,0.0,0,0,0.0,0.0,0.0,0.0,0.0,0.0,0.0,0.0,0.49593263707123425
1634,0,,,0,0.0,0.0,0,0,0.0,1.0,1.0,0.0,0.0,0.0,0.0,0.0,0.49593295379070074
1635,0,,,0,0.0,0.0,0,0,0.0,1.0,1.0,0.0,0.0,0.0,0.0,0.0,0.49593295379070074
1636,0,,,0,0.0,0.0,0,0,0.0,1.0,1.0,0.0,0.0,0.0,0.0,0.0,0.49593295379070074
1637,0,,,0,0.0,0.0,0,0,0.0,1.0,1.0,0.0,0.0,0.0,0.0,0.0,0.49593295379070074
1638,0,,,0,0.0,0.0,0,0,0.0,0.0,0.0,0.0,0.0,0.0,0.0,0.0,0.49593263707123425
1639,0,,,0,0.0,0.0,0,0,0.0,0.0,0.0,0.0,0.0,0.0,0.0,0.0,0.49593263707123425
1640,0,,,0,0.0,0.0,0,0,0.0,84120.0,84120.0,0.0,0.0,0.0,0.0,0.0,0.5223113391068676
1641,0,,,0,0.0,0.0,0,0,0.0,23933.0,23933.0,0.0,0.0,0.0,0.0,0.0,0.5035189950070311
1642,0,,,0,0.0,0.0,0,0,0.0,0.0,0.0,0.0,0.0,0.0,0.0,0.0,0.49593263707123425
1643,0,,,0,0.0,0.0,0,0,0.0,1.0,1.0,0.0,0.0,0.0,0.0,0.0,0.49593295379070074
1644,0,,,0,0.0,0.0,0,0,0.0,46303.0,46303.0,0.0,0.0,0.0,0.0,0.0,0.5105824425534496
1645,0,,,0,0.0,0.0,0,0,0.0,0.0,0.0,0.0,0.0,0.0,0.0,0.0,0.49593263707123425
1646,0,,,0,0.0,0.0,0,0,0.0,1.0,1.0,0.0,0.0,0.0,0.0,0.0,0.49593295379070074
1647,0,,,0,0.0,0.0,0,0,0.0,0.0,0.0,0.0,0.0,0.0,0.0,0.0,0.49593263707123425
1648,0,,,0,0.0,0.0,0,0,0.0,0.0,0.0,0.0,0.0,0.0,0.0,0.0,0.49593263707123425
1649,0,,,0,0.0,0.0,0,0,0.0,1.0,1.0,0.0,0.0,0.0,0.0,0.0,0.49593295379070074
1650,0,,,0,0.0,0.0,0,0,0.0,64191.0,64191.0,0.0,0.0,0.0,0.0,0.0,0.5161746208242027
1651,0,,,0,0.0,0.0,0,0,0.0,10711.0,10711.0,0.0,0.0,0.0,0.0,0.0,0.49932751528296954
1652,0,,,0,0.0,0.0,0,0,0.0,1.0,1.0,0.0,0.0,0.0,0.0,0.0,0.49593295379070074
1653,0,,,0,0.0,0.0,0,0,0.0,1.0,1.0,0.0,0.0,0.0,0.0,0.0,0.49593295379070074
1654,0,,,0,0.0,0.0,0,0,0.0,0.0,0.0,0.0,0.0,0.0,0.0,0.0,0.49593263707123425
1655,0,,,0,0.0,0.0,0,0,0.0,1.0,1.0,0.0,0.0,0.0,0.0,0.0,0.49593295379070074
1656,0,,,0,0.0,0.0,0,0,0.0,1.0,1.0,0.0,0.0,0.0,0.0,0.0,0.49593295379070074
1657,0,,,0,0.0,0.0,0,0,0.0,1.0,1.0,0.0,0.0,0.0,0.0,0.0,0.49593295379070074
1658,0,,,0,0.0,0.0,0,0,0.0,0.0,0.0,0.0,0.0,0.0,0.0,0.0,0.49593263707123425
1659,0,,,0,0.0,0.0,0,0,0.0,0.0,0.0,0.0,0.0,0.0,0.0,0.0,0.49593263707123425
1660,0,,,0,0.0,0.0,0,0,0.0,1.0,1.0,0.0,0.0,0.0,0.0,0.0,0.49593295379070074
1661,0,,,0,0.0,0.0,0,0,0.0,1.0,1.0,0.0,0.0,0.0,0.0,0.0,0.49593295379070074
1662,0,,,0,0.0,0.0,0,0,0.0,1.0,1.0,0.0,0.0,0.0,0.0,0.0,0.49593295379070074
1663,0,,,0,0.0,0.0,0,0,0.0,1.0,1.0,0.0,0.0,0.0,0.0,0.0,0.49593295379070074
1664,0,,,0,0.0,0.0,0,0,0.0,0.0,0.0,0.0,0.0,0.0,0.0,0.0,0.49593263707123425
1665,0,,,0,0.0,0.0,0,0,0.0,0.0,0.0,0.0,0.0,0.0,0.0,0.0,0.49593263707123425
1666,0,,,0,0.0,0.0,0,0,0.0,1.0,1.0,0.0,0.0,0.0,0.0,0.0,0.49593295379070074
1667,0,,,0,0.0,0.0,0,0,0.0,97006.0,97006.0,0.0,0.0,0.0,0.0,0.0,0.5262112740634938
1668,0,,,0,0.0,0.0,0,0,0.0,46496.0,46496.0,0.0,0.0,0.0,0.0,0.0,0.5106431049727279
1669,0,,,0,0.0,0.0,0,0,0.0,0.0,0.0,0.0,0.0,0.0,0.0,0.0,0.49593263707123425
1670,0,,,0,0.0,0.0,0,0,0.0,1.0,1.0,0.0,0.0,0.0,0.0,0.0,0.49593295379070074
1671,0,,,0,0.0,0.0,0,0,0.0,47113.0,47113.0,0.0,0.0,0.0,0.0,0.0,0.5108369949923434
1672,0,,,0,0.0,0.0,0,0,0.0,10711.0,10711.0,0.0,0.0,0.0,0.0,0.0,0.49932751528296954
1673,0,,,0,0.0,0.0,0,0,0.0,1.4142135623730951,2.0,0.0,0.0,0.0,0.0,0.0,0.4959331777736431
1674,0,,,0,0.0,0.0,0,0,0.0,1.0,1.0,0.0,0.0,0.0,0.0,0.0,0.49593295379070074
1675,0,,,0,0.0,0.0,0,0,0.0,0.0,0.0,0.0,0.0,0.0,0.0,0.0,0.49593263707123425
1676,0,,,0,0.0,0.0,0,0,0.0,1.0,1.0,0.0,0.0,0.0,0.0,0.0,0.49593295379070074
1677,0,,,0,0.0,0.0,0,0,0.0,7.071067811865476,8.0,0.0,0.0,0.0,0.0,0.0,0.49593502376808507
1678,0,,,0,0.0,0.0,0,0,0.0,1.0,1.0,0.0,0.0,0.0,0.0,0.0,0.49593295379070074
1679,0,,,0,0.0,0.0,0,0,0.0,0.0,0.0,0.0,0.0,0.0,0.0,0.0,0.49593263707123425
1680,0,,,0,0.0,0.0,0,0,0.0,1.0,1.0,0.0,0.0,0.0,0.0,0.0,0.49593295379070074
1681,0,,,0,0.0,0.0,0,0,0.0,1.0,1.0,0.0,0.0,0.0,0.0,0.0,0.49593295379070074
1682,0,,,0,0.0,0.0,0,0,0.0,0.0,0.0,0.0,0.0,0.0,0.0,0.0,0.49593263707123425
1683,0,,,0,0.0,0.0,0,0,0.0,0.0,0.0,0.0,0.0,0.0,0.0,0.0,0.49593263707123425
1684,0,,,0,0.0,0.0,0,0,0.0,1.0,1.0,0.0,0.0,0.0,0.0,0.0,0.49593295379070074
1685,0,,,0,0.0,0.0,0,0,0.0,1.0,1.0,0.0,0.0,0.0,0.0,0.0,0.49593295379070074
1686,0,,,0,0.0,0.0,0,0,0.0,0.0,0.0,0.0,0.0,0.0,0.0,0.0,0.49593263707123425
1687,0,,,0,0.0,0.0,0,0,0.0,0.0,0.0,0.0,0.0,0.0,0.0,0.0,0.49593263707123425
1688,0,,,0,0.0,0.0,0,0,0.0,1.0,1.0,0.0,0.0,0.0,0.0,0.0,0.49593295379070074
1689,0,,,0,0.0,0.0,0,0,0.0,0.0,0.0,0.0,0.0,0.0,0.0,0.0,0.49593263707123425
1690,0,,,0,0.0,0.0,0,0,0.0,0.0,0.0,0.0,0.0,0.0,0.0,0.0,0.49593263707123425
1691,0,,,0,0.0,0.0,0,0,0.0,1.0,1.0,0.0,0.0,0.0,0.0,0.0,0.49593295379070074
1692,0,,,0,0.0,0.0,0,0,0.0,0.0,0.0,0.0,0.0,0.0,0.0,0.0,0.49593263707123425
1693,0,,,0,0.0,0.0,0,0,0.0,1.0,1.0,0.0,0.0,0.0,0.0,0.0,0.49593295379070074
1694,0,,,0,0.0,0.0,0,0,0.0,85101.0,85101.0,0.0,0.0,0.0,0.0,0.0,0.5226102875856004
1695,0,,,0,0.0,0.0,0,0,0.0,49222.0,49222.0,0.0,0.0,0.0,0.0,0.0,0.5114992542722908
1696,0,,,0,0.0,0.0,0,0,0.0,49222.0,49222.0,0.0,0.0,0.0,0.0,0.0,0.5114992542722908
1697,0,,,0,0.0,0.0,0,0,0.0,0.0,0.0,0.0,0.0,0.0,0.0,0.0,0.49593263707123425
1698,0,,,0,0.0,0.0,0,0,0.0,1.0,1.0,0.0,0.0,0.0,0.0,0.0,0.49593295379070074
1699,0,,,0,0.0,0.0,0,0,0.0,3.1622776601683795,4.0,0.0,0.0,0.0,0.0,0.0,0.49593377132854277
1700,0,,,0,0.0,0.0,0,0,0.0,0.0,0.0,0.0,0.0,0.0,0.0,0.0,0.49593263707123425
1701,0,,,0,0.0,0.0,0,0,0.0,49232.0,49232.0,0.0,0.0,0.0,0.0,0.0,0.5115023925921492
1702,0,,,0,0.0,0.0,0,0,0.0,0.0,0.0,0.0,0.0,0.0,0.0,0.0,0.49593263707123425
1703,0,,,0,0.0,0.0,0,0,0.0,0.0,0.0,0.0,0.0,0.0,0.0,0.0,0.49593263707123425
1704,0,,,0,0.0,0.0,0,0,0.0,1.0,1.0,0.0,0.0,0.0,0.0,0.0,0.49593295379070074
1705,0,,,0,0.0,0.0,0,0,0.0,1.0,1.0,0.0,0.0,0.0,0.0,0.0,0.49593295379070074
1706,0,,,0,0.0,0.0,0,0,0.0,86102.00098139416,86115.0,0.0,0.0,0.0,0.0,0.0,0.5229169756484967
1707,0,,,0,0.0,0.0,0,0,0.0,97006.00032987652,97014.0,0.0,0.0,0.0,0.0,0.0,0.5262124756183951
1708,0,,,0,0.0,0.0,0,0,0.0,0.0,0.0,0.0,0.0,0.0,0.0,0.0,0.49593263707123425
1709,0,,,0,0.0,0.0,0,0,0.0,10.04987562112089,11.0,0.0,0.0,0.0,0.0,0.0,0.49593597057307554
1710,0,,,0,0.0,0.0,0,0,0.0,1.0,1.0,0.0,0.0,0.0,0.0,0.0,0.49593295379070074
1711,0,,,0,0.0,0.0,0,0,0.0,1.0,1.0,0.0,0.0,0.0,0.0,0.0,0.49593295379070074
1712,0,,,0,0.0,0.0,0,0,0.0,13945.0,13945.0,0.0,0.0,0.0,0.0,0.0,0.5003530103273456
1713,0,,,0,0.0,0.0,0,0,0.0,1.0,1.0,0.0,0.0,0.0,0.0,0.0,0.49593295379070074
1714,0,,,0,0.0,0.0,0,0,0.0,1.0,1.0,0.0,0.0,0.0,0.0,0.0,0.49593295379070074
1715,0,,,0,0.0,0.0,0,0,0.0,1.0,1.0,0.0,0.0,0.0,0.0,0.0,0.49593295379070074
1716,0,,,0,0.0,0.0,0,0,0.0,0.0,0.0,0.0,0.0,0.0,0.0,0.0,0.49593263707123425
1717,0,,,0,0.0,0.0,0,0,0.0,0.0,0.0,0.0,0.0,0.0,0.0,0.0,0.49593263707123425
1718,0,,,0,0.0,0.0,0,0,0.0,1.0,1.0,0.0,0.0,0.0,0.0,0.0,0.49593295379070074
1719,0,,,0,0.0,0.0,0,0,0.0,10629.0,10629.0,0.0,0.0,0.0,0.0,0.0,0.4993015137332528
1720,0,,,0,0.0,0.0,0,0,0.0,1.0,1.0,0.0,0.0,0.0,0.0,0.0,0.49593295379070074
1721,0,,,0,0.0,0.0,0,0,0.0,0.0,0.0,0.0,0.0,0.0,0.0,0.0,0.49593263707123425
1722,0,,,0,0.0,0.0,0,0,0.0,0.0,0.0,0.0,0.0,0.0,0.0,0.0,0.49593263707123425
1723,0,,,0,0.0,0.0,0,0,0.0,0.0,0.0,0.0,0.0,0.0,0.0,0.0,0.49593263707123425
1724,0,,,0,0.0,0.0,0,0,0.0,84130.00014857958,84135.0,0.0,0.0,0.0,0.0,0.0,0.5223151506145823
1725,0,,,0,0.0,0.0,0,0,0.0,0.0,0.0,0.0,0.0,0.0,0.0,0.0,0.49593263707123425
1726,0,,,0,0.0,0.0,0,0,0.0,43301.0,43301.0,0.0,0.0,0.0,0.0,0.0,0.5096381140857611
1727,0,,,0,0.0,0.0,0,0,0.0,0.0,0.0,0.0,0.0,0.0,0.0,0.0,0.49593263707123425
1728,0,,,0,0.0,0.0,0,0,0.0,85102.0,85102.0,0.0,0.0,0.0,0.0,0.0,0.5226105921597335
1729,0,,,0,0.0,0.0,0,0,0.0,0.0,0.0,0.0,0.0,0.0,0.0,0.0,0.49593263707123425
1730,0,,,0,0.0,0.0,0,0,0.0,1.0,1.0,0.0,0.0,0.0,0.0,0.0,0.49593295379070074
1731,0,,,0,0.0,0.0,0,0,0.0,1.0,1.0,0.0,0.0,0.0,0.0,0.0,0.49593295379070074
1732,0,,,0,0.0,0.0,0,0,0.0,0.0,0.0,0.0,0.0,0.0,0.0,0.0,0.49593263707123425
1733,0,,,0,0.0,0.0,0,0,0.0,1.0,1.0,0.0,0.0,0.0,0.0,0.0,0.49593295379070074
1734,0,,,0,0.0,0.0,0,0,0.0,0.0,0.0,0.0,0.0,0.0,0.0,0.0,0.49593263707123425
1735,0,,,0,0.0,0.0,0,0,0.0,41001.0,41001.0,0.0,0.0,0.0,0.0,0.0,0.508913696972856
1736,0,,,0,0.0,0.0,0,0,0.0,1.0,1.0,0.0,0.0,0.0,0.0,0.0,0.49593295379070074
1737,0,,,0,0.0,0.0,0,0,0.0,0.0,0.0,0.0,0.0,0.0,0.0,0.0,0.49593263707123425
1738,0,,,0,0.0,0.0,0,0,0.0,0.0,0.0,0.0,0.0,0.0,0.0,0.0,0.49593263707123425
1739,0,,,0,0.0,0.0,0,0,0.0,0.0,0.0,0.0,0.0,0.0,0.0,0.0,0.49593263707123425
1740,0,,,0,0.0,0.0,0,0,0.0,46496.0,46496.0,0.0,0.0,0.0,0.0,0.0,0.5106431049727279
1741,0,,,0,0.0,0.0,0,0,0.0,0.0,0.0,0.0,0.0,0.0,0.0,0.0,0.49593263707123425
1742,0,,,0,0.0,0.0,0,0,0.0,0.0,0.0,0.0,0.0,0.0,0.0,0.0,0.49593263707123425
1743,0,,,0,0.0,0.0,0,0,0.0,0.0,0.0,0.0,0.0,0.0,0.0,0.0,0.49593263707123425
1744,0,,,0,0.0,0.0,0,0,0.0,16291.0,16291.0,0.0,0.0,0.0,0.0,0.0,0.5010968856020971
1745,0,,,0,0.0,0.0,0,0,0.0,1.0,1.0,0.0,0.0,0.0,0.0,0.0,0.49593295379070074
1746,0,,,0,0.0,0.0,0,0,0.0,1.0,1.0,0.0,0.0,0.0,0.0,0.0,0.49593295379070074
1747,0,,,0,0.0,0.0,0,0,0.0,0.0,0.0,0.0,0.0,0.0,0.0,0.0,0.49593263707123425
1748,0,,,0,0.0,0.0,0,0,0.0,0.0,0.0,0.0,0.0,0.0,0.0,0.0,0.49593263707123425
1749,0,,,0,0.0,0.0,0,0,0.0,0.0,0.0,0.0,0.0,0.0,0.0,0.0,0.49593263707123425
1750,0,,,0,0.0,0.0,0,0,0.0,0.0,0.0,0.0,0.0,0.0,0.0,0.0,0.49593263707123425
1751,0,,,0,0.0,0.0,0,0,0.0,13945.0,13945.0,0.0,0.0,0.0,0.0,0.0,0.5003530103273456
1752,0,,,0,0.0,0.0,0,0,0.0,0.0,0.0,0.0,0.0,0.0,0.0,0.0,0.49593263707123425
1753,0,,,0,0.0,0.0,0,0,0.0,85101.0,85101.0,0.0,0.0,0.0,0.0,0.0,0.5226102875856004
1754,0,,,0,0.0,0.0,0,0,0.0,1.0,1.0,0.0,0.0,0.0,0.0,0.0,0.49593295379070074
1755,0,,,0,0.0,0.0,0,0,0.0,47598.0,47598.0,0.0,0.0,0.0,0.0,0.0,0.5109893599557832
1756,0,,,0,0.0,0.0,0,0,0.0,1.0,1.0,0.0,0.0,0.0,0.0,0.0,0.49593295379070074
1757,0,,,0,0.0,0.0,0,0,0.0,0.0,0.0,0.0,0.0,0.0,0.0,0.0,0.49593263707123425
1758,0,,,0,0.0,0.0,0,0,0.0,0.0,0.0,0.0,0.0,0.0,0.0,0.0,0.49593263707123425
1759,0,,,0,0.0,0.0,0,0,0.0,1.0,1.0,0.0,0.0,0.0,0.0,0.0,0.49593295379070074
1760,0,,,0,0.0,0.0,0,0,0.0,1.0,1.0,0.0,0.0,0.0,0.0,0.0,0.49593295379070074
1761,0,,,0,0.0,0.0,0,0,0.0,0.0,0.0,0.0,0.0,0.0,0.0,0.0,0.49593263707123425
1762,0,,,0,0.0,0.0,0,0,0.0,1.0,1.0,0.0,0.0,0.0,0.0,0.0,0.49593295379070074
1763,0,,,0,0.0,0.0,0,0,0.0,1.0,1.0,0.0,0.0,0.0,0.0,0.0,0.49593295379070074
1764,0,,,0,0.0,0.0,0,0,0.0,0.0,0.0,0.0,0.0,0.0,0.0,0.0,0.49593263707123425
1765,0,,,0,0.0,0.0,0,0,0.0,1.0,1.0,0.0,0.0,0.0,0.0,0.0,0.49593295379070074
1766,0,,,0,0.0,0.0,0,0,0.0,86202.0,86202.0,0.0,0.0,0.0,0.0,0.0,0.5229454192363072
1767,0,,,0,0.0,0.0,0,0,0.0,0.0,0.0,0.0,0.0,0.0,0.0,0.0,0.49593263707123425
1768,0,,,0,0.0,0.0,0,0,0.0,1.0,1.0,0.0,0.0,0.0,0.0,0.0,0.49593295379070074
1769,0,,,0,0.0,0.0,0,0,0.0,1.0,1.0,0.0,0.0,0.0,0.0,0.0,0.49593295379070074
1770,0,,,0,0.0,0.0,0,0,0.0,1.0,1.0,0.0,0.0,0.0,0.0,0.0,0.49593295379070074
1771,0,,,0,0.0,0.0,0,0,0.0,1.0,1.0,0.0,0.0,0.0,0.0,0.0,0.49593295379070074
1772,0,,,0,0.0,0.0,0,0,0.0,0.0,0.0,0.0,0.0,0.0,0.0,0.0,0.49593263707123425
1773,0,,,0,0.0,0.0,0,0,0.0,0.0,0.0,0.0,0.0,0.0,0.0,0.0,0.49593263707123425
1774,0,,,0,0.0,0.0,0,0,0.0,0.0,0.0,0.0,0.0,0.0,0.0,0.0,0.49593263707123425
1775,0,,,0,0.0,0.0,0,0,0.0,0.0,0.0,0.0,0.0,0.0,0.0,0.0,0.49593263707123425
1776,0,,,0,0.0,0.0,0,0,0.0,1.0,1.0,0.0,0.0,0.0,0.0,0.0,0.49593295379070074
1777,0,,,0,0.0,0.0,0,0,0.0,47711.0,47711.0,0.0,0.0,0.0,0.0,0.0,0.5110248537266898
1778,0,,,0,0.0,0.0,0,0,0.0,0.0,0.0,0.0,0.0,0.0,0.0,0.0,0.49593263707123425
1779,0,,,0,0.0,0.0,0,0,0.0,1.0,1.0,0.0,0.0,0.0,0.0,0.0,0.49593295379070074
1780,0,,,0,0.0,0.0,0,0,0.0,45402.0,45402.0,0.0,0.0,0.0,0.0,0.0,0.5102991666883745
1781,0,,,0,0.0,0.0,0,0,0.0,0.0,0.0,0.0,0.0,0.0,0.0,0.0,0.49593263707123425
1782,0,,,0,0.0,0.0,0,0,0.0,97006.00186070964,97025.0,0.0,0.0,0.0,0.0,0.0,0.526214127908032
1783,0,,,0,0.0,0.0,0,0,0.0,1.0,1.0,0.0,0.0,0.0,0.0,0.0,0.49593295379070074
1784,0,,,0,0.0,0.0,0,0,0.0,0.0,0.0,0.0,0.0,0.0,0.0,0.0,0.49593263707123425
1785,0,,,0,0.0,0.0,0,0,0.0,0.0,0.0,0.0,0.0,0.0,0.0,0.0,0.49593263707123425
1786,0,,,0,0.0,0.0,0,0,0.0,1.0,1.0,0.0,0.0,0.0,0.0,0.0,0.49593295379070074
1787,0,,,0,0.0,0.0,0,0,0.0,1.0,1.0,0.0,0.0,0.0,0.0,0.0,0.49593295379070074
1788,0,,,0,0.0,0.0,0,0,0.0,0.0,0.0,0.0,0.0,0.0,0.0,0.0,0.49593263707123425
1789,0,,,0,0.0,0.0,0,0,0.0,0.0,0.0,0.0,0.0,0.0,0.0,0.0,0.49593263707123425
1790,0,,,0,0.0,0.0,0,0,0.0,10.04987562112089,11.0,0.0,0.0,0.0,0.0,0.0,0.49593597057307554
1791,0,,,0,0.0,0.0,0,0,0.0,84110.0,84110.0,0.0,0.0,0.0,0.0,0.0,0.5223082900697374
1792,0,,,0,0.0,0.0,0,0,0.0,1.0,1.0,0.0,0.0,0.0,0.0,0.0,0.49593295379070074
1793,0,,,0,0.0,0.0,0,0,0.0,0.0,0.0,0.0,0.0,0.0,0.0,0.0,0.49593263707123425
1794,0,,,0,0.0,0.0,0,0,0.0,84110.0,84110.0,0.0,0.0,0.0,0.0,0.0,0.5223082900697374
1795,0,,,0,0.0,0.0,0,0,0.0,0.0,0.0,0.0,0.0,0.0,0.0,0.0,0.49593263707123425
1796,0,,,0,0.0,0.0,0,0,0.0,0.0,0.0,0.0,0.0,0.0,0.0,0.0,0.49593263707123425
1797,0,,,0,0.0,0.0,0,0,0.0,0.0,0.0,0.0,0.0,0.0,0.0,0.0,0.49593263707123425
1798,0,,,0,0.0,0.0,0,0,0.0,1.0,1.0,0.0,0.0,0.0,0.0,0.0,0.49593295379070074
1799,0,,,0,0.0,0.0,0,0,0.0,1.4142135623730951,2.0,0.0,0.0,0.0,0.0,0.0,0.4959331777736431
1800,0,,,0,0.0,0.0,0,0,0.0,0.0,0.0,0.0,0.0,0.0,0.0,0.0,0.49593263707123425
1801,0,,,0,0.0,0.0,0,0,0.0,0.0,0.0,0.0,0.0,0.0,0.0,0.0,0.49593263707123425
1802,0,,,0,0.0,0.0,0,0,0.0,0.0,0.0,0.0,0.0,0.0,0.0,0.0,0.49593263707123425
1803,0,,,0,0.0,0.0,0,0,0.0,1.0,1.0,0.0,0.0,0.0,0.0,0.0,0.49593295379070074
1804,0,,,0,0.0,0.0,0,0,0.0,0.0,0.0,0.0,0.0,0.0,0.0,0.0,0.49593263707123425
1805,0,,,0,0.0,0.0,0,0,0.0,31001.0,31001.0,0.0,0.0,0.0,0.0,0.0,0.5057563300152417
1806,0,,,0,0.0,0.0,0,0,0.0,0.0,0.0,0.0,0.0,0.0,0.0,0.0,0.49593263707123425
1807,0,,,0,0.0,0.0,0,0,0.0,1.0,1.0,0.0,0.0,0.0,0.0,0.0,0.49593295379070074
1808,0,,,0,0.0,0.0,0,0,0.0,10503.0,10503.0,0.0,0.0,0.0,0.0,0.0,0.4992615602529575
1809,0,,,0,0.0,0.0,0,0,0.0,46303.0,46303.0,0.0,0.0,0.0,0.0,0.0,0.5105824425534496
1810,0,,,0,0.0,0.0,0,0,0.0,0.0,0.0,0.0,0.0,0.0,0.0,0.0,0.49593263707123425
1811,0,,,0,0.0,0.0,0,0,0.0,0.0,0.0,0.0,0.0,0.0,0.0,0.0,0.49593263707123425
1812,0,,,0,0.0,0.0,0,0,0.0,0.0,0.0,0.0,0.0,0.0,0.0,0.0,0.49593263707123425
1813,0,,,0,0.0,0.0,0,0,0.0,0.0,0.0,0.0,0.0,0.0,0.0,0.0,0.49593263707123425
1814,0,,,0,0.0,0.0,0,0,0.0,10711.0,10711.0,0.0,0.0,0.0,0.0,0.0,0.49932751528296954
1815,0,,,0,0.0,0.0,0,0,0.0,1.0,1.0,0.0,0.0,0.0,0.0,0.0,0.49593295379070074
1816,0,,,0,0.0,0.0,0,0,0.0,1.0,1.0,0.0,0.0,0.0,0.0,0.0,0.49593295379070074
1817,0,,,0,0.0,0.0,0,0,0.0,47721.0,47721.0,0.0,0.0,0.0,0.0,0.0,0.5110279946641189
1818,0,,,0,0.0,0.0,0,0,0.0,1.0,1.0,0.0,0.0,0.0,0.0,0.0,0.49593295379070074
1819,0,,,0,0.0,0.0,0,0,0.0,1.0,1.0,0.0,0.0,0.0,0.0,0.0,0.49593295379070074
1820,0,,,0,0.0,0.0,0,0,0.0,9.055385138137416,10.0,0.0,0.0,0.0,0.0,0.0,0.4959356547252491
1821,0,,,0,0.0,0.0,0,0,0.0,45203.0,45203.0,0.0,0.0,0.0,0.0,0.0,0.5102365832646784
1822,0,,,0,0.0,0.0,0,0,0.0,0.0,0.0,0.0,0.0,0.0,0.0,0.0,0.49593263707123425
1823,0,,,0,0.0,0.0,0,0,0.0,1.0,1.0,0.0,0.0,0.0,0.0,0.0,0.49593295379070074
1824,0,,,0,0.0,0.0,0,0,0.0,0.0,0.0,0.0,0.0,0.0,0.0,0.0,0.49593263707123425
1825,0,,,0,0.0,0.0,0,0,0.0,1.0,1.0,0.0,0.0,0.0,0.0,0.0,0.49593295379070074
1826,0,,,0,0.0,0.0,0,0,0.0,84230.0,84230.0,0.0,0.0,0.0,0.0,0.0,0.5223448763227968
1827,0,,,0,0.0,0.0,0,0,0.0,13921.0,13921.0,0.0,0.0,0.0,0.0,0.0,0.5003454000421356
1828,0,,,0,0.0,0.0,0,0,0.0,0.0,0.0,0.0,0.0,0.0,0.0,0.0,0.49593263707123425
1829,0,,,0,0.0,0.0,0,0,0.0,0.0,0.0,0.0,0.0,0.0,0.0,0.0,0.49593263707123425
1830,0,,,0,0.0,0.0,0,0,0.0,0.0,0.0,0.0,0.0,0.0,0.0,0.0,0.49593263707123425
1831,0,,,0,0.0,0.0,0,0,0.0,85101.0,85101.0,0.0,0.0,0.0,0.0,0.0,0.5226102875856004
1832,0,,,0,0.0,0.0,0,0,0.0,10711.0,10711.0,0.0,0.0,0.0,0.0,0.0,0.49932751528296954
1833,0,,,0,0.0,0.0,0,0,0.0,46303.0,46303.0,0.0,0.0,0.0,0.0,0.0,0.5105824425534496
1834,0,,,0,0.0,0.0,0,0,0.0,0.0,0.0,0.0,0.0,0.0,0.0,0.0,0.49593263707123425
1835,0,,,0,0.0,0.0,0,0,0.0,22202.0,22202.0,0.0,0.0,0.0,0.0,0.0,0.5029705668813164
1836,0,,,0,0.0,0.0,0,0,0.0,49232.0,49232.0,0.0,0.0,0.0,0.0,0.0,0.5115023925921492
1837,0,,,0,0.0,0.0,0,0,0.0,0.0,0.0,0.0,0.0,0.0,0.0,0.0,0.49593263707123425
1838,0,,,0,0.0,0.0,0,0,0.0,1.0,1.0,0.0,0.0,0.0,0.0,0.0,0.49593295379070074
1839,0,,,0,0.0,0.0,0,0,0.0,0.0,0.0,0.0,0.0,0.0,0.0,0.0,0.49593263707123425
1840,0,,,0,0.0,0.0,0,0,0.0,0.0,0.0,0.0,0.0,0.0,0.0,0.0,0.49593263707123425
1841,0,,,0,0.0,0.0,0,0,0.0,86102.0,86102.0,0.0,0.0,0.0,0.0,0.0,0.5229149973631945
1842,0,,,0,0.0,0.0,0,0,0.0,1.0,1.0,0.0,0.0,0.0,0.0,0.0,0.49593295379070074
1843,0,,,0,0.0,0.0,0,0,0.0,1.0,1.0,0.0,0.0,0.0,0.0,0.0,0.49593295379070074
1844,0,,,0,0.0,0.0,0,0,0.0,0.0,0.0,0.0,0.0,0.0,0.0,0.0,0.49593263707123425
1845,0,,,0,0.0,0.0,0,0,0.0,0.0,0.0,0.0,0.0,0.0,0.0,0.0,0.49593263707123425
1846,0,,,0,0.0,0.0,0,0,0.0,0.0,0.0,0.0,0.0,0.0,0.0,0.0,0.49593263707123425
1847,0,,,0,0.0,0.0,0,0,0.0,0.0,0.0,0.0,0.0,0.0,0.0,0.0,0.49593263707123425
1848,0,,,0,0.0,0.0,0,0,0.0,84230.0,84230.0,0.0,0.0,0.0,0.0,0.0,0.5223448763227968
1849,0,,,0,0.0,0.0,0,0,0.0,0.0,0.0,0.0,0.0,0.0,0.0,0.0,0.49593263707123425
1850,0,,,0,0.0,0.0,0,0,0.0,0.0,0.0,0.0,0.0,0.0,0.0,0.0,0.49593263707123425
1851,0,,,0,0.0,0.0,0,0,0.0,81301.0,81301.0,0.0,0.0,0.0,0.0,0.0,0.5214505164341983
1852,0,,,0,0.0,0.0,0,0,0.0,0.0,0.0,0.0,0.0,0.0,0.0,0.0,0.49593263707123425
1853,0,,,0,0.0,0.0,0,0,0.0,0.0,0.0,0.0,0.0,0.0,0.0,0.0,0.49593263707123425
1854,0,,,0,0.0,0.0,0,0,0.0,0.0,0.0,0.0,0.0,0.0,0.0,0.0,0.49593263707123425
1855,0,,,0,0.0,0.0,0,0,0.0,0.0,0.0,0.0,0.0,0.0,0.0,0.0,0.49593263707123425
1856,0,,,0,0.0,0.0,0,0,0.0,1.0,1.0,0.0,0.0,0.0,0.0,0.0,0.49593295379070074
1857,0,,,0,0.0,0.0,0,0,0.0,0.0,0.0,0.0,0.0,0.0,0.0,0.0,0.49593263707123425
1858,0,,,0,0.0,0.0,0,0,0.0,0.0,0.0,0.0,0.0,0.0,0.0,0.0,0.49593263707123425
1859,0,,,0,0.0,0.0,0,0,0.0,85101.0,85101.0,0.0,0.0,0.0,0.0,0.0,0.5226102875856004
1860,0,,,0,0.0,0.0,0,0,0.0,0.0,0.0,0.0,0.0,0.0,0.0,0.0,0.49593263707123425
1861,0,,,0,0.0,0.0,0,0,0.0,1.0,1.0,0.0,0.0,0.0,0.0,0.0,0.49593295379070074
1862,0,,,0,0.0,0.0,0,0,0.0,99998.0,99998.0,0.0,0.0,0.0,0.0,0.0,0.5271079873937018
1863,0,,,0,0.0,0.0,0,0,0.0,10.04987562112089,11.0,0.0,0.0,0.0,0.0,0.0,0.49593597057307554
1864,0,,,0,0.0,0.0,0,0,0.0,0.0,0.0,0.0,0.0,0.0,0.0,0.0,0.49593263707123425
1865,0,,,0,0.0,0.0,0,0,0.0,0.0,0.0,0.0,0.0,0.0,0.0,0.0,0.49593263707123425
1866,0,,,0,0.0,0.0,0,0,0.0,1.0,1.0,0.0,0.0,0.0,0.0,0.0,0.49593295379070074
1867,0,,,0,0.0,0.0,0,0,0.0,0.0,0.0,0.0,0.0,0.0,0.0,0.0,0.49593263707123425
1868,0,,,0,0.0,0.0,0,0,0.0,0.0,0.0,0.0,0.0,0.0,0.0,0.0,0.49593263707123425
1869,0,,,0,0.0,0.0,0,0,0.0,13945.0,13945.0,0.0,0.0,0.0,0.0,0.0,0.5003530103273456
1870,0,,,0,0.0,0.0,0,0,0.0,1.0,1.0,0.0,0.0,0.0,0.0,0.0,0.49593295379070074
1871,0,,,0,0.0,0.0,0,0,0.0,41003.0,41003.0,0.0,0.0,0.0,0.0,0.0,0.5089143272261039
1872,0,,,0,0.0,0.0,0,0,0.0,1.0,1.0,0.0,0.0,0.0,0.0,0.0,0.49593295379070074
1873,0,,,0,0.0,0.0,0,0,0.0,0.0,0.0,0.0,0.0,0.0,0.0,0.0,0.49593263707123425
1874,0,,,0,0.0,0.0,0,0,0.0,14101.0,14101.0,0.0,0.0,0.0,0.0,0.0,0.5004024770791664
1875,0,,,0,0.0,0.0,0,0,0.0,0.0,0.0,0.0,0.0,0.0,0.0,0.0,0.49593263707123425
1876,0,,,0,0.0,0.0,0,0,0.0,1.0,1.0,0.0,0.0,0.0,0.0,0.0,0.49593295379070074
1877,0,,,0,0.0,0.0,0,0,0.0,0.0,0.0,0.0,0.0,0.0,0.0,0.0,0.49593263707123425
1878,0,,,0,0.0,0.0,0,0,0.0,0.0,0.0,0.0,0.0,0.0,0.0,0.0,0.49593263707123425
1879,0,,,0,0.0,0.0,0,0,0.0,11.04536101718726,12.0,0.0,0.0,0.0,0.0,0.0,0.4959362865784687
1880,0,,,0,0.0,0.0,0,0,0.0,0.0,0.0,0.0,0.0,0.0,0.0,0.0,0.49593263707123425
1881,0,,,0,0.0,0.0,0,0,0.0,47529.0,47529.0,0.0,0.0,0.0,0.0,0.0,0.5109676857058186
1882,0,,,0,0.0,0.0,0,0,0.0,11.04536101718726,12.0,0.0,0.0,0.0,0.0,0.0,0.4959362865784687
1883,0,,,0,0.0,0.0,0,0,0.0,0.0,0.0,0.0,0.0,0.0,0.0,0.0,0.49593263707123425
1884,0,,,0,0.0,0.0,0,0,0.0,0.0,0.0,0.0,0.0,0.0,0.0,0.0,0.49593263707123425
1885,0,,,0,0.0,0.0,0,0,0.0,46303.0,46303.0,0.0,0.0,0.0,0.0,0.0,0.5105824425534496
1886,0,,,0,0.0,0.0,0,0,0.0,1.0,1.0,0.0,0.0,0.0,0.0,0.0,0.49593295379070074
1887,0,,,0,0.0,0.0,0,0,0.0,0.0,0.0,0.0,0.0,0.0,0.0,0.0,0.49593263707123425
1888,0,,,0,0.0,0.0,0,0,0.0,1271.0,1271.0,0.0,0.0,0.0,0.0,0.0,0.49633523499047644
1889,0,,,0,0.0,0.0,0,0,0.0,0.0,0.0,0.0,0.0,0.0,0.0,0.0,0.49593263707123425
1890,0,,,0,0.0,0.0,0,0,0.0,0.0,0.0,0.0,0.0,0.0,0.0,0.0,0.49593263707123425
1891,0,,,0,0.0,0.0,0,0,0.0,0.0,0.0,0.0,0.0,0.0,0.0,0.0,0.49593263707123425
1892,0,,,0,0.0,0.0,0,0,0.0,1.0,1.0,0.0,0.0,0.0,0.0,0.0,0.49593295379070074
1893,0,,,0,0.0,0.0,0,0,0.0,0.0,0.0,0.0,0.0,0.0,0.0,0.0,0.49593263707123425
1894,0,,,0,0.0,0.0,0,0,0.0,64191.0,64191.0,0.0,0.0,0.0,0.0,0.0,0.5161746208242027
1895,0,,,0,0.0,0.0,0,0,0.0,0.0,0.0,0.0,0.0,0.0,0.0,0.0,0.49593263707123425
1896,0,,,0,0.0,0.0,0,0,0.0,13945.0,13945.0,0.0,0.0,0.0,0.0,0.0,0.5003530103273456
1897,0,,,0,0.0,0.0,0,0,0.0,1.0,1.0,0.0,0.0,0.0,0.0,0.0,0.49593295379070074
1898,0,,,0,0.0,0.0,0,0,0.0,0.0,0.0,0.0,0.0,0.0,0.0,0.0,0.49593263707123425
1899,0,,,0,0.0,0.0,0,0,0.0,31007.0,31007.0,0.0,0.0,0.0,0.0,0.0,0.5057582276136706
1900,0,,,0,0.0,0.0,0,0,0.0,0.0,0.0,0.0,0.0,0.0,0.0,0.0,0.49593263707123425
1901,0,,,0,0.0,0.0,0,0,0.0,1.0,1.0,0.0,0.0,0.0,0.0,0.0,0.49593295379070074
1902,0,,,0,0.0,0.0,0,0,0.0,99998.0,99998.0,0.0,0.0,0.0,0.0,0.0,0.5271079873937018
1903,0,,,0,0.0,0.0,0,0,0.0,0.0,0.0,0.0,0.0,0.0,0.0,0.0,0.49593263707123425
1904,0,,,0,0.0,0.0,0,0,0.0,0.0,0.0,0.0,0.0,0.0,0.0,0.0,0.49593263707123425
1905,0,,,0,0.0,0.0,0,0,0.0,0.0,0.0,0.0,0.0,0.0,0.0,0.0,0.49593263707123425
1906,0,,,0,0.0,0.0,0,0,0.0,97006.0,97006.0,0.0,0.0,0.0,0.0,0.0,0.5262112740634938
1907,0,,,0,0.0,0.0,0,0,0.0,0.0,0.0,0.0,0.0,0.0,0.0,0.0,0.49593263707123425
1908,0,,,0,0.0,0.0,0,0,0.0,84230.0,84230.0,0.0,0.0,0.0,0.0,0.0,0.5223448763227968
1909,0,,,0,0.0,0.0,0,0,0.0,36002.0,36002.0,0.0,0.0,0.0,0.0,0.0,0.5073367543184166
1910,0,,,0,0.0,0.0,0,0,0.0,14101.0,14101.0,0.0,0.0,0.0,0.0,0.0,0.5004024770791664
1911,0,,,0,0.0,0.0,0,0,0.0,1.0,1.0,0.0,0.0,0.0,0.0,0.0,0.49593295379070074
1912,0,,,0,0.0,0.0,0,0,0.0,1.0,1.0,0.0,0.0,0.0,0.0,0.0,0.49593295379070074
1913,0,,,0,0.0,0.0,0,0,0.0,0.0,0.0,0.0,0.0,0.0,0.0,0.0,0.49593263707123425
1914,0,,,0,0.0,0.0,0,0,0.0,0.0,0.0,0.0,0.0,0.0,0.0,0.0,0.49593263707123425
1915,0,,,0,0.0,0.0,0,0,0.0,0.0,0.0,0.0,0.0,0.0,0.0,0.0,0.49593263707123425
1916,0,,,0,0.0,0.0,0,0,0.0,0.0,0.0,0.0,0.0,0.0,0.0,0.0,0.49593263707123425
1917,0,,,0,0.0,0.0,0,0,0.0,0.0,0.0,0.0,0.0,0.0,0.0,0.0,0.49593263707123425
1918,0,,,0,0.0,0.0,0,0,0.0,0.0,0.0,0.0,0.0,0.0,0.0,0.0,0.49593263707123425
1919,0,,,0,0.0,0.0,0,0,0.0,1.0,1.0,0.0,0.0,0.0,0.0,0.0,0.49593295379070074
1920,0,,,0,0.0,0.0,0,0,0.0,14101.0,14101.0,0.0,0.0,0.0,0.0,0.0,0.5004024770791664
1921,0,,,0,0.0,0.0,0,0,0.0,46521.00052664388,46528.0,0.0,0.0,0.0,0.0,0.0,0.5106520627983673
1922,0,,,0,0.0,0.0,0,0,0.0,0.0,0.0,0.0,0.0,0.0,0.0,0.0,0.49593263707123425
1923,0,,,0,0.0,0.0,0,0,0.0,1.0,1.0,0.0,0.0,0.0,0.0,0.0,0.49593295379070074
1924,0,,,0,0.0,0.0,0,0,0.0,0.0,0.0,0.0,0.0,0.0,0.0,0.0,0.49593263707123425
1925,0,,,0,0.0,0.0,0,0,0.0,1.0,1.0,0.0,0.0,0.0,0.0,0.0,0.49593295379070074
1926,0,,,0,0.0,0.0,0,0,0.0,49221.0,49221.0,0.0,0.0,0.0,0.0,0.0,0.5114989404393326
1927,0,,,0,0.0,0.0,0,0,0.0,0.0,0.0,0.0,0.0,0.0,0.0,0.0,0.49593263707123425
1928,0,,,0,0.0,0.0,0,0,0.0,43301.0,43301.0,0.0,0.0,0.0,0.0,0.0,0.5096381140857611
1929,0,,,0,0.0,0.0,0,0,0.0,0.0,0.0,0.0,0.0,0.0,0.0,0.0,0.49593263707123425
1930,0,,,0,0.0,0.0,0,0,0.0,1.0,1.0,0.0,0.0,0.0,0.0,0.0,0.49593295379070074
1931,0,,,0,0.0,0.0,0,0,0.0,0.0,0.0,0.0,0.0,0.0,0.0,0.0,0.49593263707123425
1932,0,,,0,0.0,0.0,0,0,0.0,0.0,0.0,0.0,0.0,0.0,0.0,0.0,0.49593263707123425
1933,0,,,0,0.0,0.0,0,0,0.0,0.0,0.0,0.0,0.0,0.0,0.0,0.0,0.49593263707123425
1934,0,,,0,0.0,0.0,0,0,0.0,43306.00416801347,43325.0,0.0,0.0,0.0,0.0,0.0,0.5096426801994365
1935,0,,,0,0.0,0.0,0,0,0.0,10711.0,10711.0,0.0,0.0,0.0,0.0,0.0,0.49932751528296954
1936,0,,,0,0.0,0.0,0,0,0.0,0.0,0.0,0.0,0.0,0.0,0.0,0.0,0.49593263707123425
1937,0,,,0,0.0,0.0,0,0,0.0,85229.0,85229.0,0.0,0.0,0.0,0.0,0.0,0.5226492703410566
1938,0,,,0,0.0,0.0,0,0,0.0,46492.0,46492.0,0.0,0.0,0.0,0.0,0.0,0.51064184778237
1939,0,,,0,0.0,0.0,0,0,0.0,0.0,0.0,0.0,0.0,0.0,0.0,0.0,0.49593263707123425
1940,0,,,0,0.0,0.0,0,0,0.0,1.0,1.0,0.0,0.0,0.0,0.0,0.0,0.49593295379070074
1941,0,,,0,0.0,0.0,0,0,0.0,1.0,1.0,0.0,0.0,0.0,0.0,0.0,0.49593295379070074
1942,0,,,0,0.0,0.0,0,0,0.0,0.0,0.0,0.0,0.0,0.0,0.0,0.0,0.49593263707123425
1943,0,,,0,0.0,0.0,0,0,0.0,0.0,0.0,0.0,0.0,0.0,0.0,0.0,0.49593263707123425
1944,0,,,0,0.0,0.0,0,0,0.0,47113.0,47113.0,0.0,0.0,0.0,0.0,0.0,0.5108369949923434
1945,0,,,0,0.0,0.0,0,0,0.0,0.0,0.0,0.0,0.0,0.0,0.0,0.0,0.49593263707123425
1946,0,,,0,0.0,0.0,0,0,0.0,0.0,0.0,0.0,0.0,0.0,0.0,0.0,0.49593263707123425
1947,0,,,0,0.0,0.0,0,0,0.0,1.0,1.0,0.0,0.0,0.0,0.0,0.0,0.49593295379070074
1948,0,,,0,0.0,0.0,0,0,0.0,0.0,0.0,0.0,0.0,0.0,0.0,0.0,0.49593263707123425
1949,0,,,0,0.0,0.0,0,0,0.0,0.0,0.0,0.0,0.0,0.0,0.0,0.0,0.49593263707123425
1950,0,,,0,0.0,0.0,0,0,0.0,0.0,0.0,0.0,0.0,0.0,0.0,0.0,0.49593263707123425
1951,0,,,0,0.0,0.0,0,0,0.0,1.0,1.0,0.0,0.0,0.0,0.0,0.0,0.49593295379070074
1952,0,,,0,0.0,0.0,0,0,0.0,1.0,1.0,0.0,0.0,0.0,0.0,0.0,0.49593295379070074
1953,0,,,0,0.0,0.0,0,0,0.0,0.0,0.0,0.0,0.0,0.0,0.0,0.0,0.49593263707123425
1954,0,,,0,0.0,0.0,0,0,0.0,13.038404810405298,14.0,0.0,0.0,0.0,0.0,0.0,0.4959369189176168
1955,0,,,0,0.0,0.0,0,0,0.0,0.0,0.0,0.0,0.0,0.0,0.0,0.0,0.49593263707123425
1956,0,,,0,0.0,0.0,0,0,0.0,1.0,1.0,0.0,0.0,0.0,0.0,0.0,0.49593295379070074
1957,0,,,0,0.0,0.0,0,0,0.0,0.0,0.0,0.0,0.0,0.0,0.0,0.0,0.49593263707123425
1958,0,,,0,0.0,0.0,0,0,0.0,4.123105625617661,5.0,0.0,0.0,0.0,0.0,0.0,0.4959340818468503
1959,0,,,0,0.0,0.0,0,0,0.0,1.0,1.0,0.0,0.0,0.0,0.0,0.0,0.49593295379070074
1960,0,,,0,0.0,0.0,0,0,0.0,0.0,0.0,0.0,0.0,0.0,0.0,0.0,0.49593263707123425
1961,0,,,0,0.0,0.0,0,0,0.0,0.0,0.0,0.0,0.0,0.0,0.0,0.0,0.49593263707123425
1962,0,,,0,0.0,0.0,0,0,0.0,10.04987562112089,11.0,0.0,0.0,0.0,0.0,0.0,0.49593597057307554
1963,0,,,0,0.0,0.0,0,0,0.0,84110.00071929616,84121.0,0.0,0.0,0.0,0.0,0.0,0.5223099676716796
1964,0,,,0,0.0,0.0,0,0,0.0,1.0,1.0,0.0,0.0,0.0,0.0,0.0,0.49593295379070074
1965,0,,,0,0.0,0.0,0,0,0.0,0.0,0.0,0.0,0.0,0.0,0.0,0.0,0.49593263707123425
1966,0,,,0,0.0,0.0,0,0,0.0,0.0,0.0,0.0,0.0,0.0,0.0,0.0,0.49593263707123425
1967,0,,,0,0.0,0.0,0,0,0.0,1.0,1.0,0.0,0.0,0.0,0.0,0.0,0.49593295379070074
1968,0,,,0,0.0,0.0,0,0,0.0,84130.0,84130.0,0.0,0.0,0.0,0.0,0.0,0.5223143881107919
1969,0,,,0,0.0,0.0,0,0,0.0,1.0,1.0,0.0,0.0,0.0,0.0,0.0,0.49593295379070074
1970,0,,,0,0.0,0.0,0,0,0.0,1.0,1.0,0.0,0.0,0.0,0.0,0.0,0.49593295379070074
1971,0,,,0,0.0,0.0,0,0,0.0,1.0,1.0,0.0,0.0,0.0,0.0,0.0,0.49593295379070074
1972,0,,,0,0.0,0.0,0,0,0.0,0.0,0.0,0.0,0.0,0.0,0.0,0.0,0.49593263707123425
1973,0,,,0,0.0,0.0,0,0,0.0,0.0,0.0,0.0,0.0,0.0,0.0,0.0,0.49593263707123425
1974,0,,,0,0.0,0.0,0,0,0.0,97006.0,97006.0,0.0,0.0,0.0,0.0,0.0,0.5262112740634938
1975,0,,,0,0.0,0.0,0,0,0.0,1.0,1.0,0.0,0.0,0.0,0.0,0.0,0.49593295379070074
1976,0,,,0,0.0,0.0,0,0,0.0,85492.0014972161,85508.0,0.0,0.0,0.0,0.0,0.0,0.5227317869112017
1977,0,,,0,0.0,0.0,0,0,0.0,9.055385138137416,10.0,0.0,0.0,0.0,0.0,0.0,0.4959356547252491
1978,0,,,0,0.0,0.0,0,0,0.0,10711.0,10711.0,0.0,0.0,0.0,0.0,0.0,0.49932751528296954
1979,0,,,0,0.0,0.0,0,0,0.0,84130.0,84130.0,0.0,0.0,0.0,0.0,0.0,0.5223143881107919
1980,0,,,0,0.0,0.0,0,0,0.0,0.0,0.0,0.0,0.0,0.0,0.0,0.0,0.49593263707123425
1981,0,,,0,0.0,0.0,0,0,0.0,1.0,1.0,0.0,0.0,0.0,0.0,0.0,0.49593295379070074
1982,0,,,0,0.0,0.0,0,0,0.0,0.0,0.0,0.0,0.0,0.0,0.0,0.0,0.49593263707123425
1983,0,,,0,0.0,0.0,0,0,0.0,10503.0,10503.0,0.0,0.0,0.0,0.0,0.0,0.4992615602529575
1984,0,,,0,0.0,0.0,0,0,0.0,47113.0,47113.0,0.0,0.0,0.0,0.0,0.0,0.5108369949923434
1985,0,,,0,0.0,0.0,0,0,0.0,49222.0,49222.0,0.0,0.0,0.0,0.0,0.0,0.5114992542722908
1986,0,,,0,0.0,0.0,0,0,0.0,1.0,1.0,0.0,0.0,0.0,0.0,0.0,0.49593295379070074
1987,0,,,0,0.0,0.0,0,0,0.0,1.0,1.0,0.0,0.0,0.0,0.0,0.0,0.49593295379070074
1988,0,,,0,0.0,0.0,0,0,0.0,1.0,1.0,0.0,0.0,0.0,0.0,0.0,0.49593295379070074
1989,0,,,0,0.0,0.0,0,0,0.0,0.0,0.0,0.0,0.0,0.0,0.0,0.0,0.49593263707123425
1990,0,,,0,0.0,0.0,0,0,0.0,0.0,0.0,0.0,0.0,0.0,0.0,0.0,0.49593263707123425
1991,0,,,0,0.0,0.0,0,0,0.0,1.0,1.0,0.0,0.0,0.0,0.0,0.0,0.49593295379070074
1992,0,,,0,0.0,0.0,0,0,0.0,31007.0,31007.0,0.0,0.0,0.0,0.0,0.0,0.5057582276136706
1993,0,,,0,0.0,0.0,0,0,0.0,49221.0,49221.0,0.0,0.0,0.0,0.0,0.0,0.5114989404393326
1994,0,,,0,0.0,0.0,0,0,0.0,0.0,0.0,0.0,0.0,0.0,0.0,0.0,0.49593263707123425
1995,0,,,0,0.0,0.0,0,0,0.0,1.0,1.0,0.0,0.0,0.0,0.0,0.0,0.49593295379070074
1996,0,,,0,0.0,0.0,0,0,0.0,0.0,0.0,0.0,0.0,0.0,0.0,0.0,0.49593263707123425
1997,0,,,0,0.0,0.0,0,0,0.0,0.0,0.0,0.0,0.0,0.0,0.0,0.0,0.49593263707123425
1998,0,,,0,0.0,0.0,0,0,0.0,0.0,0.0,0.0,0.0,0.0,0.0,0.0,0.49593263707123425
1999,0,,,0,0.0,0.0,0,0,0.0,0.0,0.0,0.0,0.0,0.0,0.0,0.0,0.49593263707123425
