row_index,anon_id,orig_id,pred_prob,feature,feature_value,shap_value
0,59.0,59.0,0.997269549546639,euclidean_distance,0.0,0.0
0,59.0,59.0,0.997269549546639,manhattan_distance,0.0,0.0
0,59.0,59.0,0.997269549546639,cosine_similarity,1.0,0.0
0,59.0,59.0,0.997269549546639,sector_diff,0.0,0.0
0,59.0,59.0,0.997269549546639,sector_equal,1.0,0.0
0,59.0,59.0,0.997269549546639,district_diff,0.0,0.0
0,59.0,59.0,0.997269549546639,district_equal,1.0,0.0
0,59.0,59.0,0.997269549546639,month_diff,0.0,0.0
0,59.0,59.0,0.997269549546639,month_equal,1.0,0.0
0,59.0,59.0,0.997269549546639,nhh_diff,0.0,0.0
0,59.0,59.0,0.997269549546639,nhh_equal,1.0,0.0
0,59.0,59.0,0.997269549546639,person_serial_no_diff,0.0,0.0
0,59.0,59.0,0.997269549546639,person_serial_no_equal,1.0,0.0
0,59.0,59.0,0.997269549546639,reason_leave_school_diff,0.0,0.0
0,59.0,59.0,0.997269549546639,reason_leave_school_equal,1.0,0.005936203413118653
0,59.0,59.0,0.997269549546639,hhno_match,0.0,0.0
0,59.0,59.0,0.997269549546639,psu_match,0.0,0.0
0,59.0,59.0,0.997269549546639,snumber_match,1.0,0.0
0,59.0,59.0,0.997269549546639,result_match,1.0,0.0
0,59.0,59.0,0.997269549546639,r2_school_education_match,1.0,0.0
0,59.0,59.0,0.997269549546639,type_of_school_match,1.0,0.0
0,59.0,59.0,0.997269549546639,grade_last_year_match,1.0,0.0028081909834139617
0,59.0,59.0,0.997269549546639,grade_this_year_match,1.0,0.0
0,59.0,59.0,0.997269549546639,when_stop_schooling_match,0.0,0.0
0,59.0,59.0,0.997269549546639,noschooling_reason_match,1.0,0.0
0,59.0,59.0,0.997269549546639,time_to_school_match,1.0,0.002809146895574346
0,59.0,59.0,0.997269549546639,transport_medium_match,1.0,0.0022246750464763885
0,59.0,59.0,0.997269549546639,distance_match,1.0,0.002619143540224329
0,59.0,59.0,0.997269549546639,overall_similarity,0.8947368421052632,0.0
0,59.0,59.0,0.997269549546639,grade_last_year_diff,0.0,0.0
0,59.0,59.0,0.997269549546639,grade_last_year_equal,0.0,-0.005158112334530722
0,59.0,59.0,0.997269549546639,grade_this_year_diff,0.0,0.0
0,59.0,59.0,0.997269549546639,grade_this_year_equal,0.0,-0.004885290449591558
0,59.0,59.0,0.997269549546639,time_to_school_diff,0.0,0.0
0,59.0,59.0,0.997269549546639,time_to_school_equal,0.0,-0.004300960767313744
0,59.0,59.0,0.997269549546639,transport_medium_diff,0.0,0.0
0,59.0,59.0,0.997269549546639,transport_medium_equal,0.0,0.0
0,59.0,59.0,0.997269549546639,distance_diff,0.0,0.0
0,59.0,59.0,0.997269549546639,distance_equal,0.0,-0.005986378045170183
0,59.0,59.0,0.997269549546639,reason_leave_school_match,0.0,0.0
0,59.0,59.0,0.997269549546639,when_stop_schooling_diff,0.0,0.0
0,59.0,59.0,0.997269549546639,when_stop_schooling_equal,1.0,0.004976220895494516
0,59.0,59.0,0.997269549546639,sector_match,0.0,0.0
0,59.0,59.0,0.997269549546639,noschooling_reason_diff,0.0,0.0
0,59.0,59.0,0.997269549546639,noschooling_reason_equal,0.0,0.0
1,257.0,257.0,0.997269549546639,euclidean_distance,0.0,0.0
1,257.0,257.0,0.997269549546639,manhattan_distance,0.0,0.0
1,257.0,257.0,0.997269549546639,cosine_similarity,1.0,0.0
1,257.0,257.0,0.997269549546639,sector_diff,0.0,0.0
1,257.0,257.0,0.997269549546639,sector_equal,1.0,0.0
1,257.0,257.0,0.997269549546639,district_diff,0.0,0.0
1,257.0,257.0,0.997269549546639,district_equal,1.0,0.0
1,257.0,257.0,0.997269549546639,month_diff,0.0,0.0
1,257.0,257.0,0.997269549546639,month_equal,1.0,0.0
1,257.0,257.0,0.997269549546639,nhh_diff,0.0,0.0
1,257.0,257.0,0.997269549546639,nhh_equal,1.0,0.0
1,257.0,257.0,0.997269549546639,person_serial_no_diff,0.0,0.0
1,257.0,257.0,0.997269549546639,person_serial_no_equal,1.0,0.0
1,257.0,257.0,0.997269549546639,reason_leave_school_diff,0.0,0.0
1,257.0,257.0,0.997269549546639,reason_leave_school_equal,1.0,0.005689320004493085
1,257.0,257.0,0.997269549546639,hhno_match,0.0,0.0
1,257.0,257.0,0.997269549546639,psu_match,0.0,0.0
1,257.0,257.0,0.997269549546639,snumber_match,1.0,0.0
1,257.0,257.0,0.997269549546639,result_match,1.0,0.0
1,257.0,257.0,0.997269549546639,r2_school_education_match,1.0,0.0
1,257.0,257.0,0.997269549546639,type_of_school_match,1.0,0.0
1,257.0,257.0,0.997269549546639,grade_last_year_match,1.0,0.0
1,257.0,257.0,0.997269549546639,grade_this_year_match,1.0,0.002407034772129195
1,257.0,257.0,0.997269549546639,when_stop_schooling_match,0.0,0.0
1,257.0,257.0,0.997269549546639,noschooling_reason_match,1.0,0.0
1,257.0,257.0,0.997269549546639,time_to_school_match,1.0,0.0029367411499232445
1,257.0,257.0,0.997269549546639,transport_medium_match,1.0,0.0
1,257.0,257.0,0.997269549546639,distance_match,1.0,0.002253109654660011
1,257.0,257.0,0.997269549546639,overall_similarity,0.8947368421052632,0.0
1,257.0,257.0,0.997269549546639,grade_last_year_diff,0.0,0.0
1,257.0,257.0,0.997269549546639,grade_last_year_equal,0.0,-0.0049139402435409915
1,257.0,257.0,0.997269549546639,grade_this_year_diff,0.0,0.0
1,257.0,257.0,0.997269549546639,grade_this_year_equal,0.0,-0.004843328246947966
1,257.0,257.0,0.997269549546639,time_to_school_diff,0.0,0.0
1,257.0,257.0,0.997269549546639,time_to_school_equal,0.0,-0.00398814268439745
1,257.0,257.0,0.997269549546639,transport_medium_diff,0.0,0.0
1,257.0,257.0,0.997269549546639,transport_medium_equal,0.0,0.0
1,257.0,257.0,0.997269549546639,distance_diff,0.0,0.0
1,257.0,257.0,0.997269549546639,distance_equal,0.0,-0.00540016876698579
1,257.0,257.0,0.997269549546639,reason_leave_school_match,0.0,0.0019205121825922383
1,257.0,257.0,0.997269549546639,when_stop_schooling_diff,0.0,0.0
1,257.0,257.0,0.997269549546639,when_stop_schooling_equal,1.0,0.004981701355770411
1,257.0,257.0,0.997269549546639,sector_match,0.0,0.0
1,257.0,257.0,0.997269549546639,noschooling_reason_diff,0.0,0.0
1,257.0,257.0,0.997269549546639,noschooling_reason_equal,0.0,0.0
2,127.0,127.0,0.997269549546639,euclidean_distance,0.0,0.0
2,127.0,127.0,0.997269549546639,manhattan_distance,0.0,0.0
2,127.0,127.0,0.997269549546639,cosine_similarity,1.0,0.0
2,127.0,127.0,0.997269549546639,sector_diff,0.0,0.0
2,127.0,127.0,0.997269549546639,sector_equal,1.0,0.0
2,127.0,127.0,0.997269549546639,district_diff,0.0,0.0
2,127.0,127.0,0.997269549546639,district_equal,1.0,0.0
2,127.0,127.0,0.997269549546639,month_diff,0.0,0.0
2,127.0,127.0,0.997269549546639,month_equal,1.0,0.0
2,127.0,127.0,0.997269549546639,nhh_diff,0.0,0.0
2,127.0,127.0,0.997269549546639,nhh_equal,1.0,0.0
2,127.0,127.0,0.997269549546639,person_serial_no_diff,0.0,0.0
2,127.0,127.0,0.997269549546639,person_serial_no_equal,1.0,0.0
2,127.0,127.0,0.997269549546639,reason_leave_school_diff,0.0,0.0
2,127.0,127.0,0.997269549546639,reason_leave_school_equal,1.0,0.005698439854480089
2,127.0,127.0,0.997269549546639,hhno_match,0.0,0.0
2,127.0,127.0,0.997269549546639,psu_match,0.0,0.0
2,127.0,127.0,0.997269549546639,snumber_match,1.0,0.0
2,127.0,127.0,0.997269549546639,result_match,1.0,0.0
2,127.0,127.0,0.997269549546639,r2_school_education_match,1.0,0.0
2,127.0,127.0,0.997269549546639,type_of_school_match,1.0,0.0
2,127.0,127.0,0.997269549546639,grade_last_year_match,1.0,0.002827533557039496
2,127.0,127.0,0.997269549546639,grade_this_year_match,1.0,0.002479403554944343
2,127.0,127.0,0.997269549546639,when_stop_schooling_match,0.0,0.0
2,127.0,127.0,0.997269549546639,noschooling_reason_match,1.0,0.0
2,127.0,127.0,0.997269549546639,time_to_school_match,1.0,0.002747371097245598
2,127.0,127.0,0.997269549546639,transport_medium_match,1.0,0.0
2,127.0,127.0,0.997269549546639,distance_match,1.0,0.0025117368151063007
2,127.0,127.0,0.997269549546639,overall_similarity,0.8947368421052632,0.0
2,127.0,127.0,0.997269549546639,grade_last_year_diff,0.0,0.0
2,127.0,127.0,0.997269549546639,grade_last_year_equal,0.0,-0.005214133762885201
2,127.0,127.0,0.997269549546639,grade_this_year_diff,0.0,0.0
2,127.0,127.0,0.997269549546639,grade_this_year_equal,0.0,-0.005181334539283132
2,127.0,127.0,0.997269549546639,time_to_school_diff,0.0,0.0
2,127.0,127.0,0.997269549546639,time_to_school_equal,0.0,-0.004324320294038238
2,127.0,127.0,0.997269549546639,transport_medium_diff,0.0,0.0
2,127.0,127.0,0.997269549546639,transport_medium_equal,0.0,0.0
2,127.0,127.0,0.997269549546639,distance_diff,0.0,0.0
2,127.0,127.0,0.997269549546639,distance_equal,0.0,-0.005540330363712161
2,127.0,127.0,0.997269549546639,reason_leave_school_match,0.0,0.0
2,127.0,127.0,0.997269549546639,when_stop_schooling_diff,0.0,0.0
2,127.0,127.0,0.997269549546639,when_stop_schooling_equal,1.0,0.005038473258798893
2,127.0,127.0,0.997269549546639,sector_match,0.0,0.0
2,127.0,127.0,0.997269549546639,noschooling_reason_diff,0.0,0.0
2,127.0,127.0,0.997269549546639,noschooling_reason_equal,0.0,0.0
3,80.0,80.0,0.997269549546639,euclidean_distance,0.0,0.0
3,80.0,80.0,0.997269549546639,manhattan_distance,0.0,0.0
3,80.0,80.0,0.997269549546639,cosine_similarity,1.0,0.0
3,80.0,80.0,0.997269549546639,sector_diff,0.0,0.0
3,80.0,80.0,0.997269549546639,sector_equal,1.0,0.0
3,80.0,80.0,0.997269549546639,district_diff,0.0,0.0
3,80.0,80.0,0.997269549546639,district_equal,1.0,0.0
3,80.0,80.0,0.997269549546639,month_diff,0.0,0.0
3,80.0,80.0,0.997269549546639,month_equal,1.0,0.0
3,80.0,80.0,0.997269549546639,nhh_diff,0.0,0.0
3,80.0,80.0,0.997269549546639,nhh_equal,1.0,0.0
3,80.0,80.0,0.997269549546639,person_serial_no_diff,0.0,0.0
3,80.0,80.0,0.997269549546639,person_serial_no_equal,1.0,0.0
3,80.0,80.0,0.997269549546639,reason_leave_school_diff,0.0,0.0
3,80.0,80.0,0.997269549546639,reason_leave_school_equal,1.0,0.006293591584098357
3,80.0,80.0,0.997269549546639,hhno_match,0.0,0.0
3,80.0,80.0,0.997269549546639,psu_match,0.0,0.0
3,80.0,80.0,0.997269549546639,snumber_match,1.0,0.0
3,80.0,80.0,0.997269549546639,result_match,1.0,0.0
3,80.0,80.0,0.997269549546639,r2_school_education_match,1.0,0.0
3,80.0,80.0,0.997269549546639,type_of_school_match,1.0,0.0
3,80.0,80.0,0.997269549546639,grade_last_year_match,1.0,0.0
3,80.0,80.0,0.997269549546639,grade_this_year_match,1.0,0.0031614284517074093
3,80.0,80.0,0.997269549546639,when_stop_schooling_match,0.0,0.0
3,80.0,80.0,0.997269549546639,noschooling_reason_match,1.0,0.0
3,80.0,80.0,0.997269549546639,time_to_school_match,1.0,0.0
3,80.0,80.0,0.997269549546639,transport_medium_match,1.0,0.003280516090069572
3,80.0,80.0,0.997269549546639,distance_match,1.0,0.0035415904374750144
3,80.0,80.0,0.997269549546639,overall_similarity,0.8947368421052632,0.0
3,80.0,80.0,0.997269549546639,grade_last_year_diff,0.0,0.0
3,80.0,80.0,0.997269549546639,grade_last_year_equal,0.0,-0.0047870603005092695
3,80.0,80.0,0.997269549546639,grade_this_year_diff,0.0,0.0
3,80.0,80.0,0.997269549546639,grade_this_year_equal,0.0,-0.004314746503814219
3,80.0,80.0,0.997269549546639,time_to_school_diff,0.0,0.0
3,80.0,80.0,0.997269549546639,time_to_school_equal,0.0,-0.00351980090461864
3,80.0,80.0,0.997269549546639,transport_medium_diff,0.0,0.0
3,80.0,80.0,0.997269549546639,transport_medium_equal,0.0,-0.002878151666581754
3,80.0,80.0,0.997269549546639,distance_diff,0.0,0.0
3,80.0,80.0,0.997269549546639,distance_equal,0.0,-0.004911084268969353
3,80.0,80.0,0.997269549546639,reason_leave_school_match,0.0,0.0
3,80.0,80.0,0.997269549546639,when_stop_schooling_diff,0.0,0.0
3,80.0,80.0,0.997269549546639,when_stop_schooling_equal,1.0,0.00517655625883887
3,80.0,80.0,0.997269549546639,sector_match,0.0,0.0
3,80.0,80.0,0.997269549546639,noschooling_reason_diff,0.0,0.0
3,80.0,80.0,0.997269549546639,noschooling_reason_equal,0.0,0.0
4,89.0,89.0,0.997269549546639,euclidean_distance,0.0,0.0
4,89.0,89.0,0.997269549546639,manhattan_distance,0.0,0.0
4,89.0,89.0,0.997269549546639,cosine_similarity,1.0,0.0
4,89.0,89.0,0.997269549546639,sector_diff,0.0,0.0
4,89.0,89.0,0.997269549546639,sector_equal,1.0,0.0
4,89.0,89.0,0.997269549546639,district_diff,0.0,0.0
4,89.0,89.0,0.997269549546639,district_equal,1.0,0.0
4,89.0,89.0,0.997269549546639,month_diff,0.0,0.0
4,89.0,89.0,0.997269549546639,month_equal,1.0,0.0
4,89.0,89.0,0.997269549546639,nhh_diff,0.0,0.0
4,89.0,89.0,0.997269549546639,nhh_equal,1.0,0.0
4,89.0,89.0,0.997269549546639,person_serial_no_diff,0.0,0.0
4,89.0,89.0,0.997269549546639,person_serial_no_equal,1.0,0.0
4,89.0,89.0,0.997269549546639,reason_leave_school_diff,0.0,0.0
4,89.0,89.0,0.997269549546639,reason_leave_school_equal,1.0,0.005697552281884921
4,89.0,89.0,0.997269549546639,hhno_match,0.0,0.0
4,89.0,89.0,0.997269549546639,psu_match,0.0,0.0
4,89.0,89.0,0.997269549546639,snumber_match,1.0,0.0
4,89.0,89.0,0.997269549546639,result_match,1.0,0.0
4,89.0,89.0,0.997269549546639,r2_school_education_match,1.0,0.0
4,89.0,89.0,0.997269549546639,type_of_school_match,1.0,0.0
4,89.0,89.0,0.997269549546639,grade_last_year_match,1.0,0.0024074554248329078
4,89.0,89.0,0.997269549546639,grade_this_year_match,1.0,0.0
4,89.0,89.0,0.997269549546639,when_stop_schooling_match,0.0,0.0
4,89.0,89.0,0.997269549546639,noschooling_reason_match,1.0,0.0
4,89.0,89.0,0.997269549546639,time_to_school_match,1.0,0.0021085892250488434
4,89.0,89.0,0.997269549546639,transport_medium_match,1.0,0.0024251994371009217
4,89.0,89.0,0.997269549546639,distance_match,1.0,0.0025361452854863633
4,89.0,89.0,0.997269549546639,overall_similarity,0.8947368421052632,0.0
4,89.0,89.0,0.997269549546639,grade_last_year_diff,0.0,0.0
4,89.0,89.0,0.997269549546639,grade_last_year_equal,0.0,-0.004637179736171763
4,89.0,89.0,0.997269549546639,grade_this_year_diff,0.0,0.0
4,89.0,89.0,0.997269549546639,grade_this_year_equal,0.0,-0.005123198981433212
4,89.0,89.0,0.997269549546639,time_to_school_diff,0.0,0.0
4,89.0,89.0,0.997269549546639,time_to_school_equal,0.0,0.0
4,89.0,89.0,0.997269549546639,transport_medium_diff,0.0,0.0
4,89.0,89.0,0.997269549546639,transport_medium_equal,0.0,-0.003471956523435123
4,89.0,89.0,0.997269549546639,distance_diff,0.0,0.0
4,89.0,89.0,0.997269549546639,distance_equal,0.0,-0.005439935251664184
4,89.0,89.0,0.997269549546639,reason_leave_school_match,0.0,0.0
4,89.0,89.0,0.997269549546639,when_stop_schooling_diff,0.0,0.0
4,89.0,89.0,0.997269549546639,when_stop_schooling_equal,1.0,0.0045401680160463125
4,89.0,89.0,0.997269549546639,sector_match,0.0,0.0
4,89.0,89.0,0.997269549546639,noschooling_reason_diff,0.0,0.0
4,89.0,89.0,0.997269549546639,noschooling_reason_equal,0.0,0.0
5,142.0,142.0,0.997269549546639,euclidean_distance,0.0,0.0
5,142.0,142.0,0.997269549546639,manhattan_distance,0.0,0.0
5,142.0,142.0,0.997269549546639,cosine_similarity,1.0,0.0
5,142.0,142.0,0.997269549546639,sector_diff,0.0,0.0
5,142.0,142.0,0.997269549546639,sector_equal,1.0,0.0
5,142.0,142.0,0.997269549546639,district_diff,0.0,0.0
5,142.0,142.0,0.997269549546639,district_equal,1.0,0.0
5,142.0,142.0,0.997269549546639,month_diff,0.0,0.0
5,142.0,142.0,0.997269549546639,month_equal,1.0,0.0
5,142.0,142.0,0.997269549546639,nhh_diff,0.0,0.0
5,142.0,142.0,0.997269549546639,nhh_equal,1.0,0.0
5,142.0,142.0,0.997269549546639,person_serial_no_diff,0.0,0.0
5,142.0,142.0,0.997269549546639,person_serial_no_equal,1.0,0.0
5,142.0,142.0,0.997269549546639,reason_leave_school_diff,0.0,0.0
5,142.0,142.0,0.997269549546639,reason_leave_school_equal,1.0,0.0066633670285103285
5,142.0,142.0,0.997269549546639,hhno_match,0.0,0.0
5,142.0,142.0,0.997269549546639,psu_match,0.0,0.0
5,142.0,142.0,0.997269549546639,snumber_match,1.0,0.0
5,142.0,142.0,0.997269549546639,result_match,1.0,0.0
5,142.0,142.0,0.997269549546639,r2_school_education_match,1.0,0.0
5,142.0,142.0,0.997269549546639,type_of_school_match,1.0,0.0
5,142.0,142.0,0.997269549546639,grade_last_year_match,1.0,0.003208805869313602
5,142.0,142.0,0.997269549546639,grade_this_year_match,1.0,0.0
5,142.0,142.0,0.997269549546639,when_stop_schooling_match,0.0,0.0
5,142.0,142.0,0.997269549546639,noschooling_reason_match,1.0,0.0
5,142.0,142.0,0.997269549546639,time_to_school_match,1.0,0.003910491005197317
5,142.0,142.0,0.997269549546639,transport_medium_match,1.0,0.002940714836509694
5,142.0,142.0,0.997269549546639,distance_match,1.0,0.0
5,142.0,142.0,0.997269549546639,overall_similarity,0.8947368421052632,0.0
5,142.0,142.0,0.997269549546639,grade_last_year_diff,0.0,0.0
5,142.0,142.0,0.997269549546639,grade_last_year_equal,0.0,-0.004770154863377112
5,142.0,142.0,0.997269549546639,grade_this_year_diff,0.0,0.0
5,142.0,142.0,0.997269549546639,grade_this_year_equal,0.0,-0.004572230341094517
5,142.0,142.0,0.997269549546639,time_to_school_diff,0.0,0.0
5,142.0,142.0,0.997269549546639,time_to_school_equal,0.0,-0.003693189341394646
5,142.0,142.0,0.997269549546639,transport_medium_diff,0.0,0.0
5,142.0,142.0,0.997269549546639,transport_medium_equal,0.0,-0.002930804844213974
5,142.0,142.0,0.997269549546639,distance_diff,0.0,0.0
5,142.0,142.0,0.997269549546639,distance_equal,0.0,-0.005318365627381483
5,142.0,142.0,0.997269549546639,reason_leave_school_match,0.0,0.0
5,142.0,142.0,0.997269549546639,when_stop_schooling_diff,0.0,0.0
5,142.0,142.0,0.997269549546639,when_stop_schooling_equal,1.0,0.005604205455626778
5,142.0,142.0,0.997269549546639,sector_match,0.0,0.0
5,142.0,142.0,0.997269549546639,noschooling_reason_diff,0.0,0.0
5,142.0,142.0,0.997269549546639,noschooling_reason_equal,0.0,0.0
6,179.0,179.0,0.997269549546639,euclidean_distance,0.0,0.0
6,179.0,179.0,0.997269549546639,manhattan_distance,0.0,0.0
6,179.0,179.0,0.997269549546639,cosine_similarity,1.0,0.0
6,179.0,179.0,0.997269549546639,sector_diff,0.0,0.0
6,179.0,179.0,0.997269549546639,sector_equal,1.0,0.0
6,179.0,179.0,0.997269549546639,district_diff,0.0,0.0
6,179.0,179.0,0.997269549546639,district_equal,1.0,0.0
6,179.0,179.0,0.997269549546639,month_diff,0.0,0.0
6,179.0,179.0,0.997269549546639,month_equal,1.0,0.0
6,179.0,179.0,0.997269549546639,nhh_diff,0.0,0.0
6,179.0,179.0,0.997269549546639,nhh_equal,1.0,0.0
6,179.0,179.0,0.997269549546639,person_serial_no_diff,0.0,0.0
6,179.0,179.0,0.997269549546639,person_serial_no_equal,1.0,0.0
6,179.0,179.0,0.997269549546639,reason_leave_school_diff,0.0,0.0
6,179.0,179.0,0.997269549546639,reason_leave_school_equal,1.0,0.005896240802060382
6,179.0,179.0,0.997269549546639,hhno_match,0.0,0.0
6,179.0,179.0,0.997269549546639,psu_match,0.0,0.0
6,179.0,179.0,0.997269549546639,snumber_match,1.0,0.0
6,179.0,179.0,0.997269549546639,result_match,1.0,0.0
6,179.0,179.0,0.997269549546639,r2_school_education_match,1.0,0.0
6,179.0,179.0,0.997269549546639,type_of_school_match,1.0,0.0
6,179.0,179.0,0.997269549546639,grade_last_year_match,1.0,0.0
6,179.0,179.0,0.997269549546639,grade_this_year_match,1.0,0.002501969083033344
6,179.0,179.0,0.997269549546639,when_stop_schooling_match,0.0,0.0
6,179.0,179.0,0.997269549546639,noschooling_reason_match,1.0,0.0
6,179.0,179.0,0.997269549546639,time_to_school_match,1.0,0.002570528257595902
6,179.0,179.0,0.997269549546639,transport_medium_match,1.0,0.0023784552399739286
6,179.0,179.0,0.997269549546639,distance_match,1.0,0.002691704324985721
6,179.0,179.0,0.997269549546639,overall_similarity,0.8947368421052632,0.0
6,179.0,179.0,0.997269549546639,grade_last_year_diff,0.0,0.0
6,179.0,179.0,0.997269549546639,grade_last_year_equal,0.0,-0.005385773394040063
6,179.0,179.0,0.997269549546639,grade_this_year_diff,0.0,0.0
6,179.0,179.0,0.997269549546639,grade_this_year_equal,0.0,-0.00483926970624873
6,179.0,179.0,0.997269549546639,time_to_school_diff,0.0,0.0
6,179.0,179.0,0.997269549546639,time_to_school_equal,0.0,-0.004044313785648557
6,179.0,179.0,0.997269549546639,transport_medium_diff,0.0,0.0
6,179.0,179.0,0.997269549546639,transport_medium_equal,0.0,0.0
6,179.0,179.0,0.997269549546639,distance_diff,0.0,0.0
6,179.0,179.0,0.997269549546639,distance_equal,0.0,-0.005727141440787786
6,179.0,179.0,0.997269549546639,reason_leave_school_match,0.0,0.0
6,179.0,179.0,0.997269549546639,when_stop_schooling_diff,0.0,0.0
6,179.0,179.0,0.997269549546639,when_stop_schooling_equal,1.0,0.005000439796771846
6,179.0,179.0,0.997269549546639,sector_match,0.0,0.0
6,179.0,179.0,0.997269549546639,noschooling_reason_diff,0.0,0.0
6,179.0,179.0,0.997269549546639,noschooling_reason_equal,0.0,0.0
7,15.0,15.0,0.997269549546639,euclidean_distance,0.0,0.0
7,15.0,15.0,0.997269549546639,manhattan_distance,0.0,0.0
7,15.0,15.0,0.997269549546639,cosine_similarity,1.0,0.0
7,15.0,15.0,0.997269549546639,sector_diff,0.0,0.0
7,15.0,15.0,0.997269549546639,sector_equal,1.0,0.0
7,15.0,15.0,0.997269549546639,district_diff,0.0,0.0
7,15.0,15.0,0.997269549546639,district_equal,1.0,0.0
7,15.0,15.0,0.997269549546639,month_diff,0.0,0.0
7,15.0,15.0,0.997269549546639,month_equal,1.0,0.0
7,15.0,15.0,0.997269549546639,nhh_diff,0.0,0.0
7,15.0,15.0,0.997269549546639,nhh_equal,1.0,0.0
7,15.0,15.0,0.997269549546639,person_serial_no_diff,0.0,0.0
7,15.0,15.0,0.997269549546639,person_serial_no_equal,1.0,0.0
7,15.0,15.0,0.997269549546639,reason_leave_school_diff,0.0,0.0
7,15.0,15.0,0.997269549546639,reason_leave_school_equal,1.0,0.006280313136378554
7,15.0,15.0,0.997269549546639,hhno_match,0.0,0.0
7,15.0,15.0,0.997269549546639,psu_match,0.0,0.0
7,15.0,15.0,0.997269549546639,snumber_match,1.0,0.0
7,15.0,15.0,0.997269549546639,result_match,1.0,0.0
7,15.0,15.0,0.997269549546639,r2_school_education_match,1.0,0.0
7,15.0,15.0,0.997269549546639,type_of_school_match,1.0,0.0
7,15.0,15.0,0.997269549546639,grade_last_year_match,1.0,0.003207619373932113
7,15.0,15.0,0.997269549546639,grade_this_year_match,1.0,0.0034751945591748063
7,15.0,15.0,0.997269549546639,when_stop_schooling_match,0.0,0.0
7,15.0,15.0,0.997269549546639,noschooling_reason_match,1.0,0.0
7,15.0,15.0,0.997269549546639,time_to_school_match,1.0,0.0
7,15.0,15.0,0.997269549546639,transport_medium_match,1.0,0.003539559895596136
7,15.0,15.0,0.997269549546639,distance_match,1.0,0.0
7,15.0,15.0,0.997269549546639,overall_similarity,0.8947368421052632,0.0
7,15.0,15.0,0.997269549546639,grade_last_year_diff,0.0,0.0
7,15.0,15.0,0.997269549546639,grade_last_year_equal,0.0,-0.00465858025964591
7,15.0,15.0,0.997269549546639,grade_this_year_diff,0.0,0.0
7,15.0,15.0,0.997269549546639,grade_this_year_equal,0.0,-0.004941959199123712
7,15.0,15.0,0.997269549546639,time_to_school_diff,0.0,0.0
7,15.0,15.0,0.997269549546639,time_to_school_equal,0.0,-0.0032563182123150785
7,15.0,15.0,0.997269549546639,transport_medium_diff,0.0,0.0
7,15.0,15.0,0.997269549546639,transport_medium_equal,0.0,-0.0034303639063552023
7,15.0,15.0,0.997269549546639,distance_diff,0.0,0.0
7,15.0,15.0,0.997269549546639,distance_equal,0.0,-0.005313318622353626
7,15.0,15.0,0.997269549546639,reason_leave_school_match,0.0,0.0
7,15.0,15.0,0.997269549546639,when_stop_schooling_diff,0.0,0.0
7,15.0,15.0,0.997269549546639,when_stop_schooling_equal,1.0,0.006140692412407906
7,15.0,15.0,0.997269549546639,sector_match,0.0,0.0
7,15.0,15.0,0.997269549546639,noschooling_reason_diff,0.0,0.0
7,15.0,15.0,0.997269549546639,noschooling_reason_equal,0.0,0.0
8,182.0,182.0,0.997269549546639,euclidean_distance,0.0,0.0
8,182.0,182.0,0.997269549546639,manhattan_distance,0.0,0.0
8,182.0,182.0,0.997269549546639,cosine_similarity,1.0,0.0
8,182.0,182.0,0.997269549546639,sector_diff,0.0,0.0
8,182.0,182.0,0.997269549546639,sector_equal,1.0,0.0
8,182.0,182.0,0.997269549546639,district_diff,0.0,0.0
8,182.0,182.0,0.997269549546639,district_equal,1.0,0.0
8,182.0,182.0,0.997269549546639,month_diff,0.0,0.0
8,182.0,182.0,0.997269549546639,month_equal,1.0,0.0
8,182.0,182.0,0.997269549546639,nhh_diff,0.0,0.0
8,182.0,182.0,0.997269549546639,nhh_equal,1.0,0.0
8,182.0,182.0,0.997269549546639,person_serial_no_diff,0.0,0.0
8,182.0,182.0,0.997269549546639,person_serial_no_equal,1.0,0.0
8,182.0,182.0,0.997269549546639,reason_leave_school_diff,0.0,0.0
8,182.0,182.0,0.997269549546639,reason_leave_school_equal,1.0,0.006078396205284311
8,182.0,182.0,0.997269549546639,hhno_match,0.0,0.0
8,182.0,182.0,0.997269549546639,psu_match,0.0,0.0
8,182.0,182.0,0.997269549546639,snumber_match,1.0,0.0
8,182.0,182.0,0.997269549546639,result_match,1.0,0.0
8,182.0,182.0,0.997269549546639,r2_school_education_match,1.0,0.0
8,182.0,182.0,0.997269549546639,type_of_school_match,1.0,0.0
8,182.0,182.0,0.997269549546639,grade_last_year_match,1.0,0.0
8,182.0,182.0,0.997269549546639,grade_this_year_match,1.0,0.0031670711621703857
8,182.0,182.0,0.997269549546639,when_stop_schooling_match,0.0,0.0
8,182.0,182.0,0.997269549546639,noschooling_reason_match,1.0,0.0
8,182.0,182.0,0.997269549546639,time_to_school_match,1.0,0.0023009130086439965
8,182.0,182.0,0.997269549546639,transport_medium_match,1.0,0.002603648250280517
8,182.0,182.0,0.997269549546639,distance_match,1.0,0.0025614400022661945
8,182.0,182.0,0.997269549546639,overall_similarity,0.8947368421052632,0.0
8,182.0,182.0,0.997269549546639,grade_last_year_diff,0.0,0.0
8,182.0,182.0,0.997269549546639,grade_last_year_equal,0.0,-0.005250344090846665
8,182.0,182.0,0.997269549546639,grade_this_year_diff,0.0,0.0
8,182.0,182.0,0.997269549546639,grade_this_year_equal,0.0,-0.005365634571001846
8,182.0,182.0,0.997269549546639,time_to_school_diff,0.0,0.0
8,182.0,182.0,0.997269549546639,time_to_school_equal,0.0,-0.004196281437918281
8,182.0,182.0,0.997269549546639,transport_medium_diff,0.0,0.0
8,182.0,182.0,0.997269549546639,transport_medium_equal,0.0,0.0
8,182.0,182.0,0.997269549546639,distance_diff,0.0,0.0
8,182.0,182.0,0.997269549546639,distance_equal,0.0,-0.005711155269166356
8,182.0,182.0,0.997269549546639,reason_leave_school_match,0.0,0.0
8,182.0,182.0,0.997269549546639,when_stop_schooling_diff,0.0,0.0
8,182.0,182.0,0.997269549546639,when_stop_schooling_equal,1.0,0.00485478591798373
8,182.0,182.0,0.997269549546639,sector_match,0.0,0.0
8,182.0,182.0,0.997269549546639,noschooling_reason_diff,0.0,0.0
8,182.0,182.0,0.997269549546639,noschooling_reason_equal,0.0,0.0
9,73.0,73.0,0.997269549546639,euclidean_distance,0.0,0.0
9,73.0,73.0,0.997269549546639,manhattan_distance,0.0,0.0
9,73.0,73.0,0.997269549546639,cosine_similarity,1.0,0.0
9,73.0,73.0,0.997269549546639,sector_diff,0.0,0.0
9,73.0,73.0,0.997269549546639,sector_equal,1.0,0.0
9,73.0,73.0,0.997269549546639,district_diff,0.0,0.0
9,73.0,73.0,0.997269549546639,district_equal,1.0,0.0
9,73.0,73.0,0.997269549546639,month_diff,0.0,0.0
9,73.0,73.0,0.997269549546639,month_equal,1.0,0.0
9,73.0,73.0,0.997269549546639,nhh_diff,0.0,0.0
9,73.0,73.0,0.997269549546639,nhh_equal,1.0,0.0
9,73.0,73.0,0.997269549546639,person_serial_no_diff,0.0,0.0
9,73.0,73.0,0.997269549546639,person_serial_no_equal,1.0,0.0
9,73.0,73.0,0.997269549546639,reason_leave_school_diff,0.0,0.0
9,73.0,73.0,0.997269549546639,reason_leave_school_equal,1.0,0.005604904275417948
9,73.0,73.0,0.997269549546639,hhno_match,0.0,0.0
9,73.0,73.0,0.997269549546639,psu_match,0.0,0.0
9,73.0,73.0,0.997269549546639,snumber_match,1.0,0.0
9,73.0,73.0,0.997269549546639,result_match,1.0,0.0
9,73.0,73.0,0.997269549546639,r2_school_education_match,1.0,0.0
9,73.0,73.0,0.997269549546639,type_of_school_match,1.0,0.0
9,73.0,73.0,0.997269549546639,grade_last_year_match,1.0,0.002360677700079252
9,73.0,73.0,0.997269549546639,grade_this_year_match,1.0,0.002163510005042342
9,73.0,73.0,0.997269549546639,when_stop_schooling_match,0.0,0.0
9,73.0,73.0,0.997269549546639,noschooling_reason_match,1.0,0.0
9,73.0,73.0,0.997269549546639,time_to_school_match,1.0,0.0026114990202960055
9,73.0,73.0,0.997269549546639,transport_medium_match,1.0,0.0024303496990262176
9,73.0,73.0,0.997269549546639,distance_match,1.0,0.0
9,73.0,73.0,0.997269549546639,overall_similarity,0.8947368421052632,0.0
9,73.0,73.0,0.997269549546639,grade_last_year_diff,0.0,0.0
9,73.0,73.0,0.997269549546639,grade_last_year_equal,0.0,-0.004838571158216489
9,73.0,73.0,0.997269549546639,grade_this_year_diff,0.0,0.0
9,73.0,73.0,0.997269549546639,grade_this_year_equal,0.0,-0.004691831595752651
9,73.0,73.0,0.997269549546639,time_to_school_diff,0.0,0.0
9,73.0,73.0,0.997269549546639,time_to_school_equal,0.0,-0.0036721433824433783
9,73.0,73.0,0.997269549546639,transport_medium_diff,0.0,0.0
9,73.0,73.0,0.997269549546639,transport_medium_equal,0.0,0.0
9,73.0,73.0,0.997269549546639,distance_diff,0.0,0.0
9,73.0,73.0,0.997269549546639,distance_equal,0.0,-0.0056601129408826376
9,73.0,73.0,0.997269549546639,reason_leave_school_match,0.0,0.0
9,73.0,73.0,0.997269549546639,when_stop_schooling_diff,0.0,0.0
9,73.0,73.0,0.997269549546639,when_stop_schooling_equal,1.0,0.004734557555129377
9,73.0,73.0,0.997269549546639,sector_match,0.0,0.0
9,73.0,73.0,0.997269549546639,noschooling_reason_diff,0.0,0.0
9,73.0,73.0,0.997269549546639,noschooling_reason_equal,0.0,0.0
10,209.0,209.0,0.997269549546639,euclidean_distance,0.0,0.0
10,209.0,209.0,0.997269549546639,manhattan_distance,0.0,0.0
10,209.0,209.0,0.997269549546639,cosine_similarity,1.0,0.0
10,209.0,209.0,0.997269549546639,sector_diff,0.0,0.0
10,209.0,209.0,0.997269549546639,sector_equal,1.0,0.0
10,209.0,209.0,0.997269549546639,district_diff,0.0,0.0
10,209.0,209.0,0.997269549546639,district_equal,1.0,0.0
10,209.0,209.0,0.997269549546639,month_diff,0.0,0.0
10,209.0,209.0,0.997269549546639,month_equal,1.0,0.0
10,209.0,209.0,0.997269549546639,nhh_diff,0.0,0.0
10,209.0,209.0,0.997269549546639,nhh_equal,1.0,0.0
10,209.0,209.0,0.997269549546639,person_serial_no_diff,0.0,0.0
10,209.0,209.0,0.997269549546639,person_serial_no_equal,1.0,0.0
10,209.0,209.0,0.997269549546639,reason_leave_school_diff,0.0,0.0
10,209.0,209.0,0.997269549546639,reason_leave_school_equal,1.0,0.005673393308858194
10,209.0,209.0,0.997269549546639,hhno_match,0.0,0.0
10,209.0,209.0,0.997269549546639,psu_match,0.0,0.0
10,209.0,209.0,0.997269549546639,snumber_match,1.0,0.0
10,209.0,209.0,0.997269549546639,result_match,1.0,0.0
10,209.0,209.0,0.997269549546639,r2_school_education_match,1.0,0.0
10,209.0,209.0,0.997269549546639,type_of_school_match,1.0,0.0
10,209.0,209.0,0.997269549546639,grade_last_year_match,1.0,0.0023265035265159074
10,209.0,209.0,0.997269549546639,grade_this_year_match,1.0,0.0027315414395500033
10,209.0,209.0,0.997269549546639,when_stop_schooling_match,0.0,0.0
10,209.0,209.0,0.997269549546639,noschooling_reason_match,1.0,0.0
10,209.0,209.0,0.997269549546639,time_to_school_match,1.0,0.0
10,209.0,209.0,0.997269549546639,transport_medium_match,1.0,0.0021887452714811476
10,209.0,209.0,0.997269549546639,distance_match,1.0,0.002689212763359384
10,209.0,209.0,0.997269549546639,overall_similarity,0.8947368421052632,0.0
10,209.0,209.0,0.997269549546639,grade_last_year_diff,0.0,0.0
10,209.0,209.0,0.997269549546639,grade_last_year_equal,0.0,-0.004743008051347237
10,209.0,209.0,0.997269549546639,grade_this_year_diff,0.0,0.0
10,209.0,209.0,0.997269549546639,grade_this_year_equal,0.0,-0.0050579485334229304
10,209.0,209.0,0.997269549546639,time_to_school_diff,0.0,0.0
10,209.0,209.0,0.997269549546639,time_to_school_equal,0.0,-0.0037302093701006263
10,209.0,209.0,0.997269549546639,transport_medium_diff,0.0,0.0
10,209.0,209.0,0.997269549546639,transport_medium_equal,0.0,0.0
10,209.0,209.0,0.997269549546639,distance_diff,0.0,0.0
10,209.0,209.0,0.997269549546639,distance_equal,0.0,-0.005940292950819883
10,209.0,209.0,0.997269549546639,reason_leave_school_match,0.0,0.0
10,209.0,209.0,0.997269549546639,when_stop_schooling_diff,0.0,0.0
10,209.0,209.0,0.997269549546639,when_stop_schooling_equal,1.0,0.004904901773622027
10,209.0,209.0,0.997269549546639,sector_match,0.0,0.0
10,209.0,209.0,0.997269549546639,noschooling_reason_diff,0.0,0.0
10,209.0,209.0,0.997269549546639,noschooling_reason_equal,0.0,0.0
11,45.0,45.0,0.997269549546639,euclidean_distance,0.0,0.0
11,45.0,45.0,0.997269549546639,manhattan_distance,0.0,0.0
11,45.0,45.0,0.997269549546639,cosine_similarity,1.0,0.0
11,45.0,45.0,0.997269549546639,sector_diff,0.0,0.0
11,45.0,45.0,0.997269549546639,sector_equal,1.0,0.0
11,45.0,45.0,0.997269549546639,district_diff,0.0,0.0
11,45.0,45.0,0.997269549546639,district_equal,1.0,0.0
11,45.0,45.0,0.997269549546639,month_diff,0.0,0.0
11,45.0,45.0,0.997269549546639,month_equal,1.0,0.0
11,45.0,45.0,0.997269549546639,nhh_diff,0.0,0.0
11,45.0,45.0,0.997269549546639,nhh_equal,1.0,0.0
11,45.0,45.0,0.997269549546639,person_serial_no_diff,0.0,0.0
11,45.0,45.0,0.997269549546639,person_serial_no_equal,1.0,0.0
11,45.0,45.0,0.997269549546639,reason_leave_school_diff,0.0,0.0
11,45.0,45.0,0.997269549546639,reason_leave_school_equal,1.0,0.006014789286018153
11,45.0,45.0,0.997269549546639,hhno_match,0.0,0.0
11,45.0,45.0,0.997269549546639,psu_match,0.0,0.0
11,45.0,45.0,0.997269549546639,snumber_match,1.0,0.0
11,45.0,45.0,0.997269549546639,result_match,1.0,0.0
11,45.0,45.0,0.997269549546639,r2_school_education_match,1.0,0.0
11,45.0,45.0,0.997269549546639,type_of_school_match,1.0,0.0
11,45.0,45.0,0.997269549546639,grade_last_year_match,1.0,0.0027614422101207335
11,45.0,45.0,0.997269549546639,grade_this_year_match,1.0,0.002914018166326988
11,45.0,45.0,0.997269549546639,when_stop_schooling_match,0.0,0.0
11,45.0,45.0,0.997269549546639,noschooling_reason_match,1.0,0.0
11,45.0,45.0,0.997269549546639,time_to_school_match,1.0,0.0027138429837311145
11,45.0,45.0,0.997269549546639,transport_medium_match,1.0,0.0026437083818412637
11,45.0,45.0,0.997269549546639,distance_match,1.0,0.0
11,45.0,45.0,0.997269549546639,overall_similarity,0.8947368421052632,0.0
11,45.0,45.0,0.997269549546639,grade_last_year_diff,0.0,0.0
11,45.0,45.0,0.997269549546639,grade_last_year_equal,0.0,-0.005558337267311893
11,45.0,45.0,0.997269549546639,grade_this_year_diff,0.0,0.0
11,45.0,45.0,0.997269549546639,grade_this_year_equal,0.0,-0.005175924468166562
11,45.0,45.0,0.997269549546639,time_to_school_diff,0.0,0.0
11,45.0,45.0,0.997269549546639,time_to_school_equal,0.0,-0.003923920169517064
11,45.0,45.0,0.997269549546639,transport_medium_diff,0.0,0.0
11,45.0,45.0,0.997269549546639,transport_medium_equal,0.0,0.0
11,45.0,45.0,0.997269549546639,distance_diff,0.0,0.0
11,45.0,45.0,0.997269549546639,distance_equal,0.0,-0.006029810031265873
11,45.0,45.0,0.997269549546639,reason_leave_school_match,0.0,0.0
11,45.0,45.0,0.997269549546639,when_stop_schooling_diff,0.0,0.0
11,45.0,45.0,0.997269549546639,when_stop_schooling_equal,1.0,0.0046830300859191255
11,45.0,45.0,0.997269549546639,sector_match,0.0,0.0
11,45.0,45.0,0.997269549546639,noschooling_reason_diff,0.0,0.0
11,45.0,45.0,0.997269549546639,noschooling_reason_equal,0.0,0.0
12,24.0,24.0,0.997269549546639,euclidean_distance,0.0,0.0
12,24.0,24.0,0.997269549546639,manhattan_distance,0.0,0.0
12,24.0,24.0,0.997269549546639,cosine_similarity,1.0,0.0
12,24.0,24.0,0.997269549546639,sector_diff,0.0,0.0
12,24.0,24.0,0.997269549546639,sector_equal,1.0,0.0
12,24.0,24.0,0.997269549546639,district_diff,0.0,0.0
12,24.0,24.0,0.997269549546639,district_equal,1.0,0.0
12,24.0,24.0,0.997269549546639,month_diff,0.0,0.0
12,24.0,24.0,0.997269549546639,month_equal,1.0,0.0
12,24.0,24.0,0.997269549546639,nhh_diff,0.0,0.0
12,24.0,24.0,0.997269549546639,nhh_equal,1.0,0.0
12,24.0,24.0,0.997269549546639,person_serial_no_diff,0.0,0.0
12,24.0,24.0,0.997269549546639,person_serial_no_equal,1.0,0.0
12,24.0,24.0,0.997269549546639,reason_leave_school_diff,0.0,0.0
12,24.0,24.0,0.997269549546639,reason_leave_school_equal,1.0,0.0056344526594774525
12,24.0,24.0,0.997269549546639,hhno_match,0.0,0.0
12,24.0,24.0,0.997269549546639,psu_match,0.0,0.0
12,24.0,24.0,0.997269549546639,snumber_match,1.0,0.0
12,24.0,24.0,0.997269549546639,result_match,1.0,0.0
12,24.0,24.0,0.997269549546639,r2_school_education_match,1.0,0.0
12,24.0,24.0,0.997269549546639,type_of_school_match,1.0,0.0
12,24.0,24.0,0.997269549546639,grade_last_year_match,1.0,0.0028155835675272153
12,24.0,24.0,0.997269549546639,grade_this_year_match,1.0,0.0
12,24.0,24.0,0.997269549546639,when_stop_schooling_match,0.0,0.0
12,24.0,24.0,0.997269549546639,noschooling_reason_match,1.0,0.0
12,24.0,24.0,0.997269549546639,time_to_school_match,1.0,0.0022827945824543667
12,24.0,24.0,0.997269549546639,transport_medium_match,1.0,0.0023506981902454717
12,24.0,24.0,0.997269549546639,distance_match,1.0,0.0026738524217532343
12,24.0,24.0,0.997269549546639,overall_similarity,0.8947368421052632,0.0
12,24.0,24.0,0.997269549546639,grade_last_year_diff,0.0,0.0
12,24.0,24.0,0.997269549546639,grade_last_year_equal,0.0,-0.004928221005900408
12,24.0,24.0,0.997269549546639,grade_this_year_diff,0.0,0.0
12,24.0,24.0,0.997269549546639,grade_this_year_equal,0.0,-0.004864691009416793
12,24.0,24.0,0.997269549546639,time_to_school_diff,0.0,0.0
12,24.0,24.0,0.997269549546639,time_to_school_equal,0.0,-0.0036305171057372586
12,24.0,24.0,0.997269549546639,transport_medium_diff,0.0,0.0
12,24.0,24.0,0.997269549546639,transport_medium_equal,0.0,0.0
12,24.0,24.0,0.997269549546639,distance_diff,0.0,0.0
12,24.0,24.0,0.997269549546639,distance_equal,0.0,-0.005870433540907261
12,24.0,24.0,0.997269549546639,reason_leave_school_match,0.0,0.0
12,24.0,24.0,0.997269549546639,when_stop_schooling_diff,0.0,0.0
12,24.0,24.0,0.997269549546639,when_stop_schooling_equal,1.0,0.004579320418199967
12,24.0,24.0,0.997269549546639,sector_match,0.0,0.0
12,24.0,24.0,0.997269549546639,noschooling_reason_diff,0.0,0.0
12,24.0,24.0,0.997269549546639,noschooling_reason_equal,0.0,0.0
13,85.0,85.0,0.997269549546639,euclidean_distance,0.0,0.0
13,85.0,85.0,0.997269549546639,manhattan_distance,0.0,0.0
13,85.0,85.0,0.997269549546639,cosine_similarity,1.0,0.0
13,85.0,85.0,0.997269549546639,sector_diff,0.0,0.0
13,85.0,85.0,0.997269549546639,sector_equal,1.0,0.0
13,85.0,85.0,0.997269549546639,district_diff,0.0,0.0
13,85.0,85.0,0.997269549546639,district_equal,1.0,0.0
13,85.0,85.0,0.997269549546639,month_diff,0.0,0.0
13,85.0,85.0,0.997269549546639,month_equal,1.0,0.0
13,85.0,85.0,0.997269549546639,nhh_diff,0.0,0.0
13,85.0,85.0,0.997269549546639,nhh_equal,1.0,0.0
13,85.0,85.0,0.997269549546639,person_serial_no_diff,0.0,0.0
13,85.0,85.0,0.997269549546639,person_serial_no_equal,1.0,0.0
13,85.0,85.0,0.997269549546639,reason_leave_school_diff,0.0,0.0
13,85.0,85.0,0.997269549546639,reason_leave_school_equal,1.0,0.0052705618065647395
13,85.0,85.0,0.997269549546639,hhno_match,0.0,0.0
13,85.0,85.0,0.997269549546639,psu_match,0.0,0.0
13,85.0,85.0,0.997269549546639,snumber_match,1.0,0.0
13,85.0,85.0,0.997269549546639,result_match,1.0,0.0
13,85.0,85.0,0.997269549546639,r2_school_education_match,1.0,0.0
13,85.0,85.0,0.997269549546639,type_of_school_match,1.0,0.0
13,85.0,85.0,0.997269549546639,grade_last_year_match,1.0,0.002539592965525004
13,85.0,85.0,0.997269549546639,grade_this_year_match,1.0,0.0
13,85.0,85.0,0.997269549546639,when_stop_schooling_match,0.0,0.0
13,85.0,85.0,0.997269549546639,noschooling_reason_match,1.0,0.0
13,85.0,85.0,0.997269549546639,time_to_school_match,1.0,0.0027565058276359682
13,85.0,85.0,0.997269549546639,transport_medium_match,1.0,0.0029297569667607708
13,85.0,85.0,0.997269549546639,distance_match,1.0,0.0025824476397392744
13,85.0,85.0,0.997269549546639,overall_similarity,0.8947368421052632,0.0
13,85.0,85.0,0.997269549546639,grade_last_year_diff,0.0,0.0
13,85.0,85.0,0.997269549546639,grade_last_year_equal,0.0,-0.005077645708161953
13,85.0,85.0,0.997269549546639,grade_this_year_diff,0.0,0.0
13,85.0,85.0,0.997269549546639,grade_this_year_equal,0.0,-0.005054449138457728
13,85.0,85.0,0.997269549546639,time_to_school_diff,0.0,0.0
13,85.0,85.0,0.997269549546639,time_to_school_equal,0.0,-0.00407518358470612
13,85.0,85.0,0.997269549546639,transport_medium_diff,0.0,0.0
13,85.0,85.0,0.997269549546639,transport_medium_equal,0.0,0.0
13,85.0,85.0,0.997269549546639,distance_diff,0.0,0.0
13,85.0,85.0,0.997269549546639,distance_equal,0.0,-0.005830275049994787
13,85.0,85.0,0.997269549546639,reason_leave_school_match,0.0,0.0
13,85.0,85.0,0.997269549546639,when_stop_schooling_diff,0.0,0.0
13,85.0,85.0,0.997269549546639,when_stop_schooling_equal,1.0,0.005001527452790817
13,85.0,85.0,0.997269549546639,sector_match,0.0,0.0
13,85.0,85.0,0.997269549546639,noschooling_reason_diff,0.0,0.0
13,85.0,85.0,0.997269549546639,noschooling_reason_equal,0.0,0.0
14,79.0,79.0,0.997269549546639,euclidean_distance,0.0,0.0
14,79.0,79.0,0.997269549546639,manhattan_distance,0.0,0.0
14,79.0,79.0,0.997269549546639,cosine_similarity,1.0,0.0
14,79.0,79.0,0.997269549546639,sector_diff,0.0,0.0
14,79.0,79.0,0.997269549546639,sector_equal,1.0,0.0
14,79.0,79.0,0.997269549546639,district_diff,0.0,0.0
14,79.0,79.0,0.997269549546639,district_equal,1.0,0.0
14,79.0,79.0,0.997269549546639,month_diff,0.0,0.0
14,79.0,79.0,0.997269549546639,month_equal,1.0,0.0
14,79.0,79.0,0.997269549546639,nhh_diff,0.0,0.0
14,79.0,79.0,0.997269549546639,nhh_equal,1.0,0.0
14,79.0,79.0,0.997269549546639,person_serial_no_diff,0.0,0.0
14,79.0,79.0,0.997269549546639,person_serial_no_equal,1.0,0.0
14,79.0,79.0,0.997269549546639,reason_leave_school_diff,0.0,0.0
14,79.0,79.0,0.997269549546639,reason_leave_school_equal,1.0,0.005769720038235236
14,79.0,79.0,0.997269549546639,hhno_match,0.0,0.0
14,79.0,79.0,0.997269549546639,psu_match,0.0,0.0
14,79.0,79.0,0.997269549546639,snumber_match,1.0,0.0
14,79.0,79.0,0.997269549546639,result_match,1.0,0.0
14,79.0,79.0,0.997269549546639,r2_school_education_match,1.0,0.0
14,79.0,79.0,0.997269549546639,type_of_school_match,1.0,0.0
14,79.0,79.0,0.997269549546639,grade_last_year_match,1.0,0.0029022929433957434
14,79.0,79.0,0.997269549546639,grade_this_year_match,1.0,0.0
14,79.0,79.0,0.997269549546639,when_stop_schooling_match,0.0,0.0
14,79.0,79.0,0.997269549546639,noschooling_reason_match,1.0,0.0
14,79.0,79.0,0.997269549546639,time_to_school_match,1.0,0.003248962160781535
14,79.0,79.0,0.997269549546639,transport_medium_match,1.0,0.0030044493597943538
14,79.0,79.0,0.997269549546639,distance_match,1.0,0.0
14,79.0,79.0,0.997269549546639,overall_similarity,0.8947368421052632,0.0
14,79.0,79.0,0.997269549546639,grade_last_year_diff,0.0,0.0
14,79.0,79.0,0.997269549546639,grade_last_year_equal,0.0,-0.004211782204551892
14,79.0,79.0,0.997269549546639,grade_this_year_diff,0.0,0.0
14,79.0,79.0,0.997269549546639,grade_this_year_equal,0.0,-0.004030961281456571
14,79.0,79.0,0.997269549546639,time_to_school_diff,0.0,0.0
14,79.0,79.0,0.997269549546639,time_to_school_equal,0.0,-0.0029980651108761944
14,79.0,79.0,0.997269549546639,transport_medium_diff,0.0,0.0
14,79.0,79.0,0.997269549546639,transport_medium_equal,0.0,-0.0029326514768854366
14,79.0,79.0,0.997269549546639,distance_diff,0.0,0.0
14,79.0,79.0,0.997269549546639,distance_equal,0.0,-0.004635262096009107
14,79.0,79.0,0.997269549546639,reason_leave_school_match,0.0,0.0
14,79.0,79.0,0.997269549546639,when_stop_schooling_diff,0.0,0.0
14,79.0,79.0,0.997269549546639,when_stop_schooling_equal,1.0,0.00492613684526832
14,79.0,79.0,0.997269549546639,sector_match,0.0,0.0
14,79.0,79.0,0.997269549546639,noschooling_reason_diff,0.0,0.0
14,79.0,79.0,0.997269549546639,noschooling_reason_equal,0.0,0.0
15,141.0,141.0,0.997269549546639,euclidean_distance,0.0,0.0
15,141.0,141.0,0.997269549546639,manhattan_distance,0.0,0.0
15,141.0,141.0,0.997269549546639,cosine_similarity,1.0,0.0
15,141.0,141.0,0.997269549546639,sector_diff,0.0,0.0
15,141.0,141.0,0.997269549546639,sector_equal,1.0,0.0
15,141.0,141.0,0.997269549546639,district_diff,0.0,0.0
15,141.0,141.0,0.997269549546639,district_equal,1.0,0.0
15,141.0,141.0,0.997269549546639,month_diff,0.0,0.0
15,141.0,141.0,0.997269549546639,month_equal,1.0,0.0
15,141.0,141.0,0.997269549546639,nhh_diff,0.0,0.0
15,141.0,141.0,0.997269549546639,nhh_equal,1.0,0.0
15,141.0,141.0,0.997269549546639,person_serial_no_diff,0.0,0.0
15,141.0,141.0,0.997269549546639,person_serial_no_equal,1.0,0.0
15,141.0,141.0,0.997269549546639,reason_leave_school_diff,0.0,0.0
15,141.0,141.0,0.997269549546639,reason_leave_school_equal,1.0,0.006831766644530446
15,141.0,141.0,0.997269549546639,hhno_match,0.0,0.0
15,141.0,141.0,0.997269549546639,psu_match,0.0,0.0
15,141.0,141.0,0.997269549546639,snumber_match,1.0,0.0
15,141.0,141.0,0.997269549546639,result_match,1.0,0.0
15,141.0,141.0,0.997269549546639,r2_school_education_match,1.0,0.0
15,141.0,141.0,0.997269549546639,type_of_school_match,1.0,0.0
15,141.0,141.0,0.997269549546639,grade_last_year_match,1.0,0.0
15,141.0,141.0,0.997269549546639,grade_this_year_match,1.0,0.003721123059530161
15,141.0,141.0,0.997269549546639,when_stop_schooling_match,0.0,0.0
15,141.0,141.0,0.997269549546639,noschooling_reason_match,1.0,0.0
15,141.0,141.0,0.997269549546639,time_to_school_match,1.0,0.0034470920794750187
15,141.0,141.0,0.997269549546639,transport_medium_match,1.0,0.0
15,141.0,141.0,0.997269549546639,distance_match,1.0,0.0
15,141.0,141.0,0.997269549546639,overall_similarity,0.8947368421052632,0.0
15,141.0,141.0,0.997269549546639,grade_last_year_diff,0.0,0.0
15,141.0,141.0,0.997269549546639,grade_last_year_equal,0.0,-0.0051629418263994175
15,141.0,141.0,0.997269549546639,grade_this_year_diff,0.0,0.0
15,141.0,141.0,0.997269549546639,grade_this_year_equal,0.0,-0.004855407047119594
15,141.0,141.0,0.997269549546639,time_to_school_diff,0.0,0.0
15,141.0,141.0,0.997269549546639,time_to_school_equal,0.0,-0.003463037366527687
15,141.0,141.0,0.997269549546639,transport_medium_diff,0.0,0.0
15,141.0,141.0,0.997269549546639,transport_medium_equal,0.0,-0.0031848312830581576
15,141.0,141.0,0.997269549546639,distance_diff,0.0,0.0
15,141.0,141.0,0.997269549546639,distance_equal,0.0,-0.005295142857828848
15,141.0,141.0,0.997269549546639,reason_leave_school_match,0.0,0.0029850905224502494
15,141.0,141.0,0.997269549546639,when_stop_schooling_diff,0.0,0.0
15,141.0,141.0,0.997269549546639,when_stop_schooling_equal,1.0,0.006019127252643816
15,141.0,141.0,0.997269549546639,sector_match,0.0,0.0
15,141.0,141.0,0.997269549546639,noschooling_reason_diff,0.0,0.0
15,141.0,141.0,0.997269549546639,noschooling_reason_equal,0.0,0.0
16,183.0,183.0,0.997269549546639,euclidean_distance,0.0,0.0
16,183.0,183.0,0.997269549546639,manhattan_distance,0.0,0.0
16,183.0,183.0,0.997269549546639,cosine_similarity,1.0,0.0
16,183.0,183.0,0.997269549546639,sector_diff,0.0,0.0
16,183.0,183.0,0.997269549546639,sector_equal,1.0,0.0
16,183.0,183.0,0.997269549546639,district_diff,0.0,0.0
16,183.0,183.0,0.997269549546639,district_equal,1.0,0.0
16,183.0,183.0,0.997269549546639,month_diff,0.0,0.0
16,183.0,183.0,0.997269549546639,month_equal,1.0,0.0
16,183.0,183.0,0.997269549546639,nhh_diff,0.0,0.0
16,183.0,183.0,0.997269549546639,nhh_equal,1.0,0.0
16,183.0,183.0,0.997269549546639,person_serial_no_diff,0.0,0.0
16,183.0,183.0,0.997269549546639,person_serial_no_equal,1.0,0.0
16,183.0,183.0,0.997269549546639,reason_leave_school_diff,0.0,0.0
16,183.0,183.0,0.997269549546639,reason_leave_school_equal,1.0,0.006267053181662102
16,183.0,183.0,0.997269549546639,hhno_match,0.0,0.0
16,183.0,183.0,0.997269549546639,psu_match,0.0,0.0
16,183.0,183.0,0.997269549546639,snumber_match,1.0,0.0
16,183.0,183.0,0.997269549546639,result_match,1.0,0.0
16,183.0,183.0,0.997269549546639,r2_school_education_match,1.0,0.0
16,183.0,183.0,0.997269549546639,type_of_school_match,1.0,0.0
16,183.0,183.0,0.997269549546639,grade_last_year_match,1.0,0.0
16,183.0,183.0,0.997269549546639,grade_this_year_match,1.0,0.003019059397594614
16,183.0,183.0,0.997269549546639,when_stop_schooling_match,0.0,0.0
16,183.0,183.0,0.997269549546639,noschooling_reason_match,1.0,0.0
16,183.0,183.0,0.997269549546639,time_to_school_match,1.0,0.003420900051130881
16,183.0,183.0,0.997269549546639,transport_medium_match,1.0,0.0
16,183.0,183.0,0.997269549546639,distance_match,1.0,0.003118773845543317
16,183.0,183.0,0.997269549546639,overall_similarity,0.8947368421052632,0.0
16,183.0,183.0,0.997269549546639,grade_last_year_diff,0.0,0.0
16,183.0,183.0,0.997269549546639,grade_last_year_equal,0.0,-0.004477423866232576
16,183.0,183.0,0.997269549546639,grade_this_year_diff,0.0,0.0
16,183.0,183.0,0.997269549546639,grade_this_year_equal,0.0,-0.004433333322185154
16,183.0,183.0,0.997269549546639,time_to_school_diff,0.0,0.0
16,183.0,183.0,0.997269549546639,time_to_school_equal,0.0,-0.0031164245044572447
16,183.0,183.0,0.997269549546639,transport_medium_diff,0.0,0.0
16,183.0,183.0,0.997269549546639,transport_medium_equal,0.0,-0.0031345774340168606
16,183.0,183.0,0.997269549546639,distance_diff,0.0,0.0
16,183.0,183.0,0.997269549546639,distance_equal,0.0,-0.005302858299429695
16,183.0,183.0,0.997269549546639,reason_leave_school_match,0.0,0.0
16,183.0,183.0,0.997269549546639,when_stop_schooling_diff,0.0,0.0
16,183.0,183.0,0.997269549546639,when_stop_schooling_equal,1.0,0.005681670128086602
16,183.0,183.0,0.997269549546639,sector_match,0.0,0.0
16,183.0,183.0,0.997269549546639,noschooling_reason_diff,0.0,0.0
16,183.0,183.0,0.997269549546639,noschooling_reason_equal,0.0,0.0
17,581.0,581.0,0.997269549546639,euclidean_distance,0.0,0.0
17,581.0,581.0,0.997269549546639,manhattan_distance,0.0,0.0
17,581.0,581.0,0.997269549546639,cosine_similarity,1.0,0.0
17,581.0,581.0,0.997269549546639,sector_diff,0.0,0.0
17,581.0,581.0,0.997269549546639,sector_equal,1.0,0.0
17,581.0,581.0,0.997269549546639,district_diff,0.0,0.0
17,581.0,581.0,0.997269549546639,district_equal,1.0,0.0
17,581.0,581.0,0.997269549546639,month_diff,0.0,0.0
17,581.0,581.0,0.997269549546639,month_equal,1.0,0.0
17,581.0,581.0,0.997269549546639,nhh_diff,0.0,0.0
17,581.0,581.0,0.997269549546639,nhh_equal,1.0,0.0
17,581.0,581.0,0.997269549546639,person_serial_no_diff,0.0,0.0
17,581.0,581.0,0.997269549546639,person_serial_no_equal,1.0,0.0
17,581.0,581.0,0.997269549546639,reason_leave_school_diff,0.0,0.0
17,581.0,581.0,0.997269549546639,reason_leave_school_equal,1.0,0.006039464710225469
17,581.0,581.0,0.997269549546639,hhno_match,0.0,0.0
17,581.0,581.0,0.997269549546639,psu_match,0.0,0.0
17,581.0,581.0,0.997269549546639,snumber_match,1.0,0.0
17,581.0,581.0,0.997269549546639,result_match,1.0,0.0
17,581.0,581.0,0.997269549546639,r2_school_education_match,1.0,0.0
17,581.0,581.0,0.997269549546639,type_of_school_match,1.0,0.0
17,581.0,581.0,0.997269549546639,grade_last_year_match,1.0,0.0034556822770956523
17,581.0,581.0,0.997269549546639,grade_this_year_match,1.0,0.0
17,581.0,581.0,0.997269549546639,when_stop_schooling_match,0.0,0.0
17,581.0,581.0,0.997269549546639,noschooling_reason_match,1.0,0.0
17,581.0,581.0,0.997269549546639,time_to_school_match,1.0,0.0
17,581.0,581.0,0.997269549546639,transport_medium_match,1.0,0.0034181731263073735
17,581.0,581.0,0.997269549546639,distance_match,1.0,0.0030634121960843802
17,581.0,581.0,0.997269549546639,overall_similarity,0.8947368421052632,0.0
17,581.0,581.0,0.997269549546639,grade_last_year_diff,0.0,0.0
17,581.0,581.0,0.997269549546639,grade_last_year_equal,0.0,-0.004679762677105098
17,581.0,581.0,0.997269549546639,grade_this_year_diff,0.0,0.0
17,581.0,581.0,0.997269549546639,grade_this_year_equal,0.0,-0.004485570853436336
17,581.0,581.0,0.997269549546639,time_to_school_diff,0.0,0.0
17,581.0,581.0,0.997269549546639,time_to_school_equal,0.0,-0.0032128651231466405
17,581.0,581.0,0.997269549546639,transport_medium_diff,0.0,0.0
17,581.0,581.0,0.997269549546639,transport_medium_equal,0.0,-0.00281129422416472
17,581.0,581.0,0.997269549546639,distance_diff,0.0,0.0
17,581.0,581.0,0.997269549546639,distance_equal,0.0,-0.005157352374893894
17,581.0,581.0,0.997269549546639,reason_leave_school_match,0.0,0.0
17,581.0,581.0,0.997269549546639,when_stop_schooling_diff,0.0,0.0
17,581.0,581.0,0.997269549546639,when_stop_schooling_equal,1.0,0.005412952120729801
17,581.0,581.0,0.997269549546639,sector_match,0.0,0.0
17,581.0,581.0,0.997269549546639,noschooling_reason_diff,0.0,0.0
17,581.0,581.0,0.997269549546639,noschooling_reason_equal,0.0,0.0
18,201.0,201.0,0.997269549546639,euclidean_distance,0.0,0.0
18,201.0,201.0,0.997269549546639,manhattan_distance,0.0,0.0
18,201.0,201.0,0.997269549546639,cosine_similarity,1.0,0.0
18,201.0,201.0,0.997269549546639,sector_diff,0.0,0.0
18,201.0,201.0,0.997269549546639,sector_equal,1.0,0.0
18,201.0,201.0,0.997269549546639,district_diff,0.0,0.0
18,201.0,201.0,0.997269549546639,district_equal,1.0,0.0
18,201.0,201.0,0.997269549546639,month_diff,0.0,0.0
18,201.0,201.0,0.997269549546639,month_equal,1.0,0.0
18,201.0,201.0,0.997269549546639,nhh_diff,0.0,0.0
18,201.0,201.0,0.997269549546639,nhh_equal,1.0,0.0
18,201.0,201.0,0.997269549546639,person_serial_no_diff,0.0,0.0
18,201.0,201.0,0.997269549546639,person_serial_no_equal,1.0,0.0
18,201.0,201.0,0.997269549546639,reason_leave_school_diff,0.0,0.0
18,201.0,201.0,0.997269549546639,reason_leave_school_equal,1.0,0.005117953647607075
18,201.0,201.0,0.997269549546639,hhno_match,0.0,0.0
18,201.0,201.0,0.997269549546639,psu_match,0.0,0.0
18,201.0,201.0,0.997269549546639,snumber_match,1.0,0.0
18,201.0,201.0,0.997269549546639,result_match,1.0,0.0
18,201.0,201.0,0.997269549546639,r2_school_education_match,1.0,0.0
18,201.0,201.0,0.997269549546639,type_of_school_match,1.0,0.0
18,201.0,201.0,0.997269549546639,grade_last_year_match,1.0,0.0
18,201.0,201.0,0.997269549546639,grade_this_year_match,1.0,0.0025059067621403266
18,201.0,201.0,0.997269549546639,when_stop_schooling_match,0.0,0.0
18,201.0,201.0,0.997269549546639,noschooling_reason_match,1.0,0.0
18,201.0,201.0,0.997269549546639,time_to_school_match,1.0,0.0022902831551289454
18,201.0,201.0,0.997269549546639,transport_medium_match,1.0,0.002540888673730297
18,201.0,201.0,0.997269549546639,distance_match,1.0,0.0025494183791780443
18,201.0,201.0,0.997269549546639,overall_similarity,0.8947368421052632,0.0
18,201.0,201.0,0.997269549546639,grade_last_year_diff,0.0,0.0
18,201.0,201.0,0.997269549546639,grade_last_year_equal,0.0,-0.004697025029541182
18,201.0,201.0,0.997269549546639,grade_this_year_diff,0.0,0.0
18,201.0,201.0,0.997269549546639,grade_this_year_equal,0.0,-0.004705140841059431
18,201.0,201.0,0.997269549546639,time_to_school_diff,0.0,0.0
18,201.0,201.0,0.997269549546639,time_to_school_equal,0.0,-0.0036695801093143124
18,201.0,201.0,0.997269549546639,transport_medium_diff,0.0,0.0
18,201.0,201.0,0.997269549546639,transport_medium_equal,0.0,0.0
18,201.0,201.0,0.997269549546639,distance_diff,0.0,0.0
18,201.0,201.0,0.997269549546639,distance_equal,0.0,-0.0055479853877560695
18,201.0,201.0,0.997269549546639,reason_leave_school_match,0.0,0.0
18,201.0,201.0,0.997269549546639,when_stop_schooling_diff,0.0,0.0
18,201.0,201.0,0.997269549546639,when_stop_schooling_equal,1.0,0.004658119927582294
18,201.0,201.0,0.997269549546639,sector_match,0.0,0.0
18,201.0,201.0,0.997269549546639,noschooling_reason_diff,0.0,0.0
18,201.0,201.0,0.997269549546639,noschooling_reason_equal,0.0,0.0
19,206.0,206.0,0.997269549546639,euclidean_distance,0.0,0.0
19,206.0,206.0,0.997269549546639,manhattan_distance,0.0,0.0
19,206.0,206.0,0.997269549546639,cosine_similarity,1.0,0.0
19,206.0,206.0,0.997269549546639,sector_diff,0.0,0.0
19,206.0,206.0,0.997269549546639,sector_equal,1.0,0.0
19,206.0,206.0,0.997269549546639,district_diff,0.0,0.0
19,206.0,206.0,0.997269549546639,district_equal,1.0,0.0
19,206.0,206.0,0.997269549546639,month_diff,0.0,0.0
19,206.0,206.0,0.997269549546639,month_equal,1.0,0.0
19,206.0,206.0,0.997269549546639,nhh_diff,0.0,0.0
19,206.0,206.0,0.997269549546639,nhh_equal,1.0,0.0
19,206.0,206.0,0.997269549546639,person_serial_no_diff,0.0,0.0
19,206.0,206.0,0.997269549546639,person_serial_no_equal,1.0,0.0
19,206.0,206.0,0.997269549546639,reason_leave_school_diff,0.0,0.0
19,206.0,206.0,0.997269549546639,reason_leave_school_equal,1.0,0.006221498157373865
19,206.0,206.0,0.997269549546639,hhno_match,0.0,0.0
19,206.0,206.0,0.997269549546639,psu_match,0.0,0.0
19,206.0,206.0,0.997269549546639,snumber_match,1.0,0.0
19,206.0,206.0,0.997269549546639,result_match,1.0,0.0
19,206.0,206.0,0.997269549546639,r2_school_education_match,1.0,0.0
19,206.0,206.0,0.997269549546639,type_of_school_match,1.0,0.0
19,206.0,206.0,0.997269549546639,grade_last_year_match,1.0,0.0031049182209116214
19,206.0,206.0,0.997269549546639,grade_this_year_match,1.0,0.0031502249371457166
19,206.0,206.0,0.997269549546639,when_stop_schooling_match,0.0,0.0
19,206.0,206.0,0.997269549546639,noschooling_reason_match,1.0,0.0
19,206.0,206.0,0.997269549546639,time_to_school_match,1.0,0.0
19,206.0,206.0,0.997269549546639,transport_medium_match,1.0,0.0
19,206.0,206.0,0.997269549546639,distance_match,1.0,0.0026767717168557324
19,206.0,206.0,0.997269549546639,overall_similarity,0.8947368421052632,0.0
19,206.0,206.0,0.997269549546639,grade_last_year_diff,0.0,0.0
19,206.0,206.0,0.997269549546639,grade_last_year_equal,0.0,-0.004316808146308473
19,206.0,206.0,0.997269549546639,grade_this_year_diff,0.0,0.0
19,206.0,206.0,0.997269549546639,grade_this_year_equal,0.0,-0.004255320594878488
19,206.0,206.0,0.997269549546639,time_to_school_diff,0.0,0.0
19,206.0,206.0,0.997269549546639,time_to_school_equal,0.0,-0.0033566687898108796
19,206.0,206.0,0.997269549546639,transport_medium_diff,0.0,0.0
19,206.0,206.0,0.997269549546639,transport_medium_equal,0.0,-0.002771239296568489
19,206.0,206.0,0.997269549546639,distance_diff,0.0,0.0
19,206.0,206.0,0.997269549546639,distance_equal,0.0,-0.005017715705264776
19,206.0,206.0,0.997269549546639,reason_leave_school_match,0.0,0.0
19,206.0,206.0,0.997269549546639,when_stop_schooling_diff,0.0,0.0
19,206.0,206.0,0.997269549546639,when_stop_schooling_equal,1.0,0.005607178678240158
19,206.0,206.0,0.997269549546639,sector_match,0.0,0.0
19,206.0,206.0,0.997269549546639,noschooling_reason_diff,0.0,0.0
19,206.0,206.0,0.997269549546639,noschooling_reason_equal,0.0,0.0
20,244.0,244.0,0.997269549546639,euclidean_distance,0.0,0.0
20,244.0,244.0,0.997269549546639,manhattan_distance,0.0,0.0
20,244.0,244.0,0.997269549546639,cosine_similarity,1.0,0.0
20,244.0,244.0,0.997269549546639,sector_diff,0.0,0.0
20,244.0,244.0,0.997269549546639,sector_equal,1.0,0.0
20,244.0,244.0,0.997269549546639,district_diff,0.0,0.0
20,244.0,244.0,0.997269549546639,district_equal,1.0,0.0
20,244.0,244.0,0.997269549546639,month_diff,0.0,0.0
20,244.0,244.0,0.997269549546639,month_equal,1.0,0.0
20,244.0,244.0,0.997269549546639,nhh_diff,0.0,0.0
20,244.0,244.0,0.997269549546639,nhh_equal,1.0,0.0
20,244.0,244.0,0.997269549546639,person_serial_no_diff,0.0,0.0
20,244.0,244.0,0.997269549546639,person_serial_no_equal,1.0,0.0
20,244.0,244.0,0.997269549546639,reason_leave_school_diff,0.0,0.0
20,244.0,244.0,0.997269549546639,reason_leave_school_equal,1.0,0.005633483329818547
20,244.0,244.0,0.997269549546639,hhno_match,0.0,0.0
20,244.0,244.0,0.997269549546639,psu_match,0.0,0.0
20,244.0,244.0,0.997269549546639,snumber_match,1.0,0.0
20,244.0,244.0,0.997269549546639,result_match,1.0,0.0
20,244.0,244.0,0.997269549546639,r2_school_education_match,1.0,0.0
20,244.0,244.0,0.997269549546639,type_of_school_match,1.0,0.0
20,244.0,244.0,0.997269549546639,grade_last_year_match,1.0,0.002747986404996345
20,244.0,244.0,0.997269549546639,grade_this_year_match,1.0,0.0
20,244.0,244.0,0.997269549546639,when_stop_schooling_match,0.0,0.0
20,244.0,244.0,0.997269549546639,noschooling_reason_match,1.0,0.0
20,244.0,244.0,0.997269549546639,time_to_school_match,1.0,0.0029672269760661067
20,244.0,244.0,0.997269549546639,transport_medium_match,1.0,0.0
20,244.0,244.0,0.997269549546639,distance_match,1.0,0.0027175243636346318
20,244.0,244.0,0.997269549546639,overall_similarity,0.8947368421052632,0.0
20,244.0,244.0,0.997269549546639,grade_last_year_diff,0.0,0.0
20,244.0,244.0,0.997269549546639,grade_last_year_equal,0.0,-0.005400117798664048
20,244.0,244.0,0.997269549546639,grade_this_year_diff,0.0,0.0
20,244.0,244.0,0.997269549546639,grade_this_year_equal,0.0,-0.004730618399099917
20,244.0,244.0,0.997269549546639,time_to_school_diff,0.0,0.0
20,244.0,244.0,0.997269549546639,time_to_school_equal,0.0,-0.004191061378678285
20,244.0,244.0,0.997269549546639,transport_medium_diff,0.0,0.0
20,244.0,244.0,0.997269549546639,transport_medium_equal,0.0,0.0
20,244.0,244.0,0.997269549546639,distance_diff,0.0,0.0
20,244.0,244.0,0.997269549546639,distance_equal,0.0,-0.005684614381266464
20,244.0,244.0,0.997269549546639,reason_leave_school_match,0.0,0.002221680132076859
20,244.0,244.0,0.997269549546639,when_stop_schooling_diff,0.0,0.0
20,244.0,244.0,0.997269549546639,when_stop_schooling_equal,1.0,0.004761349928812211
20,244.0,244.0,0.997269549546639,sector_match,0.0,0.0
20,244.0,244.0,0.997269549546639,noschooling_reason_diff,0.0,0.0
20,244.0,244.0,0.997269549546639,noschooling_reason_equal,0.0,0.0
21,246.0,246.0,0.997269549546639,euclidean_distance,0.0,0.0
21,246.0,246.0,0.997269549546639,manhattan_distance,0.0,0.0
21,246.0,246.0,0.997269549546639,cosine_similarity,1.0,0.0
21,246.0,246.0,0.997269549546639,sector_diff,0.0,0.0
21,246.0,246.0,0.997269549546639,sector_equal,1.0,0.0
21,246.0,246.0,0.997269549546639,district_diff,0.0,0.0
21,246.0,246.0,0.997269549546639,district_equal,1.0,0.0
21,246.0,246.0,0.997269549546639,month_diff,0.0,0.0
21,246.0,246.0,0.997269549546639,month_equal,1.0,0.0
21,246.0,246.0,0.997269549546639,nhh_diff,0.0,0.0
21,246.0,246.0,0.997269549546639,nhh_equal,1.0,0.0
21,246.0,246.0,0.997269549546639,person_serial_no_diff,0.0,0.0
21,246.0,246.0,0.997269549546639,person_serial_no_equal,1.0,0.0
21,246.0,246.0,0.997269549546639,reason_leave_school_diff,0.0,0.0
21,246.0,246.0,0.997269549546639,reason_leave_school_equal,1.0,0.005938481775853574
21,246.0,246.0,0.997269549546639,hhno_match,0.0,0.0
21,246.0,246.0,0.997269549546639,psu_match,0.0,0.0
21,246.0,246.0,0.997269549546639,snumber_match,1.0,0.0
21,246.0,246.0,0.997269549546639,result_match,1.0,0.0
21,246.0,246.0,0.997269549546639,r2_school_education_match,1.0,0.0
21,246.0,246.0,0.997269549546639,type_of_school_match,1.0,0.0
21,246.0,246.0,0.997269549546639,grade_last_year_match,1.0,0.0027715979892773937
21,246.0,246.0,0.997269549546639,grade_this_year_match,1.0,0.0024205506902830196
21,246.0,246.0,0.997269549546639,when_stop_schooling_match,0.0,0.0
21,246.0,246.0,0.997269549546639,noschooling_reason_match,1.0,0.0
21,246.0,246.0,0.997269549546639,time_to_school_match,1.0,0.0024631758882734255
21,246.0,246.0,0.997269549546639,transport_medium_match,1.0,0.0
21,246.0,246.0,0.997269549546639,distance_match,1.0,0.0021882155320763616
21,246.0,246.0,0.997269549546639,overall_similarity,0.8947368421052632,0.0
21,246.0,246.0,0.997269549546639,grade_last_year_diff,0.0,0.0
21,246.0,246.0,0.997269549546639,grade_last_year_equal,0.0,-0.005087632050379269
21,246.0,246.0,0.997269549546639,grade_this_year_diff,0.0,0.0
21,246.0,246.0,0.997269549546639,grade_this_year_equal,0.0,-0.005233276720915295
21,246.0,246.0,0.997269549546639,time_to_school_diff,0.0,0.0
21,246.0,246.0,0.997269549546639,time_to_school_equal,0.0,0.0
21,246.0,246.0,0.997269549546639,transport_medium_diff,0.0,0.0
21,246.0,246.0,0.997269549546639,transport_medium_equal,0.0,-0.003462507830918859
21,246.0,246.0,0.997269549546639,distance_diff,0.0,0.0
21,246.0,246.0,0.997269549546639,distance_equal,0.0,-0.006061853947031819
21,246.0,246.0,0.997269549546639,reason_leave_school_match,0.0,0.0
21,246.0,246.0,0.997269549546639,when_stop_schooling_diff,0.0,0.0
21,246.0,246.0,0.997269549546639,when_stop_schooling_equal,1.0,0.005106087851177455
21,246.0,246.0,0.997269549546639,sector_match,0.0,0.0
21,246.0,246.0,0.997269549546639,noschooling_reason_diff,0.0,0.0
21,246.0,246.0,0.997269549546639,noschooling_reason_equal,0.0,0.0
22,478.0,478.0,0.997269549546639,euclidean_distance,0.0,0.0
22,478.0,478.0,0.997269549546639,manhattan_distance,0.0,0.0
22,478.0,478.0,0.997269549546639,cosine_similarity,1.0,0.0
22,478.0,478.0,0.997269549546639,sector_diff,0.0,0.0
22,478.0,478.0,0.997269549546639,sector_equal,1.0,0.0
22,478.0,478.0,0.997269549546639,district_diff,0.0,0.0
22,478.0,478.0,0.997269549546639,district_equal,1.0,0.0
22,478.0,478.0,0.997269549546639,month_diff,0.0,0.0
22,478.0,478.0,0.997269549546639,month_equal,1.0,0.0
22,478.0,478.0,0.997269549546639,nhh_diff,0.0,0.0
22,478.0,478.0,0.997269549546639,nhh_equal,1.0,0.0
22,478.0,478.0,0.997269549546639,person_serial_no_diff,0.0,0.0
22,478.0,478.0,0.997269549546639,person_serial_no_equal,1.0,0.0
22,478.0,478.0,0.997269549546639,reason_leave_school_diff,0.0,0.0
22,478.0,478.0,0.997269549546639,reason_leave_school_equal,1.0,0.005484005220962589
22,478.0,478.0,0.997269549546639,hhno_match,0.0,0.0
22,478.0,478.0,0.997269549546639,psu_match,0.0,0.0
22,478.0,478.0,0.997269549546639,snumber_match,1.0,0.0
22,478.0,478.0,0.997269549546639,result_match,1.0,0.0
22,478.0,478.0,0.997269549546639,r2_school_education_match,1.0,0.0
22,478.0,478.0,0.997269549546639,type_of_school_match,1.0,0.0
22,478.0,478.0,0.997269549546639,grade_last_year_match,1.0,0.0025368989181924935
22,478.0,478.0,0.997269549546639,grade_this_year_match,1.0,0.002372639362218725
22,478.0,478.0,0.997269549546639,when_stop_schooling_match,0.0,0.0
22,478.0,478.0,0.997269549546639,noschooling_reason_match,1.0,0.0
22,478.0,478.0,0.997269549546639,time_to_school_match,1.0,0.0026189960767008928
22,478.0,478.0,0.997269549546639,transport_medium_match,1.0,0.0025047966737375624
22,478.0,478.0,0.997269549546639,distance_match,1.0,0.0
22,478.0,478.0,0.997269549546639,overall_similarity,0.8947368421052632,0.0
22,478.0,478.0,0.997269549546639,grade_last_year_diff,0.0,0.0
22,478.0,478.0,0.997269549546639,grade_last_year_equal,0.0,-0.005094791498485334
22,478.0,478.0,0.997269549546639,grade_this_year_diff,0.0,0.0
22,478.0,478.0,0.997269549546639,grade_this_year_equal,0.0,-0.004809900024073113
22,478.0,478.0,0.997269549546639,time_to_school_diff,0.0,0.0
22,478.0,478.0,0.997269549546639,time_to_school_equal,0.0,-0.0037117112230282538
22,478.0,478.0,0.997269549546639,transport_medium_diff,0.0,0.0
22,478.0,478.0,0.997269549546639,transport_medium_equal,0.0,0.0
22,478.0,478.0,0.997269549546639,distance_diff,0.0,0.0
22,478.0,478.0,0.997269549546639,distance_equal,0.0,-0.005452907817741924
22,478.0,478.0,0.997269549546639,reason_leave_school_match,0.0,0.0
22,478.0,478.0,0.997269549546639,when_stop_schooling_diff,0.0,0.0
22,478.0,478.0,0.997269549546639,when_stop_schooling_equal,1.0,0.004594813489212351
22,478.0,478.0,0.997269549546639,sector_match,0.0,0.0
22,478.0,478.0,0.997269549546639,noschooling_reason_diff,0.0,0.0
22,478.0,478.0,0.997269549546639,noschooling_reason_equal,0.0,0.0
23,495.0,495.0,0.997269549546639,euclidean_distance,0.0,0.0
23,495.0,495.0,0.997269549546639,manhattan_distance,0.0,0.0
23,495.0,495.0,0.997269549546639,cosine_similarity,1.0,0.0
23,495.0,495.0,0.997269549546639,sector_diff,0.0,0.0
23,495.0,495.0,0.997269549546639,sector_equal,1.0,0.0
23,495.0,495.0,0.997269549546639,district_diff,0.0,0.0
23,495.0,495.0,0.997269549546639,district_equal,1.0,0.0
23,495.0,495.0,0.997269549546639,month_diff,0.0,0.0
23,495.0,495.0,0.997269549546639,month_equal,1.0,0.0
23,495.0,495.0,0.997269549546639,nhh_diff,0.0,0.0
23,495.0,495.0,0.997269549546639,nhh_equal,1.0,0.0
23,495.0,495.0,0.997269549546639,person_serial_no_diff,0.0,0.0
23,495.0,495.0,0.997269549546639,person_serial_no_equal,1.0,0.0
23,495.0,495.0,0.997269549546639,reason_leave_school_diff,0.0,0.0
23,495.0,495.0,0.997269549546639,reason_leave_school_equal,1.0,0.006310244397370167
23,495.0,495.0,0.997269549546639,hhno_match,0.0,0.0
23,495.0,495.0,0.997269549546639,psu_match,0.0,0.0
23,495.0,495.0,0.997269549546639,snumber_match,1.0,0.0
23,495.0,495.0,0.997269549546639,result_match,1.0,0.0
23,495.0,495.0,0.997269549546639,r2_school_education_match,1.0,0.0
23,495.0,495.0,0.997269549546639,type_of_school_match,1.0,0.0
23,495.0,495.0,0.997269549546639,grade_last_year_match,1.0,0.003537234443823957
23,495.0,495.0,0.997269549546639,grade_this_year_match,1.0,0.0
23,495.0,495.0,0.997269549546639,when_stop_schooling_match,0.0,0.0
23,495.0,495.0,0.997269549546639,noschooling_reason_match,1.0,0.0
23,495.0,495.0,0.997269549546639,time_to_school_match,1.0,0.0031596302717233076
23,495.0,495.0,0.997269549546639,transport_medium_match,1.0,0.0030889950019390936
23,495.0,495.0,0.997269549546639,distance_match,1.0,0.0
23,495.0,495.0,0.997269549546639,overall_similarity,0.8947368421052632,0.0
23,495.0,495.0,0.997269549546639,grade_last_year_diff,0.0,0.0
23,495.0,495.0,0.997269549546639,grade_last_year_equal,0.0,-0.004712335258738537
23,495.0,495.0,0.997269549546639,grade_this_year_diff,0.0,0.0
23,495.0,495.0,0.997269549546639,grade_this_year_equal,0.0,-0.004591942595052619
23,495.0,495.0,0.997269549546639,time_to_school_diff,0.0,0.0
23,495.0,495.0,0.997269549546639,time_to_school_equal,0.0,-0.0033684503556822443
23,495.0,495.0,0.997269549546639,transport_medium_diff,0.0,0.0
23,495.0,495.0,0.997269549546639,transport_medium_equal,0.0,-0.0028010772508515074
23,495.0,495.0,0.997269549546639,distance_diff,0.0,0.0
23,495.0,495.0,0.997269549546639,distance_equal,0.0,-0.005081100621774888
23,495.0,495.0,0.997269549546639,reason_leave_school_match,0.0,0.0
23,495.0,495.0,0.997269549546639,when_stop_schooling_diff,0.0,0.0
23,495.0,495.0,0.997269549546639,when_stop_schooling_equal,1.0,0.005501641144939258
23,495.0,495.0,0.997269549546639,sector_match,0.0,0.0
23,495.0,495.0,0.997269549546639,noschooling_reason_diff,0.0,0.0
23,495.0,495.0,0.997269549546639,noschooling_reason_equal,0.0,0.0
24,542.0,542.0,0.997269549546639,euclidean_distance,0.0,0.0
24,542.0,542.0,0.997269549546639,manhattan_distance,0.0,0.0
24,542.0,542.0,0.997269549546639,cosine_similarity,1.0,0.0
24,542.0,542.0,0.997269549546639,sector_diff,0.0,0.0
24,542.0,542.0,0.997269549546639,sector_equal,1.0,0.0
24,542.0,542.0,0.997269549546639,district_diff,0.0,0.0
24,542.0,542.0,0.997269549546639,district_equal,1.0,0.0
24,542.0,542.0,0.997269549546639,month_diff,0.0,0.0
24,542.0,542.0,0.997269549546639,month_equal,1.0,0.0
24,542.0,542.0,0.997269549546639,nhh_diff,0.0,0.0
24,542.0,542.0,0.997269549546639,nhh_equal,1.0,0.0
24,542.0,542.0,0.997269549546639,person_serial_no_diff,0.0,0.0
24,542.0,542.0,0.997269549546639,person_serial_no_equal,1.0,0.0
24,542.0,542.0,0.997269549546639,reason_leave_school_diff,0.0,0.0
24,542.0,542.0,0.997269549546639,reason_leave_school_equal,1.0,0.006206757873093781
24,542.0,542.0,0.997269549546639,hhno_match,0.0,0.0
24,542.0,542.0,0.997269549546639,psu_match,0.0,0.0
24,542.0,542.0,0.997269549546639,snumber_match,1.0,0.0
24,542.0,542.0,0.997269549546639,result_match,1.0,0.0
24,542.0,542.0,0.997269549546639,r2_school_education_match,1.0,0.0
24,542.0,542.0,0.997269549546639,type_of_school_match,1.0,0.0
24,542.0,542.0,0.997269549546639,grade_last_year_match,1.0,0.0029857610889049984
24,542.0,542.0,0.997269549546639,grade_this_year_match,1.0,0.0
24,542.0,542.0,0.997269549546639,when_stop_schooling_match,0.0,0.0
24,542.0,542.0,0.997269549546639,noschooling_reason_match,1.0,0.0
24,542.0,542.0,0.997269549546639,time_to_school_match,1.0,0.003220019065382186
24,542.0,542.0,0.997269549546639,transport_medium_match,1.0,0.0028395034639719574
24,542.0,542.0,0.997269549546639,distance_match,1.0,0.0
24,542.0,542.0,0.997269549546639,overall_similarity,0.8947368421052632,0.0
24,542.0,542.0,0.997269549546639,grade_last_year_diff,0.0,0.0
24,542.0,542.0,0.997269549546639,grade_last_year_equal,0.0,-0.004682075712498516
24,542.0,542.0,0.997269549546639,grade_this_year_diff,0.0,0.0
24,542.0,542.0,0.997269549546639,grade_this_year_equal,0.0,-0.0038830565145687498
24,542.0,542.0,0.997269549546639,time_to_school_diff,0.0,0.0
24,542.0,542.0,0.997269549546639,time_to_school_equal,0.0,-0.0032850917505452717
24,542.0,542.0,0.997269549546639,transport_medium_diff,0.0,0.0
24,542.0,542.0,0.997269549546639,transport_medium_equal,0.0,-0.0026210496254767722
24,542.0,542.0,0.997269549546639,distance_diff,0.0,0.0
24,542.0,542.0,0.997269549546639,distance_equal,0.0,-0.005147199580442496
24,542.0,542.0,0.997269549546639,reason_leave_school_match,0.0,0.0
24,542.0,542.0,0.997269549546639,when_stop_schooling_diff,0.0,0.0
24,542.0,542.0,0.997269549546639,when_stop_schooling_equal,1.0,0.00540927086987487
24,542.0,542.0,0.997269549546639,sector_match,0.0,0.0
24,542.0,542.0,0.997269549546639,noschooling_reason_diff,0.0,0.0
24,542.0,542.0,0.997269549546639,noschooling_reason_equal,0.0,0.0
25,258.0,258.0,0.997269549546639,euclidean_distance,0.0,0.0
25,258.0,258.0,0.997269549546639,manhattan_distance,0.0,0.0
25,258.0,258.0,0.997269549546639,cosine_similarity,1.0,0.0
25,258.0,258.0,0.997269549546639,sector_diff,0.0,0.0
25,258.0,258.0,0.997269549546639,sector_equal,1.0,0.0
25,258.0,258.0,0.997269549546639,district_diff,0.0,0.0
25,258.0,258.0,0.997269549546639,district_equal,1.0,0.0
25,258.0,258.0,0.997269549546639,month_diff,0.0,0.0
25,258.0,258.0,0.997269549546639,month_equal,1.0,0.0
25,258.0,258.0,0.997269549546639,nhh_diff,0.0,0.0
25,258.0,258.0,0.997269549546639,nhh_equal,1.0,0.0
25,258.0,258.0,0.997269549546639,person_serial_no_diff,0.0,0.0
25,258.0,258.0,0.997269549546639,person_serial_no_equal,1.0,0.0
25,258.0,258.0,0.997269549546639,reason_leave_school_diff,0.0,0.0
25,258.0,258.0,0.997269549546639,reason_leave_school_equal,1.0,0.005497166438277221
25,258.0,258.0,0.997269549546639,hhno_match,0.0,0.0
25,258.0,258.0,0.997269549546639,psu_match,0.0,0.0
25,258.0,258.0,0.997269549546639,snumber_match,1.0,0.0
25,258.0,258.0,0.997269549546639,result_match,1.0,0.0
25,258.0,258.0,0.997269549546639,r2_school_education_match,1.0,0.0
25,258.0,258.0,0.997269549546639,type_of_school_match,1.0,0.0
25,258.0,258.0,0.997269549546639,grade_last_year_match,1.0,0.002523425231443568
25,258.0,258.0,0.997269549546639,grade_this_year_match,1.0,0.0025781938265726375
25,258.0,258.0,0.997269549546639,when_stop_schooling_match,0.0,0.0
25,258.0,258.0,0.997269549546639,noschooling_reason_match,1.0,0.0
25,258.0,258.0,0.997269549546639,time_to_school_match,1.0,0.0
25,258.0,258.0,0.997269549546639,transport_medium_match,1.0,0.0024073528722244578
25,258.0,258.0,0.997269549546639,distance_match,1.0,0.0026843854971092865
25,258.0,258.0,0.997269549546639,overall_similarity,0.8947368421052632,0.0
25,258.0,258.0,0.997269549546639,grade_last_year_diff,0.0,0.0
25,258.0,258.0,0.997269549546639,grade_last_year_equal,0.0,-0.0051595904444837176
25,258.0,258.0,0.997269549546639,grade_this_year_diff,0.0,0.0
25,258.0,258.0,0.997269549546639,grade_this_year_equal,0.0,-0.004634829795611763
25,258.0,258.0,0.997269549546639,time_to_school_diff,0.0,0.0
25,258.0,258.0,0.997269549546639,time_to_school_equal,0.0,-0.0037159752179365844
25,258.0,258.0,0.997269549546639,transport_medium_diff,0.0,0.0
25,258.0,258.0,0.997269549546639,transport_medium_equal,0.0,0.0
25,258.0,258.0,0.997269549546639,distance_diff,0.0,0.0
25,258.0,258.0,0.997269549546639,distance_equal,0.0,-0.0057056295329584155
25,258.0,258.0,0.997269549546639,reason_leave_school_match,0.0,0.0
25,258.0,258.0,0.997269549546639,when_stop_schooling_diff,0.0,0.0
25,258.0,258.0,0.997269549546639,when_stop_schooling_equal,1.0,0.004568340303059296
25,258.0,258.0,0.997269549546639,sector_match,0.0,0.0
25,258.0,258.0,0.997269549546639,noschooling_reason_diff,0.0,0.0
25,258.0,258.0,0.997269549546639,noschooling_reason_equal,0.0,0.0
26,477.0,477.0,0.997269549546639,euclidean_distance,0.0,0.0
26,477.0,477.0,0.997269549546639,manhattan_distance,0.0,0.0
26,477.0,477.0,0.997269549546639,cosine_similarity,1.0,0.0
26,477.0,477.0,0.997269549546639,sector_diff,0.0,0.0
26,477.0,477.0,0.997269549546639,sector_equal,1.0,0.0
26,477.0,477.0,0.997269549546639,district_diff,0.0,0.0
26,477.0,477.0,0.997269549546639,district_equal,1.0,0.0
26,477.0,477.0,0.997269549546639,month_diff,0.0,0.0
26,477.0,477.0,0.997269549546639,month_equal,1.0,0.0
26,477.0,477.0,0.997269549546639,nhh_diff,0.0,0.0
26,477.0,477.0,0.997269549546639,nhh_equal,1.0,0.0
26,477.0,477.0,0.997269549546639,person_serial_no_diff,0.0,0.0
26,477.0,477.0,0.997269549546639,person_serial_no_equal,1.0,0.0
26,477.0,477.0,0.997269549546639,reason_leave_school_diff,0.0,0.0
26,477.0,477.0,0.997269549546639,reason_leave_school_equal,1.0,0.005278376763114866
26,477.0,477.0,0.997269549546639,hhno_match,0.0,0.0
26,477.0,477.0,0.997269549546639,psu_match,0.0,0.0
26,477.0,477.0,0.997269549546639,snumber_match,1.0,0.0
26,477.0,477.0,0.997269549546639,result_match,1.0,0.0
26,477.0,477.0,0.997269549546639,r2_school_education_match,1.0,0.0
26,477.0,477.0,0.997269549546639,type_of_school_match,1.0,0.0
26,477.0,477.0,0.997269549546639,grade_last_year_match,1.0,0.0025675411261693462
26,477.0,477.0,0.997269549546639,grade_this_year_match,1.0,0.0
26,477.0,477.0,0.997269549546639,when_stop_schooling_match,0.0,0.0
26,477.0,477.0,0.997269549546639,noschooling_reason_match,1.0,0.0
26,477.0,477.0,0.997269549546639,time_to_school_match,1.0,0.002528178069157654
26,477.0,477.0,0.997269549546639,transport_medium_match,1.0,0.0024347303008043896
26,477.0,477.0,0.997269549546639,distance_match,1.0,0.002390087457662814
26,477.0,477.0,0.997269549546639,overall_similarity,0.8947368421052632,0.0
26,477.0,477.0,0.997269549546639,grade_last_year_diff,0.0,0.0
26,477.0,477.0,0.997269549546639,grade_last_year_equal,0.0,-0.004939419185171195
26,477.0,477.0,0.997269549546639,grade_this_year_diff,0.0,0.0
26,477.0,477.0,0.997269549546639,grade_this_year_equal,0.0,-0.004722505086396228
26,477.0,477.0,0.997269549546639,time_to_school_diff,0.0,0.0
26,477.0,477.0,0.997269549546639,time_to_school_equal,0.0,-0.00385526669636356
26,477.0,477.0,0.997269549546639,transport_medium_diff,0.0,0.0
26,477.0,477.0,0.997269549546639,transport_medium_equal,0.0,0.0
26,477.0,477.0,0.997269549546639,distance_diff,0.0,0.0
26,477.0,477.0,0.997269549546639,distance_equal,0.0,-0.005335685412033278
26,477.0,477.0,0.997269549546639,reason_leave_school_match,0.0,0.0
26,477.0,477.0,0.997269549546639,when_stop_schooling_diff,0.0,0.0
26,477.0,477.0,0.997269549546639,when_stop_schooling_equal,1.0,0.0046968018407511775
26,477.0,477.0,0.997269549546639,sector_match,0.0,0.0
26,477.0,477.0,0.997269549546639,noschooling_reason_diff,0.0,0.0
26,477.0,477.0,0.997269549546639,noschooling_reason_equal,0.0,0.0
27,381.0,381.0,0.997269549546639,euclidean_distance,0.0,0.0
27,381.0,381.0,0.997269549546639,manhattan_distance,0.0,0.0
27,381.0,381.0,0.997269549546639,cosine_similarity,1.0,0.0
27,381.0,381.0,0.997269549546639,sector_diff,0.0,0.0
27,381.0,381.0,0.997269549546639,sector_equal,1.0,0.0
27,381.0,381.0,0.997269549546639,district_diff,0.0,0.0
27,381.0,381.0,0.997269549546639,district_equal,1.0,0.0
27,381.0,381.0,0.997269549546639,month_diff,0.0,0.0
27,381.0,381.0,0.997269549546639,month_equal,1.0,0.0
27,381.0,381.0,0.997269549546639,nhh_diff,0.0,0.0
27,381.0,381.0,0.997269549546639,nhh_equal,1.0,0.0
27,381.0,381.0,0.997269549546639,person_serial_no_diff,0.0,0.0
27,381.0,381.0,0.997269549546639,person_serial_no_equal,1.0,0.0
27,381.0,381.0,0.997269549546639,reason_leave_school_diff,0.0,0.0
27,381.0,381.0,0.997269549546639,reason_leave_school_equal,1.0,0.0054911855881603034
27,381.0,381.0,0.997269549546639,hhno_match,0.0,0.0
27,381.0,381.0,0.997269549546639,psu_match,0.0,0.0
27,381.0,381.0,0.997269549546639,snumber_match,1.0,0.0
27,381.0,381.0,0.997269549546639,result_match,1.0,0.0
27,381.0,381.0,0.997269549546639,r2_school_education_match,1.0,0.0
27,381.0,381.0,0.997269549546639,type_of_school_match,1.0,0.0
27,381.0,381.0,0.997269549546639,grade_last_year_match,1.0,0.0024295600061639
27,381.0,381.0,0.997269549546639,grade_this_year_match,1.0,0.002588249499513567
27,381.0,381.0,0.997269549546639,when_stop_schooling_match,0.0,0.0
27,381.0,381.0,0.997269549546639,noschooling_reason_match,1.0,0.0
27,381.0,381.0,0.997269549546639,time_to_school_match,1.0,0.0
27,381.0,381.0,0.997269549546639,transport_medium_match,1.0,0.0025562249994431456
27,381.0,381.0,0.997269549546639,distance_match,1.0,0.0024896087751648047
27,381.0,381.0,0.997269549546639,overall_similarity,0.8947368421052632,0.0
27,381.0,381.0,0.997269549546639,grade_last_year_diff,0.0,0.0
27,381.0,381.0,0.997269549546639,grade_last_year_equal,0.0,-0.005159077605514724
27,381.0,381.0,0.997269549546639,grade_this_year_diff,0.0,0.0
27,381.0,381.0,0.997269549546639,grade_this_year_equal,0.0,-0.004820948058960737
27,381.0,381.0,0.997269549546639,time_to_school_diff,0.0,0.0
27,381.0,381.0,0.997269549546639,time_to_school_equal,0.0,-0.003990477747877501
27,381.0,381.0,0.997269549546639,transport_medium_diff,0.0,0.0
27,381.0,381.0,0.997269549546639,transport_medium_equal,0.0,0.0
27,381.0,381.0,0.997269549546639,distance_diff,0.0,0.0
27,381.0,381.0,0.997269549546639,distance_equal,0.0,-0.00552261216897324
27,381.0,381.0,0.997269549546639,reason_leave_school_match,0.0,0.0
27,381.0,381.0,0.997269549546639,when_stop_schooling_diff,0.0,0.0
27,381.0,381.0,0.997269549546639,when_stop_schooling_equal,1.0,0.004981125890576467
27,381.0,381.0,0.997269549546639,sector_match,0.0,0.0
27,381.0,381.0,0.997269549546639,noschooling_reason_diff,0.0,0.0
27,381.0,381.0,0.997269549546639,noschooling_reason_equal,0.0,0.0
28,383.0,383.0,0.997269549546639,euclidean_distance,0.0,0.0
28,383.0,383.0,0.997269549546639,manhattan_distance,0.0,0.0
28,383.0,383.0,0.997269549546639,cosine_similarity,1.0,0.0
28,383.0,383.0,0.997269549546639,sector_diff,0.0,0.0
28,383.0,383.0,0.997269549546639,sector_equal,1.0,0.0
28,383.0,383.0,0.997269549546639,district_diff,0.0,0.0
28,383.0,383.0,0.997269549546639,district_equal,1.0,0.0
28,383.0,383.0,0.997269549546639,month_diff,0.0,0.0
28,383.0,383.0,0.997269549546639,month_equal,1.0,0.0
28,383.0,383.0,0.997269549546639,nhh_diff,0.0,0.0
28,383.0,383.0,0.997269549546639,nhh_equal,1.0,0.0
28,383.0,383.0,0.997269549546639,person_serial_no_diff,0.0,0.0
28,383.0,383.0,0.997269549546639,person_serial_no_equal,1.0,0.0
28,383.0,383.0,0.997269549546639,reason_leave_school_diff,0.0,0.0
28,383.0,383.0,0.997269549546639,reason_leave_school_equal,1.0,0.006515625905416509
28,383.0,383.0,0.997269549546639,hhno_match,0.0,0.0
28,383.0,383.0,0.997269549546639,psu_match,0.0,0.0
28,383.0,383.0,0.997269549546639,snumber_match,1.0,0.0
28,383.0,383.0,0.997269549546639,result_match,1.0,0.0
28,383.0,383.0,0.997269549546639,r2_school_education_match,1.0,0.0
28,383.0,383.0,0.997269549546639,type_of_school_match,1.0,0.0
28,383.0,383.0,0.997269549546639,grade_last_year_match,1.0,0.003655506347422165
28,383.0,383.0,0.997269549546639,grade_this_year_match,1.0,0.0
28,383.0,383.0,0.997269549546639,when_stop_schooling_match,0.0,0.0
28,383.0,383.0,0.997269549546639,noschooling_reason_match,1.0,0.0
28,383.0,383.0,0.997269549546639,time_to_school_match,1.0,0.0032643664323453326
28,383.0,383.0,0.997269549546639,transport_medium_match,1.0,0.0
28,383.0,383.0,0.997269549546639,distance_match,1.0,0.003280345653932468
28,383.0,383.0,0.997269549546639,overall_similarity,0.8947368421052632,0.0
28,383.0,383.0,0.997269549546639,grade_last_year_diff,0.0,0.0
28,383.0,383.0,0.997269549546639,grade_last_year_equal,0.0,-0.004720497962768771
28,383.0,383.0,0.997269549546639,grade_this_year_diff,0.0,0.0
28,383.0,383.0,0.997269549546639,grade_this_year_equal,0.0,-0.00451934281171743
28,383.0,383.0,0.997269549546639,time_to_school_diff,0.0,0.0
28,383.0,383.0,0.997269549546639,time_to_school_equal,0.0,-0.003463814194469363
28,383.0,383.0,0.997269549546639,transport_medium_diff,0.0,0.0
28,383.0,383.0,0.997269549546639,transport_medium_equal,0.0,-0.003145850020569581
28,383.0,383.0,0.997269549546639,distance_diff,0.0,0.0
28,383.0,383.0,0.997269549546639,distance_equal,0.0,-0.005264067831000229
28,383.0,383.0,0.997269549546639,reason_leave_school_match,0.0,0.0
28,383.0,383.0,0.997269549546639,when_stop_schooling_diff,0.0,0.0
28,383.0,383.0,0.997269549546639,when_stop_schooling_equal,1.0,0.0054405676591048864
28,383.0,383.0,0.997269549546639,sector_match,0.0,0.0
28,383.0,383.0,0.997269549546639,noschooling_reason_diff,0.0,0.0
28,383.0,383.0,0.997269549546639,noschooling_reason_equal,0.0,0.0
29,267.0,267.0,0.997269549546639,euclidean_distance,0.0,0.0
29,267.0,267.0,0.997269549546639,manhattan_distance,0.0,0.0
29,267.0,267.0,0.997269549546639,cosine_similarity,1.0,0.0
29,267.0,267.0,0.997269549546639,sector_diff,0.0,0.0
29,267.0,267.0,0.997269549546639,sector_equal,1.0,0.0
29,267.0,267.0,0.997269549546639,district_diff,0.0,0.0
29,267.0,267.0,0.997269549546639,district_equal,1.0,0.0
29,267.0,267.0,0.997269549546639,month_diff,0.0,0.0
29,267.0,267.0,0.997269549546639,month_equal,1.0,0.0
29,267.0,267.0,0.997269549546639,nhh_diff,0.0,0.0
29,267.0,267.0,0.997269549546639,nhh_equal,1.0,0.0
29,267.0,267.0,0.997269549546639,person_serial_no_diff,0.0,0.0
29,267.0,267.0,0.997269549546639,person_serial_no_equal,1.0,0.0
29,267.0,267.0,0.997269549546639,reason_leave_school_diff,0.0,0.0
29,267.0,267.0,0.997269549546639,reason_leave_school_equal,1.0,0.005987914229154663
29,267.0,267.0,0.997269549546639,hhno_match,0.0,0.0
29,267.0,267.0,0.997269549546639,psu_match,0.0,0.0
29,267.0,267.0,0.997269549546639,snumber_match,1.0,0.0
29,267.0,267.0,0.997269549546639,result_match,1.0,0.0
29,267.0,267.0,0.997269549546639,r2_school_education_match,1.0,0.0
29,267.0,267.0,0.997269549546639,type_of_school_match,1.0,0.0
29,267.0,267.0,0.997269549546639,grade_last_year_match,1.0,0.0
29,267.0,267.0,0.997269549546639,grade_this_year_match,1.0,0.0032248052687346568
29,267.0,267.0,0.997269549546639,when_stop_schooling_match,0.0,0.0
29,267.0,267.0,0.997269549546639,noschooling_reason_match,1.0,0.0
29,267.0,267.0,0.997269549546639,time_to_school_match,1.0,0.0033538832592822747
29,267.0,267.0,0.997269549546639,transport_medium_match,1.0,0.0034726410028843306
29,267.0,267.0,0.997269549546639,distance_match,1.0,0.0
29,267.0,267.0,0.997269549546639,overall_similarity,0.8947368421052632,0.0
29,267.0,267.0,0.997269549546639,grade_last_year_diff,0.0,0.0
29,267.0,267.0,0.997269549546639,grade_last_year_equal,0.0,-0.004962621131156183
29,267.0,267.0,0.997269549546639,grade_this_year_diff,0.0,0.0
29,267.0,267.0,0.997269549546639,grade_this_year_equal,0.0,-0.004416099541483641
29,267.0,267.0,0.997269549546639,time_to_school_diff,0.0,0.0
29,267.0,267.0,0.997269549546639,time_to_school_equal,0.0,-0.0030466793836690645
29,267.0,267.0,0.997269549546639,transport_medium_diff,0.0,0.0
29,267.0,267.0,0.997269549546639,transport_medium_equal,0.0,-0.002968729615038068
29,267.0,267.0,0.997269549546639,distance_diff,0.0,0.0
29,267.0,267.0,0.997269549546639,distance_equal,0.0,-0.0052005667067260035
29,267.0,267.0,0.997269549546639,reason_leave_school_match,0.0,0.0
29,267.0,267.0,0.997269549546639,when_stop_schooling_diff,0.0,0.0
29,267.0,267.0,0.997269549546639,when_stop_schooling_equal,1.0,0.0055982917957130215
29,267.0,267.0,0.997269549546639,sector_match,0.0,0.0
29,267.0,267.0,0.997269549546639,noschooling_reason_diff,0.0,0.0
29,267.0,267.0,0.997269549546639,noschooling_reason_equal,0.0,0.0
30,338.0,338.0,0.997269549546639,euclidean_distance,0.0,0.0
30,338.0,338.0,0.997269549546639,manhattan_distance,0.0,0.0
30,338.0,338.0,0.997269549546639,cosine_similarity,1.0,0.0
30,338.0,338.0,0.997269549546639,sector_diff,0.0,0.0
30,338.0,338.0,0.997269549546639,sector_equal,1.0,0.0
30,338.0,338.0,0.997269549546639,district_diff,0.0,0.0
30,338.0,338.0,0.997269549546639,district_equal,1.0,0.0
30,338.0,338.0,0.997269549546639,month_diff,0.0,0.0
30,338.0,338.0,0.997269549546639,month_equal,1.0,0.0
30,338.0,338.0,0.997269549546639,nhh_diff,0.0,0.0
30,338.0,338.0,0.997269549546639,nhh_equal,1.0,0.0
30,338.0,338.0,0.997269549546639,person_serial_no_diff,0.0,0.0
30,338.0,338.0,0.997269549546639,person_serial_no_equal,1.0,0.0
30,338.0,338.0,0.997269549546639,reason_leave_school_diff,0.0,0.0
30,338.0,338.0,0.997269549546639,reason_leave_school_equal,1.0,0.005553907988335769
30,338.0,338.0,0.997269549546639,hhno_match,0.0,0.0
30,338.0,338.0,0.997269549546639,psu_match,0.0,0.0
30,338.0,338.0,0.997269549546639,snumber_match,1.0,0.0
30,338.0,338.0,0.997269549546639,result_match,1.0,0.0
30,338.0,338.0,0.997269549546639,r2_school_education_match,1.0,0.0
30,338.0,338.0,0.997269549546639,type_of_school_match,1.0,0.0
30,338.0,338.0,0.997269549546639,grade_last_year_match,1.0,0.0025739825833773614
30,338.0,338.0,0.997269549546639,grade_this_year_match,1.0,0.0026036839802660735
30,338.0,338.0,0.997269549546639,when_stop_schooling_match,0.0,0.0
30,338.0,338.0,0.997269549546639,noschooling_reason_match,1.0,0.0
30,338.0,338.0,0.997269549546639,time_to_school_match,1.0,0.002308186714231263
30,338.0,338.0,0.997269549546639,transport_medium_match,1.0,0.002465292846541187
30,338.0,338.0,0.997269549546639,distance_match,1.0,0.0
30,338.0,338.0,0.997269549546639,overall_similarity,0.8947368421052632,0.0
30,338.0,338.0,0.997269549546639,grade_last_year_diff,0.0,0.0
30,338.0,338.0,0.997269549546639,grade_last_year_equal,0.0,-0.004821150622570377
30,338.0,338.0,0.997269549546639,grade_this_year_diff,0.0,0.0
30,338.0,338.0,0.997269549546639,grade_this_year_equal,0.0,-0.0049265495853526445
30,338.0,338.0,0.997269549546639,time_to_school_diff,0.0,0.0
30,338.0,338.0,0.997269549546639,time_to_school_equal,0.0,-0.0038570278339837265
30,338.0,338.0,0.997269549546639,transport_medium_diff,0.0,0.0
30,338.0,338.0,0.997269549546639,transport_medium_equal,0.0,0.0
30,338.0,338.0,0.997269549546639,distance_diff,0.0,0.0
30,338.0,338.0,0.997269549546639,distance_equal,0.0,-0.005678680815915746
30,338.0,338.0,0.997269549546639,reason_leave_school_match,0.0,0.0
30,338.0,338.0,0.997269549546639,when_stop_schooling_diff,0.0,0.0
30,338.0,338.0,0.997269549546639,when_stop_schooling_equal,1.0,0.004821193922766825
30,338.0,338.0,0.997269549546639,sector_match,0.0,0.0
30,338.0,338.0,0.997269549546639,noschooling_reason_diff,0.0,0.0
30,338.0,338.0,0.997269549546639,noschooling_reason_equal,0.0,0.0
31,374.0,374.0,0.997269549546639,euclidean_distance,0.0,0.0
31,374.0,374.0,0.997269549546639,manhattan_distance,0.0,0.0
31,374.0,374.0,0.997269549546639,cosine_similarity,1.0,0.0
31,374.0,374.0,0.997269549546639,sector_diff,0.0,0.0
31,374.0,374.0,0.997269549546639,sector_equal,1.0,0.0
31,374.0,374.0,0.997269549546639,district_diff,0.0,0.0
31,374.0,374.0,0.997269549546639,district_equal,1.0,0.0
31,374.0,374.0,0.997269549546639,month_diff,0.0,0.0
31,374.0,374.0,0.997269549546639,month_equal,1.0,0.0
31,374.0,374.0,0.997269549546639,nhh_diff,0.0,0.0
31,374.0,374.0,0.997269549546639,nhh_equal,1.0,0.0
31,374.0,374.0,0.997269549546639,person_serial_no_diff,0.0,0.0
31,374.0,374.0,0.997269549546639,person_serial_no_equal,1.0,0.0
31,374.0,374.0,0.997269549546639,reason_leave_school_diff,0.0,0.0
31,374.0,374.0,0.997269549546639,reason_leave_school_equal,1.0,0.005290964495767936
31,374.0,374.0,0.997269549546639,hhno_match,0.0,0.0
31,374.0,374.0,0.997269549546639,psu_match,0.0,0.0
31,374.0,374.0,0.997269549546639,snumber_match,1.0,0.0
31,374.0,374.0,0.997269549546639,result_match,1.0,0.0
31,374.0,374.0,0.997269549546639,r2_school_education_match,1.0,0.0
31,374.0,374.0,0.997269549546639,type_of_school_match,1.0,0.0
31,374.0,374.0,0.997269549546639,grade_last_year_match,1.0,0.0
31,374.0,374.0,0.997269549546639,grade_this_year_match,1.0,0.0023008356588559626
31,374.0,374.0,0.997269549546639,when_stop_schooling_match,0.0,0.0
31,374.0,374.0,0.997269549546639,noschooling_reason_match,1.0,0.0
31,374.0,374.0,0.997269549546639,time_to_school_match,1.0,0.002336396813588021
31,374.0,374.0,0.997269549546639,transport_medium_match,1.0,0.0
31,374.0,374.0,0.997269549546639,distance_match,1.0,0.0025169101832022023
31,374.0,374.0,0.997269549546639,overall_similarity,0.8947368421052632,0.0
31,374.0,374.0,0.997269549546639,grade_last_year_diff,0.0,0.0
31,374.0,374.0,0.997269549546639,grade_last_year_equal,0.0,-0.004909714459246186
31,374.0,374.0,0.997269549546639,grade_this_year_diff,0.0,0.0
31,374.0,374.0,0.997269549546639,grade_this_year_equal,0.0,-0.004485790456324388
31,374.0,374.0,0.997269549546639,time_to_school_diff,0.0,0.0
31,374.0,374.0,0.997269549546639,time_to_school_equal,0.0,-0.003525108018855974
31,374.0,374.0,0.997269549546639,transport_medium_diff,0.0,0.0
31,374.0,374.0,0.997269549546639,transport_medium_equal,0.0,0.0
31,374.0,374.0,0.997269549546639,distance_diff,0.0,0.0
31,374.0,374.0,0.997269549546639,distance_equal,0.0,-0.005037098703079059
31,374.0,374.0,0.997269549546639,reason_leave_school_match,0.0,0.0021145880451112656
31,374.0,374.0,0.997269549546639,when_stop_schooling_diff,0.0,0.0
31,374.0,374.0,0.997269549546639,when_stop_schooling_equal,1.0,0.004440855618676206
31,374.0,374.0,0.997269549546639,sector_match,0.0,0.0
31,374.0,374.0,0.997269549546639,noschooling_reason_diff,0.0,0.0
31,374.0,374.0,0.997269549546639,noschooling_reason_equal,0.0,0.0
32,272.0,272.0,0.997269549546639,euclidean_distance,0.0,0.0
32,272.0,272.0,0.997269549546639,manhattan_distance,0.0,0.0
32,272.0,272.0,0.997269549546639,cosine_similarity,1.0,0.0
32,272.0,272.0,0.997269549546639,sector_diff,0.0,0.0
32,272.0,272.0,0.997269549546639,sector_equal,1.0,0.0
32,272.0,272.0,0.997269549546639,district_diff,0.0,0.0
32,272.0,272.0,0.997269549546639,district_equal,1.0,0.0
32,272.0,272.0,0.997269549546639,month_diff,0.0,0.0
32,272.0,272.0,0.997269549546639,month_equal,1.0,0.0
32,272.0,272.0,0.997269549546639,nhh_diff,0.0,0.0
32,272.0,272.0,0.997269549546639,nhh_equal,1.0,0.0
32,272.0,272.0,0.997269549546639,person_serial_no_diff,0.0,0.0
32,272.0,272.0,0.997269549546639,person_serial_no_equal,1.0,0.0
32,272.0,272.0,0.997269549546639,reason_leave_school_diff,0.0,0.0
32,272.0,272.0,0.997269549546639,reason_leave_school_equal,1.0,0.005995675468072023
32,272.0,272.0,0.997269549546639,hhno_match,0.0,0.0
32,272.0,272.0,0.997269549546639,psu_match,0.0,0.0
32,272.0,272.0,0.997269549546639,snumber_match,1.0,0.0
32,272.0,272.0,0.997269549546639,result_match,1.0,0.0
32,272.0,272.0,0.997269549546639,r2_school_education_match,1.0,0.0
32,272.0,272.0,0.997269549546639,type_of_school_match,1.0,0.0
32,272.0,272.0,0.997269549546639,grade_last_year_match,1.0,0.0027748860875966615
32,272.0,272.0,0.997269549546639,grade_this_year_match,1.0,0.0030435765271085097
32,272.0,272.0,0.997269549546639,when_stop_schooling_match,0.0,0.0
32,272.0,272.0,0.997269549546639,noschooling_reason_match,1.0,0.0
32,272.0,272.0,0.997269549546639,time_to_school_match,1.0,0.0030790984962031495
32,272.0,272.0,0.997269549546639,transport_medium_match,1.0,0.0
32,272.0,272.0,0.997269549546639,distance_match,1.0,0.0
32,272.0,272.0,0.997269549546639,overall_similarity,0.8947368421052632,0.0
32,272.0,272.0,0.997269549546639,grade_last_year_diff,0.0,0.0
32,272.0,272.0,0.997269549546639,grade_last_year_equal,0.0,-0.004249623907176543
32,272.0,272.0,0.997269549546639,grade_this_year_diff,0.0,0.0
32,272.0,272.0,0.997269549546639,grade_this_year_equal,0.0,-0.004217881237740091
32,272.0,272.0,0.997269549546639,time_to_school_diff,0.0,0.0
32,272.0,272.0,0.997269549546639,time_to_school_equal,0.0,-0.0031693068514814316
32,272.0,272.0,0.997269549546639,transport_medium_diff,0.0,0.0
32,272.0,272.0,0.997269549546639,transport_medium_equal,0.0,-0.0026371484904948025
32,272.0,272.0,0.997269549546639,distance_diff,0.0,0.0
32,272.0,272.0,0.997269549546639,distance_equal,0.0,-0.00464274165011644
32,272.0,272.0,0.997269549546639,reason_leave_school_match,0.0,0.0
32,272.0,272.0,0.997269549546639,when_stop_schooling_diff,0.0,0.0
32,272.0,272.0,0.997269549546639,when_stop_schooling_equal,1.0,0.005066304735724952
32,272.0,272.0,0.997269549546639,sector_match,0.0,0.0
32,272.0,272.0,0.997269549546639,noschooling_reason_diff,0.0,0.0
32,272.0,272.0,0.997269549546639,noschooling_reason_equal,0.0,0.0
33,311.0,311.0,0.997269549546639,euclidean_distance,0.0,0.0
33,311.0,311.0,0.997269549546639,manhattan_distance,0.0,0.0
33,311.0,311.0,0.997269549546639,cosine_similarity,1.0,0.0
33,311.0,311.0,0.997269549546639,sector_diff,0.0,0.0
33,311.0,311.0,0.997269549546639,sector_equal,1.0,0.0
33,311.0,311.0,0.997269549546639,district_diff,0.0,0.0
33,311.0,311.0,0.997269549546639,district_equal,1.0,0.0
33,311.0,311.0,0.997269549546639,month_diff,0.0,0.0
33,311.0,311.0,0.997269549546639,month_equal,1.0,0.0
33,311.0,311.0,0.997269549546639,nhh_diff,0.0,0.0
33,311.0,311.0,0.997269549546639,nhh_equal,1.0,0.0
33,311.0,311.0,0.997269549546639,person_serial_no_diff,0.0,0.0
33,311.0,311.0,0.997269549546639,person_serial_no_equal,1.0,0.0
33,311.0,311.0,0.997269549546639,reason_leave_school_diff,0.0,0.0
33,311.0,311.0,0.997269549546639,reason_leave_school_equal,1.0,0.0055389820257202805
33,311.0,311.0,0.997269549546639,hhno_match,0.0,0.0
33,311.0,311.0,0.997269549546639,psu_match,0.0,0.0
33,311.0,311.0,0.997269549546639,snumber_match,1.0,0.0
33,311.0,311.0,0.997269549546639,result_match,1.0,0.0
33,311.0,311.0,0.997269549546639,r2_school_education_match,1.0,0.0
33,311.0,311.0,0.997269549546639,type_of_school_match,1.0,0.0
33,311.0,311.0,0.997269549546639,grade_last_year_match,1.0,0.002699604104237734
33,311.0,311.0,0.997269549546639,grade_this_year_match,1.0,0.0
33,311.0,311.0,0.997269549546639,when_stop_schooling_match,0.0,0.0
33,311.0,311.0,0.997269549546639,noschooling_reason_match,1.0,0.0
33,311.0,311.0,0.997269549546639,time_to_school_match,1.0,0.0021591544839133277
33,311.0,311.0,0.997269549546639,transport_medium_match,1.0,0.0023779614109219
33,311.0,311.0,0.997269549546639,distance_match,1.0,0.002611102443171804
33,311.0,311.0,0.997269549546639,overall_similarity,0.8947368421052632,0.0
33,311.0,311.0,0.997269549546639,grade_last_year_diff,0.0,0.0
33,311.0,311.0,0.997269549546639,grade_last_year_equal,0.0,-0.004711962633774886
33,311.0,311.0,0.997269549546639,grade_this_year_diff,0.0,0.0
33,311.0,311.0,0.997269549546639,grade_this_year_equal,0.0,-0.004983239745983222
33,311.0,311.0,0.997269549546639,time_to_school_diff,0.0,0.0
33,311.0,311.0,0.997269549546639,time_to_school_equal,0.0,-0.0038180626406555123
33,311.0,311.0,0.997269549546639,transport_medium_diff,0.0,0.0
33,311.0,311.0,0.997269549546639,transport_medium_equal,0.0,0.0
33,311.0,311.0,0.997269549546639,distance_diff,0.0,0.0
33,311.0,311.0,0.997269549546639,distance_equal,0.0,-0.005790113856046587
33,311.0,311.0,0.997269549546639,reason_leave_school_match,0.0,0.0
33,311.0,311.0,0.997269549546639,when_stop_schooling_diff,0.0,0.0
33,311.0,311.0,0.997269549546639,when_stop_schooling_equal,1.0,0.004959413586191149
33,311.0,311.0,0.997269549546639,sector_match,0.0,0.0
33,311.0,311.0,0.997269549546639,noschooling_reason_diff,0.0,0.0
33,311.0,311.0,0.997269549546639,noschooling_reason_equal,0.0,0.0
34,314.0,314.0,0.997269549546639,euclidean_distance,0.0,0.0
34,314.0,314.0,0.997269549546639,manhattan_distance,0.0,0.0
34,314.0,314.0,0.997269549546639,cosine_similarity,1.0,0.0
34,314.0,314.0,0.997269549546639,sector_diff,0.0,0.0
34,314.0,314.0,0.997269549546639,sector_equal,1.0,0.0
34,314.0,314.0,0.997269549546639,district_diff,0.0,0.0
34,314.0,314.0,0.997269549546639,district_equal,1.0,0.0
34,314.0,314.0,0.997269549546639,month_diff,0.0,0.0
34,314.0,314.0,0.997269549546639,month_equal,1.0,0.0
34,314.0,314.0,0.997269549546639,nhh_diff,0.0,0.0
34,314.0,314.0,0.997269549546639,nhh_equal,1.0,0.0
34,314.0,314.0,0.997269549546639,person_serial_no_diff,0.0,0.0
34,314.0,314.0,0.997269549546639,person_serial_no_equal,1.0,0.0
34,314.0,314.0,0.997269549546639,reason_leave_school_diff,0.0,0.0
34,314.0,314.0,0.997269549546639,reason_leave_school_equal,1.0,0.005684241990605029
34,314.0,314.0,0.997269549546639,hhno_match,0.0,0.0
34,314.0,314.0,0.997269549546639,psu_match,0.0,0.0
34,314.0,314.0,0.997269549546639,snumber_match,1.0,0.0
34,314.0,314.0,0.997269549546639,result_match,1.0,0.0
34,314.0,314.0,0.997269549546639,r2_school_education_match,1.0,0.0
34,314.0,314.0,0.997269549546639,type_of_school_match,1.0,0.0
34,314.0,314.0,0.997269549546639,grade_last_year_match,1.0,0.0025810902821662165
34,314.0,314.0,0.997269549546639,grade_this_year_match,1.0,0.0025607777340999954
34,314.0,314.0,0.997269549546639,when_stop_schooling_match,0.0,0.0
34,314.0,314.0,0.997269549546639,noschooling_reason_match,1.0,0.0
34,314.0,314.0,0.997269549546639,time_to_school_match,1.0,0.002612886336072532
34,314.0,314.0,0.997269549546639,transport_medium_match,1.0,0.0
34,314.0,314.0,0.997269549546639,distance_match,1.0,0.002957031151269103
34,314.0,314.0,0.997269549546639,overall_similarity,0.8947368421052632,0.0
34,314.0,314.0,0.997269549546639,grade_last_year_diff,0.0,0.0
34,314.0,314.0,0.997269549546639,grade_last_year_equal,0.0,-0.005114460102524083
34,314.0,314.0,0.997269549546639,grade_this_year_diff,0.0,0.0
34,314.0,314.0,0.997269549546639,grade_this_year_equal,0.0,-0.0053297449288638365
34,314.0,314.0,0.997269549546639,time_to_school_diff,0.0,0.0
34,314.0,314.0,0.997269549546639,time_to_school_equal,0.0,-0.0038712123216091705
34,314.0,314.0,0.997269549546639,transport_medium_diff,0.0,0.0
34,314.0,314.0,0.997269549546639,transport_medium_equal,0.0,0.0
34,314.0,314.0,0.997269549546639,distance_diff,0.0,0.0
34,314.0,314.0,0.997269549546639,distance_equal,0.0,-0.005878480314635956
34,314.0,314.0,0.997269549546639,reason_leave_school_match,0.0,0.0
34,314.0,314.0,0.997269549546639,when_stop_schooling_diff,0.0,0.0
34,314.0,314.0,0.997269549546639,when_stop_schooling_equal,1.0,0.004840709351116159
34,314.0,314.0,0.997269549546639,sector_match,0.0,0.0
34,314.0,314.0,0.997269549546639,noschooling_reason_diff,0.0,0.0
34,314.0,314.0,0.997269549546639,noschooling_reason_equal,0.0,0.0
35,321.0,321.0,0.997269549546639,euclidean_distance,0.0,0.0
35,321.0,321.0,0.997269549546639,manhattan_distance,0.0,0.0
35,321.0,321.0,0.997269549546639,cosine_similarity,1.0,0.0
35,321.0,321.0,0.997269549546639,sector_diff,0.0,0.0
35,321.0,321.0,0.997269549546639,sector_equal,1.0,0.0
35,321.0,321.0,0.997269549546639,district_diff,0.0,0.0
35,321.0,321.0,0.997269549546639,district_equal,1.0,0.0
35,321.0,321.0,0.997269549546639,month_diff,0.0,0.0
35,321.0,321.0,0.997269549546639,month_equal,1.0,0.0
35,321.0,321.0,0.997269549546639,nhh_diff,0.0,0.0
35,321.0,321.0,0.997269549546639,nhh_equal,1.0,0.0
35,321.0,321.0,0.997269549546639,person_serial_no_diff,0.0,0.0
35,321.0,321.0,0.997269549546639,person_serial_no_equal,1.0,0.0
35,321.0,321.0,0.997269549546639,reason_leave_school_diff,0.0,0.0
35,321.0,321.0,0.997269549546639,reason_leave_school_equal,1.0,0.0066616225942897345
35,321.0,321.0,0.997269549546639,hhno_match,0.0,0.0
35,321.0,321.0,0.997269549546639,psu_match,0.0,0.0
35,321.0,321.0,0.997269549546639,snumber_match,1.0,0.0
35,321.0,321.0,0.997269549546639,result_match,1.0,0.0
35,321.0,321.0,0.997269549546639,r2_school_education_match,1.0,0.0
35,321.0,321.0,0.997269549546639,type_of_school_match,1.0,0.0
35,321.0,321.0,0.997269549546639,grade_last_year_match,1.0,0.003198359486185834
35,321.0,321.0,0.997269549546639,grade_this_year_match,1.0,0.0033860107550933907
35,321.0,321.0,0.997269549546639,when_stop_schooling_match,0.0,0.0
35,321.0,321.0,0.997269549546639,noschooling_reason_match,1.0,0.0
35,321.0,321.0,0.997269549546639,time_to_school_match,1.0,0.002955646384745957
35,321.0,321.0,0.997269549546639,transport_medium_match,1.0,0.0
35,321.0,321.0,0.997269549546639,distance_match,1.0,0.0
35,321.0,321.0,0.997269549546639,overall_similarity,0.8947368421052632,0.0
35,321.0,321.0,0.997269549546639,grade_last_year_diff,0.0,0.0
35,321.0,321.0,0.997269549546639,grade_last_year_equal,0.0,-0.004583530618724934
35,321.0,321.0,0.997269549546639,grade_this_year_diff,0.0,0.0
35,321.0,321.0,0.997269549546639,grade_this_year_equal,0.0,-0.004309488312690418
35,321.0,321.0,0.997269549546639,time_to_school_diff,0.0,0.0
35,321.0,321.0,0.997269549546639,time_to_school_equal,0.0,-0.0033154880137806534
35,321.0,321.0,0.997269549546639,transport_medium_diff,0.0,0.0
35,321.0,321.0,0.997269549546639,transport_medium_equal,0.0,-0.003151090572668108
35,321.0,321.0,0.997269549546639,distance_diff,0.0,0.0
35,321.0,321.0,0.997269549546639,distance_equal,0.0,-0.005257713520533468
35,321.0,321.0,0.997269549546639,reason_leave_school_match,0.0,0.0
35,321.0,321.0,0.997269549546639,when_stop_schooling_diff,0.0,0.0
35,321.0,321.0,0.997269549546639,when_stop_schooling_equal,1.0,0.005458510995778652
35,321.0,321.0,0.997269549546639,sector_match,0.0,0.0
35,321.0,321.0,0.997269549546639,noschooling_reason_diff,0.0,0.0
35,321.0,321.0,0.997269549546639,noschooling_reason_equal,0.0,0.0
36,5.0,5.0,0.997269549546639,euclidean_distance,0.0,0.0
36,5.0,5.0,0.997269549546639,manhattan_distance,0.0,0.0
36,5.0,5.0,0.997269549546639,cosine_similarity,1.0,0.0
36,5.0,5.0,0.997269549546639,sector_diff,0.0,0.0
36,5.0,5.0,0.997269549546639,sector_equal,1.0,0.0
36,5.0,5.0,0.997269549546639,district_diff,0.0,0.0
36,5.0,5.0,0.997269549546639,district_equal,1.0,0.0
36,5.0,5.0,0.997269549546639,month_diff,0.0,0.0
36,5.0,5.0,0.997269549546639,month_equal,1.0,0.0
36,5.0,5.0,0.997269549546639,nhh_diff,0.0,0.0
36,5.0,5.0,0.997269549546639,nhh_equal,1.0,0.0
36,5.0,5.0,0.997269549546639,person_serial_no_diff,0.0,0.0
36,5.0,5.0,0.997269549546639,person_serial_no_equal,1.0,0.0
36,5.0,5.0,0.997269549546639,reason_leave_school_diff,0.0,0.0
36,5.0,5.0,0.997269549546639,reason_leave_school_equal,1.0,0.00604292207724056
36,5.0,5.0,0.997269549546639,hhno_match,0.0,0.0
36,5.0,5.0,0.997269549546639,psu_match,0.0,0.0
36,5.0,5.0,0.997269549546639,snumber_match,1.0,0.0
36,5.0,5.0,0.997269549546639,result_match,1.0,0.0
36,5.0,5.0,0.997269549546639,r2_school_education_match,1.0,0.0
36,5.0,5.0,0.997269549546639,type_of_school_match,1.0,0.0
36,5.0,5.0,0.997269549546639,grade_last_year_match,1.0,0.0
36,5.0,5.0,0.997269549546639,grade_this_year_match,1.0,0.0028140353481764667
36,5.0,5.0,0.997269549546639,when_stop_schooling_match,0.0,0.0
36,5.0,5.0,0.997269549546639,noschooling_reason_match,1.0,0.0
36,5.0,5.0,0.997269549546639,time_to_school_match,1.0,0.0
36,5.0,5.0,0.997269549546639,transport_medium_match,1.0,0.003052214745401552
36,5.0,5.0,0.997269549546639,distance_match,1.0,0.0027405375892252293
36,5.0,5.0,0.997269549546639,overall_similarity,0.8947368421052632,0.0
36,5.0,5.0,0.997269549546639,grade_last_year_diff,0.0,0.0
36,5.0,5.0,0.997269549546639,grade_last_year_equal,0.0,-0.004367580146727792
36,5.0,5.0,0.997269549546639,grade_this_year_diff,0.0,0.0
36,5.0,5.0,0.997269549546639,grade_this_year_equal,0.0,-0.004057301658823803
36,5.0,5.0,0.997269549546639,time_to_school_diff,0.0,0.0
36,5.0,5.0,0.997269549546639,time_to_school_equal,0.0,-0.0026994116860954865
36,5.0,5.0,0.997269549546639,transport_medium_diff,0.0,0.0
36,5.0,5.0,0.997269549546639,transport_medium_equal,0.0,-0.002750160605398204
36,5.0,5.0,0.997269549546639,distance_diff,0.0,0.0
36,5.0,5.0,0.997269549546639,distance_equal,0.0,-0.004779412286191612
36,5.0,5.0,0.997269549546639,reason_leave_school_match,0.0,0.0
36,5.0,5.0,0.997269549546639,when_stop_schooling_diff,0.0,0.0
36,5.0,5.0,0.997269549546639,when_stop_schooling_equal,1.0,0.005046995800889076
36,5.0,5.0,0.997269549546639,sector_match,0.0,0.0
36,5.0,5.0,0.997269549546639,noschooling_reason_diff,0.0,0.0
36,5.0,5.0,0.997269549546639,noschooling_reason_equal,0.0,0.0
37,31.0,31.0,0.997269549546639,euclidean_distance,0.0,0.0
37,31.0,31.0,0.997269549546639,manhattan_distance,0.0,0.0
37,31.0,31.0,0.997269549546639,cosine_similarity,1.0,0.0
37,31.0,31.0,0.997269549546639,sector_diff,0.0,0.0
37,31.0,31.0,0.997269549546639,sector_equal,1.0,0.0
37,31.0,31.0,0.997269549546639,district_diff,0.0,0.0
37,31.0,31.0,0.997269549546639,district_equal,1.0,0.0
37,31.0,31.0,0.997269549546639,month_diff,0.0,0.0
37,31.0,31.0,0.997269549546639,month_equal,1.0,0.0
37,31.0,31.0,0.997269549546639,nhh_diff,0.0,0.0
37,31.0,31.0,0.997269549546639,nhh_equal,1.0,0.0
37,31.0,31.0,0.997269549546639,person_serial_no_diff,0.0,0.0
37,31.0,31.0,0.997269549546639,person_serial_no_equal,1.0,0.0
37,31.0,31.0,0.997269549546639,reason_leave_school_diff,0.0,0.0
37,31.0,31.0,0.997269549546639,reason_leave_school_equal,1.0,0.00624378923974462
37,31.0,31.0,0.997269549546639,hhno_match,0.0,0.0
37,31.0,31.0,0.997269549546639,psu_match,0.0,0.0
37,31.0,31.0,0.997269549546639,snumber_match,1.0,0.0
37,31.0,31.0,0.997269549546639,result_match,1.0,0.0
37,31.0,31.0,0.997269549546639,r2_school_education_match,1.0,0.0
37,31.0,31.0,0.997269549546639,type_of_school_match,1.0,0.0
37,31.0,31.0,0.997269549546639,grade_last_year_match,1.0,0.0
37,31.0,31.0,0.997269549546639,grade_this_year_match,1.0,0.0028706381611087115
37,31.0,31.0,0.997269549546639,when_stop_schooling_match,0.0,0.0
37,31.0,31.0,0.997269549546639,noschooling_reason_match,1.0,0.0
37,31.0,31.0,0.997269549546639,time_to_school_match,1.0,0.003110149437206074
37,31.0,31.0,0.997269549546639,transport_medium_match,1.0,0.003053962410993484
37,31.0,31.0,0.997269549546639,distance_match,1.0,0.0
37,31.0,31.0,0.997269549546639,overall_similarity,0.8947368421052632,0.0
37,31.0,31.0,0.997269549546639,grade_last_year_diff,0.0,0.0
37,31.0,31.0,0.997269549546639,grade_last_year_equal,0.0,-0.00456210195257535
37,31.0,31.0,0.997269549546639,grade_this_year_diff,0.0,0.0
37,31.0,31.0,0.997269549546639,grade_this_year_equal,0.0,-0.004471102350875607
37,31.0,31.0,0.997269549546639,time_to_school_diff,0.0,0.0
37,31.0,31.0,0.997269549546639,time_to_school_equal,0.0,-0.0030006205935102065
37,31.0,31.0,0.997269549546639,transport_medium_diff,0.0,0.0
37,31.0,31.0,0.997269549546639,transport_medium_equal,0.0,-0.0027741361716897514
37,31.0,31.0,0.997269549546639,distance_diff,0.0,0.0
37,31.0,31.0,0.997269549546639,distance_equal,0.0,-0.004932704821054719
37,31.0,31.0,0.997269549546639,reason_leave_school_match,0.0,0.0
37,31.0,31.0,0.997269549546639,when_stop_schooling_diff,0.0,0.0
37,31.0,31.0,0.997269549546639,when_stop_schooling_equal,1.0,0.005504965818348731
37,31.0,31.0,0.997269549546639,sector_match,0.0,0.0
37,31.0,31.0,0.997269549546639,noschooling_reason_diff,0.0,0.0
37,31.0,31.0,0.997269549546639,noschooling_reason_equal,0.0,0.0
38,356.0,356.0,0.997269549546639,euclidean_distance,0.0,0.0
38,356.0,356.0,0.997269549546639,manhattan_distance,0.0,0.0
38,356.0,356.0,0.997269549546639,cosine_similarity,1.0,0.0
38,356.0,356.0,0.997269549546639,sector_diff,0.0,0.0
38,356.0,356.0,0.997269549546639,sector_equal,1.0,0.0
38,356.0,356.0,0.997269549546639,district_diff,0.0,0.0
38,356.0,356.0,0.997269549546639,district_equal,1.0,0.0
38,356.0,356.0,0.997269549546639,month_diff,0.0,0.0
38,356.0,356.0,0.997269549546639,month_equal,1.0,0.0
38,356.0,356.0,0.997269549546639,nhh_diff,0.0,0.0
38,356.0,356.0,0.997269549546639,nhh_equal,1.0,0.0
38,356.0,356.0,0.997269549546639,person_serial_no_diff,0.0,0.0
38,356.0,356.0,0.997269549546639,person_serial_no_equal,1.0,0.0
38,356.0,356.0,0.997269549546639,reason_leave_school_diff,0.0,0.0
38,356.0,356.0,0.997269549546639,reason_leave_school_equal,1.0,0.005331033464436301
38,356.0,356.0,0.997269549546639,hhno_match,0.0,0.0
38,356.0,356.0,0.997269549546639,psu_match,0.0,0.0
38,356.0,356.0,0.997269549546639,snumber_match,1.0,0.0
38,356.0,356.0,0.997269549546639,result_match,1.0,0.0
38,356.0,356.0,0.997269549546639,r2_school_education_match,1.0,0.0
38,356.0,356.0,0.997269549546639,type_of_school_match,1.0,0.0
38,356.0,356.0,0.997269549546639,grade_last_year_match,1.0,0.0023126841927232364
38,356.0,356.0,0.997269549546639,grade_this_year_match,1.0,0.0
38,356.0,356.0,0.997269549546639,when_stop_schooling_match,0.0,0.0
38,356.0,356.0,0.997269549546639,noschooling_reason_match,1.0,0.0
38,356.0,356.0,0.997269549546639,time_to_school_match,1.0,0.0024603415724414536
38,356.0,356.0,0.997269549546639,transport_medium_match,1.0,0.0025326579197865063
38,356.0,356.0,0.997269549546639,distance_match,1.0,0.002679055640875855
38,356.0,356.0,0.997269549546639,overall_similarity,0.8947368421052632,0.0
38,356.0,356.0,0.997269549546639,grade_last_year_diff,0.0,0.0
38,356.0,356.0,0.997269549546639,grade_last_year_equal,0.0,-0.005346476736940758
38,356.0,356.0,0.997269549546639,grade_this_year_diff,0.0,0.0
38,356.0,356.0,0.997269549546639,grade_this_year_equal,0.0,-0.00460382157335594
38,356.0,356.0,0.997269549546639,time_to_school_diff,0.0,0.0
38,356.0,356.0,0.997269549546639,time_to_school_equal,0.0,0.0
38,356.0,356.0,0.997269549546639,transport_medium_diff,0.0,0.0
38,356.0,356.0,0.997269549546639,transport_medium_equal,0.0,-0.0033346726932938515
38,356.0,356.0,0.997269549546639,distance_diff,0.0,0.0
38,356.0,356.0,0.997269549546639,distance_equal,0.0,-0.005696324495395063
38,356.0,356.0,0.997269549546639,reason_leave_school_match,0.0,0.0
38,356.0,356.0,0.997269549546639,when_stop_schooling_diff,0.0,0.0
38,356.0,356.0,0.997269549546639,when_stop_schooling_equal,1.0,0.004708361886418246
38,356.0,356.0,0.997269549546639,sector_match,0.0,0.0
38,356.0,356.0,0.997269549546639,noschooling_reason_diff,0.0,0.0
38,356.0,356.0,0.997269549546639,noschooling_reason_equal,0.0,0.0
39,46.0,46.0,0.9967514056730562,euclidean_distance,0.0,0.0
39,46.0,46.0,0.9967514056730562,manhattan_distance,0.0,0.0
39,46.0,46.0,0.9967514056730562,cosine_similarity,1.0,0.0
39,46.0,46.0,0.9967514056730562,sector_diff,0.0,0.0
39,46.0,46.0,0.9967514056730562,sector_equal,1.0,0.0
39,46.0,46.0,0.9967514056730562,district_diff,0.0,0.0
39,46.0,46.0,0.9967514056730562,district_equal,1.0,0.0
39,46.0,46.0,0.9967514056730562,month_diff,0.0,0.0
39,46.0,46.0,0.9967514056730562,month_equal,1.0,0.0
39,46.0,46.0,0.9967514056730562,nhh_diff,0.0,0.0
39,46.0,46.0,0.9967514056730562,nhh_equal,1.0,0.0
39,46.0,46.0,0.9967514056730562,person_serial_no_diff,0.0,0.0
39,46.0,46.0,0.9967514056730562,person_serial_no_equal,1.0,0.0
39,46.0,46.0,0.9967514056730562,reason_leave_school_diff,0.0,0.0
39,46.0,46.0,0.9967514056730562,reason_leave_school_equal,0.0,-0.0007306377778901025
39,46.0,46.0,0.9967514056730562,hhno_match,0.0,0.0
39,46.0,46.0,0.9967514056730562,psu_match,0.0,0.0
39,46.0,46.0,0.9967514056730562,snumber_match,1.0,0.0
39,46.0,46.0,0.9967514056730562,result_match,1.0,0.0
39,46.0,46.0,0.9967514056730562,r2_school_education_match,1.0,0.0
39,46.0,46.0,0.9967514056730562,type_of_school_match,1.0,0.0
39,46.0,46.0,0.9967514056730562,grade_last_year_match,0.0,-0.0004984057646820442
39,46.0,46.0,0.9967514056730562,grade_this_year_match,0.0,-0.0004254081273359346
39,46.0,46.0,0.9967514056730562,when_stop_schooling_match,1.0,0.0
39,46.0,46.0,0.9967514056730562,noschooling_reason_match,1.0,0.0
39,46.0,46.0,0.9967514056730562,time_to_school_match,0.0,0.0
39,46.0,46.0,0.9967514056730562,transport_medium_match,0.0,-0.00042034497788940195
39,46.0,46.0,0.9967514056730562,distance_match,0.0,0.0
39,46.0,46.0,0.9967514056730562,overall_similarity,0.8947368421052632,0.0
39,46.0,46.0,0.9967514056730562,grade_last_year_diff,0.0,0.0
39,46.0,46.0,0.9967514056730562,grade_last_year_equal,1.0,0.0006990770222019872
39,46.0,46.0,0.9967514056730562,grade_this_year_diff,0.0,0.0
39,46.0,46.0,0.9967514056730562,grade_this_year_equal,1.0,0.0006632185441366733
39,46.0,46.0,0.9967514056730562,time_to_school_diff,0.0,0.0
39,46.0,46.0,0.9967514056730562,time_to_school_equal,1.0,0.0004983619325175507
39,46.0,46.0,0.9967514056730562,transport_medium_diff,0.0,0.0
39,46.0,46.0,0.9967514056730562,transport_medium_equal,1.0,0.0004833304951003956
39,46.0,46.0,0.9967514056730562,distance_diff,0.0,0.0
39,46.0,46.0,0.9967514056730562,distance_equal,1.0,0.0007770934424907766
39,46.0,46.0,0.9967514056730562,reason_leave_school_match,1.0,0.0
39,46.0,46.0,0.9967514056730562,when_stop_schooling_diff,0.0,0.0
39,46.0,46.0,0.9967514056730562,when_stop_schooling_equal,0.0,-0.000521589484536757
39,46.0,46.0,0.9967514056730562,sector_match,0.0,0.0
39,46.0,46.0,0.9967514056730562,noschooling_reason_diff,0.0,0.0
39,46.0,46.0,0.9967514056730562,noschooling_reason_equal,0.0,0.0
40,16.0,16.0,0.9967514056730562,euclidean_distance,0.0,0.0
40,16.0,16.0,0.9967514056730562,manhattan_distance,0.0,0.0
40,16.0,16.0,0.9967514056730562,cosine_similarity,1.0,0.0
40,16.0,16.0,0.9967514056730562,sector_diff,0.0,0.0
40,16.0,16.0,0.9967514056730562,sector_equal,1.0,0.0
40,16.0,16.0,0.9967514056730562,district_diff,0.0,0.0
40,16.0,16.0,0.9967514056730562,district_equal,1.0,0.0
40,16.0,16.0,0.9967514056730562,month_diff,0.0,0.0
40,16.0,16.0,0.9967514056730562,month_equal,1.0,0.0
40,16.0,16.0,0.9967514056730562,nhh_diff,0.0,0.0
40,16.0,16.0,0.9967514056730562,nhh_equal,1.0,0.0
40,16.0,16.0,0.9967514056730562,person_serial_no_diff,0.0,0.0
40,16.0,16.0,0.9967514056730562,person_serial_no_equal,1.0,0.0
40,16.0,16.0,0.9967514056730562,reason_leave_school_diff,0.0,0.0
40,16.0,16.0,0.9967514056730562,reason_leave_school_equal,0.0,-0.0006641445904495161
40,16.0,16.0,0.9967514056730562,hhno_match,0.0,0.0
40,16.0,16.0,0.9967514056730562,psu_match,0.0,0.0
40,16.0,16.0,0.9967514056730562,snumber_match,1.0,0.0
40,16.0,16.0,0.9967514056730562,result_match,1.0,0.0
40,16.0,16.0,0.9967514056730562,r2_school_education_match,1.0,0.0
40,16.0,16.0,0.9967514056730562,type_of_school_match,1.0,0.0
40,16.0,16.0,0.9967514056730562,grade_last_year_match,0.0,-0.00044917190355678
40,16.0,16.0,0.9967514056730562,grade_this_year_match,0.0,0.0
40,16.0,16.0,0.9967514056730562,when_stop_schooling_match,1.0,0.0
40,16.0,16.0,0.9967514056730562,noschooling_reason_match,1.0,0.0
40,16.0,16.0,0.9967514056730562,time_to_school_match,0.0,0.0
40,16.0,16.0,0.9967514056730562,transport_medium_match,0.0,-0.00039962854941711376
40,16.0,16.0,0.9967514056730562,distance_match,0.0,-0.0004030660812984503
40,16.0,16.0,0.9967514056730562,overall_similarity,0.8947368421052632,0.0
40,16.0,16.0,0.9967514056730562,grade_last_year_diff,0.0,0.0
40,16.0,16.0,0.9967514056730562,grade_last_year_equal,1.0,0.0006734134120477088
40,16.0,16.0,0.9967514056730562,grade_this_year_diff,0.0,0.0
40,16.0,16.0,0.9967514056730562,grade_this_year_equal,1.0,0.0006401076753043159
40,16.0,16.0,0.9967514056730562,time_to_school_diff,0.0,0.0
40,16.0,16.0,0.9967514056730562,time_to_school_equal,1.0,0.0004878012162652741
40,16.0,16.0,0.9967514056730562,transport_medium_diff,0.0,0.0
40,16.0,16.0,0.9967514056730562,transport_medium_equal,1.0,0.00042637170547333946
40,16.0,16.0,0.9967514056730562,distance_diff,0.0,0.0
40,16.0,16.0,0.9967514056730562,distance_equal,1.0,0.0007515050308329728
40,16.0,16.0,0.9967514056730562,reason_leave_school_match,1.0,0.0
40,16.0,16.0,0.9967514056730562,when_stop_schooling_diff,0.0,0.0
40,16.0,16.0,0.9967514056730562,when_stop_schooling_equal,0.0,-0.0005384926110886082
40,16.0,16.0,0.9967514056730562,sector_match,0.0,0.0
40,16.0,16.0,0.9967514056730562,noschooling_reason_diff,0.0,0.0
40,16.0,16.0,0.9967514056730562,noschooling_reason_equal,0.0,0.0
41,49.0,49.0,0.9967514056730562,euclidean_distance,0.0,0.0
41,49.0,49.0,0.9967514056730562,manhattan_distance,0.0,0.0
41,49.0,49.0,0.9967514056730562,cosine_similarity,1.0,0.0
41,49.0,49.0,0.9967514056730562,sector_diff,0.0,0.0
41,49.0,49.0,0.9967514056730562,sector_equal,1.0,0.0
41,49.0,49.0,0.9967514056730562,district_diff,0.0,0.0
41,49.0,49.0,0.9967514056730562,district_equal,1.0,0.0
41,49.0,49.0,0.9967514056730562,month_diff,0.0,0.0
41,49.0,49.0,0.9967514056730562,month_equal,1.0,0.0
41,49.0,49.0,0.9967514056730562,nhh_diff,0.0,0.0
41,49.0,49.0,0.9967514056730562,nhh_equal,1.0,0.0
41,49.0,49.0,0.9967514056730562,person_serial_no_diff,0.0,0.0
41,49.0,49.0,0.9967514056730562,person_serial_no_equal,1.0,0.0
41,49.0,49.0,0.9967514056730562,reason_leave_school_diff,0.0,0.0
41,49.0,49.0,0.9967514056730562,reason_leave_school_equal,0.0,-0.0006436987963537057
41,49.0,49.0,0.9967514056730562,hhno_match,0.0,0.0
41,49.0,49.0,0.9967514056730562,psu_match,0.0,0.0
41,49.0,49.0,0.9967514056730562,snumber_match,1.0,0.0
41,49.0,49.0,0.9967514056730562,result_match,1.0,0.0
41,49.0,49.0,0.9967514056730562,r2_school_education_match,1.0,0.0
41,49.0,49.0,0.9967514056730562,type_of_school_match,1.0,0.0
41,49.0,49.0,0.9967514056730562,grade_last_year_match,0.0,-0.0003773823244814028
41,49.0,49.0,0.9967514056730562,grade_this_year_match,0.0,0.0
41,49.0,49.0,0.9967514056730562,when_stop_schooling_match,1.0,0.0
41,49.0,49.0,0.9967514056730562,noschooling_reason_match,1.0,0.0
41,49.0,49.0,0.9967514056730562,time_to_school_match,0.0,-0.00041902043029586717
41,49.0,49.0,0.9967514056730562,transport_medium_match,0.0,0.0
41,49.0,49.0,0.9967514056730562,distance_match,0.0,-0.0004090622955682619
41,49.0,49.0,0.9967514056730562,overall_similarity,0.8947368421052632,0.0
41,49.0,49.0,0.9967514056730562,grade_last_year_diff,0.0,0.0
41,49.0,49.0,0.9967514056730562,grade_last_year_equal,1.0,0.0006377819509892638
41,49.0,49.0,0.9967514056730562,grade_this_year_diff,0.0,0.0
41,49.0,49.0,0.9967514056730562,grade_this_year_equal,1.0,0.0006161920000685439
41,49.0,49.0,0.9967514056730562,time_to_school_diff,0.0,0.0
41,49.0,49.0,0.9967514056730562,time_to_school_equal,1.0,0.000418503912321023
41,49.0,49.0,0.9967514056730562,transport_medium_diff,0.0,0.0
41,49.0,49.0,0.9967514056730562,transport_medium_equal,1.0,0.00041986964283502893
41,49.0,49.0,0.9967514056730562,distance_diff,0.0,0.0
41,49.0,49.0,0.9967514056730562,distance_equal,1.0,0.0007600712062965563
41,49.0,49.0,0.9967514056730562,reason_leave_school_match,1.0,0.0
41,49.0,49.0,0.9967514056730562,when_stop_schooling_diff,0.0,0.0
41,49.0,49.0,0.9967514056730562,when_stop_schooling_equal,0.0,-0.0004785595616980354
41,49.0,49.0,0.9967514056730562,sector_match,0.0,0.0
41,49.0,49.0,0.9967514056730562,noschooling_reason_diff,0.0,0.0
41,49.0,49.0,0.9967514056730562,noschooling_reason_equal,0.0,0.0
42,50.0,50.0,0.9967514056730562,euclidean_distance,0.0,0.0
42,50.0,50.0,0.9967514056730562,manhattan_distance,0.0,0.0
42,50.0,50.0,0.9967514056730562,cosine_similarity,1.0,0.0
42,50.0,50.0,0.9967514056730562,sector_diff,0.0,0.0
42,50.0,50.0,0.9967514056730562,sector_equal,1.0,0.0
42,50.0,50.0,0.9967514056730562,district_diff,0.0,0.0
42,50.0,50.0,0.9967514056730562,district_equal,1.0,0.0
42,50.0,50.0,0.9967514056730562,month_diff,0.0,0.0
42,50.0,50.0,0.9967514056730562,month_equal,1.0,0.0
42,50.0,50.0,0.9967514056730562,nhh_diff,0.0,0.0
42,50.0,50.0,0.9967514056730562,nhh_equal,1.0,0.0
42,50.0,50.0,0.9967514056730562,person_serial_no_diff,0.0,0.0
42,50.0,50.0,0.9967514056730562,person_serial_no_equal,1.0,0.0
42,50.0,50.0,0.9967514056730562,reason_leave_school_diff,0.0,0.0
42,50.0,50.0,0.9967514056730562,reason_leave_school_equal,0.0,-0.0007447843746087772
42,50.0,50.0,0.9967514056730562,hhno_match,0.0,0.0
42,50.0,50.0,0.9967514056730562,psu_match,0.0,0.0
42,50.0,50.0,0.9967514056730562,snumber_match,1.0,0.0
42,50.0,50.0,0.9967514056730562,result_match,1.0,0.0
42,50.0,50.0,0.9967514056730562,r2_school_education_match,1.0,0.0
42,50.0,50.0,0.9967514056730562,type_of_school_match,1.0,0.0
42,50.0,50.0,0.9967514056730562,grade_last_year_match,0.0,-0.0004797372128022592
42,50.0,50.0,0.9967514056730562,grade_this_year_match,0.0,0.0
42,50.0,50.0,0.9967514056730562,when_stop_schooling_match,1.0,0.0
42,50.0,50.0,0.9967514056730562,noschooling_reason_match,1.0,0.0
42,50.0,50.0,0.9967514056730562,time_to_school_match,0.0,-0.00047045537580797984
42,50.0,50.0,0.9967514056730562,transport_medium_match,0.0,0.0
42,50.0,50.0,0.9967514056730562,distance_match,0.0,-0.0004584613554595486
42,50.0,50.0,0.9967514056730562,overall_similarity,0.8947368421052632,0.0
42,50.0,50.0,0.9967514056730562,grade_last_year_diff,0.0,0.0
42,50.0,50.0,0.9967514056730562,grade_last_year_equal,1.0,0.0007448533660613024
42,50.0,50.0,0.9967514056730562,grade_this_year_diff,0.0,0.0
42,50.0,50.0,0.9967514056730562,grade_this_year_equal,1.0,0.000673342504234318
42,50.0,50.0,0.9967514056730562,time_to_school_diff,0.0,0.0
42,50.0,50.0,0.9967514056730562,time_to_school_equal,1.0,0.0005139171128315794
42,50.0,50.0,0.9967514056730562,transport_medium_diff,0.0,0.0
42,50.0,50.0,0.9967514056730562,transport_medium_equal,1.0,0.00045637562772065504
42,50.0,50.0,0.9967514056730562,distance_diff,0.0,0.0
42,50.0,50.0,0.9967514056730562,distance_equal,1.0,0.000810679219899645
42,50.0,50.0,0.9967514056730562,reason_leave_school_match,1.0,0.0
42,50.0,50.0,0.9967514056730562,when_stop_schooling_diff,0.0,0.0
42,50.0,50.0,0.9967514056730562,when_stop_schooling_equal,0.0,-0.0005210342079557916
42,50.0,50.0,0.9967514056730562,sector_match,0.0,0.0
42,50.0,50.0,0.9967514056730562,noschooling_reason_diff,0.0,0.0
42,50.0,50.0,0.9967514056730562,noschooling_reason_equal,0.0,0.0
43,51.0,51.0,0.9967514056730562,euclidean_distance,0.0,0.0
43,51.0,51.0,0.9967514056730562,manhattan_distance,0.0,0.0
43,51.0,51.0,0.9967514056730562,cosine_similarity,1.0,0.0
43,51.0,51.0,0.9967514056730562,sector_diff,0.0,0.0
43,51.0,51.0,0.9967514056730562,sector_equal,1.0,0.0
43,51.0,51.0,0.9967514056730562,district_diff,0.0,0.0
43,51.0,51.0,0.9967514056730562,district_equal,1.0,0.0
43,51.0,51.0,0.9967514056730562,month_diff,0.0,0.0
43,51.0,51.0,0.9967514056730562,month_equal,1.0,0.0
43,51.0,51.0,0.9967514056730562,nhh_diff,0.0,0.0
43,51.0,51.0,0.9967514056730562,nhh_equal,1.0,0.0
43,51.0,51.0,0.9967514056730562,person_serial_no_diff,0.0,0.0
43,51.0,51.0,0.9967514056730562,person_serial_no_equal,1.0,0.0
43,51.0,51.0,0.9967514056730562,reason_leave_school_diff,0.0,0.0
43,51.0,51.0,0.9967514056730562,reason_leave_school_equal,0.0,-0.0006980075398146544
43,51.0,51.0,0.9967514056730562,hhno_match,0.0,0.0
43,51.0,51.0,0.9967514056730562,psu_match,0.0,0.0
43,51.0,51.0,0.9967514056730562,snumber_match,1.0,0.0
43,51.0,51.0,0.9967514056730562,result_match,1.0,0.0
43,51.0,51.0,0.9967514056730562,r2_school_education_match,1.0,0.0
43,51.0,51.0,0.9967514056730562,type_of_school_match,1.0,0.0
43,51.0,51.0,0.9967514056730562,grade_last_year_match,0.0,0.0
43,51.0,51.0,0.9967514056730562,grade_this_year_match,0.0,-0.0004606861726884581
43,51.0,51.0,0.9967514056730562,when_stop_schooling_match,1.0,0.0
43,51.0,51.0,0.9967514056730562,noschooling_reason_match,1.0,0.0
43,51.0,51.0,0.9967514056730562,time_to_school_match,0.0,-0.00037759946876240915
43,51.0,51.0,0.9967514056730562,transport_medium_match,0.0,0.0
43,51.0,51.0,0.9967514056730562,distance_match,0.0,-0.0004111099988799127
43,51.0,51.0,0.9967514056730562,overall_similarity,0.8947368421052632,0.0
43,51.0,51.0,0.9967514056730562,grade_last_year_diff,0.0,0.0
43,51.0,51.0,0.9967514056730562,grade_last_year_equal,1.0,0.0006878265008036307
43,51.0,51.0,0.9967514056730562,grade_this_year_diff,0.0,0.0
43,51.0,51.0,0.9967514056730562,grade_this_year_equal,1.0,0.000631169695948773
43,51.0,51.0,0.9967514056730562,time_to_school_diff,0.0,0.0
43,51.0,51.0,0.9967514056730562,time_to_school_equal,1.0,0.0005022170791383965
43,51.0,51.0,0.9967514056730562,transport_medium_diff,0.0,0.0
43,51.0,51.0,0.9967514056730562,transport_medium_equal,1.0,0.000398186012348331
43,51.0,51.0,0.9967514056730562,distance_diff,0.0,0.0
43,51.0,51.0,0.9967514056730562,distance_equal,1.0,0.0007202672606159594
43,51.0,51.0,0.9967514056730562,reason_leave_school_match,1.0,0.0
43,51.0,51.0,0.9967514056730562,when_stop_schooling_diff,0.0,0.0
43,51.0,51.0,0.9967514056730562,when_stop_schooling_equal,0.0,-0.0004675680645965133
43,51.0,51.0,0.9967514056730562,sector_match,0.0,0.0
43,51.0,51.0,0.9967514056730562,noschooling_reason_diff,0.0,0.0
43,51.0,51.0,0.9967514056730562,noschooling_reason_equal,0.0,0.0
44,48.0,48.0,0.9967514056730562,euclidean_distance,0.0,0.0
44,48.0,48.0,0.9967514056730562,manhattan_distance,0.0,0.0
44,48.0,48.0,0.9967514056730562,cosine_similarity,1.0,0.0
44,48.0,48.0,0.9967514056730562,sector_diff,0.0,0.0
44,48.0,48.0,0.9967514056730562,sector_equal,1.0,0.0
44,48.0,48.0,0.9967514056730562,district_diff,0.0,0.0
44,48.0,48.0,0.9967514056730562,district_equal,1.0,0.0
44,48.0,48.0,0.9967514056730562,month_diff,0.0,0.0
44,48.0,48.0,0.9967514056730562,month_equal,1.0,0.0
44,48.0,48.0,0.9967514056730562,nhh_diff,0.0,0.0
44,48.0,48.0,0.9967514056730562,nhh_equal,1.0,0.0
44,48.0,48.0,0.9967514056730562,person_serial_no_diff,0.0,0.0
44,48.0,48.0,0.9967514056730562,person_serial_no_equal,1.0,0.0
44,48.0,48.0,0.9967514056730562,reason_leave_school_diff,0.0,0.0
44,48.0,48.0,0.9967514056730562,reason_leave_school_equal,0.0,-0.000722418104003216
44,48.0,48.0,0.9967514056730562,hhno_match,0.0,0.0
44,48.0,48.0,0.9967514056730562,psu_match,0.0,0.0
44,48.0,48.0,0.9967514056730562,snumber_match,1.0,0.0
44,48.0,48.0,0.9967514056730562,result_match,1.0,0.0
44,48.0,48.0,0.9967514056730562,r2_school_education_match,1.0,0.0
44,48.0,48.0,0.9967514056730562,type_of_school_match,1.0,0.0
44,48.0,48.0,0.9967514056730562,grade_last_year_match,0.0,-0.0004786185779914109
44,48.0,48.0,0.9967514056730562,grade_this_year_match,0.0,0.0
44,48.0,48.0,0.9967514056730562,when_stop_schooling_match,1.0,0.0
44,48.0,48.0,0.9967514056730562,noschooling_reason_match,1.0,0.0
44,48.0,48.0,0.9967514056730562,time_to_school_match,0.0,-0.00043632139291862465
44,48.0,48.0,0.9967514056730562,transport_medium_match,0.0,-0.0004287598394908657
44,48.0,48.0,0.9967514056730562,distance_match,0.0,0.0
44,48.0,48.0,0.9967514056730562,overall_similarity,0.8947368421052632,0.0
44,48.0,48.0,0.9967514056730562,grade_last_year_diff,0.0,0.0
44,48.0,48.0,0.9967514056730562,grade_last_year_equal,1.0,0.0006960989420947663
44,48.0,48.0,0.9967514056730562,grade_this_year_diff,0.0,0.0
44,48.0,48.0,0.9967514056730562,grade_this_year_equal,1.0,0.0006469629415556941
44,48.0,48.0,0.9967514056730562,time_to_school_diff,0.0,0.0
44,48.0,48.0,0.9967514056730562,time_to_school_equal,1.0,0.0004986420272196256
44,48.0,48.0,0.9967514056730562,transport_medium_diff,0.0,0.0
44,48.0,48.0,0.9967514056730562,transport_medium_equal,1.0,0.0004699966067426389
44,48.0,48.0,0.9967514056730562,distance_diff,0.0,0.0
44,48.0,48.0,0.9967514056730562,distance_equal,1.0,0.0007627599783676519
44,48.0,48.0,0.9967514056730562,reason_leave_school_match,1.0,0.0
44,48.0,48.0,0.9967514056730562,when_stop_schooling_diff,0.0,0.0
44,48.0,48.0,0.9967514056730562,when_stop_schooling_equal,0.0,-0.0004836472774631166
44,48.0,48.0,0.9967514056730562,sector_match,0.0,0.0
44,48.0,48.0,0.9967514056730562,noschooling_reason_diff,0.0,0.0
44,48.0,48.0,0.9967514056730562,noschooling_reason_equal,0.0,0.0
45,81.0,81.0,0.9967514056730562,euclidean_distance,0.0,0.0
45,81.0,81.0,0.9967514056730562,manhattan_distance,0.0,0.0
45,81.0,81.0,0.9967514056730562,cosine_similarity,1.0,0.0
45,81.0,81.0,0.9967514056730562,sector_diff,0.0,0.0
45,81.0,81.0,0.9967514056730562,sector_equal,1.0,0.0
45,81.0,81.0,0.9967514056730562,district_diff,0.0,0.0
45,81.0,81.0,0.9967514056730562,district_equal,1.0,0.0
45,81.0,81.0,0.9967514056730562,month_diff,0.0,0.0
45,81.0,81.0,0.9967514056730562,month_equal,1.0,0.0
45,81.0,81.0,0.9967514056730562,nhh_diff,0.0,0.0
45,81.0,81.0,0.9967514056730562,nhh_equal,1.0,0.0
45,81.0,81.0,0.9967514056730562,person_serial_no_diff,0.0,0.0
45,81.0,81.0,0.9967514056730562,person_serial_no_equal,1.0,0.0
45,81.0,81.0,0.9967514056730562,reason_leave_school_diff,0.0,0.0
45,81.0,81.0,0.9967514056730562,reason_leave_school_equal,0.0,-0.0006612939504797771
45,81.0,81.0,0.9967514056730562,hhno_match,0.0,0.0
45,81.0,81.0,0.9967514056730562,psu_match,0.0,0.0
45,81.0,81.0,0.9967514056730562,snumber_match,1.0,0.0
45,81.0,81.0,0.9967514056730562,result_match,1.0,0.0
45,81.0,81.0,0.9967514056730562,r2_school_education_match,1.0,0.0
45,81.0,81.0,0.9967514056730562,type_of_school_match,1.0,0.0
45,81.0,81.0,0.9967514056730562,grade_last_year_match,0.0,-0.0003927587295934775
45,81.0,81.0,0.9967514056730562,grade_this_year_match,0.0,-0.00040793730494091576
45,81.0,81.0,0.9967514056730562,when_stop_schooling_match,1.0,0.0
45,81.0,81.0,0.9967514056730562,noschooling_reason_match,1.0,0.0
45,81.0,81.0,0.9967514056730562,time_to_school_match,0.0,-0.0003674697855493554
45,81.0,81.0,0.9967514056730562,transport_medium_match,0.0,0.0
45,81.0,81.0,0.9967514056730562,distance_match,0.0,0.0
45,81.0,81.0,0.9967514056730562,overall_similarity,0.8947368421052632,0.0
45,81.0,81.0,0.9967514056730562,grade_last_year_diff,0.0,0.0
45,81.0,81.0,0.9967514056730562,grade_last_year_equal,1.0,0.0006393422914201735
45,81.0,81.0,0.9967514056730562,grade_this_year_diff,0.0,0.0
45,81.0,81.0,0.9967514056730562,grade_this_year_equal,1.0,0.0006432939266783384
45,81.0,81.0,0.9967514056730562,time_to_school_diff,0.0,0.0
45,81.0,81.0,0.9967514056730562,time_to_school_equal,1.0,0.0004627198398021084
45,81.0,81.0,0.9967514056730562,transport_medium_diff,0.0,0.0
45,81.0,81.0,0.9967514056730562,transport_medium_equal,1.0,0.00039936062619297835
45,81.0,81.0,0.9967514056730562,distance_diff,0.0,0.0
45,81.0,81.0,0.9967514056730562,distance_equal,1.0,0.0007283100901534756
45,81.0,81.0,0.9967514056730562,reason_leave_school_match,1.0,0.0
45,81.0,81.0,0.9967514056730562,when_stop_schooling_diff,0.0,0.0
45,81.0,81.0,0.9967514056730562,when_stop_schooling_equal,0.0,-0.0005188716995704054
45,81.0,81.0,0.9967514056730562,sector_match,0.0,0.0
45,81.0,81.0,0.9967514056730562,noschooling_reason_diff,0.0,0.0
45,81.0,81.0,0.9967514056730562,noschooling_reason_equal,0.0,0.0
46,82.0,82.0,0.9967514056730562,euclidean_distance,0.0,0.0
46,82.0,82.0,0.9967514056730562,manhattan_distance,0.0,0.0
46,82.0,82.0,0.9967514056730562,cosine_similarity,1.0,0.0
46,82.0,82.0,0.9967514056730562,sector_diff,0.0,0.0
46,82.0,82.0,0.9967514056730562,sector_equal,1.0,0.0
46,82.0,82.0,0.9967514056730562,district_diff,0.0,0.0
46,82.0,82.0,0.9967514056730562,district_equal,1.0,0.0
46,82.0,82.0,0.9967514056730562,month_diff,0.0,0.0
46,82.0,82.0,0.9967514056730562,month_equal,1.0,0.0
46,82.0,82.0,0.9967514056730562,nhh_diff,0.0,0.0
46,82.0,82.0,0.9967514056730562,nhh_equal,1.0,0.0
46,82.0,82.0,0.9967514056730562,person_serial_no_diff,0.0,0.0
46,82.0,82.0,0.9967514056730562,person_serial_no_equal,1.0,0.0
46,82.0,82.0,0.9967514056730562,reason_leave_school_diff,0.0,0.0
46,82.0,82.0,0.9967514056730562,reason_leave_school_equal,0.0,-0.0007144308537488938
46,82.0,82.0,0.9967514056730562,hhno_match,0.0,0.0
46,82.0,82.0,0.9967514056730562,psu_match,0.0,0.0
46,82.0,82.0,0.9967514056730562,snumber_match,1.0,0.0
46,82.0,82.0,0.9967514056730562,result_match,1.0,0.0
46,82.0,82.0,0.9967514056730562,r2_school_education_match,1.0,0.0
46,82.0,82.0,0.9967514056730562,type_of_school_match,1.0,0.0
46,82.0,82.0,0.9967514056730562,grade_last_year_match,0.0,0.0
46,82.0,82.0,0.9967514056730562,grade_this_year_match,0.0,-0.0004172265434881863
46,82.0,82.0,0.9967514056730562,when_stop_schooling_match,1.0,0.0
46,82.0,82.0,0.9967514056730562,noschooling_reason_match,1.0,0.0
46,82.0,82.0,0.9967514056730562,time_to_school_match,0.0,-0.0004050648661143589
46,82.0,82.0,0.9967514056730562,transport_medium_match,0.0,0.0
46,82.0,82.0,0.9967514056730562,distance_match,0.0,-0.0004186076839929093
46,82.0,82.0,0.9967514056730562,overall_similarity,0.8947368421052632,0.0
46,82.0,82.0,0.9967514056730562,grade_last_year_diff,0.0,0.0
46,82.0,82.0,0.9967514056730562,grade_last_year_equal,1.0,0.0007119048451962353
46,82.0,82.0,0.9967514056730562,grade_this_year_diff,0.0,0.0
46,82.0,82.0,0.9967514056730562,grade_this_year_equal,1.0,0.0006480280148059282
46,82.0,82.0,0.9967514056730562,time_to_school_diff,0.0,0.0
46,82.0,82.0,0.9967514056730562,time_to_school_equal,1.0,0.00042684251399832766
46,82.0,82.0,0.9967514056730562,transport_medium_diff,0.0,0.0
46,82.0,82.0,0.9967514056730562,transport_medium_equal,1.0,0.0004642116391107799
46,82.0,82.0,0.9967514056730562,distance_diff,0.0,0.0
46,82.0,82.0,0.9967514056730562,distance_equal,1.0,0.0007388719139318416
46,82.0,82.0,0.9967514056730562,reason_leave_school_match,1.0,0.0
46,82.0,82.0,0.9967514056730562,when_stop_schooling_diff,0.0,0.0
46,82.0,82.0,0.9967514056730562,when_stop_schooling_equal,0.0,-0.0005098336755856212
46,82.0,82.0,0.9967514056730562,sector_match,0.0,0.0
46,82.0,82.0,0.9967514056730562,noschooling_reason_diff,0.0,0.0
46,82.0,82.0,0.9967514056730562,noschooling_reason_equal,0.0,0.0
47,83.0,83.0,0.9967514056730562,euclidean_distance,0.0,0.0
47,83.0,83.0,0.9967514056730562,manhattan_distance,0.0,0.0
47,83.0,83.0,0.9967514056730562,cosine_similarity,1.0,0.0
47,83.0,83.0,0.9967514056730562,sector_diff,0.0,0.0
47,83.0,83.0,0.9967514056730562,sector_equal,1.0,0.0
47,83.0,83.0,0.9967514056730562,district_diff,0.0,0.0
47,83.0,83.0,0.9967514056730562,district_equal,1.0,0.0
47,83.0,83.0,0.9967514056730562,month_diff,0.0,0.0
47,83.0,83.0,0.9967514056730562,month_equal,1.0,0.0
47,83.0,83.0,0.9967514056730562,nhh_diff,0.0,0.0
47,83.0,83.0,0.9967514056730562,nhh_equal,1.0,0.0
47,83.0,83.0,0.9967514056730562,person_serial_no_diff,0.0,0.0
47,83.0,83.0,0.9967514056730562,person_serial_no_equal,1.0,0.0
47,83.0,83.0,0.9967514056730562,reason_leave_school_diff,0.0,0.0
47,83.0,83.0,0.9967514056730562,reason_leave_school_equal,0.0,-0.000700950510311267
47,83.0,83.0,0.9967514056730562,hhno_match,0.0,0.0
47,83.0,83.0,0.9967514056730562,psu_match,0.0,0.0
47,83.0,83.0,0.9967514056730562,snumber_match,1.0,0.0
47,83.0,83.0,0.9967514056730562,result_match,1.0,0.0
47,83.0,83.0,0.9967514056730562,r2_school_education_match,1.0,0.0
47,83.0,83.0,0.9967514056730562,type_of_school_match,1.0,0.0
47,83.0,83.0,0.9967514056730562,grade_last_year_match,0.0,-0.0003982036186064969
47,83.0,83.0,0.9967514056730562,grade_this_year_match,0.0,0.0
47,83.0,83.0,0.9967514056730562,when_stop_schooling_match,1.0,0.0
47,83.0,83.0,0.9967514056730562,noschooling_reason_match,1.0,0.0
47,83.0,83.0,0.9967514056730562,time_to_school_match,0.0,-0.0004215922144243339
47,83.0,83.0,0.9967514056730562,transport_medium_match,0.0,0.0
47,83.0,83.0,0.9967514056730562,distance_match,0.0,-0.0004071764852511727
47,83.0,83.0,0.9967514056730562,overall_similarity,0.8947368421052632,0.0
47,83.0,83.0,0.9967514056730562,grade_last_year_diff,0.0,0.0
47,83.0,83.0,0.9967514056730562,grade_last_year_equal,1.0,0.0006672510628152324
47,83.0,83.0,0.9967514056730562,grade_this_year_diff,0.0,0.0
47,83.0,83.0,0.9967514056730562,grade_this_year_equal,1.0,0.0006487761412465374
47,83.0,83.0,0.9967514056730562,time_to_school_diff,0.0,0.0
47,83.0,83.0,0.9967514056730562,time_to_school_equal,1.0,0.0005040767940226338
47,83.0,83.0,0.9967514056730562,transport_medium_diff,0.0,0.0
47,83.0,83.0,0.9967514056730562,transport_medium_equal,1.0,0.0004467266166910276
47,83.0,83.0,0.9967514056730562,distance_diff,0.0,0.0
47,83.0,83.0,0.9967514056730562,distance_equal,1.0,0.0006748790846519685
47,83.0,83.0,0.9967514056730562,reason_leave_school_match,1.0,0.0
47,83.0,83.0,0.9967514056730562,when_stop_schooling_diff,0.0,0.0
47,83.0,83.0,0.9967514056730562,when_stop_schooling_equal,0.0,-0.000489091566720986
47,83.0,83.0,0.9967514056730562,sector_match,0.0,0.0
47,83.0,83.0,0.9967514056730562,noschooling_reason_diff,0.0,0.0
47,83.0,83.0,0.9967514056730562,noschooling_reason_equal,0.0,0.0
48,84.0,84.0,0.9967514056730562,euclidean_distance,0.0,0.0
48,84.0,84.0,0.9967514056730562,manhattan_distance,0.0,0.0
48,84.0,84.0,0.9967514056730562,cosine_similarity,1.0,0.0
48,84.0,84.0,0.9967514056730562,sector_diff,0.0,0.0
48,84.0,84.0,0.9967514056730562,sector_equal,1.0,0.0
48,84.0,84.0,0.9967514056730562,district_diff,0.0,0.0
48,84.0,84.0,0.9967514056730562,district_equal,1.0,0.0
48,84.0,84.0,0.9967514056730562,month_diff,0.0,0.0
48,84.0,84.0,0.9967514056730562,month_equal,1.0,0.0
48,84.0,84.0,0.9967514056730562,nhh_diff,0.0,0.0
48,84.0,84.0,0.9967514056730562,nhh_equal,1.0,0.0
48,84.0,84.0,0.9967514056730562,person_serial_no_diff,0.0,0.0
48,84.0,84.0,0.9967514056730562,person_serial_no_equal,1.0,0.0
48,84.0,84.0,0.9967514056730562,reason_leave_school_diff,0.0,0.0
48,84.0,84.0,0.9967514056730562,reason_leave_school_equal,0.0,-0.0006966889539822882
48,84.0,84.0,0.9967514056730562,hhno_match,0.0,0.0
48,84.0,84.0,0.9967514056730562,psu_match,0.0,0.0
48,84.0,84.0,0.9967514056730562,snumber_match,1.0,0.0
48,84.0,84.0,0.9967514056730562,result_match,1.0,0.0
48,84.0,84.0,0.9967514056730562,r2_school_education_match,1.0,0.0
48,84.0,84.0,0.9967514056730562,type_of_school_match,1.0,0.0
48,84.0,84.0,0.9967514056730562,grade_last_year_match,0.0,-0.00039061091188172817
48,84.0,84.0,0.9967514056730562,grade_this_year_match,0.0,0.0
48,84.0,84.0,0.9967514056730562,when_stop_schooling_match,1.0,0.0
48,84.0,84.0,0.9967514056730562,noschooling_reason_match,1.0,0.0
48,84.0,84.0,0.9967514056730562,time_to_school_match,0.0,0.0
48,84.0,84.0,0.9967514056730562,transport_medium_match,0.0,-0.0003737704579707126
48,84.0,84.0,0.9967514056730562,distance_match,0.0,-0.0004051957274729442
48,84.0,84.0,0.9967514056730562,overall_similarity,0.8947368421052632,0.0
48,84.0,84.0,0.9967514056730562,grade_last_year_diff,0.0,0.0
48,84.0,84.0,0.9967514056730562,grade_last_year_equal,1.0,0.0006149291846725001
48,84.0,84.0,0.9967514056730562,grade_this_year_diff,0.0,0.0
48,84.0,84.0,0.9967514056730562,grade_this_year_equal,1.0,0.0006496428296830981
48,84.0,84.0,0.9967514056730562,time_to_school_diff,0.0,0.0
48,84.0,84.0,0.9967514056730562,time_to_school_equal,1.0,0.0005012086933319402
48,84.0,84.0,0.9967514056730562,transport_medium_diff,0.0,0.0
48,84.0,84.0,0.9967514056730562,transport_medium_equal,1.0,0.00038851193943349776
48,84.0,84.0,0.9967514056730562,distance_diff,0.0,0.0
48,84.0,84.0,0.9967514056730562,distance_equal,1.0,0.0007315961644194462
48,84.0,84.0,0.9967514056730562,reason_leave_school_match,1.0,0.0
48,84.0,84.0,0.9967514056730562,when_stop_schooling_diff,0.0,0.0
48,84.0,84.0,0.9967514056730562,when_stop_schooling_equal,0.0,-0.0004949274561196665
48,84.0,84.0,0.9967514056730562,sector_match,0.0,0.0
48,84.0,84.0,0.9967514056730562,noschooling_reason_diff,0.0,0.0
48,84.0,84.0,0.9967514056730562,noschooling_reason_equal,0.0,0.0
49,821.0,821.0,0.9967514056730562,euclidean_distance,0.0,0.0
49,821.0,821.0,0.9967514056730562,manhattan_distance,0.0,0.0
49,821.0,821.0,0.9967514056730562,cosine_similarity,1.0,0.0
49,821.0,821.0,0.9967514056730562,sector_diff,0.0,0.0
49,821.0,821.0,0.9967514056730562,sector_equal,1.0,0.0
49,821.0,821.0,0.9967514056730562,district_diff,0.0,0.0
49,821.0,821.0,0.9967514056730562,district_equal,1.0,0.0
49,821.0,821.0,0.9967514056730562,month_diff,0.0,0.0
49,821.0,821.0,0.9967514056730562,month_equal,1.0,0.0
49,821.0,821.0,0.9967514056730562,nhh_diff,0.0,0.0
49,821.0,821.0,0.9967514056730562,nhh_equal,1.0,0.0
49,821.0,821.0,0.9967514056730562,person_serial_no_diff,0.0,0.0
49,821.0,821.0,0.9967514056730562,person_serial_no_equal,1.0,0.0
49,821.0,821.0,0.9967514056730562,reason_leave_school_diff,0.0,0.0
49,821.0,821.0,0.9967514056730562,reason_leave_school_equal,0.0,-0.0007072299994541416
49,821.0,821.0,0.9967514056730562,hhno_match,0.0,0.0
49,821.0,821.0,0.9967514056730562,psu_match,0.0,0.0
49,821.0,821.0,0.9967514056730562,snumber_match,1.0,0.0
49,821.0,821.0,0.9967514056730562,result_match,1.0,0.0
49,821.0,821.0,0.9967514056730562,r2_school_education_match,1.0,0.0
49,821.0,821.0,0.9967514056730562,type_of_school_match,1.0,0.0
49,821.0,821.0,0.9967514056730562,grade_last_year_match,0.0,-0.0003999598715865114
49,821.0,821.0,0.9967514056730562,grade_this_year_match,0.0,-0.0003996021952509944
49,821.0,821.0,0.9967514056730562,when_stop_schooling_match,1.0,0.0
49,821.0,821.0,0.9967514056730562,noschooling_reason_match,1.0,0.0
49,821.0,821.0,0.9967514056730562,time_to_school_match,0.0,0.0
49,821.0,821.0,0.9967514056730562,transport_medium_match,0.0,-0.00037522189757801887
49,821.0,821.0,0.9967514056730562,distance_match,0.0,0.0
49,821.0,821.0,0.9967514056730562,overall_similarity,0.8947368421052632,0.0
49,821.0,821.0,0.9967514056730562,grade_last_year_diff,0.0,0.0
49,821.0,821.0,0.9967514056730562,grade_last_year_equal,1.0,0.0006504576416626074
49,821.0,821.0,0.9967514056730562,grade_this_year_diff,0.0,0.0
49,821.0,821.0,0.9967514056730562,grade_this_year_equal,1.0,0.0006105711756375337
49,821.0,821.0,0.9967514056730562,time_to_school_diff,0.0,0.0
49,821.0,821.0,0.9967514056730562,time_to_school_equal,1.0,0.0005340415673276917
49,821.0,821.0,0.9967514056730562,transport_medium_diff,0.0,0.0
49,821.0,821.0,0.9967514056730562,transport_medium_equal,1.0,0.00042256023086404744
49,821.0,821.0,0.9967514056730562,distance_diff,0.0,0.0
49,821.0,821.0,0.9967514056730562,distance_equal,1.0,0.0007261976177116324
49,821.0,821.0,0.9967514056730562,reason_leave_school_match,1.0,0.0
49,821.0,821.0,0.9967514056730562,when_stop_schooling_diff,0.0,0.0
49,821.0,821.0,0.9967514056730562,when_stop_schooling_equal,0.0,-0.0005371189652207033
49,821.0,821.0,0.9967514056730562,sector_match,0.0,0.0
49,821.0,821.0,0.9967514056730562,noschooling_reason_diff,0.0,0.0
49,821.0,821.0,0.9967514056730562,noschooling_reason_equal,0.0,0.0
