pair_index,orig_id,anon_id,label,age_missing,age_diff,age_equal,education_missing,education_diff,education_equal,industry_missing,industry_diff,industry_equal,marital_status_missing,marital_status_diff,marital_status_equal,sex_missing,sex_diff,sex_equal,similarity_score,anon_index,aux_index
1860,1860,1860,0,0,29.0,0.0,0,8.0,0.0,1,1.0,0.0,0,0.0,1.0,0,1.0,0.0,0.2,1860,1860
353,353,353,1,0,49.0,0.0,0,7.0,0.0,1,1.0,0.0,0,1.0,0.0,0,1.0,0.0,0.0,353,353
1333,1333,1333,0,0,1.0,0.0,0,12.0,0.0,1,1.0,0.0,0,1.0,0.0,0,1.0,0.0,0.0,1333,1333
905,905,905,1,0,4.0,0.0,0,12.0,0.0,0,84127.0,0.0,0,1.0,0.0,0,2.0,0.0,0.0,905,905
1289,1289,1289,0,0,9.0,0.0,0,4.0,0.0,1,1.0,0.0,0,1.0,0.0,0,2.0,0.0,0.0,1289,1289
1273,1273,1273,0,0,52.0,0.0,0,1.0,0.0,1,1.0,0.0,0,1.0,0.0,0,2.0,0.0,0.0,1273,1273
938,938,938,1,0,13.0,0.0,0,10.0,0.0,0,15112.0,0.0,0,1.0,0.0,0,1.0,0.0,0.0,938,938
1731,1731,1731,0,0,14.0,0.0,0,9.0,0.0,0,47590.0,0.0,0,0.0,1.0,0,1.0,0.0,0.2,1731,1731
65,65,65,1,0,17.0,0.0,0,7.0,0.0,0,23924.0,0.0,0,0.0,1.0,0,0.0,1.0,0.4,65,65
1323,1323,1323,0,0,2.0,0.0,0,7.0,0.0,0,40991.0,0.0,0,0.0,1.0,0,1.0,0.0,0.2,1323,1323
56,56,56,1,0,17.0,0.0,0,9.0,0.0,1,1.0,0.0,0,0.0,1.0,0,2.0,0.0,0.2,56,56
1292,1292,1292,0,0,16.0,0.0,0,2.0,0.0,1,1.0,0.0,0,1.0,0.0,0,0.0,1.0,0.2,1292,1292
1118,1118,1118,0,0,26.0,0.0,0,14.0,0.0,1,1.0,0.0,0,2.0,0.0,0,1.0,0.0,0.0,1118,1118
584,584,584,1,0,7.0,0.0,0,6.0,0.0,0,45198.0,0.0,0,0.0,1.0,0,0.0,1.0,0.4,584,584
374,374,374,1,0,59.0,0.0,0,1.0,0.0,1,1.0,0.0,0,1.0,0.0,0,2.0,0.0,0.0,374,374
275,275,275,1,0,11.0,0.0,0,9.0,0.0,1,1.0,0.0,0,0.0,1.0,0,2.0,0.0,0.2,275,275
746,746,746,1,0,6.0,0.0,0,12.0,0.0,0,62017.0,0.0,0,0.0,1.0,0,0.0,1.0,0.4,746,746
128,128,128,1,0,3.0,0.0,0,9.0,0.0,1,1.0,0.0,0,0.0,1.0,0,2.0,0.0,0.2,128,128
1646,1646,1646,0,0,13.0,0.0,0,9.0,0.0,0,56203.0,0.0,0,1.0,0.0,0,0.0,1.0,0.2,1646,1646
1852,1852,1852,0,0,24.0,0.0,0,3.0,0.0,1,1.0,0.0,0,1.0,0.0,0,1.0,0.0,0.0,1852,1852
674,674,674,1,0,4.0,0.0,0,8.0,0.0,1,1.0,0.0,0,0.0,1.0,0,1.0,0.0,0.2,674,674
1664,1664,1664,0,0,13.0,0.0,0,12.0,0.0,0,42098.0,0.0,0,1.0,0.0,0,2.0,0.0,0.0,1664,1664
1981,1981,1981,0,0,41.0,0.0,0,8.0,0.0,1,1.0,0.0,0,1.0,0.0,0,1.0,0.0,0.0,1981,1981
1083,1083,1083,0,0,49.0,0.0,0,1.0,0.0,1,1.0,0.0,0,0.0,1.0,0,0.0,1.0,0.4,1083,1083
1922,1922,1922,0,0,35.0,0.0,0,6.0,0.0,1,1.0,0.0,0,1.0,0.0,0,2.0,0.0,0.0,1922,1922
99,99,99,1,0,7.0,0.0,0,10.0,0.0,0,11004.0,0.0,0,1.0,0.0,0,0.0,1.0,0.2,99,99
1179,1179,1179,0,0,33.0,0.0,1,1.0,0.0,1,1.0,0.0,0,1.0,0.0,0,2.0,0.0,0.0,1179,1179
964,964,964,1,0,7.0,0.0,0,12.0,0.0,1,1.0,0.0,0,1.0,0.0,0,1.0,0.0,0.0,964,964
792,792,792,1,0,4.0,0.0,0,6.0,0.0,0,81300.0,0.0,0,0.0,1.0,0,0.0,1.0,0.4,792,792
29,29,29,1,0,18.0,0.0,0,1.0,0.0,0,97001.0,0.0,0,0.0,1.0,0,2.0,0.0,0.2,29,29
628,628,628,1,0,16.0,0.0,0,8.0,0.0,0,40991.0,0.0,0,2.0,0.0,0,0.0,1.0,0.2,628,628
944,944,944,1,0,46.0,0.0,0,9.0,0.0,1,1.0,0.0,0,5.0,0.0,0,2.0,0.0,0.0,944,944
572,572,572,1,0,59.0,0.0,1,1.0,0.0,1,1.0,0.0,0,0.0,1.0,0,1.0,0.0,0.2,572,572
907,907,907,1,0,18.0,0.0,0,10.0,0.0,1,1.0,0.0,0,2.0,0.0,0,1.0,0.0,0.0,907,907
1080,1080,1080,0,0,29.0,0.0,0,7.0,0.0,1,1.0,0.0,0,1.0,0.0,0,2.0,0.0,0.0,1080,1080
450,450,450,1,0,21.0,0.0,0,4.0,0.0,1,1.0,0.0,0,1.0,0.0,0,1.0,0.0,0.0,450,450
1609,1609,1609,0,0,7.0,0.0,0,5.0,0.0,0,85483.0,0.0,0,1.0,0.0,0,1.0,0.0,0.0,1609,1609
1290,1290,1290,0,0,35.0,0.0,0,7.0,0.0,1,1.0,0.0,0,1.0,0.0,0,2.0,0.0,0.0,1290,1290
1078,1078,1078,0,1,1.0,0.0,1,1.0,0.0,1,1.0,0.0,1,1.0,0.0,1,1.0,0.0,0.0,1078,1078
254,254,254,1,0,34.0,0.0,0,10.0,0.0,0,55100.0,0.0,0,2.0,0.0,0,1.0,0.0,0.0,254,254
124,124,124,1,0,2.0,0.0,0,6.0,0.0,0,17017.0,0.0,0,0.0,1.0,0,2.0,0.0,0.2,124,124
1927,1927,1927,0,0,24.0,0.0,0,5.0,0.0,1,1.0,0.0,0,0.0,1.0,0,2.0,0.0,0.2,1927,1927
251,251,251,1,0,19.0,0.0,1,1.0,0.0,1,1.0,0.0,0,1.0,0.0,0,0.0,1.0,0.2,251,251
585,585,585,1,0,11.0,0.0,0,8.0,0.0,1,1.0,0.0,0,2.0,0.0,0,2.0,0.0,0.0,585,585
1568,1568,1568,0,0,27.0,0.0,0,10.0,0.0,1,1.0,0.0,0,4.0,0.0,0,2.0,0.0,0.0,1568,1568
824,824,824,1,0,59.0,0.0,0,16.0,0.0,1,1.0,0.0,0,1.0,0.0,0,1.0,0.0,0.0,824,824
507,507,507,1,0,16.0,0.0,0,2.0,0.0,1,1.0,0.0,0,0.0,1.0,0,1.0,0.0,0.2,507,507
889,889,889,1,0,34.0,0.0,0,1.0,0.0,1,1.0,0.0,0,1.0,0.0,0,1.0,0.0,0.0,889,889
70,70,70,1,0,24.0,0.0,0,8.0,0.0,0,85203.0,0.0,0,2.0,0.0,0,0.0,1.0,0.2,70,70
1608,1608,1608,0,0,6.0,0.0,0,10.0,0.0,1,1.0,0.0,0,2.0,0.0,0,2.0,0.0,0.0,1608,1608
1532,1532,1532,0,0,46.0,0.0,0,2.0,0.0,1,1.0,0.0,0,0.0,1.0,0,1.0,0.0,0.2,1532,1532
247,247,247,1,0,12.0,0.0,0,6.0,0.0,1,1.0,0.0,0,3.0,0.0,0,2.0,0.0,0.0,247,247
1450,1450,1450,0,0,19.0,0.0,0,9.0,0.0,1,1.0,0.0,0,2.0,0.0,0,2.0,0.0,0.0,1450,1450
212,212,212,1,0,17.0,0.0,0,8.0,0.0,1,1.0,0.0,0,2.0,0.0,0,2.0,0.0,0.0,212,212
909,909,909,1,0,0.0,1.0,0,8.0,0.0,1,1.0,0.0,0,0.0,1.0,0,2.0,0.0,0.4,909,909
1741,1741,1741,0,0,2.0,0.0,0,6.0,0.0,1,1.0,0.0,0,1.0,0.0,0,2.0,0.0,0.0,1741,1741
1244,1244,1244,0,0,25.0,0.0,1,1.0,0.0,1,1.0,0.0,0,1.0,0.0,0,0.0,1.0,0.2,1244,1244
1696,1696,1696,0,0,30.0,0.0,0,6.0,0.0,0,49215.0,0.0,0,0.0,1.0,0,1.0,0.0,0.2,1696,1696
1182,1182,1182,0,0,2.0,0.0,0,9.0,0.0,1,1.0,0.0,0,1.0,0.0,0,1.0,0.0,0.0,1182,1182
361,361,361,1,0,7.0,0.0,0,7.0,0.0,0,47110.0,0.0,0,2.0,0.0,0,1.0,0.0,0.0,361,361
1473,1473,1473,0,0,17.0,0.0,0,1.0,0.0,1,1.0,0.0,0,1.0,0.0,0,2.0,0.0,0.0,1473,1473
678,678,678,1,0,32.0,0.0,0,4.0,0.0,0,49227.0,0.0,0,1.0,0.0,0,1.0,0.0,0.0,678,678
1621,1621,1621,0,0,23.0,0.0,0,9.0,0.0,0,47104.0,0.0,0,1.0,0.0,0,1.0,0.0,0.0,1621,1621
1089,1089,1089,0,0,21.0,0.0,1,1.0,0.0,1,1.0,0.0,0,1.0,0.0,0,2.0,0.0,0.0,1089,1089
1987,1987,1987,0,0,36.0,0.0,0,14.0,0.0,0,84109.0,0.0,0,2.0,0.0,0,1.0,0.0,0.0,1987,1987
1847,1847,1847,0,0,6.0,0.0,0,0.0,1.0,0,96999.0,0.0,0,2.0,0.0,0,1.0,0.0,0.2,1847,1847
987,987,987,1,0,13.0,0.0,0,1.0,0.0,1,1.0,0.0,0,1.0,0.0,0,2.0,0.0,0.0,987,987
1512,1512,1512,0,0,21.0,0.0,0,9.0,0.0,1,1.0,0.0,0,2.0,0.0,0,1.0,0.0,0.0,1512,1512
111,111,111,1,0,10.0,0.0,0,12.0,0.0,0,42094.0,0.0,0,1.0,0.0,0,2.0,0.0,0.0,111,111
1487,1487,1487,0,0,16.0,0.0,0,11.0,0.0,0,25109.0,0.0,0,2.0,0.0,0,1.0,0.0,0.0,1487,1487
1453,1453,1453,0,0,3.0,0.0,0,9.0,0.0,1,1.0,0.0,0,2.0,0.0,0,1.0,0.0,0.0,1453,1453
383,383,383,1,0,18.0,0.0,0,7.0,0.0,0,56101.0,0.0,0,2.0,0.0,0,2.0,0.0,0.0,383,383
1395,1395,1395,0,0,5.0,0.0,0,8.0,0.0,1,1.0,0.0,0,2.0,0.0,0,2.0,0.0,0.0,1395,1395
1054,1054,1054,0,0,38.0,0.0,1,1.0,0.0,1,1.0,0.0,0,1.0,0.0,0,2.0,0.0,0.0,1054,1054
755,755,755,1,0,28.0,0.0,0,12.0,0.0,0,84111.0,0.0,0,0.0,1.0,0,1.0,0.0,0.2,755,755
324,324,324,1,0,40.0,0.0,0,2.0,0.0,1,1.0,0.0,0,4.0,0.0,0,2.0,0.0,0.0,324,324
1623,1623,1623,0,0,40.0,0.0,0,9.0,0.0,0,29298.0,0.0,0,1.0,0.0,0,0.0,1.0,0.2,1623,1623
787,787,787,1,0,33.0,0.0,0,17.0,0.0,0,96994.0,0.0,0,2.0,0.0,0,1.0,0.0,0.0,787,787
368,368,368,1,0,0.0,1.0,0,7.0,0.0,0,25106.0,0.0,0,0.0,1.0,0,1.0,0.0,0.4,368,368
1819,1819,1819,0,0,44.0,0.0,0,4.0,0.0,1,1.0,0.0,0,0.0,1.0,0,0.0,1.0,0.4,1819,1819
69,69,69,1,0,59.0,0.0,0,1.0,0.0,1,1.0,0.0,0,4.0,0.0,0,1.0,0.0,0.0,69,69
857,857,857,1,0,0.0,1.0,0,10.0,0.0,1,1.0,0.0,0,0.0,1.0,0,1.0,0.0,0.4,857,857
1483,1483,1483,0,0,6.0,0.0,0,14.0,0.0,1,1.0,0.0,0,2.0,0.0,0,2.0,0.0,0.0,1483,1483
1555,1555,1555,0,0,11.0,0.0,0,1.0,0.0,1,1.0,0.0,0,1.0,0.0,0,0.0,1.0,0.2,1555,1555
1691,1691,1691,0,0,28.0,0.0,0,2.0,0.0,1,1.0,0.0,0,0.0,1.0,0,1.0,0.0,0.2,1691,1691
1474,1474,1474,0,0,8.0,0.0,0,9.0,0.0,1,1.0,0.0,0,1.0,0.0,0,1.0,0.0,0.0,1474,1474
1798,1798,1798,0,0,31.0,0.0,0,7.0,0.0,1,1.0,0.0,0,2.0,0.0,0,2.0,0.0,0.0,1798,1798
478,478,478,1,0,35.0,0.0,0,6.0,0.0,0,55092.0,0.0,0,2.0,0.0,0,0.0,1.0,0.2,478,478
281,281,281,1,0,33.0,0.0,0,4.0,0.0,1,1.0,0.0,0,1.0,0.0,0,1.0,0.0,0.0,281,281
1647,1647,1647,0,0,19.0,0.0,0,10.0,0.0,1,1.0,0.0,0,1.0,0.0,0,1.0,0.0,0.0,1647,1647
1556,1556,1556,0,0,30.0,0.0,0,6.0,0.0,0,14098.0,0.0,0,1.0,0.0,0,2.0,0.0,0.0,1556,1556
1729,1729,1729,0,0,48.0,0.0,0,4.0,0.0,1,1.0,0.0,0,1.0,0.0,0,1.0,0.0,0.0,1729,1729
210,210,210,1,0,25.0,0.0,0,7.0,0.0,0,47812.0,0.0,0,4.0,0.0,0,2.0,0.0,0.0,210,210
297,297,297,1,0,43.0,0.0,0,3.0,0.0,1,1.0,0.0,0,1.0,0.0,0,1.0,0.0,0.0,297,297
1884,1884,1884,0,0,1.0,0.0,0,8.0,0.0,1,1.0,0.0,0,1.0,0.0,0,1.0,0.0,0.0,1884,1884
1833,1833,1833,0,0,24.0,0.0,1,1.0,0.0,1,1.0,0.0,0,1.0,0.0,0,0.0,1.0,0.2,1833,1833
651,651,651,1,0,34.0,0.0,0,10.0,0.0,1,1.0,0.0,0,1.0,0.0,0,1.0,0.0,0.0,651,651
1233,1233,1233,0,0,1.0,0.0,0,11.0,0.0,0,84101.0,0.0,0,1.0,0.0,0,2.0,0.0,0.0,1233,1233
1502,1502,1502,0,0,28.0,0.0,0,11.0,0.0,0,64184.0,0.0,0,0.0,1.0,0,0.0,1.0,0.4,1502,1502
1931,1931,1931,0,0,5.0,0.0,0,7.0,0.0,1,1.0,0.0,0,1.0,0.0,0,1.0,0.0,0.0,1931,1931
916,916,916,1,0,50.0,0.0,0,3.0,0.0,1,1.0,0.0,0,1.0,0.0,0,1.0,0.0,0.0,916,916
993,993,993,1,0,13.0,0.0,0,5.0,0.0,1,1.0,0.0,0,1.0,0.0,0,0.0,1.0,0.2,993,993
429,429,429,1,0,27.0,0.0,0,8.0,0.0,0,53198.0,0.0,0,1.0,0.0,0,0.0,1.0,0.2,429,429
1370,1370,1370,0,0,71.0,0.0,0,3.0,0.0,1,1.0,0.0,0,3.0,0.0,0,0.0,1.0,0.2,1370,1370
239,239,239,1,0,19.0,0.0,0,6.0,0.0,1,1.0,0.0,0,2.0,0.0,0,2.0,0.0,0.0,239,239
879,879,879,1,0,35.0,0.0,0,11.0,0.0,0,10789.0,0.0,0,1.0,0.0,0,1.0,0.0,0.0,879,879
620,620,620,1,0,7.0,0.0,0,7.0,0.0,1,1.0,0.0,0,1.0,0.0,0,2.0,0.0,0.0,620,620
256,256,256,1,0,7.0,0.0,0,8.0,0.0,0,40997.0,0.0,0,1.0,0.0,0,1.0,0.0,0.0,256,256
611,611,611,1,0,15.0,0.0,0,6.0,0.0,0,14100.0,0.0,0,2.0,0.0,0,2.0,0.0,0.0,611,611
544,544,544,1,0,33.0,0.0,0,8.0,0.0,0,49214.0,0.0,0,0.0,1.0,0,0.0,1.0,0.4,544,544
771,771,771,1,0,34.0,0.0,1,1.0,0.0,1,1.0,0.0,0,0.0,1.0,0,1.0,0.0,0.2,771,771
1419,1419,1419,0,0,39.0,0.0,1,1.0,0.0,1,1.0,0.0,0,1.0,0.0,0,2.0,0.0,0.0,1419,1419
1041,1041,1041,0,0,1.0,0.0,0,7.0,0.0,0,96997.0,0.0,0,0.0,1.0,0,2.0,0.0,0.2,1041,1041
1789,1789,1789,0,1,1.0,0.0,1,1.0,0.0,1,1.0,0.0,1,1.0,0.0,1,1.0,0.0,0.0,1789,1789
759,759,759,1,0,15.0,0.0,0,8.0,0.0,0,47105.0,0.0,0,2.0,0.0,0,2.0,0.0,0.0,759,759
382,382,382,1,0,14.0,0.0,0,6.0,0.0,0,11039.0,0.0,0,0.0,1.0,0,0.0,1.0,0.4,382,382
1103,1103,1103,0,0,5.0,0.0,0,7.0,0.0,0,40994.0,0.0,0,0.0,1.0,0,1.0,0.0,0.2,1103,1103
973,973,973,1,0,15.0,0.0,0,6.0,0.0,0,86201.0,0.0,0,0.0,1.0,0,1.0,0.0,0.2,973,973
352,352,352,1,0,44.0,0.0,0,8.0,0.0,1,1.0,0.0,0,1.0,0.0,0,1.0,0.0,0.0,352,352
1605,1605,1605,0,0,17.0,0.0,0,12.0,0.0,1,1.0,0.0,0,0.0,1.0,0,1.0,0.0,0.2,1605,1605
1825,1825,1825,0,0,1.0,0.0,0,5.0,0.0,0,62012.0,0.0,0,0.0,1.0,0,2.0,0.0,0.2,1825,1825
1036,1036,1036,0,0,40.0,0.0,0,5.0,0.0,0,99996.0,0.0,0,0.0,1.0,0,1.0,0.0,0.2,1036,1036
1107,1107,1107,0,0,21.0,0.0,0,9.0,0.0,0,10707.0,0.0,0,0.0,1.0,0,0.0,1.0,0.4,1107,1107
494,494,494,1,0,24.0,0.0,0,6.0,0.0,0,49213.0,0.0,0,0.0,1.0,0,1.0,0.0,0.2,494,494
393,393,393,1,0,2.0,0.0,0,10.0,0.0,0,51099.0,0.0,0,1.0,0.0,0,1.0,0.0,0.0,393,393
1546,1546,1546,0,0,23.0,0.0,0,9.0,0.0,0,69198.0,0.0,0,0.0,1.0,0,1.0,0.0,0.2,1546,1546
464,464,464,1,0,33.0,0.0,0,10.0,0.0,1,1.0,0.0,0,0.0,1.0,0,1.0,0.0,0.2,464,464
886,886,886,1,0,6.0,0.0,0,11.0,0.0,0,17087.0,0.0,0,1.0,0.0,0,1.0,0.0,0.0,886,886
1193,1193,1193,0,0,3.0,0.0,0,2.0,0.0,1,1.0,0.0,0,0.0,1.0,0,2.0,0.0,0.2,1193,1193
366,366,366,1,0,5.0,0.0,0,6.0,0.0,1,1.0,0.0,0,0.0,1.0,0,1.0,0.0,0.2,366,366
1893,1893,1893,0,0,28.0,0.0,0,8.0,0.0,0,25105.0,0.0,0,1.0,0.0,0,1.0,0.0,0.0,1893,1893
1873,1873,1873,0,0,5.0,0.0,0,6.0,0.0,0,18113.0,0.0,0,2.0,0.0,0,1.0,0.0,0.0,1873,1873
744,744,744,1,0,8.0,0.0,0,10.0,0.0,0,64189.0,0.0,0,0.0,1.0,0,1.0,0.0,0.2,744,744
529,529,529,1,0,0.0,1.0,0,8.0,0.0,0,47613.0,0.0,0,1.0,0.0,0,1.0,0.0,0.2,529,529
802,802,802,1,0,10.0,0.0,0,7.0,0.0,1,1.0,0.0,0,0.0,1.0,0,1.0,0.0,0.2,802,802
1223,1223,1223,0,0,12.0,0.0,0,4.0,0.0,1,1.0,0.0,0,2.0,0.0,0,2.0,0.0,0.0,1223,1223
1978,1978,1978,0,0,23.0,0.0,0,4.0,0.0,0,40993.0,0.0,0,1.0,0.0,0,0.0,1.0,0.2,1978,1978
1905,1905,1905,0,0,7.0,0.0,0,11.0,0.0,1,1.0,0.0,0,0.0,1.0,0,2.0,0.0,0.2,1905,1905
1699,1699,1699,0,0,17.0,0.0,0,6.0,0.0,1,1.0,0.0,0,2.0,0.0,0,2.0,0.0,0.0,1699,1699
1544,1544,1544,0,0,31.0,0.0,0,3.0,0.0,0,25924.0,0.0,0,2.0,0.0,0,0.0,1.0,0.2,1544,1544
1313,1313,1313,0,0,14.0,0.0,0,5.0,0.0,1,1.0,0.0,0,1.0,0.0,0,2.0,0.0,0.0,1313,1313
306,306,306,1,0,42.0,0.0,1,1.0,0.0,1,1.0,0.0,0,1.0,0.0,0,0.0,1.0,0.2,306,306
1666,1666,1666,0,0,25.0,0.0,0,7.0,0.0,0,97001.0,0.0,0,7.0,0.0,0,0.0,1.0,0.2,1666,1666
862,862,862,1,0,47.0,0.0,0,3.0,0.0,1,1.0,0.0,0,1.0,0.0,0,0.0,1.0,0.2,862,862
1566,1566,1566,0,0,13.0,0.0,0,9.0,0.0,0,47109.0,0.0,0,1.0,0.0,0,2.0,0.0,0.0,1566,1566
530,530,530,1,0,0.0,1.0,0,5.0,0.0,1,1.0,0.0,0,1.0,0.0,0,0.0,1.0,0.4,530,530
654,654,654,1,0,9.0,0.0,0,5.0,0.0,0,47105.0,0.0,0,1.0,0.0,0,1.0,0.0,0.0,654,654
1259,1259,1259,0,0,37.0,0.0,0,10.0,0.0,0,85090.0,0.0,0,0.0,1.0,0,1.0,0.0,0.2,1259,1259
233,233,233,1,0,21.0,0.0,0,9.0,0.0,0,14092.0,0.0,0,0.0,1.0,0,1.0,0.0,0.2,233,233
120,120,120,1,0,11.0,0.0,0,8.0,0.0,1,1.0,0.0,0,0.0,1.0,0,1.0,0.0,0.2,120,120
1697,1697,1697,0,0,12.0,0.0,0,4.0,0.0,1,1.0,0.0,0,2.0,0.0,0,0.0,1.0,0.2,1697,1697
949,949,949,1,0,44.0,0.0,0,0.0,1.0,1,1.0,0.0,0,2.0,0.0,0,1.0,0.0,0.2,949,949
617,617,617,1,0,1.0,0.0,0,12.0,0.0,1,1.0,0.0,0,1.0,0.0,0,1.0,0.0,0.0,617,617
1178,1178,1178,0,0,1.0,0.0,0,9.0,0.0,1,1.0,0.0,0,2.0,0.0,0,1.0,0.0,0.0,1178,1178
307,307,307,1,0,4.0,0.0,0,4.0,0.0,1,1.0,0.0,0,2.0,0.0,0,1.0,0.0,0.0,307,307
135,135,135,1,0,25.0,0.0,0,5.0,0.0,1,1.0,0.0,0,3.0,0.0,0,2.0,0.0,0.0,135,135
554,554,554,1,0,7.0,0.0,0,8.0,0.0,0,49214.0,0.0,0,0.0,1.0,0,1.0,0.0,0.2,554,554
1673,1673,1673,0,0,25.0,0.0,0,11.0,0.0,1,1.0,0.0,0,1.0,0.0,0,2.0,0.0,0.0,1673,1673
583,583,583,1,0,22.0,0.0,0,10.0,0.0,1,1.0,0.0,0,1.0,0.0,0,0.0,1.0,0.2,583,583
1640,1640,1640,0,0,11.0,0.0,0,10.0,0.0,1,1.0,0.0,0,0.0,1.0,0,1.0,0.0,0.2,1640,1640
670,670,670,1,0,22.0,0.0,0,5.0,0.0,1,1.0,0.0,0,2.0,0.0,0,2.0,0.0,0.0,670,670
834,834,834,1,0,3.0,0.0,0,9.0,0.0,1,1.0,0.0,0,2.0,0.0,0,1.0,0.0,0.0,834,834
109,109,109,1,0,2.0,0.0,0,3.0,0.0,1,1.0,0.0,0,0.0,1.0,0,1.0,0.0,0.2,109,109
1164,1164,1164,0,0,13.0,0.0,0,7.0,0.0,0,49219.0,0.0,0,0.0,1.0,0,1.0,0.0,0.2,1164,1164
1959,1959,1959,0,0,1.0,0.0,0,8.0,0.0,1,1.0,0.0,0,0.0,1.0,0,0.0,1.0,0.4,1959,1959
1464,1464,1464,0,0,47.0,0.0,0,6.0,0.0,1,1.0,0.0,0,1.0,0.0,0,1.0,0.0,0.0,1464,1464
1728,1728,1728,0,0,29.0,0.0,0,5.0,0.0,1,1.0,0.0,0,1.0,0.0,0,1.0,0.0,0.0,1728,1728
1242,1242,1242,0,0,21.0,0.0,0,16.0,0.0,0,96996.0,0.0,0,1.0,0.0,0,2.0,0.0,0.0,1242,1242
211,211,211,1,0,11.0,0.0,0,8.0,0.0,0,43293.0,0.0,0,0.0,1.0,0,1.0,0.0,0.2,211,211
1767,1767,1767,0,0,33.0,0.0,0,3.0,0.0,1,1.0,0.0,0,2.0,0.0,0,2.0,0.0,0.0,1767,1767
1120,1120,1120,0,0,10.0,0.0,0,7.0,0.0,1,1.0,0.0,0,0.0,1.0,0,0.0,1.0,0.4,1120,1120
679,679,679,1,0,50.0,0.0,0,7.0,0.0,1,1.0,0.0,0,0.0,1.0,0,1.0,0.0,0.2,679,679
1950,1950,1950,0,1,1.0,0.0,1,1.0,0.0,1,1.0,0.0,1,1.0,0.0,1,1.0,0.0,0.0,1950,1950
1838,1838,1838,0,0,24.0,0.0,0,0.0,1.0,1,1.0,0.0,0,1.0,0.0,0,0.0,1.0,0.4,1838,1838
411,411,411,1,0,0.0,1.0,0,8.0,0.0,1,1.0,0.0,0,0.0,1.0,0,2.0,0.0,0.4,411,411
1324,1324,1324,0,0,13.0,0.0,0,6.0,0.0,1,1.0,0.0,0,2.0,0.0,0,2.0,0.0,0.0,1324,1324
782,782,782,1,0,45.0,0.0,0,7.0,0.0,0,14094.0,0.0,0,1.0,0.0,0,1.0,0.0,0.0,782,782
1345,1345,1345,0,0,7.0,0.0,0,8.0,0.0,0,56208.0,0.0,0,1.0,0.0,0,0.0,1.0,0.2,1345,1345
874,874,874,1,0,31.0,0.0,0,5.0,0.0,1,1.0,0.0,0,2.0,0.0,0,1.0,0.0,0.0,874,874
1652,1652,1652,0,0,18.0,0.0,0,6.0,0.0,1,1.0,0.0,0,1.0,0.0,0,1.0,0.0,0.0,1652,1652
1278,1278,1278,0,0,18.0,0.0,0,12.0,0.0,1,1.0,0.0,0,0.0,1.0,0,2.0,0.0,0.2,1278,1278
785,785,785,1,1,1.0,0.0,1,1.0,0.0,1,1.0,0.0,1,1.0,0.0,1,1.0,0.0,0.0,785,785
1818,1818,1818,0,0,33.0,0.0,1,1.0,0.0,1,1.0,0.0,0,0.0,1.0,0,1.0,0.0,0.2,1818,1818
1198,1198,1198,0,0,51.0,0.0,0,3.0,0.0,1,1.0,0.0,0,0.0,1.0,0,1.0,0.0,0.2,1198,1198
807,807,807,1,0,5.0,0.0,0,5.0,0.0,0,49213.0,0.0,0,0.0,1.0,0,0.0,1.0,0.4,807,807
712,712,712,1,0,34.0,0.0,0,5.0,0.0,1,1.0,0.0,0,1.0,0.0,0,2.0,0.0,0.0,712,712
1990,1990,1990,0,0,56.0,0.0,0,3.0,0.0,1,1.0,0.0,0,1.0,0.0,0,1.0,0.0,0.0,1990,1990
1659,1659,1659,0,0,42.0,0.0,0,9.0,0.0,0,10782.0,0.0,0,1.0,0.0,0,2.0,0.0,0.0,1659,1659
1190,1190,1190,0,0,8.0,0.0,0,9.0,0.0,0,69091.0,0.0,0,0.0,1.0,0,0.0,1.0,0.4,1190,1190
1225,1225,1225,0,0,31.0,0.0,0,7.0,0.0,1,1.0,0.0,0,1.0,0.0,0,1.0,0.0,0.0,1225,1225
602,602,602,1,0,22.0,0.0,0,2.0,0.0,1,1.0,0.0,0,1.0,0.0,0,0.0,1.0,0.2,602,602
270,270,270,1,0,27.0,0.0,0,7.0,0.0,0,49215.0,0.0,0,1.0,0.0,0,1.0,0.0,0.0,270,270
1384,1384,1384,0,1,1.0,0.0,1,1.0,0.0,1,1.0,0.0,1,1.0,0.0,1,1.0,0.0,0.0,1384,1384
231,231,231,1,0,6.0,0.0,0,9.0,0.0,1,1.0,0.0,0,1.0,0.0,0,0.0,1.0,0.2,231,231
49,49,49,1,0,10.0,0.0,0,3.0,0.0,1,1.0,0.0,0,0.0,1.0,0,1.0,0.0,0.2,49,49
462,462,462,1,0,32.0,0.0,0,3.0,0.0,1,1.0,0.0,0,1.0,0.0,0,1.0,0.0,0.0,462,462
1105,1105,1105,0,0,7.0,0.0,0,0.0,1.0,0,30990.0,0.0,0,0.0,1.0,0,0.0,1.0,0.6,1105,1105
855,855,855,1,0,29.0,0.0,0,6.0,0.0,0,64900.0,0.0,0,0.0,1.0,0,1.0,0.0,0.2,855,855
693,693,693,1,0,18.0,0.0,0,9.0,0.0,1,1.0,0.0,0,0.0,1.0,0,1.0,0.0,0.2,693,693
1551,1551,1551,0,0,29.0,0.0,0,12.0,0.0,0,62004.0,0.0,0,0.0,1.0,0,1.0,0.0,0.2,1551,1551
1872,1872,1872,0,0,7.0,0.0,0,6.0,0.0,0,45200.0,0.0,0,0.0,1.0,0,0.0,1.0,0.4,1872,1872
526,526,526,1,0,22.0,0.0,0,9.0,0.0,0,18111.0,0.0,0,6.0,0.0,0,1.0,0.0,0.0,526,526
173,173,173,1,0,20.0,0.0,0,13.0,0.0,0,64901.0,0.0,0,2.0,0.0,0,0.0,1.0,0.2,173,173
720,720,720,1,0,11.0,0.0,0,6.0,0.0,0,47593.0,0.0,0,0.0,1.0,0,0.0,1.0,0.4,720,720
414,414,414,1,0,20.0,0.0,0,12.0,0.0,1,1.0,0.0,0,1.0,0.0,0,2.0,0.0,0.0,414,414
237,237,237,1,0,23.0,0.0,0,0.0,1.0,1,1.0,0.0,0,1.0,0.0,0,2.0,0.0,0.2,237,237
1472,1472,1472,0,0,17.0,0.0,0,7.0,0.0,0,97000.0,0.0,0,0.0,1.0,0,1.0,0.0,0.2,1472,1472
1335,1335,1335,0,0,21.0,0.0,0,9.0,0.0,1,1.0,0.0,0,1.0,0.0,0,2.0,0.0,0.0,1335,1335
1063,1063,1063,0,0,3.0,0.0,0,9.0,0.0,1,1.0,0.0,0,0.0,1.0,0,1.0,0.0,0.2,1063,1063
23,23,23,1,0,65.0,0.0,1,1.0,0.0,1,1.0,0.0,0,0.0,1.0,0,1.0,0.0,0.2,23,23
1766,1766,1766,0,0,22.0,0.0,0,8.0,0.0,0,85095.0,0.0,0,1.0,0.0,0,2.0,0.0,0.0,1766,1766
63,63,63,1,0,16.0,0.0,0,6.0,0.0,0,85210.0,0.0,0,1.0,0.0,0,2.0,0.0,0.0,63,63
289,289,289,1,0,21.0,0.0,0,12.0,0.0,1,1.0,0.0,0,1.0,0.0,0,2.0,0.0,0.0,289,289
188,188,188,1,0,35.0,0.0,0,12.0,0.0,0,27401.0,0.0,0,0.0,1.0,0,1.0,0.0,0.2,188,188
701,701,701,1,0,30.0,0.0,0,0.0,1.0,1,1.0,0.0,0,1.0,0.0,0,1.0,0.0,0.2,701,701
1814,1814,1814,0,0,29.0,0.0,0,7.0,0.0,1,1.0,0.0,0,1.0,0.0,0,1.0,0.0,0.0,1814,1814
1137,1137,1137,0,0,45.0,0.0,0,8.0,0.0,1,1.0,0.0,0,0.0,1.0,0,0.0,1.0,0.4,1137,1137
354,354,354,1,0,20.0,0.0,0,6.0,0.0,0,49222.0,0.0,0,4.0,0.0,0,1.0,0.0,0.0,354,354
416,416,416,1,0,15.0,0.0,0,9.0,0.0,0,64197.0,0.0,0,0.0,1.0,0,2.0,0.0,0.2,416,416
1245,1245,1245,0,0,16.0,0.0,0,4.0,0.0,1,1.0,0.0,0,1.0,0.0,0,1.0,0.0,0.0,1245,1245
930,930,930,1,1,1.0,0.0,1,1.0,0.0,1,1.0,0.0,1,1.0,0.0,1,1.0,0.0,0.0,930,930
196,196,196,1,0,17.0,0.0,0,6.0,0.0,1,1.0,0.0,0,0.0,1.0,0,1.0,0.0,0.2,196,196
579,579,579,1,0,31.0,0.0,0,8.0,0.0,0,47717.0,0.0,0,0.0,1.0,0,1.0,0.0,0.2,579,579
1134,1134,1134,0,0,4.0,0.0,0,9.0,0.0,0,47612.0,0.0,0,0.0,1.0,0,1.0,0.0,0.2,1134,1134
1813,1813,1813,0,0,13.0,0.0,0,5.0,0.0,0,49221.0,0.0,0,2.0,0.0,0,0.0,1.0,0.2,1813,1813
1934,1934,1934,0,0,22.0,0.0,0,7.0,0.0,0,33130.0,0.0,0,1.0,0.0,0,0.0,1.0,0.2,1934,1934
433,433,433,1,0,31.0,0.0,1,1.0,0.0,1,1.0,0.0,0,1.0,0.0,0,0.0,1.0,0.2,433,433
100,100,100,1,0,38.0,0.0,0,8.0,0.0,1,1.0,0.0,0,0.0,1.0,0,2.0,0.0,0.2,100,100
1654,1654,1654,0,0,38.0,0.0,0,6.0,0.0,1,1.0,0.0,0,1.0,0.0,0,2.0,0.0,0.0,1654,1654
394,394,394,1,0,3.0,0.0,0,7.0,0.0,1,1.0,0.0,0,5.0,0.0,0,2.0,0.0,0.0,394,394
1938,1938,1938,0,0,56.0,0.0,1,1.0,0.0,1,1.0,0.0,0,0.0,1.0,0,1.0,0.0,0.2,1938,1938
220,220,220,1,0,40.0,0.0,0,7.0,0.0,1,1.0,0.0,0,1.0,0.0,0,0.0,1.0,0.2,220,220
1675,1675,1675,0,0,31.0,0.0,0,7.0,0.0,1,1.0,0.0,0,1.0,0.0,0,2.0,0.0,0.0,1675,1675
1497,1497,1497,0,0,16.0,0.0,0,8.0,0.0,0,64190.0,0.0,0,2.0,0.0,0,1.0,0.0,0.0,1497,1497
1784,1784,1784,0,0,29.0,0.0,0,6.0,0.0,0,1490.0,0.0,0,1.0,0.0,0,0.0,1.0,0.2,1784,1784
344,344,344,1,0,56.0,0.0,0,3.0,0.0,1,1.0,0.0,0,1.0,0.0,0,2.0,0.0,0.0,344,344
1027,1027,1027,0,0,44.0,0.0,0,8.0,0.0,1,1.0,0.0,0,1.0,0.0,0,0.0,1.0,0.2,1027,1027
888,888,888,1,0,14.0,0.0,0,2.0,0.0,1,1.0,0.0,0,0.0,1.0,0,2.0,0.0,0.2,888,888
1350,1350,1350,0,0,12.0,0.0,0,6.0,0.0,0,47589.0,0.0,0,2.0,0.0,0,1.0,0.0,0.0,1350,1350
552,552,552,1,0,32.0,0.0,0,9.0,0.0,0,14096.0,0.0,0,0.0,1.0,0,2.0,0.0,0.2,552,552
743,743,743,1,0,38.0,0.0,0,9.0,0.0,0,14095.0,0.0,0,4.0,0.0,0,1.0,0.0,0.0,743,743
1541,1541,1541,0,0,36.0,0.0,0,12.0,0.0,0,27407.0,0.0,0,1.0,0.0,0,0.0,1.0,0.2,1541,1541
538,538,538,1,1,1.0,0.0,1,1.0,0.0,1,1.0,0.0,1,1.0,0.0,1,1.0,0.0,0.0,538,538
906,906,906,1,0,5.0,0.0,0,7.0,0.0,0,10781.0,0.0,0,1.0,0.0,0,0.0,1.0,0.2,906,906
1394,1394,1394,0,0,37.0,0.0,0,8.0,0.0,0,10709.0,0.0,0,1.0,0.0,0,2.0,0.0,0.0,1394,1394
115,115,115,1,0,5.0,0.0,0,8.0,0.0,0,84110.0,0.0,0,1.0,0.0,0,1.0,0.0,0.0,115,115
829,829,829,1,0,9.0,0.0,0,10.0,0.0,0,47108.0,0.0,0,2.0,0.0,0,1.0,0.0,0.0,829,829
1937,1937,1937,0,0,26.0,0.0,0,10.0,0.0,0,45091.0,0.0,0,1.0,0.0,0,0.0,1.0,0.2,1937,1937
808,808,808,1,0,5.0,0.0,0,7.0,0.0,1,1.0,0.0,0,0.0,1.0,0,1.0,0.0,0.2,808,808
1310,1310,1310,0,0,24.0,0.0,0,3.0,0.0,0,16209.0,0.0,0,1.0,0.0,0,0.0,1.0,0.2,1310,1310
1004,1004,1004,0,0,19.0,0.0,0,7.0,0.0,1,1.0,0.0,0,1.0,0.0,0,1.0,0.0,0.0,1004,1004
305,305,305,1,0,22.0,0.0,0,0.0,1.0,1,1.0,0.0,0,1.0,0.0,0,1.0,0.0,0.2,305,305
1100,1100,1100,0,0,31.0,0.0,0,9.0,0.0,0,14096.0,0.0,0,0.0,1.0,0,1.0,0.0,0.2,1100,1100
479,479,479,1,0,12.0,0.0,0,12.0,0.0,0,40993.0,0.0,0,1.0,0.0,0,1.0,0.0,0.0,479,479
1423,1423,1423,0,0,19.0,0.0,0,9.0,0.0,0,56100.0,0.0,0,0.0,1.0,0,1.0,0.0,0.2,1423,1423
1075,1075,1075,0,0,8.0,0.0,0,8.0,0.0,1,1.0,0.0,0,1.0,0.0,0,1.0,0.0,0.0,1075,1075
570,570,570,1,0,14.0,0.0,0,5.0,0.0,1,1.0,0.0,0,1.0,0.0,0,1.0,0.0,0.0,570,570
618,618,618,1,0,52.0,0.0,0,8.0,0.0,1,1.0,0.0,0,1.0,0.0,0,1.0,0.0,0.0,618,618
1897,1897,1897,0,0,41.0,0.0,0,6.0,0.0,1,1.0,0.0,0,1.0,0.0,0,1.0,0.0,0.0,1897,1897
1265,1265,1265,0,0,1.0,0.0,0,9.0,0.0,1,1.0,0.0,0,1.0,0.0,0,1.0,0.0,0.0,1265,1265
78,78,78,1,1,1.0,0.0,1,1.0,0.0,1,1.0,0.0,1,1.0,0.0,1,1.0,0.0,0.0,78,78
1911,1911,1911,0,0,65.0,0.0,1,1.0,0.0,1,1.0,0.0,0,0.0,1.0,0,2.0,0.0,0.2,1911,1911
32,32,32,1,0,60.0,0.0,0,1.0,0.0,1,1.0,0.0,0,1.0,0.0,0,2.0,0.0,0.0,32,32
1537,1537,1537,0,0,24.0,0.0,0,9.0,0.0,0,95108.0,0.0,0,1.0,0.0,0,1.0,0.0,0.0,1537,1537
1033,1033,1033,0,0,15.0,0.0,0,6.0,0.0,1,1.0,0.0,0,0.0,1.0,0,0.0,1.0,0.4,1033,1033
1562,1562,1562,0,0,7.0,0.0,0,8.0,0.0,1,1.0,0.0,0,0.0,1.0,0,2.0,0.0,0.2,1562,1562
351,351,351,1,0,20.0,0.0,0,10.0,0.0,1,1.0,0.0,0,0.0,1.0,0,2.0,0.0,0.2,351,351
163,163,163,1,0,42.0,0.0,0,9.0,0.0,1,1.0,0.0,0,1.0,0.0,0,1.0,0.0,0.0,163,163
203,203,203,1,1,1.0,0.0,1,1.0,0.0,1,1.0,0.0,1,1.0,0.0,1,1.0,0.0,0.0,203,203
1053,1053,1053,0,0,39.0,0.0,0,12.0,0.0,0,64189.0,0.0,0,1.0,0.0,0,2.0,0.0,0.0,1053,1053
1364,1364,1364,0,0,48.0,0.0,1,1.0,0.0,1,1.0,0.0,0,0.0,1.0,0,2.0,0.0,0.2,1364,1364
1966,1966,1966,0,0,17.0,0.0,0,3.0,0.0,0,56306.0,0.0,0,2.0,0.0,0,1.0,0.0,0.0,1966,1966
495,495,495,1,0,4.0,0.0,0,9.0,0.0,1,1.0,0.0,0,2.0,0.0,0,1.0,0.0,0.0,495,495
1624,1624,1624,0,0,30.0,0.0,0,3.0,0.0,0,91991.0,0.0,0,5.0,0.0,0,0.0,1.0,0.2,1624,1624
1965,1965,1965,0,0,22.0,0.0,0,5.0,0.0,0,45299.0,0.0,0,2.0,0.0,0,0.0,1.0,0.2,1965,1965
1962,1962,1962,0,0,13.0,0.0,0,7.0,0.0,1,1.0,0.0,0,1.0,0.0,0,2.0,0.0,0.0,1962,1962
610,610,610,1,0,13.0,0.0,0,6.0,0.0,0,49217.0,0.0,0,2.0,0.0,0,0.0,1.0,0.2,610,610
432,432,432,1,0,52.0,0.0,1,1.0,0.0,1,1.0,0.0,0,0.0,1.0,0,2.0,0.0,0.2,432,432
1491,1491,1491,0,0,19.0,0.0,0,8.0,0.0,0,49211.0,0.0,0,1.0,0.0,0,0.0,1.0,0.2,1491,1491
218,218,218,1,0,37.0,0.0,0,3.0,0.0,0,45399.0,0.0,0,2.0,0.0,0,1.0,0.0,0.0,218,218
1930,1930,1930,0,1,1.0,0.0,1,1.0,0.0,1,1.0,0.0,1,1.0,0.0,1,1.0,0.0,0.0,1930,1930
1465,1465,1465,0,0,29.0,0.0,0,4.0,0.0,1,1.0,0.0,0,6.0,0.0,0,1.0,0.0,0.0,1465,1465
630,630,630,1,0,56.0,0.0,1,1.0,0.0,1,1.0,0.0,0,1.0,0.0,0,1.0,0.0,0.0,630,630
1381,1381,1381,0,0,31.0,0.0,0,6.0,0.0,1,1.0,0.0,0,1.0,0.0,0,2.0,0.0,0.0,1381,1381
1301,1301,1301,0,0,1.0,0.0,0,7.0,0.0,0,96997.0,0.0,0,0.0,1.0,0,1.0,0.0,0.2,1301,1301
59,59,59,1,0,41.0,0.0,0,7.0,0.0,1,1.0,0.0,0,2.0,0.0,0,1.0,0.0,0.0,59,59
298,298,298,1,0,30.0,0.0,0,8.0,0.0,1,1.0,0.0,0,0.0,1.0,0,1.0,0.0,0.2,298,298
1710,1710,1710,0,0,22.0,0.0,0,7.0,0.0,0,47215.0,0.0,0,0.0,1.0,0,1.0,0.0,0.2,1710,1710
73,73,73,1,0,0.0,1.0,0,8.0,0.0,0,10492.0,0.0,0,1.0,0.0,0,1.0,0.0,0.2,73,73
162,162,162,1,0,10.0,0.0,0,14.0,0.0,0,14090.0,0.0,0,1.0,0.0,0,1.0,0.0,0.0,162,162
1274,1274,1274,0,0,4.0,0.0,0,3.0,0.0,1,1.0,0.0,0,1.0,0.0,0,1.0,0.0,0.0,1274,1274
1593,1593,1593,0,0,10.0,0.0,0,9.0,0.0,0,85200.0,0.0,0,2.0,0.0,0,0.0,1.0,0.2,1593,1593
1433,1433,1433,0,0,3.0,0.0,0,9.0,0.0,1,1.0,0.0,0,2.0,0.0,0,1.0,0.0,0.0,1433,1433
1612,1612,1612,0,0,12.0,0.0,0,10.0,0.0,0,47107.0,0.0,0,2.0,0.0,0,1.0,0.0,0.0,1612,1612
591,591,591,1,0,7.0,0.0,0,13.0,0.0,0,69194.0,0.0,0,0.0,1.0,0,2.0,0.0,0.2,591,591
316,316,316,1,0,5.0,0.0,0,9.0,0.0,1,1.0,0.0,0,1.0,0.0,0,1.0,0.0,0.0,316,316
45,45,45,1,0,14.0,0.0,0,12.0,0.0,1,1.0,0.0,0,1.0,0.0,0,2.0,0.0,0.0,45,45
1719,1719,1719,0,0,24.0,0.0,0,10.0,0.0,1,1.0,0.0,0,1.0,0.0,0,2.0,0.0,0.0,1719,1719
1831,1831,1831,0,0,7.0,0.0,0,7.0,0.0,1,1.0,0.0,0,1.0,0.0,0,1.0,0.0,0.0,1831,1831
427,427,427,1,0,43.0,0.0,0,8.0,0.0,0,53192.0,0.0,0,2.0,0.0,0,0.0,1.0,0.2,427,427
581,581,581,1,0,24.0,0.0,0,7.0,0.0,0,16284.0,0.0,0,1.0,0.0,0,1.0,0.0,0.0,581,581
76,76,76,1,0,13.0,0.0,0,10.0,0.0,0,95100.0,0.0,0,2.0,0.0,0,1.0,0.0,0.0,76,76
1916,1916,1916,0,0,47.0,0.0,0,7.0,0.0,1,1.0,0.0,0,1.0,0.0,0,1.0,0.0,0.0,1916,1916
1414,1414,1414,0,0,25.0,0.0,0,7.0,0.0,1,1.0,0.0,0,0.0,1.0,0,2.0,0.0,0.2,1414,1414
780,780,780,1,0,8.0,0.0,0,3.0,0.0,1,1.0,0.0,0,0.0,1.0,0,1.0,0.0,0.2,780,780
1919,1919,1919,0,0,14.0,0.0,0,10.0,0.0,1,1.0,0.0,0,4.0,0.0,0,1.0,0.0,0.0,1919,1919
1173,1173,1173,0,0,8.0,0.0,0,0.0,1.0,1,1.0,0.0,0,4.0,0.0,0,1.0,0.0,0.2,1173,1173
1319,1319,1319,0,0,35.0,0.0,0,8.0,0.0,1,1.0,0.0,0,2.0,0.0,0,2.0,0.0,0.0,1319,1319
937,937,937,1,0,5.0,0.0,0,7.0,0.0,1,1.0,0.0,0,0.0,1.0,0,0.0,1.0,0.4,937,937
30,30,30,1,0,46.0,0.0,0,7.0,0.0,1,1.0,0.0,0,0.0,1.0,0,1.0,0.0,0.2,30,30
1091,1091,1091,0,0,43.0,0.0,0,0.0,1.0,1,1.0,0.0,0,1.0,0.0,0,1.0,0.0,0.2,1091,1091
1615,1615,1615,0,0,26.0,0.0,0,5.0,0.0,1,1.0,0.0,0,1.0,0.0,0,2.0,0.0,0.0,1615,1615
1229,1229,1229,0,0,31.0,0.0,0,5.0,0.0,0,49228.0,0.0,0,1.0,0.0,0,1.0,0.0,0.0,1229,1229
974,974,974,1,0,31.0,0.0,0,6.0,0.0,1,1.0,0.0,0,2.0,0.0,0,2.0,0.0,0.0,974,974
1084,1084,1084,0,0,67.0,0.0,0,1.0,0.0,1,1.0,0.0,0,2.0,0.0,0,2.0,0.0,0.0,1084,1084
514,514,514,1,0,5.0,0.0,0,15.0,0.0,0,97003.0,0.0,0,2.0,0.0,0,2.0,0.0,0.0,514,514
1550,1550,1550,0,0,41.0,0.0,1,1.0,0.0,1,1.0,0.0,0,0.0,1.0,0,1.0,0.0,0.2,1550,1550
1567,1567,1567,0,0,23.0,0.0,0,9.0,0.0,1,1.0,0.0,0,2.0,0.0,0,1.0,0.0,0.0,1567,1567
1810,1810,1810,0,0,21.0,0.0,0,5.0,0.0,1,1.0,0.0,0,0.0,1.0,0,0.0,1.0,0.4,1810,1810
1573,1573,1573,0,0,19.0,0.0,0,2.0,0.0,1,1.0,0.0,0,3.0,0.0,0,1.0,0.0,0.0,1573,1573
44,44,44,1,0,6.0,0.0,0,11.0,0.0,0,85200.0,0.0,0,0.0,1.0,0,1.0,0.0,0.2,44,44
1686,1686,1686,0,0,28.0,0.0,0,9.0,0.0,0,84109.0,0.0,0,2.0,0.0,0,1.0,0.0,0.0,1686,1686
168,168,168,1,0,18.0,0.0,0,8.0,0.0,0,18105.0,0.0,0,1.0,0.0,0,0.0,1.0,0.2,168,168
303,303,303,1,0,13.0,0.0,0,12.0,0.0,0,84109.0,0.0,0,0.0,1.0,0,1.0,0.0,0.2,303,303
990,990,990,1,0,18.0,0.0,0,7.0,0.0,0,35996.0,0.0,0,2.0,0.0,0,0.0,1.0,0.2,990,990
555,555,555,1,0,0.0,1.0,0,10.0,0.0,1,1.0,0.0,0,1.0,0.0,0,1.0,0.0,0.2,555,555
1924,1924,1924,0,1,1.0,0.0,1,1.0,0.0,1,1.0,0.0,1,1.0,0.0,1,1.0,0.0,0.0,1924,1924
607,607,607,1,0,32.0,0.0,0,8.0,0.0,1,1.0,0.0,0,1.0,0.0,0,1.0,0.0,0.0,607,607
1618,1618,1618,0,0,25.0,0.0,0,5.0,0.0,0,47702.0,0.0,0,2.0,0.0,0,0.0,1.0,0.2,1618,1618
757,757,757,1,0,25.0,0.0,0,6.0,0.0,1,1.0,0.0,0,2.0,0.0,0,1.0,0.0,0.0,757,757
438,438,438,1,0,37.0,0.0,0,2.0,0.0,1,1.0,0.0,0,2.0,0.0,0,1.0,0.0,0.0,438,438
582,582,582,1,0,3.0,0.0,0,8.0,0.0,1,1.0,0.0,0,0.0,1.0,0,2.0,0.0,0.2,582,582
1518,1518,1518,0,0,51.0,0.0,0,7.0,0.0,1,1.0,0.0,0,0.0,1.0,0,1.0,0.0,0.2,1518,1518
527,527,527,1,0,2.0,0.0,0,10.0,0.0,0,47105.0,0.0,0,1.0,0.0,0,1.0,0.0,0.0,527,527
342,342,342,1,0,12.0,0.0,0,14.0,0.0,0,47728.0,0.0,0,1.0,0.0,0,0.0,1.0,0.2,342,342
1736,1736,1736,0,0,15.0,0.0,0,11.0,0.0,1,1.0,0.0,0,1.0,0.0,0,1.0,0.0,0.0,1736,1736
367,367,367,1,0,26.0,0.0,0,5.0,0.0,0,14099.0,0.0,0,1.0,0.0,0,2.0,0.0,0.0,367,367
185,185,185,1,0,17.0,0.0,0,8.0,0.0,1,1.0,0.0,0,1.0,0.0,0,0.0,1.0,0.2,185,185
1116,1116,1116,0,0,21.0,0.0,0,8.0,0.0,1,1.0,0.0,0,2.0,0.0,0,1.0,0.0,0.0,1116,1116
1754,1754,1754,0,1,1.0,0.0,1,1.0,0.0,1,1.0,0.0,1,1.0,0.0,1,1.0,0.0,0.0,1754,1754
1425,1425,1425,0,1,1.0,0.0,1,1.0,0.0,1,1.0,0.0,1,1.0,0.0,1,1.0,0.0,0.0,1425,1425
300,300,300,1,0,8.0,0.0,0,4.0,0.0,0,1289.0,0.0,0,5.0,0.0,0,2.0,0.0,0.0,300,300
1903,1903,1903,0,0,15.0,0.0,0,3.0,0.0,1,1.0,0.0,0,1.0,0.0,0,1.0,0.0,0.0,1903,1903
832,832,832,1,0,7.0,0.0,0,11.0,0.0,1,1.0,0.0,0,1.0,0.0,0,0.0,1.0,0.2,832,832
543,543,543,1,0,0.0,1.0,0,6.0,0.0,0,22194.0,0.0,0,1.0,0.0,0,0.0,1.0,0.4,543,543
1600,1600,1600,0,0,3.0,0.0,0,3.0,0.0,0,49213.0,0.0,0,0.0,1.0,0,0.0,1.0,0.4,1600,1600
350,350,350,1,0,22.0,0.0,0,9.0,0.0,1,1.0,0.0,0,2.0,0.0,0,1.0,0.0,0.0,350,350
1932,1932,1932,0,0,42.0,0.0,0,9.0,0.0,1,1.0,0.0,0,1.0,0.0,0,2.0,0.0,0.0,1932,1932
1510,1510,1510,0,0,27.0,0.0,0,8.0,0.0,0,14098.0,0.0,0,0.0,1.0,0,2.0,0.0,0.2,1510,1510
978,978,978,1,0,10.0,0.0,0,12.0,0.0,1,1.0,0.0,0,0.0,1.0,0,1.0,0.0,0.2,978,978
175,175,175,1,0,23.0,0.0,0,7.0,0.0,1,1.0,0.0,0,1.0,0.0,0,1.0,0.0,0.0,175,175
482,482,482,1,0,17.0,0.0,1,1.0,0.0,1,1.0,0.0,0,1.0,0.0,0,2.0,0.0,0.0,482,482
1412,1412,1412,0,0,34.0,0.0,0,3.0,0.0,1,1.0,0.0,0,1.0,0.0,0,1.0,0.0,0.0,1412,1412
1610,1610,1610,0,0,63.0,0.0,1,1.0,0.0,1,1.0,0.0,0,1.0,0.0,0,0.0,1.0,0.2,1610,1610
123,123,123,1,0,15.0,0.0,0,9.0,0.0,0,17022.0,0.0,0,0.0,1.0,0,0.0,1.0,0.4,123,123
599,599,599,1,0,24.0,0.0,0,9.0,0.0,1,1.0,0.0,0,1.0,0.0,0,1.0,0.0,0.0,599,599
1794,1794,1794,0,0,7.0,0.0,0,11.0,0.0,0,84123.0,0.0,0,2.0,0.0,0,1.0,0.0,0.0,1794,1794
1745,1745,1745,0,0,22.0,0.0,1,1.0,0.0,1,1.0,0.0,0,0.0,1.0,0,1.0,0.0,0.2,1745,1745
1378,1378,1378,0,0,29.0,0.0,0,7.0,0.0,0,47593.0,0.0,0,1.0,0.0,0,0.0,1.0,0.2,1378,1378
1185,1185,1185,0,0,6.0,0.0,0,10.0,0.0,1,1.0,0.0,0,1.0,0.0,0,1.0,0.0,0.0,1185,1185
485,485,485,1,0,31.0,0.0,0,9.0,0.0,1,1.0,0.0,0,1.0,0.0,0,0.0,1.0,0.2,485,485
331,331,331,1,0,15.0,0.0,0,14.0,0.0,0,85204.0,0.0,0,1.0,0.0,0,2.0,0.0,0.0,331,331
788,788,788,1,0,47.0,0.0,0,8.0,0.0,1,1.0,0.0,0,0.0,1.0,0,2.0,0.0,0.2,788,788
194,194,194,1,0,21.0,0.0,0,7.0,0.0,1,1.0,0.0,0,0.0,1.0,0,2.0,0.0,0.2,194,194
637,637,637,1,0,23.0,0.0,0,10.0,0.0,0,49211.0,0.0,0,0.0,1.0,0,0.0,1.0,0.4,637,637
471,471,471,1,0,10.0,0.0,0,13.0,0.0,1,1.0,0.0,0,1.0,0.0,0,0.0,1.0,0.2,471,471
1713,1713,1713,0,0,7.0,0.0,0,8.0,0.0,0,85491.0,0.0,0,0.0,1.0,0,0.0,1.0,0.4,1713,1713
322,322,322,1,0,30.0,0.0,0,4.0,0.0,1,1.0,0.0,0,0.0,1.0,0,1.0,0.0,0.2,322,322
1196,1196,1196,0,0,8.0,0.0,0,10.0,0.0,1,1.0,0.0,0,0.0,1.0,0,1.0,0.0,0.2,1196,1196
266,266,266,1,0,23.0,0.0,0,10.0,0.0,1,1.0,0.0,0,2.0,0.0,0,2.0,0.0,0.0,266,266
1543,1543,1543,0,0,25.0,0.0,0,6.0,0.0,0,52283.0,0.0,0,0.0,1.0,0,0.0,1.0,0.4,1543,1543
1803,1803,1803,0,0,17.0,0.0,0,10.0,0.0,1,1.0,0.0,0,0.0,1.0,0,1.0,0.0,0.2,1803,1803
67,67,67,1,0,35.0,0.0,0,1.0,0.0,1,1.0,0.0,0,0.0,1.0,0,1.0,0.0,0.2,67,67
1737,1737,1737,0,0,43.0,0.0,0,6.0,0.0,1,1.0,0.0,0,1.0,0.0,0,1.0,0.0,0.0,1737,1737
1592,1592,1592,0,0,14.0,0.0,0,8.0,0.0,0,52290.0,0.0,0,0.0,1.0,0,1.0,0.0,0.2,1592,1592
1563,1563,1563,0,0,13.0,0.0,0,7.0,0.0,1,1.0,0.0,0,2.0,0.0,0,2.0,0.0,0.0,1563,1563
480,480,480,1,0,31.0,0.0,0,10.0,0.0,1,1.0,0.0,0,1.0,0.0,0,1.0,0.0,0.0,480,480
1756,1756,1756,0,0,10.0,0.0,0,4.0,0.0,1,1.0,0.0,0,1.0,0.0,0,2.0,0.0,0.0,1756,1756
1912,1912,1912,0,0,45.0,0.0,0,9.0,0.0,0,25103.0,0.0,0,0.0,1.0,0,1.0,0.0,0.2,1912,1912
1440,1440,1440,0,0,5.0,0.0,0,8.0,0.0,1,1.0,0.0,0,0.0,1.0,0,2.0,0.0,0.2,1440,1440
1460,1460,1460,0,0,59.0,0.0,0,1.0,0.0,1,1.0,0.0,0,1.0,0.0,0,0.0,1.0,0.2,1460,1460
887,887,887,1,0,19.0,0.0,0,7.0,0.0,1,1.0,0.0,0,2.0,0.0,0,1.0,0.0,0.0,887,887
422,422,422,1,0,51.0,0.0,0,5.0,0.0,1,1.0,0.0,0,1.0,0.0,0,0.0,1.0,0.2,422,422
1674,1674,1674,0,0,10.0,0.0,0,2.0,0.0,0,41000.0,0.0,0,0.0,1.0,0,0.0,1.0,0.4,1674,1674
1449,1449,1449,0,0,8.0,0.0,0,9.0,0.0,1,1.0,0.0,0,0.0,1.0,0,1.0,0.0,0.2,1449,1449
764,764,764,1,0,61.0,0.0,1,1.0,0.0,1,1.0,0.0,0,1.0,0.0,0,1.0,0.0,0.0,764,764
519,519,519,1,1,1.0,0.0,1,1.0,0.0,1,1.0,0.0,1,1.0,0.0,1,1.0,0.0,0.0,519,519
1431,1431,1431,0,0,15.0,0.0,0,6.0,0.0,0,47112.0,0.0,0,1.0,0.0,0,1.0,0.0,0.0,1431,1431
613,613,613,1,0,18.0,0.0,0,7.0,0.0,1,1.0,0.0,0,2.0,0.0,0,1.0,0.0,0.0,613,613
1530,1530,1530,0,0,21.0,0.0,0,5.0,0.0,0,47814.0,0.0,0,1.0,0.0,0,0.0,1.0,0.2,1530,1530
1782,1782,1782,0,0,14.0,0.0,0,3.0,0.0,1,1.0,0.0,0,0.0,1.0,0,1.0,0.0,0.2,1782,1782
1658,1658,1658,0,0,3.0,0.0,0,14.0,0.0,0,14092.0,0.0,0,1.0,0.0,0,1.0,0.0,0.0,1658,1658
453,453,453,1,0,33.0,0.0,0,9.0,0.0,1,1.0,0.0,0,2.0,0.0,0,1.0,0.0,0.0,453,453
730,730,730,1,0,55.0,0.0,0,2.0,0.0,1,1.0,0.0,0,0.0,1.0,0,2.0,0.0,0.2,730,730
534,534,534,1,0,17.0,0.0,0,17.0,0.0,1,1.0,0.0,0,0.0,1.0,0,1.0,0.0,0.2,534,534
965,965,965,1,0,53.0,0.0,1,1.0,0.0,1,1.0,0.0,0,1.0,0.0,0,1.0,0.0,0.0,965,965
1284,1284,1284,0,0,6.0,0.0,0,5.0,0.0,0,43294.0,0.0,0,2.0,0.0,0,0.0,1.0,0.2,1284,1284
1739,1739,1739,0,0,0.0,1.0,0,8.0,0.0,1,1.0,0.0,0,2.0,0.0,0,1.0,0.0,0.2,1739,1739
261,261,261,1,0,37.0,0.0,0,11.0,0.0,1,1.0,0.0,0,1.0,0.0,0,1.0,0.0,0.0,261,261
535,535,535,1,0,15.0,0.0,0,8.0,0.0,0,49226.0,0.0,0,1.0,0.0,0,1.0,0.0,0.0,535,535
968,968,968,1,0,23.0,0.0,0,8.0,0.0,0,56204.0,0.0,0,0.0,1.0,0,1.0,0.0,0.2,968,968
240,240,240,1,0,17.0,0.0,0,8.0,0.0,1,1.0,0.0,0,1.0,0.0,0,1.0,0.0,0.0,240,240
819,819,819,1,0,32.0,0.0,0,9.0,0.0,1,1.0,0.0,0,0.0,1.0,0,0.0,1.0,0.4,819,819
692,692,692,1,0,4.0,0.0,0,11.0,0.0,0,49229.0,0.0,0,1.0,0.0,0,0.0,1.0,0.2,692,692
420,420,420,1,0,18.0,0.0,0,8.0,0.0,0,56206.0,0.0,0,2.0,0.0,0,1.0,0.0,0.0,420,420
1085,1085,1085,0,0,25.0,0.0,0,5.0,0.0,0,47105.0,0.0,0,0.0,1.0,0,1.0,0.0,0.2,1085,1085
1998,1998,1998,0,0,11.0,0.0,0,5.0,0.0,1,1.0,0.0,0,2.0,0.0,0,2.0,0.0,0.0,1998,1998
365,365,365,1,0,22.0,0.0,0,12.0,0.0,0,64900.0,0.0,0,1.0,0.0,0,1.0,0.0,0.0,365,365
1022,1022,1022,0,0,32.0,0.0,0,7.0,0.0,1,1.0,0.0,0,1.0,0.0,0,1.0,0.0,0.0,1022,1022
1240,1240,1240,0,0,28.0,0.0,1,1.0,0.0,1,1.0,0.0,0,1.0,0.0,0,0.0,1.0,0.2,1240,1240
588,588,588,1,0,3.0,0.0,0,11.0,0.0,0,10705.0,0.0,0,1.0,0.0,0,1.0,0.0,0.0,588,588
736,736,736,1,0,1.0,0.0,0,7.0,0.0,1,1.0,0.0,0,1.0,0.0,0,1.0,0.0,0.0,736,736
1761,1761,1761,0,0,7.0,0.0,0,6.0,0.0,1,1.0,0.0,0,1.0,0.0,0,1.0,0.0,0.0,1761,1761
941,941,941,1,0,21.0,0.0,0,7.0,0.0,1,1.0,0.0,0,1.0,0.0,0,1.0,0.0,0.0,941,941
71,71,71,1,0,1.0,0.0,0,10.0,0.0,0,42092.0,0.0,0,1.0,0.0,0,1.0,0.0,0.0,71,71
1407,1407,1407,0,0,32.0,0.0,0,13.0,0.0,0,84111.0,0.0,0,1.0,0.0,0,1.0,0.0,0.0,1407,1407
259,259,259,1,0,53.0,0.0,0,3.0,0.0,1,1.0,0.0,0,1.0,0.0,0,1.0,0.0,0.0,259,259
51,51,51,1,0,11.0,0.0,0,10.0,0.0,0,84127.0,0.0,0,2.0,0.0,0,0.0,1.0,0.2,51,51
198,198,198,1,0,8.0,0.0,0,1.0,0.0,0,43290.0,0.0,0,0.0,1.0,0,1.0,0.0,0.2,198,198
1788,1788,1788,0,0,5.0,0.0,0,12.0,0.0,1,1.0,0.0,0,1.0,0.0,0,2.0,0.0,0.0,1788,1788
650,650,650,1,0,19.0,0.0,0,11.0,0.0,1,1.0,0.0,0,0.0,1.0,0,0.0,1.0,0.4,650,650
332,332,332,1,0,30.0,0.0,0,10.0,0.0,1,1.0,0.0,0,0.0,1.0,0,0.0,1.0,0.4,332,332
1359,1359,1359,0,0,4.0,0.0,0,8.0,0.0,1,1.0,0.0,0,1.0,0.0,0,1.0,0.0,0.0,1359,1359
593,593,593,1,0,33.0,0.0,0,9.0,0.0,0,49222.0,0.0,0,1.0,0.0,0,1.0,0.0,0.0,593,593
1391,1391,1391,0,0,51.0,0.0,0,7.0,0.0,1,1.0,0.0,0,1.0,0.0,0,1.0,0.0,0.0,1391,1391
1800,1800,1800,0,0,9.0,0.0,0,9.0,0.0,0,17011.0,0.0,0,2.0,0.0,0,0.0,1.0,0.2,1800,1800
1314,1314,1314,0,0,66.0,0.0,1,1.0,0.0,1,1.0,0.0,0,1.0,0.0,0,2.0,0.0,0.0,1314,1314
1111,1111,1111,0,0,31.0,0.0,0,1.0,0.0,1,1.0,0.0,0,0.0,1.0,0,2.0,0.0,0.2,1111,1111
1006,1006,1006,0,0,20.0,0.0,0,10.0,0.0,1,1.0,0.0,0,4.0,0.0,0,2.0,0.0,0.0,1006,1006
1326,1326,1326,0,0,2.0,0.0,0,10.0,0.0,0,47728.0,0.0,0,1.0,0.0,0,1.0,0.0,0.0,1326,1326
426,426,426,1,0,13.0,0.0,0,9.0,0.0,1,1.0,0.0,0,0.0,1.0,0,2.0,0.0,0.2,426,426
1558,1558,1558,0,0,34.0,0.0,1,1.0,0.0,1,1.0,0.0,0,1.0,0.0,0,1.0,0.0,0.0,1558,1558
1293,1293,1293,0,0,8.0,0.0,0,9.0,0.0,1,1.0,0.0,0,0.0,1.0,0,1.0,0.0,0.2,1293,1293
590,590,590,1,0,27.0,0.0,0,9.0,0.0,0,10706.0,0.0,0,1.0,0.0,0,2.0,0.0,0.0,590,590
1957,1957,1957,0,0,10.0,0.0,0,4.0,0.0,1,1.0,0.0,0,2.0,0.0,0,2.0,0.0,0.0,1957,1957
1976,1976,1976,0,0,38.0,0.0,0,7.0,0.0,1,1.0,0.0,0,0.0,1.0,0,0.0,1.0,0.4,1976,1976
1132,1132,1132,0,0,15.0,0.0,0,6.0,0.0,0,40998.0,0.0,0,2.0,0.0,0,0.0,1.0,0.2,1132,1132
985,985,985,1,0,4.0,0.0,0,8.0,0.0,1,1.0,0.0,0,0.0,1.0,0,1.0,0.0,0.2,985,985
398,398,398,1,0,10.0,0.0,0,0.0,1.0,1,1.0,0.0,0,1.0,0.0,0,0.0,1.0,0.4,398,398
1511,1511,1511,0,0,5.0,0.0,0,4.0,0.0,1,1.0,0.0,0,1.0,0.0,0,2.0,0.0,0.0,1511,1511
436,436,436,1,0,26.0,0.0,0,7.0,0.0,1,1.0,0.0,0,1.0,0.0,0,1.0,0.0,0.0,436,436
192,192,192,1,0,61.0,0.0,0,2.0,0.0,1,1.0,0.0,0,1.0,0.0,0,1.0,0.0,0.0,192,192
1435,1435,1435,0,0,18.0,0.0,0,7.0,0.0,0,14095.0,0.0,0,0.0,1.0,0,1.0,0.0,0.2,1435,1435
614,614,614,1,0,30.0,0.0,0,10.0,0.0,1,1.0,0.0,0,2.0,0.0,0,1.0,0.0,0.0,614,614
1493,1493,1493,0,0,27.0,0.0,0,8.0,0.0,1,1.0,0.0,0,0.0,1.0,0,2.0,0.0,0.2,1493,1493
576,576,576,1,0,25.0,0.0,0,7.0,0.0,0,47581.0,0.0,0,2.0,0.0,0,0.0,1.0,0.2,576,576
986,986,986,1,0,40.0,0.0,0,6.0,0.0,1,1.0,0.0,0,1.0,0.0,0,0.0,1.0,0.2,986,986
1432,1432,1432,0,0,11.0,0.0,0,6.0,0.0,0,49230.0,0.0,0,3.0,0.0,0,1.0,0.0,0.0,1432,1432
706,706,706,1,0,27.0,0.0,0,9.0,0.0,0,47707.0,0.0,0,1.0,0.0,0,0.0,1.0,0.2,706,706
1258,1258,1258,0,0,34.0,0.0,0,9.0,0.0,0,14104.0,0.0,0,1.0,0.0,0,2.0,0.0,0.0,1258,1258
141,141,141,1,0,6.0,0.0,0,10.0,0.0,0,1410.0,0.0,0,1.0,0.0,0,1.0,0.0,0.0,141,141
1357,1357,1357,0,0,64.0,0.0,1,1.0,0.0,1,1.0,0.0,0,1.0,0.0,0,1.0,0.0,0.0,1357,1357
2,2,2,1,0,40.0,0.0,0,7.0,0.0,1,1.0,0.0,0,0.0,1.0,0,2.0,0.0,0.2,2,2
1221,1221,1221,0,0,46.0,0.0,0,3.0,0.0,1,1.0,0.0,0,1.0,0.0,0,2.0,0.0,0.0,1221,1221
1869,1869,1869,0,0,37.0,0.0,0,11.0,0.0,1,1.0,0.0,0,2.0,0.0,0,1.0,0.0,0.0,1869,1869
1622,1622,1622,0,0,34.0,0.0,0,10.0,0.0,1,1.0,0.0,0,1.0,0.0,0,1.0,0.0,0.0,1622,1622
339,339,339,1,0,10.0,0.0,0,12.0,0.0,1,1.0,0.0,0,1.0,0.0,0,1.0,0.0,0.0,339,339
1769,1769,1769,0,0,9.0,0.0,0,8.0,0.0,0,14098.0,0.0,0,0.0,1.0,0,1.0,0.0,0.2,1769,1769
1536,1536,1536,0,0,24.0,0.0,0,7.0,0.0,0,18111.0,0.0,0,1.0,0.0,0,0.0,1.0,0.2,1536,1536
483,483,483,1,0,30.0,0.0,0,7.0,0.0,0,47519.0,0.0,0,2.0,0.0,0,1.0,0.0,0.0,483,483
265,265,265,1,0,21.0,0.0,0,6.0,0.0,0,41000.0,0.0,0,0.0,1.0,0,0.0,1.0,0.4,265,265
376,376,376,1,0,16.0,0.0,0,6.0,0.0,1,1.0,0.0,0,1.0,0.0,0,2.0,0.0,0.0,376,376
741,741,741,1,0,14.0,0.0,0,9.0,0.0,1,1.0,0.0,0,1.0,0.0,0,1.0,0.0,0.0,741,741
1013,1013,1013,0,0,21.0,0.0,0,7.0,0.0,0,86199.0,0.0,0,1.0,0.0,0,2.0,0.0,0.0,1013,1013
439,439,439,1,0,18.0,0.0,0,3.0,0.0,1,1.0,0.0,0,1.0,0.0,0,2.0,0.0,0.0,439,439
271,271,271,1,0,7.0,0.0,0,8.0,0.0,0,27406.0,0.0,0,0.0,1.0,0,1.0,0.0,0.2,271,271
184,184,184,1,0,2.0,0.0,0,7.0,0.0,1,1.0,0.0,0,1.0,0.0,0,2.0,0.0,0.0,184,184
939,939,939,1,0,4.0,0.0,0,8.0,0.0,0,15117.0,0.0,0,2.0,0.0,0,2.0,0.0,0.0,939,939
244,244,244,1,0,31.0,0.0,0,12.0,0.0,1,1.0,0.0,0,0.0,1.0,0,1.0,0.0,0.2,244,244
931,931,931,1,0,21.0,0.0,0,9.0,0.0,0,85301.0,0.0,0,1.0,0.0,0,0.0,1.0,0.2,931,931
445,445,445,1,0,25.0,0.0,0,5.0,0.0,1,1.0,0.0,0,0.0,1.0,0,1.0,0.0,0.2,445,445
596,596,596,1,0,35.0,0.0,0,6.0,0.0,1,1.0,0.0,0,1.0,0.0,0,2.0,0.0,0.0,596,596
817,817,817,1,0,18.0,0.0,0,9.0,0.0,1,1.0,0.0,0,1.0,0.0,0,2.0,0.0,0.0,817,817
1272,1272,1272,0,0,32.0,0.0,0,13.0,0.0,1,1.0,0.0,0,1.0,0.0,0,1.0,0.0,0.0,1272,1272
1676,1676,1676,0,0,4.0,0.0,0,9.0,0.0,0,84223.0,0.0,0,1.0,0.0,0,1.0,0.0,0.0,1676,1676
486,486,486,1,0,33.0,0.0,0,3.0,0.0,1,1.0,0.0,0,2.0,0.0,0,1.0,0.0,0.0,486,486
680,680,680,1,1,1.0,0.0,1,1.0,0.0,1,1.0,0.0,1,1.0,0.0,1,1.0,0.0,0.0,680,680
415,415,415,1,0,16.0,0.0,0,7.0,0.0,0,47585.0,0.0,0,1.0,0.0,0,1.0,0.0,0.0,415,415
273,273,273,1,0,59.0,0.0,1,1.0,0.0,1,1.0,0.0,0,1.0,0.0,0,1.0,0.0,0.0,273,273
1471,1471,1471,0,0,23.0,0.0,0,11.0,0.0,0,47732.0,0.0,0,1.0,0.0,0,0.0,1.0,0.2,1471,1471
1829,1829,1829,0,0,62.0,0.0,1,1.0,0.0,1,1.0,0.0,0,1.0,0.0,0,0.0,1.0,0.2,1829,1829
1454,1454,1454,0,0,15.0,0.0,0,8.0,0.0,0,45192.0,0.0,0,2.0,0.0,0,1.0,0.0,0.0,1454,1454
250,250,250,1,0,43.0,0.0,0,0.0,1.0,1,1.0,0.0,0,1.0,0.0,0,1.0,0.0,0.2,250,250
413,413,413,1,0,19.0,0.0,0,12.0,0.0,1,1.0,0.0,0,0.0,1.0,0,2.0,0.0,0.2,413,413
1385,1385,1385,0,0,58.0,0.0,0,2.0,0.0,1,1.0,0.0,0,1.0,0.0,0,1.0,0.0,0.0,1385,1385
1307,1307,1307,0,0,1.0,0.0,0,3.0,0.0,0,47584.0,0.0,0,2.0,0.0,0,0.0,1.0,0.2,1307,1307
715,715,715,1,0,20.0,0.0,0,8.0,0.0,1,1.0,0.0,0,1.0,0.0,0,2.0,0.0,0.0,715,715
310,310,310,1,0,9.0,0.0,0,0.0,1.0,1,1.0,0.0,0,3.0,0.0,0,1.0,0.0,0.2,310,310
926,926,926,1,0,19.0,0.0,0,3.0,0.0,1,1.0,0.0,0,0.0,1.0,0,1.0,0.0,0.2,926,926
381,381,381,1,0,3.0,0.0,0,7.0,0.0,1,1.0,0.0,0,0.0,1.0,0,2.0,0.0,0.2,381,381
1565,1565,1565,0,0,51.0,0.0,0,7.0,0.0,1,1.0,0.0,0,4.0,0.0,0,1.0,0.0,0.0,1565,1565
425,425,425,1,1,1.0,0.0,1,1.0,0.0,1,1.0,0.0,1,1.0,0.0,1,1.0,0.0,0.0,425,425
1874,1874,1874,0,0,12.0,0.0,0,8.0,0.0,0,69100.0,0.0,0,2.0,0.0,0,1.0,0.0,0.0,1874,1874
532,532,532,1,0,48.0,0.0,0,1.0,0.0,1,1.0,0.0,0,0.0,1.0,0,2.0,0.0,0.2,532,532
752,752,752,1,0,23.0,0.0,0,9.0,0.0,1,1.0,0.0,0,0.0,1.0,0,1.0,0.0,0.2,752,752
765,765,765,1,0,4.0,0.0,0,11.0,0.0,0,47814.0,0.0,0,0.0,1.0,0,0.0,1.0,0.4,765,765
1356,1356,1356,0,0,0.0,1.0,0,7.0,0.0,0,1288.0,0.0,0,5.0,0.0,0,2.0,0.0,0.2,1356,1356
408,408,408,1,0,1.0,0.0,0,12.0,0.0,0,84104.0,0.0,0,1.0,0.0,0,2.0,0.0,0.0,408,408
1614,1614,1614,0,0,20.0,0.0,0,10.0,0.0,1,1.0,0.0,0,1.0,0.0,0,0.0,1.0,0.2,1614,1614
694,694,694,1,0,6.0,0.0,0,7.0,0.0,0,45198.0,0.0,0,0.0,1.0,0,0.0,1.0,0.4,694,694
1738,1738,1738,0,0,13.0,0.0,0,10.0,0.0,0,49220.0,0.0,0,0.0,1.0,0,1.0,0.0,0.2,1738,1738
548,548,548,1,0,10.0,0.0,0,5.0,0.0,0,47108.0,0.0,0,2.0,0.0,0,1.0,0.0,0.0,548,548
936,936,936,1,0,4.0,0.0,0,9.0,0.0,1,1.0,0.0,0,0.0,1.0,0,0.0,1.0,0.4,936,936
1389,1389,1389,0,0,8.0,0.0,0,9.0,0.0,1,1.0,0.0,0,5.0,0.0,0,2.0,0.0,0.0,1389,1389
1607,1607,1607,0,0,9.0,0.0,0,10.0,0.0,0,84112.0,0.0,0,2.0,0.0,0,1.0,0.0,0.0,1607,1607
1939,1939,1939,0,0,23.0,0.0,0,1.0,0.0,1,1.0,0.0,0,2.0,0.0,0,2.0,0.0,0.0,1939,1939
1481,1481,1481,0,0,38.0,0.0,0,2.0,0.0,1,1.0,0.0,0,1.0,0.0,0,0.0,1.0,0.2,1481,1481
182,182,182,1,0,0.0,1.0,0,9.0,0.0,1,1.0,0.0,0,1.0,0.0,0,1.0,0.0,0.2,182,182
1940,1940,1940,0,0,47.0,0.0,1,1.0,0.0,1,1.0,0.0,0,1.0,0.0,0,1.0,0.0,0.0,1940,1940
1160,1160,1160,0,0,8.0,0.0,0,5.0,0.0,1,1.0,0.0,0,2.0,0.0,0,1.0,0.0,0.0,1160,1160
170,170,170,1,0,6.0,0.0,0,8.0,0.0,0,97000.0,0.0,0,2.0,0.0,0,2.0,0.0,0.0,170,170
292,292,292,1,0,58.0,0.0,0,8.0,0.0,1,1.0,0.0,0,2.0,0.0,0,1.0,0.0,0.0,292,292
561,561,561,1,0,7.0,0.0,0,10.0,0.0,1,1.0,0.0,0,1.0,0.0,0,2.0,0.0,0.0,561,561
1456,1456,1456,0,0,3.0,0.0,0,8.0,0.0,0,10789.0,0.0,0,1.0,0.0,0,2.0,0.0,0.0,1456,1456
1876,1876,1876,0,0,51.0,0.0,0,9.0,0.0,0,85094.0,0.0,0,1.0,0.0,0,1.0,0.0,0.0,1876,1876
1651,1651,1651,0,0,23.0,0.0,0,7.0,0.0,0,96083.0,0.0,0,0.0,1.0,0,1.0,0.0,0.2,1651,1651
849,849,849,1,0,15.0,0.0,0,12.0,0.0,0,46296.0,0.0,0,0.0,1.0,0,0.0,1.0,0.4,849,849
272,272,272,1,0,29.0,0.0,0,10.0,0.0,1,1.0,0.0,0,1.0,0.0,0,2.0,0.0,0.0,272,272
1549,1549,1549,0,0,46.0,0.0,0,3.0,0.0,1,1.0,0.0,0,0.0,1.0,0,2.0,0.0,0.2,1549,1549
1034,1034,1034,0,0,0.0,1.0,0,7.0,0.0,1,1.0,0.0,0,0.0,1.0,0,1.0,0.0,0.4,1034,1034
1743,1743,1743,0,0,17.0,0.0,0,13.0,0.0,0,86091.0,0.0,0,2.0,0.0,0,1.0,0.0,0.0,1743,1743
371,371,371,1,0,39.0,0.0,0,8.0,0.0,1,1.0,0.0,0,0.0,1.0,0,1.0,0.0,0.2,371,371
1669,1669,1669,0,0,2.0,0.0,0,2.0,0.0,0,96996.0,0.0,0,2.0,0.0,0,0.0,1.0,0.2,1669,1669
721,721,721,1,0,6.0,0.0,0,5.0,0.0,1,1.0,0.0,0,0.0,1.0,0,1.0,0.0,0.2,721,721
733,733,733,1,0,12.0,0.0,0,6.0,0.0,0,79099.0,0.0,0,1.0,0.0,0,1.0,0.0,0.0,733,733
777,777,777,1,0,6.0,0.0,0,6.0,0.0,1,1.0,0.0,0,1.0,0.0,0,1.0,0.0,0.0,777,777
518,518,518,1,0,46.0,0.0,0,8.0,0.0,1,1.0,0.0,0,0.0,1.0,0,1.0,0.0,0.2,518,518
334,334,334,1,0,26.0,0.0,0,3.0,0.0,0,96998.0,0.0,0,2.0,0.0,0,2.0,0.0,0.0,334,334
845,845,845,1,0,4.0,0.0,0,10.0,0.0,0,84129.0,0.0,0,0.0,1.0,0,0.0,1.0,0.4,845,845
1251,1251,1251,0,0,16.0,0.0,0,0.0,1.0,0,1270.0,0.0,0,0.0,1.0,0,1.0,0.0,0.4,1251,1251
1052,1052,1052,0,0,4.0,0.0,0,8.0,0.0,1,1.0,0.0,0,2.0,0.0,0,2.0,0.0,0.0,1052,1052
1923,1923,1923,0,0,11.0,0.0,0,1.0,0.0,0,47111.0,0.0,0,2.0,0.0,0,1.0,0.0,0.0,1923,1923
15,15,15,1,0,35.0,0.0,0,3.0,0.0,1,1.0,0.0,0,1.0,0.0,0,1.0,0.0,0.0,15,15
707,707,707,1,0,30.0,0.0,0,6.0,0.0,1,1.0,0.0,0,0.0,1.0,0,2.0,0.0,0.2,707,707
900,900,900,1,0,45.0,0.0,0,14.0,0.0,1,1.0,0.0,0,2.0,0.0,0,0.0,1.0,0.2,900,900
1979,1979,1979,0,0,15.0,0.0,0,7.0,0.0,0,96998.0,0.0,0,2.0,0.0,0,1.0,0.0,0.0,1979,1979
1572,1572,1572,0,0,1.0,0.0,0,8.0,0.0,1,1.0,0.0,0,1.0,0.0,0,1.0,0.0,0.0,1572,1572
903,903,903,1,0,19.0,0.0,0,5.0,0.0,0,10709.0,0.0,0,1.0,0.0,0,2.0,0.0,0.0,903,903
465,465,465,1,0,63.0,0.0,1,1.0,0.0,1,1.0,0.0,0,0.0,1.0,0,1.0,0.0,0.2,465,465
1977,1977,1977,0,0,12.0,0.0,0,5.0,0.0,0,91997.0,0.0,0,0.0,1.0,0,1.0,0.0,0.2,1977,1977
199,199,199,1,0,13.0,0.0,0,0.0,1.0,1,1.0,0.0,0,1.0,0.0,0,2.0,0.0,0.2,199,199
1206,1206,1206,0,0,10.0,0.0,0,4.0,0.0,1,1.0,0.0,0,0.0,1.0,0,0.0,1.0,0.4,1206,1206
1055,1055,1055,0,0,48.0,0.0,0,8.0,0.0,1,1.0,0.0,0,1.0,0.0,0,1.0,0.0,0.0,1055,1055
1131,1131,1131,0,0,19.0,0.0,0,12.0,0.0,0,46297.0,0.0,0,2.0,0.0,0,1.0,0.0,0.0,1131,1131
1379,1379,1379,0,0,11.0,0.0,0,14.0,0.0,0,86196.0,0.0,0,0.0,1.0,0,1.0,0.0,0.2,1379,1379
998,998,998,1,0,7.0,0.0,0,6.0,0.0,1,1.0,0.0,0,1.0,0.0,0,2.0,0.0,0.0,998,998
727,727,727,1,0,3.0,0.0,0,7.0,0.0,1,1.0,0.0,0,1.0,0.0,0,2.0,0.0,0.0,727,727
1771,1771,1771,0,0,4.0,0.0,0,11.0,0.0,0,84218.0,0.0,0,1.0,0.0,0,0.0,1.0,0.2,1771,1771
1909,1909,1909,0,0,39.0,0.0,0,5.0,0.0,1,1.0,0.0,0,1.0,0.0,0,2.0,0.0,0.0,1909,1909
1821,1821,1821,0,0,49.0,0.0,0,7.0,0.0,1,1.0,0.0,0,1.0,0.0,0,2.0,0.0,0.0,1821,1821
567,567,567,1,0,21.0,0.0,0,6.0,0.0,0,49219.0,0.0,0,2.0,0.0,0,0.0,1.0,0.2,567,567
43,43,43,1,0,6.0,0.0,0,6.0,0.0,1,1.0,0.0,0,2.0,0.0,0,2.0,0.0,0.0,43,43
274,274,274,1,0,10.0,0.0,0,10.0,0.0,0,85222.0,0.0,0,2.0,0.0,0,1.0,0.0,0.0,274,274
1096,1096,1096,0,0,29.0,0.0,1,1.0,0.0,1,1.0,0.0,0,1.0,0.0,0,0.0,1.0,0.2,1096,1096
101,101,101,1,0,49.0,0.0,0,2.0,0.0,1,1.0,0.0,0,0.0,1.0,0,0.0,1.0,0.4,101,101
1231,1231,1231,0,0,8.0,0.0,0,8.0,0.0,1,1.0,0.0,0,1.0,0.0,0,1.0,0.0,0.0,1231,1231
1721,1721,1721,0,0,44.0,0.0,0,5.0,0.0,1,1.0,0.0,0,1.0,0.0,0,1.0,0.0,0.0,1721,1721
1832,1832,1832,0,0,47.0,0.0,0,13.0,0.0,1,1.0,0.0,0,0.0,1.0,0,1.0,0.0,0.2,1832,1832
107,107,107,1,0,17.0,0.0,0,4.0,0.0,0,33146.0,0.0,0,0.0,1.0,0,0.0,1.0,0.4,107,107
1617,1617,1617,0,0,31.0,0.0,0,6.0,0.0,0,47809.0,0.0,0,0.0,1.0,0,2.0,0.0,0.2,1617,1617
497,497,497,1,0,0.0,1.0,0,9.0,0.0,1,1.0,0.0,0,1.0,0.0,0,1.0,0.0,0.2,497,497
1980,1980,1980,0,0,56.0,0.0,0,3.0,0.0,1,1.0,0.0,0,1.0,0.0,0,1.0,0.0,0.0,1980,1980
881,881,881,1,0,0.0,1.0,0,11.0,0.0,1,1.0,0.0,0,1.0,0.0,0,2.0,0.0,0.2,881,881
756,756,756,1,0,12.0,0.0,0,2.0,0.0,1,1.0,0.0,0,1.0,0.0,0,1.0,0.0,0.0,756,756
619,619,619,1,0,6.0,0.0,0,8.0,0.0,0,55091.0,0.0,0,2.0,0.0,0,1.0,0.0,0.0,619,619
1106,1106,1106,0,0,7.0,0.0,0,9.0,0.0,0,49217.0,0.0,0,1.0,0.0,0,1.0,0.0,0.0,1106,1106
1935,1935,1935,0,0,24.0,0.0,0,5.0,0.0,1,1.0,0.0,0,0.0,1.0,0,2.0,0.0,0.2,1935,1935
809,809,809,1,0,46.0,0.0,0,2.0,0.0,1,1.0,0.0,0,1.0,0.0,0,1.0,0.0,0.0,809,809
1037,1037,1037,0,0,5.0,0.0,0,7.0,0.0,0,45195.0,0.0,0,1.0,0.0,0,1.0,0.0,0.0,1037,1037
72,72,72,1,0,14.0,0.0,0,10.0,0.0,0,10501.0,0.0,0,2.0,0.0,0,0.0,1.0,0.2,72,72
1283,1283,1283,0,0,3.0,0.0,0,9.0,0.0,1,1.0,0.0,0,0.0,1.0,0,2.0,0.0,0.2,1283,1283
1271,1271,1271,0,0,4.0,0.0,0,0.0,1.0,1,1.0,0.0,0,0.0,1.0,0,2.0,0.0,0.4,1271,1271
1334,1334,1334,0,0,9.0,0.0,0,5.0,0.0,0,13913.0,0.0,0,2.0,0.0,0,2.0,0.0,0.0,1334,1334
1458,1458,1458,0,0,28.0,0.0,0,9.0,0.0,0,22187.0,0.0,0,0.0,1.0,0,1.0,0.0,0.2,1458,1458
481,481,481,1,0,34.0,0.0,0,1.0,0.0,1,1.0,0.0,0,1.0,0.0,0,0.0,1.0,0.2,481,481
1068,1068,1068,0,0,11.0,0.0,0,8.0,0.0,0,85205.0,0.0,0,2.0,0.0,0,1.0,0.0,0.0,1068,1068
506,506,506,1,0,32.0,0.0,0,5.0,0.0,0,49213.0,0.0,0,0.0,1.0,0,1.0,0.0,0.2,506,506
1237,1237,1237,0,0,9.0,0.0,0,12.0,0.0,0,46898.0,0.0,0,2.0,0.0,0,1.0,0.0,0.0,1237,1237
1861,1861,1861,0,0,33.0,0.0,0,8.0,0.0,0,82192.0,0.0,0,1.0,0.0,0,1.0,0.0,0.0,1861,1861
1989,1989,1989,0,0,24.0,0.0,1,1.0,0.0,1,1.0,0.0,0,1.0,0.0,0,1.0,0.0,0.0,1989,1989
1476,1476,1476,0,0,15.0,0.0,0,9.0,0.0,0,40999.0,0.0,0,1.0,0.0,0,1.0,0.0,0.0,1476,1476
1866,1866,1866,0,0,1.0,0.0,0,11.0,0.0,1,1.0,0.0,0,0.0,1.0,0,2.0,0.0,0.2,1866,1866
1455,1455,1455,0,0,13.0,0.0,0,8.0,0.0,0,49228.0,0.0,0,2.0,0.0,0,0.0,1.0,0.2,1455,1455
311,311,311,1,0,20.0,0.0,0,5.0,0.0,0,1483.0,0.0,0,1.0,0.0,0,1.0,0.0,0.0,311,311
962,962,962,1,0,43.0,0.0,0,4.0,0.0,1,1.0,0.0,0,1.0,0.0,0,2.0,0.0,0.0,962,962
405,405,405,1,0,51.0,0.0,0,6.0,0.0,1,1.0,0.0,0,2.0,0.0,0,1.0,0.0,0.0,405,405
1330,1330,1330,0,0,54.0,0.0,0,7.0,0.0,1,1.0,0.0,0,0.0,1.0,0,2.0,0.0,0.2,1330,1330
1649,1649,1649,0,0,32.0,0.0,0,7.0,0.0,0,47112.0,0.0,0,1.0,0.0,0,0.0,1.0,0.2,1649,1649
309,309,309,1,0,42.0,0.0,0,3.0,0.0,1,1.0,0.0,0,0.0,1.0,0,2.0,0.0,0.2,309,309
226,226,226,1,0,30.0,0.0,0,11.0,0.0,1,1.0,0.0,0,1.0,0.0,0,1.0,0.0,0.0,226,226
1857,1857,1857,0,0,18.0,0.0,0,9.0,0.0,1,1.0,0.0,0,1.0,0.0,0,1.0,0.0,0.0,1857,1857
710,710,710,1,0,3.0,0.0,0,10.0,0.0,0,85210.0,0.0,0,1.0,0.0,0,2.0,0.0,0.0,710,710
1943,1943,1943,0,0,2.0,0.0,0,14.0,0.0,0,60192.0,0.0,0,1.0,0.0,0,1.0,0.0,0.0,1943,1943
1383,1383,1383,0,0,9.0,0.0,0,9.0,0.0,1,1.0,0.0,0,0.0,1.0,0,2.0,0.0,0.2,1383,1383
1785,1785,1785,0,1,1.0,0.0,1,1.0,0.0,1,1.0,0.0,1,1.0,0.0,1,1.0,0.0,0.0,1785,1785
148,148,148,1,0,33.0,0.0,0,6.0,0.0,1,1.0,0.0,0,1.0,0.0,0,1.0,0.0,0.0,148,148
1554,1554,1554,0,0,27.0,0.0,0,7.0,0.0,0,35993.0,0.0,0,1.0,0.0,0,1.0,0.0,0.0,1554,1554
1956,1956,1956,0,0,9.0,0.0,0,6.0,0.0,0,49221.0,0.0,0,1.0,0.0,0,1.0,0.0,0.0,1956,1956
925,925,925,1,0,39.0,0.0,0,6.0,0.0,1,1.0,0.0,0,2.0,0.0,0,1.0,0.0,0.0,925,925
942,942,942,1,0,17.0,0.0,0,2.0,0.0,1,1.0,0.0,0,1.0,0.0,0,1.0,0.0,0.0,942,942
836,836,836,1,0,19.0,0.0,0,1.0,0.0,1,1.0,0.0,0,1.0,0.0,0,2.0,0.0,0.0,836,836
575,575,575,1,0,8.0,0.0,0,8.0,0.0,0,84101.0,0.0,0,1.0,0.0,0,1.0,0.0,0.0,575,575
557,557,557,1,1,1.0,0.0,1,1.0,0.0,1,1.0,0.0,1,1.0,0.0,1,1.0,0.0,0.0,557,557
1235,1235,1235,0,0,33.0,0.0,0,5.0,0.0,1,1.0,0.0,0,1.0,0.0,0,1.0,0.0,0.0,1235,1235
1360,1360,1360,0,1,1.0,0.0,1,1.0,0.0,1,1.0,0.0,1,1.0,0.0,1,1.0,0.0,0.0,1360,1360
1347,1347,1347,0,0,6.0,0.0,0,9.0,0.0,0,10709.0,0.0,0,0.0,1.0,0,1.0,0.0,0.2,1347,1347
1161,1161,1161,0,0,17.0,0.0,0,4.0,0.0,1,1.0,0.0,0,1.0,0.0,0,0.0,1.0,0.2,1161,1161
1442,1442,1442,0,0,20.0,0.0,0,4.0,0.0,1,1.0,0.0,0,1.0,0.0,0,2.0,0.0,0.0,1442,1442
286,286,286,1,0,14.0,0.0,0,8.0,0.0,0,13943.0,0.0,0,0.0,1.0,0,2.0,0.0,0.2,286,286
1604,1604,1604,0,0,20.0,0.0,0,10.0,0.0,0,26197.0,0.0,0,0.0,1.0,0,1.0,0.0,0.2,1604,1604
1057,1057,1057,0,0,33.0,0.0,0,6.0,0.0,0,47107.0,0.0,0,2.0,0.0,0,0.0,1.0,0.2,1057,1057
598,598,598,1,0,17.0,0.0,0,8.0,0.0,0,28244.0,0.0,0,2.0,0.0,0,2.0,0.0,0.0,598,598
932,932,932,1,0,4.0,0.0,0,14.0,0.0,1,1.0,0.0,0,2.0,0.0,0,2.0,0.0,0.0,932,932
1461,1461,1461,0,0,60.0,0.0,0,0.0,1.0,1,1.0,0.0,0,1.0,0.0,0,2.0,0.0,0.2,1461,1461
1637,1637,1637,0,0,52.0,0.0,0,4.0,0.0,1,1.0,0.0,0,1.0,0.0,0,0.0,1.0,0.2,1637,1637
1587,1587,1587,0,0,7.0,0.0,0,10.0,0.0,1,1.0,0.0,0,0.0,1.0,0,2.0,0.0,0.2,1587,1587
1040,1040,1040,0,0,2.0,0.0,0,11.0,0.0,0,64904.0,0.0,0,1.0,0.0,0,0.0,1.0,0.2,1040,1040
1230,1230,1230,0,0,42.0,0.0,0,3.0,0.0,1,1.0,0.0,0,1.0,0.0,0,2.0,0.0,0.0,1230,1230
806,806,806,1,0,27.0,0.0,0,2.0,0.0,1,1.0,0.0,0,4.0,0.0,0,1.0,0.0,0.0,806,806
904,904,904,1,0,7.0,0.0,0,12.0,0.0,0,84123.0,0.0,0,0.0,1.0,0,0.0,1.0,0.4,904,904
1679,1679,1679,0,0,34.0,0.0,0,10.0,0.0,1,1.0,0.0,0,0.0,1.0,0,1.0,0.0,0.2,1679,1679
1204,1204,1204,0,0,63.0,0.0,0,2.0,0.0,1,1.0,0.0,0,1.0,0.0,0,1.0,0.0,0.0,1204,1204
767,767,767,1,0,31.0,0.0,0,3.0,0.0,1,1.0,0.0,0,1.0,0.0,0,1.0,0.0,0.0,767,767
609,609,609,1,0,28.0,0.0,0,2.0,0.0,1,1.0,0.0,0,0.0,1.0,0,1.0,0.0,0.2,609,609
1992,1992,1992,0,1,1.0,0.0,1,1.0,0.0,1,1.0,0.0,1,1.0,0.0,1,1.0,0.0,0.0,1992,1992
1564,1564,1564,0,0,1.0,0.0,0,11.0,0.0,0,15197.0,0.0,0,1.0,0.0,0,1.0,0.0,0.0,1564,1564
1422,1422,1422,0,0,1.0,0.0,0,8.0,0.0,0,47526.0,0.0,0,2.0,0.0,0,0.0,1.0,0.2,1422,1422
1010,1010,1010,0,0,32.0,0.0,0,5.0,0.0,0,47586.0,0.0,0,2.0,0.0,0,1.0,0.0,0.0,1010,1010
493,493,493,1,0,8.0,0.0,0,6.0,0.0,1,1.0,0.0,0,1.0,0.0,0,2.0,0.0,0.0,493,493
1320,1320,1320,0,0,14.0,0.0,0,2.0,0.0,1,1.0,0.0,0,0.0,1.0,0,1.0,0.0,0.2,1320,1320
277,277,277,1,0,20.0,0.0,0,10.0,0.0,0,49218.0,0.0,0,3.0,0.0,0,2.0,0.0,0.0,277,277
1846,1846,1846,0,0,5.0,0.0,0,12.0,0.0,0,84121.0,0.0,0,2.0,0.0,0,1.0,0.0,0.0,1846,1846
358,358,358,1,0,14.0,0.0,0,5.0,0.0,1,1.0,0.0,0,0.0,1.0,0,2.0,0.0,0.2,358,358
1110,1110,1110,0,0,38.0,0.0,0,6.0,0.0,0,61896.0,0.0,0,1.0,0.0,0,2.0,0.0,0.0,1110,1110
236,236,236,1,0,37.0,0.0,0,10.0,0.0,1,1.0,0.0,0,1.0,0.0,0,1.0,0.0,0.0,236,236
551,551,551,1,0,6.0,0.0,0,6.0,0.0,0,49226.0,0.0,0,0.0,1.0,0,1.0,0.0,0.2,551,551
1867,1867,1867,0,0,38.0,0.0,0,7.0,0.0,1,1.0,0.0,0,1.0,0.0,0,1.0,0.0,0.0,1867,1867
1812,1812,1812,0,0,0.0,1.0,0,5.0,0.0,0,47102.0,0.0,0,0.0,1.0,0,0.0,1.0,0.6,1812,1812
208,208,208,1,0,41.0,0.0,0,8.0,0.0,0,10620.0,0.0,0,1.0,0.0,0,2.0,0.0,0.0,208,208
1386,1386,1386,0,0,19.0,0.0,0,1.0,0.0,1,1.0,0.0,0,0.0,1.0,0,2.0,0.0,0.2,1386,1386
1560,1560,1560,0,0,13.0,0.0,0,4.0,0.0,1,1.0,0.0,0,3.0,0.0,0,2.0,0.0,0.0,1560,1560
58,58,58,1,0,8.0,0.0,0,7.0,0.0,1,1.0,0.0,0,0.0,1.0,0,1.0,0.0,0.2,58,58
631,631,631,1,0,33.0,0.0,0,4.0,0.0,0,40991.0,0.0,0,2.0,0.0,0,0.0,1.0,0.2,631,631
1961,1961,1961,0,0,18.0,0.0,0,2.0,0.0,1,1.0,0.0,0,1.0,0.0,0,2.0,0.0,0.0,1961,1961
1859,1859,1859,0,0,65.0,0.0,1,1.0,0.0,1,1.0,0.0,0,1.0,0.0,0,2.0,0.0,0.0,1859,1859
1816,1816,1816,0,0,43.0,0.0,0,7.0,0.0,1,1.0,0.0,0,5.0,0.0,0,2.0,0.0,0.0,1816,1816
363,363,363,1,0,20.0,0.0,0,11.0,0.0,0,58100.0,0.0,0,1.0,0.0,0,1.0,0.0,0.0,363,363
505,505,505,1,0,52.0,0.0,0,8.0,0.0,1,1.0,0.0,0,0.0,1.0,0,0.0,1.0,0.4,505,505
1165,1165,1165,0,0,27.0,0.0,0,6.0,0.0,0,86192.0,0.0,0,0.0,1.0,0,1.0,0.0,0.2,1165,1165
1121,1121,1121,0,0,15.0,0.0,0,3.0,0.0,0,46493.0,0.0,0,0.0,1.0,0,1.0,0.0,0.2,1121,1121
1629,1629,1629,0,0,27.0,0.0,0,1.0,0.0,0,47205.0,0.0,0,2.0,0.0,0,1.0,0.0,0.0,1629,1629
1216,1216,1216,0,0,36.0,0.0,0,10.0,0.0,1,1.0,0.0,0,0.0,1.0,0,2.0,0.0,0.2,1216,1216
1151,1151,1151,0,0,50.0,0.0,0,3.0,0.0,1,1.0,0.0,0,4.0,0.0,0,2.0,0.0,0.0,1151,1151
1124,1124,1124,0,0,42.0,0.0,0,4.0,0.0,1,1.0,0.0,0,1.0,0.0,0,2.0,0.0,0.0,1124,1124
1594,1594,1594,0,0,16.0,0.0,0,4.0,0.0,1,1.0,0.0,0,1.0,0.0,0,2.0,0.0,0.0,1594,1594
118,118,118,1,0,19.0,0.0,0,0.0,1.0,1,1.0,0.0,0,2.0,0.0,0,1.0,0.0,0.2,118,118
1249,1249,1249,0,0,1.0,0.0,0,8.0,0.0,0,13934.0,0.0,0,0.0,1.0,0,2.0,0.0,0.2,1249,1249
1993,1993,1993,0,0,3.0,0.0,0,7.0,0.0,1,1.0,0.0,0,1.0,0.0,0,0.0,1.0,0.2,1993,1993
522,522,522,1,0,46.0,0.0,0,5.0,0.0,1,1.0,0.0,0,1.0,0.0,0,1.0,0.0,0.0,522,522
513,513,513,1,0,33.0,0.0,0,5.0,0.0,0,97001.0,0.0,0,1.0,0.0,0,1.0,0.0,0.0,513,513
81,81,81,1,0,4.0,0.0,0,12.0,0.0,1,1.0,0.0,0,2.0,0.0,0,2.0,0.0,0.0,81,81
915,915,915,1,0,48.0,0.0,0,4.0,0.0,1,1.0,0.0,0,1.0,0.0,0,1.0,0.0,0.0,915,915
1018,1018,1018,0,0,26.0,0.0,0,6.0,0.0,0,47712.0,0.0,0,2.0,0.0,0,1.0,0.0,0.0,1018,1018
380,380,380,1,0,53.0,0.0,0,5.0,0.0,1,1.0,0.0,0,4.0,0.0,0,1.0,0.0,0.0,380,380
1029,1029,1029,0,0,28.0,0.0,0,9.0,0.0,0,85096.0,0.0,0,1.0,0.0,0,2.0,0.0,0.0,1029,1029
1688,1688,1688,0,0,3.0,0.0,0,13.0,0.0,1,1.0,0.0,0,0.0,1.0,0,1.0,0.0,0.2,1688,1688
84,84,84,1,0,23.0,0.0,1,1.0,0.0,1,1.0,0.0,0,1.0,0.0,0,1.0,0.0,0.0,84,84
1677,1677,1677,0,0,11.0,0.0,0,12.0,0.0,1,1.0,0.0,0,1.0,0.0,0,0.0,1.0,0.2,1677,1677
329,329,329,1,0,5.0,0.0,0,9.0,0.0,0,25101.0,0.0,0,2.0,0.0,0,1.0,0.0,0.0,329,329
6,6,6,1,0,31.0,0.0,0,7.0,0.0,0,55098.0,0.0,0,2.0,0.0,0,1.0,0.0,0.0,6,6
745,745,745,1,0,5.0,0.0,0,8.0,0.0,0,82198.0,0.0,0,1.0,0.0,0,1.0,0.0,0.0,745,745
1553,1553,1553,0,0,39.0,0.0,0,10.0,0.0,0,47589.0,0.0,0,0.0,1.0,0,2.0,0.0,0.2,1553,1553
914,914,914,1,0,15.0,0.0,0,12.0,0.0,1,1.0,0.0,0,0.0,1.0,0,1.0,0.0,0.2,914,914
873,873,873,1,0,20.0,0.0,0,5.0,0.0,0,20125.0,0.0,0,2.0,0.0,0,1.0,0.0,0.0,873,873
451,451,451,1,0,7.0,0.0,0,4.0,0.0,1,1.0,0.0,0,0.0,1.0,0,0.0,1.0,0.4,451,451
490,490,490,1,0,4.0,0.0,0,7.0,0.0,1,1.0,0.0,0,1.0,0.0,0,2.0,0.0,0.0,490,490
1480,1480,1480,0,0,20.0,0.0,0,6.0,0.0,0,14100.0,0.0,0,1.0,0.0,0,1.0,0.0,0.0,1480,1480
287,287,287,1,0,36.0,0.0,0,10.0,0.0,0,14299.0,0.0,0,2.0,0.0,0,2.0,0.0,0.0,287,287
948,948,948,1,0,22.0,0.0,0,6.0,0.0,0,69090.0,0.0,0,0.0,1.0,0,0.0,1.0,0.4,948,948
1985,1985,1985,0,0,6.0,0.0,0,9.0,0.0,0,31006.0,0.0,0,0.0,1.0,0,1.0,0.0,0.2,1985,1985
1368,1368,1368,0,0,13.0,0.0,0,8.0,0.0,1,1.0,0.0,0,1.0,0.0,0,2.0,0.0,0.0,1368,1368
1146,1146,1146,0,0,28.0,0.0,1,1.0,0.0,1,1.0,0.0,0,1.0,0.0,0,1.0,0.0,0.0,1146,1146
705,705,705,1,0,54.0,0.0,0,0.0,1.0,1,1.0,0.0,0,1.0,0.0,0,1.0,0.0,0.2,705,705
1726,1726,1726,0,0,56.0,0.0,1,1.0,0.0,1,1.0,0.0,0,1.0,0.0,0,1.0,0.0,0.0,1726,1726
1701,1701,1701,0,0,60.0,0.0,0,2.0,0.0,1,1.0,0.0,0,0.0,1.0,0,1.0,0.0,0.2,1701,1701
1628,1628,1628,0,0,33.0,0.0,0,15.0,0.0,1,1.0,0.0,0,1.0,0.0,0,0.0,1.0,0.2,1628,1628
1599,1599,1599,0,0,20.0,0.0,0,8.0,0.0,0,14102.0,0.0,0,2.0,0.0,0,2.0,0.0,0.0,1599,1599
1538,1538,1538,0,1,1.0,0.0,1,1.0,0.0,1,1.0,0.0,1,1.0,0.0,1,1.0,0.0,0.0,1538,1538
1405,1405,1405,0,0,9.0,0.0,0,7.0,0.0,0,45195.0,0.0,0,0.0,1.0,0,0.0,1.0,0.4,1405,1405
1650,1650,1650,0,0,16.0,0.0,0,8.0,0.0,1,1.0,0.0,0,0.0,1.0,0,1.0,0.0,0.2,1650,1650
327,327,327,1,0,21.0,0.0,1,1.0,0.0,1,1.0,0.0,0,1.0,0.0,0,1.0,0.0,0.0,327,327
442,442,442,1,0,25.0,0.0,1,1.0,0.0,1,1.0,0.0,0,1.0,0.0,0,2.0,0.0,0.0,442,442
774,774,774,1,0,13.0,0.0,0,6.0,0.0,1,1.0,0.0,0,6.0,0.0,0,1.0,0.0,0.0,774,774
1087,1087,1087,0,0,46.0,0.0,0,7.0,0.0,0,14094.0,0.0,0,2.0,0.0,0,1.0,0.0,0.0,1087,1087
1220,1220,1220,0,0,11.0,0.0,0,3.0,0.0,1,1.0,0.0,0,0.0,1.0,0,1.0,0.0,0.2,1220,1220
1635,1635,1635,0,0,22.0,0.0,0,7.0,0.0,1,1.0,0.0,0,1.0,0.0,0,1.0,0.0,0.0,1635,1635
177,177,177,1,0,59.0,0.0,0,1.0,0.0,1,1.0,0.0,0,4.0,0.0,0,2.0,0.0,0.0,177,177
1322,1322,1322,0,0,30.0,0.0,0,6.0,0.0,1,1.0,0.0,0,1.0,0.0,0,2.0,0.0,0.0,1322,1322
704,704,704,1,0,41.0,0.0,0,4.0,0.0,1,1.0,0.0,0,1.0,0.0,0,1.0,0.0,0.0,704,704
86,86,86,1,0,5.0,0.0,0,6.0,0.0,0,31001.0,0.0,0,0.0,1.0,0,1.0,0.0,0.2,86,86
1883,1883,1883,0,0,34.0,0.0,0,10.0,0.0,0,64183.0,0.0,0,1.0,0.0,0,0.0,1.0,0.2,1883,1883
1947,1947,1947,0,0,23.0,0.0,0,10.0,0.0,1,1.0,0.0,0,1.0,0.0,0,1.0,0.0,0.0,1947,1947
457,457,457,1,0,15.0,0.0,1,1.0,0.0,1,1.0,0.0,0,0.0,1.0,0,2.0,0.0,0.2,457,457
1828,1828,1828,0,0,6.0,0.0,0,7.0,0.0,1,1.0,0.0,0,1.0,0.0,0,1.0,0.0,0.0,1828,1828
54,54,54,1,0,32.0,0.0,0,2.0,0.0,1,1.0,0.0,0,1.0,0.0,0,1.0,0.0,0.0,54,54
1501,1501,1501,0,0,76.0,0.0,0,2.0,0.0,1,1.0,0.0,0,2.0,0.0,0,2.0,0.0,0.0,1501,1501
643,643,643,1,0,41.0,0.0,0,3.0,0.0,0,14098.0,0.0,0,4.0,0.0,0,1.0,0.0,0.0,643,643
677,677,677,1,0,47.0,0.0,1,1.0,0.0,1,1.0,0.0,0,0.0,1.0,0,1.0,0.0,0.2,677,677
221,221,221,1,0,6.0,0.0,0,8.0,0.0,0,97004.0,0.0,0,0.0,1.0,0,2.0,0.0,0.2,221,221
113,113,113,1,0,32.0,0.0,0,1.0,0.0,1,1.0,0.0,0,1.0,0.0,0,2.0,0.0,0.0,113,113
982,982,982,1,0,28.0,0.0,0,8.0,0.0,1,1.0,0.0,0,2.0,0.0,0,1.0,0.0,0.0,982,982
1228,1228,1228,0,0,21.0,0.0,0,12.0,0.0,0,84119.0,0.0,0,1.0,0.0,0,1.0,0.0,0.0,1228,1228
999,999,999,1,1,1.0,0.0,1,1.0,0.0,1,1.0,0.0,1,1.0,0.0,1,1.0,0.0,0.0,999,999
174,174,174,1,0,12.0,0.0,0,9.0,0.0,0,84119.0,0.0,0,2.0,0.0,0,2.0,0.0,0.0,174,174
781,781,781,1,0,60.0,0.0,0,0.0,1.0,1,1.0,0.0,0,1.0,0.0,0,1.0,0.0,0.2,781,781
589,589,589,1,0,15.0,0.0,0,8.0,0.0,0,84122.0,0.0,0,1.0,0.0,0,1.0,0.0,0.0,589,589
1559,1559,1559,0,0,45.0,0.0,1,1.0,0.0,1,1.0,0.0,0,1.0,0.0,0,1.0,0.0,0.0,1559,1559
18,18,18,1,0,28.0,0.0,0,0.0,1.0,1,1.0,0.0,0,2.0,0.0,0,1.0,0.0,0.2,18,18
423,423,423,1,0,51.0,0.0,0,3.0,0.0,1,1.0,0.0,0,1.0,0.0,0,1.0,0.0,0.0,423,423
1343,1343,1343,0,0,45.0,0.0,0,8.0,0.0,1,1.0,0.0,0,0.0,1.0,0,1.0,0.0,0.2,1343,1343
285,285,285,1,0,9.0,0.0,0,9.0,0.0,0,47700.0,0.0,0,1.0,0.0,0,1.0,0.0,0.0,285,285
1583,1583,1583,0,0,18.0,0.0,0,6.0,0.0,1,1.0,0.0,0,2.0,0.0,0,1.0,0.0,0.0,1583,1583
428,428,428,1,0,36.0,0.0,0,10.0,0.0,1,1.0,0.0,0,0.0,1.0,0,1.0,0.0,0.2,428,428
1509,1509,1509,0,0,7.0,0.0,0,10.0,0.0,0,46302.0,0.0,0,2.0,0.0,0,0.0,1.0,0.2,1509,1509
1318,1318,1318,0,0,31.0,0.0,0,7.0,0.0,1,1.0,0.0,0,1.0,0.0,0,1.0,0.0,0.0,1318,1318
669,669,669,1,0,1.0,0.0,0,9.0,0.0,0,80091.0,0.0,0,2.0,0.0,0,0.0,1.0,0.2,669,669
31,31,31,1,0,57.0,0.0,0,6.0,0.0,1,1.0,0.0,0,1.0,0.0,0,0.0,1.0,0.2,31,31
940,940,940,1,0,33.0,0.0,0,18.0,0.0,1,1.0,0.0,0,1.0,0.0,0,0.0,1.0,0.2,940,940
722,722,722,1,0,8.0,0.0,0,6.0,0.0,1,1.0,0.0,0,0.0,1.0,0,1.0,0.0,0.2,722,722
994,994,994,1,0,21.0,0.0,0,4.0,0.0,1,1.0,0.0,0,0.0,1.0,0,1.0,0.0,0.2,994,994
214,214,214,1,0,9.0,0.0,0,12.0,0.0,1,1.0,0.0,0,0.0,1.0,0,2.0,0.0,0.2,214,214
813,813,813,1,0,3.0,0.0,0,11.0,0.0,0,86201.0,0.0,0,2.0,0.0,0,1.0,0.0,0.0,813,813
326,326,326,1,0,5.0,0.0,0,8.0,0.0,0,1408.0,0.0,0,2.0,0.0,0,2.0,0.0,0.0,326,326
560,560,560,1,0,42.0,0.0,0,4.0,0.0,1,1.0,0.0,0,0.0,1.0,0,2.0,0.0,0.2,560,560
1112,1112,1112,0,0,17.0,0.0,0,8.0,0.0,1,1.0,0.0,0,1.0,0.0,0,1.0,0.0,0.0,1112,1112
700,700,700,1,0,6.0,0.0,0,10.0,0.0,1,1.0,0.0,0,1.0,0.0,0,0.0,1.0,0.2,700,700
1578,1578,1578,0,0,11.0,0.0,0,5.0,0.0,1,1.0,0.0,0,2.0,0.0,0,0.0,1.0,0.2,1578,1578
1189,1189,1189,0,0,12.0,0.0,0,9.0,0.0,1,1.0,0.0,0,0.0,1.0,0,2.0,0.0,0.2,1189,1189
341,341,341,1,0,45.0,0.0,0,9.0,0.0,1,1.0,0.0,0,4.0,0.0,0,2.0,0.0,0.0,341,341
629,629,629,1,0,9.0,0.0,0,10.0,0.0,1,1.0,0.0,0,2.0,0.0,0,2.0,0.0,0.0,629,629
147,147,147,1,0,14.0,0.0,0,12.0,0.0,1,1.0,0.0,0,1.0,0.0,0,1.0,0.0,0.0,147,147
1309,1309,1309,0,0,12.0,0.0,0,8.0,0.0,0,49217.0,0.0,0,1.0,0.0,0,1.0,0.0,0.0,1309,1309
360,360,360,1,1,1.0,0.0,1,1.0,0.0,1,1.0,0.0,1,1.0,0.0,1,1.0,0.0,0.0,360,360
83,83,83,1,0,50.0,0.0,0,0.0,1.0,1,1.0,0.0,0,0.0,1.0,0,0.0,1.0,0.6,83,83
48,48,48,1,0,1.0,0.0,0,2.0,0.0,0,10618.0,0.0,0,1.0,0.0,0,1.0,0.0,0.0,48,48
468,468,468,1,0,4.0,0.0,0,8.0,0.0,1,1.0,0.0,0,1.0,0.0,0,2.0,0.0,0.0,468,468
155,155,155,1,0,18.0,0.0,0,5.0,0.0,0,40999.0,0.0,0,0.0,1.0,0,1.0,0.0,0.2,155,155
772,772,772,1,0,66.0,0.0,1,1.0,0.0,1,1.0,0.0,0,1.0,0.0,0,2.0,0.0,0.0,772,772
1239,1239,1239,0,0,43.0,0.0,0,10.0,0.0,0,64183.0,0.0,0,1.0,0.0,0,2.0,0.0,0.0,1239,1239
1200,1200,1200,0,0,25.0,0.0,0,2.0,0.0,0,97005.0,0.0,0,1.0,0.0,0,1.0,0.0,0.0,1200,1200
1402,1402,1402,0,0,20.0,0.0,0,1.0,0.0,1,1.0,0.0,0,0.0,1.0,0,0.0,1.0,0.4,1402,1402
1202,1202,1202,0,0,22.0,0.0,0,12.0,0.0,1,1.0,0.0,0,1.0,0.0,0,1.0,0.0,0.0,1202,1202
1630,1630,1630,0,0,17.0,0.0,0,9.0,0.0,1,1.0,0.0,0,2.0,0.0,0,1.0,0.0,0.0,1630,1630
500,500,500,1,0,25.0,0.0,0,1.0,0.0,1,1.0,0.0,0,1.0,0.0,0,1.0,0.0,0.0,500,500
1764,1764,1764,0,0,44.0,0.0,0,7.0,0.0,1,1.0,0.0,0,1.0,0.0,0,2.0,0.0,0.0,1764,1764
179,179,179,1,0,4.0,0.0,0,10.0,0.0,1,1.0,0.0,0,0.0,1.0,0,2.0,0.0,0.2,179,179
1047,1047,1047,0,1,1.0,0.0,1,1.0,0.0,1,1.0,0.0,1,1.0,0.0,1,1.0,0.0,0.0,1047,1047
1755,1755,1755,0,0,7.0,0.0,0,1.0,0.0,1,1.0,0.0,0,0.0,1.0,0,1.0,0.0,0.2,1755,1755
950,950,950,1,1,1.0,0.0,1,1.0,0.0,1,1.0,0.0,1,1.0,0.0,1,1.0,0.0,0.0,950,950
1316,1316,1316,0,0,0.0,1.0,0,10.0,0.0,1,1.0,0.0,0,1.0,0.0,0,1.0,0.0,0.2,1316,1316
1619,1619,1619,0,0,25.0,0.0,0,10.0,0.0,1,1.0,0.0,0,1.0,0.0,0,2.0,0.0,0.0,1619,1619
528,528,528,1,1,1.0,0.0,1,1.0,0.0,1,1.0,0.0,1,1.0,0.0,1,1.0,0.0,0.0,528,528
346,346,346,1,0,17.0,0.0,0,10.0,0.0,0,85095.0,0.0,0,1.0,0.0,0,2.0,0.0,0.0,346,346
1387,1387,1387,0,0,7.0,0.0,0,8.0,0.0,0,14099.0,0.0,0,1.0,0.0,0,1.0,0.0,0.0,1387,1387
1960,1960,1960,0,0,11.0,0.0,0,13.0,0.0,0,64186.0,0.0,0,0.0,1.0,0,1.0,0.0,0.2,1960,1960
1050,1050,1050,0,0,29.0,0.0,0,5.0,0.0,1,1.0,0.0,0,1.0,0.0,0,1.0,0.0,0.0,1050,1050
1972,1972,1972,0,0,21.0,0.0,0,7.0,0.0,0,43201.0,0.0,0,0.0,1.0,0,0.0,1.0,0.4,1972,1972
1441,1441,1441,0,0,24.0,0.0,1,1.0,0.0,1,1.0,0.0,0,0.0,1.0,0,1.0,0.0,0.2,1441,1441
601,601,601,1,0,10.0,0.0,0,9.0,0.0,0,49228.0,0.0,0,1.0,0.0,0,1.0,0.0,0.0,601,601
1281,1281,1281,0,0,45.0,0.0,1,1.0,0.0,1,1.0,0.0,0,1.0,0.0,0,1.0,0.0,0.0,1281,1281
243,243,243,1,0,35.0,0.0,0,10.0,0.0,1,1.0,0.0,0,0.0,1.0,0,0.0,1.0,0.4,243,243
1336,1336,1336,0,0,9.0,0.0,0,6.0,0.0,0,47701.0,0.0,0,1.0,0.0,0,1.0,0.0,0.0,1336,1336
1067,1067,1067,0,0,7.0,0.0,0,6.0,0.0,0,49217.0,0.0,0,1.0,0.0,0,1.0,0.0,0.0,1067,1067
1475,1475,1475,0,0,50.0,0.0,0,2.0,0.0,1,1.0,0.0,0,3.0,0.0,0,1.0,0.0,0.0,1475,1475
312,312,312,1,0,0.0,1.0,0,0.0,1.0,0,99992.0,0.0,0,1.0,0.0,0,0.0,1.0,0.6,312,312
435,435,435,1,0,12.0,0.0,0,6.0,0.0,1,1.0,0.0,0,0.0,1.0,0,1.0,0.0,0.2,435,435
1898,1898,1898,0,0,20.0,0.0,0,11.0,0.0,0,1116.0,0.0,0,2.0,0.0,0,1.0,0.0,0.0,1898,1898
1328,1328,1328,0,0,17.0,0.0,0,8.0,0.0,1,1.0,0.0,0,0.0,1.0,0,1.0,0.0,0.2,1328,1328
308,308,308,1,0,6.0,0.0,0,1.0,0.0,0,40998.0,0.0,0,2.0,0.0,0,1.0,0.0,0.0,308,308
430,430,430,1,0,44.0,0.0,0,10.0,0.0,1,1.0,0.0,0,0.0,1.0,0,1.0,0.0,0.2,430,430
660,660,660,1,0,41.0,0.0,0,4.0,0.0,1,1.0,0.0,0,1.0,0.0,0,0.0,1.0,0.2,660,660
370,370,370,1,0,46.0,0.0,0,7.0,0.0,1,1.0,0.0,0,1.0,0.0,0,0.0,1.0,0.2,370,370
566,566,566,1,0,21.0,0.0,0,7.0,0.0,1,1.0,0.0,0,1.0,0.0,0,1.0,0.0,0.0,566,566
979,979,979,1,0,2.0,0.0,0,13.0,0.0,1,1.0,0.0,0,1.0,0.0,0,2.0,0.0,0.0,979,979
181,181,181,1,0,18.0,0.0,0,6.0,0.0,0,47591.0,0.0,0,1.0,0.0,0,0.0,1.0,0.2,181,181
1362,1362,1362,0,0,35.0,0.0,0,8.0,0.0,1,1.0,0.0,0,3.0,0.0,0,2.0,0.0,0.0,1362,1362
621,621,621,1,0,38.0,0.0,0,3.0,0.0,1,1.0,0.0,0,1.0,0.0,0,1.0,0.0,0.0,621,621
818,818,818,1,0,6.0,0.0,0,12.0,0.0,0,60195.0,0.0,0,0.0,1.0,0,1.0,0.0,0.2,818,818
1192,1192,1192,0,0,9.0,0.0,0,6.0,0.0,1,1.0,0.0,0,2.0,0.0,0,2.0,0.0,0.0,1192,1192
952,952,952,1,0,24.0,0.0,0,10.0,0.0,1,1.0,0.0,0,2.0,0.0,0,1.0,0.0,0.0,952,952
1421,1421,1421,0,0,28.0,0.0,0,5.0,0.0,1,1.0,0.0,0,0.0,1.0,0,1.0,0.0,0.2,1421,1421
1840,1840,1840,0,0,8.0,0.0,0,8.0,0.0,1,1.0,0.0,0,0.0,1.0,0,1.0,0.0,0.2,1840,1840
922,922,922,1,0,21.0,0.0,0,8.0,0.0,0,14099.0,0.0,0,0.0,1.0,0,2.0,0.0,0.2,922,922
1073,1073,1073,0,0,38.0,0.0,0,5.0,0.0,1,1.0,0.0,0,1.0,0.0,0,0.0,1.0,0.2,1073,1073
296,296,296,1,0,58.0,0.0,0,4.0,0.0,1,1.0,0.0,0,3.0,0.0,0,0.0,1.0,0.2,296,296
966,966,966,1,0,64.0,0.0,1,1.0,0.0,1,1.0,0.0,0,1.0,0.0,0,0.0,1.0,0.2,966,966
461,461,461,1,0,53.0,0.0,0,6.0,0.0,1,1.0,0.0,0,1.0,0.0,0,1.0,0.0,0.0,461,461
1302,1302,1302,0,0,17.0,0.0,1,1.0,0.0,1,1.0,0.0,0,1.0,0.0,0,2.0,0.0,0.0,1302,1302
1176,1176,1176,0,0,38.0,0.0,0,12.0,0.0,0,55098.0,0.0,0,1.0,0.0,0,1.0,0.0,0.0,1176,1176
377,377,377,1,0,33.0,0.0,0,12.0,0.0,1,1.0,0.0,0,1.0,0.0,0,1.0,0.0,0.0,377,377
798,798,798,1,0,51.0,0.0,0,9.0,0.0,1,1.0,0.0,0,1.0,0.0,0,2.0,0.0,0.0,798,798
1102,1102,1102,0,0,12.0,0.0,0,12.0,0.0,1,1.0,0.0,0,1.0,0.0,0,1.0,0.0,0.0,1102,1102
105,105,105,1,0,28.0,0.0,0,5.0,0.0,0,25101.0,0.0,0,1.0,0.0,0,0.0,1.0,0.2,105,105
126,126,126,1,0,35.0,0.0,0,3.0,0.0,1,1.0,0.0,0,0.0,1.0,0,2.0,0.0,0.2,126,126
1995,1995,1995,0,0,17.0,0.0,0,4.0,0.0,1,1.0,0.0,0,1.0,0.0,0,1.0,0.0,0.0,1995,1995
838,838,838,1,0,1.0,0.0,0,9.0,0.0,0,69094.0,0.0,0,2.0,0.0,0,1.0,0.0,0.0,838,838
355,355,355,1,0,19.0,0.0,0,9.0,0.0,0,49219.0,0.0,0,1.0,0.0,0,0.0,1.0,0.2,355,355
1616,1616,1616,0,0,16.0,0.0,0,13.0,0.0,1,1.0,0.0,0,1.0,0.0,0,1.0,0.0,0.0,1616,1616
682,682,682,1,0,0.0,1.0,0,4.0,0.0,1,1.0,0.0,0,3.0,0.0,0,1.0,0.0,0.2,682,682
812,812,812,1,0,27.0,0.0,0,14.0,0.0,1,1.0,0.0,0,1.0,0.0,0,0.0,1.0,0.2,812,812
1680,1680,1680,0,1,1.0,0.0,1,1.0,0.0,1,1.0,0.0,1,1.0,0.0,1,1.0,0.0,0.0,1680,1680
209,209,209,1,0,47.0,0.0,0,12.0,0.0,1,1.0,0.0,0,1.0,0.0,0,0.0,1.0,0.2,209,209
1492,1492,1492,0,0,8.0,0.0,0,5.0,0.0,1,1.0,0.0,0,1.0,0.0,0,1.0,0.0,0.0,1492,1492
140,140,140,1,0,51.0,0.0,0,2.0,0.0,1,1.0,0.0,0,1.0,0.0,0,1.0,0.0,0.0,140,140
1974,1974,1974,0,0,4.0,0.0,0,10.0,0.0,1,1.0,0.0,0,0.0,1.0,0,2.0,0.0,0.2,1974,1974
1339,1339,1339,0,0,27.0,0.0,0,0.0,1.0,1,1.0,0.0,0,1.0,0.0,0,2.0,0.0,0.2,1339,1339
1797,1797,1797,0,0,10.0,0.0,0,3.0,0.0,0,47807.0,0.0,0,0.0,1.0,0,0.0,1.0,0.4,1797,1797
1574,1574,1574,0,0,48.0,0.0,0,5.0,0.0,1,1.0,0.0,0,1.0,0.0,0,2.0,0.0,0.0,1574,1574
1181,1181,1181,0,0,38.0,0.0,0,6.0,0.0,1,1.0,0.0,0,3.0,0.0,0,1.0,0.0,0.0,1181,1181
1393,1393,1393,0,0,44.0,0.0,0,9.0,0.0,1,1.0,0.0,0,0.0,1.0,0,1.0,0.0,0.2,1393,1393
1815,1815,1815,0,0,37.0,0.0,1,1.0,0.0,1,1.0,0.0,0,0.0,1.0,0,0.0,1.0,0.4,1815,1815
711,711,711,1,0,8.0,0.0,0,7.0,0.0,1,1.0,0.0,0,1.0,0.0,0,0.0,1.0,0.2,711,711
1793,1793,1793,0,0,35.0,0.0,0,6.0,0.0,1,1.0,0.0,0,0.0,1.0,0,1.0,0.0,0.2,1793,1793
892,892,892,1,0,40.0,0.0,0,8.0,0.0,1,1.0,0.0,0,0.0,1.0,0,0.0,1.0,0.4,892,892
859,859,859,1,0,19.0,0.0,0,11.0,0.0,0,49209.0,0.0,0,2.0,0.0,0,1.0,0.0,0.0,859,859
10,10,10,1,0,23.0,0.0,0,6.0,0.0,0,47103.0,0.0,0,0.0,1.0,0,0.0,1.0,0.4,10,10
1694,1694,1694,0,0,3.0,0.0,0,6.0,0.0,1,1.0,0.0,0,0.0,1.0,0,1.0,0.0,0.2,1694,1694
1427,1427,1427,0,0,15.0,0.0,0,7.0,0.0,0,13937.0,0.0,0,1.0,0.0,0,1.0,0.0,0.0,1427,1427
282,282,282,1,0,39.0,0.0,0,4.0,0.0,1,1.0,0.0,0,1.0,0.0,0,1.0,0.0,0.0,282,282
810,810,810,1,0,30.0,0.0,1,1.0,0.0,1,1.0,0.0,0,0.0,1.0,0,1.0,0.0,0.2,810,810
1341,1341,1341,0,0,38.0,0.0,0,11.0,0.0,1,1.0,0.0,0,2.0,0.0,0,2.0,0.0,0.0,1341,1341
291,291,291,1,0,40.0,0.0,0,9.0,0.0,1,1.0,0.0,0,1.0,0.0,0,0.0,1.0,0.2,291,291
754,754,754,1,1,1.0,0.0,1,1.0,0.0,1,1.0,0.0,1,1.0,0.0,1,1.0,0.0,0.0,754,754
626,626,626,1,0,57.0,0.0,0,8.0,0.0,1,1.0,0.0,0,4.0,0.0,0,1.0,0.0,0.0,626,626
943,943,943,1,0,23.0,0.0,0,0.0,1.0,1,1.0,0.0,0,1.0,0.0,0,1.0,0.0,0.2,943,943
861,861,861,1,0,14.0,0.0,0,0.0,1.0,1,1.0,0.0,0,0.0,1.0,0,2.0,0.0,0.4,861,861
129,129,129,1,0,1.0,0.0,0,8.0,0.0,1,1.0,0.0,0,0.0,1.0,0,0.0,1.0,0.4,129,129
1175,1175,1175,0,0,18.0,0.0,0,7.0,0.0,0,58101.0,0.0,0,2.0,0.0,0,1.0,0.0,0.0,1175,1175
323,323,323,1,0,22.0,0.0,0,1.0,0.0,1,1.0,0.0,0,1.0,0.0,0,2.0,0.0,0.0,323,323
1090,1090,1090,0,0,24.0,0.0,0,5.0,0.0,0,11034.0,0.0,0,1.0,0.0,0,1.0,0.0,0.0,1090,1090
843,843,843,1,0,20.0,0.0,0,8.0,0.0,1,1.0,0.0,0,1.0,0.0,0,1.0,0.0,0.0,843,843
963,963,963,1,0,7.0,0.0,0,9.0,0.0,0,46889.0,0.0,0,2.0,0.0,0,0.0,1.0,0.2,963,963
1864,1864,1864,0,0,7.0,0.0,0,8.0,0.0,1,1.0,0.0,0,1.0,0.0,0,1.0,0.0,0.0,1864,1864
865,865,865,1,0,28.0,0.0,0,5.0,0.0,0,49212.0,0.0,0,1.0,0.0,0,0.0,1.0,0.2,865,865
921,921,921,1,0,26.0,0.0,0,10.0,0.0,0,41000.0,0.0,0,1.0,0.0,0,1.0,0.0,0.0,921,921
695,695,695,1,0,8.0,0.0,0,11.0,0.0,1,1.0,0.0,0,2.0,0.0,0,1.0,0.0,0.0,695,695
215,215,215,1,0,1.0,0.0,0,9.0,0.0,1,1.0,0.0,0,1.0,0.0,0,0.0,1.0,0.2,215,215
1780,1780,1780,0,0,34.0,0.0,0,17.0,0.0,0,97001.0,0.0,0,3.0,0.0,0,2.0,0.0,0.0,1780,1780
1261,1261,1261,0,0,19.0,0.0,1,1.0,0.0,1,1.0,0.0,0,0.0,1.0,0,1.0,0.0,0.2,1261,1261
158,158,158,1,0,44.0,0.0,0,4.0,0.0,1,1.0,0.0,0,2.0,0.0,0,1.0,0.0,0.0,158,158
1058,1058,1058,0,0,26.0,0.0,0,8.0,0.0,0,97000.0,0.0,0,1.0,0.0,0,2.0,0.0,0.0,1058,1058
988,988,988,1,0,31.0,0.0,0,1.0,0.0,1,1.0,0.0,0,4.0,0.0,0,2.0,0.0,0.0,988,988
841,841,841,1,0,31.0,0.0,0,8.0,0.0,0,47105.0,0.0,0,1.0,0.0,0,0.0,1.0,0.2,841,841
634,634,634,1,0,32.0,0.0,0,7.0,0.0,0,49227.0,0.0,0,2.0,0.0,0,0.0,1.0,0.2,634,634
516,516,516,1,0,11.0,0.0,0,2.0,0.0,0,46297.0,0.0,0,0.0,1.0,0,1.0,0.0,0.2,516,516
1428,1428,1428,0,0,20.0,0.0,0,9.0,0.0,1,1.0,0.0,0,0.0,1.0,0,1.0,0.0,0.2,1428,1428
1747,1747,1747,0,0,21.0,0.0,0,6.0,0.0,1,1.0,0.0,0,1.0,0.0,0,1.0,0.0,0.0,1747,1747
597,597,597,1,0,37.0,0.0,0,9.0,0.0,0,49214.0,0.0,0,2.0,0.0,0,0.0,1.0,0.2,597,597
195,195,195,1,0,1.0,0.0,0,2.0,0.0,1,1.0,0.0,0,4.0,0.0,0,1.0,0.0,0.0,195,195
1783,1783,1783,0,0,15.0,0.0,0,8.0,0.0,1,1.0,0.0,0,1.0,0.0,0,2.0,0.0,0.0,1783,1783
869,869,869,1,0,24.0,0.0,0,9.0,0.0,0,47107.0,0.0,0,2.0,0.0,0,1.0,0.0,0.0,869,869
410,410,410,1,0,26.0,0.0,0,8.0,0.0,1,1.0,0.0,0,2.0,0.0,0,1.0,0.0,0.0,410,410
96,96,96,1,0,17.0,0.0,0,5.0,0.0,0,97000.0,0.0,0,0.0,1.0,0,1.0,0.0,0.2,96,96
1000,1000,1000,0,0,21.0,0.0,1,1.0,0.0,1,1.0,0.0,0,1.0,0.0,0,2.0,0.0,0.0,1000,1000
1505,1505,1505,0,0,43.0,0.0,0,11.0,0.0,0,47206.0,0.0,0,1.0,0.0,0,1.0,0.0,0.0,1505,1505
156,156,156,1,0,30.0,0.0,0,8.0,0.0,0,47104.0,0.0,0,1.0,0.0,0,1.0,0.0,0.0,156,156
419,419,419,1,0,11.0,0.0,0,1.0,0.0,0,96998.0,0.0,0,0.0,1.0,0,1.0,0.0,0.2,419,419
1802,1802,1802,0,0,29.0,0.0,0,5.0,0.0,0,64186.0,0.0,0,0.0,1.0,0,2.0,0.0,0.2,1802,1802
477,477,477,1,0,28.0,0.0,0,10.0,0.0,0,40995.0,0.0,0,0.0,1.0,0,2.0,0.0,0.2,477,477
1855,1855,1855,0,0,36.0,0.0,0,5.0,0.0,0,87891.0,0.0,0,1.0,0.0,0,2.0,0.0,0.0,1855,1855
668,668,668,1,0,31.0,0.0,0,9.0,0.0,0,86199.0,0.0,0,1.0,0.0,0,1.0,0.0,0.0,668,668
1417,1417,1417,0,0,35.0,0.0,0,9.0,0.0,1,1.0,0.0,0,1.0,0.0,0,0.0,1.0,0.2,1417,1417
1871,1871,1871,0,1,1.0,0.0,1,1.0,0.0,1,1.0,0.0,1,1.0,0.0,1,1.0,0.0,0.0,1871,1871
1299,1299,1299,0,0,7.0,0.0,0,8.0,0.0,0,41002.0,0.0,0,1.0,0.0,0,0.0,1.0,0.2,1299,1299
447,447,447,1,0,45.0,0.0,1,1.0,0.0,1,1.0,0.0,0,0.0,1.0,0,2.0,0.0,0.2,447,447
553,553,553,1,0,35.0,0.0,0,8.0,0.0,0,62011.0,0.0,0,0.0,1.0,0,2.0,0.0,0.2,553,553
178,178,178,1,0,2.0,0.0,0,8.0,0.0,0,25922.0,0.0,0,2.0,0.0,0,1.0,0.0,0.0,178,178
390,390,390,1,0,9.0,0.0,0,3.0,0.0,1,1.0,0.0,0,1.0,0.0,0,2.0,0.0,0.0,390,390
578,578,578,1,0,43.0,0.0,0,12.0,0.0,0,64188.0,0.0,0,1.0,0.0,0,1.0,0.0,0.0,578,578
1477,1477,1477,0,0,42.0,0.0,0,12.0,0.0,0,65103.0,0.0,0,1.0,0.0,0,2.0,0.0,0.0,1477,1477
1706,1706,1706,0,0,38.0,0.0,0,12.0,0.0,1,1.0,0.0,0,0.0,1.0,0,1.0,0.0,0.2,1706,1706
1287,1287,1287,0,0,4.0,0.0,0,10.0,0.0,0,40998.0,0.0,0,3.0,0.0,0,1.0,0.0,0.0,1287,1287
1644,1644,1644,0,0,12.0,0.0,0,0.0,1.0,1,1.0,0.0,0,0.0,1.0,0,1.0,0.0,0.4,1644,1644
1023,1023,1023,0,0,42.0,0.0,0,10.0,0.0,0,47112.0,0.0,0,0.0,1.0,0,1.0,0.0,0.2,1023,1023
820,820,820,1,0,10.0,0.0,0,3.0,0.0,0,45199.0,0.0,0,0.0,1.0,0,1.0,0.0,0.2,820,820
1824,1824,1824,0,0,45.0,0.0,0,9.0,0.0,1,1.0,0.0,0,1.0,0.0,0,1.0,0.0,0.0,1824,1824
984,984,984,1,0,22.0,0.0,0,3.0,0.0,0,47706.0,0.0,0,1.0,0.0,0,1.0,0.0,0.0,984,984
1338,1338,1338,0,0,21.0,0.0,0,15.0,0.0,1,1.0,0.0,0,1.0,0.0,0,1.0,0.0,0.0,1338,1338
664,664,664,1,0,15.0,0.0,0,12.0,0.0,1,1.0,0.0,0,0.0,1.0,0,2.0,0.0,0.2,664,664
142,142,142,1,0,5.0,0.0,0,8.0,0.0,0,1291.0,0.0,0,1.0,0.0,0,2.0,0.0,0.0,142,142
1516,1516,1516,0,0,1.0,0.0,0,8.0,0.0,1,1.0,0.0,0,0.0,1.0,0,1.0,0.0,0.2,1516,1516
1429,1429,1429,0,0,22.0,0.0,0,10.0,0.0,1,1.0,0.0,0,1.0,0.0,0,1.0,0.0,0.0,1429,1429
864,864,864,1,0,15.0,0.0,0,5.0,0.0,1,1.0,0.0,0,1.0,0.0,0,2.0,0.0,0.0,864,864
421,421,421,1,0,5.0,0.0,0,7.0,0.0,0,46294.0,0.0,0,0.0,1.0,0,1.0,0.0,0.2,421,421
636,636,636,1,1,1.0,0.0,1,1.0,0.0,1,1.0,0.0,1,1.0,0.0,1,1.0,0.0,0.0,636,636
1406,1406,1406,0,0,4.0,0.0,0,1.0,0.0,1,1.0,0.0,0,1.0,0.0,0,2.0,0.0,0.0,1406,1406
799,799,799,1,0,14.0,0.0,0,10.0,0.0,1,1.0,0.0,0,1.0,0.0,0,0.0,1.0,0.2,799,799
1403,1403,1403,0,0,16.0,0.0,0,6.0,0.0,0,85219.0,0.0,0,7.0,0.0,0,1.0,0.0,0.0,1403,1403
615,615,615,1,0,11.0,0.0,0,8.0,0.0,0,19190.0,0.0,0,2.0,0.0,0,1.0,0.0,0.0,615,615
294,294,294,1,0,50.0,0.0,0,6.0,0.0,1,1.0,0.0,0,0.0,1.0,0,2.0,0.0,0.2,294,294
923,923,923,1,0,34.0,0.0,0,0.0,1.0,1,1.0,0.0,0,1.0,0.0,0,2.0,0.0,0.2,923,923
1268,1268,1268,0,0,26.0,0.0,0,6.0,0.0,0,40996.0,0.0,0,1.0,0.0,0,1.0,0.0,0.0,1268,1268
1902,1902,1902,0,0,2.0,0.0,0,9.0,0.0,0,14092.0,0.0,0,0.0,1.0,0,2.0,0.0,0.2,1902,1902
88,88,88,1,0,55.0,0.0,0,4.0,0.0,1,1.0,0.0,0,1.0,0.0,0,1.0,0.0,0.0,88,88
41,41,41,1,0,32.0,0.0,0,7.0,0.0,1,1.0,0.0,0,1.0,0.0,0,1.0,0.0,0.0,41,41
1801,1801,1801,0,0,37.0,0.0,0,10.0,0.0,0,10704.0,0.0,0,1.0,0.0,0,0.0,1.0,0.2,1801,1801
1933,1933,1933,0,0,27.0,0.0,0,5.0,0.0,1,1.0,0.0,0,0.0,1.0,0,1.0,0.0,0.2,1933,1933
131,131,131,1,0,16.0,0.0,0,9.0,0.0,0,46203.0,0.0,0,4.0,0.0,0,2.0,0.0,0.0,131,131
1001,1001,1001,0,0,14.0,0.0,0,7.0,0.0,1,1.0,0.0,0,2.0,0.0,0,1.0,0.0,0.0,1001,1001
1157,1157,1157,0,0,63.0,0.0,0,1.0,0.0,1,1.0,0.0,0,1.0,0.0,0,1.0,0.0,0.0,1157,1157
1094,1094,1094,0,0,5.0,0.0,0,18.0,0.0,0,96995.0,0.0,0,2.0,0.0,0,2.0,0.0,0.0,1094,1094
1854,1854,1854,0,0,19.0,0.0,0,0.0,1.0,1,1.0,0.0,0,0.0,1.0,0,2.0,0.0,0.4,1854,1854
1344,1344,1344,0,0,37.0,0.0,0,9.0,0.0,1,1.0,0.0,0,4.0,0.0,0,2.0,0.0,0.0,1344,1344
1498,1498,1498,0,0,27.0,0.0,0,10.0,0.0,0,47108.0,0.0,0,1.0,0.0,0,1.0,0.0,0.0,1498,1498
164,164,164,1,0,67.0,0.0,1,1.0,0.0,1,1.0,0.0,0,0.0,1.0,0,2.0,0.0,0.2,164,164
724,724,724,1,0,10.0,0.0,0,7.0,0.0,1,1.0,0.0,0,1.0,0.0,0,2.0,0.0,0.0,724,724
290,290,290,1,0,1.0,0.0,0,9.0,0.0,1,1.0,0.0,0,1.0,0.0,0,2.0,0.0,0.0,290,290
1208,1208,1208,0,0,20.0,0.0,0,6.0,0.0,1,1.0,0.0,0,2.0,0.0,0,2.0,0.0,0.0,1208,1208
1588,1588,1588,0,0,22.0,0.0,0,8.0,0.0,1,1.0,0.0,0,2.0,0.0,0,1.0,0.0,0.0,1588,1588
1896,1896,1896,0,0,16.0,0.0,0,10.0,0.0,0,47601.0,0.0,0,1.0,0.0,0,1.0,0.0,0.0,1896,1896
1641,1641,1641,0,0,17.0,0.0,0,12.0,0.0,0,10708.0,0.0,0,2.0,0.0,0,0.0,1.0,0.2,1641,1641
1361,1361,1361,0,0,13.0,0.0,0,2.0,0.0,1,1.0,0.0,0,2.0,0.0,0,1.0,0.0,0.0,1361,1361
778,778,778,1,0,5.0,0.0,0,7.0,0.0,0,55099.0,0.0,0,2.0,0.0,0,0.0,1.0,0.2,778,778
839,839,839,1,0,57.0,0.0,0,1.0,0.0,1,1.0,0.0,0,1.0,0.0,0,1.0,0.0,0.0,839,839
348,348,348,1,0,1.0,0.0,0,7.0,0.0,1,1.0,0.0,0,0.0,1.0,0,1.0,0.0,0.2,348,348
1944,1944,1944,0,0,27.0,0.0,0,9.0,0.0,1,1.0,0.0,0,0.0,1.0,0,2.0,0.0,0.2,1944,1944
571,571,571,1,0,53.0,0.0,0,1.0,0.0,1,1.0,0.0,0,1.0,0.0,0,1.0,0.0,0.0,571,571
917,917,917,1,0,28.0,0.0,0,0.0,1.0,1,1.0,0.0,0,0.0,1.0,0,1.0,0.0,0.4,917,917
976,976,976,1,0,27.0,0.0,0,8.0,0.0,0,45199.0,0.0,0,1.0,0.0,0,0.0,1.0,0.2,976,976
1913,1913,1913,0,0,40.0,0.0,0,3.0,0.0,1,1.0,0.0,0,2.0,0.0,0,1.0,0.0,0.0,1913,1913
1468,1468,1468,0,0,11.0,0.0,0,5.0,0.0,1,1.0,0.0,0,0.0,1.0,0,1.0,0.0,0.2,1468,1468
1591,1591,1591,0,0,39.0,0.0,0,9.0,0.0,1,1.0,0.0,0,0.0,1.0,0,2.0,0.0,0.2,1591,1591
1317,1317,1317,0,0,29.0,0.0,0,11.0,0.0,1,1.0,0.0,0,0.0,1.0,0,1.0,0.0,0.2,1317,1317
1844,1844,1844,0,0,22.0,0.0,0,4.0,0.0,1,1.0,0.0,0,2.0,0.0,0,1.0,0.0,0.0,1844,1844
136,136,136,1,0,8.0,0.0,0,9.0,0.0,0,22200.0,0.0,0,2.0,0.0,0,1.0,0.0,0.0,136,136
458,458,458,1,0,15.0,0.0,0,11.0,0.0,0,46408.0,0.0,0,0.0,1.0,0,1.0,0.0,0.2,458,458
375,375,375,1,0,1.0,0.0,0,6.0,0.0,0,22186.0,0.0,0,1.0,0.0,0,0.0,1.0,0.2,375,375
1342,1342,1342,0,0,31.0,0.0,0,1.0,0.0,1,1.0,0.0,0,1.0,0.0,0,1.0,0.0,0.0,1342,1342
333,333,333,1,0,5.0,0.0,0,14.0,0.0,0,64185.0,0.0,0,0.0,1.0,0,1.0,0.0,0.2,333,333
1159,1159,1159,0,0,33.0,0.0,0,10.0,0.0,0,49218.0,0.0,0,2.0,0.0,0,1.0,0.0,0.0,1159,1159
1760,1760,1760,0,0,23.0,0.0,0,10.0,0.0,1,1.0,0.0,0,1.0,0.0,0,2.0,0.0,0.0,1760,1760
1457,1457,1457,0,0,33.0,0.0,0,8.0,0.0,0,80091.0,0.0,0,1.0,0.0,0,1.0,0.0,0.0,1457,1457
816,816,816,1,0,45.0,0.0,0,7.0,0.0,0,47109.0,0.0,0,0.0,1.0,0,1.0,0.0,0.2,816,816
1114,1114,1114,0,0,2.0,0.0,0,9.0,0.0,0,30997.0,0.0,0,0.0,1.0,0,1.0,0.0,0.2,1114,1114
1005,1005,1005,0,0,14.0,0.0,0,5.0,0.0,0,49225.0,0.0,0,2.0,0.0,0,0.0,1.0,0.2,1005,1005
1856,1856,1856,0,0,26.0,0.0,0,13.0,0.0,0,84110.0,0.0,0,0.0,1.0,0,0.0,1.0,0.4,1856,1856
1954,1954,1954,0,0,19.0,0.0,0,11.0,0.0,0,14094.0,0.0,0,1.0,0.0,0,1.0,0.0,0.0,1954,1954
1850,1850,1850,0,0,26.0,0.0,0,0.0,1.0,1,1.0,0.0,0,1.0,0.0,0,1.0,0.0,0.2,1850,1850
910,910,910,1,0,42.0,0.0,0,10.0,0.0,0,47587.0,0.0,0,0.0,1.0,0,0.0,1.0,0.4,910,910
1929,1929,1929,0,0,31.0,0.0,0,9.0,0.0,1,1.0,0.0,0,1.0,0.0,0,1.0,0.0,0.0,1929,1929
1125,1125,1125,0,0,4.0,0.0,0,8.0,0.0,1,1.0,0.0,0,1.0,0.0,0,1.0,0.0,0.0,1125,1125
328,328,328,1,0,11.0,0.0,0,9.0,0.0,0,64901.0,0.0,0,1.0,0.0,0,1.0,0.0,0.0,328,328
1247,1247,1247,0,0,44.0,0.0,0,11.0,0.0,0,84109.0,0.0,0,0.0,1.0,0,1.0,0.0,0.2,1247,1247
318,318,318,1,0,49.0,0.0,0,1.0,0.0,1,1.0,0.0,0,4.0,0.0,0,1.0,0.0,0.0,318,318
1689,1689,1689,0,0,9.0,0.0,0,10.0,0.0,0,84114.0,0.0,0,1.0,0.0,0,0.0,1.0,0.2,1689,1689
1358,1358,1358,0,0,1.0,0.0,0,12.0,0.0,0,1412.0,0.0,0,1.0,0.0,0,2.0,0.0,0.0,1358,1358
1732,1732,1732,0,0,2.0,0.0,0,10.0,0.0,1,1.0,0.0,0,4.0,0.0,0,2.0,0.0,0.0,1732,1732
167,167,167,1,0,26.0,0.0,0,9.0,0.0,0,25104.0,0.0,0,0.0,1.0,0,1.0,0.0,0.2,167,167
12,12,12,1,0,4.0,0.0,0,5.0,0.0,0,14102.0,0.0,0,0.0,1.0,0,1.0,0.0,0.2,12,12
1926,1926,1926,0,0,14.0,0.0,0,9.0,0.0,1,1.0,0.0,0,0.0,1.0,0,0.0,1.0,0.4,1926,1926
171,171,171,1,0,3.0,0.0,0,11.0,0.0,0,29293.0,0.0,0,1.0,0.0,0,1.0,0.0,0.0,171,171
649,649,649,1,0,18.0,0.0,0,9.0,0.0,0,10628.0,0.0,0,1.0,0.0,0,1.0,0.0,0.0,649,649
1061,1061,1061,0,0,18.0,0.0,0,1.0,0.0,1,1.0,0.0,0,1.0,0.0,0,1.0,0.0,0.0,1061,1061
260,260,260,1,0,25.0,0.0,0,6.0,0.0,0,40994.0,0.0,0,0.0,1.0,0,1.0,0.0,0.2,260,260
1366,1366,1366,0,0,22.0,0.0,0,6.0,0.0,1,1.0,0.0,0,0.0,1.0,0,1.0,0.0,0.2,1366,1366
1548,1548,1548,0,0,10.0,0.0,0,10.0,0.0,0,69196.0,0.0,0,1.0,0.0,0,2.0,0.0,0.0,1548,1548
901,901,901,1,0,45.0,0.0,0,5.0,0.0,1,1.0,0.0,0,2.0,0.0,0,1.0,0.0,0.0,901,901
672,672,672,1,0,20.0,0.0,0,11.0,0.0,1,1.0,0.0,0,0.0,1.0,0,2.0,0.0,0.2,672,672
258,258,258,1,0,47.0,0.0,0,9.0,0.0,1,1.0,0.0,0,0.0,1.0,0,2.0,0.0,0.2,258,258
844,844,844,1,0,49.0,0.0,0,5.0,0.0,1,1.0,0.0,0,1.0,0.0,0,0.0,1.0,0.2,844,844
867,867,867,1,0,9.0,0.0,0,10.0,0.0,1,1.0,0.0,0,0.0,1.0,0,1.0,0.0,0.2,867,867
1799,1799,1799,0,0,15.0,0.0,0,14.0,0.0,0,84228.0,0.0,0,1.0,0.0,0,1.0,0.0,0.0,1799,1799
138,138,138,1,0,41.0,0.0,0,6.0,0.0,1,1.0,0.0,0,1.0,0.0,0,1.0,0.0,0.0,138,138
893,893,893,1,0,51.0,0.0,0,8.0,0.0,1,1.0,0.0,0,1.0,0.0,0,1.0,0.0,0.0,893,893
1837,1837,1837,0,0,9.0,0.0,0,2.0,0.0,0,46628.0,0.0,0,1.0,0.0,0,0.0,1.0,0.2,1837,1837
549,549,549,1,0,37.0,0.0,0,6.0,0.0,1,1.0,0.0,0,0.0,1.0,0,1.0,0.0,0.2,549,549
319,319,319,1,0,0.0,1.0,0,9.0,0.0,1,1.0,0.0,0,2.0,0.0,0,1.0,0.0,0.2,319,319
1526,1526,1526,0,0,14.0,0.0,0,9.0,0.0,0,18114.0,0.0,0,1.0,0.0,0,0.0,1.0,0.2,1526,1526
1805,1805,1805,0,0,30.0,0.0,0,0.0,1.0,1,1.0,0.0,0,1.0,0.0,0,1.0,0.0,0.2,1805,1805
1177,1177,1177,0,0,24.0,0.0,0,4.0,0.0,1,1.0,0.0,0,1.0,0.0,0,2.0,0.0,0.0,1177,1177
558,558,558,1,0,15.0,0.0,0,7.0,0.0,0,47815.0,0.0,0,1.0,0.0,0,0.0,1.0,0.2,558,558
139,139,139,1,0,52.0,0.0,0,3.0,0.0,1,1.0,0.0,0,1.0,0.0,0,0.0,1.0,0.2,139,139
1734,1734,1734,0,0,24.0,0.0,0,6.0,0.0,0,10784.0,0.0,0,1.0,0.0,0,1.0,0.0,0.0,1734,1734
531,531,531,1,0,27.0,0.0,0,8.0,0.0,0,85223.0,0.0,0,7.0,0.0,0,2.0,0.0,0.0,531,531
224,224,224,1,0,31.0,0.0,0,11.0,0.0,1,1.0,0.0,0,0.0,1.0,0,1.0,0.0,0.2,224,224
723,723,723,1,0,38.0,0.0,0,6.0,0.0,1,1.0,0.0,0,1.0,0.0,0,1.0,0.0,0.0,723,723
786,786,786,1,0,14.0,0.0,0,6.0,0.0,1,1.0,0.0,0,0.0,1.0,0,0.0,1.0,0.4,786,786
1717,1717,1717,0,0,49.0,0.0,0,1.0,0.0,1,1.0,0.0,0,0.0,1.0,0,0.0,1.0,0.4,1717,1717
1007,1007,1007,0,0,6.0,0.0,0,6.0,0.0,0,97000.0,0.0,0,2.0,0.0,0,1.0,0.0,0.0,1007,1007
409,409,409,1,0,17.0,0.0,0,1.0,0.0,1,1.0,0.0,0,0.0,1.0,0,2.0,0.0,0.2,409,409
325,325,325,1,0,11.0,0.0,0,6.0,0.0,0,1404.0,0.0,0,0.0,1.0,0,1.0,0.0,0.2,325,325
1765,1765,1765,0,0,48.0,0.0,0,7.0,0.0,1,1.0,0.0,0,1.0,0.0,0,1.0,0.0,0.0,1765,1765
299,299,299,1,0,29.0,0.0,0,2.0,0.0,0,41001.0,0.0,0,0.0,1.0,0,0.0,1.0,0.4,299,299
1262,1262,1262,0,0,35.0,0.0,0,7.0,0.0,0,14093.0,0.0,0,1.0,0.0,0,1.0,0.0,0.0,1262,1262
1945,1945,1945,0,0,26.0,0.0,0,8.0,0.0,0,15118.0,0.0,0,2.0,0.0,0,1.0,0.0,0.0,1945,1945
25,25,25,1,0,43.0,0.0,0,8.0,0.0,1,1.0,0.0,0,1.0,0.0,0,0.0,1.0,0.2,25,25
1858,1858,1858,0,0,8.0,0.0,0,6.0,0.0,1,1.0,0.0,0,1.0,0.0,0,1.0,0.0,0.0,1858,1858
714,714,714,1,0,24.0,0.0,0,3.0,0.0,0,14094.0,0.0,0,2.0,0.0,0,1.0,0.0,0.0,714,714
1009,1009,1009,0,0,26.0,0.0,0,7.0,0.0,0,22201.0,0.0,0,2.0,0.0,0,1.0,0.0,0.0,1009,1009
193,193,193,1,0,23.0,0.0,0,7.0,0.0,0,49218.0,0.0,0,0.0,1.0,0,1.0,0.0,0.2,193,193
440,440,440,1,0,20.0,0.0,0,8.0,0.0,0,97003.0,0.0,0,0.0,1.0,0,2.0,0.0,0.2,440,440
573,573,573,1,0,21.0,0.0,0,10.0,0.0,0,84125.0,0.0,0,1.0,0.0,0,0.0,1.0,0.2,573,573
946,946,946,1,0,15.0,0.0,0,7.0,0.0,1,1.0,0.0,0,0.0,1.0,0,2.0,0.0,0.2,946,946
997,997,997,1,1,1.0,0.0,1,1.0,0.0,1,1.0,0.0,1,1.0,0.0,1,1.0,0.0,0.0,997,997
503,503,503,1,0,25.0,0.0,0,2.0,0.0,1,1.0,0.0,0,1.0,0.0,0,0.0,1.0,0.2,503,503
605,605,605,1,0,28.0,0.0,0,9.0,0.0,0,43201.0,0.0,0,0.0,1.0,0,0.0,1.0,0.4,605,605
1716,1716,1716,0,0,9.0,0.0,0,6.0,0.0,0,17024.0,0.0,0,1.0,0.0,0,1.0,0.0,0.0,1716,1716
1163,1163,1163,0,0,26.0,0.0,0,9.0,0.0,1,1.0,0.0,0,1.0,0.0,0,0.0,1.0,0.2,1163,1163
1786,1786,1786,0,0,33.0,0.0,0,4.0,0.0,1,1.0,0.0,0,1.0,0.0,0,0.0,1.0,0.2,1786,1786
846,846,846,1,0,3.0,0.0,0,14.0,0.0,0,84221.0,0.0,0,2.0,0.0,0,2.0,0.0,0.0,846,846
3,3,3,1,0,34.0,0.0,1,1.0,0.0,1,1.0,0.0,0,1.0,0.0,0,1.0,0.0,0.0,3,3
1286,1286,1286,0,0,33.0,0.0,1,1.0,0.0,1,1.0,0.0,0,0.0,1.0,0,1.0,0.0,0.2,1286,1286
1222,1222,1222,0,1,1.0,0.0,1,1.0,0.0,1,1.0,0.0,1,1.0,0.0,1,1.0,0.0,0.0,1222,1222
467,467,467,1,0,19.0,0.0,0,11.0,0.0,0,46299.0,0.0,0,0.0,1.0,0,0.0,1.0,0.4,467,467
321,321,321,1,0,12.0,0.0,0,5.0,0.0,1,1.0,0.0,0,2.0,0.0,0,1.0,0.0,0.0,321,321
5,5,5,1,0,38.0,0.0,0,11.0,0.0,0,85094.0,0.0,0,2.0,0.0,0,1.0,0.0,0.0,5,5
222,222,222,1,1,1.0,0.0,1,1.0,0.0,1,1.0,0.0,1,1.0,0.0,1,1.0,0.0,0.0,222,222
1374,1374,1374,0,0,37.0,0.0,0,8.0,0.0,0,55092.0,0.0,0,0.0,1.0,0,1.0,0.0,0.2,1374,1374
547,547,547,1,0,1.0,0.0,0,6.0,0.0,0,96998.0,0.0,0,1.0,0.0,0,2.0,0.0,0.0,547,547
228,228,228,1,0,9.0,0.0,0,12.0,0.0,1,1.0,0.0,0,1.0,0.0,0,2.0,0.0,0.0,228,228
39,39,39,1,0,11.0,0.0,0,7.0,0.0,0,23934.0,0.0,0,0.0,1.0,0,1.0,0.0,0.2,39,39
542,542,542,1,0,3.0,0.0,0,7.0,0.0,1,1.0,0.0,0,0.0,1.0,0,1.0,0.0,0.2,542,542
242,242,242,1,0,27.0,0.0,0,2.0,0.0,1,1.0,0.0,0,0.0,1.0,0,1.0,0.0,0.2,242,242
898,898,898,1,0,9.0,0.0,0,13.0,0.0,0,64187.0,0.0,0,2.0,0.0,0,0.0,1.0,0.2,898,898
1133,1133,1133,0,0,2.0,0.0,0,9.0,0.0,0,55092.0,0.0,0,0.0,1.0,0,1.0,0.0,0.2,1133,1133
1448,1448,1448,0,0,35.0,0.0,0,5.0,0.0,1,1.0,0.0,0,1.0,0.0,0,1.0,0.0,0.0,1448,1448
1868,1868,1868,0,0,4.0,0.0,0,12.0,0.0,0,40994.0,0.0,0,2.0,0.0,0,1.0,0.0,0.0,1868,1868
842,842,842,1,0,12.0,0.0,0,11.0,0.0,0,84102.0,0.0,0,1.0,0.0,0,1.0,0.0,0.0,842,842
1418,1418,1418,0,0,38.0,0.0,0,6.0,0.0,1,1.0,0.0,0,1.0,0.0,0,2.0,0.0,0.0,1418,1418
1653,1653,1653,0,0,12.0,0.0,0,5.0,0.0,1,1.0,0.0,0,1.0,0.0,0,0.0,1.0,0.2,1653,1653
1969,1969,1969,0,0,26.0,0.0,0,1.0,0.0,1,1.0,0.0,0,1.0,0.0,0,2.0,0.0,0.0,1969,1969
661,661,661,1,0,5.0,0.0,0,5.0,0.0,0,97000.0,0.0,0,1.0,0.0,0,0.0,1.0,0.2,661,661
1210,1210,1210,0,0,16.0,0.0,0,10.0,0.0,0,23928.0,0.0,0,2.0,0.0,0,1.0,0.0,0.0,1210,1210
314,314,314,1,0,40.0,0.0,0,11.0,0.0,0,10705.0,0.0,0,1.0,0.0,0,1.0,0.0,0.0,314,314
691,691,691,1,0,35.0,0.0,0,6.0,0.0,1,1.0,0.0,0,1.0,0.0,0,2.0,0.0,0.0,691,691
1503,1503,1503,0,0,17.0,0.0,0,5.0,0.0,1,1.0,0.0,0,0.0,1.0,0,1.0,0.0,0.2,1503,1503
424,424,424,1,0,40.0,0.0,1,1.0,0.0,1,1.0,0.0,0,1.0,0.0,0,1.0,0.0,0.0,424,424
594,594,594,1,0,16.0,0.0,0,5.0,0.0,0,16210.0,0.0,0,2.0,0.0,0,1.0,0.0,0.0,594,594
1963,1963,1963,0,0,5.0,0.0,0,11.0,0.0,1,1.0,0.0,0,1.0,0.0,0,1.0,0.0,0.0,1963,1963
622,622,622,1,0,46.0,0.0,0,1.0,0.0,1,1.0,0.0,0,1.0,0.0,0,0.0,1.0,0.2,622,622
1170,1170,1170,0,0,10.0,0.0,0,10.0,0.0,0,47107.0,0.0,0,0.0,1.0,0,2.0,0.0,0.2,1170,1170
1043,1043,1043,0,0,10.0,0.0,0,7.0,0.0,1,1.0,0.0,0,4.0,0.0,0,2.0,0.0,0.0,1043,1043
227,227,227,1,0,43.0,0.0,0,10.0,0.0,1,1.0,0.0,0,1.0,0.0,0,1.0,0.0,0.0,227,227
1117,1117,1117,0,0,27.0,0.0,0,8.0,0.0,1,1.0,0.0,0,0.0,1.0,0,1.0,0.0,0.2,1117,1117
1331,1331,1331,0,0,44.0,0.0,0,9.0,0.0,0,1487.0,0.0,0,0.0,1.0,0,1.0,0.0,0.2,1331,1331
1315,1315,1315,0,0,20.0,0.0,0,9.0,0.0,1,1.0,0.0,0,1.0,0.0,0,1.0,0.0,0.0,1315,1315
66,66,66,1,0,17.0,0.0,0,8.0,0.0,0,47104.0,0.0,0,2.0,0.0,0,1.0,0.0,0.0,66,66
24,24,24,1,0,28.0,0.0,0,9.0,0.0,0,64187.0,0.0,0,1.0,0.0,0,1.0,0.0,0.0,24,24
144,144,144,1,0,19.0,0.0,0,10.0,0.0,1,1.0,0.0,0,0.0,1.0,0,1.0,0.0,0.2,144,144
536,536,536,1,0,29.0,0.0,0,6.0,0.0,0,49228.0,0.0,0,1.0,0.0,0,0.0,1.0,0.2,536,536
811,811,811,1,0,35.0,0.0,0,3.0,0.0,0,47586.0,0.0,0,3.0,0.0,0,1.0,0.0,0.0,811,811
1466,1466,1466,0,0,1.0,0.0,0,11.0,0.0,0,81306.0,0.0,0,0.0,1.0,0,1.0,0.0,0.2,1466,1466
85,85,85,1,0,45.0,0.0,0,6.0,0.0,1,1.0,0.0,0,0.0,1.0,0,1.0,0.0,0.2,85,85
1660,1660,1660,0,0,26.0,0.0,0,11.0,0.0,0,13984.0,0.0,0,1.0,0.0,0,0.0,1.0,0.2,1660,1660
1645,1645,1645,0,0,43.0,0.0,0,10.0,0.0,1,1.0,0.0,0,1.0,0.0,0,0.0,1.0,0.2,1645,1645
1804,1804,1804,0,0,10.0,0.0,0,7.0,0.0,1,1.0,0.0,0,2.0,0.0,0,0.0,1.0,0.2,1804,1804
1817,1817,1817,0,0,26.0,0.0,0,9.0,0.0,0,79100.0,0.0,0,0.0,1.0,0,1.0,0.0,0.2,1817,1817
1576,1576,1576,0,0,18.0,0.0,0,10.0,0.0,0,1282.0,0.0,0,2.0,0.0,0,1.0,0.0,0.0,1576,1576
1144,1144,1144,0,0,21.0,0.0,0,9.0,0.0,1,1.0,0.0,0,0.0,1.0,0,1.0,0.0,0.2,1144,1144
362,362,362,1,0,4.0,0.0,0,10.0,0.0,0,86100.0,0.0,0,0.0,1.0,0,1.0,0.0,0.2,362,362
1611,1611,1611,0,0,51.0,0.0,0,8.0,0.0,0,1266.0,0.0,0,2.0,0.0,0,1.0,0.0,0.0,1611,1611
1865,1865,1865,0,0,1.0,0.0,0,9.0,0.0,0,62011.0,0.0,0,1.0,0.0,0,1.0,0.0,0.0,1865,1865
1026,1026,1026,0,0,37.0,0.0,0,2.0,0.0,1,1.0,0.0,0,1.0,0.0,0,1.0,0.0,0.0,1026,1026
1030,1030,1030,0,0,19.0,0.0,0,12.0,0.0,0,85095.0,0.0,0,0.0,1.0,0,2.0,0.0,0.2,1030,1030
1303,1303,1303,0,0,15.0,0.0,0,6.0,0.0,1,1.0,0.0,0,1.0,0.0,0,1.0,0.0,0.0,1303,1303
1355,1355,1355,0,0,21.0,0.0,0,8.0,0.0,0,46206.0,0.0,0,3.0,0.0,0,1.0,0.0,0.0,1355,1355
1730,1730,1730,0,0,10.0,0.0,0,2.0,0.0,1,1.0,0.0,0,0.0,1.0,0,2.0,0.0,0.2,1730,1730
665,665,665,1,0,52.0,0.0,0,6.0,0.0,1,1.0,0.0,0,0.0,1.0,0,1.0,0.0,0.2,665,665
364,364,364,1,0,8.0,0.0,0,8.0,0.0,1,1.0,0.0,0,1.0,0.0,0,2.0,0.0,0.0,364,364
77,77,77,1,0,42.0,0.0,0,8.0,0.0,0,84119.0,0.0,0,1.0,0.0,0,1.0,0.0,0.0,77,77
27,27,27,1,0,5.0,0.0,0,7.0,0.0,0,87893.0,0.0,0,1.0,0.0,0,1.0,0.0,0.0,27,27
1436,1436,1436,0,0,17.0,0.0,0,11.0,0.0,1,1.0,0.0,0,1.0,0.0,0,1.0,0.0,0.0,1436,1436
525,525,525,1,0,27.0,0.0,0,5.0,0.0,1,1.0,0.0,0,0.0,1.0,0,0.0,1.0,0.4,525,525
1834,1834,1834,0,0,28.0,0.0,0,0.0,1.0,0,47104.0,0.0,0,2.0,0.0,0,1.0,0.0,0.2,1834,1834
55,55,55,1,0,13.0,0.0,0,10.0,0.0,1,1.0,0.0,0,2.0,0.0,0,1.0,0.0,0.0,55,55
638,638,638,1,0,12.0,0.0,0,6.0,0.0,1,1.0,0.0,0,2.0,0.0,0,2.0,0.0,0.0,638,638
302,302,302,1,0,54.0,0.0,0,9.0,0.0,1,1.0,0.0,0,0.0,1.0,0,2.0,0.0,0.2,302,302
718,718,718,1,0,20.0,0.0,0,11.0,0.0,1,1.0,0.0,0,0.0,1.0,0,1.0,0.0,0.2,718,718
624,624,624,1,0,5.0,0.0,0,11.0,0.0,0,26190.0,0.0,0,0.0,1.0,0,1.0,0.0,0.2,624,624
7,7,7,1,0,36.0,0.0,1,1.0,0.0,1,1.0,0.0,0,1.0,0.0,0,1.0,0.0,0.0,7,7
803,803,803,1,0,4.0,0.0,0,4.0,0.0,0,47807.0,0.0,0,0.0,1.0,0,0.0,1.0,0.4,803,803
1049,1049,1049,0,0,12.0,0.0,0,8.0,0.0,0,55093.0,0.0,0,0.0,1.0,0,0.0,1.0,0.4,1049,1049
336,336,336,1,0,20.0,0.0,0,6.0,0.0,1,1.0,0.0,0,0.0,1.0,0,2.0,0.0,0.2,336,336
47,47,47,1,1,1.0,0.0,1,1.0,0.0,1,1.0,0.0,1,1.0,0.0,1,1.0,0.0,0.0,47,47
1763,1763,1763,0,0,0.0,1.0,0,9.0,0.0,0,47108.0,0.0,0,1.0,0.0,0,0.0,1.0,0.4,1763,1763
106,106,106,1,0,5.0,0.0,0,7.0,0.0,1,1.0,0.0,0,1.0,0.0,0,2.0,0.0,0.0,106,106
349,349,349,1,0,18.0,0.0,1,1.0,0.0,1,1.0,0.0,0,0.0,1.0,0,0.0,1.0,0.4,349,349
1079,1079,1079,0,0,3.0,0.0,0,5.0,0.0,1,1.0,0.0,0,0.0,1.0,0,1.0,0.0,0.2,1079,1079
238,238,238,1,0,6.0,0.0,0,10.0,0.0,0,1280.0,0.0,0,2.0,0.0,0,0.0,1.0,0.2,238,238
213,213,213,1,0,17.0,0.0,0,6.0,0.0,0,46514.0,0.0,0,2.0,0.0,0,0.0,1.0,0.2,213,213
1775,1775,1775,0,0,31.0,0.0,0,13.0,0.0,0,64186.0,0.0,0,2.0,0.0,0,0.0,1.0,0.2,1775,1775
1138,1138,1138,0,0,39.0,0.0,0,8.0,0.0,1,1.0,0.0,0,1.0,0.0,0,0.0,1.0,0.2,1138,1138
793,793,793,1,0,20.0,0.0,0,1.0,0.0,1,1.0,0.0,0,1.0,0.0,0,0.0,1.0,0.2,793,793
1586,1586,1586,0,0,18.0,0.0,0,9.0,0.0,1,1.0,0.0,0,1.0,0.0,0,0.0,1.0,0.2,1586,1586
1582,1582,1582,0,0,40.0,0.0,0,4.0,0.0,1,1.0,0.0,0,1.0,0.0,0,2.0,0.0,0.0,1582,1582
1671,1671,1671,0,0,45.0,0.0,0,11.0,0.0,0,79099.0,0.0,0,1.0,0.0,0,2.0,0.0,0.0,1671,1671
523,523,523,1,0,10.0,0.0,0,4.0,0.0,1,1.0,0.0,0,1.0,0.0,0,0.0,1.0,0.2,523,523
232,232,232,1,0,32.0,0.0,0,0.0,1.0,1,1.0,0.0,0,1.0,0.0,0,1.0,0.0,0.2,232,232
644,644,644,1,0,20.0,0.0,0,2.0,0.0,0,30990.0,0.0,0,1.0,0.0,0,0.0,1.0,0.2,644,644
1507,1507,1507,0,0,13.0,0.0,0,4.0,0.0,0,56098.0,0.0,0,2.0,0.0,0,1.0,0.0,0.0,1507,1507
533,533,533,1,0,18.0,0.0,0,7.0,0.0,1,1.0,0.0,0,2.0,0.0,0,0.0,1.0,0.2,533,533
1941,1941,1941,0,0,17.0,0.0,0,9.0,0.0,1,1.0,0.0,0,1.0,0.0,0,0.0,1.0,0.2,1941,1941
603,603,603,1,0,5.0,0.0,0,0.0,1.0,1,1.0,0.0,0,1.0,0.0,0,0.0,1.0,0.4,603,603
1329,1329,1329,0,0,13.0,0.0,0,8.0,0.0,1,1.0,0.0,0,1.0,0.0,0,0.0,1.0,0.2,1329,1329
1074,1074,1074,0,0,24.0,0.0,0,6.0,0.0,1,1.0,0.0,0,3.0,0.0,0,2.0,0.0,0.0,1074,1074
1304,1304,1304,0,0,19.0,0.0,0,9.0,0.0,0,55102.0,0.0,0,0.0,1.0,0,0.0,1.0,0.4,1304,1304
60,60,60,1,0,47.0,0.0,0,3.0,0.0,1,1.0,0.0,0,0.0,1.0,0,0.0,1.0,0.4,60,60
1263,1263,1263,0,0,26.0,0.0,0,10.0,0.0,1,1.0,0.0,0,2.0,0.0,0,1.0,0.0,0.0,1263,1263
92,92,92,1,0,9.0,0.0,0,9.0,0.0,0,47727.0,0.0,0,1.0,0.0,0,0.0,1.0,0.2,92,92
666,666,666,1,0,52.0,0.0,0,1.0,0.0,1,1.0,0.0,0,1.0,0.0,0,0.0,1.0,0.2,666,666
280,280,280,1,0,13.0,0.0,0,11.0,0.0,1,1.0,0.0,0,1.0,0.0,0,0.0,1.0,0.2,280,280
1113,1113,1113,0,0,28.0,0.0,0,5.0,0.0,0,47106.0,0.0,0,0.0,1.0,0,1.0,0.0,0.2,1113,1113
359,359,359,1,0,19.0,0.0,1,1.0,0.0,1,1.0,0.0,0,1.0,0.0,0,0.0,1.0,0.2,359,359
1128,1128,1128,0,0,0.0,1.0,0,12.0,0.0,1,1.0,0.0,0,0.0,1.0,0,2.0,0.0,0.4,1128,1128
1169,1169,1169,0,0,18.0,0.0,0,4.0,0.0,1,1.0,0.0,0,2.0,0.0,0,1.0,0.0,0.0,1169,1169
847,847,847,1,0,44.0,0.0,1,1.0,0.0,1,1.0,0.0,0,1.0,0.0,0,0.0,1.0,0.2,847,847
1521,1521,1521,0,0,28.0,0.0,0,4.0,0.0,1,1.0,0.0,0,1.0,0.0,0,0.0,1.0,0.2,1521,1521
110,110,110,1,0,12.0,0.0,0,7.0,0.0,1,1.0,0.0,0,2.0,0.0,0,1.0,0.0,0.0,110,110
42,42,42,1,0,38.0,0.0,0,9.0,0.0,1,1.0,0.0,0,2.0,0.0,0,0.0,1.0,0.2,42,42
125,125,125,1,0,5.0,0.0,0,8.0,0.0,1,1.0,0.0,0,1.0,0.0,0,0.0,1.0,0.2,125,125
204,204,204,1,0,37.0,0.0,0,10.0,0.0,1,1.0,0.0,0,0.0,1.0,0,0.0,1.0,0.4,204,204
52,52,52,1,0,28.0,0.0,0,7.0,0.0,1,1.0,0.0,0,2.0,0.0,0,2.0,0.0,0.0,52,52
545,545,545,1,0,11.0,0.0,0,8.0,0.0,1,1.0,0.0,0,2.0,0.0,0,1.0,0.0,0.0,545,545
68,68,68,1,0,41.0,0.0,0,4.0,0.0,1,1.0,0.0,0,1.0,0.0,0,1.0,0.0,0.0,68,68
1740,1740,1740,0,0,11.0,0.0,0,12.0,0.0,0,55097.0,0.0,0,0.0,1.0,0,2.0,0.0,0.2,1740,1740
1547,1547,1547,0,0,2.0,0.0,0,7.0,0.0,0,84223.0,0.0,0,1.0,0.0,0,1.0,0.0,0.0,1547,1547
183,183,183,1,0,19.0,0.0,0,10.0,0.0,1,1.0,0.0,0,0.0,1.0,0,1.0,0.0,0.2,183,183
137,137,137,1,0,4.0,0.0,0,10.0,0.0,1,1.0,0.0,0,1.0,0.0,0,1.0,0.0,0.0,137,137
899,899,899,1,0,1.0,0.0,0,12.0,0.0,1,1.0,0.0,0,2.0,0.0,0,2.0,0.0,0.0,899,899
796,796,796,1,0,24.0,0.0,0,3.0,0.0,1,1.0,0.0,0,1.0,0.0,0,0.0,1.0,0.2,796,796
132,132,132,1,0,6.0,0.0,0,6.0,0.0,0,14096.0,0.0,0,1.0,0.0,0,1.0,0.0,0.0,132,132
80,80,80,1,0,28.0,0.0,0,12.0,0.0,1,1.0,0.0,0,3.0,0.0,0,2.0,0.0,0.0,80,80
1986,1986,1986,0,0,15.0,0.0,0,9.0,0.0,0,46403.0,0.0,0,2.0,0.0,0,0.0,1.0,0.2,1986,1986
1540,1540,1540,0,1,1.0,0.0,1,1.0,0.0,1,1.0,0.0,1,1.0,0.0,1,1.0,0.0,0.0,1540,1540
541,541,541,1,0,9.0,0.0,0,5.0,0.0,1,1.0,0.0,0,1.0,0.0,0,0.0,1.0,0.2,541,541
1668,1668,1668,0,0,21.0,0.0,0,9.0,0.0,0,46299.0,0.0,0,1.0,0.0,0,1.0,0.0,0.0,1668,1668
983,983,983,1,0,5.0,0.0,0,7.0,0.0,1,1.0,0.0,0,1.0,0.0,0,2.0,0.0,0.0,983,983
165,165,165,1,0,50.0,0.0,0,2.0,0.0,1,1.0,0.0,0,0.0,1.0,0,0.0,1.0,0.4,165,165
248,248,248,1,0,20.0,0.0,0,5.0,0.0,0,45194.0,0.0,0,0.0,1.0,0,1.0,0.0,0.2,248,248
446,446,446,1,0,10.0,0.0,0,6.0,0.0,0,40998.0,0.0,0,0.0,1.0,0,1.0,0.0,0.2,446,446
1514,1514,1514,0,0,19.0,0.0,0,3.0,0.0,1,1.0,0.0,0,4.0,0.0,0,2.0,0.0,0.0,1514,1514
858,858,858,1,0,13.0,0.0,0,2.0,0.0,1,1.0,0.0,0,1.0,0.0,0,2.0,0.0,0.0,858,858
1211,1211,1211,0,0,32.0,0.0,0,10.0,0.0,0,1402.0,0.0,0,0.0,1.0,0,1.0,0.0,0.2,1211,1211
97,97,97,1,0,0.0,1.0,0,10.0,0.0,0,14091.0,0.0,0,0.0,1.0,0,1.0,0.0,0.4,97,97
1973,1973,1973,0,0,47.0,0.0,0,4.0,0.0,1,1.0,0.0,0,1.0,0.0,0,0.0,1.0,0.2,1973,1973
737,737,737,1,0,10.0,0.0,0,3.0,0.0,1,1.0,0.0,0,4.0,0.0,0,2.0,0.0,0.0,737,737
1255,1255,1255,0,0,22.0,0.0,0,3.0,0.0,1,1.0,0.0,0,0.0,1.0,0,1.0,0.0,0.2,1255,1255
102,102,102,1,0,40.0,0.0,0,18.0,0.0,1,1.0,0.0,0,2.0,0.0,0,2.0,0.0,0.0,102,102
434,434,434,1,0,4.0,0.0,0,7.0,0.0,0,55100.0,0.0,0,0.0,1.0,0,1.0,0.0,0.2,434,434
74,74,74,1,0,48.0,0.0,0,2.0,0.0,1,1.0,0.0,0,0.0,1.0,0,1.0,0.0,0.2,74,74
1791,1791,1791,0,0,40.0,0.0,0,5.0,0.0,1,1.0,0.0,0,1.0,0.0,0,2.0,0.0,0.0,1791,1791
1234,1234,1234,0,0,6.0,0.0,0,6.0,0.0,0,43296.0,0.0,0,0.0,1.0,0,0.0,1.0,0.4,1234,1234
918,918,918,1,0,11.0,0.0,0,8.0,0.0,1,1.0,0.0,0,4.0,0.0,0,2.0,0.0,0.0,918,918
1711,1711,1711,0,0,10.0,0.0,0,5.0,0.0,1,1.0,0.0,0,1.0,0.0,0,0.0,1.0,0.2,1711,1711
1670,1670,1670,0,0,20.0,0.0,0,10.0,0.0,0,62012.0,0.0,0,1.0,0.0,0,2.0,0.0,0.0,1670,1670
1620,1620,1620,0,0,8.0,0.0,0,9.0,0.0,1,1.0,0.0,0,0.0,1.0,0,2.0,0.0,0.2,1620,1620
762,762,762,1,0,36.0,0.0,0,4.0,0.0,0,47629.0,0.0,0,2.0,0.0,0,0.0,1.0,0.2,762,762
989,989,989,1,0,52.0,0.0,0,2.0,0.0,1,1.0,0.0,0,4.0,0.0,0,2.0,0.0,0.0,989,989
388,388,388,1,0,13.0,0.0,0,7.0,0.0,1,1.0,0.0,0,1.0,0.0,0,1.0,0.0,0.0,388,388
235,235,235,1,0,25.0,0.0,0,6.0,0.0,1,1.0,0.0,0,1.0,0.0,0,1.0,0.0,0.0,235,235
1506,1506,1506,0,0,12.0,0.0,0,9.0,0.0,0,14092.0,0.0,0,0.0,1.0,0,2.0,0.0,0.2,1506,1506
267,267,267,1,0,49.0,0.0,0,6.0,0.0,1,1.0,0.0,0,1.0,0.0,0,1.0,0.0,0.0,267,267
1187,1187,1187,0,0,10.0,0.0,0,11.0,0.0,0,64900.0,0.0,0,1.0,0.0,0,0.0,1.0,0.2,1187,1187
117,117,117,1,0,11.0,0.0,0,3.0,0.0,0,25929.0,0.0,0,3.0,0.0,0,0.0,1.0,0.2,117,117
1606,1606,1606,0,0,9.0,0.0,0,9.0,0.0,0,84124.0,0.0,0,1.0,0.0,0,2.0,0.0,0.0,1606,1606
673,673,673,1,0,17.0,0.0,0,9.0,0.0,1,1.0,0.0,0,2.0,0.0,0,1.0,0.0,0.0,673,673
249,249,249,1,0,16.0,0.0,0,8.0,0.0,1,1.0,0.0,0,1.0,0.0,0,2.0,0.0,0.0,249,249
1452,1452,1452,0,0,17.0,0.0,0,9.0,0.0,0,51096.0,0.0,0,1.0,0.0,0,0.0,1.0,0.2,1452,1452
1994,1994,1994,0,0,10.0,0.0,0,8.0,0.0,0,42091.0,0.0,0,0.0,1.0,0,1.0,0.0,0.2,1994,1994
94,94,94,1,0,58.0,0.0,0,0.0,1.0,1,1.0,0.0,0,1.0,0.0,0,1.0,0.0,0.2,94,94
33,33,33,1,0,10.0,0.0,0,8.0,0.0,0,43299.0,0.0,0,1.0,0.0,0,0.0,1.0,0.2,33,33
1463,1463,1463,0,0,43.0,0.0,0,2.0,0.0,0,1124.0,0.0,0,2.0,0.0,0,1.0,0.0,0.0,1463,1463
1667,1667,1667,0,1,1.0,0.0,1,1.0,0.0,1,1.0,0.0,1,1.0,0.0,1,1.0,0.0,0.0,1667,1667
448,448,448,1,0,49.0,0.0,1,1.0,0.0,1,1.0,0.0,0,1.0,0.0,0,2.0,0.0,0.0,448,448
716,716,716,1,0,8.0,0.0,0,9.0,0.0,0,14100.0,0.0,0,0.0,1.0,0,1.0,0.0,0.2,716,716
1809,1809,1809,0,0,44.0,0.0,0,3.0,0.0,1,1.0,0.0,0,1.0,0.0,0,0.0,1.0,0.2,1809,1809
1517,1517,1517,0,0,11.0,0.0,0,6.0,0.0,1,1.0,0.0,0,2.0,0.0,0,1.0,0.0,0.0,1517,1517
0,0,0,1,0,14.0,0.0,0,9.0,0.0,0,13918.0,0.0,0,2.0,0.0,0,2.0,0.0,0.0,0,0
1375,1375,1375,0,0,24.0,0.0,0,8.0,0.0,0,82195.0,0.0,0,1.0,0.0,0,1.0,0.0,0.0,1375,1375
1101,1101,1101,0,0,17.0,0.0,0,12.0,0.0,1,1.0,0.0,0,0.0,1.0,0,1.0,0.0,0.2,1101,1101
1108,1108,1108,0,0,1.0,0.0,0,8.0,0.0,0,18105.0,0.0,0,1.0,0.0,0,0.0,1.0,0.2,1108,1108
1226,1226,1226,0,0,2.0,0.0,0,11.0,0.0,0,49220.0,0.0,0,2.0,0.0,0,1.0,0.0,0.0,1226,1226
82,82,82,1,0,4.0,0.0,0,10.0,0.0,1,1.0,0.0,0,1.0,0.0,0,0.0,1.0,0.2,82,82
1288,1288,1288,0,0,22.0,0.0,0,9.0,0.0,1,1.0,0.0,0,1.0,0.0,0,2.0,0.0,0.0,1288,1288
676,676,676,1,0,0.0,1.0,0,9.0,0.0,0,84213.0,0.0,0,2.0,0.0,0,0.0,1.0,0.4,676,676
1920,1920,1920,0,0,7.0,0.0,0,2.0,0.0,1,1.0,0.0,0,4.0,0.0,0,2.0,0.0,0.0,1920,1920
1046,1046,1046,0,0,64.0,0.0,0,2.0,0.0,1,1.0,0.0,0,0.0,1.0,0,2.0,0.0,0.2,1046,1046
770,770,770,1,0,41.0,0.0,0,3.0,0.0,1,1.0,0.0,0,1.0,0.0,0,2.0,0.0,0.0,770,770
1946,1946,1946,0,0,10.0,0.0,0,1.0,0.0,0,86896.0,0.0,0,1.0,0.0,0,2.0,0.0,0.0,1946,1946
1280,1280,1280,0,0,17.0,0.0,0,9.0,0.0,1,1.0,0.0,0,1.0,0.0,0,0.0,1.0,0.2,1280,1280
1580,1580,1580,0,0,5.0,0.0,0,12.0,0.0,0,82199.0,0.0,0,0.0,1.0,0,0.0,1.0,0.4,1580,1580
1488,1488,1488,0,0,3.0,0.0,0,7.0,0.0,0,25104.0,0.0,0,0.0,1.0,0,1.0,0.0,0.2,1488,1488
404,404,404,1,0,4.0,0.0,0,9.0,0.0,1,1.0,0.0,0,0.0,1.0,0,2.0,0.0,0.2,404,404
1727,1727,1727,0,0,24.0,0.0,0,6.0,0.0,1,1.0,0.0,0,0.0,1.0,0,2.0,0.0,0.2,1727,1727
1298,1298,1298,0,0,30.0,0.0,1,1.0,0.0,1,1.0,0.0,0,1.0,0.0,0,1.0,0.0,0.0,1298,1298
1340,1340,1340,0,0,15.0,0.0,0,8.0,0.0,0,40994.0,0.0,0,0.0,1.0,0,2.0,0.0,0.2,1340,1340
104,104,104,1,0,24.0,0.0,0,4.0,0.0,1,1.0,0.0,0,7.0,0.0,0,2.0,0.0,0.0,104,104
688,688,688,1,0,17.0,0.0,0,10.0,0.0,0,96998.0,0.0,0,5.0,0.0,0,0.0,1.0,0.2,688,688
1305,1305,1305,0,0,51.0,0.0,0,1.0,0.0,1,1.0,0.0,0,2.0,0.0,0,0.0,1.0,0.2,1305,1305
826,826,826,1,0,2.0,0.0,0,9.0,0.0,1,1.0,0.0,0,1.0,0.0,0,2.0,0.0,0.0,826,826
62,62,62,1,0,11.0,0.0,0,9.0,0.0,0,40999.0,0.0,0,2.0,0.0,0,0.0,1.0,0.2,62,62
852,852,852,1,0,14.0,0.0,0,7.0,0.0,1,1.0,0.0,0,1.0,0.0,0,0.0,1.0,0.2,852,852
1353,1353,1353,0,0,19.0,0.0,0,4.0,0.0,1,1.0,0.0,0,2.0,0.0,0,1.0,0.0,0.0,1353,1353
223,223,223,1,0,14.0,0.0,0,7.0,0.0,1,1.0,0.0,0,2.0,0.0,0,2.0,0.0,0.0,223,223
145,145,145,1,0,25.0,0.0,0,6.0,0.0,1,1.0,0.0,0,0.0,1.0,0,2.0,0.0,0.2,145,145
1088,1088,1088,0,0,44.0,0.0,0,12.0,0.0,0,64189.0,0.0,0,1.0,0.0,0,0.0,1.0,0.2,1088,1088
373,373,373,1,0,19.0,0.0,0,11.0,0.0,0,85092.0,0.0,0,0.0,1.0,0,1.0,0.0,0.2,373,373
1420,1420,1420,0,0,36.0,0.0,0,0.0,1.0,1,1.0,0.0,0,2.0,0.0,0,2.0,0.0,0.2,1420,1420
1142,1142,1142,0,0,5.0,0.0,0,4.0,0.0,1,1.0,0.0,0,1.0,0.0,0,2.0,0.0,0.0,1142,1142
1826,1826,1826,0,0,34.0,0.0,0,1.0,0.0,1,1.0,0.0,0,0.0,1.0,0,2.0,0.0,0.2,1826,1826
1494,1494,1494,0,0,19.0,0.0,0,6.0,0.0,1,1.0,0.0,0,0.0,1.0,0,2.0,0.0,0.2,1494,1494
1601,1601,1601,0,0,20.0,0.0,0,7.0,0.0,0,25926.0,0.0,0,2.0,0.0,0,1.0,0.0,0.0,1601,1601
1270,1270,1270,0,0,13.0,0.0,0,7.0,0.0,1,1.0,0.0,0,0.0,1.0,0,2.0,0.0,0.2,1270,1270
9,9,9,1,0,48.0,0.0,0,1.0,0.0,1,1.0,0.0,0,4.0,0.0,0,2.0,0.0,0.0,9,9
449,449,449,1,0,22.0,0.0,0,9.0,0.0,0,40997.0,0.0,0,3.0,0.0,0,1.0,0.0,0.0,449,449
708,708,708,1,0,59.0,0.0,1,1.0,0.0,1,1.0,0.0,0,0.0,1.0,0,2.0,0.0,0.2,708,708
255,255,255,1,0,6.0,0.0,0,12.0,0.0,0,45201.0,0.0,0,0.0,1.0,0,0.0,1.0,0.4,255,255
882,882,882,1,0,31.0,0.0,0,14.0,0.0,0,62015.0,0.0,0,0.0,1.0,0,1.0,0.0,0.2,882,882
389,389,389,1,0,35.0,0.0,0,9.0,0.0,1,1.0,0.0,0,1.0,0.0,0,2.0,0.0,0.0,389,389
908,908,908,1,0,17.0,0.0,0,9.0,0.0,0,10785.0,0.0,0,0.0,1.0,0,2.0,0.0,0.2,908,908
924,924,924,1,1,1.0,0.0,1,1.0,0.0,1,1.0,0.0,1,1.0,0.0,1,1.0,0.0,0.0,924,924
1703,1703,1703,0,0,27.0,0.0,0,3.0,0.0,1,1.0,0.0,0,0.0,1.0,0,2.0,0.0,0.2,1703,1703
1232,1232,1232,0,0,32.0,0.0,0,1.0,0.0,1,1.0,0.0,0,1.0,0.0,0,1.0,0.0,0.0,1232,1232
460,460,460,1,0,47.0,0.0,0,9.0,0.0,1,1.0,0.0,0,1.0,0.0,0,1.0,0.0,0.0,460,460
1269,1269,1269,0,0,19.0,0.0,0,7.0,0.0,1,1.0,0.0,0,2.0,0.0,0,2.0,0.0,0.0,1269,1269
1759,1759,1759,0,0,29.0,0.0,0,8.0,0.0,0,69193.0,0.0,0,1.0,0.0,0,1.0,0.0,0.0,1759,1759
1168,1168,1168,0,0,20.0,0.0,0,8.0,0.0,0,10707.0,0.0,0,1.0,0.0,0,0.0,1.0,0.2,1168,1168
958,958,958,1,0,23.0,0.0,0,9.0,0.0,0,47205.0,0.0,0,1.0,0.0,0,2.0,0.0,0.0,958,958
501,501,501,1,0,13.0,0.0,0,5.0,0.0,1,1.0,0.0,0,1.0,0.0,0,1.0,0.0,0.0,501,501
739,739,739,1,0,4.0,0.0,0,6.0,0.0,0,47205.0,0.0,0,1.0,0.0,0,0.0,1.0,0.2,739,739
1849,1849,1849,0,0,30.0,0.0,0,8.0,0.0,1,1.0,0.0,0,2.0,0.0,0,1.0,0.0,0.0,1849,1849
868,868,868,1,0,16.0,0.0,0,13.0,0.0,1,1.0,0.0,0,1.0,0.0,0,2.0,0.0,0.0,868,868
731,731,731,1,0,6.0,0.0,0,4.0,0.0,1,1.0,0.0,0,2.0,0.0,0,2.0,0.0,0.0,731,731
539,539,539,1,0,3.0,0.0,0,0.0,1.0,1,1.0,0.0,0,2.0,0.0,0,1.0,0.0,0.2,539,539
1201,1201,1201,0,0,10.0,0.0,0,7.0,0.0,0,49222.0,0.0,0,1.0,0.0,0,0.0,1.0,0.2,1201,1201
697,697,697,1,0,54.0,0.0,0,3.0,0.0,1,1.0,0.0,0,1.0,0.0,0,0.0,1.0,0.2,697,697
1392,1392,1392,0,0,8.0,0.0,0,1.0,0.0,1,1.0,0.0,0,1.0,0.0,0,2.0,0.0,0.0,1392,1392
1376,1376,1376,0,0,2.0,0.0,0,5.0,0.0,0,55102.0,0.0,0,1.0,0.0,0,1.0,0.0,0.0,1376,1376
1145,1145,1145,0,0,1.0,0.0,0,13.0,0.0,1,1.0,0.0,0,1.0,0.0,0,1.0,0.0,0.0,1145,1145
1031,1031,1031,0,0,12.0,0.0,0,6.0,0.0,1,1.0,0.0,0,2.0,0.0,0,0.0,1.0,0.2,1031,1031
372,372,372,1,0,12.0,0.0,0,7.0,0.0,1,1.0,0.0,0,2.0,0.0,0,1.0,0.0,0.0,372,372
667,667,667,1,1,1.0,0.0,1,1.0,0.0,1,1.0,0.0,1,1.0,0.0,1,1.0,0.0,0.0,667,667
1525,1525,1525,0,0,31.0,0.0,0,4.0,0.0,0,49227.0,0.0,0,1.0,0.0,0,0.0,1.0,0.2,1525,1525
357,357,357,1,0,52.0,0.0,0,4.0,0.0,1,1.0,0.0,0,1.0,0.0,0,2.0,0.0,0.0,357,357
967,967,967,1,1,1.0,0.0,1,1.0,0.0,1,1.0,0.0,1,1.0,0.0,1,1.0,0.0,0.0,967,967
783,783,783,1,0,14.0,0.0,0,10.0,0.0,1,1.0,0.0,0,1.0,0.0,0,1.0,0.0,0.0,783,783
735,735,735,1,0,37.0,0.0,0,8.0,0.0,0,52203.0,0.0,0,0.0,1.0,0,1.0,0.0,0.2,735,735
1035,1035,1035,0,0,5.0,0.0,0,1.0,0.0,0,43299.0,0.0,0,1.0,0.0,0,1.0,0.0,0.0,1035,1035
970,970,970,1,0,27.0,0.0,0,4.0,0.0,1,1.0,0.0,0,1.0,0.0,0,1.0,0.0,0.0,970,970
1524,1524,1524,0,0,41.0,0.0,0,6.0,0.0,1,1.0,0.0,0,1.0,0.0,0,0.0,1.0,0.2,1524,1524
1486,1486,1486,0,0,14.0,0.0,0,10.0,0.0,1,1.0,0.0,0,0.0,1.0,0,0.0,1.0,0.4,1486,1486
1523,1523,1523,0,0,21.0,0.0,0,11.0,0.0,1,1.0,0.0,0,1.0,0.0,0,1.0,0.0,0.0,1523,1523
1490,1490,1490,0,0,1.0,0.0,0,9.0,0.0,1,1.0,0.0,0,1.0,0.0,0,2.0,0.0,0.0,1490,1490
1642,1642,1642,0,0,2.0,0.0,0,8.0,0.0,0,47592.0,0.0,0,1.0,0.0,0,1.0,0.0,0.0,1642,1642
1252,1252,1252,0,0,1.0,0.0,0,10.0,0.0,0,47527.0,0.0,0,2.0,0.0,0,1.0,0.0,0.0,1252,1252
1693,1693,1693,0,0,4.0,0.0,0,7.0,0.0,1,1.0,0.0,0,0.0,1.0,0,1.0,0.0,0.2,1693,1693
1749,1749,1749,0,0,10.0,0.0,0,10.0,0.0,0,71099.0,0.0,0,1.0,0.0,0,0.0,1.0,0.2,1749,1749
1236,1236,1236,0,0,39.0,0.0,0,8.0,0.0,1,1.0,0.0,0,1.0,0.0,0,0.0,1.0,0.2,1236,1236
885,885,885,1,0,9.0,0.0,0,6.0,0.0,0,10791.0,0.0,0,1.0,0.0,0,1.0,0.0,0.0,885,885
79,79,79,1,0,27.0,0.0,0,2.0,0.0,1,1.0,0.0,0,1.0,0.0,0,1.0,0.0,0.0,79,79
1172,1172,1172,0,0,9.0,0.0,0,9.0,0.0,1,1.0,0.0,0,2.0,0.0,0,1.0,0.0,0.0,1172,1172
814,814,814,1,0,27.0,0.0,0,8.0,0.0,1,1.0,0.0,0,1.0,0.0,0,1.0,0.0,0.0,814,814
1285,1285,1285,0,0,4.0,0.0,0,7.0,0.0,0,14090.0,0.0,0,1.0,0.0,0,1.0,0.0,0.0,1285,1285
671,671,671,1,0,18.0,0.0,0,6.0,0.0,1,1.0,0.0,0,1.0,0.0,0,2.0,0.0,0.0,671,671
1531,1531,1531,0,0,59.0,0.0,0,1.0,0.0,1,1.0,0.0,0,1.0,0.0,0,1.0,0.0,0.0,1531,1531
57,57,57,1,0,1.0,0.0,0,10.0,0.0,0,47592.0,0.0,0,1.0,0.0,0,1.0,0.0,0.0,57,57
133,133,133,1,0,28.0,0.0,0,11.0,0.0,1,1.0,0.0,0,1.0,0.0,0,0.0,1.0,0.2,133,133
1140,1140,1140,0,0,7.0,0.0,0,8.0,0.0,0,85206.0,0.0,0,1.0,0.0,0,1.0,0.0,0.0,1140,1140
933,933,933,1,0,13.0,0.0,0,12.0,0.0,0,65108.0,0.0,0,0.0,1.0,0,2.0,0.0,0.2,933,933
1684,1684,1684,0,0,5.0,0.0,0,5.0,0.0,0,49212.0,0.0,0,0.0,1.0,0,1.0,0.0,0.2,1684,1684
823,823,823,1,0,29.0,0.0,0,2.0,0.0,1,1.0,0.0,0,0.0,1.0,0,2.0,0.0,0.2,823,823
1214,1214,1214,0,0,34.0,0.0,0,7.0,0.0,0,85481.0,0.0,0,0.0,1.0,0,1.0,0.0,0.2,1214,1214
504,504,504,1,0,2.0,0.0,0,2.0,0.0,0,86897.0,0.0,0,0.0,1.0,0,1.0,0.0,0.2,504,504
1774,1774,1774,0,0,40.0,0.0,0,7.0,0.0,1,1.0,0.0,0,1.0,0.0,0,0.0,1.0,0.2,1774,1774
347,347,347,1,0,10.0,0.0,0,10.0,0.0,0,74199.0,0.0,0,0.0,1.0,0,0.0,1.0,0.4,347,347
386,386,386,1,0,7.0,0.0,0,7.0,0.0,0,47719.0,0.0,0,1.0,0.0,0,2.0,0.0,0.0,386,386
1024,1024,1024,0,0,6.0,0.0,0,4.0,0.0,0,47813.0,0.0,0,2.0,0.0,0,1.0,0.0,0.0,1024,1024
894,894,894,1,0,50.0,0.0,0,2.0,0.0,1,1.0,0.0,0,1.0,0.0,0,1.0,0.0,0.0,894,894
828,828,828,1,0,1.0,0.0,0,6.0,0.0,1,1.0,0.0,0,0.0,1.0,0,1.0,0.0,0.2,828,828
1892,1892,1892,0,0,38.0,0.0,0,8.0,0.0,1,1.0,0.0,0,1.0,0.0,0,1.0,0.0,0.0,1892,1892
475,475,475,1,0,40.0,0.0,0,7.0,0.0,0,49221.0,0.0,0,1.0,0.0,0,0.0,1.0,0.2,475,475
1470,1470,1470,0,0,19.0,0.0,0,4.0,0.0,1,1.0,0.0,0,1.0,0.0,0,2.0,0.0,0.0,1470,1470
1447,1447,1447,0,0,36.0,0.0,0,3.0,0.0,1,1.0,0.0,0,0.0,1.0,0,1.0,0.0,0.2,1447,1447
1581,1581,1581,0,0,6.0,0.0,0,10.0,0.0,0,47406.0,0.0,0,0.0,1.0,0,1.0,0.0,0.2,1581,1581
652,652,652,1,0,31.0,0.0,0,9.0,0.0,1,1.0,0.0,0,1.0,0.0,0,1.0,0.0,0.0,652,652
172,172,172,1,0,8.0,0.0,0,0.0,1.0,1,1.0,0.0,0,1.0,0.0,0,2.0,0.0,0.2,172,172
1149,1149,1149,0,0,12.0,0.0,0,7.0,0.0,1,1.0,0.0,0,0.0,1.0,0,2.0,0.0,0.2,1149,1149
38,38,38,1,0,13.0,0.0,0,5.0,0.0,1,1.0,0.0,0,1.0,0.0,0,1.0,0.0,0.0,38,38
713,713,713,1,0,30.0,0.0,0,2.0,0.0,1,1.0,0.0,0,1.0,0.0,0,1.0,0.0,0.0,713,713
90,90,90,1,0,61.0,0.0,0,6.0,0.0,1,1.0,0.0,0,1.0,0.0,0,1.0,0.0,0.0,90,90
1936,1936,1936,0,0,10.0,0.0,0,6.0,0.0,0,49232.0,0.0,0,3.0,0.0,0,0.0,1.0,0.2,1936,1936
1205,1205,1205,0,0,10.0,0.0,0,4.0,0.0,1,1.0,0.0,0,1.0,0.0,0,1.0,0.0,0.0,1205,1205
875,875,875,1,0,23.0,0.0,0,10.0,0.0,0,64181.0,0.0,0,1.0,0.0,0,1.0,0.0,0.0,875,875
1351,1351,1351,0,0,31.0,0.0,0,10.0,0.0,0,85218.0,0.0,0,0.0,1.0,0,1.0,0.0,0.2,1351,1351
1889,1889,1889,0,0,22.0,0.0,0,14.0,0.0,0,85484.0,0.0,0,2.0,0.0,0,1.0,0.0,0.0,1889,1889
1093,1093,1093,0,0,26.0,0.0,0,1.0,0.0,0,45400.0,0.0,0,1.0,0.0,0,1.0,0.0,0.0,1093,1093
1155,1155,1155,0,0,29.0,0.0,0,3.0,0.0,1,1.0,0.0,0,1.0,0.0,0,1.0,0.0,0.0,1155,1155
1781,1781,1781,0,0,14.0,0.0,0,9.0,0.0,1,1.0,0.0,0,2.0,0.0,0,1.0,0.0,0.0,1781,1781
1958,1958,1958,0,0,18.0,0.0,0,5.0,0.0,0,96995.0,0.0,0,0.0,1.0,0,1.0,0.0,0.2,1958,1958
499,499,499,1,0,40.0,0.0,0,5.0,0.0,1,1.0,0.0,0,0.0,1.0,0,1.0,0.0,0.2,499,499
338,338,338,1,0,0.0,1.0,0,15.0,0.0,0,84118.0,0.0,0,0.0,1.0,0,1.0,0.0,0.4,338,338
1188,1188,1188,0,0,47.0,0.0,0,4.0,0.0,1,1.0,0.0,0,0.0,1.0,0,1.0,0.0,0.2,1188,1188
28,28,28,1,0,2.0,0.0,0,5.0,0.0,0,41002.0,0.0,0,0.0,1.0,0,1.0,0.0,0.2,28,28
1217,1217,1217,0,0,13.0,0.0,0,12.0,0.0,1,1.0,0.0,0,0.0,1.0,0,2.0,0.0,0.2,1217,1217
1399,1399,1399,0,0,15.0,0.0,0,10.0,0.0,1,1.0,0.0,0,2.0,0.0,0,0.0,1.0,0.2,1399,1399
1820,1820,1820,0,0,41.0,0.0,0,5.0,0.0,1,1.0,0.0,0,1.0,0.0,0,2.0,0.0,0.0,1820,1820
945,945,945,1,0,53.0,0.0,0,5.0,0.0,1,1.0,0.0,0,4.0,0.0,0,2.0,0.0,0.0,945,945
169,169,169,1,0,49.0,0.0,0,1.0,0.0,1,1.0,0.0,0,2.0,0.0,0,0.0,1.0,0.2,169,169
1404,1404,1404,0,0,40.0,0.0,0,5.0,0.0,1,1.0,0.0,0,1.0,0.0,0,2.0,0.0,0.0,1404,1404
1197,1197,1197,0,0,12.0,0.0,0,12.0,0.0,0,10625.0,0.0,0,1.0,0.0,0,1.0,0.0,0.0,1197,1197
1253,1253,1253,0,0,26.0,0.0,0,6.0,0.0,1,1.0,0.0,0,1.0,0.0,0,1.0,0.0,0.0,1253,1253
1613,1613,1613,0,0,44.0,0.0,0,8.0,0.0,1,1.0,0.0,0,1.0,0.0,0,2.0,0.0,0.0,1613,1613
912,912,912,1,0,56.0,0.0,0,2.0,0.0,1,1.0,0.0,0,0.0,1.0,0,1.0,0.0,0.2,912,912
491,491,491,1,0,37.0,0.0,0,8.0,0.0,1,1.0,0.0,0,3.0,0.0,0,1.0,0.0,0.0,491,491
953,953,953,1,0,4.0,0.0,0,6.0,0.0,1,1.0,0.0,0,1.0,0.0,0,0.0,1.0,0.2,953,953
1097,1097,1097,0,0,42.0,0.0,0,6.0,0.0,1,1.0,0.0,0,1.0,0.0,0,1.0,0.0,0.0,1097,1097
1032,1032,1032,0,0,58.0,0.0,0,4.0,0.0,1,1.0,0.0,0,1.0,0.0,0,2.0,0.0,0.0,1032,1032
587,587,587,1,0,26.0,0.0,0,10.0,0.0,1,1.0,0.0,0,1.0,0.0,0,1.0,0.0,0.0,587,587
750,750,750,1,0,18.0,0.0,0,10.0,0.0,0,62018.0,0.0,0,0.0,1.0,0,1.0,0.0,0.2,750,750
657,657,657,1,0,7.0,0.0,0,8.0,0.0,0,26196.0,0.0,0,0.0,1.0,0,1.0,0.0,0.2,657,657
234,234,234,1,0,0.0,1.0,0,8.0,0.0,1,1.0,0.0,0,0.0,1.0,0,1.0,0.0,0.4,234,234
732,732,732,1,0,35.0,0.0,0,5.0,0.0,1,1.0,0.0,0,1.0,0.0,0,2.0,0.0,0.0,732,732
1988,1988,1988,0,0,5.0,0.0,0,9.0,0.0,1,1.0,0.0,0,2.0,0.0,0,2.0,0.0,0.0,1988,1988
1632,1632,1632,0,0,18.0,0.0,0,4.0,0.0,0,13990.0,0.0,0,2.0,0.0,0,1.0,0.0,0.0,1632,1632
1156,1156,1156,0,0,16.0,0.0,0,3.0,0.0,1,1.0,0.0,0,0.0,1.0,0,1.0,0.0,0.2,1156,1156
1469,1469,1469,0,0,53.0,0.0,1,1.0,0.0,1,1.0,0.0,0,1.0,0.0,0,1.0,0.0,0.0,1469,1469
1424,1424,1424,0,0,41.0,0.0,1,1.0,0.0,1,1.0,0.0,0,1.0,0.0,0,1.0,0.0,0.0,1424,1424
1627,1627,1627,0,0,39.0,0.0,1,1.0,0.0,1,1.0,0.0,0,1.0,0.0,0,1.0,0.0,0.0,1627,1627
934,934,934,1,0,6.0,0.0,0,10.0,0.0,0,84220.0,0.0,0,0.0,1.0,0,0.0,1.0,0.4,934,934
1209,1209,1209,0,0,63.0,0.0,0,18.0,0.0,1,1.0,0.0,0,1.0,0.0,0,1.0,0.0,0.0,1209,1209
1065,1065,1065,0,0,36.0,0.0,0,8.0,0.0,0,49223.0,0.0,0,1.0,0.0,0,0.0,1.0,0.2,1065,1065
108,108,108,1,0,41.0,0.0,0,5.0,0.0,1,1.0,0.0,0,0.0,1.0,0,0.0,1.0,0.4,108,108
1542,1542,1542,0,0,51.0,0.0,0,9.0,0.0,1,1.0,0.0,0,1.0,0.0,0,1.0,0.0,0.0,1542,1542
568,568,568,1,0,3.0,0.0,0,9.0,0.0,0,56105.0,0.0,0,2.0,0.0,0,2.0,0.0,0.0,568,568
1167,1167,1167,0,0,48.0,0.0,0,2.0,0.0,1,1.0,0.0,0,0.0,1.0,0,2.0,0.0,0.2,1167,1167
1174,1174,1174,0,0,47.0,0.0,0,2.0,0.0,1,1.0,0.0,0,4.0,0.0,0,2.0,0.0,0.0,1174,1174
890,890,890,1,1,1.0,0.0,1,1.0,0.0,1,1.0,0.0,1,1.0,0.0,1,1.0,0.0,0.0,890,890
947,947,947,1,0,13.0,0.0,0,7.0,0.0,0,85099.0,0.0,0,0.0,1.0,0,2.0,0.0,0.2,947,947
1048,1048,1048,0,0,15.0,0.0,0,5.0,0.0,1,1.0,0.0,0,1.0,0.0,0,2.0,0.0,0.0,1048,1048
1352,1352,1352,0,0,55.0,0.0,0,1.0,0.0,1,1.0,0.0,0,1.0,0.0,0,2.0,0.0,0.0,1352,1352
1777,1777,1777,0,0,40.0,0.0,0,1.0,0.0,1,1.0,0.0,0,0.0,1.0,0,1.0,0.0,0.2,1777,1777
1446,1446,1446,0,0,31.0,0.0,0,11.0,0.0,1,1.0,0.0,0,1.0,0.0,0,1.0,0.0,0.0,1446,1446
884,884,884,1,0,37.0,0.0,0,9.0,0.0,0,49217.0,0.0,0,1.0,0.0,0,0.0,1.0,0.2,884,884
1672,1672,1672,0,0,34.0,0.0,0,3.0,0.0,1,1.0,0.0,0,0.0,1.0,0,1.0,0.0,0.2,1672,1672
850,850,850,1,0,10.0,0.0,0,9.0,0.0,1,1.0,0.0,0,2.0,0.0,0,1.0,0.0,0.0,850,850
734,734,734,1,0,9.0,0.0,0,3.0,0.0,1,1.0,0.0,0,0.0,1.0,0,2.0,0.0,0.2,734,734
717,717,717,1,0,20.0,0.0,0,10.0,0.0,0,14099.0,0.0,0,1.0,0.0,0,0.0,1.0,0.2,717,717
454,454,454,1,0,2.0,0.0,0,13.0,0.0,1,1.0,0.0,0,2.0,0.0,0,1.0,0.0,0.0,454,454
264,264,264,1,0,30.0,0.0,1,1.0,0.0,1,1.0,0.0,0,1.0,0.0,0,1.0,0.0,0.0,264,264
75,75,75,1,0,3.0,0.0,0,8.0,0.0,0,95102.0,0.0,0,1.0,0.0,0,0.0,1.0,0.2,75,75
1657,1657,1657,0,0,6.0,0.0,0,7.0,0.0,0,56206.0,0.0,0,1.0,0.0,0,2.0,0.0,0.0,1657,1657
444,444,444,1,0,11.0,0.0,0,7.0,0.0,0,40997.0,0.0,0,1.0,0.0,0,1.0,0.0,0.0,444,444
395,395,395,1,0,7.0,0.0,0,13.0,0.0,0,64183.0,0.0,0,2.0,0.0,0,1.0,0.0,0.0,395,395
176,176,176,1,0,54.0,0.0,0,4.0,0.0,1,1.0,0.0,0,0.0,1.0,0,1.0,0.0,0.2,176,176
1042,1042,1042,0,0,35.0,0.0,0,0.0,1.0,0,99995.0,0.0,0,2.0,0.0,0,0.0,1.0,0.4,1042,1042
1735,1735,1735,0,0,57.0,0.0,0,0.0,1.0,1,1.0,0.0,0,1.0,0.0,0,1.0,0.0,0.2,1735,1735
1401,1401,1401,0,0,13.0,0.0,0,11.0,0.0,0,46290.0,0.0,0,1.0,0.0,0,1.0,0.0,0.0,1401,1401
1380,1380,1380,0,0,21.0,0.0,0,7.0,0.0,0,1278.0,0.0,0,2.0,0.0,0,0.0,1.0,0.2,1380,1380
595,595,595,1,0,7.0,0.0,0,6.0,0.0,1,1.0,0.0,0,0.0,1.0,0,2.0,0.0,0.2,595,595
61,61,61,1,0,23.0,0.0,0,7.0,0.0,0,13934.0,0.0,0,1.0,0.0,0,2.0,0.0,0.0,61,61
1296,1296,1296,0,0,30.0,0.0,0,11.0,0.0,0,85097.0,0.0,0,1.0,0.0,0,1.0,0.0,0.0,1296,1296
872,872,872,1,0,0.0,1.0,0,11.0,0.0,1,1.0,0.0,0,0.0,1.0,0,1.0,0.0,0.4,872,872
1489,1489,1489,0,0,31.0,0.0,0,11.0,0.0,1,1.0,0.0,0,1.0,0.0,0,2.0,0.0,0.0,1489,1489
1878,1878,1878,0,0,10.0,0.0,0,10.0,0.0,1,1.0,0.0,0,1.0,0.0,0,0.0,1.0,0.2,1878,1878
278,278,278,1,0,33.0,0.0,0,10.0,0.0,0,84121.0,0.0,0,0.0,1.0,0,1.0,0.0,0.2,278,278
36,36,36,1,0,10.0,0.0,0,1.0,0.0,1,1.0,0.0,0,1.0,0.0,0,1.0,0.0,0.0,36,36
1975,1975,1975,0,0,41.0,0.0,0,8.0,0.0,1,1.0,0.0,0,4.0,0.0,0,1.0,0.0,0.0,1975,1975
662,662,662,1,0,4.0,0.0,0,6.0,0.0,1,1.0,0.0,0,1.0,0.0,0,1.0,0.0,0.0,662,662
1953,1953,1953,0,0,25.0,0.0,0,10.0,0.0,0,64187.0,0.0,0,0.0,1.0,0,0.0,1.0,0.4,1953,1953
1444,1444,1444,0,0,5.0,0.0,0,10.0,0.0,1,1.0,0.0,0,0.0,1.0,0,2.0,0.0,0.2,1444,1444
977,977,977,1,0,43.0,0.0,0,8.0,0.0,0,45197.0,0.0,0,1.0,0.0,0,1.0,0.0,0.0,977,977
1571,1571,1571,0,0,15.0,0.0,0,7.0,0.0,0,17018.0,0.0,0,2.0,0.0,0,2.0,0.0,0.0,1571,1571
738,738,738,1,0,4.0,0.0,0,7.0,0.0,0,97002.0,0.0,0,2.0,0.0,0,2.0,0.0,0.0,738,738
191,191,191,1,0,18.0,0.0,0,4.0,0.0,1,1.0,0.0,0,1.0,0.0,0,1.0,0.0,0.0,191,191
919,919,919,1,0,4.0,0.0,0,10.0,0.0,0,71093.0,0.0,0,2.0,0.0,0,0.0,1.0,0.2,919,919
456,456,456,1,0,26.0,0.0,0,10.0,0.0,1,1.0,0.0,0,1.0,0.0,0,2.0,0.0,0.0,456,456
675,675,675,1,0,15.0,0.0,0,10.0,0.0,0,47106.0,0.0,0,2.0,0.0,0,2.0,0.0,0.0,675,675
760,760,760,1,0,20.0,0.0,0,8.0,0.0,0,47820.0,0.0,0,2.0,0.0,0,1.0,0.0,0.0,760,760
1807,1807,1807,0,0,4.0,0.0,0,5.0,0.0,0,49213.0,0.0,0,0.0,1.0,0,0.0,1.0,0.4,1807,1807
1602,1602,1602,0,0,18.0,0.0,0,6.0,0.0,1,1.0,0.0,0,1.0,0.0,0,0.0,1.0,0.2,1602,1602
728,728,728,1,0,13.0,0.0,0,6.0,0.0,1,1.0,0.0,0,0.0,1.0,0,1.0,0.0,0.2,728,728
412,412,412,1,0,14.0,0.0,0,11.0,0.0,0,85489.0,0.0,0,2.0,0.0,0,0.0,1.0,0.2,412,412
1098,1098,1098,0,0,20.0,0.0,0,7.0,0.0,0,85201.0,0.0,0,2.0,0.0,0,1.0,0.0,0.0,1098,1098
825,825,825,1,0,19.0,0.0,0,6.0,0.0,0,84222.0,0.0,0,1.0,0.0,0,1.0,0.0,0.0,825,825
1639,1639,1639,0,0,22.0,0.0,0,10.0,0.0,0,10602.0,0.0,0,1.0,0.0,0,0.0,1.0,0.2,1639,1639
616,616,616,1,0,4.0,0.0,0,10.0,0.0,1,1.0,0.0,0,2.0,0.0,0,1.0,0.0,0.0,616,616
114,114,114,1,0,4.0,0.0,0,13.0,0.0,0,81299.0,0.0,0,0.0,1.0,0,1.0,0.0,0.2,114,114
417,417,417,1,0,46.0,0.0,0,0.0,1.0,1,1.0,0.0,0,1.0,0.0,0,1.0,0.0,0.2,417,417
1910,1910,1910,0,0,23.0,0.0,0,9.0,0.0,1,1.0,0.0,0,1.0,0.0,0,1.0,0.0,0.0,1910,1910
969,969,969,1,0,20.0,0.0,0,5.0,0.0,1,1.0,0.0,0,1.0,0.0,0,2.0,0.0,0.0,969,969
604,604,604,1,0,7.0,0.0,0,3.0,0.0,0,46489.0,0.0,0,0.0,1.0,0,1.0,0.0,0.2,604,604
1918,1918,1918,0,0,26.0,0.0,0,10.0,0.0,1,1.0,0.0,0,2.0,0.0,0,2.0,0.0,0.0,1918,1918
89,89,89,1,0,12.0,0.0,0,4.0,0.0,1,1.0,0.0,0,1.0,0.0,0,2.0,0.0,0.0,89,89
848,848,848,1,0,13.0,0.0,0,11.0,0.0,1,1.0,0.0,0,1.0,0.0,0,1.0,0.0,0.0,848,848
1519,1519,1519,0,1,1.0,0.0,1,1.0,0.0,1,1.0,0.0,1,1.0,0.0,1,1.0,0.0,0.0,1519,1519
1917,1917,1917,0,0,11.0,0.0,0,8.0,0.0,1,1.0,0.0,0,1.0,0.0,0,1.0,0.0,0.0,1917,1917
753,753,753,1,0,16.0,0.0,0,10.0,0.0,0,64185.0,0.0,0,0.0,1.0,0,1.0,0.0,0.2,753,753
498,498,498,1,0,8.0,0.0,0,10.0,0.0,1,1.0,0.0,0,1.0,0.0,0,1.0,0.0,0.0,498,498
1276,1276,1276,0,0,23.0,0.0,0,10.0,0.0,1,1.0,0.0,0,0.0,1.0,0,1.0,0.0,0.2,1276,1276
1325,1325,1325,0,0,14.0,0.0,0,3.0,0.0,0,49212.0,0.0,0,0.0,1.0,0,1.0,0.0,0.2,1325,1325
11,11,11,1,0,18.0,0.0,0,6.0,0.0,0,49219.0,0.0,0,1.0,0.0,0,0.0,1.0,0.2,11,11
396,396,396,1,0,13.0,0.0,0,14.0,0.0,1,1.0,0.0,0,1.0,0.0,0,1.0,0.0,0.0,396,396
284,284,284,1,0,23.0,0.0,0,9.0,0.0,1,1.0,0.0,0,2.0,0.0,0,1.0,0.0,0.0,284,284
1066,1066,1066,0,0,22.0,0.0,0,7.0,0.0,1,1.0,0.0,0,2.0,0.0,0,1.0,0.0,0.0,1066,1066
1191,1191,1191,0,0,24.0,0.0,0,9.0,0.0,0,47109.0,0.0,0,0.0,1.0,0,1.0,0.0,0.2,1191,1191
1744,1744,1744,0,0,25.0,0.0,0,3.0,0.0,1,1.0,0.0,0,1.0,0.0,0,2.0,0.0,0.0,1744,1744
690,690,690,1,0,37.0,0.0,0,8.0,0.0,1,1.0,0.0,0,2.0,0.0,0,0.0,1.0,0.2,690,690
1752,1752,1752,0,0,4.0,0.0,0,8.0,0.0,0,47812.0,0.0,0,0.0,1.0,0,0.0,1.0,0.4,1752,1752
1875,1875,1875,0,0,28.0,0.0,0,4.0,0.0,1,1.0,0.0,0,0.0,1.0,0,1.0,0.0,0.2,1875,1875
689,689,689,1,0,41.0,0.0,0,0.0,1.0,1,1.0,0.0,0,0.0,1.0,0,1.0,0.0,0.4,689,689
851,851,851,1,0,1.0,0.0,0,12.0,0.0,1,1.0,0.0,0,1.0,0.0,0,2.0,0.0,0.0,851,851
159,159,159,1,0,16.0,0.0,0,9.0,0.0,0,49218.0,0.0,0,2.0,0.0,0,1.0,0.0,0.0,159,159
895,895,895,1,0,48.0,0.0,0,2.0,0.0,1,1.0,0.0,0,1.0,0.0,0,1.0,0.0,0.0,895,895
1575,1575,1575,0,0,36.0,0.0,0,7.0,0.0,1,1.0,0.0,0,0.0,1.0,0,0.0,1.0,0.4,1575,1575
257,257,257,1,0,7.0,0.0,0,6.0,0.0,0,14097.0,0.0,0,2.0,0.0,0,1.0,0.0,0.0,257,257
335,335,335,1,0,27.0,0.0,0,7.0,0.0,1,1.0,0.0,0,3.0,0.0,0,1.0,0.0,0.0,335,335
1879,1879,1879,0,0,8.0,0.0,0,6.0,0.0,0,47111.0,0.0,0,0.0,1.0,0,1.0,0.0,0.2,1879,1879
1039,1039,1039,0,0,42.0,0.0,0,6.0,0.0,1,1.0,0.0,0,1.0,0.0,0,2.0,0.0,0.0,1039,1039
515,515,515,1,0,20.0,0.0,0,3.0,0.0,0,47208.0,0.0,0,0.0,1.0,0,0.0,1.0,0.4,515,515
1348,1348,1348,0,0,46.0,0.0,0,6.0,0.0,1,1.0,0.0,0,0.0,1.0,0,0.0,1.0,0.4,1348,1348
1015,1015,1015,0,0,22.0,0.0,0,10.0,0.0,1,1.0,0.0,0,2.0,0.0,0,1.0,0.0,0.0,1015,1015
768,768,768,1,0,53.0,0.0,0,1.0,0.0,1,1.0,0.0,0,1.0,0.0,0,2.0,0.0,0.0,768,768
1746,1746,1746,0,0,9.0,0.0,0,4.0,0.0,1,1.0,0.0,0,1.0,0.0,0,1.0,0.0,0.0,1746,1746
761,761,761,1,0,9.0,0.0,0,4.0,0.0,0,47715.0,0.0,0,1.0,0.0,0,1.0,0.0,0.0,761,761
1246,1246,1246,0,0,31.0,0.0,0,6.0,0.0,1,1.0,0.0,0,2.0,0.0,0,1.0,0.0,0.0,1246,1246
1203,1203,1203,0,1,1.0,0.0,1,1.0,0.0,1,1.0,0.0,1,1.0,0.0,1,1.0,0.0,0.0,1203,1203
1467,1467,1467,0,0,27.0,0.0,0,2.0,0.0,1,1.0,0.0,0,1.0,0.0,0,1.0,0.0,0.0,1467,1467
1983,1983,1983,0,0,4.0,0.0,0,10.0,0.0,0,11000.0,0.0,0,1.0,0.0,0,1.0,0.0,0.0,1983,1983
521,521,521,1,0,35.0,0.0,1,1.0,0.0,1,1.0,0.0,0,1.0,0.0,0,1.0,0.0,0.0,521,521
22,22,22,1,0,22.0,0.0,0,4.0,0.0,1,1.0,0.0,0,0.0,1.0,0,0.0,1.0,0.4,22,22
356,356,356,1,0,12.0,0.0,0,9.0,0.0,0,56099.0,0.0,0,0.0,1.0,0,2.0,0.0,0.2,356,356
1277,1277,1277,0,0,17.0,0.0,0,3.0,0.0,1,1.0,0.0,0,0.0,1.0,0,1.0,0.0,0.2,1277,1277
1312,1312,1312,0,0,3.0,0.0,0,7.0,0.0,0,16285.0,0.0,0,1.0,0.0,0,0.0,1.0,0.2,1312,1312
1682,1682,1682,0,0,39.0,0.0,0,6.0,0.0,0,47626.0,0.0,0,1.0,0.0,0,0.0,1.0,0.2,1682,1682
340,340,340,1,0,7.0,0.0,0,8.0,0.0,1,1.0,0.0,0,1.0,0.0,0,2.0,0.0,0.0,340,340
431,431,431,1,0,28.0,0.0,0,5.0,0.0,1,1.0,0.0,0,0.0,1.0,0,1.0,0.0,0.2,431,431
473,473,473,1,0,2.0,0.0,0,11.0,0.0,0,62001.0,0.0,0,0.0,1.0,0,1.0,0.0,0.2,473,473
217,217,217,1,0,48.0,0.0,1,1.0,0.0,1,1.0,0.0,0,1.0,0.0,0,1.0,0.0,0.0,217,217
911,911,911,1,0,52.0,0.0,0,5.0,0.0,1,1.0,0.0,0,0.0,1.0,0,2.0,0.0,0.2,911,911
1227,1227,1227,0,0,6.0,0.0,0,11.0,0.0,1,1.0,0.0,0,2.0,0.0,0,0.0,1.0,0.2,1227,1227
1596,1596,1596,0,0,19.0,0.0,0,8.0,0.0,0,14292.0,0.0,0,4.0,0.0,0,2.0,0.0,0.0,1596,1596
1011,1011,1011,0,0,12.0,0.0,0,10.0,0.0,0,95108.0,0.0,0,1.0,0.0,0,1.0,0.0,0.0,1011,1011
1949,1949,1949,0,0,1.0,0.0,0,6.0,0.0,1,1.0,0.0,0,2.0,0.0,0,1.0,0.0,0.0,1949,1949
93,93,93,1,0,8.0,0.0,0,9.0,0.0,0,14099.0,0.0,0,1.0,0.0,0,2.0,0.0,0.0,93,93
1008,1008,1008,0,0,4.0,0.0,0,10.0,0.0,0,49204.0,0.0,0,1.0,0.0,0,1.0,0.0,0.0,1008,1008
1070,1070,1070,0,0,29.0,0.0,0,3.0,0.0,0,33142.0,0.0,0,2.0,0.0,0,0.0,1.0,0.2,1070,1070
1092,1092,1092,0,0,12.0,0.0,0,6.0,0.0,1,1.0,0.0,0,0.0,1.0,0,1.0,0.0,0.2,1092,1092
1914,1914,1914,0,0,12.0,0.0,0,6.0,0.0,1,1.0,0.0,0,1.0,0.0,0,2.0,0.0,0.0,1914,1914
1308,1308,1308,0,0,18.0,0.0,0,9.0,0.0,0,84226.0,0.0,0,2.0,0.0,0,1.0,0.0,0.0,1308,1308
696,696,696,1,0,10.0,0.0,0,0.0,1.0,1,1.0,0.0,0,1.0,0.0,0,2.0,0.0,0.2,696,696
1827,1827,1827,0,0,1.0,0.0,0,8.0,0.0,0,41000.0,0.0,0,2.0,0.0,0,0.0,1.0,0.2,1827,1827
996,996,996,1,0,8.0,0.0,0,6.0,0.0,0,13913.0,0.0,0,2.0,0.0,0,1.0,0.0,0.0,996,996
153,153,153,1,1,1.0,0.0,1,1.0,0.0,1,1.0,0.0,1,1.0,0.0,1,1.0,0.0,0.0,153,153
1099,1099,1099,0,0,24.0,0.0,0,10.0,0.0,1,1.0,0.0,0,0.0,1.0,0,1.0,0.0,0.2,1099,1099
1718,1718,1718,0,0,31.0,0.0,0,8.0,0.0,1,1.0,0.0,0,1.0,0.0,0,1.0,0.0,0.0,1718,1718
1997,1997,1997,0,1,1.0,0.0,1,1.0,0.0,1,1.0,0.0,1,1.0,0.0,1,1.0,0.0,0.0,1997,1997
789,789,789,1,1,1.0,0.0,1,1.0,0.0,1,1.0,0.0,1,1.0,0.0,1,1.0,0.0,0.0,789,789
580,580,580,1,0,12.0,0.0,0,5.0,0.0,1,1.0,0.0,0,0.0,1.0,0,1.0,0.0,0.2,580,580
703,703,703,1,0,22.0,0.0,0,8.0,0.0,1,1.0,0.0,0,0.0,1.0,0,2.0,0.0,0.2,703,703
1212,1212,1212,0,0,28.0,0.0,0,6.0,0.0,1,1.0,0.0,0,2.0,0.0,0,2.0,0.0,0.0,1212,1212
1295,1295,1295,0,0,25.0,0.0,0,9.0,0.0,1,1.0,0.0,0,1.0,0.0,0,2.0,0.0,0.0,1295,1295
1665,1665,1665,0,0,44.0,0.0,0,9.0,0.0,1,1.0,0.0,0,0.0,1.0,0,1.0,0.0,0.2,1665,1665
1260,1260,1260,0,0,18.0,0.0,0,5.0,0.0,1,1.0,0.0,0,2.0,0.0,0,2.0,0.0,0.0,1260,1260
487,487,487,1,0,2.0,0.0,0,8.0,0.0,0,52288.0,0.0,0,2.0,0.0,0,0.0,1.0,0.2,487,487
559,559,559,1,0,32.0,0.0,0,9.0,0.0,1,1.0,0.0,0,1.0,0.0,0,2.0,0.0,0.0,559,559
1141,1141,1141,0,0,33.0,0.0,0,7.0,0.0,1,1.0,0.0,0,3.0,0.0,0,2.0,0.0,0.0,1141,1141
1119,1119,1119,0,0,26.0,0.0,0,8.0,0.0,1,1.0,0.0,0,2.0,0.0,0,1.0,0.0,0.0,1119,1119
801,801,801,1,0,3.0,0.0,0,7.0,0.0,1,1.0,0.0,0,1.0,0.0,0,1.0,0.0,0.0,801,801
512,512,512,1,0,6.0,0.0,0,9.0,0.0,0,69192.0,0.0,0,0.0,1.0,0,1.0,0.0,0.2,512,512
633,633,633,1,0,31.0,0.0,0,9.0,0.0,1,1.0,0.0,0,1.0,0.0,0,2.0,0.0,0.0,633,633
1921,1921,1921,0,0,33.0,0.0,0,16.0,0.0,0,97003.0,0.0,0,1.0,0.0,0,2.0,0.0,0.0,1921,1921
1787,1787,1787,0,0,5.0,0.0,0,11.0,0.0,1,1.0,0.0,0,1.0,0.0,0,1.0,0.0,0.0,1787,1787
1545,1545,1545,0,0,50.0,0.0,0,3.0,0.0,1,1.0,0.0,0,1.0,0.0,0,0.0,1.0,0.2,1545,1545
1150,1150,1150,0,0,36.0,0.0,0,7.0,0.0,0,14094.0,0.0,0,2.0,0.0,0,0.0,1.0,0.2,1150,1150
790,790,790,1,0,5.0,0.0,0,4.0,0.0,1,1.0,0.0,0,0.0,1.0,0,1.0,0.0,0.2,790,790
116,116,116,1,0,66.0,0.0,1,1.0,0.0,1,1.0,0.0,0,1.0,0.0,0,0.0,1.0,0.2,116,116
740,740,740,1,0,37.0,0.0,0,8.0,0.0,1,1.0,0.0,0,1.0,0.0,0,1.0,0.0,0.0,740,740
1690,1690,1690,0,0,10.0,0.0,0,12.0,0.0,0,62019.0,0.0,0,2.0,0.0,0,0.0,1.0,0.2,1690,1690
1081,1081,1081,0,0,2.0,0.0,0,10.0,0.0,0,47107.0,0.0,0,2.0,0.0,0,2.0,0.0,0.0,1081,1081
830,830,830,1,0,0.0,1.0,0,9.0,0.0,1,1.0,0.0,0,1.0,0.0,0,1.0,0.0,0.2,830,830
119,119,119,1,0,1.0,0.0,0,3.0,0.0,0,41000.0,0.0,0,2.0,0.0,0,0.0,1.0,0.2,119,119
656,656,656,1,0,29.0,0.0,0,7.0,0.0,1,1.0,0.0,0,2.0,0.0,0,1.0,0.0,0.0,656,656
1907,1907,1907,0,0,40.0,0.0,0,9.0,0.0,0,20213.0,0.0,0,2.0,0.0,0,0.0,1.0,0.2,1907,1907
635,635,635,1,0,20.0,0.0,0,9.0,0.0,0,10500.0,0.0,0,2.0,0.0,0,2.0,0.0,0.0,635,635
369,369,369,1,0,5.0,0.0,0,7.0,0.0,0,14092.0,0.0,0,1.0,0.0,0,1.0,0.0,0.0,369,369
268,268,268,1,0,19.0,0.0,0,4.0,0.0,1,1.0,0.0,0,0.0,1.0,0,1.0,0.0,0.2,268,268
655,655,655,1,0,43.0,0.0,0,5.0,0.0,0,85484.0,0.0,0,0.0,1.0,0,1.0,0.0,0.2,655,655
935,935,935,1,0,10.0,0.0,0,11.0,0.0,0,85098.0,0.0,0,1.0,0.0,0,2.0,0.0,0.0,935,935
822,822,822,1,0,43.0,0.0,0,3.0,0.0,1,1.0,0.0,0,0.0,1.0,0,1.0,0.0,0.2,822,822
866,866,866,1,0,14.0,0.0,0,8.0,0.0,0,49212.0,0.0,0,0.0,1.0,0,1.0,0.0,0.2,866,866
46,46,46,1,0,66.0,0.0,1,1.0,0.0,1,1.0,0.0,0,0.0,1.0,0,2.0,0.0,0.2,46,46
1373,1373,1373,0,0,8.0,0.0,0,15.0,0.0,0,64901.0,0.0,0,0.0,1.0,0,0.0,1.0,0.4,1373,1373
1708,1708,1708,0,0,4.0,0.0,0,5.0,0.0,0,47594.0,0.0,0,1.0,0.0,0,1.0,0.0,0.0,1708,1708
991,991,991,1,0,9.0,0.0,0,1.0,0.0,0,1263.0,0.0,0,2.0,0.0,0,2.0,0.0,0.0,991,991
876,876,876,1,0,49.0,0.0,0,12.0,0.0,1,1.0,0.0,0,1.0,0.0,0,1.0,0.0,0.0,876,876
773,773,773,1,0,13.0,0.0,0,5.0,0.0,1,1.0,0.0,0,1.0,0.0,0,1.0,0.0,0.0,773,773
1219,1219,1219,0,0,18.0,0.0,1,1.0,0.0,1,1.0,0.0,0,1.0,0.0,0,2.0,0.0,0.0,1219,1219
1999,1999,1999,0,1,1.0,0.0,1,1.0,0.0,1,1.0,0.0,1,1.0,0.0,1,1.0,0.0,0.0,1999,1999
4,4,4,1,0,11.0,0.0,0,0.0,1.0,0,47104.0,0.0,0,1.0,0.0,0,1.0,0.0,0.2,4,4
1003,1003,1003,0,0,27.0,0.0,0,2.0,0.0,1,1.0,0.0,0,1.0,0.0,0,1.0,0.0,0.0,1003,1003
1723,1723,1723,0,0,11.0,0.0,0,7.0,0.0,1,1.0,0.0,0,2.0,0.0,0,2.0,0.0,0.0,1723,1723
263,263,263,1,0,7.0,0.0,0,12.0,0.0,0,15196.0,0.0,0,2.0,0.0,0,0.0,1.0,0.2,263,263
1569,1569,1569,0,0,47.0,0.0,1,1.0,0.0,1,1.0,0.0,0,1.0,0.0,0,1.0,0.0,0.0,1569,1569
1830,1830,1830,0,0,17.0,0.0,0,4.0,0.0,1,1.0,0.0,0,1.0,0.0,0,1.0,0.0,0.0,1830,1830
443,443,443,1,0,16.0,0.0,0,5.0,0.0,1,1.0,0.0,0,4.0,0.0,0,2.0,0.0,0.0,443,443
1002,1002,1002,0,0,41.0,0.0,0,6.0,0.0,1,1.0,0.0,0,0.0,1.0,0,1.0,0.0,0.2,1002,1002
1077,1077,1077,0,0,40.0,0.0,0,7.0,0.0,0,23934.0,0.0,0,1.0,0.0,0,1.0,0.0,0.0,1077,1077
837,837,837,1,0,10.0,0.0,0,9.0,0.0,0,55096.0,0.0,0,1.0,0.0,0,0.0,1.0,0.2,837,837
1790,1790,1790,0,0,38.0,0.0,0,6.0,0.0,1,1.0,0.0,0,1.0,0.0,0,0.0,1.0,0.2,1790,1790
304,304,304,1,0,17.0,0.0,0,10.0,0.0,1,1.0,0.0,0,0.0,1.0,0,1.0,0.0,0.2,304,304
1365,1365,1365,0,0,7.0,0.0,0,8.0,0.0,0,40993.0,0.0,0,0.0,1.0,0,1.0,0.0,0.2,1365,1365
1557,1557,1557,0,1,1.0,0.0,1,1.0,0.0,1,1.0,0.0,1,1.0,0.0,1,1.0,0.0,0.0,1557,1557
313,313,313,1,0,11.0,0.0,0,4.0,0.0,0,56303.0,0.0,0,1.0,0.0,0,2.0,0.0,0.0,313,313
149,149,149,1,0,12.0,0.0,0,7.0,0.0,1,1.0,0.0,0,0.0,1.0,0,1.0,0.0,0.2,149,149
1148,1148,1148,0,0,38.0,0.0,0,1.0,0.0,1,1.0,0.0,0,1.0,0.0,0,1.0,0.0,0.0,1148,1148
1213,1213,1213,0,0,51.0,0.0,0,2.0,0.0,1,1.0,0.0,0,4.0,0.0,0,1.0,0.0,0.0,1213,1213
574,574,574,1,0,23.0,0.0,0,9.0,0.0,0,84125.0,0.0,0,2.0,0.0,0,2.0,0.0,0.0,574,574
50,50,50,1,0,37.0,0.0,0,2.0,0.0,1,1.0,0.0,0,2.0,0.0,0,2.0,0.0,0.0,50,50
1552,1552,1552,0,0,16.0,0.0,0,11.0,0.0,1,1.0,0.0,0,1.0,0.0,0,2.0,0.0,0.0,1552,1552
726,726,726,1,0,12.0,0.0,0,8.0,0.0,0,47608.0,0.0,0,0.0,1.0,0,0.0,1.0,0.4,726,726
833,833,833,1,0,12.0,0.0,0,9.0,0.0,0,18108.0,0.0,0,2.0,0.0,0,0.0,1.0,0.2,833,833
1377,1377,1377,0,0,21.0,0.0,0,12.0,0.0,0,10500.0,0.0,0,0.0,1.0,0,2.0,0.0,0.2,1377,1377
1115,1115,1115,0,0,33.0,0.0,1,1.0,0.0,1,1.0,0.0,0,0.0,1.0,0,1.0,0.0,0.2,1115,1115
1166,1166,1166,0,0,37.0,0.0,0,8.0,0.0,1,1.0,0.0,0,0.0,1.0,0,1.0,0.0,0.2,1166,1166
470,470,470,1,0,10.0,0.0,0,5.0,0.0,1,1.0,0.0,0,1.0,0.0,0,1.0,0.0,0.0,470,470
971,971,971,1,0,34.0,0.0,1,1.0,0.0,1,1.0,0.0,0,1.0,0.0,0,2.0,0.0,0.0,971,971
653,653,653,1,0,38.0,0.0,0,17.0,0.0,1,1.0,0.0,0,3.0,0.0,0,1.0,0.0,0.0,653,653
399,399,399,1,0,35.0,0.0,0,4.0,0.0,1,1.0,0.0,0,2.0,0.0,0,0.0,1.0,0.2,399,399
511,511,511,1,0,10.0,0.0,0,2.0,0.0,0,96996.0,0.0,0,0.0,1.0,0,2.0,0.0,0.2,511,511
320,320,320,1,0,21.0,0.0,0,9.0,0.0,0,82194.0,0.0,0,1.0,0.0,0,0.0,1.0,0.2,320,320
19,19,19,1,0,10.0,0.0,0,10.0,0.0,0,47402.0,0.0,0,1.0,0.0,0,1.0,0.0,0.0,19,19
684,684,684,1,0,0.0,1.0,0,6.0,0.0,0,14091.0,0.0,0,0.0,1.0,0,2.0,0.0,0.4,684,684
35,35,35,1,0,15.0,0.0,0,2.0,0.0,1,1.0,0.0,0,0.0,1.0,0,1.0,0.0,0.2,35,35
902,902,902,1,0,0.0,1.0,0,5.0,0.0,0,10702.0,0.0,0,0.0,1.0,0,1.0,0.0,0.4,902,902
1778,1778,1778,0,0,11.0,0.0,0,7.0,0.0,1,1.0,0.0,0,1.0,0.0,0,1.0,0.0,0.0,1778,1778
827,827,827,1,0,24.0,0.0,0,3.0,0.0,1,1.0,0.0,0,4.0,0.0,0,1.0,0.0,0.0,827,827
1853,1853,1853,0,0,67.0,0.0,1,1.0,0.0,1,1.0,0.0,0,1.0,0.0,0,1.0,0.0,0.0,1853,1853
407,407,407,1,0,18.0,0.0,0,13.0,0.0,0,51091.0,0.0,0,1.0,0.0,0,0.0,1.0,0.2,407,407
920,920,920,1,0,6.0,0.0,0,12.0,0.0,1,1.0,0.0,0,2.0,0.0,0,2.0,0.0,0.0,920,920
537,537,537,1,0,10.0,0.0,0,6.0,0.0,1,1.0,0.0,0,0.0,1.0,0,1.0,0.0,0.2,537,537
758,758,758,1,0,22.0,0.0,0,7.0,0.0,0,49213.0,0.0,0,0.0,1.0,0,0.0,1.0,0.4,758,758
1904,1904,1904,0,0,23.0,0.0,0,8.0,0.0,1,1.0,0.0,0,1.0,0.0,0,1.0,0.0,0.0,1904,1904
1062,1062,1062,0,0,42.0,0.0,0,6.0,0.0,1,1.0,0.0,0,2.0,0.0,0,1.0,0.0,0.0,1062,1062
1199,1199,1199,0,0,26.0,0.0,0,7.0,0.0,1,1.0,0.0,0,0.0,1.0,0,2.0,0.0,0.2,1199,1199
245,245,245,1,0,9.0,0.0,0,11.0,0.0,0,79104.0,0.0,0,0.0,1.0,0,0.0,1.0,0.4,245,245
1416,1416,1416,0,0,45.0,0.0,0,2.0,0.0,1,1.0,0.0,0,2.0,0.0,0,2.0,0.0,0.0,1416,1416
1127,1127,1127,0,0,13.0,0.0,0,5.0,0.0,1,1.0,0.0,0,1.0,0.0,0,1.0,0.0,0.0,1127,1127
784,784,784,1,0,7.0,0.0,0,9.0,0.0,0,55097.0,0.0,0,0.0,1.0,0,1.0,0.0,0.2,784,784
1742,1742,1742,0,0,3.0,0.0,0,7.0,0.0,0,52209.0,0.0,0,0.0,1.0,0,1.0,0.0,0.2,1742,1742
489,489,489,1,0,35.0,0.0,0,8.0,0.0,1,1.0,0.0,0,1.0,0.0,0,1.0,0.0,0.0,489,489
154,154,154,1,0,8.0,0.0,0,7.0,0.0,1,1.0,0.0,0,0.0,1.0,0,0.0,1.0,0.4,154,154
961,961,961,1,0,50.0,0.0,0,2.0,0.0,0,1129.0,0.0,0,2.0,0.0,0,1.0,0.0,0.0,961,961
853,853,853,1,0,60.0,0.0,0,1.0,0.0,1,1.0,0.0,0,1.0,0.0,0,0.0,1.0,0.2,853,853
1311,1311,1311,0,0,1.0,0.0,0,5.0,0.0,1,1.0,0.0,0,1.0,0.0,0,1.0,0.0,0.0,1311,1311
625,625,625,1,0,30.0,0.0,0,11.0,0.0,1,1.0,0.0,0,1.0,0.0,0,1.0,0.0,0.0,625,625
685,685,685,1,0,5.0,0.0,0,5.0,0.0,1,1.0,0.0,0,1.0,0.0,0,1.0,0.0,0.0,685,685
1561,1561,1561,0,0,28.0,0.0,0,5.0,0.0,1,1.0,0.0,0,1.0,0.0,0,2.0,0.0,0.0,1561,1561
569,569,569,1,0,31.0,0.0,0,10.0,0.0,1,1.0,0.0,0,1.0,0.0,0,1.0,0.0,0.0,569,569
1908,1908,1908,0,0,9.0,0.0,0,6.0,0.0,1,1.0,0.0,0,1.0,0.0,0,1.0,0.0,0.0,1908,1908
17,17,17,1,0,1.0,0.0,0,4.0,0.0,0,49211.0,0.0,0,1.0,0.0,0,1.0,0.0,0.0,17,17
127,127,127,1,0,18.0,0.0,0,6.0,0.0,0,25928.0,0.0,0,1.0,0.0,0,0.0,1.0,0.2,127,127
1346,1346,1346,0,0,6.0,0.0,0,5.0,0.0,0,14098.0,0.0,0,2.0,0.0,0,2.0,0.0,0.0,1346,1346
1279,1279,1279,0,0,33.0,0.0,0,11.0,0.0,1,1.0,0.0,0,0.0,1.0,0,0.0,1.0,0.4,1279,1279
1968,1968,1968,0,0,24.0,0.0,0,7.0,0.0,1,1.0,0.0,0,0.0,1.0,0,1.0,0.0,0.2,1968,1968
927,927,927,1,0,22.0,0.0,0,9.0,0.0,1,1.0,0.0,0,0.0,1.0,0,1.0,0.0,0.2,927,927
980,980,980,1,0,15.0,0.0,0,9.0,0.0,0,15112.0,0.0,0,2.0,0.0,0,1.0,0.0,0.0,980,980
1964,1964,1964,0,0,18.0,0.0,0,10.0,0.0,0,47109.0,0.0,0,1.0,0.0,0,0.0,1.0,0.2,1964,1964
190,190,190,1,0,5.0,0.0,0,12.0,0.0,0,84120.0,0.0,0,1.0,0.0,0,1.0,0.0,0.0,190,190
1139,1139,1139,0,0,13.0,0.0,0,9.0,0.0,0,10495.0,0.0,0,1.0,0.0,0,0.0,1.0,0.2,1139,1139
992,992,992,1,1,1.0,0.0,1,1.0,0.0,1,1.0,0.0,1,1.0,0.0,1,1.0,0.0,0.0,992,992
1955,1955,1955,0,1,1.0,0.0,1,1.0,0.0,1,1.0,0.0,1,1.0,0.0,1,1.0,0.0,0.0,1955,1955
1656,1656,1656,0,0,36.0,0.0,0,6.0,0.0,0,47710.0,0.0,0,2.0,0.0,0,0.0,1.0,0.2,1656,1656
606,606,606,1,0,5.0,0.0,0,6.0,0.0,0,85486.0,0.0,0,1.0,0.0,0,2.0,0.0,0.0,606,606
180,180,180,1,0,57.0,0.0,1,1.0,0.0,1,1.0,0.0,0,1.0,0.0,0,1.0,0.0,0.0,180,180
301,301,301,1,0,39.0,0.0,0,7.0,0.0,0,1263.0,0.0,0,0.0,1.0,0,0.0,1.0,0.4,301,301
496,496,496,1,0,33.0,0.0,0,11.0,0.0,0,69191.0,0.0,0,1.0,0.0,0,1.0,0.0,0.0,496,496
1720,1720,1720,0,0,29.0,0.0,0,11.0,0.0,0,47210.0,0.0,0,0.0,1.0,0,1.0,0.0,0.2,1720,1720
1709,1709,1709,0,0,26.0,0.0,0,8.0,0.0,0,85294.0,0.0,0,0.0,1.0,0,0.0,1.0,0.4,1709,1709
1887,1887,1887,0,0,22.0,0.0,0,7.0,0.0,1,1.0,0.0,0,2.0,0.0,0,1.0,0.0,0.0,1887,1887
1991,1991,1991,0,0,29.0,0.0,0,7.0,0.0,1,1.0,0.0,0,2.0,0.0,0,2.0,0.0,0.0,1991,1991
517,517,517,1,0,7.0,0.0,0,2.0,0.0,0,47809.0,0.0,0,2.0,0.0,0,1.0,0.0,0.0,517,517
1984,1984,1984,0,0,28.0,0.0,0,9.0,0.0,1,1.0,0.0,0,1.0,0.0,0,1.0,0.0,0.0,1984,1984
1069,1069,1069,0,0,7.0,0.0,0,5.0,0.0,0,22193.0,0.0,0,1.0,0.0,0,0.0,1.0,0.2,1069,1069
476,476,476,1,0,38.0,0.0,0,6.0,0.0,1,1.0,0.0,0,1.0,0.0,0,2.0,0.0,0.0,476,476
157,157,157,1,0,42.0,0.0,0,12.0,0.0,0,47103.0,0.0,0,1.0,0.0,0,2.0,0.0,0.0,157,157
1243,1243,1243,0,0,6.0,0.0,0,8.0,0.0,1,1.0,0.0,0,0.0,1.0,0,0.0,1.0,0.4,1243,1243
1195,1195,1195,0,0,22.0,0.0,0,12.0,0.0,0,84101.0,0.0,0,2.0,0.0,0,1.0,0.0,0.0,1195,1195
16,16,16,1,0,36.0,0.0,0,6.0,0.0,0,91999.0,0.0,0,5.0,0.0,0,1.0,0.0,0.0,16,16
1535,1535,1535,0,0,12.0,0.0,0,9.0,0.0,0,55095.0,0.0,0,2.0,0.0,0,1.0,0.0,0.0,1535,1535
1072,1072,1072,0,0,24.0,0.0,0,10.0,0.0,0,10710.0,0.0,0,2.0,0.0,0,1.0,0.0,0.0,1072,1072
1971,1971,1971,0,0,25.0,0.0,0,6.0,0.0,1,1.0,0.0,0,1.0,0.0,0,2.0,0.0,0.0,1971,1971
546,546,546,1,0,52.0,0.0,0,11.0,0.0,1,1.0,0.0,0,1.0,0.0,0,2.0,0.0,0.0,546,546
1539,1539,1539,0,0,22.0,0.0,0,3.0,0.0,0,40992.0,0.0,0,2.0,0.0,0,2.0,0.0,0.0,1539,1539
658,658,658,1,0,6.0,0.0,0,7.0,0.0,1,1.0,0.0,0,6.0,0.0,0,2.0,0.0,0.0,658,658
1625,1625,1625,0,0,2.0,0.0,0,2.0,0.0,0,97004.0,0.0,0,1.0,0.0,0,2.0,0.0,0.0,1625,1625
1019,1019,1019,0,0,23.0,0.0,0,8.0,0.0,1,1.0,0.0,0,2.0,0.0,0,1.0,0.0,0.0,1019,1019
1662,1662,1662,0,0,33.0,0.0,0,6.0,0.0,1,1.0,0.0,0,0.0,1.0,0,0.0,1.0,0.4,1662,1662
1504,1504,1504,0,0,42.0,0.0,0,0.0,1.0,1,1.0,0.0,0,1.0,0.0,0,0.0,1.0,0.4,1504,1504
959,959,959,1,0,7.0,0.0,0,9.0,0.0,0,10710.0,0.0,0,1.0,0.0,0,0.0,1.0,0.2,959,959
1881,1881,1881,0,0,3.0,0.0,0,5.0,0.0,0,49219.0,0.0,0,1.0,0.0,0,1.0,0.0,0.0,1881,1881
283,283,283,1,0,45.0,0.0,0,4.0,0.0,0,13987.0,0.0,0,1.0,0.0,0,2.0,0.0,0.0,283,283
797,797,797,1,0,38.0,0.0,1,1.0,0.0,1,1.0,0.0,0,1.0,0.0,0,1.0,0.0,0.0,797,797
1626,1626,1626,0,0,36.0,0.0,0,1.0,0.0,0,10621.0,0.0,0,2.0,0.0,0,0.0,1.0,0.2,1626,1626
225,225,225,1,0,19.0,0.0,0,8.0,0.0,1,1.0,0.0,0,1.0,0.0,0,0.0,1.0,0.2,225,225
26,26,26,1,0,1.0,0.0,0,8.0,0.0,1,1.0,0.0,0,3.0,0.0,0,2.0,0.0,0.0,26,26
1770,1770,1770,0,0,15.0,0.0,1,1.0,0.0,1,1.0,0.0,0,0.0,1.0,0,2.0,0.0,0.2,1770,1770
437,437,437,1,0,23.0,0.0,0,4.0,0.0,1,1.0,0.0,0,2.0,0.0,0,0.0,1.0,0.2,437,437
1948,1948,1948,0,0,3.0,0.0,0,9.0,0.0,1,1.0,0.0,0,1.0,0.0,0,0.0,1.0,0.2,1948,1948
1388,1388,1388,0,0,6.0,0.0,0,5.0,0.0,0,35996.0,0.0,0,1.0,0.0,0,0.0,1.0,0.2,1388,1388
229,229,229,1,0,1.0,0.0,0,8.0,0.0,0,10707.0,0.0,0,2.0,0.0,0,1.0,0.0,0.0,229,229
37,37,37,1,0,10.0,0.0,0,9.0,0.0,0,47592.0,0.0,0,1.0,0.0,0,1.0,0.0,0.0,37,37
749,749,749,1,0,6.0,0.0,0,10.0,0.0,1,1.0,0.0,0,1.0,0.0,0,1.0,0.0,0.0,749,749
1045,1045,1045,0,0,24.0,0.0,0,10.0,0.0,0,49219.0,0.0,0,4.0,0.0,0,2.0,0.0,0.0,1045,1045
1398,1398,1398,0,0,36.0,0.0,0,6.0,0.0,1,1.0,0.0,0,4.0,0.0,0,0.0,1.0,0.2,1398,1398
469,469,469,1,0,37.0,0.0,0,8.0,0.0,1,1.0,0.0,0,1.0,0.0,0,0.0,1.0,0.2,469,469
1692,1692,1692,0,0,18.0,0.0,0,14.0,0.0,0,10788.0,0.0,0,2.0,0.0,0,0.0,1.0,0.2,1692,1692
1967,1967,1967,0,1,1.0,0.0,1,1.0,0.0,1,1.0,0.0,1,1.0,0.0,1,1.0,0.0,0.0,1967,1967
687,687,687,1,0,5.0,0.0,0,3.0,0.0,0,99994.0,0.0,0,2.0,0.0,0,2.0,0.0,0.0,687,687
1843,1843,1843,0,0,18.0,0.0,0,6.0,0.0,1,1.0,0.0,0,0.0,1.0,0,0.0,1.0,0.4,1843,1843
639,639,639,1,0,12.0,0.0,0,4.0,0.0,1,1.0,0.0,0,0.0,1.0,0,1.0,0.0,0.2,639,639
1712,1712,1712,0,0,14.0,0.0,0,8.0,0.0,1,1.0,0.0,0,0.0,1.0,0,2.0,0.0,0.2,1712,1712
1218,1218,1218,0,0,14.0,0.0,0,9.0,0.0,1,1.0,0.0,0,2.0,0.0,0,2.0,0.0,0.0,1218,1218
1158,1158,1158,0,0,37.0,0.0,0,4.0,0.0,1,1.0,0.0,0,0.0,1.0,0,0.0,1.0,0.4,1158,1158
1415,1415,1415,0,0,15.0,0.0,0,8.0,0.0,0,85201.0,0.0,0,1.0,0.0,0,2.0,0.0,0.0,1415,1415
1527,1527,1527,0,0,8.0,0.0,0,11.0,0.0,0,49224.0,0.0,0,0.0,1.0,0,1.0,0.0,0.2,1527,1527
1655,1655,1655,0,0,7.0,0.0,0,9.0,0.0,1,1.0,0.0,0,1.0,0.0,0,1.0,0.0,0.0,1655,1655
1300,1300,1300,0,0,18.0,0.0,0,1.0,0.0,1,1.0,0.0,0,0.0,1.0,0,1.0,0.0,0.2,1300,1300
1822,1822,1822,0,0,15.0,0.0,0,11.0,0.0,0,84121.0,0.0,0,1.0,0.0,0,2.0,0.0,0.0,1822,1822
800,800,800,1,0,40.0,0.0,0,9.0,0.0,1,1.0,0.0,0,2.0,0.0,0,0.0,1.0,0.2,800,800
1603,1603,1603,0,0,41.0,0.0,0,9.0,0.0,0,45194.0,0.0,0,1.0,0.0,0,0.0,1.0,0.2,1603,1603
160,160,160,1,0,6.0,0.0,0,5.0,0.0,1,1.0,0.0,0,2.0,0.0,0,1.0,0.0,0.0,160,160
956,956,956,1,0,10.0,0.0,0,7.0,0.0,0,47214.0,0.0,0,1.0,0.0,0,2.0,0.0,0.0,956,956
1186,1186,1186,0,0,21.0,0.0,0,10.0,0.0,0,49218.0,0.0,0,2.0,0.0,0,0.0,1.0,0.2,1186,1186
821,821,821,1,0,19.0,0.0,0,9.0,0.0,1,1.0,0.0,0,1.0,0.0,0,2.0,0.0,0.0,821,821
1681,1681,1681,0,0,9.0,0.0,0,9.0,0.0,1,1.0,0.0,0,1.0,0.0,0,1.0,0.0,0.0,1681,1681
877,877,877,1,0,4.0,0.0,0,12.0,0.0,1,1.0,0.0,0,2.0,0.0,0,2.0,0.0,0.0,877,877
913,913,913,1,0,20.0,0.0,0,12.0,0.0,0,86099.0,0.0,0,0.0,1.0,0,1.0,0.0,0.2,913,913
152,152,152,1,0,19.0,0.0,0,10.0,0.0,0,13985.0,0.0,0,0.0,1.0,0,0.0,1.0,0.4,152,152
1870,1870,1870,0,0,45.0,0.0,0,8.0,0.0,1,1.0,0.0,0,0.0,1.0,0,0.0,1.0,0.4,1870,1870
1776,1776,1776,0,0,7.0,0.0,0,6.0,0.0,0,46690.0,0.0,0,2.0,0.0,0,0.0,1.0,0.2,1776,1776
509,509,509,1,0,7.0,0.0,0,1.0,0.0,1,1.0,0.0,0,2.0,0.0,0,1.0,0.0,0.0,509,509
1135,1135,1135,0,0,12.0,0.0,0,8.0,0.0,1,1.0,0.0,0,1.0,0.0,0,1.0,0.0,0.0,1135,1135
1250,1250,1250,0,0,5.0,0.0,0,11.0,0.0,1,1.0,0.0,0,0.0,1.0,0,0.0,1.0,0.4,1250,1250
1683,1683,1683,0,0,39.0,0.0,1,1.0,0.0,1,1.0,0.0,0,1.0,0.0,0,2.0,0.0,0.0,1683,1683
103,103,103,1,0,12.0,0.0,0,1.0,0.0,1,1.0,0.0,0,2.0,0.0,0,1.0,0.0,0.0,103,103
1445,1445,1445,0,0,9.0,0.0,0,6.0,0.0,1,1.0,0.0,0,0.0,1.0,0,1.0,0.0,0.2,1445,1445
1443,1443,1443,0,0,29.0,0.0,0,14.0,0.0,1,1.0,0.0,0,4.0,0.0,0,2.0,0.0,0.0,1443,1443
586,586,586,1,0,10.0,0.0,0,12.0,0.0,0,79102.0,0.0,0,1.0,0.0,0,1.0,0.0,0.0,586,586
1768,1768,1768,0,0,15.0,0.0,0,10.0,0.0,0,84104.0,0.0,0,0.0,1.0,0,2.0,0.0,0.2,1768,1768
1143,1143,1143,0,0,24.0,0.0,0,5.0,0.0,1,1.0,0.0,0,0.0,1.0,0,2.0,0.0,0.2,1143,1143
53,53,53,1,0,43.0,0.0,0,9.0,0.0,1,1.0,0.0,0,1.0,0.0,0,2.0,0.0,0.0,53,53
151,151,151,1,0,1.0,0.0,0,11.0,0.0,0,84223.0,0.0,0,1.0,0.0,0,2.0,0.0,0.0,151,151
403,403,403,1,0,8.0,0.0,0,9.0,0.0,1,1.0,0.0,0,2.0,0.0,0,0.0,1.0,0.2,403,403
1942,1942,1942,0,0,7.0,0.0,0,10.0,0.0,0,46492.0,0.0,0,1.0,0.0,0,1.0,0.0,0.0,1942,1942
207,207,207,1,0,10.0,0.0,0,9.0,0.0,1,1.0,0.0,0,2.0,0.0,0,2.0,0.0,0.0,207,207
1894,1894,1894,0,0,26.0,0.0,0,0.0,1.0,1,1.0,0.0,0,0.0,1.0,0,1.0,0.0,0.4,1894,1894
1122,1122,1122,0,0,41.0,0.0,0,4.0,0.0,1,1.0,0.0,0,1.0,0.0,0,2.0,0.0,0.0,1122,1122
1890,1890,1890,0,1,1.0,0.0,1,1.0,0.0,1,1.0,0.0,1,1.0,0.0,1,1.0,0.0,0.0,1890,1890
8,8,8,1,0,43.0,0.0,1,1.0,0.0,1,1.0,0.0,0,0.0,1.0,0,2.0,0.0,0.2,8,8
1014,1014,1014,0,0,2.0,0.0,0,8.0,0.0,0,15119.0,0.0,0,1.0,0.0,0,1.0,0.0,0.0,1014,1014
1906,1906,1906,0,0,29.0,0.0,0,3.0,0.0,1,1.0,0.0,0,0.0,1.0,0,0.0,1.0,0.4,1906,1906
1060,1060,1060,0,0,45.0,0.0,0,6.0,0.0,1,1.0,0.0,0,2.0,0.0,0,0.0,1.0,0.2,1060,1060
452,452,452,1,0,16.0,0.0,0,11.0,0.0,0,84116.0,0.0,0,0.0,1.0,0,0.0,1.0,0.4,452,452
253,253,253,1,0,19.0,0.0,0,14.0,0.0,1,1.0,0.0,0,2.0,0.0,0,1.0,0.0,0.0,253,253
1327,1327,1327,0,0,2.0,0.0,0,13.0,0.0,1,1.0,0.0,0,1.0,0.0,0,0.0,1.0,0.2,1327,1327
896,896,896,1,0,21.0,0.0,0,12.0,0.0,1,1.0,0.0,0,1.0,0.0,0,1.0,0.0,0.0,896,896
1733,1733,1733,0,0,7.0,0.0,0,8.0,0.0,0,47810.0,0.0,0,2.0,0.0,0,1.0,0.0,0.0,1733,1733
880,880,880,1,0,31.0,0.0,0,13.0,0.0,0,84111.0,0.0,0,2.0,0.0,0,1.0,0.0,0.0,880,880
1595,1595,1595,0,0,13.0,0.0,0,4.0,0.0,1,1.0,0.0,0,0.0,1.0,0,1.0,0.0,0.2,1595,1595
1888,1888,1888,0,0,7.0,0.0,0,12.0,0.0,0,14094.0,0.0,0,0.0,1.0,0,2.0,0.0,0.2,1888,1888
623,623,623,1,0,8.0,0.0,0,12.0,0.0,0,10788.0,0.0,0,0.0,1.0,0,0.0,1.0,0.4,623,623
345,345,345,1,0,2.0,0.0,0,8.0,0.0,1,1.0,0.0,0,0.0,1.0,0,1.0,0.0,0.2,345,345
1702,1702,1702,0,0,56.0,0.0,0,4.0,0.0,1,1.0,0.0,0,1.0,0.0,0,0.0,1.0,0.2,1702,1702
262,262,262,1,0,6.0,0.0,0,7.0,0.0,1,1.0,0.0,0,1.0,0.0,0,1.0,0.0,0.0,262,262
1634,1634,1634,0,0,3.0,0.0,0,10.0,0.0,1,1.0,0.0,0,4.0,0.0,0,1.0,0.0,0.0,1634,1634
1321,1321,1321,0,0,16.0,0.0,0,5.0,0.0,1,1.0,0.0,0,1.0,0.0,0,0.0,1.0,0.2,1321,1321
1438,1438,1438,0,0,30.0,0.0,0,11.0,0.0,1,1.0,0.0,0,2.0,0.0,0,1.0,0.0,0.0,1438,1438
150,150,150,1,0,19.0,0.0,0,9.0,0.0,1,1.0,0.0,0,0.0,1.0,0,1.0,0.0,0.2,150,150
472,472,472,1,0,20.0,0.0,0,11.0,0.0,1,1.0,0.0,0,0.0,1.0,0,1.0,0.0,0.2,472,472
640,640,640,1,0,38.0,0.0,0,1.0,0.0,1,1.0,0.0,0,1.0,0.0,0,1.0,0.0,0.0,640,640
1982,1982,1982,0,0,4.0,0.0,0,11.0,0.0,0,64187.0,0.0,0,1.0,0.0,0,1.0,0.0,0.0,1982,1982
1882,1882,1882,0,0,28.0,0.0,0,10.0,0.0,0,27496.0,0.0,0,0.0,1.0,0,1.0,0.0,0.2,1882,1882
550,550,550,1,0,33.0,0.0,0,3.0,0.0,1,1.0,0.0,0,0.0,1.0,0,2.0,0.0,0.2,550,550
1779,1779,1779,0,0,25.0,0.0,0,14.0,0.0,0,64180.0,0.0,0,1.0,0.0,0,1.0,0.0,0.0,1779,1779
928,928,928,1,0,6.0,0.0,0,6.0,0.0,1,1.0,0.0,0,2.0,0.0,0,1.0,0.0,0.0,928,928
488,488,488,1,0,21.0,0.0,0,10.0,0.0,1,1.0,0.0,0,1.0,0.0,0,2.0,0.0,0.0,488,488
1811,1811,1811,0,0,21.0,0.0,0,5.0,0.0,0,96996.0,0.0,0,3.0,0.0,0,1.0,0.0,0.0,1811,1811
1171,1171,1171,0,0,19.0,0.0,0,12.0,0.0,0,40994.0,0.0,0,0.0,1.0,0,1.0,0.0,0.2,1171,1171
146,146,146,1,0,13.0,0.0,0,2.0,0.0,0,14098.0,0.0,0,0.0,1.0,0,1.0,0.0,0.2,146,146
1704,1704,1704,0,0,13.0,0.0,0,9.0,0.0,0,17085.0,0.0,0,0.0,1.0,0,1.0,0.0,0.2,1704,1704
1928,1928,1928,0,0,35.0,0.0,0,9.0,0.0,1,1.0,0.0,0,1.0,0.0,0,0.0,1.0,0.2,1928,1928
402,402,402,1,0,16.0,0.0,0,9.0,0.0,1,1.0,0.0,0,0.0,1.0,0,1.0,0.0,0.2,402,402
954,954,954,1,0,28.0,0.0,0,4.0,0.0,1,1.0,0.0,0,1.0,0.0,0,1.0,0.0,0.0,954,954
1877,1877,1877,0,0,0.0,1.0,0,15.0,0.0,1,1.0,0.0,0,0.0,1.0,0,1.0,0.0,0.4,1877,1877
659,659,659,1,0,49.0,0.0,0,6.0,0.0,1,1.0,0.0,0,1.0,0.0,0,1.0,0.0,0.0,659,659
1372,1372,1372,0,0,37.0,0.0,0,2.0,0.0,1,1.0,0.0,0,2.0,0.0,0,2.0,0.0,0.0,1372,1372
463,463,463,1,0,2.0,0.0,0,8.0,0.0,0,85484.0,0.0,0,2.0,0.0,0,1.0,0.0,0.0,463,463
1349,1349,1349,0,0,20.0,0.0,0,10.0,0.0,0,15113.0,0.0,0,1.0,0.0,0,1.0,0.0,0.0,1349,1349
186,186,186,1,0,39.0,0.0,0,10.0,0.0,1,1.0,0.0,0,2.0,0.0,0,1.0,0.0,0.0,186,186
1147,1147,1147,0,0,27.0,0.0,0,12.0,0.0,1,1.0,0.0,0,0.0,1.0,0,1.0,0.0,0.2,1147,1147
1224,1224,1224,0,0,53.0,0.0,0,14.0,0.0,1,1.0,0.0,0,0.0,1.0,0,1.0,0.0,0.2,1224,1224
608,608,608,1,0,23.0,0.0,0,7.0,0.0,1,1.0,0.0,0,1.0,0.0,0,2.0,0.0,0.0,608,608
143,143,143,1,0,15.0,0.0,0,9.0,0.0,1,1.0,0.0,0,0.0,1.0,0,2.0,0.0,0.2,143,143
751,751,751,1,0,12.0,0.0,0,8.0,0.0,0,46295.0,0.0,0,0.0,1.0,0,1.0,0.0,0.2,751,751
1534,1534,1534,0,0,48.0,0.0,0,8.0,0.0,1,1.0,0.0,0,1.0,0.0,0,0.0,1.0,0.2,1534,1534
981,981,981,1,0,12.0,0.0,0,1.0,0.0,1,1.0,0.0,0,4.0,0.0,0,1.0,0.0,0.0,981,981
197,197,197,1,0,23.0,0.0,0,6.0,0.0,1,1.0,0.0,0,1.0,0.0,0,1.0,0.0,0.0,197,197
1633,1633,1633,0,0,24.0,0.0,0,10.0,0.0,1,1.0,0.0,0,2.0,0.0,0,2.0,0.0,0.0,1633,1633
883,883,883,1,0,31.0,0.0,0,12.0,0.0,1,1.0,0.0,0,0.0,1.0,0,1.0,0.0,0.2,883,883
279,279,279,1,0,5.0,0.0,0,10.0,0.0,1,1.0,0.0,0,0.0,1.0,0,1.0,0.0,0.2,279,279
293,293,293,1,0,57.0,0.0,0,8.0,0.0,1,1.0,0.0,0,0.0,1.0,0,0.0,1.0,0.4,293,293
1823,1823,1823,0,0,39.0,0.0,0,7.0,0.0,1,1.0,0.0,0,1.0,0.0,0,1.0,0.0,0.0,1823,1823
400,400,400,1,0,27.0,0.0,0,3.0,0.0,1,1.0,0.0,0,0.0,1.0,0,1.0,0.0,0.2,400,400
122,122,122,1,0,48.0,0.0,1,1.0,0.0,1,1.0,0.0,0,1.0,0.0,0,2.0,0.0,0.0,122,122
1207,1207,1207,0,0,27.0,0.0,0,9.0,0.0,1,1.0,0.0,0,4.0,0.0,0,2.0,0.0,0.0,1207,1207
202,202,202,1,0,0.0,1.0,0,7.0,0.0,1,1.0,0.0,0,1.0,0.0,0,1.0,0.0,0.2,202,202
1462,1462,1462,0,0,9.0,0.0,0,6.0,0.0,0,28242.0,0.0,0,2.0,0.0,0,2.0,0.0,0.0,1462,1462
835,835,835,1,0,20.0,0.0,0,0.0,1.0,1,1.0,0.0,0,1.0,0.0,0,1.0,0.0,0.2,835,835
246,246,246,1,0,1.0,0.0,0,3.0,0.0,1,1.0,0.0,0,1.0,0.0,0,1.0,0.0,0.0,246,246
1439,1439,1439,0,0,4.0,0.0,0,9.0,0.0,0,19193.0,0.0,0,1.0,0.0,0,1.0,0.0,0.0,1439,1439
1753,1753,1753,0,0,17.0,0.0,0,7.0,0.0,0,47715.0,0.0,0,1.0,0.0,0,2.0,0.0,0.0,1753,1753
1901,1901,1901,0,0,25.0,0.0,0,4.0,0.0,1,1.0,0.0,0,1.0,0.0,0,0.0,1.0,0.2,1901,1901
1707,1707,1707,0,0,8.0,0.0,0,3.0,0.0,0,14102.0,0.0,0,0.0,1.0,0,2.0,0.0,0.2,1707,1707
1880,1880,1880,0,0,12.0,0.0,0,8.0,0.0,1,1.0,0.0,0,1.0,0.0,0,1.0,0.0,0.0,1880,1880
1153,1153,1153,0,1,1.0,0.0,1,1.0,0.0,1,1.0,0.0,1,1.0,0.0,1,1.0,0.0,0.0,1153,1153
1661,1661,1661,0,0,12.0,0.0,0,5.0,0.0,1,1.0,0.0,0,1.0,0.0,0,1.0,0.0,0.0,1661,1661
1426,1426,1426,0,0,58.0,0.0,0,0.0,1.0,1,1.0,0.0,0,1.0,0.0,0,1.0,0.0,0.2,1426,1426
384,384,384,1,1,1.0,0.0,1,1.0,0.0,1,1.0,0.0,1,1.0,0.0,1,1.0,0.0,0.0,384,384
1758,1758,1758,0,0,30.0,0.0,0,6.0,0.0,0,96997.0,0.0,0,0.0,1.0,0,0.0,1.0,0.4,1758,1758
854,854,854,1,0,31.0,0.0,0,5.0,0.0,0,96087.0,0.0,0,0.0,1.0,0,1.0,0.0,0.2,854,854
1589,1589,1589,0,0,24.0,0.0,0,7.0,0.0,1,1.0,0.0,0,0.0,1.0,0,1.0,0.0,0.2,1589,1589
219,219,219,1,0,43.0,0.0,0,7.0,0.0,1,1.0,0.0,0,2.0,0.0,0,2.0,0.0,0.0,219,219
641,641,641,1,0,63.0,0.0,1,1.0,0.0,1,1.0,0.0,0,1.0,0.0,0,1.0,0.0,0.0,641,641
1,1,1,1,0,10.0,0.0,0,4.0,0.0,0,79899.0,0.0,0,0.0,1.0,0,0.0,1.0,0.4,1,1
112,112,112,1,0,37.0,0.0,0,7.0,0.0,1,1.0,0.0,0,0.0,1.0,0,1.0,0.0,0.2,112,112
698,698,698,1,0,0.0,1.0,0,7.0,0.0,0,23927.0,0.0,0,1.0,0.0,0,1.0,0.0,0.2,698,698
1915,1915,1915,0,0,15.0,0.0,0,2.0,0.0,0,79899.0,0.0,0,0.0,1.0,0,0.0,1.0,0.4,1915,1915
951,951,951,1,0,17.0,0.0,0,10.0,0.0,0,10600.0,0.0,0,2.0,0.0,0,1.0,0.0,0.0,951,951
1648,1648,1648,0,0,32.0,0.0,0,6.0,0.0,1,1.0,0.0,0,0.0,1.0,0,0.0,1.0,0.4,1648,1648
1636,1636,1636,0,1,1.0,0.0,1,1.0,0.0,1,1.0,0.0,1,1.0,0.0,1,1.0,0.0,0.0,1636,1636
1885,1885,1885,0,0,55.0,0.0,0,2.0,0.0,1,1.0,0.0,0,0.0,1.0,0,0.0,1.0,0.4,1885,1885
1410,1410,1410,0,0,14.0,0.0,0,4.0,0.0,0,46304.0,0.0,0,2.0,0.0,0,1.0,0.0,0.0,1410,1410
1409,1409,1409,0,0,32.0,0.0,0,5.0,0.0,1,1.0,0.0,0,1.0,0.0,0,2.0,0.0,0.0,1409,1409
1533,1533,1533,0,0,19.0,0.0,0,12.0,0.0,1,1.0,0.0,0,2.0,0.0,0,1.0,0.0,0.0,1533,1533
1291,1291,1291,0,0,51.0,0.0,0,1.0,0.0,1,1.0,0.0,0,1.0,0.0,0,0.0,1.0,0.2,1291,1291
1808,1808,1808,0,0,42.0,0.0,0,16.0,0.0,1,1.0,0.0,0,2.0,0.0,0,1.0,0.0,0.0,1808,1808
441,441,441,1,0,6.0,0.0,0,6.0,0.0,0,96994.0,0.0,0,1.0,0.0,0,1.0,0.0,0.0,441,441
1520,1520,1520,0,0,2.0,0.0,0,10.0,0.0,0,56096.0,0.0,0,1.0,0.0,0,2.0,0.0,0.0,1520,1520
1136,1136,1136,0,0,33.0,0.0,0,10.0,0.0,1,1.0,0.0,0,1.0,0.0,0,2.0,0.0,0.0,1136,1136
1715,1715,1715,0,0,18.0,0.0,0,10.0,0.0,1,1.0,0.0,0,1.0,0.0,0,2.0,0.0,0.0,1715,1715
1256,1256,1256,0,0,23.0,0.0,0,9.0,0.0,1,1.0,0.0,0,1.0,0.0,0,2.0,0.0,0.0,1256,1256
1863,1863,1863,0,0,8.0,0.0,0,9.0,0.0,1,1.0,0.0,0,2.0,0.0,0,1.0,0.0,0.0,1863,1863
1631,1631,1631,0,0,4.0,0.0,0,9.0,0.0,1,1.0,0.0,0,2.0,0.0,0,1.0,0.0,0.0,1631,1631
1695,1695,1695,0,0,1.0,0.0,0,9.0,0.0,1,1.0,0.0,0,2.0,0.0,0,1.0,0.0,0.0,1695,1695
1397,1397,1397,0,0,48.0,0.0,1,1.0,0.0,1,1.0,0.0,0,1.0,0.0,0,1.0,0.0,0.0,1397,1397
663,663,663,1,0,42.0,0.0,0,11.0,0.0,1,1.0,0.0,0,1.0,0.0,0,1.0,0.0,0.0,663,663
1835,1835,1835,0,0,19.0,0.0,0,1.0,0.0,1,1.0,0.0,0,1.0,0.0,0,2.0,0.0,0.0,1835,1835
1257,1257,1257,0,0,23.0,0.0,0,1.0,0.0,1,1.0,0.0,0,1.0,0.0,0,0.0,1.0,0.2,1257,1257
1773,1773,1773,0,0,48.0,0.0,0,1.0,0.0,1,1.0,0.0,0,0.0,1.0,0,2.0,0.0,0.2,1773,1773
1700,1700,1700,0,0,0.0,1.0,0,9.0,0.0,1,1.0,0.0,0,1.0,0.0,0,1.0,0.0,0.2,1700,1700
317,317,317,1,0,36.0,0.0,0,6.0,0.0,1,1.0,0.0,0,0.0,1.0,0,1.0,0.0,0.2,317,317
648,648,648,1,0,33.0,0.0,0,5.0,0.0,1,1.0,0.0,0,0.0,1.0,0,1.0,0.0,0.2,648,648
1434,1434,1434,0,0,6.0,0.0,0,7.0,0.0,0,84129.0,0.0,0,0.0,1.0,0,1.0,0.0,0.2,1434,1434
1479,1479,1479,0,0,31.0,0.0,0,12.0,0.0,0,49224.0,0.0,0,0.0,1.0,0,2.0,0.0,0.2,1479,1479
709,709,709,1,0,1.0,0.0,0,5.0,0.0,0,46690.0,0.0,0,1.0,0.0,0,0.0,1.0,0.2,709,709
1382,1382,1382,0,0,19.0,0.0,0,7.0,0.0,0,81299.0,0.0,0,0.0,1.0,0,0.0,1.0,0.4,1382,1382
1282,1282,1282,0,0,7.0,0.0,0,7.0,0.0,1,1.0,0.0,0,1.0,0.0,0,2.0,0.0,0.0,1282,1282
972,972,972,1,0,29.0,0.0,0,8.0,0.0,0,86892.0,0.0,0,0.0,1.0,0,0.0,1.0,0.4,972,972
627,627,627,1,0,9.0,0.0,0,14.0,0.0,0,96998.0,0.0,0,2.0,0.0,0,1.0,0.0,0.0,627,627
632,632,632,1,0,3.0,0.0,0,6.0,0.0,1,1.0,0.0,0,2.0,0.0,0,1.0,0.0,0.0,632,632
1306,1306,1306,0,0,10.0,0.0,0,3.0,0.0,0,97005.0,0.0,0,0.0,1.0,0,1.0,0.0,0.2,1306,1306
1400,1400,1400,0,0,19.0,0.0,0,11.0,0.0,0,64185.0,0.0,0,1.0,0.0,0,1.0,0.0,0.0,1400,1400
1408,1408,1408,0,0,0.0,1.0,0,9.0,0.0,0,84124.0,0.0,0,1.0,0.0,0,1.0,0.0,0.2,1408,1408
1248,1248,1248,0,0,17.0,0.0,1,1.0,0.0,1,1.0,0.0,0,1.0,0.0,0,1.0,0.0,0.0,1248,1248
1952,1952,1952,0,0,0.0,1.0,0,5.0,0.0,1,1.0,0.0,0,2.0,0.0,0,0.0,1.0,0.4,1952,1952
1254,1254,1254,0,0,54.0,0.0,0,1.0,0.0,1,1.0,0.0,0,1.0,0.0,0,1.0,0.0,0.0,1254,1254
1496,1496,1496,0,0,17.0,0.0,0,8.0,0.0,0,40991.0,0.0,0,1.0,0.0,0,1.0,0.0,0.0,1496,1496
1371,1371,1371,0,0,15.0,0.0,0,3.0,0.0,1,1.0,0.0,0,1.0,0.0,0,0.0,1.0,0.2,1371,1371
1529,1529,1529,0,0,15.0,0.0,0,11.0,0.0,0,14095.0,0.0,0,2.0,0.0,0,1.0,0.0,0.0,1529,1529
1663,1663,1663,0,0,27.0,0.0,0,13.0,0.0,0,84116.0,0.0,0,2.0,0.0,0,1.0,0.0,0.0,1663,1663
1354,1354,1354,0,0,28.0,0.0,0,8.0,0.0,1,1.0,0.0,0,1.0,0.0,0,1.0,0.0,0.0,1354,1354
1925,1925,1925,0,0,0.0,1.0,0,13.0,0.0,1,1.0,0.0,0,2.0,0.0,0,0.0,1.0,0.4,1925,1925
1900,1900,1900,0,0,27.0,0.0,0,10.0,0.0,1,1.0,0.0,0,1.0,0.0,0,0.0,1.0,0.2,1900,1900
1643,1643,1643,0,0,28.0,0.0,1,1.0,0.0,1,1.0,0.0,0,1.0,0.0,0,2.0,0.0,0.0,1643,1643
1848,1848,1848,0,0,21.0,0.0,0,6.0,0.0,1,1.0,0.0,0,1.0,0.0,0,0.0,1.0,0.2,1848,1848
795,795,795,1,0,33.0,0.0,0,12.0,0.0,1,1.0,0.0,0,2.0,0.0,0,2.0,0.0,0.0,795,795
645,645,645,1,0,24.0,0.0,0,8.0,0.0,1,1.0,0.0,0,2.0,0.0,0,1.0,0.0,0.0,645,645
1012,1012,1012,0,0,45.0,0.0,0,5.0,0.0,1,1.0,0.0,0,1.0,0.0,0,0.0,1.0,0.2,1012,1012
1839,1839,1839,0,0,7.0,0.0,0,7.0,0.0,0,97002.0,0.0,0,2.0,0.0,0,1.0,0.0,0.0,1839,1839
556,556,556,1,0,7.0,0.0,0,5.0,0.0,0,17010.0,0.0,0,0.0,1.0,0,1.0,0.0,0.2,556,556
681,681,681,1,0,45.0,0.0,0,5.0,0.0,1,1.0,0.0,0,0.0,1.0,0,1.0,0.0,0.2,681,681
577,577,577,1,0,10.0,0.0,0,6.0,0.0,0,64180.0,0.0,0,1.0,0.0,0,2.0,0.0,0.0,577,577
1109,1109,1109,0,0,45.0,0.0,0,2.0,0.0,1,1.0,0.0,0,1.0,0.0,0,1.0,0.0,0.0,1109,1109
1266,1266,1266,0,0,49.0,0.0,0,11.0,0.0,1,1.0,0.0,0,1.0,0.0,0,2.0,0.0,0.0,1266,1266
1722,1722,1722,0,0,23.0,0.0,0,3.0,0.0,1,1.0,0.0,0,0.0,1.0,0,2.0,0.0,0.2,1722,1722
1183,1183,1183,0,0,4.0,0.0,0,9.0,0.0,0,18101.0,0.0,0,6.0,0.0,0,1.0,0.0,0.0,1183,1183
524,524,524,1,0,12.0,0.0,0,15.0,0.0,1,1.0,0.0,0,2.0,0.0,0,1.0,0.0,0.0,524,524
1059,1059,1059,0,0,11.0,0.0,0,4.0,0.0,0,45196.0,0.0,0,2.0,0.0,0,0.0,1.0,0.2,1059,1059
540,540,540,1,1,1.0,0.0,1,1.0,0.0,1,1.0,0.0,1,1.0,0.0,1,1.0,0.0,0.0,540,540
1194,1194,1194,0,0,19.0,0.0,0,7.0,0.0,0,46511.0,0.0,0,0.0,1.0,0,1.0,0.0,0.2,1194,1194
1678,1678,1678,0,0,31.0,0.0,0,5.0,0.0,1,1.0,0.0,0,3.0,0.0,0,2.0,0.0,0.0,1678,1678
748,748,748,1,0,13.0,0.0,0,14.0,0.0,0,85481.0,0.0,0,2.0,0.0,0,0.0,1.0,0.2,748,748
1851,1851,1851,0,0,16.0,0.0,0,10.0,0.0,1,1.0,0.0,0,2.0,0.0,0,2.0,0.0,0.0,1851,1851
1430,1430,1430,0,0,17.0,0.0,0,12.0,0.0,0,47710.0,0.0,0,0.0,1.0,0,0.0,1.0,0.4,1430,1430
484,484,484,1,0,21.0,0.0,0,6.0,0.0,1,1.0,0.0,0,2.0,0.0,0,2.0,0.0,0.0,484,484
1757,1757,1757,0,0,6.0,0.0,0,8.0,0.0,1,1.0,0.0,0,1.0,0.0,0,1.0,0.0,0.0,1757,1757
95,95,95,1,0,28.0,0.0,1,1.0,0.0,1,1.0,0.0,0,1.0,0.0,0,0.0,1.0,0.2,95,95
1020,1020,1020,0,0,52.0,0.0,0,4.0,0.0,1,1.0,0.0,0,1.0,0.0,0,0.0,1.0,0.2,1020,1020
563,563,563,1,0,23.0,0.0,0,6.0,0.0,1,1.0,0.0,0,1.0,0.0,0,1.0,0.0,0.0,563,563
1264,1264,1264,0,0,16.0,0.0,0,4.0,0.0,1,1.0,0.0,0,1.0,0.0,0,2.0,0.0,0.0,1264,1264
742,742,742,1,0,42.0,0.0,0,4.0,0.0,1,1.0,0.0,0,0.0,1.0,0,2.0,0.0,0.2,742,742
863,863,863,1,0,9.0,0.0,0,7.0,0.0,0,35991.0,0.0,0,2.0,0.0,0,0.0,1.0,0.2,863,863
1598,1598,1598,0,0,21.0,0.0,0,8.0,0.0,1,1.0,0.0,0,1.0,0.0,0,1.0,0.0,0.0,1598,1598
1714,1714,1714,0,0,7.0,0.0,0,5.0,0.0,0,1407.0,0.0,0,2.0,0.0,0,1.0,0.0,0.0,1714,1714
1484,1484,1484,0,0,18.0,0.0,0,4.0,0.0,1,1.0,0.0,0,2.0,0.0,0,1.0,0.0,0.0,1484,1484
891,891,891,1,0,6.0,0.0,0,9.0,0.0,1,1.0,0.0,0,1.0,0.0,0,1.0,0.0,0.0,891,891
1577,1577,1577,0,0,45.0,0.0,0,6.0,0.0,1,1.0,0.0,0,0.0,1.0,0,1.0,0.0,0.2,1577,1577
1038,1038,1038,0,0,16.0,0.0,0,5.0,0.0,1,1.0,0.0,0,1.0,0.0,0,1.0,0.0,0.0,1038,1038
206,206,206,1,0,6.0,0.0,0,10.0,0.0,0,40993.0,0.0,0,0.0,1.0,0,0.0,1.0,0.4,206,206
392,392,392,1,0,48.0,0.0,0,8.0,0.0,1,1.0,0.0,0,0.0,1.0,0,2.0,0.0,0.2,392,392
794,794,794,1,0,21.0,0.0,1,1.0,0.0,1,1.0,0.0,0,1.0,0.0,0,0.0,1.0,0.2,794,794
870,870,870,1,0,6.0,0.0,0,11.0,0.0,0,47111.0,0.0,0,1.0,0.0,0,1.0,0.0,0.0,870,870
397,397,397,1,0,37.0,0.0,0,6.0,0.0,1,1.0,0.0,0,1.0,0.0,0,0.0,1.0,0.2,397,397
766,766,766,1,0,28.0,0.0,0,7.0,0.0,1,1.0,0.0,0,1.0,0.0,0,2.0,0.0,0.0,766,766
1841,1841,1841,0,0,7.0,0.0,0,4.0,0.0,0,47813.0,0.0,0,1.0,0.0,0,0.0,1.0,0.2,1841,1841
1241,1241,1241,0,0,9.0,0.0,0,8.0,0.0,1,1.0,0.0,0,2.0,0.0,0,1.0,0.0,0.0,1241,1241
1028,1028,1028,0,0,17.0,0.0,0,3.0,0.0,0,10710.0,0.0,0,0.0,1.0,0,1.0,0.0,0.2,1028,1028
1792,1792,1792,0,0,33.0,0.0,0,2.0,0.0,1,1.0,0.0,0,1.0,0.0,0,1.0,0.0,0.0,1792,1792
642,642,642,1,0,25.0,0.0,0,9.0,0.0,1,1.0,0.0,0,3.0,0.0,0,2.0,0.0,0.0,642,642
1891,1891,1891,0,0,45.0,0.0,1,1.0,0.0,1,1.0,0.0,0,0.0,1.0,0,1.0,0.0,0.2,1891,1891
612,612,612,1,0,17.0,0.0,0,1.0,0.0,1,1.0,0.0,0,1.0,0.0,0,0.0,1.0,0.2,612,612
1762,1762,1762,0,0,54.0,0.0,0,1.0,0.0,1,1.0,0.0,0,1.0,0.0,0,0.0,1.0,0.2,1762,1762
960,960,960,1,0,16.0,0.0,0,11.0,0.0,0,47209.0,0.0,0,0.0,1.0,0,1.0,0.0,0.2,960,960
1570,1570,1570,0,0,16.0,0.0,0,7.0,0.0,1,1.0,0.0,0,2.0,0.0,0,1.0,0.0,0.0,1570,1570
725,725,725,1,0,6.0,0.0,0,2.0,0.0,0,47816.0,0.0,0,1.0,0.0,0,1.0,0.0,0.0,725,725
683,683,683,1,0,4.0,0.0,0,6.0,0.0,0,10495.0,0.0,0,2.0,0.0,0,1.0,0.0,0.0,683,683
98,98,98,1,0,37.0,0.0,0,7.0,0.0,1,1.0,0.0,0,2.0,0.0,0,0.0,1.0,0.2,98,98
804,804,804,1,0,17.0,0.0,0,5.0,0.0,1,1.0,0.0,0,2.0,0.0,0,1.0,0.0,0.0,804,804
1751,1751,1751,0,0,5.0,0.0,0,5.0,0.0,1,1.0,0.0,0,0.0,1.0,0,2.0,0.0,0.2,1751,1751
1597,1597,1597,0,0,34.0,0.0,0,3.0,0.0,1,1.0,0.0,0,1.0,0.0,0,0.0,1.0,0.2,1597,1597
406,406,406,1,0,17.0,0.0,0,2.0,0.0,0,97000.0,0.0,0,1.0,0.0,0,2.0,0.0,0.0,406,406
502,502,502,1,0,27.0,0.0,0,5.0,0.0,1,1.0,0.0,0,0.0,1.0,0,0.0,1.0,0.4,502,502
1071,1071,1071,0,0,35.0,0.0,0,7.0,0.0,1,1.0,0.0,0,2.0,0.0,0,1.0,0.0,0.0,1071,1071
1056,1056,1056,0,0,49.0,0.0,0,11.0,0.0,1,1.0,0.0,0,1.0,0.0,0,1.0,0.0,0.0,1056,1056
929,929,929,1,0,8.0,0.0,0,2.0,0.0,0,46623.0,0.0,0,1.0,0.0,0,0.0,1.0,0.2,929,929
779,779,779,1,0,19.0,0.0,0,10.0,0.0,1,1.0,0.0,0,0.0,1.0,0,2.0,0.0,0.2,779,779
200,200,200,1,0,65.0,0.0,1,1.0,0.0,1,1.0,0.0,0,0.0,1.0,0,1.0,0.0,0.2,200,200
134,134,134,1,0,17.0,0.0,0,4.0,0.0,1,1.0,0.0,0,0.0,1.0,0,1.0,0.0,0.2,134,134
1051,1051,1051,0,0,23.0,0.0,0,13.0,0.0,0,10788.0,0.0,0,1.0,0.0,0,1.0,0.0,0.0,1051,1051
40,40,40,1,0,28.0,0.0,0,10.0,0.0,1,1.0,0.0,0,0.0,1.0,0,0.0,1.0,0.4,40,40
1017,1017,1017,0,0,28.0,0.0,0,13.0,0.0,1,1.0,0.0,0,1.0,0.0,0,2.0,0.0,0.0,1017,1017
230,230,230,1,0,2.0,0.0,0,8.0,0.0,1,1.0,0.0,0,1.0,0.0,0,2.0,0.0,0.0,230,230
1513,1513,1513,0,0,53.0,0.0,0,3.0,0.0,1,1.0,0.0,0,0.0,1.0,0,1.0,0.0,0.2,1513,1513
1796,1796,1796,0,0,16.0,0.0,0,5.0,0.0,0,64903.0,0.0,0,2.0,0.0,0,0.0,1.0,0.2,1796,1796
378,378,378,1,0,31.0,0.0,0,6.0,0.0,1,1.0,0.0,0,1.0,0.0,0,0.0,1.0,0.2,378,378
288,288,288,1,0,17.0,0.0,0,10.0,0.0,0,82190.0,0.0,0,2.0,0.0,0,1.0,0.0,0.0,288,288
418,418,418,1,0,54.0,0.0,0,5.0,0.0,1,1.0,0.0,0,1.0,0.0,0,2.0,0.0,0.0,418,418
1698,1698,1698,0,0,2.0,0.0,0,12.0,0.0,1,1.0,0.0,0,0.0,1.0,0,2.0,0.0,0.2,1698,1698
391,391,391,1,0,3.0,0.0,0,11.0,0.0,1,1.0,0.0,0,2.0,0.0,0,1.0,0.0,0.0,391,391
592,592,592,1,0,38.0,0.0,0,8.0,0.0,0,62016.0,0.0,0,1.0,0.0,0,2.0,0.0,0.0,592,592
1522,1522,1522,0,0,52.0,0.0,0,0.0,1.0,1,1.0,0.0,0,1.0,0.0,0,1.0,0.0,0.2,1522,1522
1162,1162,1162,0,0,0.0,1.0,0,12.0,0.0,0,10618.0,0.0,0,1.0,0.0,0,2.0,0.0,0.2,1162,1162
1086,1086,1086,0,0,31.0,0.0,0,5.0,0.0,1,1.0,0.0,0,1.0,0.0,0,2.0,0.0,0.0,1086,1086
1495,1495,1495,0,0,11.0,0.0,0,9.0,0.0,0,25923.0,0.0,0,2.0,0.0,0,0.0,1.0,0.2,1495,1495
647,647,647,1,0,11.0,0.0,0,7.0,0.0,1,1.0,0.0,0,0.0,1.0,0,0.0,1.0,0.4,647,647
1152,1152,1152,0,0,22.0,0.0,0,8.0,0.0,0,45194.0,0.0,0,0.0,1.0,0,0.0,1.0,0.4,1152,1152
1367,1367,1367,0,0,24.0,0.0,0,7.0,0.0,0,49219.0,0.0,0,1.0,0.0,0,1.0,0.0,0.0,1367,1367
520,520,520,1,0,4.0,0.0,0,10.0,0.0,0,18116.0,0.0,0,1.0,0.0,0,1.0,0.0,0.0,520,520
1862,1862,1862,0,0,48.0,0.0,0,4.0,0.0,1,1.0,0.0,0,1.0,0.0,0,1.0,0.0,0.0,1862,1862
64,64,64,1,0,14.0,0.0,0,8.0,0.0,0,85091.0,0.0,0,1.0,0.0,0,1.0,0.0,0.0,64,64
1836,1836,1836,0,0,55.0,0.0,0,12.0,0.0,1,1.0,0.0,0,4.0,0.0,0,2.0,0.0,0.0,1836,1836
14,14,14,1,0,24.0,0.0,0,8.0,0.0,1,1.0,0.0,0,0.0,1.0,0,1.0,0.0,0.2,14,14
1180,1180,1180,0,0,0.0,1.0,0,6.0,0.0,0,49218.0,0.0,0,0.0,1.0,0,1.0,0.0,0.4,1180,1180
1064,1064,1064,0,0,19.0,0.0,0,3.0,0.0,0,46482.0,0.0,0,1.0,0.0,0,0.0,1.0,0.2,1064,1064
492,492,492,1,0,45.0,0.0,0,9.0,0.0,0,49220.0,0.0,0,2.0,0.0,0,1.0,0.0,0.0,492,492
379,379,379,1,0,19.0,0.0,0,9.0,0.0,0,27495.0,0.0,0,1.0,0.0,0,0.0,1.0,0.2,379,379
187,187,187,1,0,11.0,0.0,0,12.0,0.0,0,64181.0,0.0,0,1.0,0.0,0,0.0,1.0,0.2,187,187
763,763,763,1,0,34.0,0.0,0,6.0,0.0,1,1.0,0.0,0,1.0,0.0,0,1.0,0.0,0.0,763,763
216,216,216,1,0,44.0,0.0,0,4.0,0.0,1,1.0,0.0,0,0.0,1.0,0,1.0,0.0,0.2,216,216
791,791,791,1,0,20.0,0.0,0,11.0,0.0,0,47594.0,0.0,0,0.0,1.0,0,2.0,0.0,0.2,791,791
1076,1076,1076,0,0,6.0,0.0,0,11.0,0.0,1,1.0,0.0,0,2.0,0.0,0,1.0,0.0,0.0,1076,1076
878,878,878,1,0,4.0,0.0,0,14.0,0.0,0,14096.0,0.0,0,1.0,0.0,0,1.0,0.0,0.0,878,878
337,337,337,1,0,7.0,0.0,0,11.0,0.0,0,85481.0,0.0,0,0.0,1.0,0,0.0,1.0,0.4,337,337
1772,1772,1772,0,0,55.0,0.0,0,3.0,0.0,1,1.0,0.0,0,1.0,0.0,0,1.0,0.0,0.0,1772,1772
719,719,719,1,0,45.0,0.0,1,1.0,0.0,1,1.0,0.0,0,1.0,0.0,0,2.0,0.0,0.0,719,719
1748,1748,1748,0,0,15.0,0.0,0,5.0,0.0,1,1.0,0.0,0,4.0,0.0,0,1.0,0.0,0.0,1748,1748
295,295,295,1,0,9.0,0.0,0,6.0,0.0,0,25112.0,0.0,0,0.0,1.0,0,2.0,0.0,0.2,295,295
1725,1725,1725,0,0,35.0,0.0,0,0.0,1.0,1,1.0,0.0,0,1.0,0.0,0,2.0,0.0,0.2,1725,1725
1016,1016,1016,0,0,19.0,0.0,0,12.0,0.0,1,1.0,0.0,0,1.0,0.0,0,1.0,0.0,0.0,1016,1016
1275,1275,1275,0,0,41.0,0.0,0,1.0,0.0,1,1.0,0.0,0,2.0,0.0,0,2.0,0.0,0.0,1275,1275
1750,1750,1750,0,0,10.0,0.0,0,10.0,0.0,0,26198.0,0.0,0,1.0,0.0,0,1.0,0.0,0.0,1750,1750
1485,1485,1485,0,0,7.0,0.0,0,5.0,0.0,1,1.0,0.0,0,2.0,0.0,0,1.0,0.0,0.0,1485,1485
455,455,455,1,0,18.0,0.0,0,11.0,0.0,0,1116.0,0.0,0,2.0,0.0,0,1.0,0.0,0.0,455,455
1996,1996,1996,0,0,2.0,0.0,0,6.0,0.0,0,49215.0,0.0,0,2.0,0.0,0,1.0,0.0,0.0,1996,1996
815,815,815,1,0,20.0,0.0,0,11.0,0.0,1,1.0,0.0,0,0.0,1.0,0,0.0,1.0,0.4,815,815
1886,1886,1886,0,0,2.0,0.0,0,12.0,0.0,0,47586.0,0.0,0,1.0,0.0,0,2.0,0.0,0.0,1886,1886
269,269,269,1,0,13.0,0.0,0,8.0,0.0,0,14092.0,0.0,0,2.0,0.0,0,2.0,0.0,0.0,269,269
995,995,995,1,0,14.0,0.0,0,6.0,0.0,0,55092.0,0.0,0,2.0,0.0,0,1.0,0.0,0.0,995,995
201,201,201,1,0,22.0,0.0,0,5.0,0.0,1,1.0,0.0,0,0.0,1.0,0,0.0,1.0,0.4,201,201
161,161,161,1,0,14.0,0.0,0,7.0,0.0,1,1.0,0.0,0,1.0,0.0,0,1.0,0.0,0.0,161,161
1579,1579,1579,0,0,19.0,0.0,0,11.0,0.0,1,1.0,0.0,0,1.0,0.0,0,1.0,0.0,0.0,1579,1579
729,729,729,1,0,8.0,0.0,0,4.0,0.0,1,1.0,0.0,0,0.0,1.0,0,0.0,1.0,0.4,729,729
401,401,401,1,0,41.0,0.0,0,8.0,0.0,0,20210.0,0.0,0,1.0,0.0,0,1.0,0.0,0.0,401,401
702,702,702,1,0,12.0,0.0,0,6.0,0.0,1,1.0,0.0,0,0.0,1.0,0,0.0,1.0,0.4,702,702
1500,1500,1500,0,0,43.0,0.0,0,6.0,0.0,1,1.0,0.0,0,2.0,0.0,0,0.0,1.0,0.2,1500,1500
1845,1845,1845,0,0,3.0,0.0,0,7.0,0.0,1,1.0,0.0,0,0.0,1.0,0,1.0,0.0,0.2,1845,1845
1795,1795,1795,0,0,17.0,0.0,0,10.0,0.0,0,55090.0,0.0,0,2.0,0.0,0,1.0,0.0,0.0,1795,1795
1129,1129,1129,0,0,57.0,0.0,0,7.0,0.0,1,1.0,0.0,0,1.0,0.0,0,0.0,1.0,0.2,1129,1129
565,565,565,1,0,43.0,0.0,0,4.0,0.0,1,1.0,0.0,0,4.0,0.0,0,1.0,0.0,0.0,565,565
1413,1413,1413,0,0,46.0,0.0,1,1.0,0.0,1,1.0,0.0,0,1.0,0.0,0,1.0,0.0,0.0,1413,1413
1021,1021,1021,0,0,1.0,0.0,0,10.0,0.0,0,84120.0,0.0,0,0.0,1.0,0,1.0,0.0,0.2,1021,1021
1025,1025,1025,0,0,41.0,0.0,0,4.0,0.0,1,1.0,0.0,0,1.0,0.0,0,0.0,1.0,0.2,1025,1025
1411,1411,1411,0,0,7.0,0.0,0,10.0,0.0,1,1.0,0.0,0,0.0,1.0,0,2.0,0.0,0.2,1411,1411
1895,1895,1895,0,0,55.0,0.0,1,1.0,0.0,1,1.0,0.0,0,1.0,0.0,0,0.0,1.0,0.2,1895,1895
1585,1585,1585,0,0,22.0,0.0,0,14.0,0.0,0,51090.0,0.0,0,2.0,0.0,0,1.0,0.0,0.0,1585,1585
1104,1104,1104,0,0,31.0,0.0,0,9.0,0.0,0,10494.0,0.0,0,2.0,0.0,0,2.0,0.0,0.0,1104,1104
205,205,205,1,0,36.0,0.0,0,2.0,0.0,1,1.0,0.0,0,4.0,0.0,0,1.0,0.0,0.0,205,205
34,34,34,1,0,35.0,0.0,0,14.0,0.0,0,96999.0,0.0,0,0.0,1.0,0,2.0,0.0,0.2,34,34
775,775,775,1,0,48.0,0.0,0,8.0,0.0,1,1.0,0.0,0,1.0,0.0,0,1.0,0.0,0.0,775,775
508,508,508,1,1,1.0,0.0,1,1.0,0.0,1,1.0,0.0,1,1.0,0.0,1,1.0,0.0,0.0,508,508
1451,1451,1451,0,0,31.0,0.0,0,5.0,0.0,0,20133.0,0.0,0,1.0,0.0,0,0.0,1.0,0.2,1451,1451
1478,1478,1478,0,0,21.0,0.0,0,6.0,0.0,0,43200.0,0.0,0,2.0,0.0,0,0.0,1.0,0.2,1478,1478
1970,1970,1970,0,0,19.0,0.0,0,7.0,0.0,0,10706.0,0.0,0,2.0,0.0,0,0.0,1.0,0.2,1970,1970
1390,1390,1390,0,0,48.0,0.0,0,7.0,0.0,1,1.0,0.0,0,0.0,1.0,0,1.0,0.0,0.2,1390,1390
91,91,91,1,0,16.0,0.0,0,7.0,0.0,1,1.0,0.0,0,2.0,0.0,0,2.0,0.0,0.0,91,91
1363,1363,1363,0,0,29.0,0.0,0,4.0,0.0,1,1.0,0.0,0,0.0,1.0,0,1.0,0.0,0.2,1363,1363
897,897,897,1,0,22.0,0.0,0,9.0,0.0,1,1.0,0.0,0,0.0,1.0,0,2.0,0.0,0.2,897,897
564,564,564,1,0,21.0,0.0,0,17.0,0.0,1,1.0,0.0,0,0.0,1.0,0,2.0,0.0,0.2,564,564
1369,1369,1369,0,0,9.0,0.0,0,8.0,0.0,1,1.0,0.0,0,1.0,0.0,0,0.0,1.0,0.2,1369,1369
776,776,776,1,0,47.0,0.0,0,6.0,0.0,1,1.0,0.0,0,1.0,0.0,0,1.0,0.0,0.0,776,776
241,241,241,1,0,9.0,0.0,0,4.0,0.0,1,1.0,0.0,0,1.0,0.0,0,1.0,0.0,0.0,241,241
13,13,13,1,0,35.0,0.0,0,6.0,0.0,0,33137.0,0.0,0,0.0,1.0,0,1.0,0.0,0.2,13,13
315,315,315,1,0,28.0,0.0,0,5.0,0.0,1,1.0,0.0,0,0.0,1.0,0,1.0,0.0,0.2,315,315
600,600,600,1,0,26.0,0.0,0,6.0,0.0,0,49224.0,0.0,0,2.0,0.0,0,0.0,1.0,0.2,600,600
387,387,387,1,0,16.0,0.0,0,9.0,0.0,0,45100.0,0.0,0,0.0,1.0,0,0.0,1.0,0.4,387,387
1297,1297,1297,0,0,4.0,0.0,0,7.0,0.0,1,1.0,0.0,0,1.0,0.0,0,2.0,0.0,0.0,1297,1297
166,166,166,1,0,35.0,0.0,0,2.0,0.0,1,1.0,0.0,0,0.0,1.0,0,1.0,0.0,0.2,166,166
840,840,840,1,0,23.0,0.0,1,1.0,0.0,1,1.0,0.0,0,0.0,1.0,0,1.0,0.0,0.2,840,840
20,20,20,1,0,39.0,0.0,0,5.0,0.0,1,1.0,0.0,0,2.0,0.0,0,1.0,0.0,0.0,20,20
646,646,646,1,0,38.0,0.0,0,11.0,0.0,0,46491.0,0.0,0,0.0,1.0,0,1.0,0.0,0.2,646,646
1842,1842,1842,0,0,8.0,0.0,0,7.0,0.0,0,10497.0,0.0,0,1.0,0.0,0,0.0,1.0,0.2,1842,1842
1508,1508,1508,0,1,1.0,0.0,1,1.0,0.0,1,1.0,0.0,1,1.0,0.0,1,1.0,0.0,0.0,1508,1508
1154,1154,1154,0,0,53.0,0.0,0,7.0,0.0,1,1.0,0.0,0,1.0,0.0,0,1.0,0.0,0.0,1154,1154
1528,1528,1528,0,1,1.0,0.0,1,1.0,0.0,1,1.0,0.0,1,1.0,0.0,1,1.0,0.0,0.0,1528,1528
831,831,831,1,0,21.0,0.0,0,11.0,0.0,1,1.0,0.0,0,1.0,0.0,0,0.0,1.0,0.2,831,831
1267,1267,1267,0,0,17.0,0.0,0,7.0,0.0,1,1.0,0.0,0,4.0,0.0,0,1.0,0.0,0.0,1267,1267
1590,1590,1590,0,0,6.0,0.0,0,11.0,0.0,0,79104.0,0.0,0,0.0,1.0,0,1.0,0.0,0.2,1590,1590
1899,1899,1899,0,0,22.0,0.0,0,8.0,0.0,0,13918.0,0.0,0,2.0,0.0,0,1.0,0.0,0.0,1899,1899
562,562,562,1,0,25.0,0.0,0,5.0,0.0,1,1.0,0.0,0,1.0,0.0,0,1.0,0.0,0.0,562,562
1951,1951,1951,0,0,14.0,0.0,0,7.0,0.0,1,1.0,0.0,0,1.0,0.0,0,1.0,0.0,0.0,1951,1951
686,686,686,1,0,32.0,0.0,0,4.0,0.0,1,1.0,0.0,0,2.0,0.0,0,1.0,0.0,0.0,686,686
957,957,957,1,0,35.0,0.0,0,9.0,0.0,0,10703.0,0.0,0,2.0,0.0,0,1.0,0.0,0.0,957,957
189,189,189,1,0,6.0,0.0,0,9.0,0.0,0,64184.0,0.0,0,0.0,1.0,0,1.0,0.0,0.2,189,189
1806,1806,1806,0,0,14.0,0.0,0,6.0,0.0,0,23930.0,0.0,0,2.0,0.0,0,0.0,1.0,0.2,1806,1806
975,975,975,1,0,6.0,0.0,0,8.0,0.0,0,14091.0,0.0,0,1.0,0.0,0,1.0,0.0,0.0,975,975
699,699,699,1,0,15.0,0.0,0,6.0,0.0,0,23927.0,0.0,0,2.0,0.0,0,2.0,0.0,0.0,699,699
1499,1499,1499,0,0,24.0,0.0,0,13.0,0.0,0,62009.0,0.0,0,0.0,1.0,0,1.0,0.0,0.2,1499,1499
1705,1705,1705,0,0,6.0,0.0,0,12.0,0.0,1,1.0,0.0,0,2.0,0.0,0,2.0,0.0,0.0,1705,1705
510,510,510,1,0,39.0,0.0,0,7.0,0.0,0,96998.0,0.0,0,1.0,0.0,0,1.0,0.0,0.0,510,510
1082,1082,1082,0,0,20.0,0.0,0,10.0,0.0,1,1.0,0.0,0,1.0,0.0,0,1.0,0.0,0.0,1082,1082
474,474,474,1,0,22.0,0.0,0,14.0,0.0,0,64186.0,0.0,0,2.0,0.0,0,1.0,0.0,0.0,474,474
1584,1584,1584,0,0,31.0,0.0,0,6.0,0.0,1,1.0,0.0,0,0.0,1.0,0,1.0,0.0,0.2,1584,1584
856,856,856,1,0,6.0,0.0,0,6.0,0.0,1,1.0,0.0,0,0.0,1.0,0,1.0,0.0,0.2,856,856
747,747,747,1,0,6.0,0.0,0,11.0,0.0,1,1.0,0.0,0,0.0,1.0,0,1.0,0.0,0.2,747,747
252,252,252,1,0,4.0,0.0,0,8.0,0.0,0,47111.0,0.0,0,2.0,0.0,0,1.0,0.0,0.0,252,252
21,21,21,1,0,10.0,0.0,0,8.0,0.0,0,45293.0,0.0,0,0.0,1.0,0,0.0,1.0,0.4,21,21
1337,1337,1337,0,0,9.0,0.0,0,6.0,0.0,0,96994.0,0.0,0,0.0,1.0,0,1.0,0.0,0.2,1337,1337
459,459,459,1,0,28.0,0.0,0,10.0,0.0,1,1.0,0.0,0,0.0,1.0,0,1.0,0.0,0.2,459,459
1184,1184,1184,0,0,7.0,0.0,0,10.0,0.0,0,84127.0,0.0,0,1.0,0.0,0,1.0,0.0,0.0,1184,1184
276,276,276,1,0,33.0,0.0,0,1.0,0.0,1,1.0,0.0,0,0.0,1.0,0,2.0,0.0,0.2,276,276
955,955,955,1,1,1.0,0.0,1,1.0,0.0,1,1.0,0.0,1,1.0,0.0,1,1.0,0.0,0.0,955,955
1215,1215,1215,0,0,35.0,0.0,0,13.0,0.0,0,85210.0,0.0,0,2.0,0.0,0,1.0,0.0,0.0,1215,1215
385,385,385,1,0,43.0,0.0,0,9.0,0.0,0,43206.0,0.0,0,0.0,1.0,0,0.0,1.0,0.4,385,385
805,805,805,1,0,26.0,0.0,0,4.0,0.0,1,1.0,0.0,0,1.0,0.0,0,1.0,0.0,0.0,805,805
1437,1437,1437,0,0,26.0,0.0,0,7.0,0.0,0,25109.0,0.0,0,1.0,0.0,0,0.0,1.0,0.2,1437,1437
1515,1515,1515,0,0,28.0,0.0,0,9.0,0.0,0,49218.0,0.0,0,0.0,1.0,0,0.0,1.0,0.4,1515,1515
343,343,343,1,0,29.0,0.0,0,7.0,0.0,1,1.0,0.0,0,1.0,0.0,0,1.0,0.0,0.0,343,343
769,769,769,1,0,4.0,0.0,0,5.0,0.0,0,91998.0,0.0,0,0.0,1.0,0,1.0,0.0,0.2,769,769
1332,1332,1332,0,0,29.0,0.0,0,5.0,0.0,1,1.0,0.0,0,0.0,1.0,0,0.0,1.0,0.4,1332,1332
1685,1685,1685,0,0,11.0,0.0,0,1.0,0.0,1,1.0,0.0,0,1.0,0.0,0,1.0,0.0,0.0,1685,1685
130,130,130,1,0,35.0,0.0,0,0.0,1.0,1,1.0,0.0,0,1.0,0.0,0,0.0,1.0,0.4,130,130
1687,1687,1687,0,0,17.0,0.0,0,8.0,0.0,1,1.0,0.0,0,2.0,0.0,0,1.0,0.0,0.0,1687,1687
871,871,871,1,1,1.0,0.0,1,1.0,0.0,1,1.0,0.0,1,1.0,0.0,1,1.0,0.0,0.0,871,871
1123,1123,1123,0,0,27.0,0.0,0,7.0,0.0,0,41000.0,0.0,0,0.0,1.0,0,0.0,1.0,0.4,1123,1123
1396,1396,1396,0,0,55.0,0.0,0,7.0,0.0,1,1.0,0.0,0,3.0,0.0,0,1.0,0.0,0.0,1396,1396
87,87,87,1,0,29.0,0.0,0,12.0,0.0,0,31000.0,0.0,0,2.0,0.0,0,2.0,0.0,0.0,87,87
1482,1482,1482,0,0,22.0,0.0,0,4.0,0.0,0,49213.0,0.0,0,2.0,0.0,0,1.0,0.0,0.0,1482,1482
330,330,330,1,0,11.0,0.0,0,14.0,0.0,0,84109.0,0.0,0,1.0,0.0,0,1.0,0.0,0.0,330,330
1238,1238,1238,0,0,33.0,0.0,0,1.0,0.0,1,1.0,0.0,0,1.0,0.0,0,0.0,1.0,0.2,1238,1238
466,466,466,1,0,42.0,0.0,1,1.0,0.0,1,1.0,0.0,0,1.0,0.0,0,1.0,0.0,0.0,466,466
121,121,121,1,0,43.0,0.0,0,2.0,0.0,1,1.0,0.0,0,1.0,0.0,0,2.0,0.0,0.0,121,121
1638,1638,1638,0,0,20.0,0.0,0,4.0,0.0,1,1.0,0.0,0,2.0,0.0,0,1.0,0.0,0.0,1638,1638
1044,1044,1044,0,0,17.0,0.0,0,2.0,0.0,0,40991.0,0.0,0,1.0,0.0,0,0.0,1.0,0.2,1044,1044
1724,1724,1724,0,0,44.0,0.0,0,6.0,0.0,1,1.0,0.0,0,1.0,0.0,0,1.0,0.0,0.0,1724,1724
1095,1095,1095,0,0,15.0,0.0,0,6.0,0.0,1,1.0,0.0,0,1.0,0.0,0,0.0,1.0,0.2,1095,1095
1130,1130,1130,0,0,26.0,0.0,0,8.0,0.0,1,1.0,0.0,0,1.0,0.0,0,0.0,1.0,0.2,1130,1130
1294,1294,1294,0,0,4.0,0.0,0,7.0,0.0,0,86096.0,0.0,0,1.0,0.0,0,1.0,0.0,0.0,1294,1294
860,860,860,1,0,10.0,0.0,0,11.0,0.0,1,1.0,0.0,0,1.0,0.0,0,2.0,0.0,0.0,860,860
1459,1459,1459,0,0,40.0,0.0,0,12.0,0.0,0,85487.0,0.0,0,0.0,1.0,0,0.0,1.0,0.4,1459,1459
1126,1126,1126,0,0,22.0,0.0,0,9.0,0.0,1,1.0,0.0,0,0.0,1.0,0,1.0,0.0,0.2,1126,1126
