district,sector,month,result,residence,relationship,sex,birth_year,age,registration,ethnicity,religion,marital_status,curr_educ,education,main_activity,is_active,main_occupation,industry,employment_status,uresidencf,live,finalweight,B_year,r2_school_education,type_of_school,grade_this_year,grade_last_year,distance,transport_medium,time_to_school,noschooling_reason,reason_leave_school,when_stop_schooling,s3a_3,s3a_4,s3a_5,s3a_6,s3a_7,s3a_8,s3a_9,s3a_10,s3a_11,s3a_12,s3a_13,s3a_14,s3a_15,s3a_16_yy,s3a_16_mm,s3a_17,s3a_18,s3b_3,s3b_a,s3b_5,s3b_6,s3b_7,s3b_8,s3b_9,s3b_10,s3b_11,s3b_12,pri_sec,wages_salaries,allowences,bonus,is_employment_income,banks,bank_amount,bank_r,samurtdhi,samurtdhi_amount,samurtdh_r,finance,finance_amount,finance_r,employer,employer_amount,employer_r,lender,lender_amount,lender_r,credit_cards,credit_cards_amount,credit_cards_r,retail_shops,retail_shop_amount,retail_shops_r,pawning,pawning_amount,pawning_r,instalment_goods,instalement_amount,instalment_goods_r,other_debts,other_amount,other_debts_r,bus_halt,bus_halt_time,pre_school,pre_school_time,primery_school,primery_school_time,secondery_school,sec_school_time,hospital,hospital_time,matrenity_home,maternity_home_time,gov_dispensarz,gov_dispensary_time,private_dispensary,private_dispensary_time,maternity_clinic,maternity_clinic_time,dmo,dmo_time,mcucpc,mcucpc_time,ds_office,ds_office_time,gn_office,gn_office_time,post_office,post_office_time,bank,bank_time,agri_office,agri_office_time,is_power_lines_near,is_tel_lines_near,is_water_service_near,structure,bed_rooms,area,walls,floor,roof,ownership,drinking_water,s8_6b1_inside_outside,s8_6b2_distance,s8_6b2_premises_time,s8_6c_water_safe,s8_6d_water_sufficency,s8_6e1_water_sufficency_for_drio,s8_6e2_water_sufficency_for_bati,tioilet_use,toilet_type,s8_7c1_bowser_service,s8_7c21_hand_wash_place,s8_7c22_hand_wash_water,s8_7c23_hand_wash_soap,garbage_dumping,lite_source,cooking_fuel,is_collect_firewood,s8_11b_place,s8_11b_distance,natural_calamity,flooding,drought,land_slides,wildanimals,s8_12b5_storm,other_calamity
11,1,1,1,1,1,2,70,36-50,1,1,4,2,9.0,10.0,1.0,1.0,7531.0,13921.0,5.0,-1.0,-1.0,392.4425353,1979,-1.0,-1.0,-1.0,-1.0,-0.99,-1.0,-0.99,-1.0,-1.0,-1.0,2.0,-1.0,-1.0,2.0,-1.0,2.0,-1.0,-1.0,2.0,-1.0,2.0,-1.0,-1.0,-1.0,-1.0,-1.0,-1.0,1.0,1.0,2.0,1.0,1.0,-1.0,-1.0,1.0,1.0,1.0,1.0,45000.0,-1.0,-1.0,<10k,2,-1.0,-1.0,2,-1.0,-1.0,2,-1.0,-1.0,2,-1.0,-1.0,2,-1.0,-1.0,2,-1.0,-1.0,2,-1.0,-1.0,1,76000.0,9.0,2,-1.0,-1.0,2,-1.0,-1.0,0.0,4.4,0.0,10.83,1.0,10.96,1.0,9.71,YES,YES,2.0,15.61,1.0,10.35,0.0,4.47,2.0,19.43,2.0,21.39,10.0,32.94,7.0,22.23,0.0,4.36,1.0,9.19,1.0,11.31,20.0,56.48,1,1,1,1,1.0,3.0,2,1,2.0,3,4.0,1.0,-0.93,-0.95,8.0,1.0,12.0,12.0,1,2,1.0,1.0,1.0,1.0,1.0,1.0,3.0,1.0,2.0,99.58,2.0,-1.0,-1.0,-1.0,-1.0,-1.0,-1.0
11,1,1,1,1,2,1,70,36-50,1,1,4,2,9.0,5.0,1.0,1.0,8350.0,79903.0,3.0,-1.0,-1.0,392.4425353,1972,1.0,1.0,13.0,12.0,1.94,6.0,32.97,-1.0,-1.0,-1.0,2.0,-1.0,-1.0,2.0,-1.0,2.0,-1.0,-1.0,2.0,-1.0,1.0,2.0,2.0,2.0,2.0,2.0,-1.0,2.0,1.0,2.0,1.0,1.0,-1.0,-1.0,1.0,1.0,1.0,1.0,40000.0,-1.0,-1.0,<10k,2,-1.0,-1.0,2,-1.0,-1.0,2,-1.0,-1.0,2,-1.0,-1.0,2,-1.0,-1.0,2,-1.0,-1.0,2,-1.0,-1.0,1,76000.0,9.0,2,-1.0,-1.0,2,-1.0,-1.0,0.0,5.22,0.0,8.51,1.0,9.76,1.0,10.15,YES,YES,2.0,20.4,1.0,11.06,0.0,4.21,2.0,23.49,2.0,21.88,10.0,28.13,7.0,29.04,0.0,5.62,1.0,10.52,1.0,9.9,20.0,66.28,1,1,1,1,1.0,3.0,2,1,2.0,3,4.0,1.0,-1.02,-0.97,8.0,1.0,12.0,12.0,1,2,1.0,1.0,1.0,1.0,1.0,1.0,3.0,1.0,2.0,110.54,2.0,-1.0,-1.0,-1.0,-1.0,-1.0,-1.0
11,1,1,1,1,3,2,0,0-18,1,1,4,1,6.0,10.0,8.0,2.0,-1.0,-1.0,-1.0,-1.0,-1.0,392.4425353,2002,3.0,-1.0,-1.0,-1.0,-1.05,-1.0,-0.96,-1.0,7.0,2018.0,1.0,1.0,1.0,2.0,-1.0,2.0,-1.0,-1.0,2.0,-1.0,2.0,-1.0,-1.0,-1.0,-1.0,-1.0,-1.0,2.0,1.0,2.0,1.0,1.0,-1.0,-1.0,1.0,1.0,1.0,1.0,16000.0,20000.0,-1.0,<10k,2,-1.0,-1.0,2,-1.0,-1.0,2,-1.0,-1.0,2,-1.0,-1.0,2,-1.0,-1.0,2,-1.0,-1.0,2,-1.0,-1.0,1,76000.0,9.0,2,-1.0,-1.0,2,-1.0,-1.0,0.0,5.23,0.0,9.98,1.0,11.07,1.0,11.43,YES,YES,2.0,19.24,1.0,8.66,0.0,5.38,2.0,19.47,2.0,18.65,10.0,31.09,7.0,27.57,0.0,5.07,1.0,8.93,1.0,10.32,20.0,62.41,1,1,1,1,1.0,3.0,2,1,2.0,3,4.0,1.0,-0.96,-0.87,8.0,1.0,12.0,12.0,1,2,1.0,1.0,1.0,1.0,1.0,1.0,3.0,1.0,2.0,119.0,2.0,-1.0,-1.0,-1.0,-1.0,-1.0,-1.0
11,1,1,1,1,3,1,10,0-18,1,1,4,1,1.0,-1.0,-1.0,-1.0,-1.0,-1.0,-1.0,-1.0,-1.0,392.4425353,2014,1.0,1.0,12.0,11.0,0.95,6.0,14.3,-1.0,-1.0,-1.0,1.0,1.0,1.0,1.0,1.0,2.0,-1.0,-1.0,2.0,-1.0,2.0,-1.0,-1.0,-1.0,-1.0,-1.0,-1.0,2.0,1.0,2.0,1.0,1.0,-1.0,-1.0,1.0,1.0,1.0,1.0,10000.0,-1.0,-1.0,<10k,2,-1.0,-1.0,2,-1.0,-1.0,2,-1.0,-1.0,2,-1.0,-1.0,2,-1.0,-1.0,2,-1.0,-1.0,2,-1.0,-1.0,1,76000.0,9.0,2,-1.0,-1.0,2,-1.0,-1.0,0.0,4.8,0.0,10.31,1.0,9.2,1.0,10.26,YES,YES,2.0,19.01,1.0,9.82,0.0,5.17,2.0,15.22,2.0,22.42,10.0,28.62,7.0,26.27,0.0,4.47,1.0,10.93,1.0,9.6,20.0,50.21,1,1,1,1,1.0,3.0,2,1,2.0,3,4.0,1.0,-1.1,-0.99,8.0,1.0,12.0,12.0,1,2,1.0,1.0,1.0,1.0,1.0,1.0,3.0,1.0,2.0,113.15,2.0,-1.0,-1.0,-1.0,-1.0,-1.0,-1.0
11,1,1,1,1,1,2,60,51-65,1,1,4,2,9.0,4.0,1.0,1.0,5211.0,47113.0,6.0,-1.0,-1.0,392.4425353,1960,-1.0,-1.0,-1.0,-1.0,-0.95,-1.0,-1.01,-1.0,-1.0,-1.0,2.0,-1.0,-1.0,2.0,-1.0,2.0,-1.0,-1.0,2.0,-1.0,2.0,-1.0,-1.0,-1.0,-1.0,-1.0,-1.0,1.0,1.0,2.0,1.0,1.0,-1.0,-1.0,1.0,1.0,1.0,1.0,45000.0,-1.0,-1.0,<10k,2,-1.0,-1.0,2,-1.0,-1.0,2,-1.0,-1.0,2,-1.0,-1.0,2,-1.0,-1.0,2,-1.0,-1.0,2,-1.0,-1.0,1,76000.0,9.0,2,-1.0,-1.0,2,-1.0,-1.0,0.0,5.78,0.0,9.59,1.0,9.41,1.0,9.23,YES,YES,2.0,20.01,1.0,10.14,0.0,4.74,2.0,18.58,2.0,19.43,10.0,31.57,7.0,25.56,0.0,5.87,1.0,8.87,1.0,9.21,20.0,65.34,1,1,1,1,1.0,3.0,2,1,2.0,3,4.0,1.0,-1.06,-1.13,8.0,1.0,12.0,12.0,1,2,1.0,1.0,1.0,1.0,1.0,1.0,3.0,1.0,2.0,105.28,2.0,-1.0,-1.0,-1.0,-1.0,-1.0,-1.0
11,1,1,1,1,3,2,90,19-35,1,1,4,2,9.0,13.0,1.0,1.0,2342.0,85101.0,3.0,-1.0,-1.0,392.4425353,1991,1.0,1.0,13.0,12.0,1.92,6.0,22.19,-1.0,-1.0,-1.0,2.0,-1.0,-1.0,2.0,-1.0,2.0,-1.0,-1.0,2.0,-1.0,1.0,2.0,2.0,2.0,2.0,2.0,-1.0,2.0,1.0,2.0,1.0,1.0,-1.0,-1.0,1.0,1.0,1.0,1.0,40000.0,-1.0,-1.0,<10k,2,-1.0,-1.0,2,-1.0,-1.0,2,-1.0,-1.0,2,-1.0,-1.0,2,-1.0,-1.0,2,-1.0,-1.0,2,-1.0,-1.0,1,76000.0,9.0,2,-1.0,-1.0,2,-1.0,-1.0,0.0,4.5,0.0,10.05,1.0,10.21,1.0,9.79,YES,YES,2.0,20.03,1.0,11.0,0.0,4.39,2.0,19.3,2.0,21.09,10.0,25.62,7.0,27.94,0.0,4.19,1.0,12.02,1.0,9.33,20.0,71.36,1,1,1,1,1.0,3.0,2,1,2.0,3,4.0,1.0,-1.02,-1.03,8.0,1.0,12.0,12.0,1,2,1.0,1.0,1.0,1.0,1.0,1.0,3.0,1.0,2.0,94.48,2.0,-1.0,-1.0,-1.0,-1.0,-1.0,-1.0
11,1,1,1,1,5,1,80,19-35,1,1,4,2,9.0,10.0,1.0,1.0,3113.0,55101.0,3.0,-1.0,-1.0,392.4425353,1988,3.0,-1.0,-1.0,-1.0,-1.01,-1.0,-1.0,-1.0,7.0,2018.0,1.0,1.0,1.0,2.0,-1.0,2.0,-1.0,-1.0,2.0,-1.0,2.0,-1.0,-1.0,-1.0,-1.0,-1.0,-1.0,2.0,1.0,2.0,1.0,1.0,-1.0,-1.0,1.0,1.0,1.0,1.0,16000.0,20000.0,-1.0,<10k,2,-1.0,-1.0,2,-1.0,-1.0,2,-1.0,-1.0,2,-1.0,-1.0,2,-1.0,-1.0,2,-1.0,-1.0,2,-1.0,-1.0,1,76000.0,9.0,2,-1.0,-1.0,2,-1.0,-1.0,0.0,5.42,0.0,9.7,1.0,9.47,1.0,10.03,YES,YES,2.0,20.95,1.0,9.75,0.0,5.23,2.0,19.59,2.0,20.93,10.0,29.2,7.0,28.62,0.0,4.41,1.0,12.19,1.0,8.35,20.0,62.44,1,1,1,1,1.0,3.0,2,1,2.0,3,4.0,1.0,-0.76,-0.98,8.0,1.0,12.0,12.0,1,2,1.0,1.0,1.0,1.0,1.0,1.0,3.0,1.0,2.0,109.41,2.0,-1.0,-1.0,-1.0,-1.0,-1.0,-1.0
11,1,1,1,1,5,2,10,0-18,1,1,4,1,1.0,-1.0,-1.0,-1.0,-1.0,-1.0,-1.0,-1.0,-1.0,392.4425353,2015,1.0,1.0,12.0,11.0,1.03,6.0,15.7,-1.0,-1.0,-1.0,1.0,1.0,1.0,1.0,1.0,2.0,-1.0,-1.0,2.0,-1.0,2.0,-1.0,-1.0,-1.0,-1.0,-1.0,-1.0,2.0,1.0,2.0,1.0,1.0,-1.0,-1.0,1.0,1.0,1.0,1.0,10000.0,-1.0,-1.0,<10k,2,-1.0,-1.0,2,-1.0,-1.0,2,-1.0,-1.0,2,-1.0,-1.0,2,-1.0,-1.0,2,-1.0,-1.0,2,-1.0,-1.0,1,76000.0,9.0,2,-1.0,-1.0,2,-1.0,-1.0,0.0,5.09,0.0,10.32,1.0,10.94,1.0,9.52,YES,YES,2.0,22.5,1.0,10.07,0.0,5.5,2.0,20.77,2.0,19.69,10.0,31.8,7.0,25.85,0.0,4.96,1.0,8.6,1.0,9.99,20.0,66.28,1,1,1,1,1.0,3.0,2,1,2.0,3,4.0,1.0,-1.02,-1.06,8.0,1.0,12.0,12.0,1,2,1.0,1.0,1.0,1.0,1.0,1.0,3.0,1.0,2.0,91.52,2.0,-1.0,-1.0,-1.0,-1.0,-1.0,-1.0
11,1,1,1,1,5,2,10,-1,1,1,4,1,-1.0,-1.0,-1.0,-1.0,-1.0,-1.0,-1.0,-1.0,-1.0,392.4425353,2018,1.0,1.0,9.0,8.0,0.0,3.0,10.49,-1.0,-1.0,-1.0,1.0,2.0,1.0,2.0,-1.0,2.0,-1.0,-1.0,2.0,-1.0,2.0,-1.0,-1.0,-1.0,-1.0,-1.0,-1.0,2.0,1.0,2.0,2.0,1.0,-1.0,-1.0,1.0,1.0,1.0,1.0,30000.0,-1.0,-1.0,<10k,2,-1.0,-1.0,2,-1.0,-1.0,2,-1.0,-1.0,2,-1.0,-1.0,2,-1.0,-1.0,2,-1.0,-1.0,2,-1.0,-1.0,1,76000.0,9.0,2,-1.0,-1.0,2,-1.0,-1.0,0.0,5.04,0.0,8.75,1.0,7.34,1.0,9.3,YES,YES,2.0,18.97,1.0,7.81,0.0,5.49,2.0,21.4,2.0,20.93,10.0,31.36,7.0,22.98,0.0,4.52,1.0,10.54,1.0,11.07,20.0,61.09,1,1,1,1,1.0,3.0,2,1,2.0,3,4.0,1.0,-0.84,-0.84,8.0,1.0,12.0,12.0,1,2,1.0,1.0,1.0,1.0,1.0,1.0,3.0,1.0,2.0,85.29,2.0,-1.0,-1.0,-1.0,-1.0,-1.0,-1.0
11,1,1,1,2,5,2,30,66+,1,1,4,4,9.0,5.0,-1.0,-1.0,-1.0,-1.0,-1.0,1.0,3.0,392.4425353,1937,1.0,1.0,2.0,1.0,1.05,3.0,4.25,-1.0,-1.0,-1.0,1.0,2.0,1.0,2.0,-1.0,2.0,-1.0,-1.0,2.0,-1.0,2.0,-1.0,-1.0,-1.0,-1.0,-1.0,-1.0,1.0,2.0,2.0,1.0,2.0,2.0,-1.0,1.0,1.0,1.0,1.0,8000.0,-1.0,-1.0,<10k,2,-1.0,-1.0,2,-1.0,-1.0,2,-1.0,-1.0,2,-1.0,-1.0,2,-1.0,-1.0,2,-1.0,-1.0,2,-1.0,-1.0,1,76000.0,9.0,2,-1.0,-1.0,2,-1.0,-1.0,0.0,4.78,0.0,9.7,1.0,8.74,1.0,8.48,YES,YES,2.0,19.35,1.0,10.25,0.0,4.27,2.0,21.65,2.0,21.82,10.0,32.37,7.0,29.05,0.0,4.43,1.0,8.21,1.0,9.29,20.0,48.77,1,1,1,1,1.0,3.0,2,1,2.0,3,4.0,1.0,-1.06,-1.06,8.0,1.0,12.0,12.0,1,2,1.0,1.0,1.0,1.0,1.0,1.0,3.0,1.0,2.0,92.06,2.0,-1.0,-1.0,-1.0,-1.0,-1.0,-1.0
11,1,1,1,1,2,1,60,51-65,1,1,4,2,9.0,8.0,1.0,1.0,5221.0,47113.0,5.0,-1.0,-1.0,392.4425353,1960,-1.0,-1.0,-1.0,-1.0,-1.05,-1.0,-0.86,-1.0,-1.0,-1.0,2.0,-1.0,-1.0,2.0,-1.0,2.0,-1.0,-1.0,2.0,-1.0,1.0,2.0,2.0,3.0,2.0,2.0,-1.0,1.0,1.0,2.0,2.0,1.0,-1.0,-1.0,1.0,1.0,1.0,-1.0,-1.0,-1.0,-1.0,<10k,2,-1.0,-1.0,2,-1.0,-1.0,2,-1.0,-1.0,2,-1.0,-1.0,2,-1.0,-1.0,2,-1.0,-1.0,2,-1.0,-1.0,1,76000.0,9.0,2,-1.0,-1.0,2,-1.0,-1.0,0.0,5.76,0.0,8.99,1.0,10.08,1.0,9.29,YES,YES,2.0,18.9,1.0,8.89,0.0,5.79,2.0,21.5,2.0,17.44,10.0,26.24,7.0,28.05,0.0,5.86,1.0,9.21,1.0,8.2,20.0,65.47,1,1,1,1,1.0,3.0,2,1,2.0,3,4.0,1.0,-0.88,-1.04,8.0,1.0,12.0,12.0,1,2,1.0,1.0,1.0,1.0,1.0,1.0,3.0,1.0,2.0,102.29,2.0,-1.0,-1.0,-1.0,-1.0,-1.0,-1.0
11,1,1,1,1,1,1,70,36-50,1,4,3,2,9.0,7.0,1.0,1.0,8323.0,49222.0,3.0,-1.0,-1.0,392.4425353,1976,-1.0,-1.0,-1.0,-1.0,-1.04,-1.0,-0.96,-1.0,-1.0,-1.0,2.0,-1.0,-1.0,2.0,-1.0,2.0,-1.0,-1.0,2.0,-1.0,2.0,-1.0,-1.0,-1.0,-1.0,-1.0,-1.0,1.0,1.0,2.0,1.0,1.0,-1.0,-1.0,1.0,1.0,1.0,1.0,45000.0,-1.0,-1.0,<10k,2,-1.0,-1.0,2,-1.0,-1.0,2,-1.0,-1.0,2,-1.0,-1.0,2,-1.0,-1.0,2,-1.0,-1.0,2,-1.0,-1.0,1,76000.0,9.0,2,-1.0,-1.0,2,-1.0,-1.0,0.0,4.47,0.0,11.9,1.0,9.19,1.0,10.8,YES,YES,2.0,20.27,1.0,10.7,0.0,5.21,2.0,18.22,2.0,19.3,10.0,37.31,7.0,20.63,0.0,4.84,1.0,8.54,1.0,11.39,20.0,64.7,1,1,1,1,1.0,3.0,2,1,2.0,3,4.0,1.0,-1.17,-1.3,8.0,1.0,12.0,12.0,1,2,1.0,1.0,1.0,1.0,1.0,1.0,3.0,1.0,2.0,108.54,2.0,-1.0,-1.0,-1.0,-1.0,-1.0,-1.0
11,1,1,1,1,2,2,70,36-50,1,1,1,2,9.0,10.0,1.0,1.0,7531.0,14105.0,5.0,-1.0,-1.0,392.4425353,1972,1.0,1.0,13.0,12.0,2.3,6.0,26.8,-1.0,-1.0,-1.0,2.0,-1.0,-1.0,2.0,-1.0,2.0,-1.0,-1.0,2.0,-1.0,1.0,2.0,2.0,2.0,2.0,2.0,-1.0,2.0,1.0,2.0,1.0,1.0,-1.0,-1.0,1.0,1.0,1.0,1.0,40000.0,-1.0,-1.0,<10k,2,-1.0,-1.0,2,-1.0,-1.0,2,-1.0,-1.0,2,-1.0,-1.0,2,-1.0,-1.0,2,-1.0,-1.0,2,-1.0,-1.0,1,76000.0,9.0,2,-1.0,-1.0,2,-1.0,-1.0,0.0,4.9,0.0,11.35,1.0,12.85,1.0,11.14,YES,YES,2.0,21.87,1.0,9.96,0.0,4.77,2.0,20.06,2.0,19.91,10.0,33.0,7.0,26.85,0.0,5.74,1.0,10.87,1.0,9.86,20.0,73.45,1,1,1,1,1.0,3.0,2,1,2.0,3,4.0,1.0,-1.01,-0.92,8.0,1.0,12.0,12.0,1,2,1.0,1.0,1.0,1.0,1.0,1.0,3.0,1.0,2.0,94.77,2.0,-1.0,-1.0,-1.0,-1.0,-1.0,-1.0
11,1,1,1,1,3,1,90,19-35,1,4,3,1,9.0,10.0,1.0,1.0,7412.0,33140.0,3.0,-1.0,-1.0,392.4425353,1998,3.0,-1.0,-1.0,-1.0,-1.15,-1.0,-0.99,-1.0,7.0,2018.0,1.0,1.0,1.0,2.0,-1.0,2.0,-1.0,-1.0,2.0,-1.0,2.0,-1.0,-1.0,-1.0,-1.0,-1.0,-1.0,2.0,1.0,2.0,1.0,1.0,-1.0,-1.0,1.0,1.0,1.0,1.0,16000.0,20000.0,-1.0,<10k,2,-1.0,-1.0,2,-1.0,-1.0,2,-1.0,-1.0,2,-1.0,-1.0,2,-1.0,-1.0,2,-1.0,-1.0,2,-1.0,-1.0,1,76000.0,9.0,2,-1.0,-1.0,2,-1.0,-1.0,0.0,5.12,0.0,9.17,1.0,10.6,1.0,9.89,YES,YES,2.0,17.44,1.0,10.7,0.0,5.02,2.0,22.34,2.0,22.19,10.0,32.86,7.0,27.31,0.0,4.57,1.0,11.38,1.0,10.07,20.0,66.36,1,1,1,1,1.0,3.0,2,1,2.0,3,4.0,1.0,-0.92,-1.26,8.0,1.0,12.0,12.0,1,2,1.0,1.0,1.0,1.0,1.0,1.0,3.0,1.0,2.0,80.63,2.0,-1.0,-1.0,-1.0,-1.0,-1.0,-1.0
11,1,1,1,1,3,1,0,0-18,1,4,3,1,2.0,11.0,8.0,2.0,-1.0,-1.0,-1.0,-1.0,-1.0,392.4425353,2002,1.0,1.0,12.0,11.0,1.03,6.0,14.57,-1.0,-1.0,-1.0,1.0,1.0,1.0,1.0,1.0,2.0,-1.0,-1.0,2.0,-1.0,2.0,-1.0,-1.0,-1.0,-1.0,-1.0,-1.0,2.0,1.0,2.0,1.0,1.0,-1.0,-1.0,1.0,1.0,1.0,1.0,10000.0,-1.0,-1.0,<10k,2,-1.0,-1.0,2,-1.0,-1.0,2,-1.0,-1.0,2,-1.0,-1.0,2,-1.0,-1.0,2,-1.0,-1.0,2,-1.0,-1.0,1,76000.0,9.0,2,-1.0,-1.0,2,-1.0,-1.0,0.0,4.69,0.0,10.2,1.0,10.03,1.0,9.4,YES,YES,2.0,23.34,1.0,8.75,0.0,4.49,2.0,22.43,2.0,19.98,10.0,32.78,7.0,27.46,0.0,5.3,1.0,10.35,1.0,8.65,20.0,59.27,1,1,1,1,1.0,3.0,2,1,2.0,3,4.0,1.0,-1.21,-1.16,8.0,1.0,12.0,12.0,1,2,1.0,1.0,1.0,1.0,1.0,1.0,3.0,1.0,2.0,92.22,2.0,-1.0,-1.0,-1.0,-1.0,-1.0,-1.0
11,1,1,1,1,3,2,0,0-18,1,4,3,1,2.0,8.0,-1.0,-1.0,-1.0,-1.0,-1.0,-1.0,-1.0,392.4425353,2005,1.0,1.0,9.0,8.0,0.0,3.0,10.01,-1.0,-1.0,-1.0,1.0,2.0,1.0,2.0,-1.0,2.0,-1.0,-1.0,2.0,-1.0,2.0,-1.0,-1.0,-1.0,-1.0,-1.0,-1.0,2.0,1.0,2.0,2.0,1.0,-1.0,-1.0,1.0,1.0,1.0,1.0,30000.0,-1.0,-1.0,<10k,2,-1.0,-1.0,2,-1.0,-1.0,2,-1.0,-1.0,2,-1.0,-1.0,2,-1.0,-1.0,2,-1.0,-1.0,2,-1.0,-1.0,1,76000.0,9.0,2,-1.0,-1.0,2,-1.0,-1.0,0.0,5.16,0.0,10.17,1.0,9.97,1.0,10.03,YES,YES,2.0,18.96,1.0,12.4,0.0,3.89,2.0,18.12,2.0,22.92,10.0,24.86,7.0,27.0,0.0,5.92,1.0,8.71,1.0,9.55,20.0,60.73,1,1,1,1,1.0,3.0,2,1,2.0,3,4.0,1.0,-1.12,-0.87,8.0,1.0,12.0,12.0,1,2,1.0,1.0,1.0,1.0,1.0,1.0,3.0,1.0,2.0,102.37,2.0,-1.0,-1.0,-1.0,-1.0,-1.0,-1.0
11,1,1,1,1,4,1,40,66+,1,4,3,7,9.0,7.0,1.0,1.0,4212.0,92001.0,3.0,-1.0,-1.0,392.4425353,1942,1.0,1.0,2.0,1.0,0.95,3.0,4.95,-1.0,-1.0,-1.0,1.0,2.0,1.0,2.0,-1.0,2.0,-1.0,-1.0,2.0,-1.0,2.0,-1.0,-1.0,-1.0,-1.0,-1.0,-1.0,1.0,2.0,2.0,1.0,2.0,2.0,-1.0,1.0,1.0,1.0,1.0,8000.0,-1.0,-1.0,<10k,2,-1.0,-1.0,2,-1.0,-1.0,2,-1.0,-1.0,2,-1.0,-1.0,2,-1.0,-1.0,2,-1.0,-1.0,2,-1.0,-1.0,1,76000.0,9.0,2,-1.0,-1.0,2,-1.0,-1.0,0.0,4.29,0.0,10.27,1.0,11.38,1.0,10.24,YES,YES,2.0,18.24,1.0,7.99,0.0,4.94,2.0,16.99,2.0,20.36,10.0,29.66,7.0,31.12,0.0,5.79,1.0,9.93,1.0,8.7,20.0,53.31,1,1,1,1,1.0,3.0,2,1,2.0,3,4.0,1.0,-0.95,-1.04,8.0,1.0,12.0,12.0,1,2,1.0,1.0,1.0,1.0,1.0,1.0,3.0,1.0,2.0,88.04,2.0,-1.0,-1.0,-1.0,-1.0,-1.0,-1.0
11,1,1,1,1,1,1,50,51-65,1,4,3,2,9.0,7.0,1.0,1.0,8323.0,49222.0,5.0,-1.0,-1.0,392.4425353,1959,-1.0,-1.0,-1.0,-1.0,-1.1,-1.0,-0.98,-1.0,-1.0,-1.0,2.0,-1.0,-1.0,2.0,-1.0,2.0,-1.0,-1.0,2.0,-1.0,2.0,-1.0,-1.0,-1.0,-1.0,-1.0,-1.0,1.0,1.0,2.0,1.0,1.0,-1.0,-1.0,1.0,1.0,1.0,1.0,45000.0,-1.0,-1.0,<10k,2,-1.0,-1.0,2,-1.0,-1.0,2,-1.0,-1.0,2,-1.0,-1.0,2,-1.0,-1.0,2,-1.0,-1.0,2,-1.0,-1.0,1,76000.0,9.0,2,-1.0,-1.0,2,-1.0,-1.0,0.0,5.13,0.0,10.73,1.0,8.65,1.0,9.69,YES,YES,2.0,24.46,1.0,11.36,0.0,5.09,2.0,19.4,2.0,19.14,10.0,30.15,7.0,27.15,0.0,4.71,1.0,8.81,1.0,10.62,20.0,50.72,1,1,1,1,1.0,3.0,2,1,2.0,3,4.0,1.0,-0.91,-1.18,8.0,1.0,12.0,12.0,1,2,1.0,1.0,1.0,1.0,1.0,1.0,3.0,1.0,2.0,95.56,2.0,-1.0,-1.0,-1.0,-1.0,-1.0,-1.0
11,1,1,1,1,2,2,60,51-65,1,4,3,2,9.0,3.0,7.0,2.0,-1.0,-1.0,-1.0,-1.0,-1.0,392.4425353,1961,1.0,1.0,13.0,12.0,1.87,6.0,27.85,-1.0,-1.0,-1.0,2.0,-1.0,-1.0,2.0,-1.0,2.0,-1.0,-1.0,2.0,-1.0,1.0,2.0,2.0,2.0,2.0,2.0,-1.0,2.0,1.0,2.0,1.0,1.0,-1.0,-1.0,1.0,1.0,1.0,1.0,40000.0,-1.0,-1.0,<10k,2,-1.0,-1.0,2,-1.0,-1.0,2,-1.0,-1.0,2,-1.0,-1.0,2,-1.0,-1.0,2,-1.0,-1.0,2,-1.0,-1.0,1,76000.0,9.0,2,-1.0,-1.0,2,-1.0,-1.0,0.0,4.62,0.0,10.41,1.0,9.36,1.0,9.04,YES,YES,2.0,19.48,1.0,8.04,0.0,4.49,2.0,20.68,2.0,20.03,10.0,26.7,7.0,23.05,0.0,4.64,1.0,9.76,1.0,11.22,20.0,57.86,1,1,1,1,1.0,3.0,2,1,2.0,3,4.0,1.0,-0.96,-1.0,8.0,1.0,12.0,12.0,1,2,1.0,1.0,1.0,1.0,1.0,1.0,3.0,1.0,2.0,84.12,2.0,-1.0,-1.0,-1.0,-1.0,-1.0,-1.0
11,1,1,1,1,3,1,90,19-35,1,4,3,1,9.0,13.0,1.0,1.0,3322.0,47413.0,3.0,-1.0,-1.0,392.4425353,1994,3.0,-1.0,-1.0,-1.0,-1.06,-1.0,-0.92,-1.0,7.0,2018.0,1.0,1.0,1.0,2.0,-1.0,2.0,-1.0,-1.0,2.0,-1.0,2.0,-1.0,-1.0,-1.0,-1.0,-1.0,-1.0,2.0,1.0,2.0,1.0,1.0,-1.0,-1.0,1.0,1.0,1.0,1.0,16000.0,20000.0,-1.0,<10k,2,-1.0,-1.0,2,-1.0,-1.0,2,-1.0,-1.0,2,-1.0,-1.0,2,-1.0,-1.0,2,-1.0,-1.0,2,-1.0,-1.0,1,76000.0,9.0,2,-1.0,-1.0,2,-1.0,-1.0,0.0,4.71,0.0,7.7,1.0,8.73,1.0,10.93,YES,YES,2.0,23.6,1.0,9.64,0.0,5.59,2.0,15.74,2.0,25.92,10.0,32.96,7.0,24.2,0.0,4.39,1.0,11.69,1.0,10.34,20.0,64.28,1,1,1,1,1.0,3.0,2,1,2.0,3,4.0,1.0,-1.08,-0.99,8.0,1.0,12.0,12.0,1,2,1.0,1.0,1.0,1.0,1.0,1.0,3.0,1.0,2.0,97.64,2.0,-1.0,-1.0,-1.0,-1.0,-1.0,-1.0
11,1,1,1,1,3,2,90,19-35,1,4,3,2,9.0,10.0,7.0,2.0,-1.0,-1.0,-1.0,-1.0,-1.0,392.4425353,1991,1.0,1.0,12.0,11.0,1.03,6.0,15.2,-1.0,-1.0,-1.0,1.0,1.0,1.0,1.0,1.0,2.0,-1.0,-1.0,2.0,-1.0,2.0,-1.0,-1.0,-1.0,-1.0,-1.0,-1.0,2.0,1.0,2.0,1.0,1.0,-1.0,-1.0,1.0,1.0,1.0,1.0,10000.0,-1.0,-1.0,<10k,2,-1.0,-1.0,2,-1.0,-1.0,2,-1.0,-1.0,2,-1.0,-1.0,2,-1.0,-1.0,2,-1.0,-1.0,2,-1.0,-1.0,1,76000.0,9.0,2,-1.0,-1.0,2,-1.0,-1.0,0.0,4.75,0.0,9.23,1.0,9.08,1.0,8.47,YES,YES,2.0,22.39,1.0,10.7,0.0,4.29,2.0,19.7,2.0,22.16,10.0,28.81,7.0,23.68,0.0,4.3,1.0,9.01,1.0,10.15,20.0,77.12,1,1,1,1,1.0,3.0,2,1,2.0,3,4.0,1.0,-1.0,-1.05,8.0,1.0,12.0,12.0,1,2,1.0,1.0,1.0,1.0,1.0,1.0,3.0,1.0,2.0,110.77,2.0,-1.0,-1.0,-1.0,-1.0,-1.0,-1.0
11,1,1,1,1,5,1,80,19-35,1,4,3,2,9.0,10.0,1.0,1.0,5211.0,45303.0,3.0,-1.0,-1.0,392.4425353,1983,1.0,1.0,9.0,8.0,0.0,3.0,10.47,-1.0,-1.0,-1.0,1.0,2.0,1.0,2.0,-1.0,2.0,-1.0,-1.0,2.0,-1.0,2.0,-1.0,-1.0,-1.0,-1.0,-1.0,-1.0,2.0,1.0,2.0,2.0,1.0,-1.0,-1.0,1.0,1.0,1.0,1.0,30000.0,-1.0,-1.0,<10k,2,-1.0,-1.0,2,-1.0,-1.0,2,-1.0,-1.0,2,-1.0,-1.0,2,-1.0,-1.0,2,-1.0,-1.0,2,-1.0,-1.0,1,76000.0,9.0,2,-1.0,-1.0,2,-1.0,-1.0,0.0,4.65,0.0,10.09,1.0,8.05,1.0,10.29,YES,YES,2.0,22.35,1.0,10.35,0.0,4.76,2.0,18.65,2.0,20.41,10.0,29.62,7.0,24.03,0.0,5.97,1.0,8.67,1.0,9.99,20.0,55.65,1,1,1,1,1.0,3.0,2,1,2.0,3,4.0,1.0,-1.04,-0.89,8.0,1.0,12.0,12.0,1,2,1.0,1.0,1.0,1.0,1.0,1.0,3.0,1.0,2.0,101.03,2.0,-1.0,-1.0,-1.0,-1.0,-1.0,-1.0
11,1,1,1,1,5,1,10,0-18,1,4,3,1,2.0,1.0,-1.0,-1.0,-1.0,-1.0,-1.0,-1.0,-1.0,392.4425353,2012,1.0,1.0,2.0,1.0,0.97,3.0,4.52,-1.0,-1.0,-1.0,1.0,2.0,1.0,2.0,-1.0,2.0,-1.0,-1.0,2.0,-1.0,2.0,-1.0,-1.0,-1.0,-1.0,-1.0,-1.0,1.0,2.0,2.0,1.0,2.0,2.0,-1.0,1.0,1.0,1.0,1.0,8000.0,-1.0,-1.0,<10k,2,-1.0,-1.0,2,-1.0,-1.0,2,-1.0,-1.0,2,-1.0,-1.0,2,-1.0,-1.0,2,-1.0,-1.0,2,-1.0,-1.0,1,76000.0,9.0,2,-1.0,-1.0,2,-1.0,-1.0,0.0,4.95,0.0,9.1,1.0,11.16,1.0,10.36,YES,YES,2.0,18.57,1.0,8.84,0.0,5.04,2.0,24.97,2.0,23.15,10.0,28.29,7.0,24.82,0.0,4.54,1.0,9.05,1.0,11.87,20.0,60.47,1,1,1,1,1.0,3.0,2,1,2.0,3,4.0,1.0,-0.92,-0.97,8.0,1.0,12.0,12.0,1,2,1.0,1.0,1.0,1.0,1.0,1.0,3.0,1.0,2.0,99.8,2.0,-1.0,-1.0,-1.0,-1.0,-1.0,-1.0
11,1,1,1,1,5,2,10,0-18,1,4,3,1,-1.0,-1.0,-1.0,-1.0,-1.0,-1.0,-1.0,-1.0,-1.0,392.4425353,2017,-1.0,-1.0,-1.0,-1.0,-0.96,-1.0,-1.05,-1.0,-1.0,-1.0,2.0,-1.0,-1.0,2.0,-1.0,2.0,-1.0,-1.0,2.0,-1.0,1.0,2.0,2.0,3.0,2.0,2.0,-1.0,1.0,1.0,2.0,2.0,1.0,-1.0,-1.0,1.0,1.0,1.0,-1.0,-1.0,-1.0,-1.0,<10k,2,-1.0,-1.0,2,-1.0,-1.0,2,-1.0,-1.0,2,-1.0,-1.0,2,-1.0,-1.0,2,-1.0,-1.0,2,-1.0,-1.0,1,76000.0,9.0,2,-1.0,-1.0,2,-1.0,-1.0,0.0,5.7,0.0,8.79,1.0,10.43,1.0,13.02,YES,YES,2.0,18.81,1.0,9.42,0.0,5.01,2.0,19.76,2.0,19.51,10.0,28.97,7.0,24.01,0.0,5.31,1.0,10.23,1.0,9.87,20.0,62.32,1,1,1,1,1.0,3.0,2,1,2.0,3,4.0,1.0,-0.95,-0.94,8.0,1.0,12.0,12.0,1,2,1.0,1.0,1.0,1.0,1.0,1.0,3.0,1.0,2.0,94.95,2.0,-1.0,-1.0,-1.0,-1.0,-1.0,-1.0
11,1,1,1,1,1,2,90,19-35,1,1,4,1,9.0,13.0,1.0,1.0,3313.0,64191.0,3.0,-1.0,-1.0,392.4425353,1995,-1.0,-1.0,-1.0,-1.0,-1.01,-1.0,-1.06,-1.0,-1.0,-1.0,2.0,-1.0,-1.0,2.0,-1.0,2.0,-1.0,-1.0,2.0,-1.0,2.0,-1.0,-1.0,-1.0,-1.0,-1.0,-1.0,1.0,1.0,2.0,1.0,1.0,-1.0,-1.0,1.0,1.0,1.0,1.0,45000.0,-1.0,-1.0,<10k,2,-1.0,-1.0,2,-1.0,-1.0,2,-1.0,-1.0,2,-1.0,-1.0,2,-1.0,-1.0,2,-1.0,-1.0,2,-1.0,-1.0,1,76000.0,9.0,2,-1.0,-1.0,2,-1.0,-1.0,0.0,5.2,0.0,10.75,1.0,9.66,1.0,10.4,YES,YES,2.0,22.62,1.0,10.53,0.0,4.56,2.0,17.2,2.0,18.89,10.0,31.81,7.0,25.14,0.0,5.14,1.0,9.43,1.0,10.69,20.0,53.94,1,1,1,1,1.0,3.0,2,1,2.0,3,4.0,1.0,-0.96,-0.97,8.0,1.0,12.0,12.0,1,2,1.0,1.0,1.0,1.0,1.0,1.0,3.0,1.0,2.0,90.44,2.0,-1.0,-1.0,-1.0,-1.0,-1.0,-1.0
11,1,1,1,1,5,1,0,0-18,1,1,4,1,2.0,12.0,8.0,2.0,-1.0,-1.0,-1.0,-1.0,-1.0,392.4425353,2000,1.0,1.0,13.0,12.0,2.04,6.0,31.07,-1.0,-1.0,-1.0,2.0,-1.0,-1.0,2.0,-1.0,2.0,-1.0,-1.0,2.0,-1.0,1.0,2.0,2.0,2.0,2.0,2.0,-1.0,2.0,1.0,2.0,1.0,1.0,-1.0,-1.0,1.0,1.0,1.0,1.0,40000.0,-1.0,-1.0,<10k,2,-1.0,-1.0,2,-1.0,-1.0,2,-1.0,-1.0,2,-1.0,-1.0,2,-1.0,-1.0,2,-1.0,-1.0,2,-1.0,-1.0,1,76000.0,9.0,2,-1.0,-1.0,2,-1.0,-1.0,0.0,4.94,0.0,9.87,1.0,8.09,1.0,10.98,YES,YES,2.0,18.0,1.0,13.22,0.0,4.35,2.0,18.33,2.0,16.22,10.0,27.02,7.0,25.07,0.0,5.89,1.0,8.3,1.0,8.71,20.0,64.99,1,1,1,1,1.0,3.0,2,1,2.0,3,4.0,1.0,-0.94,-0.95,8.0,1.0,12.0,12.0,1,2,1.0,1.0,1.0,1.0,1.0,1.0,3.0,1.0,2.0,119.58,2.0,-1.0,-1.0,-1.0,-1.0,-1.0,-1.0
11,1,1,1,1,4,2,70,36-50,1,1,4,4,9.0,9.0,7.0,2.0,-1.0,-1.0,-1.0,-1.0,-1.0,392.4425353,1975,3.0,-1.0,-1.0,-1.0,-0.94,-1.0,-1.0,-1.0,7.0,2018.0,1.0,1.0,1.0,2.0,-1.0,2.0,-1.0,-1.0,2.0,-1.0,2.0,-1.0,-1.0,-1.0,-1.0,-1.0,-1.0,2.0,1.0,2.0,1.0,1.0,-1.0,-1.0,1.0,1.0,1.0,1.0,16000.0,20000.0,-1.0,<10k,2,-1.0,-1.0,2,-1.0,-1.0,2,-1.0,-1.0,2,-1.0,-1.0,2,-1.0,-1.0,2,-1.0,-1.0,2,-1.0,-1.0,1,76000.0,9.0,2,-1.0,-1.0,2,-1.0,-1.0,0.0,5.27,0.0,9.62,1.0,13.44,1.0,10.21,YES,YES,2.0,20.28,1.0,9.42,0.0,4.21,2.0,18.65,2.0,23.0,10.0,29.73,7.0,25.57,0.0,5.38,1.0,11.09,1.0,10.62,20.0,58.8,1,1,1,1,1.0,3.0,2,1,2.0,3,4.0,1.0,-0.94,-1.08,8.0,1.0,12.0,12.0,1,2,1.0,1.0,1.0,1.0,1.0,1.0,3.0,1.0,2.0,107.5,2.0,-1.0,-1.0,-1.0,-1.0,-1.0,-1.0
11,1,1,1,1,5,2,60,51-65,1,1,4,1,9.0,9.0,1.0,1.0,5311.0,87901.0,3.0,-1.0,-1.0,392.4425353,1964,1.0,1.0,12.0,11.0,1.09,6.0,16.22,-1.0,-1.0,-1.0,1.0,1.0,1.0,1.0,1.0,2.0,-1.0,-1.0,2.0,-1.0,2.0,-1.0,-1.0,-1.0,-1.0,-1.0,-1.0,2.0,1.0,2.0,1.0,1.0,-1.0,-1.0,1.0,1.0,1.0,1.0,10000.0,-1.0,-1.0,<10k,2,-1.0,-1.0,2,-1.0,-1.0,2,-1.0,-1.0,2,-1.0,-1.0,2,-1.0,-1.0,2,-1.0,-1.0,2,-1.0,-1.0,1,76000.0,9.0,2,-1.0,-1.0,2,-1.0,-1.0,0.0,5.39,0.0,9.06,1.0,10.84,1.0,10.75,YES,YES,2.0,17.99,1.0,9.02,0.0,5.18,2.0,18.34,2.0,20.76,10.0,27.1,7.0,22.34,0.0,5.35,1.0,9.21,1.0,10.64,20.0,61.54,1,1,1,1,1.0,3.0,2,1,2.0,3,4.0,1.0,-1.04,-1.03,8.0,1.0,12.0,12.0,1,2,1.0,1.0,1.0,1.0,1.0,1.0,3.0,1.0,2.0,94.61,2.0,-1.0,-1.0,-1.0,-1.0,-1.0,-1.0
11,1,1,1,1,1,1,70,36-50,1,2,2,2,9.0,9.0,1.0,1.0,7116.0,41003.0,3.0,-1.0,-1.0,392.4425353,1975,-1.0,-1.0,-1.0,-1.0,-1.06,-1.0,-1.0,-1.0,-1.0,-1.0,2.0,-1.0,-1.0,2.0,-1.0,2.0,-1.0,-1.0,2.0,-1.0,2.0,-1.0,-1.0,-1.0,-1.0,-1.0,-1.0,1.0,1.0,2.0,1.0,1.0,-1.0,-1.0,1.0,1.0,1.0,1.0,45000.0,-1.0,-1.0,<10k,2,-1.0,-1.0,2,-1.0,-1.0,2,-1.0,-1.0,2,-1.0,-1.0,2,-1.0,-1.0,2,-1.0,-1.0,2,-1.0,-1.0,1,76000.0,9.0,2,-1.0,-1.0,2,-1.0,-1.0,0.0,4.43,0.0,12.39,1.0,10.6,1.0,9.63,YES,YES,2.0,20.36,1.0,9.73,0.0,5.2,2.0,18.68,2.0,17.37,10.0,33.57,7.0,26.89,0.0,5.01,1.0,8.97,1.0,8.57,20.0,61.06,1,1,1,1,1.0,3.0,2,1,2.0,3,4.0,1.0,-0.92,-1.06,8.0,1.0,12.0,12.0,1,2,1.0,1.0,1.0,1.0,1.0,1.0,3.0,1.0,2.0,103.16,2.0,-1.0,-1.0,-1.0,-1.0,-1.0,-1.0
11,1,1,1,1,2,2,70,36-50,1,2,2,2,9.0,4.0,1.0,1.0,9111.0,97006.0,3.0,-1.0,-1.0,392.4425353,1978,1.0,1.0,13.0,12.0,1.88,6.0,25.44,-1.0,-1.0,-1.0,2.0,-1.0,-1.0,2.0,-1.0,2.0,-1.0,-1.0,2.0,-1.0,1.0,2.0,2.0,2.0,2.0,2.0,-1.0,2.0,1.0,2.0,1.0,1.0,-1.0,-1.0,1.0,1.0,1.0,1.0,40000.0,-1.0,-1.0,<10k,2,-1.0,-1.0,2,-1.0,-1.0,2,-1.0,-1.0,2,-1.0,-1.0,2,-1.0,-1.0,2,-1.0,-1.0,2,-1.0,-1.0,1,76000.0,9.0,2,-1.0,-1.0,2,-1.0,-1.0,0.0,5.14,0.0,11.06,1.0,8.87,1.0,8.35,YES,YES,2.0,20.39,1.0,10.42,0.0,5.46,2.0,21.29,2.0,22.56,10.0,27.05,7.0,24.85,0.0,4.72,1.0,10.52,1.0,9.52,20.0,66.86,1,1,1,1,1.0,3.0,2,1,2.0,3,4.0,1.0,-0.89,-1.12,8.0,1.0,12.0,12.0,1,2,1.0,1.0,1.0,1.0,1.0,1.0,3.0,1.0,2.0,96.53,2.0,-1.0,-1.0,-1.0,-1.0,-1.0,-1.0
11,1,1,1,1,3,1,0,0-18,1,2,2,1,2.0,10.0,8.0,2.0,-1.0,-1.0,-1.0,-1.0,-1.0,392.4425353,2002,3.0,-1.0,-1.0,-1.0,-1.0,-1.0,-0.93,-1.0,7.0,2018.0,1.0,1.0,1.0,2.0,-1.0,2.0,-1.0,-1.0,2.0,-1.0,2.0,-1.0,-1.0,-1.0,-1.0,-1.0,-1.0,2.0,1.0,2.0,1.0,1.0,-1.0,-1.0,1.0,1.0,1.0,1.0,16000.0,20000.0,-1.0,<10k,2,-1.0,-1.0,2,-1.0,-1.0,2,-1.0,-1.0,2,-1.0,-1.0,2,-1.0,-1.0,2,-1.0,-1.0,2,-1.0,-1.0,1,76000.0,9.0,2,-1.0,-1.0,2,-1.0,-1.0,0.0,4.41,0.0,9.94,1.0,9.64,1.0,10.22,YES,YES,2.0,20.99,1.0,8.35,0.0,3.85,2.0,21.07,2.0,20.17,10.0,32.82,7.0,23.74,0.0,4.25,1.0,9.99,1.0,8.87,20.0,60.27,1,1,1,1,1.0,3.0,2,1,2.0,3,4.0,1.0,-1.02,-1.03,8.0,1.0,12.0,12.0,1,2,1.0,1.0,1.0,1.0,1.0,1.0,3.0,1.0,2.0,107.94,2.0,-1.0,-1.0,-1.0,-1.0,-1.0,-1.0
11,1,1,1,1,3,1,0,0-18,1,2,2,1,2.0,7.0,-1.0,-1.0,-1.0,-1.0,-1.0,-1.0,-1.0,392.4425353,2006,1.0,1.0,12.0,11.0,1.08,6.0,17.82,-1.0,-1.0,-1.0,1.0,1.0,1.0,1.0,1.0,2.0,-1.0,-1.0,2.0,-1.0,2.0,-1.0,-1.0,-1.0,-1.0,-1.0,-1.0,2.0,1.0,2.0,1.0,1.0,-1.0,-1.0,1.0,1.0,1.0,1.0,10000.0,-1.0,-1.0,<10k,2,-1.0,-1.0,2,-1.0,-1.0,2,-1.0,-1.0,2,-1.0,-1.0,2,-1.0,-1.0,2,-1.0,-1.0,2,-1.0,-1.0,1,76000.0,9.0,2,-1.0,-1.0,2,-1.0,-1.0,0.0,4.43,0.0,8.78,1.0,9.15,1.0,9.18,YES,YES,2.0,20.91,1.0,9.43,0.0,5.32,2.0,18.85,2.0,20.37,10.0,27.34,7.0,32.3,0.0,4.72,1.0,6.82,1.0,12.03,20.0,59.06,1,1,1,1,1.0,3.0,2,1,2.0,3,4.0,1.0,-0.92,-0.91,8.0,1.0,12.0,12.0,1,2,1.0,1.0,1.0,1.0,1.0,1.0,3.0,1.0,2.0,107.33,2.0,-1.0,-1.0,-1.0,-1.0,-1.0,-1.0
11,1,1,1,1,3,2,0,0-18,1,2,2,1,2.0,4.0,-1.0,-1.0,-1.0,-1.0,-1.0,-1.0,-1.0,392.4425353,2009,1.0,1.0,9.0,8.0,0.0,3.0,9.74,-1.0,-1.0,-1.0,1.0,2.0,1.0,2.0,-1.0,2.0,-1.0,-1.0,2.0,-1.0,2.0,-1.0,-1.0,-1.0,-1.0,-1.0,-1.0,2.0,1.0,2.0,2.0,1.0,-1.0,-1.0,1.0,1.0,1.0,1.0,30000.0,-1.0,-1.0,<10k,2,-1.0,-1.0,2,-1.0,-1.0,2,-1.0,-1.0,2,-1.0,-1.0,2,-1.0,-1.0,2,-1.0,-1.0,2,-1.0,-1.0,1,76000.0,9.0,2,-1.0,-1.0,2,-1.0,-1.0,0.0,5.37,0.0,9.26,1.0,9.58,1.0,12.45,YES,YES,2.0,21.16,1.0,10.05,0.0,5.36,2.0,21.33,2.0,15.95,10.0,21.89,7.0,24.72,0.0,4.79,1.0,9.02,1.0,9.94,20.0,55.12,1,1,1,1,1.0,3.0,2,1,2.0,3,4.0,1.0,-0.99,-1.12,8.0,1.0,12.0,12.0,1,2,1.0,1.0,1.0,1.0,1.0,1.0,3.0,1.0,2.0,93.66,2.0,-1.0,-1.0,-1.0,-1.0,-1.0,-1.0
11,1,1,1,1,1,1,80,36-50,1,1,1,2,9.0,9.0,1.0,1.0,7131.0,43306.0,3.0,-1.0,-1.0,392.4425353,1981,-1.0,-1.0,-1.0,-1.0,-0.9,-1.0,-0.96,-1.0,-1.0,-1.0,2.0,-1.0,-1.0,2.0,-1.0,2.0,-1.0,-1.0,2.0,-1.0,2.0,-1.0,-1.0,-1.0,-1.0,-1.0,-1.0,1.0,1.0,2.0,1.0,1.0,-1.0,-1.0,1.0,1.0,1.0,1.0,45000.0,-1.0,-1.0,<10k,2,-1.0,-1.0,2,-1.0,-1.0,2,-1.0,-1.0,2,-1.0,-1.0,2,-1.0,-1.0,2,-1.0,-1.0,2,-1.0,-1.0,1,76000.0,9.0,2,-1.0,-1.0,2,-1.0,-1.0,0.0,4.2,0.0,10.87,1.0,10.45,1.0,9.88,YES,YES,2.0,20.41,1.0,9.97,0.0,5.08,2.0,24.86,2.0,21.0,10.0,29.38,7.0,24.37,0.0,4.17,1.0,9.5,1.0,11.5,20.0,53.07,1,1,1,1,1.0,3.0,2,1,2.0,3,4.0,1.0,-0.97,-0.76,8.0,1.0,12.0,12.0,1,2,1.0,1.0,1.0,1.0,1.0,1.0,3.0,1.0,2.0,100.24,2.0,-1.0,-1.0,-1.0,-1.0,-1.0,-1.0
11,1,1,1,1,2,2,80,19-35,1,2,2,2,9.0,19.0,1.0,1.0,9111.0,97006.0,3.0,-1.0,-1.0,392.4425353,1988,1.0,1.0,13.0,12.0,1.91,6.0,25.08,-1.0,-1.0,-1.0,2.0,-1.0,-1.0,2.0,-1.0,2.0,-1.0,-1.0,2.0,-1.0,1.0,2.0,2.0,2.0,2.0,2.0,-1.0,2.0,1.0,2.0,1.0,1.0,-1.0,-1.0,1.0,1.0,1.0,1.0,40000.0,-1.0,-1.0,<10k,2,-1.0,-1.0,2,-1.0,-1.0,2,-1.0,-1.0,2,-1.0,-1.0,2,-1.0,-1.0,2,-1.0,-1.0,2,-1.0,-1.0,1,76000.0,9.0,2,-1.0,-1.0,2,-1.0,-1.0,0.0,5.68,0.0,10.25,1.0,9.24,1.0,10.03,YES,YES,2.0,21.11,1.0,11.05,0.0,5.18,2.0,19.3,2.0,21.49,10.0,27.4,7.0,21.58,0.0,4.46,1.0,8.76,1.0,8.23,20.0,64.1,1,1,1,1,1.0,3.0,2,1,2.0,3,4.0,1.0,-0.81,-0.78,8.0,1.0,12.0,12.0,1,2,1.0,1.0,1.0,1.0,1.0,1.0,3.0,1.0,2.0,98.93,2.0,-1.0,-1.0,-1.0,-1.0,-1.0,-1.0
11,1,1,1,1,3,1,0,0-18,1,1,1,1,2.0,7.0,-1.0,-1.0,-1.0,-1.0,-1.0,-1.0,-1.0,392.4425353,2005,3.0,-1.0,-1.0,-1.0,-1.02,-1.0,-1.14,-1.0,7.0,2018.0,1.0,1.0,1.0,2.0,-1.0,2.0,-1.0,-1.0,2.0,-1.0,2.0,-1.0,-1.0,-1.0,-1.0,-1.0,-1.0,2.0,1.0,2.0,1.0,1.0,-1.0,-1.0,1.0,1.0,1.0,1.0,16000.0,20000.0,-1.0,<10k,2,-1.0,-1.0,2,-1.0,-1.0,2,-1.0,-1.0,2,-1.0,-1.0,2,-1.0,-1.0,2,-1.0,-1.0,2,-1.0,-1.0,1,76000.0,9.0,2,-1.0,-1.0,2,-1.0,-1.0,0.0,4.53,0.0,11.6,1.0,9.78,1.0,11.07,YES,YES,2.0,17.74,1.0,9.32,0.0,5.28,2.0,21.33,2.0,22.25,10.0,30.28,7.0,22.73,0.0,5.21,1.0,10.05,1.0,9.19,20.0,64.85,1,1,1,1,1.0,3.0,2,1,2.0,3,4.0,1.0,-0.94,-0.89,8.0,1.0,12.0,12.0,1,2,1.0,1.0,1.0,1.0,1.0,1.0,3.0,1.0,2.0,102.28,2.0,-1.0,-1.0,-1.0,-1.0,-1.0,-1.0
11,1,1,1,1,3,2,0,0-18,1,1,1,1,2.0,4.0,-1.0,-1.0,-1.0,-1.0,-1.0,-1.0,-1.0,392.4425353,2009,1.0,1.0,12.0,11.0,1.09,6.0,10.43,-1.0,-1.0,-1.0,1.0,1.0,1.0,1.0,1.0,2.0,-1.0,-1.0,2.0,-1.0,2.0,-1.0,-1.0,-1.0,-1.0,-1.0,-1.0,2.0,1.0,2.0,1.0,1.0,-1.0,-1.0,1.0,1.0,1.0,1.0,10000.0,-1.0,-1.0,<10k,2,-1.0,-1.0,2,-1.0,-1.0,2,-1.0,-1.0,2,-1.0,-1.0,2,-1.0,-1.0,2,-1.0,-1.0,2,-1.0,-1.0,1,76000.0,9.0,2,-1.0,-1.0,2,-1.0,-1.0,0.0,5.93,0.0,11.0,1.0,9.74,1.0,10.52,YES,YES,2.0,22.49,1.0,9.77,0.0,5.56,2.0,17.88,2.0,19.56,10.0,28.65,7.0,25.64,0.0,4.72,1.0,8.06,1.0,11.05,20.0,52.17,1,1,1,1,1.0,3.0,2,1,2.0,3,4.0,1.0,-1.01,-0.99,8.0,1.0,12.0,12.0,1,2,1.0,1.0,1.0,1.0,1.0,1.0,3.0,1.0,2.0,67.64,2.0,-1.0,-1.0,-1.0,-1.0,-1.0,-1.0
11,1,1,1,1,1,1,60,51-65,1,4,3,2,9.0,12.0,1.0,1.0,1221.0,47598.0,4.0,-1.0,-1.0,298.0423127,1966,-1.0,-1.0,-1.0,-1.0,-1.03,-1.0,-0.96,-1.0,-1.0,-1.0,2.0,-1.0,-1.0,2.0,-1.0,2.0,-1.0,-1.0,2.0,-1.0,2.0,-1.0,-1.0,-1.0,-1.0,-1.0,-1.0,1.0,1.0,2.0,1.0,1.0,-1.0,-1.0,1.0,1.0,1.0,1.0,29000.0,-1.0,-1.0,<10k,2,-1.0,-1.0,2,-1.0,-1.0,2,-1.0,-1.0,2,-1.0,-1.0,2,-1.0,-1.0,2,-1.0,-1.0,2,-1.0,-1.0,2,-1.0,-1.0,2,-1.0,-1.0,2,-1.0,-1.0,1.0,9.16,0.0,1.96,0.0,5.3,0.0,4.26,YES,YES,1.0,19.32,1.0,20.32,0.0,5.93,1.0,13.44,1.0,14.5,2.0,25.57,2.0,29.83,0.0,5.84,0.0,4.67,1.0,17.71,4.0,35.99,1,1,1,1,3.0,7.0,1,2,3.0,2,4.0,1.0,-0.88,-0.88,1.0,2.0,12.0,12.0,1,3,2.0,1.0,1.0,1.0,1.0,1.0,3.0,2.0,-1.0,-0.83,2.0,-1.0,-1.0,-1.0,-1.0,-1.0,-1.0
11,1,1,1,1,2,2,70,36-50,1,4,3,2,9.0,10.0,7.0,2.0,-1.0,-1.0,-1.0,-1.0,-1.0,298.0423127,1971,-1.0,-1.0,-1.0,-1.0,-1.0,-1.0,-0.89,-1.0,-1.0,-1.0,2.0,-1.0,-1.0,2.0,-1.0,2.0,-1.0,-1.0,2.0,-1.0,2.0,-1.0,-1.0,-1.0,-1.0,-1.0,-1.0,2.0,1.0,2.0,1.0,1.0,-1.0,-1.0,1.0,1.0,1.0,1.0,15000.0,-1.0,-1.0,<10k,2,-1.0,-1.0,2,-1.0,-1.0,2,-1.0,-1.0,2,-1.0,-1.0,2,-1.0,-1.0,2,-1.0,-1.0,2,-1.0,-1.0,2,-1.0,-1.0,2,-1.0,-1.0,2,-1.0,-1.0,1.0,9.37,0.0,1.94,0.0,4.72,0.0,4.89,YES,YES,1.0,15.71,1.0,18.76,0.0,5.35,1.0,15.97,1.0,15.97,2.0,23.42,2.0,22.96,0.0,5.53,0.0,5.39,1.0,14.59,4.0,36.78,1,1,1,1,3.0,7.0,1,2,3.0,2,4.0,1.0,-1.02,-0.93,1.0,2.0,12.0,12.0,1,3,2.0,1.0,1.0,1.0,1.0,1.0,3.0,2.0,-1.0,-0.76,2.0,-1.0,-1.0,-1.0,-1.0,-1.0,-1.0
11,1,1,1,1,3,1,90,19-35,1,4,3,1,9.0,12.0,1.0,1.0,5211.0,23935.0,3.0,-1.0,-1.0,298.0423127,1995,3.0,-1.0,-1.0,-1.0,-1.02,-1.0,-0.99,-1.0,9.0,2015.0,2.0,-1.0,-1.0,2.0,-1.0,2.0,-1.0,-1.0,2.0,-1.0,2.0,-1.0,-1.0,-1.0,-1.0,-1.0,-1.0,1.0,1.0,2.0,1.0,1.0,-1.0,-1.0,1.0,1.0,1.0,1.0,30000.0,-1.0,-1.0,<10k,2,-1.0,-1.0,2,-1.0,-1.0,2,-1.0,-1.0,2,-1.0,-1.0,2,-1.0,-1.0,2,-1.0,-1.0,2,-1.0,-1.0,2,-1.0,-1.0,2,-1.0,-1.0,2,-1.0,-1.0,1.0,10.51,0.0,1.88,0.0,4.58,0.0,4.84,YES,YES,1.0,17.78,1.0,18.87,0.0,5.2,1.0,14.68,1.0,13.96,2.0,27.05,2.0,25.8,0.0,3.91,0.0,5.38,1.0,15.42,4.0,30.3,1,1,1,1,3.0,7.0,1,2,3.0,2,4.0,1.0,-1.01,-0.97,1.0,2.0,12.0,12.0,1,3,2.0,1.0,1.0,1.0,1.0,1.0,3.0,2.0,-1.0,-0.96,2.0,-1.0,-1.0,-1.0,-1.0,-1.0,-1.0
11,1,1,1,1,3,1,90,19-35,1,4,3,1,4.0,12.0,8.0,2.0,-1.0,-1.0,-1.0,-1.0,-1.0,298.0423127,1999,1.0,1.0,13.0,12.0,3.67,6.0,37.24,-1.0,-1.0,-1.0,2.0,-1.0,-1.0,2.0,-1.0,2.0,-1.0,-1.0,2.0,-1.0,2.0,-1.0,-1.0,-1.0,-1.0,-1.0,-1.0,1.0,1.0,2.0,1.0,1.0,-1.0,-1.0,1.0,1.0,1.0,1.0,33000.0,5000.0,-1.0,<10k,2,-1.0,-1.0,2,-1.0,-1.0,2,-1.0,-1.0,2,-1.0,-1.0,2,-1.0,-1.0,2,-1.0,-1.0,2,-1.0,-1.0,2,-1.0,-1.0,2,-1.0,-1.0,2,-1.0,-1.0,1.0,8.99,0.0,2.19,0.0,5.52,0.0,4.11,YES,YES,1.0,20.5,1.0,21.25,0.0,5.88,1.0,14.13,1.0,12.3,2.0,23.43,2.0,25.47,0.0,5.36,0.0,4.6,1.0,13.69,4.0,31.19,1,1,1,1,3.0,7.0,1,2,3.0,2,4.0,1.0,-0.92,-1.12,1.0,2.0,12.0,12.0,1,3,2.0,1.0,1.0,1.0,1.0,1.0,3.0,2.0,-1.0,-0.99,2.0,-1.0,-1.0,-1.0,-1.0,-1.0,-1.0
11,1,1,1,1,3,1,0,0-18,1,4,3,1,2.0,8.0,-1.0,-1.0,-1.0,-1.0,-1.0,-1.0,-1.0,298.0423127,2004,1.0,3.0,9.0,8.0,9.78,6.0,61.63,-1.0,-1.0,-1.0,1.0,4.0,1.0,1.0,1.0,1.0,4.0,1.0,2.0,-1.0,2.0,-1.0,-1.0,-1.0,-1.0,-1.0,-1.0,2.0,1.0,2.0,1.0,1.0,-1.0,-1.0,1.0,1.0,1.0,-1.0,-1.0,-1.0,-1.0,<10k,2,-1.0,-1.0,2,-1.0,-1.0,2,-1.0,-1.0,2,-1.0,-1.0,2,-1.0,-1.0,2,-1.0,-1.0,2,-1.0,-1.0,2,-1.0,-1.0,2,-1.0,-1.0,2,-1.0,-1.0,1.0,8.49,0.0,1.9,0.0,4.79,0.0,4.37,YES,YES,1.0,18.11,1.0,18.58,0.0,6.05,1.0,15.12,1.0,14.64,2.0,25.1,2.0,25.57,0.0,4.82,0.0,5.09,1.0,14.62,4.0,36.13,1,1,1,1,3.0,7.0,1,2,3.0,2,4.0,1.0,-1.07,-1.11,1.0,2.0,12.0,12.0,1,3,2.0,1.0,1.0,1.0,1.0,1.0,3.0,2.0,-1.0,-1.0,2.0,-1.0,-1.0,-1.0,-1.0,-1.0,-1.0
11,1,1,1,1,1,1,50,51-65,1,4,3,2,9.0,12.0,4.0,2.0,-1.0,-1.0,-1.0,-1.0,-1.0,298.0423127,1958,-1.0,-1.0,-1.0,-1.0,-1.09,-1.0,-1.02,-1.0,-1.0,-1.0,2.0,-1.0,-1.0,2.0,-1.0,2.0,-1.0,-1.0,2.0,-1.0,2.0,-1.0,-1.0,-1.0,-1.0,-1.0,-1.0,1.0,1.0,2.0,1.0,1.0,-1.0,-1.0,1.0,1.0,1.0,1.0,29000.0,-1.0,-1.0,<10k,2,-1.0,-1.0,2,-1.0,-1.0,2,-1.0,-1.0,2,-1.0,-1.0,2,-1.0,-1.0,2,-1.0,-1.0,2,-1.0,-1.0,2,-1.0,-1.0,2,-1.0,-1.0,2,-1.0,-1.0,1.0,9.9,0.0,2.09,0.0,4.16,0.0,5.42,YES,YES,1.0,21.1,1.0,22.33,0.0,6.04,1.0,14.35,1.0,14.56,2.0,20.18,2.0,26.1,0.0,4.52,0.0,4.79,1.0,12.26,4.0,26.34,1,1,1,1,3.0,7.0,1,2,3.0,2,4.0,1.0,-1.05,-1.0,1.0,2.0,12.0,12.0,1,3,2.0,1.0,1.0,1.0,1.0,1.0,3.0,2.0,-1.0,-1.11,2.0,-1.0,-1.0,-1.0,-1.0,-1.0,-1.0
11,1,1,1,1,2,2,60,51-65,1,4,3,2,9.0,10.0,7.0,2.0,-1.0,-1.0,-1.0,-1.0,-1.0,298.0423127,1960,-1.0,-1.0,-1.0,-1.0,-1.02,-1.0,-1.17,-1.0,-1.0,-1.0,2.0,-1.0,-1.0,2.0,-1.0,2.0,-1.0,-1.0,2.0,-1.0,2.0,-1.0,-1.0,-1.0,-1.0,-1.0,-1.0,2.0,1.0,2.0,1.0,1.0,-1.0,-1.0,1.0,1.0,1.0,1.0,15000.0,-1.0,-1.0,<10k,2,-1.0,-1.0,2,-1.0,-1.0,2,-1.0,-1.0,2,-1.0,-1.0,2,-1.0,-1.0,2,-1.0,-1.0,2,-1.0,-1.0,2,-1.0,-1.0,2,-1.0,-1.0,2,-1.0,-1.0,1.0,11.9,0.0,1.83,0.0,5.53,0.0,5.35,YES,YES,1.0,19.67,1.0,19.23,0.0,4.94,1.0,15.01,1.0,16.32,2.0,26.03,2.0,29.16,0.0,5.36,0.0,4.55,1.0,14.34,4.0,33.98,1,1,1,1,3.0,7.0,1,2,3.0,2,4.0,1.0,-1.15,-1.04,1.0,2.0,12.0,12.0,1,3,2.0,1.0,1.0,1.0,1.0,1.0,3.0,2.0,-1.0,-1.04,2.0,-1.0,-1.0,-1.0,-1.0,-1.0,-1.0
11,1,1,1,1,3,2,90,19-35,1,4,3,2,9.0,13.0,1.0,1.0,2330.0,85211.0,1.0,-1.0,-1.0,298.0423127,1991,3.0,-1.0,-1.0,-1.0,-0.96,-1.0,-1.08,-1.0,9.0,2015.0,2.0,-1.0,-1.0,2.0,-1.0,2.0,-1.0,-1.0,2.0,-1.0,2.0,-1.0,-1.0,-1.0,-1.0,-1.0,-1.0,1.0,1.0,2.0,1.0,1.0,-1.0,-1.0,1.0,1.0,1.0,1.0,30000.0,-1.0,-1.0,<10k,2,-1.0,-1.0,2,-1.0,-1.0,2,-1.0,-1.0,2,-1.0,-1.0,2,-1.0,-1.0,2,-1.0,-1.0,2,-1.0,-1.0,2,-1.0,-1.0,2,-1.0,-1.0,2,-1.0,-1.0,1.0,11.35,0.0,1.77,0.0,5.02,0.0,5.33,YES,YES,1.0,20.23,1.0,18.85,0.0,5.59,1.0,15.96,1.0,18.78,2.0,24.0,2.0,25.74,0.0,5.43,0.0,4.33,1.0,11.51,4.0,35.98,1,1,1,1,3.0,7.0,1,2,3.0,2,4.0,1.0,-0.91,-1.26,1.0,2.0,12.0,12.0,1,3,2.0,1.0,1.0,1.0,1.0,1.0,3.0,2.0,-1.0,-1.01,2.0,-1.0,-1.0,-1.0,-1.0,-1.0,-1.0
11,1,1,1,1,3,2,90,19-35,1,4,3,1,3.0,13.0,8.0,2.0,-1.0,-1.0,-1.0,-1.0,-1.0,298.0423127,1992,1.0,1.0,13.0,12.0,4.15,6.0,31.3,-1.0,-1.0,-1.0,2.0,-1.0,-1.0,2.0,-1.0,2.0,-1.0,-1.0,2.0,-1.0,2.0,-1.0,-1.0,-1.0,-1.0,-1.0,-1.0,1.0,1.0,2.0,1.0,1.0,-1.0,-1.0,1.0,1.0,1.0,1.0,33000.0,5000.0,-1.0,<10k,2,-1.0,-1.0,2,-1.0,-1.0,2,-1.0,-1.0,2,-1.0,-1.0,2,-1.0,-1.0,2,-1.0,-1.0,2,-1.0,-1.0,2,-1.0,-1.0,2,-1.0,-1.0,2,-1.0,-1.0,1.0,10.59,0.0,1.93,0.0,5.08,0.0,4.65,YES,YES,1.0,21.11,1.0,18.04,0.0,7.06,1.0,16.1,1.0,15.11,2.0,23.79,2.0,25.32,0.0,4.63,0.0,4.66,1.0,16.15,4.0,35.07,1,1,1,1,3.0,7.0,1,2,3.0,2,4.0,1.0,-1.14,-0.99,1.0,2.0,12.0,12.0,1,3,2.0,1.0,1.0,1.0,1.0,1.0,3.0,2.0,-1.0,-0.89,2.0,-1.0,-1.0,-1.0,-1.0,-1.0,-1.0
11,1,1,1,1,5,2,10,0-18,1,4,3,1,1.0,-1.0,-1.0,-1.0,-1.0,-1.0,-1.0,-1.0,-1.0,298.0423127,2016,1.0,3.0,9.0,8.0,10.56,6.0,61.6,-1.0,-1.0,-1.0,1.0,4.0,1.0,1.0,1.0,1.0,4.0,1.0,2.0,-1.0,2.0,-1.0,-1.0,-1.0,-1.0,-1.0,-1.0,2.0,1.0,2.0,1.0,1.0,-1.0,-1.0,1.0,1.0,1.0,-1.0,-1.0,-1.0,-1.0,<10k,2,-1.0,-1.0,2,-1.0,-1.0,2,-1.0,-1.0,2,-1.0,-1.0,2,-1.0,-1.0,2,-1.0,-1.0,2,-1.0,-1.0,2,-1.0,-1.0,2,-1.0,-1.0,2,-1.0,-1.0,1.0,10.5,0.0,2.22,0.0,4.79,0.0,4.39,YES,YES,1.0,21.23,1.0,20.48,0.0,6.27,1.0,18.75,1.0,15.89,2.0,22.34,2.0,23.66,0.0,4.37,0.0,5.61,1.0,16.14,4.0,31.71,1,1,1,1,3.0,7.0,1,2,3.0,2,4.0,1.0,-0.99,-1.04,1.0,2.0,12.0,12.0,1,3,2.0,1.0,1.0,1.0,1.0,1.0,3.0,2.0,-1.0,-1.1,2.0,-1.0,-1.0,-1.0,-1.0,-1.0,-1.0
11,1,1,1,1,1,2,50,51-65,1,4,3,4,9.0,9.0,7.0,2.0,-1.0,-1.0,-1.0,-1.0,-1.0,298.0423127,1956,-1.0,-1.0,-1.0,-1.0,-0.97,-1.0,-0.99,-1.0,-1.0,-1.0,2.0,-1.0,-1.0,2.0,-1.0,2.0,-1.0,-1.0,2.0,-1.0,2.0,-1.0,-1.0,-1.0,-1.0,-1.0,-1.0,1.0,1.0,2.0,1.0,1.0,-1.0,-1.0,1.0,1.0,1.0,1.0,29000.0,-1.0,-1.0,<10k,2,-1.0,-1.0,2,-1.0,-1.0,2,-1.0,-1.0,2,-1.0,-1.0,2,-1.0,-1.0,2,-1.0,-1.0,2,-1.0,-1.0,2,-1.0,-1.0,2,-1.0,-1.0,2,-1.0,-1.0,1.0,9.7,0.0,2.04,0.0,5.08,0.0,5.65,YES,YES,1.0,17.34,1.0,15.72,0.0,4.7,1.0,14.78,1.0,14.8,2.0,22.32,2.0,23.84,0.0,4.77,0.0,4.9,1.0,15.86,4.0,35.14,1,1,1,1,3.0,7.0,1,2,3.0,2,4.0,1.0,-0.94,-0.8,1.0,2.0,12.0,12.0,1,3,2.0,1.0,1.0,1.0,1.0,1.0,3.0,2.0,-1.0,-1.02,2.0,-1.0,-1.0,-1.0,-1.0,-1.0,-1.0
11,1,1,1,1,1,1,50,51-65,1,1,1,2,9.0,4.0,1.0,1.0,9112.0,10629.0,3.0,-1.0,-1.0,298.0423127,1958,-1.0,-1.0,-1.0,-1.0,-0.86,-1.0,-1.11,-1.0,-1.0,-1.0,2.0,-1.0,-1.0,2.0,-1.0,2.0,-1.0,-1.0,2.0,-1.0,2.0,-1.0,-1.0,-1.0,-1.0,-1.0,-1.0,1.0,1.0,2.0,1.0,1.0,-1.0,-1.0,1.0,1.0,1.0,1.0,29000.0,-1.0,-1.0,<10k,2,-1.0,-1.0,2,-1.0,-1.0,2,-1.0,-1.0,2,-1.0,-1.0,2,-1.0,-1.0,2,-1.0,-1.0,2,-1.0,-1.0,2,-1.0,-1.0,2,-1.0,-1.0,2,-1.0,-1.0,1.0,9.19,0.0,1.85,0.0,5.73,0.0,5.05,YES,YES,1.0,14.49,1.0,17.01,0.0,6.19,1.0,14.77,1.0,13.6,2.0,29.24,2.0,23.12,0.0,5.14,0.0,5.77,1.0,13.27,4.0,30.11,1,1,1,1,3.0,7.0,1,2,3.0,2,4.0,1.0,-0.9,-0.9,1.0,2.0,12.0,12.0,1,3,2.0,1.0,1.0,1.0,1.0,1.0,3.0,2.0,-1.0,-0.96,2.0,-1.0,-1.0,-1.0,-1.0,-1.0,-1.0
11,1,1,1,1,2,2,50,51-65,1,1,1,2,9.0,8.0,7.0,2.0,-1.0,-1.0,-1.0,-1.0,-1.0,298.0423127,1959,-1.0,-1.0,-1.0,-1.0,-1.03,-1.0,-1.17,-1.0,-1.0,-1.0,2.0,-1.0,-1.0,2.0,-1.0,2.0,-1.0,-1.0,2.0,-1.0,2.0,-1.0,-1.0,-1.0,-1.0,-1.0,-1.0,2.0,1.0,2.0,1.0,1.0,-1.0,-1.0,1.0,1.0,1.0,1.0,15000.0,-1.0,-1.0,<10k,2,-1.0,-1.0,2,-1.0,-1.0,2,-1.0,-1.0,2,-1.0,-1.0,2,-1.0,-1.0,2,-1.0,-1.0,2,-1.0,-1.0,2,-1.0,-1.0,2,-1.0,-1.0,2,-1.0,-1.0,1.0,9.55,0.0,2.22,0.0,5.25,0.0,4.61,YES,YES,1.0,22.99,1.0,20.74,0.0,6.76,1.0,16.51,1.0,17.17,2.0,22.49,2.0,25.8,0.0,5.53,0.0,5.45,1.0,13.7,4.0,29.37,1,1,1,1,3.0,7.0,1,2,3.0,2,4.0,1.0,-1.01,-0.83,1.0,2.0,12.0,12.0,1,3,2.0,1.0,1.0,1.0,1.0,1.0,3.0,2.0,-1.0,-0.88,2.0,-1.0,-1.0,-1.0,-1.0,-1.0,-1.0
11,1,1,1,1,5,2,30,66+,1,1,1,4,9.0,5.0,9.0,2.0,-1.0,-1.0,-1.0,-1.0,-1.0,298.0423127,1939,3.0,-1.0,-1.0,-1.0,-1.08,-1.0,-0.96,-1.0,9.0,2015.0,2.0,-1.0,-1.0,2.0,-1.0,2.0,-1.0,-1.0,2.0,-1.0,2.0,-1.0,-1.0,-1.0,-1.0,-1.0,-1.0,1.0,1.0,2.0,1.0,1.0,-1.0,-1.0,1.0,1.0,1.0,1.0,30000.0,-1.0,-1.0,<10k,2,-1.0,-1.0,2,-1.0,-1.0,2,-1.0,-1.0,2,-1.0,-1.0,2,-1.0,-1.0,2,-1.0,-1.0,2,-1.0,-1.0,2,-1.0,-1.0,2,-1.0,-1.0,2,-1.0,-1.0,1.0,10.42,0.0,2.14,0.0,5.18,0.0,5.37,YES,YES,1.0,19.12,1.0,16.0,0.0,5.17,1.0,14.7,1.0,12.31,2.0,25.96,2.0,28.8,0.0,5.22,0.0,5.97,1.0,14.56,4.0,30.03,1,1,1,1,3.0,7.0,1,2,3.0,2,4.0,1.0,-0.9,-0.93,1.0,2.0,12.0,12.0,1,3,2.0,1.0,1.0,1.0,1.0,1.0,3.0,2.0,-1.0,-0.92,2.0,-1.0,-1.0,-1.0,-1.0,-1.0,-1.0
11,1,1,1,1,3,1,70,36-50,1,1,1,2,9.0,12.0,1.0,1.0,4110.0,84130.0,1.0,-1.0,-1.0,298.0423127,1977,1.0,1.0,13.0,12.0,4.51,6.0,41.52,-1.0,-1.0,-1.0,2.0,-1.0,-1.0,2.0,-1.0,2.0,-1.0,-1.0,2.0,-1.0,2.0,-1.0,-1.0,-1.0,-1.0,-1.0,-1.0,1.0,1.0,2.0,1.0,1.0,-1.0,-1.0,1.0,1.0,1.0,1.0,33000.0,5000.0,-1.0,<10k,2,-1.0,-1.0,2,-1.0,-1.0,2,-1.0,-1.0,2,-1.0,-1.0,2,-1.0,-1.0,2,-1.0,-1.0,2,-1.0,-1.0,2,-1.0,-1.0,2,-1.0,-1.0,2,-1.0,-1.0,1.0,9.94,0.0,2.0,0.0,5.5,0.0,4.65,YES,YES,1.0,23.73,1.0,23.06,0.0,6.0,1.0,12.43,1.0,14.13,2.0,25.27,2.0,22.15,0.0,5.05,0.0,4.25,1.0,16.54,4.0,33.95,1,1,1,1,3.0,7.0,1,2,3.0,2,4.0,1.0,-1.01,-0.97,1.0,2.0,12.0,12.0,1,3,2.0,1.0,1.0,1.0,1.0,1.0,3.0,2.0,-1.0,-1.16,2.0,-1.0,-1.0,-1.0,-1.0,-1.0,-1.0
11,1,1,1,1,5,2,80,19-35,1,1,1,2,9.0,12.0,7.0,2.0,-1.0,-1.0,-1.0,-1.0,-1.0,298.0423127,1983,1.0,3.0,9.0,8.0,9.84,6.0,72.77,-1.0,-1.0,-1.0,1.0,4.0,1.0,1.0,1.0,1.0,4.0,1.0,2.0,-1.0,2.0,-1.0,-1.0,-1.0,-1.0,-1.0,-1.0,2.0,1.0,2.0,1.0,1.0,-1.0,-1.0,1.0,1.0,1.0,-1.0,-1.0,-1.0,-1.0,<10k,2,-1.0,-1.0,2,-1.0,-1.0,2,-1.0,-1.0,2,-1.0,-1.0,2,-1.0,-1.0,2,-1.0,-1.0,2,-1.0,-1.0,2,-1.0,-1.0,2,-1.0,-1.0,2,-1.0,-1.0,1.0,10.07,0.0,1.76,0.0,5.17,0.0,4.56,YES,YES,1.0,22.26,1.0,20.57,0.0,5.82,1.0,14.59,1.0,15.38,2.0,29.51,2.0,28.18,0.0,4.58,0.0,5.78,1.0,14.43,4.0,35.94,1,1,1,1,3.0,7.0,1,2,3.0,2,4.0,1.0,-0.91,-0.84,1.0,2.0,12.0,12.0,1,3,2.0,1.0,1.0,1.0,1.0,1.0,3.0,2.0,-1.0,-0.95,2.0,-1.0,-1.0,-1.0,-1.0,-1.0,-1.0
11,1,1,1,1,5,2,0,0-18,1,1,1,1,2.0,10.0,8.0,2.0,-1.0,-1.0,-1.0,-1.0,-1.0,298.0423127,2003,1.0,1.0,11.0,10.0,3.28,3.0,13.72,-1.0,-1.0,-1.0,2.0,-1.0,-1.0,2.0,-1.0,2.0,-1.0,-1.0,2.0,-1.0,2.0,-1.0,-1.0,-1.0,-1.0,-1.0,-1.0,2.0,1.0,2.0,1.0,1.0,-1.0,-1.0,1.0,1.0,1.0,-1.0,-1.0,-1.0,-1.0,<10k,2,-1.0,-1.0,2,-1.0,-1.0,2,-1.0,-1.0,2,-1.0,-1.0,2,-1.0,-1.0,2,-1.0,-1.0,2,-1.0,-1.0,2,-1.0,-1.0,2,-1.0,-1.0,2,-1.0,-1.0,1.0,9.8,0.0,1.97,0.0,5.81,0.0,4.65,YES,YES,1.0,19.25,1.0,21.58,0.0,6.05,1.0,13.63,1.0,14.86,2.0,26.21,2.0,21.26,0.0,4.71,0.0,4.25,1.0,15.07,4.0,32.01,1,1,1,1,3.0,7.0,1,2,3.0,2,4.0,1.0,-0.86,-1.0,1.0,2.0,12.0,12.0,1,3,2.0,1.0,1.0,1.0,1.0,1.0,3.0,2.0,-1.0,-1.05,2.0,-1.0,-1.0,-1.0,-1.0,-1.0,-1.0
11,1,1,1,1,5,1,10,0-18,1,1,1,1,2.0,2.0,-1.0,-1.0,-1.0,-1.0,-1.0,-1.0,-1.0,298.0423127,2011,1.0,1.0,3.0,2.0,3.27,3.0,15.0,-1.0,-1.0,-1.0,2.0,-1.0,-1.0,2.0,-1.0,2.0,-1.0,-1.0,2.0,-1.0,2.0,-1.0,-1.0,-1.0,-1.0,-1.0,-1.0,2.0,1.0,2.0,1.0,1.0,-1.0,-1.0,1.0,1.0,1.0,-1.0,-1.0,-1.0,-1.0,<10k,2,-1.0,-1.0,2,-1.0,-1.0,2,-1.0,-1.0,2,-1.0,-1.0,2,-1.0,-1.0,2,-1.0,-1.0,2,-1.0,-1.0,2,-1.0,-1.0,2,-1.0,-1.0,2,-1.0,-1.0,1.0,11.07,0.0,2.23,0.0,4.24,0.0,5.02,YES,YES,1.0,18.44,1.0,17.96,0.0,5.6,1.0,11.88,1.0,13.92,2.0,28.41,2.0,23.05,0.0,5.39,0.0,5.81,1.0,13.63,4.0,35.78,1,1,1,1,3.0,7.0,1,2,3.0,2,4.0,1.0,-1.05,-1.03,1.0,2.0,12.0,12.0,1,3,2.0,1.0,1.0,1.0,1.0,1.0,3.0,2.0,-1.0,-0.85,2.0,-1.0,-1.0,-1.0,-1.0,-1.0,-1.0
11,1,1,1,1,1,1,60,51-65,1,1,1,2,9.0,12.0,4.0,2.0,-1.0,-1.0,-1.0,-1.0,-1.0,298.0423127,1967,-1.0,-1.0,-1.0,-1.0,-0.84,-1.0,-0.87,-1.0,-1.0,-1.0,2.0,-1.0,-1.0,2.0,-1.0,2.0,-1.0,-1.0,2.0,-1.0,2.0,-1.0,-1.0,-1.0,-1.0,-1.0,-1.0,1.0,1.0,2.0,1.0,1.0,-1.0,-1.0,1.0,1.0,1.0,1.0,29000.0,-1.0,-1.0,<10k,2,-1.0,-1.0,2,-1.0,-1.0,2,-1.0,-1.0,2,-1.0,-1.0,2,-1.0,-1.0,2,-1.0,-1.0,2,-1.0,-1.0,2,-1.0,-1.0,2,-1.0,-1.0,2,-1.0,-1.0,1.0,9.94,0.0,1.95,0.0,3.97,0.0,4.51,YES,YES,1.0,23.22,1.0,17.14,0.0,5.14,1.0,12.08,1.0,13.92,2.0,24.62,2.0,21.79,0.0,5.51,0.0,5.35,1.0,14.19,4.0,37.77,1,1,1,1,3.0,7.0,1,2,3.0,2,4.0,1.0,-0.91,-0.98,1.0,2.0,12.0,12.0,1,3,2.0,1.0,1.0,1.0,1.0,1.0,3.0,2.0,-1.0,-0.84,2.0,-1.0,-1.0,-1.0,-1.0,-1.0,-1.0
11,1,1,1,1,2,2,60,51-65,1,1,1,2,9.0,11.0,7.0,2.0,-1.0,-1.0,-1.0,-1.0,-1.0,298.0423127,1967,-1.0,-1.0,-1.0,-1.0,-0.93,-1.0,-0.96,-1.0,-1.0,-1.0,2.0,-1.0,-1.0,2.0,-1.0,2.0,-1.0,-1.0,2.0,-1.0,2.0,-1.0,-1.0,-1.0,-1.0,-1.0,-1.0,2.0,1.0,2.0,1.0,1.0,-1.0,-1.0,1.0,1.0,1.0,1.0,15000.0,-1.0,-1.0,<10k,2,-1.0,-1.0,2,-1.0,-1.0,2,-1.0,-1.0,2,-1.0,-1.0,2,-1.0,-1.0,2,-1.0,-1.0,2,-1.0,-1.0,2,-1.0,-1.0,2,-1.0,-1.0,2,-1.0,-1.0,1.0,11.3,0.0,2.06,0.0,5.12,0.0,5.08,YES,YES,1.0,22.41,1.0,16.76,0.0,6.27,1.0,14.96,1.0,17.01,2.0,22.97,2.0,28.89,0.0,5.19,0.0,5.07,1.0,13.9,4.0,34.82,1,1,1,1,3.0,7.0,1,2,3.0,2,4.0,1.0,-1.0,-0.89,1.0,2.0,12.0,12.0,1,3,2.0,1.0,1.0,1.0,1.0,1.0,3.0,2.0,-1.0,-1.1,2.0,-1.0,-1.0,-1.0,-1.0,-1.0,-1.0
11,1,1,1,1,3,2,90,19-35,1,1,1,1,9.0,12.0,1.0,1.0,3349.0,47598.0,3.0,-1.0,-1.0,298.0423127,1994,3.0,-1.0,-1.0,-1.0,-1.07,-1.0,-1.11,-1.0,9.0,2015.0,2.0,-1.0,-1.0,2.0,-1.0,2.0,-1.0,-1.0,2.0,-1.0,2.0,-1.0,-1.0,-1.0,-1.0,-1.0,-1.0,1.0,1.0,2.0,1.0,1.0,-1.0,-1.0,1.0,1.0,1.0,1.0,30000.0,-1.0,-1.0,<10k,2,-1.0,-1.0,2,-1.0,-1.0,2,-1.0,-1.0,2,-1.0,-1.0,2,-1.0,-1.0,2,-1.0,-1.0,2,-1.0,-1.0,2,-1.0,-1.0,2,-1.0,-1.0,2,-1.0,-1.0,1.0,9.82,0.0,1.97,0.0,5.23,0.0,5.16,YES,YES,1.0,15.49,1.0,23.45,0.0,5.87,1.0,15.87,1.0,12.72,2.0,28.71,2.0,24.98,0.0,5.29,0.0,4.67,1.0,13.16,4.0,31.7,1,1,1,1,3.0,7.0,1,2,3.0,2,4.0,1.0,-0.82,-1.23,1.0,2.0,12.0,12.0,1,3,2.0,1.0,1.0,1.0,1.0,1.0,3.0,2.0,-1.0,-1.02,2.0,-1.0,-1.0,-1.0,-1.0,-1.0,-1.0
11,1,1,1,1,3,1,90,19-35,1,1,1,1,2.0,12.0,8.0,2.0,-1.0,-1.0,-1.0,-1.0,-1.0,298.0423127,1999,1.0,1.0,13.0,12.0,3.86,6.0,34.28,-1.0,-1.0,-1.0,2.0,-1.0,-1.0,2.0,-1.0,2.0,-1.0,-1.0,2.0,-1.0,2.0,-1.0,-1.0,-1.0,-1.0,-1.0,-1.0,1.0,1.0,2.0,1.0,1.0,-1.0,-1.0,1.0,1.0,1.0,1.0,33000.0,5000.0,-1.0,<10k,2,-1.0,-1.0,2,-1.0,-1.0,2,-1.0,-1.0,2,-1.0,-1.0,2,-1.0,-1.0,2,-1.0,-1.0,2,-1.0,-1.0,2,-1.0,-1.0,2,-1.0,-1.0,2,-1.0,-1.0,1.0,10.62,0.0,2.15,0.0,4.92,0.0,4.79,YES,YES,1.0,17.23,1.0,18.43,0.0,6.5,1.0,12.73,1.0,14.47,2.0,23.53,2.0,27.52,0.0,4.64,0.0,4.96,1.0,14.27,4.0,40.42,1,1,1,1,3.0,7.0,1,2,3.0,2,4.0,1.0,-1.03,-1.17,1.0,2.0,12.0,12.0,1,3,2.0,1.0,1.0,1.0,1.0,1.0,3.0,2.0,-1.0,-1.03,2.0,-1.0,-1.0,-1.0,-1.0,-1.0,-1.0
11,1,1,1,1,1,2,40,66+,1,1,1,2,9.0,11.0,9.0,2.0,-1.0,-1.0,-1.0,-1.0,-1.0,298.0423127,1942,-1.0,-1.0,-1.0,-1.0,-1.18,-1.0,-0.89,-1.0,-1.0,-1.0,2.0,-1.0,-1.0,2.0,-1.0,2.0,-1.0,-1.0,2.0,-1.0,2.0,-1.0,-1.0,-1.0,-1.0,-1.0,-1.0,1.0,1.0,2.0,1.0,1.0,-1.0,-1.0,1.0,1.0,1.0,1.0,29000.0,-1.0,-1.0,<10k,2,-1.0,-1.0,2,-1.0,-1.0,2,-1.0,-1.0,2,-1.0,-1.0,2,-1.0,-1.0,2,-1.0,-1.0,2,-1.0,-1.0,2,-1.0,-1.0,2,-1.0,-1.0,2,-1.0,-1.0,1.0,9.43,0.0,2.23,0.0,3.48,0.0,4.59,YES,YES,1.0,17.59,1.0,22.16,0.0,6.39,1.0,14.82,1.0,16.36,2.0,23.63,2.0,27.1,0.0,4.18,0.0,4.72,1.0,15.15,4.0,36.04,1,1,1,1,3.0,7.0,1,2,3.0,2,4.0,1.0,-1.05,-1.0,1.0,2.0,12.0,12.0,1,3,2.0,1.0,1.0,1.0,1.0,1.0,3.0,2.0,-1.0,-0.91,2.0,-1.0,-1.0,-1.0,-1.0,-1.0,-1.0
11,1,1,1,1,2,1,40,66+,1,1,1,2,9.0,5.0,9.0,2.0,-1.0,-1.0,-1.0,-1.0,-1.0,298.0423127,1940,-1.0,-1.0,-1.0,-1.0,-1.25,-1.0,-1.21,-1.0,-1.0,-1.0,2.0,-1.0,-1.0,2.0,-1.0,2.0,-1.0,-1.0,2.0,-1.0,2.0,-1.0,-1.0,-1.0,-1.0,-1.0,-1.0,2.0,1.0,2.0,1.0,1.0,-1.0,-1.0,1.0,1.0,1.0,1.0,15000.0,-1.0,-1.0,<10k,2,-1.0,-1.0,2,-1.0,-1.0,2,-1.0,-1.0,2,-1.0,-1.0,2,-1.0,-1.0,2,-1.0,-1.0,2,-1.0,-1.0,2,-1.0,-1.0,2,-1.0,-1.0,2,-1.0,-1.0,1.0,9.37,0.0,2.11,0.0,5.61,0.0,4.62,YES,YES,1.0,22.07,1.0,19.43,0.0,6.12,1.0,15.11,1.0,17.02,2.0,22.58,2.0,25.18,0.0,5.05,0.0,5.1,1.0,14.47,4.0,43.06,1,1,1,1,3.0,7.0,1,2,3.0,2,4.0,1.0,-1.06,-1.12,1.0,2.0,12.0,12.0,1,3,2.0,1.0,1.0,1.0,1.0,1.0,3.0,2.0,-1.0,-1.11,2.0,-1.0,-1.0,-1.0,-1.0,-1.0,-1.0
11,1,1,1,1,3,2,70,36-50,1,1,1,1,9.0,10.0,1.0,1.0,8152.0,13945.0,3.0,-1.0,-1.0,298.0423127,1970,3.0,-1.0,-1.0,-1.0,-1.1,-1.0,-1.04,-1.0,9.0,2015.0,2.0,-1.0,-1.0,2.0,-1.0,2.0,-1.0,-1.0,2.0,-1.0,2.0,-1.0,-1.0,-1.0,-1.0,-1.0,-1.0,1.0,1.0,2.0,1.0,1.0,-1.0,-1.0,1.0,1.0,1.0,1.0,30000.0,-1.0,-1.0,<10k,2,-1.0,-1.0,2,-1.0,-1.0,2,-1.0,-1.0,2,-1.0,-1.0,2,-1.0,-1.0,2,-1.0,-1.0,2,-1.0,-1.0,2,-1.0,-1.0,2,-1.0,-1.0,2,-1.0,-1.0,1.0,9.37,0.0,1.88,0.0,4.63,0.0,4.55,YES,YES,1.0,19.08,1.0,20.12,0.0,5.8,1.0,14.72,1.0,14.73,2.0,25.76,2.0,25.11,0.0,5.2,0.0,4.96,1.0,15.92,4.0,32.18,1,1,1,1,3.0,7.0,1,2,3.0,2,4.0,1.0,-1.24,-1.04,1.0,2.0,12.0,12.0,1,3,2.0,1.0,1.0,1.0,1.0,1.0,3.0,2.0,-1.0,-0.83,2.0,-1.0,-1.0,-1.0,-1.0,-1.0,-1.0
11,1,1,1,1,1,1,70,36-50,1,1,4,2,9.0,13.0,1.0,1.0,7116.0,41003.0,3.0,-1.0,-1.0,298.0423127,1977,-1.0,-1.0,-1.0,-1.0,-0.89,-1.0,-1.04,-1.0,-1.0,-1.0,2.0,-1.0,-1.0,2.0,-1.0,2.0,-1.0,-1.0,2.0,-1.0,2.0,-1.0,-1.0,-1.0,-1.0,-1.0,-1.0,1.0,1.0,2.0,1.0,1.0,-1.0,-1.0,1.0,1.0,1.0,1.0,29000.0,-1.0,-1.0,<10k,2,-1.0,-1.0,2,-1.0,-1.0,2,-1.0,-1.0,2,-1.0,-1.0,2,-1.0,-1.0,2,-1.0,-1.0,2,-1.0,-1.0,2,-1.0,-1.0,2,-1.0,-1.0,2,-1.0,-1.0,1.0,10.64,0.0,1.82,0.0,4.68,0.0,4.95,YES,YES,1.0,20.2,1.0,16.56,0.0,5.22,1.0,15.06,1.0,14.73,2.0,23.98,2.0,28.72,0.0,5.55,0.0,5.28,1.0,16.04,4.0,34.46,1,1,1,1,3.0,7.0,1,2,3.0,2,4.0,1.0,-1.18,-1.1,1.0,2.0,12.0,12.0,1,3,2.0,1.0,1.0,1.0,1.0,1.0,3.0,2.0,-1.0,-1.09,2.0,-1.0,-1.0,-1.0,-1.0,-1.0,-1.0
11,1,1,1,1,2,2,70,36-50,1,1,4,2,9.0,10.0,1.0,1.0,9112.0,85211.0,1.0,-1.0,-1.0,298.0423127,1978,-1.0,-1.0,-1.0,-1.0,-1.09,-1.0,-1.04,-1.0,-1.0,-1.0,2.0,-1.0,-1.0,2.0,-1.0,2.0,-1.0,-1.0,2.0,-1.0,2.0,-1.0,-1.0,-1.0,-1.0,-1.0,-1.0,2.0,1.0,2.0,1.0,1.0,-1.0,-1.0,1.0,1.0,1.0,1.0,15000.0,-1.0,-1.0,<10k,2,-1.0,-1.0,2,-1.0,-1.0,2,-1.0,-1.0,2,-1.0,-1.0,2,-1.0,-1.0,2,-1.0,-1.0,2,-1.0,-1.0,2,-1.0,-1.0,2,-1.0,-1.0,2,-1.0,-1.0,1.0,11.4,0.0,1.78,0.0,5.47,0.0,5.11,YES,YES,1.0,20.0,1.0,21.94,0.0,5.49,1.0,14.08,1.0,15.67,2.0,24.33,2.0,30.11,0.0,4.45,0.0,4.87,1.0,14.63,4.0,34.9,1,1,1,1,3.0,7.0,1,2,3.0,2,4.0,1.0,-1.03,-1.05,1.0,2.0,12.0,12.0,1,3,2.0,1.0,1.0,1.0,1.0,1.0,3.0,2.0,-1.0,-1.21,2.0,-1.0,-1.0,-1.0,-1.0,-1.0,-1.0
11,1,1,1,1,3,2,0,0-18,1,1,4,1,9.0,10.0,1.0,1.0,2342.0,85101.0,3.0,-1.0,-1.0,298.0423127,2000,3.0,-1.0,-1.0,-1.0,-1.04,-1.0,-0.87,-1.0,9.0,2015.0,2.0,-1.0,-1.0,2.0,-1.0,2.0,-1.0,-1.0,2.0,-1.0,2.0,-1.0,-1.0,-1.0,-1.0,-1.0,-1.0,1.0,1.0,2.0,1.0,1.0,-1.0,-1.0,1.0,1.0,1.0,1.0,30000.0,-1.0,-1.0,<10k,2,-1.0,-1.0,2,-1.0,-1.0,2,-1.0,-1.0,2,-1.0,-1.0,2,-1.0,-1.0,2,-1.0,-1.0,2,-1.0,-1.0,2,-1.0,-1.0,2,-1.0,-1.0,2,-1.0,-1.0,1.0,10.62,0.0,2.12,0.0,4.93,0.0,5.12,YES,YES,1.0,17.8,1.0,20.85,0.0,5.56,1.0,15.11,1.0,15.2,2.0,22.12,2.0,20.87,0.0,5.31,0.0,5.05,1.0,13.81,4.0,30.83,1,1,1,1,3.0,7.0,1,2,3.0,2,4.0,1.0,-0.92,-0.97,1.0,2.0,12.0,12.0,1,3,2.0,1.0,1.0,1.0,1.0,1.0,3.0,2.0,-1.0,-0.99,2.0,-1.0,-1.0,-1.0,-1.0,-1.0,-1.0
11,1,1,1,1,1,1,60,36-50,1,1,1,2,9.0,11.0,1.0,1.0,3115.0,23933.0,3.0,-1.0,-1.0,271.9852019,1969,-1.0,-1.0,-1.0,-1.0,-0.9,-1.0,-0.95,-1.0,-1.0,-1.0,2.0,-1.0,-1.0,2.0,-1.0,2.0,-1.0,-1.0,2.0,-1.0,2.0,-1.0,-1.0,-1.0,-1.0,-1.0,-1.0,1.0,1.0,2.0,1.0,1.0,-1.0,-1.0,1.0,1.0,1.0,1.0,40000.0,10000.0,40000.0,<10k,2,-1.0,-1.0,1,200000.0,2.0,2,-1.0,-1.0,2,-1.0,-1.0,2,-1.0,-1.0,2,-1.0,-1.0,2,-1.0,-1.0,1,100000.0,1.0,2,-1.0,-1.0,2,-1.0,-1.0,0.0,5.64,0.0,4.02,0.0,13.06,0.0,4.92,YES,YES,3.0,20.55,3.0,19.09,0.0,13.5,0.0,21.4,6.0,55.44,4.0,29.11,9.0,63.18,0.0,14.28,4.0,29.83,4.0,28.11,6.0,48.85,1,1,1,1,3.0,5.0,1,1,1.0,2,4.0,1.0,-1.04,-0.93,3.0,2.0,12.0,12.0,1,2,1.0,2.0,1.0,1.0,1.0,1.0,3.0,1.0,1.0,-1.2,2.0,-1.0,-1.0,-1.0,-1.0,-1.0,-1.0
11,1,1,1,1,2,2,70,36-50,1,1,1,2,9.0,11.0,1.0,1.0,5221.0,47113.0,5.0,-1.0,-1.0,271.9852019,1979,-1.0,-1.0,-1.0,-1.0,-1.16,-1.0,-0.79,-1.0,-1.0,-1.0,2.0,-1.0,-1.0,2.0,-1.0,2.0,-1.0,-1.0,2.0,-1.0,2.0,-1.0,-1.0,-1.0,-1.0,-1.0,-1.0,2.0,1.0,2.0,1.0,1.0,-1.0,-1.0,1.0,1.0,1.0,1.0,40000.0,-1.0,-1.0,<10k,2,-1.0,-1.0,1,200000.0,2.0,2,-1.0,-1.0,2,-1.0,-1.0,2,-1.0,-1.0,2,-1.0,-1.0,2,-1.0,-1.0,1,100000.0,1.0,2,-1.0,-1.0,2,-1.0,-1.0,0.0,4.93,0.0,4.72,0.0,14.16,0.0,4.69,YES,YES,3.0,22.13,3.0,18.94,0.0,14.3,0.0,18.93,6.0,46.96,4.0,24.42,9.0,64.78,0.0,14.12,4.0,28.21,4.0,29.89,6.0,42.73,1,1,1,1,3.0,5.0,1,1,1.0,2,4.0,1.0,-1.01,-1.01,3.0,2.0,12.0,12.0,1,2,1.0,2.0,1.0,1.0,1.0,1.0,3.0,1.0,1.0,-0.87,2.0,-1.0,-1.0,-1.0,-1.0,-1.0,-1.0
11,1,1,1,1,3,1,10,0-18,1,1,1,1,2.0,3.0,-1.0,-1.0,-1.0,-1.0,-1.0,-1.0,-1.0,271.9852019,2010,1.0,1.0,4.0,3.0,0.0,1.0,14.16,-1.0,-1.0,-1.0,2.0,-1.0,-1.0,2.0,-1.0,1.0,5.0,1.0,2.0,-1.0,2.0,-1.0,-1.0,-1.0,-1.0,-1.0,-1.0,2.0,1.0,2.0,1.0,1.0,-1.0,-1.0,1.0,1.0,1.0,1.0,21360.0,-1.0,-1.0,<10k,2,-1.0,-1.0,1,200000.0,2.0,2,-1.0,-1.0,2,-1.0,-1.0,2,-1.0,-1.0,2,-1.0,-1.0,2,-1.0,-1.0,1,100000.0,1.0,2,-1.0,-1.0,2,-1.0,-1.0,0.0,5.55,0.0,4.98,0.0,16.92,0.0,5.33,YES,YES,3.0,18.12,3.0,19.88,0.0,15.68,0.0,18.56,6.0,34.95,4.0,29.3,9.0,70.58,0.0,16.13,4.0,29.98,4.0,33.04,6.0,41.41,1,1,1,1,3.0,5.0,1,1,1.0,2,4.0,1.0,-0.93,-0.91,3.0,2.0,12.0,12.0,1,2,1.0,2.0,1.0,1.0,1.0,1.0,3.0,1.0,1.0,-0.93,2.0,-1.0,-1.0,-1.0,-1.0,-1.0,-1.0
11,1,1,1,1,3,1,10,0-18,1,1,1,1,2.0,1.0,-1.0,-1.0,-1.0,-1.0,-1.0,-1.0,-1.0,271.9852019,2012,1.0,1.0,2.0,1.0,0.0,1.0,16.98,-1.0,-1.0,-1.0,1.0,2.0,1.0,2.0,-1.0,2.0,-1.0,-1.0,2.0,-1.0,2.0,-1.0,-1.0,-1.0,-1.0,-1.0,-1.0,2.0,1.0,2.0,1.0,1.0,-1.0,-1.0,1.0,1.0,1.0,-1.0,-1.0,-1.0,-1.0,<10k,2,-1.0,-1.0,1,200000.0,2.0,2,-1.0,-1.0,2,-1.0,-1.0,2,-1.0,-1.0,2,-1.0,-1.0,2,-1.0,-1.0,1,100000.0,1.0,2,-1.0,-1.0,2,-1.0,-1.0,0.0,5.85,0.0,5.79,0.0,16.34,0.0,4.89,YES,YES,3.0,23.47,3.0,23.14,0.0,16.16,0.0,20.55,6.0,47.65,4.0,35.03,9.0,61.57,0.0,12.98,4.0,31.6,4.0,30.95,6.0,40.43,1,1,1,1,3.0,5.0,1,1,1.0,2,4.0,1.0,-1.17,-1.04,3.0,2.0,12.0,12.0,1,2,1.0,2.0,1.0,1.0,1.0,1.0,3.0,1.0,1.0,-0.94,2.0,-1.0,-1.0,-1.0,-1.0,-1.0,-1.0
11,1,1,1,1,4,2,30,66+,1,1,1,4,9.0,6.0,9.0,2.0,-1.0,-1.0,-1.0,-1.0,-1.0,271.9852019,1937,1.0,1.0,7.0,6.0,14.57,5.0,44.53,-1.0,-1.0,-1.0,2.0,-1.0,-1.0,1.0,1.0,2.0,-1.0,-1.0,2.0,-1.0,1.0,11.0,2.0,14.0,0.0,2.0,-1.0,2.0,2.0,2.0,1.0,3.0,2.0,-1.0,1.0,1.0,1.0,1.0,30000.0,-1.0,-1.0,<10k,2,-1.0,-1.0,1,200000.0,2.0,2,-1.0,-1.0,2,-1.0,-1.0,2,-1.0,-1.0,2,-1.0,-1.0,2,-1.0,-1.0,1,100000.0,1.0,2,-1.0,-1.0,2,-1.0,-1.0,0.0,3.67,0.0,4.96,0.0,12.29,0.0,5.11,YES,YES,3.0,21.22,3.0,21.38,0.0,13.1,0.0,17.2,6.0,37.6,4.0,35.77,9.0,56.61,0.0,15.38,4.0,31.29,4.0,29.23,6.0,44.39,1,1,1,1,3.0,5.0,1,1,1.0,2,4.0,1.0,-0.89,-1.05,3.0,2.0,12.0,12.0,1,2,1.0,2.0,1.0,1.0,1.0,1.0,3.0,1.0,1.0,-0.86,2.0,-1.0,-1.0,-1.0,-1.0,-1.0,-1.0
11,1,1,1,1,7,1,80,36-50,1,1,1,2,9.0,13.0,1.0,1.0,3111.0,85211.0,1.0,-1.0,-1.0,271.9852019,1982,1.0,1.0,9.0,8.0,0.0,1.0,18.01,-1.0,-1.0,-1.0,2.0,-1.0,-1.0,1.0,1.0,2.0,-1.0,-1.0,2.0,-1.0,2.0,-1.0,-1.0,-1.0,-1.0,-1.0,-1.0,2.0,1.0,2.0,1.0,1.0,-1.0,-1.0,1.0,1.0,1.0,1.0,35000.0,-1.0,-1.0,<10k,2,-1.0,-1.0,1,200000.0,2.0,2,-1.0,-1.0,2,-1.0,-1.0,2,-1.0,-1.0,2,-1.0,-1.0,2,-1.0,-1.0,1,100000.0,1.0,2,-1.0,-1.0,2,-1.0,-1.0,0.0,5.1,0.0,5.65,0.0,12.36,0.0,4.9,YES,YES,3.0,16.43,3.0,19.2,0.0,14.84,0.0,18.65,6.0,51.1,4.0,29.34,9.0,65.79,0.0,14.89,4.0,31.15,4.0,36.43,6.0,44.39,1,1,1,1,3.0,5.0,1,1,1.0,2,4.0,1.0,-1.01,-1.19,3.0,2.0,12.0,12.0,1,2,1.0,2.0,1.0,1.0,1.0,1.0,3.0,1.0,1.0,-0.84,2.0,-1.0,-1.0,-1.0,-1.0,-1.0,-1.0
11,1,1,1,1,7,2,90,19-35,1,1,1,1,9.0,13.0,1.0,1.0,4110.0,42101.0,1.0,-1.0,-1.0,271.9852019,1993,-1.0,-1.0,-1.0,-1.0,-0.9,-1.0,-1.19,-1.0,-1.0,-1.0,2.0,-1.0,-1.0,2.0,-1.0,2.0,-1.0,-1.0,2.0,-1.0,2.0,-1.0,-1.0,-1.0,-1.0,-1.0,-1.0,2.0,1.0,2.0,1.0,1.0,-1.0,-1.0,1.0,1.0,1.0,1.0,40000.0,-1.0,-1.0,<10k,2,-1.0,-1.0,1,200000.0,2.0,2,-1.0,-1.0,2,-1.0,-1.0,2,-1.0,-1.0,2,-1.0,-1.0,2,-1.0,-1.0,1,100000.0,1.0,2,-1.0,-1.0,2,-1.0,-1.0,0.0,5.1,0.0,4.91,0.0,16.85,0.0,5.2,YES,YES,3.0,18.5,3.0,20.04,0.0,13.94,0.0,22.07,6.0,48.25,4.0,24.98,9.0,67.76,0.0,13.22,4.0,29.1,4.0,29.67,6.0,40.35,1,1,1,1,3.0,5.0,1,1,1.0,2,4.0,1.0,-1.01,-1.04,3.0,2.0,12.0,12.0,1,2,1.0,2.0,1.0,1.0,1.0,1.0,3.0,1.0,1.0,-1.16,2.0,-1.0,-1.0,-1.0,-1.0,-1.0,-1.0
11,1,1,1,1,1,1,70,36-50,1,1,1,2,9.0,13.0,1.0,1.0,4321.0,10503.0,3.0,-1.0,-1.0,271.9852019,1976,-1.0,-1.0,-1.0,-1.0,-1.02,-1.0,-0.96,-1.0,-1.0,-1.0,2.0,-1.0,-1.0,2.0,-1.0,2.0,-1.0,-1.0,2.0,-1.0,2.0,-1.0,-1.0,-1.0,-1.0,-1.0,-1.0,1.0,1.0,2.0,1.0,1.0,-1.0,-1.0,1.0,1.0,1.0,1.0,40000.0,10000.0,40000.0,<10k,2,-1.0,-1.0,1,200000.0,2.0,2,-1.0,-1.0,2,-1.0,-1.0,2,-1.0,-1.0,2,-1.0,-1.0,2,-1.0,-1.0,1,100000.0,1.0,2,-1.0,-1.0,2,-1.0,-1.0,0.0,4.95,0.0,5.22,0.0,14.08,0.0,5.12,YES,YES,3.0,19.9,3.0,22.6,0.0,15.59,0.0,19.41,6.0,36.22,4.0,28.28,9.0,60.3,0.0,12.12,4.0,36.62,4.0,28.07,6.0,43.02,1,1,1,1,3.0,5.0,1,1,1.0,2,4.0,1.0,-1.06,-1.16,3.0,2.0,12.0,12.0,1,2,1.0,2.0,1.0,1.0,1.0,1.0,3.0,1.0,1.0,-0.96,2.0,-1.0,-1.0,-1.0,-1.0,-1.0,-1.0
11,1,1,1,1,2,2,80,19-35,1,1,1,2,9.0,13.0,1.0,1.0,4311.0,10503.0,3.0,-1.0,-1.0,271.9852019,1985,-1.0,-1.0,-1.0,-1.0,-1.1,-1.0,-1.1,-1.0,-1.0,-1.0,2.0,-1.0,-1.0,2.0,-1.0,2.0,-1.0,-1.0,2.0,-1.0,2.0,-1.0,-1.0,-1.0,-1.0,-1.0,-1.0,2.0,1.0,2.0,1.0,1.0,-1.0,-1.0,1.0,1.0,1.0,1.0,40000.0,-1.0,-1.0,<10k,2,-1.0,-1.0,1,200000.0,2.0,2,-1.0,-1.0,2,-1.0,-1.0,2,-1.0,-1.0,2,-1.0,-1.0,2,-1.0,-1.0,1,100000.0,1.0,2,-1.0,-1.0,2,-1.0,-1.0,0.0,5.12,0.0,5.62,0.0,13.32,0.0,5.74,YES,YES,3.0,19.17,3.0,19.02,0.0,14.35,0.0,17.45,6.0,54.53,4.0,28.84,9.0,53.28,0.0,14.39,4.0,25.35,4.0,30.08,6.0,51.11,1,1,1,1,3.0,5.0,1,1,1.0,2,4.0,1.0,-1.14,-0.89,3.0,2.0,12.0,12.0,1,2,1.0,2.0,1.0,1.0,1.0,1.0,3.0,1.0,1.0,-0.92,2.0,-1.0,-1.0,-1.0,-1.0,-1.0,-1.0
11,1,1,1,1,3,1,10,0-18,1,1,1,1,2.0,2.0,-1.0,-1.0,-1.0,-1.0,-1.0,-1.0,-1.0,271.9852019,2011,1.0,1.0,4.0,3.0,0.0,1.0,16.65,-1.0,-1.0,-1.0,2.0,-1.0,-1.0,2.0,-1.0,1.0,5.0,1.0,2.0,-1.0,2.0,-1.0,-1.0,-1.0,-1.0,-1.0,-1.0,2.0,1.0,2.0,1.0,1.0,-1.0,-1.0,1.0,1.0,1.0,1.0,21360.0,-1.0,-1.0,<10k,2,-1.0,-1.0,1,200000.0,2.0,2,-1.0,-1.0,2,-1.0,-1.0,2,-1.0,-1.0,2,-1.0,-1.0,2,-1.0,-1.0,1,100000.0,1.0,2,-1.0,-1.0,2,-1.0,-1.0,0.0,5.74,0.0,4.34,0.0,17.61,0.0,4.96,YES,YES,3.0,20.86,3.0,20.41,0.0,13.83,0.0,20.23,6.0,48.05,4.0,25.71,9.0,57.37,0.0,16.24,4.0,35.6,4.0,33.28,6.0,42.1,1,1,1,1,3.0,5.0,1,1,1.0,2,4.0,1.0,-0.94,-1.07,3.0,2.0,12.0,12.0,1,2,1.0,2.0,1.0,1.0,1.0,1.0,3.0,1.0,1.0,-0.99,2.0,-1.0,-1.0,-1.0,-1.0,-1.0,-1.0
11,1,1,1,1,1,1,70,36-50,1,1,1,2,9.0,13.0,1.0,1.0,7421.0,95111.0,5.0,-1.0,-1.0,271.9852019,1970,-1.0,-1.0,-1.0,-1.0,-1.03,-1.0,-1.07,-1.0,-1.0,-1.0,2.0,-1.0,-1.0,2.0,-1.0,2.0,-1.0,-1.0,2.0,-1.0,2.0,-1.0,-1.0,-1.0,-1.0,-1.0,-1.0,1.0,1.0,2.0,1.0,1.0,-1.0,-1.0,1.0,1.0,1.0,1.0,40000.0,10000.0,40000.0,<10k,2,-1.0,-1.0,1,200000.0,2.0,2,-1.0,-1.0,2,-1.0,-1.0,2,-1.0,-1.0,2,-1.0,-1.0,2,-1.0,-1.0,1,100000.0,1.0,2,-1.0,-1.0,2,-1.0,-1.0,0.0,5.19,0.0,4.43,0.0,15.53,0.0,5.5,YES,YES,3.0,16.19,3.0,26.21,0.0,13.95,0.0,18.7,6.0,42.69,4.0,24.72,9.0,61.0,0.0,14.83,4.0,28.2,4.0,28.36,6.0,47.1,1,1,1,1,3.0,5.0,1,1,1.0,2,4.0,1.0,-1.16,-1.05,3.0,2.0,12.0,12.0,1,2,1.0,2.0,1.0,1.0,1.0,1.0,3.0,1.0,1.0,-1.16,2.0,-1.0,-1.0,-1.0,-1.0,-1.0,-1.0
11,1,1,1,1,2,2,70,36-50,1,1,1,2,9.0,11.0,1.0,1.0,9112.0,95111.0,6.0,-1.0,-1.0,271.9852019,1970,-1.0,-1.0,-1.0,-1.0,-0.94,-1.0,-0.93,-1.0,-1.0,-1.0,2.0,-1.0,-1.0,2.0,-1.0,2.0,-1.0,-1.0,2.0,-1.0,2.0,-1.0,-1.0,-1.0,-1.0,-1.0,-1.0,2.0,1.0,2.0,1.0,1.0,-1.0,-1.0,1.0,1.0,1.0,1.0,40000.0,-1.0,-1.0,<10k,2,-1.0,-1.0,1,200000.0,2.0,2,-1.0,-1.0,2,-1.0,-1.0,2,-1.0,-1.0,2,-1.0,-1.0,2,-1.0,-1.0,1,100000.0,1.0,2,-1.0,-1.0,2,-1.0,-1.0,0.0,5.14,0.0,4.54,0.0,15.08,0.0,5.24,YES,YES,3.0,15.87,3.0,19.63,0.0,14.18,0.0,17.61,6.0,42.14,4.0,23.84,9.0,67.18,0.0,14.78,4.0,28.78,4.0,32.0,6.0,47.15,1,1,1,1,3.0,5.0,1,1,1.0,2,4.0,1.0,-0.7,-0.93,3.0,2.0,12.0,12.0,1,2,1.0,2.0,1.0,1.0,1.0,1.0,3.0,1.0,1.0,-0.9,2.0,-1.0,-1.0,-1.0,-1.0,-1.0,-1.0
11,1,1,1,1,3,1,90,19-35,1,1,1,1,4.0,13.0,1.0,1.0,3511.0,84120.0,1.0,-1.0,-1.0,271.9852019,1997,1.0,1.0,4.0,3.0,0.0,1.0,14.77,-1.0,-1.0,-1.0,2.0,-1.0,-1.0,2.0,-1.0,1.0,5.0,1.0,2.0,-1.0,2.0,-1.0,-1.0,-1.0,-1.0,-1.0,-1.0,2.0,1.0,2.0,1.0,1.0,-1.0,-1.0,1.0,1.0,1.0,1.0,21360.0,-1.0,-1.0,<10k,2,-1.0,-1.0,1,200000.0,2.0,2,-1.0,-1.0,2,-1.0,-1.0,2,-1.0,-1.0,2,-1.0,-1.0,2,-1.0,-1.0,1,100000.0,1.0,2,-1.0,-1.0,2,-1.0,-1.0,0.0,4.65,0.0,4.8,0.0,14.62,0.0,5.41,YES,YES,3.0,20.98,3.0,19.59,0.0,15.19,0.0,23.22,6.0,48.24,4.0,29.42,9.0,52.09,0.0,14.82,4.0,34.46,4.0,31.41,6.0,44.55,1,1,1,1,3.0,5.0,1,1,1.0,2,4.0,1.0,-1.11,-0.71,3.0,2.0,12.0,12.0,1,2,1.0,2.0,1.0,1.0,1.0,1.0,3.0,1.0,1.0,-0.95,2.0,-1.0,-1.0,-1.0,-1.0,-1.0,-1.0
11,1,1,1,1,3,2,0,0-18,1,1,1,1,6.0,10.0,8.0,2.0,-1.0,-1.0,-1.0,-1.0,-1.0,271.9852019,2003,1.0,1.0,2.0,1.0,0.0,1.0,16.34,-1.0,-1.0,-1.0,1.0,2.0,1.0,2.0,-1.0,2.0,-1.0,-1.0,2.0,-1.0,2.0,-1.0,-1.0,-1.0,-1.0,-1.0,-1.0,2.0,1.0,2.0,1.0,1.0,-1.0,-1.0,1.0,1.0,1.0,-1.0,-1.0,-1.0,-1.0,<10k,2,-1.0,-1.0,1,200000.0,2.0,2,-1.0,-1.0,2,-1.0,-1.0,2,-1.0,-1.0,2,-1.0,-1.0,2,-1.0,-1.0,1,100000.0,1.0,2,-1.0,-1.0,2,-1.0,-1.0,0.0,6.09,0.0,4.91,0.0,15.48,0.0,5.66,YES,YES,3.0,23.21,3.0,19.87,0.0,15.42,0.0,21.69,6.0,44.91,4.0,26.81,9.0,49.67,0.0,13.4,4.0,26.95,4.0,27.3,6.0,35.65,1,1,1,1,3.0,5.0,1,1,1.0,2,4.0,1.0,-0.93,-1.28,3.0,2.0,12.0,12.0,1,2,1.0,2.0,1.0,1.0,1.0,1.0,3.0,1.0,1.0,-0.99,2.0,-1.0,-1.0,-1.0,-1.0,-1.0,-1.0
11,1,1,1,1,3,2,0,0-18,1,1,1,1,2.0,6.0,-1.0,-1.0,-1.0,-1.0,-1.0,-1.0,-1.0,271.9852019,2007,1.0,1.0,7.0,6.0,13.96,5.0,42.1,-1.0,-1.0,-1.0,2.0,-1.0,-1.0,1.0,1.0,2.0,-1.0,-1.0,2.0,-1.0,1.0,11.0,2.0,14.0,0.0,2.0,-1.0,2.0,2.0,2.0,1.0,3.0,2.0,-1.0,1.0,1.0,1.0,1.0,30000.0,-1.0,-1.0,<10k,2,-1.0,-1.0,1,200000.0,2.0,2,-1.0,-1.0,2,-1.0,-1.0,2,-1.0,-1.0,2,-1.0,-1.0,2,-1.0,-1.0,1,100000.0,1.0,2,-1.0,-1.0,2,-1.0,-1.0,0.0,5.59,0.0,4.19,0.0,17.2,0.0,5.39,YES,YES,3.0,17.82,3.0,19.43,0.0,16.24,0.0,17.93,6.0,50.3,4.0,31.4,9.0,57.84,0.0,13.68,4.0,26.23,4.0,31.2,6.0,43.16,1,1,1,1,3.0,5.0,1,1,1.0,2,4.0,1.0,-0.96,-1.02,3.0,2.0,12.0,12.0,1,2,1.0,2.0,1.0,1.0,1.0,1.0,3.0,1.0,1.0,-1.15,2.0,-1.0,-1.0,-1.0,-1.0,-1.0,-1.0
11,1,1,1,1,4,2,40,66+,1,1,1,4,9.0,13.0,9.0,2.0,-1.0,-1.0,-1.0,-1.0,-1.0,271.9852019,1943,1.0,1.0,9.0,8.0,0.0,1.0,14.14,-1.0,-1.0,-1.0,2.0,-1.0,-1.0,1.0,1.0,2.0,-1.0,-1.0,2.0,-1.0,2.0,-1.0,-1.0,-1.0,-1.0,-1.0,-1.0,2.0,1.0,2.0,1.0,1.0,-1.0,-1.0,1.0,1.0,1.0,1.0,35000.0,-1.0,-1.0,<10k,2,-1.0,-1.0,1,200000.0,2.0,2,-1.0,-1.0,2,-1.0,-1.0,2,-1.0,-1.0,2,-1.0,-1.0,2,-1.0,-1.0,1,100000.0,1.0,2,-1.0,-1.0,2,-1.0,-1.0,0.0,5.3,0.0,4.41,0.0,14.86,0.0,5.2,YES,YES,3.0,19.25,3.0,22.15,0.0,16.04,0.0,19.53,6.0,39.16,4.0,28.01,9.0,65.1,0.0,14.47,4.0,34.92,4.0,31.33,6.0,44.07,1,1,1,1,3.0,5.0,1,1,1.0,2,4.0,1.0,-1.13,-1.02,3.0,2.0,12.0,12.0,1,2,1.0,2.0,1.0,1.0,1.0,1.0,3.0,1.0,1.0,-1.11,2.0,-1.0,-1.0,-1.0,-1.0,-1.0,-1.0
11,1,1,1,1,1,2,70,36-50,1,1,1,2,9.0,13.0,7.0,2.0,-1.0,-1.0,-1.0,-1.0,-1.0,271.9852019,1977,-1.0,-1.0,-1.0,-1.0,-1.0,-1.0,-0.86,-1.0,-1.0,-1.0,2.0,-1.0,-1.0,2.0,-1.0,2.0,-1.0,-1.0,2.0,-1.0,2.0,-1.0,-1.0,-1.0,-1.0,-1.0,-1.0,1.0,1.0,2.0,1.0,1.0,-1.0,-1.0,1.0,1.0,1.0,1.0,40000.0,10000.0,40000.0,<10k,2,-1.0,-1.0,1,200000.0,2.0,2,-1.0,-1.0,2,-1.0,-1.0,2,-1.0,-1.0,2,-1.0,-1.0,2,-1.0,-1.0,1,100000.0,1.0,2,-1.0,-1.0,2,-1.0,-1.0,0.0,4.61,0.0,5.42,0.0,14.96,0.0,3.98,YES,YES,3.0,19.74,3.0,19.67,0.0,13.46,0.0,19.94,6.0,35.24,4.0,31.66,9.0,48.62,0.0,15.15,4.0,30.68,4.0,34.42,6.0,30.38,1,1,1,1,3.0,5.0,1,1,1.0,2,4.0,1.0,-0.93,-0.96,3.0,2.0,12.0,12.0,1,2,1.0,2.0,1.0,1.0,1.0,1.0,3.0,1.0,1.0,-1.07,2.0,-1.0,-1.0,-1.0,-1.0,-1.0,-1.0
11,1,1,1,2,2,1,70,36-50,1,1,1,2,9.0,13.0,-1.0,-1.0,-1.0,-1.0,-1.0,2.0,1.0,271.9852019,1973,-1.0,-1.0,-1.0,-1.0,-0.81,-1.0,-1.03,-1.0,-1.0,-1.0,2.0,-1.0,-1.0,2.0,-1.0,2.0,-1.0,-1.0,2.0,-1.0,2.0,-1.0,-1.0,-1.0,-1.0,-1.0,-1.0,2.0,1.0,2.0,1.0,1.0,-1.0,-1.0,1.0,1.0,1.0,1.0,40000.0,-1.0,-1.0,<10k,2,-1.0,-1.0,1,200000.0,2.0,2,-1.0,-1.0,2,-1.0,-1.0,2,-1.0,-1.0,2,-1.0,-1.0,2,-1.0,-1.0,1,100000.0,1.0,2,-1.0,-1.0,2,-1.0,-1.0,0.0,5.76,0.0,5.24,0.0,15.78,0.0,4.33,YES,YES,3.0,24.25,3.0,17.84,0.0,17.61,0.0,21.56,6.0,45.56,4.0,34.26,9.0,56.79,0.0,14.95,4.0,27.69,4.0,27.84,6.0,38.18,1,1,1,1,3.0,5.0,1,1,1.0,2,4.0,1.0,-1.0,-1.06,3.0,2.0,12.0,12.0,1,2,1.0,2.0,1.0,1.0,1.0,1.0,3.0,1.0,1.0,-0.96,2.0,-1.0,-1.0,-1.0,-1.0,-1.0,-1.0
11,1,1,1,1,3,1,10,0-18,1,1,1,1,2.0,2.0,-1.0,-1.0,-1.0,-1.0,-1.0,-1.0,-1.0,271.9852019,2011,1.0,1.0,4.0,3.0,0.0,1.0,14.74,-1.0,-1.0,-1.0,2.0,-1.0,-1.0,2.0,-1.0,1.0,5.0,1.0,2.0,-1.0,2.0,-1.0,-1.0,-1.0,-1.0,-1.0,-1.0,2.0,1.0,2.0,1.0,1.0,-1.0,-1.0,1.0,1.0,1.0,1.0,21360.0,-1.0,-1.0,<10k,2,-1.0,-1.0,1,200000.0,2.0,2,-1.0,-1.0,2,-1.0,-1.0,2,-1.0,-1.0,2,-1.0,-1.0,2,-1.0,-1.0,1,100000.0,1.0,2,-1.0,-1.0,2,-1.0,-1.0,0.0,5.23,0.0,4.27,0.0,15.83,0.0,4.71,YES,YES,3.0,21.78,3.0,19.56,0.0,14.01,0.0,21.27,6.0,50.36,4.0,29.9,9.0,53.27,0.0,15.64,4.0,29.42,4.0,31.12,6.0,44.53,1,1,1,1,3.0,5.0,1,1,1.0,2,4.0,1.0,-1.01,-1.15,3.0,2.0,12.0,12.0,1,2,1.0,2.0,1.0,1.0,1.0,1.0,3.0,1.0,1.0,-1.16,2.0,-1.0,-1.0,-1.0,-1.0,-1.0,-1.0
11,1,1,1,1,3,1,10,0-18,1,1,1,1,1.0,-1.0,-1.0,-1.0,-1.0,-1.0,-1.0,-1.0,-1.0,271.9852019,2014,1.0,1.0,2.0,1.0,0.0,1.0,13.45,-1.0,-1.0,-1.0,1.0,2.0,1.0,2.0,-1.0,2.0,-1.0,-1.0,2.0,-1.0,2.0,-1.0,-1.0,-1.0,-1.0,-1.0,-1.0,2.0,1.0,2.0,1.0,1.0,-1.0,-1.0,1.0,1.0,1.0,-1.0,-1.0,-1.0,-1.0,<10k,2,-1.0,-1.0,1,200000.0,2.0,2,-1.0,-1.0,2,-1.0,-1.0,2,-1.0,-1.0,2,-1.0,-1.0,2,-1.0,-1.0,1,100000.0,1.0,2,-1.0,-1.0,2,-1.0,-1.0,0.0,4.94,0.0,4.89,0.0,16.75,0.0,5.88,YES,YES,3.0,18.85,3.0,22.21,0.0,14.34,0.0,23.89,6.0,42.91,4.0,29.76,9.0,55.7,0.0,14.31,4.0,27.22,4.0,34.14,6.0,44.17,1,1,1,1,3.0,5.0,1,1,1.0,2,4.0,1.0,-0.97,-0.92,3.0,2.0,12.0,12.0,1,2,1.0,2.0,1.0,1.0,1.0,1.0,3.0,1.0,1.0,-0.94,2.0,-1.0,-1.0,-1.0,-1.0,-1.0,-1.0
11,1,1,1,1,5,1,40,66+,1,1,1,2,9.0,11.0,4.0,2.0,-1.0,-1.0,-1.0,-1.0,-1.0,271.9852019,1949,1.0,1.0,7.0,6.0,15.76,5.0,46.32,-1.0,-1.0,-1.0,2.0,-1.0,-1.0,1.0,1.0,2.0,-1.0,-1.0,2.0,-1.0,1.0,11.0,2.0,14.0,0.0,2.0,-1.0,2.0,2.0,2.0,1.0,3.0,2.0,-1.0,1.0,1.0,1.0,1.0,30000.0,-1.0,-1.0,<10k,2,-1.0,-1.0,1,200000.0,2.0,2,-1.0,-1.0,2,-1.0,-1.0,2,-1.0,-1.0,2,-1.0,-1.0,2,-1.0,-1.0,1,100000.0,1.0,2,-1.0,-1.0,2,-1.0,-1.0,0.0,4.93,0.0,4.77,0.0,12.98,0.0,4.17,YES,YES,3.0,20.21,3.0,18.73,0.0,13.41,0.0,18.95,6.0,46.21,4.0,29.31,9.0,61.63,0.0,14.88,4.0,26.18,4.0,30.62,6.0,47.24,1,1,1,1,3.0,5.0,1,1,1.0,2,4.0,1.0,-0.92,-0.92,3.0,2.0,12.0,12.0,1,2,1.0,2.0,1.0,1.0,1.0,1.0,3.0,1.0,1.0,-1.1,2.0,-1.0,-1.0,-1.0,-1.0,-1.0,-1.0
11,1,1,1,1,1,1,70,36-50,1,1,1,2,9.0,11.0,1.0,1.0,1321.0,31007.0,5.0,-1.0,-1.0,271.9852019,1970,-1.0,-1.0,-1.0,-1.0,-0.97,-1.0,-0.92,-1.0,-1.0,-1.0,2.0,-1.0,-1.0,2.0,-1.0,2.0,-1.0,-1.0,2.0,-1.0,2.0,-1.0,-1.0,-1.0,-1.0,-1.0,-1.0,1.0,1.0,2.0,1.0,1.0,-1.0,-1.0,1.0,1.0,1.0,1.0,40000.0,10000.0,40000.0,<10k,2,-1.0,-1.0,1,200000.0,2.0,2,-1.0,-1.0,2,-1.0,-1.0,2,-1.0,-1.0,2,-1.0,-1.0,2,-1.0,-1.0,1,100000.0,1.0,2,-1.0,-1.0,2,-1.0,-1.0,0.0,4.82,0.0,5.29,0.0,12.55,0.0,5.41,YES,YES,3.0,23.41,3.0,20.04,0.0,13.67,0.0,20.48,6.0,49.61,4.0,26.07,9.0,68.46,0.0,13.97,4.0,30.6,4.0,27.58,6.0,42.04,1,1,1,1,3.0,5.0,1,1,1.0,2,4.0,1.0,-1.01,-1.07,3.0,2.0,12.0,12.0,1,2,1.0,2.0,1.0,1.0,1.0,1.0,3.0,1.0,1.0,-0.99,2.0,-1.0,-1.0,-1.0,-1.0,-1.0,-1.0
11,1,1,1,1,2,2,70,36-50,1,1,1,2,9.0,13.0,1.0,1.0,9112.0,31007.0,6.0,-1.0,-1.0,271.9852019,1971,-1.0,-1.0,-1.0,-1.0,-1.13,-1.0,-1.2,-1.0,-1.0,-1.0,2.0,-1.0,-1.0,2.0,-1.0,2.0,-1.0,-1.0,2.0,-1.0,2.0,-1.0,-1.0,-1.0,-1.0,-1.0,-1.0,2.0,1.0,2.0,1.0,1.0,-1.0,-1.0,1.0,1.0,1.0,1.0,40000.0,-1.0,-1.0,<10k,2,-1.0,-1.0,1,200000.0,2.0,2,-1.0,-1.0,2,-1.0,-1.0,2,-1.0,-1.0,2,-1.0,-1.0,2,-1.0,-1.0,1,100000.0,1.0,2,-1.0,-1.0,2,-1.0,-1.0,0.0,4.01,0.0,4.72,0.0,14.97,0.0,5.1,YES,YES,3.0,21.41,3.0,19.66,0.0,17.19,0.0,20.86,6.0,45.57,4.0,28.58,9.0,61.43,0.0,17.01,4.0,33.12,4.0,31.47,6.0,39.42,1,1,1,1,3.0,5.0,1,1,1.0,2,4.0,1.0,-1.02,-1.07,3.0,2.0,12.0,12.0,1,2,1.0,2.0,1.0,1.0,1.0,1.0,3.0,1.0,1.0,-1.06,2.0,-1.0,-1.0,-1.0,-1.0,-1.0,-1.0
11,1,1,1,1,3,2,0,0-18,1,1,1,1,2.0,7.0,-1.0,-1.0,-1.0,-1.0,-1.0,-1.0,-1.0,271.9852019,2006,1.0,1.0,4.0,3.0,0.0,1.0,17.06,-1.0,-1.0,-1.0,2.0,-1.0,-1.0,2.0,-1.0,1.0,5.0,1.0,2.0,-1.0,2.0,-1.0,-1.0,-1.0,-1.0,-1.0,-1.0,2.0,1.0,2.0,1.0,1.0,-1.0,-1.0,1.0,1.0,1.0,1.0,21360.0,-1.0,-1.0,<10k,2,-1.0,-1.0,1,200000.0,2.0,2,-1.0,-1.0,2,-1.0,-1.0,2,-1.0,-1.0,2,-1.0,-1.0,2,-1.0,-1.0,1,100000.0,1.0,2,-1.0,-1.0,2,-1.0,-1.0,0.0,6.02,0.0,4.99,0.0,12.86,0.0,5.07,YES,YES,3.0,20.47,3.0,21.19,0.0,13.06,0.0,17.77,6.0,43.13,4.0,34.41,9.0,60.08,0.0,13.55,4.0,31.85,4.0,27.14,6.0,47.05,1,1,1,1,3.0,5.0,1,1,1.0,2,4.0,1.0,-0.9,-1.09,3.0,2.0,12.0,12.0,1,2,1.0,2.0,1.0,1.0,1.0,1.0,3.0,1.0,1.0,-1.03,2.0,-1.0,-1.0,-1.0,-1.0,-1.0,-1.0
11,1,1,1,1,3,2,0,0-18,1,1,1,1,2.0,5.0,-1.0,-1.0,-1.0,-1.0,-1.0,-1.0,-1.0,271.9852019,2008,1.0,1.0,2.0,1.0,0.0,1.0,15.74,-1.0,-1.0,-1.0,1.0,2.0,1.0,2.0,-1.0,2.0,-1.0,-1.0,2.0,-1.0,2.0,-1.0,-1.0,-1.0,-1.0,-1.0,-1.0,2.0,1.0,2.0,1.0,1.0,-1.0,-1.0,1.0,1.0,1.0,-1.0,-1.0,-1.0,-1.0,<10k,2,-1.0,-1.0,1,200000.0,2.0,2,-1.0,-1.0,2,-1.0,-1.0,2,-1.0,-1.0,2,-1.0,-1.0,2,-1.0,-1.0,1,100000.0,1.0,2,-1.0,-1.0,2,-1.0,-1.0,0.0,5.95,0.0,5.02,0.0,15.98,0.0,4.74,YES,YES,3.0,17.88,3.0,16.82,0.0,15.35,0.0,21.37,6.0,51.12,4.0,28.36,9.0,66.53,0.0,15.33,4.0,35.0,4.0,25.77,6.0,45.99,1,1,1,1,3.0,5.0,1,1,1.0,2,4.0,1.0,-1.0,-1.06,3.0,2.0,12.0,12.0,1,2,1.0,2.0,1.0,1.0,1.0,1.0,3.0,1.0,1.0,-1.13,2.0,-1.0,-1.0,-1.0,-1.0,-1.0,-1.0
11,1,1,1,1,4,1,30,66+,1,1,1,2,9.0,11.0,9.0,2.0,-1.0,-1.0,-1.0,-1.0,-1.0,271.9852019,1939,1.0,1.0,7.0,6.0,13.8,5.0,43.52,-1.0,-1.0,-1.0,2.0,-1.0,-1.0,1.0,1.0,2.0,-1.0,-1.0,2.0,-1.0,1.0,11.0,2.0,14.0,0.0,2.0,-1.0,2.0,2.0,2.0,1.0,3.0,2.0,-1.0,1.0,1.0,1.0,1.0,30000.0,-1.0,-1.0,<10k,2,-1.0,-1.0,1,200000.0,2.0,2,-1.0,-1.0,2,-1.0,-1.0,2,-1.0,-1.0,2,-1.0,-1.0,2,-1.0,-1.0,1,100000.0,1.0,2,-1.0,-1.0,2,-1.0,-1.0,0.0,4.57,0.0,4.82,0.0,16.02,0.0,4.78,YES,YES,3.0,19.3,3.0,23.63,0.0,14.35,0.0,18.43,6.0,44.41,4.0,28.24,9.0,60.53,0.0,14.95,4.0,25.65,4.0,33.6,6.0,43.14,1,1,1,1,3.0,5.0,1,1,1.0,2,4.0,1.0,-0.94,-1.0,3.0,2.0,12.0,12.0,1,2,1.0,2.0,1.0,1.0,1.0,1.0,3.0,1.0,1.0,-1.0,2.0,-1.0,-1.0,-1.0,-1.0,-1.0,-1.0
11,1,1,1,1,4,2,40,66+,1,1,1,2,9.0,8.0,7.0,2.0,-1.0,-1.0,-1.0,-1.0,-1.0,271.9852019,1943,1.0,1.0,9.0,8.0,0.0,1.0,16.33,-1.0,-1.0,-1.0,2.0,-1.0,-1.0,1.0,1.0,2.0,-1.0,-1.0,2.0,-1.0,2.0,-1.0,-1.0,-1.0,-1.0,-1.0,-1.0,2.0,1.0,2.0,1.0,1.0,-1.0,-1.0,1.0,1.0,1.0,1.0,35000.0,-1.0,-1.0,<10k,2,-1.0,-1.0,1,200000.0,2.0,2,-1.0,-1.0,2,-1.0,-1.0,2,-1.0,-1.0,2,-1.0,-1.0,2,-1.0,-1.0,1,100000.0,1.0,2,-1.0,-1.0,2,-1.0,-1.0,0.0,5.54,0.0,4.38,0.0,14.38,0.0,4.63,YES,YES,3.0,19.55,3.0,18.46,0.0,15.32,0.0,21.24,6.0,42.26,4.0,32.45,9.0,57.4,0.0,16.87,4.0,29.83,4.0,25.47,6.0,44.84,1,1,1,1,3.0,5.0,1,1,1.0,2,4.0,1.0,-1.07,-1.1,3.0,2.0,12.0,12.0,1,2,1.0,2.0,1.0,1.0,1.0,1.0,3.0,1.0,1.0,-1.06,2.0,-1.0,-1.0,-1.0,-1.0,-1.0,-1.0
11,1,1,1,1,1,1,80,36-50,1,1,1,2,9.0,13.0,1.0,1.0,3322.0,47734.0,3.0,-1.0,-1.0,271.9852019,1981,-1.0,-1.0,-1.0,-1.0,-1.01,-1.0,-1.04,-1.0,-1.0,-1.0,2.0,-1.0,-1.0,2.0,-1.0,2.0,-1.0,-1.0,2.0,-1.0,2.0,-1.0,-1.0,-1.0,-1.0,-1.0,-1.0,1.0,1.0,2.0,1.0,1.0,-1.0,-1.0,1.0,1.0,1.0,1.0,40000.0,10000.0,40000.0,<10k,2,-1.0,-1.0,1,200000.0,2.0,2,-1.0,-1.0,2,-1.0,-1.0,2,-1.0,-1.0,2,-1.0,-1.0,2,-1.0,-1.0,1,100000.0,1.0,2,-1.0,-1.0,2,-1.0,-1.0,0.0,4.99,0.0,5.09,0.0,15.3,0.0,5.06,YES,YES,3.0,17.87,3.0,16.1,0.0,16.59,0.0,22.36,6.0,44.86,4.0,27.18,9.0,60.0,0.0,17.16,4.0,28.26,4.0,29.92,6.0,55.38,1,1,1,1,3.0,5.0,1,1,1.0,2,4.0,1.0,-0.9,-1.1,3.0,2.0,12.0,12.0,1,2,1.0,2.0,1.0,1.0,1.0,1.0,3.0,1.0,1.0,-0.96,2.0,-1.0,-1.0,-1.0,-1.0,-1.0,-1.0
11,1,1,1,1,2,2,80,36-50,1,1,1,2,9.0,13.0,1.0,1.0,3341.0,14101.0,3.0,-1.0,-1.0,271.9852019,1980,-1.0,-1.0,-1.0,-1.0,-0.91,-1.0,-0.95,-1.0,-1.0,-1.0,2.0,-1.0,-1.0,2.0,-1.0,2.0,-1.0,-1.0,2.0,-1.0,2.0,-1.0,-1.0,-1.0,-1.0,-1.0,-1.0,2.0,1.0,2.0,1.0,1.0,-1.0,-1.0,1.0,1.0,1.0,1.0,40000.0,-1.0,-1.0,<10k,2,-1.0,-1.0,1,200000.0,2.0,2,-1.0,-1.0,2,-1.0,-1.0,2,-1.0,-1.0,2,-1.0,-1.0,2,-1.0,-1.0,1,100000.0,1.0,2,-1.0,-1.0,2,-1.0,-1.0,0.0,5.07,0.0,4.44,0.0,16.14,0.0,4.99,YES,YES,3.0,18.77,3.0,20.76,0.0,15.29,0.0,20.25,6.0,43.03,4.0,28.32,9.0,50.72,0.0,15.23,4.0,31.84,4.0,28.05,6.0,44.59,1,1,1,1,3.0,5.0,1,1,1.0,2,4.0,1.0,-1.0,-1.11,3.0,2.0,12.0,12.0,1,2,1.0,2.0,1.0,1.0,1.0,1.0,3.0,1.0,1.0,-1.13,2.0,-1.0,-1.0,-1.0,-1.0,-1.0,-1.0
11,1,1,1,1,3,1,10,0-18,1,1,1,1,2.0,1.0,-1.0,-1.0,-1.0,-1.0,-1.0,-1.0,-1.0,271.9852019,2012,1.0,1.0,4.0,3.0,0.0,1.0,14.57,-1.0,-1.0,-1.0,2.0,-1.0,-1.0,2.0,-1.0,1.0,5.0,1.0,2.0,-1.0,2.0,-1.0,-1.0,-1.0,-1.0,-1.0,-1.0,2.0,1.0,2.0,1.0,1.0,-1.0,-1.0,1.0,1.0,1.0,1.0,21360.0,-1.0,-1.0,<10k,2,-1.0,-1.0,1,200000.0,2.0,2,-1.0,-1.0,2,-1.0,-1.0,2,-1.0,-1.0,2,-1.0,-1.0,2,-1.0,-1.0,1,100000.0,1.0,2,-1.0,-1.0,2,-1.0,-1.0,0.0,4.49,0.0,4.76,0.0,14.69,0.0,4.87,YES,YES,3.0,19.5,3.0,14.51,0.0,16.94,0.0,21.39,6.0,49.82,4.0,23.68,9.0,43.51,0.0,16.27,4.0,30.31,4.0,31.61,6.0,37.11,1,1,1,1,3.0,5.0,1,1,1.0,2,4.0,1.0,-0.93,-0.9,3.0,2.0,12.0,12.0,1,2,1.0,2.0,1.0,1.0,1.0,1.0,3.0,1.0,1.0,-0.93,2.0,-1.0,-1.0,-1.0,-1.0,-1.0,-1.0
11,1,1,1,1,3,1,10,0-18,1,1,1,1,-1.0,-1.0,-1.0,-1.0,-1.0,-1.0,-1.0,-1.0,-1.0,271.9852019,2017,1.0,1.0,2.0,1.0,0.0,1.0,16.6,-1.0,-1.0,-1.0,1.0,2.0,1.0,2.0,-1.0,2.0,-1.0,-1.0,2.0,-1.0,2.0,-1.0,-1.0,-1.0,-1.0,-1.0,-1.0,2.0,1.0,2.0,1.0,1.0,-1.0,-1.0,1.0,1.0,1.0,-1.0,-1.0,-1.0,-1.0,<10k,2,-1.0,-1.0,1,200000.0,2.0,2,-1.0,-1.0,2,-1.0,-1.0,2,-1.0,-1.0,2,-1.0,-1.0,2,-1.0,-1.0,1,100000.0,1.0,2,-1.0,-1.0,2,-1.0,-1.0,0.0,4.59,0.0,4.81,0.0,14.65,0.0,3.95,YES,YES,3.0,20.64,3.0,20.05,0.0,14.2,0.0,21.26,6.0,45.28,4.0,33.6,9.0,66.84,0.0,15.44,4.0,30.53,4.0,33.27,6.0,47.03,1,1,1,1,3.0,5.0,1,1,1.0,2,4.0,1.0,-0.92,-1.18,3.0,2.0,12.0,12.0,1,2,1.0,2.0,1.0,1.0,1.0,1.0,3.0,1.0,1.0,-1.11,2.0,-1.0,-1.0,-1.0,-1.0,-1.0,-1.0
11,1,1,1,1,6,2,70,36-50,1,1,1,2,9.0,8.0,1.0,1.0,9111.0,97006.0,3.0,-1.0,-1.0,271.9852019,1972,1.0,1.0,7.0,6.0,12.85,5.0,48.18,-1.0,-1.0,-1.0,2.0,-1.0,-1.0,1.0,1.0,2.0,-1.0,-1.0,2.0,-1.0,1.0,11.0,2.0,14.0,0.0,2.0,-1.0,2.0,2.0,2.0,1.0,3.0,2.0,-1.0,1.0,1.0,1.0,1.0,30000.0,-1.0,-1.0,<10k,2,-1.0,-1.0,1,200000.0,2.0,2,-1.0,-1.0,2,-1.0,-1.0,2,-1.0,-1.0,2,-1.0,-1.0,2,-1.0,-1.0,1,100000.0,1.0,2,-1.0,-1.0,2,-1.0,-1.0,0.0,5.12,0.0,5.07,0.0,15.38,0.0,5.41,YES,YES,3.0,23.29,3.0,16.58,0.0,14.41,0.0,21.81,6.0,42.4,4.0,29.44,9.0,57.47,0.0,12.21,4.0,26.46,4.0,29.12,6.0,44.9,1,1,1,1,3.0,5.0,1,1,1.0,2,4.0,1.0,-1.1,-0.88,3.0,2.0,12.0,12.0,1,2,1.0,2.0,1.0,1.0,1.0,1.0,3.0,1.0,1.0,-0.94,2.0,-1.0,-1.0,-1.0,-1.0,-1.0,-1.0
11,1,1,1,1,1,2,60,51-65,1,1,1,2,9.0,11.0,1.0,1.0,7531.0,14101.0,3.0,-1.0,-1.0,271.9852019,1964,-1.0,-1.0,-1.0,-1.0,-1.02,-1.0,-1.17,-1.0,-1.0,-1.0,2.0,-1.0,-1.0,2.0,-1.0,2.0,-1.0,-1.0,2.0,-1.0,2.0,-1.0,-1.0,-1.0,-1.0,-1.0,-1.0,1.0,1.0,2.0,1.0,1.0,-1.0,-1.0,1.0,1.0,1.0,1.0,40000.0,10000.0,40000.0,<10k,2,-1.0,-1.0,1,200000.0,2.0,2,-1.0,-1.0,2,-1.0,-1.0,2,-1.0,-1.0,2,-1.0,-1.0,2,-1.0,-1.0,1,100000.0,1.0,2,-1.0,-1.0,2,-1.0,-1.0,0.0,5.04,0.0,5.13,0.0,14.64,0.0,4.62,YES,YES,3.0,22.28,3.0,21.46,0.0,13.84,0.0,20.47,6.0,41.57,4.0,33.33,9.0,58.4,0.0,19.5,4.0,27.57,4.0,33.45,6.0,44.87,1,1,1,1,3.0,5.0,1,1,1.0,2,4.0,1.0,-1.11,-0.94,3.0,2.0,12.0,12.0,1,2,1.0,2.0,1.0,1.0,1.0,1.0,3.0,1.0,1.0,-1.04,2.0,-1.0,-1.0,-1.0,-1.0,-1.0,-1.0
11,1,1,1,2,2,1,60,51-65,1,1,1,2,9.0,10.0,-1.0,-1.0,-1.0,-1.0,-1.0,1.0,1.0,271.9852019,1961,-1.0,-1.0,-1.0,-1.0,-1.05,-1.0,-1.04,-1.0,-1.0,-1.0,2.0,-1.0,-1.0,2.0,-1.0,2.0,-1.0,-1.0,2.0,-1.0,2.0,-1.0,-1.0,-1.0,-1.0,-1.0,-1.0,2.0,1.0,2.0,1.0,1.0,-1.0,-1.0,1.0,1.0,1.0,1.0,40000.0,-1.0,-1.0,<10k,2,-1.0,-1.0,1,200000.0,2.0,2,-1.0,-1.0,2,-1.0,-1.0,2,-1.0,-1.0,2,-1.0,-1.0,2,-1.0,-1.0,1,100000.0,1.0,2,-1.0,-1.0,2,-1.0,-1.0,0.0,5.18,0.0,5.97,0.0,17.65,0.0,5.08,YES,YES,3.0,19.96,3.0,20.94,0.0,15.94,0.0,18.83,6.0,43.76,4.0,32.77,9.0,59.21,0.0,14.6,4.0,30.97,4.0,32.95,6.0,47.34,1,1,1,1,3.0,5.0,1,1,1.0,2,4.0,1.0,-0.94,-1.07,3.0,2.0,12.0,12.0,1,2,1.0,2.0,1.0,1.0,1.0,1.0,3.0,1.0,1.0,-1.02,2.0,-1.0,-1.0,-1.0,-1.0,-1.0,-1.0
11,1,1,1,1,3,1,90,19-35,1,1,1,1,5.0,13.0,1.0,1.0,5414.0,11011.0,3.0,-1.0,-1.0,271.9852019,1993,1.0,1.0,4.0,3.0,0.0,1.0,16.65,-1.0,-1.0,-1.0,2.0,-1.0,-1.0,2.0,-1.0,1.0,5.0,1.0,2.0,-1.0,2.0,-1.0,-1.0,-1.0,-1.0,-1.0,-1.0,2.0,1.0,2.0,1.0,1.0,-1.0,-1.0,1.0,1.0,1.0,1.0,21360.0,-1.0,-1.0,<10k,2,-1.0,-1.0,1,200000.0,2.0,2,-1.0,-1.0,2,-1.0,-1.0,2,-1.0,-1.0,2,-1.0,-1.0,2,-1.0,-1.0,1,100000.0,1.0,2,-1.0,-1.0,2,-1.0,-1.0,0.0,4.65,0.0,4.59,0.0,15.0,0.0,5.58,YES,YES,3.0,20.43,3.0,19.28,0.0,15.28,0.0,19.35,6.0,36.3,4.0,28.44,9.0,57.67,0.0,13.85,4.0,31.12,4.0,28.34,6.0,42.09,1,1,1,1,3.0,5.0,1,1,1.0,2,4.0,1.0,-1.08,-1.17,3.0,2.0,12.0,12.0,1,2,1.0,2.0,1.0,1.0,1.0,1.0,3.0,1.0,1.0,-1.07,2.0,-1.0,-1.0,-1.0,-1.0,-1.0,-1.0
11,1,1,1,1,3,2,90,19-35,1,1,1,1,9.0,12.0,3.0,2.0,-1.0,-1.0,-1.0,-1.0,-1.0,271.9852019,1994,1.0,1.0,2.0,1.0,0.0,1.0,14.29,-1.0,-1.0,-1.0,1.0,2.0,1.0,2.0,-1.0,2.0,-1.0,-1.0,2.0,-1.0,2.0,-1.0,-1.0,-1.0,-1.0,-1.0,-1.0,2.0,1.0,2.0,1.0,1.0,-1.0,-1.0,1.0,1.0,1.0,-1.0,-1.0,-1.0,-1.0,<10k,2,-1.0,-1.0,1,200000.0,2.0,2,-1.0,-1.0,2,-1.0,-1.0,2,-1.0,-1.0,2,-1.0,-1.0,2,-1.0,-1.0,1,100000.0,1.0,2,-1.0,-1.0,2,-1.0,-1.0,0.0,4.76,0.0,4.47,0.0,15.23,0.0,5.09,YES,YES,3.0,24.5,3.0,21.66,0.0,16.34,0.0,22.56,6.0,39.94,4.0,27.1,9.0,64.95,0.0,17.03,4.0,25.84,4.0,30.88,6.0,47.72,1,1,1,1,3.0,5.0,1,1,1.0,2,4.0,1.0,-0.8,-1.12,3.0,2.0,12.0,12.0,1,2,1.0,2.0,1.0,1.0,1.0,1.0,3.0,1.0,1.0,-1.21,2.0,-1.0,-1.0,-1.0,-1.0,-1.0,-1.0
11,1,1,1,1,1,1,30,66+,1,1,1,2,9.0,3.0,5.0,2.0,-1.0,-1.0,-1.0,-1.0,-1.0,271.9852019,1939,-1.0,-1.0,-1.0,-1.0,-1.16,-1.0,-1.13,-1.0,-1.0,-1.0,2.0,-1.0,-1.0,2.0,-1.0,2.0,-1.0,-1.0,2.0,-1.0,2.0,-1.0,-1.0,-1.0,-1.0,-1.0,-1.0,1.0,1.0,2.0,1.0,1.0,-1.0,-1.0,1.0,1.0,1.0,1.0,40000.0,10000.0,40000.0,<10k,2,-1.0,-1.0,1,200000.0,2.0,2,-1.0,-1.0,2,-1.0,-1.0,2,-1.0,-1.0,2,-1.0,-1.0,2,-1.0,-1.0,1,100000.0,1.0,2,-1.0,-1.0,2,-1.0,-1.0,0.0,5.57,0.0,5.4,0.0,15.34,0.0,4.4,YES,YES,3.0,20.77,3.0,21.18,0.0,14.2,0.0,21.23,6.0,46.73,4.0,29.52,9.0,59.8,0.0,14.7,4.0,27.79,4.0,33.6,6.0,44.63,1,1,1,1,3.0,5.0,1,1,1.0,2,4.0,1.0,-1.04,-1.03,3.0,2.0,12.0,12.0,1,2,1.0,2.0,1.0,1.0,1.0,1.0,3.0,1.0,1.0,-1.13,2.0,-1.0,-1.0,-1.0,-1.0,-1.0,-1.0
11,1,1,1,1,2,2,40,66+,1,1,1,2,9.0,19.0,9.0,2.0,-1.0,-1.0,-1.0,-1.0,-1.0,271.9852019,1942,-1.0,-1.0,-1.0,-1.0,-0.9,-1.0,-0.96,-1.0,-1.0,-1.0,2.0,-1.0,-1.0,2.0,-1.0,2.0,-1.0,-1.0,2.0,-1.0,2.0,-1.0,-1.0,-1.0,-1.0,-1.0,-1.0,2.0,1.0,2.0,1.0,1.0,-1.0,-1.0,1.0,1.0,1.0,1.0,40000.0,-1.0,-1.0,<10k,2,-1.0,-1.0,1,200000.0,2.0,2,-1.0,-1.0,2,-1.0,-1.0,2,-1.0,-1.0,2,-1.0,-1.0,2,-1.0,-1.0,1,100000.0,1.0,2,-1.0,-1.0,2,-1.0,-1.0,0.0,4.86,0.0,4.31,0.0,12.65,0.0,4.7,YES,YES,3.0,24.74,3.0,21.43,0.0,14.32,0.0,16.51,6.0,43.37,4.0,29.88,9.0,71.03,0.0,16.17,4.0,31.71,4.0,24.69,6.0,47.92,1,1,1,1,3.0,5.0,1,1,1.0,2,4.0,1.0,-1.14,-1.18,3.0,2.0,12.0,12.0,1,2,1.0,2.0,1.0,1.0,1.0,1.0,3.0,1.0,1.0,-1.02,2.0,-1.0,-1.0,-1.0,-1.0,-1.0,-1.0
11,1,1,1,1,3,1,50,51-65,1,1,1,4,9.0,4.0,9.0,2.0,-1.0,-1.0,-1.0,-1.0,-1.0,271.9852019,1958,1.0,1.0,4.0,3.0,0.0,1.0,13.07,-1.0,-1.0,-1.0,2.0,-1.0,-1.0,2.0,-1.0,1.0,5.0,1.0,2.0,-1.0,2.0,-1.0,-1.0,-1.0,-1.0,-1.0,-1.0,2.0,1.0,2.0,1.0,1.0,-1.0,-1.0,1.0,1.0,1.0,1.0,21360.0,-1.0,-1.0,<10k,2,-1.0,-1.0,1,200000.0,2.0,2,-1.0,-1.0,2,-1.0,-1.0,2,-1.0,-1.0,2,-1.0,-1.0,2,-1.0,-1.0,1,100000.0,1.0,2,-1.0,-1.0,2,-1.0,-1.0,0.0,5.97,0.0,5.67,0.0,15.68,0.0,4.51,YES,YES,3.0,19.01,3.0,19.83,0.0,16.5,0.0,18.78,6.0,40.73,4.0,31.75,9.0,58.97,0.0,13.92,4.0,24.69,4.0,23.9,6.0,49.15,1,1,1,1,3.0,5.0,1,1,1.0,2,4.0,1.0,-0.91,-1.07,3.0,2.0,12.0,12.0,1,2,1.0,2.0,1.0,1.0,1.0,1.0,3.0,1.0,1.0,-1.05,2.0,-1.0,-1.0,-1.0,-1.0,-1.0,-1.0
11,1,1,1,1,3,2,80,36-50,1,1,1,7,9.0,8.0,7.0,2.0,-1.0,-1.0,-1.0,-1.0,-1.0,271.9852019,1981,1.0,1.0,2.0,1.0,0.0,1.0,16.44,-1.0,-1.0,-1.0,1.0,2.0,1.0,2.0,-1.0,2.0,-1.0,-1.0,2.0,-1.0,2.0,-1.0,-1.0,-1.0,-1.0,-1.0,-1.0,2.0,1.0,2.0,1.0,1.0,-1.0,-1.0,1.0,1.0,1.0,-1.0,-1.0,-1.0,-1.0,<10k,2,-1.0,-1.0,1,200000.0,2.0,2,-1.0,-1.0,2,-1.0,-1.0,2,-1.0,-1.0,2,-1.0,-1.0,2,-1.0,-1.0,1,100000.0,1.0,2,-1.0,-1.0,2,-1.0,-1.0,0.0,4.53,0.0,4.49,0.0,17.1,0.0,4.98,YES,YES,3.0,21.71,3.0,20.17,0.0,14.11,0.0,20.57,6.0,50.34,4.0,28.26,9.0,65.41,0.0,15.03,4.0,29.96,4.0,32.06,6.0,40.18,1,1,1,1,3.0,5.0,1,1,1.0,2,4.0,1.0,-1.13,-0.98,3.0,2.0,12.0,12.0,1,2,1.0,2.0,1.0,1.0,1.0,1.0,3.0,1.0,1.0,-0.84,2.0,-1.0,-1.0,-1.0,-1.0,-1.0,-1.0
11,1,1,1,1,5,1,90,19-35,1,1,1,1,5.0,10.0,1.0,1.0,7233.0,25112.0,3.0,-1.0,-1.0,271.9852019,1999,1.0,1.0,7.0,6.0,12.16,5.0,48.6,-1.0,-1.0,-1.0,2.0,-1.0,-1.0,1.0,1.0,2.0,-1.0,-1.0,2.0,-1.0,1.0,11.0,2.0,14.0,0.0,2.0,-1.0,2.0,2.0,2.0,1.0,3.0,2.0,-1.0,1.0,1.0,1.0,1.0,30000.0,-1.0,-1.0,<10k,2,-1.0,-1.0,1,200000.0,2.0,2,-1.0,-1.0,2,-1.0,-1.0,2,-1.0,-1.0,2,-1.0,-1.0,2,-1.0,-1.0,1,100000.0,1.0,2,-1.0,-1.0,2,-1.0,-1.0,0.0,5.1,0.0,5.34,0.0,16.02,0.0,4.46,YES,YES,3.0,21.17,3.0,18.92,0.0,14.38,0.0,21.29,6.0,42.45,4.0,28.48,9.0,53.37,0.0,15.44,4.0,33.98,4.0,28.1,6.0,40.07,1,1,1,1,3.0,5.0,1,1,1.0,2,4.0,1.0,-0.91,-1.06,3.0,2.0,12.0,12.0,1,2,1.0,2.0,1.0,1.0,1.0,1.0,3.0,1.0,1.0,-0.88,2.0,-1.0,-1.0,-1.0,-1.0,-1.0,-1.0
11,1,1,1,1,5,2,0,0-18,1,1,1,1,2.0,8.0,-1.0,-1.0,-1.0,-1.0,-1.0,-1.0,-1.0,271.9852019,2005,1.0,1.0,9.0,8.0,0.0,1.0,15.57,-1.0,-1.0,-1.0,2.0,-1.0,-1.0,1.0,1.0,2.0,-1.0,-1.0,2.0,-1.0,2.0,-1.0,-1.0,-1.0,-1.0,-1.0,-1.0,2.0,1.0,2.0,1.0,1.0,-1.0,-1.0,1.0,1.0,1.0,1.0,35000.0,-1.0,-1.0,<10k,2,-1.0,-1.0,1,200000.0,2.0,2,-1.0,-1.0,2,-1.0,-1.0,2,-1.0,-1.0,2,-1.0,-1.0,2,-1.0,-1.0,1,100000.0,1.0,2,-1.0,-1.0,2,-1.0,-1.0,0.0,4.97,0.0,5.27,0.0,15.48,0.0,4.6,YES,YES,3.0,17.05,3.0,20.81,0.0,15.73,0.0,18.52,6.0,40.83,4.0,33.54,9.0,60.78,0.0,15.05,4.0,33.82,4.0,29.93,6.0,47.22,1,1,1,1,3.0,5.0,1,1,1.0,2,4.0,1.0,-0.99,-1.04,3.0,2.0,12.0,12.0,1,2,1.0,2.0,1.0,1.0,1.0,1.0,3.0,1.0,1.0,-0.85,2.0,-1.0,-1.0,-1.0,-1.0,-1.0,-1.0
11,1,1,1,1,5,1,80,19-35,1,1,1,2,9.0,8.0,1.0,1.0,9122.0,33150.0,3.0,-1.0,-1.0,271.9852019,1987,-1.0,-1.0,-1.0,-1.0,-0.85,-1.0,-0.91,-1.0,-1.0,-1.0,2.0,-1.0,-1.0,2.0,-1.0,2.0,-1.0,-1.0,2.0,-1.0,2.0,-1.0,-1.0,-1.0,-1.0,-1.0,-1.0,2.0,1.0,2.0,1.0,1.0,-1.0,-1.0,1.0,1.0,1.0,1.0,40000.0,-1.0,-1.0,<10k,2,-1.0,-1.0,1,200000.0,2.0,2,-1.0,-1.0,2,-1.0,-1.0,2,-1.0,-1.0,2,-1.0,-1.0,2,-1.0,-1.0,1,100000.0,1.0,2,-1.0,-1.0,2,-1.0,-1.0,0.0,4.24,0.0,5.97,0.0,18.91,0.0,5.26,YES,YES,3.0,19.69,3.0,19.46,0.0,12.01,0.0,18.37,6.0,32.56,4.0,25.4,9.0,66.2,0.0,15.96,4.0,30.38,4.0,28.33,6.0,40.74,1,1,1,1,3.0,5.0,1,1,1.0,2,4.0,1.0,-0.97,-0.99,3.0,2.0,12.0,12.0,1,2,1.0,2.0,1.0,1.0,1.0,1.0,3.0,1.0,1.0,-0.97,2.0,-1.0,-1.0,-1.0,-1.0,-1.0,-1.0
11,1,1,1,1,1,1,40,66+,1,1,1,2,9.0,10.0,5.0,2.0,-1.0,-1.0,-1.0,-1.0,-1.0,271.9852019,1947,-1.0,-1.0,-1.0,-1.0,-0.83,-1.0,-1.01,-1.0,-1.0,-1.0,2.0,-1.0,-1.0,2.0,-1.0,2.0,-1.0,-1.0,2.0,-1.0,2.0,-1.0,-1.0,-1.0,-1.0,-1.0,-1.0,1.0,1.0,2.0,1.0,1.0,-1.0,-1.0,1.0,1.0,1.0,1.0,40000.0,10000.0,40000.0,<10k,2,-1.0,-1.0,1,200000.0,2.0,2,-1.0,-1.0,2,-1.0,-1.0,2,-1.0,-1.0,2,-1.0,-1.0,2,-1.0,-1.0,1,100000.0,1.0,2,-1.0,-1.0,2,-1.0,-1.0,0.0,5.56,0.0,4.4,0.0,13.84,0.0,5.69,YES,YES,3.0,20.1,3.0,15.67,0.0,13.88,0.0,20.91,6.0,51.63,4.0,31.84,9.0,52.73,0.0,13.44,4.0,29.54,4.0,27.91,6.0,44.18,1,1,1,1,3.0,5.0,1,1,1.0,2,4.0,1.0,-1.15,-1.12,3.0,2.0,12.0,12.0,1,2,1.0,2.0,1.0,1.0,1.0,1.0,3.0,1.0,1.0,-1.08,2.0,-1.0,-1.0,-1.0,-1.0,-1.0,-1.0
11,1,1,1,1,2,2,60,51-65,1,1,1,2,9.0,8.0,7.0,2.0,-1.0,-1.0,-1.0,-1.0,-1.0,271.9852019,1962,-1.0,-1.0,-1.0,-1.0,-0.93,-1.0,-0.89,-1.0,-1.0,-1.0,2.0,-1.0,-1.0,2.0,-1.0,2.0,-1.0,-1.0,2.0,-1.0,2.0,-1.0,-1.0,-1.0,-1.0,-1.0,-1.0,2.0,1.0,2.0,1.0,1.0,-1.0,-1.0,1.0,1.0,1.0,1.0,40000.0,-1.0,-1.0,<10k,2,-1.0,-1.0,1,200000.0,2.0,2,-1.0,-1.0,2,-1.0,-1.0,2,-1.0,-1.0,2,-1.0,-1.0,2,-1.0,-1.0,1,100000.0,1.0,2,-1.0,-1.0,2,-1.0,-1.0,0.0,5.24,0.0,4.46,0.0,15.15,0.0,5.83,YES,YES,3.0,21.68,3.0,21.28,0.0,14.1,0.0,24.15,6.0,34.61,4.0,32.8,9.0,66.85,0.0,14.39,4.0,29.76,4.0,32.96,6.0,40.12,1,1,1,1,3.0,5.0,1,1,1.0,2,4.0,1.0,-1.08,-1.01,3.0,2.0,12.0,12.0,1,2,1.0,2.0,1.0,1.0,1.0,1.0,3.0,1.0,1.0,-0.96,2.0,-1.0,-1.0,-1.0,-1.0,-1.0,-1.0
11,1,1,1,1,1,1,70,36-50,1,1,4,2,9.0,11.0,99.0,2.0,-1.0,-1.0,-1.0,-1.0,-1.0,271.9852019,1970,-1.0,-1.0,-1.0,-1.0,-1.02,-1.0,-0.94,-1.0,-1.0,-1.0,2.0,-1.0,-1.0,2.0,-1.0,2.0,-1.0,-1.0,2.0,-1.0,2.0,-1.0,-1.0,-1.0,-1.0,-1.0,-1.0,1.0,1.0,2.0,1.0,1.0,-1.0,-1.0,1.0,1.0,1.0,1.0,40000.0,10000.0,40000.0,<10k,2,-1.0,-1.0,1,200000.0,2.0,2,-1.0,-1.0,2,-1.0,-1.0,2,-1.0,-1.0,2,-1.0,-1.0,2,-1.0,-1.0,1,100000.0,1.0,2,-1.0,-1.0,2,-1.0,-1.0,0.0,3.94,0.0,4.95,0.0,16.31,0.0,5.17,YES,YES,3.0,21.65,3.0,21.32,0.0,15.19,0.0,21.9,6.0,45.37,4.0,26.19,9.0,67.29,0.0,16.49,4.0,31.57,4.0,31.81,6.0,36.65,1,1,1,1,3.0,5.0,1,1,1.0,2,4.0,1.0,-1.13,-1.03,3.0,2.0,12.0,12.0,1,2,1.0,2.0,1.0,1.0,1.0,1.0,3.0,1.0,1.0,-0.96,2.0,-1.0,-1.0,-1.0,-1.0,-1.0,-1.0
11,1,1,1,1,2,2,70,36-50,1,1,4,2,9.0,13.0,1.0,1.0,2411.0,42101.0,2.0,-1.0,-1.0,271.9852019,1970,-1.0,-1.0,-1.0,-1.0,-1.02,-1.0,-1.22,-1.0,-1.0,-1.0,2.0,-1.0,-1.0,2.0,-1.0,2.0,-1.0,-1.0,2.0,-1.0,2.0,-1.0,-1.0,-1.0,-1.0,-1.0,-1.0,2.0,1.0,2.0,1.0,1.0,-1.0,-1.0,1.0,1.0,1.0,1.0,40000.0,-1.0,-1.0,<10k,2,-1.0,-1.0,1,200000.0,2.0,2,-1.0,-1.0,2,-1.0,-1.0,2,-1.0,-1.0,2,-1.0,-1.0,2,-1.0,-1.0,1,100000.0,1.0,2,-1.0,-1.0,2,-1.0,-1.0,0.0,5.48,0.0,5.12,0.0,14.3,0.0,4.69,YES,YES,3.0,18.25,3.0,21.69,0.0,14.61,0.0,18.67,6.0,40.52,4.0,30.94,9.0,62.55,0.0,14.16,4.0,30.42,4.0,34.34,6.0,41.99,1,1,1,1,3.0,5.0,1,1,1.0,2,4.0,1.0,-0.96,-0.98,3.0,2.0,12.0,12.0,1,2,1.0,2.0,1.0,1.0,1.0,1.0,3.0,1.0,1.0,-0.95,2.0,-1.0,-1.0,-1.0,-1.0,-1.0,-1.0
11,1,1,1,1,3,2,0,0-18,1,1,4,1,2.0,11.0,8.0,2.0,-1.0,-1.0,-1.0,-1.0,-1.0,271.9852019,2001,1.0,1.0,4.0,3.0,0.0,1.0,13.66,-1.0,-1.0,-1.0,2.0,-1.0,-1.0,2.0,-1.0,1.0,5.0,1.0,2.0,-1.0,2.0,-1.0,-1.0,-1.0,-1.0,-1.0,-1.0,2.0,1.0,2.0,1.0,1.0,-1.0,-1.0,1.0,1.0,1.0,1.0,21360.0,-1.0,-1.0,<10k,2,-1.0,-1.0,1,200000.0,2.0,2,-1.0,-1.0,2,-1.0,-1.0,2,-1.0,-1.0,2,-1.0,-1.0,2,-1.0,-1.0,1,100000.0,1.0,2,-1.0,-1.0,2,-1.0,-1.0,0.0,5.15,0.0,4.92,0.0,14.61,0.0,4.94,YES,YES,3.0,16.2,3.0,20.73,0.0,17.05,0.0,22.02,6.0,45.55,4.0,27.6,9.0,58.66,0.0,16.54,4.0,30.9,4.0,24.1,6.0,41.16,1,1,1,1,3.0,5.0,1,1,1.0,2,4.0,1.0,-0.96,-1.02,3.0,2.0,12.0,12.0,1,2,1.0,2.0,1.0,1.0,1.0,1.0,3.0,1.0,1.0,-1.0,2.0,-1.0,-1.0,-1.0,-1.0,-1.0,-1.0
11,1,1,1,1,3,2,0,0-18,1,1,4,1,2.0,4.0,-1.0,-1.0,-1.0,-1.0,-1.0,-1.0,-1.0,271.9852019,2009,1.0,1.0,2.0,1.0,0.0,1.0,16.93,-1.0,-1.0,-1.0,1.0,2.0,1.0,2.0,-1.0,2.0,-1.0,-1.0,2.0,-1.0,2.0,-1.0,-1.0,-1.0,-1.0,-1.0,-1.0,2.0,1.0,2.0,1.0,1.0,-1.0,-1.0,1.0,1.0,1.0,-1.0,-1.0,-1.0,-1.0,<10k,2,-1.0,-1.0,1,200000.0,2.0,2,-1.0,-1.0,2,-1.0,-1.0,2,-1.0,-1.0,2,-1.0,-1.0,2,-1.0,-1.0,1,100000.0,1.0,2,-1.0,-1.0,2,-1.0,-1.0,0.0,4.81,0.0,4.2,0.0,15.32,0.0,5.09,YES,YES,3.0,17.09,3.0,17.38,0.0,14.87,0.0,20.94,6.0,45.75,4.0,23.37,9.0,68.85,0.0,16.42,4.0,31.7,4.0,25.47,6.0,42.44,1,1,1,1,3.0,5.0,1,1,1.0,2,4.0,1.0,-1.02,-0.94,3.0,2.0,12.0,12.0,1,2,1.0,2.0,1.0,1.0,1.0,1.0,3.0,1.0,1.0,-0.92,2.0,-1.0,-1.0,-1.0,-1.0,-1.0,-1.0
11,1,1,1,1,1,1,70,36-50,1,1,1,2,9.0,15.0,1.0,1.0,1213.0,81309.0,3.0,-1.0,-1.0,361.6920328,1976,-1.0,-1.0,-1.0,-1.0,-0.93,-1.0,-1.0,-1.0,-1.0,-1.0,2.0,-1.0,-1.0,2.0,-1.0,2.0,-1.0,-1.0,2.0,-1.0,2.0,-1.0,-1.0,-1.0,-1.0,-1.0,-1.0,2.0,1.0,2.0,1.0,1.0,-1.0,-1.0,1.0,1.0,1.0,1.0,143000.0,20000.0,240000.0,<10k,1,200000.0,3.0,2,-1.0,-1.0,2,-1.0,-1.0,1,100000.0,3.0,2,-1.0,-1.0,2,-1.0,-1.0,2,-1.0,-1.0,2,-1.0,-1.0,2,-1.0,-1.0,2,-1.0,-1.0,0.0,5.46,0.0,5.08,1.0,10.88,1.0,10.73,YES,YES,7.0,62.86,3.0,31.83,0.0,5.03,0.0,5.51,3.0,30.96,5.0,37.38,1.0,15.03,1.0,15.71,1.0,14.77,1.0,14.04,3.0,38.02,1,1,1,1,3.0,5.0,2,2,2.0,7,4.0,1.0,-1.08,-0.86,1.0,2.0,12.0,12.0,1,2,2.0,1.0,1.0,1.0,1.0,1.0,3.0,2.0,-1.0,-1.13,2.0,-1.0,-1.0,-1.0,-1.0,-1.0,-1.0
11,1,1,1,1,2,2,70,36-50,1,1,1,2,9.0,13.0,1.0,1.0,4110.0,84120.0,1.0,-1.0,-1.0,361.6920328,1977,-1.0,-1.0,-1.0,-1.0,-1.14,-1.0,-1.13,-1.0,-1.0,-1.0,2.0,-1.0,-1.0,1.0,1.0,2.0,-1.0,-1.0,2.0,-1.0,2.0,-1.0,-1.0,-1.0,-1.0,-1.0,-1.0,1.0,1.0,2.0,1.0,1.0,-1.0,-1.0,1.0,1.0,1.0,1.0,30000.0,-1.0,-1.0,<10k,1,200000.0,3.0,2,-1.0,-1.0,2,-1.0,-1.0,1,100000.0,3.0,2,-1.0,-1.0,2,-1.0,-1.0,2,-1.0,-1.0,2,-1.0,-1.0,2,-1.0,-1.0,2,-1.0,-1.0,0.0,4.69,0.0,5.8,1.0,11.74,1.0,10.3,YES,YES,7.0,69.1,3.0,32.04,0.0,4.77,0.0,5.52,3.0,35.71,5.0,42.13,1.0,12.77,1.0,15.89,1.0,17.82,1.0,15.86,3.0,31.17,1,1,1,1,3.0,5.0,2,2,2.0,7,4.0,1.0,-1.11,-0.97,1.0,2.0,12.0,12.0,1,2,2.0,1.0,1.0,1.0,1.0,1.0,3.0,2.0,-1.0,-0.87,2.0,-1.0,-1.0,-1.0,-1.0,-1.0,-1.0
11,1,1,1,1,3,1,10,0-18,1,1,1,1,-1.0,-1.0,-1.0,-1.0,-1.0,-1.0,-1.0,-1.0,-1.0,361.6920328,2017,1.0,1.0,13.0,12.0,2.13,2.0,20.75,-1.0,-1.0,-1.0,2.0,-1.0,-1.0,2.0,-1.0,1.0,3.0,1.0,1.0,1.0,2.0,-1.0,-1.0,-1.0,-1.0,-1.0,-1.0,2.0,1.0,2.0,1.0,1.0,-1.0,-1.0,1.0,4.0,1.0,-1.0,-1.0,-1.0,-1.0,<10k,1,200000.0,3.0,2,-1.0,-1.0,2,-1.0,-1.0,1,100000.0,3.0,2,-1.0,-1.0,2,-1.0,-1.0,2,-1.0,-1.0,2,-1.0,-1.0,2,-1.0,-1.0,2,-1.0,-1.0,0.0,4.92,0.0,4.95,1.0,9.37,1.0,8.99,YES,YES,7.0,70.47,3.0,29.67,0.0,4.83,0.0,4.99,3.0,33.45,5.0,41.81,1.0,15.27,1.0,14.5,1.0,13.17,1.0,17.09,3.0,32.56,1,1,1,1,3.0,5.0,2,2,2.0,7,4.0,1.0,-1.04,-0.93,1.0,2.0,12.0,12.0,1,2,2.0,1.0,1.0,1.0,1.0,1.0,3.0,2.0,-1.0,-1.0,2.0,-1.0,-1.0,-1.0,-1.0,-1.0,-1.0
11,1,1,1,1,1,1,60,51-65,1,1,1,4,9.0,8.0,1.0,1.0,8122.0,25931.0,3.0,-1.0,-1.0,361.6920328,1966,-1.0,-1.0,-1.0,-1.0,-0.85,-1.0,-0.96,-1.0,-1.0,-1.0,2.0,-1.0,-1.0,2.0,-1.0,2.0,-1.0,-1.0,2.0,-1.0,2.0,-1.0,-1.0,-1.0,-1.0,-1.0,-1.0,2.0,1.0,2.0,1.0,1.0,-1.0,-1.0,1.0,1.0,1.0,1.0,143000.0,20000.0,240000.0,<10k,1,200000.0,3.0,2,-1.0,-1.0,2,-1.0,-1.0,1,100000.0,3.0,2,-1.0,-1.0,2,-1.0,-1.0,2,-1.0,-1.0,2,-1.0,-1.0,2,-1.0,-1.0,2,-1.0,-1.0,0.0,4.52,0.0,4.11,1.0,10.91,1.0,9.52,YES,YES,7.0,59.29,3.0,30.17,0.0,4.95,0.0,5.53,3.0,31.13,5.0,34.81,1.0,15.38,1.0,14.08,1.0,16.31,1.0,12.54,3.0,32.38,1,1,1,1,3.0,5.0,2,2,2.0,7,4.0,1.0,-0.86,-1.01,1.0,2.0,12.0,12.0,1,2,2.0,1.0,1.0,1.0,1.0,1.0,3.0,2.0,-1.0,-0.94,2.0,-1.0,-1.0,-1.0,-1.0,-1.0,-1.0
11,1,1,1,1,1,2,70,36-50,1,1,1,2,9.0,5.0,7.0,2.0,-1.0,-1.0,-1.0,-1.0,-1.0,361.6920328,1979,-1.0,-1.0,-1.0,-1.0,-1.13,-1.0,-1.21,-1.0,-1.0,-1.0,2.0,-1.0,-1.0,2.0,-1.0,2.0,-1.0,-1.0,2.0,-1.0,2.0,-1.0,-1.0,-1.0,-1.0,-1.0,-1.0,2.0,1.0,2.0,1.0,1.0,-1.0,-1.0,1.0,1.0,1.0,1.0,143000.0,20000.0,240000.0,<10k,1,200000.0,3.0,2,-1.0,-1.0,2,-1.0,-1.0,1,100000.0,3.0,2,-1.0,-1.0,2,-1.0,-1.0,2,-1.0,-1.0,2,-1.0,-1.0,2,-1.0,-1.0,2,-1.0,-1.0,0.0,3.94,0.0,4.37,1.0,9.57,1.0,10.79,YES,YES,7.0,67.66,3.0,31.03,0.0,4.85,0.0,6.24,3.0,30.22,5.0,31.17,1.0,14.29,1.0,15.63,1.0,14.54,1.0,13.65,3.0,35.59,1,1,1,1,3.0,5.0,2,2,2.0,7,4.0,1.0,-0.96,-1.25,1.0,2.0,12.0,12.0,1,2,2.0,1.0,1.0,1.0,1.0,1.0,3.0,2.0,-1.0,-1.04,2.0,-1.0,-1.0,-1.0,-1.0,-1.0,-1.0
11,1,1,1,1,2,1,70,36-50,1,1,1,2,9.0,5.0,1.0,1.0,7116.0,41001.0,3.0,-1.0,-1.0,361.6920328,1974,-1.0,-1.0,-1.0,-1.0,-1.0,-1.0,-0.94,-1.0,-1.0,-1.0,2.0,-1.0,-1.0,1.0,1.0,2.0,-1.0,-1.0,2.0,-1.0,2.0,-1.0,-1.0,-1.0,-1.0,-1.0,-1.0,1.0,1.0,2.0,1.0,1.0,-1.0,-1.0,1.0,1.0,1.0,1.0,30000.0,-1.0,-1.0,<10k,1,200000.0,3.0,2,-1.0,-1.0,2,-1.0,-1.0,1,100000.0,3.0,2,-1.0,-1.0,2,-1.0,-1.0,2,-1.0,-1.0,2,-1.0,-1.0,2,-1.0,-1.0,2,-1.0,-1.0,0.0,4.66,0.0,4.91,1.0,10.3,1.0,9.13,YES,YES,7.0,61.17,3.0,31.17,0.0,5.06,0.0,5.24,3.0,29.05,5.0,40.36,1.0,15.13,1.0,15.93,1.0,13.0,1.0,12.38,3.0,32.39,1,1,1,1,3.0,5.0,2,2,2.0,7,4.0,1.0,-0.99,-0.86,1.0,2.0,12.0,12.0,1,2,2.0,1.0,1.0,1.0,1.0,1.0,3.0,2.0,-1.0,-0.92,2.0,-1.0,-1.0,-1.0,-1.0,-1.0,-1.0
11,1,1,1,1,3,2,0,0-18,1,1,1,1,2.0,12.0,8.0,2.0,-1.0,-1.0,-1.0,-1.0,-1.0,361.6920328,2000,1.0,1.0,13.0,12.0,1.96,2.0,19.65,-1.0,-1.0,-1.0,2.0,-1.0,-1.0,2.0,-1.0,1.0,3.0,1.0,1.0,1.0,2.0,-1.0,-1.0,-1.0,-1.0,-1.0,-1.0,2.0,1.0,2.0,1.0,1.0,-1.0,-1.0,1.0,4.0,1.0,-1.0,-1.0,-1.0,-1.0,<10k,1,200000.0,3.0,2,-1.0,-1.0,2,-1.0,-1.0,1,100000.0,3.0,2,-1.0,-1.0,2,-1.0,-1.0,2,-1.0,-1.0,2,-1.0,-1.0,2,-1.0,-1.0,2,-1.0,-1.0,0.0,4.56,0.0,5.19,1.0,8.44,1.0,10.69,YES,YES,7.0,50.55,3.0,28.83,0.0,4.61,0.0,4.76,3.0,29.44,5.0,34.54,1.0,17.82,1.0,15.96,1.0,15.09,1.0,17.02,3.0,31.98,1,1,1,1,3.0,5.0,2,2,2.0,7,4.0,1.0,-0.96,-1.03,1.0,2.0,12.0,12.0,1,2,2.0,1.0,1.0,1.0,1.0,1.0,3.0,2.0,-1.0,-0.89,2.0,-1.0,-1.0,-1.0,-1.0,-1.0,-1.0
11,1,1,1,1,3,2,10,0-18,1,1,1,1,2.0,0.0,-1.0,-1.0,-1.0,-1.0,-1.0,-1.0,-1.0,361.6920328,2013,1.0,1.0,1.0,19.0,2.19,2.0,21.45,-1.0,-1.0,-1.0,1.0,3.0,1.0,2.0,-1.0,2.0,-1.0,-1.0,2.0,-1.0,2.0,-1.0,-1.0,-1.0,-1.0,-1.0,-1.0,2.0,1.0,2.0,1.0,1.0,-1.0,-1.0,1.0,1.0,1.0,-1.0,-1.0,-1.0,-1.0,<10k,1,200000.0,3.0,2,-1.0,-1.0,2,-1.0,-1.0,1,100000.0,3.0,2,-1.0,-1.0,2,-1.0,-1.0,2,-1.0,-1.0,2,-1.0,-1.0,2,-1.0,-1.0,2,-1.0,-1.0,0.0,4.39,0.0,4.03,1.0,11.02,1.0,10.97,YES,YES,7.0,62.88,3.0,25.14,0.0,4.49,0.0,4.41,3.0,27.36,5.0,50.19,1.0,14.49,1.0,16.49,1.0,14.06,1.0,16.15,3.0,34.95,1,1,1,1,3.0,5.0,2,2,2.0,7,4.0,1.0,-1.05,-0.84,1.0,2.0,12.0,12.0,1,2,2.0,1.0,1.0,1.0,1.0,1.0,3.0,2.0,-1.0,-0.93,2.0,-1.0,-1.0,-1.0,-1.0,-1.0,-1.0
11,1,1,1,1,3,2,10,0-18,1,1,1,1,1.0,-1.0,-1.0,-1.0,-1.0,-1.0,-1.0,-1.0,-1.0,361.6920328,2016,-1.0,-1.0,-1.0,-1.0,-0.97,-1.0,-0.85,-1.0,-1.0,-1.0,1.0,3.0,1.0,2.0,-1.0,2.0,-1.0,-1.0,2.0,-1.0,2.0,-1.0,-1.0,-1.0,-1.0,-1.0,-1.0,2.0,1.0,2.0,1.0,1.0,-1.0,-1.0,1.0,1.0,1.0,-1.0,-1.0,-1.0,-1.0,<10k,1,200000.0,3.0,2,-1.0,-1.0,2,-1.0,-1.0,1,100000.0,3.0,2,-1.0,-1.0,2,-1.0,-1.0,2,-1.0,-1.0,2,-1.0,-1.0,2,-1.0,-1.0,2,-1.0,-1.0,0.0,5.18,0.0,3.66,1.0,9.09,1.0,10.87,YES,YES,7.0,62.72,3.0,31.69,0.0,4.86,0.0,5.16,3.0,30.8,5.0,43.44,1.0,15.6,1.0,14.97,1.0,15.66,1.0,14.45,3.0,35.72,1,1,1,1,3.0,5.0,2,2,2.0,7,4.0,1.0,-1.08,-0.87,1.0,2.0,12.0,12.0,1,2,2.0,1.0,1.0,1.0,1.0,1.0,3.0,2.0,-1.0,-1.03,2.0,-1.0,-1.0,-1.0,-1.0,-1.0,-1.0
11,1,1,1,1,1,1,70,36-50,1,1,1,2,9.0,10.0,1.0,1.0,1321.0,17025.0,4.0,-1.0,-1.0,361.6920328,1970,-1.0,-1.0,-1.0,-1.0,-1.08,-1.0,-1.12,-1.0,-1.0,-1.0,2.0,-1.0,-1.0,2.0,-1.0,2.0,-1.0,-1.0,2.0,-1.0,2.0,-1.0,-1.0,-1.0,-1.0,-1.0,-1.0,2.0,1.0,2.0,1.0,1.0,-1.0,-1.0,1.0,1.0,1.0,1.0,143000.0,20000.0,240000.0,<10k,1,200000.0,3.0,2,-1.0,-1.0,2,-1.0,-1.0,1,100000.0,3.0,2,-1.0,-1.0,2,-1.0,-1.0,2,-1.0,-1.0,2,-1.0,-1.0,2,-1.0,-1.0,2,-1.0,-1.0,0.0,4.8,0.0,5.17,1.0,9.16,1.0,8.61,YES,YES,7.0,65.0,3.0,27.49,0.0,4.45,0.0,5.31,3.0,32.57,5.0,32.39,1.0,11.2,1.0,16.71,1.0,17.23,1.0,11.58,3.0,34.03,1,1,1,1,3.0,5.0,2,2,2.0,7,4.0,1.0,-1.06,-0.89,1.0,2.0,12.0,12.0,1,2,2.0,1.0,1.0,1.0,1.0,1.0,3.0,2.0,-1.0,-0.92,2.0,-1.0,-1.0,-1.0,-1.0,-1.0,-1.0
11,1,1,1,1,2,2,70,36-50,1,1,1,2,9.0,11.0,2.0,1.0,7319.0,17025.0,6.0,-1.0,-1.0,361.6920328,1972,-1.0,-1.0,-1.0,-1.0,-1.01,-1.0,-1.08,-1.0,-1.0,-1.0,2.0,-1.0,-1.0,1.0,1.0,2.0,-1.0,-1.0,2.0,-1.0,2.0,-1.0,-1.0,-1.0,-1.0,-1.0,-1.0,1.0,1.0,2.0,1.0,1.0,-1.0,-1.0,1.0,1.0,1.0,1.0,30000.0,-1.0,-1.0,<10k,1,200000.0,3.0,2,-1.0,-1.0,2,-1.0,-1.0,1,100000.0,3.0,2,-1.0,-1.0,2,-1.0,-1.0,2,-1.0,-1.0,2,-1.0,-1.0,2,-1.0,-1.0,2,-1.0,-1.0,0.0,4.81,0.0,5.19,1.0,9.66,1.0,9.04,YES,YES,7.0,66.56,3.0,30.63,0.0,4.64,0.0,5.63,3.0,27.52,5.0,45.88,1.0,15.01,1.0,15.8,1.0,16.3,1.0,15.14,3.0,41.52,1,1,1,1,3.0,5.0,2,2,2.0,7,4.0,1.0,-0.99,-0.91,1.0,2.0,12.0,12.0,1,2,2.0,1.0,1.0,1.0,1.0,1.0,3.0,2.0,-1.0,-1.11,2.0,-1.0,-1.0,-1.0,-1.0,-1.0,-1.0
11,1,1,1,1,3,1,0,0-18,1,1,1,1,2.0,11.0,8.0,2.0,-1.0,-1.0,-1.0,-1.0,-1.0,361.6920328,2002,1.0,1.0,13.0,12.0,2.15,2.0,17.54,-1.0,-1.0,-1.0,2.0,-1.0,-1.0,2.0,-1.0,1.0,3.0,1.0,1.0,1.0,2.0,-1.0,-1.0,-1.0,-1.0,-1.0,-1.0,2.0,1.0,2.0,1.0,1.0,-1.0,-1.0,1.0,4.0,1.0,-1.0,-1.0,-1.0,-1.0,<10k,1,200000.0,3.0,2,-1.0,-1.0,2,-1.0,-1.0,1,100000.0,3.0,2,-1.0,-1.0,2,-1.0,-1.0,2,-1.0,-1.0,2,-1.0,-1.0,2,-1.0,-1.0,2,-1.0,-1.0,0.0,5.77,0.0,5.2,1.0,10.59,1.0,9.05,YES,YES,7.0,64.11,3.0,31.81,0.0,5.46,0.0,4.59,3.0,32.57,5.0,44.25,1.0,15.68,1.0,15.78,1.0,15.09,1.0,14.4,3.0,31.43,1,1,1,1,3.0,5.0,2,2,2.0,7,4.0,1.0,-1.05,-1.12,1.0,2.0,12.0,12.0,1,2,2.0,1.0,1.0,1.0,1.0,1.0,3.0,2.0,-1.0,-0.95,2.0,-1.0,-1.0,-1.0,-1.0,-1.0,-1.0
11,1,1,1,1,3,2,10,0-18,1,1,1,1,2.0,0.0,-1.0,-1.0,-1.0,-1.0,-1.0,-1.0,-1.0,361.6920328,2013,1.0,1.0,1.0,19.0,1.82,2.0,18.84,-1.0,-1.0,-1.0,1.0,3.0,1.0,2.0,-1.0,2.0,-1.0,-1.0,2.0,-1.0,2.0,-1.0,-1.0,-1.0,-1.0,-1.0,-1.0,2.0,1.0,2.0,1.0,1.0,-1.0,-1.0,1.0,1.0,1.0,-1.0,-1.0,-1.0,-1.0,<10k,1,200000.0,3.0,2,-1.0,-1.0,2,-1.0,-1.0,1,100000.0,3.0,2,-1.0,-1.0,2,-1.0,-1.0,2,-1.0,-1.0,2,-1.0,-1.0,2,-1.0,-1.0,2,-1.0,-1.0,0.0,5.75,0.0,4.74,1.0,8.8,1.0,11.44,YES,YES,7.0,69.27,3.0,30.28,0.0,4.6,0.0,5.43,3.0,31.61,5.0,41.44,1.0,17.42,1.0,16.05,1.0,14.25,1.0,12.93,3.0,42.67,1,1,1,1,3.0,5.0,2,2,2.0,7,4.0,1.0,-0.85,-1.04,1.0,2.0,12.0,12.0,1,2,2.0,1.0,1.0,1.0,1.0,1.0,3.0,2.0,-1.0,-0.98,2.0,-1.0,-1.0,-1.0,-1.0,-1.0,-1.0
11,1,1,1,1,1,1,70,36-50,1,1,1,2,9.0,10.0,1.0,1.0,8122.0,25931.0,3.0,-1.0,-1.0,361.6920328,1975,-1.0,-1.0,-1.0,-1.0,-1.0,-1.0,-0.93,-1.0,-1.0,-1.0,2.0,-1.0,-1.0,2.0,-1.0,2.0,-1.0,-1.0,2.0,-1.0,2.0,-1.0,-1.0,-1.0,-1.0,-1.0,-1.0,2.0,1.0,2.0,1.0,1.0,-1.0,-1.0,1.0,1.0,1.0,1.0,143000.0,20000.0,240000.0,<10k,1,200000.0,3.0,2,-1.0,-1.0,2,-1.0,-1.0,1,100000.0,3.0,2,-1.0,-1.0,2,-1.0,-1.0,2,-1.0,-1.0,2,-1.0,-1.0,2,-1.0,-1.0,2,-1.0,-1.0,0.0,5.68,0.0,4.68,1.0,11.5,1.0,10.73,YES,YES,7.0,65.44,3.0,26.0,0.0,5.71,0.0,4.45,3.0,29.04,5.0,33.42,1.0,14.86,1.0,12.56,1.0,17.53,1.0,16.0,3.0,33.78,1,1,1,1,3.0,5.0,2,2,2.0,7,4.0,1.0,-0.94,-0.88,1.0,2.0,12.0,12.0,1,2,2.0,1.0,1.0,1.0,1.0,1.0,3.0,2.0,-1.0,-1.01,2.0,-1.0,-1.0,-1.0,-1.0,-1.0,-1.0
11,1,1,1,1,2,2,70,36-50,1,1,1,2,9.0,10.0,7.0,2.0,-1.0,-1.0,-1.0,-1.0,-1.0,361.6920328,1976,-1.0,-1.0,-1.0,-1.0,-0.85,-1.0,-0.86,-1.0,-1.0,-1.0,2.0,-1.0,-1.0,1.0,1.0,2.0,-1.0,-1.0,2.0,-1.0,2.0,-1.0,-1.0,-1.0,-1.0,-1.0,-1.0,1.0,1.0,2.0,1.0,1.0,-1.0,-1.0,1.0,1.0,1.0,1.0,30000.0,-1.0,-1.0,<10k,1,200000.0,3.0,2,-1.0,-1.0,2,-1.0,-1.0,1,100000.0,3.0,2,-1.0,-1.0,2,-1.0,-1.0,2,-1.0,-1.0,2,-1.0,-1.0,2,-1.0,-1.0,2,-1.0,-1.0,0.0,6.03,0.0,5.29,1.0,10.23,1.0,8.85,YES,YES,7.0,56.46,3.0,28.97,0.0,4.51,0.0,6.31,3.0,31.32,5.0,44.08,1.0,12.78,1.0,15.38,1.0,15.33,1.0,13.7,3.0,38.02,1,1,1,1,3.0,5.0,2,2,2.0,7,4.0,1.0,-0.88,-0.95,1.0,2.0,12.0,12.0,1,2,2.0,1.0,1.0,1.0,1.0,1.0,3.0,2.0,-1.0,-1.01,2.0,-1.0,-1.0,-1.0,-1.0,-1.0,-1.0
11,1,1,1,1,3,1,0,0-18,1,1,1,1,2.0,11.0,8.0,2.0,-1.0,-1.0,-1.0,-1.0,-1.0,361.6920328,2001,1.0,1.0,13.0,12.0,1.94,2.0,21.49,-1.0,-1.0,-1.0,2.0,-1.0,-1.0,2.0,-1.0,1.0,3.0,1.0,1.0,1.0,2.0,-1.0,-1.0,-1.0,-1.0,-1.0,-1.0,2.0,1.0,2.0,1.0,1.0,-1.0,-1.0,1.0,4.0,1.0,-1.0,-1.0,-1.0,-1.0,<10k,1,200000.0,3.0,2,-1.0,-1.0,2,-1.0,-1.0,1,100000.0,3.0,2,-1.0,-1.0,2,-1.0,-1.0,2,-1.0,-1.0,2,-1.0,-1.0,2,-1.0,-1.0,2,-1.0,-1.0,0.0,4.72,0.0,4.81,1.0,7.57,1.0,11.41,YES,YES,7.0,55.2,3.0,31.39,0.0,3.85,0.0,5.2,3.0,34.12,5.0,48.71,1.0,15.18,1.0,16.75,1.0,13.7,1.0,14.34,3.0,36.66,1,1,1,1,3.0,5.0,2,2,2.0,7,4.0,1.0,-0.97,-0.95,1.0,2.0,12.0,12.0,1,2,2.0,1.0,1.0,1.0,1.0,1.0,3.0,2.0,-1.0,-1.05,2.0,-1.0,-1.0,-1.0,-1.0,-1.0,-1.0
11,1,1,1,1,3,1,0,0-18,1,1,1,1,2.0,5.0,-1.0,-1.0,-1.0,-1.0,-1.0,-1.0,-1.0,361.6920328,2008,1.0,1.0,1.0,19.0,1.67,2.0,21.98,-1.0,-1.0,-1.0,1.0,3.0,1.0,2.0,-1.0,2.0,-1.0,-1.0,2.0,-1.0,2.0,-1.0,-1.0,-1.0,-1.0,-1.0,-1.0,2.0,1.0,2.0,1.0,1.0,-1.0,-1.0,1.0,1.0,1.0,-1.0,-1.0,-1.0,-1.0,<10k,1,200000.0,3.0,2,-1.0,-1.0,2,-1.0,-1.0,1,100000.0,3.0,2,-1.0,-1.0,2,-1.0,-1.0,2,-1.0,-1.0,2,-1.0,-1.0,2,-1.0,-1.0,2,-1.0,-1.0,0.0,5.21,0.0,4.77,1.0,10.53,1.0,10.67,YES,YES,7.0,49.45,3.0,27.03,0.0,4.38,0.0,5.66,3.0,32.51,5.0,35.06,1.0,15.94,1.0,14.97,1.0,14.18,1.0,18.63,3.0,37.62,1,1,1,1,3.0,5.0,2,2,2.0,7,4.0,1.0,-0.99,-0.8,1.0,2.0,12.0,12.0,1,2,2.0,1.0,1.0,1.0,1.0,1.0,3.0,2.0,-1.0,-0.91,2.0,-1.0,-1.0,-1.0,-1.0,-1.0,-1.0
11,1,1,1,1,1,2,70,36-50,1,1,1,4,9.0,10.0,1.0,1.0,9321.0,46209.0,3.0,-1.0,-1.0,361.6920328,1974,-1.0,-1.0,-1.0,-1.0,-0.95,-1.0,-1.01,-1.0,-1.0,-1.0,2.0,-1.0,-1.0,2.0,-1.0,2.0,-1.0,-1.0,2.0,-1.0,2.0,-1.0,-1.0,-1.0,-1.0,-1.0,-1.0,2.0,1.0,2.0,1.0,1.0,-1.0,-1.0,1.0,1.0,1.0,1.0,143000.0,20000.0,240000.0,<10k,1,200000.0,3.0,2,-1.0,-1.0,2,-1.0,-1.0,1,100000.0,3.0,2,-1.0,-1.0,2,-1.0,-1.0,2,-1.0,-1.0,2,-1.0,-1.0,2,-1.0,-1.0,2,-1.0,-1.0,0.0,5.43,0.0,5.43,1.0,11.9,1.0,9.1,YES,YES,7.0,70.93,3.0,30.83,0.0,4.75,0.0,4.89,3.0,26.64,5.0,46.16,1.0,15.48,1.0,15.0,1.0,14.22,1.0,17.51,3.0,33.25,1,1,1,1,3.0,5.0,2,2,2.0,7,4.0,1.0,-1.16,-1.11,1.0,2.0,12.0,12.0,1,2,2.0,1.0,1.0,1.0,1.0,1.0,3.0,2.0,-1.0,-0.99,2.0,-1.0,-1.0,-1.0,-1.0,-1.0,-1.0
11,1,1,1,1,3,2,90,19-35,1,1,1,1,9.0,11.0,1.0,1.0,8152.0,14101.0,3.0,-1.0,-1.0,361.6920328,1996,-1.0,-1.0,-1.0,-1.0,-1.02,-1.0,-1.0,-1.0,-1.0,-1.0,2.0,-1.0,-1.0,1.0,1.0,2.0,-1.0,-1.0,2.0,-1.0,2.0,-1.0,-1.0,-1.0,-1.0,-1.0,-1.0,1.0,1.0,2.0,1.0,1.0,-1.0,-1.0,1.0,1.0,1.0,1.0,30000.0,-1.0,-1.0,<10k,1,200000.0,3.0,2,-1.0,-1.0,2,-1.0,-1.0,1,100000.0,3.0,2,-1.0,-1.0,2,-1.0,-1.0,2,-1.0,-1.0,2,-1.0,-1.0,2,-1.0,-1.0,2,-1.0,-1.0,0.0,5.04,0.0,5.72,1.0,7.66,1.0,9.36,YES,YES,7.0,65.58,3.0,31.06,0.0,4.22,0.0,4.64,3.0,33.3,5.0,37.88,1.0,14.98,1.0,16.09,1.0,13.17,1.0,13.25,3.0,34.36,1,1,1,1,3.0,5.0,2,2,2.0,7,4.0,1.0,-1.09,-1.17,1.0,2.0,12.0,12.0,1,2,2.0,1.0,1.0,1.0,1.0,1.0,3.0,2.0,-1.0,-0.81,2.0,-1.0,-1.0,-1.0,-1.0,-1.0,-1.0
11,1,1,1,1,3,1,0,0-18,1,1,1,1,2.0,12.0,8.0,2.0,-1.0,-1.0,-1.0,-1.0,-1.0,361.6920328,2000,1.0,1.0,13.0,12.0,1.86,2.0,23.55,-1.0,-1.0,-1.0,2.0,-1.0,-1.0,2.0,-1.0,1.0,3.0,1.0,1.0,1.0,2.0,-1.0,-1.0,-1.0,-1.0,-1.0,-1.0,2.0,1.0,2.0,1.0,1.0,-1.0,-1.0,1.0,4.0,1.0,-1.0,-1.0,-1.0,-1.0,<10k,1,200000.0,3.0,2,-1.0,-1.0,2,-1.0,-1.0,1,100000.0,3.0,2,-1.0,-1.0,2,-1.0,-1.0,2,-1.0,-1.0,2,-1.0,-1.0,2,-1.0,-1.0,2,-1.0,-1.0,0.0,6.04,0.0,3.97,1.0,9.28,1.0,8.25,YES,YES,7.0,55.77,3.0,29.23,0.0,4.41,0.0,5.63,3.0,31.44,5.0,40.64,1.0,16.78,1.0,16.19,1.0,17.31,1.0,16.83,3.0,33.57,1,1,1,1,3.0,5.0,2,2,2.0,7,4.0,1.0,-1.08,-1.19,1.0,2.0,12.0,12.0,1,2,2.0,1.0,1.0,1.0,1.0,1.0,3.0,2.0,-1.0,-0.97,2.0,-1.0,-1.0,-1.0,-1.0,-1.0,-1.0
11,1,1,1,1,3,2,0,0-18,1,1,1,1,2.0,5.0,-1.0,-1.0,-1.0,-1.0,-1.0,-1.0,-1.0,361.6920328,2008,1.0,1.0,1.0,19.0,1.83,2.0,19.88,-1.0,-1.0,-1.0,1.0,3.0,1.0,2.0,-1.0,2.0,-1.0,-1.0,2.0,-1.0,2.0,-1.0,-1.0,-1.0,-1.0,-1.0,-1.0,2.0,1.0,2.0,1.0,1.0,-1.0,-1.0,1.0,1.0,1.0,-1.0,-1.0,-1.0,-1.0,<10k,1,200000.0,3.0,2,-1.0,-1.0,2,-1.0,-1.0,1,100000.0,3.0,2,-1.0,-1.0,2,-1.0,-1.0,2,-1.0,-1.0,2,-1.0,-1.0,2,-1.0,-1.0,2,-1.0,-1.0,0.0,5.09,0.0,4.47,1.0,11.43,1.0,11.64,YES,YES,7.0,62.72,3.0,31.78,0.0,4.9,0.0,4.94,3.0,32.05,5.0,40.32,1.0,14.8,1.0,13.36,1.0,16.06,1.0,16.42,3.0,36.15,1,1,1,1,3.0,5.0,2,2,2.0,7,4.0,1.0,-1.14,-0.76,1.0,2.0,12.0,12.0,1,2,2.0,1.0,1.0,1.0,1.0,1.0,3.0,2.0,-1.0,-1.01,2.0,-1.0,-1.0,-1.0,-1.0,-1.0,-1.0
11,1,1,1,1,5,2,50,51-65,1,1,1,4,9.0,9.0,7.0,2.0,-1.0,-1.0,-1.0,-1.0,-1.0,361.6920328,1955,-1.0,-1.0,-1.0,-1.0,-1.14,-1.0,-1.1,-1.0,-1.0,-1.0,1.0,3.0,1.0,2.0,-1.0,2.0,-1.0,-1.0,2.0,-1.0,2.0,-1.0,-1.0,-1.0,-1.0,-1.0,-1.0,2.0,1.0,2.0,1.0,1.0,-1.0,-1.0,1.0,1.0,1.0,-1.0,-1.0,-1.0,-1.0,<10k,1,200000.0,3.0,2,-1.0,-1.0,2,-1.0,-1.0,1,100000.0,3.0,2,-1.0,-1.0,2,-1.0,-1.0,2,-1.0,-1.0,2,-1.0,-1.0,2,-1.0,-1.0,2,-1.0,-1.0,0.0,4.66,0.0,4.94,1.0,9.71,1.0,9.62,YES,YES,7.0,66.36,3.0,31.11,0.0,4.85,0.0,4.98,3.0,28.71,5.0,41.34,1.0,17.89,1.0,14.45,1.0,15.84,1.0,14.39,3.0,34.93,1,1,1,1,3.0,5.0,2,2,2.0,7,4.0,1.0,-0.93,-0.88,1.0,2.0,12.0,12.0,1,2,2.0,1.0,1.0,1.0,1.0,1.0,3.0,2.0,-1.0,-0.89,2.0,-1.0,-1.0,-1.0,-1.0,-1.0,-1.0
11,1,1,1,1,1,1,50,51-65,1,1,1,2,9.0,11.0,1.0,1.0,4311.0,22203.0,3.0,-1.0,-1.0,361.6920328,1959,-1.0,-1.0,-1.0,-1.0,-0.88,-1.0,-1.06,-1.0,-1.0,-1.0,2.0,-1.0,-1.0,2.0,-1.0,2.0,-1.0,-1.0,2.0,-1.0,2.0,-1.0,-1.0,-1.0,-1.0,-1.0,-1.0,2.0,1.0,2.0,1.0,1.0,-1.0,-1.0,1.0,1.0,1.0,1.0,143000.0,20000.0,240000.0,<10k,1,200000.0,3.0,2,-1.0,-1.0,2,-1.0,-1.0,1,100000.0,3.0,2,-1.0,-1.0,2,-1.0,-1.0,2,-1.0,-1.0,2,-1.0,-1.0,2,-1.0,-1.0,2,-1.0,-1.0,0.0,5.14,0.0,4.38,1.0,11.12,1.0,9.64,YES,YES,7.0,68.87,3.0,30.39,0.0,5.23,0.0,4.87,3.0,27.3,5.0,39.49,1.0,16.56,1.0,16.28,1.0,13.98,1.0,15.07,3.0,35.69,1,1,1,1,3.0,5.0,2,2,2.0,7,4.0,1.0,-1.21,-1.07,1.0,2.0,12.0,12.0,1,2,2.0,1.0,1.0,1.0,1.0,1.0,3.0,2.0,-1.0,-1.03,2.0,-1.0,-1.0,-1.0,-1.0,-1.0,-1.0
11,1,1,1,1,2,2,60,51-65,1,1,1,2,9.0,13.0,7.0,2.0,-1.0,-1.0,-1.0,-1.0,-1.0,361.6920328,1961,-1.0,-1.0,-1.0,-1.0,-0.84,-1.0,-0.97,-1.0,-1.0,-1.0,2.0,-1.0,-1.0,1.0,1.0,2.0,-1.0,-1.0,2.0,-1.0,2.0,-1.0,-1.0,-1.0,-1.0,-1.0,-1.0,1.0,1.0,2.0,1.0,1.0,-1.0,-1.0,1.0,1.0,1.0,1.0,30000.0,-1.0,-1.0,<10k,1,200000.0,3.0,2,-1.0,-1.0,2,-1.0,-1.0,1,100000.0,3.0,2,-1.0,-1.0,2,-1.0,-1.0,2,-1.0,-1.0,2,-1.0,-1.0,2,-1.0,-1.0,2,-1.0,-1.0,0.0,5.69,0.0,4.77,1.0,9.53,1.0,10.0,YES,YES,7.0,53.44,3.0,31.06,0.0,5.42,0.0,5.56,3.0,36.1,5.0,40.5,1.0,13.08,1.0,13.55,1.0,14.14,1.0,15.37,3.0,36.06,1,1,1,1,3.0,5.0,2,2,2.0,7,4.0,1.0,-0.97,-1.19,1.0,2.0,12.0,12.0,1,2,2.0,1.0,1.0,1.0,1.0,1.0,3.0,2.0,-1.0,-1.08,2.0,-1.0,-1.0,-1.0,-1.0,-1.0,-1.0
11,1,1,1,1,3,2,0,0-18,1,1,1,1,2.0,10.0,8.0,2.0,-1.0,-1.0,-1.0,-1.0,-1.0,361.6920328,2002,1.0,1.0,13.0,12.0,1.91,2.0,21.04,-1.0,-1.0,-1.0,2.0,-1.0,-1.0,2.0,-1.0,1.0,3.0,1.0,1.0,1.0,2.0,-1.0,-1.0,-1.0,-1.0,-1.0,-1.0,2.0,1.0,2.0,1.0,1.0,-1.0,-1.0,1.0,4.0,1.0,-1.0,-1.0,-1.0,-1.0,<10k,1,200000.0,3.0,2,-1.0,-1.0,2,-1.0,-1.0,1,100000.0,3.0,2,-1.0,-1.0,2,-1.0,-1.0,2,-1.0,-1.0,2,-1.0,-1.0,2,-1.0,-1.0,2,-1.0,-1.0,0.0,4.57,0.0,5.48,1.0,10.42,1.0,8.45,YES,YES,7.0,57.53,3.0,34.56,0.0,4.18,0.0,5.03,3.0,25.55,5.0,35.83,1.0,17.06,1.0,13.41,1.0,15.7,1.0,16.23,3.0,35.24,1,1,1,1,3.0,5.0,2,2,2.0,7,4.0,1.0,-0.84,-0.92,1.0,2.0,12.0,12.0,1,2,2.0,1.0,1.0,1.0,1.0,1.0,3.0,2.0,-1.0,-1.0,2.0,-1.0,-1.0,-1.0,-1.0,-1.0,-1.0
11,1,1,1,1,1,1,30,66+,1,1,1,2,9.0,7.0,5.0,2.0,-1.0,-1.0,-1.0,-1.0,-1.0,361.6920328,1937,-1.0,-1.0,-1.0,-1.0,-0.88,-1.0,-1.0,-1.0,-1.0,-1.0,2.0,-1.0,-1.0,2.0,-1.0,2.0,-1.0,-1.0,2.0,-1.0,2.0,-1.0,-1.0,-1.0,-1.0,-1.0,-1.0,2.0,1.0,2.0,1.0,1.0,-1.0,-1.0,1.0,1.0,1.0,1.0,143000.0,20000.0,240000.0,<10k,1,200000.0,3.0,2,-1.0,-1.0,2,-1.0,-1.0,1,100000.0,3.0,2,-1.0,-1.0,2,-1.0,-1.0,2,-1.0,-1.0,2,-1.0,-1.0,2,-1.0,-1.0,2,-1.0,-1.0,0.0,5.73,0.0,4.7,1.0,10.01,1.0,9.71,YES,YES,7.0,62.38,3.0,28.56,0.0,4.73,0.0,5.42,3.0,29.92,5.0,40.66,1.0,13.74,1.0,16.48,1.0,16.32,1.0,15.76,3.0,44.11,1,1,1,1,3.0,5.0,2,2,2.0,7,4.0,1.0,-1.06,-1.06,1.0,2.0,12.0,12.0,1,2,2.0,1.0,1.0,1.0,1.0,1.0,3.0,2.0,-1.0,-0.75,2.0,-1.0,-1.0,-1.0,-1.0,-1.0,-1.0
11,1,1,1,1,2,2,40,66+,1,1,1,2,9.0,7.0,7.0,2.0,-1.0,-1.0,-1.0,-1.0,-1.0,361.6920328,1946,-1.0,-1.0,-1.0,-1.0,-1.18,-1.0,-0.94,-1.0,-1.0,-1.0,2.0,-1.0,-1.0,1.0,1.0,2.0,-1.0,-1.0,2.0,-1.0,2.0,-1.0,-1.0,-1.0,-1.0,-1.0,-1.0,1.0,1.0,2.0,1.0,1.0,-1.0,-1.0,1.0,1.0,1.0,1.0,30000.0,-1.0,-1.0,<10k,1,200000.0,3.0,2,-1.0,-1.0,2,-1.0,-1.0,1,100000.0,3.0,2,-1.0,-1.0,2,-1.0,-1.0,2,-1.0,-1.0,2,-1.0,-1.0,2,-1.0,-1.0,2,-1.0,-1.0,0.0,5.0,0.0,5.83,1.0,10.87,1.0,11.5,YES,YES,7.0,65.07,3.0,28.43,0.0,4.52,0.0,5.33,3.0,34.68,5.0,36.15,1.0,12.6,1.0,13.97,1.0,15.98,1.0,13.43,3.0,32.35,1,1,1,1,3.0,5.0,2,2,2.0,7,4.0,1.0,-1.13,-1.04,1.0,2.0,12.0,12.0,1,2,2.0,1.0,1.0,1.0,1.0,1.0,3.0,2.0,-1.0,-0.89,2.0,-1.0,-1.0,-1.0,-1.0,-1.0,-1.0
11,1,1,1,1,1,1,60,36-50,1,1,1,2,9.0,11.0,1.0,1.0,6121.0,1411.0,5.0,-1.0,-1.0,436.4627395,1968,-1.0,-1.0,-1.0,-1.0,-1.19,-1.0,-0.84,-1.0,-1.0,-1.0,2.0,-1.0,-1.0,2.0,-1.0,1.0,9.0,3.0,2.0,-1.0,1.0,1.0,2.0,50.0,0.0,2.0,-1.0,1.0,1.0,2.0,1.0,1.0,-1.0,-1.0,1.0,1.0,1.0,1.0,18500.0,-1.0,5000.0,<10k,1,110000.0,9.0,2,-1.0,-1.0,2,-1.0,-1.0,2,-1.0,-1.0,2,-1.0,-1.0,2,-1.0,-1.0,2,-1.0,-1.0,1,65000.0,9.0,2,-1.0,-1.0,2,-1.0,-1.0,1.0,8.87,2.0,14.47,3.0,20.42,3.0,19.77,YES,YES,10.0,30.0,10.0,30.3,1.0,10.57,3.0,19.36,10.0,35.42,8.0,19.11,8.0,21.9,1.0,10.99,1.0,9.88,2.0,11.96,10.0,18.59,1,1,1,1,3.0,5.0,4,2,1.0,1,1.0,1.0,-0.87,-0.94,1.0,2.0,12.0,12.0,1,2,2.0,1.0,1.0,1.0,3.0,1.0,1.0,1.0,1.0,-0.98,2.0,-1.0,-1.0,-1.0,-1.0,-1.0,-1.0
11,1,1,1,1,2,2,60,51-65,1,1,1,2,9.0,11.0,1.0,1.0,6117.0,1292.0,5.0,-1.0,-1.0,436.4627395,1967,3.0,-1.0,-1.0,-1.0,-0.99,-1.0,-1.16,-1.0,8.0,2017.0,2.0,-1.0,-1.0,2.0,-1.0,2.0,-1.0,-1.0,2.0,-1.0,2.0,-1.0,-1.0,-1.0,-1.0,-1.0,-1.0,1.0,1.0,2.0,1.0,1.0,-1.0,-1.0,1.0,1.0,1.0,1.0,48000.0,9600.0,-1.0,<10k,1,110000.0,9.0,2,-1.0,-1.0,2,-1.0,-1.0,2,-1.0,-1.0,2,-1.0,-1.0,2,-1.0,-1.0,2,-1.0,-1.0,1,65000.0,9.0,2,-1.0,-1.0,2,-1.0,-1.0,1.0,9.34,2.0,13.84,3.0,18.87,3.0,19.29,YES,YES,10.0,28.2,10.0,32.04,1.0,9.55,3.0,20.6,10.0,26.89,8.0,20.35,8.0,17.98,1.0,10.69,1.0,9.53,2.0,10.84,10.0,19.05,1,1,1,1,3.0,5.0,4,2,1.0,1,1.0,1.0,-0.94,-1.06,1.0,2.0,12.0,12.0,1,2,2.0,1.0,1.0,1.0,3.0,1.0,1.0,1.0,1.0,-1.1,2.0,-1.0,-1.0,-1.0,-1.0,-1.0,-1.0
11,1,1,1,1,3,2,90,19-35,1,1,1,1,3.0,13.0,8.0,2.0,-1.0,-1.0,-1.0,-1.0,-1.0,436.4627395,1995,1.0,1.0,11.0,10.0,3.41,6.0,13.45,-1.0,-1.0,-1.0,2.0,-1.0,-1.0,2.0,-1.0,2.0,-1.0,-1.0,2.0,-1.0,2.0,-1.0,-1.0,-1.0,-1.0,-1.0,-1.0,1.0,1.0,2.0,1.0,1.0,-1.0,-1.0,1.0,1.0,1.0,1.0,30000.0,-1.0,10000.0,<10k,1,110000.0,9.0,2,-1.0,-1.0,2,-1.0,-1.0,2,-1.0,-1.0,2,-1.0,-1.0,2,-1.0,-1.0,2,-1.0,-1.0,1,65000.0,9.0,2,-1.0,-1.0,2,-1.0,-1.0,1.0,8.12,2.0,14.83,3.0,19.25,3.0,18.61,YES,YES,10.0,30.02,10.0,30.73,1.0,11.5,3.0,23.53,10.0,26.13,8.0,22.93,8.0,18.83,1.0,9.42,1.0,8.8,2.0,10.26,10.0,16.96,1,1,1,1,3.0,5.0,4,2,1.0,1,1.0,1.0,-0.98,-1.03,1.0,2.0,12.0,12.0,1,2,2.0,1.0,1.0,1.0,3.0,1.0,1.0,1.0,1.0,-1.05,2.0,-1.0,-1.0,-1.0,-1.0,-1.0,-1.0
11,1,1,1,1,3,2,0,0-18,1,1,1,1,2.0,11.0,8.0,2.0,-1.0,-1.0,-1.0,-1.0,-1.0,436.4627395,2000,1.0,1.0,12.0,11.0,21.46,5.0,88.98,-1.0,-1.0,-1.0,2.0,-1.0,-1.0,2.0,-1.0,2.0,-1.0,-1.0,2.0,-1.0,2.0,-1.0,-1.0,-1.0,-1.0,-1.0,-1.0,1.0,1.0,2.0,1.0,1.0,-1.0,-1.0,1.0,1.0,1.0,1.0,30000.0,-1.0,10000.0,<10k,1,110000.0,9.0,2,-1.0,-1.0,2,-1.0,-1.0,2,-1.0,-1.0,2,-1.0,-1.0,2,-1.0,-1.0,2,-1.0,-1.0,1,65000.0,9.0,2,-1.0,-1.0,2,-1.0,-1.0,1.0,9.37,2.0,14.3,3.0,17.15,3.0,17.78,YES,YES,10.0,30.4,10.0,29.95,1.0,11.32,3.0,18.66,10.0,27.85,8.0,19.97,8.0,15.44,1.0,9.84,1.0,10.22,2.0,11.39,10.0,20.24,1,1,1,1,3.0,5.0,4,2,1.0,1,1.0,1.0,-0.96,-1.02,1.0,2.0,12.0,12.0,1,2,2.0,1.0,1.0,1.0,3.0,1.0,1.0,1.0,1.0,-1.09,2.0,-1.0,-1.0,-1.0,-1.0,-1.0,-1.0
11,1,1,1,1,3,2,0,0-18,1,1,1,1,2.0,9.0,8.0,2.0,-1.0,-1.0,-1.0,-1.0,-1.0,436.4627395,2002,1.0,1.0,10.0,9.0,2.93,3.0,20.41,-1.0,-1.0,-1.0,2.0,-1.0,-1.0,2.0,-1.0,2.0,-1.0,-1.0,2.0,-1.0,2.0,-1.0,-1.0,-1.0,-1.0,-1.0,-1.0,1.0,1.0,2.0,1.0,1.0,-1.0,-1.0,1.0,1.0,1.0,-1.0,-1.0,-1.0,-1.0,<10k,1,110000.0,9.0,2,-1.0,-1.0,2,-1.0,-1.0,2,-1.0,-1.0,2,-1.0,-1.0,2,-1.0,-1.0,2,-1.0,-1.0,1,65000.0,9.0,2,-1.0,-1.0,2,-1.0,-1.0,1.0,10.19,2.0,15.76,3.0,21.22,3.0,20.36,YES,YES,10.0,29.89,10.0,31.6,1.0,10.68,3.0,20.55,10.0,34.65,8.0,20.4,8.0,18.38,1.0,10.08,1.0,8.42,2.0,12.95,10.0,21.17,1,1,1,1,3.0,5.0,4,2,1.0,1,1.0,1.0,-0.92,-0.88,1.0,2.0,12.0,12.0,1,2,2.0,1.0,1.0,1.0,3.0,1.0,1.0,1.0,1.0,-1.07,2.0,-1.0,-1.0,-1.0,-1.0,-1.0,-1.0
11,1,1,1,1,1,2,70,36-50,1,1,1,2,9.0,7.0,1.0,1.0,9322.0,14105.0,3.0,-1.0,-1.0,436.4627395,1973,-1.0,-1.0,-1.0,-1.0,-0.94,-1.0,-0.89,-1.0,-1.0,-1.0,2.0,-1.0,-1.0,2.0,-1.0,1.0,9.0,3.0,2.0,-1.0,1.0,1.0,2.0,50.0,0.0,2.0,-1.0,1.0,1.0,2.0,1.0,1.0,-1.0,-1.0,1.0,1.0,1.0,1.0,18500.0,-1.0,5000.0,<10k,1,110000.0,9.0,2,-1.0,-1.0,2,-1.0,-1.0,2,-1.0,-1.0,2,-1.0,-1.0,2,-1.0,-1.0,2,-1.0,-1.0,1,65000.0,9.0,2,-1.0,-1.0,2,-1.0,-1.0,1.0,10.8,2.0,12.92,3.0,18.4,3.0,20.29,YES,YES,10.0,34.73,10.0,30.97,1.0,10.52,3.0,19.48,10.0,27.71,8.0,20.29,8.0,20.62,1.0,10.45,1.0,9.65,2.0,13.78,10.0,17.51,1,1,1,1,3.0,5.0,4,2,1.0,1,1.0,1.0,-0.82,-0.99,1.0,2.0,12.0,12.0,1,2,2.0,1.0,1.0,1.0,3.0,1.0,1.0,1.0,1.0,-1.08,2.0,-1.0,-1.0,-1.0,-1.0,-1.0,-1.0
11,1,1,1,1,3,2,90,19-35,1,1,1,1,4.0,13.0,8.0,2.0,-1.0,-1.0,-1.0,-1.0,-1.0,436.4627395,1999,3.0,-1.0,-1.0,-1.0,-1.04,-1.0,-0.95,-1.0,8.0,2017.0,2.0,-1.0,-1.0,2.0,-1.0,2.0,-1.0,-1.0,2.0,-1.0,2.0,-1.0,-1.0,-1.0,-1.0,-1.0,-1.0,1.0,1.0,2.0,1.0,1.0,-1.0,-1.0,1.0,1.0,1.0,1.0,48000.0,9600.0,-1.0,<10k,1,110000.0,9.0,2,-1.0,-1.0,2,-1.0,-1.0,2,-1.0,-1.0,2,-1.0,-1.0,2,-1.0,-1.0,2,-1.0,-1.0,1,65000.0,9.0,2,-1.0,-1.0,2,-1.0,-1.0,1.0,8.8,2.0,16.57,3.0,17.18,3.0,18.16,YES,YES,10.0,27.69,10.0,33.77,1.0,10.28,3.0,19.72,10.0,34.76,8.0,21.08,8.0,20.39,1.0,10.15,1.0,8.61,2.0,13.29,10.0,23.46,1,1,1,1,3.0,5.0,4,2,1.0,1,1.0,1.0,-1.15,-0.98,1.0,2.0,12.0,12.0,1,2,2.0,1.0,1.0,1.0,3.0,1.0,1.0,1.0,1.0,-0.93,2.0,-1.0,-1.0,-1.0,-1.0,-1.0,-1.0
11,1,1,1,1,3,1,0,0-18,1,1,1,1,2.0,10.0,8.0,2.0,-1.0,-1.0,-1.0,-1.0,-1.0,436.4627395,2003,1.0,1.0,11.0,10.0,3.02,6.0,12.78,-1.0,-1.0,-1.0,2.0,-1.0,-1.0,2.0,-1.0,2.0,-1.0,-1.0,2.0,-1.0,2.0,-1.0,-1.0,-1.0,-1.0,-1.0,-1.0,1.0,1.0,2.0,1.0,1.0,-1.0,-1.0,1.0,1.0,1.0,1.0,30000.0,-1.0,10000.0,<10k,1,110000.0,9.0,2,-1.0,-1.0,2,-1.0,-1.0,2,-1.0,-1.0,2,-1.0,-1.0,2,-1.0,-1.0,2,-1.0,-1.0,1,65000.0,9.0,2,-1.0,-1.0,2,-1.0,-1.0,1.0,9.87,2.0,15.78,3.0,20.51,3.0,15.78,YES,YES,10.0,28.34,10.0,29.96,1.0,10.51,3.0,14.6,10.0,27.7,8.0,18.92,8.0,18.69,1.0,8.01,1.0,8.57,2.0,12.07,10.0,18.89,1,1,1,1,3.0,5.0,4,2,1.0,1,1.0,1.0,-0.99,-1.07,1.0,2.0,12.0,12.0,1,2,2.0,1.0,1.0,1.0,3.0,1.0,1.0,1.0,1.0,-1.19,2.0,-1.0,-1.0,-1.0,-1.0,-1.0,-1.0
11,1,1,1,2,2,1,70,36-50,1,1,1,2,9.0,10.0,-1.0,-1.0,-1.0,-1.0,-1.0,1.0,1.0,436.4627395,1975,1.0,1.0,12.0,11.0,25.84,5.0,87.95,-1.0,-1.0,-1.0,2.0,-1.0,-1.0,2.0,-1.0,2.0,-1.0,-1.0,2.0,-1.0,2.0,-1.0,-1.0,-1.0,-1.0,-1.0,-1.0,1.0,1.0,2.0,1.0,1.0,-1.0,-1.0,1.0,1.0,1.0,1.0,30000.0,-1.0,10000.0,<10k,1,110000.0,9.0,2,-1.0,-1.0,2,-1.0,-1.0,2,-1.0,-1.0,2,-1.0,-1.0,2,-1.0,-1.0,2,-1.0,-1.0,1,65000.0,9.0,2,-1.0,-1.0,2,-1.0,-1.0,1.0,10.85,2.0,16.5,3.0,19.44,3.0,19.72,YES,YES,10.0,34.75,10.0,26.66,1.0,10.51,3.0,22.12,10.0,28.91,8.0,19.67,8.0,21.03,1.0,10.47,1.0,10.34,2.0,11.88,10.0,21.59,1,1,1,1,3.0,5.0,4,2,1.0,1,1.0,1.0,-0.82,-0.98,1.0,2.0,12.0,12.0,1,2,2.0,1.0,1.0,1.0,3.0,1.0,1.0,1.0,1.0,-0.92,2.0,-1.0,-1.0,-1.0,-1.0,-1.0,-1.0
11,1,1,1,1,1,2,60,51-65,1,1,1,2,9.0,10.0,7.0,2.0,-1.0,-1.0,-1.0,-1.0,-1.0,436.4627395,1962,-1.0,-1.0,-1.0,-1.0,-0.86,-1.0,-0.99,-1.0,-1.0,-1.0,2.0,-1.0,-1.0,2.0,-1.0,1.0,9.0,3.0,2.0,-1.0,1.0,1.0,2.0,50.0,0.0,2.0,-1.0,1.0,1.0,2.0,1.0,1.0,-1.0,-1.0,1.0,1.0,1.0,1.0,18500.0,-1.0,5000.0,<10k,1,110000.0,9.0,2,-1.0,-1.0,2,-1.0,-1.0,2,-1.0,-1.0,2,-1.0,-1.0,2,-1.0,-1.0,2,-1.0,-1.0,1,65000.0,9.0,2,-1.0,-1.0,2,-1.0,-1.0,1.0,8.96,2.0,14.65,3.0,19.55,3.0,18.85,YES,YES,10.0,31.3,10.0,32.9,1.0,9.69,3.0,21.48,10.0,28.66,8.0,20.03,8.0,21.36,1.0,11.58,1.0,11.88,2.0,14.17,10.0,20.68,1,1,1,1,3.0,5.0,4,2,1.0,1,1.0,1.0,-1.04,-0.96,1.0,2.0,12.0,12.0,1,2,2.0,1.0,1.0,1.0,3.0,1.0,1.0,1.0,1.0,-0.96,2.0,-1.0,-1.0,-1.0,-1.0,-1.0,-1.0
11,1,1,1,1,3,2,80,36-50,1,1,1,1,9.0,13.0,1.0,1.0,5412.0,84230.0,1.0,-1.0,-1.0,436.4627395,1982,3.0,-1.0,-1.0,-1.0,-0.9,-1.0,-0.99,-1.0,8.0,2017.0,2.0,-1.0,-1.0,2.0,-1.0,2.0,-1.0,-1.0,2.0,-1.0,2.0,-1.0,-1.0,-1.0,-1.0,-1.0,-1.0,1.0,1.0,2.0,1.0,1.0,-1.0,-1.0,1.0,1.0,1.0,1.0,48000.0,9600.0,-1.0,<10k,1,110000.0,9.0,2,-1.0,-1.0,2,-1.0,-1.0,2,-1.0,-1.0,2,-1.0,-1.0,2,-1.0,-1.0,2,-1.0,-1.0,1,65000.0,9.0,2,-1.0,-1.0,2,-1.0,-1.0,1.0,7.66,2.0,13.37,3.0,22.37,3.0,20.71,YES,YES,10.0,28.15,10.0,29.44,1.0,10.05,3.0,19.81,10.0,31.2,8.0,21.46,8.0,18.98,1.0,9.59,1.0,9.17,2.0,12.85,10.0,18.49,1,1,1,1,3.0,5.0,4,2,1.0,1,1.0,1.0,-0.83,-1.12,1.0,2.0,12.0,12.0,1,2,2.0,1.0,1.0,1.0,3.0,1.0,1.0,1.0,1.0,-1.05,2.0,-1.0,-1.0,-1.0,-1.0,-1.0,-1.0
11,1,1,1,1,3,1,90,19-35,1,1,1,1,9.0,13.0,1.0,1.0,3122.0,13992.0,3.0,-1.0,-1.0,436.4627395,1992,1.0,1.0,11.0,10.0,3.0,6.0,14.93,-1.0,-1.0,-1.0,2.0,-1.0,-1.0,2.0,-1.0,2.0,-1.0,-1.0,2.0,-1.0,2.0,-1.0,-1.0,-1.0,-1.0,-1.0,-1.0,1.0,1.0,2.0,1.0,1.0,-1.0,-1.0,1.0,1.0,1.0,1.0,30000.0,-1.0,10000.0,<10k,1,110000.0,9.0,2,-1.0,-1.0,2,-1.0,-1.0,2,-1.0,-1.0,2,-1.0,-1.0,2,-1.0,-1.0,2,-1.0,-1.0,1,65000.0,9.0,2,-1.0,-1.0,2,-1.0,-1.0,1.0,10.63,2.0,14.22,3.0,18.28,3.0,17.71,YES,YES,10.0,29.96,10.0,34.79,1.0,11.45,3.0,17.83,10.0,27.45,8.0,19.56,8.0,21.91,1.0,10.54,1.0,9.61,2.0,12.03,10.0,19.72,1,1,1,1,3.0,5.0,4,2,1.0,1,1.0,1.0,-1.1,-0.95,1.0,2.0,12.0,12.0,1,2,2.0,1.0,1.0,1.0,3.0,1.0,1.0,1.0,1.0,-1.19,2.0,-1.0,-1.0,-1.0,-1.0,-1.0,-1.0
11,1,1,1,1,3,1,90,19-35,1,1,1,1,9.0,11.0,1.0,1.0,7322.0,18115.0,3.0,-1.0,-1.0,436.4627395,1996,1.0,1.0,12.0,11.0,21.13,5.0,85.67,-1.0,-1.0,-1.0,2.0,-1.0,-1.0,2.0,-1.0,2.0,-1.0,-1.0,2.0,-1.0,2.0,-1.0,-1.0,-1.0,-1.0,-1.0,-1.0,1.0,1.0,2.0,1.0,1.0,-1.0,-1.0,1.0,1.0,1.0,1.0,30000.0,-1.0,10000.0,<10k,1,110000.0,9.0,2,-1.0,-1.0,2,-1.0,-1.0,2,-1.0,-1.0,2,-1.0,-1.0,2,-1.0,-1.0,2,-1.0,-1.0,1,65000.0,9.0,2,-1.0,-1.0,2,-1.0,-1.0,1.0,10.38,2.0,12.98,3.0,17.62,3.0,19.35,YES,YES,10.0,33.59,10.0,27.72,1.0,10.57,3.0,19.28,10.0,31.28,8.0,21.69,8.0,17.99,1.0,8.07,1.0,8.68,2.0,12.29,10.0,23.0,1,1,1,1,3.0,5.0,4,2,1.0,1,1.0,1.0,-0.87,-1.27,1.0,2.0,12.0,12.0,1,2,2.0,1.0,1.0,1.0,3.0,1.0,1.0,1.0,1.0,-0.98,2.0,-1.0,-1.0,-1.0,-1.0,-1.0,-1.0
11,1,1,1,2,2,1,60,51-65,1,1,1,2,9.0,8.0,-1.0,-1.0,-1.0,-1.0,-1.0,1.0,1.0,436.4627395,1960,1.0,1.0,10.0,9.0,2.85,3.0,17.47,-1.0,-1.0,-1.0,2.0,-1.0,-1.0,2.0,-1.0,2.0,-1.0,-1.0,2.0,-1.0,2.0,-1.0,-1.0,-1.0,-1.0,-1.0,-1.0,1.0,1.0,2.0,1.0,1.0,-1.0,-1.0,1.0,1.0,1.0,-1.0,-1.0,-1.0,-1.0,<10k,1,110000.0,9.0,2,-1.0,-1.0,2,-1.0,-1.0,2,-1.0,-1.0,2,-1.0,-1.0,2,-1.0,-1.0,2,-1.0,-1.0,1,65000.0,9.0,2,-1.0,-1.0,2,-1.0,-1.0,1.0,10.49,2.0,15.61,3.0,21.86,3.0,19.57,YES,YES,10.0,33.93,10.0,29.17,1.0,8.39,3.0,21.22,10.0,30.86,8.0,21.82,8.0,20.84,1.0,10.63,1.0,10.01,2.0,10.26,10.0,21.52,1,1,1,1,3.0,5.0,4,2,1.0,1,1.0,1.0,-0.81,-1.18,1.0,2.0,12.0,12.0,1,2,2.0,1.0,1.0,1.0,3.0,1.0,1.0,1.0,1.0,-1.17,2.0,-1.0,-1.0,-1.0,-1.0,-1.0,-1.0
11,1,1,1,1,1,1,50,51-65,1,1,1,2,9.0,10.0,1.0,1.0,7116.0,41003.0,3.0,-1.0,-1.0,436.4627395,1957,-1.0,-1.0,-1.0,-1.0,-1.04,-1.0,-0.84,-1.0,-1.0,-1.0,2.0,-1.0,-1.0,2.0,-1.0,1.0,9.0,3.0,2.0,-1.0,1.0,1.0,2.0,50.0,0.0,2.0,-1.0,1.0,1.0,2.0,1.0,1.0,-1.0,-1.0,1.0,1.0,1.0,1.0,18500.0,-1.0,5000.0,<10k,1,110000.0,9.0,2,-1.0,-1.0,2,-1.0,-1.0,2,-1.0,-1.0,2,-1.0,-1.0,2,-1.0,-1.0,2,-1.0,-1.0,1,65000.0,9.0,2,-1.0,-1.0,2,-1.0,-1.0,1.0,11.28,2.0,14.22,3.0,19.53,3.0,18.36,YES,YES,10.0,30.59,10.0,28.6,1.0,8.04,3.0,21.35,10.0,30.6,8.0,21.04,8.0,19.52,1.0,9.72,1.0,10.59,2.0,10.82,10.0,19.58,1,1,1,1,3.0,5.0,4,2,1.0,1,1.0,1.0,-1.04,-0.95,1.0,2.0,12.0,12.0,1,2,2.0,1.0,1.0,1.0,3.0,1.0,1.0,1.0,1.0,-0.86,2.0,-1.0,-1.0,-1.0,-1.0,-1.0,-1.0
11,1,1,1,1,2,2,60,51-65,1,1,1,2,9.0,10.0,1.0,1.0,5221.0,47113.0,5.0,-1.0,-1.0,436.4627395,1962,3.0,-1.0,-1.0,-1.0,-0.89,-1.0,-1.16,-1.0,8.0,2017.0,2.0,-1.0,-1.0,2.0,-1.0,2.0,-1.0,-1.0,2.0,-1.0,2.0,-1.0,-1.0,-1.0,-1.0,-1.0,-1.0,1.0,1.0,2.0,1.0,1.0,-1.0,-1.0,1.0,1.0,1.0,1.0,48000.0,9600.0,-1.0,<10k,1,110000.0,9.0,2,-1.0,-1.0,2,-1.0,-1.0,2,-1.0,-1.0,2,-1.0,-1.0,2,-1.0,-1.0,2,-1.0,-1.0,1,65000.0,9.0,2,-1.0,-1.0,2,-1.0,-1.0,1.0,9.7,2.0,16.64,3.0,23.08,3.0,22.77,YES,YES,10.0,30.68,10.0,33.99,1.0,10.26,3.0,20.66,10.0,29.52,8.0,19.69,8.0,16.05,1.0,10.24,1.0,10.49,2.0,10.85,10.0,16.49,1,1,1,1,3.0,5.0,4,2,1.0,1,1.0,1.0,-1.01,-1.07,1.0,2.0,12.0,12.0,1,2,2.0,1.0,1.0,1.0,3.0,1.0,1.0,1.0,1.0,-0.98,2.0,-1.0,-1.0,-1.0,-1.0,-1.0,-1.0
11,1,1,1,1,3,2,90,19-35,1,1,1,1,9.0,13.0,1.0,1.0,5211.0,47113.0,6.0,-1.0,-1.0,436.4627395,1992,1.0,1.0,11.0,10.0,3.34,6.0,15.58,-1.0,-1.0,-1.0,2.0,-1.0,-1.0,2.0,-1.0,2.0,-1.0,-1.0,2.0,-1.0,2.0,-1.0,-1.0,-1.0,-1.0,-1.0,-1.0,1.0,1.0,2.0,1.0,1.0,-1.0,-1.0,1.0,1.0,1.0,1.0,30000.0,-1.0,10000.0,<10k,1,110000.0,9.0,2,-1.0,-1.0,2,-1.0,-1.0,2,-1.0,-1.0,2,-1.0,-1.0,2,-1.0,-1.0,2,-1.0,-1.0,1,65000.0,9.0,2,-1.0,-1.0,2,-1.0,-1.0,1.0,11.09,2.0,15.47,3.0,19.98,3.0,16.7,YES,YES,10.0,25.35,10.0,31.59,1.0,10.19,3.0,16.57,10.0,30.94,8.0,21.91,8.0,22.66,1.0,10.13,1.0,9.29,2.0,15.32,10.0,21.77,1,1,1,1,3.0,5.0,4,2,1.0,1,1.0,1.0,-0.9,-0.95,1.0,2.0,12.0,12.0,1,2,2.0,1.0,1.0,1.0,3.0,1.0,1.0,1.0,1.0,-1.13,2.0,-1.0,-1.0,-1.0,-1.0,-1.0,-1.0
11,1,1,1,1,5,2,30,66+,1,1,1,4,9.0,5.0,9.0,2.0,-1.0,-1.0,-1.0,-1.0,-1.0,436.4627395,1933,1.0,1.0,12.0,11.0,19.49,5.0,78.85,-1.0,-1.0,-1.0,2.0,-1.0,-1.0,2.0,-1.0,2.0,-1.0,-1.0,2.0,-1.0,2.0,-1.0,-1.0,-1.0,-1.0,-1.0,-1.0,1.0,1.0,2.0,1.0,1.0,-1.0,-1.0,1.0,1.0,1.0,1.0,30000.0,-1.0,10000.0,<10k,1,110000.0,9.0,2,-1.0,-1.0,2,-1.0,-1.0,2,-1.0,-1.0,2,-1.0,-1.0,2,-1.0,-1.0,2,-1.0,-1.0,1,65000.0,9.0,2,-1.0,-1.0,2,-1.0,-1.0,1.0,8.32,2.0,15.03,3.0,20.06,3.0,17.87,YES,YES,10.0,28.83,10.0,32.5,1.0,8.67,3.0,18.08,10.0,29.5,8.0,21.24,8.0,17.47,1.0,11.27,1.0,9.66,2.0,12.27,10.0,18.71,1,1,1,1,3.0,5.0,4,2,1.0,1,1.0,1.0,-1.18,-1.06,1.0,2.0,12.0,12.0,1,2,2.0,1.0,1.0,1.0,3.0,1.0,1.0,1.0,1.0,-1.01,2.0,-1.0,-1.0,-1.0,-1.0,-1.0,-1.0
11,1,1,1,1,1,1,70,36-50,1,1,1,2,9.0,10.0,1.0,1.0,8323.0,49222.0,5.0,-1.0,-1.0,436.4627395,1976,-1.0,-1.0,-1.0,-1.0,-0.87,-1.0,-1.0,-1.0,-1.0,-1.0,2.0,-1.0,-1.0,2.0,-1.0,1.0,9.0,3.0,2.0,-1.0,1.0,1.0,2.0,50.0,0.0,2.0,-1.0,1.0,1.0,2.0,1.0,1.0,-1.0,-1.0,1.0,1.0,1.0,1.0,18500.0,-1.0,5000.0,<10k,1,110000.0,9.0,2,-1.0,-1.0,2,-1.0,-1.0,2,-1.0,-1.0,2,-1.0,-1.0,2,-1.0,-1.0,2,-1.0,-1.0,1,65000.0,9.0,2,-1.0,-1.0,2,-1.0,-1.0,1.0,8.63,2.0,14.46,3.0,16.3,3.0,20.04,YES,YES,10.0,31.43,10.0,29.59,1.0,8.66,3.0,19.63,10.0,31.05,8.0,21.09,8.0,21.14,1.0,8.72,1.0,9.6,2.0,12.8,10.0,21.67,1,1,1,1,3.0,5.0,4,2,1.0,1,1.0,1.0,-0.8,-0.98,1.0,2.0,12.0,12.0,1,2,2.0,1.0,1.0,1.0,3.0,1.0,1.0,1.0,1.0,-0.9,2.0,-1.0,-1.0,-1.0,-1.0,-1.0,-1.0
11,1,1,1,1,2,2,80,36-50,1,1,1,2,9.0,10.0,7.0,2.0,-1.0,-1.0,-1.0,-1.0,-1.0,436.4627395,1982,3.0,-1.0,-1.0,-1.0,-1.08,-1.0,-1.1,-1.0,8.0,2017.0,2.0,-1.0,-1.0,2.0,-1.0,2.0,-1.0,-1.0,2.0,-1.0,2.0,-1.0,-1.0,-1.0,-1.0,-1.0,-1.0,1.0,1.0,2.0,1.0,1.0,-1.0,-1.0,1.0,1.0,1.0,1.0,48000.0,9600.0,-1.0,<10k,1,110000.0,9.0,2,-1.0,-1.0,2,-1.0,-1.0,2,-1.0,-1.0,2,-1.0,-1.0,2,-1.0,-1.0,2,-1.0,-1.0,1,65000.0,9.0,2,-1.0,-1.0,2,-1.0,-1.0,1.0,10.11,2.0,13.42,3.0,17.65,3.0,23.05,YES,YES,10.0,26.98,10.0,29.09,1.0,9.84,3.0,19.26,10.0,31.81,8.0,17.38,8.0,21.98,1.0,9.2,1.0,8.46,2.0,10.31,10.0,18.67,1,1,1,1,3.0,5.0,4,2,1.0,1,1.0,1.0,-0.86,-1.16,1.0,2.0,12.0,12.0,1,2,2.0,1.0,1.0,1.0,3.0,1.0,1.0,1.0,1.0,-0.95,2.0,-1.0,-1.0,-1.0,-1.0,-1.0,-1.0
11,1,1,1,1,3,2,0,0-18,1,1,1,1,2.0,9.0,-1.0,-1.0,-1.0,-1.0,-1.0,-1.0,-1.0,436.4627395,2004,1.0,1.0,11.0,10.0,2.72,6.0,15.58,-1.0,-1.0,-1.0,2.0,-1.0,-1.0,2.0,-1.0,2.0,-1.0,-1.0,2.0,-1.0,2.0,-1.0,-1.0,-1.0,-1.0,-1.0,-1.0,1.0,1.0,2.0,1.0,1.0,-1.0,-1.0,1.0,1.0,1.0,1.0,30000.0,-1.0,10000.0,<10k,1,110000.0,9.0,2,-1.0,-1.0,2,-1.0,-1.0,2,-1.0,-1.0,2,-1.0,-1.0,2,-1.0,-1.0,2,-1.0,-1.0,1,65000.0,9.0,2,-1.0,-1.0,2,-1.0,-1.0,1.0,11.58,2.0,13.69,3.0,19.65,3.0,20.16,YES,YES,10.0,26.34,10.0,33.5,1.0,9.27,3.0,18.89,10.0,30.9,8.0,17.93,8.0,19.38,1.0,9.81,1.0,9.75,2.0,12.12,10.0,23.17,1,1,1,1,3.0,5.0,4,2,1.0,1,1.0,1.0,-0.96,-1.05,1.0,2.0,12.0,12.0,1,2,2.0,1.0,1.0,1.0,3.0,1.0,1.0,1.0,1.0,-1.06,2.0,-1.0,-1.0,-1.0,-1.0,-1.0,-1.0
11,1,1,1,1,1,1,80,19-35,1,1,1,2,9.0,15.0,1.0,1.0,3113.0,14101.0,3.0,-1.0,-1.0,436.4627395,1989,-1.0,-1.0,-1.0,-1.0,-1.01,-1.0,-1.07,-1.0,-1.0,-1.0,2.0,-1.0,-1.0,2.0,-1.0,1.0,9.0,3.0,2.0,-1.0,1.0,1.0,2.0,50.0,0.0,2.0,-1.0,1.0,1.0,2.0,1.0,1.0,-1.0,-1.0,1.0,1.0,1.0,1.0,18500.0,-1.0,5000.0,<10k,1,110000.0,9.0,2,-1.0,-1.0,2,-1.0,-1.0,2,-1.0,-1.0,2,-1.0,-1.0,2,-1.0,-1.0,2,-1.0,-1.0,1,65000.0,9.0,2,-1.0,-1.0,2,-1.0,-1.0,1.0,8.08,2.0,17.4,3.0,19.3,3.0,18.24,YES,YES,10.0,30.67,10.0,32.79,1.0,10.7,3.0,19.52,10.0,37.24,8.0,18.35,8.0,19.59,1.0,9.75,1.0,9.85,2.0,12.17,10.0,25.18,1,1,1,1,3.0,5.0,4,2,1.0,1,1.0,1.0,-1.04,-0.98,1.0,2.0,12.0,12.0,1,2,2.0,1.0,1.0,1.0,3.0,1.0,1.0,1.0,1.0,-1.01,2.0,-1.0,-1.0,-1.0,-1.0,-1.0,-1.0
11,1,1,1,1,2,2,90,19-35,1,1,1,2,9.0,13.0,7.0,2.0,-1.0,-1.0,-1.0,-1.0,-1.0,436.4627395,1992,3.0,-1.0,-1.0,-1.0,-1.15,-1.0,-0.89,-1.0,8.0,2017.0,2.0,-1.0,-1.0,2.0,-1.0,2.0,-1.0,-1.0,2.0,-1.0,2.0,-1.0,-1.0,-1.0,-1.0,-1.0,-1.0,1.0,1.0,2.0,1.0,1.0,-1.0,-1.0,1.0,1.0,1.0,1.0,48000.0,9600.0,-1.0,<10k,1,110000.0,9.0,2,-1.0,-1.0,2,-1.0,-1.0,2,-1.0,-1.0,2,-1.0,-1.0,2,-1.0,-1.0,2,-1.0,-1.0,1,65000.0,9.0,2,-1.0,-1.0,2,-1.0,-1.0,1.0,10.58,2.0,15.16,3.0,20.16,3.0,18.67,YES,YES,10.0,28.31,10.0,27.82,1.0,7.22,3.0,17.81,10.0,28.25,8.0,19.14,8.0,17.81,1.0,9.71,1.0,9.57,2.0,13.15,10.0,20.12,1,1,1,1,3.0,5.0,4,2,1.0,1,1.0,1.0,-0.88,-0.96,1.0,2.0,12.0,12.0,1,2,2.0,1.0,1.0,1.0,3.0,1.0,1.0,1.0,1.0,-1.09,2.0,-1.0,-1.0,-1.0,-1.0,-1.0,-1.0
11,1,1,1,1,3,2,10,-1,1,1,1,1,-1.0,-1.0,-1.0,-1.0,-1.0,-1.0,-1.0,-1.0,-1.0,436.4627395,2018,1.0,1.0,11.0,10.0,3.13,6.0,16.27,-1.0,-1.0,-1.0,2.0,-1.0,-1.0,2.0,-1.0,2.0,-1.0,-1.0,2.0,-1.0,2.0,-1.0,-1.0,-1.0,-1.0,-1.0,-1.0,1.0,1.0,2.0,1.0,1.0,-1.0,-1.0,1.0,1.0,1.0,1.0,30000.0,-1.0,10000.0,<10k,1,110000.0,9.0,2,-1.0,-1.0,2,-1.0,-1.0,2,-1.0,-1.0,2,-1.0,-1.0,2,-1.0,-1.0,2,-1.0,-1.0,1,65000.0,9.0,2,-1.0,-1.0,2,-1.0,-1.0,1.0,11.05,2.0,15.41,3.0,17.92,3.0,19.17,YES,YES,10.0,34.97,10.0,36.2,1.0,9.38,3.0,16.42,10.0,27.82,8.0,18.95,8.0,21.46,1.0,10.87,1.0,8.08,2.0,11.75,10.0,26.0,1,1,1,1,3.0,5.0,4,2,1.0,1,1.0,1.0,-0.97,-0.9,1.0,2.0,12.0,12.0,1,2,2.0,1.0,1.0,1.0,3.0,1.0,1.0,1.0,1.0,-0.97,2.0,-1.0,-1.0,-1.0,-1.0,-1.0,-1.0
11,1,1,1,1,1,1,40,66+,1,1,1,2,9.0,7.0,9.0,2.0,-1.0,-1.0,-1.0,-1.0,-1.0,436.4627395,1946,-1.0,-1.0,-1.0,-1.0,-0.88,-1.0,-1.26,-1.0,-1.0,-1.0,2.0,-1.0,-1.0,2.0,-1.0,1.0,9.0,3.0,2.0,-1.0,1.0,1.0,2.0,50.0,0.0,2.0,-1.0,1.0,1.0,2.0,1.0,1.0,-1.0,-1.0,1.0,1.0,1.0,1.0,18500.0,-1.0,5000.0,<10k,1,110000.0,9.0,2,-1.0,-1.0,2,-1.0,-1.0,2,-1.0,-1.0,2,-1.0,-1.0,2,-1.0,-1.0,2,-1.0,-1.0,1,65000.0,9.0,2,-1.0,-1.0,2,-1.0,-1.0,1.0,9.89,2.0,16.98,3.0,18.81,3.0,22.22,YES,YES,10.0,33.95,10.0,27.77,1.0,11.67,3.0,21.48,10.0,30.76,8.0,17.08,8.0,18.38,1.0,10.05,1.0,10.76,2.0,14.73,10.0,20.67,1,1,1,1,3.0,5.0,4,2,1.0,1,1.0,1.0,-0.95,-0.92,1.0,2.0,12.0,12.0,1,2,2.0,1.0,1.0,1.0,3.0,1.0,1.0,1.0,1.0,-0.84,2.0,-1.0,-1.0,-1.0,-1.0,-1.0,-1.0
11,1,1,1,1,2,2,50,51-65,1,1,1,2,9.0,4.0,7.0,2.0,-1.0,-1.0,-1.0,-1.0,-1.0,436.4627395,1957,3.0,-1.0,-1.0,-1.0,-0.98,-1.0,-0.97,-1.0,8.0,2017.0,2.0,-1.0,-1.0,2.0,-1.0,2.0,-1.0,-1.0,2.0,-1.0,2.0,-1.0,-1.0,-1.0,-1.0,-1.0,-1.0,1.0,1.0,2.0,1.0,1.0,-1.0,-1.0,1.0,1.0,1.0,1.0,48000.0,9600.0,-1.0,<10k,1,110000.0,9.0,2,-1.0,-1.0,2,-1.0,-1.0,2,-1.0,-1.0,2,-1.0,-1.0,2,-1.0,-1.0,2,-1.0,-1.0,1,65000.0,9.0,2,-1.0,-1.0,2,-1.0,-1.0,1.0,11.64,2.0,17.33,3.0,20.58,3.0,17.08,YES,YES,10.0,28.3,10.0,26.45,1.0,11.06,3.0,20.96,10.0,31.82,8.0,20.35,8.0,18.53,1.0,10.27,1.0,10.28,2.0,11.48,10.0,22.26,1,1,1,1,3.0,5.0,4,2,1.0,1,1.0,1.0,-0.95,-1.06,1.0,2.0,12.0,12.0,1,2,2.0,1.0,1.0,1.0,3.0,1.0,1.0,1.0,1.0,-0.9,2.0,-1.0,-1.0,-1.0,-1.0,-1.0,-1.0
11,1,1,1,1,3,1,80,19-35,1,1,1,1,9.0,10.0,1.0,1.0,7212.0,25113.0,5.0,-1.0,-1.0,436.4627395,1988,1.0,1.0,11.0,10.0,3.35,6.0,14.54,-1.0,-1.0,-1.0,2.0,-1.0,-1.0,2.0,-1.0,2.0,-1.0,-1.0,2.0,-1.0,2.0,-1.0,-1.0,-1.0,-1.0,-1.0,-1.0,1.0,1.0,2.0,1.0,1.0,-1.0,-1.0,1.0,1.0,1.0,1.0,30000.0,-1.0,10000.0,<10k,1,110000.0,9.0,2,-1.0,-1.0,2,-1.0,-1.0,2,-1.0,-1.0,2,-1.0,-1.0,2,-1.0,-1.0,2,-1.0,-1.0,1,65000.0,9.0,2,-1.0,-1.0,2,-1.0,-1.0,1.0,10.9,2.0,17.46,3.0,20.17,3.0,18.08,YES,YES,10.0,27.91,10.0,27.59,1.0,9.79,3.0,18.41,10.0,32.05,8.0,17.07,8.0,22.17,1.0,11.37,1.0,8.54,2.0,10.73,10.0,16.82,1,1,1,1,3.0,5.0,4,2,1.0,1,1.0,1.0,-1.13,-1.0,1.0,2.0,12.0,12.0,1,2,2.0,1.0,1.0,1.0,3.0,1.0,1.0,1.0,1.0,-0.89,2.0,-1.0,-1.0,-1.0,-1.0,-1.0,-1.0
11,1,1,1,1,3,1,80,19-35,1,1,1,1,9.0,13.0,1.0,1.0,8189.0,18111.0,3.0,-1.0,-1.0,436.4627395,1989,1.0,1.0,12.0,11.0,17.69,5.0,66.93,-1.0,-1.0,-1.0,2.0,-1.0,-1.0,2.0,-1.0,2.0,-1.0,-1.0,2.0,-1.0,2.0,-1.0,-1.0,-1.0,-1.0,-1.0,-1.0,1.0,1.0,2.0,1.0,1.0,-1.0,-1.0,1.0,1.0,1.0,1.0,30000.0,-1.0,10000.0,<10k,1,110000.0,9.0,2,-1.0,-1.0,2,-1.0,-1.0,2,-1.0,-1.0,2,-1.0,-1.0,2,-1.0,-1.0,2,-1.0,-1.0,1,65000.0,9.0,2,-1.0,-1.0,2,-1.0,-1.0,1.0,8.74,2.0,14.93,3.0,21.38,3.0,21.36,YES,YES,10.0,22.85,10.0,30.47,1.0,9.83,3.0,17.72,10.0,32.06,8.0,20.84,8.0,21.8,1.0,10.52,1.0,10.52,2.0,12.52,10.0,19.18,1,1,1,1,3.0,5.0,4,2,1.0,1,1.0,1.0,-0.81,-0.99,1.0,2.0,12.0,12.0,1,2,2.0,1.0,1.0,1.0,3.0,1.0,1.0,1.0,1.0,-1.04,2.0,-1.0,-1.0,-1.0,-1.0,-1.0,-1.0
11,1,1,1,1,1,1,20,66+,2,1,1,4,9.0,2.0,9.0,2.0,-1.0,-1.0,-1.0,-1.0,-1.0,436.4627395,1929,-1.0,-1.0,-1.0,-1.0,-1.1,-1.0,-0.9,-1.0,-1.0,-1.0,2.0,-1.0,-1.0,2.0,-1.0,1.0,9.0,3.0,2.0,-1.0,1.0,1.0,2.0,50.0,0.0,2.0,-1.0,1.0,1.0,2.0,1.0,1.0,-1.0,-1.0,1.0,1.0,1.0,1.0,18500.0,-1.0,5000.0,<10k,1,110000.0,9.0,2,-1.0,-1.0,2,-1.0,-1.0,2,-1.0,-1.0,2,-1.0,-1.0,2,-1.0,-1.0,2,-1.0,-1.0,1,65000.0,9.0,2,-1.0,-1.0,2,-1.0,-1.0,1.0,10.02,2.0,16.82,3.0,19.53,3.0,18.9,YES,YES,10.0,32.78,10.0,35.02,1.0,10.65,3.0,20.94,10.0,28.57,8.0,17.83,8.0,17.19,1.0,9.63,1.0,9.88,2.0,11.36,10.0,17.61,1,1,1,1,3.0,5.0,4,2,1.0,1,1.0,1.0,-0.94,-0.89,1.0,2.0,12.0,12.0,1,2,2.0,1.0,1.0,1.0,3.0,1.0,1.0,1.0,1.0,-1.12,2.0,-1.0,-1.0,-1.0,-1.0,-1.0,-1.0
11,1,1,1,1,3,2,60,51-65,1,1,1,4,9.0,9.0,1.0,1.0,9111.0,97006.0,3.0,-1.0,-1.0,436.4627395,1965,3.0,-1.0,-1.0,-1.0,-1.03,-1.0,-0.96,-1.0,8.0,2017.0,2.0,-1.0,-1.0,2.0,-1.0,2.0,-1.0,-1.0,2.0,-1.0,2.0,-1.0,-1.0,-1.0,-1.0,-1.0,-1.0,1.0,1.0,2.0,1.0,1.0,-1.0,-1.0,1.0,1.0,1.0,1.0,48000.0,9600.0,-1.0,<10k,1,110000.0,9.0,2,-1.0,-1.0,2,-1.0,-1.0,2,-1.0,-1.0,2,-1.0,-1.0,2,-1.0,-1.0,2,-1.0,-1.0,1,65000.0,9.0,2,-1.0,-1.0,2,-1.0,-1.0,1.0,9.64,2.0,15.26,3.0,19.69,3.0,16.89,YES,YES,10.0,30.64,10.0,30.31,1.0,11.26,3.0,17.15,10.0,21.28,8.0,18.51,8.0,25.13,1.0,10.63,1.0,8.39,2.0,13.32,10.0,20.97,1,1,1,1,3.0,5.0,4,2,1.0,1,1.0,1.0,-0.91,-0.9,1.0,2.0,12.0,12.0,1,2,2.0,1.0,1.0,1.0,3.0,1.0,1.0,1.0,1.0,-1.11,2.0,-1.0,-1.0,-1.0,-1.0,-1.0,-1.0
11,1,1,1,1,5,1,90,19-35,1,1,1,1,9.0,12.0,1.0,1.0,7231.0,29301.0,3.0,-1.0,-1.0,436.4627395,1998,1.0,1.0,11.0,10.0,2.58,6.0,16.51,-1.0,-1.0,-1.0,2.0,-1.0,-1.0,2.0,-1.0,2.0,-1.0,-1.0,2.0,-1.0,2.0,-1.0,-1.0,-1.0,-1.0,-1.0,-1.0,1.0,1.0,2.0,1.0,1.0,-1.0,-1.0,1.0,1.0,1.0,1.0,30000.0,-1.0,10000.0,<10k,1,110000.0,9.0,2,-1.0,-1.0,2,-1.0,-1.0,2,-1.0,-1.0,2,-1.0,-1.0,2,-1.0,-1.0,2,-1.0,-1.0,1,65000.0,9.0,2,-1.0,-1.0,2,-1.0,-1.0,1.0,10.28,2.0,12.41,3.0,20.64,3.0,18.0,YES,YES,10.0,29.04,10.0,27.3,1.0,10.72,3.0,18.97,10.0,28.4,8.0,20.9,8.0,21.19,1.0,10.15,1.0,7.97,2.0,12.03,10.0,18.22,1,1,1,1,3.0,5.0,4,2,1.0,1,1.0,1.0,-1.0,-1.06,1.0,2.0,12.0,12.0,1,2,2.0,1.0,1.0,1.0,3.0,1.0,1.0,1.0,1.0,-1.06,2.0,-1.0,-1.0,-1.0,-1.0,-1.0,-1.0
11,1,1,1,1,3,2,60,36-50,1,1,1,1,9.0,2.0,9.0,2.0,-1.0,-1.0,-1.0,-1.0,-1.0,436.4627395,1968,1.0,1.0,12.0,11.0,19.26,5.0,77.36,-1.0,-1.0,-1.0,2.0,-1.0,-1.0,2.0,-1.0,2.0,-1.0,-1.0,2.0,-1.0,2.0,-1.0,-1.0,-1.0,-1.0,-1.0,-1.0,1.0,1.0,2.0,1.0,1.0,-1.0,-1.0,1.0,1.0,1.0,1.0,30000.0,-1.0,10000.0,<10k,1,110000.0,9.0,2,-1.0,-1.0,2,-1.0,-1.0,2,-1.0,-1.0,2,-1.0,-1.0,2,-1.0,-1.0,2,-1.0,-1.0,1,65000.0,9.0,2,-1.0,-1.0,2,-1.0,-1.0,1.0,11.68,2.0,16.99,3.0,20.1,3.0,18.85,YES,YES,10.0,27.52,10.0,33.24,1.0,10.26,3.0,22.2,10.0,30.65,8.0,20.62,8.0,18.04,1.0,8.77,1.0,7.64,2.0,12.42,10.0,18.15,1,1,1,1,3.0,5.0,4,2,1.0,1,1.0,1.0,-0.96,-0.99,1.0,2.0,12.0,12.0,1,2,2.0,1.0,1.0,1.0,3.0,1.0,1.0,1.0,1.0,-0.97,2.0,-1.0,-1.0,-1.0,-1.0,-1.0,-1.0
11,2,1,1,1,1,1,70,36-50,1,1,1,2,9.0,16.0,1.0,1.0,1349.0,64910.0,2.0,-1.0,-1.0,223.5695291,1970,-1.0,-1.0,-1.0,-1.0,-0.96,-1.0,-1.0,-1.0,-1.0,-1.0,2.0,-1.0,-1.0,2.0,-1.0,2.0,-1.0,-1.0,2.0,-1.0,2.0,-1.0,-1.0,-1.0,-1.0,-1.0,-1.0,1.0,1.0,2.0,1.0,1.0,-1.0,-1.0,1.0,1.0,1.0,1.0,250000.0,-1.0,250000.0,<10k,2,-1.0,-1.0,2,-1.0,-1.0,2,-1.0,-1.0,2,-1.0,-1.0,2,-1.0,-1.0,2,-1.0,-1.0,2,-1.0,-1.0,2,-1.0,-1.0,2,-1.0,-1.0,2,-1.0,-1.0,0.0,10.0,0.0,10.53,1.0,9.61,8.0,17.17,YES,YES,8.0,14.93,2.0,9.4,2.0,9.35,1.0,10.94,1.0,10.68,1.0,9.24,1.0,10.65,1.0,9.45,1.0,11.31,1.0,10.18,1.0,9.32,1,1,1,2,4.0,7.0,1,2,2.0,1,1.0,1.0,-1.17,-0.92,8.0,2.0,12.0,12.0,1,1,2.0,1.0,1.0,1.0,3.0,1.0,3.0,2.0,-1.0,-1.18,2.0,-1.0,-1.0,-1.0,-1.0,-1.0,-1.0
11,2,1,1,1,2,2,70,36-50,1,1,1,2,9.0,12.0,1.0,1.0,4110.0,84130.0,2.0,-1.0,-1.0,223.5695291,1974,-1.0,-1.0,-1.0,-1.0,-1.05,-1.0,-1.16,-1.0,-1.0,-1.0,2.0,-1.0,-1.0,2.0,-1.0,2.0,-1.0,-1.0,2.0,-1.0,2.0,-1.0,-1.0,-1.0,-1.0,-1.0,-1.0,1.0,1.0,2.0,1.0,1.0,-1.0,-1.0,1.0,1.0,1.0,1.0,80000.0,-1.0,-1.0,<10k,2,-1.0,-1.0,2,-1.0,-1.0,2,-1.0,-1.0,2,-1.0,-1.0,2,-1.0,-1.0,2,-1.0,-1.0,2,-1.0,-1.0,2,-1.0,-1.0,2,-1.0,-1.0,2,-1.0,-1.0,0.0,11.42,0.0,9.21,1.0,11.11,8.0,17.32,YES,YES,8.0,15.24,2.0,10.66,2.0,10.48,1.0,11.1,1.0,9.09,1.0,10.63,1.0,9.96,1.0,10.57,1.0,8.74,1.0,9.58,1.0,10.7,1,1,1,2,4.0,7.0,1,2,2.0,1,1.0,1.0,-0.78,-1.2,8.0,2.0,12.0,12.0,1,1,2.0,1.0,1.0,1.0,3.0,1.0,3.0,2.0,-1.0,-1.02,2.0,-1.0,-1.0,-1.0,-1.0,-1.0,-1.0
11,2,1,1,1,3,1,0,0-18,1,1,1,1,2.0,12.0,8.0,2.0,-1.0,-1.0,-1.0,-1.0,-1.0,223.5695291,2000,1.0,1.0,13.0,12.0,25.42,5.0,65.21,-1.0,-1.0,-1.0,2.0,-1.0,-1.0,2.0,-1.0,2.0,-1.0,-1.0,2.0,-1.0,2.0,-1.0,-1.0,-1.0,-1.0,-1.0,-1.0,1.0,1.0,2.0,1.0,1.0,-1.0,-1.0,1.0,1.0,1.0,1.0,15000.0,-1.0,4000.0,<10k,2,-1.0,-1.0,2,-1.0,-1.0,2,-1.0,-1.0,2,-1.0,-1.0,2,-1.0,-1.0,2,-1.0,-1.0,2,-1.0,-1.0,2,-1.0,-1.0,2,-1.0,-1.0,2,-1.0,-1.0,0.0,9.56,0.0,11.17,1.0,10.43,8.0,13.79,YES,YES,8.0,16.81,2.0,8.54,2.0,10.49,1.0,9.61,1.0,11.8,1.0,10.17,1.0,10.08,1.0,10.64,1.0,9.83,1.0,8.81,1.0,10.45,1,1,1,2,4.0,7.0,1,2,2.0,1,1.0,1.0,-1.01,-0.81,8.0,2.0,12.0,12.0,1,1,2.0,1.0,1.0,1.0,3.0,1.0,3.0,2.0,-1.0,-0.89,2.0,-1.0,-1.0,-1.0,-1.0,-1.0,-1.0
11,2,1,1,1,3,1,0,0-18,1,1,1,1,2.0,7.0,-1.0,-1.0,-1.0,-1.0,-1.0,-1.0,-1.0,223.5695291,2005,1.0,1.0,8.0,7.0,19.3,5.0,47.13,-1.0,-1.0,-1.0,2.0,-1.0,-1.0,1.0,1.0,2.0,-1.0,-1.0,2.0,-1.0,1.0,4.0,2.0,3.0,0.0,1.0,2.0,2.0,1.0,2.0,1.0,1.0,-1.0,-1.0,1.0,1.0,1.0,1.0,18000.0,-1.0,-1.0,<10k,2,-1.0,-1.0,2,-1.0,-1.0,2,-1.0,-1.0,2,-1.0,-1.0,2,-1.0,-1.0,2,-1.0,-1.0,2,-1.0,-1.0,2,-1.0,-1.0,2,-1.0,-1.0,2,-1.0,-1.0,0.0,12.89,0.0,8.72,1.0,9.03,8.0,17.91,YES,YES,8.0,16.63,2.0,9.91,2.0,9.64,1.0,9.34,1.0,10.7,1.0,10.05,1.0,9.46,1.0,9.53,1.0,11.39,1.0,11.4,1.0,10.15,1,1,1,2,4.0,7.0,1,2,2.0,1,1.0,1.0,-1.03,-1.03,8.0,2.0,12.0,12.0,1,1,2.0,1.0,1.0,1.0,3.0,1.0,3.0,2.0,-1.0,-0.89,2.0,-1.0,-1.0,-1.0,-1.0,-1.0,-1.0
11,2,1,1,1,1,2,20,66+,1,1,1,4,9.0,3.0,9.0,2.0,-1.0,-1.0,-1.0,-1.0,-1.0,223.5695291,1925,-1.0,-1.0,-1.0,-1.0,-1.01,-1.0,-0.99,-1.0,-1.0,-1.0,2.0,-1.0,-1.0,2.0,-1.0,2.0,-1.0,-1.0,2.0,-1.0,2.0,-1.0,-1.0,-1.0,-1.0,-1.0,-1.0,1.0,1.0,2.0,1.0,1.0,-1.0,-1.0,1.0,1.0,1.0,1.0,250000.0,-1.0,250000.0,<10k,2,-1.0,-1.0,2,-1.0,-1.0,2,-1.0,-1.0,2,-1.0,-1.0,2,-1.0,-1.0,2,-1.0,-1.0,2,-1.0,-1.0,2,-1.0,-1.0,2,-1.0,-1.0,2,-1.0,-1.0,0.0,11.31,0.0,8.24,1.0,11.0,8.0,14.08,YES,YES,8.0,15.51,2.0,10.16,2.0,11.71,1.0,9.06,1.0,9.14,1.0,10.94,1.0,10.93,1.0,10.64,1.0,10.56,1.0,10.23,1.0,10.08,1,1,1,2,4.0,7.0,1,2,2.0,1,1.0,1.0,-0.88,-1.13,8.0,2.0,12.0,12.0,1,1,2.0,1.0,1.0,1.0,3.0,1.0,3.0,2.0,-1.0,-0.95,2.0,-1.0,-1.0,-1.0,-1.0,-1.0,-1.0
11,2,1,1,1,1,1,80,19-35,1,1,1,2,9.0,11.0,1.0,1.0,7214.0,25931.0,3.0,-1.0,-1.0,223.5695291,1988,-1.0,-1.0,-1.0,-1.0,-1.01,-1.0,-1.16,-1.0,-1.0,-1.0,2.0,-1.0,-1.0,2.0,-1.0,2.0,-1.0,-1.0,2.0,-1.0,2.0,-1.0,-1.0,-1.0,-1.0,-1.0,-1.0,2.0,1.0,2.0,1.0,1.0,-1.0,-1.0,1.0,1.0,1.0,1.0,25000.0,-1.0,-1.0,<10k,2,-1.0,-1.0,2,-1.0,-1.0,2,-1.0,-1.0,2,-1.0,-1.0,2,-1.0,-1.0,2,-1.0,-1.0,2,-1.0,-1.0,2,-1.0,-1.0,2,-1.0,-1.0,2,-1.0,-1.0,0.0,9.06,0.0,10.85,1.0,8.42,8.0,26.98,YES,YES,8.0,27.3,2.0,12.82,2.0,15.71,2.0,15.23,2.0,14.8,2.0,17.17,2.0,14.58,2.0,18.46,2.0,16.1,2.0,15.6,2.0,15.57,1,1,1,1,1.0,2.0,1,1,5.0,7,1.0,1.0,-0.92,-0.98,1.0,2.0,12.0,12.0,2,2,2.0,1.0,1.0,1.0,2.0,1.0,3.0,2.0,-1.0,-1.04,2.0,-1.0,-1.0,-1.0,-1.0,-1.0,-1.0
11,2,1,1,1,2,2,80,19-35,1,1,1,2,9.0,11.0,7.0,2.0,-1.0,-1.0,-1.0,-1.0,-1.0,223.5695291,1986,-1.0,-1.0,-1.0,-1.0,-1.04,-1.0,-0.95,-1.0,-1.0,-1.0,1.0,3.0,3.0,1.0,3.0,2.0,-1.0,-1.0,2.0,-1.0,1.0,15.0,2.0,6.0,0.0,1.0,14.0,2.0,1.0,2.0,1.0,1.0,-1.0,-1.0,1.0,1.0,1.0,-1.0,-1.0,-1.0,-1.0,<10k,2,-1.0,-1.0,2,-1.0,-1.0,2,-1.0,-1.0,2,-1.0,-1.0,2,-1.0,-1.0,2,-1.0,-1.0,2,-1.0,-1.0,2,-1.0,-1.0,2,-1.0,-1.0,2,-1.0,-1.0,0.0,10.89,0.0,8.24,1.0,11.35,8.0,34.45,YES,YES,8.0,29.22,2.0,13.48,2.0,13.75,2.0,14.6,2.0,12.54,2.0,15.41,2.0,16.96,2.0,15.27,2.0,13.37,2.0,15.96,2.0,15.1,1,1,1,1,1.0,2.0,1,1,5.0,7,1.0,1.0,-0.9,-0.98,1.0,2.0,12.0,12.0,2,2,2.0,1.0,1.0,1.0,2.0,1.0,3.0,2.0,-1.0,-1.02,2.0,-1.0,-1.0,-1.0,-1.0,-1.0,-1.0
11,2,1,1,1,3,1,10,-1,1,1,1,1,-1.0,-1.0,-1.0,-1.0,-1.0,-1.0,-1.0,-1.0,-1.0,223.5695291,2018,-1.0,-1.0,-1.0,-1.0,-1.0,-1.0,-0.71,-1.0,-1.0,-1.0,2.0,-1.0,-1.0,2.0,-1.0,2.0,-1.0,-1.0,2.0,-1.0,2.0,-1.0,-1.0,-1.0,-1.0,-1.0,-1.0,2.0,1.0,2.0,1.0,1.0,-1.0,-1.0,1.0,1.0,1.0,-1.0,-1.0,-1.0,-1.0,<10k,2,-1.0,-1.0,2,-1.0,-1.0,2,-1.0,-1.0,2,-1.0,-1.0,2,-1.0,-1.0,2,-1.0,-1.0,2,-1.0,-1.0,2,-1.0,-1.0,2,-1.0,-1.0,2,-1.0,-1.0,0.0,10.73,0.0,10.96,1.0,9.4,8.0,30.4,YES,YES,8.0,33.21,2.0,12.64,2.0,15.77,2.0,15.62,2.0,11.76,2.0,14.26,2.0,14.4,2.0,14.11,2.0,16.88,2.0,13.52,2.0,18.98,1,1,1,1,1.0,2.0,1,1,5.0,7,1.0,1.0,-0.98,-1.07,1.0,2.0,12.0,12.0,2,2,2.0,1.0,1.0,1.0,2.0,1.0,3.0,2.0,-1.0,-1.01,2.0,-1.0,-1.0,-1.0,-1.0,-1.0,-1.0
11,2,1,1,1,1,1,70,36-50,1,1,1,2,9.0,10.0,1.0,1.0,5243.0,47598.0,3.0,-1.0,-1.0,223.5695291,1973,-1.0,-1.0,-1.0,-1.0,-1.13,-1.0,-1.0,-1.0,-1.0,-1.0,2.0,-1.0,-1.0,2.0,-1.0,2.0,-1.0,-1.0,2.0,-1.0,2.0,-1.0,-1.0,-1.0,-1.0,-1.0,-1.0,1.0,1.0,2.0,1.0,1.0,-1.0,-1.0,1.0,1.0,1.0,1.0,250000.0,-1.0,250000.0,<10k,2,-1.0,-1.0,2,-1.0,-1.0,2,-1.0,-1.0,2,-1.0,-1.0,2,-1.0,-1.0,2,-1.0,-1.0,2,-1.0,-1.0,2,-1.0,-1.0,2,-1.0,-1.0,2,-1.0,-1.0,0.0,10.86,0.0,8.2,1.0,8.99,8.0,13.93,YES,YES,8.0,14.2,2.0,10.74,2.0,10.53,1.0,9.95,1.0,8.68,1.0,10.3,1.0,8.75,1.0,11.54,1.0,8.57,1.0,9.65,1.0,11.09,1,1,1,2,4.0,7.0,1,2,2.0,1,1.0,1.0,-1.06,-0.94,8.0,2.0,12.0,12.0,1,1,2.0,1.0,1.0,1.0,3.0,1.0,3.0,2.0,-1.0,-1.04,2.0,-1.0,-1.0,-1.0,-1.0,-1.0,-1.0
11,2,1,1,1,3,1,90,19-35,1,1,1,1,4.0,13.0,8.0,2.0,-1.0,-1.0,-1.0,-1.0,-1.0,223.5695291,1995,-1.0,-1.0,-1.0,-1.0,-0.99,-1.0,-1.16,-1.0,-1.0,-1.0,2.0,-1.0,-1.0,2.0,-1.0,2.0,-1.0,-1.0,2.0,-1.0,2.0,-1.0,-1.0,-1.0,-1.0,-1.0,-1.0,1.0,1.0,2.0,1.0,1.0,-1.0,-1.0,1.0,1.0,1.0,1.0,80000.0,-1.0,-1.0,<10k,2,-1.0,-1.0,2,-1.0,-1.0,2,-1.0,-1.0,2,-1.0,-1.0,2,-1.0,-1.0,2,-1.0,-1.0,2,-1.0,-1.0,2,-1.0,-1.0,2,-1.0,-1.0,2,-1.0,-1.0,0.0,9.35,0.0,10.39,1.0,10.31,8.0,15.07,YES,YES,8.0,15.1,2.0,8.8,2.0,10.12,1.0,9.08,1.0,9.71,1.0,9.95,1.0,9.02,1.0,9.02,1.0,9.07,1.0,9.95,1.0,10.55,1,1,1,2,4.0,7.0,1,2,2.0,1,1.0,1.0,-1.12,-0.98,8.0,2.0,12.0,12.0,1,1,2.0,1.0,1.0,1.0,3.0,1.0,3.0,2.0,-1.0,-0.97,2.0,-1.0,-1.0,-1.0,-1.0,-1.0,-1.0
11,2,1,1,1,3,2,90,19-35,1,1,1,1,9.0,11.0,9.0,2.0,-1.0,-1.0,-1.0,-1.0,-1.0,223.5695291,1995,1.0,1.0,13.0,12.0,17.27,5.0,56.58,-1.0,-1.0,-1.0,2.0,-1.0,-1.0,2.0,-1.0,2.0,-1.0,-1.0,2.0,-1.0,2.0,-1.0,-1.0,-1.0,-1.0,-1.0,-1.0,1.0,1.0,2.0,1.0,1.0,-1.0,-1.0,1.0,1.0,1.0,1.0,15000.0,-1.0,4000.0,<10k,2,-1.0,-1.0,2,-1.0,-1.0,2,-1.0,-1.0,2,-1.0,-1.0,2,-1.0,-1.0,2,-1.0,-1.0,2,-1.0,-1.0,2,-1.0,-1.0,2,-1.0,-1.0,2,-1.0,-1.0,0.0,10.37,0.0,10.1,1.0,8.45,8.0,14.28,YES,YES,8.0,15.87,2.0,10.39,2.0,9.76,1.0,10.38,1.0,9.28,1.0,9.38,1.0,9.48,1.0,9.35,1.0,10.19,1.0,10.01,1.0,11.31,1,1,1,2,4.0,7.0,1,2,2.0,1,1.0,1.0,-0.87,-0.96,8.0,2.0,12.0,12.0,1,1,2.0,1.0,1.0,1.0,3.0,1.0,3.0,2.0,-1.0,-0.81,2.0,-1.0,-1.0,-1.0,-1.0,-1.0,-1.0
11,2,1,1,2,2,2,70,36-50,1,1,1,2,9.0,12.0,-1.0,-1.0,-1.0,-1.0,-1.0,2.0,1.0,223.5695291,1972,1.0,1.0,8.0,7.0,17.24,5.0,41.52,-1.0,-1.0,-1.0,2.0,-1.0,-1.0,1.0,1.0,2.0,-1.0,-1.0,2.0,-1.0,1.0,4.0,2.0,3.0,0.0,1.0,2.0,2.0,1.0,2.0,1.0,1.0,-1.0,-1.0,1.0,1.0,1.0,1.0,18000.0,-1.0,-1.0,<10k,2,-1.0,-1.0,2,-1.0,-1.0,2,-1.0,-1.0,2,-1.0,-1.0,2,-1.0,-1.0,2,-1.0,-1.0,2,-1.0,-1.0,2,-1.0,-1.0,2,-1.0,-1.0,2,-1.0,-1.0,0.0,8.46,0.0,9.76,1.0,10.0,8.0,12.14,YES,YES,8.0,15.77,2.0,8.58,2.0,9.35,1.0,10.63,1.0,10.53,1.0,8.15,1.0,9.74,1.0,8.91,1.0,8.42,1.0,9.54,1.0,10.45,1,1,1,2,4.0,7.0,1,2,2.0,1,1.0,1.0,-1.26,-1.01,8.0,2.0,12.0,12.0,1,1,2.0,1.0,1.0,1.0,3.0,1.0,3.0,2.0,-1.0,-0.93,2.0,-1.0,-1.0,-1.0,-1.0,-1.0,-1.0
11,2,1,1,1,1,1,40,66+,1,1,1,2,9.0,11.0,5.0,2.0,-1.0,-1.0,-1.0,-1.0,-1.0,223.5695291,1949,-1.0,-1.0,-1.0,-1.0,-0.9,-1.0,-1.08,-1.0,-1.0,-1.0,2.0,-1.0,-1.0,2.0,-1.0,2.0,-1.0,-1.0,2.0,-1.0,2.0,-1.0,-1.0,-1.0,-1.0,-1.0,-1.0,1.0,1.0,2.0,1.0,1.0,-1.0,-1.0,1.0,1.0,1.0,1.0,250000.0,-1.0,250000.0,<10k,2,-1.0,-1.0,2,-1.0,-1.0,2,-1.0,-1.0,2,-1.0,-1.0,2,-1.0,-1.0,2,-1.0,-1.0,2,-1.0,-1.0,2,-1.0,-1.0,2,-1.0,-1.0,2,-1.0,-1.0,0.0,10.87,0.0,9.41,1.0,10.74,8.0,16.43,YES,YES,8.0,14.22,2.0,11.1,2.0,10.41,1.0,9.68,1.0,9.74,1.0,8.49,1.0,11.38,1.0,9.49,1.0,11.41,1.0,9.97,1.0,9.54,1,1,1,2,4.0,7.0,1,2,2.0,1,1.0,1.0,-1.07,-1.04,8.0,2.0,12.0,12.0,1,1,2.0,1.0,1.0,1.0,3.0,1.0,3.0,2.0,-1.0,-0.95,2.0,-1.0,-1.0,-1.0,-1.0,-1.0,-1.0
11,2,1,1,1,2,2,50,51-65,1,1,1,2,9.0,11.0,7.0,2.0,-1.0,-1.0,-1.0,-1.0,-1.0,223.5695291,1958,-1.0,-1.0,-1.0,-1.0,-1.03,-1.0,-1.02,-1.0,-1.0,-1.0,2.0,-1.0,-1.0,2.0,-1.0,2.0,-1.0,-1.0,2.0,-1.0,2.0,-1.0,-1.0,-1.0,-1.0,-1.0,-1.0,1.0,1.0,2.0,1.0,1.0,-1.0,-1.0,1.0,1.0,1.0,1.0,80000.0,-1.0,-1.0,<10k,2,-1.0,-1.0,2,-1.0,-1.0,2,-1.0,-1.0,2,-1.0,-1.0,2,-1.0,-1.0,2,-1.0,-1.0,2,-1.0,-1.0,2,-1.0,-1.0,2,-1.0,-1.0,2,-1.0,-1.0,0.0,10.95,0.0,9.43,1.0,9.52,8.0,17.45,YES,YES,8.0,16.88,2.0,8.47,2.0,10.08,1.0,11.14,1.0,8.45,1.0,9.56,1.0,10.72,1.0,10.13,1.0,10.34,1.0,10.65,1.0,11.0,1,1,1,2,4.0,7.0,1,2,2.0,1,1.0,1.0,-0.84,-0.99,8.0,2.0,12.0,12.0,1,1,2.0,1.0,1.0,1.0,3.0,1.0,3.0,2.0,-1.0,-1.04,2.0,-1.0,-1.0,-1.0,-1.0,-1.0,-1.0
11,2,1,1,1,3,1,90,19-35,1,1,1,1,4.0,14.0,1.0,1.0,4110.0,64191.0,2.0,-1.0,-1.0,223.5695291,1991,1.0,1.0,13.0,12.0,23.21,5.0,68.8,-1.0,-1.0,-1.0,2.0,-1.0,-1.0,2.0,-1.0,2.0,-1.0,-1.0,2.0,-1.0,2.0,-1.0,-1.0,-1.0,-1.0,-1.0,-1.0,1.0,1.0,2.0,1.0,1.0,-1.0,-1.0,1.0,1.0,1.0,1.0,15000.0,-1.0,4000.0,<10k,2,-1.0,-1.0,2,-1.0,-1.0,2,-1.0,-1.0,2,-1.0,-1.0,2,-1.0,-1.0,2,-1.0,-1.0,2,-1.0,-1.0,2,-1.0,-1.0,2,-1.0,-1.0,2,-1.0,-1.0,0.0,10.22,0.0,9.32,1.0,9.24,8.0,17.2,YES,YES,8.0,18.13,2.0,8.44,2.0,9.43,1.0,10.05,1.0,9.84,1.0,10.99,1.0,8.9,1.0,10.02,1.0,10.57,1.0,9.91,1.0,9.92,1,1,1,2,4.0,7.0,1,2,2.0,1,1.0,1.0,-1.08,-1.07,8.0,2.0,12.0,12.0,1,1,2.0,1.0,1.0,1.0,3.0,1.0,3.0,2.0,-1.0,-1.0,2.0,-1.0,-1.0,-1.0,-1.0,-1.0,-1.0
11,2,1,1,1,3,2,90,19-35,1,1,1,1,4.0,13.0,1.0,1.0,4131.0,27409.0,3.0,-1.0,-1.0,223.5695291,1996,1.0,1.0,8.0,7.0,22.3,5.0,40.4,-1.0,-1.0,-1.0,2.0,-1.0,-1.0,1.0,1.0,2.0,-1.0,-1.0,2.0,-1.0,1.0,4.0,2.0,3.0,0.0,1.0,2.0,2.0,1.0,2.0,1.0,1.0,-1.0,-1.0,1.0,1.0,1.0,1.0,18000.0,-1.0,-1.0,<10k,2,-1.0,-1.0,2,-1.0,-1.0,2,-1.0,-1.0,2,-1.0,-1.0,2,-1.0,-1.0,2,-1.0,-1.0,2,-1.0,-1.0,2,-1.0,-1.0,2,-1.0,-1.0,2,-1.0,-1.0,0.0,11.15,0.0,11.22,1.0,9.99,8.0,13.73,YES,YES,8.0,13.44,2.0,8.82,2.0,10.16,1.0,11.26,1.0,9.65,1.0,7.65,1.0,9.56,1.0,8.79,1.0,9.78,1.0,9.88,1.0,10.69,1,1,1,2,4.0,7.0,1,2,2.0,1,1.0,1.0,-0.94,-1.14,8.0,2.0,12.0,12.0,1,1,2.0,1.0,1.0,1.0,3.0,1.0,3.0,2.0,-1.0,-1.05,2.0,-1.0,-1.0,-1.0,-1.0,-1.0,-1.0
11,2,1,1,1,1,1,70,36-50,1,1,1,2,9.0,13.0,1.0,1.0,1213.0,64191.0,2.0,-1.0,-1.0,223.5695291,1975,-1.0,-1.0,-1.0,-1.0,-1.03,-1.0,-1.05,-1.0,-1.0,-1.0,2.0,-1.0,-1.0,2.0,-1.0,2.0,-1.0,-1.0,2.0,-1.0,2.0,-1.0,-1.0,-1.0,-1.0,-1.0,-1.0,1.0,1.0,2.0,1.0,1.0,-1.0,-1.0,1.0,1.0,1.0,1.0,250000.0,-1.0,250000.0,<10k,2,-1.0,-1.0,2,-1.0,-1.0,2,-1.0,-1.0,2,-1.0,-1.0,2,-1.0,-1.0,2,-1.0,-1.0,2,-1.0,-1.0,2,-1.0,-1.0,2,-1.0,-1.0,2,-1.0,-1.0,0.0,9.96,0.0,8.58,1.0,10.03,8.0,15.75,YES,YES,8.0,14.84,2.0,7.71,2.0,12.01,1.0,10.78,1.0,10.06,1.0,9.88,1.0,10.47,1.0,10.66,1.0,8.41,1.0,8.99,1.0,8.9,1,1,1,2,4.0,7.0,1,2,2.0,1,1.0,1.0,-0.83,-1.03,8.0,2.0,12.0,12.0,1,1,2.0,1.0,1.0,1.0,3.0,1.0,3.0,2.0,-1.0,-1.12,2.0,-1.0,-1.0,-1.0,-1.0,-1.0,-1.0
11,2,1,1,1,2,2,70,36-50,1,1,1,2,9.0,13.0,1.0,1.0,3512.0,84130.0,1.0,-1.0,-1.0,223.5695291,1975,-1.0,-1.0,-1.0,-1.0,-1.04,-1.0,-1.06,-1.0,-1.0,-1.0,2.0,-1.0,-1.0,2.0,-1.0,2.0,-1.0,-1.0,2.0,-1.0,2.0,-1.0,-1.0,-1.0,-1.0,-1.0,-1.0,1.0,1.0,2.0,1.0,1.0,-1.0,-1.0,1.0,1.0,1.0,1.0,80000.0,-1.0,-1.0,<10k,2,-1.0,-1.0,2,-1.0,-1.0,2,-1.0,-1.0,2,-1.0,-1.0,2,-1.0,-1.0,2,-1.0,-1.0,2,-1.0,-1.0,2,-1.0,-1.0,2,-1.0,-1.0,2,-1.0,-1.0,0.0,9.52,0.0,10.62,1.0,9.77,8.0,14.28,YES,YES,8.0,13.35,2.0,9.88,2.0,10.24,1.0,9.46,1.0,10.13,1.0,10.28,1.0,11.42,1.0,11.69,1.0,10.79,1.0,11.18,1.0,10.16,1,1,1,2,4.0,7.0,1,2,2.0,1,1.0,1.0,-0.81,-0.91,8.0,2.0,12.0,12.0,1,1,2.0,1.0,1.0,1.0,3.0,1.0,3.0,2.0,-1.0,-0.92,2.0,-1.0,-1.0,-1.0,-1.0,-1.0,-1.0
11,2,1,1,1,3,2,0,0-18,1,1,1,1,2.0,7.0,-1.0,-1.0,-1.0,-1.0,-1.0,-1.0,-1.0,223.5695291,2005,1.0,1.0,13.0,12.0,20.53,5.0,62.92,-1.0,-1.0,-1.0,2.0,-1.0,-1.0,2.0,-1.0,2.0,-1.0,-1.0,2.0,-1.0,2.0,-1.0,-1.0,-1.0,-1.0,-1.0,-1.0,1.0,1.0,2.0,1.0,1.0,-1.0,-1.0,1.0,1.0,1.0,1.0,15000.0,-1.0,4000.0,<10k,2,-1.0,-1.0,2,-1.0,-1.0,2,-1.0,-1.0,2,-1.0,-1.0,2,-1.0,-1.0,2,-1.0,-1.0,2,-1.0,-1.0,2,-1.0,-1.0,2,-1.0,-1.0,2,-1.0,-1.0,0.0,11.26,0.0,9.43,1.0,10.32,8.0,13.87,YES,YES,8.0,13.05,2.0,9.41,2.0,9.8,1.0,10.35,1.0,9.99,1.0,9.85,1.0,9.67,1.0,11.6,1.0,11.01,1.0,8.94,1.0,9.16,1,1,1,2,4.0,7.0,1,2,2.0,1,1.0,1.0,-0.92,-1.05,8.0,2.0,12.0,12.0,1,1,2.0,1.0,1.0,1.0,3.0,1.0,3.0,2.0,-1.0,-1.03,2.0,-1.0,-1.0,-1.0,-1.0,-1.0,-1.0
11,2,1,1,1,3,1,10,0-18,1,1,1,1,2.0,2.0,-1.0,-1.0,-1.0,-1.0,-1.0,-1.0,-1.0,223.5695291,2010,1.0,1.0,8.0,7.0,16.04,5.0,43.49,-1.0,-1.0,-1.0,2.0,-1.0,-1.0,1.0,1.0,2.0,-1.0,-1.0,2.0,-1.0,1.0,4.0,2.0,3.0,0.0,1.0,2.0,2.0,1.0,2.0,1.0,1.0,-1.0,-1.0,1.0,1.0,1.0,1.0,18000.0,-1.0,-1.0,<10k,2,-1.0,-1.0,2,-1.0,-1.0,2,-1.0,-1.0,2,-1.0,-1.0,2,-1.0,-1.0,2,-1.0,-1.0,2,-1.0,-1.0,2,-1.0,-1.0,2,-1.0,-1.0,2,-1.0,-1.0,0.0,9.43,0.0,8.4,1.0,9.49,8.0,16.52,YES,YES,8.0,13.83,2.0,11.28,2.0,11.64,1.0,9.5,1.0,9.37,1.0,9.36,1.0,8.8,1.0,9.49,1.0,10.09,1.0,9.17,1.0,10.26,1,1,1,2,4.0,7.0,1,2,2.0,1,1.0,1.0,-1.16,-0.89,8.0,2.0,12.0,12.0,1,1,2.0,1.0,1.0,1.0,3.0,1.0,3.0,2.0,-1.0,-0.95,2.0,-1.0,-1.0,-1.0,-1.0,-1.0,-1.0
11,2,1,1,1,1,1,60,36-50,1,1,1,2,9.0,12.0,1.0,1.0,8322.0,49221.0,5.0,-1.0,-1.0,223.5695291,1969,-1.0,-1.0,-1.0,-1.0,-0.99,-1.0,-1.04,-1.0,-1.0,-1.0,2.0,-1.0,-1.0,2.0,-1.0,2.0,-1.0,-1.0,2.0,-1.0,2.0,-1.0,-1.0,-1.0,-1.0,-1.0,-1.0,1.0,1.0,2.0,1.0,1.0,-1.0,-1.0,1.0,1.0,1.0,1.0,250000.0,-1.0,250000.0,<10k,2,-1.0,-1.0,2,-1.0,-1.0,2,-1.0,-1.0,2,-1.0,-1.0,2,-1.0,-1.0,2,-1.0,-1.0,2,-1.0,-1.0,2,-1.0,-1.0,2,-1.0,-1.0,2,-1.0,-1.0,0.0,11.38,0.0,10.66,1.0,11.03,8.0,17.1,YES,YES,8.0,15.23,2.0,9.78,2.0,8.29,1.0,8.94,1.0,9.51,1.0,9.03,1.0,10.8,1.0,10.24,1.0,10.08,1.0,9.94,1.0,8.68,1,1,1,2,4.0,7.0,1,2,2.0,1,1.0,1.0,-0.79,-1.03,8.0,2.0,12.0,12.0,1,1,2.0,1.0,1.0,1.0,3.0,1.0,3.0,2.0,-1.0,-1.13,2.0,-1.0,-1.0,-1.0,-1.0,-1.0,-1.0
11,2,1,1,1,2,2,70,36-50,1,1,1,2,9.0,10.0,7.0,2.0,-1.0,-1.0,-1.0,-1.0,-1.0,223.5695291,1974,-1.0,-1.0,-1.0,-1.0,-1.01,-1.0,-1.19,-1.0,-1.0,-1.0,2.0,-1.0,-1.0,2.0,-1.0,2.0,-1.0,-1.0,2.0,-1.0,2.0,-1.0,-1.0,-1.0,-1.0,-1.0,-1.0,1.0,1.0,2.0,1.0,1.0,-1.0,-1.0,1.0,1.0,1.0,1.0,80000.0,-1.0,-1.0,<10k,2,-1.0,-1.0,2,-1.0,-1.0,2,-1.0,-1.0,2,-1.0,-1.0,2,-1.0,-1.0,2,-1.0,-1.0,2,-1.0,-1.0,2,-1.0,-1.0,2,-1.0,-1.0,2,-1.0,-1.0,0.0,10.32,0.0,9.92,1.0,10.75,8.0,13.2,YES,YES,8.0,13.93,2.0,10.5,2.0,10.07,1.0,10.82,1.0,10.57,1.0,10.44,1.0,9.73,1.0,9.64,1.0,10.28,1.0,10.29,1.0,11.82,1,1,1,2,4.0,7.0,1,2,2.0,1,1.0,1.0,-1.07,-0.96,8.0,2.0,12.0,12.0,1,1,2.0,1.0,1.0,1.0,3.0,1.0,3.0,2.0,-1.0,-0.89,2.0,-1.0,-1.0,-1.0,-1.0,-1.0,-1.0
11,2,1,1,1,4,2,50,51-65,1,1,1,4,9.0,5.0,7.0,2.0,-1.0,-1.0,-1.0,-1.0,-1.0,223.5695291,1953,1.0,1.0,13.0,12.0,21.13,5.0,62.37,-1.0,-1.0,-1.0,2.0,-1.0,-1.0,2.0,-1.0,2.0,-1.0,-1.0,2.0,-1.0,2.0,-1.0,-1.0,-1.0,-1.0,-1.0,-1.0,1.0,1.0,2.0,1.0,1.0,-1.0,-1.0,1.0,1.0,1.0,1.0,15000.0,-1.0,4000.0,<10k,2,-1.0,-1.0,2,-1.0,-1.0,2,-1.0,-1.0,2,-1.0,-1.0,2,-1.0,-1.0,2,-1.0,-1.0,2,-1.0,-1.0,2,-1.0,-1.0,2,-1.0,-1.0,2,-1.0,-1.0,0.0,9.99,0.0,11.35,1.0,10.04,8.0,17.12,YES,YES,8.0,16.76,2.0,9.48,2.0,9.28,1.0,10.44,1.0,10.53,1.0,10.59,1.0,12.14,1.0,10.29,1.0,9.9,1.0,9.27,1.0,9.56,1,1,1,2,4.0,7.0,1,2,2.0,1,1.0,1.0,-1.07,-0.97,8.0,2.0,12.0,12.0,1,1,2.0,1.0,1.0,1.0,3.0,1.0,3.0,2.0,-1.0,-1.22,2.0,-1.0,-1.0,-1.0,-1.0,-1.0,-1.0
11,2,1,1,1,3,1,0,0-18,1,1,1,1,2.0,11.0,8.0,2.0,-1.0,-1.0,-1.0,-1.0,-1.0,223.5695291,2001,1.0,1.0,8.0,7.0,18.37,5.0,45.73,-1.0,-1.0,-1.0,2.0,-1.0,-1.0,1.0,1.0,2.0,-1.0,-1.0,2.0,-1.0,1.0,4.0,2.0,3.0,0.0,1.0,2.0,2.0,1.0,2.0,1.0,1.0,-1.0,-1.0,1.0,1.0,1.0,1.0,18000.0,-1.0,-1.0,<10k,2,-1.0,-1.0,2,-1.0,-1.0,2,-1.0,-1.0,2,-1.0,-1.0,2,-1.0,-1.0,2,-1.0,-1.0,2,-1.0,-1.0,2,-1.0,-1.0,2,-1.0,-1.0,2,-1.0,-1.0,0.0,9.01,0.0,9.3,1.0,10.17,8.0,13.96,YES,YES,8.0,14.81,2.0,8.55,2.0,9.5,1.0,11.34,1.0,9.56,1.0,10.57,1.0,11.86,1.0,10.82,1.0,9.59,1.0,9.36,1.0,10.81,1,1,1,2,4.0,7.0,1,2,2.0,1,1.0,1.0,-1.02,-0.99,8.0,2.0,12.0,12.0,1,1,2.0,1.0,1.0,1.0,3.0,1.0,3.0,2.0,-1.0,-1.03,2.0,-1.0,-1.0,-1.0,-1.0,-1.0,-1.0
11,2,1,1,1,3,2,0,0-18,1,1,1,1,2.0,7.0,-1.0,-1.0,-1.0,-1.0,-1.0,-1.0,-1.0,223.5695291,2005,1.0,1.0,8.0,7.0,9.06,6.0,59.04,-1.0,-1.0,-1.0,2.0,-1.0,-1.0,2.0,-1.0,2.0,-1.0,-1.0,2.0,-1.0,2.0,-1.0,-1.0,-1.0,-1.0,-1.0,-1.0,2.0,1.0,2.0,1.0,1.0,-1.0,-1.0,1.0,1.0,1.0,-1.0,-1.0,-1.0,-1.0,<10k,2,-1.0,-1.0,2,-1.0,-1.0,2,-1.0,-1.0,2,-1.0,-1.0,2,-1.0,-1.0,2,-1.0,-1.0,2,-1.0,-1.0,2,-1.0,-1.0,2,-1.0,-1.0,2,-1.0,-1.0,0.0,11.43,0.0,10.14,1.0,10.68,8.0,14.57,YES,YES,8.0,15.06,2.0,9.08,2.0,11.54,1.0,10.4,1.0,10.14,1.0,7.58,1.0,9.42,1.0,9.6,1.0,9.13,1.0,9.73,1.0,8.69,1,1,1,2,4.0,7.0,1,2,2.0,1,1.0,1.0,-1.01,-0.97,8.0,2.0,12.0,12.0,1,1,2.0,1.0,1.0,1.0,3.0,1.0,3.0,2.0,-1.0,-0.88,2.0,-1.0,-1.0,-1.0,-1.0,-1.0,-1.0
11,2,1,1,1,1,1,80,19-35,1,2,2,2,9.0,6.0,1.0,1.0,9621.0,43301.0,3.0,-1.0,-1.0,223.5695291,1985,-1.0,-1.0,-1.0,-1.0,-0.93,-1.0,-0.94,-1.0,-1.0,-1.0,2.0,-1.0,-1.0,2.0,-1.0,2.0,-1.0,-1.0,2.0,-1.0,2.0,-1.0,-1.0,-1.0,-1.0,-1.0,-1.0,1.0,1.0,2.0,1.0,1.0,-1.0,-1.0,1.0,1.0,1.0,1.0,250000.0,-1.0,250000.0,<10k,2,-1.0,-1.0,2,-1.0,-1.0,2,-1.0,-1.0,2,-1.0,-1.0,2,-1.0,-1.0,2,-1.0,-1.0,2,-1.0,-1.0,2,-1.0,-1.0,2,-1.0,-1.0,2,-1.0,-1.0,0.0,10.5,0.0,9.18,1.0,11.4,8.0,14.01,YES,YES,8.0,18.48,2.0,11.66,2.0,9.62,1.0,8.71,1.0,9.55,1.0,8.14,1.0,7.13,1.0,11.2,1.0,11.22,1.0,9.85,1.0,9.03,1,1,1,2,4.0,7.0,1,2,2.0,1,1.0,1.0,-0.99,-0.83,8.0,2.0,12.0,12.0,1,1,2.0,1.0,1.0,1.0,3.0,1.0,3.0,2.0,-1.0,-0.99,2.0,-1.0,-1.0,-1.0,-1.0,-1.0,-1.0
11,2,1,1,1,2,2,80,19-35,1,2,2,2,9.0,3.0,7.0,2.0,-1.0,-1.0,-1.0,-1.0,-1.0,223.5695291,1989,-1.0,-1.0,-1.0,-1.0,-1.07,-1.0,-1.0,-1.0,-1.0,-1.0,2.0,-1.0,-1.0,2.0,-1.0,2.0,-1.0,-1.0,2.0,-1.0,2.0,-1.0,-1.0,-1.0,-1.0,-1.0,-1.0,1.0,1.0,2.0,1.0,1.0,-1.0,-1.0,1.0,1.0,1.0,1.0,80000.0,-1.0,-1.0,<10k,2,-1.0,-1.0,2,-1.0,-1.0,2,-1.0,-1.0,2,-1.0,-1.0,2,-1.0,-1.0,2,-1.0,-1.0,2,-1.0,-1.0,2,-1.0,-1.0,2,-1.0,-1.0,2,-1.0,-1.0,0.0,11.74,0.0,8.9,1.0,9.61,8.0,14.71,YES,YES,8.0,15.27,2.0,10.07,2.0,9.8,1.0,11.62,1.0,11.18,1.0,9.56,1.0,10.18,1.0,9.4,1.0,9.66,1.0,9.92,1.0,10.77,1,1,1,2,4.0,7.0,1,2,2.0,1,1.0,1.0,-1.1,-0.93,8.0,2.0,12.0,12.0,1,1,2.0,1.0,1.0,1.0,3.0,1.0,3.0,2.0,-1.0,-0.93,2.0,-1.0,-1.0,-1.0,-1.0,-1.0,-1.0
11,2,1,1,1,3,2,10,-1,1,2,2,1,-1.0,-1.0,-1.0,-1.0,-1.0,-1.0,-1.0,-1.0,-1.0,223.5695291,2018,1.0,1.0,13.0,12.0,19.36,5.0,67.35,-1.0,-1.0,-1.0,2.0,-1.0,-1.0,2.0,-1.0,2.0,-1.0,-1.0,2.0,-1.0,2.0,-1.0,-1.0,-1.0,-1.0,-1.0,-1.0,1.0,1.0,2.0,1.0,1.0,-1.0,-1.0,1.0,1.0,1.0,1.0,15000.0,-1.0,4000.0,<10k,2,-1.0,-1.0,2,-1.0,-1.0,2,-1.0,-1.0,2,-1.0,-1.0,2,-1.0,-1.0,2,-1.0,-1.0,2,-1.0,-1.0,2,-1.0,-1.0,2,-1.0,-1.0,2,-1.0,-1.0,0.0,8.11,0.0,8.86,1.0,9.23,8.0,14.87,YES,YES,8.0,15.08,2.0,9.44,2.0,8.53,1.0,9.53,1.0,9.71,1.0,8.46,1.0,10.6,1.0,10.53,1.0,10.17,1.0,9.21,1.0,10.2,1,1,1,2,4.0,7.0,1,2,2.0,1,1.0,1.0,-0.9,-0.9,8.0,2.0,12.0,12.0,1,1,2.0,1.0,1.0,1.0,3.0,1.0,3.0,2.0,-1.0,-1.2,2.0,-1.0,-1.0,-1.0,-1.0,-1.0,-1.0
11,2,1,1,1,1,1,60,51-65,1,1,1,2,9.0,8.0,1.0,2.0,-1.0,-1.0,-1.0,-1.0,-1.0,223.5695291,1967,-1.0,-1.0,-1.0,-1.0,-0.89,-1.0,-1.03,-1.0,-1.0,-1.0,2.0,-1.0,-1.0,2.0,-1.0,2.0,-1.0,-1.0,2.0,-1.0,2.0,-1.0,-1.0,-1.0,-1.0,-1.0,-1.0,1.0,1.0,2.0,1.0,1.0,-1.0,-1.0,1.0,1.0,1.0,1.0,250000.0,-1.0,250000.0,<10k,2,-1.0,-1.0,2,-1.0,-1.0,2,-1.0,-1.0,2,-1.0,-1.0,2,-1.0,-1.0,2,-1.0,-1.0,2,-1.0,-1.0,2,-1.0,-1.0,2,-1.0,-1.0,2,-1.0,-1.0,0.0,9.39,0.0,9.84,1.0,9.71,8.0,14.75,YES,YES,8.0,14.23,2.0,9.94,2.0,10.25,1.0,9.67,1.0,11.35,1.0,9.86,1.0,9.71,1.0,10.45,1.0,10.15,1.0,10.79,1.0,10.03,1,1,1,2,4.0,7.0,1,2,2.0,1,1.0,1.0,-1.11,-0.96,8.0,2.0,12.0,12.0,1,1,2.0,1.0,1.0,1.0,3.0,1.0,3.0,2.0,-1.0,-0.97,2.0,-1.0,-1.0,-1.0,-1.0,-1.0,-1.0
11,2,1,1,1,2,2,60,51-65,1,1,1,2,9.0,8.0,7.0,2.0,-1.0,-1.0,-1.0,-1.0,-1.0,223.5695291,1962,-1.0,-1.0,-1.0,-1.0,-1.27,-1.0,-0.96,-1.0,-1.0,-1.0,2.0,-1.0,-1.0,2.0,-1.0,2.0,-1.0,-1.0,2.0,-1.0,2.0,-1.0,-1.0,-1.0,-1.0,-1.0,-1.0,1.0,1.0,2.0,1.0,1.0,-1.0,-1.0,1.0,1.0,1.0,1.0,80000.0,-1.0,-1.0,<10k,2,-1.0,-1.0,2,-1.0,-1.0,2,-1.0,-1.0,2,-1.0,-1.0,2,-1.0,-1.0,2,-1.0,-1.0,2,-1.0,-1.0,2,-1.0,-1.0,2,-1.0,-1.0,2,-1.0,-1.0,0.0,10.63,0.0,12.04,1.0,12.34,8.0,11.87,YES,YES,8.0,16.59,2.0,11.13,2.0,10.59,1.0,11.49,1.0,9.41,1.0,9.99,1.0,10.37,1.0,11.14,1.0,11.28,1.0,10.66,1.0,8.45,1,1,1,2,4.0,7.0,1,2,2.0,1,1.0,1.0,-0.94,-0.91,8.0,2.0,12.0,12.0,1,1,2.0,1.0,1.0,1.0,3.0,1.0,3.0,2.0,-1.0,-1.15,2.0,-1.0,-1.0,-1.0,-1.0,-1.0,-1.0
11,2,1,1,1,3,2,80,19-35,1,1,1,2,9.0,12.0,1.0,1.0,9621.0,49232.0,3.0,-1.0,-1.0,223.5695291,1988,1.0,1.0,13.0,12.0,18.26,5.0,47.67,-1.0,-1.0,-1.0,2.0,-1.0,-1.0,2.0,-1.0,2.0,-1.0,-1.0,2.0,-1.0,2.0,-1.0,-1.0,-1.0,-1.0,-1.0,-1.0,1.0,1.0,2.0,1.0,1.0,-1.0,-1.0,1.0,1.0,1.0,1.0,15000.0,-1.0,4000.0,<10k,2,-1.0,-1.0,2,-1.0,-1.0,2,-1.0,-1.0,2,-1.0,-1.0,2,-1.0,-1.0,2,-1.0,-1.0,2,-1.0,-1.0,2,-1.0,-1.0,2,-1.0,-1.0,2,-1.0,-1.0,0.0,9.25,0.0,10.37,1.0,9.94,8.0,15.87,YES,YES,8.0,17.2,2.0,9.85,2.0,9.99,1.0,10.49,1.0,11.0,1.0,10.6,1.0,9.6,1.0,8.37,1.0,11.64,1.0,10.82,1.0,10.96,1,1,1,2,4.0,7.0,1,2,2.0,1,1.0,1.0,-0.97,-0.89,8.0,2.0,12.0,12.0,1,1,2.0,1.0,1.0,1.0,3.0,1.0,3.0,2.0,-1.0,-1.12,2.0,-1.0,-1.0,-1.0,-1.0,-1.0,-1.0
11,2,1,1,2,5,1,80,19-35,1,1,1,2,9.0,12.0,-1.0,-1.0,-1.0,-1.0,-1.0,2.0,1.0,223.5695291,1987,1.0,1.0,8.0,7.0,17.88,5.0,41.44,-1.0,-1.0,-1.0,2.0,-1.0,-1.0,1.0,1.0,2.0,-1.0,-1.0,2.0,-1.0,1.0,4.0,2.0,3.0,0.0,1.0,2.0,2.0,1.0,2.0,1.0,1.0,-1.0,-1.0,1.0,1.0,1.0,1.0,18000.0,-1.0,-1.0,<10k,2,-1.0,-1.0,2,-1.0,-1.0,2,-1.0,-1.0,2,-1.0,-1.0,2,-1.0,-1.0,2,-1.0,-1.0,2,-1.0,-1.0,2,-1.0,-1.0,2,-1.0,-1.0,2,-1.0,-1.0,0.0,11.37,0.0,10.81,1.0,11.05,8.0,17.97,YES,YES,8.0,12.9,2.0,11.24,2.0,9.88,1.0,9.15,1.0,8.79,1.0,10.52,1.0,10.89,1.0,10.27,1.0,9.35,1.0,10.63,1.0,9.94,1,1,1,2,4.0,7.0,1,2,2.0,1,1.0,1.0,-1.09,-0.97,8.0,2.0,12.0,12.0,1,1,2.0,1.0,1.0,1.0,3.0,1.0,3.0,2.0,-1.0,-1.1,2.0,-1.0,-1.0,-1.0,-1.0,-1.0,-1.0
11,2,1,1,1,1,2,50,51-65,1,1,1,4,9.0,3.0,7.0,2.0,-1.0,-1.0,-1.0,-1.0,-1.0,223.5695291,1958,-1.0,-1.0,-1.0,-1.0,-1.01,-1.0,-0.93,-1.0,-1.0,-1.0,2.0,-1.0,-1.0,2.0,-1.0,2.0,-1.0,-1.0,2.0,-1.0,2.0,-1.0,-1.0,-1.0,-1.0,-1.0,-1.0,1.0,1.0,2.0,1.0,1.0,-1.0,-1.0,1.0,1.0,1.0,1.0,250000.0,-1.0,250000.0,<10k,2,-1.0,-1.0,2,-1.0,-1.0,2,-1.0,-1.0,2,-1.0,-1.0,2,-1.0,-1.0,2,-1.0,-1.0,2,-1.0,-1.0,2,-1.0,-1.0,2,-1.0,-1.0,2,-1.0,-1.0,0.0,9.52,0.0,9.18,1.0,11.18,8.0,15.59,YES,YES,8.0,14.99,2.0,9.29,2.0,10.48,1.0,9.77,1.0,11.77,1.0,11.81,1.0,9.73,1.0,9.85,1.0,10.69,1.0,9.15,1.0,10.17,1,1,1,2,4.0,7.0,1,2,2.0,1,1.0,1.0,-0.87,-0.81,8.0,2.0,12.0,12.0,1,1,2.0,1.0,1.0,1.0,3.0,1.0,3.0,2.0,-1.0,-0.9,2.0,-1.0,-1.0,-1.0,-1.0,-1.0,-1.0
11,2,1,1,1,1,1,60,51-65,1,1,1,2,9.0,13.0,1.0,1.0,7111.0,41001.0,3.0,-1.0,-1.0,223.5695291,1962,-1.0,-1.0,-1.0,-1.0,-0.93,-1.0,-1.03,-1.0,-1.0,-1.0,2.0,-1.0,-1.0,2.0,-1.0,2.0,-1.0,-1.0,2.0,-1.0,2.0,-1.0,-1.0,-1.0,-1.0,-1.0,-1.0,1.0,1.0,2.0,1.0,1.0,-1.0,-1.0,1.0,1.0,1.0,1.0,250000.0,-1.0,250000.0,<10k,2,-1.0,-1.0,2,-1.0,-1.0,2,-1.0,-1.0,2,-1.0,-1.0,2,-1.0,-1.0,2,-1.0,-1.0,2,-1.0,-1.0,2,-1.0,-1.0,2,-1.0,-1.0,2,-1.0,-1.0,0.0,8.88,0.0,9.59,1.0,9.99,8.0,16.56,YES,YES,8.0,15.06,2.0,9.95,2.0,10.02,1.0,9.07,1.0,10.35,1.0,11.69,1.0,9.24,1.0,9.89,1.0,8.0,1.0,10.28,1.0,11.45,1,1,1,2,4.0,7.0,1,2,2.0,1,1.0,1.0,-1.08,-0.93,8.0,2.0,12.0,12.0,1,1,2.0,1.0,1.0,1.0,3.0,1.0,3.0,2.0,-1.0,-0.88,2.0,-1.0,-1.0,-1.0,-1.0,-1.0,-1.0
11,2,1,1,1,2,2,50,51-65,1,1,1,2,9.0,11.0,7.0,2.0,-1.0,-1.0,-1.0,-1.0,-1.0,223.5695291,1958,-1.0,-1.0,-1.0,-1.0,-1.12,-1.0,-0.92,-1.0,-1.0,-1.0,2.0,-1.0,-1.0,2.0,-1.0,2.0,-1.0,-1.0,2.0,-1.0,2.0,-1.0,-1.0,-1.0,-1.0,-1.0,-1.0,1.0,1.0,2.0,1.0,1.0,-1.0,-1.0,1.0,1.0,1.0,1.0,80000.0,-1.0,-1.0,<10k,2,-1.0,-1.0,2,-1.0,-1.0,2,-1.0,-1.0,2,-1.0,-1.0,2,-1.0,-1.0,2,-1.0,-1.0,2,-1.0,-1.0,2,-1.0,-1.0,2,-1.0,-1.0,2,-1.0,-1.0,0.0,10.51,0.0,11.87,1.0,10.06,8.0,15.07,YES,YES,8.0,14.51,2.0,9.59,2.0,10.51,1.0,9.8,1.0,10.4,1.0,11.42,1.0,8.92,1.0,10.22,1.0,9.31,1.0,10.07,1.0,9.87,1,1,1,2,4.0,7.0,1,2,2.0,1,1.0,1.0,-1.09,-1.0,8.0,2.0,12.0,12.0,1,1,2.0,1.0,1.0,1.0,3.0,1.0,3.0,2.0,-1.0,-1.02,2.0,-1.0,-1.0,-1.0,-1.0,-1.0,-1.0
11,2,1,1,1,3,2,90,19-35,1,1,1,1,9.0,13.0,1.0,1.0,4110.0,10629.0,3.0,-1.0,-1.0,223.5695291,1995,1.0,1.0,13.0,12.0,24.43,5.0,51.62,-1.0,-1.0,-1.0,2.0,-1.0,-1.0,2.0,-1.0,2.0,-1.0,-1.0,2.0,-1.0,2.0,-1.0,-1.0,-1.0,-1.0,-1.0,-1.0,1.0,1.0,2.0,1.0,1.0,-1.0,-1.0,1.0,1.0,1.0,1.0,15000.0,-1.0,4000.0,<10k,2,-1.0,-1.0,2,-1.0,-1.0,2,-1.0,-1.0,2,-1.0,-1.0,2,-1.0,-1.0,2,-1.0,-1.0,2,-1.0,-1.0,2,-1.0,-1.0,2,-1.0,-1.0,2,-1.0,-1.0,0.0,9.26,0.0,9.75,1.0,10.44,8.0,16.06,YES,YES,8.0,15.91,2.0,10.61,2.0,10.18,1.0,8.75,1.0,10.1,1.0,11.96,1.0,10.08,1.0,9.75,1.0,9.4,1.0,9.41,1.0,10.64,1,1,1,2,4.0,7.0,1,2,2.0,1,1.0,1.0,-1.13,-1.19,8.0,2.0,12.0,12.0,1,1,2.0,1.0,1.0,1.0,3.0,1.0,3.0,2.0,-1.0,-1.1,2.0,-1.0,-1.0,-1.0,-1.0,-1.0,-1.0
11,2,1,1,1,3,1,90,19-35,1,1,1,1,9.0,13.0,3.0,2.0,-1.0,-1.0,-1.0,-1.0,-1.0,223.5695291,1997,1.0,1.0,8.0,7.0,18.92,5.0,43.79,-1.0,-1.0,-1.0,2.0,-1.0,-1.0,1.0,1.0,2.0,-1.0,-1.0,2.0,-1.0,1.0,4.0,2.0,3.0,0.0,1.0,2.0,2.0,1.0,2.0,1.0,1.0,-1.0,-1.0,1.0,1.0,1.0,1.0,18000.0,-1.0,-1.0,<10k,2,-1.0,-1.0,2,-1.0,-1.0,2,-1.0,-1.0,2,-1.0,-1.0,2,-1.0,-1.0,2,-1.0,-1.0,2,-1.0,-1.0,2,-1.0,-1.0,2,-1.0,-1.0,2,-1.0,-1.0,0.0,10.11,0.0,12.95,1.0,10.37,8.0,16.11,YES,YES,8.0,15.31,2.0,8.69,2.0,10.42,1.0,10.47,1.0,9.05,1.0,11.64,1.0,9.82,1.0,8.87,1.0,10.12,1.0,9.06,1.0,10.01,1,1,1,2,4.0,7.0,1,2,2.0,1,1.0,1.0,-1.09,-0.89,8.0,2.0,12.0,12.0,1,1,2.0,1.0,1.0,1.0,3.0,1.0,3.0,2.0,-1.0,-1.07,2.0,-1.0,-1.0,-1.0,-1.0,-1.0,-1.0
11,2,1,1,1,1,2,60,51-65,1,1,1,4,9.0,8.0,1.0,1.0,5212.0,47817.0,5.0,-1.0,-1.0,305.2323975,1960,-1.0,-1.0,-1.0,-1.0,-0.98,-1.0,-0.85,-1.0,-1.0,-1.0,2.0,-1.0,-1.0,1.0,1.0,2.0,-1.0,-1.0,2.0,-1.0,2.0,-1.0,-1.0,-1.0,-1.0,-1.0,-1.0,2.0,1.0,2.0,1.0,1.0,-1.0,-1.0,1.0,1.0,1.0,1.0,55000.0,-1.0,-1.0,<10k,2,-1.0,-1.0,2,-1.0,-1.0,2,-1.0,-1.0,2,-1.0,-1.0,1,250000.0,5.0,2,-1.0,-1.0,2,-1.0,-1.0,1,50000.0,5.0,2,-1.0,-1.0,2,-1.0,-1.0,0.0,5.3,0.0,4.84,1.0,11.54,3.0,17.16,YES,YES,4.0,28.27,4.0,25.33,1.0,10.09,1.0,11.15,2.0,19.18,4.0,34.85,4.0,36.59,1.0,11.57,1.0,10.63,3.0,25.21,4.0,29.13,1,1,1,1,2.0,5.0,2,1,2.0,7,1.0,1.0,-0.93,-1.19,8.0,2.0,12.0,12.0,3,2,1.0,1.0,1.0,1.0,2.0,1.0,3.0,2.0,-1.0,-0.95,2.0,-1.0,-1.0,-1.0,-1.0,-1.0,-1.0
11,2,1,1,1,3,1,80,19-35,1,1,1,2,9.0,9.0,1.0,1.0,7125.0,43302.0,3.0,-1.0,-1.0,305.2323975,1989,-1.0,-1.0,-1.0,-1.0,-1.04,-1.0,-1.0,-1.0,-1.0,-1.0,2.0,-1.0,-1.0,2.0,-1.0,2.0,-1.0,-1.0,2.0,-1.0,2.0,-1.0,-1.0,-1.0,-1.0,-1.0,-1.0,2.0,1.0,2.0,1.0,1.0,-1.0,-1.0,1.0,1.0,1.0,1.0,45000.0,-1.0,-1.0,<10k,2,-1.0,-1.0,2,-1.0,-1.0,2,-1.0,-1.0,2,-1.0,-1.0,1,250000.0,5.0,2,-1.0,-1.0,2,-1.0,-1.0,1,50000.0,5.0,2,-1.0,-1.0,2,-1.0,-1.0,0.0,4.96,0.0,4.68,1.0,10.25,3.0,17.19,YES,YES,4.0,33.93,4.0,26.71,1.0,9.18,1.0,10.35,2.0,21.31,4.0,33.93,4.0,28.1,1.0,9.55,1.0,9.21,3.0,19.59,4.0,30.29,1,1,1,1,2.0,5.0,2,1,2.0,7,1.0,1.0,-0.83,-1.01,8.0,2.0,12.0,12.0,3,2,1.0,1.0,1.0,1.0,2.0,1.0,3.0,2.0,-1.0,-1.02,2.0,-1.0,-1.0,-1.0,-1.0,-1.0,-1.0
11,2,1,1,1,5,2,90,19-35,1,1,1,2,9.0,10.0,7.0,2.0,-1.0,-1.0,-1.0,-1.0,-1.0,305.2323975,1997,1.0,1.0,12.0,11.0,5.55,6.0,26.05,-1.0,-1.0,-1.0,2.0,-1.0,-1.0,2.0,-1.0,2.0,-1.0,-1.0,2.0,-1.0,1.0,3.0,2.0,0.0,1.0,2.0,-1.0,2.0,1.0,2.0,1.0,1.0,-1.0,-1.0,1.0,1.0,1.0,-1.0,-1.0,-1.0,-1.0,<10k,2,-1.0,-1.0,2,-1.0,-1.0,2,-1.0,-1.0,2,-1.0,-1.0,1,250000.0,5.0,2,-1.0,-1.0,2,-1.0,-1.0,1,50000.0,5.0,2,-1.0,-1.0,2,-1.0,-1.0,0.0,4.91,0.0,4.15,1.0,10.59,3.0,18.47,YES,YES,4.0,22.05,4.0,28.78,1.0,8.37,1.0,9.3,2.0,22.65,4.0,29.07,4.0,24.18,1.0,9.96,1.0,9.74,3.0,16.64,4.0,27.81,1,1,1,1,2.0,5.0,2,1,2.0,7,1.0,1.0,-0.93,-0.9,8.0,2.0,12.0,12.0,3,2,1.0,1.0,1.0,1.0,2.0,1.0,3.0,2.0,-1.0,-1.14,2.0,-1.0,-1.0,-1.0,-1.0,-1.0,-1.0
11,2,1,1,1,1,1,70,36-50,1,1,1,2,9.0,10.0,1.0,1.0,9112.0,46521.0,3.0,-1.0,-1.0,305.2323975,1971,-1.0,-1.0,-1.0,-1.0,-0.91,-1.0,-0.96,-1.0,-1.0,-1.0,2.0,-1.0,-1.0,1.0,1.0,2.0,-1.0,-1.0,2.0,-1.0,2.0,-1.0,-1.0,-1.0,-1.0,-1.0,-1.0,2.0,1.0,2.0,1.0,1.0,-1.0,-1.0,1.0,1.0,1.0,1.0,55000.0,-1.0,-1.0,<10k,2,-1.0,-1.0,2,-1.0,-1.0,2,-1.0,-1.0,2,-1.0,-1.0,1,250000.0,5.0,2,-1.0,-1.0,2,-1.0,-1.0,1,50000.0,5.0,2,-1.0,-1.0,2,-1.0,-1.0,0.0,5.28,0.0,4.47,1.0,9.86,3.0,21.64,YES,YES,4.0,26.81,4.0,26.87,1.0,9.5,1.0,10.29,2.0,23.93,4.0,27.73,4.0,26.1,1.0,10.57,1.0,8.31,3.0,23.52,4.0,28.23,1,1,1,1,2.0,5.0,2,1,2.0,7,1.0,1.0,-1.02,-1.03,8.0,2.0,12.0,12.0,3,2,1.0,1.0,1.0,1.0,2.0,1.0,3.0,2.0,-1.0,-1.0,2.0,-1.0,-1.0,-1.0,-1.0,-1.0,-1.0
11,2,1,1,1,2,2,70,36-50,1,1,1,2,9.0,13.0,7.0,2.0,-1.0,-1.0,-1.0,-1.0,-1.0,305.2323975,1978,-1.0,-1.0,-1.0,-1.0,-1.0,-1.0,-1.1,-1.0,-1.0,-1.0,2.0,-1.0,-1.0,2.0,-1.0,2.0,-1.0,-1.0,2.0,-1.0,2.0,-1.0,-1.0,-1.0,-1.0,-1.0,-1.0,2.0,1.0,2.0,1.0,1.0,-1.0,-1.0,1.0,1.0,1.0,1.0,45000.0,-1.0,-1.0,<10k,2,-1.0,-1.0,2,-1.0,-1.0,2,-1.0,-1.0,2,-1.0,-1.0,1,250000.0,5.0,2,-1.0,-1.0,2,-1.0,-1.0,1,50000.0,5.0,2,-1.0,-1.0,2,-1.0,-1.0,0.0,6.05,0.0,4.52,1.0,11.39,3.0,17.38,YES,YES,4.0,28.32,4.0,32.59,1.0,7.61,1.0,9.63,2.0,20.57,4.0,27.58,4.0,36.09,1.0,10.18,1.0,10.42,3.0,22.67,4.0,25.46,1,1,1,1,2.0,5.0,2,1,2.0,7,1.0,1.0,-1.12,-0.91,8.0,2.0,12.0,12.0,3,2,1.0,1.0,1.0,1.0,2.0,1.0,3.0,2.0,-1.0,-0.84,2.0,-1.0,-1.0,-1.0,-1.0,-1.0,-1.0
11,2,1,1,1,3,1,0,0-18,1,1,1,1,2.0,11.0,8.0,2.0,-1.0,-1.0,-1.0,-1.0,-1.0,305.2323975,2001,1.0,1.0,12.0,11.0,5.84,6.0,23.05,-1.0,-1.0,-1.0,2.0,-1.0,-1.0,2.0,-1.0,2.0,-1.0,-1.0,2.0,-1.0,1.0,3.0,2.0,0.0,1.0,2.0,-1.0,2.0,1.0,2.0,1.0,1.0,-1.0,-1.0,1.0,1.0,1.0,-1.0,-1.0,-1.0,-1.0,<10k,2,-1.0,-1.0,2,-1.0,-1.0,2,-1.0,-1.0,2,-1.0,-1.0,1,250000.0,5.0,2,-1.0,-1.0,2,-1.0,-1.0,1,50000.0,5.0,2,-1.0,-1.0,2,-1.0,-1.0,0.0,4.61,0.0,5.17,1.0,8.93,3.0,20.71,YES,YES,4.0,28.85,4.0,29.22,1.0,10.61,1.0,9.88,2.0,16.83,4.0,26.34,4.0,29.28,1.0,9.66,1.0,8.99,3.0,18.0,4.0,29.9,1,1,1,1,2.0,5.0,2,1,2.0,7,1.0,1.0,-1.05,-0.89,8.0,2.0,12.0,12.0,3,2,1.0,1.0,1.0,1.0,2.0,1.0,3.0,2.0,-1.0,-0.9,2.0,-1.0,-1.0,-1.0,-1.0,-1.0,-1.0
11,2,1,1,1,3,1,0,0-18,1,1,1,1,2.0,7.0,-1.0,-1.0,-1.0,-1.0,-1.0,-1.0,-1.0,305.2323975,2006,1.0,1.0,8.0,7.0,5.42,3.0,14.59,-1.0,-1.0,-1.0,2.0,-1.0,-1.0,2.0,-1.0,2.0,-1.0,-1.0,2.0,-1.0,1.0,4.0,2.0,3.0,0.0,2.0,-1.0,2.0,1.0,2.0,1.0,1.0,-1.0,-1.0,1.0,1.0,1.0,-1.0,-1.0,-1.0,-1.0,<10k,2,-1.0,-1.0,2,-1.0,-1.0,2,-1.0,-1.0,2,-1.0,-1.0,1,250000.0,5.0,2,-1.0,-1.0,2,-1.0,-1.0,1,50000.0,5.0,2,-1.0,-1.0,2,-1.0,-1.0,0.0,5.71,0.0,4.51,1.0,9.21,3.0,22.03,YES,YES,4.0,29.35,4.0,35.76,1.0,8.73,1.0,9.63,2.0,16.88,4.0,34.12,4.0,29.33,1.0,11.43,1.0,7.64,3.0,20.38,4.0,33.19,1,1,1,1,2.0,5.0,2,1,2.0,7,1.0,1.0,-0.92,-0.81,8.0,2.0,12.0,12.0,3,2,1.0,1.0,1.0,1.0,2.0,1.0,3.0,2.0,-1.0,-0.97,2.0,-1.0,-1.0,-1.0,-1.0,-1.0,-1.0
11,2,1,1,1,3,1,10,0-18,1,1,1,1,-1.0,-1.0,-1.0,-1.0,-1.0,-1.0,-1.0,-1.0,-1.0,305.2323975,2016,1.0,1.0,2.0,1.0,2.85,6.0,23.48,-1.0,-1.0,-1.0,2.0,-1.0,-1.0,2.0,-1.0,2.0,-1.0,-1.0,2.0,-1.0,2.0,-1.0,-1.0,-1.0,-1.0,-1.0,-1.0,2.0,1.0,2.0,1.0,1.0,-1.0,-1.0,1.0,1.0,1.0,-1.0,-1.0,-1.0,-1.0,<10k,2,-1.0,-1.0,2,-1.0,-1.0,2,-1.0,-1.0,2,-1.0,-1.0,1,250000.0,5.0,2,-1.0,-1.0,2,-1.0,-1.0,1,50000.0,5.0,2,-1.0,-1.0,2,-1.0,-1.0,0.0,5.12,0.0,4.33,1.0,9.68,3.0,19.57,YES,YES,4.0,28.71,4.0,32.72,1.0,9.46,1.0,11.39,2.0,19.0,4.0,36.04,4.0,33.24,1.0,9.43,1.0,8.62,3.0,19.06,4.0,32.79,1,1,1,1,2.0,5.0,2,1,2.0,7,1.0,1.0,-1.17,-1.09,8.0,2.0,12.0,12.0,3,2,1.0,1.0,1.0,1.0,2.0,1.0,3.0,2.0,-1.0,-0.98,2.0,-1.0,-1.0,-1.0,-1.0,-1.0,-1.0
11,2,1,1,1,1,1,40,66+,1,1,1,2,9.0,5.0,1.0,1.0,1420.0,45402.0,4.0,-1.0,-1.0,305.2323975,1946,-1.0,-1.0,-1.0,-1.0,-0.72,-1.0,-1.14,-1.0,-1.0,-1.0,2.0,-1.0,-1.0,1.0,1.0,2.0,-1.0,-1.0,2.0,-1.0,2.0,-1.0,-1.0,-1.0,-1.0,-1.0,-1.0,2.0,1.0,2.0,1.0,1.0,-1.0,-1.0,1.0,1.0,1.0,1.0,55000.0,-1.0,-1.0,<10k,2,-1.0,-1.0,2,-1.0,-1.0,2,-1.0,-1.0,2,-1.0,-1.0,1,250000.0,5.0,2,-1.0,-1.0,2,-1.0,-1.0,1,50000.0,5.0,2,-1.0,-1.0,2,-1.0,-1.0,0.0,4.57,0.0,5.63,1.0,10.64,3.0,21.39,YES,YES,4.0,30.84,4.0,30.95,1.0,9.94,1.0,9.64,2.0,21.1,4.0,28.71,4.0,34.51,1.0,10.4,1.0,10.78,3.0,20.18,4.0,34.1,1,1,1,1,2.0,5.0,2,1,2.0,7,1.0,1.0,-1.07,-0.99,8.0,2.0,12.0,12.0,3,2,1.0,1.0,1.0,1.0,2.0,1.0,3.0,2.0,-1.0,-1.16,2.0,-1.0,-1.0,-1.0,-1.0,-1.0,-1.0
11,2,1,1,1,2,2,50,51-65,1,1,1,2,9.0,8.0,7.0,2.0,-1.0,-1.0,-1.0,-1.0,-1.0,305.2323975,1956,-1.0,-1.0,-1.0,-1.0,-0.89,-1.0,-1.16,-1.0,-1.0,-1.0,2.0,-1.0,-1.0,2.0,-1.0,2.0,-1.0,-1.0,2.0,-1.0,2.0,-1.0,-1.0,-1.0,-1.0,-1.0,-1.0,2.0,1.0,2.0,1.0,1.0,-1.0,-1.0,1.0,1.0,1.0,1.0,45000.0,-1.0,-1.0,<10k,2,-1.0,-1.0,2,-1.0,-1.0,2,-1.0,-1.0,2,-1.0,-1.0,1,250000.0,5.0,2,-1.0,-1.0,2,-1.0,-1.0,1,50000.0,5.0,2,-1.0,-1.0,2,-1.0,-1.0,0.0,4.75,0.0,5.67,1.0,9.38,3.0,21.4,YES,YES,4.0,30.54,4.0,26.2,1.0,9.06,1.0,8.71,2.0,21.97,4.0,31.79,4.0,33.28,1.0,7.33,1.0,7.96,3.0,20.7,4.0,26.58,1,1,1,1,2.0,5.0,2,1,2.0,7,1.0,1.0,-1.03,-1.04,8.0,2.0,12.0,12.0,3,2,1.0,1.0,1.0,1.0,2.0,1.0,3.0,2.0,-1.0,-0.94,2.0,-1.0,-1.0,-1.0,-1.0,-1.0,-1.0
11,2,1,1,1,1,1,50,51-65,1,1,1,2,9.0,8.0,4.0,2.0,-1.0,-1.0,-1.0,-1.0,-1.0,305.2323975,1958,-1.0,-1.0,-1.0,-1.0,-1.05,-1.0,-0.86,-1.0,-1.0,-1.0,2.0,-1.0,-1.0,1.0,1.0,2.0,-1.0,-1.0,2.0,-1.0,2.0,-1.0,-1.0,-1.0,-1.0,-1.0,-1.0,2.0,1.0,2.0,1.0,1.0,-1.0,-1.0,1.0,1.0,1.0,1.0,55000.0,-1.0,-1.0,<10k,2,-1.0,-1.0,2,-1.0,-1.0,2,-1.0,-1.0,2,-1.0,-1.0,1,250000.0,5.0,2,-1.0,-1.0,2,-1.0,-1.0,1,50000.0,5.0,2,-1.0,-1.0,2,-1.0,-1.0,0.0,4.52,0.0,4.69,1.0,8.56,3.0,19.74,YES,YES,4.0,33.94,4.0,33.74,1.0,11.06,1.0,10.49,2.0,24.42,4.0,27.87,4.0,31.68,1.0,11.32,1.0,10.11,3.0,19.74,4.0,33.25,1,1,1,1,2.0,5.0,2,1,2.0,7,1.0,1.0,-1.04,-0.9,8.0,2.0,12.0,12.0,3,2,1.0,1.0,1.0,1.0,2.0,1.0,3.0,2.0,-1.0,-1.12,2.0,-1.0,-1.0,-1.0,-1.0,-1.0,-1.0
11,2,1,1,1,2,2,60,51-65,1,1,1,2,9.0,13.0,1.0,1.0,9111.0,97006.0,3.0,-1.0,-1.0,305.2323975,1965,-1.0,-1.0,-1.0,-1.0,-0.97,-1.0,-1.05,-1.0,-1.0,-1.0,2.0,-1.0,-1.0,2.0,-1.0,2.0,-1.0,-1.0,2.0,-1.0,2.0,-1.0,-1.0,-1.0,-1.0,-1.0,-1.0,2.0,1.0,2.0,1.0,1.0,-1.0,-1.0,1.0,1.0,1.0,1.0,45000.0,-1.0,-1.0,<10k,2,-1.0,-1.0,2,-1.0,-1.0,2,-1.0,-1.0,2,-1.0,-1.0,1,250000.0,5.0,2,-1.0,-1.0,2,-1.0,-1.0,1,50000.0,5.0,2,-1.0,-1.0,2,-1.0,-1.0,0.0,5.59,0.0,4.32,1.0,11.31,3.0,24.84,YES,YES,4.0,30.54,4.0,32.54,1.0,10.51,1.0,10.81,2.0,21.88,4.0,29.79,4.0,35.16,1.0,10.42,1.0,9.12,3.0,20.69,4.0,28.62,1,1,1,1,2.0,5.0,2,1,2.0,7,1.0,1.0,-0.82,-0.86,8.0,2.0,12.0,12.0,3,2,1.0,1.0,1.0,1.0,2.0,1.0,3.0,2.0,-1.0,-1.15,2.0,-1.0,-1.0,-1.0,-1.0,-1.0,-1.0
11,2,1,1,1,1,1,50,66+,1,1,1,2,9.0,13.0,4.0,2.0,-1.0,-1.0,-1.0,-1.0,-1.0,305.2323975,1951,-1.0,-1.0,-1.0,-1.0,-0.88,-1.0,-1.04,-1.0,-1.0,-1.0,2.0,-1.0,-1.0,1.0,1.0,2.0,-1.0,-1.0,2.0,-1.0,2.0,-1.0,-1.0,-1.0,-1.0,-1.0,-1.0,2.0,1.0,2.0,1.0,1.0,-1.0,-1.0,1.0,1.0,1.0,1.0,55000.0,-1.0,-1.0,<10k,2,-1.0,-1.0,2,-1.0,-1.0,2,-1.0,-1.0,2,-1.0,-1.0,1,250000.0,5.0,2,-1.0,-1.0,2,-1.0,-1.0,1,50000.0,5.0,2,-1.0,-1.0,2,-1.0,-1.0,0.0,4.86,0.0,5.33,1.0,10.41,3.0,21.83,YES,YES,4.0,29.05,4.0,33.96,1.0,11.29,1.0,8.47,2.0,19.79,4.0,29.63,4.0,33.58,1.0,11.49,1.0,11.1,3.0,19.74,4.0,25.64,1,1,1,1,2.0,5.0,2,1,2.0,7,1.0,1.0,-0.97,-1.12,8.0,2.0,12.0,12.0,3,2,1.0,1.0,1.0,1.0,2.0,1.0,3.0,2.0,-1.0,-1.02,2.0,-1.0,-1.0,-1.0,-1.0,-1.0,-1.0
11,2,1,1,1,2,2,50,51-65,1,1,1,2,9.0,11.0,7.0,2.0,-1.0,-1.0,-1.0,-1.0,-1.0,305.2323975,1957,-1.0,-1.0,-1.0,-1.0,-1.1,-1.0,-0.96,-1.0,-1.0,-1.0,2.0,-1.0,-1.0,2.0,-1.0,2.0,-1.0,-1.0,2.0,-1.0,2.0,-1.0,-1.0,-1.0,-1.0,-1.0,-1.0,2.0,1.0,2.0,1.0,1.0,-1.0,-1.0,1.0,1.0,1.0,1.0,45000.0,-1.0,-1.0,<10k,2,-1.0,-1.0,2,-1.0,-1.0,2,-1.0,-1.0,2,-1.0,-1.0,1,250000.0,5.0,2,-1.0,-1.0,2,-1.0,-1.0,1,50000.0,5.0,2,-1.0,-1.0,2,-1.0,-1.0,0.0,5.26,0.0,4.64,1.0,10.05,3.0,18.81,YES,YES,4.0,27.92,4.0,30.14,1.0,10.59,1.0,8.28,2.0,16.49,4.0,31.03,4.0,32.98,1.0,9.23,1.0,9.97,3.0,19.46,4.0,22.26,1,1,1,1,2.0,5.0,2,1,2.0,7,1.0,1.0,-1.0,-1.04,8.0,2.0,12.0,12.0,3,2,1.0,1.0,1.0,1.0,2.0,1.0,3.0,2.0,-1.0,-1.1,2.0,-1.0,-1.0,-1.0,-1.0,-1.0,-1.0
11,2,1,1,1,1,1,50,51-65,1,1,1,2,9.0,12.0,4.0,2.0,-1.0,-1.0,-1.0,-1.0,-1.0,305.2323975,1956,-1.0,-1.0,-1.0,-1.0,-0.87,-1.0,-0.9,-1.0,-1.0,-1.0,2.0,-1.0,-1.0,1.0,1.0,2.0,-1.0,-1.0,2.0,-1.0,2.0,-1.0,-1.0,-1.0,-1.0,-1.0,-1.0,2.0,1.0,2.0,1.0,1.0,-1.0,-1.0,1.0,1.0,1.0,1.0,55000.0,-1.0,-1.0,<10k,2,-1.0,-1.0,2,-1.0,-1.0,2,-1.0,-1.0,2,-1.0,-1.0,1,250000.0,5.0,2,-1.0,-1.0,2,-1.0,-1.0,1,50000.0,5.0,2,-1.0,-1.0,2,-1.0,-1.0,0.0,5.33,0.0,4.42,1.0,10.78,3.0,19.18,YES,YES,4.0,33.55,4.0,27.68,1.0,10.28,1.0,9.32,2.0,20.75,4.0,32.32,4.0,30.27,1.0,8.68,1.0,10.41,3.0,18.84,4.0,33.54,1,1,1,1,2.0,5.0,2,1,2.0,7,1.0,1.0,-0.97,-0.98,8.0,2.0,12.0,12.0,3,2,1.0,1.0,1.0,1.0,2.0,1.0,3.0,2.0,-1.0,-0.8,2.0,-1.0,-1.0,-1.0,-1.0,-1.0,-1.0
11,2,1,1,1,3,1,90,19-35,1,1,1,1,9.0,11.0,9.0,2.0,-1.0,-1.0,-1.0,-1.0,-1.0,305.2323975,1990,-1.0,-1.0,-1.0,-1.0,-1.13,-1.0,-1.0,-1.0,-1.0,-1.0,2.0,-1.0,-1.0,2.0,-1.0,2.0,-1.0,-1.0,2.0,-1.0,2.0,-1.0,-1.0,-1.0,-1.0,-1.0,-1.0,2.0,1.0,2.0,1.0,1.0,-1.0,-1.0,1.0,1.0,1.0,1.0,45000.0,-1.0,-1.0,<10k,2,-1.0,-1.0,2,-1.0,-1.0,2,-1.0,-1.0,2,-1.0,-1.0,1,250000.0,5.0,2,-1.0,-1.0,2,-1.0,-1.0,1,50000.0,5.0,2,-1.0,-1.0,2,-1.0,-1.0,0.0,5.44,0.0,5.38,1.0,11.06,3.0,18.73,YES,YES,4.0,31.49,4.0,34.55,1.0,9.71,1.0,10.01,2.0,21.5,4.0,30.73,4.0,29.91,1.0,10.06,1.0,10.4,3.0,18.36,4.0,33.32,1,1,1,1,2.0,5.0,2,1,2.0,7,1.0,1.0,-1.04,-0.82,8.0,2.0,12.0,12.0,3,2,1.0,1.0,1.0,1.0,2.0,1.0,3.0,2.0,-1.0,-1.12,2.0,-1.0,-1.0,-1.0,-1.0,-1.0,-1.0
11,2,1,1,1,3,1,90,19-35,1,1,1,1,4.0,13.0,8.0,2.0,-1.0,-1.0,-1.0,-1.0,-1.0,305.2323975,1995,1.0,1.0,12.0,11.0,5.27,6.0,24.63,-1.0,-1.0,-1.0,2.0,-1.0,-1.0,2.0,-1.0,2.0,-1.0,-1.0,2.0,-1.0,1.0,3.0,2.0,0.0,1.0,2.0,-1.0,2.0,1.0,2.0,1.0,1.0,-1.0,-1.0,1.0,1.0,1.0,-1.0,-1.0,-1.0,-1.0,<10k,2,-1.0,-1.0,2,-1.0,-1.0,2,-1.0,-1.0,2,-1.0,-1.0,1,250000.0,5.0,2,-1.0,-1.0,2,-1.0,-1.0,1,50000.0,5.0,2,-1.0,-1.0,2,-1.0,-1.0,0.0,5.86,0.0,4.9,1.0,10.9,3.0,16.83,YES,YES,4.0,31.66,4.0,35.12,1.0,10.5,1.0,10.56,2.0,19.78,4.0,27.31,4.0,25.2,1.0,10.77,1.0,10.48,3.0,17.37,4.0,27.04,1,1,1,1,2.0,5.0,2,1,2.0,7,1.0,1.0,-0.93,-1.05,8.0,2.0,12.0,12.0,3,2,1.0,1.0,1.0,1.0,2.0,1.0,3.0,2.0,-1.0,-0.95,2.0,-1.0,-1.0,-1.0,-1.0,-1.0,-1.0
11,2,1,1,1,3,2,0,0-18,1,1,1,1,2.0,12.0,8.0,2.0,-1.0,-1.0,-1.0,-1.0,-1.0,305.2323975,2000,1.0,1.0,8.0,7.0,4.98,3.0,13.16,-1.0,-1.0,-1.0,2.0,-1.0,-1.0,2.0,-1.0,2.0,-1.0,-1.0,2.0,-1.0,1.0,4.0,2.0,3.0,0.0,2.0,-1.0,2.0,1.0,2.0,1.0,1.0,-1.0,-1.0,1.0,1.0,1.0,-1.0,-1.0,-1.0,-1.0,<10k,2,-1.0,-1.0,2,-1.0,-1.0,2,-1.0,-1.0,2,-1.0,-1.0,1,250000.0,5.0,2,-1.0,-1.0,2,-1.0,-1.0,1,50000.0,5.0,2,-1.0,-1.0,2,-1.0,-1.0,0.0,5.26,0.0,5.02,1.0,9.64,3.0,18.73,YES,YES,4.0,29.99,4.0,29.14,1.0,12.26,1.0,11.14,2.0,17.85,4.0,29.3,4.0,30.32,1.0,8.89,1.0,9.99,3.0,20.49,4.0,28.55,1,1,1,1,2.0,5.0,2,1,2.0,7,1.0,1.0,-0.86,-0.82,8.0,2.0,12.0,12.0,3,2,1.0,1.0,1.0,1.0,2.0,1.0,3.0,2.0,-1.0,-1.01,2.0,-1.0,-1.0,-1.0,-1.0,-1.0,-1.0
11,2,1,1,1,2,2,50,51-65,1,1,1,2,9.0,13.0,7.0,2.0,-1.0,-1.0,-1.0,-1.0,-1.0,305.2323975,1959,1.0,1.0,2.0,1.0,3.49,6.0,27.14,-1.0,-1.0,-1.0,2.0,-1.0,-1.0,2.0,-1.0,2.0,-1.0,-1.0,2.0,-1.0,2.0,-1.0,-1.0,-1.0,-1.0,-1.0,-1.0,2.0,1.0,2.0,1.0,1.0,-1.0,-1.0,1.0,1.0,1.0,-1.0,-1.0,-1.0,-1.0,<10k,2,-1.0,-1.0,2,-1.0,-1.0,2,-1.0,-1.0,2,-1.0,-1.0,1,250000.0,5.0,2,-1.0,-1.0,2,-1.0,-1.0,1,50000.0,5.0,2,-1.0,-1.0,2,-1.0,-1.0,0.0,4.12,0.0,5.5,1.0,9.5,3.0,22.39,YES,YES,4.0,32.72,4.0,35.11,1.0,9.02,1.0,10.78,2.0,18.75,4.0,31.72,4.0,25.03,1.0,9.56,1.0,10.56,3.0,20.4,4.0,28.91,1,1,1,1,2.0,5.0,2,1,2.0,7,1.0,1.0,-1.03,-1.03,8.0,2.0,12.0,12.0,3,2,1.0,1.0,1.0,1.0,2.0,1.0,3.0,2.0,-1.0,-0.94,2.0,-1.0,-1.0,-1.0,-1.0,-1.0,-1.0
11,2,1,1,1,1,1,70,36-50,1,1,1,2,9.0,13.0,2.0,1.0,7512.0,10711.0,5.0,-1.0,-1.0,305.2323975,1971,-1.0,-1.0,-1.0,-1.0,-1.03,-1.0,-0.96,-1.0,-1.0,-1.0,2.0,-1.0,-1.0,1.0,1.0,2.0,-1.0,-1.0,2.0,-1.0,2.0,-1.0,-1.0,-1.0,-1.0,-1.0,-1.0,2.0,1.0,2.0,1.0,1.0,-1.0,-1.0,1.0,1.0,1.0,1.0,55000.0,-1.0,-1.0,<10k,2,-1.0,-1.0,2,-1.0,-1.0,2,-1.0,-1.0,2,-1.0,-1.0,1,250000.0,5.0,2,-1.0,-1.0,2,-1.0,-1.0,1,50000.0,5.0,2,-1.0,-1.0,2,-1.0,-1.0,0.0,4.01,0.0,5.1,1.0,10.69,3.0,20.18,YES,YES,4.0,29.22,4.0,25.96,1.0,10.55,1.0,10.87,2.0,18.97,4.0,25.33,4.0,33.17,1.0,10.9,1.0,10.65,3.0,20.27,4.0,28.68,1,1,1,1,2.0,5.0,2,1,2.0,7,1.0,1.0,-1.09,-1.03,8.0,2.0,12.0,12.0,3,2,1.0,1.0,1.0,1.0,2.0,1.0,3.0,2.0,-1.0,-1.23,2.0,-1.0,-1.0,-1.0,-1.0,-1.0,-1.0
11,2,1,1,1,2,2,80,36-50,1,1,1,2,9.0,11.0,7.0,2.0,-1.0,-1.0,-1.0,-1.0,-1.0,305.2323975,1982,-1.0,-1.0,-1.0,-1.0,-1.12,-1.0,-1.14,-1.0,-1.0,-1.0,2.0,-1.0,-1.0,2.0,-1.0,2.0,-1.0,-1.0,2.0,-1.0,2.0,-1.0,-1.0,-1.0,-1.0,-1.0,-1.0,2.0,1.0,2.0,1.0,1.0,-1.0,-1.0,1.0,1.0,1.0,1.0,45000.0,-1.0,-1.0,<10k,2,-1.0,-1.0,2,-1.0,-1.0,2,-1.0,-1.0,2,-1.0,-1.0,1,250000.0,5.0,2,-1.0,-1.0,2,-1.0,-1.0,1,50000.0,5.0,2,-1.0,-1.0,2,-1.0,-1.0,0.0,5.74,0.0,4.83,1.0,9.56,3.0,23.13,YES,YES,4.0,23.12,4.0,32.06,1.0,11.18,1.0,10.81,2.0,22.74,4.0,32.19,4.0,30.93,1.0,9.84,1.0,10.82,3.0,20.74,4.0,26.69,1,1,1,1,2.0,5.0,2,1,2.0,7,1.0,1.0,-1.03,-1.0,8.0,2.0,12.0,12.0,3,2,1.0,1.0,1.0,1.0,2.0,1.0,3.0,2.0,-1.0,-0.82,2.0,-1.0,-1.0,-1.0,-1.0,-1.0,-1.0
11,2,1,1,1,3,1,0,0-18,1,1,1,1,2.0,10.0,8.0,2.0,-1.0,-1.0,-1.0,-1.0,-1.0,305.2323975,2002,1.0,1.0,12.0,11.0,4.98,6.0,23.2,-1.0,-1.0,-1.0,2.0,-1.0,-1.0,2.0,-1.0,2.0,-1.0,-1.0,2.0,-1.0,1.0,3.0,2.0,0.0,1.0,2.0,-1.0,2.0,1.0,2.0,1.0,1.0,-1.0,-1.0,1.0,1.0,1.0,-1.0,-1.0,-1.0,-1.0,<10k,2,-1.0,-1.0,2,-1.0,-1.0,2,-1.0,-1.0,2,-1.0,-1.0,1,250000.0,5.0,2,-1.0,-1.0,2,-1.0,-1.0,1,50000.0,5.0,2,-1.0,-1.0,2,-1.0,-1.0,0.0,5.72,0.0,4.86,1.0,9.68,3.0,20.08,YES,YES,4.0,26.21,4.0,27.33,1.0,8.4,1.0,9.57,2.0,20.55,4.0,33.7,4.0,29.52,1.0,9.8,1.0,10.98,3.0,17.76,4.0,34.77,1,1,1,1,2.0,5.0,2,1,2.0,7,1.0,1.0,-1.04,-1.14,8.0,2.0,12.0,12.0,3,2,1.0,1.0,1.0,1.0,2.0,1.0,3.0,2.0,-1.0,-1.02,2.0,-1.0,-1.0,-1.0,-1.0,-1.0,-1.0
11,2,1,1,1,3,1,0,0-18,1,1,1,1,2.0,5.0,-1.0,-1.0,-1.0,-1.0,-1.0,-1.0,-1.0,305.2323975,2009,1.0,1.0,8.0,7.0,5.67,3.0,13.27,-1.0,-1.0,-1.0,2.0,-1.0,-1.0,2.0,-1.0,2.0,-1.0,-1.0,2.0,-1.0,1.0,4.0,2.0,3.0,0.0,2.0,-1.0,2.0,1.0,2.0,1.0,1.0,-1.0,-1.0,1.0,1.0,1.0,-1.0,-1.0,-1.0,-1.0,<10k,2,-1.0,-1.0,2,-1.0,-1.0,2,-1.0,-1.0,2,-1.0,-1.0,1,250000.0,5.0,2,-1.0,-1.0,2,-1.0,-1.0,1,50000.0,5.0,2,-1.0,-1.0,2,-1.0,-1.0,0.0,5.27,0.0,3.87,1.0,9.92,3.0,20.24,YES,YES,4.0,31.93,4.0,32.62,1.0,9.4,1.0,8.96,2.0,20.88,4.0,33.95,4.0,33.18,1.0,11.11,1.0,9.77,3.0,18.92,4.0,32.0,1,1,1,1,2.0,5.0,2,1,2.0,7,1.0,1.0,-0.98,-0.98,8.0,2.0,12.0,12.0,3,2,1.0,1.0,1.0,1.0,2.0,1.0,3.0,2.0,-1.0,-1.02,2.0,-1.0,-1.0,-1.0,-1.0,-1.0,-1.0
11,2,1,1,1,1,1,60,36-50,1,1,1,2,9.0,11.0,1.0,1.0,1321.0,14101.0,4.0,-1.0,-1.0,305.2323975,1969,-1.0,-1.0,-1.0,-1.0,-1.04,-1.0,-0.97,-1.0,-1.0,-1.0,2.0,-1.0,-1.0,1.0,1.0,2.0,-1.0,-1.0,2.0,-1.0,2.0,-1.0,-1.0,-1.0,-1.0,-1.0,-1.0,2.0,1.0,2.0,1.0,1.0,-1.0,-1.0,1.0,1.0,1.0,1.0,55000.0,-1.0,-1.0,<10k,2,-1.0,-1.0,2,-1.0,-1.0,2,-1.0,-1.0,2,-1.0,-1.0,1,250000.0,5.0,2,-1.0,-1.0,2,-1.0,-1.0,1,50000.0,5.0,2,-1.0,-1.0,2,-1.0,-1.0,0.0,4.89,0.0,5.36,1.0,12.21,3.0,19.69,YES,YES,4.0,29.49,4.0,28.8,1.0,9.23,1.0,9.96,2.0,23.64,4.0,29.21,4.0,29.06,1.0,10.44,1.0,10.62,3.0,20.43,4.0,24.63,1,1,1,1,2.0,5.0,2,1,2.0,7,1.0,1.0,-1.08,-1.09,8.0,2.0,12.0,12.0,3,2,1.0,1.0,1.0,1.0,2.0,1.0,3.0,2.0,-1.0,-1.12,2.0,-1.0,-1.0,-1.0,-1.0,-1.0,-1.0
11,2,1,1,1,2,2,70,36-50,1,1,1,2,9.0,11.0,7.0,2.0,-1.0,-1.0,-1.0,-1.0,-1.0,305.2323975,1975,-1.0,-1.0,-1.0,-1.0,-1.01,-1.0,-0.8,-1.0,-1.0,-1.0,2.0,-1.0,-1.0,2.0,-1.0,2.0,-1.0,-1.0,2.0,-1.0,2.0,-1.0,-1.0,-1.0,-1.0,-1.0,-1.0,2.0,1.0,2.0,1.0,1.0,-1.0,-1.0,1.0,1.0,1.0,1.0,45000.0,-1.0,-1.0,<10k,2,-1.0,-1.0,2,-1.0,-1.0,2,-1.0,-1.0,2,-1.0,-1.0,1,250000.0,5.0,2,-1.0,-1.0,2,-1.0,-1.0,1,50000.0,5.0,2,-1.0,-1.0,2,-1.0,-1.0,0.0,4.75,0.0,4.67,1.0,10.49,3.0,22.79,YES,YES,4.0,29.68,4.0,25.87,1.0,9.58,1.0,10.08,2.0,21.75,4.0,24.88,4.0,26.87,1.0,10.88,1.0,9.15,3.0,18.59,4.0,25.26,1,1,1,1,2.0,5.0,2,1,2.0,7,1.0,1.0,-0.83,-0.94,8.0,2.0,12.0,12.0,3,2,1.0,1.0,1.0,1.0,2.0,1.0,3.0,2.0,-1.0,-1.05,2.0,-1.0,-1.0,-1.0,-1.0,-1.0,-1.0
11,2,1,1,1,3,1,90,19-35,1,1,1,1,9.0,8.0,9.0,2.0,-1.0,-1.0,-1.0,-1.0,-1.0,305.2323975,1998,1.0,1.0,12.0,11.0,4.86,6.0,27.38,-1.0,-1.0,-1.0,2.0,-1.0,-1.0,2.0,-1.0,2.0,-1.0,-1.0,2.0,-1.0,1.0,3.0,2.0,0.0,1.0,2.0,-1.0,2.0,1.0,2.0,1.0,1.0,-1.0,-1.0,1.0,1.0,1.0,-1.0,-1.0,-1.0,-1.0,<10k,2,-1.0,-1.0,2,-1.0,-1.0,2,-1.0,-1.0,2,-1.0,-1.0,1,250000.0,5.0,2,-1.0,-1.0,2,-1.0,-1.0,1,50000.0,5.0,2,-1.0,-1.0,2,-1.0,-1.0,0.0,5.37,0.0,4.5,1.0,8.15,3.0,20.5,YES,YES,4.0,30.41,4.0,35.3,1.0,10.87,1.0,8.85,2.0,23.56,4.0,29.34,4.0,32.81,1.0,9.27,1.0,9.88,3.0,19.42,4.0,29.85,1,1,1,1,2.0,5.0,2,1,2.0,7,1.0,1.0,-1.05,-0.96,8.0,2.0,12.0,12.0,3,2,1.0,1.0,1.0,1.0,2.0,1.0,3.0,2.0,-1.0,-1.15,2.0,-1.0,-1.0,-1.0,-1.0,-1.0,-1.0
11,2,1,1,1,3,2,0,0-18,1,1,1,1,2.0,12.0,8.0,2.0,-1.0,-1.0,-1.0,-1.0,-1.0,305.2323975,2000,1.0,1.0,8.0,7.0,5.75,3.0,12.43,-1.0,-1.0,-1.0,2.0,-1.0,-1.0,2.0,-1.0,2.0,-1.0,-1.0,2.0,-1.0,1.0,4.0,2.0,3.0,0.0,2.0,-1.0,2.0,1.0,2.0,1.0,1.0,-1.0,-1.0,1.0,1.0,1.0,-1.0,-1.0,-1.0,-1.0,<10k,2,-1.0,-1.0,2,-1.0,-1.0,2,-1.0,-1.0,2,-1.0,-1.0,1,250000.0,5.0,2,-1.0,-1.0,2,-1.0,-1.0,1,50000.0,5.0,2,-1.0,-1.0,2,-1.0,-1.0,0.0,4.8,0.0,4.93,1.0,11.08,3.0,19.8,YES,YES,4.0,26.57,4.0,31.86,1.0,11.76,1.0,10.83,2.0,21.69,4.0,31.38,4.0,32.22,1.0,10.01,1.0,9.85,3.0,19.62,4.0,30.52,1,1,1,1,2.0,5.0,2,1,2.0,7,1.0,1.0,-0.92,-1.04,8.0,2.0,12.0,12.0,3,2,1.0,1.0,1.0,1.0,2.0,1.0,3.0,2.0,-1.0,-1.0,2.0,-1.0,-1.0,-1.0,-1.0,-1.0,-1.0
11,2,1,1,1,3,2,10,0-18,1,1,1,1,2.0,1.0,-1.0,-1.0,-1.0,-1.0,-1.0,-1.0,-1.0,305.2323975,2012,1.0,1.0,2.0,1.0,2.49,6.0,24.5,-1.0,-1.0,-1.0,2.0,-1.0,-1.0,2.0,-1.0,2.0,-1.0,-1.0,2.0,-1.0,2.0,-1.0,-1.0,-1.0,-1.0,-1.0,-1.0,2.0,1.0,2.0,1.0,1.0,-1.0,-1.0,1.0,1.0,1.0,-1.0,-1.0,-1.0,-1.0,<10k,2,-1.0,-1.0,2,-1.0,-1.0,2,-1.0,-1.0,2,-1.0,-1.0,1,250000.0,5.0,2,-1.0,-1.0,2,-1.0,-1.0,1,50000.0,5.0,2,-1.0,-1.0,2,-1.0,-1.0,0.0,4.8,0.0,5.11,1.0,11.68,3.0,21.61,YES,YES,4.0,32.65,4.0,33.71,1.0,12.12,1.0,11.04,2.0,21.13,4.0,32.29,4.0,34.27,1.0,10.31,1.0,7.77,3.0,20.91,4.0,28.64,1,1,1,1,2.0,5.0,2,1,2.0,7,1.0,1.0,-1.12,-1.12,8.0,2.0,12.0,12.0,3,2,1.0,1.0,1.0,1.0,2.0,1.0,3.0,2.0,-1.0,-0.97,2.0,-1.0,-1.0,-1.0,-1.0,-1.0,-1.0
11,2,1,1,1,1,1,70,36-50,1,1,1,2,9.0,11.0,1.0,1.0,6111.0,1285.0,5.0,-1.0,-1.0,293.2803651,1971,-1.0,-1.0,-1.0,-1.0,-1.11,-1.0,-1.12,-1.0,-1.0,-1.0,2.0,-1.0,-1.0,2.0,-1.0,2.0,-1.0,-1.0,2.0,-1.0,2.0,-1.0,-1.0,-1.0,-1.0,-1.0,-1.0,2.0,1.0,2.0,1.0,2.0,2.0,-1.0,1.0,1.0,1.0,1.0,50000.0,-1.0,-1.0,<10k,2,-1.0,-1.0,2,-1.0,-1.0,2,-1.0,-1.0,2,-1.0,-1.0,2,-1.0,-1.0,2,-1.0,-1.0,2,-1.0,-1.0,1,118000.0,1.0,2,-1.0,-1.0,1,50000.0,1.0,0.0,5.25,1.0,15.56,1.0,16.63,1.0,13.07,YES,YES,2.0,17.85,2.0,20.58,1.0,15.88,1.0,15.77,6.0,29.16,2.0,21.26,10.0,33.63,0.0,9.56,2.0,11.95,2.0,12.73,2.0,14.76,1,1,1,2,3.0,6.0,1,2,2.0,1,1.0,1.0,-1.09,-0.95,8.0,2.0,12.0,12.0,1,2,2.0,1.0,1.0,1.0,2.0,1.0,3.0,2.0,-1.0,-0.97,2.0,-1.0,-1.0,-1.0,-1.0,-1.0,-1.0
11,2,1,1,1,2,2,70,36-50,1,1,1,2,9.0,11.0,7.0,2.0,-1.0,-1.0,-1.0,-1.0,-1.0,293.2803651,1972,-1.0,-1.0,-1.0,-1.0,-1.02,-1.0,-1.07,-1.0,-1.0,-1.0,2.0,-1.0,-1.0,2.0,-1.0,2.0,-1.0,-1.0,2.0,-1.0,2.0,-1.0,-1.0,-1.0,-1.0,-1.0,-1.0,2.0,1.0,2.0,1.0,2.0,2.0,-1.0,1.0,1.0,1.0,1.0,35000.0,-1.0,-1.0,<10k,2,-1.0,-1.0,2,-1.0,-1.0,2,-1.0,-1.0,2,-1.0,-1.0,2,-1.0,-1.0,2,-1.0,-1.0,2,-1.0,-1.0,1,118000.0,1.0,2,-1.0,-1.0,1,50000.0,1.0,0.0,4.48,1.0,12.49,1.0,14.39,1.0,13.13,YES,YES,2.0,16.6,2.0,20.09,1.0,15.13,1.0,15.1,6.0,30.67,2.0,14.53,10.0,30.32,0.0,8.39,2.0,16.2,2.0,14.81,2.0,16.71,1,1,1,2,3.0,6.0,1,2,2.0,1,1.0,1.0,-1.04,-0.97,8.0,2.0,12.0,12.0,1,2,2.0,1.0,1.0,1.0,2.0,1.0,3.0,2.0,-1.0,-0.95,2.0,-1.0,-1.0,-1.0,-1.0,-1.0,-1.0
11,2,1,1,1,3,2,0,0-18,1,1,1,1,2.0,10.0,8.0,2.0,-1.0,-1.0,-1.0,-1.0,-1.0,293.2803651,2003,1.0,1.0,11.0,10.0,2.83,3.0,11.35,-1.0,-1.0,-1.0,2.0,-1.0,-1.0,2.0,-1.0,2.0,-1.0,-1.0,2.0,-1.0,2.0,-1.0,-1.0,-1.0,-1.0,-1.0,-1.0,2.0,1.0,2.0,1.0,2.0,2.0,-1.0,1.0,1.0,1.0,1.0,75000.0,-1.0,-1.0,<10k,2,-1.0,-1.0,2,-1.0,-1.0,2,-1.0,-1.0,2,-1.0,-1.0,2,-1.0,-1.0,2,-1.0,-1.0,2,-1.0,-1.0,1,118000.0,1.0,2,-1.0,-1.0,1,50000.0,1.0,0.0,4.86,1.0,17.03,1.0,15.05,1.0,18.03,YES,YES,2.0,22.05,2.0,20.86,1.0,14.18,1.0,14.31,6.0,33.06,2.0,22.89,10.0,30.96,0.0,8.71,2.0,11.73,2.0,13.66,2.0,12.56,1,1,1,2,3.0,6.0,1,2,2.0,1,1.0,1.0,-1.02,-0.99,8.0,2.0,12.0,12.0,1,2,2.0,1.0,1.0,1.0,2.0,1.0,3.0,2.0,-1.0,-0.98,2.0,-1.0,-1.0,-1.0,-1.0,-1.0,-1.0
11,2,1,1,1,3,1,0,0-18,1,1,1,1,2.0,8.0,-1.0,-1.0,-1.0,-1.0,-1.0,-1.0,-1.0,293.2803651,2005,1.0,1.0,9.0,8.0,4.84,5.0,30.43,-1.0,-1.0,-1.0,2.0,-1.0,-1.0,2.0,-1.0,2.0,-1.0,-1.0,2.0,-1.0,2.0,-1.0,-1.0,-1.0,-1.0,-1.0,-1.0,2.0,1.0,2.0,1.0,2.0,2.0,-1.0,1.0,1.0,1.0,1.0,40000.0,-1.0,-1.0,<10k,2,-1.0,-1.0,2,-1.0,-1.0,2,-1.0,-1.0,2,-1.0,-1.0,2,-1.0,-1.0,2,-1.0,-1.0,2,-1.0,-1.0,1,118000.0,1.0,2,-1.0,-1.0,1,50000.0,1.0,0.0,4.85,1.0,15.23,1.0,17.25,1.0,14.09,YES,YES,2.0,17.85,2.0,20.02,1.0,18.48,1.0,16.42,6.0,35.74,2.0,21.68,10.0,34.97,0.0,9.52,2.0,14.43,2.0,13.89,2.0,14.12,1,1,1,2,3.0,6.0,1,2,2.0,1,1.0,1.0,-1.05,-1.03,8.0,2.0,12.0,12.0,1,2,2.0,1.0,1.0,1.0,2.0,1.0,3.0,2.0,-1.0,-0.78,2.0,-1.0,-1.0,-1.0,-1.0,-1.0,-1.0
11,2,1,1,1,3,1,0,0-18,1,1,1,1,2.0,5.0,-1.0,-1.0,-1.0,-1.0,-1.0,-1.0,-1.0,293.2803651,2008,1.0,1.0,6.0,5.0,3.22,3.0,13.42,-1.0,-1.0,-1.0,2.0,-1.0,-1.0,1.0,1.0,2.0,-1.0,-1.0,2.0,-1.0,2.0,-1.0,-1.0,-1.0,-1.0,-1.0,-1.0,2.0,1.0,2.0,1.0,2.0,2.0,-1.0,1.0,1.0,1.0,-1.0,-1.0,-1.0,-1.0,<10k,2,-1.0,-1.0,2,-1.0,-1.0,2,-1.0,-1.0,2,-1.0,-1.0,2,-1.0,-1.0,2,-1.0,-1.0,2,-1.0,-1.0,1,118000.0,1.0,2,-1.0,-1.0,1,50000.0,1.0,0.0,3.96,1.0,14.46,1.0,16.65,1.0,16.15,YES,YES,2.0,18.99,2.0,17.46,1.0,18.12,1.0,12.66,6.0,31.92,2.0,18.94,10.0,26.94,0.0,10.75,2.0,13.98,2.0,15.1,2.0,14.15,1,1,1,2,3.0,6.0,1,2,2.0,1,1.0,1.0,-1.01,-0.82,8.0,2.0,12.0,12.0,1,2,2.0,1.0,1.0,1.0,2.0,1.0,3.0,2.0,-1.0,-1.11,2.0,-1.0,-1.0,-1.0,-1.0,-1.0,-1.0
11,2,1,1,1,1,1,50,51-65,1,1,1,2,9.0,13.0,4.0,2.0,-1.0,-1.0,-1.0,-1.0,-1.0,293.2803651,1953,-1.0,-1.0,-1.0,-1.0,-1.08,-1.0,-1.01,-1.0,-1.0,-1.0,2.0,-1.0,-1.0,2.0,-1.0,2.0,-1.0,-1.0,2.0,-1.0,2.0,-1.0,-1.0,-1.0,-1.0,-1.0,-1.0,2.0,1.0,2.0,1.0,2.0,2.0,-1.0,1.0,1.0,1.0,1.0,50000.0,-1.0,-1.0,<10k,2,-1.0,-1.0,2,-1.0,-1.0,2,-1.0,-1.0,2,-1.0,-1.0,2,-1.0,-1.0,2,-1.0,-1.0,2,-1.0,-1.0,1,118000.0,1.0,2,-1.0,-1.0,1,50000.0,1.0,0.0,5.15,1.0,11.79,1.0,13.92,1.0,15.43,YES,YES,2.0,16.32,2.0,20.62,1.0,13.94,1.0,13.7,6.0,29.96,2.0,19.58,10.0,24.75,0.0,10.11,2.0,14.6,2.0,14.28,2.0,15.39,1,1,1,2,3.0,6.0,1,2,2.0,1,1.0,1.0,-1.0,-1.16,8.0,2.0,12.0,12.0,1,2,2.0,1.0,1.0,1.0,2.0,1.0,3.0,2.0,-1.0,-0.81,2.0,-1.0,-1.0,-1.0,-1.0,-1.0,-1.0
11,2,1,1,1,2,2,50,51-65,1,1,1,2,9.0,13.0,4.0,2.0,-1.0,-1.0,-1.0,-1.0,-1.0,293.2803651,1958,-1.0,-1.0,-1.0,-1.0,-0.95,-1.0,-0.82,-1.0,-1.0,-1.0,2.0,-1.0,-1.0,2.0,-1.0,2.0,-1.0,-1.0,2.0,-1.0,2.0,-1.0,-1.0,-1.0,-1.0,-1.0,-1.0,2.0,1.0,2.0,1.0,2.0,2.0,-1.0,1.0,1.0,1.0,1.0,35000.0,-1.0,-1.0,<10k,2,-1.0,-1.0,2,-1.0,-1.0,2,-1.0,-1.0,2,-1.0,-1.0,2,-1.0,-1.0,2,-1.0,-1.0,2,-1.0,-1.0,1,118000.0,1.0,2,-1.0,-1.0,1,50000.0,1.0,0.0,5.31,1.0,16.39,1.0,15.39,1.0,13.98,YES,YES,2.0,23.91,2.0,19.68,1.0,16.49,1.0,16.21,6.0,27.45,2.0,19.7,10.0,26.41,0.0,10.13,2.0,13.79,2.0,17.7,2.0,14.52,1,1,1,2,3.0,6.0,1,2,2.0,1,1.0,1.0,-0.85,-1.09,8.0,2.0,12.0,12.0,1,2,2.0,1.0,1.0,1.0,2.0,1.0,3.0,2.0,-1.0,-1.04,2.0,-1.0,-1.0,-1.0,-1.0,-1.0,-1.0
11,2,1,1,1,3,1,80,19-35,1,1,1,1,9.0,15.0,1.0,1.0,1349.0,79110.0,3.0,-1.0,-1.0,293.2803651,1987,1.0,1.0,11.0,10.0,2.76,3.0,15.5,-1.0,-1.0,-1.0,2.0,-1.0,-1.0,2.0,-1.0,2.0,-1.0,-1.0,2.0,-1.0,2.0,-1.0,-1.0,-1.0,-1.0,-1.0,-1.0,2.0,1.0,2.0,1.0,2.0,2.0,-1.0,1.0,1.0,1.0,1.0,75000.0,-1.0,-1.0,<10k,2,-1.0,-1.0,2,-1.0,-1.0,2,-1.0,-1.0,2,-1.0,-1.0,2,-1.0,-1.0,2,-1.0,-1.0,2,-1.0,-1.0,1,118000.0,1.0,2,-1.0,-1.0,1,50000.0,1.0,0.0,5.42,1.0,13.5,1.0,13.88,1.0,16.6,YES,YES,2.0,25.74,2.0,17.23,1.0,14.47,1.0,14.31,6.0,30.8,2.0,20.73,10.0,28.12,0.0,10.48,2.0,17.35,2.0,16.2,2.0,16.33,1,1,1,2,3.0,6.0,1,2,2.0,1,1.0,1.0,-1.0,-0.97,8.0,2.0,12.0,12.0,1,2,2.0,1.0,1.0,1.0,2.0,1.0,3.0,2.0,-1.0,-1.17,2.0,-1.0,-1.0,-1.0,-1.0,-1.0,-1.0
11,2,1,1,1,6,2,60,51-65,2,2,1,1,9.0,2.0,7.0,2.0,-1.0,-1.0,-1.0,-1.0,-1.0,293.2803651,1966,1.0,1.0,9.0,8.0,5.21,5.0,32.65,-1.0,-1.0,-1.0,2.0,-1.0,-1.0,2.0,-1.0,2.0,-1.0,-1.0,2.0,-1.0,2.0,-1.0,-1.0,-1.0,-1.0,-1.0,-1.0,2.0,1.0,2.0,1.0,2.0,2.0,-1.0,1.0,1.0,1.0,1.0,40000.0,-1.0,-1.0,<10k,2,-1.0,-1.0,2,-1.0,-1.0,2,-1.0,-1.0,2,-1.0,-1.0,2,-1.0,-1.0,2,-1.0,-1.0,2,-1.0,-1.0,1,118000.0,1.0,2,-1.0,-1.0,1,50000.0,1.0,0.0,4.59,1.0,17.18,1.0,12.37,1.0,13.6,YES,YES,2.0,19.75,2.0,22.74,1.0,14.98,1.0,15.48,6.0,30.56,2.0,19.68,10.0,27.99,0.0,12.29,2.0,13.53,2.0,14.76,2.0,11.83,1,1,1,2,3.0,6.0,1,2,2.0,1,1.0,1.0,-1.12,-1.16,8.0,2.0,12.0,12.0,1,2,2.0,1.0,1.0,1.0,2.0,1.0,3.0,2.0,-1.0,-1.05,2.0,-1.0,-1.0,-1.0,-1.0,-1.0,-1.0
11,2,1,1,1,1,2,40,66+,1,1,1,4,9.0,8.0,4.0,2.0,-1.0,-1.0,-1.0,-1.0,-1.0,293.2803651,1941,-1.0,-1.0,-1.0,-1.0,-0.9,-1.0,-0.83,-1.0,-1.0,-1.0,2.0,-1.0,-1.0,2.0,-1.0,2.0,-1.0,-1.0,2.0,-1.0,2.0,-1.0,-1.0,-1.0,-1.0,-1.0,-1.0,2.0,1.0,2.0,1.0,2.0,2.0,-1.0,1.0,1.0,1.0,1.0,50000.0,-1.0,-1.0,<10k,2,-1.0,-1.0,2,-1.0,-1.0,2,-1.0,-1.0,2,-1.0,-1.0,2,-1.0,-1.0,2,-1.0,-1.0,2,-1.0,-1.0,1,118000.0,1.0,2,-1.0,-1.0,1,50000.0,1.0,0.0,6.21,1.0,15.63,1.0,13.5,1.0,13.49,YES,YES,2.0,19.91,2.0,18.82,1.0,16.58,1.0,16.01,6.0,26.86,2.0,16.62,10.0,27.74,0.0,10.4,2.0,15.55,2.0,16.08,2.0,12.56,1,1,1,2,3.0,6.0,1,2,2.0,1,1.0,1.0,-0.82,-0.95,8.0,2.0,12.0,12.0,1,2,2.0,1.0,1.0,1.0,2.0,1.0,3.0,2.0,-1.0,-0.99,2.0,-1.0,-1.0,-1.0,-1.0,-1.0,-1.0
11,2,1,1,1,3,1,70,36-50,1,1,1,2,9.0,10.0,1.0,1.0,7231.0,45201.0,5.0,-1.0,-1.0,293.2803651,1977,-1.0,-1.0,-1.0,-1.0,-0.98,-1.0,-1.15,-1.0,-1.0,-1.0,2.0,-1.0,-1.0,2.0,-1.0,2.0,-1.0,-1.0,2.0,-1.0,2.0,-1.0,-1.0,-1.0,-1.0,-1.0,-1.0,2.0,1.0,2.0,1.0,2.0,2.0,-1.0,1.0,1.0,1.0,1.0,35000.0,-1.0,-1.0,<10k,2,-1.0,-1.0,2,-1.0,-1.0,2,-1.0,-1.0,2,-1.0,-1.0,2,-1.0,-1.0,2,-1.0,-1.0,2,-1.0,-1.0,1,118000.0,1.0,2,-1.0,-1.0,1,50000.0,1.0,0.0,5.1,1.0,14.69,1.0,14.52,1.0,14.9,YES,YES,2.0,21.1,2.0,21.59,1.0,12.78,1.0,15.06,6.0,26.8,2.0,21.16,10.0,29.44,0.0,9.45,2.0,18.81,2.0,13.59,2.0,15.3,1,1,1,2,3.0,6.0,1,2,2.0,1,1.0,1.0,-0.92,-0.97,8.0,2.0,12.0,12.0,1,2,2.0,1.0,1.0,1.0,2.0,1.0,3.0,2.0,-1.0,-0.94,2.0,-1.0,-1.0,-1.0,-1.0,-1.0,-1.0
11,2,1,1,1,5,2,80,36-50,1,1,1,2,9.0,13.0,7.0,2.0,-1.0,-1.0,-1.0,-1.0,-1.0,293.2803651,1981,1.0,1.0,11.0,10.0,2.79,3.0,18.63,-1.0,-1.0,-1.0,2.0,-1.0,-1.0,2.0,-1.0,2.0,-1.0,-1.0,2.0,-1.0,2.0,-1.0,-1.0,-1.0,-1.0,-1.0,-1.0,2.0,1.0,2.0,1.0,2.0,2.0,-1.0,1.0,1.0,1.0,1.0,75000.0,-1.0,-1.0,<10k,2,-1.0,-1.0,2,-1.0,-1.0,2,-1.0,-1.0,2,-1.0,-1.0,2,-1.0,-1.0,2,-1.0,-1.0,2,-1.0,-1.0,1,118000.0,1.0,2,-1.0,-1.0,1,50000.0,1.0,0.0,5.99,1.0,15.16,1.0,14.85,1.0,15.12,YES,YES,2.0,19.66,2.0,23.1,1.0,13.04,1.0,14.86,6.0,33.11,2.0,20.45,10.0,32.15,0.0,9.87,2.0,13.06,2.0,15.94,2.0,14.63,1,1,1,2,3.0,6.0,1,2,2.0,1,1.0,1.0,-0.85,-1.08,8.0,2.0,12.0,12.0,1,2,2.0,1.0,1.0,1.0,2.0,1.0,3.0,2.0,-1.0,-0.85,2.0,-1.0,-1.0,-1.0,-1.0,-1.0,-1.0
11,2,1,1,1,5,2,10,0-18,1,1,1,1,2.0,2.0,-1.0,-1.0,-1.0,-1.0,-1.0,-1.0,-1.0,293.2803651,2011,1.0,1.0,9.0,8.0,4.87,5.0,27.63,-1.0,-1.0,-1.0,2.0,-1.0,-1.0,2.0,-1.0,2.0,-1.0,-1.0,2.0,-1.0,2.0,-1.0,-1.0,-1.0,-1.0,-1.0,-1.0,2.0,1.0,2.0,1.0,2.0,2.0,-1.0,1.0,1.0,1.0,1.0,40000.0,-1.0,-1.0,<10k,2,-1.0,-1.0,2,-1.0,-1.0,2,-1.0,-1.0,2,-1.0,-1.0,2,-1.0,-1.0,2,-1.0,-1.0,2,-1.0,-1.0,1,118000.0,1.0,2,-1.0,-1.0,1,50000.0,1.0,0.0,5.07,1.0,16.18,1.0,13.6,1.0,14.68,YES,YES,2.0,17.77,2.0,18.45,1.0,17.77,1.0,12.77,6.0,27.23,2.0,21.06,10.0,28.14,0.0,10.35,2.0,16.78,2.0,13.9,2.0,13.73,1,1,1,2,3.0,6.0,1,2,2.0,1,1.0,1.0,-0.93,-0.92,8.0,2.0,12.0,12.0,1,2,2.0,1.0,1.0,1.0,2.0,1.0,3.0,2.0,-1.0,-0.96,2.0,-1.0,-1.0,-1.0,-1.0,-1.0,-1.0
11,2,1,1,1,5,1,10,0-18,1,1,1,1,-1.0,-1.0,-1.0,-1.0,-1.0,-1.0,-1.0,-1.0,-1.0,293.2803651,2017,1.0,1.0,6.0,5.0,3.31,3.0,14.95,-1.0,-1.0,-1.0,2.0,-1.0,-1.0,1.0,1.0,2.0,-1.0,-1.0,2.0,-1.0,2.0,-1.0,-1.0,-1.0,-1.0,-1.0,-1.0,2.0,1.0,2.0,1.0,2.0,2.0,-1.0,1.0,1.0,1.0,-1.0,-1.0,-1.0,-1.0,<10k,2,-1.0,-1.0,2,-1.0,-1.0,2,-1.0,-1.0,2,-1.0,-1.0,2,-1.0,-1.0,2,-1.0,-1.0,2,-1.0,-1.0,1,118000.0,1.0,2,-1.0,-1.0,1,50000.0,1.0,0.0,5.36,1.0,14.61,1.0,14.33,1.0,15.61,YES,YES,2.0,21.45,2.0,23.0,1.0,15.08,1.0,16.17,6.0,31.67,2.0,20.2,10.0,32.41,0.0,10.41,2.0,14.31,2.0,16.93,2.0,13.36,1,1,1,2,3.0,6.0,1,2,2.0,1,1.0,1.0,-1.05,-0.91,8.0,2.0,12.0,12.0,1,2,2.0,1.0,1.0,1.0,2.0,1.0,3.0,2.0,-1.0,-0.96,2.0,-1.0,-1.0,-1.0,-1.0,-1.0,-1.0
11,2,1,1,1,1,1,50,51-65,1,1,1,2,9.0,11.0,1.0,1.0,5221.0,47113.0,5.0,-1.0,-1.0,293.2803651,1956,-1.0,-1.0,-1.0,-1.0,-0.97,-1.0,-1.03,-1.0,-1.0,-1.0,2.0,-1.0,-1.0,2.0,-1.0,2.0,-1.0,-1.0,2.0,-1.0,2.0,-1.0,-1.0,-1.0,-1.0,-1.0,-1.0,2.0,1.0,2.0,1.0,2.0,2.0,-1.0,1.0,1.0,1.0,1.0,50000.0,-1.0,-1.0,<10k,2,-1.0,-1.0,2,-1.0,-1.0,2,-1.0,-1.0,2,-1.0,-1.0,2,-1.0,-1.0,2,-1.0,-1.0,2,-1.0,-1.0,1,118000.0,1.0,2,-1.0,-1.0,1,50000.0,1.0,0.0,5.39,1.0,19.4,1.0,13.17,1.0,15.64,YES,YES,2.0,20.17,2.0,18.67,1.0,13.66,1.0,14.72,6.0,28.61,2.0,20.32,10.0,31.6,0.0,11.7,2.0,15.3,2.0,13.39,2.0,14.03,1,1,1,2,3.0,6.0,1,2,2.0,1,1.0,1.0,-1.2,-1.07,8.0,2.0,12.0,12.0,1,2,2.0,1.0,1.0,1.0,2.0,1.0,3.0,2.0,-1.0,-1.02,2.0,-1.0,-1.0,-1.0,-1.0,-1.0,-1.0
11,2,1,1,1,2,2,60,51-65,1,1,1,2,9.0,15.0,7.0,2.0,-1.0,-1.0,-1.0,-1.0,-1.0,293.2803651,1960,-1.0,-1.0,-1.0,-1.0,-1.04,-1.0,-1.12,-1.0,-1.0,-1.0,2.0,-1.0,-1.0,2.0,-1.0,2.0,-1.0,-1.0,2.0,-1.0,2.0,-1.0,-1.0,-1.0,-1.0,-1.0,-1.0,2.0,1.0,2.0,1.0,2.0,2.0,-1.0,1.0,1.0,1.0,1.0,35000.0,-1.0,-1.0,<10k,2,-1.0,-1.0,2,-1.0,-1.0,2,-1.0,-1.0,2,-1.0,-1.0,2,-1.0,-1.0,2,-1.0,-1.0,2,-1.0,-1.0,1,118000.0,1.0,2,-1.0,-1.0,1,50000.0,1.0,0.0,5.0,1.0,13.21,1.0,14.35,1.0,14.57,YES,YES,2.0,21.03,2.0,20.16,1.0,17.66,1.0,11.85,6.0,28.92,2.0,20.87,10.0,30.91,0.0,9.32,2.0,15.37,2.0,16.52,2.0,14.46,1,1,1,2,3.0,6.0,1,2,2.0,1,1.0,1.0,-1.14,-0.87,8.0,2.0,12.0,12.0,1,2,2.0,1.0,1.0,1.0,2.0,1.0,3.0,2.0,-1.0,-0.79,2.0,-1.0,-1.0,-1.0,-1.0,-1.0,-1.0
11,2,1,1,1,3,1,90,19-35,1,1,1,2,9.0,15.0,1.0,1.0,2151.0,55101.0,3.0,-1.0,-1.0,293.2803651,1990,1.0,1.0,11.0,10.0,2.13,3.0,14.41,-1.0,-1.0,-1.0,2.0,-1.0,-1.0,2.0,-1.0,2.0,-1.0,-1.0,2.0,-1.0,2.0,-1.0,-1.0,-1.0,-1.0,-1.0,-1.0,2.0,1.0,2.0,1.0,2.0,2.0,-1.0,1.0,1.0,1.0,1.0,75000.0,-1.0,-1.0,<10k,2,-1.0,-1.0,2,-1.0,-1.0,2,-1.0,-1.0,2,-1.0,-1.0,2,-1.0,-1.0,2,-1.0,-1.0,2,-1.0,-1.0,1,118000.0,1.0,2,-1.0,-1.0,1,50000.0,1.0,0.0,5.13,1.0,16.29,1.0,13.39,1.0,16.25,YES,YES,2.0,15.1,2.0,19.46,1.0,13.39,1.0,17.12,6.0,37.76,2.0,18.11,10.0,31.52,0.0,10.28,2.0,16.45,2.0,16.27,2.0,12.94,1,1,1,2,3.0,6.0,1,2,2.0,1,1.0,1.0,-1.02,-0.99,8.0,2.0,12.0,12.0,1,2,2.0,1.0,1.0,1.0,2.0,1.0,3.0,2.0,-1.0,-0.9,2.0,-1.0,-1.0,-1.0,-1.0,-1.0,-1.0
11,2,1,1,1,3,1,90,19-35,1,1,1,1,9.0,13.0,1.0,1.0,7231.0,45202.0,3.0,-1.0,-1.0,293.2803651,1993,1.0,1.0,9.0,8.0,4.76,5.0,28.76,-1.0,-1.0,-1.0,2.0,-1.0,-1.0,2.0,-1.0,2.0,-1.0,-1.0,2.0,-1.0,2.0,-1.0,-1.0,-1.0,-1.0,-1.0,-1.0,2.0,1.0,2.0,1.0,2.0,2.0,-1.0,1.0,1.0,1.0,1.0,40000.0,-1.0,-1.0,<10k,2,-1.0,-1.0,2,-1.0,-1.0,2,-1.0,-1.0,2,-1.0,-1.0,2,-1.0,-1.0,2,-1.0,-1.0,2,-1.0,-1.0,1,118000.0,1.0,2,-1.0,-1.0,1,50000.0,1.0,0.0,4.64,1.0,15.33,1.0,15.27,1.0,13.05,YES,YES,2.0,21.64,2.0,20.47,1.0,16.1,1.0,15.65,6.0,29.76,2.0,20.58,10.0,29.85,0.0,12.14,2.0,14.45,2.0,13.5,2.0,13.62,1,1,1,2,3.0,6.0,1,2,2.0,1,1.0,1.0,-1.25,-0.99,8.0,2.0,12.0,12.0,1,2,2.0,1.0,1.0,1.0,2.0,1.0,3.0,2.0,-1.0,-1.06,2.0,-1.0,-1.0,-1.0,-1.0,-1.0,-1.0
11,2,1,1,1,1,1,70,36-50,1,1,1,2,9.0,10.0,1.0,1.0,7116.0,41003.0,3.0,-1.0,-1.0,293.2803651,1975,-1.0,-1.0,-1.0,-1.0,-1.0,-1.0,-1.21,-1.0,-1.0,-1.0,2.0,-1.0,-1.0,2.0,-1.0,2.0,-1.0,-1.0,2.0,-1.0,2.0,-1.0,-1.0,-1.0,-1.0,-1.0,-1.0,2.0,1.0,2.0,1.0,2.0,2.0,-1.0,1.0,1.0,1.0,1.0,50000.0,-1.0,-1.0,<10k,2,-1.0,-1.0,2,-1.0,-1.0,2,-1.0,-1.0,2,-1.0,-1.0,2,-1.0,-1.0,2,-1.0,-1.0,2,-1.0,-1.0,1,118000.0,1.0,2,-1.0,-1.0,1,50000.0,1.0,0.0,4.76,1.0,14.54,1.0,13.7,1.0,13.17,YES,YES,2.0,19.44,2.0,19.95,1.0,16.69,1.0,14.73,6.0,24.72,2.0,18.31,10.0,33.57,0.0,10.4,2.0,13.68,2.0,16.07,2.0,14.12,1,1,1,2,3.0,6.0,1,2,2.0,1,1.0,1.0,-0.99,-1.04,8.0,2.0,12.0,12.0,1,2,2.0,1.0,1.0,1.0,2.0,1.0,3.0,2.0,-1.0,-0.9,2.0,-1.0,-1.0,-1.0,-1.0,-1.0,-1.0
11,2,1,1,1,2,2,70,36-50,1,1,1,2,9.0,10.0,1.0,1.0,7531.0,14105.0,3.0,-1.0,-1.0,293.2803651,1977,-1.0,-1.0,-1.0,-1.0,-0.9,-1.0,-1.1,-1.0,-1.0,-1.0,2.0,-1.0,-1.0,2.0,-1.0,2.0,-1.0,-1.0,2.0,-1.0,2.0,-1.0,-1.0,-1.0,-1.0,-1.0,-1.0,2.0,1.0,2.0,1.0,2.0,2.0,-1.0,1.0,1.0,1.0,1.0,35000.0,-1.0,-1.0,<10k,2,-1.0,-1.0,2,-1.0,-1.0,2,-1.0,-1.0,2,-1.0,-1.0,2,-1.0,-1.0,2,-1.0,-1.0,2,-1.0,-1.0,1,118000.0,1.0,2,-1.0,-1.0,1,50000.0,1.0,0.0,4.5,1.0,15.59,1.0,15.77,1.0,13.39,YES,YES,2.0,18.54,2.0,22.82,1.0,15.43,1.0,16.79,6.0,33.68,2.0,19.53,10.0,27.68,0.0,9.26,2.0,13.79,2.0,14.9,2.0,14.89,1,1,1,2,3.0,6.0,1,2,2.0,1,1.0,1.0,-0.84,-1.18,8.0,2.0,12.0,12.0,1,2,2.0,1.0,1.0,1.0,2.0,1.0,3.0,2.0,-1.0,-1.05,2.0,-1.0,-1.0,-1.0,-1.0,-1.0,-1.0
11,2,1,1,1,3,2,90,19-35,1,1,1,1,9.0,12.0,8.0,2.0,-1.0,-1.0,-1.0,-1.0,-1.0,293.2803651,1998,1.0,1.0,11.0,10.0,3.19,3.0,16.16,-1.0,-1.0,-1.0,2.0,-1.0,-1.0,2.0,-1.0,2.0,-1.0,-1.0,2.0,-1.0,2.0,-1.0,-1.0,-1.0,-1.0,-1.0,-1.0,2.0,1.0,2.0,1.0,2.0,2.0,-1.0,1.0,1.0,1.0,1.0,75000.0,-1.0,-1.0,<10k,2,-1.0,-1.0,2,-1.0,-1.0,2,-1.0,-1.0,2,-1.0,-1.0,2,-1.0,-1.0,2,-1.0,-1.0,2,-1.0,-1.0,1,118000.0,1.0,2,-1.0,-1.0,1,50000.0,1.0,0.0,5.62,1.0,14.86,1.0,15.17,1.0,11.68,YES,YES,2.0,19.64,2.0,16.68,1.0,14.37,1.0,15.93,6.0,30.03,2.0,16.16,10.0,31.81,0.0,9.44,2.0,13.91,2.0,15.29,2.0,16.3,1,1,1,2,3.0,6.0,1,2,2.0,1,1.0,1.0,-1.07,-1.17,8.0,2.0,12.0,12.0,1,2,2.0,1.0,1.0,1.0,2.0,1.0,3.0,2.0,-1.0,-1.08,2.0,-1.0,-1.0,-1.0,-1.0,-1.0,-1.0
11,2,1,1,1,3,2,0,0-18,1,1,1,1,2.0,6.0,-1.0,-1.0,-1.0,-1.0,-1.0,-1.0,-1.0,293.2803651,2007,1.0,1.0,9.0,8.0,5.27,5.0,30.33,-1.0,-1.0,-1.0,2.0,-1.0,-1.0,2.0,-1.0,2.0,-1.0,-1.0,2.0,-1.0,2.0,-1.0,-1.0,-1.0,-1.0,-1.0,-1.0,2.0,1.0,2.0,1.0,2.0,2.0,-1.0,1.0,1.0,1.0,1.0,40000.0,-1.0,-1.0,<10k,2,-1.0,-1.0,2,-1.0,-1.0,2,-1.0,-1.0,2,-1.0,-1.0,2,-1.0,-1.0,2,-1.0,-1.0,2,-1.0,-1.0,1,118000.0,1.0,2,-1.0,-1.0,1,50000.0,1.0,0.0,5.8,1.0,16.29,1.0,13.75,1.0,14.96,YES,YES,2.0,18.66,2.0,21.75,1.0,15.28,1.0,15.24,6.0,32.05,2.0,22.81,10.0,35.08,0.0,7.89,2.0,12.79,2.0,14.31,2.0,14.66,1,1,1,2,3.0,6.0,1,2,2.0,1,1.0,1.0,-0.98,-0.97,8.0,2.0,12.0,12.0,1,2,2.0,1.0,1.0,1.0,2.0,1.0,3.0,2.0,-1.0,-1.06,2.0,-1.0,-1.0,-1.0,-1.0,-1.0,-1.0
11,2,1,1,1,1,1,50,51-65,1,1,1,2,9.0,8.0,1.0,1.0,7116.0,41003.0,3.0,-1.0,-1.0,293.2803651,1958,-1.0,-1.0,-1.0,-1.0,-0.93,-1.0,-0.95,-1.0,-1.0,-1.0,2.0,-1.0,-1.0,2.0,-1.0,2.0,-1.0,-1.0,2.0,-1.0,2.0,-1.0,-1.0,-1.0,-1.0,-1.0,-1.0,2.0,1.0,2.0,1.0,2.0,2.0,-1.0,1.0,1.0,1.0,1.0,50000.0,-1.0,-1.0,<10k,2,-1.0,-1.0,2,-1.0,-1.0,2,-1.0,-1.0,2,-1.0,-1.0,2,-1.0,-1.0,2,-1.0,-1.0,2,-1.0,-1.0,1,118000.0,1.0,2,-1.0,-1.0,1,50000.0,1.0,0.0,4.95,1.0,14.28,1.0,14.58,1.0,14.66,YES,YES,2.0,23.06,2.0,21.57,1.0,14.52,1.0,13.68,6.0,30.02,2.0,20.66,10.0,29.83,0.0,9.13,2.0,14.7,2.0,13.0,2.0,15.4,1,1,1,2,3.0,6.0,1,2,2.0,1,1.0,1.0,-0.99,-1.0,8.0,2.0,12.0,12.0,1,2,2.0,1.0,1.0,1.0,2.0,1.0,3.0,2.0,-1.0,-1.11,2.0,-1.0,-1.0,-1.0,-1.0,-1.0,-1.0
11,2,1,1,1,2,2,50,51-65,1,1,1,2,9.0,13.0,7.0,2.0,-1.0,-1.0,-1.0,-1.0,-1.0,293.2803651,1959,-1.0,-1.0,-1.0,-1.0,-1.06,-1.0,-0.94,-1.0,-1.0,-1.0,2.0,-1.0,-1.0,2.0,-1.0,2.0,-1.0,-1.0,2.0,-1.0,2.0,-1.0,-1.0,-1.0,-1.0,-1.0,-1.0,2.0,1.0,2.0,1.0,2.0,2.0,-1.0,1.0,1.0,1.0,1.0,35000.0,-1.0,-1.0,<10k,2,-1.0,-1.0,2,-1.0,-1.0,2,-1.0,-1.0,2,-1.0,-1.0,2,-1.0,-1.0,2,-1.0,-1.0,2,-1.0,-1.0,1,118000.0,1.0,2,-1.0,-1.0,1,50000.0,1.0,0.0,4.51,1.0,13.17,1.0,14.15,1.0,17.77,YES,YES,2.0,22.11,2.0,18.63,1.0,13.25,1.0,15.15,6.0,30.48,2.0,19.27,10.0,31.43,0.0,11.38,2.0,15.61,2.0,13.59,2.0,14.28,1,1,1,2,3.0,6.0,1,2,2.0,1,1.0,1.0,-0.98,-1.03,8.0,2.0,12.0,12.0,1,2,2.0,1.0,1.0,1.0,2.0,1.0,3.0,2.0,-1.0,-0.95,2.0,-1.0,-1.0,-1.0,-1.0,-1.0,-1.0
11,2,1,1,1,3,2,90,19-35,1,1,1,2,9.0,11.0,7.0,2.0,-1.0,-1.0,-1.0,-1.0,-1.0,293.2803651,1993,1.0,1.0,11.0,10.0,2.74,3.0,13.19,-1.0,-1.0,-1.0,2.0,-1.0,-1.0,2.0,-1.0,2.0,-1.0,-1.0,2.0,-1.0,2.0,-1.0,-1.0,-1.0,-1.0,-1.0,-1.0,2.0,1.0,2.0,1.0,2.0,2.0,-1.0,1.0,1.0,1.0,1.0,75000.0,-1.0,-1.0,<10k,2,-1.0,-1.0,2,-1.0,-1.0,2,-1.0,-1.0,2,-1.0,-1.0,2,-1.0,-1.0,2,-1.0,-1.0,2,-1.0,-1.0,1,118000.0,1.0,2,-1.0,-1.0,1,50000.0,1.0,0.0,5.4,1.0,13.44,1.0,17.21,1.0,17.66,YES,YES,2.0,15.97,2.0,19.49,1.0,13.78,1.0,16.01,6.0,29.86,2.0,20.27,10.0,36.63,0.0,11.69,2.0,15.7,2.0,12.32,2.0,15.39,1,1,1,2,3.0,6.0,1,2,2.0,1,1.0,1.0,-0.96,-1.1,8.0,2.0,12.0,12.0,1,2,2.0,1.0,1.0,1.0,2.0,1.0,3.0,2.0,-1.0,-0.91,2.0,-1.0,-1.0,-1.0,-1.0,-1.0,-1.0
11,2,1,1,1,5,1,90,19-35,1,1,1,2,9.0,13.0,1.0,1.0,8156.0,15201.0,3.0,-1.0,-1.0,293.2803651,1993,1.0,1.0,9.0,8.0,5.51,5.0,30.45,-1.0,-1.0,-1.0,2.0,-1.0,-1.0,2.0,-1.0,2.0,-1.0,-1.0,2.0,-1.0,2.0,-1.0,-1.0,-1.0,-1.0,-1.0,-1.0,2.0,1.0,2.0,1.0,2.0,2.0,-1.0,1.0,1.0,1.0,1.0,40000.0,-1.0,-1.0,<10k,2,-1.0,-1.0,2,-1.0,-1.0,2,-1.0,-1.0,2,-1.0,-1.0,2,-1.0,-1.0,2,-1.0,-1.0,2,-1.0,-1.0,1,118000.0,1.0,2,-1.0,-1.0,1,50000.0,1.0,0.0,5.03,1.0,14.29,1.0,12.12,1.0,14.16,YES,YES,2.0,20.34,2.0,20.31,1.0,15.94,1.0,17.32,6.0,34.98,2.0,19.17,10.0,30.89,0.0,10.28,2.0,14.2,2.0,14.03,2.0,16.44,1,1,1,2,3.0,6.0,1,2,2.0,1,1.0,1.0,-1.06,-1.13,8.0,2.0,12.0,12.0,1,2,2.0,1.0,1.0,1.0,2.0,1.0,3.0,2.0,-1.0,-0.84,2.0,-1.0,-1.0,-1.0,-1.0,-1.0,-1.0
11,2,1,1,1,5,1,10,-1,1,1,1,1,-1.0,-1.0,-1.0,-1.0,-1.0,-1.0,-1.0,-1.0,-1.0,293.2803651,2018,1.0,1.0,6.0,5.0,3.6,3.0,11.17,-1.0,-1.0,-1.0,2.0,-1.0,-1.0,1.0,1.0,2.0,-1.0,-1.0,2.0,-1.0,2.0,-1.0,-1.0,-1.0,-1.0,-1.0,-1.0,2.0,1.0,2.0,1.0,2.0,2.0,-1.0,1.0,1.0,1.0,-1.0,-1.0,-1.0,-1.0,<10k,2,-1.0,-1.0,2,-1.0,-1.0,2,-1.0,-1.0,2,-1.0,-1.0,2,-1.0,-1.0,2,-1.0,-1.0,2,-1.0,-1.0,1,118000.0,1.0,2,-1.0,-1.0,1,50000.0,1.0,0.0,5.6,1.0,14.76,1.0,16.4,1.0,15.37,YES,YES,2.0,18.2,2.0,16.08,1.0,14.96,1.0,17.09,6.0,29.53,2.0,18.53,10.0,29.64,0.0,8.59,2.0,14.71,2.0,12.74,2.0,14.95,1,1,1,2,3.0,6.0,1,2,2.0,1,1.0,1.0,-1.03,-1.05,8.0,2.0,12.0,12.0,1,2,2.0,1.0,1.0,1.0,2.0,1.0,3.0,2.0,-1.0,-0.89,2.0,-1.0,-1.0,-1.0,-1.0,-1.0,-1.0
11,2,1,1,1,1,1,70,36-50,1,1,1,2,9.0,11.0,1.0,1.0,8332.0,41003.0,3.0,-1.0,-1.0,293.2803651,1975,-1.0,-1.0,-1.0,-1.0,-0.92,-1.0,-1.03,-1.0,-1.0,-1.0,2.0,-1.0,-1.0,2.0,-1.0,2.0,-1.0,-1.0,2.0,-1.0,2.0,-1.0,-1.0,-1.0,-1.0,-1.0,-1.0,2.0,1.0,2.0,1.0,2.0,2.0,-1.0,1.0,1.0,1.0,1.0,50000.0,-1.0,-1.0,<10k,2,-1.0,-1.0,2,-1.0,-1.0,2,-1.0,-1.0,2,-1.0,-1.0,2,-1.0,-1.0,2,-1.0,-1.0,2,-1.0,-1.0,1,118000.0,1.0,2,-1.0,-1.0,1,50000.0,1.0,0.0,4.64,1.0,17.39,1.0,17.84,1.0,14.07,YES,YES,2.0,18.96,2.0,20.0,1.0,16.88,1.0,14.74,6.0,30.38,2.0,17.31,10.0,30.43,0.0,9.54,2.0,14.53,2.0,12.92,2.0,14.77,1,1,1,2,3.0,6.0,1,2,2.0,1,1.0,1.0,-1.1,-0.88,8.0,2.0,12.0,12.0,1,2,2.0,1.0,1.0,1.0,2.0,1.0,3.0,2.0,-1.0,-0.99,2.0,-1.0,-1.0,-1.0,-1.0,-1.0,-1.0
11,2,1,1,1,2,2,70,36-50,1,1,1,2,9.0,11.0,7.0,2.0,-1.0,-1.0,-1.0,-1.0,-1.0,293.2803651,1974,-1.0,-1.0,-1.0,-1.0,-0.94,-1.0,-1.22,-1.0,-1.0,-1.0,2.0,-1.0,-1.0,2.0,-1.0,2.0,-1.0,-1.0,2.0,-1.0,2.0,-1.0,-1.0,-1.0,-1.0,-1.0,-1.0,2.0,1.0,2.0,1.0,2.0,2.0,-1.0,1.0,1.0,1.0,1.0,35000.0,-1.0,-1.0,<10k,2,-1.0,-1.0,2,-1.0,-1.0,2,-1.0,-1.0,2,-1.0,-1.0,2,-1.0,-1.0,2,-1.0,-1.0,2,-1.0,-1.0,1,118000.0,1.0,2,-1.0,-1.0,1,50000.0,1.0,0.0,4.97,1.0,13.54,1.0,14.95,1.0,17.64,YES,YES,2.0,19.43,2.0,17.25,1.0,16.61,1.0,17.42,6.0,32.53,2.0,20.4,10.0,29.42,0.0,10.42,2.0,11.81,2.0,14.25,2.0,14.57,1,1,1,2,3.0,6.0,1,2,2.0,1,1.0,1.0,-1.08,-0.93,8.0,2.0,12.0,12.0,1,2,2.0,1.0,1.0,1.0,2.0,1.0,3.0,2.0,-1.0,-1.12,2.0,-1.0,-1.0,-1.0,-1.0,-1.0,-1.0
11,2,1,1,1,3,2,0,0-18,1,1,1,1,2.0,8.0,-1.0,-1.0,-1.0,-1.0,-1.0,-1.0,-1.0,293.2803651,2005,1.0,1.0,11.0,10.0,3.09,3.0,14.47,-1.0,-1.0,-1.0,2.0,-1.0,-1.0,2.0,-1.0,2.0,-1.0,-1.0,2.0,-1.0,2.0,-1.0,-1.0,-1.0,-1.0,-1.0,-1.0,2.0,1.0,2.0,1.0,2.0,2.0,-1.0,1.0,1.0,1.0,1.0,75000.0,-1.0,-1.0,<10k,2,-1.0,-1.0,2,-1.0,-1.0,2,-1.0,-1.0,2,-1.0,-1.0,2,-1.0,-1.0,2,-1.0,-1.0,2,-1.0,-1.0,1,118000.0,1.0,2,-1.0,-1.0,1,50000.0,1.0,0.0,5.13,1.0,14.82,1.0,12.26,1.0,15.92,YES,YES,2.0,17.48,2.0,21.24,1.0,14.72,1.0,14.57,6.0,28.65,2.0,24.26,10.0,27.03,0.0,8.49,2.0,13.33,2.0,14.86,2.0,13.41,1,1,1,2,3.0,6.0,1,2,2.0,1,1.0,1.0,-0.95,-0.89,8.0,2.0,12.0,12.0,1,2,2.0,1.0,1.0,1.0,2.0,1.0,3.0,2.0,-1.0,-0.97,2.0,-1.0,-1.0,-1.0,-1.0,-1.0,-1.0
11,2,1,1,1,3,1,0,0-18,1,1,1,1,2.0,6.0,-1.0,-1.0,-1.0,-1.0,-1.0,-1.0,-1.0,293.2803651,2007,1.0,1.0,9.0,8.0,4.86,5.0,29.87,-1.0,-1.0,-1.0,2.0,-1.0,-1.0,2.0,-1.0,2.0,-1.0,-1.0,2.0,-1.0,2.0,-1.0,-1.0,-1.0,-1.0,-1.0,-1.0,2.0,1.0,2.0,1.0,2.0,2.0,-1.0,1.0,1.0,1.0,1.0,40000.0,-1.0,-1.0,<10k,2,-1.0,-1.0,2,-1.0,-1.0,2,-1.0,-1.0,2,-1.0,-1.0,2,-1.0,-1.0,2,-1.0,-1.0,2,-1.0,-1.0,1,118000.0,1.0,2,-1.0,-1.0,1,50000.0,1.0,0.0,5.1,1.0,13.28,1.0,14.19,1.0,15.99,YES,YES,2.0,18.68,2.0,23.25,1.0,14.6,1.0,16.53,6.0,32.7,2.0,17.65,10.0,31.79,0.0,8.84,2.0,14.94,2.0,16.81,2.0,14.67,1,1,1,2,3.0,6.0,1,2,2.0,1,1.0,1.0,-1.11,-1.13,8.0,2.0,12.0,12.0,1,2,2.0,1.0,1.0,1.0,2.0,1.0,3.0,2.0,-1.0,-1.11,2.0,-1.0,-1.0,-1.0,-1.0,-1.0,-1.0
11,2,1,1,1,1,2,60,51-65,1,1,1,2,9.0,11.0,1.0,1.0,7531.0,14101.0,3.0,-1.0,-1.0,293.2803651,1963,-1.0,-1.0,-1.0,-1.0,-1.17,-1.0,-1.01,-1.0,-1.0,-1.0,2.0,-1.0,-1.0,2.0,-1.0,2.0,-1.0,-1.0,2.0,-1.0,2.0,-1.0,-1.0,-1.0,-1.0,-1.0,-1.0,2.0,1.0,2.0,1.0,2.0,2.0,-1.0,1.0,1.0,1.0,1.0,50000.0,-1.0,-1.0,<10k,2,-1.0,-1.0,2,-1.0,-1.0,2,-1.0,-1.0,2,-1.0,-1.0,2,-1.0,-1.0,2,-1.0,-1.0,2,-1.0,-1.0,1,118000.0,1.0,2,-1.0,-1.0,1,50000.0,1.0,0.0,4.82,1.0,12.57,1.0,15.78,1.0,14.89,YES,YES,2.0,19.04,2.0,20.69,1.0,14.5,1.0,14.13,6.0,31.71,2.0,19.91,10.0,26.32,0.0,9.44,2.0,15.48,2.0,16.31,2.0,14.88,1,1,1,2,3.0,6.0,1,2,2.0,1,1.0,1.0,-0.99,-1.0,8.0,2.0,12.0,12.0,1,2,2.0,1.0,1.0,1.0,2.0,1.0,3.0,2.0,-1.0,-1.05,2.0,-1.0,-1.0,-1.0,-1.0,-1.0,-1.0
11,2,1,1,1,2,1,60,51-65,1,1,1,2,9.0,11.0,1.0,1.0,8322.0,49223.0,3.0,-1.0,-1.0,293.2803651,1961,-1.0,-1.0,-1.0,-1.0,-0.95,-1.0,-0.89,-1.0,-1.0,-1.0,2.0,-1.0,-1.0,2.0,-1.0,2.0,-1.0,-1.0,2.0,-1.0,2.0,-1.0,-1.0,-1.0,-1.0,-1.0,-1.0,2.0,1.0,2.0,1.0,2.0,2.0,-1.0,1.0,1.0,1.0,1.0,35000.0,-1.0,-1.0,<10k,2,-1.0,-1.0,2,-1.0,-1.0,2,-1.0,-1.0,2,-1.0,-1.0,2,-1.0,-1.0,2,-1.0,-1.0,2,-1.0,-1.0,1,118000.0,1.0,2,-1.0,-1.0,1,50000.0,1.0,0.0,4.91,1.0,14.06,1.0,16.41,1.0,14.23,YES,YES,2.0,20.37,2.0,22.22,1.0,15.55,1.0,14.05,6.0,34.13,2.0,21.51,10.0,27.76,0.0,9.53,2.0,13.72,2.0,15.75,2.0,15.52,1,1,1,2,3.0,6.0,1,2,2.0,1,1.0,1.0,-1.12,-0.91,8.0,2.0,12.0,12.0,1,2,2.0,1.0,1.0,1.0,2.0,1.0,3.0,2.0,-1.0,-0.98,2.0,-1.0,-1.0,-1.0,-1.0,-1.0,-1.0
11,2,1,1,1,3,1,90,19-35,1,1,1,2,9.0,13.0,1.0,1.0,3122.0,27409.0,3.0,-1.0,-1.0,293.2803651,1990,1.0,1.0,11.0,10.0,2.97,3.0,15.46,-1.0,-1.0,-1.0,2.0,-1.0,-1.0,2.0,-1.0,2.0,-1.0,-1.0,2.0,-1.0,2.0,-1.0,-1.0,-1.0,-1.0,-1.0,-1.0,2.0,1.0,2.0,1.0,2.0,2.0,-1.0,1.0,1.0,1.0,1.0,75000.0,-1.0,-1.0,<10k,2,-1.0,-1.0,2,-1.0,-1.0,2,-1.0,-1.0,2,-1.0,-1.0,2,-1.0,-1.0,2,-1.0,-1.0,2,-1.0,-1.0,1,118000.0,1.0,2,-1.0,-1.0,1,50000.0,1.0,0.0,5.61,1.0,14.76,1.0,16.32,1.0,13.1,YES,YES,2.0,22.54,2.0,19.71,1.0,12.79,1.0,13.45,6.0,32.1,2.0,22.37,10.0,27.7,0.0,9.04,2.0,13.43,2.0,17.34,2.0,12.66,1,1,1,2,3.0,6.0,1,2,2.0,1,1.0,1.0,-0.85,-0.83,8.0,2.0,12.0,12.0,1,2,2.0,1.0,1.0,1.0,2.0,1.0,3.0,2.0,-1.0,-1.04,2.0,-1.0,-1.0,-1.0,-1.0,-1.0,-1.0
11,2,1,1,1,5,2,90,19-35,1,1,1,2,9.0,13.0,7.0,2.0,-1.0,-1.0,-1.0,-1.0,-1.0,293.2803651,1990,1.0,1.0,9.0,8.0,5.57,5.0,24.53,-1.0,-1.0,-1.0,2.0,-1.0,-1.0,2.0,-1.0,2.0,-1.0,-1.0,2.0,-1.0,2.0,-1.0,-1.0,-1.0,-1.0,-1.0,-1.0,2.0,1.0,2.0,1.0,2.0,2.0,-1.0,1.0,1.0,1.0,1.0,40000.0,-1.0,-1.0,<10k,2,-1.0,-1.0,2,-1.0,-1.0,2,-1.0,-1.0,2,-1.0,-1.0,2,-1.0,-1.0,2,-1.0,-1.0,2,-1.0,-1.0,1,118000.0,1.0,2,-1.0,-1.0,1,50000.0,1.0,0.0,5.26,1.0,15.78,1.0,14.88,1.0,14.54,YES,YES,2.0,21.09,2.0,18.32,1.0,15.93,1.0,13.63,6.0,30.68,2.0,19.19,10.0,31.72,0.0,7.88,2.0,13.93,2.0,15.21,2.0,17.47,1,1,1,2,3.0,6.0,1,2,2.0,1,1.0,1.0,-1.19,-0.97,8.0,2.0,12.0,12.0,1,2,2.0,1.0,1.0,1.0,2.0,1.0,3.0,2.0,-1.0,-0.88,2.0,-1.0,-1.0,-1.0,-1.0,-1.0,-1.0
11,2,1,1,1,5,1,10,-1,1,1,1,1,-1.0,-1.0,-1.0,-1.0,-1.0,-1.0,-1.0,-1.0,-1.0,293.2803651,2018,1.0,1.0,6.0,5.0,2.89,3.0,14.17,-1.0,-1.0,-1.0,2.0,-1.0,-1.0,1.0,1.0,2.0,-1.0,-1.0,2.0,-1.0,2.0,-1.0,-1.0,-1.0,-1.0,-1.0,-1.0,2.0,1.0,2.0,1.0,2.0,2.0,-1.0,1.0,1.0,1.0,-1.0,-1.0,-1.0,-1.0,<10k,2,-1.0,-1.0,2,-1.0,-1.0,2,-1.0,-1.0,2,-1.0,-1.0,2,-1.0,-1.0,2,-1.0,-1.0,2,-1.0,-1.0,1,118000.0,1.0,2,-1.0,-1.0,1,50000.0,1.0,0.0,5.67,1.0,14.71,1.0,15.17,1.0,15.21,YES,YES,2.0,19.55,2.0,20.16,1.0,15.75,1.0,15.19,6.0,27.76,2.0,21.29,10.0,28.4,0.0,11.33,2.0,16.15,2.0,16.49,2.0,12.64,1,1,1,2,3.0,6.0,1,2,2.0,1,1.0,1.0,-0.93,-1.03,8.0,2.0,12.0,12.0,1,2,2.0,1.0,1.0,1.0,2.0,1.0,3.0,2.0,-1.0,-0.99,2.0,-1.0,-1.0,-1.0,-1.0,-1.0,-1.0
11,2,1,1,1,1,1,80,36-50,1,1,1,2,9.0,13.0,1.0,1.0,4321.0,85229.0,3.0,-1.0,-1.0,293.2803651,1982,-1.0,-1.0,-1.0,-1.0,-1.08,-1.0,-1.0,-1.0,-1.0,-1.0,2.0,-1.0,-1.0,2.0,-1.0,2.0,-1.0,-1.0,2.0,-1.0,2.0,-1.0,-1.0,-1.0,-1.0,-1.0,-1.0,2.0,1.0,2.0,1.0,2.0,2.0,-1.0,1.0,1.0,1.0,1.0,50000.0,-1.0,-1.0,<10k,2,-1.0,-1.0,2,-1.0,-1.0,2,-1.0,-1.0,2,-1.0,-1.0,2,-1.0,-1.0,2,-1.0,-1.0,2,-1.0,-1.0,1,118000.0,1.0,2,-1.0,-1.0,1,50000.0,1.0,0.0,4.92,1.0,15.69,1.0,14.79,1.0,15.41,YES,YES,2.0,23.61,2.0,20.19,1.0,16.55,1.0,15.05,6.0,29.35,2.0,20.61,10.0,28.66,0.0,10.16,2.0,14.99,2.0,15.75,2.0,14.84,1,1,1,2,3.0,6.0,1,2,2.0,1,1.0,1.0,-0.89,-0.92,8.0,2.0,12.0,12.0,1,2,2.0,1.0,1.0,1.0,2.0,1.0,3.0,2.0,-1.0,-0.87,2.0,-1.0,-1.0,-1.0,-1.0,-1.0,-1.0
11,2,1,1,1,2,2,90,19-35,1,1,1,2,9.0,13.0,7.0,2.0,-1.0,-1.0,-1.0,-1.0,-1.0,293.2803651,1990,-1.0,-1.0,-1.0,-1.0,-0.95,-1.0,-0.85,-1.0,-1.0,-1.0,2.0,-1.0,-1.0,2.0,-1.0,2.0,-1.0,-1.0,2.0,-1.0,2.0,-1.0,-1.0,-1.0,-1.0,-1.0,-1.0,2.0,1.0,2.0,1.0,2.0,2.0,-1.0,1.0,1.0,1.0,1.0,35000.0,-1.0,-1.0,<10k,2,-1.0,-1.0,2,-1.0,-1.0,2,-1.0,-1.0,2,-1.0,-1.0,2,-1.0,-1.0,2,-1.0,-1.0,2,-1.0,-1.0,1,118000.0,1.0,2,-1.0,-1.0,1,50000.0,1.0,0.0,4.51,1.0,15.17,1.0,17.3,1.0,16.06,YES,YES,2.0,20.67,2.0,23.66,1.0,12.61,1.0,13.48,6.0,31.53,2.0,18.82,10.0,24.92,0.0,8.26,2.0,16.43,2.0,15.76,2.0,13.77,1,1,1,2,3.0,6.0,1,2,2.0,1,1.0,1.0,-0.99,-1.07,8.0,2.0,12.0,12.0,1,2,2.0,1.0,1.0,1.0,2.0,1.0,3.0,2.0,-1.0,-0.93,2.0,-1.0,-1.0,-1.0,-1.0,-1.0,-1.0
11,2,1,1,1,3,2,10,0-18,1,1,1,1,2.0,2.0,-1.0,-1.0,-1.0,-1.0,-1.0,-1.0,-1.0,293.2803651,2011,1.0,1.0,11.0,10.0,2.48,3.0,13.2,-1.0,-1.0,-1.0,2.0,-1.0,-1.0,2.0,-1.0,2.0,-1.0,-1.0,2.0,-1.0,2.0,-1.0,-1.0,-1.0,-1.0,-1.0,-1.0,2.0,1.0,2.0,1.0,2.0,2.0,-1.0,1.0,1.0,1.0,1.0,75000.0,-1.0,-1.0,<10k,2,-1.0,-1.0,2,-1.0,-1.0,2,-1.0,-1.0,2,-1.0,-1.0,2,-1.0,-1.0,2,-1.0,-1.0,2,-1.0,-1.0,1,118000.0,1.0,2,-1.0,-1.0,1,50000.0,1.0,0.0,5.29,1.0,14.62,1.0,16.78,1.0,13.72,YES,YES,2.0,20.35,2.0,19.92,1.0,13.2,1.0,14.91,6.0,29.35,2.0,18.89,10.0,36.17,0.0,11.79,2.0,16.12,2.0,13.78,2.0,15.42,1,1,1,2,3.0,6.0,1,2,2.0,1,1.0,1.0,-1.08,-1.17,8.0,2.0,12.0,12.0,1,2,2.0,1.0,1.0,1.0,2.0,1.0,3.0,2.0,-1.0,-0.9,2.0,-1.0,-1.0,-1.0,-1.0,-1.0,-1.0
11,2,1,1,1,1,2,50,51-65,1,1,1,4,9.0,11.0,1.0,1.0,9122.0,49223.0,3.0,-1.0,-1.0,285.6012832,1955,-1.0,-1.0,-1.0,-1.0,-1.05,-1.0,-1.04,-1.0,-1.0,-1.0,2.0,-1.0,-1.0,1.0,1.0,2.0,-1.0,-1.0,2.0,-1.0,1.0,99.0,2.0,30.0,0.0,2.0,-1.0,2.0,2.0,2.0,1.0,1.0,-1.0,-1.0,1.0,1.0,1.0,1.0,12000.0,-1.0,-1.0,<10k,2,-1.0,-1.0,2,-1.0,-1.0,2,-1.0,-1.0,2,-1.0,-1.0,2,-1.0,-1.0,2,-1.0,-1.0,2,-1.0,-1.0,2,-1.0,-1.0,2,-1.0,-1.0,2,-1.0,-1.0,0.0,4.56,0.0,4.91,1.0,10.6,1.0,10.99,YES,YES,15.0,35.49,2.0,10.7,0.0,5.14,0.0,4.73,9.0,32.12,6.0,11.5,7.0,13.18,0.0,4.51,0.0,4.85,0.0,5.24,8.0,30.32,1,1,1,2,1.0,6.0,2,6,2.0,1,1.0,1.0,-1.03,-1.13,8.0,2.0,12.0,12.0,1,1,2.0,1.0,1.0,1.0,3.0,1.0,1.0,1.0,1.0,-1.07,2.0,-1.0,-1.0,-1.0,-1.0,-1.0,-1.0
11,2,1,1,1,1,1,60,51-65,1,1,1,2,9.0,11.0,1.0,1.0,9112.0,84130.0,1.0,-1.0,-1.0,285.6012832,1962,-1.0,-1.0,-1.0,-1.0,-1.01,-1.0,-0.95,-1.0,-1.0,-1.0,2.0,-1.0,-1.0,1.0,1.0,2.0,-1.0,-1.0,2.0,-1.0,1.0,99.0,2.0,30.0,0.0,2.0,-1.0,2.0,2.0,2.0,1.0,1.0,-1.0,-1.0,1.0,1.0,1.0,1.0,12000.0,-1.0,-1.0,<10k,2,-1.0,-1.0,2,-1.0,-1.0,2,-1.0,-1.0,2,-1.0,-1.0,2,-1.0,-1.0,2,-1.0,-1.0,2,-1.0,-1.0,2,-1.0,-1.0,2,-1.0,-1.0,2,-1.0,-1.0,0.0,5.07,0.0,4.4,1.0,11.3,1.0,12.01,YES,YES,15.0,38.55,2.0,9.28,0.0,5.86,0.0,5.21,9.0,31.71,6.0,15.11,7.0,13.18,0.0,4.32,0.0,5.78,0.0,4.93,8.0,29.02,1,1,1,2,1.0,6.0,2,6,2.0,1,1.0,1.0,-0.95,-1.01,8.0,2.0,12.0,12.0,1,1,2.0,1.0,1.0,1.0,3.0,1.0,1.0,1.0,1.0,-1.19,2.0,-1.0,-1.0,-1.0,-1.0,-1.0,-1.0
11,2,1,1,1,2,2,60,51-65,1,1,1,2,9.0,12.0,7.0,2.0,-1.0,-1.0,-1.0,-1.0,-1.0,285.6012832,1967,-1.0,-1.0,-1.0,-1.0,-0.96,-1.0,-0.85,-1.0,-1.0,-1.0,2.0,-1.0,-1.0,2.0,-1.0,2.0,-1.0,-1.0,2.0,-1.0,1.0,12.0,1.0,22.0,0.0,2.0,-1.0,2.0,1.0,2.0,1.0,1.0,-1.0,-1.0,2.0,1.0,1.0,1.0,8000.0,-1.0,-1.0,<10k,2,-1.0,-1.0,2,-1.0,-1.0,2,-1.0,-1.0,2,-1.0,-1.0,2,-1.0,-1.0,2,-1.0,-1.0,2,-1.0,-1.0,2,-1.0,-1.0,2,-1.0,-1.0,2,-1.0,-1.0,0.0,6.25,0.0,6.17,1.0,10.48,1.0,11.01,YES,YES,15.0,34.58,2.0,9.3,0.0,4.78,0.0,4.83,9.0,28.68,6.0,13.64,7.0,15.54,0.0,5.34,0.0,4.23,0.0,4.56,8.0,28.77,1,1,1,2,1.0,6.0,2,6,2.0,1,1.0,1.0,-1.08,-1.02,8.0,2.0,12.0,12.0,1,1,2.0,1.0,1.0,1.0,3.0,1.0,1.0,1.0,1.0,-1.1,2.0,-1.0,-1.0,-1.0,-1.0,-1.0,-1.0
11,2,1,1,1,3,1,90,19-35,1,1,1,1,4.0,13.0,8.0,2.0,-1.0,-1.0,-1.0,-1.0,-1.0,285.6012832,1997,-1.0,-1.0,-1.0,-1.0,-1.18,-1.0,-0.95,-1.0,-1.0,-1.0,2.0,-1.0,-1.0,2.0,-1.0,2.0,-1.0,-1.0,2.0,-1.0,2.0,-1.0,-1.0,-1.0,-1.0,-1.0,-1.0,2.0,1.0,2.0,1.0,1.0,-1.0,-1.0,1.0,1.0,1.0,-1.0,-1.0,-1.0,-1.0,<10k,2,-1.0,-1.0,2,-1.0,-1.0,2,-1.0,-1.0,2,-1.0,-1.0,2,-1.0,-1.0,2,-1.0,-1.0,2,-1.0,-1.0,2,-1.0,-1.0,2,-1.0,-1.0,2,-1.0,-1.0,0.0,4.34,0.0,5.13,1.0,8.25,1.0,10.56,YES,YES,15.0,37.98,2.0,9.38,0.0,4.91,0.0,6.04,9.0,29.61,6.0,16.09,7.0,14.94,0.0,5.13,0.0,4.19,0.0,4.52,8.0,28.08,1,1,1,2,1.0,6.0,2,6,2.0,1,1.0,1.0,-1.03,-0.99,8.0,2.0,12.0,12.0,1,1,2.0,1.0,1.0,1.0,3.0,1.0,1.0,1.0,1.0,-1.03,2.0,-1.0,-1.0,-1.0,-1.0,-1.0,-1.0
11,2,1,1,1,3,2,0,0-18,1,1,1,1,2.0,9.0,-1.0,-1.0,-1.0,-1.0,-1.0,-1.0,-1.0,285.6012832,2004,1.0,1.0,10.0,9.0,6.33,5.0,26.69,-1.0,-1.0,-1.0,2.0,-1.0,-1.0,2.0,-1.0,2.0,-1.0,-1.0,2.0,-1.0,2.0,-1.0,-1.0,-1.0,-1.0,-1.0,-1.0,2.0,1.0,2.0,1.0,1.0,-1.0,-1.0,1.0,1.0,1.0,-1.0,-1.0,-1.0,-1.0,<10k,2,-1.0,-1.0,2,-1.0,-1.0,2,-1.0,-1.0,2,-1.0,-1.0,2,-1.0,-1.0,2,-1.0,-1.0,2,-1.0,-1.0,2,-1.0,-1.0,2,-1.0,-1.0,2,-1.0,-1.0,0.0,5.0,0.0,3.72,1.0,10.89,1.0,8.9,YES,YES,15.0,33.64,2.0,10.29,0.0,5.34,0.0,5.12,9.0,30.49,6.0,12.64,7.0,13.11,0.0,4.14,0.0,5.02,0.0,4.2,8.0,21.96,1,1,1,2,1.0,6.0,2,6,2.0,1,1.0,1.0,-0.93,-0.9,8.0,2.0,12.0,12.0,1,1,2.0,1.0,1.0,1.0,3.0,1.0,1.0,1.0,1.0,-1.01,2.0,-1.0,-1.0,-1.0,-1.0,-1.0,-1.0
11,2,1,1,1,1,1,30,66+,1,1,1,2,9.0,8.0,9.0,2.0,-1.0,-1.0,-1.0,-1.0,-1.0,285.6012832,1939,-1.0,-1.0,-1.0,-1.0,-1.07,-1.0,-1.12,-1.0,-1.0,-1.0,2.0,-1.0,-1.0,1.0,1.0,2.0,-1.0,-1.0,2.0,-1.0,1.0,99.0,2.0,30.0,0.0,2.0,-1.0,2.0,2.0,2.0,1.0,1.0,-1.0,-1.0,1.0,1.0,1.0,1.0,12000.0,-1.0,-1.0,<10k,2,-1.0,-1.0,2,-1.0,-1.0,2,-1.0,-1.0,2,-1.0,-1.0,2,-1.0,-1.0,2,-1.0,-1.0,2,-1.0,-1.0,2,-1.0,-1.0,2,-1.0,-1.0,2,-1.0,-1.0,0.0,5.05,0.0,4.81,1.0,9.03,1.0,10.61,YES,YES,15.0,37.01,2.0,10.68,0.0,5.65,0.0,5.02,9.0,28.51,6.0,15.43,7.0,14.04,0.0,5.1,0.0,4.41,0.0,4.77,8.0,31.75,1,1,1,2,1.0,6.0,2,6,2.0,1,1.0,1.0,-1.02,-0.96,8.0,2.0,12.0,12.0,1,1,2.0,1.0,1.0,1.0,3.0,1.0,1.0,1.0,1.0,-1.07,2.0,-1.0,-1.0,-1.0,-1.0,-1.0,-1.0
11,2,1,1,1,2,2,50,66+,1,1,4,2,9.0,8.0,1.0,1.0,9112.0,13993.0,3.0,-1.0,-1.0,285.6012832,1951,-1.0,-1.0,-1.0,-1.0,-1.06,-1.0,-0.94,-1.0,-1.0,-1.0,2.0,-1.0,-1.0,2.0,-1.0,2.0,-1.0,-1.0,2.0,-1.0,1.0,12.0,1.0,22.0,0.0,2.0,-1.0,2.0,1.0,2.0,1.0,1.0,-1.0,-1.0,2.0,1.0,1.0,1.0,8000.0,-1.0,-1.0,<10k,2,-1.0,-1.0,2,-1.0,-1.0,2,-1.0,-1.0,2,-1.0,-1.0,2,-1.0,-1.0,2,-1.0,-1.0,2,-1.0,-1.0,2,-1.0,-1.0,2,-1.0,-1.0,2,-1.0,-1.0,0.0,5.19,0.0,5.75,1.0,9.84,1.0,10.49,YES,YES,15.0,39.22,2.0,9.29,0.0,5.54,0.0,5.25,9.0,31.48,6.0,16.29,7.0,13.45,0.0,4.47,0.0,5.02,0.0,5.1,8.0,29.96,1,1,1,2,1.0,6.0,2,6,2.0,1,1.0,1.0,-1.06,-0.98,8.0,2.0,12.0,12.0,1,1,2.0,1.0,1.0,1.0,3.0,1.0,1.0,1.0,1.0,-0.84,2.0,-1.0,-1.0,-1.0,-1.0,-1.0,-1.0
11,2,1,1,1,3,2,70,36-50,1,1,1,2,9.0,13.0,9.0,2.0,-1.0,-1.0,-1.0,-1.0,-1.0,285.6012832,1972,-1.0,-1.0,-1.0,-1.0,-1.04,-1.0,-0.92,-1.0,-1.0,-1.0,2.0,-1.0,-1.0,2.0,-1.0,2.0,-1.0,-1.0,2.0,-1.0,2.0,-1.0,-1.0,-1.0,-1.0,-1.0,-1.0,2.0,1.0,2.0,1.0,1.0,-1.0,-1.0,1.0,1.0,1.0,-1.0,-1.0,-1.0,-1.0,<10k,2,-1.0,-1.0,2,-1.0,-1.0,2,-1.0,-1.0,2,-1.0,-1.0,2,-1.0,-1.0,2,-1.0,-1.0,2,-1.0,-1.0,2,-1.0,-1.0,2,-1.0,-1.0,2,-1.0,-1.0,0.0,5.1,0.0,4.7,1.0,9.62,1.0,10.0,YES,YES,15.0,43.71,2.0,9.89,0.0,5.61,0.0,4.76,9.0,29.95,6.0,17.01,7.0,14.44,0.0,5.65,0.0,5.03,0.0,4.68,8.0,28.89,1,1,1,2,1.0,6.0,2,6,2.0,1,1.0,1.0,-0.9,-1.0,8.0,2.0,12.0,12.0,1,1,2.0,1.0,1.0,1.0,3.0,1.0,1.0,1.0,1.0,-1.14,2.0,-1.0,-1.0,-1.0,-1.0,-1.0,-1.0
11,2,1,1,1,5,1,60,36-50,1,1,1,2,9.0,13.0,1.0,1.0,5221.0,47711.0,5.0,-1.0,-1.0,285.6012832,1969,1.0,1.0,10.0,9.0,7.99,5.0,28.21,-1.0,-1.0,-1.0,2.0,-1.0,-1.0,2.0,-1.0,2.0,-1.0,-1.0,2.0,-1.0,2.0,-1.0,-1.0,-1.0,-1.0,-1.0,-1.0,2.0,1.0,2.0,1.0,1.0,-1.0,-1.0,1.0,1.0,1.0,-1.0,-1.0,-1.0,-1.0,<10k,2,-1.0,-1.0,2,-1.0,-1.0,2,-1.0,-1.0,2,-1.0,-1.0,2,-1.0,-1.0,2,-1.0,-1.0,2,-1.0,-1.0,2,-1.0,-1.0,2,-1.0,-1.0,2,-1.0,-1.0,0.0,4.91,0.0,4.92,1.0,10.48,1.0,11.61,YES,YES,15.0,44.37,2.0,7.73,0.0,4.45,0.0,5.56,9.0,26.81,6.0,13.36,7.0,15.12,0.0,4.33,0.0,4.73,0.0,4.51,8.0,31.48,1,1,1,2,1.0,6.0,2,6,2.0,1,1.0,1.0,-0.93,-1.08,8.0,2.0,12.0,12.0,1,1,2.0,1.0,1.0,1.0,3.0,1.0,1.0,1.0,1.0,-0.89,2.0,-1.0,-1.0,-1.0,-1.0,-1.0,-1.0
11,2,1,1,1,5,2,90,19-35,1,1,1,1,9.0,13.0,1.0,1.0,7319.0,13945.0,3.0,-1.0,-1.0,285.6012832,1996,-1.0,-1.0,-1.0,-1.0,-0.98,-1.0,-0.96,-1.0,-1.0,-1.0,2.0,-1.0,-1.0,2.0,-1.0,2.0,-1.0,-1.0,2.0,-1.0,2.0,-1.0,-1.0,-1.0,-1.0,-1.0,-1.0,2.0,1.0,2.0,1.0,1.0,-1.0,-1.0,1.0,1.0,1.0,1.0,16500.0,9009.0,-1.0,<10k,2,-1.0,-1.0,2,-1.0,-1.0,2,-1.0,-1.0,2,-1.0,-1.0,2,-1.0,-1.0,2,-1.0,-1.0,2,-1.0,-1.0,2,-1.0,-1.0,2,-1.0,-1.0,2,-1.0,-1.0,0.0,4.29,0.0,4.84,1.0,9.83,1.0,10.49,YES,YES,15.0,34.23,2.0,9.8,0.0,4.31,0.0,5.16,9.0,31.01,6.0,15.5,7.0,16.56,0.0,5.46,0.0,4.85,0.0,5.05,8.0,31.04,1,1,1,2,1.0,6.0,2,6,2.0,1,1.0,1.0,-1.13,-1.05,8.0,2.0,12.0,12.0,1,1,2.0,1.0,1.0,1.0,3.0,1.0,1.0,1.0,1.0,-0.99,2.0,-1.0,-1.0,-1.0,-1.0,-1.0,-1.0
11,2,1,1,1,1,2,50,66+,1,1,1,4,9.0,11.0,1.0,1.0,9322.0,14302.0,3.0,-1.0,-1.0,285.6012832,1950,-1.0,-1.0,-1.0,-1.0,-1.07,-1.0,-0.8,-1.0,-1.0,-1.0,2.0,-1.0,-1.0,1.0,1.0,2.0,-1.0,-1.0,2.0,-1.0,1.0,99.0,2.0,30.0,0.0,2.0,-1.0,2.0,2.0,2.0,1.0,1.0,-1.0,-1.0,1.0,1.0,1.0,1.0,12000.0,-1.0,-1.0,<10k,2,-1.0,-1.0,2,-1.0,-1.0,2,-1.0,-1.0,2,-1.0,-1.0,2,-1.0,-1.0,2,-1.0,-1.0,2,-1.0,-1.0,2,-1.0,-1.0,2,-1.0,-1.0,2,-1.0,-1.0,0.0,3.99,0.0,5.49,1.0,8.62,1.0,10.09,YES,YES,15.0,42.33,2.0,9.21,0.0,4.56,0.0,4.85,9.0,33.91,6.0,16.53,7.0,14.31,0.0,4.46,0.0,5.4,0.0,5.28,8.0,30.1,1,1,1,2,1.0,6.0,2,6,2.0,1,1.0,1.0,-0.99,-1.07,8.0,2.0,12.0,12.0,1,1,2.0,1.0,1.0,1.0,3.0,1.0,1.0,1.0,1.0,-1.01,2.0,-1.0,-1.0,-1.0,-1.0,-1.0,-1.0
11,2,1,1,1,1,1,60,51-65,1,1,1,2,9.0,13.0,1.0,1.0,3322.0,82200.0,3.0,-1.0,-1.0,285.6012832,1961,-1.0,-1.0,-1.0,-1.0,-0.87,-1.0,-1.0,-1.0,-1.0,-1.0,2.0,-1.0,-1.0,1.0,1.0,2.0,-1.0,-1.0,2.0,-1.0,1.0,99.0,2.0,30.0,0.0,2.0,-1.0,2.0,2.0,2.0,1.0,1.0,-1.0,-1.0,1.0,1.0,1.0,1.0,12000.0,-1.0,-1.0,<10k,2,-1.0,-1.0,2,-1.0,-1.0,2,-1.0,-1.0,2,-1.0,-1.0,2,-1.0,-1.0,2,-1.0,-1.0,2,-1.0,-1.0,2,-1.0,-1.0,2,-1.0,-1.0,2,-1.0,-1.0,0.0,5.36,0.0,5.14,1.0,8.87,1.0,9.22,YES,YES,15.0,37.69,2.0,11.32,0.0,4.6,0.0,4.91,9.0,29.5,6.0,13.1,7.0,14.12,0.0,4.96,0.0,5.07,0.0,5.21,8.0,28.85,1,1,1,2,1.0,6.0,2,6,2.0,1,1.0,1.0,-0.93,-0.97,8.0,2.0,12.0,12.0,1,1,2.0,1.0,1.0,1.0,3.0,1.0,1.0,1.0,1.0,-1.18,2.0,-1.0,-1.0,-1.0,-1.0,-1.0,-1.0
11,2,1,1,1,2,2,70,36-50,1,1,1,2,9.0,13.0,7.0,2.0,-1.0,-1.0,-1.0,-1.0,-1.0,285.6012832,1974,-1.0,-1.0,-1.0,-1.0,-0.95,-1.0,-1.08,-1.0,-1.0,-1.0,2.0,-1.0,-1.0,2.0,-1.0,2.0,-1.0,-1.0,2.0,-1.0,1.0,12.0,1.0,22.0,0.0,2.0,-1.0,2.0,1.0,2.0,1.0,1.0,-1.0,-1.0,2.0,1.0,1.0,1.0,8000.0,-1.0,-1.0,<10k,2,-1.0,-1.0,2,-1.0,-1.0,2,-1.0,-1.0,2,-1.0,-1.0,2,-1.0,-1.0,2,-1.0,-1.0,2,-1.0,-1.0,2,-1.0,-1.0,2,-1.0,-1.0,2,-1.0,-1.0,0.0,4.9,0.0,4.63,1.0,9.64,1.0,11.35,YES,YES,15.0,39.57,2.0,9.94,0.0,6.2,0.0,4.87,9.0,29.75,6.0,15.76,7.0,16.84,0.0,4.96,0.0,4.78,0.0,4.54,8.0,33.93,1,1,1,2,1.0,6.0,2,6,2.0,1,1.0,1.0,-1.06,-1.09,8.0,2.0,12.0,12.0,1,1,2.0,1.0,1.0,1.0,3.0,1.0,1.0,1.0,1.0,-1.05,2.0,-1.0,-1.0,-1.0,-1.0,-1.0,-1.0
11,2,1,1,2,3,2,90,19-35,1,1,1,1,3.0,13.0,-1.0,-1.0,-1.0,-1.0,-1.0,1.0,2.0,285.6012832,1998,-1.0,-1.0,-1.0,-1.0,-0.93,-1.0,-0.99,-1.0,-1.0,-1.0,2.0,-1.0,-1.0,2.0,-1.0,2.0,-1.0,-1.0,2.0,-1.0,2.0,-1.0,-1.0,-1.0,-1.0,-1.0,-1.0,2.0,1.0,2.0,1.0,1.0,-1.0,-1.0,1.0,1.0,1.0,-1.0,-1.0,-1.0,-1.0,<10k,2,-1.0,-1.0,2,-1.0,-1.0,2,-1.0,-1.0,2,-1.0,-1.0,2,-1.0,-1.0,2,-1.0,-1.0,2,-1.0,-1.0,2,-1.0,-1.0,2,-1.0,-1.0,2,-1.0,-1.0,0.0,4.56,0.0,4.75,1.0,8.26,1.0,10.75,YES,YES,15.0,41.68,2.0,10.92,0.0,4.57,0.0,4.98,9.0,32.09,6.0,20.4,7.0,14.34,0.0,5.5,0.0,5.09,0.0,5.13,8.0,32.16,1,1,1,2,1.0,6.0,2,6,2.0,1,1.0,1.0,-0.85,-1.04,8.0,2.0,12.0,12.0,1,1,2.0,1.0,1.0,1.0,3.0,1.0,1.0,1.0,1.0,-0.92,2.0,-1.0,-1.0,-1.0,-1.0,-1.0,-1.0
11,2,1,1,1,3,1,0,0-18,1,1,1,1,2.0,12.0,8.0,2.0,-1.0,-1.0,-1.0,-1.0,-1.0,285.6012832,2001,1.0,1.0,10.0,9.0,7.15,5.0,27.06,-1.0,-1.0,-1.0,2.0,-1.0,-1.0,2.0,-1.0,2.0,-1.0,-1.0,2.0,-1.0,2.0,-1.0,-1.0,-1.0,-1.0,-1.0,-1.0,2.0,1.0,2.0,1.0,1.0,-1.0,-1.0,1.0,1.0,1.0,-1.0,-1.0,-1.0,-1.0,<10k,2,-1.0,-1.0,2,-1.0,-1.0,2,-1.0,-1.0,2,-1.0,-1.0,2,-1.0,-1.0,2,-1.0,-1.0,2,-1.0,-1.0,2,-1.0,-1.0,2,-1.0,-1.0,2,-1.0,-1.0,0.0,4.53,0.0,4.8,1.0,9.71,1.0,9.17,YES,YES,15.0,38.67,2.0,9.33,0.0,5.39,0.0,5.07,9.0,31.18,6.0,13.27,7.0,12.18,0.0,4.91,0.0,5.62,0.0,5.39,8.0,30.56,1,1,1,2,1.0,6.0,2,6,2.0,1,1.0,1.0,-0.99,-1.18,8.0,2.0,12.0,12.0,1,1,2.0,1.0,1.0,1.0,3.0,1.0,1.0,1.0,1.0,-0.94,2.0,-1.0,-1.0,-1.0,-1.0,-1.0,-1.0
11,2,1,1,1,4,2,40,66+,1,1,1,4,9.0,10.0,4.0,2.0,-1.0,-1.0,-1.0,-1.0,-1.0,285.6012832,1940,-1.0,-1.0,-1.0,-1.0,-0.93,-1.0,-1.06,-1.0,-1.0,-1.0,2.0,-1.0,-1.0,2.0,-1.0,2.0,-1.0,-1.0,2.0,-1.0,2.0,-1.0,-1.0,-1.0,-1.0,-1.0,-1.0,2.0,1.0,2.0,1.0,1.0,-1.0,-1.0,1.0,1.0,1.0,1.0,16500.0,9009.0,-1.0,<10k,2,-1.0,-1.0,2,-1.0,-1.0,2,-1.0,-1.0,2,-1.0,-1.0,2,-1.0,-1.0,2,-1.0,-1.0,2,-1.0,-1.0,2,-1.0,-1.0,2,-1.0,-1.0,2,-1.0,-1.0,0.0,4.08,0.0,4.61,1.0,9.52,1.0,8.82,YES,YES,15.0,39.92,2.0,10.03,0.0,4.03,0.0,5.12,9.0,26.32,6.0,15.86,7.0,12.14,0.0,5.94,0.0,5.01,0.0,6.01,8.0,26.99,1,1,1,2,1.0,6.0,2,6,2.0,1,1.0,1.0,-0.96,-1.19,8.0,2.0,12.0,12.0,1,1,2.0,1.0,1.0,1.0,3.0,1.0,1.0,1.0,1.0,-1.07,2.0,-1.0,-1.0,-1.0,-1.0,-1.0,-1.0
11,2,1,1,1,1,1,40,66+,1,1,1,2,9.0,10.0,9.0,2.0,-1.0,-1.0,-1.0,-1.0,-1.0,285.6012832,1943,-1.0,-1.0,-1.0,-1.0,-1.02,-1.0,-0.85,-1.0,-1.0,-1.0,2.0,-1.0,-1.0,1.0,1.0,2.0,-1.0,-1.0,2.0,-1.0,1.0,99.0,2.0,30.0,0.0,2.0,-1.0,2.0,2.0,2.0,1.0,1.0,-1.0,-1.0,1.0,1.0,1.0,1.0,12000.0,-1.0,-1.0,<10k,2,-1.0,-1.0,2,-1.0,-1.0,2,-1.0,-1.0,2,-1.0,-1.0,2,-1.0,-1.0,2,-1.0,-1.0,2,-1.0,-1.0,2,-1.0,-1.0,2,-1.0,-1.0,2,-1.0,-1.0,0.0,4.25,0.0,4.36,1.0,10.06,1.0,8.17,YES,YES,15.0,43.08,2.0,12.21,0.0,5.06,0.0,4.86,9.0,32.15,6.0,15.94,7.0,14.69,0.0,5.03,0.0,5.99,0.0,5.04,8.0,24.85,1,1,1,2,1.0,6.0,2,6,2.0,1,1.0,1.0,-0.99,-0.98,8.0,2.0,12.0,12.0,1,1,2.0,1.0,1.0,1.0,3.0,1.0,1.0,1.0,1.0,-1.1,2.0,-1.0,-1.0,-1.0,-1.0,-1.0,-1.0
11,2,1,1,1,2,2,40,66+,1,1,1,2,9.0,10.0,9.0,2.0,-1.0,-1.0,-1.0,-1.0,-1.0,285.6012832,1947,-1.0,-1.0,-1.0,-1.0,-0.81,-1.0,-1.01,-1.0,-1.0,-1.0,2.0,-1.0,-1.0,2.0,-1.0,2.0,-1.0,-1.0,2.0,-1.0,1.0,12.0,1.0,22.0,0.0,2.0,-1.0,2.0,1.0,2.0,1.0,1.0,-1.0,-1.0,2.0,1.0,1.0,1.0,8000.0,-1.0,-1.0,<10k,2,-1.0,-1.0,2,-1.0,-1.0,2,-1.0,-1.0,2,-1.0,-1.0,2,-1.0,-1.0,2,-1.0,-1.0,2,-1.0,-1.0,2,-1.0,-1.0,2,-1.0,-1.0,2,-1.0,-1.0,0.0,4.12,0.0,5.65,1.0,12.33,1.0,10.44,YES,YES,15.0,44.25,2.0,9.34,0.0,4.21,0.0,5.29,9.0,26.56,6.0,16.35,7.0,14.79,0.0,5.6,0.0,5.3,0.0,5.45,8.0,31.73,1,1,1,2,1.0,6.0,2,6,2.0,1,1.0,1.0,-1.03,-1.05,8.0,2.0,12.0,12.0,1,1,2.0,1.0,1.0,1.0,3.0,1.0,1.0,1.0,1.0,-1.02,2.0,-1.0,-1.0,-1.0,-1.0,-1.0,-1.0
11,2,1,1,1,1,2,70,36-50,1,1,1,1,9.0,10.0,1.0,1.0,9112.0,25113.0,3.0,-1.0,-1.0,285.6012832,1979,-1.0,-1.0,-1.0,-1.0,-1.19,-1.0,-0.99,-1.0,-1.0,-1.0,2.0,-1.0,-1.0,1.0,1.0,2.0,-1.0,-1.0,2.0,-1.0,1.0,99.0,2.0,30.0,0.0,2.0,-1.0,2.0,2.0,2.0,1.0,1.0,-1.0,-1.0,1.0,1.0,1.0,1.0,12000.0,-1.0,-1.0,<10k,2,-1.0,-1.0,2,-1.0,-1.0,2,-1.0,-1.0,2,-1.0,-1.0,2,-1.0,-1.0,2,-1.0,-1.0,2,-1.0,-1.0,2,-1.0,-1.0,2,-1.0,-1.0,2,-1.0,-1.0,0.0,5.3,0.0,4.02,1.0,11.21,1.0,10.79,YES,YES,15.0,45.54,2.0,10.12,0.0,4.93,0.0,4.56,9.0,26.74,6.0,17.06,7.0,12.27,0.0,4.76,0.0,5.62,0.0,4.27,8.0,32.13,1,1,1,2,1.0,6.0,2,6,2.0,1,1.0,1.0,-0.99,-1.0,8.0,2.0,12.0,12.0,1,1,2.0,1.0,1.0,1.0,3.0,1.0,1.0,1.0,1.0,-1.14,2.0,-1.0,-1.0,-1.0,-1.0,-1.0,-1.0
11,2,1,1,2,4,1,40,66+,1,1,1,4,9.0,8.0,-1.0,-1.0,-1.0,-1.0,-1.0,1.0,3.0,285.6012832,1942,-1.0,-1.0,-1.0,-1.0,-1.01,-1.0,-1.05,-1.0,-1.0,-1.0,2.0,-1.0,-1.0,2.0,-1.0,2.0,-1.0,-1.0,2.0,-1.0,1.0,12.0,1.0,22.0,0.0,2.0,-1.0,2.0,1.0,2.0,1.0,1.0,-1.0,-1.0,2.0,1.0,1.0,1.0,8000.0,-1.0,-1.0,<10k,2,-1.0,-1.0,2,-1.0,-1.0,2,-1.0,-1.0,2,-1.0,-1.0,2,-1.0,-1.0,2,-1.0,-1.0,2,-1.0,-1.0,2,-1.0,-1.0,2,-1.0,-1.0,2,-1.0,-1.0,0.0,5.34,0.0,4.55,1.0,11.72,1.0,8.62,YES,YES,15.0,43.87,2.0,9.74,0.0,4.59,0.0,4.73,9.0,26.55,6.0,17.1,7.0,13.96,0.0,5.65,0.0,4.89,0.0,3.8,8.0,26.63,1,1,1,2,1.0,6.0,2,6,2.0,1,1.0,1.0,-0.81,-1.04,8.0,2.0,12.0,12.0,1,1,2.0,1.0,1.0,1.0,3.0,1.0,1.0,1.0,1.0,-1.19,2.0,-1.0,-1.0,-1.0,-1.0,-1.0,-1.0
11,2,1,1,1,1,1,40,66+,1,1,1,2,9.0,7.0,9.0,2.0,-1.0,-1.0,-1.0,-1.0,-1.0,281.9643816,1947,-1.0,-1.0,-1.0,-1.0,-1.03,-1.0,-0.95,-1.0,-1.0,-1.0,2.0,-1.0,-1.0,2.0,-1.0,1.0,2.0,2.0,2.0,-1.0,2.0,-1.0,-1.0,-1.0,-1.0,-1.0,-1.0,1.0,2.0,2.0,2.0,3.0,1.0,1.0,1.0,1.0,1.0,1.0,1000.0,-1.0,-1.0,<10k,2,-1.0,-1.0,1,8000.0,2.0,2,-1.0,-1.0,2,-1.0,-1.0,2,-1.0,-1.0,2,-1.0,-1.0,2,-1.0,-1.0,2,-1.0,-1.0,2,-1.0,-1.0,2,-1.0,-1.0,0.0,5.21,0.0,6.94,0.0,6.51,3.0,16.82,YES,YES,8.0,46.52,8.0,49.76,2.0,10.89,3.0,24.13,6.0,40.64,6.0,38.62,6.0,40.39,0.0,6.03,0.0,5.04,6.0,40.91,6.0,41.96,1,2,2,1,0.0,2.0,7,3,5.0,2,1.0,1.0,-1.07,-0.96,8.0,2.0,12.0,12.0,1,2,2.0,2.0,2.0,2.0,3.0,3.0,1.0,1.0,3.0,179.78,2.0,-1.0,-1.0,-1.0,-1.0,-1.0,-1.0
11,2,1,1,1,2,2,50,51-65,1,1,1,2,9.0,10.0,7.0,2.0,-1.0,-1.0,-1.0,-1.0,-1.0,281.9643816,1955,1.0,1.0,8.0,7.0,2.94,5.0,28.28,-1.0,-1.0,-1.0,2.0,-1.0,-1.0,2.0,-1.0,2.0,-1.0,-1.0,2.0,-1.0,2.0,-1.0,-1.0,-1.0,-1.0,-1.0,-1.0,2.0,1.0,2.0,1.0,1.0,-1.0,-1.0,1.0,1.0,1.0,1.0,30000.0,-1.0,-1.0,<10k,2,-1.0,-1.0,1,8000.0,2.0,2,-1.0,-1.0,2,-1.0,-1.0,2,-1.0,-1.0,2,-1.0,-1.0,2,-1.0,-1.0,2,-1.0,-1.0,2,-1.0,-1.0,2,-1.0,-1.0,0.0,4.42,0.0,7.53,0.0,7.06,3.0,22.57,YES,YES,8.0,49.5,8.0,44.97,2.0,16.33,3.0,25.51,6.0,33.34,6.0,35.42,6.0,46.59,0.0,5.12,0.0,5.6,6.0,44.95,6.0,42.43,1,2,2,1,0.0,2.0,7,3,5.0,2,1.0,1.0,-0.8,-0.93,8.0,2.0,12.0,12.0,1,2,2.0,2.0,2.0,2.0,3.0,3.0,1.0,1.0,3.0,201.95,2.0,-1.0,-1.0,-1.0,-1.0,-1.0,-1.0
11,2,1,1,1,3,1,70,36-50,1,1,1,1,9.0,4.0,1.0,1.0,9313.0,41002.0,3.0,-1.0,-1.0,281.9643816,1979,1.0,1.0,6.0,5.0,2.88,5.0,10.19,-1.0,-1.0,-1.0,2.0,-1.0,-1.0,2.0,-1.0,2.0,-1.0,-1.0,2.0,-1.0,2.0,-1.0,-1.0,-1.0,-1.0,-1.0,-1.0,2.0,1.0,2.0,1.0,1.0,-1.0,-1.0,1.0,1.0,1.0,1.0,10000.0,-1.0,-1.0,<10k,2,-1.0,-1.0,1,8000.0,2.0,2,-1.0,-1.0,2,-1.0,-1.0,2,-1.0,-1.0,2,-1.0,-1.0,2,-1.0,-1.0,2,-1.0,-1.0,2,-1.0,-1.0,2,-1.0,-1.0,0.0,4.69,0.0,6.31,0.0,6.75,3.0,21.36,YES,YES,8.0,48.64,8.0,43.08,2.0,16.59,3.0,26.39,6.0,41.67,6.0,36.08,6.0,38.64,0.0,6.16,0.0,4.46,6.0,45.99,6.0,42.28,1,2,2,1,0.0,2.0,7,3,5.0,2,1.0,1.0,-0.84,-0.88,8.0,2.0,12.0,12.0,1,2,2.0,2.0,2.0,2.0,3.0,3.0,1.0,1.0,3.0,228.7,2.0,-1.0,-1.0,-1.0,-1.0,-1.0,-1.0
11,2,1,1,1,1,2,70,36-50,1,1,1,7,9.0,9.0,1.0,1.0,9213.0,1291.0,2.0,-1.0,-1.0,281.9643816,1972,-1.0,-1.0,-1.0,-1.0,-1.0,-1.0,-0.98,-1.0,-1.0,-1.0,2.0,-1.0,-1.0,2.0,-1.0,1.0,2.0,2.0,2.0,-1.0,2.0,-1.0,-1.0,-1.0,-1.0,-1.0,-1.0,1.0,2.0,2.0,2.0,3.0,1.0,1.0,1.0,1.0,1.0,1.0,1000.0,-1.0,-1.0,<10k,2,-1.0,-1.0,1,8000.0,2.0,2,-1.0,-1.0,2,-1.0,-1.0,2,-1.0,-1.0,2,-1.0,-1.0,2,-1.0,-1.0,2,-1.0,-1.0,2,-1.0,-1.0,2,-1.0,-1.0,0.0,5.74,0.0,7.1,0.0,6.78,3.0,20.26,YES,YES,8.0,46.03,8.0,47.77,2.0,16.08,3.0,24.54,6.0,37.96,6.0,40.19,6.0,35.14,0.0,5.31,0.0,4.28,6.0,43.19,6.0,42.48,1,2,2,1,0.0,2.0,7,3,5.0,2,1.0,1.0,-0.79,-0.99,8.0,2.0,12.0,12.0,1,2,2.0,2.0,2.0,2.0,3.0,3.0,1.0,1.0,3.0,216.94,2.0,-1.0,-1.0,-1.0,-1.0,-1.0,-1.0
11,2,1,1,1,1,1,40,66+,1,1,1,2,9.0,11.0,1.0,1.0,6114.0,1271.0,5.0,-1.0,-1.0,281.9643816,1944,-1.0,-1.0,-1.0,-1.0,-0.86,-1.0,-1.07,-1.0,-1.0,-1.0,2.0,-1.0,-1.0,2.0,-1.0,1.0,2.0,2.0,2.0,-1.0,2.0,-1.0,-1.0,-1.0,-1.0,-1.0,-1.0,1.0,2.0,2.0,2.0,3.0,1.0,1.0,1.0,1.0,1.0,1.0,1000.0,-1.0,-1.0,<10k,2,-1.0,-1.0,1,8000.0,2.0,2,-1.0,-1.0,2,-1.0,-1.0,2,-1.0,-1.0,2,-1.0,-1.0,2,-1.0,-1.0,2,-1.0,-1.0,2,-1.0,-1.0,2,-1.0,-1.0,0.0,5.09,0.0,6.45,0.0,7.06,3.0,22.04,YES,YES,8.0,46.15,8.0,41.85,2.0,15.0,3.0,25.78,6.0,42.48,6.0,38.72,6.0,44.95,0.0,6.01,0.0,5.59,6.0,36.07,6.0,37.51,1,2,2,1,0.0,2.0,7,3,5.0,2,1.0,1.0,-1.11,-1.2,8.0,2.0,12.0,12.0,1,2,2.0,2.0,2.0,2.0,3.0,3.0,1.0,1.0,3.0,167.37,2.0,-1.0,-1.0,-1.0,-1.0,-1.0,-1.0
11,2,1,1,1,2,2,40,66+,1,1,1,2,9.0,11.0,9.0,2.0,-1.0,-1.0,-1.0,-1.0,-1.0,281.9643816,1944,1.0,1.0,8.0,7.0,3.4,5.0,29.28,-1.0,-1.0,-1.0,2.0,-1.0,-1.0,2.0,-1.0,2.0,-1.0,-1.0,2.0,-1.0,2.0,-1.0,-1.0,-1.0,-1.0,-1.0,-1.0,2.0,1.0,2.0,1.0,1.0,-1.0,-1.0,1.0,1.0,1.0,1.0,30000.0,-1.0,-1.0,<10k,2,-1.0,-1.0,1,8000.0,2.0,2,-1.0,-1.0,2,-1.0,-1.0,2,-1.0,-1.0,2,-1.0,-1.0,2,-1.0,-1.0,2,-1.0,-1.0,2,-1.0,-1.0,2,-1.0,-1.0,0.0,5.4,0.0,6.27,0.0,7.85,3.0,20.95,YES,YES,8.0,55.45,8.0,51.81,2.0,16.18,3.0,26.45,6.0,42.38,6.0,45.91,6.0,39.6,0.0,5.28,0.0,4.87,6.0,37.02,6.0,40.32,1,2,2,1,0.0,2.0,7,3,5.0,2,1.0,1.0,-0.98,-1.02,8.0,2.0,12.0,12.0,1,2,2.0,2.0,2.0,2.0,3.0,3.0,1.0,1.0,3.0,193.18,2.0,-1.0,-1.0,-1.0,-1.0,-1.0,-1.0
11,2,1,1,1,3,1,70,36-50,1,1,1,2,9.0,13.0,1.0,1.0,9629.0,84120.0,1.0,-1.0,-1.0,281.9643816,1978,1.0,1.0,6.0,5.0,3.46,5.0,7.56,-1.0,-1.0,-1.0,2.0,-1.0,-1.0,2.0,-1.0,2.0,-1.0,-1.0,2.0,-1.0,2.0,-1.0,-1.0,-1.0,-1.0,-1.0,-1.0,2.0,1.0,2.0,1.0,1.0,-1.0,-1.0,1.0,1.0,1.0,1.0,10000.0,-1.0,-1.0,<10k,2,-1.0,-1.0,1,8000.0,2.0,2,-1.0,-1.0,2,-1.0,-1.0,2,-1.0,-1.0,2,-1.0,-1.0,2,-1.0,-1.0,2,-1.0,-1.0,2,-1.0,-1.0,2,-1.0,-1.0,0.0,5.33,0.0,6.72,0.0,8.03,3.0,17.5,YES,YES,8.0,38.65,8.0,35.85,2.0,14.41,3.0,23.2,6.0,47.17,6.0,36.47,6.0,38.95,0.0,5.31,0.0,4.7,6.0,41.65,6.0,39.28,1,2,2,1,0.0,2.0,7,3,5.0,2,1.0,1.0,-1.0,-0.97,8.0,2.0,12.0,12.0,1,2,2.0,2.0,2.0,2.0,3.0,3.0,1.0,1.0,3.0,197.05,2.0,-1.0,-1.0,-1.0,-1.0,-1.0,-1.0
11,2,1,1,1,5,2,80,36-50,1,1,1,2,9.0,13.0,7.0,2.0,-1.0,-1.0,-1.0,-1.0,-1.0,281.9643816,1980,1.0,1.0,10.0,9.0,17.16,5.0,29.46,-1.0,-1.0,-1.0,2.0,-1.0,-1.0,2.0,-1.0,2.0,-1.0,-1.0,2.0,-1.0,2.0,-1.0,-1.0,-1.0,-1.0,-1.0,-1.0,2.0,1.0,2.0,1.0,1.0,-1.0,-1.0,1.0,1.0,1.0,-1.0,-1.0,-1.0,-1.0,<10k,2,-1.0,-1.0,1,8000.0,2.0,2,-1.0,-1.0,2,-1.0,-1.0,2,-1.0,-1.0,2,-1.0,-1.0,2,-1.0,-1.0,2,-1.0,-1.0,2,-1.0,-1.0,2,-1.0,-1.0,0.0,5.13,0.0,7.33,0.0,6.08,3.0,17.04,YES,YES,8.0,44.51,8.0,41.31,2.0,16.12,3.0,28.5,6.0,40.09,6.0,39.84,6.0,39.88,0.0,6.38,0.0,4.8,6.0,36.02,6.0,43.08,1,2,2,1,0.0,2.0,7,3,5.0,2,1.0,1.0,-0.94,-0.88,8.0,2.0,12.0,12.0,1,2,2.0,2.0,2.0,2.0,3.0,3.0,1.0,1.0,3.0,200.04,2.0,-1.0,-1.0,-1.0,-1.0,-1.0,-1.0
11,2,1,1,1,5,2,0,0-18,1,1,1,1,2.0,4.0,-1.0,-1.0,-1.0,-1.0,-1.0,-1.0,-1.0,281.9643816,2009,1.0,1.0,5.0,4.0,5.51,5.0,19.31,-1.0,-1.0,-1.0,2.0,-1.0,-1.0,2.0,-1.0,2.0,-1.0,-1.0,2.0,-1.0,2.0,-1.0,-1.0,-1.0,-1.0,-1.0,-1.0,2.0,1.0,2.0,1.0,1.0,-1.0,-1.0,1.0,1.0,1.0,1.0,20000.0,-1.0,-1.0,<10k,2,-1.0,-1.0,1,8000.0,2.0,2,-1.0,-1.0,2,-1.0,-1.0,2,-1.0,-1.0,2,-1.0,-1.0,2,-1.0,-1.0,2,-1.0,-1.0,2,-1.0,-1.0,2,-1.0,-1.0,0.0,4.15,0.0,8.1,0.0,6.43,3.0,25.07,YES,YES,8.0,37.09,8.0,45.3,2.0,16.2,3.0,26.8,6.0,42.85,6.0,38.93,6.0,40.96,0.0,6.17,0.0,5.27,6.0,33.17,6.0,41.28,1,2,2,1,0.0,2.0,7,3,5.0,2,1.0,1.0,-0.97,-0.93,8.0,2.0,12.0,12.0,1,2,2.0,2.0,2.0,2.0,3.0,3.0,1.0,1.0,3.0,232.58,2.0,-1.0,-1.0,-1.0,-1.0,-1.0,-1.0
11,2,1,1,1,5,1,10,0-18,1,1,1,1,1.0,-1.0,-1.0,-1.0,-1.0,-1.0,-1.0,-1.0,-1.0,281.9643816,2014,-1.0,-1.0,-1.0,-1.0,-1.05,-1.0,-0.9,-1.0,-1.0,-1.0,2.0,-1.0,-1.0,2.0,-1.0,2.0,-1.0,-1.0,2.0,-1.0,2.0,-1.0,-1.0,-1.0,-1.0,-1.0,-1.0,2.0,1.0,2.0,1.0,1.0,-1.0,-1.0,1.0,1.0,1.0,-1.0,-1.0,-1.0,-1.0,<10k,2,-1.0,-1.0,1,8000.0,2.0,2,-1.0,-1.0,2,-1.0,-1.0,2,-1.0,-1.0,2,-1.0,-1.0,2,-1.0,-1.0,2,-1.0,-1.0,2,-1.0,-1.0,2,-1.0,-1.0,0.0,4.56,0.0,7.09,0.0,7.23,3.0,20.03,YES,YES,8.0,51.7,8.0,42.75,2.0,15.26,3.0,25.89,6.0,33.34,6.0,42.03,6.0,42.16,0.0,6.7,0.0,4.71,6.0,37.65,6.0,40.1,1,2,2,1,0.0,2.0,7,3,5.0,2,1.0,1.0,-1.11,-1.14,8.0,2.0,12.0,12.0,1,2,2.0,2.0,2.0,2.0,3.0,3.0,1.0,1.0,3.0,188.37,2.0,-1.0,-1.0,-1.0,-1.0,-1.0,-1.0
11,2,1,1,1,1,2,70,36-50,1,1,1,2,9.0,9.0,7.0,2.0,-1.0,-1.0,-1.0,-1.0,-1.0,281.9643816,1977,-1.0,-1.0,-1.0,-1.0,-1.04,-1.0,-1.11,-1.0,-1.0,-1.0,2.0,-1.0,-1.0,2.0,-1.0,1.0,2.0,2.0,2.0,-1.0,2.0,-1.0,-1.0,-1.0,-1.0,-1.0,-1.0,1.0,2.0,2.0,2.0,3.0,1.0,1.0,1.0,1.0,1.0,1.0,1000.0,-1.0,-1.0,<10k,2,-1.0,-1.0,1,8000.0,2.0,2,-1.0,-1.0,2,-1.0,-1.0,2,-1.0,-1.0,2,-1.0,-1.0,2,-1.0,-1.0,2,-1.0,-1.0,2,-1.0,-1.0,2,-1.0,-1.0,0.0,5.6,0.0,6.35,0.0,6.63,3.0,19.45,YES,YES,8.0,56.53,8.0,41.7,2.0,16.05,3.0,22.55,6.0,39.6,6.0,42.71,6.0,42.27,0.0,7.02,0.0,4.29,6.0,38.37,6.0,44.3,1,2,2,1,0.0,2.0,7,3,5.0,2,1.0,1.0,-1.04,-0.99,8.0,2.0,12.0,12.0,1,2,2.0,2.0,2.0,2.0,3.0,3.0,1.0,1.0,3.0,231.89,2.0,-1.0,-1.0,-1.0,-1.0,-1.0,-1.0
11,2,1,1,1,2,1,80,36-50,1,1,1,2,9.0,5.0,1.0,1.0,7116.0,41002.0,3.0,-1.0,-1.0,281.9643816,1982,1.0,1.0,8.0,7.0,2.93,5.0,32.61,-1.0,-1.0,-1.0,2.0,-1.0,-1.0,2.0,-1.0,2.0,-1.0,-1.0,2.0,-1.0,2.0,-1.0,-1.0,-1.0,-1.0,-1.0,-1.0,2.0,1.0,2.0,1.0,1.0,-1.0,-1.0,1.0,1.0,1.0,1.0,30000.0,-1.0,-1.0,<10k,2,-1.0,-1.0,1,8000.0,2.0,2,-1.0,-1.0,2,-1.0,-1.0,2,-1.0,-1.0,2,-1.0,-1.0,2,-1.0,-1.0,2,-1.0,-1.0,2,-1.0,-1.0,2,-1.0,-1.0,0.0,5.34,0.0,7.93,0.0,6.62,3.0,25.06,YES,YES,8.0,45.66,8.0,45.66,2.0,15.6,3.0,24.2,6.0,49.64,6.0,40.37,6.0,44.59,0.0,6.82,0.0,4.89,6.0,43.88,6.0,38.91,1,2,2,1,0.0,2.0,7,3,5.0,2,1.0,1.0,-0.83,-1.14,8.0,2.0,12.0,12.0,1,2,2.0,2.0,2.0,2.0,3.0,3.0,1.0,1.0,3.0,208.83,2.0,-1.0,-1.0,-1.0,-1.0,-1.0,-1.0
11,2,1,1,1,3,2,0,0-18,1,1,1,1,2.0,5.0,-1.0,-1.0,-1.0,-1.0,-1.0,-1.0,-1.0,281.9643816,2008,1.0,1.0,6.0,5.0,2.87,5.0,7.7,-1.0,-1.0,-1.0,2.0,-1.0,-1.0,2.0,-1.0,2.0,-1.0,-1.0,2.0,-1.0,2.0,-1.0,-1.0,-1.0,-1.0,-1.0,-1.0,2.0,1.0,2.0,1.0,1.0,-1.0,-1.0,1.0,1.0,1.0,1.0,10000.0,-1.0,-1.0,<10k,2,-1.0,-1.0,1,8000.0,2.0,2,-1.0,-1.0,2,-1.0,-1.0,2,-1.0,-1.0,2,-1.0,-1.0,2,-1.0,-1.0,2,-1.0,-1.0,2,-1.0,-1.0,2,-1.0,-1.0,0.0,5.99,0.0,7.22,0.0,7.72,3.0,22.32,YES,YES,8.0,44.58,8.0,40.52,2.0,14.0,3.0,24.18,6.0,39.94,6.0,34.91,6.0,38.63,0.0,5.16,0.0,5.37,6.0,40.22,6.0,41.96,1,2,2,1,0.0,2.0,7,3,5.0,2,1.0,1.0,-0.87,-0.93,8.0,2.0,12.0,12.0,1,2,2.0,2.0,2.0,2.0,3.0,3.0,1.0,1.0,3.0,209.04,2.0,-1.0,-1.0,-1.0,-1.0,-1.0,-1.0
11,2,1,1,1,4,2,50,51-65,1,1,1,4,9.0,5.0,7.0,2.0,-1.0,-1.0,-1.0,-1.0,-1.0,281.9643816,1959,1.0,1.0,10.0,9.0,13.27,5.0,28.46,-1.0,-1.0,-1.0,2.0,-1.0,-1.0,2.0,-1.0,2.0,-1.0,-1.0,2.0,-1.0,2.0,-1.0,-1.0,-1.0,-1.0,-1.0,-1.0,2.0,1.0,2.0,1.0,1.0,-1.0,-1.0,1.0,1.0,1.0,-1.0,-1.0,-1.0,-1.0,<10k,2,-1.0,-1.0,1,8000.0,2.0,2,-1.0,-1.0,2,-1.0,-1.0,2,-1.0,-1.0,2,-1.0,-1.0,2,-1.0,-1.0,2,-1.0,-1.0,2,-1.0,-1.0,2,-1.0,-1.0,0.0,4.42,0.0,6.73,0.0,6.05,3.0,22.21,YES,YES,8.0,46.45,8.0,45.81,2.0,16.95,3.0,22.17,6.0,32.44,6.0,44.64,6.0,43.07,0.0,6.39,0.0,5.1,6.0,44.7,6.0,40.15,1,2,2,1,0.0,2.0,7,3,5.0,2,1.0,1.0,-0.97,-0.96,8.0,2.0,12.0,12.0,1,2,2.0,2.0,2.0,2.0,3.0,3.0,1.0,1.0,3.0,165.71,2.0,-1.0,-1.0,-1.0,-1.0,-1.0,-1.0
11,2,1,1,1,5,1,90,19-35,1,1,1,1,9.0,10.0,1.0,1.0,6222.0,1494.0,3.0,-1.0,-1.0,281.9643816,1995,1.0,1.0,5.0,4.0,4.15,5.0,19.82,-1.0,-1.0,-1.0,2.0,-1.0,-1.0,2.0,-1.0,2.0,-1.0,-1.0,2.0,-1.0,2.0,-1.0,-1.0,-1.0,-1.0,-1.0,-1.0,2.0,1.0,2.0,1.0,1.0,-1.0,-1.0,1.0,1.0,1.0,1.0,20000.0,-1.0,-1.0,<10k,2,-1.0,-1.0,1,8000.0,2.0,2,-1.0,-1.0,2,-1.0,-1.0,2,-1.0,-1.0,2,-1.0,-1.0,2,-1.0,-1.0,2,-1.0,-1.0,2,-1.0,-1.0,2,-1.0,-1.0,0.0,4.02,0.0,6.47,0.0,7.41,3.0,21.0,YES,YES,8.0,45.19,8.0,45.03,2.0,14.69,3.0,23.66,6.0,36.32,6.0,39.9,6.0,38.05,0.0,6.52,0.0,4.69,6.0,38.27,6.0,36.66,1,2,2,1,0.0,2.0,7,3,5.0,2,1.0,1.0,-0.99,-1.03,8.0,2.0,12.0,12.0,1,2,2.0,2.0,2.0,2.0,3.0,3.0,1.0,1.0,3.0,197.78,2.0,-1.0,-1.0,-1.0,-1.0,-1.0,-1.0
11,2,1,1,1,1,1,60,51-65,1,1,1,2,9.0,3.0,1.0,1.0,9998.0,99998.0,3.0,-1.0,-1.0,281.9643816,1961,-1.0,-1.0,-1.0,-1.0,-0.98,-1.0,-1.23,-1.0,-1.0,-1.0,2.0,-1.0,-1.0,2.0,-1.0,1.0,2.0,2.0,2.0,-1.0,2.0,-1.0,-1.0,-1.0,-1.0,-1.0,-1.0,1.0,2.0,2.0,2.0,3.0,1.0,1.0,1.0,1.0,1.0,1.0,1000.0,-1.0,-1.0,<10k,2,-1.0,-1.0,1,8000.0,2.0,2,-1.0,-1.0,2,-1.0,-1.0,2,-1.0,-1.0,2,-1.0,-1.0,2,-1.0,-1.0,2,-1.0,-1.0,2,-1.0,-1.0,2,-1.0,-1.0,0.0,5.06,0.0,7.16,0.0,6.61,3.0,24.41,YES,YES,8.0,46.18,8.0,44.31,2.0,14.11,3.0,26.11,6.0,42.29,6.0,39.13,6.0,32.17,0.0,4.19,0.0,5.48,6.0,34.95,6.0,42.89,1,2,2,1,0.0,2.0,7,3,5.0,2,1.0,1.0,-0.9,-0.93,8.0,2.0,12.0,12.0,1,2,2.0,2.0,2.0,2.0,3.0,3.0,1.0,1.0,3.0,211.86,2.0,-1.0,-1.0,-1.0,-1.0,-1.0,-1.0
11,2,1,1,1,2,2,70,36-50,1,1,1,2,9.0,1.0,1.0,1.0,1420.0,56307.0,5.0,-1.0,-1.0,281.9643816,1970,1.0,1.0,8.0,7.0,2.78,5.0,26.8,-1.0,-1.0,-1.0,2.0,-1.0,-1.0,2.0,-1.0,2.0,-1.0,-1.0,2.0,-1.0,2.0,-1.0,-1.0,-1.0,-1.0,-1.0,-1.0,2.0,1.0,2.0,1.0,1.0,-1.0,-1.0,1.0,1.0,1.0,1.0,30000.0,-1.0,-1.0,<10k,2,-1.0,-1.0,1,8000.0,2.0,2,-1.0,-1.0,2,-1.0,-1.0,2,-1.0,-1.0,2,-1.0,-1.0,2,-1.0,-1.0,2,-1.0,-1.0,2,-1.0,-1.0,2,-1.0,-1.0,0.0,4.32,0.0,6.15,0.0,7.11,3.0,17.92,YES,YES,8.0,49.27,8.0,48.05,2.0,14.31,3.0,26.4,6.0,53.01,6.0,37.75,6.0,33.48,0.0,6.52,0.0,5.2,6.0,34.4,6.0,40.64,1,2,2,1,0.0,2.0,7,3,5.0,2,1.0,1.0,-0.87,-1.05,8.0,2.0,12.0,12.0,1,2,2.0,2.0,2.0,2.0,3.0,3.0,1.0,1.0,3.0,200.59,2.0,-1.0,-1.0,-1.0,-1.0,-1.0,-1.0
11,2,1,1,1,3,1,90,19-35,1,1,1,1,9.0,13.0,1.0,1.0,8121.0,10713.0,3.0,-1.0,-1.0,281.9643816,1991,1.0,1.0,6.0,5.0,3.64,5.0,8.63,-1.0,-1.0,-1.0,2.0,-1.0,-1.0,2.0,-1.0,2.0,-1.0,-1.0,2.0,-1.0,2.0,-1.0,-1.0,-1.0,-1.0,-1.0,-1.0,2.0,1.0,2.0,1.0,1.0,-1.0,-1.0,1.0,1.0,1.0,1.0,10000.0,-1.0,-1.0,<10k,2,-1.0,-1.0,1,8000.0,2.0,2,-1.0,-1.0,2,-1.0,-1.0,2,-1.0,-1.0,2,-1.0,-1.0,2,-1.0,-1.0,2,-1.0,-1.0,2,-1.0,-1.0,2,-1.0,-1.0,0.0,5.25,0.0,7.07,0.0,7.35,3.0,20.75,YES,YES,8.0,40.69,8.0,42.27,2.0,13.94,3.0,24.72,6.0,38.0,6.0,40.75,6.0,32.71,0.0,6.62,0.0,4.92,6.0,35.01,6.0,37.65,1,2,2,1,0.0,2.0,7,3,5.0,2,1.0,1.0,-1.0,-0.99,8.0,2.0,12.0,12.0,1,2,2.0,2.0,2.0,2.0,3.0,3.0,1.0,1.0,3.0,207.85,2.0,-1.0,-1.0,-1.0,-1.0,-1.0,-1.0
11,2,1,1,1,3,2,0,0-18,1,1,1,1,2.0,9.0,-1.0,-1.0,-1.0,-1.0,-1.0,-1.0,-1.0,281.9643816,2004,1.0,1.0,10.0,9.0,15.94,5.0,27.75,-1.0,-1.0,-1.0,2.0,-1.0,-1.0,2.0,-1.0,2.0,-1.0,-1.0,2.0,-1.0,2.0,-1.0,-1.0,-1.0,-1.0,-1.0,-1.0,2.0,1.0,2.0,1.0,1.0,-1.0,-1.0,1.0,1.0,1.0,-1.0,-1.0,-1.0,-1.0,<10k,2,-1.0,-1.0,1,8000.0,2.0,2,-1.0,-1.0,2,-1.0,-1.0,2,-1.0,-1.0,2,-1.0,-1.0,2,-1.0,-1.0,2,-1.0,-1.0,2,-1.0,-1.0,2,-1.0,-1.0,0.0,4.95,0.0,8.07,0.0,7.23,3.0,21.76,YES,YES,8.0,43.97,8.0,44.71,2.0,15.74,3.0,27.01,6.0,43.98,6.0,37.25,6.0,40.85,0.0,6.08,0.0,4.82,6.0,37.28,6.0,47.82,1,2,2,1,0.0,2.0,7,3,5.0,2,1.0,1.0,-1.14,-1.06,8.0,2.0,12.0,12.0,1,2,2.0,2.0,2.0,2.0,3.0,3.0,1.0,1.0,3.0,176.36,2.0,-1.0,-1.0,-1.0,-1.0,-1.0,-1.0
11,2,1,1,1,1,2,60,51-65,1,1,1,2,9.0,12.0,4.0,2.0,-1.0,-1.0,-1.0,-1.0,-1.0,281.9643816,1963,-1.0,-1.0,-1.0,-1.0,-0.99,-1.0,-1.11,-1.0,-1.0,-1.0,2.0,-1.0,-1.0,2.0,-1.0,1.0,2.0,2.0,2.0,-1.0,2.0,-1.0,-1.0,-1.0,-1.0,-1.0,-1.0,1.0,2.0,2.0,2.0,3.0,1.0,1.0,1.0,1.0,1.0,1.0,1000.0,-1.0,-1.0,<10k,2,-1.0,-1.0,1,8000.0,2.0,2,-1.0,-1.0,2,-1.0,-1.0,2,-1.0,-1.0,2,-1.0,-1.0,2,-1.0,-1.0,2,-1.0,-1.0,2,-1.0,-1.0,2,-1.0,-1.0,0.0,5.62,0.0,6.49,0.0,6.74,3.0,20.53,YES,YES,8.0,42.9,8.0,43.32,2.0,16.9,3.0,23.01,6.0,42.62,6.0,43.6,6.0,36.52,0.0,6.26,0.0,5.77,6.0,47.33,6.0,40.73,1,2,2,1,0.0,2.0,7,3,5.0,2,1.0,1.0,-1.05,-0.93,8.0,2.0,12.0,12.0,1,2,2.0,2.0,2.0,2.0,3.0,3.0,1.0,1.0,3.0,190.71,2.0,-1.0,-1.0,-1.0,-1.0,-1.0,-1.0
11,2,1,1,1,3,1,0,0-18,1,1,1,1,2.0,7.0,-1.0,-1.0,-1.0,-1.0,-1.0,-1.0,-1.0,281.9643816,2006,1.0,1.0,8.0,7.0,3.3,5.0,32.0,-1.0,-1.0,-1.0,2.0,-1.0,-1.0,2.0,-1.0,2.0,-1.0,-1.0,2.0,-1.0,2.0,-1.0,-1.0,-1.0,-1.0,-1.0,-1.0,2.0,1.0,2.0,1.0,1.0,-1.0,-1.0,1.0,1.0,1.0,1.0,30000.0,-1.0,-1.0,<10k,2,-1.0,-1.0,1,8000.0,2.0,2,-1.0,-1.0,2,-1.0,-1.0,2,-1.0,-1.0,2,-1.0,-1.0,2,-1.0,-1.0,2,-1.0,-1.0,2,-1.0,-1.0,2,-1.0,-1.0,0.0,5.13,0.0,7.3,0.0,6.22,3.0,21.5,YES,YES,8.0,40.16,8.0,43.65,2.0,16.94,3.0,27.15,6.0,35.53,6.0,37.36,6.0,37.48,0.0,5.24,0.0,6.36,6.0,43.46,6.0,37.22,1,2,2,1,0.0,2.0,7,3,5.0,2,1.0,1.0,-0.86,-0.97,8.0,2.0,12.0,12.0,1,2,2.0,2.0,2.0,2.0,3.0,3.0,1.0,1.0,3.0,201.62,2.0,-1.0,-1.0,-1.0,-1.0,-1.0,-1.0
11,2,1,1,1,4,2,20,66+,1,1,1,4,9.0,1.0,9.0,2.0,-1.0,-1.0,-1.0,-1.0,-1.0,281.9643816,1924,1.0,1.0,6.0,5.0,2.78,5.0,10.55,-1.0,-1.0,-1.0,2.0,-1.0,-1.0,2.0,-1.0,2.0,-1.0,-1.0,2.0,-1.0,2.0,-1.0,-1.0,-1.0,-1.0,-1.0,-1.0,2.0,1.0,2.0,1.0,1.0,-1.0,-1.0,1.0,1.0,1.0,1.0,10000.0,-1.0,-1.0,<10k,2,-1.0,-1.0,1,8000.0,2.0,2,-1.0,-1.0,2,-1.0,-1.0,2,-1.0,-1.0,2,-1.0,-1.0,2,-1.0,-1.0,2,-1.0,-1.0,2,-1.0,-1.0,2,-1.0,-1.0,0.0,5.84,0.0,8.12,0.0,6.68,3.0,19.34,YES,YES,8.0,47.81,8.0,49.97,2.0,18.1,3.0,28.14,6.0,45.32,6.0,39.94,6.0,41.45,0.0,6.1,0.0,4.68,6.0,33.76,6.0,37.86,1,2,2,1,0.0,2.0,7,3,5.0,2,1.0,1.0,-0.97,-1.02,8.0,2.0,12.0,12.0,1,2,2.0,2.0,2.0,2.0,3.0,3.0,1.0,1.0,3.0,169.07,2.0,-1.0,-1.0,-1.0,-1.0,-1.0,-1.0
11,2,1,1,2,2,1,60,51-65,1,1,1,2,9.0,11.0,-1.0,-1.0,-1.0,-1.0,-1.0,2.0,1.0,281.9643816,1961,1.0,1.0,10.0,9.0,14.15,5.0,31.49,-1.0,-1.0,-1.0,2.0,-1.0,-1.0,2.0,-1.0,2.0,-1.0,-1.0,2.0,-1.0,2.0,-1.0,-1.0,-1.0,-1.0,-1.0,-1.0,2.0,1.0,2.0,1.0,1.0,-1.0,-1.0,1.0,1.0,1.0,-1.0,-1.0,-1.0,-1.0,<10k,2,-1.0,-1.0,1,8000.0,2.0,2,-1.0,-1.0,2,-1.0,-1.0,2,-1.0,-1.0,2,-1.0,-1.0,2,-1.0,-1.0,2,-1.0,-1.0,2,-1.0,-1.0,2,-1.0,-1.0,0.0,4.98,0.0,5.77,0.0,6.21,3.0,19.51,YES,YES,8.0,35.79,8.0,48.75,2.0,15.01,3.0,20.12,6.0,44.13,6.0,46.6,6.0,40.75,0.0,5.43,0.0,5.15,6.0,38.46,6.0,41.15,1,2,2,1,0.0,2.0,7,3,5.0,2,1.0,1.0,-1.05,-1.06,8.0,2.0,12.0,12.0,1,2,2.0,2.0,2.0,2.0,3.0,3.0,1.0,1.0,3.0,179.46,2.0,-1.0,-1.0,-1.0,-1.0,-1.0,-1.0
11,2,1,1,1,1,1,70,36-50,1,1,1,2,9.0,13.0,2.0,1.0,3114.0,82200.0,2.0,-1.0,-1.0,281.9643816,1972,-1.0,-1.0,-1.0,-1.0,-0.94,-1.0,-0.94,-1.0,-1.0,-1.0,2.0,-1.0,-1.0,2.0,-1.0,1.0,2.0,2.0,2.0,-1.0,2.0,-1.0,-1.0,-1.0,-1.0,-1.0,-1.0,1.0,2.0,2.0,2.0,3.0,1.0,1.0,1.0,1.0,1.0,1.0,1000.0,-1.0,-1.0,<10k,2,-1.0,-1.0,1,8000.0,2.0,2,-1.0,-1.0,2,-1.0,-1.0,2,-1.0,-1.0,2,-1.0,-1.0,2,-1.0,-1.0,2,-1.0,-1.0,2,-1.0,-1.0,2,-1.0,-1.0,0.0,3.79,0.0,6.21,0.0,6.44,3.0,21.49,YES,YES,8.0,46.15,8.0,49.96,2.0,15.44,3.0,21.12,6.0,39.6,6.0,37.95,6.0,36.98,0.0,6.07,0.0,5.0,6.0,45.58,6.0,39.43,1,2,2,1,0.0,2.0,7,3,5.0,2,1.0,1.0,-0.95,-1.05,8.0,2.0,12.0,12.0,1,2,2.0,2.0,2.0,2.0,3.0,3.0,1.0,1.0,3.0,181.7,2.0,-1.0,-1.0,-1.0,-1.0,-1.0,-1.0
11,2,1,1,1,2,2,70,36-50,1,1,1,2,9.0,10.0,7.0,2.0,-1.0,-1.0,-1.0,-1.0,-1.0,281.9643816,1976,1.0,1.0,8.0,7.0,2.94,5.0,31.83,-1.0,-1.0,-1.0,2.0,-1.0,-1.0,2.0,-1.0,2.0,-1.0,-1.0,2.0,-1.0,2.0,-1.0,-1.0,-1.0,-1.0,-1.0,-1.0,2.0,1.0,2.0,1.0,1.0,-1.0,-1.0,1.0,1.0,1.0,1.0,30000.0,-1.0,-1.0,<10k,2,-1.0,-1.0,1,8000.0,2.0,2,-1.0,-1.0,2,-1.0,-1.0,2,-1.0,-1.0,2,-1.0,-1.0,2,-1.0,-1.0,2,-1.0,-1.0,2,-1.0,-1.0,2,-1.0,-1.0,0.0,4.93,0.0,6.1,0.0,6.62,3.0,21.39,YES,YES,8.0,41.31,8.0,47.67,2.0,14.73,3.0,25.85,6.0,36.22,6.0,39.04,6.0,43.02,0.0,5.07,0.0,4.89,6.0,46.56,6.0,47.18,1,2,2,1,0.0,2.0,7,3,5.0,2,1.0,1.0,-1.02,-1.09,8.0,2.0,12.0,12.0,1,2,2.0,2.0,2.0,2.0,3.0,3.0,1.0,1.0,3.0,214.58,2.0,-1.0,-1.0,-1.0,-1.0,-1.0,-1.0
11,2,1,1,1,3,1,0,0-18,1,1,1,1,2.0,9.0,-1.0,-1.0,-1.0,-1.0,-1.0,-1.0,-1.0,281.9643816,2004,1.0,1.0,6.0,5.0,3.12,5.0,10.01,-1.0,-1.0,-1.0,2.0,-1.0,-1.0,2.0,-1.0,2.0,-1.0,-1.0,2.0,-1.0,2.0,-1.0,-1.0,-1.0,-1.0,-1.0,-1.0,2.0,1.0,2.0,1.0,1.0,-1.0,-1.0,1.0,1.0,1.0,1.0,10000.0,-1.0,-1.0,<10k,2,-1.0,-1.0,1,8000.0,2.0,2,-1.0,-1.0,2,-1.0,-1.0,2,-1.0,-1.0,2,-1.0,-1.0,2,-1.0,-1.0,2,-1.0,-1.0,2,-1.0,-1.0,2,-1.0,-1.0,0.0,4.39,0.0,6.98,0.0,6.78,3.0,17.68,YES,YES,8.0,38.27,8.0,51.65,2.0,14.86,3.0,20.98,6.0,41.86,6.0,38.32,6.0,40.2,0.0,6.16,0.0,4.34,6.0,38.13,6.0,40.52,1,2,2,1,0.0,2.0,7,3,5.0,2,1.0,1.0,-0.84,-1.06,8.0,2.0,12.0,12.0,1,2,2.0,2.0,2.0,2.0,3.0,3.0,1.0,1.0,3.0,177.48,2.0,-1.0,-1.0,-1.0,-1.0,-1.0,-1.0
11,2,1,1,1,3,2,0,0-18,1,1,1,1,2.0,4.0,-1.0,-1.0,-1.0,-1.0,-1.0,-1.0,-1.0,281.9643816,2009,1.0,1.0,10.0,9.0,15.08,5.0,27.49,-1.0,-1.0,-1.0,2.0,-1.0,-1.0,2.0,-1.0,2.0,-1.0,-1.0,2.0,-1.0,2.0,-1.0,-1.0,-1.0,-1.0,-1.0,-1.0,2.0,1.0,2.0,1.0,1.0,-1.0,-1.0,1.0,1.0,1.0,-1.0,-1.0,-1.0,-1.0,<10k,2,-1.0,-1.0,1,8000.0,2.0,2,-1.0,-1.0,2,-1.0,-1.0,2,-1.0,-1.0,2,-1.0,-1.0,2,-1.0,-1.0,2,-1.0,-1.0,2,-1.0,-1.0,2,-1.0,-1.0,0.0,5.05,0.0,7.05,0.0,8.15,3.0,18.78,YES,YES,8.0,43.36,8.0,35.29,2.0,15.07,3.0,28.62,6.0,38.72,6.0,41.34,6.0,33.36,0.0,5.96,0.0,6.07,6.0,38.66,6.0,37.2,1,2,2,1,0.0,2.0,7,3,5.0,2,1.0,1.0,-1.11,-0.77,8.0,2.0,12.0,12.0,1,2,2.0,2.0,2.0,2.0,3.0,3.0,1.0,1.0,3.0,227.73,2.0,-1.0,-1.0,-1.0,-1.0,-1.0,-1.0
11,2,1,1,1,4,2,40,66+,1,1,1,4,9.0,7.0,9.0,2.0,-1.0,-1.0,-1.0,-1.0,-1.0,281.9643816,1946,1.0,1.0,5.0,4.0,5.42,5.0,25.26,-1.0,-1.0,-1.0,2.0,-1.0,-1.0,2.0,-1.0,2.0,-1.0,-1.0,2.0,-1.0,2.0,-1.0,-1.0,-1.0,-1.0,-1.0,-1.0,2.0,1.0,2.0,1.0,1.0,-1.0,-1.0,1.0,1.0,1.0,1.0,20000.0,-1.0,-1.0,<10k,2,-1.0,-1.0,1,8000.0,2.0,2,-1.0,-1.0,2,-1.0,-1.0,2,-1.0,-1.0,2,-1.0,-1.0,2,-1.0,-1.0,2,-1.0,-1.0,2,-1.0,-1.0,2,-1.0,-1.0,0.0,4.24,0.0,8.08,0.0,6.33,3.0,16.57,YES,YES,8.0,49.0,8.0,45.13,2.0,16.02,3.0,24.54,6.0,36.98,6.0,41.9,6.0,41.57,0.0,5.46,0.0,5.28,6.0,44.24,6.0,45.58,1,2,2,1,0.0,2.0,7,3,5.0,2,1.0,1.0,-1.1,-1.12,8.0,2.0,12.0,12.0,1,2,2.0,2.0,2.0,2.0,3.0,3.0,1.0,1.0,3.0,230.99,2.0,-1.0,-1.0,-1.0,-1.0,-1.0,-1.0
11,2,1,1,1,1,1,80,19-35,1,1,1,2,9.0,10.0,1.0,1.0,6121.0,1414.0,5.0,-1.0,-1.0,281.9643816,1985,-1.0,-1.0,-1.0,-1.0,-0.98,-1.0,-1.19,-1.0,-1.0,-1.0,2.0,-1.0,-1.0,2.0,-1.0,1.0,2.0,2.0,2.0,-1.0,2.0,-1.0,-1.0,-1.0,-1.0,-1.0,-1.0,1.0,2.0,2.0,2.0,3.0,1.0,1.0,1.0,1.0,1.0,1.0,1000.0,-1.0,-1.0,<10k,2,-1.0,-1.0,1,8000.0,2.0,2,-1.0,-1.0,2,-1.0,-1.0,2,-1.0,-1.0,2,-1.0,-1.0,2,-1.0,-1.0,2,-1.0,-1.0,2,-1.0,-1.0,2,-1.0,-1.0,0.0,5.07,0.0,7.16,0.0,5.66,3.0,18.41,YES,YES,8.0,39.19,8.0,51.79,2.0,12.81,3.0,25.35,6.0,44.09,6.0,37.06,6.0,42.96,0.0,6.54,0.0,5.46,6.0,40.41,6.0,45.79,1,2,2,1,0.0,2.0,7,3,5.0,2,1.0,1.0,-0.91,-1.16,8.0,2.0,12.0,12.0,1,2,2.0,2.0,2.0,2.0,3.0,3.0,1.0,1.0,3.0,181.49,2.0,-1.0,-1.0,-1.0,-1.0,-1.0,-1.0
11,2,1,1,1,2,2,90,19-35,1,1,1,2,9.0,13.0,1.0,1.0,9215.0,1414.0,6.0,-1.0,-1.0,281.9643816,1994,1.0,1.0,8.0,7.0,3.01,5.0,33.18,-1.0,-1.0,-1.0,2.0,-1.0,-1.0,2.0,-1.0,2.0,-1.0,-1.0,2.0,-1.0,2.0,-1.0,-1.0,-1.0,-1.0,-1.0,-1.0,2.0,1.0,2.0,1.0,1.0,-1.0,-1.0,1.0,1.0,1.0,1.0,30000.0,-1.0,-1.0,<10k,2,-1.0,-1.0,1,8000.0,2.0,2,-1.0,-1.0,2,-1.0,-1.0,2,-1.0,-1.0,2,-1.0,-1.0,2,-1.0,-1.0,2,-1.0,-1.0,2,-1.0,-1.0,2,-1.0,-1.0,0.0,4.97,0.0,6.83,0.0,6.2,3.0,23.2,YES,YES,8.0,50.54,8.0,46.58,2.0,16.76,3.0,23.7,6.0,43.52,6.0,42.51,6.0,40.77,0.0,5.88,0.0,4.62,6.0,41.01,6.0,38.49,1,2,2,1,0.0,2.0,7,3,5.0,2,1.0,1.0,-0.98,-1.16,8.0,2.0,12.0,12.0,1,2,2.0,2.0,2.0,2.0,3.0,3.0,1.0,1.0,3.0,205.46,2.0,-1.0,-1.0,-1.0,-1.0,-1.0,-1.0
11,2,1,1,1,3,2,10,0-18,1,1,1,1,-1.0,-1.0,-1.0,-1.0,-1.0,-1.0,-1.0,-1.0,-1.0,281.9643816,2017,1.0,1.0,6.0,5.0,2.87,5.0,10.34,-1.0,-1.0,-1.0,2.0,-1.0,-1.0,2.0,-1.0,2.0,-1.0,-1.0,2.0,-1.0,2.0,-1.0,-1.0,-1.0,-1.0,-1.0,-1.0,2.0,1.0,2.0,1.0,1.0,-1.0,-1.0,1.0,1.0,1.0,1.0,10000.0,-1.0,-1.0,<10k,2,-1.0,-1.0,1,8000.0,2.0,2,-1.0,-1.0,2,-1.0,-1.0,2,-1.0,-1.0,2,-1.0,-1.0,2,-1.0,-1.0,2,-1.0,-1.0,2,-1.0,-1.0,2,-1.0,-1.0,0.0,5.37,0.0,8.33,0.0,7.7,3.0,22.9,YES,YES,8.0,39.47,8.0,43.22,2.0,13.7,3.0,28.58,6.0,42.47,6.0,35.96,6.0,45.87,0.0,5.8,0.0,5.22,6.0,37.88,6.0,36.08,1,2,2,1,0.0,2.0,7,3,5.0,2,1.0,1.0,-0.9,-1.05,8.0,2.0,12.0,12.0,1,2,2.0,2.0,2.0,2.0,3.0,3.0,1.0,1.0,3.0,182.57,2.0,-1.0,-1.0,-1.0,-1.0,-1.0,-1.0
11,1,1,1,1,1,1,70,36-50,1,1,1,2,9.0,13.0,1.0,1.0,1346.0,64910.0,3.0,-1.0,-1.0,236.536206,1972,-1.0,-1.0,-1.0,-1.0,-1.05,-1.0,-0.98,-1.0,-1.0,-1.0,2.0,-1.0,-1.0,2.0,-1.0,2.0,-1.0,-1.0,2.0,-1.0,2.0,-1.0,-1.0,-1.0,-1.0,-1.0,-1.0,2.0,1.0,1.0,1.0,1.0,-1.0,-1.0,1.0,1.0,1.0,1.0,115000.0,-1.0,-1.0,<10k,2,-1.0,-1.0,2,-1.0,-1.0,1,1800000.0,3.0,2,-1.0,-1.0,2,-1.0,-1.0,2,-1.0,-1.0,2,-1.0,-1.0,2,-1.0,-1.0,2,-1.0,-1.0,2,-1.0,-1.0,0.0,5.33,0.0,10.0,0.0,15.35,0.0,23.69,YES,YES,0.0,19.35,0.0,20.33,0.0,10.37,0.0,15.48,0.0,14.18,0.0,20.04,0.0,20.82,0.0,13.7,0.0,11.78,0.0,15.89,0.0,19.65,1,1,1,1,2.0,5.0,1,2,2.0,2,4.0,1.0,-1.22,-1.11,1.0,2.0,12.0,12.0,1,2,2.0,1.0,1.0,1.0,1.0,1.0,3.0,2.0,-1.0,-1.05,2.0,-1.0,-1.0,-1.0,-1.0,-1.0,-1.0
11,1,1,1,1,2,2,80,36-50,1,1,1,2,9.0,13.0,1.0,1.0,4311.0,25112.0,3.0,-1.0,-1.0,236.536206,1983,-1.0,-1.0,-1.0,-1.0,-0.98,-1.0,-1.13,-1.0,-1.0,-1.0,2.0,-1.0,-1.0,1.0,3.0,2.0,-1.0,-1.0,2.0,-1.0,2.0,-1.0,-1.0,-1.0,-1.0,-1.0,-1.0,1.0,1.0,1.0,1.0,1.0,-1.0,-1.0,1.0,1.0,1.0,1.0,28500.0,-1.0,-1.0,<10k,2,-1.0,-1.0,2,-1.0,-1.0,1,1800000.0,3.0,2,-1.0,-1.0,2,-1.0,-1.0,2,-1.0,-1.0,2,-1.0,-1.0,2,-1.0,-1.0,2,-1.0,-1.0,2,-1.0,-1.0,0.0,5.74,0.0,10.66,0.0,15.64,0.0,31.76,YES,YES,0.0,21.8,0.0,19.45,0.0,11.79,0.0,15.2,0.0,13.1,0.0,23.04,0.0,20.09,0.0,12.82,0.0,10.69,0.0,13.02,0.0,16.61,1,1,1,1,2.0,5.0,1,2,2.0,2,4.0,1.0,-0.95,-0.9,1.0,2.0,12.0,12.0,1,2,2.0,1.0,1.0,1.0,1.0,1.0,3.0,2.0,-1.0,-0.94,2.0,-1.0,-1.0,-1.0,-1.0,-1.0,-1.0
11,1,1,1,1,1,1,60,51-65,1,1,1,2,9.0,16.0,1.0,1.0,1120.0,84120.0,1.0,-1.0,-1.0,236.536206,1961,-1.0,-1.0,-1.0,-1.0,-0.99,-1.0,-0.91,-1.0,-1.0,-1.0,2.0,-1.0,-1.0,2.0,-1.0,2.0,-1.0,-1.0,2.0,-1.0,2.0,-1.0,-1.0,-1.0,-1.0,-1.0,-1.0,2.0,1.0,1.0,1.0,1.0,-1.0,-1.0,1.0,1.0,1.0,1.0,115000.0,-1.0,-1.0,<10k,2,-1.0,-1.0,2,-1.0,-1.0,1,1800000.0,3.0,2,-1.0,-1.0,2,-1.0,-1.0,2,-1.0,-1.0,2,-1.0,-1.0,2,-1.0,-1.0,2,-1.0,-1.0,2,-1.0,-1.0,0.0,4.54,0.0,11.18,0.0,17.29,0.0,26.35,YES,YES,0.0,19.43,0.0,22.36,0.0,9.21,0.0,13.92,0.0,13.62,0.0,14.99,0.0,20.97,0.0,16.68,0.0,7.49,0.0,12.94,0.0,22.31,1,1,1,1,2.0,5.0,1,2,2.0,2,4.0,1.0,-1.23,-1.04,1.0,2.0,12.0,12.0,1,2,2.0,1.0,1.0,1.0,1.0,1.0,3.0,2.0,-1.0,-1.05,2.0,-1.0,-1.0,-1.0,-1.0,-1.0,-1.0
11,1,1,1,1,2,2,60,51-65,1,1,1,2,9.0,15.0,1.0,1.0,2330.0,85211.0,1.0,-1.0,-1.0,236.536206,1965,-1.0,-1.0,-1.0,-1.0,-1.04,-1.0,-1.18,-1.0,-1.0,-1.0,2.0,-1.0,-1.0,1.0,3.0,2.0,-1.0,-1.0,2.0,-1.0,2.0,-1.0,-1.0,-1.0,-1.0,-1.0,-1.0,1.0,1.0,1.0,1.0,1.0,-1.0,-1.0,1.0,1.0,1.0,1.0,28500.0,-1.0,-1.0,<10k,2,-1.0,-1.0,2,-1.0,-1.0,1,1800000.0,3.0,2,-1.0,-1.0,2,-1.0,-1.0,2,-1.0,-1.0,2,-1.0,-1.0,2,-1.0,-1.0,2,-1.0,-1.0,2,-1.0,-1.0,0.0,5.69,0.0,10.66,0.0,14.45,0.0,29.38,YES,YES,0.0,19.42,0.0,19.28,0.0,10.44,0.0,14.61,0.0,16.1,0.0,19.0,0.0,20.35,0.0,13.4,0.0,9.7,0.0,14.5,0.0,21.67,1,1,1,1,2.0,5.0,1,2,2.0,2,4.0,1.0,-0.98,-0.93,1.0,2.0,12.0,12.0,1,2,2.0,1.0,1.0,1.0,1.0,1.0,3.0,2.0,-1.0,-0.94,2.0,-1.0,-1.0,-1.0,-1.0,-1.0,-1.0
11,1,1,1,2,3,1,90,19-35,1,1,1,1,9.0,15.0,-1.0,-1.0,-1.0,-1.0,-1.0,2.0,2.0,236.536206,1992,1.0,2.0,13.0,12.0,5.49,6.0,28.63,-1.0,-1.0,-1.0,2.0,-1.0,-1.0,2.0,-1.0,2.0,-1.0,-1.0,2.0,-1.0,2.0,-1.0,-1.0,-1.0,-1.0,-1.0,-1.0,2.0,1.0,2.0,1.0,1.0,-1.0,-1.0,1.0,1.0,1.0,1.0,27500.0,-1.0,-1.0,<10k,2,-1.0,-1.0,2,-1.0,-1.0,1,1800000.0,3.0,2,-1.0,-1.0,2,-1.0,-1.0,2,-1.0,-1.0,2,-1.0,-1.0,2,-1.0,-1.0,2,-1.0,-1.0,2,-1.0,-1.0,0.0,4.88,0.0,11.18,0.0,12.95,0.0,31.64,YES,YES,0.0,21.4,0.0,15.71,0.0,10.96,0.0,13.47,0.0,17.05,0.0,17.33,0.0,20.86,0.0,14.22,0.0,11.38,0.0,15.36,0.0,18.06,1,1,1,1,2.0,5.0,1,2,2.0,2,4.0,1.0,-1.04,-1.08,1.0,2.0,12.0,12.0,1,2,2.0,1.0,1.0,1.0,1.0,1.0,3.0,2.0,-1.0,-0.91,2.0,-1.0,-1.0,-1.0,-1.0,-1.0,-1.0
11,1,1,1,1,3,2,90,19-35,1,1,1,1,9.0,15.0,1.0,1.0,1346.0,64191.0,3.0,-1.0,-1.0,236.536206,1995,3.0,-1.0,-1.0,-1.0,-0.98,-1.0,-1.06,-1.0,8.0,2017.0,2.0,-1.0,-1.0,2.0,-1.0,2.0,-1.0,-1.0,2.0,-1.0,2.0,-1.0,-1.0,-1.0,-1.0,-1.0,-1.0,1.0,1.0,2.0,1.0,1.0,-1.0,-1.0,1.0,1.0,1.0,1.0,54000.0,-1.0,-1.0,<10k,2,-1.0,-1.0,2,-1.0,-1.0,1,1800000.0,3.0,2,-1.0,-1.0,2,-1.0,-1.0,2,-1.0,-1.0,2,-1.0,-1.0,2,-1.0,-1.0,2,-1.0,-1.0,2,-1.0,-1.0,0.0,4.68,0.0,10.67,0.0,14.37,0.0,33.87,YES,YES,0.0,19.93,0.0,21.45,0.0,10.95,0.0,15.63,0.0,15.51,0.0,17.51,0.0,21.35,0.0,12.9,0.0,9.62,0.0,14.78,0.0,20.67,1,1,1,1,2.0,5.0,1,2,2.0,2,4.0,1.0,-0.99,-0.99,1.0,2.0,12.0,12.0,1,2,2.0,1.0,1.0,1.0,1.0,1.0,3.0,2.0,-1.0,-0.83,2.0,-1.0,-1.0,-1.0,-1.0,-1.0,-1.0
11,1,1,1,1,6,2,60,51-65,1,1,1,2,9.0,8.0,1.0,1.0,9111.0,97006.0,3.0,-1.0,-1.0,236.536206,1962,1.0,1.0,7.0,6.0,5.37,3.0,27.47,-1.0,-1.0,-1.0,2.0,-1.0,-1.0,2.0,-1.0,2.0,-1.0,-1.0,2.0,-1.0,2.0,-1.0,-1.0,-1.0,-1.0,-1.0,-1.0,2.0,1.0,2.0,1.0,1.0,-1.0,-1.0,1.0,1.0,1.0,1.0,22000.0,-1.0,-1.0,<10k,2,-1.0,-1.0,2,-1.0,-1.0,1,1800000.0,3.0,2,-1.0,-1.0,2,-1.0,-1.0,2,-1.0,-1.0,2,-1.0,-1.0,2,-1.0,-1.0,2,-1.0,-1.0,2,-1.0,-1.0,0.0,5.55,0.0,8.93,0.0,17.5,0.0,29.34,YES,YES,0.0,21.38,0.0,19.86,0.0,9.15,0.0,16.37,0.0,18.7,0.0,19.23,0.0,20.77,0.0,10.18,0.0,10.46,0.0,15.71,0.0,19.45,1,1,1,1,2.0,5.0,1,2,2.0,2,4.0,1.0,-1.08,-1.05,1.0,2.0,12.0,12.0,1,2,2.0,1.0,1.0,1.0,1.0,1.0,3.0,2.0,-1.0,-0.91,2.0,-1.0,-1.0,-1.0,-1.0,-1.0,-1.0
11,1,1,1,1,1,1,50,51-65,1,1,1,4,9.0,10.0,4.0,2.0,-1.0,-1.0,-1.0,-1.0,-1.0,236.536206,1957,-1.0,-1.0,-1.0,-1.0,-0.92,-1.0,-0.95,-1.0,-1.0,-1.0,2.0,-1.0,-1.0,2.0,-1.0,2.0,-1.0,-1.0,2.0,-1.0,2.0,-1.0,-1.0,-1.0,-1.0,-1.0,-1.0,2.0,1.0,1.0,1.0,1.0,-1.0,-1.0,1.0,1.0,1.0,1.0,115000.0,-1.0,-1.0,<10k,2,-1.0,-1.0,2,-1.0,-1.0,1,1800000.0,3.0,2,-1.0,-1.0,2,-1.0,-1.0,2,-1.0,-1.0,2,-1.0,-1.0,2,-1.0,-1.0,2,-1.0,-1.0,2,-1.0,-1.0,0.0,4.19,0.0,9.44,0.0,13.14,0.0,31.8,YES,YES,0.0,19.04,0.0,17.58,0.0,9.95,0.0,15.55,0.0,16.67,0.0,20.26,0.0,20.11,0.0,15.11,0.0,8.54,0.0,11.84,0.0,21.54,1,1,1,1,2.0,5.0,1,2,2.0,2,4.0,1.0,-1.01,-1.06,1.0,2.0,12.0,12.0,1,2,2.0,1.0,1.0,1.0,1.0,1.0,3.0,2.0,-1.0,-0.97,2.0,-1.0,-1.0,-1.0,-1.0,-1.0,-1.0
11,1,1,1,1,5,2,50,51-65,1,1,1,1,9.0,10.0,7.0,2.0,-1.0,-1.0,-1.0,-1.0,-1.0,236.536206,1959,-1.0,-1.0,-1.0,-1.0,-0.88,-1.0,-0.97,-1.0,-1.0,-1.0,2.0,-1.0,-1.0,1.0,3.0,2.0,-1.0,-1.0,2.0,-1.0,2.0,-1.0,-1.0,-1.0,-1.0,-1.0,-1.0,1.0,1.0,1.0,1.0,1.0,-1.0,-1.0,1.0,1.0,1.0,1.0,28500.0,-1.0,-1.0,<10k,2,-1.0,-1.0,2,-1.0,-1.0,1,1800000.0,3.0,2,-1.0,-1.0,2,-1.0,-1.0,2,-1.0,-1.0,2,-1.0,-1.0,2,-1.0,-1.0,2,-1.0,-1.0,2,-1.0,-1.0,0.0,5.25,0.0,9.89,0.0,13.41,0.0,33.42,YES,YES,0.0,20.72,0.0,17.8,0.0,10.39,0.0,14.36,0.0,13.4,0.0,21.15,0.0,22.12,0.0,14.28,0.0,10.94,0.0,15.03,0.0,21.74,1,1,1,1,2.0,5.0,1,2,2.0,2,4.0,1.0,-1.18,-1.0,1.0,2.0,12.0,12.0,1,2,2.0,1.0,1.0,1.0,1.0,1.0,3.0,2.0,-1.0,-1.14,2.0,-1.0,-1.0,-1.0,-1.0,-1.0,-1.0
11,1,1,1,1,1,1,50,51-65,1,1,1,2,9.0,15.0,2.0,1.0,2330.0,85492.0,3.0,-1.0,-1.0,236.536206,1957,-1.0,-1.0,-1.0,-1.0,-0.93,-1.0,-1.2,-1.0,-1.0,-1.0,2.0,-1.0,-1.0,2.0,-1.0,2.0,-1.0,-1.0,2.0,-1.0,2.0,-1.0,-1.0,-1.0,-1.0,-1.0,-1.0,2.0,1.0,1.0,1.0,1.0,-1.0,-1.0,1.0,1.0,1.0,1.0,115000.0,-1.0,-1.0,<10k,2,-1.0,-1.0,2,-1.0,-1.0,1,1800000.0,3.0,2,-1.0,-1.0,2,-1.0,-1.0,2,-1.0,-1.0,2,-1.0,-1.0,2,-1.0,-1.0,2,-1.0,-1.0,2,-1.0,-1.0,0.0,4.45,0.0,12.0,0.0,15.65,0.0,29.44,YES,YES,0.0,18.74,0.0,20.57,0.0,11.17,0.0,14.37,0.0,15.66,0.0,18.86,0.0,26.39,0.0,14.11,0.0,9.27,0.0,14.9,0.0,19.92,1,1,1,1,2.0,5.0,1,2,2.0,2,4.0,1.0,-1.09,-1.18,1.0,2.0,12.0,12.0,1,2,2.0,1.0,1.0,1.0,1.0,1.0,3.0,2.0,-1.0,-1.02,2.0,-1.0,-1.0,-1.0,-1.0,-1.0,-1.0
11,1,1,1,1,2,2,60,51-65,1,1,1,2,9.0,16.0,2.0,1.0,2310.0,84120.0,1.0,-1.0,-1.0,236.536206,1965,-1.0,-1.0,-1.0,-1.0,-1.09,-1.0,-0.92,-1.0,-1.0,-1.0,2.0,-1.0,-1.0,1.0,3.0,2.0,-1.0,-1.0,2.0,-1.0,2.0,-1.0,-1.0,-1.0,-1.0,-1.0,-1.0,1.0,1.0,1.0,1.0,1.0,-1.0,-1.0,1.0,1.0,1.0,1.0,28500.0,-1.0,-1.0,<10k,2,-1.0,-1.0,2,-1.0,-1.0,1,1800000.0,3.0,2,-1.0,-1.0,2,-1.0,-1.0,2,-1.0,-1.0,2,-1.0,-1.0,2,-1.0,-1.0,2,-1.0,-1.0,2,-1.0,-1.0,0.0,4.47,0.0,9.55,0.0,15.15,0.0,28.13,YES,YES,0.0,18.85,0.0,21.73,0.0,8.64,0.0,15.6,0.0,14.17,0.0,23.28,0.0,21.52,0.0,16.08,0.0,10.67,0.0,14.99,0.0,23.31,1,1,1,1,2.0,5.0,1,2,2.0,2,4.0,1.0,-0.92,-1.07,1.0,2.0,12.0,12.0,1,2,2.0,1.0,1.0,1.0,1.0,1.0,3.0,2.0,-1.0,-0.99,2.0,-1.0,-1.0,-1.0,-1.0,-1.0,-1.0
11,1,1,1,1,3,1,90,19-35,1,1,1,1,3.0,13.0,8.0,2.0,-1.0,-1.0,-1.0,-1.0,-1.0,236.536206,1995,1.0,2.0,13.0,12.0,5.43,6.0,28.41,-1.0,-1.0,-1.0,2.0,-1.0,-1.0,2.0,-1.0,2.0,-1.0,-1.0,2.0,-1.0,2.0,-1.0,-1.0,-1.0,-1.0,-1.0,-1.0,2.0,1.0,2.0,1.0,1.0,-1.0,-1.0,1.0,1.0,1.0,1.0,27500.0,-1.0,-1.0,<10k,2,-1.0,-1.0,2,-1.0,-1.0,1,1800000.0,3.0,2,-1.0,-1.0,2,-1.0,-1.0,2,-1.0,-1.0,2,-1.0,-1.0,2,-1.0,-1.0,2,-1.0,-1.0,2,-1.0,-1.0,0.0,4.07,0.0,9.79,0.0,18.18,0.0,27.62,YES,YES,0.0,21.07,0.0,20.85,0.0,8.61,0.0,16.12,0.0,14.82,0.0,21.43,0.0,21.32,0.0,13.67,0.0,9.23,0.0,16.45,0.0,21.38,1,1,1,1,2.0,5.0,1,2,2.0,2,4.0,1.0,-0.97,-0.75,1.0,2.0,12.0,12.0,1,2,2.0,1.0,1.0,1.0,1.0,1.0,3.0,2.0,-1.0,-1.05,2.0,-1.0,-1.0,-1.0,-1.0,-1.0,-1.0
11,1,1,1,1,3,2,0,19-35,1,1,1,1,4.0,13.0,8.0,2.0,-1.0,-1.0,-1.0,-1.0,-1.0,236.536206,2000,3.0,-1.0,-1.0,-1.0,-0.96,-1.0,-1.12,-1.0,8.0,2017.0,2.0,-1.0,-1.0,2.0,-1.0,2.0,-1.0,-1.0,2.0,-1.0,2.0,-1.0,-1.0,-1.0,-1.0,-1.0,-1.0,1.0,1.0,2.0,1.0,1.0,-1.0,-1.0,1.0,1.0,1.0,1.0,54000.0,-1.0,-1.0,<10k,2,-1.0,-1.0,2,-1.0,-1.0,1,1800000.0,3.0,2,-1.0,-1.0,2,-1.0,-1.0,2,-1.0,-1.0,2,-1.0,-1.0,2,-1.0,-1.0,2,-1.0,-1.0,2,-1.0,-1.0,0.0,4.81,0.0,8.97,0.0,14.03,0.0,30.44,YES,YES,0.0,22.8,0.0,19.3,0.0,9.09,0.0,16.01,0.0,10.5,0.0,21.61,0.0,17.35,0.0,12.72,0.0,9.93,0.0,17.52,0.0,18.84,1,1,1,1,2.0,5.0,1,2,2.0,2,4.0,1.0,-0.98,-1.02,1.0,2.0,12.0,12.0,1,2,2.0,1.0,1.0,1.0,1.0,1.0,3.0,2.0,-1.0,-0.91,2.0,-1.0,-1.0,-1.0,-1.0,-1.0,-1.0
11,1,1,1,1,1,2,50,51-65,1,1,4,4,9.0,11.0,7.0,2.0,-1.0,-1.0,-1.0,-1.0,-1.0,236.536206,1953,-1.0,-1.0,-1.0,-1.0,-1.04,-1.0,-0.93,-1.0,-1.0,-1.0,2.0,-1.0,-1.0,2.0,-1.0,2.0,-1.0,-1.0,2.0,-1.0,2.0,-1.0,-1.0,-1.0,-1.0,-1.0,-1.0,2.0,1.0,1.0,1.0,1.0,-1.0,-1.0,1.0,1.0,1.0,1.0,115000.0,-1.0,-1.0,<10k,2,-1.0,-1.0,2,-1.0,-1.0,1,1800000.0,3.0,2,-1.0,-1.0,2,-1.0,-1.0,2,-1.0,-1.0,2,-1.0,-1.0,2,-1.0,-1.0,2,-1.0,-1.0,2,-1.0,-1.0,0.0,4.92,0.0,9.39,0.0,14.59,0.0,30.03,YES,YES,0.0,23.48,0.0,21.4,0.0,10.7,0.0,15.55,0.0,14.43,0.0,16.58,0.0,21.85,0.0,13.89,0.0,11.0,0.0,17.27,0.0,21.03,1,1,1,1,2.0,5.0,1,2,2.0,2,4.0,1.0,-0.92,-1.09,1.0,2.0,12.0,12.0,1,2,2.0,1.0,1.0,1.0,1.0,1.0,3.0,2.0,-1.0,-0.96,2.0,-1.0,-1.0,-1.0,-1.0,-1.0,-1.0
11,1,1,1,1,3,1,80,19-35,1,1,4,1,9.0,15.0,1.0,1.0,5221.0,47734.0,5.0,-1.0,-1.0,236.536206,1987,-1.0,-1.0,-1.0,-1.0,-1.02,-1.0,-0.99,-1.0,-1.0,-1.0,2.0,-1.0,-1.0,1.0,3.0,2.0,-1.0,-1.0,2.0,-1.0,2.0,-1.0,-1.0,-1.0,-1.0,-1.0,-1.0,1.0,1.0,1.0,1.0,1.0,-1.0,-1.0,1.0,1.0,1.0,1.0,28500.0,-1.0,-1.0,<10k,2,-1.0,-1.0,2,-1.0,-1.0,1,1800000.0,3.0,2,-1.0,-1.0,2,-1.0,-1.0,2,-1.0,-1.0,2,-1.0,-1.0,2,-1.0,-1.0,2,-1.0,-1.0,2,-1.0,-1.0,0.0,5.57,0.0,8.58,0.0,15.26,0.0,23.15,YES,YES,0.0,22.61,0.0,19.37,0.0,11.15,0.0,14.89,0.0,14.17,0.0,21.1,0.0,19.36,0.0,16.44,0.0,10.17,0.0,16.69,0.0,20.93,1,1,1,1,2.0,5.0,1,2,2.0,2,4.0,1.0,-1.09,-0.99,1.0,2.0,12.0,12.0,1,2,2.0,1.0,1.0,1.0,1.0,1.0,3.0,2.0,-1.0,-1.03,2.0,-1.0,-1.0,-1.0,-1.0,-1.0,-1.0
11,1,1,1,1,1,1,20,66+,1,1,1,2,9.0,10.0,9.0,2.0,-1.0,-1.0,-1.0,-1.0,-1.0,236.536206,1928,-1.0,-1.0,-1.0,-1.0,-1.15,-1.0,-0.99,-1.0,-1.0,-1.0,2.0,-1.0,-1.0,2.0,-1.0,2.0,-1.0,-1.0,2.0,-1.0,2.0,-1.0,-1.0,-1.0,-1.0,-1.0,-1.0,2.0,1.0,1.0,1.0,1.0,-1.0,-1.0,1.0,1.0,1.0,1.0,115000.0,-1.0,-1.0,<10k,2,-1.0,-1.0,2,-1.0,-1.0,1,1800000.0,3.0,2,-1.0,-1.0,2,-1.0,-1.0,2,-1.0,-1.0,2,-1.0,-1.0,2,-1.0,-1.0,2,-1.0,-1.0,2,-1.0,-1.0,0.0,4.05,0.0,9.08,0.0,16.22,0.0,32.94,YES,YES,0.0,20.99,0.0,21.8,0.0,9.63,0.0,13.43,0.0,13.27,0.0,20.54,0.0,18.36,0.0,15.27,0.0,9.74,0.0,15.19,0.0,16.76,1,1,1,1,2.0,5.0,1,2,2.0,2,4.0,1.0,-1.06,-1.0,1.0,2.0,12.0,12.0,1,2,2.0,1.0,1.0,1.0,1.0,1.0,3.0,2.0,-1.0,-0.92,2.0,-1.0,-1.0,-1.0,-1.0,-1.0,-1.0
11,1,1,1,1,2,2,30,66+,1,1,1,2,9.0,6.0,9.0,2.0,-1.0,-1.0,-1.0,-1.0,-1.0,236.536206,1937,-1.0,-1.0,-1.0,-1.0,-1.14,-1.0,-1.08,-1.0,-1.0,-1.0,2.0,-1.0,-1.0,1.0,3.0,2.0,-1.0,-1.0,2.0,-1.0,2.0,-1.0,-1.0,-1.0,-1.0,-1.0,-1.0,1.0,1.0,1.0,1.0,1.0,-1.0,-1.0,1.0,1.0,1.0,1.0,28500.0,-1.0,-1.0,<10k,2,-1.0,-1.0,2,-1.0,-1.0,1,1800000.0,3.0,2,-1.0,-1.0,2,-1.0,-1.0,2,-1.0,-1.0,2,-1.0,-1.0,2,-1.0,-1.0,2,-1.0,-1.0,2,-1.0,-1.0,0.0,5.67,0.0,9.8,0.0,14.26,0.0,26.95,YES,YES,0.0,17.83,0.0,19.97,0.0,10.12,0.0,18.36,0.0,18.49,0.0,19.32,0.0,19.23,0.0,13.28,0.0,9.16,0.0,14.31,0.0,18.89,1,1,1,1,2.0,5.0,1,2,2.0,2,4.0,1.0,-0.78,-1.08,1.0,2.0,12.0,12.0,1,2,2.0,1.0,1.0,1.0,1.0,1.0,3.0,2.0,-1.0,-1.14,2.0,-1.0,-1.0,-1.0,-1.0,-1.0,-1.0
11,1,1,1,1,3,2,70,36-50,1,1,1,1,9.0,11.0,7.0,2.0,-1.0,-1.0,-1.0,-1.0,-1.0,236.536206,1974,1.0,2.0,13.0,12.0,5.52,6.0,29.3,-1.0,-1.0,-1.0,2.0,-1.0,-1.0,2.0,-1.0,2.0,-1.0,-1.0,2.0,-1.0,2.0,-1.0,-1.0,-1.0,-1.0,-1.0,-1.0,2.0,1.0,2.0,1.0,1.0,-1.0,-1.0,1.0,1.0,1.0,1.0,27500.0,-1.0,-1.0,<10k,2,-1.0,-1.0,2,-1.0,-1.0,1,1800000.0,3.0,2,-1.0,-1.0,2,-1.0,-1.0,2,-1.0,-1.0,2,-1.0,-1.0,2,-1.0,-1.0,2,-1.0,-1.0,2,-1.0,-1.0,0.0,4.81,0.0,9.06,0.0,16.48,0.0,31.0,YES,YES,0.0,20.47,0.0,20.67,0.0,10.91,0.0,13.48,0.0,15.13,0.0,22.17,0.0,18.92,0.0,13.08,0.0,9.51,0.0,14.39,0.0,22.53,1,1,1,1,2.0,5.0,1,2,2.0,2,4.0,1.0,-0.96,-0.96,1.0,2.0,12.0,12.0,1,2,2.0,1.0,1.0,1.0,1.0,1.0,3.0,2.0,-1.0,-1.03,2.0,-1.0,-1.0,-1.0,-1.0,-1.0,-1.0
11,1,1,1,1,3,2,70,36-50,1,1,1,1,9.0,15.0,1.0,1.0,2342.0,85101.0,3.0,-1.0,-1.0,236.536206,1975,3.0,-1.0,-1.0,-1.0,-0.87,-1.0,-0.91,-1.0,8.0,2017.0,2.0,-1.0,-1.0,2.0,-1.0,2.0,-1.0,-1.0,2.0,-1.0,2.0,-1.0,-1.0,-1.0,-1.0,-1.0,-1.0,1.0,1.0,2.0,1.0,1.0,-1.0,-1.0,1.0,1.0,1.0,1.0,54000.0,-1.0,-1.0,<10k,2,-1.0,-1.0,2,-1.0,-1.0,1,1800000.0,3.0,2,-1.0,-1.0,2,-1.0,-1.0,2,-1.0,-1.0,2,-1.0,-1.0,2,-1.0,-1.0,2,-1.0,-1.0,2,-1.0,-1.0,0.0,5.53,0.0,9.48,0.0,12.45,0.0,32.55,YES,YES,0.0,22.01,0.0,18.59,0.0,9.3,0.0,11.34,0.0,13.41,0.0,22.9,0.0,24.36,0.0,13.87,0.0,11.22,0.0,13.48,0.0,20.63,1,1,1,1,2.0,5.0,1,2,2.0,2,4.0,1.0,-1.11,-0.94,1.0,2.0,12.0,12.0,1,2,2.0,1.0,1.0,1.0,1.0,1.0,3.0,2.0,-1.0,-1.18,2.0,-1.0,-1.0,-1.0,-1.0,-1.0,-1.0
11,1,1,1,1,3,1,70,36-50,1,1,1,2,9.0,11.0,1.0,1.0,3441.0,74201.0,5.0,-1.0,-1.0,236.536206,1979,1.0,1.0,7.0,6.0,6.0,3.0,35.78,-1.0,-1.0,-1.0,2.0,-1.0,-1.0,2.0,-1.0,2.0,-1.0,-1.0,2.0,-1.0,2.0,-1.0,-1.0,-1.0,-1.0,-1.0,-1.0,2.0,1.0,2.0,1.0,1.0,-1.0,-1.0,1.0,1.0,1.0,1.0,22000.0,-1.0,-1.0,<10k,2,-1.0,-1.0,2,-1.0,-1.0,1,1800000.0,3.0,2,-1.0,-1.0,2,-1.0,-1.0,2,-1.0,-1.0,2,-1.0,-1.0,2,-1.0,-1.0,2,-1.0,-1.0,2,-1.0,-1.0,0.0,5.82,0.0,12.82,0.0,15.13,0.0,30.61,YES,YES,0.0,21.32,0.0,22.45,0.0,11.17,0.0,15.88,0.0,15.33,0.0,24.28,0.0,19.78,0.0,16.04,0.0,10.96,0.0,17.51,0.0,19.07,1,1,1,1,2.0,5.0,1,2,2.0,2,4.0,1.0,-1.07,-0.93,1.0,2.0,12.0,12.0,1,2,2.0,1.0,1.0,1.0,1.0,1.0,3.0,2.0,-1.0,-1.1,2.0,-1.0,-1.0,-1.0,-1.0,-1.0,-1.0
11,1,1,1,1,5,2,80,19-35,1,1,1,2,9.0,12.0,7.0,2.0,-1.0,-1.0,-1.0,-1.0,-1.0,236.536206,1984,-1.0,-1.0,-1.0,-1.0,-1.0,-1.0,-0.83,-1.0,-1.0,-1.0,2.0,-1.0,-1.0,2.0,-1.0,2.0,-1.0,-1.0,2.0,-1.0,2.0,-1.0,-1.0,-1.0,-1.0,-1.0,-1.0,2.0,1.0,2.0,1.0,1.0,-1.0,-1.0,1.0,1.0,1.0,-1.0,-1.0,-1.0,-1.0,<10k,2,-1.0,-1.0,2,-1.0,-1.0,1,1800000.0,3.0,2,-1.0,-1.0,2,-1.0,-1.0,2,-1.0,-1.0,2,-1.0,-1.0,2,-1.0,-1.0,2,-1.0,-1.0,2,-1.0,-1.0,0.0,4.84,0.0,10.6,0.0,13.21,0.0,28.59,YES,YES,0.0,22.23,0.0,23.27,0.0,10.62,0.0,17.03,0.0,16.72,0.0,20.6,0.0,19.0,0.0,13.99,0.0,9.36,0.0,14.63,0.0,18.22,1,1,1,1,2.0,5.0,1,2,2.0,2,4.0,1.0,-0.95,-0.86,1.0,2.0,12.0,12.0,1,2,2.0,1.0,1.0,1.0,1.0,1.0,3.0,2.0,-1.0,-0.84,2.0,-1.0,-1.0,-1.0,-1.0,-1.0,-1.0
11,1,1,1,1,5,1,10,0-18,1,1,1,1,1.0,-1.0,-1.0,-1.0,-1.0,-1.0,-1.0,-1.0,-1.0,236.536206,2014,-1.0,-1.0,-1.0,-1.0,-0.92,-1.0,-0.99,-1.0,-1.0,-1.0,2.0,-1.0,-1.0,1.0,1.0,2.0,-1.0,-1.0,2.0,-1.0,2.0,-1.0,-1.0,-1.0,-1.0,-1.0,-1.0,2.0,1.0,2.0,1.0,1.0,-1.0,-1.0,1.0,1.0,1.0,-1.0,-1.0,-1.0,-1.0,<10k,2,-1.0,-1.0,2,-1.0,-1.0,1,1800000.0,3.0,2,-1.0,-1.0,2,-1.0,-1.0,2,-1.0,-1.0,2,-1.0,-1.0,2,-1.0,-1.0,2,-1.0,-1.0,2,-1.0,-1.0,0.0,5.32,0.0,10.61,0.0,16.76,0.0,31.49,YES,YES,0.0,19.94,0.0,14.82,0.0,10.33,0.0,16.63,0.0,13.64,0.0,16.91,0.0,20.08,0.0,14.76,0.0,10.82,0.0,20.47,0.0,18.69,1,1,1,1,2.0,5.0,1,2,2.0,2,4.0,1.0,-1.04,-0.97,1.0,2.0,12.0,12.0,1,2,2.0,1.0,1.0,1.0,1.0,1.0,3.0,2.0,-1.0,-1.07,2.0,-1.0,-1.0,-1.0,-1.0,-1.0,-1.0
11,1,1,1,1,1,1,60,51-65,1,1,1,2,9.0,13.0,4.0,2.0,-1.0,-1.0,-1.0,-1.0,-1.0,236.536206,1963,-1.0,-1.0,-1.0,-1.0,-0.84,-1.0,-1.1,-1.0,-1.0,-1.0,2.0,-1.0,-1.0,2.0,-1.0,2.0,-1.0,-1.0,2.0,-1.0,2.0,-1.0,-1.0,-1.0,-1.0,-1.0,-1.0,2.0,1.0,1.0,1.0,1.0,-1.0,-1.0,1.0,1.0,1.0,1.0,115000.0,-1.0,-1.0,<10k,2,-1.0,-1.0,2,-1.0,-1.0,1,1800000.0,3.0,2,-1.0,-1.0,2,-1.0,-1.0,2,-1.0,-1.0,2,-1.0,-1.0,2,-1.0,-1.0,2,-1.0,-1.0,2,-1.0,-1.0,0.0,4.67,0.0,9.6,0.0,16.42,0.0,33.86,YES,YES,0.0,20.91,0.0,20.66,0.0,10.13,0.0,14.0,0.0,15.61,0.0,18.71,0.0,19.29,0.0,14.39,0.0,10.25,0.0,17.81,0.0,21.49,1,1,1,1,2.0,5.0,1,2,2.0,2,4.0,1.0,-1.02,-0.91,1.0,2.0,12.0,12.0,1,2,2.0,1.0,1.0,1.0,1.0,1.0,3.0,2.0,-1.0,-0.99,2.0,-1.0,-1.0,-1.0,-1.0,-1.0,-1.0
11,1,1,1,1,2,2,70,36-50,1,1,1,2,9.0,13.0,7.0,2.0,-1.0,-1.0,-1.0,-1.0,-1.0,236.536206,1971,-1.0,-1.0,-1.0,-1.0,-0.95,-1.0,-0.8,-1.0,-1.0,-1.0,2.0,-1.0,-1.0,1.0,3.0,2.0,-1.0,-1.0,2.0,-1.0,2.0,-1.0,-1.0,-1.0,-1.0,-1.0,-1.0,1.0,1.0,1.0,1.0,1.0,-1.0,-1.0,1.0,1.0,1.0,1.0,28500.0,-1.0,-1.0,<10k,2,-1.0,-1.0,2,-1.0,-1.0,1,1800000.0,3.0,2,-1.0,-1.0,2,-1.0,-1.0,2,-1.0,-1.0,2,-1.0,-1.0,2,-1.0,-1.0,2,-1.0,-1.0,2,-1.0,-1.0,0.0,5.36,0.0,12.68,0.0,15.46,0.0,28.53,YES,YES,0.0,17.81,0.0,19.38,0.0,10.29,0.0,16.31,0.0,13.64,0.0,21.64,0.0,20.83,0.0,13.16,0.0,11.14,0.0,15.9,0.0,18.3,1,1,1,1,2.0,5.0,1,2,2.0,2,4.0,1.0,-0.99,-0.83,1.0,2.0,12.0,12.0,1,2,2.0,1.0,1.0,1.0,1.0,1.0,3.0,2.0,-1.0,-0.99,2.0,-1.0,-1.0,-1.0,-1.0,-1.0,-1.0
11,1,1,1,1,3,1,90,19-35,1,1,1,1,2.0,12.0,8.0,2.0,-1.0,-1.0,-1.0,-1.0,-1.0,236.536206,1999,1.0,2.0,13.0,12.0,4.95,6.0,32.59,-1.0,-1.0,-1.0,2.0,-1.0,-1.0,2.0,-1.0,2.0,-1.0,-1.0,2.0,-1.0,2.0,-1.0,-1.0,-1.0,-1.0,-1.0,-1.0,2.0,1.0,2.0,1.0,1.0,-1.0,-1.0,1.0,1.0,1.0,1.0,27500.0,-1.0,-1.0,<10k,2,-1.0,-1.0,2,-1.0,-1.0,1,1800000.0,3.0,2,-1.0,-1.0,2,-1.0,-1.0,2,-1.0,-1.0,2,-1.0,-1.0,2,-1.0,-1.0,2,-1.0,-1.0,2,-1.0,-1.0,0.0,4.69,0.0,9.53,0.0,13.75,0.0,33.27,YES,YES,0.0,24.31,0.0,21.19,0.0,9.87,0.0,16.53,0.0,16.51,0.0,19.1,0.0,20.45,0.0,14.74,0.0,10.28,0.0,16.73,0.0,19.68,1,1,1,1,2.0,5.0,1,2,2.0,2,4.0,1.0,-1.33,-1.1,1.0,2.0,12.0,12.0,1,2,2.0,1.0,1.0,1.0,1.0,1.0,3.0,2.0,-1.0,-1.1,2.0,-1.0,-1.0,-1.0,-1.0,-1.0,-1.0
11,1,1,1,1,3,2,0,0-18,1,1,1,1,2.0,9.0,-1.0,-1.0,-1.0,-1.0,-1.0,-1.0,-1.0,236.536206,2005,3.0,-1.0,-1.0,-1.0,-0.98,-1.0,-1.14,-1.0,8.0,2017.0,2.0,-1.0,-1.0,2.0,-1.0,2.0,-1.0,-1.0,2.0,-1.0,2.0,-1.0,-1.0,-1.0,-1.0,-1.0,-1.0,1.0,1.0,2.0,1.0,1.0,-1.0,-1.0,1.0,1.0,1.0,1.0,54000.0,-1.0,-1.0,<10k,2,-1.0,-1.0,2,-1.0,-1.0,1,1800000.0,3.0,2,-1.0,-1.0,2,-1.0,-1.0,2,-1.0,-1.0,2,-1.0,-1.0,2,-1.0,-1.0,2,-1.0,-1.0,2,-1.0,-1.0,0.0,4.77,0.0,9.97,0.0,15.05,0.0,33.63,YES,YES,0.0,19.96,0.0,20.99,0.0,10.69,0.0,13.47,0.0,14.34,0.0,19.13,0.0,20.28,0.0,14.42,0.0,9.12,0.0,18.89,0.0,18.12,1,1,1,1,2.0,5.0,1,2,2.0,2,4.0,1.0,-0.99,-0.94,1.0,2.0,12.0,12.0,1,2,2.0,1.0,1.0,1.0,1.0,1.0,3.0,2.0,-1.0,-0.9,2.0,-1.0,-1.0,-1.0,-1.0,-1.0,-1.0
11,1,1,1,1,1,1,50,66+,1,1,1,4,9.0,10.0,1.0,1.0,8332.0,49232.0,3.0,-1.0,-1.0,236.536206,1952,-1.0,-1.0,-1.0,-1.0,-1.07,-1.0,-1.1,-1.0,-1.0,-1.0,2.0,-1.0,-1.0,2.0,-1.0,2.0,-1.0,-1.0,2.0,-1.0,2.0,-1.0,-1.0,-1.0,-1.0,-1.0,-1.0,2.0,1.0,1.0,1.0,1.0,-1.0,-1.0,1.0,1.0,1.0,1.0,115000.0,-1.0,-1.0,<10k,2,-1.0,-1.0,2,-1.0,-1.0,1,1800000.0,3.0,2,-1.0,-1.0,2,-1.0,-1.0,2,-1.0,-1.0,2,-1.0,-1.0,2,-1.0,-1.0,2,-1.0,-1.0,2,-1.0,-1.0,0.0,4.44,0.0,8.86,0.0,13.98,0.0,28.66,YES,YES,0.0,20.8,0.0,22.23,0.0,11.23,0.0,13.18,0.0,15.16,0.0,21.37,0.0,18.27,0.0,13.25,0.0,11.75,0.0,18.15,0.0,20.92,1,1,1,1,2.0,5.0,1,2,2.0,2,4.0,1.0,-0.87,-0.83,1.0,2.0,12.0,12.0,1,2,2.0,1.0,1.0,1.0,1.0,1.0,3.0,2.0,-1.0,-1.09,2.0,-1.0,-1.0,-1.0,-1.0,-1.0,-1.0
11,1,1,1,1,3,1,70,36-50,1,1,1,2,9.0,11.0,1.0,1.0,8323.0,49222.0,5.0,-1.0,-1.0,236.536206,1976,-1.0,-1.0,-1.0,-1.0,-1.06,-1.0,-1.07,-1.0,-1.0,-1.0,2.0,-1.0,-1.0,1.0,3.0,2.0,-1.0,-1.0,2.0,-1.0,2.0,-1.0,-1.0,-1.0,-1.0,-1.0,-1.0,1.0,1.0,1.0,1.0,1.0,-1.0,-1.0,1.0,1.0,1.0,1.0,28500.0,-1.0,-1.0,<10k,2,-1.0,-1.0,2,-1.0,-1.0,1,1800000.0,3.0,2,-1.0,-1.0,2,-1.0,-1.0,2,-1.0,-1.0,2,-1.0,-1.0,2,-1.0,-1.0,2,-1.0,-1.0,2,-1.0,-1.0,0.0,4.59,0.0,11.59,0.0,18.16,0.0,30.25,YES,YES,0.0,17.39,0.0,16.86,0.0,10.63,0.0,16.46,0.0,15.18,0.0,18.34,0.0,18.94,0.0,15.82,0.0,9.15,0.0,13.36,0.0,19.9,1,1,1,1,2.0,5.0,1,2,2.0,2,4.0,1.0,-0.98,-0.76,1.0,2.0,12.0,12.0,1,2,2.0,1.0,1.0,1.0,1.0,1.0,3.0,2.0,-1.0,-0.89,2.0,-1.0,-1.0,-1.0,-1.0,-1.0,-1.0
11,1,1,1,1,5,2,80,19-35,1,1,1,2,9.0,11.0,1.0,1.0,1411.0,56102.0,5.0,-1.0,-1.0,236.536206,1983,1.0,2.0,13.0,12.0,5.33,6.0,26.5,-1.0,-1.0,-1.0,2.0,-1.0,-1.0,2.0,-1.0,2.0,-1.0,-1.0,2.0,-1.0,2.0,-1.0,-1.0,-1.0,-1.0,-1.0,-1.0,2.0,1.0,2.0,1.0,1.0,-1.0,-1.0,1.0,1.0,1.0,1.0,27500.0,-1.0,-1.0,<10k,2,-1.0,-1.0,2,-1.0,-1.0,1,1800000.0,3.0,2,-1.0,-1.0,2,-1.0,-1.0,2,-1.0,-1.0,2,-1.0,-1.0,2,-1.0,-1.0,2,-1.0,-1.0,2,-1.0,-1.0,0.0,4.85,0.0,11.11,0.0,14.22,0.0,26.83,YES,YES,0.0,23.2,0.0,19.02,0.0,9.87,0.0,13.39,0.0,13.73,0.0,25.88,0.0,18.55,0.0,16.82,0.0,10.11,0.0,12.68,0.0,17.4,1,1,1,1,2.0,5.0,1,2,2.0,2,4.0,1.0,-0.87,-1.14,1.0,2.0,12.0,12.0,1,2,2.0,1.0,1.0,1.0,1.0,1.0,3.0,2.0,-1.0,-1.01,2.0,-1.0,-1.0,-1.0,-1.0,-1.0,-1.0
11,1,1,1,1,5,2,0,0-18,1,1,1,1,2.0,9.0,-1.0,-1.0,-1.0,-1.0,-1.0,-1.0,-1.0,236.536206,2004,3.0,-1.0,-1.0,-1.0,-0.95,-1.0,-0.93,-1.0,8.0,2017.0,2.0,-1.0,-1.0,2.0,-1.0,2.0,-1.0,-1.0,2.0,-1.0,2.0,-1.0,-1.0,-1.0,-1.0,-1.0,-1.0,1.0,1.0,2.0,1.0,1.0,-1.0,-1.0,1.0,1.0,1.0,1.0,54000.0,-1.0,-1.0,<10k,2,-1.0,-1.0,2,-1.0,-1.0,1,1800000.0,3.0,2,-1.0,-1.0,2,-1.0,-1.0,2,-1.0,-1.0,2,-1.0,-1.0,2,-1.0,-1.0,2,-1.0,-1.0,2,-1.0,-1.0,0.0,4.76,0.0,10.85,0.0,13.02,0.0,29.94,YES,YES,0.0,20.44,0.0,16.28,0.0,10.66,0.0,13.88,0.0,13.53,0.0,18.43,0.0,21.86,0.0,14.68,0.0,11.18,0.0,13.03,0.0,18.44,1,1,1,1,2.0,5.0,1,2,2.0,2,4.0,1.0,-1.02,-0.96,1.0,2.0,12.0,12.0,1,2,2.0,1.0,1.0,1.0,1.0,1.0,3.0,2.0,-1.0,-1.13,2.0,-1.0,-1.0,-1.0,-1.0,-1.0,-1.0
11,1,1,1,1,5,2,0,0-18,1,1,1,1,2.0,6.0,-1.0,-1.0,-1.0,-1.0,-1.0,-1.0,-1.0,236.536206,2007,1.0,1.0,7.0,6.0,6.39,3.0,34.19,-1.0,-1.0,-1.0,2.0,-1.0,-1.0,2.0,-1.0,2.0,-1.0,-1.0,2.0,-1.0,2.0,-1.0,-1.0,-1.0,-1.0,-1.0,-1.0,2.0,1.0,2.0,1.0,1.0,-1.0,-1.0,1.0,1.0,1.0,1.0,22000.0,-1.0,-1.0,<10k,2,-1.0,-1.0,2,-1.0,-1.0,1,1800000.0,3.0,2,-1.0,-1.0,2,-1.0,-1.0,2,-1.0,-1.0,2,-1.0,-1.0,2,-1.0,-1.0,2,-1.0,-1.0,2,-1.0,-1.0,0.0,5.13,0.0,9.69,0.0,12.27,0.0,30.31,YES,YES,0.0,19.75,0.0,19.29,0.0,10.93,0.0,15.23,0.0,15.2,0.0,19.97,0.0,19.3,0.0,13.57,0.0,11.84,0.0,15.21,0.0,18.32,1,1,1,1,2.0,5.0,1,2,2.0,2,4.0,1.0,-0.83,-0.84,1.0,2.0,12.0,12.0,1,2,2.0,1.0,1.0,1.0,1.0,1.0,3.0,2.0,-1.0,-0.99,2.0,-1.0,-1.0,-1.0,-1.0,-1.0,-1.0
11,1,1,1,1,5,1,10,0-18,1,1,1,1,1.0,-1.0,-1.0,-1.0,-1.0,-1.0,-1.0,-1.0,-1.0,236.536206,2015,-1.0,-1.0,-1.0,-1.0,-0.86,-1.0,-1.02,-1.0,-1.0,-1.0,2.0,-1.0,-1.0,2.0,-1.0,2.0,-1.0,-1.0,2.0,-1.0,2.0,-1.0,-1.0,-1.0,-1.0,-1.0,-1.0,2.0,1.0,2.0,1.0,1.0,-1.0,-1.0,1.0,1.0,1.0,-1.0,-1.0,-1.0,-1.0,<10k,2,-1.0,-1.0,2,-1.0,-1.0,1,1800000.0,3.0,2,-1.0,-1.0,2,-1.0,-1.0,2,-1.0,-1.0,2,-1.0,-1.0,2,-1.0,-1.0,2,-1.0,-1.0,2,-1.0,-1.0,0.0,3.86,0.0,9.38,0.0,14.36,0.0,30.61,YES,YES,0.0,17.48,0.0,20.62,0.0,9.92,0.0,12.21,0.0,15.88,0.0,18.09,0.0,18.62,0.0,18.21,0.0,12.19,0.0,15.6,0.0,19.97,1,1,1,1,2.0,5.0,1,2,2.0,2,4.0,1.0,-1.11,-0.88,1.0,2.0,12.0,12.0,1,2,2.0,1.0,1.0,1.0,1.0,1.0,3.0,2.0,-1.0,-0.89,2.0,-1.0,-1.0,-1.0,-1.0,-1.0,-1.0
11,1,1,1,1,1,1,50,51-65,1,1,1,2,9.0,11.0,1.0,1.0,5221.0,47113.0,5.0,-1.0,-1.0,236.536206,1958,-1.0,-1.0,-1.0,-1.0,-1.0,-1.0,-0.89,-1.0,-1.0,-1.0,2.0,-1.0,-1.0,2.0,-1.0,2.0,-1.0,-1.0,2.0,-1.0,2.0,-1.0,-1.0,-1.0,-1.0,-1.0,-1.0,2.0,1.0,1.0,1.0,1.0,-1.0,-1.0,1.0,1.0,1.0,1.0,115000.0,-1.0,-1.0,<10k,2,-1.0,-1.0,2,-1.0,-1.0,1,1800000.0,3.0,2,-1.0,-1.0,2,-1.0,-1.0,2,-1.0,-1.0,2,-1.0,-1.0,2,-1.0,-1.0,2,-1.0,-1.0,2,-1.0,-1.0,0.0,5.07,0.0,10.19,0.0,15.79,0.0,28.91,YES,YES,0.0,15.49,0.0,19.77,0.0,9.72,0.0,13.55,0.0,13.6,0.0,20.0,0.0,21.65,0.0,15.07,0.0,8.56,0.0,14.87,0.0,18.55,1,1,1,1,2.0,5.0,1,2,2.0,2,4.0,1.0,-1.06,-1.07,1.0,2.0,12.0,12.0,1,2,2.0,1.0,1.0,1.0,1.0,1.0,3.0,2.0,-1.0,-1.19,2.0,-1.0,-1.0,-1.0,-1.0,-1.0,-1.0
11,1,1,1,1,2,2,60,51-65,1,1,1,2,9.0,11.0,1.0,1.0,5211.0,47113.0,5.0,-1.0,-1.0,236.536206,1961,-1.0,-1.0,-1.0,-1.0,-0.99,-1.0,-1.0,-1.0,-1.0,-1.0,2.0,-1.0,-1.0,1.0,3.0,2.0,-1.0,-1.0,2.0,-1.0,2.0,-1.0,-1.0,-1.0,-1.0,-1.0,-1.0,1.0,1.0,1.0,1.0,1.0,-1.0,-1.0,1.0,1.0,1.0,1.0,28500.0,-1.0,-1.0,<10k,2,-1.0,-1.0,2,-1.0,-1.0,1,1800000.0,3.0,2,-1.0,-1.0,2,-1.0,-1.0,2,-1.0,-1.0,2,-1.0,-1.0,2,-1.0,-1.0,2,-1.0,-1.0,2,-1.0,-1.0,0.0,3.94,0.0,10.77,0.0,15.41,0.0,27.68,YES,YES,0.0,19.29,0.0,20.67,0.0,10.52,0.0,15.2,0.0,15.16,0.0,18.57,0.0,20.4,0.0,16.71,0.0,10.72,0.0,13.91,0.0,19.45,1,1,1,1,2.0,5.0,1,2,2.0,2,4.0,1.0,-0.88,-0.94,1.0,2.0,12.0,12.0,1,2,2.0,1.0,1.0,1.0,1.0,1.0,3.0,2.0,-1.0,-1.1,2.0,-1.0,-1.0,-1.0,-1.0,-1.0,-1.0
11,1,1,1,1,3,1,90,19-35,1,1,1,1,9.0,11.0,1.0,1.0,4110.0,86102.0,2.0,-1.0,-1.0,236.536206,1993,1.0,2.0,13.0,12.0,4.96,6.0,27.75,-1.0,-1.0,-1.0,2.0,-1.0,-1.0,2.0,-1.0,2.0,-1.0,-1.0,2.0,-1.0,2.0,-1.0,-1.0,-1.0,-1.0,-1.0,-1.0,2.0,1.0,2.0,1.0,1.0,-1.0,-1.0,1.0,1.0,1.0,1.0,27500.0,-1.0,-1.0,<10k,2,-1.0,-1.0,2,-1.0,-1.0,1,1800000.0,3.0,2,-1.0,-1.0,2,-1.0,-1.0,2,-1.0,-1.0,2,-1.0,-1.0,2,-1.0,-1.0,2,-1.0,-1.0,2,-1.0,-1.0,0.0,3.7,0.0,9.24,0.0,12.62,0.0,26.26,YES,YES,0.0,18.69,0.0,19.27,0.0,8.65,0.0,17.1,0.0,15.84,0.0,15.91,0.0,17.42,0.0,15.57,0.0,10.73,0.0,12.39,0.0,18.26,1,1,1,1,2.0,5.0,1,2,2.0,2,4.0,1.0,-1.13,-0.81,1.0,2.0,12.0,12.0,1,2,2.0,1.0,1.0,1.0,1.0,1.0,3.0,2.0,-1.0,-0.75,2.0,-1.0,-1.0,-1.0,-1.0,-1.0,-1.0
11,1,1,1,1,1,1,50,51-65,1,1,1,2,9.0,12.0,2.0,1.0,2643.0,58111.0,5.0,-1.0,-1.0,244.2228303,1959,-1.0,-1.0,-1.0,-1.0,-0.99,-1.0,-1.1,-1.0,-1.0,-1.0,2.0,-1.0,-1.0,1.0,1.0,2.0,-1.0,-1.0,2.0,-1.0,2.0,-1.0,-1.0,-1.0,-1.0,-1.0,-1.0,1.0,1.0,2.0,1.0,1.0,-1.0,-1.0,1.0,1.0,1.0,1.0,27000.0,-1.0,-1.0,<10k,2,-1.0,-1.0,2,-1.0,-1.0,2,-1.0,-1.0,2,-1.0,-1.0,2,-1.0,-1.0,2,-1.0,-1.0,2,-1.0,-1.0,2,-1.0,-1.0,2,-1.0,-1.0,2,-1.0,-1.0,1.0,10.61,0.0,10.15,1.0,12.17,2.0,14.24,YES,YES,0.0,12.34,1.0,12.33,1.0,9.34,0.0,10.4,0.0,11.32,2.0,13.83,3.0,13.46,3.0,14.06,0.0,12.41,0.0,10.21,3.0,14.46,1,1,1,2,3.0,5.0,1,2,2.0,2,4.0,1.0,-1.15,-0.99,1.0,2.0,12.0,12.0,1,1,2.0,1.0,1.0,1.0,1.0,1.0,3.0,2.0,-1.0,-1.0,2.0,-1.0,-1.0,-1.0,-1.0,-1.0,-1.0
11,1,1,1,1,2,2,60,51-65,1,1,1,2,9.0,12.0,5.0,2.0,-1.0,-1.0,-1.0,-1.0,-1.0,244.2228303,1962,3.0,-1.0,-1.0,-1.0,-1.07,-1.0,-0.99,-1.0,6.0,2015.0,2.0,-1.0,-1.0,1.0,1.0,2.0,-1.0,-1.0,2.0,-1.0,2.0,-1.0,-1.0,-1.0,-1.0,-1.0,-1.0,1.0,1.0,2.0,1.0,1.0,-1.0,-1.0,1.0,1.0,1.0,1.0,18500.0,-1.0,-1.0,<10k,2,-1.0,-1.0,2,-1.0,-1.0,2,-1.0,-1.0,2,-1.0,-1.0,2,-1.0,-1.0,2,-1.0,-1.0,2,-1.0,-1.0,2,-1.0,-1.0,2,-1.0,-1.0,2,-1.0,-1.0,1.0,11.97,0.0,10.15,1.0,13.81,2.0,14.48,YES,YES,0.0,11.88,1.0,13.17,1.0,10.76,0.0,10.68,0.0,10.67,2.0,14.0,3.0,16.99,3.0,14.26,0.0,12.56,0.0,11.42,3.0,14.99,1,1,1,2,3.0,5.0,1,2,2.0,2,4.0,1.0,-0.93,-0.94,1.0,2.0,12.0,12.0,1,1,2.0,1.0,1.0,1.0,1.0,1.0,3.0,2.0,-1.0,-1.03,2.0,-1.0,-1.0,-1.0,-1.0,-1.0,-1.0
11,1,1,1,1,3,1,90,19-35,1,1,1,1,9.0,13.0,1.0,1.0,3341.0,64910.0,3.0,-1.0,-1.0,244.2228303,1990,1.0,1.0,11.0,10.0,4.04,4.0,14.61,-1.0,-1.0,-1.0,2.0,-1.0,-1.0,2.0,-1.0,2.0,-1.0,-1.0,2.0,-1.0,2.0,-1.0,-1.0,-1.0,-1.0,-1.0,-1.0,1.0,1.0,2.0,1.0,1.0,-1.0,-1.0,1.0,1.0,1.0,1.0,27000.0,-1.0,-1.0,<10k,2,-1.0,-1.0,2,-1.0,-1.0,2,-1.0,-1.0,2,-1.0,-1.0,2,-1.0,-1.0,2,-1.0,-1.0,2,-1.0,-1.0,2,-1.0,-1.0,2,-1.0,-1.0,2,-1.0,-1.0,1.0,11.45,0.0,7.08,1.0,13.5,2.0,15.87,YES,YES,0.0,11.49,1.0,13.56,1.0,9.51,0.0,9.43,0.0,8.76,2.0,14.79,3.0,13.82,3.0,12.68,0.0,11.43,0.0,13.04,3.0,14.31,1,1,1,2,3.0,5.0,1,2,2.0,2,4.0,1.0,-1.09,-0.86,1.0,2.0,12.0,12.0,1,1,2.0,1.0,1.0,1.0,1.0,1.0,3.0,2.0,-1.0,-1.03,2.0,-1.0,-1.0,-1.0,-1.0,-1.0,-1.0
11,1,1,1,1,1,1,60,51-65,1,1,1,2,9.0,10.0,9.0,2.0,-1.0,-1.0,-1.0,-1.0,-1.0,244.2228303,1963,-1.0,-1.0,-1.0,-1.0,-1.06,-1.0,-1.1,-1.0,-1.0,-1.0,2.0,-1.0,-1.0,1.0,1.0,2.0,-1.0,-1.0,2.0,-1.0,2.0,-1.0,-1.0,-1.0,-1.0,-1.0,-1.0,1.0,1.0,2.0,1.0,1.0,-1.0,-1.0,1.0,1.0,1.0,1.0,27000.0,-1.0,-1.0,<10k,2,-1.0,-1.0,2,-1.0,-1.0,2,-1.0,-1.0,2,-1.0,-1.0,2,-1.0,-1.0,2,-1.0,-1.0,2,-1.0,-1.0,2,-1.0,-1.0,2,-1.0,-1.0,2,-1.0,-1.0,1.0,13.07,0.0,10.95,1.0,12.83,2.0,18.76,YES,YES,0.0,12.07,1.0,10.8,1.0,9.2,0.0,10.48,0.0,8.57,2.0,14.56,3.0,16.63,3.0,15.1,0.0,13.8,0.0,10.05,3.0,15.43,1,1,1,2,3.0,5.0,1,2,2.0,2,4.0,1.0,-0.86,-0.91,1.0,2.0,12.0,12.0,1,1,2.0,1.0,1.0,1.0,1.0,1.0,3.0,2.0,-1.0,-1.12,2.0,-1.0,-1.0,-1.0,-1.0,-1.0,-1.0
11,1,1,1,1,2,2,60,51-65,1,1,1,2,9.0,10.0,1.0,1.0,7531.0,14101.0,3.0,-1.0,-1.0,244.2228303,1967,3.0,-1.0,-1.0,-1.0,-1.03,-1.0,-0.87,-1.0,6.0,2015.0,2.0,-1.0,-1.0,1.0,1.0,2.0,-1.0,-1.0,2.0,-1.0,2.0,-1.0,-1.0,-1.0,-1.0,-1.0,-1.0,1.0,1.0,2.0,1.0,1.0,-1.0,-1.0,1.0,1.0,1.0,1.0,18500.0,-1.0,-1.0,<10k,2,-1.0,-1.0,2,-1.0,-1.0,2,-1.0,-1.0,2,-1.0,-1.0,2,-1.0,-1.0,2,-1.0,-1.0,2,-1.0,-1.0,2,-1.0,-1.0,2,-1.0,-1.0,2,-1.0,-1.0,1.0,12.25,0.0,11.72,1.0,12.76,2.0,16.2,YES,YES,0.0,10.98,1.0,12.5,1.0,9.51,0.0,9.25,0.0,10.06,2.0,16.67,3.0,16.37,3.0,13.52,0.0,11.58,0.0,15.35,3.0,15.24,1,1,1,2,3.0,5.0,1,2,2.0,2,4.0,1.0,-1.04,-0.96,1.0,2.0,12.0,12.0,1,1,2.0,1.0,1.0,1.0,1.0,1.0,3.0,2.0,-1.0,-0.96,2.0,-1.0,-1.0,-1.0,-1.0,-1.0,-1.0
11,1,1,1,1,3,1,90,19-35,1,1,1,1,9.0,11.0,1.0,1.0,7214.0,25112.0,3.0,-1.0,-1.0,244.2228303,1995,1.0,1.0,11.0,10.0,3.88,4.0,15.61,-1.0,-1.0,-1.0,2.0,-1.0,-1.0,2.0,-1.0,2.0,-1.0,-1.0,2.0,-1.0,2.0,-1.0,-1.0,-1.0,-1.0,-1.0,-1.0,1.0,1.0,2.0,1.0,1.0,-1.0,-1.0,1.0,1.0,1.0,1.0,27000.0,-1.0,-1.0,<10k,2,-1.0,-1.0,2,-1.0,-1.0,2,-1.0,-1.0,2,-1.0,-1.0,2,-1.0,-1.0,2,-1.0,-1.0,2,-1.0,-1.0,2,-1.0,-1.0,2,-1.0,-1.0,2,-1.0,-1.0,1.0,11.7,0.0,10.92,1.0,13.27,2.0,13.06,YES,YES,0.0,11.23,1.0,11.8,1.0,9.92,0.0,9.51,0.0,10.56,2.0,15.75,3.0,15.13,3.0,14.45,0.0,12.9,0.0,11.87,3.0,15.03,1,1,1,2,3.0,5.0,1,2,2.0,2,4.0,1.0,-0.96,-1.03,1.0,2.0,12.0,12.0,1,1,2.0,1.0,1.0,1.0,1.0,1.0,3.0,2.0,-1.0,-0.99,2.0,-1.0,-1.0,-1.0,-1.0,-1.0,-1.0
11,1,1,1,1,3,2,90,19-35,1,1,1,1,9.0,11.0,1.0,1.0,4311.0,14101.0,3.0,-1.0,-1.0,244.2228303,1997,3.0,-1.0,-1.0,-1.0,-0.99,-1.0,-0.97,-1.0,7.0,-1.0,2.0,-1.0,-1.0,2.0,-1.0,2.0,-1.0,-1.0,2.0,-1.0,2.0,-1.0,-1.0,-1.0,-1.0,-1.0,-1.0,2.0,1.0,2.0,1.0,1.0,-1.0,-1.0,1.0,1.0,1.0,1.0,20000.0,-1.0,-1.0,<10k,2,-1.0,-1.0,2,-1.0,-1.0,2,-1.0,-1.0,2,-1.0,-1.0,2,-1.0,-1.0,2,-1.0,-1.0,2,-1.0,-1.0,2,-1.0,-1.0,2,-1.0,-1.0,2,-1.0,-1.0,1.0,11.05,0.0,10.28,1.0,12.31,2.0,19.43,YES,YES,0.0,11.48,1.0,11.41,1.0,9.05,0.0,11.21,0.0,10.27,2.0,13.92,3.0,14.21,3.0,15.64,0.0,10.95,0.0,12.77,3.0,15.11,1,1,1,2,3.0,5.0,1,2,2.0,2,4.0,1.0,-1.12,-1.05,1.0,2.0,12.0,12.0,1,1,2.0,1.0,1.0,1.0,1.0,1.0,3.0,2.0,-1.0,-1.07,2.0,-1.0,-1.0,-1.0,-1.0,-1.0,-1.0
11,1,1,1,1,1,1,50,51-65,1,1,1,2,9.0,12.0,4.0,2.0,-1.0,-1.0,-1.0,-1.0,-1.0,244.2228303,1953,-1.0,-1.0,-1.0,-1.0,-0.87,-1.0,-1.04,-1.0,-1.0,-1.0,2.0,-1.0,-1.0,1.0,1.0,2.0,-1.0,-1.0,2.0,-1.0,2.0,-1.0,-1.0,-1.0,-1.0,-1.0,-1.0,1.0,1.0,2.0,1.0,1.0,-1.0,-1.0,1.0,1.0,1.0,1.0,27000.0,-1.0,-1.0,<10k,2,-1.0,-1.0,2,-1.0,-1.0,2,-1.0,-1.0,2,-1.0,-1.0,2,-1.0,-1.0,2,-1.0,-1.0,2,-1.0,-1.0,2,-1.0,-1.0,2,-1.0,-1.0,2,-1.0,-1.0,1.0,10.9,0.0,10.64,1.0,12.18,2.0,15.35,YES,YES,0.0,10.86,1.0,11.34,1.0,8.49,0.0,9.5,0.0,10.63,2.0,15.57,3.0,14.43,3.0,13.02,0.0,10.29,0.0,10.89,3.0,16.55,1,1,1,2,3.0,5.0,1,2,2.0,2,4.0,1.0,-1.15,-1.09,1.0,2.0,12.0,12.0,1,1,2.0,1.0,1.0,1.0,1.0,1.0,3.0,2.0,-1.0,-0.99,2.0,-1.0,-1.0,-1.0,-1.0,-1.0,-1.0
11,1,1,1,1,2,2,50,51-65,1,1,1,2,9.0,12.0,4.0,2.0,-1.0,-1.0,-1.0,-1.0,-1.0,244.2228303,1958,3.0,-1.0,-1.0,-1.0,-0.95,-1.0,-0.99,-1.0,6.0,2015.0,2.0,-1.0,-1.0,1.0,1.0,2.0,-1.0,-1.0,2.0,-1.0,2.0,-1.0,-1.0,-1.0,-1.0,-1.0,-1.0,1.0,1.0,2.0,1.0,1.0,-1.0,-1.0,1.0,1.0,1.0,1.0,18500.0,-1.0,-1.0,<10k,2,-1.0,-1.0,2,-1.0,-1.0,2,-1.0,-1.0,2,-1.0,-1.0,2,-1.0,-1.0,2,-1.0,-1.0,2,-1.0,-1.0,2,-1.0,-1.0,2,-1.0,-1.0,2,-1.0,-1.0,1.0,12.13,0.0,12.66,1.0,12.89,2.0,14.37,YES,YES,0.0,13.5,1.0,13.79,1.0,9.22,0.0,10.47,0.0,10.38,2.0,18.31,3.0,13.2,3.0,16.44,0.0,14.93,0.0,11.46,3.0,14.82,1,1,1,2,3.0,5.0,1,2,2.0,2,4.0,1.0,-0.99,-0.88,1.0,2.0,12.0,12.0,1,1,2.0,1.0,1.0,1.0,1.0,1.0,3.0,2.0,-1.0,-1.15,2.0,-1.0,-1.0,-1.0,-1.0,-1.0,-1.0
11,1,1,1,2,5,1,70,36-50,1,1,1,2,9.0,12.0,-1.0,-1.0,-1.0,-1.0,-1.0,2.0,1.0,244.2228303,1971,1.0,1.0,11.0,10.0,4.36,4.0,15.92,-1.0,-1.0,-1.0,2.0,-1.0,-1.0,2.0,-1.0,2.0,-1.0,-1.0,2.0,-1.0,2.0,-1.0,-1.0,-1.0,-1.0,-1.0,-1.0,1.0,1.0,2.0,1.0,1.0,-1.0,-1.0,1.0,1.0,1.0,1.0,27000.0,-1.0,-1.0,<10k,2,-1.0,-1.0,2,-1.0,-1.0,2,-1.0,-1.0,2,-1.0,-1.0,2,-1.0,-1.0,2,-1.0,-1.0,2,-1.0,-1.0,2,-1.0,-1.0,2,-1.0,-1.0,2,-1.0,-1.0,1.0,10.77,0.0,9.29,1.0,10.98,2.0,14.53,YES,YES,0.0,12.79,1.0,11.33,1.0,10.86,0.0,10.57,0.0,9.5,2.0,13.84,3.0,15.97,3.0,16.49,0.0,14.45,0.0,10.8,3.0,15.36,1,1,1,2,3.0,5.0,1,2,2.0,2,4.0,1.0,-0.92,-0.88,1.0,2.0,12.0,12.0,1,1,2.0,1.0,1.0,1.0,1.0,1.0,3.0,2.0,-1.0,-0.86,2.0,-1.0,-1.0,-1.0,-1.0,-1.0,-1.0
11,1,1,1,1,3,2,80,36-50,1,1,1,2,9.0,12.0,1.0,1.0,2342.0,85101.0,3.0,-1.0,-1.0,244.2228303,1980,3.0,-1.0,-1.0,-1.0,-0.96,-1.0,-1.05,-1.0,7.0,-1.0,2.0,-1.0,-1.0,2.0,-1.0,2.0,-1.0,-1.0,2.0,-1.0,2.0,-1.0,-1.0,-1.0,-1.0,-1.0,-1.0,2.0,1.0,2.0,1.0,1.0,-1.0,-1.0,1.0,1.0,1.0,1.0,20000.0,-1.0,-1.0,<10k,2,-1.0,-1.0,2,-1.0,-1.0,2,-1.0,-1.0,2,-1.0,-1.0,2,-1.0,-1.0,2,-1.0,-1.0,2,-1.0,-1.0,2,-1.0,-1.0,2,-1.0,-1.0,2,-1.0,-1.0,1.0,12.08,0.0,10.96,1.0,12.6,2.0,15.52,YES,YES,0.0,13.32,1.0,12.09,1.0,10.53,0.0,11.01,0.0,9.9,2.0,13.07,3.0,15.83,3.0,11.76,0.0,11.49,0.0,13.71,3.0,14.47,1,1,1,2,3.0,5.0,1,2,2.0,2,4.0,1.0,-0.88,-0.96,1.0,2.0,12.0,12.0,1,1,2.0,1.0,1.0,1.0,1.0,1.0,3.0,2.0,-1.0,-1.07,2.0,-1.0,-1.0,-1.0,-1.0,-1.0,-1.0
11,1,1,1,1,5,2,10,0-18,1,1,1,1,2.0,3.0,-1.0,-1.0,-1.0,-1.0,-1.0,-1.0,-1.0,244.2228303,2011,1.0,2.0,4.0,3.0,2.81,3.0,18.44,-1.0,-1.0,-1.0,2.0,-1.0,-1.0,2.0,-1.0,2.0,-1.0,-1.0,2.0,-1.0,2.0,-1.0,-1.0,-1.0,-1.0,-1.0,-1.0,2.0,1.0,2.0,1.0,1.0,-1.0,-1.0,1.0,1.0,1.0,1.0,29000.0,-1.0,-1.0,<10k,2,-1.0,-1.0,2,-1.0,-1.0,2,-1.0,-1.0,2,-1.0,-1.0,2,-1.0,-1.0,2,-1.0,-1.0,2,-1.0,-1.0,2,-1.0,-1.0,2,-1.0,-1.0,2,-1.0,-1.0,1.0,11.33,0.0,11.7,1.0,11.86,2.0,14.85,YES,YES,0.0,12.23,1.0,12.82,1.0,9.81,0.0,11.26,0.0,11.29,2.0,13.87,3.0,15.13,3.0,13.68,0.0,13.73,0.0,12.73,3.0,13.79,1,1,1,2,3.0,5.0,1,2,2.0,2,4.0,1.0,-1.05,-0.95,1.0,2.0,12.0,12.0,1,1,2.0,1.0,1.0,1.0,1.0,1.0,3.0,2.0,-1.0,-0.95,2.0,-1.0,-1.0,-1.0,-1.0,-1.0,-1.0
11,1,1,1,1,1,1,60,51-65,1,1,1,2,9.0,11.0,1.0,1.0,5321.0,22191.0,3.0,-1.0,-1.0,244.2228303,1965,-1.0,-1.0,-1.0,-1.0,-1.15,-1.0,-0.98,-1.0,-1.0,-1.0,2.0,-1.0,-1.0,1.0,1.0,2.0,-1.0,-1.0,2.0,-1.0,2.0,-1.0,-1.0,-1.0,-1.0,-1.0,-1.0,1.0,1.0,2.0,1.0,1.0,-1.0,-1.0,1.0,1.0,1.0,1.0,27000.0,-1.0,-1.0,<10k,2,-1.0,-1.0,2,-1.0,-1.0,2,-1.0,-1.0,2,-1.0,-1.0,2,-1.0,-1.0,2,-1.0,-1.0,2,-1.0,-1.0,2,-1.0,-1.0,2,-1.0,-1.0,2,-1.0,-1.0,1.0,11.49,0.0,10.53,1.0,12.77,2.0,16.74,YES,YES,0.0,13.13,1.0,11.9,1.0,9.87,0.0,9.49,0.0,10.6,2.0,11.62,3.0,14.61,3.0,16.39,0.0,11.78,0.0,12.38,3.0,17.41,1,1,1,2,3.0,5.0,1,2,2.0,2,4.0,1.0,-0.91,-1.08,1.0,2.0,12.0,12.0,1,1,2.0,1.0,1.0,1.0,1.0,1.0,3.0,2.0,-1.0,-0.9,2.0,-1.0,-1.0,-1.0,-1.0,-1.0,-1.0
11,1,1,1,1,2,2,60,51-65,1,1,1,2,9.0,11.0,7.0,2.0,-1.0,-1.0,-1.0,-1.0,-1.0,244.2228303,1966,3.0,-1.0,-1.0,-1.0,-0.91,-1.0,-1.05,-1.0,6.0,2015.0,2.0,-1.0,-1.0,1.0,1.0,2.0,-1.0,-1.0,2.0,-1.0,2.0,-1.0,-1.0,-1.0,-1.0,-1.0,-1.0,1.0,1.0,2.0,1.0,1.0,-1.0,-1.0,1.0,1.0,1.0,1.0,18500.0,-1.0,-1.0,<10k,2,-1.0,-1.0,2,-1.0,-1.0,2,-1.0,-1.0,2,-1.0,-1.0,2,-1.0,-1.0,2,-1.0,-1.0,2,-1.0,-1.0,2,-1.0,-1.0,2,-1.0,-1.0,2,-1.0,-1.0,1.0,12.58,0.0,11.64,1.0,10.95,2.0,15.63,YES,YES,0.0,12.49,1.0,10.33,1.0,10.58,0.0,9.24,0.0,9.13,2.0,12.46,3.0,13.75,3.0,16.58,0.0,12.47,0.0,11.25,3.0,13.7,1,1,1,2,3.0,5.0,1,2,2.0,2,4.0,1.0,-0.99,-0.84,1.0,2.0,12.0,12.0,1,1,2.0,1.0,1.0,1.0,1.0,1.0,3.0,2.0,-1.0,-0.93,2.0,-1.0,-1.0,-1.0,-1.0,-1.0,-1.0
11,1,1,1,2,3,1,90,19-35,1,1,1,1,3.0,13.0,-1.0,-1.0,-1.0,-1.0,-1.0,1.0,2.0,244.2228303,1997,1.0,1.0,11.0,10.0,4.83,4.0,14.85,-1.0,-1.0,-1.0,2.0,-1.0,-1.0,2.0,-1.0,2.0,-1.0,-1.0,2.0,-1.0,2.0,-1.0,-1.0,-1.0,-1.0,-1.0,-1.0,1.0,1.0,2.0,1.0,1.0,-1.0,-1.0,1.0,1.0,1.0,1.0,27000.0,-1.0,-1.0,<10k,2,-1.0,-1.0,2,-1.0,-1.0,2,-1.0,-1.0,2,-1.0,-1.0,2,-1.0,-1.0,2,-1.0,-1.0,2,-1.0,-1.0,2,-1.0,-1.0,2,-1.0,-1.0,2,-1.0,-1.0,1.0,14.26,0.0,9.13,1.0,10.87,2.0,13.62,YES,YES,0.0,10.92,1.0,11.01,1.0,8.56,0.0,9.31,0.0,10.79,2.0,15.86,3.0,15.9,3.0,15.16,0.0,10.42,0.0,12.6,3.0,13.94,1,1,1,2,3.0,5.0,1,2,2.0,2,4.0,1.0,-0.91,-1.05,1.0,2.0,12.0,12.0,1,1,2.0,1.0,1.0,1.0,1.0,1.0,3.0,2.0,-1.0,-0.94,2.0,-1.0,-1.0,-1.0,-1.0,-1.0,-1.0
11,1,1,1,1,3,1,0,0-18,1,1,1,1,6.0,10.0,8.0,2.0,-1.0,-1.0,-1.0,-1.0,-1.0,244.2228303,2002,3.0,-1.0,-1.0,-1.0,-1.09,-1.0,-1.12,-1.0,7.0,-1.0,2.0,-1.0,-1.0,2.0,-1.0,2.0,-1.0,-1.0,2.0,-1.0,2.0,-1.0,-1.0,-1.0,-1.0,-1.0,-1.0,2.0,1.0,2.0,1.0,1.0,-1.0,-1.0,1.0,1.0,1.0,1.0,20000.0,-1.0,-1.0,<10k,2,-1.0,-1.0,2,-1.0,-1.0,2,-1.0,-1.0,2,-1.0,-1.0,2,-1.0,-1.0,2,-1.0,-1.0,2,-1.0,-1.0,2,-1.0,-1.0,2,-1.0,-1.0,2,-1.0,-1.0,1.0,13.01,0.0,9.29,1.0,9.92,2.0,13.91,YES,YES,0.0,13.78,1.0,11.07,1.0,8.32,0.0,9.41,0.0,9.73,2.0,16.15,3.0,15.39,3.0,16.36,0.0,12.49,0.0,11.84,3.0,15.22,1,1,1,2,3.0,5.0,1,2,2.0,2,4.0,1.0,-1.03,-0.93,1.0,2.0,12.0,12.0,1,1,2.0,1.0,1.0,1.0,1.0,1.0,3.0,2.0,-1.0,-1.06,2.0,-1.0,-1.0,-1.0,-1.0,-1.0,-1.0
11,1,1,1,1,5,1,80,19-35,1,1,1,1,9.0,11.0,1.0,1.0,1321.0,27501.0,3.0,-1.0,-1.0,244.2228303,1987,1.0,2.0,4.0,3.0,2.87,3.0,20.39,-1.0,-1.0,-1.0,2.0,-1.0,-1.0,2.0,-1.0,2.0,-1.0,-1.0,2.0,-1.0,2.0,-1.0,-1.0,-1.0,-1.0,-1.0,-1.0,2.0,1.0,2.0,1.0,1.0,-1.0,-1.0,1.0,1.0,1.0,1.0,29000.0,-1.0,-1.0,<10k,2,-1.0,-1.0,2,-1.0,-1.0,2,-1.0,-1.0,2,-1.0,-1.0,2,-1.0,-1.0,2,-1.0,-1.0,2,-1.0,-1.0,2,-1.0,-1.0,2,-1.0,-1.0,2,-1.0,-1.0,1.0,12.03,0.0,12.38,1.0,12.1,2.0,12.63,YES,YES,0.0,12.86,1.0,11.18,1.0,8.65,0.0,10.42,0.0,11.0,2.0,13.75,3.0,14.33,3.0,14.48,0.0,13.81,0.0,10.7,3.0,14.81,1,1,1,2,3.0,5.0,1,2,2.0,2,4.0,1.0,-1.09,-0.9,1.0,2.0,12.0,12.0,1,1,2.0,1.0,1.0,1.0,1.0,1.0,3.0,2.0,-1.0,-0.84,2.0,-1.0,-1.0,-1.0,-1.0,-1.0,-1.0
11,1,1,1,1,1,2,30,66+,1,1,1,4,9.0,9.0,9.0,2.0,-1.0,-1.0,-1.0,-1.0,-1.0,244.2228303,1939,-1.0,-1.0,-1.0,-1.0,-1.2,-1.0,-1.02,-1.0,-1.0,-1.0,2.0,-1.0,-1.0,1.0,1.0,2.0,-1.0,-1.0,2.0,-1.0,2.0,-1.0,-1.0,-1.0,-1.0,-1.0,-1.0,1.0,1.0,2.0,1.0,1.0,-1.0,-1.0,1.0,1.0,1.0,1.0,27000.0,-1.0,-1.0,<10k,2,-1.0,-1.0,2,-1.0,-1.0,2,-1.0,-1.0,2,-1.0,-1.0,2,-1.0,-1.0,2,-1.0,-1.0,2,-1.0,-1.0,2,-1.0,-1.0,2,-1.0,-1.0,2,-1.0,-1.0,1.0,11.87,0.0,8.89,1.0,12.01,2.0,12.51,YES,YES,0.0,14.79,1.0,11.23,1.0,9.02,0.0,7.69,0.0,9.94,2.0,11.44,3.0,18.83,3.0,14.07,0.0,10.47,0.0,15.59,3.0,15.45,1,1,1,2,3.0,5.0,1,2,2.0,2,4.0,1.0,-0.95,-1.1,1.0,2.0,12.0,12.0,1,1,2.0,1.0,1.0,1.0,1.0,1.0,3.0,2.0,-1.0,-0.89,2.0,-1.0,-1.0,-1.0,-1.0,-1.0,-1.0
11,1,1,1,1,3,2,60,36-50,1,1,1,2,9.0,10.0,7.0,2.0,-1.0,-1.0,-1.0,-1.0,-1.0,244.2228303,1968,3.0,-1.0,-1.0,-1.0,-0.95,-1.0,-0.99,-1.0,6.0,2015.0,2.0,-1.0,-1.0,1.0,1.0,2.0,-1.0,-1.0,2.0,-1.0,2.0,-1.0,-1.0,-1.0,-1.0,-1.0,-1.0,1.0,1.0,2.0,1.0,1.0,-1.0,-1.0,1.0,1.0,1.0,1.0,18500.0,-1.0,-1.0,<10k,2,-1.0,-1.0,2,-1.0,-1.0,2,-1.0,-1.0,2,-1.0,-1.0,2,-1.0,-1.0,2,-1.0,-1.0,2,-1.0,-1.0,2,-1.0,-1.0,2,-1.0,-1.0,2,-1.0,-1.0,1.0,10.35,0.0,10.23,1.0,12.83,2.0,13.94,YES,YES,0.0,11.58,1.0,13.3,1.0,9.93,0.0,10.52,0.0,10.0,2.0,13.65,3.0,16.77,3.0,14.82,0.0,12.77,0.0,9.92,3.0,17.59,1,1,1,2,3.0,5.0,1,2,2.0,2,4.0,1.0,-0.97,-1.01,1.0,2.0,12.0,12.0,1,1,2.0,1.0,1.0,1.0,1.0,1.0,3.0,2.0,-1.0,-1.05,2.0,-1.0,-1.0,-1.0,-1.0,-1.0,-1.0
11,1,1,1,1,5,1,70,36-50,1,1,1,2,9.0,10.0,1.0,1.0,1221.0,11041.0,3.0,-1.0,-1.0,244.2228303,1976,1.0,1.0,11.0,10.0,4.12,4.0,16.58,-1.0,-1.0,-1.0,2.0,-1.0,-1.0,2.0,-1.0,2.0,-1.0,-1.0,2.0,-1.0,2.0,-1.0,-1.0,-1.0,-1.0,-1.0,-1.0,1.0,1.0,2.0,1.0,1.0,-1.0,-1.0,1.0,1.0,1.0,1.0,27000.0,-1.0,-1.0,<10k,2,-1.0,-1.0,2,-1.0,-1.0,2,-1.0,-1.0,2,-1.0,-1.0,2,-1.0,-1.0,2,-1.0,-1.0,2,-1.0,-1.0,2,-1.0,-1.0,2,-1.0,-1.0,2,-1.0,-1.0,1.0,11.23,0.0,10.82,1.0,11.8,2.0,16.8,YES,YES,0.0,11.0,1.0,12.64,1.0,9.74,0.0,8.57,0.0,9.77,2.0,15.84,3.0,16.5,3.0,14.39,0.0,12.05,0.0,11.83,3.0,15.27,1,1,1,2,3.0,5.0,1,2,2.0,2,4.0,1.0,-1.02,-1.03,1.0,2.0,12.0,12.0,1,1,2.0,1.0,1.0,1.0,1.0,1.0,3.0,2.0,-1.0,-1.05,2.0,-1.0,-1.0,-1.0,-1.0,-1.0,-1.0
11,1,1,1,1,1,2,60,51-65,1,1,1,4,9.0,9.0,1.0,1.0,5212.0,56106.0,5.0,-1.0,-1.0,244.2228303,1966,-1.0,-1.0,-1.0,-1.0,-1.03,-1.0,-0.99,-1.0,-1.0,-1.0,2.0,-1.0,-1.0,1.0,1.0,2.0,-1.0,-1.0,2.0,-1.0,2.0,-1.0,-1.0,-1.0,-1.0,-1.0,-1.0,1.0,1.0,2.0,1.0,1.0,-1.0,-1.0,1.0,1.0,1.0,1.0,27000.0,-1.0,-1.0,<10k,2,-1.0,-1.0,2,-1.0,-1.0,2,-1.0,-1.0,2,-1.0,-1.0,2,-1.0,-1.0,2,-1.0,-1.0,2,-1.0,-1.0,2,-1.0,-1.0,2,-1.0,-1.0,2,-1.0,-1.0,1.0,11.27,0.0,12.34,1.0,11.96,2.0,13.28,YES,YES,0.0,11.94,1.0,12.43,1.0,11.64,0.0,9.84,0.0,9.01,2.0,12.64,3.0,14.18,3.0,13.55,0.0,12.58,0.0,10.05,3.0,14.57,1,1,1,2,3.0,5.0,1,2,2.0,2,4.0,1.0,-0.97,-1.19,1.0,2.0,12.0,12.0,1,1,2.0,1.0,1.0,1.0,1.0,1.0,3.0,2.0,-1.0,-1.04,2.0,-1.0,-1.0,-1.0,-1.0,-1.0,-1.0
11,1,1,1,1,3,1,90,19-35,1,1,1,1,9.0,10.0,1.0,1.0,5211.0,1494.0,3.0,-1.0,-1.0,244.2228303,1999,3.0,-1.0,-1.0,-1.0,-0.97,-1.0,-1.17,-1.0,6.0,2015.0,2.0,-1.0,-1.0,1.0,1.0,2.0,-1.0,-1.0,2.0,-1.0,2.0,-1.0,-1.0,-1.0,-1.0,-1.0,-1.0,1.0,1.0,2.0,1.0,1.0,-1.0,-1.0,1.0,1.0,1.0,1.0,18500.0,-1.0,-1.0,<10k,2,-1.0,-1.0,2,-1.0,-1.0,2,-1.0,-1.0,2,-1.0,-1.0,2,-1.0,-1.0,2,-1.0,-1.0,2,-1.0,-1.0,2,-1.0,-1.0,2,-1.0,-1.0,2,-1.0,-1.0,1.0,12.9,0.0,10.62,1.0,14.09,2.0,13.28,YES,YES,0.0,13.07,1.0,12.43,1.0,11.36,0.0,9.57,0.0,10.33,2.0,14.94,3.0,17.49,3.0,14.35,0.0,14.56,0.0,11.27,3.0,14.61,1,1,1,2,3.0,5.0,1,2,2.0,2,4.0,1.0,-0.98,-1.07,1.0,2.0,12.0,12.0,1,1,2.0,1.0,1.0,1.0,1.0,1.0,3.0,2.0,-1.0,-1.03,2.0,-1.0,-1.0,-1.0,-1.0,-1.0,-1.0
11,1,1,1,1,3,1,90,19-35,1,1,1,2,9.0,10.0,1.0,1.0,7412.0,43211.0,5.0,-1.0,-1.0,244.2228303,1995,1.0,1.0,11.0,10.0,4.06,4.0,14.21,-1.0,-1.0,-1.0,2.0,-1.0,-1.0,2.0,-1.0,2.0,-1.0,-1.0,2.0,-1.0,2.0,-1.0,-1.0,-1.0,-1.0,-1.0,-1.0,1.0,1.0,2.0,1.0,1.0,-1.0,-1.0,1.0,1.0,1.0,1.0,27000.0,-1.0,-1.0,<10k,2,-1.0,-1.0,2,-1.0,-1.0,2,-1.0,-1.0,2,-1.0,-1.0,2,-1.0,-1.0,2,-1.0,-1.0,2,-1.0,-1.0,2,-1.0,-1.0,2,-1.0,-1.0,2,-1.0,-1.0,1.0,12.3,0.0,10.23,1.0,10.31,2.0,17.53,YES,YES,0.0,9.81,1.0,11.44,1.0,10.13,0.0,7.81,0.0,10.41,2.0,15.24,3.0,15.66,3.0,16.0,0.0,12.7,0.0,12.64,3.0,16.51,1,1,1,2,3.0,5.0,1,2,2.0,2,4.0,1.0,-1.08,-1.07,1.0,2.0,12.0,12.0,1,1,2.0,1.0,1.0,1.0,1.0,1.0,3.0,2.0,-1.0,-1.03,2.0,-1.0,-1.0,-1.0,-1.0,-1.0,-1.0
11,1,1,1,1,5,2,90,19-35,1,1,1,2,9.0,12.0,1.0,1.0,5211.0,47721.0,3.0,-1.0,-1.0,244.2228303,1996,3.0,-1.0,-1.0,-1.0,-0.95,-1.0,-0.91,-1.0,7.0,-1.0,2.0,-1.0,-1.0,2.0,-1.0,2.0,-1.0,-1.0,2.0,-1.0,2.0,-1.0,-1.0,-1.0,-1.0,-1.0,-1.0,2.0,1.0,2.0,1.0,1.0,-1.0,-1.0,1.0,1.0,1.0,1.0,20000.0,-1.0,-1.0,<10k,2,-1.0,-1.0,2,-1.0,-1.0,2,-1.0,-1.0,2,-1.0,-1.0,2,-1.0,-1.0,2,-1.0,-1.0,2,-1.0,-1.0,2,-1.0,-1.0,2,-1.0,-1.0,2,-1.0,-1.0,1.0,11.81,0.0,11.71,1.0,11.28,2.0,15.64,YES,YES,0.0,12.21,1.0,12.91,1.0,11.2,0.0,10.66,0.0,10.99,2.0,13.16,3.0,16.0,3.0,14.19,0.0,10.73,0.0,13.6,3.0,14.93,1,1,1,2,3.0,5.0,1,2,2.0,2,4.0,1.0,-1.13,-1.14,1.0,2.0,12.0,12.0,1,1,2.0,1.0,1.0,1.0,1.0,1.0,3.0,2.0,-1.0,-0.98,2.0,-1.0,-1.0,-1.0,-1.0,-1.0,-1.0
11,1,1,1,1,1,1,70,36-50,1,1,1,2,9.0,12.0,1.0,1.0,3324.0,45102.0,5.0,-1.0,-1.0,244.2228303,1973,-1.0,-1.0,-1.0,-1.0,-1.07,-1.0,-1.06,-1.0,-1.0,-1.0,2.0,-1.0,-1.0,1.0,1.0,2.0,-1.0,-1.0,2.0,-1.0,2.0,-1.0,-1.0,-1.0,-1.0,-1.0,-1.0,1.0,1.0,2.0,1.0,1.0,-1.0,-1.0,1.0,1.0,1.0,1.0,27000.0,-1.0,-1.0,<10k,2,-1.0,-1.0,2,-1.0,-1.0,2,-1.0,-1.0,2,-1.0,-1.0,2,-1.0,-1.0,2,-1.0,-1.0,2,-1.0,-1.0,2,-1.0,-1.0,2,-1.0,-1.0,2,-1.0,-1.0,1.0,13.96,0.0,9.76,1.0,12.6,2.0,18.53,YES,YES,0.0,11.38,1.0,12.18,1.0,8.26,0.0,9.89,0.0,10.44,2.0,13.05,3.0,13.92,3.0,15.42,0.0,11.79,0.0,13.04,3.0,15.57,1,1,1,2,3.0,5.0,1,2,2.0,2,4.0,1.0,-1.09,-0.93,1.0,2.0,12.0,12.0,1,1,2.0,1.0,1.0,1.0,1.0,1.0,3.0,2.0,-1.0,-1.19,2.0,-1.0,-1.0,-1.0,-1.0,-1.0,-1.0
11,1,1,1,1,2,2,80,36-50,1,1,1,2,9.0,12.0,7.0,2.0,-1.0,-1.0,-1.0,-1.0,-1.0,244.2228303,1982,3.0,-1.0,-1.0,-1.0,-0.83,-1.0,-0.96,-1.0,6.0,2015.0,2.0,-1.0,-1.0,1.0,1.0,2.0,-1.0,-1.0,2.0,-1.0,2.0,-1.0,-1.0,-1.0,-1.0,-1.0,-1.0,1.0,1.0,2.0,1.0,1.0,-1.0,-1.0,1.0,1.0,1.0,1.0,18500.0,-1.0,-1.0,<10k,2,-1.0,-1.0,2,-1.0,-1.0,2,-1.0,-1.0,2,-1.0,-1.0,2,-1.0,-1.0,2,-1.0,-1.0,2,-1.0,-1.0,2,-1.0,-1.0,2,-1.0,-1.0,2,-1.0,-1.0,1.0,11.99,0.0,10.27,1.0,11.05,2.0,15.47,YES,YES,0.0,11.13,1.0,10.47,1.0,9.74,0.0,11.36,0.0,11.73,2.0,14.19,3.0,17.18,3.0,17.95,0.0,13.9,0.0,13.19,3.0,13.76,1,1,1,2,3.0,5.0,1,2,2.0,2,4.0,1.0,-0.95,-0.84,1.0,2.0,12.0,12.0,1,1,2.0,1.0,1.0,1.0,1.0,1.0,3.0,2.0,-1.0,-0.94,2.0,-1.0,-1.0,-1.0,-1.0,-1.0,-1.0
11,1,1,1,1,3,2,0,0-18,1,1,1,1,2.0,10.0,8.0,2.0,-1.0,-1.0,-1.0,-1.0,-1.0,244.2228303,2003,1.0,1.0,11.0,10.0,3.41,4.0,15.79,-1.0,-1.0,-1.0,2.0,-1.0,-1.0,2.0,-1.0,2.0,-1.0,-1.0,2.0,-1.0,2.0,-1.0,-1.0,-1.0,-1.0,-1.0,-1.0,1.0,1.0,2.0,1.0,1.0,-1.0,-1.0,1.0,1.0,1.0,1.0,27000.0,-1.0,-1.0,<10k,2,-1.0,-1.0,2,-1.0,-1.0,2,-1.0,-1.0,2,-1.0,-1.0,2,-1.0,-1.0,2,-1.0,-1.0,2,-1.0,-1.0,2,-1.0,-1.0,2,-1.0,-1.0,2,-1.0,-1.0,1.0,11.78,0.0,8.94,1.0,11.13,2.0,14.49,YES,YES,0.0,11.36,1.0,11.99,1.0,11.38,0.0,8.68,0.0,8.5,2.0,14.7,3.0,14.43,3.0,15.28,0.0,12.62,0.0,13.11,3.0,15.84,1,1,1,2,3.0,5.0,1,2,2.0,2,4.0,1.0,-0.98,-0.89,1.0,2.0,12.0,12.0,1,1,2.0,1.0,1.0,1.0,1.0,1.0,3.0,2.0,-1.0,-1.13,2.0,-1.0,-1.0,-1.0,-1.0,-1.0,-1.0
11,1,1,1,1,3,2,0,0-18,1,1,1,1,2.0,7.0,-1.0,-1.0,-1.0,-1.0,-1.0,-1.0,-1.0,244.2228303,2006,3.0,-1.0,-1.0,-1.0,-1.05,-1.0,-1.1,-1.0,7.0,-1.0,2.0,-1.0,-1.0,2.0,-1.0,2.0,-1.0,-1.0,2.0,-1.0,2.0,-1.0,-1.0,-1.0,-1.0,-1.0,-1.0,2.0,1.0,2.0,1.0,1.0,-1.0,-1.0,1.0,1.0,1.0,1.0,20000.0,-1.0,-1.0,<10k,2,-1.0,-1.0,2,-1.0,-1.0,2,-1.0,-1.0,2,-1.0,-1.0,2,-1.0,-1.0,2,-1.0,-1.0,2,-1.0,-1.0,2,-1.0,-1.0,2,-1.0,-1.0,2,-1.0,-1.0,1.0,12.79,0.0,7.28,1.0,11.73,2.0,15.45,YES,YES,0.0,14.3,1.0,12.95,1.0,9.77,0.0,9.45,0.0,10.01,2.0,17.39,3.0,12.0,3.0,16.52,0.0,12.92,0.0,10.98,3.0,15.64,1,1,1,2,3.0,5.0,1,2,2.0,2,4.0,1.0,-1.18,-0.91,1.0,2.0,12.0,12.0,1,1,2.0,1.0,1.0,1.0,1.0,1.0,3.0,2.0,-1.0,-1.12,2.0,-1.0,-1.0,-1.0,-1.0,-1.0,-1.0
11,1,1,1,1,1,1,50,51-65,1,1,1,2,9.0,12.0,4.0,2.0,-1.0,-1.0,-1.0,-1.0,-1.0,244.2228303,1956,-1.0,-1.0,-1.0,-1.0,-1.17,-1.0,-0.93,-1.0,-1.0,-1.0,2.0,-1.0,-1.0,1.0,1.0,2.0,-1.0,-1.0,2.0,-1.0,2.0,-1.0,-1.0,-1.0,-1.0,-1.0,-1.0,1.0,1.0,2.0,1.0,1.0,-1.0,-1.0,1.0,1.0,1.0,1.0,27000.0,-1.0,-1.0,<10k,2,-1.0,-1.0,2,-1.0,-1.0,2,-1.0,-1.0,2,-1.0,-1.0,2,-1.0,-1.0,2,-1.0,-1.0,2,-1.0,-1.0,2,-1.0,-1.0,2,-1.0,-1.0,2,-1.0,-1.0,1.0,11.13,0.0,11.54,1.0,9.38,2.0,14.37,YES,YES,0.0,11.62,1.0,14.32,1.0,9.37,0.0,9.13,0.0,9.72,2.0,16.12,3.0,15.52,3.0,16.21,0.0,11.12,0.0,10.76,3.0,15.71,1,1,1,2,3.0,5.0,1,2,2.0,2,4.0,1.0,-1.12,-0.87,1.0,2.0,12.0,12.0,1,1,2.0,1.0,1.0,1.0,1.0,1.0,3.0,2.0,-1.0,-1.0,2.0,-1.0,-1.0,-1.0,-1.0,-1.0,-1.0
11,1,1,1,1,2,2,50,66+,1,1,4,2,9.0,12.0,7.0,2.0,-1.0,-1.0,-1.0,-1.0,-1.0,244.2228303,1952,3.0,-1.0,-1.0,-1.0,-1.05,-1.0,-0.87,-1.0,6.0,2015.0,2.0,-1.0,-1.0,1.0,1.0,2.0,-1.0,-1.0,2.0,-1.0,2.0,-1.0,-1.0,-1.0,-1.0,-1.0,-1.0,1.0,1.0,2.0,1.0,1.0,-1.0,-1.0,1.0,1.0,1.0,1.0,18500.0,-1.0,-1.0,<10k,2,-1.0,-1.0,2,-1.0,-1.0,2,-1.0,-1.0,2,-1.0,-1.0,2,-1.0,-1.0,2,-1.0,-1.0,2,-1.0,-1.0,2,-1.0,-1.0,2,-1.0,-1.0,2,-1.0,-1.0,1.0,12.07,0.0,9.44,1.0,11.59,2.0,16.41,YES,YES,0.0,11.52,1.0,12.61,1.0,12.5,0.0,8.15,0.0,8.71,2.0,14.54,3.0,17.87,3.0,14.22,0.0,11.34,0.0,10.51,3.0,15.33,1,1,1,2,3.0,5.0,1,2,2.0,2,4.0,1.0,-1.09,-0.76,1.0,2.0,12.0,12.0,1,1,2.0,1.0,1.0,1.0,1.0,1.0,3.0,2.0,-1.0,-1.05,2.0,-1.0,-1.0,-1.0,-1.0,-1.0,-1.0
11,1,1,1,1,3,1,80,19-35,1,1,1,1,9.0,11.0,1.0,1.0,5121.0,51100.0,2.0,-1.0,-1.0,244.2228303,1989,1.0,1.0,11.0,10.0,4.21,4.0,14.42,-1.0,-1.0,-1.0,2.0,-1.0,-1.0,2.0,-1.0,2.0,-1.0,-1.0,2.0,-1.0,2.0,-1.0,-1.0,-1.0,-1.0,-1.0,-1.0,1.0,1.0,2.0,1.0,1.0,-1.0,-1.0,1.0,1.0,1.0,1.0,27000.0,-1.0,-1.0,<10k,2,-1.0,-1.0,2,-1.0,-1.0,2,-1.0,-1.0,2,-1.0,-1.0,2,-1.0,-1.0,2,-1.0,-1.0,2,-1.0,-1.0,2,-1.0,-1.0,2,-1.0,-1.0,2,-1.0,-1.0,1.0,11.7,0.0,11.41,1.0,11.03,2.0,16.55,YES,YES,0.0,11.77,1.0,12.92,1.0,9.94,0.0,10.62,0.0,10.28,2.0,13.39,3.0,14.11,3.0,14.61,0.0,11.79,0.0,12.24,3.0,14.47,1,1,1,2,3.0,5.0,1,2,2.0,2,4.0,1.0,-1.02,-1.07,1.0,2.0,12.0,12.0,1,1,2.0,1.0,1.0,1.0,1.0,1.0,3.0,2.0,-1.0,-1.04,2.0,-1.0,-1.0,-1.0,-1.0,-1.0,-1.0
11,1,1,1,1,5,2,50,51-65,1,1,4,5,9.0,12.0,7.0,2.0,-1.0,-1.0,-1.0,-1.0,-1.0,244.2228303,1956,3.0,-1.0,-1.0,-1.0,-0.96,-1.0,-1.06,-1.0,7.0,-1.0,2.0,-1.0,-1.0,2.0,-1.0,2.0,-1.0,-1.0,2.0,-1.0,2.0,-1.0,-1.0,-1.0,-1.0,-1.0,-1.0,2.0,1.0,2.0,1.0,1.0,-1.0,-1.0,1.0,1.0,1.0,1.0,20000.0,-1.0,-1.0,<10k,2,-1.0,-1.0,2,-1.0,-1.0,2,-1.0,-1.0,2,-1.0,-1.0,2,-1.0,-1.0,2,-1.0,-1.0,2,-1.0,-1.0,2,-1.0,-1.0,2,-1.0,-1.0,2,-1.0,-1.0,1.0,12.89,0.0,10.5,1.0,11.88,2.0,16.16,YES,YES,0.0,9.49,1.0,11.78,1.0,9.66,0.0,8.98,0.0,10.46,2.0,15.28,3.0,12.84,3.0,15.42,0.0,11.06,0.0,12.65,3.0,13.88,1,1,1,2,3.0,5.0,1,2,2.0,2,4.0,1.0,-1.06,-0.94,1.0,2.0,12.0,12.0,1,1,2.0,1.0,1.0,1.0,1.0,1.0,3.0,2.0,-1.0,-0.99,2.0,-1.0,-1.0,-1.0,-1.0,-1.0,-1.0
11,1,1,1,1,1,1,70,36-50,1,1,1,2,9.0,16.0,1.0,1.0,1346.0,64191.0,3.0,-1.0,-1.0,495.0953281,1979,-1.0,-1.0,-1.0,-1.0,-1.15,-1.0,-1.02,-1.0,-1.0,-1.0,2.0,-1.0,-1.0,1.0,9.0,2.0,-1.0,-1.0,1.0,9.0,2.0,-1.0,-1.0,-1.0,-1.0,-1.0,-1.0,2.0,1.0,2.0,1.0,1.0,-1.0,-1.0,1.0,1.0,1.0,1.0,200000.0,25000.0,700000.0,<10k,1,1000000.0,3.0,2,-1.0,-1.0,2,-1.0,-1.0,2,-1.0,-1.0,2,-1.0,-1.0,2,-1.0,-1.0,2,-1.0,-1.0,2,-1.0,-1.0,2,-1.0,-1.0,2,-1.0,-1.0,0.0,9.93,0.0,11.68,1.0,9.22,2.0,21.23,YES,YES,6.0,38.31,6.0,43.84,0.0,9.26,2.0,19.97,2.0,19.66,4.0,28.78,4.0,27.95,0.0,2.35,0.0,11.73,0.0,11.01,7.0,60.12,1,1,1,3,4.0,7.0,1,2,2.0,1,4.0,1.0,-0.95,-1.06,3.0,2.0,2.0,2.0,1,1,1.0,1.0,1.0,1.0,1.0,1.0,3.0,2.0,-1.0,-1.07,2.0,-1.0,-1.0,-1.0,-1.0,-1.0,-1.0
11,1,1,1,1,2,2,80,36-50,1,1,4,2,9.0,17.0,7.0,2.0,-1.0,-1.0,-1.0,-1.0,-1.0,495.0953281,1980,-1.0,-1.0,-1.0,-1.0,-0.95,-1.0,-1.17,-1.0,-1.0,-1.0,2.0,-1.0,-1.0,1.0,3.0,2.0,-1.0,-1.0,2.0,-1.0,2.0,-1.0,-1.0,-1.0,-1.0,-1.0,-1.0,2.0,1.0,2.0,1.0,1.0,-1.0,-1.0,1.0,1.0,1.0,1.0,70000.0,-1.0,-1.0,<10k,1,1000000.0,3.0,2,-1.0,-1.0,2,-1.0,-1.0,2,-1.0,-1.0,2,-1.0,-1.0,2,-1.0,-1.0,2,-1.0,-1.0,2,-1.0,-1.0,2,-1.0,-1.0,2,-1.0,-1.0,0.0,10.12,0.0,9.52,1.0,15.72,2.0,21.68,YES,YES,6.0,40.07,6.0,38.41,0.0,10.78,2.0,20.7,2.0,22.85,4.0,27.91,4.0,30.65,0.0,2.85,0.0,9.51,0.0,8.68,7.0,67.32,1,1,1,3,4.0,7.0,1,2,2.0,1,4.0,1.0,-1.04,-0.89,3.0,2.0,2.0,2.0,1,1,1.0,1.0,1.0,1.0,1.0,1.0,3.0,2.0,-1.0,-0.99,2.0,-1.0,-1.0,-1.0,-1.0,-1.0,-1.0
11,1,1,1,1,3,1,0,0-18,1,1,1,1,2.0,7.0,-1.0,-1.0,-1.0,-1.0,-1.0,-1.0,-1.0,495.0953281,2006,1.0,1.0,8.0,7.0,5.49,4.0,30.67,-1.0,-1.0,-1.0,2.0,-1.0,-1.0,2.0,-1.0,2.0,-1.0,-1.0,2.0,-1.0,2.0,-1.0,-1.0,-1.0,-1.0,-1.0,-1.0,2.0,1.0,2.0,1.0,1.0,-1.0,-1.0,1.0,1.0,1.0,1.0,45000.0,-1.0,-1.0,<10k,1,1000000.0,3.0,2,-1.0,-1.0,2,-1.0,-1.0,2,-1.0,-1.0,2,-1.0,-1.0,2,-1.0,-1.0,2,-1.0,-1.0,2,-1.0,-1.0,2,-1.0,-1.0,2,-1.0,-1.0,0.0,8.61,0.0,8.79,1.0,17.17,2.0,16.83,YES,YES,6.0,37.58,6.0,42.5,0.0,11.62,2.0,21.42,2.0,20.09,4.0,30.81,4.0,30.09,0.0,3.27,0.0,9.2,0.0,10.46,7.0,66.84,1,1,1,3,4.0,7.0,1,2,2.0,1,4.0,1.0,-0.99,-0.96,3.0,2.0,2.0,2.0,1,1,1.0,1.0,1.0,1.0,1.0,1.0,3.0,2.0,-1.0,-0.98,2.0,-1.0,-1.0,-1.0,-1.0,-1.0,-1.0
11,1,1,1,1,3,1,0,0-18,1,1,1,1,2.0,4.0,-1.0,-1.0,-1.0,-1.0,-1.0,-1.0,-1.0,495.0953281,2009,1.0,1.0,5.0,4.0,4.93,4.0,29.21,-1.0,-1.0,-1.0,2.0,-1.0,-1.0,2.0,-1.0,2.0,-1.0,-1.0,2.0,-1.0,2.0,-1.0,-1.0,-1.0,-1.0,-1.0,-1.0,2.0,1.0,2.0,1.0,1.0,-1.0,-1.0,1.0,1.0,1.0,1.0,20000.0,-1.0,-1.0,<10k,1,1000000.0,3.0,2,-1.0,-1.0,2,-1.0,-1.0,2,-1.0,-1.0,2,-1.0,-1.0,2,-1.0,-1.0,2,-1.0,-1.0,2,-1.0,-1.0,2,-1.0,-1.0,2,-1.0,-1.0,0.0,9.3,0.0,8.72,1.0,13.2,2.0,22.36,YES,YES,6.0,39.96,6.0,39.28,0.0,9.91,2.0,22.65,2.0,18.55,4.0,28.26,4.0,31.84,0.0,2.88,0.0,9.14,0.0,11.62,7.0,66.74,1,1,1,3,4.0,7.0,1,2,2.0,1,4.0,1.0,-1.18,-0.94,3.0,2.0,2.0,2.0,1,1,1.0,1.0,1.0,1.0,1.0,1.0,3.0,2.0,-1.0,-1.21,2.0,-1.0,-1.0,-1.0,-1.0,-1.0,-1.0
11,1,1,1,1,1,1,40,66+,1,1,1,2,9.0,6.0,9.0,2.0,-1.0,-1.0,-1.0,-1.0,-1.0,495.0953281,1945,-1.0,-1.0,-1.0,-1.0,-1.09,-1.0,-0.96,-1.0,-1.0,-1.0,2.0,-1.0,-1.0,1.0,9.0,2.0,-1.0,-1.0,1.0,9.0,2.0,-1.0,-1.0,-1.0,-1.0,-1.0,-1.0,2.0,1.0,2.0,1.0,1.0,-1.0,-1.0,1.0,1.0,1.0,1.0,200000.0,25000.0,700000.0,<10k,1,1000000.0,3.0,2,-1.0,-1.0,2,-1.0,-1.0,2,-1.0,-1.0,2,-1.0,-1.0,2,-1.0,-1.0,2,-1.0,-1.0,2,-1.0,-1.0,2,-1.0,-1.0,2,-1.0,-1.0,0.0,8.72,0.0,8.6,1.0,15.39,2.0,16.3,YES,YES,6.0,37.89,6.0,44.55,0.0,9.97,2.0,19.35,2.0,18.54,4.0,27.62,4.0,27.67,0.0,2.83,0.0,9.53,0.0,8.79,7.0,53.98,1,1,1,3,4.0,7.0,1,2,2.0,1,4.0,1.0,-1.08,-1.04,3.0,2.0,2.0,2.0,1,1,1.0,1.0,1.0,1.0,1.0,1.0,3.0,2.0,-1.0,-1.03,2.0,-1.0,-1.0,-1.0,-1.0,-1.0,-1.0
11,1,1,1,1,2,2,40,66+,1,1,1,2,9.0,5.0,9.0,2.0,-1.0,-1.0,-1.0,-1.0,-1.0,495.0953281,1949,-1.0,-1.0,-1.0,-1.0,-0.85,-1.0,-1.0,-1.0,-1.0,-1.0,2.0,-1.0,-1.0,1.0,3.0,2.0,-1.0,-1.0,2.0,-1.0,2.0,-1.0,-1.0,-1.0,-1.0,-1.0,-1.0,2.0,1.0,2.0,1.0,1.0,-1.0,-1.0,1.0,1.0,1.0,1.0,70000.0,-1.0,-1.0,<10k,1,1000000.0,3.0,2,-1.0,-1.0,2,-1.0,-1.0,2,-1.0,-1.0,2,-1.0,-1.0,2,-1.0,-1.0,2,-1.0,-1.0,2,-1.0,-1.0,2,-1.0,-1.0,2,-1.0,-1.0,0.0,9.76,0.0,9.04,1.0,14.95,2.0,17.1,YES,YES,6.0,30.77,6.0,36.8,0.0,10.98,2.0,20.08,2.0,18.07,4.0,32.06,4.0,30.14,0.0,2.91,0.0,8.55,0.0,10.48,7.0,51.41,1,1,1,3,4.0,7.0,1,2,2.0,1,4.0,1.0,-0.98,-1.1,3.0,2.0,2.0,2.0,1,1,1.0,1.0,1.0,1.0,1.0,1.0,3.0,2.0,-1.0,-0.92,2.0,-1.0,-1.0,-1.0,-1.0,-1.0,-1.0
11,1,1,1,1,3,1,90,19-35,1,1,1,2,9.0,10.0,1.0,1.0,8121.0,20221.0,3.0,-1.0,-1.0,495.0953281,1991,1.0,1.0,8.0,7.0,5.12,4.0,30.37,-1.0,-1.0,-1.0,2.0,-1.0,-1.0,2.0,-1.0,2.0,-1.0,-1.0,2.0,-1.0,2.0,-1.0,-1.0,-1.0,-1.0,-1.0,-1.0,2.0,1.0,2.0,1.0,1.0,-1.0,-1.0,1.0,1.0,1.0,1.0,45000.0,-1.0,-1.0,<10k,1,1000000.0,3.0,2,-1.0,-1.0,2,-1.0,-1.0,2,-1.0,-1.0,2,-1.0,-1.0,2,-1.0,-1.0,2,-1.0,-1.0,2,-1.0,-1.0,2,-1.0,-1.0,2,-1.0,-1.0,0.0,9.66,0.0,9.45,1.0,15.02,2.0,19.53,YES,YES,6.0,36.91,6.0,47.11,0.0,9.15,2.0,20.99,2.0,19.13,4.0,30.66,4.0,25.54,0.0,2.87,0.0,10.08,0.0,10.75,7.0,64.2,1,1,1,3,4.0,7.0,1,2,2.0,1,4.0,1.0,-1.06,-0.87,3.0,2.0,2.0,2.0,1,1,1.0,1.0,1.0,1.0,1.0,1.0,3.0,2.0,-1.0,-1.05,2.0,-1.0,-1.0,-1.0,-1.0,-1.0,-1.0
11,1,1,1,1,5,2,90,19-35,1,1,1,2,9.0,12.0,7.0,2.0,-1.0,-1.0,-1.0,-1.0,-1.0,495.0953281,1995,1.0,1.0,5.0,4.0,5.53,4.0,31.71,-1.0,-1.0,-1.0,2.0,-1.0,-1.0,2.0,-1.0,2.0,-1.0,-1.0,2.0,-1.0,2.0,-1.0,-1.0,-1.0,-1.0,-1.0,-1.0,2.0,1.0,2.0,1.0,1.0,-1.0,-1.0,1.0,1.0,1.0,1.0,20000.0,-1.0,-1.0,<10k,1,1000000.0,3.0,2,-1.0,-1.0,2,-1.0,-1.0,2,-1.0,-1.0,2,-1.0,-1.0,2,-1.0,-1.0,2,-1.0,-1.0,2,-1.0,-1.0,2,-1.0,-1.0,2,-1.0,-1.0,0.0,9.61,0.0,8.62,1.0,12.76,2.0,20.23,YES,YES,6.0,45.39,6.0,44.72,0.0,9.79,2.0,20.79,2.0,21.09,4.0,27.97,4.0,28.8,0.0,2.91,0.0,9.77,0.0,10.36,7.0,72.46,1,1,1,3,4.0,7.0,1,2,2.0,1,4.0,1.0,-1.15,-1.19,3.0,2.0,2.0,2.0,1,1,1.0,1.0,1.0,1.0,1.0,1.0,3.0,2.0,-1.0,-0.85,2.0,-1.0,-1.0,-1.0,-1.0,-1.0,-1.0
11,1,1,1,1,1,1,50,51-65,1,2,2,2,9.0,13.0,5.0,2.0,-1.0,-1.0,-1.0,-1.0,-1.0,495.0953281,1956,-1.0,-1.0,-1.0,-1.0,-0.95,-1.0,-0.9,-1.0,-1.0,-1.0,2.0,-1.0,-1.0,1.0,9.0,2.0,-1.0,-1.0,1.0,9.0,2.0,-1.0,-1.0,-1.0,-1.0,-1.0,-1.0,2.0,1.0,2.0,1.0,1.0,-1.0,-1.0,1.0,1.0,1.0,1.0,200000.0,25000.0,700000.0,<10k,1,1000000.0,3.0,2,-1.0,-1.0,2,-1.0,-1.0,2,-1.0,-1.0,2,-1.0,-1.0,2,-1.0,-1.0,2,-1.0,-1.0,2,-1.0,-1.0,2,-1.0,-1.0,2,-1.0,-1.0,0.0,9.83,0.0,11.43,1.0,13.91,2.0,20.79,YES,YES,6.0,44.48,6.0,43.01,0.0,8.97,2.0,16.95,2.0,22.09,4.0,34.93,4.0,29.45,0.0,3.29,0.0,11.74,0.0,10.98,7.0,53.97,1,1,1,3,4.0,7.0,1,2,2.0,1,4.0,1.0,-0.99,-1.1,3.0,2.0,2.0,2.0,1,1,1.0,1.0,1.0,1.0,1.0,1.0,3.0,2.0,-1.0,-0.94,2.0,-1.0,-1.0,-1.0,-1.0,-1.0,-1.0
11,1,1,1,1,2,2,60,51-65,1,2,2,2,9.0,13.0,5.0,2.0,-1.0,-1.0,-1.0,-1.0,-1.0,495.0953281,1960,-1.0,-1.0,-1.0,-1.0,-0.87,-1.0,-0.98,-1.0,-1.0,-1.0,2.0,-1.0,-1.0,1.0,3.0,2.0,-1.0,-1.0,2.0,-1.0,2.0,-1.0,-1.0,-1.0,-1.0,-1.0,-1.0,2.0,1.0,2.0,1.0,1.0,-1.0,-1.0,1.0,1.0,1.0,1.0,70000.0,-1.0,-1.0,<10k,1,1000000.0,3.0,2,-1.0,-1.0,2,-1.0,-1.0,2,-1.0,-1.0,2,-1.0,-1.0,2,-1.0,-1.0,2,-1.0,-1.0,2,-1.0,-1.0,2,-1.0,-1.0,2,-1.0,-1.0,0.0,9.52,0.0,8.88,1.0,15.02,2.0,20.72,YES,YES,6.0,29.92,6.0,39.61,0.0,11.2,2.0,19.37,2.0,19.74,4.0,28.75,4.0,29.0,0.0,2.85,0.0,7.85,0.0,9.8,7.0,62.88,1,1,1,3,4.0,7.0,1,2,2.0,1,4.0,1.0,-1.12,-1.05,3.0,2.0,2.0,2.0,1,1,1.0,1.0,1.0,1.0,1.0,1.0,3.0,2.0,-1.0,-1.03,2.0,-1.0,-1.0,-1.0,-1.0,-1.0,-1.0
11,1,1,1,1,5,2,30,66+,1,2,2,4,9.0,10.0,9.0,2.0,-1.0,-1.0,-1.0,-1.0,-1.0,495.0953281,1938,1.0,1.0,8.0,7.0,4.82,4.0,33.95,-1.0,-1.0,-1.0,2.0,-1.0,-1.0,2.0,-1.0,2.0,-1.0,-1.0,2.0,-1.0,2.0,-1.0,-1.0,-1.0,-1.0,-1.0,-1.0,2.0,1.0,2.0,1.0,1.0,-1.0,-1.0,1.0,1.0,1.0,1.0,45000.0,-1.0,-1.0,<10k,1,1000000.0,3.0,2,-1.0,-1.0,2,-1.0,-1.0,2,-1.0,-1.0,2,-1.0,-1.0,2,-1.0,-1.0,2,-1.0,-1.0,2,-1.0,-1.0,2,-1.0,-1.0,2,-1.0,-1.0,0.0,9.63,0.0,10.78,1.0,12.39,2.0,19.45,YES,YES,6.0,37.45,6.0,47.17,0.0,9.44,2.0,21.38,2.0,16.36,4.0,28.16,4.0,31.03,0.0,3.07,0.0,9.38,0.0,10.12,7.0,59.72,1,1,1,3,4.0,7.0,1,2,2.0,1,4.0,1.0,-0.84,-0.86,3.0,2.0,2.0,2.0,1,1,1.0,1.0,1.0,1.0,1.0,1.0,3.0,2.0,-1.0,-0.79,2.0,-1.0,-1.0,-1.0,-1.0,-1.0,-1.0
11,1,1,1,1,6,2,70,36-50,1,2,2,2,9.0,5.0,1.0,1.0,9111.0,97006.0,3.0,-1.0,-1.0,495.0953281,1979,1.0,1.0,5.0,4.0,4.63,4.0,29.11,-1.0,-1.0,-1.0,2.0,-1.0,-1.0,2.0,-1.0,2.0,-1.0,-1.0,2.0,-1.0,2.0,-1.0,-1.0,-1.0,-1.0,-1.0,-1.0,2.0,1.0,2.0,1.0,1.0,-1.0,-1.0,1.0,1.0,1.0,1.0,20000.0,-1.0,-1.0,<10k,1,1000000.0,3.0,2,-1.0,-1.0,2,-1.0,-1.0,2,-1.0,-1.0,2,-1.0,-1.0,2,-1.0,-1.0,2,-1.0,-1.0,2,-1.0,-1.0,2,-1.0,-1.0,2,-1.0,-1.0,0.0,9.01,0.0,8.77,1.0,13.41,2.0,21.72,YES,YES,6.0,38.82,6.0,30.11,0.0,10.76,2.0,16.97,2.0,21.39,4.0,26.04,4.0,27.51,0.0,3.14,0.0,9.87,0.0,11.1,7.0,65.1,1,1,1,3,4.0,7.0,1,2,2.0,1,4.0,1.0,-0.9,-0.96,3.0,2.0,2.0,2.0,1,1,1.0,1.0,1.0,1.0,1.0,1.0,3.0,2.0,-1.0,-1.06,2.0,-1.0,-1.0,-1.0,-1.0,-1.0,-1.0
11,1,1,1,1,1,1,70,36-50,1,1,1,2,9.0,16.0,1.0,1.0,3115.0,51100.0,2.0,-1.0,-1.0,495.0953281,1979,-1.0,-1.0,-1.0,-1.0,-1.01,-1.0,-1.14,-1.0,-1.0,-1.0,2.0,-1.0,-1.0,1.0,9.0,2.0,-1.0,-1.0,1.0,9.0,2.0,-1.0,-1.0,-1.0,-1.0,-1.0,-1.0,2.0,1.0,2.0,1.0,1.0,-1.0,-1.0,1.0,1.0,1.0,1.0,200000.0,25000.0,700000.0,<10k,1,1000000.0,3.0,2,-1.0,-1.0,2,-1.0,-1.0,2,-1.0,-1.0,2,-1.0,-1.0,2,-1.0,-1.0,2,-1.0,-1.0,2,-1.0,-1.0,2,-1.0,-1.0,2,-1.0,-1.0,0.0,11.04,0.0,10.16,1.0,15.12,2.0,19.98,YES,YES,6.0,42.65,6.0,36.22,0.0,9.2,2.0,19.31,2.0,17.98,4.0,28.57,4.0,26.89,0.0,3.57,0.0,9.74,0.0,10.64,7.0,59.61,1,1,1,3,4.0,7.0,1,2,2.0,1,4.0,1.0,-0.93,-0.88,3.0,2.0,2.0,2.0,1,1,1.0,1.0,1.0,1.0,1.0,1.0,3.0,2.0,-1.0,-0.88,2.0,-1.0,-1.0,-1.0,-1.0,-1.0,-1.0
11,1,1,1,1,2,2,70,36-50,1,1,1,2,9.0,15.0,1.0,1.0,1322.0,84110.0,1.0,-1.0,-1.0,495.0953281,1977,-1.0,-1.0,-1.0,-1.0,-0.99,-1.0,-0.9,-1.0,-1.0,-1.0,2.0,-1.0,-1.0,1.0,3.0,2.0,-1.0,-1.0,2.0,-1.0,2.0,-1.0,-1.0,-1.0,-1.0,-1.0,-1.0,2.0,1.0,2.0,1.0,1.0,-1.0,-1.0,1.0,1.0,1.0,1.0,70000.0,-1.0,-1.0,<10k,1,1000000.0,3.0,2,-1.0,-1.0,2,-1.0,-1.0,2,-1.0,-1.0,2,-1.0,-1.0,2,-1.0,-1.0,2,-1.0,-1.0,2,-1.0,-1.0,2,-1.0,-1.0,2,-1.0,-1.0,0.0,10.36,0.0,8.99,1.0,16.65,2.0,20.71,YES,YES,6.0,37.25,6.0,42.37,0.0,11.45,2.0,21.89,2.0,21.24,4.0,30.34,4.0,26.73,0.0,3.05,0.0,10.99,0.0,9.3,7.0,54.98,1,1,1,3,4.0,7.0,1,2,2.0,1,4.0,1.0,-0.81,-0.97,3.0,2.0,2.0,2.0,1,1,1.0,1.0,1.0,1.0,1.0,1.0,3.0,2.0,-1.0,-1.11,2.0,-1.0,-1.0,-1.0,-1.0,-1.0,-1.0
11,1,1,1,1,3,2,10,0-18,1,1,1,1,2.0,1.0,-1.0,-1.0,-1.0,-1.0,-1.0,-1.0,-1.0,495.0953281,2012,1.0,1.0,8.0,7.0,4.97,4.0,36.17,-1.0,-1.0,-1.0,2.0,-1.0,-1.0,2.0,-1.0,2.0,-1.0,-1.0,2.0,-1.0,2.0,-1.0,-1.0,-1.0,-1.0,-1.0,-1.0,2.0,1.0,2.0,1.0,1.0,-1.0,-1.0,1.0,1.0,1.0,1.0,45000.0,-1.0,-1.0,<10k,1,1000000.0,3.0,2,-1.0,-1.0,2,-1.0,-1.0,2,-1.0,-1.0,2,-1.0,-1.0,2,-1.0,-1.0,2,-1.0,-1.0,2,-1.0,-1.0,2,-1.0,-1.0,2,-1.0,-1.0,0.0,10.04,0.0,10.42,1.0,16.74,2.0,18.92,YES,YES,6.0,39.01,6.0,48.0,0.0,10.22,2.0,17.53,2.0,19.72,4.0,33.83,4.0,27.85,0.0,3.34,0.0,9.64,0.0,10.03,7.0,54.99,1,1,1,3,4.0,7.0,1,2,2.0,1,4.0,1.0,-0.95,-0.89,3.0,2.0,2.0,2.0,1,1,1.0,1.0,1.0,1.0,1.0,1.0,3.0,2.0,-1.0,-0.97,2.0,-1.0,-1.0,-1.0,-1.0,-1.0,-1.0
11,1,1,1,1,5,1,50,66+,1,1,1,2,9.0,11.0,9.0,2.0,-1.0,-1.0,-1.0,-1.0,-1.0,495.0953281,1950,1.0,1.0,5.0,4.0,5.37,4.0,27.68,-1.0,-1.0,-1.0,2.0,-1.0,-1.0,2.0,-1.0,2.0,-1.0,-1.0,2.0,-1.0,2.0,-1.0,-1.0,-1.0,-1.0,-1.0,-1.0,2.0,1.0,2.0,1.0,1.0,-1.0,-1.0,1.0,1.0,1.0,1.0,20000.0,-1.0,-1.0,<10k,1,1000000.0,3.0,2,-1.0,-1.0,2,-1.0,-1.0,2,-1.0,-1.0,2,-1.0,-1.0,2,-1.0,-1.0,2,-1.0,-1.0,2,-1.0,-1.0,2,-1.0,-1.0,2,-1.0,-1.0,0.0,11.54,0.0,8.25,1.0,16.76,2.0,22.04,YES,YES,6.0,40.1,6.0,43.76,0.0,8.66,2.0,16.48,2.0,19.46,4.0,31.68,4.0,24.01,0.0,2.92,0.0,10.72,0.0,8.88,7.0,59.94,1,1,1,3,4.0,7.0,1,2,2.0,1,4.0,1.0,-0.74,-1.02,3.0,2.0,2.0,2.0,1,1,1.0,1.0,1.0,1.0,1.0,1.0,3.0,2.0,-1.0,-1.05,2.0,-1.0,-1.0,-1.0,-1.0,-1.0,-1.0
11,1,1,1,1,5,2,50,66+,1,1,1,2,9.0,11.0,9.0,2.0,-1.0,-1.0,-1.0,-1.0,-1.0,495.0953281,1952,-1.0,-1.0,-1.0,-1.0,-0.97,-1.0,-1.01,-1.0,-1.0,-1.0,1.0,4.0,9.0,1.0,1.0,2.0,-1.0,-1.0,2.0,-1.0,1.0,2.0,2.0,1.0,0.0,2.0,-1.0,1.0,1.0,1.0,1.0,1.0,-1.0,-1.0,1.0,1.0,1.0,-1.0,-1.0,-1.0,-1.0,<10k,1,1000000.0,3.0,2,-1.0,-1.0,2,-1.0,-1.0,2,-1.0,-1.0,2,-1.0,-1.0,2,-1.0,-1.0,2,-1.0,-1.0,2,-1.0,-1.0,2,-1.0,-1.0,2,-1.0,-1.0,0.0,10.65,0.0,8.9,1.0,16.15,2.0,19.15,YES,YES,6.0,45.3,6.0,34.67,0.0,7.84,2.0,20.07,2.0,22.37,4.0,31.19,4.0,28.2,0.0,2.89,0.0,9.4,0.0,11.86,7.0,51.9,1,1,1,3,4.0,7.0,1,2,2.0,1,4.0,1.0,-0.99,-0.98,3.0,2.0,2.0,2.0,1,1,1.0,1.0,1.0,1.0,1.0,1.0,3.0,2.0,-1.0,-1.2,2.0,-1.0,-1.0,-1.0,-1.0,-1.0,-1.0
11,1,1,1,1,1,1,90,19-35,1,1,4,2,9.0,15.0,1.0,1.0,2330.0,85492.0,5.0,-1.0,-1.0,495.0953281,1991,-1.0,-1.0,-1.0,-1.0,-0.94,-1.0,-0.94,-1.0,-1.0,-1.0,2.0,-1.0,-1.0,1.0,9.0,2.0,-1.0,-1.0,1.0,9.0,2.0,-1.0,-1.0,-1.0,-1.0,-1.0,-1.0,2.0,1.0,2.0,1.0,1.0,-1.0,-1.0,1.0,1.0,1.0,1.0,200000.0,25000.0,700000.0,<10k,1,1000000.0,3.0,2,-1.0,-1.0,2,-1.0,-1.0,2,-1.0,-1.0,2,-1.0,-1.0,2,-1.0,-1.0,2,-1.0,-1.0,2,-1.0,-1.0,2,-1.0,-1.0,2,-1.0,-1.0,0.0,10.5,0.0,11.94,1.0,17.66,2.0,21.41,YES,YES,6.0,35.55,6.0,43.26,0.0,9.88,2.0,16.83,2.0,20.84,4.0,31.77,4.0,29.21,0.0,2.99,0.0,9.25,0.0,10.24,7.0,56.55,1,1,1,3,4.0,7.0,1,2,2.0,1,4.0,1.0,-0.98,-0.84,3.0,2.0,2.0,2.0,1,1,1.0,1.0,1.0,1.0,1.0,1.0,3.0,2.0,-1.0,-1.14,2.0,-1.0,-1.0,-1.0,-1.0,-1.0,-1.0
11,1,1,1,1,2,2,90,19-35,1,1,1,2,9.0,15.0,7.0,2.0,-1.0,-1.0,-1.0,-1.0,-1.0,495.0953281,1992,-1.0,-1.0,-1.0,-1.0,-1.09,-1.0,-0.89,-1.0,-1.0,-1.0,2.0,-1.0,-1.0,1.0,3.0,2.0,-1.0,-1.0,2.0,-1.0,2.0,-1.0,-1.0,-1.0,-1.0,-1.0,-1.0,2.0,1.0,2.0,1.0,1.0,-1.0,-1.0,1.0,1.0,1.0,1.0,70000.0,-1.0,-1.0,<10k,1,1000000.0,3.0,2,-1.0,-1.0,2,-1.0,-1.0,2,-1.0,-1.0,2,-1.0,-1.0,2,-1.0,-1.0,2,-1.0,-1.0,2,-1.0,-1.0,2,-1.0,-1.0,2,-1.0,-1.0,0.0,10.98,0.0,11.03,1.0,15.45,2.0,25.28,YES,YES,6.0,43.37,6.0,42.69,0.0,10.49,2.0,20.1,2.0,22.3,4.0,27.97,4.0,33.91,0.0,2.97,0.0,10.98,0.0,10.08,7.0,60.93,1,1,1,3,4.0,7.0,1,2,2.0,1,4.0,1.0,-1.05,-0.98,3.0,2.0,2.0,2.0,1,1,1.0,1.0,1.0,1.0,1.0,1.0,3.0,2.0,-1.0,-0.97,2.0,-1.0,-1.0,-1.0,-1.0,-1.0,-1.0
11,1,1,1,1,1,2,50,51-65,1,1,1,1,9.0,15.0,4.0,2.0,-1.0,-1.0,-1.0,-1.0,-1.0,495.0953281,1956,-1.0,-1.0,-1.0,-1.0,-0.98,-1.0,-0.88,-1.0,-1.0,-1.0,2.0,-1.0,-1.0,1.0,9.0,2.0,-1.0,-1.0,1.0,9.0,2.0,-1.0,-1.0,-1.0,-1.0,-1.0,-1.0,2.0,1.0,2.0,1.0,1.0,-1.0,-1.0,1.0,1.0,1.0,1.0,200000.0,25000.0,700000.0,<10k,1,1000000.0,3.0,2,-1.0,-1.0,2,-1.0,-1.0,2,-1.0,-1.0,2,-1.0,-1.0,2,-1.0,-1.0,2,-1.0,-1.0,2,-1.0,-1.0,2,-1.0,-1.0,2,-1.0,-1.0,0.0,11.65,0.0,10.4,1.0,15.73,2.0,17.99,YES,YES,6.0,39.95,6.0,42.99,0.0,11.24,2.0,18.51,2.0,19.11,4.0,30.32,4.0,30.62,0.0,3.08,0.0,9.0,0.0,8.59,7.0,74.91,1,1,1,3,4.0,7.0,1,2,2.0,1,4.0,1.0,-1.08,-1.04,3.0,2.0,2.0,2.0,1,1,1.0,1.0,1.0,1.0,1.0,1.0,3.0,2.0,-1.0,-0.99,2.0,-1.0,-1.0,-1.0,-1.0,-1.0,-1.0
11,1,1,1,1,1,1,70,36-50,1,1,1,2,9.0,12.0,1.0,1.0,1211.0,47595.0,3.0,-1.0,-1.0,495.0953281,1973,-1.0,-1.0,-1.0,-1.0,-0.87,-1.0,-1.04,-1.0,-1.0,-1.0,2.0,-1.0,-1.0,1.0,9.0,2.0,-1.0,-1.0,1.0,9.0,2.0,-1.0,-1.0,-1.0,-1.0,-1.0,-1.0,2.0,1.0,2.0,1.0,1.0,-1.0,-1.0,1.0,1.0,1.0,1.0,200000.0,25000.0,700000.0,<10k,1,1000000.0,3.0,2,-1.0,-1.0,2,-1.0,-1.0,2,-1.0,-1.0,2,-1.0,-1.0,2,-1.0,-1.0,2,-1.0,-1.0,2,-1.0,-1.0,2,-1.0,-1.0,2,-1.0,-1.0,0.0,8.83,0.0,9.87,1.0,15.08,2.0,23.2,YES,YES,6.0,44.8,6.0,35.85,0.0,10.11,2.0,17.11,2.0,19.42,4.0,32.46,4.0,37.73,0.0,2.97,0.0,8.54,0.0,9.17,7.0,57.92,1,1,1,3,4.0,7.0,1,2,2.0,1,4.0,1.0,-0.98,-1.24,3.0,2.0,2.0,2.0,1,1,1.0,1.0,1.0,1.0,1.0,1.0,3.0,2.0,-1.0,-0.97,2.0,-1.0,-1.0,-1.0,-1.0,-1.0,-1.0
11,1,1,1,1,2,2,80,36-50,1,1,1,2,9.0,13.0,1.0,1.0,1211.0,64199.0,3.0,-1.0,-1.0,495.0953281,1981,-1.0,-1.0,-1.0,-1.0,-1.16,-1.0,-1.04,-1.0,-1.0,-1.0,2.0,-1.0,-1.0,1.0,3.0,2.0,-1.0,-1.0,2.0,-1.0,2.0,-1.0,-1.0,-1.0,-1.0,-1.0,-1.0,2.0,1.0,2.0,1.0,1.0,-1.0,-1.0,1.0,1.0,1.0,1.0,70000.0,-1.0,-1.0,<10k,1,1000000.0,3.0,2,-1.0,-1.0,2,-1.0,-1.0,2,-1.0,-1.0,2,-1.0,-1.0,2,-1.0,-1.0,2,-1.0,-1.0,2,-1.0,-1.0,2,-1.0,-1.0,2,-1.0,-1.0,0.0,11.73,0.0,8.01,1.0,14.25,2.0,18.97,YES,YES,6.0,37.28,6.0,38.63,0.0,11.5,2.0,17.43,2.0,18.6,4.0,29.94,4.0,30.9,0.0,3.35,0.0,10.13,0.0,11.56,7.0,64.82,1,1,1,3,4.0,7.0,1,2,2.0,1,4.0,1.0,-1.07,-0.95,3.0,2.0,2.0,2.0,1,1,1.0,1.0,1.0,1.0,1.0,1.0,3.0,2.0,-1.0,-1.13,2.0,-1.0,-1.0,-1.0,-1.0,-1.0,-1.0
11,1,1,1,1,3,2,0,0-18,1,1,1,1,2.0,4.0,-1.0,-1.0,-1.0,-1.0,-1.0,-1.0,-1.0,495.0953281,2009,1.0,1.0,8.0,7.0,4.65,4.0,37.41,-1.0,-1.0,-1.0,2.0,-1.0,-1.0,2.0,-1.0,2.0,-1.0,-1.0,2.0,-1.0,2.0,-1.0,-1.0,-1.0,-1.0,-1.0,-1.0,2.0,1.0,2.0,1.0,1.0,-1.0,-1.0,1.0,1.0,1.0,1.0,45000.0,-1.0,-1.0,<10k,1,1000000.0,3.0,2,-1.0,-1.0,2,-1.0,-1.0,2,-1.0,-1.0,2,-1.0,-1.0,2,-1.0,-1.0,2,-1.0,-1.0,2,-1.0,-1.0,2,-1.0,-1.0,2,-1.0,-1.0,0.0,9.09,0.0,10.0,1.0,17.92,2.0,20.06,YES,YES,6.0,34.33,6.0,35.23,0.0,8.63,2.0,20.26,2.0,17.96,4.0,30.15,4.0,29.47,0.0,3.0,0.0,9.34,0.0,8.39,7.0,64.95,1,1,1,3,4.0,7.0,1,2,2.0,1,4.0,1.0,-0.99,-1.13,3.0,2.0,2.0,2.0,1,1,1.0,1.0,1.0,1.0,1.0,1.0,3.0,2.0,-1.0,-1.13,2.0,-1.0,-1.0,-1.0,-1.0,-1.0,-1.0
11,1,1,1,1,3,2,10,0-18,1,1,1,1,2.0,0.0,-1.0,-1.0,-1.0,-1.0,-1.0,-1.0,-1.0,495.0953281,2013,1.0,1.0,5.0,4.0,5.74,4.0,32.9,-1.0,-1.0,-1.0,2.0,-1.0,-1.0,2.0,-1.0,2.0,-1.0,-1.0,2.0,-1.0,2.0,-1.0,-1.0,-1.0,-1.0,-1.0,-1.0,2.0,1.0,2.0,1.0,1.0,-1.0,-1.0,1.0,1.0,1.0,1.0,20000.0,-1.0,-1.0,<10k,1,1000000.0,3.0,2,-1.0,-1.0,2,-1.0,-1.0,2,-1.0,-1.0,2,-1.0,-1.0,2,-1.0,-1.0,2,-1.0,-1.0,2,-1.0,-1.0,2,-1.0,-1.0,2,-1.0,-1.0,0.0,9.29,0.0,9.87,1.0,15.6,2.0,21.19,YES,YES,6.0,44.64,6.0,38.32,0.0,8.75,2.0,19.39,2.0,21.66,4.0,35.96,4.0,28.11,0.0,3.37,0.0,10.47,0.0,10.8,7.0,62.37,1,1,1,3,4.0,7.0,1,2,2.0,1,4.0,1.0,-1.07,-0.93,3.0,2.0,2.0,2.0,1,1,1.0,1.0,1.0,1.0,1.0,1.0,3.0,2.0,-1.0,-0.92,2.0,-1.0,-1.0,-1.0,-1.0,-1.0,-1.0
11,1,1,1,1,1,1,60,51-65,1,1,1,2,9.0,3.0,1.0,1.0,9111.0,97006.0,3.0,-1.0,-1.0,495.0953281,1964,-1.0,-1.0,-1.0,-1.0,-1.05,-1.0,-1.05,-1.0,-1.0,-1.0,2.0,-1.0,-1.0,1.0,9.0,2.0,-1.0,-1.0,1.0,9.0,2.0,-1.0,-1.0,-1.0,-1.0,-1.0,-1.0,2.0,1.0,2.0,1.0,1.0,-1.0,-1.0,1.0,1.0,1.0,1.0,200000.0,25000.0,700000.0,<10k,1,1000000.0,3.0,2,-1.0,-1.0,2,-1.0,-1.0,2,-1.0,-1.0,2,-1.0,-1.0,2,-1.0,-1.0,2,-1.0,-1.0,2,-1.0,-1.0,2,-1.0,-1.0,2,-1.0,-1.0,0.0,9.0,0.0,10.51,1.0,14.48,2.0,18.74,YES,YES,6.0,37.38,6.0,43.27,0.0,9.8,2.0,21.36,2.0,17.78,4.0,30.68,4.0,29.48,0.0,2.92,0.0,10.86,0.0,10.23,7.0,58.13,1,1,1,3,4.0,7.0,1,2,2.0,1,4.0,1.0,-1.06,-0.89,3.0,2.0,2.0,2.0,1,1,1.0,1.0,1.0,1.0,1.0,1.0,3.0,2.0,-1.0,-1.01,2.0,-1.0,-1.0,-1.0,-1.0,-1.0,-1.0
11,1,1,1,1,1,1,70,36-50,1,1,1,2,9.0,11.0,1.0,1.0,1420.0,56210.0,1.0,-1.0,-1.0,553.9297573,1979,-1.0,-1.0,-1.0,-1.0,-0.99,-1.0,-1.0,-1.0,-1.0,-1.0,2.0,-1.0,-1.0,2.0,-1.0,2.0,-1.0,-1.0,2.0,-1.0,2.0,-1.0,-1.0,-1.0,-1.0,-1.0,-1.0,2.0,1.0,2.0,1.0,1.0,-1.0,-1.0,1.0,1.0,1.0,1.0,70000.0,-1.0,-1.0,<10k,2,-1.0,-1.0,2,-1.0,-1.0,1,500000.0,3.0,2,-1.0,-1.0,2,-1.0,-1.0,2,-1.0,-1.0,2,-1.0,-1.0,2,-1.0,-1.0,2,-1.0,-1.0,2,-1.0,-1.0,0.0,4.36,0.0,5.06,0.0,4.58,0.0,5.48,YES,YES,1.0,10.52,2.0,10.79,0.0,5.37,0.0,8.14,1.0,9.55,3.0,12.01,3.0,18.31,3.0,19.51,0.0,4.74,0.0,10.04,12.0,29.88,1,1,1,1,2.0,4.0,2,2,2.0,8,4.0,1.0,-1.01,-1.04,3.0,2.0,12.0,12.0,1,3,2.0,1.0,1.0,1.0,1.0,1.0,3.0,2.0,-1.0,-0.92,2.0,-1.0,-1.0,-1.0,-1.0,-1.0,-1.0
11,1,1,1,1,2,2,70,36-50,1,1,1,2,9.0,11.0,1.0,1.0,3122.0,46303.0,1.0,-1.0,-1.0,553.9297573,1979,-1.0,-1.0,-1.0,-1.0,-1.3,-1.0,-0.85,-1.0,-1.0,-1.0,2.0,-1.0,-1.0,2.0,-1.0,2.0,-1.0,-1.0,2.0,-1.0,2.0,-1.0,-1.0,-1.0,-1.0,-1.0,-1.0,2.0,1.0,2.0,1.0,1.0,-1.0,-1.0,1.0,1.0,1.0,1.0,30000.0,-1.0,-1.0,<10k,2,-1.0,-1.0,2,-1.0,-1.0,1,500000.0,3.0,2,-1.0,-1.0,2,-1.0,-1.0,2,-1.0,-1.0,2,-1.0,-1.0,2,-1.0,-1.0,2,-1.0,-1.0,2,-1.0,-1.0,0.0,5.51,0.0,4.98,0.0,4.94,0.0,4.87,YES,YES,1.0,9.38,2.0,10.29,0.0,4.38,0.0,10.36,1.0,8.87,3.0,9.02,3.0,18.6,3.0,19.78,0.0,4.86,0.0,8.46,12.0,28.01,1,1,1,1,2.0,4.0,2,2,2.0,8,4.0,1.0,-0.75,-0.82,3.0,2.0,12.0,12.0,1,3,2.0,1.0,1.0,1.0,1.0,1.0,3.0,2.0,-1.0,-0.96,2.0,-1.0,-1.0,-1.0,-1.0,-1.0,-1.0
11,1,1,1,1,3,1,0,0-18,1,1,1,1,2.0,7.0,-1.0,-1.0,-1.0,-1.0,-1.0,-1.0,-1.0,553.9297573,2006,1.0,1.0,8.0,7.0,1.08,3.0,8.45,-1.0,-1.0,-1.0,2.0,-1.0,-1.0,2.0,-1.0,2.0,-1.0,-1.0,2.0,-1.0,2.0,-1.0,-1.0,-1.0,-1.0,-1.0,-1.0,2.0,1.0,2.0,1.0,1.0,-1.0,-1.0,1.0,1.0,1.0,1.0,37000.0,-1.0,-1.0,<10k,2,-1.0,-1.0,2,-1.0,-1.0,1,500000.0,3.0,2,-1.0,-1.0,2,-1.0,-1.0,2,-1.0,-1.0,2,-1.0,-1.0,2,-1.0,-1.0,2,-1.0,-1.0,2,-1.0,-1.0,0.0,5.58,0.0,4.71,0.0,3.3,0.0,5.01,YES,YES,1.0,10.18,2.0,10.58,0.0,4.89,0.0,11.59,1.0,10.26,3.0,9.52,3.0,20.76,3.0,19.04,0.0,5.55,0.0,10.63,12.0,26.8,1,1,1,1,2.0,4.0,2,2,2.0,8,4.0,1.0,-1.14,-1.05,3.0,2.0,12.0,12.0,1,3,2.0,1.0,1.0,1.0,1.0,1.0,3.0,2.0,-1.0,-1.02,2.0,-1.0,-1.0,-1.0,-1.0,-1.0,-1.0
11,1,1,1,1,3,2,0,0-18,1,1,1,1,2.0,4.0,-1.0,-1.0,-1.0,-1.0,-1.0,-1.0,-1.0,553.9297573,2009,1.0,1.0,5.0,4.0,1.1,3.0,12.05,-1.0,-1.0,-1.0,2.0,-1.0,-1.0,2.0,-1.0,2.0,-1.0,-1.0,2.0,-1.0,2.0,-1.0,-1.0,-1.0,-1.0,-1.0,-1.0,2.0,1.0,2.0,1.0,1.0,-1.0,-1.0,1.0,1.0,1.0,1.0,15000.0,-1.0,-1.0,<10k,2,-1.0,-1.0,2,-1.0,-1.0,1,500000.0,3.0,2,-1.0,-1.0,2,-1.0,-1.0,2,-1.0,-1.0,2,-1.0,-1.0,2,-1.0,-1.0,2,-1.0,-1.0,2,-1.0,-1.0,0.0,5.97,0.0,5.02,0.0,5.4,0.0,5.53,YES,YES,1.0,8.93,2.0,9.95,0.0,4.83,0.0,11.65,1.0,11.28,3.0,9.49,3.0,22.68,3.0,20.1,0.0,5.13,0.0,10.37,12.0,34.13,1,1,1,1,2.0,4.0,2,2,2.0,8,4.0,1.0,-1.15,-0.84,3.0,2.0,12.0,12.0,1,3,2.0,1.0,1.0,1.0,1.0,1.0,3.0,2.0,-1.0,-0.86,2.0,-1.0,-1.0,-1.0,-1.0,-1.0,-1.0
11,1,1,1,1,3,1,10,0-18,1,1,1,1,-1.0,-1.0,-1.0,-1.0,-1.0,-1.0,-1.0,-1.0,-1.0,553.9297573,2016,-1.0,-1.0,-1.0,-1.0,-1.14,-1.0,-1.15,-1.0,-1.0,-1.0,2.0,-1.0,-1.0,2.0,-1.0,2.0,-1.0,-1.0,2.0,-1.0,2.0,-1.0,-1.0,-1.0,-1.0,-1.0,-1.0,2.0,1.0,2.0,1.0,1.0,-1.0,-1.0,1.0,1.0,1.0,1.0,37000.0,-1.0,-1.0,<10k,2,-1.0,-1.0,2,-1.0,-1.0,1,500000.0,3.0,2,-1.0,-1.0,2,-1.0,-1.0,2,-1.0,-1.0,2,-1.0,-1.0,2,-1.0,-1.0,2,-1.0,-1.0,2,-1.0,-1.0,0.0,6.01,0.0,4.64,0.0,4.94,0.0,4.54,YES,YES,1.0,10.5,2.0,9.17,0.0,4.64,0.0,8.89,1.0,10.96,3.0,10.09,3.0,18.82,3.0,19.16,0.0,5.82,0.0,9.97,12.0,31.86,1,1,1,1,2.0,4.0,2,2,2.0,8,4.0,1.0,-0.89,-0.82,3.0,2.0,12.0,12.0,1,3,2.0,1.0,1.0,1.0,1.0,1.0,3.0,2.0,-1.0,-0.99,2.0,-1.0,-1.0,-1.0,-1.0,-1.0,-1.0
11,1,1,1,1,1,1,50,51-65,1,4,3,2,9.0,5.0,1.0,1.0,3322.0,46496.0,2.0,-1.0,-1.0,553.9297573,1955,-1.0,-1.0,-1.0,-1.0,-1.14,-1.0,-0.99,-1.0,-1.0,-1.0,2.0,-1.0,-1.0,2.0,-1.0,2.0,-1.0,-1.0,2.0,-1.0,2.0,-1.0,-1.0,-1.0,-1.0,-1.0,-1.0,2.0,1.0,2.0,1.0,1.0,-1.0,-1.0,1.0,1.0,1.0,1.0,70000.0,-1.0,-1.0,<10k,2,-1.0,-1.0,2,-1.0,-1.0,1,500000.0,3.0,2,-1.0,-1.0,2,-1.0,-1.0,2,-1.0,-1.0,2,-1.0,-1.0,2,-1.0,-1.0,2,-1.0,-1.0,2,-1.0,-1.0,0.0,4.85,0.0,5.3,0.0,5.24,0.0,5.55,YES,YES,1.0,9.74,2.0,9.81,0.0,4.61,0.0,11.05,1.0,9.77,3.0,12.25,3.0,20.36,3.0,17.57,0.0,5.45,0.0,9.89,12.0,25.18,1,1,1,1,2.0,4.0,2,2,2.0,8,4.0,1.0,-0.99,-0.95,3.0,2.0,12.0,12.0,1,3,2.0,1.0,1.0,1.0,1.0,1.0,3.0,2.0,-1.0,-0.96,2.0,-1.0,-1.0,-1.0,-1.0,-1.0,-1.0
11,1,1,1,1,2,2,60,51-65,1,4,3,2,9.0,11.0,7.0,2.0,-1.0,-1.0,-1.0,-1.0,-1.0,553.9297573,1966,-1.0,-1.0,-1.0,-1.0,-0.96,-1.0,-0.98,-1.0,-1.0,-1.0,2.0,-1.0,-1.0,2.0,-1.0,2.0,-1.0,-1.0,2.0,-1.0,2.0,-1.0,-1.0,-1.0,-1.0,-1.0,-1.0,2.0,1.0,2.0,1.0,1.0,-1.0,-1.0,1.0,1.0,1.0,1.0,30000.0,-1.0,-1.0,<10k,2,-1.0,-1.0,2,-1.0,-1.0,1,500000.0,3.0,2,-1.0,-1.0,2,-1.0,-1.0,2,-1.0,-1.0,2,-1.0,-1.0,2,-1.0,-1.0,2,-1.0,-1.0,2,-1.0,-1.0,0.0,5.29,0.0,4.84,0.0,4.53,0.0,5.32,YES,YES,1.0,10.62,2.0,8.08,0.0,5.09,0.0,9.57,1.0,10.54,3.0,10.79,3.0,19.21,3.0,20.94,0.0,4.43,0.0,11.24,12.0,29.61,1,1,1,1,2.0,4.0,2,2,2.0,8,4.0,1.0,-0.84,-0.99,3.0,2.0,12.0,12.0,1,3,2.0,1.0,1.0,1.0,1.0,1.0,3.0,2.0,-1.0,-1.0,2.0,-1.0,-1.0,-1.0,-1.0,-1.0,-1.0
11,1,1,1,1,3,1,90,19-35,1,4,3,2,9.0,11.0,1.0,1.0,3322.0,53200.0,2.0,-1.0,-1.0,553.9297573,1998,1.0,1.0,8.0,7.0,1.04,3.0,11.04,-1.0,-1.0,-1.0,2.0,-1.0,-1.0,2.0,-1.0,2.0,-1.0,-1.0,2.0,-1.0,2.0,-1.0,-1.0,-1.0,-1.0,-1.0,-1.0,2.0,1.0,2.0,1.0,1.0,-1.0,-1.0,1.0,1.0,1.0,1.0,37000.0,-1.0,-1.0,<10k,2,-1.0,-1.0,2,-1.0,-1.0,1,500000.0,3.0,2,-1.0,-1.0,2,-1.0,-1.0,2,-1.0,-1.0,2,-1.0,-1.0,2,-1.0,-1.0,2,-1.0,-1.0,2,-1.0,-1.0,0.0,4.61,0.0,5.49,0.0,4.68,0.0,4.31,YES,YES,1.0,9.1,2.0,9.16,0.0,4.81,0.0,11.89,1.0,9.51,3.0,11.26,3.0,21.73,3.0,21.3,0.0,5.53,0.0,10.28,12.0,31.7,1,1,1,1,2.0,4.0,2,2,2.0,8,4.0,1.0,-1.0,-1.1,3.0,2.0,12.0,12.0,1,3,2.0,1.0,1.0,1.0,1.0,1.0,3.0,2.0,-1.0,-1.0,2.0,-1.0,-1.0,-1.0,-1.0,-1.0,-1.0
11,1,1,1,1,3,2,90,19-35,1,4,3,2,9.0,11.0,7.0,2.0,-1.0,-1.0,-1.0,-1.0,-1.0,553.9297573,1994,1.0,1.0,5.0,4.0,1.01,3.0,8.96,-1.0,-1.0,-1.0,2.0,-1.0,-1.0,2.0,-1.0,2.0,-1.0,-1.0,2.0,-1.0,2.0,-1.0,-1.0,-1.0,-1.0,-1.0,-1.0,2.0,1.0,2.0,1.0,1.0,-1.0,-1.0,1.0,1.0,1.0,1.0,15000.0,-1.0,-1.0,<10k,2,-1.0,-1.0,2,-1.0,-1.0,1,500000.0,3.0,2,-1.0,-1.0,2,-1.0,-1.0,2,-1.0,-1.0,2,-1.0,-1.0,2,-1.0,-1.0,2,-1.0,-1.0,2,-1.0,-1.0,0.0,5.13,0.0,5.24,0.0,4.6,0.0,5.15,YES,YES,1.0,9.09,2.0,9.35,0.0,4.73,0.0,11.21,1.0,10.14,3.0,10.28,3.0,24.15,3.0,22.21,0.0,5.64,0.0,9.67,12.0,28.06,1,1,1,1,2.0,4.0,2,2,2.0,8,4.0,1.0,-1.01,-0.86,3.0,2.0,12.0,12.0,1,3,2.0,1.0,1.0,1.0,1.0,1.0,3.0,2.0,-1.0,-0.97,2.0,-1.0,-1.0,-1.0,-1.0,-1.0,-1.0
11,1,1,1,1,3,1,90,19-35,1,4,3,2,9.0,11.0,1.0,1.0,3322.0,53200.0,2.0,-1.0,-1.0,553.9297573,1994,-1.0,-1.0,-1.0,-1.0,-0.87,-1.0,-0.94,-1.0,-1.0,-1.0,2.0,-1.0,-1.0,2.0,-1.0,2.0,-1.0,-1.0,2.0,-1.0,2.0,-1.0,-1.0,-1.0,-1.0,-1.0,-1.0,2.0,1.0,2.0,1.0,1.0,-1.0,-1.0,1.0,1.0,1.0,1.0,37000.0,-1.0,-1.0,<10k,2,-1.0,-1.0,2,-1.0,-1.0,1,500000.0,3.0,2,-1.0,-1.0,2,-1.0,-1.0,2,-1.0,-1.0,2,-1.0,-1.0,2,-1.0,-1.0,2,-1.0,-1.0,2,-1.0,-1.0,0.0,4.59,0.0,4.27,0.0,5.21,0.0,5.02,YES,YES,1.0,10.39,2.0,11.55,0.0,4.9,0.0,9.75,1.0,10.54,3.0,10.5,3.0,22.36,3.0,18.08,0.0,5.65,0.0,11.94,12.0,32.69,1,1,1,1,2.0,4.0,2,2,2.0,8,4.0,1.0,-0.87,-0.99,3.0,2.0,12.0,12.0,1,3,2.0,1.0,1.0,1.0,1.0,1.0,3.0,2.0,-1.0,-1.22,2.0,-1.0,-1.0,-1.0,-1.0,-1.0,-1.0
11,1,1,1,1,3,2,90,19-35,1,4,3,2,9.0,11.0,7.0,2.0,-1.0,-1.0,-1.0,-1.0,-1.0,553.9297573,1996,-1.0,-1.0,-1.0,-1.0,-1.08,-1.0,-1.14,-1.0,-1.0,-1.0,2.0,-1.0,-1.0,2.0,-1.0,2.0,-1.0,-1.0,2.0,-1.0,2.0,-1.0,-1.0,-1.0,-1.0,-1.0,-1.0,2.0,1.0,2.0,1.0,1.0,-1.0,-1.0,1.0,1.0,1.0,-1.0,-1.0,-1.0,-1.0,<10k,2,-1.0,-1.0,2,-1.0,-1.0,1,500000.0,3.0,2,-1.0,-1.0,2,-1.0,-1.0,2,-1.0,-1.0,2,-1.0,-1.0,2,-1.0,-1.0,2,-1.0,-1.0,2,-1.0,-1.0,0.0,5.38,0.0,5.48,0.0,5.3,0.0,5.61,YES,YES,1.0,10.59,2.0,9.86,0.0,5.11,0.0,9.88,1.0,9.51,3.0,10.21,3.0,24.04,3.0,18.19,0.0,5.84,0.0,7.96,12.0,28.48,1,1,1,1,2.0,4.0,2,2,2.0,8,4.0,1.0,-1.09,-0.97,3.0,2.0,12.0,12.0,1,3,2.0,1.0,1.0,1.0,1.0,1.0,3.0,2.0,-1.0,-1.08,2.0,-1.0,-1.0,-1.0,-1.0,-1.0,-1.0
11,1,1,1,1,3,1,0,0-18,1,4,3,1,9.0,10.0,8.0,2.0,-1.0,-1.0,-1.0,-1.0,-1.0,553.9297573,2001,3.0,-1.0,-1.0,-1.0,-0.99,-1.0,-0.89,-1.0,99.0,2013.0,2.0,-1.0,-1.0,2.0,-1.0,2.0,-1.0,-1.0,2.0,-1.0,2.0,-1.0,-1.0,-1.0,-1.0,-1.0,-1.0,2.0,1.0,2.0,1.0,1.0,-1.0,-1.0,1.0,1.0,1.0,1.0,55000.0,-1.0,-1.0,<10k,2,-1.0,-1.0,2,-1.0,-1.0,1,500000.0,3.0,2,-1.0,-1.0,2,-1.0,-1.0,2,-1.0,-1.0,2,-1.0,-1.0,2,-1.0,-1.0,2,-1.0,-1.0,2,-1.0,-1.0,0.0,5.15,0.0,5.98,0.0,5.51,0.0,4.63,YES,YES,1.0,8.69,2.0,9.41,0.0,5.37,0.0,8.9,1.0,10.44,3.0,9.1,3.0,19.08,3.0,21.37,0.0,4.76,0.0,9.45,12.0,26.19,1,1,1,1,2.0,4.0,2,2,2.0,8,4.0,1.0,-0.99,-0.97,3.0,2.0,12.0,12.0,1,3,2.0,1.0,1.0,1.0,1.0,1.0,3.0,2.0,-1.0,-1.1,2.0,-1.0,-1.0,-1.0,-1.0,-1.0,-1.0
11,1,1,1,1,3,2,10,0-18,1,4,3,1,1.0,-1.0,-1.0,-1.0,-1.0,-1.0,-1.0,-1.0,-1.0,553.9297573,2015,1.0,1.0,6.0,5.0,0.0,1.0,9.57,-1.0,-1.0,-1.0,2.0,-1.0,-1.0,2.0,-1.0,2.0,-1.0,-1.0,2.0,-1.0,2.0,-1.0,-1.0,-1.0,-1.0,-1.0,-1.0,2.0,1.0,2.0,1.0,1.0,-1.0,-1.0,1.0,1.0,1.0,-1.0,-1.0,-1.0,-1.0,<10k,2,-1.0,-1.0,2,-1.0,-1.0,1,500000.0,3.0,2,-1.0,-1.0,2,-1.0,-1.0,2,-1.0,-1.0,2,-1.0,-1.0,2,-1.0,-1.0,2,-1.0,-1.0,2,-1.0,-1.0,0.0,3.95,0.0,5.09,0.0,5.89,0.0,5.31,YES,YES,1.0,10.89,2.0,10.63,0.0,5.82,0.0,11.27,1.0,9.56,3.0,10.44,3.0,23.19,3.0,23.51,0.0,5.09,0.0,9.39,12.0,34.08,1,1,1,1,2.0,4.0,2,2,2.0,8,4.0,1.0,-1.2,-1.24,3.0,2.0,12.0,12.0,1,3,2.0,1.0,1.0,1.0,1.0,1.0,3.0,2.0,-1.0,-1.05,2.0,-1.0,-1.0,-1.0,-1.0,-1.0,-1.0
11,1,1,1,1,3,1,10,0-18,1,4,3,1,-1.0,-1.0,-1.0,-1.0,-1.0,-1.0,-1.0,-1.0,-1.0,553.9297573,2017,3.0,-1.0,-1.0,-1.0,-0.79,-1.0,-1.04,-1.0,5.0,2009.0,2.0,-1.0,-1.0,2.0,-1.0,2.0,-1.0,-1.0,2.0,-1.0,2.0,-1.0,-1.0,-1.0,-1.0,-1.0,-1.0,2.0,1.0,2.0,1.0,1.0,-1.0,-1.0,1.0,1.0,1.0,-1.0,-1.0,-1.0,-1.0,<10k,2,-1.0,-1.0,2,-1.0,-1.0,1,500000.0,3.0,2,-1.0,-1.0,2,-1.0,-1.0,2,-1.0,-1.0,2,-1.0,-1.0,2,-1.0,-1.0,2,-1.0,-1.0,2,-1.0,-1.0,0.0,5.0,0.0,5.08,0.0,4.51,0.0,5.14,YES,YES,1.0,11.03,2.0,11.01,0.0,5.25,0.0,10.89,1.0,10.81,3.0,10.98,3.0,21.76,3.0,19.19,0.0,4.53,0.0,10.57,12.0,31.75,1,1,1,1,2.0,4.0,2,2,2.0,8,4.0,1.0,-0.99,-0.83,3.0,2.0,12.0,12.0,1,3,2.0,1.0,1.0,1.0,1.0,1.0,3.0,2.0,-1.0,-0.93,2.0,-1.0,-1.0,-1.0,-1.0,-1.0,-1.0
11,1,1,1,1,1,1,70,36-50,1,2,4,2,9.0,11.0,1.0,1.0,5121.0,55101.0,2.0,-1.0,-1.0,553.9297573,1972,-1.0,-1.0,-1.0,-1.0,-1.01,-1.0,-0.97,-1.0,-1.0,-1.0,2.0,-1.0,-1.0,2.0,-1.0,2.0,-1.0,-1.0,2.0,-1.0,2.0,-1.0,-1.0,-1.0,-1.0,-1.0,-1.0,2.0,1.0,2.0,1.0,1.0,-1.0,-1.0,1.0,1.0,1.0,1.0,70000.0,-1.0,-1.0,<10k,2,-1.0,-1.0,2,-1.0,-1.0,1,500000.0,3.0,2,-1.0,-1.0,2,-1.0,-1.0,2,-1.0,-1.0,2,-1.0,-1.0,2,-1.0,-1.0,2,-1.0,-1.0,2,-1.0,-1.0,0.0,4.7,0.0,5.29,0.0,5.11,0.0,5.43,YES,YES,1.0,9.1,2.0,9.64,0.0,5.15,0.0,10.74,1.0,9.13,3.0,12.04,3.0,15.77,3.0,19.94,0.0,4.44,0.0,9.28,12.0,26.03,1,1,1,1,2.0,4.0,2,2,2.0,8,4.0,1.0,-0.95,-0.9,3.0,2.0,12.0,12.0,1,3,2.0,1.0,1.0,1.0,1.0,1.0,3.0,2.0,-1.0,-0.82,2.0,-1.0,-1.0,-1.0,-1.0,-1.0,-1.0
11,1,1,1,1,2,2,70,36-50,1,2,4,2,9.0,9.0,7.0,2.0,-1.0,-1.0,-1.0,-1.0,-1.0,553.9297573,1978,-1.0,-1.0,-1.0,-1.0,-1.05,-1.0,-0.94,-1.0,-1.0,-1.0,2.0,-1.0,-1.0,2.0,-1.0,2.0,-1.0,-1.0,2.0,-1.0,2.0,-1.0,-1.0,-1.0,-1.0,-1.0,-1.0,2.0,1.0,2.0,1.0,1.0,-1.0,-1.0,1.0,1.0,1.0,1.0,30000.0,-1.0,-1.0,<10k,2,-1.0,-1.0,2,-1.0,-1.0,1,500000.0,3.0,2,-1.0,-1.0,2,-1.0,-1.0,2,-1.0,-1.0,2,-1.0,-1.0,2,-1.0,-1.0,2,-1.0,-1.0,2,-1.0,-1.0,0.0,5.1,0.0,4.53,0.0,5.35,0.0,4.93,YES,YES,1.0,9.51,2.0,9.73,0.0,5.74,0.0,8.28,1.0,8.82,3.0,11.65,3.0,19.22,3.0,19.94,0.0,5.38,0.0,11.01,12.0,28.32,1,1,1,1,2.0,4.0,2,2,2.0,8,4.0,1.0,-1.04,-1.26,3.0,2.0,12.0,12.0,1,3,2.0,1.0,1.0,1.0,1.0,1.0,3.0,2.0,-1.0,-0.93,2.0,-1.0,-1.0,-1.0,-1.0,-1.0,-1.0
11,1,1,1,1,3,1,0,0-18,1,2,4,1,2.0,9.0,-1.0,-1.0,-1.0,-1.0,-1.0,-1.0,-1.0,553.9297573,2004,1.0,1.0,8.0,7.0,1.04,3.0,10.75,-1.0,-1.0,-1.0,2.0,-1.0,-1.0,2.0,-1.0,2.0,-1.0,-1.0,2.0,-1.0,2.0,-1.0,-1.0,-1.0,-1.0,-1.0,-1.0,2.0,1.0,2.0,1.0,1.0,-1.0,-1.0,1.0,1.0,1.0,1.0,37000.0,-1.0,-1.0,<10k,2,-1.0,-1.0,2,-1.0,-1.0,1,500000.0,3.0,2,-1.0,-1.0,2,-1.0,-1.0,2,-1.0,-1.0,2,-1.0,-1.0,2,-1.0,-1.0,2,-1.0,-1.0,2,-1.0,-1.0,0.0,5.25,0.0,4.97,0.0,4.94,0.0,5.27,YES,YES,1.0,12.97,2.0,10.12,0.0,5.02,0.0,7.94,1.0,11.36,3.0,11.59,3.0,18.81,3.0,22.93,0.0,4.85,0.0,8.87,12.0,30.1,1,1,1,1,2.0,4.0,2,2,2.0,8,4.0,1.0,-1.05,-1.09,3.0,2.0,12.0,12.0,1,3,2.0,1.0,1.0,1.0,1.0,1.0,3.0,2.0,-1.0,-0.9,2.0,-1.0,-1.0,-1.0,-1.0,-1.0,-1.0
11,1,1,1,1,1,1,40,66+,1,2,4,2,9.0,8.0,6.0,2.0,-1.0,-1.0,-1.0,-1.0,-1.0,553.9297573,1946,-1.0,-1.0,-1.0,-1.0,-1.26,-1.0,-1.16,-1.0,-1.0,-1.0,2.0,-1.0,-1.0,2.0,-1.0,2.0,-1.0,-1.0,2.0,-1.0,2.0,-1.0,-1.0,-1.0,-1.0,-1.0,-1.0,2.0,1.0,2.0,1.0,1.0,-1.0,-1.0,1.0,1.0,1.0,1.0,70000.0,-1.0,-1.0,<10k,2,-1.0,-1.0,2,-1.0,-1.0,1,500000.0,3.0,2,-1.0,-1.0,2,-1.0,-1.0,2,-1.0,-1.0,2,-1.0,-1.0,2,-1.0,-1.0,2,-1.0,-1.0,2,-1.0,-1.0,0.0,4.6,0.0,6.18,0.0,4.86,0.0,4.75,YES,YES,1.0,7.36,2.0,9.83,0.0,5.29,0.0,11.42,1.0,12.29,3.0,11.43,3.0,18.53,3.0,21.53,0.0,4.93,0.0,10.94,12.0,27.67,1,1,1,1,2.0,4.0,2,2,2.0,8,4.0,1.0,-0.98,-0.95,3.0,2.0,12.0,12.0,1,3,2.0,1.0,1.0,1.0,1.0,1.0,3.0,2.0,-1.0,-0.88,2.0,-1.0,-1.0,-1.0,-1.0,-1.0,-1.0
11,1,1,1,1,2,2,50,66+,1,2,4,2,9.0,7.0,7.0,2.0,-1.0,-1.0,-1.0,-1.0,-1.0,553.9297573,1950,-1.0,-1.0,-1.0,-1.0,-0.87,-1.0,-1.08,-1.0,-1.0,-1.0,2.0,-1.0,-1.0,2.0,-1.0,2.0,-1.0,-1.0,2.0,-1.0,2.0,-1.0,-1.0,-1.0,-1.0,-1.0,-1.0,2.0,1.0,2.0,1.0,1.0,-1.0,-1.0,1.0,1.0,1.0,1.0,30000.0,-1.0,-1.0,<10k,2,-1.0,-1.0,2,-1.0,-1.0,1,500000.0,3.0,2,-1.0,-1.0,2,-1.0,-1.0,2,-1.0,-1.0,2,-1.0,-1.0,2,-1.0,-1.0,2,-1.0,-1.0,2,-1.0,-1.0,0.0,5.04,0.0,5.1,0.0,5.61,0.0,4.91,YES,YES,1.0,10.13,2.0,8.65,0.0,4.99,0.0,10.24,1.0,11.38,3.0,11.21,3.0,19.73,3.0,22.93,0.0,4.3,0.0,10.67,12.0,26.52,1,1,1,1,2.0,4.0,2,2,2.0,8,4.0,1.0,-0.94,-0.84,3.0,2.0,12.0,12.0,1,3,2.0,1.0,1.0,1.0,1.0,1.0,3.0,2.0,-1.0,-1.07,2.0,-1.0,-1.0,-1.0,-1.0,-1.0,-1.0
11,1,1,1,1,5,2,40,66+,1,2,4,2,9.0,7.0,7.0,2.0,-1.0,-1.0,-1.0,-1.0,-1.0,553.9297573,1944,1.0,1.0,8.0,7.0,0.99,3.0,9.09,-1.0,-1.0,-1.0,2.0,-1.0,-1.0,2.0,-1.0,2.0,-1.0,-1.0,2.0,-1.0,2.0,-1.0,-1.0,-1.0,-1.0,-1.0,-1.0,2.0,1.0,2.0,1.0,1.0,-1.0,-1.0,1.0,1.0,1.0,1.0,37000.0,-1.0,-1.0,<10k,2,-1.0,-1.0,2,-1.0,-1.0,1,500000.0,3.0,2,-1.0,-1.0,2,-1.0,-1.0,2,-1.0,-1.0,2,-1.0,-1.0,2,-1.0,-1.0,2,-1.0,-1.0,2,-1.0,-1.0,0.0,4.72,0.0,4.5,0.0,5.82,0.0,5.03,YES,YES,1.0,9.39,2.0,9.19,0.0,4.51,0.0,10.34,1.0,9.84,3.0,9.72,3.0,19.5,3.0,23.34,0.0,4.97,0.0,11.53,12.0,31.61,1,1,1,1,2.0,4.0,2,2,2.0,8,4.0,1.0,-1.07,-1.14,3.0,2.0,12.0,12.0,1,3,2.0,1.0,1.0,1.0,1.0,1.0,3.0,2.0,-1.0,-1.02,2.0,-1.0,-1.0,-1.0,-1.0,-1.0,-1.0
11,1,1,1,1,3,2,80,36-50,1,2,4,2,9.0,11.0,1.0,1.0,9211.0,97005.0,2.0,-1.0,-1.0,553.9297573,1983,1.0,1.0,5.0,4.0,0.95,3.0,8.88,-1.0,-1.0,-1.0,2.0,-1.0,-1.0,2.0,-1.0,2.0,-1.0,-1.0,2.0,-1.0,2.0,-1.0,-1.0,-1.0,-1.0,-1.0,-1.0,2.0,1.0,2.0,1.0,1.0,-1.0,-1.0,1.0,1.0,1.0,1.0,15000.0,-1.0,-1.0,<10k,2,-1.0,-1.0,2,-1.0,-1.0,1,500000.0,3.0,2,-1.0,-1.0,2,-1.0,-1.0,2,-1.0,-1.0,2,-1.0,-1.0,2,-1.0,-1.0,2,-1.0,-1.0,2,-1.0,-1.0,0.0,5.13,0.0,5.25,0.0,4.53,0.0,4.76,YES,YES,1.0,10.15,2.0,10.17,0.0,5.24,0.0,10.07,1.0,9.22,3.0,11.58,3.0,20.84,3.0,23.64,0.0,5.34,0.0,9.6,12.0,28.56,1,1,1,1,2.0,4.0,2,2,2.0,8,4.0,1.0,-1.04,-0.94,3.0,2.0,12.0,12.0,1,3,2.0,1.0,1.0,1.0,1.0,1.0,3.0,2.0,-1.0,-1.17,2.0,-1.0,-1.0,-1.0,-1.0,-1.0,-1.0
11,1,1,1,1,5,1,80,19-35,1,2,4,2,9.0,9.0,1.0,1.0,9211.0,97005.0,2.0,-1.0,-1.0,553.9297573,1987,-1.0,-1.0,-1.0,-1.0,-0.85,-1.0,-1.03,-1.0,-1.0,-1.0,2.0,-1.0,-1.0,2.0,-1.0,2.0,-1.0,-1.0,2.0,-1.0,2.0,-1.0,-1.0,-1.0,-1.0,-1.0,-1.0,2.0,1.0,2.0,1.0,1.0,-1.0,-1.0,1.0,1.0,1.0,1.0,37000.0,-1.0,-1.0,<10k,2,-1.0,-1.0,2,-1.0,-1.0,1,500000.0,3.0,2,-1.0,-1.0,2,-1.0,-1.0,2,-1.0,-1.0,2,-1.0,-1.0,2,-1.0,-1.0,2,-1.0,-1.0,2,-1.0,-1.0,0.0,4.5,0.0,5.43,0.0,4.16,0.0,5.44,YES,YES,1.0,9.63,2.0,9.49,0.0,5.45,0.0,9.85,1.0,10.35,3.0,10.93,3.0,18.16,3.0,17.31,0.0,4.76,0.0,11.02,12.0,33.99,1,1,1,1,2.0,4.0,2,2,2.0,8,4.0,1.0,-1.11,-0.98,3.0,2.0,12.0,12.0,1,3,2.0,1.0,1.0,1.0,1.0,1.0,3.0,2.0,-1.0,-0.99,2.0,-1.0,-1.0,-1.0,-1.0,-1.0,-1.0
11,1,1,1,1,5,2,10,0-18,1,2,4,1,-1.0,-1.0,-1.0,-1.0,-1.0,-1.0,-1.0,-1.0,-1.0,553.9297573,2017,-1.0,-1.0,-1.0,-1.0,-0.91,-1.0,-0.78,-1.0,-1.0,-1.0,2.0,-1.0,-1.0,2.0,-1.0,2.0,-1.0,-1.0,2.0,-1.0,2.0,-1.0,-1.0,-1.0,-1.0,-1.0,-1.0,2.0,1.0,2.0,1.0,1.0,-1.0,-1.0,1.0,1.0,1.0,-1.0,-1.0,-1.0,-1.0,<10k,2,-1.0,-1.0,2,-1.0,-1.0,1,500000.0,3.0,2,-1.0,-1.0,2,-1.0,-1.0,2,-1.0,-1.0,2,-1.0,-1.0,2,-1.0,-1.0,2,-1.0,-1.0,2,-1.0,-1.0,0.0,4.78,0.0,5.43,0.0,5.18,0.0,5.09,YES,YES,1.0,11.47,2.0,9.08,0.0,4.86,0.0,9.46,1.0,9.42,3.0,8.73,3.0,18.35,3.0,19.12,0.0,4.5,0.0,8.87,12.0,32.2,1,1,1,1,2.0,4.0,2,2,2.0,8,4.0,1.0,-1.1,-0.91,3.0,2.0,12.0,12.0,1,3,2.0,1.0,1.0,1.0,1.0,1.0,3.0,2.0,-1.0,-1.14,2.0,-1.0,-1.0,-1.0,-1.0,-1.0,-1.0
11,1,1,1,1,1,2,40,66+,1,2,2,4,9.0,10.0,7.0,2.0,-1.0,-1.0,-1.0,-1.0,-1.0,553.9297573,1948,-1.0,-1.0,-1.0,-1.0,-0.83,-1.0,-1.02,-1.0,-1.0,-1.0,2.0,-1.0,-1.0,2.0,-1.0,2.0,-1.0,-1.0,2.0,-1.0,2.0,-1.0,-1.0,-1.0,-1.0,-1.0,-1.0,2.0,1.0,2.0,1.0,1.0,-1.0,-1.0,1.0,1.0,1.0,1.0,70000.0,-1.0,-1.0,<10k,2,-1.0,-1.0,2,-1.0,-1.0,1,500000.0,3.0,2,-1.0,-1.0,2,-1.0,-1.0,2,-1.0,-1.0,2,-1.0,-1.0,2,-1.0,-1.0,2,-1.0,-1.0,2,-1.0,-1.0,0.0,5.95,0.0,5.03,0.0,4.55,0.0,5.06,YES,YES,1.0,9.07,2.0,10.54,0.0,5.51,0.0,9.47,1.0,10.19,3.0,8.25,3.0,20.49,3.0,19.27,0.0,4.91,0.0,9.88,12.0,35.17,1,1,1,1,2.0,4.0,2,2,2.0,8,4.0,1.0,-0.99,-1.08,3.0,2.0,12.0,12.0,1,3,2.0,1.0,1.0,1.0,1.0,1.0,3.0,2.0,-1.0,-0.95,2.0,-1.0,-1.0,-1.0,-1.0,-1.0,-1.0
11,1,1,1,1,3,1,70,36-50,1,2,2,1,9.0,10.0,1.0,1.0,7131.0,41001.0,3.0,-1.0,-1.0,553.9297573,1978,-1.0,-1.0,-1.0,-1.0,-1.17,-1.0,-0.81,-1.0,-1.0,-1.0,2.0,-1.0,-1.0,2.0,-1.0,2.0,-1.0,-1.0,2.0,-1.0,2.0,-1.0,-1.0,-1.0,-1.0,-1.0,-1.0,2.0,1.0,2.0,1.0,1.0,-1.0,-1.0,1.0,1.0,1.0,1.0,30000.0,-1.0,-1.0,<10k,2,-1.0,-1.0,2,-1.0,-1.0,1,500000.0,3.0,2,-1.0,-1.0,2,-1.0,-1.0,2,-1.0,-1.0,2,-1.0,-1.0,2,-1.0,-1.0,2,-1.0,-1.0,2,-1.0,-1.0,0.0,5.58,0.0,4.2,0.0,5.8,0.0,5.35,YES,YES,1.0,10.72,2.0,10.99,0.0,4.78,0.0,9.69,1.0,11.57,3.0,9.47,3.0,19.11,3.0,22.96,0.0,4.73,0.0,10.03,12.0,33.09,1,1,1,1,2.0,4.0,2,2,2.0,8,4.0,1.0,-1.16,-1.0,3.0,2.0,12.0,12.0,1,3,2.0,1.0,1.0,1.0,1.0,1.0,3.0,2.0,-1.0,-1.06,2.0,-1.0,-1.0,-1.0,-1.0,-1.0,-1.0
11,1,1,1,1,3,2,80,36-50,1,2,2,2,9.0,9.0,7.0,2.0,-1.0,-1.0,-1.0,-1.0,-1.0,553.9297573,1980,1.0,1.0,8.0,7.0,0.77,3.0,9.08,-1.0,-1.0,-1.0,2.0,-1.0,-1.0,2.0,-1.0,2.0,-1.0,-1.0,2.0,-1.0,2.0,-1.0,-1.0,-1.0,-1.0,-1.0,-1.0,2.0,1.0,2.0,1.0,1.0,-1.0,-1.0,1.0,1.0,1.0,1.0,37000.0,-1.0,-1.0,<10k,2,-1.0,-1.0,2,-1.0,-1.0,1,500000.0,3.0,2,-1.0,-1.0,2,-1.0,-1.0,2,-1.0,-1.0,2,-1.0,-1.0,2,-1.0,-1.0,2,-1.0,-1.0,2,-1.0,-1.0,0.0,4.62,0.0,5.46,0.0,4.23,0.0,5.1,YES,YES,1.0,8.36,2.0,9.1,0.0,5.05,0.0,10.27,1.0,11.0,3.0,9.22,3.0,23.54,3.0,17.13,0.0,5.2,0.0,11.23,12.0,32.88,1,1,1,1,2.0,4.0,2,2,2.0,8,4.0,1.0,-0.91,-0.84,3.0,2.0,12.0,12.0,1,3,2.0,1.0,1.0,1.0,1.0,1.0,3.0,2.0,-1.0,-0.95,2.0,-1.0,-1.0,-1.0,-1.0,-1.0,-1.0
11,1,1,1,1,5,2,70,36-50,1,2,2,2,9.0,7.0,1.0,1.0,7114.0,41001.0,3.0,-1.0,-1.0,553.9297573,1978,1.0,1.0,5.0,4.0,0.93,3.0,9.35,-1.0,-1.0,-1.0,2.0,-1.0,-1.0,2.0,-1.0,2.0,-1.0,-1.0,2.0,-1.0,2.0,-1.0,-1.0,-1.0,-1.0,-1.0,-1.0,2.0,1.0,2.0,1.0,1.0,-1.0,-1.0,1.0,1.0,1.0,1.0,15000.0,-1.0,-1.0,<10k,2,-1.0,-1.0,2,-1.0,-1.0,1,500000.0,3.0,2,-1.0,-1.0,2,-1.0,-1.0,2,-1.0,-1.0,2,-1.0,-1.0,2,-1.0,-1.0,2,-1.0,-1.0,2,-1.0,-1.0,0.0,4.7,0.0,5.94,0.0,4.93,0.0,5.31,YES,YES,1.0,11.35,2.0,10.42,0.0,4.33,0.0,9.42,1.0,10.83,3.0,10.77,3.0,17.83,3.0,23.43,0.0,4.55,0.0,10.39,12.0,29.5,1,1,1,1,2.0,4.0,2,2,2.0,8,4.0,1.0,-1.11,-1.08,3.0,2.0,12.0,12.0,1,3,2.0,1.0,1.0,1.0,1.0,1.0,3.0,2.0,-1.0,-1.21,2.0,-1.0,-1.0,-1.0,-1.0,-1.0,-1.0
11,1,1,1,1,5,2,10,0-18,1,2,2,1,1.0,-1.0,-1.0,-1.0,-1.0,-1.0,-1.0,-1.0,-1.0,553.9297573,2014,-1.0,-1.0,-1.0,-1.0,-0.97,-1.0,-1.06,-1.0,-1.0,-1.0,2.0,-1.0,-1.0,2.0,-1.0,2.0,-1.0,-1.0,2.0,-1.0,2.0,-1.0,-1.0,-1.0,-1.0,-1.0,-1.0,2.0,1.0,2.0,1.0,1.0,-1.0,-1.0,1.0,1.0,1.0,1.0,37000.0,-1.0,-1.0,<10k,2,-1.0,-1.0,2,-1.0,-1.0,1,500000.0,3.0,2,-1.0,-1.0,2,-1.0,-1.0,2,-1.0,-1.0,2,-1.0,-1.0,2,-1.0,-1.0,2,-1.0,-1.0,2,-1.0,-1.0,0.0,4.94,0.0,5.0,0.0,4.62,0.0,5.04,YES,YES,1.0,9.74,2.0,9.35,0.0,4.46,0.0,9.17,1.0,10.56,3.0,10.56,3.0,18.88,3.0,18.94,0.0,4.94,0.0,10.1,12.0,31.31,1,1,1,1,2.0,4.0,2,2,2.0,8,4.0,1.0,-0.84,-0.88,3.0,2.0,12.0,12.0,1,3,2.0,1.0,1.0,1.0,1.0,1.0,3.0,2.0,-1.0,-1.21,2.0,-1.0,-1.0,-1.0,-1.0,-1.0,-1.0
11,1,1,1,1,5,2,10,0-18,1,2,2,1,-1.0,-1.0,-1.0,-1.0,-1.0,-1.0,-1.0,-1.0,-1.0,553.9297573,2017,-1.0,-1.0,-1.0,-1.0,-1.04,-1.0,-0.99,-1.0,-1.0,-1.0,2.0,-1.0,-1.0,2.0,-1.0,2.0,-1.0,-1.0,2.0,-1.0,2.0,-1.0,-1.0,-1.0,-1.0,-1.0,-1.0,2.0,1.0,2.0,1.0,1.0,-1.0,-1.0,1.0,1.0,1.0,-1.0,-1.0,-1.0,-1.0,<10k,2,-1.0,-1.0,2,-1.0,-1.0,1,500000.0,3.0,2,-1.0,-1.0,2,-1.0,-1.0,2,-1.0,-1.0,2,-1.0,-1.0,2,-1.0,-1.0,2,-1.0,-1.0,2,-1.0,-1.0,0.0,5.27,0.0,4.67,0.0,4.96,0.0,5.37,YES,YES,1.0,10.02,2.0,10.08,0.0,5.02,0.0,9.21,1.0,9.35,3.0,10.32,3.0,17.72,3.0,18.35,0.0,4.42,0.0,8.19,12.0,31.78,1,1,1,1,2.0,4.0,2,2,2.0,8,4.0,1.0,-0.92,-0.93,3.0,2.0,12.0,12.0,1,3,2.0,1.0,1.0,1.0,1.0,1.0,3.0,2.0,-1.0,-1.05,2.0,-1.0,-1.0,-1.0,-1.0,-1.0,-1.0
11,1,1,1,1,5,1,80,36-50,1,2,2,5,9.0,11.0,1.0,1.0,3123.0,41001.0,3.0,-1.0,-1.0,553.9297573,1982,3.0,-1.0,-1.0,-1.0,-1.06,-1.0,-1.03,-1.0,99.0,2013.0,2.0,-1.0,-1.0,2.0,-1.0,2.0,-1.0,-1.0,2.0,-1.0,2.0,-1.0,-1.0,-1.0,-1.0,-1.0,-1.0,2.0,1.0,2.0,1.0,1.0,-1.0,-1.0,1.0,1.0,1.0,1.0,55000.0,-1.0,-1.0,<10k,2,-1.0,-1.0,2,-1.0,-1.0,1,500000.0,3.0,2,-1.0,-1.0,2,-1.0,-1.0,2,-1.0,-1.0,2,-1.0,-1.0,2,-1.0,-1.0,2,-1.0,-1.0,2,-1.0,-1.0,0.0,5.61,0.0,3.84,0.0,4.79,0.0,4.75,YES,YES,1.0,11.1,2.0,10.48,0.0,4.7,0.0,8.62,1.0,9.08,3.0,10.48,3.0,21.14,3.0,19.62,0.0,5.19,0.0,9.43,12.0,27.68,1,1,1,1,2.0,4.0,2,2,2.0,8,4.0,1.0,-1.03,-1.17,3.0,2.0,12.0,12.0,1,3,2.0,1.0,1.0,1.0,1.0,1.0,3.0,2.0,-1.0,-1.09,2.0,-1.0,-1.0,-1.0,-1.0,-1.0,-1.0
11,1,1,1,1,5,1,0,0-18,1,2,2,1,2.0,5.0,-1.0,-1.0,-1.0,-1.0,-1.0,-1.0,-1.0,553.9297573,2008,1.0,1.0,6.0,5.0,0.0,1.0,9.94,-1.0,-1.0,-1.0,2.0,-1.0,-1.0,2.0,-1.0,2.0,-1.0,-1.0,2.0,-1.0,2.0,-1.0,-1.0,-1.0,-1.0,-1.0,-1.0,2.0,1.0,2.0,1.0,1.0,-1.0,-1.0,1.0,1.0,1.0,-1.0,-1.0,-1.0,-1.0,<10k,2,-1.0,-1.0,2,-1.0,-1.0,1,500000.0,3.0,2,-1.0,-1.0,2,-1.0,-1.0,2,-1.0,-1.0,2,-1.0,-1.0,2,-1.0,-1.0,2,-1.0,-1.0,2,-1.0,-1.0,0.0,5.03,0.0,4.69,0.0,5.8,0.0,4.4,YES,YES,1.0,10.82,2.0,9.46,0.0,5.23,0.0,8.87,1.0,10.5,3.0,10.58,3.0,19.88,3.0,21.47,0.0,4.15,0.0,9.08,12.0,27.2,1,1,1,1,2.0,4.0,2,2,2.0,8,4.0,1.0,-0.97,-1.0,3.0,2.0,12.0,12.0,1,3,2.0,1.0,1.0,1.0,1.0,1.0,3.0,2.0,-1.0,-0.9,2.0,-1.0,-1.0,-1.0,-1.0,-1.0,-1.0
11,1,1,1,1,5,1,0,0-18,1,2,2,1,9.0,1.0,99.0,2.0,-1.0,-1.0,-1.0,-1.0,-1.0,553.9297573,2002,3.0,-1.0,-1.0,-1.0,-1.03,-1.0,-1.07,-1.0,5.0,2009.0,2.0,-1.0,-1.0,2.0,-1.0,2.0,-1.0,-1.0,2.0,-1.0,2.0,-1.0,-1.0,-1.0,-1.0,-1.0,-1.0,2.0,1.0,2.0,1.0,1.0,-1.0,-1.0,1.0,1.0,1.0,-1.0,-1.0,-1.0,-1.0,<10k,2,-1.0,-1.0,2,-1.0,-1.0,1,500000.0,3.0,2,-1.0,-1.0,2,-1.0,-1.0,2,-1.0,-1.0,2,-1.0,-1.0,2,-1.0,-1.0,2,-1.0,-1.0,2,-1.0,-1.0,0.0,4.26,0.0,5.0,0.0,4.92,0.0,4.38,YES,YES,1.0,10.35,2.0,9.97,0.0,4.94,0.0,9.36,1.0,10.96,3.0,8.88,3.0,21.67,3.0,25.02,0.0,5.0,0.0,10.6,12.0,29.22,1,1,1,1,2.0,4.0,2,2,2.0,8,4.0,1.0,-1.14,-1.07,3.0,2.0,12.0,12.0,1,3,2.0,1.0,1.0,1.0,1.0,1.0,3.0,2.0,-1.0,-1.02,2.0,-1.0,-1.0,-1.0,-1.0,-1.0,-1.0
11,1,1,1,1,1,1,50,51-65,1,1,1,2,9.0,13.0,2.0,1.0,2310.0,84120.0,5.0,-1.0,-1.0,520.4915453,1956,-1.0,-1.0,-1.0,-1.0,-1.02,-1.0,-1.07,-1.0,-1.0,-1.0,2.0,-1.0,-1.0,1.0,1.0,2.0,-1.0,-1.0,2.0,-1.0,2.0,-1.0,-1.0,-1.0,-1.0,-1.0,-1.0,2.0,1.0,2.0,1.0,1.0,-1.0,-1.0,1.0,1.0,1.0,1.0,80000.0,15000.0,-1.0,<10k,1,700000.0,1.0,2,-1.0,-1.0,1,800000.0,3.0,2,-1.0,-1.0,2,-1.0,-1.0,1,10000.0,9.0,2,-1.0,-1.0,2,-1.0,-1.0,2,-1.0,-1.0,2,-1.0,-1.0,0.0,4.28,0.0,5.66,0.0,4.21,2.0,10.43,YES,YES,0.0,10.12,0.0,8.85,0.0,5.57,0.0,10.44,1.0,14.97,5.0,18.21,2.0,9.46,0.0,11.71,0.0,5.41,0.0,5.43,10.0,26.76,1,1,1,2,4.0,6.0,2,2,1.0,1,4.0,1.0,-1.15,-0.9,1.0,2.0,12.0,12.0,1,1,1.0,1.0,1.0,1.0,1.0,1.0,3.0,2.0,-1.0,-1.03,2.0,-1.0,-1.0,-1.0,-1.0,-1.0,-1.0
11,1,1,1,1,2,2,50,51-65,1,1,1,2,9.0,13.0,4.0,2.0,-1.0,-1.0,-1.0,-1.0,-1.0,520.4915453,1956,-1.0,-1.0,-1.0,-1.0,-1.08,-1.0,-1.15,-1.0,-1.0,-1.0,2.0,-1.0,-1.0,2.0,-1.0,2.0,-1.0,-1.0,2.0,-1.0,2.0,-1.0,-1.0,-1.0,-1.0,-1.0,-1.0,2.0,1.0,2.0,1.0,1.0,-1.0,-1.0,1.0,1.0,1.0,-1.0,-1.0,-1.0,-1.0,<10k,1,700000.0,1.0,2,-1.0,-1.0,1,800000.0,3.0,2,-1.0,-1.0,2,-1.0,-1.0,1,10000.0,9.0,2,-1.0,-1.0,2,-1.0,-1.0,2,-1.0,-1.0,2,-1.0,-1.0,0.0,4.96,0.0,4.6,0.0,5.07,2.0,7.73,YES,YES,0.0,10.23,0.0,10.69,0.0,4.94,0.0,9.81,1.0,13.78,5.0,13.5,2.0,9.49,0.0,10.02,0.0,4.03,0.0,4.62,10.0,23.46,1,1,1,2,4.0,6.0,2,2,1.0,1,4.0,1.0,-0.94,-1.11,1.0,2.0,12.0,12.0,1,1,1.0,1.0,1.0,1.0,1.0,1.0,3.0,2.0,-1.0,-1.16,2.0,-1.0,-1.0,-1.0,-1.0,-1.0,-1.0
11,1,1,1,1,3,1,90,19-35,1,1,1,2,9.0,15.0,3.0,2.0,-1.0,-1.0,-1.0,-1.0,-1.0,520.4915453,1990,1.0,2.0,13.0,12.0,4.63,4.0,17.78,-1.0,-1.0,-1.0,2.0,-1.0,-1.0,2.0,-1.0,2.0,-1.0,-1.0,2.0,-1.0,2.0,-1.0,-1.0,-1.0,-1.0,-1.0,-1.0,2.0,1.0,2.0,1.0,1.0,-1.0,-1.0,1.0,1.0,1.0,1.0,90000.0,-1.0,-1.0,<10k,1,700000.0,1.0,2,-1.0,-1.0,1,800000.0,3.0,2,-1.0,-1.0,2,-1.0,-1.0,1,10000.0,9.0,2,-1.0,-1.0,2,-1.0,-1.0,2,-1.0,-1.0,2,-1.0,-1.0,0.0,5.39,0.0,5.26,0.0,5.44,2.0,9.62,YES,YES,0.0,10.49,0.0,10.89,0.0,4.92,0.0,9.91,1.0,12.86,5.0,20.48,2.0,11.05,0.0,11.05,0.0,4.93,0.0,4.62,10.0,34.46,1,1,1,2,4.0,6.0,2,2,1.0,1,4.0,1.0,-1.08,-1.09,1.0,2.0,12.0,12.0,1,1,1.0,1.0,1.0,1.0,1.0,1.0,3.0,2.0,-1.0,-1.06,2.0,-1.0,-1.0,-1.0,-1.0,-1.0,-1.0
11,1,1,1,1,3,2,90,19-35,1,1,1,2,9.0,13.0,1.0,1.0,6113.0,1120.0,1.0,-1.0,-1.0,520.4915453,1993,1.0,2.0,11.0,10.0,3.82,4.0,23.5,-1.0,-1.0,-1.0,2.0,-1.0,-1.0,2.0,-1.0,2.0,-1.0,-1.0,2.0,-1.0,2.0,-1.0,-1.0,-1.0,-1.0,-1.0,-1.0,2.0,1.0,2.0,1.0,1.0,-1.0,-1.0,1.0,1.0,1.0,1.0,90000.0,-1.0,-1.0,<10k,1,700000.0,1.0,2,-1.0,-1.0,1,800000.0,3.0,2,-1.0,-1.0,2,-1.0,-1.0,1,10000.0,9.0,2,-1.0,-1.0,2,-1.0,-1.0,2,-1.0,-1.0,2,-1.0,-1.0,0.0,5.68,0.0,5.51,0.0,6.04,2.0,9.7,YES,YES,0.0,11.77,0.0,8.14,0.0,4.82,0.0,10.67,1.0,15.9,5.0,17.14,2.0,11.04,0.0,9.48,0.0,5.28,0.0,4.59,10.0,25.77,1,1,1,2,4.0,6.0,2,2,1.0,1,4.0,1.0,-0.88,-0.89,1.0,2.0,12.0,12.0,1,1,1.0,1.0,1.0,1.0,1.0,1.0,3.0,2.0,-1.0,-1.25,2.0,-1.0,-1.0,-1.0,-1.0,-1.0,-1.0
11,1,1,1,1,5,2,80,19-35,1,1,1,2,9.0,13.0,3.0,2.0,-1.0,-1.0,-1.0,-1.0,-1.0,520.4915453,1989,1.0,2.0,9.0,8.0,3.97,4.0,18.59,-1.0,-1.0,-1.0,2.0,-1.0,-1.0,2.0,-1.0,2.0,-1.0,-1.0,2.0,-1.0,2.0,-1.0,-1.0,-1.0,-1.0,-1.0,-1.0,2.0,1.0,2.0,1.0,1.0,-1.0,-1.0,1.0,1.0,1.0,1.0,39000.0,-1.0,-1.0,<10k,1,700000.0,1.0,2,-1.0,-1.0,1,800000.0,3.0,2,-1.0,-1.0,2,-1.0,-1.0,1,10000.0,9.0,2,-1.0,-1.0,2,-1.0,-1.0,2,-1.0,-1.0,2,-1.0,-1.0,0.0,4.31,0.0,5.45,0.0,4.5,2.0,10.28,YES,YES,0.0,10.29,0.0,9.73,0.0,4.41,0.0,9.92,1.0,15.76,5.0,18.31,2.0,9.24,0.0,9.82,0.0,4.55,0.0,5.42,10.0,29.32,1,1,1,2,4.0,6.0,2,2,1.0,1,4.0,1.0,-1.09,-0.98,1.0,2.0,12.0,12.0,1,1,1.0,1.0,1.0,1.0,1.0,1.0,3.0,2.0,-1.0,-1.09,2.0,-1.0,-1.0,-1.0,-1.0,-1.0,-1.0
11,1,1,1,1,5,2,10,0-18,1,1,1,1,9.0,-1.0,-1.0,-1.0,-1.0,-1.0,-1.0,-1.0,-1.0,520.4915453,2016,-1.0,-1.0,-1.0,-1.0,-1.04,-1.0,-0.98,-1.0,-1.0,-1.0,2.0,-1.0,-1.0,2.0,-1.0,2.0,-1.0,-1.0,2.0,-1.0,2.0,-1.0,-1.0,-1.0,-1.0,-1.0,-1.0,2.0,1.0,2.0,1.0,1.0,-1.0,-1.0,1.0,1.0,1.0,-1.0,-1.0,-1.0,-1.0,<10k,1,700000.0,1.0,2,-1.0,-1.0,1,800000.0,3.0,2,-1.0,-1.0,2,-1.0,-1.0,1,10000.0,9.0,2,-1.0,-1.0,2,-1.0,-1.0,2,-1.0,-1.0,2,-1.0,-1.0,0.0,5.23,0.0,4.87,0.0,4.46,2.0,9.01,YES,YES,0.0,8.03,0.0,9.39,0.0,5.74,0.0,10.74,1.0,18.04,5.0,19.18,2.0,9.83,0.0,10.57,0.0,5.43,0.0,5.28,10.0,25.61,1,1,1,2,4.0,6.0,2,2,1.0,1,4.0,1.0,-1.13,-1.2,1.0,2.0,12.0,12.0,1,1,1.0,1.0,1.0,1.0,1.0,1.0,3.0,2.0,-1.0,-1.15,2.0,-1.0,-1.0,-1.0,-1.0,-1.0,-1.0
11,1,1,1,1,1,1,70,36-50,1,4,3,2,9.0,13.0,1.0,1.0,2411.0,46412.0,2.0,-1.0,-1.0,520.4915453,1978,-1.0,-1.0,-1.0,-1.0,-0.96,-1.0,-0.91,-1.0,-1.0,-1.0,2.0,-1.0,-1.0,1.0,1.0,2.0,-1.0,-1.0,2.0,-1.0,2.0,-1.0,-1.0,-1.0,-1.0,-1.0,-1.0,2.0,1.0,2.0,1.0,1.0,-1.0,-1.0,1.0,1.0,1.0,1.0,80000.0,15000.0,-1.0,<10k,1,700000.0,1.0,2,-1.0,-1.0,1,800000.0,3.0,2,-1.0,-1.0,2,-1.0,-1.0,1,10000.0,9.0,2,-1.0,-1.0,2,-1.0,-1.0,2,-1.0,-1.0,2,-1.0,-1.0,0.0,5.1,0.0,4.55,0.0,5.57,2.0,9.35,YES,YES,0.0,11.15,0.0,9.45,0.0,5.35,0.0,9.87,1.0,16.06,5.0,23.22,2.0,9.94,0.0,10.33,0.0,5.48,0.0,4.4,10.0,36.16,1,1,1,2,4.0,6.0,2,2,1.0,1,4.0,1.0,-1.12,-0.88,1.0,2.0,12.0,12.0,1,1,1.0,1.0,1.0,1.0,1.0,1.0,3.0,2.0,-1.0,-0.86,2.0,-1.0,-1.0,-1.0,-1.0,-1.0,-1.0
11,1,1,1,1,2,2,70,36-50,1,4,3,2,9.0,13.0,7.0,2.0,-1.0,-1.0,-1.0,-1.0,-1.0,520.4915453,1979,-1.0,-1.0,-1.0,-1.0,-0.95,-1.0,-0.92,-1.0,-1.0,-1.0,2.0,-1.0,-1.0,2.0,-1.0,2.0,-1.0,-1.0,2.0,-1.0,2.0,-1.0,-1.0,-1.0,-1.0,-1.0,-1.0,2.0,1.0,2.0,1.0,1.0,-1.0,-1.0,1.0,1.0,1.0,-1.0,-1.0,-1.0,-1.0,<10k,1,700000.0,1.0,2,-1.0,-1.0,1,800000.0,3.0,2,-1.0,-1.0,2,-1.0,-1.0,1,10000.0,9.0,2,-1.0,-1.0,2,-1.0,-1.0,2,-1.0,-1.0,2,-1.0,-1.0,0.0,5.49,0.0,4.51,0.0,4.76,2.0,9.85,YES,YES,0.0,9.51,0.0,9.62,0.0,4.94,0.0,10.78,1.0,12.53,5.0,21.18,2.0,9.54,0.0,11.45,0.0,4.77,0.0,4.18,10.0,27.33,1,1,1,2,4.0,6.0,2,2,1.0,1,4.0,1.0,-0.99,-1.13,1.0,2.0,12.0,12.0,1,1,1.0,1.0,1.0,1.0,1.0,1.0,3.0,2.0,-1.0,-1.21,2.0,-1.0,-1.0,-1.0,-1.0,-1.0,-1.0
11,1,1,1,1,3,2,0,19-35,1,4,3,1,2.0,12.0,8.0,2.0,-1.0,-1.0,-1.0,-1.0,-1.0,520.4915453,2000,1.0,2.0,13.0,12.0,4.48,4.0,20.26,-1.0,-1.0,-1.0,2.0,-1.0,-1.0,2.0,-1.0,2.0,-1.0,-1.0,2.0,-1.0,2.0,-1.0,-1.0,-1.0,-1.0,-1.0,-1.0,2.0,1.0,2.0,1.0,1.0,-1.0,-1.0,1.0,1.0,1.0,1.0,90000.0,-1.0,-1.0,<10k,1,700000.0,1.0,2,-1.0,-1.0,1,800000.0,3.0,2,-1.0,-1.0,2,-1.0,-1.0,1,10000.0,9.0,2,-1.0,-1.0,2,-1.0,-1.0,2,-1.0,-1.0,2,-1.0,-1.0,0.0,5.32,0.0,4.78,0.0,4.76,2.0,10.5,YES,YES,0.0,9.89,0.0,10.41,0.0,4.91,0.0,9.58,1.0,16.0,5.0,21.25,2.0,10.94,0.0,11.3,0.0,4.96,0.0,5.13,10.0,28.35,1,1,1,2,4.0,6.0,2,2,1.0,1,4.0,1.0,-0.9,-1.04,1.0,2.0,12.0,12.0,1,1,1.0,1.0,1.0,1.0,1.0,1.0,3.0,2.0,-1.0,-0.92,2.0,-1.0,-1.0,-1.0,-1.0,-1.0,-1.0
11,1,1,1,1,3,1,0,0-18,1,4,3,1,2.0,10.0,8.0,2.0,-1.0,-1.0,-1.0,-1.0,-1.0,520.4915453,2002,1.0,2.0,11.0,10.0,4.48,4.0,19.2,-1.0,-1.0,-1.0,2.0,-1.0,-1.0,2.0,-1.0,2.0,-1.0,-1.0,2.0,-1.0,2.0,-1.0,-1.0,-1.0,-1.0,-1.0,-1.0,2.0,1.0,2.0,1.0,1.0,-1.0,-1.0,1.0,1.0,1.0,1.0,90000.0,-1.0,-1.0,<10k,1,700000.0,1.0,2,-1.0,-1.0,1,800000.0,3.0,2,-1.0,-1.0,2,-1.0,-1.0,1,10000.0,9.0,2,-1.0,-1.0,2,-1.0,-1.0,2,-1.0,-1.0,2,-1.0,-1.0,0.0,5.08,0.0,5.47,0.0,4.77,2.0,8.83,YES,YES,0.0,9.38,0.0,12.56,0.0,4.95,0.0,10.31,1.0,14.73,5.0,22.03,2.0,9.79,0.0,9.72,0.0,4.34,0.0,5.23,10.0,31.6,1,1,1,2,4.0,6.0,2,2,1.0,1,4.0,1.0,-0.89,-1.08,1.0,2.0,12.0,12.0,1,1,1.0,1.0,1.0,1.0,1.0,1.0,3.0,2.0,-1.0,-1.17,2.0,-1.0,-1.0,-1.0,-1.0,-1.0,-1.0
11,1,1,1,1,3,1,0,0-18,1,4,3,1,2.0,8.0,-1.0,-1.0,-1.0,-1.0,-1.0,-1.0,-1.0,520.4915453,2004,1.0,2.0,9.0,8.0,3.57,4.0,16.36,-1.0,-1.0,-1.0,2.0,-1.0,-1.0,2.0,-1.0,2.0,-1.0,-1.0,2.0,-1.0,2.0,-1.0,-1.0,-1.0,-1.0,-1.0,-1.0,2.0,1.0,2.0,1.0,1.0,-1.0,-1.0,1.0,1.0,1.0,1.0,39000.0,-1.0,-1.0,<10k,1,700000.0,1.0,2,-1.0,-1.0,1,800000.0,3.0,2,-1.0,-1.0,2,-1.0,-1.0,1,10000.0,9.0,2,-1.0,-1.0,2,-1.0,-1.0,2,-1.0,-1.0,2,-1.0,-1.0,0.0,4.61,0.0,5.63,0.0,4.39,2.0,10.29,YES,YES,0.0,10.71,0.0,10.45,0.0,4.36,0.0,11.62,1.0,11.33,5.0,18.75,2.0,8.85,0.0,11.03,0.0,4.79,0.0,4.42,10.0,26.07,1,1,1,2,4.0,6.0,2,2,1.0,1,4.0,1.0,-1.03,-1.04,1.0,2.0,12.0,12.0,1,1,1.0,1.0,1.0,1.0,1.0,1.0,3.0,2.0,-1.0,-1.01,2.0,-1.0,-1.0,-1.0,-1.0,-1.0,-1.0
11,1,1,1,1,1,1,80,19-35,1,4,3,2,9.0,11.0,1.0,1.0,2330.0,85492.0,5.0,-1.0,-1.0,520.4915453,1985,-1.0,-1.0,-1.0,-1.0,-1.0,-1.0,-1.3,-1.0,-1.0,-1.0,2.0,-1.0,-1.0,1.0,1.0,2.0,-1.0,-1.0,2.0,-1.0,2.0,-1.0,-1.0,-1.0,-1.0,-1.0,-1.0,2.0,1.0,2.0,1.0,1.0,-1.0,-1.0,1.0,1.0,1.0,1.0,80000.0,15000.0,-1.0,<10k,1,700000.0,1.0,2,-1.0,-1.0,1,800000.0,3.0,2,-1.0,-1.0,2,-1.0,-1.0,1,10000.0,9.0,2,-1.0,-1.0,2,-1.0,-1.0,2,-1.0,-1.0,2,-1.0,-1.0,0.0,5.03,0.0,4.95,0.0,5.17,2.0,10.61,YES,YES,0.0,8.57,0.0,9.1,0.0,4.87,0.0,9.15,1.0,14.19,5.0,18.85,2.0,10.26,0.0,9.57,0.0,5.17,0.0,4.39,10.0,30.77,1,1,1,2,4.0,6.0,2,2,1.0,1,4.0,1.0,-0.94,-1.08,1.0,2.0,12.0,12.0,1,1,1.0,1.0,1.0,1.0,1.0,1.0,3.0,2.0,-1.0,-0.88,2.0,-1.0,-1.0,-1.0,-1.0,-1.0,-1.0
11,1,1,1,1,2,2,90,19-35,1,4,3,2,9.0,11.0,7.0,2.0,-1.0,-1.0,-1.0,-1.0,-1.0,520.4915453,1993,-1.0,-1.0,-1.0,-1.0,-1.04,-1.0,-1.05,-1.0,-1.0,-1.0,2.0,-1.0,-1.0,2.0,-1.0,2.0,-1.0,-1.0,2.0,-1.0,2.0,-1.0,-1.0,-1.0,-1.0,-1.0,-1.0,2.0,1.0,2.0,1.0,1.0,-1.0,-1.0,1.0,1.0,1.0,-1.0,-1.0,-1.0,-1.0,<10k,1,700000.0,1.0,2,-1.0,-1.0,1,800000.0,3.0,2,-1.0,-1.0,2,-1.0,-1.0,1,10000.0,9.0,2,-1.0,-1.0,2,-1.0,-1.0,2,-1.0,-1.0,2,-1.0,-1.0,0.0,4.7,0.0,5.02,0.0,4.64,2.0,9.47,YES,YES,0.0,9.18,0.0,10.05,0.0,4.62,0.0,10.09,1.0,15.63,5.0,19.21,2.0,10.88,0.0,7.64,0.0,4.75,0.0,5.84,10.0,28.76,1,1,1,2,4.0,6.0,2,2,1.0,1,4.0,1.0,-1.0,-1.01,1.0,2.0,12.0,12.0,1,1,1.0,1.0,1.0,1.0,1.0,1.0,3.0,2.0,-1.0,-0.85,2.0,-1.0,-1.0,-1.0,-1.0,-1.0,-1.0
11,1,1,1,1,3,2,10,0-18,1,4,3,1,9.0,-1.0,-1.0,-1.0,-1.0,-1.0,-1.0,-1.0,-1.0,520.4915453,2015,1.0,2.0,13.0,12.0,3.64,4.0,18.41,-1.0,-1.0,-1.0,2.0,-1.0,-1.0,2.0,-1.0,2.0,-1.0,-1.0,2.0,-1.0,2.0,-1.0,-1.0,-1.0,-1.0,-1.0,-1.0,2.0,1.0,2.0,1.0,1.0,-1.0,-1.0,1.0,1.0,1.0,1.0,90000.0,-1.0,-1.0,<10k,1,700000.0,1.0,2,-1.0,-1.0,1,800000.0,3.0,2,-1.0,-1.0,2,-1.0,-1.0,1,10000.0,9.0,2,-1.0,-1.0,2,-1.0,-1.0,2,-1.0,-1.0,2,-1.0,-1.0,0.0,4.34,0.0,3.73,0.0,4.5,2.0,10.75,YES,YES,0.0,9.63,0.0,11.41,0.0,4.96,0.0,10.21,1.0,14.71,5.0,16.04,2.0,10.05,0.0,11.98,0.0,5.03,0.0,4.52,10.0,25.94,1,1,1,2,4.0,6.0,2,2,1.0,1,4.0,1.0,-1.05,-0.97,1.0,2.0,12.0,12.0,1,1,1.0,1.0,1.0,1.0,1.0,1.0,3.0,2.0,-1.0,-0.98,2.0,-1.0,-1.0,-1.0,-1.0,-1.0,-1.0
11,1,1,1,1,3,1,10,0-18,1,4,3,1,-1.0,-1.0,-1.0,-1.0,-1.0,-1.0,-1.0,-1.0,-1.0,520.4915453,2018,1.0,2.0,11.0,10.0,4.13,4.0,20.09,-1.0,-1.0,-1.0,2.0,-1.0,-1.0,2.0,-1.0,2.0,-1.0,-1.0,2.0,-1.0,2.0,-1.0,-1.0,-1.0,-1.0,-1.0,-1.0,2.0,1.0,2.0,1.0,1.0,-1.0,-1.0,1.0,1.0,1.0,1.0,90000.0,-1.0,-1.0,<10k,1,700000.0,1.0,2,-1.0,-1.0,1,800000.0,3.0,2,-1.0,-1.0,2,-1.0,-1.0,1,10000.0,9.0,2,-1.0,-1.0,2,-1.0,-1.0,2,-1.0,-1.0,2,-1.0,-1.0,0.0,5.1,0.0,4.6,0.0,5.49,2.0,11.95,YES,YES,0.0,12.31,0.0,9.82,0.0,4.38,0.0,8.25,1.0,15.66,5.0,18.31,2.0,11.91,0.0,10.39,0.0,5.05,0.0,4.46,10.0,31.59,1,1,1,2,4.0,6.0,2,2,1.0,1,4.0,1.0,-0.89,-0.84,1.0,2.0,12.0,12.0,1,1,1.0,1.0,1.0,1.0,1.0,1.0,3.0,2.0,-1.0,-0.96,2.0,-1.0,-1.0,-1.0,-1.0,-1.0,-1.0
11,1,1,1,1,1,1,60,51-65,1,1,1,2,9.0,13.0,1.0,1.0,1420.0,46301.0,5.0,-1.0,-1.0,520.4915453,1963,-1.0,-1.0,-1.0,-1.0,-0.95,-1.0,-1.0,-1.0,-1.0,-1.0,2.0,-1.0,-1.0,1.0,1.0,2.0,-1.0,-1.0,2.0,-1.0,2.0,-1.0,-1.0,-1.0,-1.0,-1.0,-1.0,2.0,1.0,2.0,1.0,1.0,-1.0,-1.0,1.0,1.0,1.0,1.0,80000.0,15000.0,-1.0,<10k,1,700000.0,1.0,2,-1.0,-1.0,1,800000.0,3.0,2,-1.0,-1.0,2,-1.0,-1.0,1,10000.0,9.0,2,-1.0,-1.0,2,-1.0,-1.0,2,-1.0,-1.0,2,-1.0,-1.0,0.0,5.55,0.0,4.03,0.0,5.13,2.0,8.92,YES,YES,0.0,9.86,0.0,9.98,0.0,5.35,0.0,8.56,1.0,13.67,5.0,26.93,2.0,8.48,0.0,9.24,0.0,4.69,0.0,5.65,10.0,30.91,1,1,1,2,4.0,6.0,2,2,1.0,1,4.0,1.0,-0.92,-0.97,1.0,2.0,12.0,12.0,1,1,1.0,1.0,1.0,1.0,1.0,1.0,3.0,2.0,-1.0,-1.16,2.0,-1.0,-1.0,-1.0,-1.0,-1.0,-1.0
11,1,1,1,1,2,2,60,51-65,1,1,1,2,9.0,13.0,7.0,2.0,-1.0,-1.0,-1.0,-1.0,-1.0,520.4915453,1963,-1.0,-1.0,-1.0,-1.0,-0.87,-1.0,-1.0,-1.0,-1.0,-1.0,2.0,-1.0,-1.0,2.0,-1.0,2.0,-1.0,-1.0,2.0,-1.0,2.0,-1.0,-1.0,-1.0,-1.0,-1.0,-1.0,2.0,1.0,2.0,1.0,1.0,-1.0,-1.0,1.0,1.0,1.0,-1.0,-1.0,-1.0,-1.0,<10k,1,700000.0,1.0,2,-1.0,-1.0,1,800000.0,3.0,2,-1.0,-1.0,2,-1.0,-1.0,1,10000.0,9.0,2,-1.0,-1.0,2,-1.0,-1.0,2,-1.0,-1.0,2,-1.0,-1.0,0.0,5.58,0.0,4.89,0.0,4.25,2.0,10.16,YES,YES,0.0,11.83,0.0,10.25,0.0,5.6,0.0,9.84,1.0,14.6,5.0,17.04,2.0,9.75,0.0,8.39,0.0,5.97,0.0,5.16,10.0,30.54,1,1,1,2,4.0,6.0,2,2,1.0,1,4.0,1.0,-1.02,-0.84,1.0,2.0,12.0,12.0,1,1,1.0,1.0,1.0,1.0,1.0,1.0,3.0,2.0,-1.0,-0.97,2.0,-1.0,-1.0,-1.0,-1.0,-1.0,-1.0
11,1,1,1,1,3,1,90,19-35,1,1,1,1,5.0,12.0,8.0,2.0,-1.0,-1.0,-1.0,-1.0,-1.0,520.4915453,1999,1.0,2.0,13.0,12.0,3.62,4.0,18.23,-1.0,-1.0,-1.0,2.0,-1.0,-1.0,2.0,-1.0,2.0,-1.0,-1.0,2.0,-1.0,2.0,-1.0,-1.0,-1.0,-1.0,-1.0,-1.0,2.0,1.0,2.0,1.0,1.0,-1.0,-1.0,1.0,1.0,1.0,1.0,90000.0,-1.0,-1.0,<10k,1,700000.0,1.0,2,-1.0,-1.0,1,800000.0,3.0,2,-1.0,-1.0,2,-1.0,-1.0,1,10000.0,9.0,2,-1.0,-1.0,2,-1.0,-1.0,2,-1.0,-1.0,2,-1.0,-1.0,0.0,5.88,0.0,4.56,0.0,4.72,2.0,10.86,YES,YES,0.0,10.32,0.0,10.02,0.0,5.33,0.0,9.0,1.0,17.14,5.0,20.55,2.0,7.96,0.0,10.8,0.0,4.97,0.0,4.2,10.0,29.9,1,1,1,2,4.0,6.0,2,2,1.0,1,4.0,1.0,-1.12,-1.11,1.0,2.0,12.0,12.0,1,1,1.0,1.0,1.0,1.0,1.0,1.0,3.0,2.0,-1.0,-0.92,2.0,-1.0,-1.0,-1.0,-1.0,-1.0,-1.0
11,1,1,1,1,3,1,0,0-18,1,1,1,1,2.0,10.0,8.0,2.0,-1.0,-1.0,-1.0,-1.0,-1.0,520.4915453,2003,1.0,2.0,11.0,10.0,3.55,4.0,18.51,-1.0,-1.0,-1.0,2.0,-1.0,-1.0,2.0,-1.0,2.0,-1.0,-1.0,2.0,-1.0,2.0,-1.0,-1.0,-1.0,-1.0,-1.0,-1.0,2.0,1.0,2.0,1.0,1.0,-1.0,-1.0,1.0,1.0,1.0,1.0,90000.0,-1.0,-1.0,<10k,1,700000.0,1.0,2,-1.0,-1.0,1,800000.0,3.0,2,-1.0,-1.0,2,-1.0,-1.0,1,10000.0,9.0,2,-1.0,-1.0,2,-1.0,-1.0,2,-1.0,-1.0,2,-1.0,-1.0,0.0,4.75,0.0,4.54,0.0,5.15,2.0,11.45,YES,YES,0.0,10.22,0.0,9.42,0.0,5.32,0.0,9.22,1.0,18.22,5.0,19.95,2.0,10.07,0.0,8.79,0.0,5.38,0.0,5.37,10.0,23.04,1,1,1,2,4.0,6.0,2,2,1.0,1,4.0,1.0,-0.94,-1.07,1.0,2.0,12.0,12.0,1,1,1.0,1.0,1.0,1.0,1.0,1.0,3.0,2.0,-1.0,-1.01,2.0,-1.0,-1.0,-1.0,-1.0,-1.0,-1.0
11,1,1,1,1,1,1,40,66+,1,2,2,2,9.0,15.0,4.0,2.0,-1.0,-1.0,-1.0,-1.0,-1.0,520.4915453,1948,-1.0,-1.0,-1.0,-1.0,-0.92,-1.0,-1.05,-1.0,-1.0,-1.0,2.0,-1.0,-1.0,1.0,1.0,2.0,-1.0,-1.0,2.0,-1.0,2.0,-1.0,-1.0,-1.0,-1.0,-1.0,-1.0,2.0,1.0,2.0,1.0,1.0,-1.0,-1.0,1.0,1.0,1.0,1.0,80000.0,15000.0,-1.0,<10k,1,700000.0,1.0,2,-1.0,-1.0,1,800000.0,3.0,2,-1.0,-1.0,2,-1.0,-1.0,1,10000.0,9.0,2,-1.0,-1.0,2,-1.0,-1.0,2,-1.0,-1.0,2,-1.0,-1.0,0.0,5.87,0.0,5.76,0.0,4.63,2.0,10.65,YES,YES,0.0,10.19,0.0,11.59,0.0,4.43,0.0,11.48,1.0,13.44,5.0,19.67,2.0,11.0,0.0,9.41,0.0,5.55,0.0,4.8,10.0,23.08,1,1,1,2,4.0,6.0,2,2,1.0,1,4.0,1.0,-0.97,-0.98,1.0,2.0,12.0,12.0,1,1,1.0,1.0,1.0,1.0,1.0,1.0,3.0,2.0,-1.0,-0.98,2.0,-1.0,-1.0,-1.0,-1.0,-1.0,-1.0
11,1,1,1,1,2,2,50,51-65,1,2,2,2,9.0,15.0,4.0,2.0,-1.0,-1.0,-1.0,-1.0,-1.0,520.4915453,1957,-1.0,-1.0,-1.0,-1.0,-0.94,-1.0,-1.08,-1.0,-1.0,-1.0,2.0,-1.0,-1.0,2.0,-1.0,2.0,-1.0,-1.0,2.0,-1.0,2.0,-1.0,-1.0,-1.0,-1.0,-1.0,-1.0,2.0,1.0,2.0,1.0,1.0,-1.0,-1.0,1.0,1.0,1.0,-1.0,-1.0,-1.0,-1.0,<10k,1,700000.0,1.0,2,-1.0,-1.0,1,800000.0,3.0,2,-1.0,-1.0,2,-1.0,-1.0,1,10000.0,9.0,2,-1.0,-1.0,2,-1.0,-1.0,2,-1.0,-1.0,2,-1.0,-1.0,0.0,5.15,0.0,5.32,0.0,4.8,2.0,9.06,YES,YES,0.0,6.72,0.0,9.45,0.0,4.92,0.0,8.85,1.0,11.92,5.0,19.81,2.0,9.24,0.0,10.3,0.0,4.71,0.0,4.6,10.0,26.13,1,1,1,2,4.0,6.0,2,2,1.0,1,4.0,1.0,-0.91,-0.92,1.0,2.0,12.0,12.0,1,1,1.0,1.0,1.0,1.0,1.0,1.0,3.0,2.0,-1.0,-1.0,2.0,-1.0,-1.0,-1.0,-1.0,-1.0,-1.0
11,1,1,1,1,3,1,80,19-35,1,2,2,2,9.0,15.0,1.0,1.0,2152.0,62010.0,3.0,-1.0,-1.0,520.4915453,1989,1.0,2.0,13.0,12.0,4.54,4.0,21.99,-1.0,-1.0,-1.0,2.0,-1.0,-1.0,2.0,-1.0,2.0,-1.0,-1.0,2.0,-1.0,2.0,-1.0,-1.0,-1.0,-1.0,-1.0,-1.0,2.0,1.0,2.0,1.0,1.0,-1.0,-1.0,1.0,1.0,1.0,1.0,90000.0,-1.0,-1.0,<10k,1,700000.0,1.0,2,-1.0,-1.0,1,800000.0,3.0,2,-1.0,-1.0,2,-1.0,-1.0,1,10000.0,9.0,2,-1.0,-1.0,2,-1.0,-1.0,2,-1.0,-1.0,2,-1.0,-1.0,0.0,4.42,0.0,5.29,0.0,4.2,2.0,11.63,YES,YES,0.0,8.04,0.0,9.99,0.0,5.38,0.0,10.31,1.0,15.76,5.0,22.41,2.0,12.61,0.0,8.49,0.0,4.92,0.0,4.55,10.0,31.26,1,1,1,2,4.0,6.0,2,2,1.0,1,4.0,1.0,-0.98,-0.98,1.0,2.0,12.0,12.0,1,1,1.0,1.0,1.0,1.0,1.0,1.0,3.0,2.0,-1.0,-1.06,2.0,-1.0,-1.0,-1.0,-1.0,-1.0,-1.0
11,1,1,1,1,5,2,80,19-35,1,2,2,2,9.0,15.0,1.0,1.0,3313.0,64192.0,3.0,-1.0,-1.0,520.4915453,1989,1.0,2.0,11.0,10.0,4.25,4.0,19.09,-1.0,-1.0,-1.0,2.0,-1.0,-1.0,2.0,-1.0,2.0,-1.0,-1.0,2.0,-1.0,2.0,-1.0,-1.0,-1.0,-1.0,-1.0,-1.0,2.0,1.0,2.0,1.0,1.0,-1.0,-1.0,1.0,1.0,1.0,1.0,90000.0,-1.0,-1.0,<10k,1,700000.0,1.0,2,-1.0,-1.0,1,800000.0,3.0,2,-1.0,-1.0,2,-1.0,-1.0,1,10000.0,9.0,2,-1.0,-1.0,2,-1.0,-1.0,2,-1.0,-1.0,2,-1.0,-1.0,0.0,4.03,0.0,5.15,0.0,5.7,2.0,9.66,YES,YES,0.0,9.86,0.0,10.5,0.0,5.23,0.0,9.17,1.0,13.21,5.0,22.39,2.0,10.52,0.0,10.22,0.0,4.77,0.0,5.14,10.0,30.9,1,1,1,2,4.0,6.0,2,2,1.0,1,4.0,1.0,-1.03,-1.12,1.0,2.0,12.0,12.0,1,1,1.0,1.0,1.0,1.0,1.0,1.0,3.0,2.0,-1.0,-1.02,2.0,-1.0,-1.0,-1.0,-1.0,-1.0,-1.0
11,1,1,1,1,1,1,50,66+,1,1,1,2,9.0,10.0,1.0,1.0,8322.0,49222.0,5.0,-1.0,-1.0,520.4915453,1952,-1.0,-1.0,-1.0,-1.0,-0.91,-1.0,-0.87,-1.0,-1.0,-1.0,2.0,-1.0,-1.0,1.0,1.0,2.0,-1.0,-1.0,2.0,-1.0,2.0,-1.0,-1.0,-1.0,-1.0,-1.0,-1.0,2.0,1.0,2.0,1.0,1.0,-1.0,-1.0,1.0,1.0,1.0,1.0,80000.0,15000.0,-1.0,<10k,1,700000.0,1.0,2,-1.0,-1.0,1,800000.0,3.0,2,-1.0,-1.0,2,-1.0,-1.0,1,10000.0,9.0,2,-1.0,-1.0,2,-1.0,-1.0,2,-1.0,-1.0,2,-1.0,-1.0,0.0,5.45,0.0,4.55,0.0,4.87,2.0,9.74,YES,YES,0.0,10.36,0.0,9.59,0.0,5.25,0.0,9.95,1.0,13.12,5.0,15.9,2.0,10.09,0.0,11.06,0.0,4.22,0.0,5.81,10.0,29.73,1,1,1,2,4.0,6.0,2,2,1.0,1,4.0,1.0,-1.03,-1.18,1.0,2.0,12.0,12.0,1,1,1.0,1.0,1.0,1.0,1.0,1.0,3.0,2.0,-1.0,-1.11,2.0,-1.0,-1.0,-1.0,-1.0,-1.0,-1.0
11,1,1,1,1,2,2,50,51-65,1,1,1,2,9.0,10.0,7.0,2.0,-1.0,-1.0,-1.0,-1.0,-1.0,520.4915453,1958,-1.0,-1.0,-1.0,-1.0,-1.07,-1.0,-1.13,-1.0,-1.0,-1.0,2.0,-1.0,-1.0,2.0,-1.0,2.0,-1.0,-1.0,2.0,-1.0,2.0,-1.0,-1.0,-1.0,-1.0,-1.0,-1.0,2.0,1.0,2.0,1.0,1.0,-1.0,-1.0,1.0,1.0,1.0,-1.0,-1.0,-1.0,-1.0,<10k,1,700000.0,1.0,2,-1.0,-1.0,1,800000.0,3.0,2,-1.0,-1.0,2,-1.0,-1.0,1,10000.0,9.0,2,-1.0,-1.0,2,-1.0,-1.0,2,-1.0,-1.0,2,-1.0,-1.0,0.0,5.01,0.0,4.78,0.0,5.26,2.0,9.77,YES,YES,0.0,11.65,0.0,9.86,0.0,4.97,0.0,8.73,1.0,14.47,5.0,18.82,2.0,9.94,0.0,9.48,0.0,5.69,0.0,4.28,10.0,33.23,1,1,1,2,4.0,6.0,2,2,1.0,1,4.0,1.0,-0.97,-1.07,1.0,2.0,12.0,12.0,1,1,1.0,1.0,1.0,1.0,1.0,1.0,3.0,2.0,-1.0,-1.03,2.0,-1.0,-1.0,-1.0,-1.0,-1.0,-1.0
11,1,1,1,1,3,2,70,36-50,1,1,1,2,9.0,13.0,1.0,1.0,4311.0,41002.0,2.0,-1.0,-1.0,520.4915453,1977,1.0,2.0,13.0,12.0,3.45,4.0,18.16,-1.0,-1.0,-1.0,2.0,-1.0,-1.0,2.0,-1.0,2.0,-1.0,-1.0,2.0,-1.0,2.0,-1.0,-1.0,-1.0,-1.0,-1.0,-1.0,2.0,1.0,2.0,1.0,1.0,-1.0,-1.0,1.0,1.0,1.0,1.0,90000.0,-1.0,-1.0,<10k,1,700000.0,1.0,2,-1.0,-1.0,1,800000.0,3.0,2,-1.0,-1.0,2,-1.0,-1.0,1,10000.0,9.0,2,-1.0,-1.0,2,-1.0,-1.0,2,-1.0,-1.0,2,-1.0,-1.0,0.0,5.45,0.0,4.7,0.0,4.64,2.0,10.2,YES,YES,0.0,8.48,0.0,11.07,0.0,4.48,0.0,10.53,1.0,15.8,5.0,19.59,2.0,12.35,0.0,8.8,0.0,4.95,0.0,5.48,10.0,33.25,1,1,1,2,4.0,6.0,2,2,1.0,1,4.0,1.0,-0.78,-0.85,1.0,2.0,12.0,12.0,1,1,1.0,1.0,1.0,1.0,1.0,1.0,3.0,2.0,-1.0,-1.0,2.0,-1.0,-1.0,-1.0,-1.0,-1.0,-1.0
11,1,1,1,1,3,1,80,19-35,1,1,1,2,9.0,10.0,1.0,1.0,1213.0,55103.0,3.0,-1.0,-1.0,520.4915453,1984,1.0,2.0,11.0,10.0,4.66,4.0,17.49,-1.0,-1.0,-1.0,2.0,-1.0,-1.0,2.0,-1.0,2.0,-1.0,-1.0,2.0,-1.0,2.0,-1.0,-1.0,-1.0,-1.0,-1.0,-1.0,2.0,1.0,2.0,1.0,1.0,-1.0,-1.0,1.0,1.0,1.0,1.0,90000.0,-1.0,-1.0,<10k,1,700000.0,1.0,2,-1.0,-1.0,1,800000.0,3.0,2,-1.0,-1.0,2,-1.0,-1.0,1,10000.0,9.0,2,-1.0,-1.0,2,-1.0,-1.0,2,-1.0,-1.0,2,-1.0,-1.0,0.0,4.69,0.0,4.25,0.0,4.75,2.0,10.35,YES,YES,0.0,9.35,0.0,9.27,0.0,4.7,0.0,9.38,1.0,16.39,5.0,20.49,2.0,8.31,0.0,10.08,0.0,3.74,0.0,4.86,10.0,29.24,1,1,1,2,4.0,6.0,2,2,1.0,1,4.0,1.0,-0.8,-1.07,1.0,2.0,12.0,12.0,1,1,1.0,1.0,1.0,1.0,1.0,1.0,3.0,2.0,-1.0,-1.0,2.0,-1.0,-1.0,-1.0,-1.0,-1.0,-1.0
11,1,1,1,1,5,1,70,36-50,1,1,4,2,9.0,13.0,1.0,1.0,3511.0,41002.0,2.0,-1.0,-1.0,520.4915453,1976,1.0,2.0,9.0,8.0,3.75,4.0,19.83,-1.0,-1.0,-1.0,2.0,-1.0,-1.0,2.0,-1.0,2.0,-1.0,-1.0,2.0,-1.0,2.0,-1.0,-1.0,-1.0,-1.0,-1.0,-1.0,2.0,1.0,2.0,1.0,1.0,-1.0,-1.0,1.0,1.0,1.0,1.0,39000.0,-1.0,-1.0,<10k,1,700000.0,1.0,2,-1.0,-1.0,1,800000.0,3.0,2,-1.0,-1.0,2,-1.0,-1.0,1,10000.0,9.0,2,-1.0,-1.0,2,-1.0,-1.0,2,-1.0,-1.0,2,-1.0,-1.0,0.0,5.4,0.0,5.36,0.0,4.65,2.0,11.3,YES,YES,0.0,9.96,0.0,10.0,0.0,4.79,0.0,10.23,1.0,12.99,5.0,18.28,2.0,10.94,0.0,12.01,0.0,5.35,0.0,4.09,10.0,35.98,1,1,1,2,4.0,6.0,2,2,1.0,1,4.0,1.0,-0.99,-1.0,1.0,2.0,12.0,12.0,1,1,1.0,1.0,1.0,1.0,1.0,1.0,3.0,2.0,-1.0,-1.08,2.0,-1.0,-1.0,-1.0,-1.0,-1.0,-1.0
11,1,1,1,1,5,2,90,19-35,1,1,1,2,9.0,13.0,7.0,2.0,-1.0,-1.0,-1.0,-1.0,-1.0,520.4915453,1991,-1.0,-1.0,-1.0,-1.0,-1.08,-1.0,-0.97,-1.0,-1.0,-1.0,2.0,-1.0,-1.0,2.0,-1.0,2.0,-1.0,-1.0,2.0,-1.0,2.0,-1.0,-1.0,-1.0,-1.0,-1.0,-1.0,2.0,1.0,2.0,1.0,1.0,-1.0,-1.0,1.0,1.0,1.0,-1.0,-1.0,-1.0,-1.0,<10k,1,700000.0,1.0,2,-1.0,-1.0,1,800000.0,3.0,2,-1.0,-1.0,2,-1.0,-1.0,1,10000.0,9.0,2,-1.0,-1.0,2,-1.0,-1.0,2,-1.0,-1.0,2,-1.0,-1.0,0.0,5.57,0.0,4.31,0.0,6.04,2.0,9.3,YES,YES,0.0,9.44,0.0,11.08,0.0,5.43,0.0,11.42,1.0,13.5,5.0,17.66,2.0,9.24,0.0,10.31,0.0,5.5,0.0,5.2,10.0,28.32,1,1,1,2,4.0,6.0,2,2,1.0,1,4.0,1.0,-0.83,-0.98,1.0,2.0,12.0,12.0,1,1,1.0,1.0,1.0,1.0,1.0,1.0,3.0,2.0,-1.0,-1.14,2.0,-1.0,-1.0,-1.0,-1.0,-1.0,-1.0
11,1,1,1,1,5,1,0,0-18,1,1,4,1,2.0,4.0,-1.0,-1.0,-1.0,-1.0,-1.0,-1.0,-1.0,520.4915453,2008,1.0,2.0,5.0,4.0,2.0,3.0,15.08,-1.0,-1.0,-1.0,2.0,-1.0,-1.0,2.0,-1.0,2.0,-1.0,-1.0,2.0,-1.0,2.0,-1.0,-1.0,-1.0,-1.0,-1.0,-1.0,2.0,1.0,2.0,1.0,1.0,-1.0,-1.0,1.0,1.0,1.0,-1.0,-1.0,-1.0,-1.0,<10k,1,700000.0,1.0,2,-1.0,-1.0,1,800000.0,3.0,2,-1.0,-1.0,2,-1.0,-1.0,1,10000.0,9.0,2,-1.0,-1.0,2,-1.0,-1.0,2,-1.0,-1.0,2,-1.0,-1.0,0.0,4.58,0.0,5.15,0.0,5.08,2.0,11.14,YES,YES,0.0,7.95,0.0,10.01,0.0,5.33,0.0,8.55,1.0,16.2,5.0,21.99,2.0,9.67,0.0,7.41,0.0,5.48,0.0,5.19,10.0,31.26,1,1,1,2,4.0,6.0,2,2,1.0,1,4.0,1.0,-1.04,-1.06,1.0,2.0,12.0,12.0,1,1,1.0,1.0,1.0,1.0,1.0,1.0,3.0,2.0,-1.0,-1.01,2.0,-1.0,-1.0,-1.0,-1.0,-1.0,-1.0
11,1,1,1,1,5,2,10,0-18,1,1,1,1,1.0,-1.0,-1.0,-1.0,-1.0,-1.0,-1.0,-1.0,-1.0,520.4915453,2015,-1.0,-1.0,-1.0,-1.0,-1.06,-1.0,-1.17,-1.0,-1.0,-1.0,2.0,-1.0,-1.0,2.0,-1.0,2.0,-1.0,-1.0,2.0,-1.0,2.0,-1.0,-1.0,-1.0,-1.0,-1.0,-1.0,2.0,1.0,2.0,1.0,1.0,-1.0,-1.0,1.0,1.0,1.0,-1.0,-1.0,-1.0,-1.0,<10k,1,700000.0,1.0,2,-1.0,-1.0,1,800000.0,3.0,2,-1.0,-1.0,2,-1.0,-1.0,1,10000.0,9.0,2,-1.0,-1.0,2,-1.0,-1.0,2,-1.0,-1.0,2,-1.0,-1.0,0.0,4.69,0.0,5.68,0.0,5.35,2.0,9.82,YES,YES,0.0,9.32,0.0,11.49,0.0,3.99,0.0,11.28,1.0,15.53,5.0,19.49,2.0,9.51,0.0,10.32,0.0,5.61,0.0,5.02,10.0,28.2,1,1,1,2,4.0,6.0,2,2,1.0,1,4.0,1.0,-1.02,-1.08,1.0,2.0,12.0,12.0,1,1,1.0,1.0,1.0,1.0,1.0,1.0,3.0,2.0,-1.0,-0.89,2.0,-1.0,-1.0,-1.0,-1.0,-1.0,-1.0
11,1,1,1,1,1,1,50,51-65,1,2,2,2,9.0,10.0,1.0,1.0,3324.0,47529.0,5.0,-1.0,-1.0,512.4403782,1956,-1.0,-1.0,-1.0,-1.0,-0.92,-1.0,-1.05,-1.0,-1.0,-1.0,2.0,-1.0,-1.0,1.0,9.0,2.0,-1.0,-1.0,2.0,-1.0,2.0,-1.0,-1.0,-1.0,-1.0,-1.0,-1.0,1.0,1.0,2.0,1.0,1.0,-1.0,-1.0,1.0,1.0,1.0,-1.0,-1.0,-1.0,-1.0,<10k,2,-1.0,-1.0,2,-1.0,-1.0,2,-1.0,-1.0,2,-1.0,-1.0,2,-1.0,-1.0,2,-1.0,-1.0,2,-1.0,-1.0,1,400000.0,9.0,2,-1.0,-1.0,2,-1.0,-1.0,0.0,2.53,0.0,5.97,0.0,6.24,0.0,4.78,YES,YES,1.0,6.22,1.0,7.01,0.0,5.52,1.0,6.15,1.0,6.8,0.0,4.41,1.0,5.45,0.0,5.51,0.0,4.42,0.0,4.51,10.0,24.98,1,1,1,3,2.0,3.0,2,2,3.0,7,4.0,1.0,-0.99,-1.02,1.0,2.0,12.0,12.0,1,2,2.0,1.0,1.0,1.0,1.0,1.0,3.0,2.0,-1.0,-1.06,2.0,-1.0,-1.0,-1.0,-1.0,-1.0,-1.0
11,1,1,1,1,2,2,70,36-50,1,2,2,2,9.0,10.0,7.0,2.0,-1.0,-1.0,-1.0,-1.0,-1.0,512.4403782,1970,1.0,1.0,8.0,7.0,0.0,3.0,8.73,-1.0,-1.0,-1.0,2.0,-1.0,-1.0,2.0,-1.0,2.0,-1.0,-1.0,2.0,-1.0,2.0,-1.0,-1.0,-1.0,-1.0,-1.0,-1.0,1.0,1.0,2.0,1.0,1.0,-1.0,-1.0,1.0,1.0,1.0,1.0,10000.0,-1.0,-1.0,<10k,2,-1.0,-1.0,2,-1.0,-1.0,2,-1.0,-1.0,2,-1.0,-1.0,2,-1.0,-1.0,2,-1.0,-1.0,2,-1.0,-1.0,1,400000.0,9.0,2,-1.0,-1.0,2,-1.0,-1.0,0.0,3.14,0.0,5.35,0.0,5.7,0.0,6.0,YES,YES,1.0,6.39,1.0,6.5,0.0,5.44,1.0,5.3,1.0,6.31,0.0,4.87,1.0,5.98,0.0,5.49,0.0,4.28,0.0,4.15,10.0,34.96,1,1,1,3,2.0,3.0,2,2,3.0,7,4.0,1.0,-1.08,-0.92,1.0,2.0,12.0,12.0,1,2,2.0,1.0,1.0,1.0,1.0,1.0,3.0,2.0,-1.0,-1.04,2.0,-1.0,-1.0,-1.0,-1.0,-1.0,-1.0
11,1,1,1,2,3,1,90,19-35,1,2,2,1,9.0,14.0,-1.0,-1.0,-1.0,-1.0,-1.0,2.0,2.0,512.4403782,1998,3.0,-1.0,-1.0,-1.0,-0.88,-1.0,-0.91,-1.0,99.0,2014.0,2.0,-1.0,-1.0,2.0,-1.0,2.0,-1.0,-1.0,2.0,-1.0,2.0,-1.0,-1.0,-1.0,-1.0,-1.0,-1.0,2.0,1.0,1.0,1.0,1.0,-1.0,-1.0,1.0,1.0,1.0,1.0,15000.0,-1.0,-1.0,<10k,2,-1.0,-1.0,2,-1.0,-1.0,2,-1.0,-1.0,2,-1.0,-1.0,2,-1.0,-1.0,2,-1.0,-1.0,2,-1.0,-1.0,1,400000.0,9.0,2,-1.0,-1.0,2,-1.0,-1.0,0.0,3.28,0.0,4.25,0.0,4.18,0.0,4.64,YES,YES,1.0,4.85,1.0,6.32,0.0,5.73,1.0,6.13,1.0,6.67,0.0,5.42,1.0,6.38,0.0,4.49,0.0,5.35,0.0,4.79,10.0,33.46,1,1,1,3,2.0,3.0,2,2,3.0,7,4.0,1.0,-1.18,-1.03,1.0,2.0,12.0,12.0,1,2,2.0,1.0,1.0,1.0,1.0,1.0,3.0,2.0,-1.0,-1.08,2.0,-1.0,-1.0,-1.0,-1.0,-1.0,-1.0
11,1,1,1,1,1,2,30,66+,3,4,3,4,9.0,5.0,9.0,2.0,-1.0,-1.0,-1.0,-1.0,-1.0,512.4403782,1939,-1.0,-1.0,-1.0,-1.0,-1.08,-1.0,-1.04,-1.0,-1.0,-1.0,2.0,-1.0,-1.0,1.0,9.0,2.0,-1.0,-1.0,2.0,-1.0,2.0,-1.0,-1.0,-1.0,-1.0,-1.0,-1.0,1.0,1.0,2.0,1.0,1.0,-1.0,-1.0,1.0,1.0,1.0,-1.0,-1.0,-1.0,-1.0,<10k,2,-1.0,-1.0,2,-1.0,-1.0,2,-1.0,-1.0,2,-1.0,-1.0,2,-1.0,-1.0,2,-1.0,-1.0,2,-1.0,-1.0,1,400000.0,9.0,2,-1.0,-1.0,2,-1.0,-1.0,0.0,2.92,0.0,3.85,0.0,4.3,0.0,5.42,YES,YES,1.0,5.55,1.0,5.96,0.0,5.03,1.0,5.3,1.0,6.36,0.0,5.44,1.0,6.15,0.0,5.5,0.0,4.86,0.0,4.6,10.0,30.69,1,1,1,3,2.0,3.0,2,2,3.0,7,4.0,1.0,-1.0,-0.97,1.0,2.0,12.0,12.0,1,2,2.0,1.0,1.0,1.0,1.0,1.0,3.0,2.0,-1.0,-1.17,2.0,-1.0,-1.0,-1.0,-1.0,-1.0,-1.0
11,1,1,1,1,1,1,60,51-65,1,4,3,2,9.0,10.0,4.0,1.0,3331.0,52291.0,4.0,-1.0,-1.0,512.4403782,1964,-1.0,-1.0,-1.0,-1.0,-0.9,-1.0,-1.02,-1.0,-1.0,-1.0,2.0,-1.0,-1.0,1.0,9.0,2.0,-1.0,-1.0,2.0,-1.0,2.0,-1.0,-1.0,-1.0,-1.0,-1.0,-1.0,1.0,1.0,2.0,1.0,1.0,-1.0,-1.0,1.0,1.0,1.0,-1.0,-1.0,-1.0,-1.0,<10k,2,-1.0,-1.0,2,-1.0,-1.0,2,-1.0,-1.0,2,-1.0,-1.0,2,-1.0,-1.0,2,-1.0,-1.0,2,-1.0,-1.0,1,400000.0,9.0,2,-1.0,-1.0,2,-1.0,-1.0,0.0,2.54,0.0,4.95,0.0,4.9,0.0,4.18,YES,YES,1.0,6.33,1.0,5.16,0.0,4.94,1.0,5.7,1.0,5.61,0.0,6.13,1.0,5.14,0.0,5.16,0.0,4.14,0.0,4.67,10.0,32.36,1,1,1,3,2.0,3.0,2,2,3.0,7,4.0,1.0,-0.99,-0.97,1.0,2.0,12.0,12.0,1,2,2.0,1.0,1.0,1.0,1.0,1.0,3.0,2.0,-1.0,-0.9,2.0,-1.0,-1.0,-1.0,-1.0,-1.0,-1.0
11,1,1,1,1,2,2,60,51-65,1,4,3,2,9.0,13.0,7.0,2.0,-1.0,-1.0,-1.0,-1.0,-1.0,512.4403782,1964,1.0,1.0,8.0,7.0,0.0,3.0,9.44,-1.0,-1.0,-1.0,2.0,-1.0,-1.0,2.0,-1.0,2.0,-1.0,-1.0,2.0,-1.0,2.0,-1.0,-1.0,-1.0,-1.0,-1.0,-1.0,1.0,1.0,2.0,1.0,1.0,-1.0,-1.0,1.0,1.0,1.0,1.0,10000.0,-1.0,-1.0,<10k,2,-1.0,-1.0,2,-1.0,-1.0,2,-1.0,-1.0,2,-1.0,-1.0,2,-1.0,-1.0,2,-1.0,-1.0,2,-1.0,-1.0,1,400000.0,9.0,2,-1.0,-1.0,2,-1.0,-1.0,0.0,2.81,0.0,5.16,0.0,5.54,0.0,4.59,YES,YES,1.0,5.62,1.0,6.17,0.0,4.24,1.0,5.5,1.0,5.58,0.0,5.23,1.0,5.47,0.0,5.83,0.0,4.97,0.0,5.0,10.0,28.67,1,1,1,3,2.0,3.0,2,2,3.0,7,4.0,1.0,-0.8,-0.86,1.0,2.0,12.0,12.0,1,2,2.0,1.0,1.0,1.0,1.0,1.0,3.0,2.0,-1.0,-0.95,2.0,-1.0,-1.0,-1.0,-1.0,-1.0,-1.0
11,1,1,1,1,3,1,0,0-18,1,4,3,1,9.0,11.0,4.0,2.0,-1.0,-1.0,-1.0,-1.0,-1.0,512.4403782,2001,3.0,-1.0,-1.0,-1.0,-1.08,-1.0,-1.09,-1.0,99.0,2014.0,2.0,-1.0,-1.0,2.0,-1.0,2.0,-1.0,-1.0,2.0,-1.0,2.0,-1.0,-1.0,-1.0,-1.0,-1.0,-1.0,2.0,1.0,1.0,1.0,1.0,-1.0,-1.0,1.0,1.0,1.0,1.0,15000.0,-1.0,-1.0,<10k,2,-1.0,-1.0,2,-1.0,-1.0,2,-1.0,-1.0,2,-1.0,-1.0,2,-1.0,-1.0,2,-1.0,-1.0,2,-1.0,-1.0,1,400000.0,9.0,2,-1.0,-1.0,2,-1.0,-1.0,0.0,3.27,0.0,4.79,0.0,4.54,0.0,4.8,YES,YES,1.0,6.01,1.0,5.75,0.0,4.63,1.0,5.93,1.0,5.33,0.0,5.1,1.0,5.27,0.0,5.15,0.0,5.39,0.0,4.65,10.0,32.42,1,1,1,3,2.0,3.0,2,2,3.0,7,4.0,1.0,-1.08,-1.11,1.0,2.0,12.0,12.0,1,2,2.0,1.0,1.0,1.0,1.0,1.0,3.0,2.0,-1.0,-0.95,2.0,-1.0,-1.0,-1.0,-1.0,-1.0,-1.0
11,1,1,1,1,5,2,0,0-18,1,4,3,1,9.0,11.0,4.0,2.0,-1.0,-1.0,-1.0,-1.0,-1.0,512.4403782,2001,3.0,-1.0,-1.0,-1.0,-1.12,-1.0,-0.99,-1.0,99.0,2015.0,2.0,-1.0,-1.0,2.0,-1.0,2.0,-1.0,-1.0,2.0,-1.0,2.0,-1.0,-1.0,-1.0,-1.0,-1.0,-1.0,2.0,1.0,1.0,1.0,1.0,-1.0,-1.0,1.0,1.0,1.0,-1.0,-1.0,-1.0,-1.0,<10k,2,-1.0,-1.0,2,-1.0,-1.0,2,-1.0,-1.0,2,-1.0,-1.0,2,-1.0,-1.0,2,-1.0,-1.0,2,-1.0,-1.0,1,400000.0,9.0,2,-1.0,-1.0,2,-1.0,-1.0,0.0,2.69,0.0,5.12,0.0,5.0,0.0,5.84,YES,YES,1.0,5.6,1.0,6.18,0.0,5.07,1.0,6.35,1.0,6.42,0.0,5.45,1.0,5.54,0.0,4.83,0.0,5.12,0.0,4.35,10.0,27.29,1,1,1,3,2.0,3.0,2,2,3.0,7,4.0,1.0,-0.91,-0.94,1.0,2.0,12.0,12.0,1,2,2.0,1.0,1.0,1.0,1.0,1.0,3.0,2.0,-1.0,-1.17,2.0,-1.0,-1.0,-1.0,-1.0,-1.0,-1.0
11,1,1,1,1,1,2,40,66+,1,1,1,4,9.0,11.0,7.0,2.0,-1.0,-1.0,-1.0,-1.0,-1.0,512.4403782,1943,-1.0,-1.0,-1.0,-1.0,-0.95,-1.0,-0.95,-1.0,-1.0,-1.0,2.0,-1.0,-1.0,1.0,9.0,2.0,-1.0,-1.0,2.0,-1.0,2.0,-1.0,-1.0,-1.0,-1.0,-1.0,-1.0,1.0,1.0,2.0,1.0,1.0,-1.0,-1.0,1.0,1.0,1.0,-1.0,-1.0,-1.0,-1.0,<10k,2,-1.0,-1.0,2,-1.0,-1.0,2,-1.0,-1.0,2,-1.0,-1.0,2,-1.0,-1.0,2,-1.0,-1.0,2,-1.0,-1.0,1,400000.0,9.0,2,-1.0,-1.0,2,-1.0,-1.0,0.0,2.55,0.0,5.9,0.0,5.14,0.0,4.39,YES,YES,1.0,5.98,1.0,6.17,0.0,4.66,1.0,5.46,1.0,5.06,0.0,5.41,1.0,5.34,0.0,5.81,0.0,4.54,0.0,5.12,10.0,26.1,1,1,1,3,2.0,3.0,2,2,3.0,7,4.0,1.0,-0.84,-0.92,1.0,2.0,12.0,12.0,1,2,2.0,1.0,1.0,1.0,1.0,1.0,3.0,2.0,-1.0,-0.93,2.0,-1.0,-1.0,-1.0,-1.0,-1.0,-1.0
11,1,1,1,1,1,1,50,51-65,1,1,1,2,9.0,10.0,1.0,1.0,8323.0,49222.0,5.0,-1.0,-1.0,512.4403782,1954,-1.0,-1.0,-1.0,-1.0,-0.89,-1.0,-0.97,-1.0,-1.0,-1.0,2.0,-1.0,-1.0,1.0,9.0,2.0,-1.0,-1.0,2.0,-1.0,2.0,-1.0,-1.0,-1.0,-1.0,-1.0,-1.0,1.0,1.0,2.0,1.0,1.0,-1.0,-1.0,1.0,1.0,1.0,-1.0,-1.0,-1.0,-1.0,<10k,2,-1.0,-1.0,2,-1.0,-1.0,2,-1.0,-1.0,2,-1.0,-1.0,2,-1.0,-1.0,2,-1.0,-1.0,2,-1.0,-1.0,1,400000.0,9.0,2,-1.0,-1.0,2,-1.0,-1.0,0.0,2.74,0.0,4.59,0.0,4.52,0.0,6.32,YES,YES,1.0,6.41,1.0,6.16,0.0,4.34,1.0,5.52,1.0,5.64,0.0,5.29,1.0,6.4,0.0,5.71,0.0,5.22,0.0,5.53,10.0,28.54,1,1,1,3,2.0,3.0,2,2,3.0,7,4.0,1.0,-1.04,-0.97,1.0,2.0,12.0,12.0,1,2,2.0,1.0,1.0,1.0,1.0,1.0,3.0,2.0,-1.0,-1.08,2.0,-1.0,-1.0,-1.0,-1.0,-1.0,-1.0
11,1,1,1,1,2,2,50,51-65,1,1,1,2,9.0,10.0,7.0,2.0,-1.0,-1.0,-1.0,-1.0,-1.0,512.4403782,1959,1.0,1.0,8.0,7.0,0.0,3.0,10.7,-1.0,-1.0,-1.0,2.0,-1.0,-1.0,2.0,-1.0,2.0,-1.0,-1.0,2.0,-1.0,2.0,-1.0,-1.0,-1.0,-1.0,-1.0,-1.0,1.0,1.0,2.0,1.0,1.0,-1.0,-1.0,1.0,1.0,1.0,1.0,10000.0,-1.0,-1.0,<10k,2,-1.0,-1.0,2,-1.0,-1.0,2,-1.0,-1.0,2,-1.0,-1.0,2,-1.0,-1.0,2,-1.0,-1.0,2,-1.0,-1.0,1,400000.0,9.0,2,-1.0,-1.0,2,-1.0,-1.0,0.0,2.6,0.0,4.7,0.0,4.83,0.0,5.08,YES,YES,1.0,4.51,1.0,5.31,0.0,5.69,1.0,6.0,1.0,5.78,0.0,4.41,1.0,6.19,0.0,5.0,0.0,4.89,0.0,5.59,10.0,30.22,1,1,1,3,2.0,3.0,2,2,3.0,7,4.0,1.0,-0.96,-0.89,1.0,2.0,12.0,12.0,1,2,2.0,1.0,1.0,1.0,1.0,1.0,3.0,2.0,-1.0,-0.88,2.0,-1.0,-1.0,-1.0,-1.0,-1.0,-1.0
11,1,1,1,1,1,1,60,51-65,1,1,1,2,9.0,11.0,1.0,1.0,8323.0,49222.0,5.0,-1.0,-1.0,512.4403782,1961,-1.0,-1.0,-1.0,-1.0,-1.15,-1.0,-0.87,-1.0,-1.0,-1.0,2.0,-1.0,-1.0,1.0,9.0,2.0,-1.0,-1.0,2.0,-1.0,2.0,-1.0,-1.0,-1.0,-1.0,-1.0,-1.0,1.0,1.0,2.0,1.0,1.0,-1.0,-1.0,1.0,1.0,1.0,-1.0,-1.0,-1.0,-1.0,<10k,2,-1.0,-1.0,2,-1.0,-1.0,2,-1.0,-1.0,2,-1.0,-1.0,2,-1.0,-1.0,2,-1.0,-1.0,2,-1.0,-1.0,1,400000.0,9.0,2,-1.0,-1.0,2,-1.0,-1.0,0.0,2.6,0.0,5.05,0.0,5.54,0.0,4.84,YES,YES,1.0,6.15,1.0,6.47,0.0,5.14,1.0,5.09,1.0,7.62,0.0,5.57,1.0,6.49,0.0,3.83,0.0,4.09,0.0,5.58,10.0,31.2,1,1,1,3,2.0,3.0,2,2,3.0,7,4.0,1.0,-0.78,-1.03,1.0,2.0,12.0,12.0,1,2,2.0,1.0,1.0,1.0,1.0,1.0,3.0,2.0,-1.0,-1.11,2.0,-1.0,-1.0,-1.0,-1.0,-1.0,-1.0
11,1,1,1,1,2,2,70,36-50,1,1,1,2,9.0,11.0,7.0,2.0,-1.0,-1.0,-1.0,-1.0,-1.0,512.4403782,1973,1.0,1.0,8.0,7.0,0.0,3.0,11.77,-1.0,-1.0,-1.0,2.0,-1.0,-1.0,2.0,-1.0,2.0,-1.0,-1.0,2.0,-1.0,2.0,-1.0,-1.0,-1.0,-1.0,-1.0,-1.0,1.0,1.0,2.0,1.0,1.0,-1.0,-1.0,1.0,1.0,1.0,1.0,10000.0,-1.0,-1.0,<10k,2,-1.0,-1.0,2,-1.0,-1.0,2,-1.0,-1.0,2,-1.0,-1.0,2,-1.0,-1.0,2,-1.0,-1.0,2,-1.0,-1.0,1,400000.0,9.0,2,-1.0,-1.0,2,-1.0,-1.0,0.0,2.9,0.0,4.09,0.0,4.33,0.0,5.66,YES,YES,1.0,5.37,1.0,5.52,0.0,5.64,1.0,5.2,1.0,6.28,0.0,4.27,1.0,5.41,0.0,4.54,0.0,4.57,0.0,4.74,10.0,33.72,1,1,1,3,2.0,3.0,2,2,3.0,7,4.0,1.0,-1.12,-1.06,1.0,2.0,12.0,12.0,1,2,2.0,1.0,1.0,1.0,1.0,1.0,3.0,2.0,-1.0,-1.06,2.0,-1.0,-1.0,-1.0,-1.0,-1.0,-1.0
11,1,1,1,1,3,1,90,19-35,1,1,1,1,9.0,13.0,1.0,1.0,4311.0,69201.0,3.0,-1.0,-1.0,512.4403782,1995,3.0,-1.0,-1.0,-1.0,-0.99,-1.0,-0.87,-1.0,99.0,2014.0,2.0,-1.0,-1.0,2.0,-1.0,2.0,-1.0,-1.0,2.0,-1.0,2.0,-1.0,-1.0,-1.0,-1.0,-1.0,-1.0,2.0,1.0,1.0,1.0,1.0,-1.0,-1.0,1.0,1.0,1.0,1.0,15000.0,-1.0,-1.0,<10k,2,-1.0,-1.0,2,-1.0,-1.0,2,-1.0,-1.0,2,-1.0,-1.0,2,-1.0,-1.0,2,-1.0,-1.0,2,-1.0,-1.0,1,400000.0,9.0,2,-1.0,-1.0,2,-1.0,-1.0,0.0,2.69,0.0,5.24,0.0,4.67,0.0,4.71,YES,YES,1.0,5.93,1.0,5.76,0.0,5.05,1.0,6.45,1.0,5.49,0.0,4.06,1.0,6.02,0.0,5.47,0.0,4.91,0.0,4.88,10.0,28.76,1,1,1,3,2.0,3.0,2,2,3.0,7,4.0,1.0,-0.91,-1.02,1.0,2.0,12.0,12.0,1,2,2.0,1.0,1.0,1.0,1.0,1.0,3.0,2.0,-1.0,-0.9,2.0,-1.0,-1.0,-1.0,-1.0,-1.0,-1.0
11,1,1,1,1,3,2,90,19-35,1,1,1,1,3.0,14.0,8.0,2.0,-1.0,-1.0,-1.0,-1.0,-1.0,512.4403782,1997,3.0,-1.0,-1.0,-1.0,-1.12,-1.0,-1.12,-1.0,99.0,2015.0,2.0,-1.0,-1.0,2.0,-1.0,2.0,-1.0,-1.0,2.0,-1.0,2.0,-1.0,-1.0,-1.0,-1.0,-1.0,-1.0,2.0,1.0,1.0,1.0,1.0,-1.0,-1.0,1.0,1.0,1.0,-1.0,-1.0,-1.0,-1.0,<10k,2,-1.0,-1.0,2,-1.0,-1.0,2,-1.0,-1.0,2,-1.0,-1.0,2,-1.0,-1.0,2,-1.0,-1.0,2,-1.0,-1.0,1,400000.0,9.0,2,-1.0,-1.0,2,-1.0,-1.0,0.0,2.69,0.0,5.84,0.0,5.06,0.0,4.77,YES,YES,1.0,6.6,1.0,7.26,0.0,4.41,1.0,5.98,1.0,6.04,0.0,5.35,1.0,7.22,0.0,5.88,0.0,5.82,0.0,4.99,10.0,29.41,1,1,1,3,2.0,3.0,2,2,3.0,7,4.0,1.0,-0.95,-0.89,1.0,2.0,12.0,12.0,1,2,2.0,1.0,1.0,1.0,1.0,1.0,3.0,2.0,-1.0,-0.96,2.0,-1.0,-1.0,-1.0,-1.0,-1.0,-1.0
11,1,1,1,1,1,2,80,19-35,1,4,3,2,9.0,13.0,7.0,2.0,-1.0,-1.0,-1.0,-1.0,-1.0,512.4403782,1983,-1.0,-1.0,-1.0,-1.0,-0.97,-1.0,-1.17,-1.0,-1.0,-1.0,2.0,-1.0,-1.0,1.0,9.0,2.0,-1.0,-1.0,2.0,-1.0,2.0,-1.0,-1.0,-1.0,-1.0,-1.0,-1.0,1.0,1.0,2.0,1.0,1.0,-1.0,-1.0,1.0,1.0,1.0,-1.0,-1.0,-1.0,-1.0,<10k,2,-1.0,-1.0,2,-1.0,-1.0,2,-1.0,-1.0,2,-1.0,-1.0,2,-1.0,-1.0,2,-1.0,-1.0,2,-1.0,-1.0,1,400000.0,9.0,2,-1.0,-1.0,2,-1.0,-1.0,0.0,3.1,0.0,5.68,0.0,5.51,0.0,6.01,YES,YES,1.0,5.29,1.0,5.07,0.0,4.17,1.0,5.41,1.0,6.63,0.0,3.33,1.0,5.8,0.0,5.17,0.0,4.94,0.0,4.46,10.0,30.08,1,1,1,3,2.0,3.0,2,2,3.0,7,4.0,1.0,-1.01,-0.89,1.0,2.0,12.0,12.0,1,2,2.0,1.0,1.0,1.0,1.0,1.0,3.0,2.0,-1.0,-0.93,2.0,-1.0,-1.0,-1.0,-1.0,-1.0,-1.0
11,1,1,1,1,3,1,0,0-18,1,4,3,1,2.0,7.0,-1.0,-1.0,-1.0,-1.0,-1.0,-1.0,-1.0,512.4403782,2006,1.0,1.0,8.0,7.0,0.0,3.0,8.64,-1.0,-1.0,-1.0,2.0,-1.0,-1.0,2.0,-1.0,2.0,-1.0,-1.0,2.0,-1.0,2.0,-1.0,-1.0,-1.0,-1.0,-1.0,-1.0,1.0,1.0,2.0,1.0,1.0,-1.0,-1.0,1.0,1.0,1.0,1.0,10000.0,-1.0,-1.0,<10k,2,-1.0,-1.0,2,-1.0,-1.0,2,-1.0,-1.0,2,-1.0,-1.0,2,-1.0,-1.0,2,-1.0,-1.0,2,-1.0,-1.0,1,400000.0,9.0,2,-1.0,-1.0,2,-1.0,-1.0,0.0,2.66,0.0,4.28,0.0,5.25,0.0,5.72,YES,YES,1.0,5.1,1.0,5.09,0.0,4.75,1.0,6.19,1.0,6.63,0.0,4.58,1.0,6.55,0.0,5.14,0.0,5.79,0.0,5.15,10.0,31.89,1,1,1,3,2.0,3.0,2,2,3.0,7,4.0,1.0,-1.03,-1.1,1.0,2.0,12.0,12.0,1,2,2.0,1.0,1.0,1.0,1.0,1.0,3.0,2.0,-1.0,-0.69,2.0,-1.0,-1.0,-1.0,-1.0,-1.0,-1.0
11,1,1,1,1,3,2,0,0-18,1,4,3,1,2.0,6.0,-1.0,-1.0,-1.0,-1.0,-1.0,-1.0,-1.0,512.4403782,2009,3.0,-1.0,-1.0,-1.0,-0.87,-1.0,-1.05,-1.0,99.0,2014.0,2.0,-1.0,-1.0,2.0,-1.0,2.0,-1.0,-1.0,2.0,-1.0,2.0,-1.0,-1.0,-1.0,-1.0,-1.0,-1.0,2.0,1.0,1.0,1.0,1.0,-1.0,-1.0,1.0,1.0,1.0,1.0,15000.0,-1.0,-1.0,<10k,2,-1.0,-1.0,2,-1.0,-1.0,2,-1.0,-1.0,2,-1.0,-1.0,2,-1.0,-1.0,2,-1.0,-1.0,2,-1.0,-1.0,1,400000.0,9.0,2,-1.0,-1.0,2,-1.0,-1.0,0.0,2.33,0.0,4.66,0.0,5.44,0.0,5.68,YES,YES,1.0,4.73,1.0,5.91,0.0,4.89,1.0,6.32,1.0,6.14,0.0,5.75,1.0,7.04,0.0,5.53,0.0,4.44,0.0,4.31,10.0,30.45,1,1,1,3,2.0,3.0,2,2,3.0,7,4.0,1.0,-0.84,-1.07,1.0,2.0,12.0,12.0,1,2,2.0,1.0,1.0,1.0,1.0,1.0,3.0,2.0,-1.0,-0.91,2.0,-1.0,-1.0,-1.0,-1.0,-1.0,-1.0
11,1,1,1,1,3,1,10,0-18,1,4,3,1,2.0,0.0,-1.0,-1.0,-1.0,-1.0,-1.0,-1.0,-1.0,512.4403782,2013,3.0,-1.0,-1.0,-1.0,-1.14,-1.0,-0.9,-1.0,99.0,2015.0,2.0,-1.0,-1.0,2.0,-1.0,2.0,-1.0,-1.0,2.0,-1.0,2.0,-1.0,-1.0,-1.0,-1.0,-1.0,-1.0,2.0,1.0,1.0,1.0,1.0,-1.0,-1.0,1.0,1.0,1.0,-1.0,-1.0,-1.0,-1.0,<10k,2,-1.0,-1.0,2,-1.0,-1.0,2,-1.0,-1.0,2,-1.0,-1.0,2,-1.0,-1.0,2,-1.0,-1.0,2,-1.0,-1.0,1,400000.0,9.0,2,-1.0,-1.0,2,-1.0,-1.0,0.0,3.03,0.0,4.72,0.0,4.84,0.0,4.63,YES,YES,1.0,5.7,1.0,6.03,0.0,5.09,1.0,5.67,1.0,5.75,0.0,4.69,1.0,6.45,0.0,4.8,0.0,4.64,0.0,5.28,10.0,30.65,1,1,1,3,2.0,3.0,2,2,3.0,7,4.0,1.0,-0.85,-1.03,1.0,2.0,12.0,12.0,1,2,2.0,1.0,1.0,1.0,1.0,1.0,3.0,2.0,-1.0,-0.95,2.0,-1.0,-1.0,-1.0,-1.0,-1.0,-1.0
11,1,1,1,2,2,1,70,36-50,1,4,3,2,9.0,10.0,-1.0,-1.0,-1.0,-1.0,-1.0,2.0,1.0,512.4403782,1978,-1.0,-1.0,-1.0,-1.0,-0.84,-1.0,-1.09,-1.0,-1.0,-1.0,-1.0,-1.0,-1.0,-1.0,-1.0,-1.0,-1.0,-1.0,-1.0,-1.0,-1.0,-1.0,-1.0,-1.0,-1.0,-1.0,-1.0,-1.0,-1.0,-1.0,-1.0,-1.0,-1.0,-1.0,-1.0,-1.0,-1.0,-1.0,-1.0,-1.0,-1.0,<10k,2,-1.0,-1.0,2,-1.0,-1.0,2,-1.0,-1.0,2,-1.0,-1.0,2,-1.0,-1.0,2,-1.0,-1.0,2,-1.0,-1.0,1,400000.0,9.0,2,-1.0,-1.0,2,-1.0,-1.0,0.0,2.93,0.0,4.91,0.0,5.38,0.0,5.0,YES,YES,1.0,5.83,1.0,5.4,0.0,4.7,1.0,5.48,1.0,6.71,0.0,5.56,1.0,5.69,0.0,5.23,0.0,5.64,0.0,4.94,10.0,31.43,1,1,1,3,2.0,3.0,2,2,3.0,7,4.0,1.0,-1.12,-1.12,1.0,2.0,12.0,12.0,1,2,2.0,1.0,1.0,1.0,1.0,1.0,3.0,2.0,-1.0,-0.99,2.0,-1.0,-1.0,-1.0,-1.0,-1.0,-1.0
11,1,1,1,1,1,1,60,51-65,1,1,1,2,9.0,7.0,9.0,2.0,-1.0,-1.0,-1.0,-1.0,-1.0,512.4403782,1961,-1.0,-1.0,-1.0,-1.0,-1.05,-1.0,-0.89,-1.0,-1.0,-1.0,2.0,-1.0,-1.0,1.0,9.0,2.0,-1.0,-1.0,2.0,-1.0,2.0,-1.0,-1.0,-1.0,-1.0,-1.0,-1.0,1.0,1.0,2.0,1.0,1.0,-1.0,-1.0,1.0,1.0,1.0,-1.0,-1.0,-1.0,-1.0,<10k,2,-1.0,-1.0,2,-1.0,-1.0,2,-1.0,-1.0,2,-1.0,-1.0,2,-1.0,-1.0,2,-1.0,-1.0,2,-1.0,-1.0,1,400000.0,9.0,2,-1.0,-1.0,2,-1.0,-1.0,0.0,3.05,0.0,4.81,0.0,4.69,0.0,5.42,YES,YES,1.0,6.18,1.0,7.31,0.0,5.38,1.0,6.74,1.0,6.53,0.0,5.15,1.0,6.13,0.0,4.11,0.0,5.19,0.0,4.83,10.0,27.44,1,1,1,3,2.0,3.0,2,2,3.0,7,4.0,1.0,-1.14,-1.02,1.0,2.0,12.0,12.0,1,2,2.0,1.0,1.0,1.0,1.0,1.0,3.0,2.0,-1.0,-0.82,2.0,-1.0,-1.0,-1.0,-1.0,-1.0,-1.0
11,1,1,1,1,2,2,60,36-50,1,1,1,2,9.0,5.0,1.0,1.0,9111.0,86903.0,3.0,-1.0,-1.0,512.4403782,1969,1.0,1.0,8.0,7.0,0.0,3.0,10.22,-1.0,-1.0,-1.0,2.0,-1.0,-1.0,2.0,-1.0,2.0,-1.0,-1.0,2.0,-1.0,2.0,-1.0,-1.0,-1.0,-1.0,-1.0,-1.0,1.0,1.0,2.0,1.0,1.0,-1.0,-1.0,1.0,1.0,1.0,1.0,10000.0,-1.0,-1.0,<10k,2,-1.0,-1.0,2,-1.0,-1.0,2,-1.0,-1.0,2,-1.0,-1.0,2,-1.0,-1.0,2,-1.0,-1.0,2,-1.0,-1.0,1,400000.0,9.0,2,-1.0,-1.0,2,-1.0,-1.0,0.0,2.89,0.0,5.34,0.0,5.37,0.0,5.56,YES,YES,1.0,5.86,1.0,6.21,0.0,4.13,1.0,6.35,1.0,6.06,0.0,5.72,1.0,6.37,0.0,4.65,0.0,4.51,0.0,4.47,10.0,36.5,1,1,1,3,2.0,3.0,2,2,3.0,7,4.0,1.0,-0.9,-1.07,1.0,2.0,12.0,12.0,1,2,2.0,1.0,1.0,1.0,1.0,1.0,3.0,2.0,-1.0,-0.91,2.0,-1.0,-1.0,-1.0,-1.0,-1.0,-1.0
11,1,1,1,1,3,1,0,0-18,1,1,1,1,2.0,10.0,8.0,2.0,-1.0,-1.0,-1.0,-1.0,-1.0,512.4403782,2003,3.0,-1.0,-1.0,-1.0,-0.79,-1.0,-1.11,-1.0,99.0,2014.0,2.0,-1.0,-1.0,2.0,-1.0,2.0,-1.0,-1.0,2.0,-1.0,2.0,-1.0,-1.0,-1.0,-1.0,-1.0,-1.0,2.0,1.0,1.0,1.0,1.0,-1.0,-1.0,1.0,1.0,1.0,1.0,15000.0,-1.0,-1.0,<10k,2,-1.0,-1.0,2,-1.0,-1.0,2,-1.0,-1.0,2,-1.0,-1.0,2,-1.0,-1.0,2,-1.0,-1.0,2,-1.0,-1.0,1,400000.0,9.0,2,-1.0,-1.0,2,-1.0,-1.0,0.0,3.23,0.0,5.23,0.0,4.51,0.0,4.14,YES,YES,1.0,5.11,1.0,5.62,0.0,4.65,1.0,5.25,1.0,5.8,0.0,5.46,1.0,6.66,0.0,5.34,0.0,5.17,0.0,5.6,10.0,32.54,1,1,1,3,2.0,3.0,2,2,3.0,7,4.0,1.0,-1.03,-1.2,1.0,2.0,12.0,12.0,1,2,2.0,1.0,1.0,1.0,1.0,1.0,3.0,2.0,-1.0,-0.96,2.0,-1.0,-1.0,-1.0,-1.0,-1.0,-1.0
11,1,1,1,1,1,1,60,51-65,1,1,1,2,9.0,7.0,1.0,1.0,8322.0,49222.0,5.0,-1.0,-1.0,248.4349316,1960,-1.0,-1.0,-1.0,-1.0,-0.87,-1.0,-1.04,-1.0,-1.0,-1.0,1.0,4.0,1.0,2.0,-1.0,1.0,5.0,1.0,2.0,-1.0,1.0,1.0,2.0,2.0,0.0,2.0,-1.0,1.0,1.0,2.0,1.0,1.0,-1.0,-1.0,1.0,1.0,1.0,1.0,30000.0,-1.0,-1.0,<10k,2,-1.0,-1.0,2,-1.0,-1.0,2,-1.0,-1.0,2,-1.0,-1.0,2,-1.0,-1.0,2,-1.0,-1.0,2,-1.0,-1.0,2,-1.0,-1.0,2,-1.0,-1.0,2,-1.0,-1.0,1.0,10.67,0.0,4.99,1.0,11.07,1.0,9.33,YES,YES,2.0,20.24,2.0,19.93,0.0,4.88,2.0,20.02,2.0,17.83,2.0,21.44,2.0,23.19,0.0,4.58,0.0,5.75,0.0,5.93,3.0,33.56,1,1,1,2,3.0,4.0,2,1,2.0,1,4.0,1.0,-1.03,-1.08,1.0,2.0,12.0,12.0,1,3,2.0,1.0,1.0,1.0,1.0,1.0,3.0,2.0,-1.0,-1.06,2.0,-1.0,-1.0,-1.0,-1.0,-1.0,-1.0
11,1,1,1,1,2,2,60,51-65,1,1,1,2,9.0,7.0,7.0,2.0,-1.0,-1.0,-1.0,-1.0,-1.0,248.4349316,1963,-1.0,-1.0,-1.0,-1.0,-0.98,-1.0,-1.13,-1.0,-1.0,-1.0,1.0,4.0,1.0,2.0,-1.0,2.0,-1.0,-1.0,2.0,-1.0,1.0,3.0,2.0,20.0,0.0,2.0,-1.0,1.0,1.0,2.0,1.0,1.0,-1.0,-1.0,1.0,1.0,1.0,1.0,22000.0,-1.0,-1.0,<10k,2,-1.0,-1.0,2,-1.0,-1.0,2,-1.0,-1.0,2,-1.0,-1.0,2,-1.0,-1.0,2,-1.0,-1.0,2,-1.0,-1.0,2,-1.0,-1.0,2,-1.0,-1.0,2,-1.0,-1.0,1.0,10.96,0.0,4.47,1.0,8.1,1.0,10.33,YES,YES,2.0,20.44,2.0,19.95,0.0,5.23,2.0,18.0,2.0,22.59,2.0,20.59,2.0,19.11,0.0,5.05,0.0,5.16,0.0,3.5,3.0,29.51,1,1,1,2,3.0,4.0,2,1,2.0,1,4.0,1.0,-0.99,-0.82,1.0,2.0,12.0,12.0,1,3,2.0,1.0,1.0,1.0,1.0,1.0,3.0,2.0,-1.0,-0.99,2.0,-1.0,-1.0,-1.0,-1.0,-1.0,-1.0
11,1,1,1,1,1,1,60,51-65,1,2,2,2,9.0,4.0,1.0,1.0,5249.0,47113.0,3.0,-1.0,-1.0,248.4349316,1965,-1.0,-1.0,-1.0,-1.0,-1.04,-1.0,-1.03,-1.0,-1.0,-1.0,1.0,4.0,1.0,2.0,-1.0,1.0,5.0,1.0,2.0,-1.0,1.0,1.0,2.0,2.0,0.0,2.0,-1.0,1.0,1.0,2.0,1.0,1.0,-1.0,-1.0,1.0,1.0,1.0,1.0,30000.0,-1.0,-1.0,<10k,2,-1.0,-1.0,2,-1.0,-1.0,2,-1.0,-1.0,2,-1.0,-1.0,2,-1.0,-1.0,2,-1.0,-1.0,2,-1.0,-1.0,2,-1.0,-1.0,2,-1.0,-1.0,2,-1.0,-1.0,1.0,11.67,0.0,4.86,1.0,7.58,1.0,11.14,YES,YES,2.0,19.01,2.0,21.78,0.0,5.81,2.0,20.81,2.0,20.76,2.0,22.55,2.0,21.72,0.0,4.93,0.0,5.16,0.0,5.04,3.0,41.29,1,1,1,2,3.0,4.0,2,1,2.0,1,4.0,1.0,-1.06,-0.95,1.0,2.0,12.0,12.0,1,3,2.0,1.0,1.0,1.0,1.0,1.0,3.0,2.0,-1.0,-0.95,2.0,-1.0,-1.0,-1.0,-1.0,-1.0,-1.0
11,1,1,1,1,2,2,60,51-65,1,2,2,2,9.0,4.0,7.0,2.0,-1.0,-1.0,-1.0,-1.0,-1.0,248.4349316,1960,-1.0,-1.0,-1.0,-1.0,-1.08,-1.0,-1.02,-1.0,-1.0,-1.0,1.0,4.0,1.0,2.0,-1.0,2.0,-1.0,-1.0,2.0,-1.0,1.0,3.0,2.0,20.0,0.0,2.0,-1.0,1.0,1.0,2.0,1.0,1.0,-1.0,-1.0,1.0,1.0,1.0,1.0,22000.0,-1.0,-1.0,<10k,2,-1.0,-1.0,2,-1.0,-1.0,2,-1.0,-1.0,2,-1.0,-1.0,2,-1.0,-1.0,2,-1.0,-1.0,2,-1.0,-1.0,2,-1.0,-1.0,2,-1.0,-1.0,2,-1.0,-1.0,1.0,11.0,0.0,4.15,1.0,9.6,1.0,9.51,YES,YES,2.0,21.84,2.0,18.84,0.0,4.75,2.0,20.92,2.0,19.08,2.0,23.19,2.0,20.48,0.0,4.79,0.0,4.94,0.0,4.93,3.0,34.64,1,1,1,2,3.0,4.0,2,1,2.0,1,4.0,1.0,-1.22,-1.09,1.0,2.0,12.0,12.0,1,3,2.0,1.0,1.0,1.0,1.0,1.0,3.0,2.0,-1.0,-1.28,2.0,-1.0,-1.0,-1.0,-1.0,-1.0,-1.0
11,1,1,1,1,3,1,80,19-35,1,2,2,1,9.0,9.0,1.0,1.0,9211.0,97005.0,3.0,-1.0,-1.0,248.4349316,1989,3.0,-1.0,-1.0,-1.0,-1.19,-1.0,-1.1,-1.0,9.0,2015.0,2.0,-1.0,-1.0,2.0,-1.0,1.0,4.0,6.0,2.0,-1.0,2.0,-1.0,-1.0,-1.0,-1.0,-1.0,-1.0,2.0,1.0,2.0,1.0,1.0,-1.0,-1.0,1.0,1.0,1.0,1.0,18000.0,-1.0,-1.0,<10k,2,-1.0,-1.0,2,-1.0,-1.0,2,-1.0,-1.0,2,-1.0,-1.0,2,-1.0,-1.0,2,-1.0,-1.0,2,-1.0,-1.0,2,-1.0,-1.0,2,-1.0,-1.0,2,-1.0,-1.0,1.0,10.01,0.0,4.57,1.0,11.06,1.0,12.26,YES,YES,2.0,21.62,2.0,19.52,0.0,5.1,2.0,20.26,2.0,18.89,2.0,21.29,2.0,17.08,0.0,5.45,0.0,4.54,0.0,5.99,3.0,36.89,1,1,1,2,3.0,4.0,2,1,2.0,1,4.0,1.0,-0.91,-0.99,1.0,2.0,12.0,12.0,1,3,2.0,1.0,1.0,1.0,1.0,1.0,3.0,2.0,-1.0,-0.99,2.0,-1.0,-1.0,-1.0,-1.0,-1.0,-1.0
11,1,1,1,1,1,2,60,36-50,1,2,5,1,9.0,3.0,1.0,1.0,9111.0,97006.0,3.0,-1.0,-1.0,248.4349316,1969,-1.0,-1.0,-1.0,-1.0,-0.98,-1.0,-0.84,-1.0,-1.0,-1.0,1.0,4.0,1.0,2.0,-1.0,1.0,5.0,1.0,2.0,-1.0,1.0,1.0,2.0,2.0,0.0,2.0,-1.0,1.0,1.0,2.0,1.0,1.0,-1.0,-1.0,1.0,1.0,1.0,1.0,30000.0,-1.0,-1.0,<10k,2,-1.0,-1.0,2,-1.0,-1.0,2,-1.0,-1.0,2,-1.0,-1.0,2,-1.0,-1.0,2,-1.0,-1.0,2,-1.0,-1.0,2,-1.0,-1.0,2,-1.0,-1.0,2,-1.0,-1.0,1.0,10.53,0.0,5.33,1.0,9.12,1.0,10.91,YES,YES,2.0,18.05,2.0,19.79,0.0,5.01,2.0,16.81,2.0,19.55,2.0,23.49,2.0,20.93,0.0,4.45,0.0,4.69,0.0,4.06,3.0,35.28,1,1,1,2,3.0,4.0,2,1,2.0,1,4.0,1.0,-1.0,-0.93,1.0,2.0,12.0,12.0,1,3,2.0,1.0,1.0,1.0,1.0,1.0,3.0,2.0,-1.0,-1.08,2.0,-1.0,-1.0,-1.0,-1.0,-1.0,-1.0
11,1,1,1,1,5,1,70,36-50,1,2,2,2,9.0,10.0,1.0,1.0,4311.0,69201.0,3.0,-1.0,-1.0,248.4349316,1972,-1.0,-1.0,-1.0,-1.0,-0.82,-1.0,-0.97,-1.0,-1.0,-1.0,1.0,4.0,1.0,2.0,-1.0,2.0,-1.0,-1.0,2.0,-1.0,1.0,3.0,2.0,20.0,0.0,2.0,-1.0,1.0,1.0,2.0,1.0,1.0,-1.0,-1.0,1.0,1.0,1.0,1.0,22000.0,-1.0,-1.0,<10k,2,-1.0,-1.0,2,-1.0,-1.0,2,-1.0,-1.0,2,-1.0,-1.0,2,-1.0,-1.0,2,-1.0,-1.0,2,-1.0,-1.0,2,-1.0,-1.0,2,-1.0,-1.0,2,-1.0,-1.0,1.0,11.48,0.0,5.1,1.0,8.99,1.0,10.18,YES,YES,2.0,17.7,2.0,18.07,0.0,4.88,2.0,22.97,2.0,22.87,2.0,17.75,2.0,18.65,0.0,4.84,0.0,4.11,0.0,3.69,3.0,33.09,1,1,1,2,3.0,4.0,2,1,2.0,1,4.0,1.0,-0.84,-0.9,1.0,2.0,12.0,12.0,1,3,2.0,1.0,1.0,1.0,1.0,1.0,3.0,2.0,-1.0,-0.88,2.0,-1.0,-1.0,-1.0,-1.0,-1.0,-1.0
11,1,1,1,1,5,2,80,19-35,1,2,2,2,9.0,10.0,1.0,1.0,9111.0,97006.0,3.0,-1.0,-1.0,248.4349316,1985,3.0,-1.0,-1.0,-1.0,-0.83,-1.0,-0.86,-1.0,9.0,2015.0,2.0,-1.0,-1.0,2.0,-1.0,1.0,4.0,6.0,2.0,-1.0,2.0,-1.0,-1.0,-1.0,-1.0,-1.0,-1.0,2.0,1.0,2.0,1.0,1.0,-1.0,-1.0,1.0,1.0,1.0,1.0,18000.0,-1.0,-1.0,<10k,2,-1.0,-1.0,2,-1.0,-1.0,2,-1.0,-1.0,2,-1.0,-1.0,2,-1.0,-1.0,2,-1.0,-1.0,2,-1.0,-1.0,2,-1.0,-1.0,2,-1.0,-1.0,2,-1.0,-1.0,1.0,7.75,0.0,4.1,1.0,9.36,1.0,10.96,YES,YES,2.0,20.13,2.0,21.92,0.0,4.92,2.0,20.51,2.0,21.63,2.0,18.02,2.0,18.63,0.0,5.0,0.0,5.19,0.0,4.75,3.0,39.17,1,1,1,2,3.0,4.0,2,1,2.0,1,4.0,1.0,-0.92,-0.96,1.0,2.0,12.0,12.0,1,3,2.0,1.0,1.0,1.0,1.0,1.0,3.0,2.0,-1.0,-1.16,2.0,-1.0,-1.0,-1.0,-1.0,-1.0,-1.0
11,1,1,1,1,1,2,60,51-65,1,1,1,2,9.0,19.0,1.0,1.0,9111.0,97006.0,3.0,-1.0,-1.0,248.4349316,1960,-1.0,-1.0,-1.0,-1.0,-0.97,-1.0,-1.06,-1.0,-1.0,-1.0,1.0,4.0,1.0,2.0,-1.0,1.0,5.0,1.0,2.0,-1.0,1.0,1.0,2.0,2.0,0.0,2.0,-1.0,1.0,1.0,2.0,1.0,1.0,-1.0,-1.0,1.0,1.0,1.0,1.0,30000.0,-1.0,-1.0,<10k,2,-1.0,-1.0,2,-1.0,-1.0,2,-1.0,-1.0,2,-1.0,-1.0,2,-1.0,-1.0,2,-1.0,-1.0,2,-1.0,-1.0,2,-1.0,-1.0,2,-1.0,-1.0,2,-1.0,-1.0,1.0,10.42,0.0,4.96,1.0,11.82,1.0,9.91,YES,YES,2.0,22.58,2.0,20.82,0.0,6.45,2.0,23.22,2.0,19.43,2.0,22.32,2.0,21.47,0.0,4.45,0.0,4.78,0.0,3.95,3.0,36.72,1,1,1,2,3.0,4.0,2,1,2.0,1,4.0,1.0,-1.01,-1.08,1.0,2.0,12.0,12.0,1,3,2.0,1.0,1.0,1.0,1.0,1.0,3.0,2.0,-1.0,-1.02,2.0,-1.0,-1.0,-1.0,-1.0,-1.0,-1.0
11,1,1,1,1,2,1,70,36-50,1,1,1,2,9.0,4.0,1.0,1.0,5211.0,47211.0,5.0,-1.0,-1.0,248.4349316,1971,-1.0,-1.0,-1.0,-1.0,-1.08,-1.0,-0.94,-1.0,-1.0,-1.0,1.0,4.0,1.0,2.0,-1.0,2.0,-1.0,-1.0,2.0,-1.0,1.0,3.0,2.0,20.0,0.0,2.0,-1.0,1.0,1.0,2.0,1.0,1.0,-1.0,-1.0,1.0,1.0,1.0,1.0,22000.0,-1.0,-1.0,<10k,2,-1.0,-1.0,2,-1.0,-1.0,2,-1.0,-1.0,2,-1.0,-1.0,2,-1.0,-1.0,2,-1.0,-1.0,2,-1.0,-1.0,2,-1.0,-1.0,2,-1.0,-1.0,2,-1.0,-1.0,1.0,8.44,0.0,4.86,1.0,8.82,1.0,10.09,YES,YES,2.0,19.3,2.0,18.59,0.0,5.02,2.0,19.29,2.0,16.63,2.0,18.87,2.0,20.07,0.0,3.81,0.0,4.83,0.0,6.24,3.0,33.35,1,1,1,2,3.0,4.0,2,1,2.0,1,4.0,1.0,-1.03,-0.86,1.0,2.0,12.0,12.0,1,3,2.0,1.0,1.0,1.0,1.0,1.0,3.0,2.0,-1.0,-0.97,2.0,-1.0,-1.0,-1.0,-1.0,-1.0,-1.0
11,1,1,1,1,1,1,60,51-65,1,4,3,2,9.0,7.0,1.0,1.0,9211.0,46305.0,3.0,-1.0,-1.0,248.4349316,1961,-1.0,-1.0,-1.0,-1.0,-1.0,-1.0,-1.02,-1.0,-1.0,-1.0,1.0,4.0,1.0,2.0,-1.0,1.0,5.0,1.0,2.0,-1.0,1.0,1.0,2.0,2.0,0.0,2.0,-1.0,1.0,1.0,2.0,1.0,1.0,-1.0,-1.0,1.0,1.0,1.0,1.0,30000.0,-1.0,-1.0,<10k,2,-1.0,-1.0,2,-1.0,-1.0,2,-1.0,-1.0,2,-1.0,-1.0,2,-1.0,-1.0,2,-1.0,-1.0,2,-1.0,-1.0,2,-1.0,-1.0,2,-1.0,-1.0,2,-1.0,-1.0,1.0,9.2,0.0,5.75,1.0,9.73,1.0,10.57,YES,YES,2.0,20.39,2.0,21.41,0.0,4.8,2.0,17.29,2.0,20.4,2.0,19.23,2.0,18.46,0.0,5.57,0.0,5.06,0.0,6.02,3.0,30.74,1,1,1,2,3.0,4.0,2,1,2.0,1,4.0,1.0,-1.0,-0.92,1.0,2.0,12.0,12.0,1,3,2.0,1.0,1.0,1.0,1.0,1.0,3.0,2.0,-1.0,-0.99,2.0,-1.0,-1.0,-1.0,-1.0,-1.0,-1.0
11,1,1,1,1,2,2,60,51-65,1,4,3,2,9.0,7.0,1.0,1.0,7514.0,47819.0,5.0,-1.0,-1.0,248.4349316,1967,-1.0,-1.0,-1.0,-1.0,-1.13,-1.0,-1.22,-1.0,-1.0,-1.0,1.0,4.0,1.0,2.0,-1.0,2.0,-1.0,-1.0,2.0,-1.0,1.0,3.0,2.0,20.0,0.0,2.0,-1.0,1.0,1.0,2.0,1.0,1.0,-1.0,-1.0,1.0,1.0,1.0,1.0,22000.0,-1.0,-1.0,<10k,2,-1.0,-1.0,2,-1.0,-1.0,2,-1.0,-1.0,2,-1.0,-1.0,2,-1.0,-1.0,2,-1.0,-1.0,2,-1.0,-1.0,2,-1.0,-1.0,2,-1.0,-1.0,2,-1.0,-1.0,1.0,11.48,0.0,4.57,1.0,9.66,1.0,11.07,YES,YES,2.0,19.37,2.0,17.9,0.0,4.76,2.0,20.2,2.0,19.58,2.0,19.19,2.0,21.4,0.0,4.73,0.0,4.57,0.0,4.66,3.0,36.16,1,1,1,2,3.0,4.0,2,1,2.0,1,4.0,1.0,-0.92,-0.96,1.0,2.0,12.0,12.0,1,3,2.0,1.0,1.0,1.0,1.0,1.0,3.0,2.0,-1.0,-0.86,2.0,-1.0,-1.0,-1.0,-1.0,-1.0,-1.0
11,1,1,1,1,3,2,90,19-35,1,4,3,1,9.0,11.0,7.0,2.0,-1.0,-1.0,-1.0,-1.0,-1.0,248.4349316,1997,3.0,-1.0,-1.0,-1.0,-0.93,-1.0,-1.0,-1.0,9.0,2015.0,2.0,-1.0,-1.0,2.0,-1.0,1.0,4.0,6.0,2.0,-1.0,2.0,-1.0,-1.0,-1.0,-1.0,-1.0,-1.0,2.0,1.0,2.0,1.0,1.0,-1.0,-1.0,1.0,1.0,1.0,1.0,18000.0,-1.0,-1.0,<10k,2,-1.0,-1.0,2,-1.0,-1.0,2,-1.0,-1.0,2,-1.0,-1.0,2,-1.0,-1.0,2,-1.0,-1.0,2,-1.0,-1.0,2,-1.0,-1.0,2,-1.0,-1.0,2,-1.0,-1.0,1.0,10.32,0.0,4.7,1.0,10.3,1.0,10.32,YES,YES,2.0,19.39,2.0,19.15,0.0,5.74,2.0,19.59,2.0,21.84,2.0,22.25,2.0,20.18,0.0,4.79,0.0,4.34,0.0,5.14,3.0,38.07,1,1,1,2,3.0,4.0,2,1,2.0,1,4.0,1.0,-0.88,-0.85,1.0,2.0,12.0,12.0,1,3,2.0,1.0,1.0,1.0,1.0,1.0,3.0,2.0,-1.0,-1.01,2.0,-1.0,-1.0,-1.0,-1.0,-1.0,-1.0
11,1,1,1,1,1,2,90,19-35,1,1,1,2,9.0,11.0,7.0,2.0,-1.0,-1.0,-1.0,-1.0,-1.0,248.4349316,1991,-1.0,-1.0,-1.0,-1.0,-0.88,-1.0,-1.02,-1.0,-1.0,-1.0,1.0,4.0,1.0,2.0,-1.0,1.0,5.0,1.0,2.0,-1.0,1.0,1.0,2.0,2.0,0.0,2.0,-1.0,1.0,1.0,2.0,1.0,1.0,-1.0,-1.0,1.0,1.0,1.0,1.0,30000.0,-1.0,-1.0,<10k,2,-1.0,-1.0,2,-1.0,-1.0,2,-1.0,-1.0,2,-1.0,-1.0,2,-1.0,-1.0,2,-1.0,-1.0,2,-1.0,-1.0,2,-1.0,-1.0,2,-1.0,-1.0,2,-1.0,-1.0,1.0,8.36,0.0,4.94,1.0,10.65,1.0,9.8,YES,YES,2.0,21.16,2.0,18.91,0.0,4.53,2.0,18.68,2.0,18.04,2.0,21.64,2.0,18.38,0.0,5.18,0.0,5.59,0.0,5.23,3.0,41.5,1,1,1,2,3.0,4.0,2,1,2.0,1,4.0,1.0,-0.97,-1.12,1.0,2.0,12.0,12.0,1,3,2.0,1.0,1.0,1.0,1.0,1.0,3.0,2.0,-1.0,-0.87,2.0,-1.0,-1.0,-1.0,-1.0,-1.0,-1.0
11,1,1,1,1,2,1,80,19-35,1,1,1,2,9.0,11.0,1.0,1.0,9335.0,18122.0,1.0,-1.0,-1.0,248.4349316,1989,-1.0,-1.0,-1.0,-1.0,-1.18,-1.0,-0.99,-1.0,-1.0,-1.0,1.0,4.0,1.0,2.0,-1.0,2.0,-1.0,-1.0,2.0,-1.0,1.0,3.0,2.0,20.0,0.0,2.0,-1.0,1.0,1.0,2.0,1.0,1.0,-1.0,-1.0,1.0,1.0,1.0,1.0,22000.0,-1.0,-1.0,<10k,2,-1.0,-1.0,2,-1.0,-1.0,2,-1.0,-1.0,2,-1.0,-1.0,2,-1.0,-1.0,2,-1.0,-1.0,2,-1.0,-1.0,2,-1.0,-1.0,2,-1.0,-1.0,2,-1.0,-1.0,1.0,10.99,0.0,4.11,1.0,11.22,1.0,11.33,YES,YES,2.0,19.85,2.0,17.38,0.0,4.37,2.0,21.15,2.0,19.55,2.0,19.92,2.0,22.59,0.0,5.93,0.0,5.23,0.0,5.07,3.0,35.36,1,1,1,2,3.0,4.0,2,1,2.0,1,4.0,1.0,-1.0,-0.84,1.0,2.0,12.0,12.0,1,3,2.0,1.0,1.0,1.0,1.0,1.0,3.0,2.0,-1.0,-0.9,2.0,-1.0,-1.0,-1.0,-1.0,-1.0,-1.0
11,1,1,1,1,3,2,10,0-18,1,1,1,1,1.0,-1.0,-1.0,-1.0,-1.0,-1.0,-1.0,-1.0,-1.0,248.4349316,2014,3.0,-1.0,-1.0,-1.0,-0.99,-1.0,-0.93,-1.0,9.0,2015.0,2.0,-1.0,-1.0,2.0,-1.0,1.0,4.0,6.0,2.0,-1.0,2.0,-1.0,-1.0,-1.0,-1.0,-1.0,-1.0,2.0,1.0,2.0,1.0,1.0,-1.0,-1.0,1.0,1.0,1.0,1.0,18000.0,-1.0,-1.0,<10k,2,-1.0,-1.0,2,-1.0,-1.0,2,-1.0,-1.0,2,-1.0,-1.0,2,-1.0,-1.0,2,-1.0,-1.0,2,-1.0,-1.0,2,-1.0,-1.0,2,-1.0,-1.0,2,-1.0,-1.0,1.0,7.3,0.0,5.36,1.0,11.53,1.0,9.71,YES,YES,2.0,20.07,2.0,20.27,0.0,4.63,2.0,19.9,2.0,23.91,2.0,15.62,2.0,14.95,0.0,4.57,0.0,4.34,0.0,5.07,3.0,36.58,1,1,1,2,3.0,4.0,2,1,2.0,1,4.0,1.0,-1.07,-0.96,1.0,2.0,12.0,12.0,1,3,2.0,1.0,1.0,1.0,1.0,1.0,3.0,2.0,-1.0,-1.02,2.0,-1.0,-1.0,-1.0,-1.0,-1.0,-1.0
11,1,1,1,1,5,2,0,0-18,1,1,1,1,9.0,10.0,99.0,2.0,-1.0,-1.0,-1.0,-1.0,-1.0,248.4349316,2002,3.0,-1.0,-1.0,-1.0,-1.08,-1.0,-1.03,-1.0,99.0,2018.0,2.0,-1.0,-1.0,2.0,-1.0,2.0,-1.0,-1.0,2.0,-1.0,2.0,-1.0,-1.0,-1.0,-1.0,-1.0,-1.0,2.0,1.0,2.0,1.0,1.0,-1.0,-1.0,1.0,1.0,1.0,1.0,15000.0,-1.0,-1.0,<10k,2,-1.0,-1.0,2,-1.0,-1.0,2,-1.0,-1.0,2,-1.0,-1.0,2,-1.0,-1.0,2,-1.0,-1.0,2,-1.0,-1.0,2,-1.0,-1.0,2,-1.0,-1.0,2,-1.0,-1.0,1.0,9.73,0.0,5.18,1.0,8.93,1.0,9.67,YES,YES,2.0,23.83,2.0,22.06,0.0,4.81,2.0,18.93,2.0,20.62,2.0,20.92,2.0,22.18,0.0,4.1,0.0,5.3,0.0,4.28,3.0,40.99,1,1,1,2,3.0,4.0,2,1,2.0,1,4.0,1.0,-1.1,-0.96,1.0,2.0,12.0,12.0,1,3,2.0,1.0,1.0,1.0,1.0,1.0,3.0,2.0,-1.0,-1.22,2.0,-1.0,-1.0,-1.0,-1.0,-1.0,-1.0
11,1,1,1,1,5,1,60,36-50,1,1,1,1,9.0,6.0,99.0,2.0,-1.0,-1.0,-1.0,-1.0,-1.0,248.4349316,1968,1.0,1.0,11.0,10.0,3.64,6.0,28.84,-1.0,-1.0,-1.0,2.0,-1.0,-1.0,2.0,-1.0,1.0,4.0,1.0,2.0,-1.0,1.0,99.0,2.0,10.0,0.0,2.0,-1.0,2.0,1.0,2.0,1.0,1.0,-1.0,-1.0,1.0,1.0,1.0,1.0,14000.0,-1.0,-1.0,<10k,2,-1.0,-1.0,2,-1.0,-1.0,2,-1.0,-1.0,2,-1.0,-1.0,2,-1.0,-1.0,2,-1.0,-1.0,2,-1.0,-1.0,2,-1.0,-1.0,2,-1.0,-1.0,2,-1.0,-1.0,1.0,9.71,0.0,5.73,1.0,8.98,1.0,10.5,YES,YES,2.0,19.73,2.0,19.65,0.0,5.35,2.0,20.31,2.0,18.22,2.0,16.29,2.0,21.01,0.0,5.42,0.0,5.31,0.0,4.26,3.0,31.42,1,1,1,2,3.0,4.0,2,1,2.0,1,4.0,1.0,-0.95,-1.07,1.0,2.0,12.0,12.0,1,3,2.0,1.0,1.0,1.0,1.0,1.0,3.0,2.0,-1.0,-1.02,2.0,-1.0,-1.0,-1.0,-1.0,-1.0,-1.0
11,1,1,1,1,1,2,40,66+,1,1,1,4,9.0,19.0,4.0,2.0,-1.0,-1.0,-1.0,-1.0,-1.0,248.4349316,1948,-1.0,-1.0,-1.0,-1.0,-0.94,-1.0,-1.06,-1.0,-1.0,-1.0,1.0,4.0,1.0,2.0,-1.0,1.0,5.0,1.0,2.0,-1.0,1.0,1.0,2.0,2.0,0.0,2.0,-1.0,1.0,1.0,2.0,1.0,1.0,-1.0,-1.0,1.0,1.0,1.0,1.0,30000.0,-1.0,-1.0,<10k,2,-1.0,-1.0,2,-1.0,-1.0,2,-1.0,-1.0,2,-1.0,-1.0,2,-1.0,-1.0,2,-1.0,-1.0,2,-1.0,-1.0,2,-1.0,-1.0,2,-1.0,-1.0,2,-1.0,-1.0,1.0,9.87,0.0,5.09,1.0,10.73,1.0,8.1,YES,YES,2.0,20.18,2.0,20.25,0.0,5.04,2.0,20.69,2.0,17.26,2.0,19.22,2.0,20.35,0.0,4.82,0.0,5.26,0.0,4.96,3.0,33.74,1,1,1,2,3.0,4.0,2,1,2.0,1,4.0,1.0,-0.95,-1.01,1.0,2.0,12.0,12.0,1,3,2.0,1.0,1.0,1.0,1.0,1.0,3.0,2.0,-1.0,-1.06,2.0,-1.0,-1.0,-1.0,-1.0,-1.0,-1.0
11,1,1,1,1,3,1,70,36-50,1,1,1,1,9.0,10.0,9.0,2.0,-1.0,-1.0,-1.0,-1.0,-1.0,248.4349316,1970,-1.0,-1.0,-1.0,-1.0,-0.97,-1.0,-0.94,-1.0,-1.0,-1.0,1.0,4.0,1.0,2.0,-1.0,2.0,-1.0,-1.0,2.0,-1.0,1.0,3.0,2.0,20.0,0.0,2.0,-1.0,1.0,1.0,2.0,1.0,1.0,-1.0,-1.0,1.0,1.0,1.0,1.0,22000.0,-1.0,-1.0,<10k,2,-1.0,-1.0,2,-1.0,-1.0,2,-1.0,-1.0,2,-1.0,-1.0,2,-1.0,-1.0,2,-1.0,-1.0,2,-1.0,-1.0,2,-1.0,-1.0,2,-1.0,-1.0,2,-1.0,-1.0,1.0,9.45,0.0,5.56,1.0,10.08,1.0,9.91,YES,YES,2.0,17.81,2.0,17.75,0.0,5.1,2.0,16.16,2.0,21.08,2.0,20.5,2.0,19.61,0.0,4.95,0.0,5.14,0.0,5.2,3.0,35.65,1,1,1,2,3.0,4.0,2,1,2.0,1,4.0,1.0,-0.96,-1.05,1.0,2.0,12.0,12.0,1,3,2.0,1.0,1.0,1.0,1.0,1.0,3.0,2.0,-1.0,-0.91,2.0,-1.0,-1.0,-1.0,-1.0,-1.0,-1.0
11,1,1,1,1,3,2,70,36-50,1,1,1,7,9.0,10.0,1.0,1.0,9112.0,18112.0,3.0,-1.0,-1.0,248.4349316,1972,3.0,-1.0,-1.0,-1.0,-1.03,-1.0,-0.93,-1.0,9.0,2015.0,2.0,-1.0,-1.0,2.0,-1.0,1.0,4.0,6.0,2.0,-1.0,2.0,-1.0,-1.0,-1.0,-1.0,-1.0,-1.0,2.0,1.0,2.0,1.0,1.0,-1.0,-1.0,1.0,1.0,1.0,1.0,18000.0,-1.0,-1.0,<10k,2,-1.0,-1.0,2,-1.0,-1.0,2,-1.0,-1.0,2,-1.0,-1.0,2,-1.0,-1.0,2,-1.0,-1.0,2,-1.0,-1.0,2,-1.0,-1.0,2,-1.0,-1.0,2,-1.0,-1.0,1.0,8.35,0.0,4.31,1.0,9.61,1.0,11.64,YES,YES,2.0,20.05,2.0,23.46,0.0,4.43,2.0,20.54,2.0,19.56,2.0,20.47,2.0,21.54,0.0,4.41,0.0,5.2,0.0,5.02,3.0,41.54,1,1,1,2,3.0,4.0,2,1,2.0,1,4.0,1.0,-0.82,-0.75,1.0,2.0,12.0,12.0,1,3,2.0,1.0,1.0,1.0,1.0,1.0,3.0,2.0,-1.0,-0.93,2.0,-1.0,-1.0,-1.0,-1.0,-1.0,-1.0
11,1,1,1,1,5,2,90,19-35,1,1,1,1,9.0,11.0,1.0,1.0,5249.0,47113.0,3.0,-1.0,-1.0,248.4349316,1994,3.0,-1.0,-1.0,-1.0,-1.05,-1.0,-0.98,-1.0,99.0,2018.0,2.0,-1.0,-1.0,2.0,-1.0,2.0,-1.0,-1.0,2.0,-1.0,2.0,-1.0,-1.0,-1.0,-1.0,-1.0,-1.0,2.0,1.0,2.0,1.0,1.0,-1.0,-1.0,1.0,1.0,1.0,1.0,15000.0,-1.0,-1.0,<10k,2,-1.0,-1.0,2,-1.0,-1.0,2,-1.0,-1.0,2,-1.0,-1.0,2,-1.0,-1.0,2,-1.0,-1.0,2,-1.0,-1.0,2,-1.0,-1.0,2,-1.0,-1.0,2,-1.0,-1.0,1.0,9.73,0.0,4.69,1.0,10.31,1.0,11.79,YES,YES,2.0,19.31,2.0,19.38,0.0,5.41,2.0,18.13,2.0,20.17,2.0,22.61,2.0,18.01,0.0,5.07,0.0,5.25,0.0,4.16,3.0,27.2,1,1,1,2,3.0,4.0,2,1,2.0,1,4.0,1.0,-0.95,-1.01,1.0,2.0,12.0,12.0,1,3,2.0,1.0,1.0,1.0,1.0,1.0,3.0,2.0,-1.0,-0.95,2.0,-1.0,-1.0,-1.0,-1.0,-1.0,-1.0
11,1,1,1,1,5,2,90,19-35,1,1,1,1,9.0,10.0,1.0,1.0,5223.0,61901.0,3.0,-1.0,-1.0,248.4349316,1995,1.0,1.0,11.0,10.0,2.7,6.0,26.14,-1.0,-1.0,-1.0,2.0,-1.0,-1.0,2.0,-1.0,1.0,4.0,1.0,2.0,-1.0,1.0,99.0,2.0,10.0,0.0,2.0,-1.0,2.0,1.0,2.0,1.0,1.0,-1.0,-1.0,1.0,1.0,1.0,1.0,14000.0,-1.0,-1.0,<10k,2,-1.0,-1.0,2,-1.0,-1.0,2,-1.0,-1.0,2,-1.0,-1.0,2,-1.0,-1.0,2,-1.0,-1.0,2,-1.0,-1.0,2,-1.0,-1.0,2,-1.0,-1.0,2,-1.0,-1.0,1.0,9.37,0.0,5.06,1.0,10.39,1.0,11.0,YES,YES,2.0,24.17,2.0,21.95,0.0,5.25,2.0,21.47,2.0,20.96,2.0,23.97,2.0,17.01,0.0,5.03,0.0,5.58,0.0,4.34,3.0,40.79,1,1,1,2,3.0,4.0,2,1,2.0,1,4.0,1.0,-1.07,-0.96,1.0,2.0,12.0,12.0,1,3,2.0,1.0,1.0,1.0,1.0,1.0,3.0,2.0,-1.0,-0.97,2.0,-1.0,-1.0,-1.0,-1.0,-1.0,-1.0
11,1,1,1,1,5,2,90,19-35,1,1,1,1,9.0,10.0,1.0,1.0,5223.0,47619.0,3.0,-1.0,-1.0,248.4349316,1995,-1.0,-1.0,-1.0,-1.0,-1.0,-1.0,-1.11,-1.0,-1.0,-1.0,2.0,-1.0,-1.0,2.0,-1.0,2.0,-1.0,-1.0,2.0,-1.0,2.0,-1.0,-1.0,-1.0,-1.0,-1.0,-1.0,2.0,1.0,2.0,1.0,1.0,-1.0,-1.0,1.0,1.0,1.0,1.0,14500.0,-1.0,-1.0,<10k,2,-1.0,-1.0,2,-1.0,-1.0,2,-1.0,-1.0,2,-1.0,-1.0,2,-1.0,-1.0,2,-1.0,-1.0,2,-1.0,-1.0,2,-1.0,-1.0,2,-1.0,-1.0,2,-1.0,-1.0,1.0,11.65,0.0,5.14,1.0,10.34,1.0,10.26,YES,YES,2.0,22.51,2.0,17.44,0.0,4.41,2.0,21.29,2.0,17.99,2.0,22.29,2.0,18.25,0.0,4.3,0.0,4.4,0.0,4.73,3.0,45.22,1,1,1,2,3.0,4.0,2,1,2.0,1,4.0,1.0,-1.05,-0.99,1.0,2.0,12.0,12.0,1,3,2.0,1.0,1.0,1.0,1.0,1.0,3.0,2.0,-1.0,-1.02,2.0,-1.0,-1.0,-1.0,-1.0,-1.0,-1.0
11,1,1,1,1,3,1,70,36-50,1,1,1,1,9.0,10.0,9.0,2.0,-1.0,-1.0,-1.0,-1.0,-1.0,248.4349316,1975,-1.0,-1.0,-1.0,-1.0,-1.03,-1.0,-1.0,-1.0,-1.0,-1.0,2.0,-1.0,-1.0,2.0,-1.0,2.0,-1.0,-1.0,2.0,-1.0,1.0,99.0,2.0,10.0,0.0,2.0,-1.0,2.0,1.0,2.0,1.0,1.0,-1.0,-1.0,1.0,1.0,1.0,-1.0,-1.0,-1.0,-1.0,<10k,2,-1.0,-1.0,2,-1.0,-1.0,2,-1.0,-1.0,2,-1.0,-1.0,2,-1.0,-1.0,2,-1.0,-1.0,2,-1.0,-1.0,2,-1.0,-1.0,2,-1.0,-1.0,2,-1.0,-1.0,1.0,10.66,0.0,4.91,1.0,9.97,1.0,9.69,YES,YES,2.0,19.63,2.0,17.59,0.0,4.94,2.0,22.14,2.0,18.08,2.0,18.07,2.0,16.96,0.0,5.19,0.0,5.07,0.0,4.9,3.0,37.21,1,1,1,2,3.0,4.0,2,1,2.0,1,4.0,1.0,-1.06,-0.98,1.0,2.0,12.0,12.0,1,3,2.0,1.0,1.0,1.0,1.0,1.0,3.0,2.0,-1.0,-0.92,2.0,-1.0,-1.0,-1.0,-1.0,-1.0,-1.0
11,1,1,1,1,3,2,80,36-50,1,1,1,7,9.0,10.0,1.0,1.0,5142.0,85227.0,5.0,-1.0,-1.0,248.4349316,1981,-1.0,-1.0,-1.0,-1.0,-0.85,-1.0,-0.95,-1.0,-1.0,-1.0,1.0,4.0,1.0,2.0,-1.0,2.0,-1.0,-1.0,2.0,-1.0,2.0,-1.0,-1.0,-1.0,-1.0,-1.0,-1.0,2.0,1.0,2.0,1.0,1.0,-1.0,-1.0,1.0,1.0,1.0,-1.0,-1.0,-1.0,-1.0,<10k,2,-1.0,-1.0,2,-1.0,-1.0,2,-1.0,-1.0,2,-1.0,-1.0,2,-1.0,-1.0,2,-1.0,-1.0,2,-1.0,-1.0,2,-1.0,-1.0,2,-1.0,-1.0,2,-1.0,-1.0,1.0,9.57,0.0,6.01,1.0,9.24,1.0,9.43,YES,YES,2.0,22.13,2.0,23.12,0.0,5.17,2.0,19.97,2.0,20.55,2.0,20.25,2.0,21.44,0.0,4.94,0.0,4.89,0.0,4.54,3.0,37.18,1,1,1,2,3.0,4.0,2,1,2.0,1,4.0,1.0,-0.92,-1.03,1.0,2.0,12.0,12.0,1,3,2.0,1.0,1.0,1.0,1.0,1.0,3.0,2.0,-1.0,-0.95,2.0,-1.0,-1.0,-1.0,-1.0,-1.0,-1.0
11,1,1,1,1,5,2,10,0-18,1,1,1,1,2.0,1.0,-1.0,-1.0,-1.0,-1.0,-1.0,-1.0,-1.0,248.4349316,2012,1.0,1.0,2.0,1.0,1.02,1.0,12.97,-1.0,-1.0,-1.0,2.0,-1.0,-1.0,2.0,-1.0,2.0,-1.0,-1.0,2.0,-1.0,2.0,-1.0,-1.0,-1.0,-1.0,-1.0,-1.0,2.0,1.0,2.0,1.0,1.0,-1.0,-1.0,1.0,1.0,1.0,-1.0,-1.0,-1.0,-1.0,<10k,2,-1.0,-1.0,2,-1.0,-1.0,2,-1.0,-1.0,2,-1.0,-1.0,2,-1.0,-1.0,2,-1.0,-1.0,2,-1.0,-1.0,2,-1.0,-1.0,2,-1.0,-1.0,2,-1.0,-1.0,1.0,10.38,0.0,4.89,1.0,9.97,1.0,9.89,YES,YES,2.0,20.33,2.0,17.32,0.0,5.03,2.0,16.55,2.0,18.54,2.0,20.82,2.0,20.51,0.0,5.23,0.0,5.52,0.0,4.91,3.0,33.72,1,1,1,2,3.0,4.0,2,1,2.0,1,4.0,1.0,-1.02,-1.02,1.0,2.0,12.0,12.0,1,3,2.0,1.0,1.0,1.0,1.0,1.0,3.0,2.0,-1.0,-0.88,2.0,-1.0,-1.0,-1.0,-1.0,-1.0,-1.0
11,1,1,1,1,1,1,70,36-50,1,3,5,2,9.0,8.0,7.0,2.0,-1.0,-1.0,-1.0,-1.0,-1.0,248.4349316,1973,-1.0,-1.0,-1.0,-1.0,-0.85,-1.0,-1.1,-1.0,-1.0,-1.0,1.0,4.0,1.0,2.0,-1.0,1.0,5.0,1.0,2.0,-1.0,1.0,1.0,2.0,2.0,0.0,2.0,-1.0,1.0,1.0,2.0,1.0,1.0,-1.0,-1.0,1.0,1.0,1.0,1.0,30000.0,-1.0,-1.0,<10k,2,-1.0,-1.0,2,-1.0,-1.0,2,-1.0,-1.0,2,-1.0,-1.0,2,-1.0,-1.0,2,-1.0,-1.0,2,-1.0,-1.0,2,-1.0,-1.0,2,-1.0,-1.0,2,-1.0,-1.0,1.0,11.17,0.0,4.35,1.0,10.18,1.0,9.88,YES,YES,2.0,18.92,2.0,19.23,0.0,3.98,2.0,19.62,2.0,22.49,2.0,18.16,2.0,20.13,0.0,4.68,0.0,4.86,0.0,5.13,3.0,30.89,1,1,1,2,3.0,4.0,2,1,2.0,1,4.0,1.0,-1.09,-1.01,1.0,2.0,12.0,12.0,1,3,2.0,1.0,1.0,1.0,1.0,1.0,3.0,2.0,-1.0,-1.07,2.0,-1.0,-1.0,-1.0,-1.0,-1.0,-1.0
11,1,1,1,1,2,2,70,36-50,1,3,5,2,9.0,19.0,7.0,2.0,-1.0,-1.0,-1.0,-1.0,-1.0,248.4349316,1972,-1.0,-1.0,-1.0,-1.0,-0.92,-1.0,-0.89,-1.0,-1.0,-1.0,1.0,4.0,1.0,2.0,-1.0,2.0,-1.0,-1.0,2.0,-1.0,1.0,3.0,2.0,20.0,0.0,2.0,-1.0,1.0,1.0,2.0,1.0,1.0,-1.0,-1.0,1.0,1.0,1.0,1.0,22000.0,-1.0,-1.0,<10k,2,-1.0,-1.0,2,-1.0,-1.0,2,-1.0,-1.0,2,-1.0,-1.0,2,-1.0,-1.0,2,-1.0,-1.0,2,-1.0,-1.0,2,-1.0,-1.0,2,-1.0,-1.0,2,-1.0,-1.0,1.0,10.38,0.0,5.32,1.0,9.64,1.0,11.56,YES,YES,2.0,23.19,2.0,19.38,0.0,5.13,2.0,20.45,2.0,20.23,2.0,19.06,2.0,18.8,0.0,5.46,0.0,5.4,0.0,5.66,3.0,36.57,1,1,1,2,3.0,4.0,2,1,2.0,1,4.0,1.0,-0.98,-0.95,1.0,2.0,12.0,12.0,1,3,2.0,1.0,1.0,1.0,1.0,1.0,3.0,2.0,-1.0,-1.09,2.0,-1.0,-1.0,-1.0,-1.0,-1.0,-1.0
11,1,1,1,1,3,1,90,19-35,1,3,5,1,9.0,10.0,1.0,1.0,8332.0,49232.0,3.0,-1.0,-1.0,248.4349316,1999,3.0,-1.0,-1.0,-1.0,-0.85,-1.0,-1.23,-1.0,9.0,2015.0,2.0,-1.0,-1.0,2.0,-1.0,1.0,4.0,6.0,2.0,-1.0,2.0,-1.0,-1.0,-1.0,-1.0,-1.0,-1.0,2.0,1.0,2.0,1.0,1.0,-1.0,-1.0,1.0,1.0,1.0,1.0,18000.0,-1.0,-1.0,<10k,2,-1.0,-1.0,2,-1.0,-1.0,2,-1.0,-1.0,2,-1.0,-1.0,2,-1.0,-1.0,2,-1.0,-1.0,2,-1.0,-1.0,2,-1.0,-1.0,2,-1.0,-1.0,2,-1.0,-1.0,1.0,9.93,0.0,5.06,1.0,10.82,1.0,10.28,YES,YES,2.0,18.71,2.0,22.16,0.0,5.24,2.0,19.3,2.0,19.32,2.0,21.5,2.0,18.09,0.0,5.02,0.0,5.13,0.0,4.82,3.0,34.57,1,1,1,2,3.0,4.0,2,1,2.0,1,4.0,1.0,-1.2,-0.88,1.0,2.0,12.0,12.0,1,3,2.0,1.0,1.0,1.0,1.0,1.0,3.0,2.0,-1.0,-0.92,2.0,-1.0,-1.0,-1.0,-1.0,-1.0,-1.0
11,1,1,1,1,3,1,0,0-18,1,3,5,1,9.0,10.0,1.0,1.0,9122.0,49232.0,3.0,-1.0,-1.0,248.4349316,2001,3.0,-1.0,-1.0,-1.0,-1.03,-1.0,-0.96,-1.0,99.0,2018.0,2.0,-1.0,-1.0,2.0,-1.0,2.0,-1.0,-1.0,2.0,-1.0,2.0,-1.0,-1.0,-1.0,-1.0,-1.0,-1.0,2.0,1.0,2.0,1.0,1.0,-1.0,-1.0,1.0,1.0,1.0,1.0,15000.0,-1.0,-1.0,<10k,2,-1.0,-1.0,2,-1.0,-1.0,2,-1.0,-1.0,2,-1.0,-1.0,2,-1.0,-1.0,2,-1.0,-1.0,2,-1.0,-1.0,2,-1.0,-1.0,2,-1.0,-1.0,2,-1.0,-1.0,1.0,9.4,0.0,5.2,1.0,10.85,1.0,10.46,YES,YES,2.0,17.05,2.0,19.93,0.0,4.51,2.0,17.65,2.0,16.75,2.0,18.65,2.0,18.14,0.0,4.94,0.0,4.69,0.0,4.39,3.0,37.79,1,1,1,2,3.0,4.0,2,1,2.0,1,4.0,1.0,-0.91,-0.99,1.0,2.0,12.0,12.0,1,3,2.0,1.0,1.0,1.0,1.0,1.0,3.0,2.0,-1.0,-0.93,2.0,-1.0,-1.0,-1.0,-1.0,-1.0,-1.0
11,1,1,1,1,3,1,0,0-18,1,3,5,1,2.0,10.0,8.0,2.0,-1.0,-1.0,-1.0,-1.0,-1.0,248.4349316,2003,1.0,1.0,11.0,10.0,3.12,6.0,32.89,-1.0,-1.0,-1.0,2.0,-1.0,-1.0,2.0,-1.0,1.0,4.0,1.0,2.0,-1.0,1.0,99.0,2.0,10.0,0.0,2.0,-1.0,2.0,1.0,2.0,1.0,1.0,-1.0,-1.0,1.0,1.0,1.0,1.0,14000.0,-1.0,-1.0,<10k,2,-1.0,-1.0,2,-1.0,-1.0,2,-1.0,-1.0,2,-1.0,-1.0,2,-1.0,-1.0,2,-1.0,-1.0,2,-1.0,-1.0,2,-1.0,-1.0,2,-1.0,-1.0,2,-1.0,-1.0,1.0,10.19,0.0,4.17,1.0,11.13,1.0,10.4,YES,YES,2.0,17.16,2.0,19.36,0.0,4.71,2.0,19.51,2.0,23.95,2.0,20.42,2.0,17.52,0.0,4.7,0.0,5.33,0.0,5.57,3.0,32.39,1,1,1,2,3.0,4.0,2,1,2.0,1,4.0,1.0,-0.99,-1.06,1.0,2.0,12.0,12.0,1,3,2.0,1.0,1.0,1.0,1.0,1.0,3.0,2.0,-1.0,-1.01,2.0,-1.0,-1.0,-1.0,-1.0,-1.0,-1.0
11,1,1,1,1,1,2,60,51-65,1,1,1,2,9.0,9.0,7.0,2.0,-1.0,-1.0,-1.0,-1.0,-1.0,248.4349316,1964,-1.0,-1.0,-1.0,-1.0,-0.95,-1.0,-0.87,-1.0,-1.0,-1.0,1.0,4.0,1.0,2.0,-1.0,1.0,5.0,1.0,2.0,-1.0,1.0,1.0,2.0,2.0,0.0,2.0,-1.0,1.0,1.0,2.0,1.0,1.0,-1.0,-1.0,1.0,1.0,1.0,1.0,30000.0,-1.0,-1.0,<10k,2,-1.0,-1.0,2,-1.0,-1.0,2,-1.0,-1.0,2,-1.0,-1.0,2,-1.0,-1.0,2,-1.0,-1.0,2,-1.0,-1.0,2,-1.0,-1.0,2,-1.0,-1.0,2,-1.0,-1.0,1.0,9.58,0.0,4.05,1.0,11.38,1.0,9.42,YES,YES,2.0,20.66,2.0,19.54,0.0,5.57,2.0,20.04,2.0,17.74,2.0,20.11,2.0,19.64,0.0,4.6,0.0,5.25,0.0,4.75,3.0,39.8,1,1,1,2,3.0,4.0,2,1,2.0,1,4.0,1.0,-0.99,-1.0,1.0,2.0,12.0,12.0,1,3,2.0,1.0,1.0,1.0,1.0,1.0,3.0,2.0,-1.0,-0.92,2.0,-1.0,-1.0,-1.0,-1.0,-1.0,-1.0
11,1,1,1,2,2,1,50,51-65,4,1,1,2,9.0,4.0,-1.0,-1.0,-1.0,-1.0,-1.0,1.0,1.0,248.4349316,1959,-1.0,-1.0,-1.0,-1.0,-1.11,-1.0,-0.93,-1.0,-1.0,-1.0,1.0,4.0,1.0,2.0,-1.0,2.0,-1.0,-1.0,2.0,-1.0,1.0,3.0,2.0,20.0,0.0,2.0,-1.0,1.0,1.0,2.0,1.0,1.0,-1.0,-1.0,1.0,1.0,1.0,1.0,22000.0,-1.0,-1.0,<10k,2,-1.0,-1.0,2,-1.0,-1.0,2,-1.0,-1.0,2,-1.0,-1.0,2,-1.0,-1.0,2,-1.0,-1.0,2,-1.0,-1.0,2,-1.0,-1.0,2,-1.0,-1.0,2,-1.0,-1.0,1.0,10.29,0.0,4.93,1.0,10.06,1.0,11.04,YES,YES,2.0,21.08,2.0,22.6,0.0,5.37,2.0,24.02,2.0,17.12,2.0,19.61,2.0,21.07,0.0,4.71,0.0,5.86,0.0,3.97,3.0,38.83,1,1,1,2,3.0,4.0,2,1,2.0,1,4.0,1.0,-0.84,-1.07,1.0,2.0,12.0,12.0,1,3,2.0,1.0,1.0,1.0,1.0,1.0,3.0,2.0,-1.0,-1.03,2.0,-1.0,-1.0,-1.0,-1.0,-1.0,-1.0
11,1,1,1,1,3,1,0,0-18,1,1,1,1,2.0,8.0,-1.0,-1.0,-1.0,-1.0,-1.0,-1.0,-1.0,248.4349316,2005,3.0,-1.0,-1.0,-1.0,-1.05,-1.0,-0.9,-1.0,9.0,2015.0,2.0,-1.0,-1.0,2.0,-1.0,1.0,4.0,6.0,2.0,-1.0,2.0,-1.0,-1.0,-1.0,-1.0,-1.0,-1.0,2.0,1.0,2.0,1.0,1.0,-1.0,-1.0,1.0,1.0,1.0,1.0,18000.0,-1.0,-1.0,<10k,2,-1.0,-1.0,2,-1.0,-1.0,2,-1.0,-1.0,2,-1.0,-1.0,2,-1.0,-1.0,2,-1.0,-1.0,2,-1.0,-1.0,2,-1.0,-1.0,2,-1.0,-1.0,2,-1.0,-1.0,1.0,9.89,0.0,5.12,1.0,10.24,1.0,10.12,YES,YES,2.0,19.48,2.0,18.34,0.0,5.4,2.0,20.02,2.0,20.36,2.0,19.35,2.0,17.37,0.0,4.97,0.0,5.44,0.0,4.43,3.0,29.68,1,1,1,2,3.0,4.0,2,1,2.0,1,4.0,1.0,-1.0,-0.85,1.0,2.0,12.0,12.0,1,3,2.0,1.0,1.0,1.0,1.0,1.0,3.0,2.0,-1.0,-1.02,2.0,-1.0,-1.0,-1.0,-1.0,-1.0,-1.0
11,1,1,1,1,1,1,40,66+,1,1,1,2,9.0,6.0,9.0,2.0,-1.0,-1.0,-1.0,-1.0,-1.0,281.9626547,1945,-1.0,-1.0,-1.0,-1.0,-0.96,-1.0,-1.05,-1.0,-1.0,-1.0,1.0,4.0,1.0,2.0,-1.0,2.0,-1.0,-1.0,2.0,-1.0,1.0,99.0,2.0,18.0,6.0,1.0,30.0,2.0,1.0,2.0,1.0,3.0,2.0,-1.0,1.0,2.0,1.0,1.0,64360.0,-1.0,-1.0,<10k,2,-1.0,-1.0,2,-1.0,-1.0,2,-1.0,-1.0,2,-1.0,-1.0,2,-1.0,-1.0,2,-1.0,-1.0,2,-1.0,-1.0,1,12000.0,9.0,2,-1.0,-1.0,2,-1.0,-1.0,1.0,21.13,0.0,12.47,2.0,20.72,2.0,20.22,YES,YES,6.0,28.26,6.0,28.76,1.0,16.73,0.0,10.4,3.0,20.6,5.0,19.99,5.0,23.5,0.0,16.88,0.0,16.69,1.0,22.24,8.0,57.31,1,1,1,1,2.0,6.0,2,1,2.0,1,4.0,1.0,-1.06,-1.06,8.0,2.0,12.0,12.0,1,4,2.0,1.0,1.0,1.0,3.0,1.0,2.0,2.0,-1.0,-0.8,2.0,-1.0,-1.0,-1.0,-1.0,-1.0,-1.0
11,1,1,1,1,2,2,40,66+,1,1,1,2,9.0,10.0,7.0,2.0,-1.0,-1.0,-1.0,-1.0,-1.0,281.9626547,1946,1.0,1.0,11.0,10.0,6.01,5.0,25.0,-1.0,-1.0,-1.0,2.0,-1.0,-1.0,2.0,-1.0,2.0,-1.0,-1.0,2.0,-1.0,2.0,-1.0,-1.0,-1.0,-1.0,-1.0,-1.0,1.0,1.0,2.0,1.0,1.0,-1.0,-1.0,1.0,1.0,1.0,1.0,32000.0,-1.0,-1.0,<10k,2,-1.0,-1.0,2,-1.0,-1.0,2,-1.0,-1.0,2,-1.0,-1.0,2,-1.0,-1.0,2,-1.0,-1.0,2,-1.0,-1.0,1,12000.0,9.0,2,-1.0,-1.0,2,-1.0,-1.0,1.0,21.19,0.0,12.42,2.0,16.8,2.0,19.55,YES,YES,6.0,30.35,6.0,34.02,1.0,17.57,0.0,9.68,3.0,18.36,5.0,28.04,5.0,25.94,0.0,13.94,0.0,13.24,1.0,20.73,8.0,54.24,1,1,1,1,2.0,6.0,2,1,2.0,1,4.0,1.0,-1.02,-0.97,8.0,2.0,12.0,12.0,1,4,2.0,1.0,1.0,1.0,3.0,1.0,2.0,2.0,-1.0,-0.9,2.0,-1.0,-1.0,-1.0,-1.0,-1.0,-1.0
11,1,1,1,1,3,1,80,19-35,1,1,1,1,9.0,10.0,1.0,1.0,8121.0,22202.0,3.0,-1.0,-1.0,281.9626547,1989,1.0,1.0,13.0,12.0,5.26,6.0,45.57,-1.0,-1.0,-1.0,2.0,-1.0,-1.0,2.0,-1.0,2.0,-1.0,-1.0,2.0,-1.0,2.0,-1.0,-1.0,-1.0,-1.0,-1.0,-1.0,2.0,1.0,2.0,1.0,1.0,-1.0,-1.0,1.0,1.0,1.0,1.0,22000.0,-1.0,-1.0,<10k,2,-1.0,-1.0,2,-1.0,-1.0,2,-1.0,-1.0,2,-1.0,-1.0,2,-1.0,-1.0,2,-1.0,-1.0,2,-1.0,-1.0,1,12000.0,9.0,2,-1.0,-1.0,2,-1.0,-1.0,1.0,19.51,0.0,10.27,2.0,18.88,2.0,17.42,YES,YES,6.0,32.19,6.0,26.96,1.0,21.76,0.0,9.36,3.0,18.87,5.0,26.07,5.0,21.26,0.0,13.29,0.0,16.41,1.0,19.34,8.0,67.91,1,1,1,1,2.0,6.0,2,1,2.0,1,4.0,1.0,-1.01,-1.13,8.0,2.0,12.0,12.0,1,4,2.0,1.0,1.0,1.0,3.0,1.0,2.0,2.0,-1.0,-1.05,2.0,-1.0,-1.0,-1.0,-1.0,-1.0,-1.0
11,1,1,1,1,1,1,60,51-65,1,1,1,2,9.0,13.0,1.0,1.0,5230.0,49221.0,2.0,-1.0,-1.0,281.9626547,1963,-1.0,-1.0,-1.0,-1.0,-1.07,-1.0,-0.97,-1.0,-1.0,-1.0,1.0,4.0,1.0,2.0,-1.0,2.0,-1.0,-1.0,2.0,-1.0,1.0,99.0,2.0,18.0,6.0,1.0,30.0,2.0,1.0,2.0,1.0,3.0,2.0,-1.0,1.0,2.0,1.0,1.0,64360.0,-1.0,-1.0,<10k,2,-1.0,-1.0,2,-1.0,-1.0,2,-1.0,-1.0,2,-1.0,-1.0,2,-1.0,-1.0,2,-1.0,-1.0,2,-1.0,-1.0,1,12000.0,9.0,2,-1.0,-1.0,2,-1.0,-1.0,1.0,22.5,0.0,10.78,2.0,26.11,2.0,20.1,YES,YES,6.0,31.56,6.0,23.63,1.0,22.65,0.0,9.91,3.0,19.05,5.0,23.4,5.0,22.36,0.0,18.08,0.0,15.68,1.0,17.35,8.0,57.64,1,1,1,1,2.0,6.0,2,1,2.0,1,4.0,1.0,-1.16,-0.92,8.0,2.0,12.0,12.0,1,4,2.0,1.0,1.0,1.0,3.0,1.0,2.0,2.0,-1.0,-1.11,2.0,-1.0,-1.0,-1.0,-1.0,-1.0,-1.0
11,1,1,1,1,2,2,70,36-50,1,1,1,2,9.0,13.0,7.0,2.0,-1.0,-1.0,-1.0,-1.0,-1.0,281.9626547,1972,1.0,1.0,11.0,10.0,5.78,5.0,23.76,-1.0,-1.0,-1.0,2.0,-1.0,-1.0,2.0,-1.0,2.0,-1.0,-1.0,2.0,-1.0,2.0,-1.0,-1.0,-1.0,-1.0,-1.0,-1.0,1.0,1.0,2.0,1.0,1.0,-1.0,-1.0,1.0,1.0,1.0,1.0,32000.0,-1.0,-1.0,<10k,2,-1.0,-1.0,2,-1.0,-1.0,2,-1.0,-1.0,2,-1.0,-1.0,2,-1.0,-1.0,2,-1.0,-1.0,2,-1.0,-1.0,1,12000.0,9.0,2,-1.0,-1.0,2,-1.0,-1.0,1.0,21.32,0.0,11.99,2.0,22.11,2.0,18.97,YES,YES,6.0,35.27,6.0,33.98,1.0,20.03,0.0,9.63,3.0,21.78,5.0,25.84,5.0,25.6,0.0,14.23,0.0,14.82,1.0,16.61,8.0,71.79,1,1,1,1,2.0,6.0,2,1,2.0,1,4.0,1.0,-0.94,-1.09,8.0,2.0,12.0,12.0,1,4,2.0,1.0,1.0,1.0,3.0,1.0,2.0,2.0,-1.0,-1.0,2.0,-1.0,-1.0,-1.0,-1.0,-1.0,-1.0
11,1,1,1,1,3,2,0,0-18,1,1,1,1,2.0,12.0,8.0,2.0,-1.0,-1.0,-1.0,-1.0,-1.0,281.9626547,2002,1.0,1.0,13.0,12.0,5.34,6.0,45.07,-1.0,-1.0,-1.0,2.0,-1.0,-1.0,2.0,-1.0,2.0,-1.0,-1.0,2.0,-1.0,2.0,-1.0,-1.0,-1.0,-1.0,-1.0,-1.0,2.0,1.0,2.0,1.0,1.0,-1.0,-1.0,1.0,1.0,1.0,1.0,22000.0,-1.0,-1.0,<10k,2,-1.0,-1.0,2,-1.0,-1.0,2,-1.0,-1.0,2,-1.0,-1.0,2,-1.0,-1.0,2,-1.0,-1.0,2,-1.0,-1.0,1,12000.0,9.0,2,-1.0,-1.0,2,-1.0,-1.0,1.0,18.21,0.0,11.25,2.0,20.2,2.0,19.98,YES,YES,6.0,32.49,6.0,29.63,1.0,19.21,0.0,10.78,3.0,18.27,5.0,24.06,5.0,29.65,0.0,15.28,0.0,16.43,1.0,24.18,8.0,65.61,1,1,1,1,2.0,6.0,2,1,2.0,1,4.0,1.0,-0.87,-0.94,8.0,2.0,12.0,12.0,1,4,2.0,1.0,1.0,1.0,3.0,1.0,2.0,2.0,-1.0,-0.85,2.0,-1.0,-1.0,-1.0,-1.0,-1.0,-1.0
11,1,1,1,1,1,2,70,36-50,1,1,1,2,9.0,10.0,1.0,1.0,9998.0,97005.0,5.0,-1.0,-1.0,281.9626547,1973,-1.0,-1.0,-1.0,-1.0,-1.02,-1.0,-1.06,-1.0,-1.0,-1.0,1.0,4.0,1.0,2.0,-1.0,2.0,-1.0,-1.0,2.0,-1.0,1.0,99.0,2.0,18.0,6.0,1.0,30.0,2.0,1.0,2.0,1.0,3.0,2.0,-1.0,1.0,2.0,1.0,1.0,64360.0,-1.0,-1.0,<10k,2,-1.0,-1.0,2,-1.0,-1.0,2,-1.0,-1.0,2,-1.0,-1.0,2,-1.0,-1.0,2,-1.0,-1.0,2,-1.0,-1.0,1,12000.0,9.0,2,-1.0,-1.0,2,-1.0,-1.0,1.0,21.8,0.0,11.37,2.0,18.68,2.0,17.06,YES,YES,6.0,31.3,6.0,32.23,1.0,17.95,0.0,8.98,3.0,17.39,5.0,23.98,5.0,21.35,0.0,14.22,0.0,16.27,1.0,21.32,8.0,64.45,1,1,1,1,2.0,6.0,2,1,2.0,1,4.0,1.0,-0.86,-0.87,8.0,2.0,12.0,12.0,1,4,2.0,1.0,1.0,1.0,3.0,1.0,2.0,2.0,-1.0,-1.04,2.0,-1.0,-1.0,-1.0,-1.0,-1.0,-1.0
11,1,1,1,1,2,1,60,36-50,1,1,1,2,9.0,10.0,1.0,1.0,1420.0,47113.0,3.0,-1.0,-1.0,281.9626547,1969,1.0,1.0,11.0,10.0,6.36,5.0,26.35,-1.0,-1.0,-1.0,2.0,-1.0,-1.0,2.0,-1.0,2.0,-1.0,-1.0,2.0,-1.0,2.0,-1.0,-1.0,-1.0,-1.0,-1.0,-1.0,1.0,1.0,2.0,1.0,1.0,-1.0,-1.0,1.0,1.0,1.0,1.0,32000.0,-1.0,-1.0,<10k,2,-1.0,-1.0,2,-1.0,-1.0,2,-1.0,-1.0,2,-1.0,-1.0,2,-1.0,-1.0,2,-1.0,-1.0,2,-1.0,-1.0,1,12000.0,9.0,2,-1.0,-1.0,2,-1.0,-1.0,1.0,21.17,0.0,12.56,2.0,18.22,2.0,20.01,YES,YES,6.0,33.31,6.0,31.63,1.0,20.5,0.0,10.82,3.0,20.53,5.0,27.56,5.0,27.61,0.0,16.27,0.0,13.63,1.0,21.19,8.0,56.67,1,1,1,1,2.0,6.0,2,1,2.0,1,4.0,1.0,-1.09,-0.96,8.0,2.0,12.0,12.0,1,4,2.0,1.0,1.0,1.0,3.0,1.0,2.0,2.0,-1.0,-0.94,2.0,-1.0,-1.0,-1.0,-1.0,-1.0,-1.0
11,1,1,1,1,3,1,0,0-18,1,1,1,1,2.0,9.0,-1.0,-1.0,-1.0,-1.0,-1.0,-1.0,-1.0,281.9626547,2004,1.0,1.0,13.0,12.0,4.37,6.0,44.02,-1.0,-1.0,-1.0,2.0,-1.0,-1.0,2.0,-1.0,2.0,-1.0,-1.0,2.0,-1.0,2.0,-1.0,-1.0,-1.0,-1.0,-1.0,-1.0,2.0,1.0,2.0,1.0,1.0,-1.0,-1.0,1.0,1.0,1.0,1.0,22000.0,-1.0,-1.0,<10k,2,-1.0,-1.0,2,-1.0,-1.0,2,-1.0,-1.0,2,-1.0,-1.0,2,-1.0,-1.0,2,-1.0,-1.0,2,-1.0,-1.0,1,12000.0,9.0,2,-1.0,-1.0,2,-1.0,-1.0,1.0,18.78,0.0,13.1,2.0,19.13,2.0,21.62,YES,YES,6.0,32.04,6.0,30.1,1.0,20.41,0.0,9.16,3.0,22.68,5.0,25.53,5.0,25.95,0.0,14.93,0.0,12.45,1.0,19.22,8.0,58.03,1,1,1,1,2.0,6.0,2,1,2.0,1,4.0,1.0,-1.05,-1.01,8.0,2.0,12.0,12.0,1,4,2.0,1.0,1.0,1.0,3.0,1.0,2.0,2.0,-1.0,-1.11,2.0,-1.0,-1.0,-1.0,-1.0,-1.0,-1.0
11,1,1,1,1,3,2,0,0-18,1,1,1,1,2.0,4.0,-1.0,-1.0,-1.0,-1.0,-1.0,-1.0,-1.0,281.9626547,2009,1.0,1.0,5.0,4.0,2.05,5.0,42.97,-1.0,-1.0,-1.0,2.0,-1.0,-1.0,1.0,1.0,2.0,-1.0,-1.0,2.0,-1.0,2.0,-1.0,-1.0,-1.0,-1.0,-1.0,-1.0,2.0,1.0,2.0,1.0,1.0,-1.0,-1.0,1.0,1.0,1.0,-1.0,-1.0,-1.0,-1.0,<10k,2,-1.0,-1.0,2,-1.0,-1.0,2,-1.0,-1.0,2,-1.0,-1.0,2,-1.0,-1.0,2,-1.0,-1.0,2,-1.0,-1.0,1,12000.0,9.0,2,-1.0,-1.0,2,-1.0,-1.0,1.0,19.94,0.0,12.43,2.0,19.05,2.0,20.22,YES,YES,6.0,30.33,6.0,27.82,1.0,24.02,0.0,9.68,3.0,20.39,5.0,24.54,5.0,26.04,0.0,13.34,0.0,15.02,1.0,19.19,8.0,57.7,1,1,1,1,2.0,6.0,2,1,2.0,1,4.0,1.0,-1.06,-0.98,8.0,2.0,12.0,12.0,1,4,2.0,1.0,1.0,1.0,3.0,1.0,2.0,2.0,-1.0,-0.99,2.0,-1.0,-1.0,-1.0,-1.0,-1.0,-1.0
11,1,1,1,1,1,1,60,51-65,1,1,1,2,9.0,9.0,1.0,1.0,8332.0,49232.0,3.0,-1.0,-1.0,281.9626547,1966,-1.0,-1.0,-1.0,-1.0,-0.93,-1.0,-0.94,-1.0,-1.0,-1.0,1.0,4.0,1.0,2.0,-1.0,2.0,-1.0,-1.0,2.0,-1.0,1.0,99.0,2.0,18.0,6.0,1.0,30.0,2.0,1.0,2.0,1.0,3.0,2.0,-1.0,1.0,2.0,1.0,1.0,64360.0,-1.0,-1.0,<10k,2,-1.0,-1.0,2,-1.0,-1.0,2,-1.0,-1.0,2,-1.0,-1.0,2,-1.0,-1.0,2,-1.0,-1.0,2,-1.0,-1.0,1,12000.0,9.0,2,-1.0,-1.0,2,-1.0,-1.0,1.0,20.93,0.0,13.18,2.0,20.15,2.0,16.68,YES,YES,6.0,30.5,6.0,29.46,1.0,20.09,0.0,9.86,3.0,18.16,5.0,21.58,5.0,25.19,0.0,13.71,0.0,16.68,1.0,18.01,8.0,57.12,1,1,1,1,2.0,6.0,2,1,2.0,1,4.0,1.0,-0.94,-1.01,8.0,2.0,12.0,12.0,1,4,2.0,1.0,1.0,1.0,3.0,1.0,2.0,2.0,-1.0,-1.02,2.0,-1.0,-1.0,-1.0,-1.0,-1.0,-1.0
11,1,1,1,1,2,2,60,51-65,1,1,1,2,9.0,10.0,7.0,1.0,7549.0,14104.0,5.0,-1.0,-1.0,281.9626547,1964,1.0,1.0,11.0,10.0,6.63,5.0,25.51,-1.0,-1.0,-1.0,2.0,-1.0,-1.0,2.0,-1.0,2.0,-1.0,-1.0,2.0,-1.0,2.0,-1.0,-1.0,-1.0,-1.0,-1.0,-1.0,1.0,1.0,2.0,1.0,1.0,-1.0,-1.0,1.0,1.0,1.0,1.0,32000.0,-1.0,-1.0,<10k,2,-1.0,-1.0,2,-1.0,-1.0,2,-1.0,-1.0,2,-1.0,-1.0,2,-1.0,-1.0,2,-1.0,-1.0,2,-1.0,-1.0,1,12000.0,9.0,2,-1.0,-1.0,2,-1.0,-1.0,1.0,21.29,0.0,12.13,2.0,20.88,2.0,21.44,YES,YES,6.0,32.03,6.0,28.23,1.0,15.98,0.0,10.57,3.0,19.59,5.0,25.71,5.0,28.8,0.0,15.72,0.0,15.83,1.0,20.74,8.0,65.18,1,1,1,1,2.0,6.0,2,1,2.0,1,4.0,1.0,-1.03,-0.99,8.0,2.0,12.0,12.0,1,4,2.0,1.0,1.0,1.0,3.0,1.0,2.0,2.0,-1.0,-0.76,2.0,-1.0,-1.0,-1.0,-1.0,-1.0,-1.0
11,1,1,1,1,3,2,90,19-35,1,1,1,1,9.0,10.0,1.0,1.0,3513.0,62020.0,3.0,-1.0,-1.0,281.9626547,1990,1.0,1.0,13.0,12.0,4.33,6.0,43.29,-1.0,-1.0,-1.0,2.0,-1.0,-1.0,2.0,-1.0,2.0,-1.0,-1.0,2.0,-1.0,2.0,-1.0,-1.0,-1.0,-1.0,-1.0,-1.0,2.0,1.0,2.0,1.0,1.0,-1.0,-1.0,1.0,1.0,1.0,1.0,22000.0,-1.0,-1.0,<10k,2,-1.0,-1.0,2,-1.0,-1.0,2,-1.0,-1.0,2,-1.0,-1.0,2,-1.0,-1.0,2,-1.0,-1.0,2,-1.0,-1.0,1,12000.0,9.0,2,-1.0,-1.0,2,-1.0,-1.0,1.0,22.86,0.0,10.4,2.0,16.51,2.0,20.58,YES,YES,6.0,30.15,6.0,30.62,1.0,19.58,0.0,9.3,3.0,21.03,5.0,23.39,5.0,24.22,0.0,13.34,0.0,14.68,1.0,19.59,8.0,53.88,1,1,1,1,2.0,6.0,2,1,2.0,1,4.0,1.0,-0.92,-0.88,8.0,2.0,12.0,12.0,1,4,2.0,1.0,1.0,1.0,3.0,1.0,2.0,2.0,-1.0,-0.96,2.0,-1.0,-1.0,-1.0,-1.0,-1.0,-1.0
11,1,1,1,1,3,1,90,19-35,1,1,1,1,9.0,10.0,1.0,1.0,8323.0,49222.0,5.0,-1.0,-1.0,281.9626547,1993,1.0,1.0,5.0,4.0,2.03,5.0,48.86,-1.0,-1.0,-1.0,2.0,-1.0,-1.0,1.0,1.0,2.0,-1.0,-1.0,2.0,-1.0,2.0,-1.0,-1.0,-1.0,-1.0,-1.0,-1.0,2.0,1.0,2.0,1.0,1.0,-1.0,-1.0,1.0,1.0,1.0,-1.0,-1.0,-1.0,-1.0,<10k,2,-1.0,-1.0,2,-1.0,-1.0,2,-1.0,-1.0,2,-1.0,-1.0,2,-1.0,-1.0,2,-1.0,-1.0,2,-1.0,-1.0,1,12000.0,9.0,2,-1.0,-1.0,2,-1.0,-1.0,1.0,19.91,0.0,12.54,2.0,20.9,2.0,22.75,YES,YES,6.0,28.3,6.0,32.83,1.0,20.15,0.0,9.45,3.0,17.29,5.0,28.82,5.0,27.11,0.0,16.09,0.0,15.58,1.0,20.26,8.0,54.27,1,1,1,1,2.0,6.0,2,1,2.0,1,4.0,1.0,-1.12,-1.06,8.0,2.0,12.0,12.0,1,4,2.0,1.0,1.0,1.0,3.0,1.0,2.0,2.0,-1.0,-0.75,2.0,-1.0,-1.0,-1.0,-1.0,-1.0,-1.0
11,1,1,1,1,3,2,90,19-35,1,1,1,1,2.0,12.0,8.0,2.0,-1.0,-1.0,-1.0,-1.0,-1.0,281.9626547,1999,1.0,1.0,13.0,12.0,5.06,6.0,31.04,-1.0,-1.0,-1.0,2.0,-1.0,-1.0,1.0,1.0,2.0,-1.0,-1.0,2.0,-1.0,2.0,-1.0,-1.0,-1.0,-1.0,-1.0,-1.0,2.0,1.0,2.0,1.0,1.0,-1.0,-1.0,1.0,1.0,1.0,-1.0,-1.0,-1.0,-1.0,<10k,2,-1.0,-1.0,2,-1.0,-1.0,2,-1.0,-1.0,2,-1.0,-1.0,2,-1.0,-1.0,2,-1.0,-1.0,2,-1.0,-1.0,1,12000.0,9.0,2,-1.0,-1.0,2,-1.0,-1.0,1.0,17.92,0.0,12.77,2.0,19.24,2.0,20.59,YES,YES,6.0,26.37,6.0,28.96,1.0,22.08,0.0,11.49,3.0,22.77,5.0,25.19,5.0,20.7,0.0,15.48,0.0,13.71,1.0,16.72,8.0,71.31,1,1,1,1,2.0,6.0,2,1,2.0,1,4.0,1.0,-0.92,-0.92,8.0,2.0,12.0,12.0,1,4,2.0,1.0,1.0,1.0,3.0,1.0,2.0,2.0,-1.0,-0.95,2.0,-1.0,-1.0,-1.0,-1.0,-1.0,-1.0
11,1,1,1,1,1,1,70,36-50,1,1,1,2,9.0,10.0,1.0,1.0,9629.0,17013.0,5.0,-1.0,-1.0,281.9626547,1974,-1.0,-1.0,-1.0,-1.0,-1.03,-1.0,-1.13,-1.0,-1.0,-1.0,1.0,4.0,1.0,2.0,-1.0,2.0,-1.0,-1.0,2.0,-1.0,1.0,99.0,2.0,18.0,6.0,1.0,30.0,2.0,1.0,2.0,1.0,3.0,2.0,-1.0,1.0,2.0,1.0,1.0,64360.0,-1.0,-1.0,<10k,2,-1.0,-1.0,2,-1.0,-1.0,2,-1.0,-1.0,2,-1.0,-1.0,2,-1.0,-1.0,2,-1.0,-1.0,2,-1.0,-1.0,1,12000.0,9.0,2,-1.0,-1.0,2,-1.0,-1.0,1.0,24.36,0.0,11.7,2.0,22.21,2.0,19.41,YES,YES,6.0,31.51,6.0,29.21,1.0,20.78,0.0,9.53,3.0,20.41,5.0,19.93,5.0,29.23,0.0,14.39,0.0,16.33,1.0,22.14,8.0,61.63,1,1,1,1,2.0,6.0,2,1,2.0,1,4.0,1.0,-1.15,-0.97,8.0,2.0,12.0,12.0,1,4,2.0,1.0,1.0,1.0,3.0,1.0,2.0,2.0,-1.0,-0.89,2.0,-1.0,-1.0,-1.0,-1.0,-1.0,-1.0
11,1,1,1,1,2,2,70,36-50,1,1,1,2,9.0,10.0,7.0,2.0,-1.0,-1.0,-1.0,-1.0,-1.0,281.9626547,1974,1.0,1.0,11.0,10.0,6.01,5.0,22.8,-1.0,-1.0,-1.0,2.0,-1.0,-1.0,2.0,-1.0,2.0,-1.0,-1.0,2.0,-1.0,2.0,-1.0,-1.0,-1.0,-1.0,-1.0,-1.0,1.0,1.0,2.0,1.0,1.0,-1.0,-1.0,1.0,1.0,1.0,1.0,32000.0,-1.0,-1.0,<10k,2,-1.0,-1.0,2,-1.0,-1.0,2,-1.0,-1.0,2,-1.0,-1.0,2,-1.0,-1.0,2,-1.0,-1.0,2,-1.0,-1.0,1,12000.0,9.0,2,-1.0,-1.0,2,-1.0,-1.0,1.0,18.99,0.0,12.19,2.0,17.44,2.0,20.32,YES,YES,6.0,26.9,6.0,34.66,1.0,19.47,0.0,9.5,3.0,19.91,5.0,25.4,5.0,27.06,0.0,11.19,0.0,15.38,1.0,22.44,8.0,72.48,1,1,1,1,2.0,6.0,2,1,2.0,1,4.0,1.0,-0.94,-1.02,8.0,2.0,12.0,12.0,1,4,2.0,1.0,1.0,1.0,3.0,1.0,2.0,2.0,-1.0,-0.83,2.0,-1.0,-1.0,-1.0,-1.0,-1.0,-1.0
11,1,1,1,1,3,1,90,19-35,1,1,1,1,9.0,10.0,1.0,1.0,3324.0,47822.0,3.0,-1.0,-1.0,281.9626547,1996,1.0,1.0,13.0,12.0,5.02,6.0,45.01,-1.0,-1.0,-1.0,2.0,-1.0,-1.0,2.0,-1.0,2.0,-1.0,-1.0,2.0,-1.0,2.0,-1.0,-1.0,-1.0,-1.0,-1.0,-1.0,2.0,1.0,2.0,1.0,1.0,-1.0,-1.0,1.0,1.0,1.0,1.0,22000.0,-1.0,-1.0,<10k,2,-1.0,-1.0,2,-1.0,-1.0,2,-1.0,-1.0,2,-1.0,-1.0,2,-1.0,-1.0,2,-1.0,-1.0,2,-1.0,-1.0,1,12000.0,9.0,2,-1.0,-1.0,2,-1.0,-1.0,1.0,22.85,0.0,12.35,2.0,19.06,2.0,23.37,YES,YES,6.0,29.8,6.0,28.45,1.0,20.54,0.0,9.63,3.0,18.4,5.0,22.32,5.0,22.6,0.0,13.3,0.0,15.87,1.0,20.12,8.0,72.41,1,1,1,1,2.0,6.0,2,1,2.0,1,4.0,1.0,-0.98,-0.94,8.0,2.0,12.0,12.0,1,4,2.0,1.0,1.0,1.0,3.0,1.0,2.0,2.0,-1.0,-1.04,2.0,-1.0,-1.0,-1.0,-1.0,-1.0,-1.0
11,1,1,1,1,3,2,0,0-18,1,1,1,1,2.0,11.0,8.0,2.0,-1.0,-1.0,-1.0,-1.0,-1.0,281.9626547,2001,1.0,1.0,5.0,4.0,2.09,5.0,52.48,-1.0,-1.0,-1.0,2.0,-1.0,-1.0,1.0,1.0,2.0,-1.0,-1.0,2.0,-1.0,2.0,-1.0,-1.0,-1.0,-1.0,-1.0,-1.0,2.0,1.0,2.0,1.0,1.0,-1.0,-1.0,1.0,1.0,1.0,-1.0,-1.0,-1.0,-1.0,<10k,2,-1.0,-1.0,2,-1.0,-1.0,2,-1.0,-1.0,2,-1.0,-1.0,2,-1.0,-1.0,2,-1.0,-1.0,2,-1.0,-1.0,1,12000.0,9.0,2,-1.0,-1.0,2,-1.0,-1.0,1.0,17.07,0.0,13.57,2.0,18.9,2.0,22.11,YES,YES,6.0,31.97,6.0,37.16,1.0,19.05,0.0,10.23,3.0,16.67,5.0,26.49,5.0,27.44,0.0,15.74,0.0,16.74,1.0,20.35,8.0,67.22,1,1,1,1,2.0,6.0,2,1,2.0,1,4.0,1.0,-0.97,-1.04,8.0,2.0,12.0,12.0,1,4,2.0,1.0,1.0,1.0,3.0,1.0,2.0,2.0,-1.0,-0.93,2.0,-1.0,-1.0,-1.0,-1.0,-1.0,-1.0
11,1,1,1,1,3,2,0,0-18,1,1,1,1,2.0,5.0,-1.0,-1.0,-1.0,-1.0,-1.0,-1.0,-1.0,281.9626547,2008,1.0,1.0,13.0,12.0,4.57,6.0,29.44,-1.0,-1.0,-1.0,2.0,-1.0,-1.0,1.0,1.0,2.0,-1.0,-1.0,2.0,-1.0,2.0,-1.0,-1.0,-1.0,-1.0,-1.0,-1.0,2.0,1.0,2.0,1.0,1.0,-1.0,-1.0,1.0,1.0,1.0,-1.0,-1.0,-1.0,-1.0,<10k,2,-1.0,-1.0,2,-1.0,-1.0,2,-1.0,-1.0,2,-1.0,-1.0,2,-1.0,-1.0,2,-1.0,-1.0,2,-1.0,-1.0,1,12000.0,9.0,2,-1.0,-1.0,2,-1.0,-1.0,1.0,18.34,0.0,11.84,2.0,18.82,2.0,18.68,YES,YES,6.0,32.68,6.0,33.01,1.0,19.01,0.0,9.69,3.0,16.24,5.0,22.62,5.0,22.25,0.0,15.0,0.0,15.64,1.0,20.53,8.0,51.59,1,1,1,1,2.0,6.0,2,1,2.0,1,4.0,1.0,-0.91,-1.04,8.0,2.0,12.0,12.0,1,4,2.0,1.0,1.0,1.0,3.0,1.0,2.0,2.0,-1.0,-0.88,2.0,-1.0,-1.0,-1.0,-1.0,-1.0,-1.0
11,1,1,1,1,1,2,70,36-50,1,1,1,2,9.0,13.0,7.0,2.0,-1.0,-1.0,-1.0,-1.0,-1.0,281.9626547,1978,-1.0,-1.0,-1.0,-1.0,-0.92,-1.0,-1.06,-1.0,-1.0,-1.0,1.0,4.0,1.0,2.0,-1.0,2.0,-1.0,-1.0,2.0,-1.0,1.0,99.0,2.0,18.0,6.0,1.0,30.0,2.0,1.0,2.0,1.0,3.0,2.0,-1.0,1.0,2.0,1.0,1.0,64360.0,-1.0,-1.0,<10k,2,-1.0,-1.0,2,-1.0,-1.0,2,-1.0,-1.0,2,-1.0,-1.0,2,-1.0,-1.0,2,-1.0,-1.0,2,-1.0,-1.0,1,12000.0,9.0,2,-1.0,-1.0,2,-1.0,-1.0,1.0,21.65,0.0,9.96,2.0,20.74,2.0,23.49,YES,YES,6.0,27.94,6.0,28.48,1.0,19.62,0.0,9.23,3.0,21.24,5.0,26.26,5.0,20.04,0.0,15.96,0.0,15.06,1.0,25.33,8.0,60.92,1,1,1,1,2.0,6.0,2,1,2.0,1,4.0,1.0,-1.15,-1.04,8.0,2.0,12.0,12.0,1,4,2.0,1.0,1.0,1.0,3.0,1.0,2.0,2.0,-1.0,-1.02,2.0,-1.0,-1.0,-1.0,-1.0,-1.0,-1.0
11,1,1,1,1,3,1,0,0-18,1,1,1,1,2.0,10.0,8.0,2.0,-1.0,-1.0,-1.0,-1.0,-1.0,281.9626547,2003,1.0,1.0,11.0,10.0,6.23,5.0,23.23,-1.0,-1.0,-1.0,2.0,-1.0,-1.0,2.0,-1.0,2.0,-1.0,-1.0,2.0,-1.0,2.0,-1.0,-1.0,-1.0,-1.0,-1.0,-1.0,1.0,1.0,2.0,1.0,1.0,-1.0,-1.0,1.0,1.0,1.0,1.0,32000.0,-1.0,-1.0,<10k,2,-1.0,-1.0,2,-1.0,-1.0,2,-1.0,-1.0,2,-1.0,-1.0,2,-1.0,-1.0,2,-1.0,-1.0,2,-1.0,-1.0,1,12000.0,9.0,2,-1.0,-1.0,2,-1.0,-1.0,1.0,18.12,0.0,14.02,2.0,19.03,2.0,19.16,YES,YES,6.0,27.87,6.0,36.11,1.0,20.89,0.0,9.01,3.0,20.66,5.0,22.76,5.0,25.89,0.0,17.81,0.0,16.34,1.0,18.85,8.0,59.61,1,1,1,1,2.0,6.0,2,1,2.0,1,4.0,1.0,-0.94,-1.17,8.0,2.0,12.0,12.0,1,4,2.0,1.0,1.0,1.0,3.0,1.0,2.0,2.0,-1.0,-1.2,2.0,-1.0,-1.0,-1.0,-1.0,-1.0,-1.0
11,1,1,1,1,3,1,0,0-18,1,1,1,1,2.0,7.0,-1.0,-1.0,-1.0,-1.0,-1.0,-1.0,-1.0,281.9626547,2006,1.0,1.0,13.0,12.0,4.67,6.0,40.6,-1.0,-1.0,-1.0,2.0,-1.0,-1.0,2.0,-1.0,2.0,-1.0,-1.0,2.0,-1.0,2.0,-1.0,-1.0,-1.0,-1.0,-1.0,-1.0,2.0,1.0,2.0,1.0,1.0,-1.0,-1.0,1.0,1.0,1.0,1.0,22000.0,-1.0,-1.0,<10k,2,-1.0,-1.0,2,-1.0,-1.0,2,-1.0,-1.0,2,-1.0,-1.0,2,-1.0,-1.0,2,-1.0,-1.0,2,-1.0,-1.0,1,12000.0,9.0,2,-1.0,-1.0,2,-1.0,-1.0,1.0,23.1,0.0,10.8,2.0,18.76,2.0,23.46,YES,YES,6.0,35.71,6.0,35.34,1.0,21.16,0.0,9.74,3.0,22.96,5.0,28.46,5.0,27.19,0.0,17.77,0.0,14.33,1.0,24.87,8.0,62.18,1,1,1,1,2.0,6.0,2,1,2.0,1,4.0,1.0,-1.08,-0.98,8.0,2.0,12.0,12.0,1,4,2.0,1.0,1.0,1.0,3.0,1.0,2.0,2.0,-1.0,-0.88,2.0,-1.0,-1.0,-1.0,-1.0,-1.0,-1.0
11,1,1,1,1,3,2,10,0-18,1,1,1,1,9.0,19.0,-1.0,-1.0,-1.0,-1.0,-1.0,-1.0,-1.0,281.9626547,2014,1.0,1.0,5.0,4.0,1.53,5.0,49.64,-1.0,-1.0,-1.0,2.0,-1.0,-1.0,1.0,1.0,2.0,-1.0,-1.0,2.0,-1.0,2.0,-1.0,-1.0,-1.0,-1.0,-1.0,-1.0,2.0,1.0,2.0,1.0,1.0,-1.0,-1.0,1.0,1.0,1.0,-1.0,-1.0,-1.0,-1.0,<10k,2,-1.0,-1.0,2,-1.0,-1.0,2,-1.0,-1.0,2,-1.0,-1.0,2,-1.0,-1.0,2,-1.0,-1.0,2,-1.0,-1.0,1,12000.0,9.0,2,-1.0,-1.0,2,-1.0,-1.0,1.0,21.68,0.0,10.98,2.0,18.83,2.0,21.9,YES,YES,6.0,28.47,6.0,32.71,1.0,17.61,0.0,8.58,3.0,22.25,5.0,28.17,5.0,21.93,0.0,15.98,0.0,11.27,1.0,19.98,8.0,55.28,1,1,1,1,2.0,6.0,2,1,2.0,1,4.0,1.0,-0.92,-1.04,8.0,2.0,12.0,12.0,1,4,2.0,1.0,1.0,1.0,3.0,1.0,2.0,2.0,-1.0,-0.93,2.0,-1.0,-1.0,-1.0,-1.0,-1.0,-1.0
11,1,1,1,1,4,2,50,51-65,1,1,1,4,9.0,7.0,9.0,2.0,-1.0,-1.0,-1.0,-1.0,-1.0,281.9626547,1956,1.0,1.0,13.0,12.0,4.36,6.0,30.3,-1.0,-1.0,-1.0,2.0,-1.0,-1.0,1.0,1.0,2.0,-1.0,-1.0,2.0,-1.0,2.0,-1.0,-1.0,-1.0,-1.0,-1.0,-1.0,2.0,1.0,2.0,1.0,1.0,-1.0,-1.0,1.0,1.0,1.0,-1.0,-1.0,-1.0,-1.0,<10k,2,-1.0,-1.0,2,-1.0,-1.0,2,-1.0,-1.0,2,-1.0,-1.0,2,-1.0,-1.0,2,-1.0,-1.0,2,-1.0,-1.0,1,12000.0,9.0,2,-1.0,-1.0,2,-1.0,-1.0,1.0,23.44,0.0,12.03,2.0,19.27,2.0,14.21,YES,YES,6.0,29.9,6.0,32.64,1.0,20.86,0.0,10.3,3.0,19.7,5.0,19.25,5.0,24.2,0.0,14.56,0.0,15.74,1.0,17.38,8.0,56.07,1,1,1,1,2.0,6.0,2,1,2.0,1,4.0,1.0,-0.94,-1.07,8.0,2.0,12.0,12.0,1,4,2.0,1.0,1.0,1.0,3.0,1.0,2.0,2.0,-1.0,-1.01,2.0,-1.0,-1.0,-1.0,-1.0,-1.0,-1.0
11,1,1,1,2,2,1,70,36-50,1,1,1,2,9.0,11.0,-1.0,-1.0,-1.0,-1.0,-1.0,2.0,1.0,281.9626547,1979,-1.0,-1.0,-1.0,-1.0,-1.01,-1.0,-0.89,-1.0,-1.0,-1.0,2.0,-1.0,-1.0,2.0,-1.0,2.0,-1.0,-1.0,2.0,-1.0,2.0,-1.0,-1.0,-1.0,-1.0,-1.0,-1.0,2.0,1.0,2.0,1.0,1.0,-1.0,-1.0,1.0,1.0,1.0,-1.0,-1.0,-1.0,-1.0,<10k,2,-1.0,-1.0,2,-1.0,-1.0,2,-1.0,-1.0,2,-1.0,-1.0,2,-1.0,-1.0,2,-1.0,-1.0,2,-1.0,-1.0,1,12000.0,9.0,2,-1.0,-1.0,2,-1.0,-1.0,1.0,20.26,0.0,12.5,2.0,19.43,2.0,20.97,YES,YES,6.0,24.74,6.0,29.35,1.0,20.13,0.0,9.56,3.0,20.43,5.0,21.79,5.0,27.28,0.0,16.58,0.0,16.21,1.0,16.7,8.0,66.5,1,1,1,1,2.0,6.0,2,1,2.0,1,4.0,1.0,-1.06,-0.9,8.0,2.0,12.0,12.0,1,4,2.0,1.0,1.0,1.0,3.0,1.0,2.0,2.0,-1.0,-0.97,2.0,-1.0,-1.0,-1.0,-1.0,-1.0,-1.0
11,1,1,1,1,1,1,70,36-50,1,1,1,2,9.0,10.0,1.0,1.0,8323.0,49222.0,5.0,-1.0,-1.0,281.9626547,1978,-1.0,-1.0,-1.0,-1.0,-0.92,-1.0,-1.0,-1.0,-1.0,-1.0,1.0,4.0,1.0,2.0,-1.0,2.0,-1.0,-1.0,2.0,-1.0,1.0,99.0,2.0,18.0,6.0,1.0,30.0,2.0,1.0,2.0,1.0,3.0,2.0,-1.0,1.0,2.0,1.0,1.0,64360.0,-1.0,-1.0,<10k,2,-1.0,-1.0,2,-1.0,-1.0,2,-1.0,-1.0,2,-1.0,-1.0,2,-1.0,-1.0,2,-1.0,-1.0,2,-1.0,-1.0,1,12000.0,9.0,2,-1.0,-1.0,2,-1.0,-1.0,1.0,19.45,0.0,12.42,2.0,21.09,2.0,21.6,YES,YES,6.0,31.49,6.0,32.07,1.0,17.94,0.0,10.51,3.0,18.58,5.0,24.53,5.0,24.23,0.0,17.59,0.0,12.86,1.0,18.38,8.0,60.61,1,1,1,1,2.0,6.0,2,1,2.0,1,4.0,1.0,-0.86,-0.98,8.0,2.0,12.0,12.0,1,4,2.0,1.0,1.0,1.0,3.0,1.0,2.0,2.0,-1.0,-1.08,2.0,-1.0,-1.0,-1.0,-1.0,-1.0,-1.0
11,1,1,1,1,2,2,70,36-50,1,1,1,2,9.0,10.0,7.0,1.0,5212.0,56106.0,5.0,-1.0,-1.0,281.9626547,1977,1.0,1.0,11.0,10.0,6.02,5.0,25.83,-1.0,-1.0,-1.0,2.0,-1.0,-1.0,2.0,-1.0,2.0,-1.0,-1.0,2.0,-1.0,2.0,-1.0,-1.0,-1.0,-1.0,-1.0,-1.0,1.0,1.0,2.0,1.0,1.0,-1.0,-1.0,1.0,1.0,1.0,1.0,32000.0,-1.0,-1.0,<10k,2,-1.0,-1.0,2,-1.0,-1.0,2,-1.0,-1.0,2,-1.0,-1.0,2,-1.0,-1.0,2,-1.0,-1.0,2,-1.0,-1.0,1,12000.0,9.0,2,-1.0,-1.0,2,-1.0,-1.0,1.0,22.07,0.0,10.69,2.0,17.02,2.0,19.52,YES,YES,6.0,34.14,6.0,34.12,1.0,20.22,0.0,10.07,3.0,21.83,5.0,24.1,5.0,25.11,0.0,14.55,0.0,13.78,1.0,21.1,8.0,67.26,1,1,1,1,2.0,6.0,2,1,2.0,1,4.0,1.0,-1.08,-1.1,8.0,2.0,12.0,12.0,1,4,2.0,1.0,1.0,1.0,3.0,1.0,2.0,2.0,-1.0,-0.79,2.0,-1.0,-1.0,-1.0,-1.0,-1.0,-1.0
11,1,1,1,1,3,1,0,0-18,1,1,1,1,2.0,11.0,8.0,2.0,-1.0,-1.0,-1.0,-1.0,-1.0,281.9626547,2001,1.0,1.0,13.0,12.0,4.36,6.0,40.7,-1.0,-1.0,-1.0,2.0,-1.0,-1.0,2.0,-1.0,2.0,-1.0,-1.0,2.0,-1.0,2.0,-1.0,-1.0,-1.0,-1.0,-1.0,-1.0,2.0,1.0,2.0,1.0,1.0,-1.0,-1.0,1.0,1.0,1.0,1.0,22000.0,-1.0,-1.0,<10k,2,-1.0,-1.0,2,-1.0,-1.0,2,-1.0,-1.0,2,-1.0,-1.0,2,-1.0,-1.0,2,-1.0,-1.0,2,-1.0,-1.0,1,12000.0,9.0,2,-1.0,-1.0,2,-1.0,-1.0,1.0,21.01,0.0,13.35,2.0,19.7,2.0,18.5,YES,YES,6.0,25.03,6.0,30.83,1.0,18.41,0.0,9.5,3.0,21.08,5.0,21.33,5.0,25.54,0.0,15.89,0.0,14.6,1.0,20.7,8.0,53.88,1,1,1,1,2.0,6.0,2,1,2.0,1,4.0,1.0,-1.04,-1.02,8.0,2.0,12.0,12.0,1,4,2.0,1.0,1.0,1.0,3.0,1.0,2.0,2.0,-1.0,-1.04,2.0,-1.0,-1.0,-1.0,-1.0,-1.0,-1.0
11,1,1,1,1,3,1,0,0-18,1,1,1,1,2.0,8.0,-1.0,-1.0,-1.0,-1.0,-1.0,-1.0,-1.0,281.9626547,2005,1.0,1.0,5.0,4.0,2.18,5.0,43.54,-1.0,-1.0,-1.0,2.0,-1.0,-1.0,1.0,1.0,2.0,-1.0,-1.0,2.0,-1.0,2.0,-1.0,-1.0,-1.0,-1.0,-1.0,-1.0,2.0,1.0,2.0,1.0,1.0,-1.0,-1.0,1.0,1.0,1.0,-1.0,-1.0,-1.0,-1.0,<10k,2,-1.0,-1.0,2,-1.0,-1.0,2,-1.0,-1.0,2,-1.0,-1.0,2,-1.0,-1.0,2,-1.0,-1.0,2,-1.0,-1.0,1,12000.0,9.0,2,-1.0,-1.0,2,-1.0,-1.0,1.0,22.87,0.0,12.25,2.0,17.22,2.0,21.61,YES,YES,6.0,34.72,6.0,30.83,1.0,21.91,0.0,9.76,3.0,21.24,5.0,24.05,5.0,22.85,0.0,14.68,0.0,15.75,1.0,20.17,8.0,51.63,1,1,1,1,2.0,6.0,2,1,2.0,1,4.0,1.0,-1.11,-0.92,8.0,2.0,12.0,12.0,1,4,2.0,1.0,1.0,1.0,3.0,1.0,2.0,2.0,-1.0,-1.06,2.0,-1.0,-1.0,-1.0,-1.0,-1.0,-1.0
11,1,1,1,1,3,1,10,0-18,1,1,1,1,2.0,3.0,-1.0,-1.0,-1.0,-1.0,-1.0,-1.0,-1.0,281.9626547,2010,1.0,1.0,13.0,12.0,4.8,6.0,25.83,-1.0,-1.0,-1.0,2.0,-1.0,-1.0,1.0,1.0,2.0,-1.0,-1.0,2.0,-1.0,2.0,-1.0,-1.0,-1.0,-1.0,-1.0,-1.0,2.0,1.0,2.0,1.0,1.0,-1.0,-1.0,1.0,1.0,1.0,-1.0,-1.0,-1.0,-1.0,<10k,2,-1.0,-1.0,2,-1.0,-1.0,2,-1.0,-1.0,2,-1.0,-1.0,2,-1.0,-1.0,2,-1.0,-1.0,2,-1.0,-1.0,1,12000.0,9.0,2,-1.0,-1.0,2,-1.0,-1.0,1.0,21.91,0.0,13.15,2.0,21.58,2.0,22.51,YES,YES,6.0,31.38,6.0,37.24,1.0,16.08,0.0,9.39,3.0,20.44,5.0,25.21,5.0,23.88,0.0,14.56,0.0,13.01,1.0,21.99,8.0,52.3,1,1,1,1,2.0,6.0,2,1,2.0,1,4.0,1.0,-1.11,-1.18,8.0,2.0,12.0,12.0,1,4,2.0,1.0,1.0,1.0,3.0,1.0,2.0,2.0,-1.0,-0.87,2.0,-1.0,-1.0,-1.0,-1.0,-1.0,-1.0
11,1,1,1,1,3,1,10,0-18,1,1,1,1,-1.0,-1.0,-1.0,-1.0,-1.0,-1.0,-1.0,-1.0,-1.0,281.9626547,2017,-1.0,-1.0,-1.0,-1.0,-0.96,-1.0,-0.98,-1.0,-1.0,-1.0,2.0,-1.0,-1.0,2.0,-1.0,2.0,-1.0,-1.0,2.0,-1.0,2.0,-1.0,-1.0,-1.0,-1.0,-1.0,-1.0,2.0,1.0,2.0,1.0,1.0,-1.0,-1.0,1.0,1.0,1.0,-1.0,-1.0,-1.0,-1.0,<10k,2,-1.0,-1.0,2,-1.0,-1.0,2,-1.0,-1.0,2,-1.0,-1.0,2,-1.0,-1.0,2,-1.0,-1.0,2,-1.0,-1.0,1,12000.0,9.0,2,-1.0,-1.0,2,-1.0,-1.0,1.0,16.01,0.0,9.95,2.0,19.85,2.0,19.73,YES,YES,6.0,27.97,6.0,26.14,1.0,18.57,0.0,11.55,3.0,23.87,5.0,23.59,5.0,24.78,0.0,14.33,0.0,12.11,1.0,21.96,8.0,46.66,1,1,1,1,2.0,6.0,2,1,2.0,1,4.0,1.0,-0.91,-1.11,8.0,2.0,12.0,12.0,1,4,2.0,1.0,1.0,1.0,3.0,1.0,2.0,2.0,-1.0,-1.03,2.0,-1.0,-1.0,-1.0,-1.0,-1.0,-1.0
11,1,1,1,1,1,1,70,36-50,1,1,1,2,9.0,13.0,1.0,1.0,2642.0,84130.0,2.0,-1.0,-1.0,281.9626547,1979,-1.0,-1.0,-1.0,-1.0,-0.9,-1.0,-1.06,-1.0,-1.0,-1.0,1.0,4.0,1.0,2.0,-1.0,2.0,-1.0,-1.0,2.0,-1.0,1.0,99.0,2.0,18.0,6.0,1.0,30.0,2.0,1.0,2.0,1.0,3.0,2.0,-1.0,1.0,2.0,1.0,1.0,64360.0,-1.0,-1.0,<10k,2,-1.0,-1.0,2,-1.0,-1.0,2,-1.0,-1.0,2,-1.0,-1.0,2,-1.0,-1.0,2,-1.0,-1.0,2,-1.0,-1.0,1,12000.0,9.0,2,-1.0,-1.0,2,-1.0,-1.0,1.0,17.89,0.0,12.2,2.0,20.4,2.0,20.34,YES,YES,6.0,28.25,6.0,28.09,1.0,17.43,0.0,11.31,3.0,16.17,5.0,19.8,5.0,28.35,0.0,13.47,0.0,17.07,1.0,19.48,8.0,56.12,1,1,1,1,2.0,6.0,2,1,2.0,1,4.0,1.0,-1.08,-0.95,8.0,2.0,12.0,12.0,1,4,2.0,1.0,1.0,1.0,3.0,1.0,2.0,2.0,-1.0,-1.12,2.0,-1.0,-1.0,-1.0,-1.0,-1.0,-1.0
11,1,1,1,1,2,2,80,36-50,1,1,1,2,9.0,13.0,1.0,1.0,4110.0,84130.0,1.0,-1.0,-1.0,281.9626547,1980,1.0,1.0,11.0,10.0,5.45,5.0,23.87,-1.0,-1.0,-1.0,2.0,-1.0,-1.0,2.0,-1.0,2.0,-1.0,-1.0,2.0,-1.0,2.0,-1.0,-1.0,-1.0,-1.0,-1.0,-1.0,1.0,1.0,2.0,1.0,1.0,-1.0,-1.0,1.0,1.0,1.0,1.0,32000.0,-1.0,-1.0,<10k,2,-1.0,-1.0,2,-1.0,-1.0,2,-1.0,-1.0,2,-1.0,-1.0,2,-1.0,-1.0,2,-1.0,-1.0,2,-1.0,-1.0,1,12000.0,9.0,2,-1.0,-1.0,2,-1.0,-1.0,1.0,18.44,0.0,11.28,2.0,18.72,2.0,20.7,YES,YES,6.0,28.59,6.0,29.38,1.0,18.28,0.0,9.21,3.0,20.34,5.0,20.76,5.0,30.17,0.0,13.3,0.0,13.11,1.0,16.76,8.0,64.39,1,1,1,1,2.0,6.0,2,1,2.0,1,4.0,1.0,-0.9,-0.9,8.0,2.0,12.0,12.0,1,4,2.0,1.0,1.0,1.0,3.0,1.0,2.0,2.0,-1.0,-0.89,2.0,-1.0,-1.0,-1.0,-1.0,-1.0,-1.0
11,1,1,1,1,5,2,80,19-35,1,1,1,1,9.0,13.0,1.0,1.0,5311.0,84110.0,1.0,-1.0,-1.0,281.9626547,1989,1.0,1.0,13.0,12.0,5.19,6.0,45.85,-1.0,-1.0,-1.0,2.0,-1.0,-1.0,2.0,-1.0,2.0,-1.0,-1.0,2.0,-1.0,2.0,-1.0,-1.0,-1.0,-1.0,-1.0,-1.0,2.0,1.0,2.0,1.0,1.0,-1.0,-1.0,1.0,1.0,1.0,1.0,22000.0,-1.0,-1.0,<10k,2,-1.0,-1.0,2,-1.0,-1.0,2,-1.0,-1.0,2,-1.0,-1.0,2,-1.0,-1.0,2,-1.0,-1.0,2,-1.0,-1.0,1,12000.0,9.0,2,-1.0,-1.0,2,-1.0,-1.0,1.0,17.63,0.0,10.25,2.0,17.69,2.0,17.26,YES,YES,6.0,28.73,6.0,30.42,1.0,12.1,0.0,10.44,3.0,19.33,5.0,23.64,5.0,23.15,0.0,13.5,0.0,13.95,1.0,19.02,8.0,53.02,1,1,1,1,2.0,6.0,2,1,2.0,1,4.0,1.0,-0.82,-1.03,8.0,2.0,12.0,12.0,1,4,2.0,1.0,1.0,1.0,3.0,1.0,2.0,2.0,-1.0,-1.0,2.0,-1.0,-1.0,-1.0,-1.0,-1.0,-1.0
11,1,1,1,1,1,1,70,36-50,1,1,4,2,9.0,8.0,1.0,1.0,9322.0,47591.0,3.0,-1.0,-1.0,416.3426786,1974,-1.0,-1.0,-1.0,-1.0,-0.93,-1.0,-1.22,-1.0,-1.0,-1.0,1.0,3.0,1.0,2.0,-1.0,1.0,3.0,1.0,2.0,-1.0,1.0,1.0,2.0,2.0,6.0,2.0,-1.0,2.0,1.0,2.0,1.0,1.0,-1.0,-1.0,1.0,1.0,1.0,1.0,25000.0,-1.0,-1.0,<10k,1,25000.0,1.0,2,-1.0,-1.0,2,-1.0,-1.0,2,-1.0,-1.0,2,-1.0,-1.0,2,-1.0,-1.0,2,-1.0,-1.0,1,30000.0,9.0,2,-1.0,-1.0,2,-1.0,-1.0,0.0,5.5,0.0,5.5,0.0,10.62,0.0,9.14,YES,YES,3.0,29.02,3.0,33.31,0.0,5.28,0.0,6.91,2.0,26.3,4.0,38.41,4.0,46.1,0.0,10.15,0.0,8.91,0.0,4.87,8.0,63.58,1,1,1,1,2.0,5.0,2,1,2.0,7,4.0,1.0,-0.77,-1.03,8.0,2.0,12.0,12.0,1,1,1.0,1.0,1.0,1.0,1.0,1.0,1.0,1.0,3.0,46.02,2.0,-1.0,-1.0,-1.0,-1.0,-1.0,-1.0
11,1,1,1,1,2,2,60,36-50,1,1,4,2,9.0,10.0,1.0,1.0,3313.0,64191.0,5.0,-1.0,-1.0,416.3426786,1968,-1.0,-1.0,-1.0,-1.0,-0.91,-1.0,-0.98,-1.0,-1.0,-1.0,1.0,3.0,1.0,2.0,-1.0,2.0,-1.0,-1.0,2.0,-1.0,1.0,4.0,2.0,5.0,6.0,2.0,-1.0,2.0,1.0,2.0,1.0,1.0,-1.0,-1.0,1.0,1.0,1.0,-1.0,-1.0,-1.0,-1.0,<10k,1,25000.0,1.0,2,-1.0,-1.0,2,-1.0,-1.0,2,-1.0,-1.0,2,-1.0,-1.0,2,-1.0,-1.0,2,-1.0,-1.0,1,30000.0,9.0,2,-1.0,-1.0,2,-1.0,-1.0,0.0,4.18,0.0,5.21,0.0,8.22,0.0,8.54,YES,YES,3.0,30.77,3.0,32.44,0.0,5.12,0.0,7.63,2.0,22.95,4.0,33.55,4.0,37.81,0.0,9.8,0.0,8.64,0.0,4.84,8.0,57.84,1,1,1,1,2.0,5.0,2,1,2.0,7,4.0,1.0,-0.88,-1.07,8.0,2.0,12.0,12.0,1,1,1.0,1.0,1.0,1.0,1.0,1.0,1.0,1.0,3.0,45.86,2.0,-1.0,-1.0,-1.0,-1.0,-1.0,-1.0
11,1,1,1,1,3,2,90,19-35,1,1,4,1,9.0,13.0,1.0,1.0,3313.0,64191.0,2.0,-1.0,-1.0,416.3426786,1999,3.0,-1.0,-1.0,-1.0,-1.03,-1.0,-0.96,-1.0,9.0,2018.0,2.0,-1.0,-1.0,2.0,-1.0,2.0,-1.0,-1.0,2.0,-1.0,2.0,-1.0,-1.0,-1.0,-1.0,-1.0,-1.0,2.0,1.0,2.0,1.0,1.0,-1.0,-1.0,1.0,1.0,1.0,1.0,10000.0,-1.0,-1.0,<10k,1,25000.0,1.0,2,-1.0,-1.0,2,-1.0,-1.0,2,-1.0,-1.0,2,-1.0,-1.0,2,-1.0,-1.0,2,-1.0,-1.0,1,30000.0,9.0,2,-1.0,-1.0,2,-1.0,-1.0,0.0,5.44,0.0,5.24,0.0,9.25,0.0,10.98,YES,YES,3.0,33.52,3.0,25.47,0.0,5.53,0.0,8.04,2.0,21.62,4.0,37.44,4.0,37.46,0.0,8.96,0.0,9.63,0.0,4.52,8.0,62.84,1,1,1,1,2.0,5.0,2,1,2.0,7,4.0,1.0,-0.92,-0.93,8.0,2.0,12.0,12.0,1,1,1.0,1.0,1.0,1.0,1.0,1.0,1.0,1.0,3.0,48.41,2.0,-1.0,-1.0,-1.0,-1.0,-1.0,-1.0
11,1,1,1,1,1,1,50,66+,1,1,4,2,9.0,9.0,1.0,1.0,9322.0,47721.0,3.0,-1.0,-1.0,416.3426786,1951,-1.0,-1.0,-1.0,-1.0,-1.01,-1.0,-0.94,-1.0,-1.0,-1.0,1.0,3.0,1.0,2.0,-1.0,1.0,3.0,1.0,2.0,-1.0,1.0,1.0,2.0,2.0,6.0,2.0,-1.0,2.0,1.0,2.0,1.0,1.0,-1.0,-1.0,1.0,1.0,1.0,1.0,25000.0,-1.0,-1.0,<10k,1,25000.0,1.0,2,-1.0,-1.0,2,-1.0,-1.0,2,-1.0,-1.0,2,-1.0,-1.0,2,-1.0,-1.0,2,-1.0,-1.0,1,30000.0,9.0,2,-1.0,-1.0,2,-1.0,-1.0,0.0,4.73,0.0,5.49,0.0,12.73,0.0,8.88,YES,YES,3.0,33.21,3.0,28.93,0.0,5.55,0.0,8.8,2.0,25.04,4.0,37.35,4.0,43.5,0.0,9.7,0.0,10.08,0.0,5.36,8.0,46.6,1,1,1,1,2.0,5.0,2,1,2.0,7,4.0,1.0,-1.09,-0.98,8.0,2.0,12.0,12.0,1,1,1.0,1.0,1.0,1.0,1.0,1.0,1.0,1.0,3.0,55.23,2.0,-1.0,-1.0,-1.0,-1.0,-1.0,-1.0
11,1,1,1,1,2,2,50,51-65,1,1,4,2,9.0,6.0,7.0,2.0,-1.0,-1.0,-1.0,-1.0,-1.0,416.3426786,1955,-1.0,-1.0,-1.0,-1.0,-0.96,-1.0,-1.11,-1.0,-1.0,-1.0,1.0,3.0,1.0,2.0,-1.0,2.0,-1.0,-1.0,2.0,-1.0,1.0,4.0,2.0,5.0,6.0,2.0,-1.0,2.0,1.0,2.0,1.0,1.0,-1.0,-1.0,1.0,1.0,1.0,-1.0,-1.0,-1.0,-1.0,<10k,1,25000.0,1.0,2,-1.0,-1.0,2,-1.0,-1.0,2,-1.0,-1.0,2,-1.0,-1.0,2,-1.0,-1.0,2,-1.0,-1.0,1,30000.0,9.0,2,-1.0,-1.0,2,-1.0,-1.0,0.0,5.59,0.0,5.73,0.0,11.22,0.0,9.81,YES,YES,3.0,29.24,3.0,23.54,0.0,4.42,0.0,7.26,2.0,29.18,4.0,43.97,4.0,37.55,0.0,8.21,0.0,8.47,0.0,4.52,8.0,58.27,1,1,1,1,2.0,5.0,2,1,2.0,7,4.0,1.0,-1.0,-1.05,8.0,2.0,12.0,12.0,1,1,1.0,1.0,1.0,1.0,1.0,1.0,1.0,1.0,3.0,46.24,2.0,-1.0,-1.0,-1.0,-1.0,-1.0,-1.0
11,1,1,1,1,1,1,60,51-65,1,1,4,2,9.0,10.0,1.0,1.0,7115.0,16291.0,5.0,-1.0,-1.0,416.3426786,1964,-1.0,-1.0,-1.0,-1.0,-1.01,-1.0,-1.05,-1.0,-1.0,-1.0,1.0,3.0,1.0,2.0,-1.0,1.0,3.0,1.0,2.0,-1.0,1.0,1.0,2.0,2.0,6.0,2.0,-1.0,2.0,1.0,2.0,1.0,1.0,-1.0,-1.0,1.0,1.0,1.0,1.0,25000.0,-1.0,-1.0,<10k,1,25000.0,1.0,2,-1.0,-1.0,2,-1.0,-1.0,2,-1.0,-1.0,2,-1.0,-1.0,2,-1.0,-1.0,2,-1.0,-1.0,1,30000.0,9.0,2,-1.0,-1.0,2,-1.0,-1.0,0.0,4.56,0.0,5.41,0.0,10.39,0.0,8.0,YES,YES,3.0,31.45,3.0,26.95,0.0,4.72,0.0,9.07,2.0,28.08,4.0,42.17,4.0,41.99,0.0,9.76,0.0,12.15,0.0,4.85,8.0,60.43,1,1,1,1,2.0,5.0,2,1,2.0,7,4.0,1.0,-0.99,-1.05,8.0,2.0,12.0,12.0,1,1,1.0,1.0,1.0,1.0,1.0,1.0,1.0,1.0,3.0,46.62,2.0,-1.0,-1.0,-1.0,-1.0,-1.0,-1.0
11,1,1,1,1,2,2,60,51-65,1,1,4,2,9.0,10.0,7.0,2.0,-1.0,-1.0,-1.0,-1.0,-1.0,416.3426786,1964,-1.0,-1.0,-1.0,-1.0,-0.95,-1.0,-1.1,-1.0,-1.0,-1.0,1.0,3.0,1.0,2.0,-1.0,2.0,-1.0,-1.0,2.0,-1.0,1.0,4.0,2.0,5.0,6.0,2.0,-1.0,2.0,1.0,2.0,1.0,1.0,-1.0,-1.0,1.0,1.0,1.0,-1.0,-1.0,-1.0,-1.0,<10k,1,25000.0,1.0,2,-1.0,-1.0,2,-1.0,-1.0,2,-1.0,-1.0,2,-1.0,-1.0,2,-1.0,-1.0,2,-1.0,-1.0,1,30000.0,9.0,2,-1.0,-1.0,2,-1.0,-1.0,0.0,5.97,0.0,5.33,0.0,10.15,0.0,9.61,YES,YES,3.0,33.12,3.0,31.78,0.0,4.62,0.0,8.45,2.0,28.31,4.0,40.55,4.0,40.05,0.0,8.7,0.0,8.38,0.0,4.75,8.0,60.39,1,1,1,1,2.0,5.0,2,1,2.0,7,4.0,1.0,-0.91,-1.06,8.0,2.0,12.0,12.0,1,1,1.0,1.0,1.0,1.0,1.0,1.0,1.0,1.0,3.0,47.25,2.0,-1.0,-1.0,-1.0,-1.0,-1.0,-1.0
11,1,1,1,1,3,1,0,0-18,1,1,4,1,2.0,12.0,8.0,2.0,-1.0,-1.0,-1.0,-1.0,-1.0,416.3426786,2000,3.0,-1.0,-1.0,-1.0,-1.0,-1.0,-1.06,-1.0,9.0,2018.0,2.0,-1.0,-1.0,2.0,-1.0,2.0,-1.0,-1.0,2.0,-1.0,2.0,-1.0,-1.0,-1.0,-1.0,-1.0,-1.0,2.0,1.0,2.0,1.0,1.0,-1.0,-1.0,1.0,1.0,1.0,1.0,10000.0,-1.0,-1.0,<10k,1,25000.0,1.0,2,-1.0,-1.0,2,-1.0,-1.0,2,-1.0,-1.0,2,-1.0,-1.0,2,-1.0,-1.0,2,-1.0,-1.0,1,30000.0,9.0,2,-1.0,-1.0,2,-1.0,-1.0,0.0,5.17,0.0,5.14,0.0,10.71,0.0,10.98,YES,YES,3.0,31.0,3.0,34.63,0.0,5.29,0.0,8.13,2.0,25.51,4.0,40.42,4.0,40.77,0.0,11.38,0.0,10.41,0.0,6.34,8.0,59.98,1,1,1,1,2.0,5.0,2,1,2.0,7,4.0,1.0,-1.04,-1.0,8.0,2.0,12.0,12.0,1,1,1.0,1.0,1.0,1.0,1.0,1.0,1.0,1.0,3.0,47.93,2.0,-1.0,-1.0,-1.0,-1.0,-1.0,-1.0
11,1,1,1,1,1,1,60,51-65,1,1,5,2,9.0,10.0,1.0,1.0,4321.0,45201.0,3.0,-1.0,-1.0,416.3426786,1961,-1.0,-1.0,-1.0,-1.0,-0.9,-1.0,-0.94,-1.0,-1.0,-1.0,1.0,3.0,1.0,2.0,-1.0,1.0,3.0,1.0,2.0,-1.0,1.0,1.0,2.0,2.0,6.0,2.0,-1.0,2.0,1.0,2.0,1.0,1.0,-1.0,-1.0,1.0,1.0,1.0,1.0,25000.0,-1.0,-1.0,<10k,1,25000.0,1.0,2,-1.0,-1.0,2,-1.0,-1.0,2,-1.0,-1.0,2,-1.0,-1.0,2,-1.0,-1.0,2,-1.0,-1.0,1,30000.0,9.0,2,-1.0,-1.0,2,-1.0,-1.0,0.0,5.14,0.0,4.29,0.0,9.42,0.0,10.82,YES,YES,3.0,30.62,3.0,28.47,0.0,3.8,0.0,8.26,2.0,21.94,4.0,43.2,4.0,36.43,0.0,9.93,0.0,10.56,0.0,5.69,8.0,52.38,1,1,1,1,2.0,5.0,2,1,2.0,7,4.0,1.0,-0.91,-1.15,8.0,2.0,12.0,12.0,1,1,1.0,1.0,1.0,1.0,1.0,1.0,1.0,1.0,3.0,55.85,2.0,-1.0,-1.0,-1.0,-1.0,-1.0,-1.0
11,1,1,1,1,2,2,60,36-50,1,1,5,2,9.0,10.0,7.0,2.0,-1.0,-1.0,-1.0,-1.0,-1.0,416.3426786,1968,-1.0,-1.0,-1.0,-1.0,-0.86,-1.0,-1.01,-1.0,-1.0,-1.0,1.0,3.0,1.0,2.0,-1.0,2.0,-1.0,-1.0,2.0,-1.0,1.0,4.0,2.0,5.0,6.0,2.0,-1.0,2.0,1.0,2.0,1.0,1.0,-1.0,-1.0,1.0,1.0,1.0,-1.0,-1.0,-1.0,-1.0,<10k,1,25000.0,1.0,2,-1.0,-1.0,2,-1.0,-1.0,2,-1.0,-1.0,2,-1.0,-1.0,2,-1.0,-1.0,2,-1.0,-1.0,1,30000.0,9.0,2,-1.0,-1.0,2,-1.0,-1.0,0.0,4.8,0.0,4.67,0.0,9.6,0.0,9.57,YES,YES,3.0,33.35,3.0,28.23,0.0,4.58,0.0,8.34,2.0,25.28,4.0,33.6,4.0,43.32,0.0,11.62,0.0,11.25,0.0,4.88,8.0,57.74,1,1,1,1,2.0,5.0,2,1,2.0,7,4.0,1.0,-1.09,-1.08,8.0,2.0,12.0,12.0,1,1,1.0,1.0,1.0,1.0,1.0,1.0,1.0,1.0,3.0,55.63,2.0,-1.0,-1.0,-1.0,-1.0,-1.0,-1.0
11,1,1,1,1,3,2,90,19-35,1,1,5,1,9.0,13.0,1.0,1.0,4226.0,79110.0,3.0,-1.0,-1.0,416.3426786,1995,3.0,-1.0,-1.0,-1.0,-0.97,-1.0,-0.88,-1.0,9.0,2018.0,2.0,-1.0,-1.0,2.0,-1.0,2.0,-1.0,-1.0,2.0,-1.0,2.0,-1.0,-1.0,-1.0,-1.0,-1.0,-1.0,2.0,1.0,2.0,1.0,1.0,-1.0,-1.0,1.0,1.0,1.0,1.0,10000.0,-1.0,-1.0,<10k,1,25000.0,1.0,2,-1.0,-1.0,2,-1.0,-1.0,2,-1.0,-1.0,2,-1.0,-1.0,2,-1.0,-1.0,2,-1.0,-1.0,1,30000.0,9.0,2,-1.0,-1.0,2,-1.0,-1.0,0.0,4.65,0.0,5.0,0.0,8.12,0.0,11.13,YES,YES,3.0,26.56,3.0,27.58,0.0,4.48,0.0,7.82,2.0,24.89,4.0,42.49,4.0,44.06,0.0,11.3,0.0,9.98,0.0,5.48,8.0,58.57,1,1,1,1,2.0,5.0,2,1,2.0,7,4.0,1.0,-1.02,-0.88,8.0,2.0,12.0,12.0,1,1,1.0,1.0,1.0,1.0,1.0,1.0,1.0,1.0,3.0,49.99,2.0,-1.0,-1.0,-1.0,-1.0,-1.0,-1.0
11,1,1,1,1,3,1,0,0-18,1,1,5,1,5.0,11.0,8.0,2.0,-1.0,-1.0,-1.0,-1.0,-1.0,416.3426786,2001,3.0,-1.0,-1.0,-1.0,-1.11,-1.0,-1.19,-1.0,9.0,2017.0,2.0,-1.0,-1.0,1.0,9.0,2.0,-1.0,-1.0,2.0,-1.0,2.0,-1.0,-1.0,-1.0,-1.0,-1.0,-1.0,2.0,1.0,2.0,1.0,1.0,-1.0,-1.0,1.0,1.0,1.0,-1.0,-1.0,-1.0,-1.0,<10k,1,25000.0,1.0,2,-1.0,-1.0,2,-1.0,-1.0,2,-1.0,-1.0,2,-1.0,-1.0,2,-1.0,-1.0,2,-1.0,-1.0,1,30000.0,9.0,2,-1.0,-1.0,2,-1.0,-1.0,0.0,4.96,0.0,5.39,0.0,10.33,0.0,10.83,YES,YES,3.0,30.3,3.0,37.39,0.0,4.67,0.0,8.57,2.0,22.17,4.0,38.05,4.0,38.63,0.0,11.43,0.0,9.19,0.0,5.88,8.0,62.56,1,1,1,1,2.0,5.0,2,1,2.0,7,4.0,1.0,-1.1,-0.83,8.0,2.0,12.0,12.0,1,1,1.0,1.0,1.0,1.0,1.0,1.0,1.0,1.0,3.0,51.78,2.0,-1.0,-1.0,-1.0,-1.0,-1.0,-1.0
11,1,1,1,1,5,2,90,19-35,1,1,5,1,9.0,13.0,1.0,1.0,9322.0,10711.0,3.0,-1.0,-1.0,416.3426786,1996,-1.0,-1.0,-1.0,-1.0,-0.92,-1.0,-1.2,-1.0,-1.0,-1.0,2.0,-1.0,-1.0,2.0,-1.0,2.0,-1.0,-1.0,2.0,-1.0,2.0,-1.0,-1.0,-1.0,-1.0,-1.0,-1.0,2.0,1.0,2.0,1.0,1.0,-1.0,-1.0,1.0,1.0,1.0,1.0,13000.0,-1.0,-1.0,<10k,1,25000.0,1.0,2,-1.0,-1.0,2,-1.0,-1.0,2,-1.0,-1.0,2,-1.0,-1.0,2,-1.0,-1.0,2,-1.0,-1.0,1,30000.0,9.0,2,-1.0,-1.0,2,-1.0,-1.0,0.0,4.36,0.0,4.77,0.0,8.23,0.0,8.88,YES,YES,3.0,31.55,3.0,31.7,0.0,4.86,0.0,7.65,2.0,21.86,4.0,36.98,4.0,35.88,0.0,10.21,0.0,8.63,0.0,5.12,8.0,67.85,1,1,1,1,2.0,5.0,2,1,2.0,7,4.0,1.0,-1.11,-1.12,8.0,2.0,12.0,12.0,1,1,1.0,1.0,1.0,1.0,1.0,1.0,1.0,1.0,3.0,42.65,2.0,-1.0,-1.0,-1.0,-1.0,-1.0,-1.0
11,1,1,1,1,1,1,60,51-65,1,1,5,2,9.0,13.0,1.0,1.0,4110.0,84130.0,1.0,-1.0,-1.0,416.3426786,1961,-1.0,-1.0,-1.0,-1.0,-0.97,-1.0,-1.05,-1.0,-1.0,-1.0,1.0,3.0,1.0,2.0,-1.0,1.0,3.0,1.0,2.0,-1.0,1.0,1.0,2.0,2.0,6.0,2.0,-1.0,2.0,1.0,2.0,1.0,1.0,-1.0,-1.0,1.0,1.0,1.0,1.0,25000.0,-1.0,-1.0,<10k,1,25000.0,1.0,2,-1.0,-1.0,2,-1.0,-1.0,2,-1.0,-1.0,2,-1.0,-1.0,2,-1.0,-1.0,2,-1.0,-1.0,1,30000.0,9.0,2,-1.0,-1.0,2,-1.0,-1.0,0.0,5.24,0.0,4.33,0.0,11.41,0.0,10.75,YES,YES,3.0,31.92,3.0,33.15,0.0,6.0,0.0,8.28,2.0,24.9,4.0,41.1,4.0,43.05,0.0,12.52,0.0,11.05,0.0,4.96,8.0,60.64,1,1,1,1,2.0,5.0,2,1,2.0,7,4.0,1.0,-1.04,-1.14,8.0,2.0,12.0,12.0,1,1,1.0,1.0,1.0,1.0,1.0,1.0,1.0,1.0,3.0,44.25,2.0,-1.0,-1.0,-1.0,-1.0,-1.0,-1.0
11,1,1,1,1,2,2,60,51-65,1,1,5,2,9.0,13.0,7.0,1.0,7512.0,10712.0,5.0,-1.0,-1.0,416.3426786,1966,-1.0,-1.0,-1.0,-1.0,-1.09,-1.0,-1.04,-1.0,-1.0,-1.0,1.0,3.0,1.0,2.0,-1.0,2.0,-1.0,-1.0,2.0,-1.0,1.0,4.0,2.0,5.0,6.0,2.0,-1.0,2.0,1.0,2.0,1.0,1.0,-1.0,-1.0,1.0,1.0,1.0,-1.0,-1.0,-1.0,-1.0,<10k,1,25000.0,1.0,2,-1.0,-1.0,2,-1.0,-1.0,2,-1.0,-1.0,2,-1.0,-1.0,2,-1.0,-1.0,2,-1.0,-1.0,1,30000.0,9.0,2,-1.0,-1.0,2,-1.0,-1.0,0.0,5.63,0.0,4.46,0.0,8.88,0.0,10.05,YES,YES,3.0,26.62,3.0,27.89,0.0,4.95,0.0,7.64,2.0,25.39,4.0,43.11,4.0,44.66,0.0,9.62,0.0,9.84,0.0,5.69,8.0,52.67,1,1,1,1,2.0,5.0,2,1,2.0,7,4.0,1.0,-0.9,-0.98,8.0,2.0,12.0,12.0,1,1,1.0,1.0,1.0,1.0,1.0,1.0,1.0,1.0,3.0,63.58,2.0,-1.0,-1.0,-1.0,-1.0,-1.0,-1.0
11,1,1,1,1,3,2,80,19-35,1,1,5,1,9.0,15.0,1.0,1.0,3313.0,69201.0,3.0,-1.0,-1.0,416.3426786,1989,3.0,-1.0,-1.0,-1.0,-1.07,-1.0,-1.18,-1.0,9.0,2018.0,2.0,-1.0,-1.0,2.0,-1.0,2.0,-1.0,-1.0,2.0,-1.0,2.0,-1.0,-1.0,-1.0,-1.0,-1.0,-1.0,2.0,1.0,2.0,1.0,1.0,-1.0,-1.0,1.0,1.0,1.0,1.0,10000.0,-1.0,-1.0,<10k,1,25000.0,1.0,2,-1.0,-1.0,2,-1.0,-1.0,2,-1.0,-1.0,2,-1.0,-1.0,2,-1.0,-1.0,2,-1.0,-1.0,1,30000.0,9.0,2,-1.0,-1.0,2,-1.0,-1.0,0.0,6.47,0.0,5.26,0.0,10.5,0.0,10.65,YES,YES,3.0,23.74,3.0,27.0,0.0,5.78,0.0,10.11,2.0,24.34,4.0,44.8,4.0,36.91,0.0,9.6,0.0,10.19,0.0,4.68,8.0,54.15,1,1,1,1,2.0,5.0,2,1,2.0,7,4.0,1.0,-0.91,-1.01,8.0,2.0,12.0,12.0,1,1,1.0,1.0,1.0,1.0,1.0,1.0,1.0,1.0,3.0,54.52,2.0,-1.0,-1.0,-1.0,-1.0,-1.0,-1.0
11,1,1,1,1,3,2,90,19-35,1,1,5,1,9.0,13.0,1.0,1.0,2166.0,62020.0,5.0,-1.0,-1.0,416.3426786,1993,3.0,-1.0,-1.0,-1.0,-1.05,-1.0,-1.12,-1.0,9.0,2017.0,2.0,-1.0,-1.0,1.0,9.0,2.0,-1.0,-1.0,2.0,-1.0,2.0,-1.0,-1.0,-1.0,-1.0,-1.0,-1.0,2.0,1.0,2.0,1.0,1.0,-1.0,-1.0,1.0,1.0,1.0,-1.0,-1.0,-1.0,-1.0,<10k,1,25000.0,1.0,2,-1.0,-1.0,2,-1.0,-1.0,2,-1.0,-1.0,2,-1.0,-1.0,2,-1.0,-1.0,2,-1.0,-1.0,1,30000.0,9.0,2,-1.0,-1.0,2,-1.0,-1.0,0.0,5.44,0.0,4.42,0.0,10.42,0.0,10.19,YES,YES,3.0,31.3,3.0,28.02,0.0,5.01,0.0,6.82,2.0,26.9,4.0,35.8,4.0,37.62,0.0,10.94,0.0,12.13,0.0,4.85,8.0,59.45,1,1,1,1,2.0,5.0,2,1,2.0,7,4.0,1.0,-1.11,-1.26,8.0,2.0,12.0,12.0,1,1,1.0,1.0,1.0,1.0,1.0,1.0,1.0,1.0,3.0,59.6,2.0,-1.0,-1.0,-1.0,-1.0,-1.0,-1.0
11,1,1,1,1,3,2,90,19-35,1,1,5,1,9.0,13.0,1.0,1.0,3322.0,49233.0,3.0,-1.0,-1.0,416.3426786,1995,-1.0,-1.0,-1.0,-1.0,-0.99,-1.0,-1.09,-1.0,-1.0,-1.0,2.0,-1.0,-1.0,2.0,-1.0,2.0,-1.0,-1.0,2.0,-1.0,2.0,-1.0,-1.0,-1.0,-1.0,-1.0,-1.0,2.0,1.0,2.0,1.0,1.0,-1.0,-1.0,1.0,1.0,1.0,1.0,13000.0,-1.0,-1.0,<10k,1,25000.0,1.0,2,-1.0,-1.0,2,-1.0,-1.0,2,-1.0,-1.0,2,-1.0,-1.0,2,-1.0,-1.0,2,-1.0,-1.0,1,30000.0,9.0,2,-1.0,-1.0,2,-1.0,-1.0,0.0,5.13,0.0,5.18,0.0,10.83,0.0,10.66,YES,YES,3.0,28.59,3.0,23.42,0.0,4.56,0.0,9.09,2.0,22.44,4.0,33.55,4.0,43.78,0.0,11.24,0.0,9.7,0.0,5.27,8.0,59.63,1,1,1,1,2.0,5.0,2,1,2.0,7,4.0,1.0,-1.03,-1.11,8.0,2.0,12.0,12.0,1,1,1.0,1.0,1.0,1.0,1.0,1.0,1.0,1.0,3.0,52.92,2.0,-1.0,-1.0,-1.0,-1.0,-1.0,-1.0
11,1,1,1,1,1,1,70,36-50,1,1,1,2,9.0,8.0,1.0,1.0,7115.0,16213.0,3.0,-1.0,-1.0,416.3426786,1974,-1.0,-1.0,-1.0,-1.0,-1.13,-1.0,-1.11,-1.0,-1.0,-1.0,1.0,3.0,1.0,2.0,-1.0,1.0,3.0,1.0,2.0,-1.0,1.0,1.0,2.0,2.0,6.0,2.0,-1.0,2.0,1.0,2.0,1.0,1.0,-1.0,-1.0,1.0,1.0,1.0,1.0,25000.0,-1.0,-1.0,<10k,1,25000.0,1.0,2,-1.0,-1.0,2,-1.0,-1.0,2,-1.0,-1.0,2,-1.0,-1.0,2,-1.0,-1.0,2,-1.0,-1.0,1,30000.0,9.0,2,-1.0,-1.0,2,-1.0,-1.0,0.0,5.05,0.0,4.98,0.0,10.01,0.0,10.94,YES,YES,3.0,30.55,3.0,34.31,0.0,5.36,0.0,8.0,2.0,25.29,4.0,34.38,4.0,42.54,0.0,9.94,0.0,10.94,0.0,5.08,8.0,62.67,1,1,1,1,2.0,5.0,2,1,2.0,7,4.0,1.0,-0.92,-0.98,8.0,2.0,12.0,12.0,1,1,1.0,1.0,1.0,1.0,1.0,1.0,1.0,1.0,3.0,57.17,2.0,-1.0,-1.0,-1.0,-1.0,-1.0,-1.0
11,1,1,1,1,2,2,80,36-50,1,1,1,2,9.0,10.0,7.0,2.0,-1.0,-1.0,-1.0,-1.0,-1.0,416.3426786,1980,-1.0,-1.0,-1.0,-1.0,-1.16,-1.0,-0.95,-1.0,-1.0,-1.0,1.0,3.0,1.0,2.0,-1.0,2.0,-1.0,-1.0,2.0,-1.0,1.0,4.0,2.0,5.0,6.0,2.0,-1.0,2.0,1.0,2.0,1.0,1.0,-1.0,-1.0,1.0,1.0,1.0,-1.0,-1.0,-1.0,-1.0,<10k,1,25000.0,1.0,2,-1.0,-1.0,2,-1.0,-1.0,2,-1.0,-1.0,2,-1.0,-1.0,2,-1.0,-1.0,2,-1.0,-1.0,1,30000.0,9.0,2,-1.0,-1.0,2,-1.0,-1.0,0.0,5.13,0.0,5.3,0.0,9.79,0.0,11.27,YES,YES,3.0,31.54,3.0,32.64,0.0,5.04,0.0,7.54,2.0,32.23,4.0,37.74,4.0,40.59,0.0,9.17,0.0,12.05,0.0,4.32,8.0,61.5,1,1,1,1,2.0,5.0,2,1,2.0,7,4.0,1.0,-1.09,-1.21,8.0,2.0,12.0,12.0,1,1,1.0,1.0,1.0,1.0,1.0,1.0,1.0,1.0,3.0,54.97,2.0,-1.0,-1.0,-1.0,-1.0,-1.0,-1.0
11,1,1,1,1,3,2,0,0-18,1,1,1,1,2.0,9.0,-1.0,-1.0,-1.0,-1.0,-1.0,-1.0,-1.0,416.3426786,2004,3.0,-1.0,-1.0,-1.0,-1.0,-1.0,-0.98,-1.0,9.0,2018.0,2.0,-1.0,-1.0,2.0,-1.0,2.0,-1.0,-1.0,2.0,-1.0,2.0,-1.0,-1.0,-1.0,-1.0,-1.0,-1.0,2.0,1.0,2.0,1.0,1.0,-1.0,-1.0,1.0,1.0,1.0,1.0,10000.0,-1.0,-1.0,<10k,1,25000.0,1.0,2,-1.0,-1.0,2,-1.0,-1.0,2,-1.0,-1.0,2,-1.0,-1.0,2,-1.0,-1.0,2,-1.0,-1.0,1,30000.0,9.0,2,-1.0,-1.0,2,-1.0,-1.0,0.0,5.99,0.0,4.51,0.0,10.08,0.0,8.91,YES,YES,3.0,28.21,3.0,35.05,0.0,4.52,0.0,7.67,2.0,23.62,4.0,47.7,4.0,34.26,0.0,7.34,0.0,9.9,0.0,4.95,8.0,56.96,1,1,1,1,2.0,5.0,2,1,2.0,7,4.0,1.0,-1.1,-0.9,8.0,2.0,12.0,12.0,1,1,1.0,1.0,1.0,1.0,1.0,1.0,1.0,1.0,3.0,53.52,2.0,-1.0,-1.0,-1.0,-1.0,-1.0,-1.0
11,1,1,1,1,1,1,60,51-65,1,1,1,2,9.0,11.0,1.0,1.0,8323.0,49222.0,3.0,-1.0,-1.0,296.258656,1961,-1.0,-1.0,-1.0,-1.0,-0.97,-1.0,-0.96,-1.0,-1.0,-1.0,2.0,-1.0,-1.0,2.0,-1.0,2.0,-1.0,-1.0,2.0,-1.0,2.0,-1.0,-1.0,-1.0,-1.0,-1.0,-1.0,1.0,1.0,2.0,1.0,1.0,-1.0,-1.0,1.0,1.0,1.0,1.0,30000.0,-1.0,-1.0,<10k,2,-1.0,-1.0,2,-1.0,-1.0,2,-1.0,-1.0,2,-1.0,-1.0,2,-1.0,-1.0,2,-1.0,-1.0,2,-1.0,-1.0,1,300000.0,3.0,2,-1.0,-1.0,2,-1.0,-1.0,0.0,21.31,0.0,13.95,0.0,16.44,3.0,34.63,YES,YES,1.0,9.97,4.0,27.06,1.0,17.53,0.0,18.64,0.0,19.42,0.0,9.53,4.0,33.21,1.0,14.57,4.0,30.35,4.0,26.8,2.0,21.54,1,1,1,1,2.0,4.0,1,2,2.0,1,4.0,1.0,-1.05,-1.16,1.0,1.0,12.0,12.0,1,1,2.0,1.0,1.0,1.0,1.0,1.0,1.0,1.0,1.0,-0.99,1.0,1.0,2.0,2.0,2.0,1.0,2.0
11,1,1,1,1,2,2,60,51-65,1,1,1,2,9.0,11.0,1.0,1.0,7512.0,28250.0,5.0,-1.0,-1.0,296.258656,1963,-1.0,-1.0,-1.0,-1.0,-0.88,-1.0,-0.95,-1.0,-1.0,-1.0,1.0,3.0,1.0,1.0,1.0,2.0,-1.0,-1.0,2.0,-1.0,1.0,3.0,2.0,19.0,2.0,1.0,14.0,1.0,1.0,2.0,1.0,1.0,-1.0,-1.0,1.0,1.0,1.0,1.0,50000.0,-1.0,-1.0,<10k,2,-1.0,-1.0,2,-1.0,-1.0,2,-1.0,-1.0,2,-1.0,-1.0,2,-1.0,-1.0,2,-1.0,-1.0,2,-1.0,-1.0,1,300000.0,3.0,2,-1.0,-1.0,2,-1.0,-1.0,0.0,23.21,0.0,15.44,0.0,22.8,3.0,39.23,YES,YES,1.0,9.02,4.0,26.52,1.0,19.71,0.0,20.02,0.0,22.9,0.0,9.73,4.0,29.02,1.0,16.05,4.0,27.74,4.0,29.03,2.0,20.33,1,1,1,1,2.0,4.0,1,2,2.0,1,4.0,1.0,-1.08,-1.15,1.0,1.0,12.0,12.0,1,1,2.0,1.0,1.0,1.0,1.0,1.0,1.0,1.0,1.0,-1.07,1.0,1.0,2.0,2.0,2.0,1.0,2.0
11,1,1,1,1,3,1,90,19-35,1,1,1,1,6.0,13.0,8.0,2.0,-1.0,-1.0,-1.0,-1.0,-1.0,296.258656,1999,3.0,-1.0,-1.0,-1.0,-1.15,-1.0,-1.0,-1.0,7.0,-1.0,2.0,-1.0,-1.0,2.0,-1.0,2.0,-1.0,-1.0,2.0,-1.0,2.0,-1.0,-1.0,-1.0,-1.0,-1.0,-1.0,2.0,1.0,2.0,1.0,1.0,-1.0,-1.0,1.0,1.0,1.0,1.0,5000.0,-1.0,-1.0,<10k,2,-1.0,-1.0,2,-1.0,-1.0,2,-1.0,-1.0,2,-1.0,-1.0,2,-1.0,-1.0,2,-1.0,-1.0,2,-1.0,-1.0,1,300000.0,3.0,2,-1.0,-1.0,2,-1.0,-1.0,0.0,24.42,0.0,14.7,0.0,21.64,3.0,39.88,YES,YES,1.0,10.92,4.0,32.73,1.0,21.54,0.0,18.9,0.0,19.56,0.0,10.37,4.0,38.01,1.0,15.2,4.0,31.02,4.0,31.41,2.0,17.25,1,1,1,1,2.0,4.0,1,2,2.0,1,4.0,1.0,-0.86,-0.99,1.0,1.0,12.0,12.0,1,1,2.0,1.0,1.0,1.0,1.0,1.0,1.0,1.0,1.0,-1.05,1.0,1.0,2.0,2.0,2.0,1.0,2.0
11,1,1,1,1,1,1,80,19-35,1,1,1,4,9.0,10.0,1.0,1.0,8322.0,49233.0,3.0,-1.0,-1.0,296.258656,1988,-1.0,-1.0,-1.0,-1.0,-0.99,-1.0,-0.96,-1.0,-1.0,-1.0,2.0,-1.0,-1.0,2.0,-1.0,2.0,-1.0,-1.0,2.0,-1.0,2.0,-1.0,-1.0,-1.0,-1.0,-1.0,-1.0,1.0,1.0,2.0,1.0,1.0,-1.0,-1.0,1.0,1.0,1.0,1.0,30000.0,-1.0,-1.0,<10k,2,-1.0,-1.0,2,-1.0,-1.0,2,-1.0,-1.0,2,-1.0,-1.0,2,-1.0,-1.0,2,-1.0,-1.0,2,-1.0,-1.0,1,300000.0,3.0,2,-1.0,-1.0,2,-1.0,-1.0,0.0,17.43,0.0,15.89,0.0,18.56,3.0,46.14,YES,YES,1.0,11.86,4.0,25.6,1.0,18.13,0.0,21.88,0.0,15.77,0.0,9.69,4.0,29.71,1.0,16.43,4.0,30.97,4.0,30.64,2.0,16.86,1,1,1,1,2.0,4.0,1,2,2.0,1,4.0,1.0,-0.88,-0.91,1.0,1.0,12.0,12.0,1,1,2.0,1.0,1.0,1.0,1.0,1.0,1.0,1.0,1.0,-0.95,1.0,1.0,2.0,2.0,2.0,1.0,2.0
11,1,1,1,1,5,1,80,19-35,1,1,1,1,9.0,12.0,1.0,1.0,8322.0,49233.0,3.0,-1.0,-1.0,296.258656,1985,-1.0,-1.0,-1.0,-1.0,-1.01,-1.0,-0.83,-1.0,-1.0,-1.0,1.0,3.0,1.0,1.0,1.0,2.0,-1.0,-1.0,2.0,-1.0,1.0,3.0,2.0,19.0,2.0,1.0,14.0,1.0,1.0,2.0,1.0,1.0,-1.0,-1.0,1.0,1.0,1.0,1.0,50000.0,-1.0,-1.0,<10k,2,-1.0,-1.0,2,-1.0,-1.0,2,-1.0,-1.0,2,-1.0,-1.0,2,-1.0,-1.0,2,-1.0,-1.0,2,-1.0,-1.0,1,300000.0,3.0,2,-1.0,-1.0,2,-1.0,-1.0,0.0,22.02,0.0,15.21,0.0,23.27,3.0,33.46,YES,YES,1.0,11.78,4.0,34.65,1.0,21.11,0.0,18.36,0.0,24.6,0.0,10.67,4.0,36.88,1.0,15.27,4.0,30.59,4.0,28.6,2.0,18.45,1,1,1,1,2.0,4.0,1,2,2.0,1,4.0,1.0,-0.91,-1.13,1.0,1.0,12.0,12.0,1,1,2.0,1.0,1.0,1.0,1.0,1.0,1.0,1.0,1.0,-1.08,1.0,1.0,2.0,2.0,2.0,1.0,2.0
11,1,1,1,1,1,1,60,51-65,1,1,1,1,9.0,5.0,9.0,2.0,-1.0,-1.0,-1.0,-1.0,-1.0,296.258656,1964,-1.0,-1.0,-1.0,-1.0,-0.89,-1.0,-1.0,-1.0,-1.0,-1.0,2.0,-1.0,-1.0,2.0,-1.0,2.0,-1.0,-1.0,2.0,-1.0,2.0,-1.0,-1.0,-1.0,-1.0,-1.0,-1.0,1.0,1.0,2.0,1.0,1.0,-1.0,-1.0,1.0,1.0,1.0,1.0,30000.0,-1.0,-1.0,<10k,2,-1.0,-1.0,2,-1.0,-1.0,2,-1.0,-1.0,2,-1.0,-1.0,2,-1.0,-1.0,2,-1.0,-1.0,2,-1.0,-1.0,1,300000.0,3.0,2,-1.0,-1.0,2,-1.0,-1.0,0.0,22.25,0.0,13.81,0.0,21.2,3.0,37.48,YES,YES,1.0,11.37,4.0,30.62,1.0,19.49,0.0,21.19,0.0,23.08,0.0,11.57,4.0,35.83,1.0,14.83,4.0,27.25,4.0,26.58,2.0,22.49,1,1,1,1,2.0,4.0,1,2,2.0,1,4.0,1.0,-0.95,-1.03,1.0,1.0,12.0,12.0,1,1,2.0,1.0,1.0,1.0,1.0,1.0,1.0,1.0,1.0,-1.14,1.0,1.0,2.0,2.0,2.0,1.0,2.0
11,1,1,1,1,5,1,50,51-65,1,1,1,1,9.0,4.0,9.0,2.0,-1.0,-1.0,-1.0,-1.0,-1.0,296.258656,1958,-1.0,-1.0,-1.0,-1.0,-1.0,-1.0,-0.87,-1.0,-1.0,-1.0,1.0,3.0,1.0,1.0,1.0,2.0,-1.0,-1.0,2.0,-1.0,1.0,3.0,2.0,19.0,2.0,1.0,14.0,1.0,1.0,2.0,1.0,1.0,-1.0,-1.0,1.0,1.0,1.0,1.0,50000.0,-1.0,-1.0,<10k,2,-1.0,-1.0,2,-1.0,-1.0,2,-1.0,-1.0,2,-1.0,-1.0,2,-1.0,-1.0,2,-1.0,-1.0,2,-1.0,-1.0,1,300000.0,3.0,2,-1.0,-1.0,2,-1.0,-1.0,0.0,20.44,0.0,16.19,0.0,20.79,3.0,40.57,YES,YES,1.0,10.37,4.0,29.03,1.0,22.61,0.0,20.37,0.0,20.66,0.0,10.82,4.0,38.89,1.0,16.0,4.0,28.81,4.0,30.87,2.0,20.08,1,1,1,1,2.0,4.0,1,2,2.0,1,4.0,1.0,-0.93,-0.79,1.0,1.0,12.0,12.0,1,1,2.0,1.0,1.0,1.0,1.0,1.0,1.0,1.0,1.0,-0.95,1.0,1.0,2.0,2.0,2.0,1.0,2.0
11,1,1,1,1,5,1,60,51-65,1,1,1,1,9.0,5.0,1.0,1.0,5249.0,46492.0,3.0,-1.0,-1.0,296.258656,1967,3.0,-1.0,-1.0,-1.0,-0.83,-1.0,-0.93,-1.0,7.0,-1.0,2.0,-1.0,-1.0,2.0,-1.0,2.0,-1.0,-1.0,2.0,-1.0,2.0,-1.0,-1.0,-1.0,-1.0,-1.0,-1.0,2.0,1.0,2.0,1.0,1.0,-1.0,-1.0,1.0,1.0,1.0,1.0,5000.0,-1.0,-1.0,<10k,2,-1.0,-1.0,2,-1.0,-1.0,2,-1.0,-1.0,2,-1.0,-1.0,2,-1.0,-1.0,2,-1.0,-1.0,2,-1.0,-1.0,1,300000.0,3.0,2,-1.0,-1.0,2,-1.0,-1.0,0.0,19.27,0.0,15.87,0.0,18.33,3.0,32.86,YES,YES,1.0,12.21,4.0,27.27,1.0,17.28,0.0,19.08,0.0,18.7,0.0,10.33,4.0,29.41,1.0,15.78,4.0,23.64,4.0,31.39,2.0,19.68,1,1,1,1,2.0,4.0,1,2,2.0,1,4.0,1.0,-0.94,-1.02,1.0,1.0,12.0,12.0,1,1,2.0,1.0,1.0,1.0,1.0,1.0,1.0,1.0,1.0,-0.98,1.0,1.0,2.0,2.0,2.0,1.0,2.0
11,1,1,1,1,1,1,70,36-50,1,1,1,2,9.0,10.0,1.0,1.0,7221.0,43211.0,5.0,-1.0,-1.0,296.258656,1970,-1.0,-1.0,-1.0,-1.0,-0.96,-1.0,-0.94,-1.0,-1.0,-1.0,2.0,-1.0,-1.0,2.0,-1.0,2.0,-1.0,-1.0,2.0,-1.0,2.0,-1.0,-1.0,-1.0,-1.0,-1.0,-1.0,1.0,1.0,2.0,1.0,1.0,-1.0,-1.0,1.0,1.0,1.0,1.0,30000.0,-1.0,-1.0,<10k,2,-1.0,-1.0,2,-1.0,-1.0,2,-1.0,-1.0,2,-1.0,-1.0,2,-1.0,-1.0,2,-1.0,-1.0,2,-1.0,-1.0,1,300000.0,3.0,2,-1.0,-1.0,2,-1.0,-1.0,0.0,16.94,0.0,14.73,0.0,19.54,3.0,35.55,YES,YES,1.0,9.16,4.0,28.46,1.0,20.42,0.0,20.43,0.0,21.62,0.0,10.81,4.0,35.02,1.0,18.46,4.0,32.14,4.0,29.36,2.0,21.72,1,1,1,1,2.0,4.0,1,2,2.0,1,4.0,1.0,-0.99,-1.04,1.0,1.0,12.0,12.0,1,1,2.0,1.0,1.0,1.0,1.0,1.0,1.0,1.0,1.0,-1.07,1.0,1.0,2.0,2.0,2.0,1.0,2.0
11,1,1,1,1,2,2,70,36-50,1,1,1,2,9.0,10.0,1.0,1.0,9322.0,85492.0,3.0,-1.0,-1.0,296.258656,1971,-1.0,-1.0,-1.0,-1.0,-0.87,-1.0,-1.09,-1.0,-1.0,-1.0,1.0,3.0,1.0,1.0,1.0,2.0,-1.0,-1.0,2.0,-1.0,1.0,3.0,2.0,19.0,2.0,1.0,14.0,1.0,1.0,2.0,1.0,1.0,-1.0,-1.0,1.0,1.0,1.0,1.0,50000.0,-1.0,-1.0,<10k,2,-1.0,-1.0,2,-1.0,-1.0,2,-1.0,-1.0,2,-1.0,-1.0,2,-1.0,-1.0,2,-1.0,-1.0,2,-1.0,-1.0,1,300000.0,3.0,2,-1.0,-1.0,2,-1.0,-1.0,0.0,19.86,0.0,16.21,0.0,17.06,3.0,32.68,YES,YES,1.0,12.16,4.0,25.83,1.0,18.06,0.0,18.8,0.0,17.62,0.0,10.28,4.0,28.89,1.0,14.76,4.0,29.37,4.0,32.35,2.0,17.43,1,1,1,1,2.0,4.0,1,2,2.0,1,4.0,1.0,-0.94,-0.86,1.0,1.0,12.0,12.0,1,1,2.0,1.0,1.0,1.0,1.0,1.0,1.0,1.0,1.0,-0.78,1.0,1.0,2.0,2.0,2.0,1.0,2.0
11,1,1,1,1,3,2,0,0-18,1,1,1,1,2.0,11.0,8.0,2.0,-1.0,-1.0,-1.0,-1.0,-1.0,296.258656,2000,3.0,-1.0,-1.0,-1.0,-0.92,-1.0,-0.96,-1.0,7.0,-1.0,2.0,-1.0,-1.0,2.0,-1.0,2.0,-1.0,-1.0,2.0,-1.0,2.0,-1.0,-1.0,-1.0,-1.0,-1.0,-1.0,2.0,1.0,2.0,1.0,1.0,-1.0,-1.0,1.0,1.0,1.0,1.0,5000.0,-1.0,-1.0,<10k,2,-1.0,-1.0,2,-1.0,-1.0,2,-1.0,-1.0,2,-1.0,-1.0,2,-1.0,-1.0,2,-1.0,-1.0,2,-1.0,-1.0,1,300000.0,3.0,2,-1.0,-1.0,2,-1.0,-1.0,0.0,20.85,0.0,14.96,0.0,18.99,3.0,37.38,YES,YES,1.0,11.12,4.0,33.61,1.0,19.19,0.0,18.77,0.0,19.12,0.0,8.52,4.0,27.17,1.0,12.83,4.0,27.33,4.0,26.31,2.0,16.18,1,1,1,1,2.0,4.0,1,2,2.0,1,4.0,1.0,-1.02,-1.05,1.0,1.0,12.0,12.0,1,1,2.0,1.0,1.0,1.0,1.0,1.0,1.0,1.0,1.0,-0.92,1.0,1.0,2.0,2.0,2.0,1.0,2.0
11,1,1,1,1,3,2,0,0-18,1,1,1,1,2.0,10.0,8.0,2.0,-1.0,-1.0,-1.0,-1.0,-1.0,296.258656,2003,1.0,1.0,11.0,10.0,5.35,5.0,12.93,-1.0,-1.0,-1.0,2.0,-1.0,-1.0,2.0,-1.0,2.0,-1.0,-1.0,2.0,-1.0,2.0,-1.0,-1.0,-1.0,-1.0,-1.0,-1.0,2.0,1.0,2.0,1.0,1.0,-1.0,-1.0,1.0,1.0,1.0,-1.0,-1.0,-1.0,-1.0,<10k,2,-1.0,-1.0,2,-1.0,-1.0,2,-1.0,-1.0,2,-1.0,-1.0,2,-1.0,-1.0,2,-1.0,-1.0,2,-1.0,-1.0,1,300000.0,3.0,2,-1.0,-1.0,2,-1.0,-1.0,0.0,23.3,0.0,12.06,0.0,18.05,3.0,32.9,YES,YES,1.0,10.65,4.0,34.34,1.0,20.07,0.0,20.54,0.0,19.37,0.0,10.34,4.0,34.77,1.0,16.29,4.0,32.1,4.0,24.34,2.0,20.75,1,1,1,1,2.0,4.0,1,2,2.0,1,4.0,1.0,-1.03,-0.92,1.0,1.0,12.0,12.0,1,1,2.0,1.0,1.0,1.0,1.0,1.0,1.0,1.0,1.0,-0.98,1.0,1.0,2.0,2.0,2.0,1.0,2.0
11,1,1,1,1,3,2,0,0-18,1,1,1,1,2.0,7.0,-1.0,-1.0,-1.0,-1.0,-1.0,-1.0,-1.0,296.258656,2006,1.0,1.0,8.0,7.0,5.17,5.0,15.15,-1.0,-1.0,-1.0,2.0,-1.0,-1.0,2.0,-1.0,1.0,9.0,9.0,2.0,-1.0,2.0,-1.0,-1.0,-1.0,-1.0,-1.0,-1.0,2.0,1.0,2.0,1.0,1.0,-1.0,-1.0,1.0,1.0,1.0,-1.0,-1.0,-1.0,-1.0,<10k,2,-1.0,-1.0,2,-1.0,-1.0,2,-1.0,-1.0,2,-1.0,-1.0,2,-1.0,-1.0,2,-1.0,-1.0,2,-1.0,-1.0,1,300000.0,3.0,2,-1.0,-1.0,2,-1.0,-1.0,0.0,21.29,0.0,14.17,0.0,22.3,3.0,40.88,YES,YES,1.0,11.27,4.0,29.7,1.0,15.94,0.0,22.45,0.0,20.11,0.0,10.41,4.0,39.26,1.0,18.05,4.0,31.36,4.0,27.82,2.0,16.49,1,1,1,1,2.0,4.0,1,2,2.0,1,4.0,1.0,-0.93,-0.77,1.0,1.0,12.0,12.0,1,1,2.0,1.0,1.0,1.0,1.0,1.0,1.0,1.0,1.0,-1.0,1.0,1.0,2.0,2.0,2.0,1.0,2.0
11,1,1,1,1,1,1,60,36-50,1,1,1,2,9.0,11.0,1.0,1.0,8323.0,49222.0,5.0,-1.0,-1.0,296.258656,1968,-1.0,-1.0,-1.0,-1.0,-1.06,-1.0,-0.88,-1.0,-1.0,-1.0,2.0,-1.0,-1.0,2.0,-1.0,2.0,-1.0,-1.0,2.0,-1.0,2.0,-1.0,-1.0,-1.0,-1.0,-1.0,-1.0,1.0,1.0,2.0,1.0,1.0,-1.0,-1.0,1.0,1.0,1.0,1.0,30000.0,-1.0,-1.0,<10k,2,-1.0,-1.0,2,-1.0,-1.0,2,-1.0,-1.0,2,-1.0,-1.0,2,-1.0,-1.0,2,-1.0,-1.0,2,-1.0,-1.0,1,300000.0,3.0,2,-1.0,-1.0,2,-1.0,-1.0,0.0,19.91,0.0,13.97,0.0,21.19,3.0,37.23,YES,YES,1.0,11.09,4.0,30.95,1.0,18.68,0.0,21.04,0.0,21.95,0.0,8.37,4.0,41.77,1.0,12.47,4.0,30.6,4.0,31.35,2.0,23.49,1,1,1,1,2.0,4.0,1,2,2.0,1,4.0,1.0,-0.88,-1.01,1.0,1.0,12.0,12.0,1,1,2.0,1.0,1.0,1.0,1.0,1.0,1.0,1.0,1.0,-0.96,1.0,1.0,2.0,2.0,2.0,1.0,2.0
11,1,1,1,1,2,2,80,36-50,1,1,1,2,9.0,9.0,1.0,1.0,7531.0,14105.0,2.0,-1.0,-1.0,296.258656,1980,-1.0,-1.0,-1.0,-1.0,-0.88,-1.0,-0.99,-1.0,-1.0,-1.0,1.0,3.0,1.0,1.0,1.0,2.0,-1.0,-1.0,2.0,-1.0,1.0,3.0,2.0,19.0,2.0,1.0,14.0,1.0,1.0,2.0,1.0,1.0,-1.0,-1.0,1.0,1.0,1.0,1.0,50000.0,-1.0,-1.0,<10k,2,-1.0,-1.0,2,-1.0,-1.0,2,-1.0,-1.0,2,-1.0,-1.0,2,-1.0,-1.0,2,-1.0,-1.0,2,-1.0,-1.0,1,300000.0,3.0,2,-1.0,-1.0,2,-1.0,-1.0,0.0,19.91,0.0,16.13,0.0,19.95,3.0,46.48,YES,YES,1.0,9.75,4.0,29.78,1.0,16.4,0.0,22.49,0.0,17.86,0.0,9.8,4.0,38.05,1.0,16.07,4.0,32.08,4.0,32.01,2.0,19.75,1,1,1,1,2.0,4.0,1,2,2.0,1,4.0,1.0,-1.22,-1.04,1.0,1.0,12.0,12.0,1,1,2.0,1.0,1.0,1.0,1.0,1.0,1.0,1.0,1.0,-0.92,1.0,1.0,2.0,2.0,2.0,1.0,2.0
11,1,1,1,1,3,1,0,0-18,1,1,1,1,2.0,4.0,-1.0,-1.0,-1.0,-1.0,-1.0,-1.0,-1.0,296.258656,2009,3.0,-1.0,-1.0,-1.0,-1.11,-1.0,-0.92,-1.0,7.0,-1.0,2.0,-1.0,-1.0,2.0,-1.0,2.0,-1.0,-1.0,2.0,-1.0,2.0,-1.0,-1.0,-1.0,-1.0,-1.0,-1.0,2.0,1.0,2.0,1.0,1.0,-1.0,-1.0,1.0,1.0,1.0,1.0,5000.0,-1.0,-1.0,<10k,2,-1.0,-1.0,2,-1.0,-1.0,2,-1.0,-1.0,2,-1.0,-1.0,2,-1.0,-1.0,2,-1.0,-1.0,2,-1.0,-1.0,1,300000.0,3.0,2,-1.0,-1.0,2,-1.0,-1.0,0.0,17.68,0.0,14.87,0.0,19.12,3.0,36.63,YES,YES,1.0,9.2,4.0,30.33,1.0,22.52,0.0,20.24,0.0,19.33,0.0,9.9,4.0,35.45,1.0,14.93,4.0,31.69,4.0,33.65,2.0,17.93,1,1,1,1,2.0,4.0,1,2,2.0,1,4.0,1.0,-1.1,-0.99,1.0,1.0,12.0,12.0,1,1,2.0,1.0,1.0,1.0,1.0,1.0,1.0,1.0,1.0,-0.98,1.0,1.0,2.0,2.0,2.0,1.0,2.0
11,1,1,1,1,1,1,40,66+,1,1,1,2,9.0,8.0,9.0,2.0,-1.0,-1.0,-1.0,-1.0,-1.0,296.258656,1942,-1.0,-1.0,-1.0,-1.0,-1.05,-1.0,-0.99,-1.0,-1.0,-1.0,2.0,-1.0,-1.0,2.0,-1.0,2.0,-1.0,-1.0,2.0,-1.0,2.0,-1.0,-1.0,-1.0,-1.0,-1.0,-1.0,1.0,1.0,2.0,1.0,1.0,-1.0,-1.0,1.0,1.0,1.0,1.0,30000.0,-1.0,-1.0,<10k,2,-1.0,-1.0,2,-1.0,-1.0,2,-1.0,-1.0,2,-1.0,-1.0,2,-1.0,-1.0,2,-1.0,-1.0,2,-1.0,-1.0,1,300000.0,3.0,2,-1.0,-1.0,2,-1.0,-1.0,0.0,19.29,0.0,14.37,0.0,20.25,3.0,30.67,YES,YES,1.0,9.46,4.0,28.5,1.0,18.83,0.0,19.42,0.0,18.28,0.0,9.28,4.0,32.99,1.0,14.13,4.0,33.89,4.0,25.91,2.0,19.05,1,1,1,1,2.0,4.0,1,2,2.0,1,4.0,1.0,-0.89,-1.01,1.0,1.0,12.0,12.0,1,1,2.0,1.0,1.0,1.0,1.0,1.0,1.0,1.0,1.0,-1.12,1.0,1.0,2.0,2.0,2.0,1.0,2.0
11,1,1,1,1,2,2,40,66+,1,1,1,2,9.0,11.0,7.0,2.0,-1.0,-1.0,-1.0,-1.0,-1.0,296.258656,1944,-1.0,-1.0,-1.0,-1.0,-1.0,-1.0,-0.84,-1.0,-1.0,-1.0,1.0,3.0,1.0,1.0,1.0,2.0,-1.0,-1.0,2.0,-1.0,1.0,3.0,2.0,19.0,2.0,1.0,14.0,1.0,1.0,2.0,1.0,1.0,-1.0,-1.0,1.0,1.0,1.0,1.0,50000.0,-1.0,-1.0,<10k,2,-1.0,-1.0,2,-1.0,-1.0,2,-1.0,-1.0,2,-1.0,-1.0,2,-1.0,-1.0,2,-1.0,-1.0,2,-1.0,-1.0,1,300000.0,3.0,2,-1.0,-1.0,2,-1.0,-1.0,0.0,19.64,0.0,14.51,0.0,20.93,3.0,39.01,YES,YES,1.0,10.89,4.0,30.14,1.0,24.22,0.0,21.33,0.0,22.95,0.0,8.74,4.0,34.67,1.0,15.35,4.0,31.03,4.0,34.16,2.0,20.38,1,1,1,1,2.0,4.0,1,2,2.0,1,4.0,1.0,-1.09,-1.02,1.0,1.0,12.0,12.0,1,1,2.0,1.0,1.0,1.0,1.0,1.0,1.0,1.0,1.0,-1.07,1.0,1.0,2.0,2.0,2.0,1.0,2.0
11,1,1,1,1,5,1,60,51-65,1,1,1,2,9.0,13.0,1.0,1.0,8332.0,19200.0,2.0,-1.0,-1.0,296.258656,1966,3.0,-1.0,-1.0,-1.0,-1.05,-1.0,-1.03,-1.0,7.0,-1.0,2.0,-1.0,-1.0,2.0,-1.0,2.0,-1.0,-1.0,2.0,-1.0,2.0,-1.0,-1.0,-1.0,-1.0,-1.0,-1.0,2.0,1.0,2.0,1.0,1.0,-1.0,-1.0,1.0,1.0,1.0,1.0,5000.0,-1.0,-1.0,<10k,2,-1.0,-1.0,2,-1.0,-1.0,2,-1.0,-1.0,2,-1.0,-1.0,2,-1.0,-1.0,2,-1.0,-1.0,2,-1.0,-1.0,1,300000.0,3.0,2,-1.0,-1.0,2,-1.0,-1.0,0.0,19.47,0.0,16.72,0.0,19.2,3.0,41.71,YES,YES,1.0,11.66,4.0,28.84,1.0,22.34,0.0,18.93,0.0,20.18,0.0,8.38,4.0,35.31,1.0,16.69,4.0,28.7,4.0,29.94,2.0,20.99,1,1,1,1,2.0,4.0,1,2,2.0,1,4.0,1.0,-0.95,-0.98,1.0,1.0,12.0,12.0,1,1,2.0,1.0,1.0,1.0,1.0,1.0,1.0,1.0,1.0,-1.07,1.0,1.0,2.0,2.0,2.0,1.0,2.0
11,1,1,1,1,3,2,70,36-50,1,1,1,2,9.0,13.0,7.0,2.0,-1.0,-1.0,-1.0,-1.0,-1.0,296.258656,1974,1.0,1.0,11.0,10.0,4.4,5.0,17.72,-1.0,-1.0,-1.0,2.0,-1.0,-1.0,2.0,-1.0,2.0,-1.0,-1.0,2.0,-1.0,2.0,-1.0,-1.0,-1.0,-1.0,-1.0,-1.0,2.0,1.0,2.0,1.0,1.0,-1.0,-1.0,1.0,1.0,1.0,-1.0,-1.0,-1.0,-1.0,<10k,2,-1.0,-1.0,2,-1.0,-1.0,2,-1.0,-1.0,2,-1.0,-1.0,2,-1.0,-1.0,2,-1.0,-1.0,2,-1.0,-1.0,1,300000.0,3.0,2,-1.0,-1.0,2,-1.0,-1.0,0.0,23.08,0.0,16.53,0.0,24.82,3.0,36.09,YES,YES,1.0,10.4,4.0,35.03,1.0,24.3,0.0,21.6,0.0,14.5,0.0,10.72,4.0,33.11,1.0,16.54,4.0,24.12,4.0,33.57,2.0,23.74,1,1,1,1,2.0,4.0,1,2,2.0,1,4.0,1.0,-0.9,-0.93,1.0,1.0,12.0,12.0,1,1,2.0,1.0,1.0,1.0,1.0,1.0,1.0,1.0,1.0,-0.96,1.0,1.0,2.0,2.0,2.0,1.0,2.0
11,1,1,1,1,5,1,90,19-35,1,1,1,1,4.0,13.0,8.0,2.0,-1.0,-1.0,-1.0,-1.0,-1.0,296.258656,1999,1.0,1.0,8.0,7.0,3.83,5.0,16.25,-1.0,-1.0,-1.0,2.0,-1.0,-1.0,2.0,-1.0,1.0,9.0,9.0,2.0,-1.0,2.0,-1.0,-1.0,-1.0,-1.0,-1.0,-1.0,2.0,1.0,2.0,1.0,1.0,-1.0,-1.0,1.0,1.0,1.0,-1.0,-1.0,-1.0,-1.0,<10k,2,-1.0,-1.0,2,-1.0,-1.0,2,-1.0,-1.0,2,-1.0,-1.0,2,-1.0,-1.0,2,-1.0,-1.0,2,-1.0,-1.0,1,300000.0,3.0,2,-1.0,-1.0,2,-1.0,-1.0,0.0,19.09,0.0,12.83,0.0,21.06,3.0,37.76,YES,YES,1.0,8.38,4.0,28.44,1.0,18.37,0.0,20.32,0.0,20.49,0.0,11.62,4.0,31.5,1.0,15.17,4.0,26.7,4.0,30.84,2.0,21.43,1,1,1,1,2.0,4.0,1,2,2.0,1,4.0,1.0,-0.99,-0.95,1.0,1.0,12.0,12.0,1,1,2.0,1.0,1.0,1.0,1.0,1.0,1.0,1.0,1.0,-0.96,1.0,1.0,2.0,2.0,2.0,1.0,2.0
11,1,1,1,1,5,2,0,0-18,1,1,1,1,2.0,9.0,-1.0,-1.0,-1.0,-1.0,-1.0,-1.0,-1.0,296.258656,2004,1.0,1.0,10.0,9.0,9.61,6.0,41.49,-1.0,-1.0,-1.0,2.0,-1.0,-1.0,2.0,-1.0,2.0,-1.0,-1.0,1.0,1.0,1.0,99.0,2.0,5.0,0.0,1.0,1.0,2.0,1.0,2.0,1.0,1.0,-1.0,-1.0,1.0,1.0,1.0,-1.0,-1.0,-1.0,-1.0,<10k,2,-1.0,-1.0,2,-1.0,-1.0,2,-1.0,-1.0,2,-1.0,-1.0,2,-1.0,-1.0,2,-1.0,-1.0,2,-1.0,-1.0,1,300000.0,3.0,2,-1.0,-1.0,2,-1.0,-1.0,0.0,21.37,0.0,13.75,0.0,20.33,3.0,38.67,YES,YES,1.0,9.22,4.0,30.37,1.0,19.56,0.0,20.19,0.0,21.72,0.0,8.92,4.0,34.17,1.0,13.59,4.0,29.27,4.0,23.59,2.0,22.58,1,1,1,1,2.0,4.0,1,2,2.0,1,4.0,1.0,-1.05,-0.92,1.0,1.0,12.0,12.0,1,1,2.0,1.0,1.0,1.0,1.0,1.0,1.0,1.0,1.0,-0.96,1.0,1.0,2.0,2.0,2.0,1.0,2.0
11,1,1,1,1,1,1,70,36-50,1,1,1,2,9.0,11.0,1.0,1.0,1420.0,55101.0,5.0,-1.0,-1.0,296.258656,1973,-1.0,-1.0,-1.0,-1.0,-1.04,-1.0,-1.02,-1.0,-1.0,-1.0,2.0,-1.0,-1.0,2.0,-1.0,2.0,-1.0,-1.0,2.0,-1.0,2.0,-1.0,-1.0,-1.0,-1.0,-1.0,-1.0,1.0,1.0,2.0,1.0,1.0,-1.0,-1.0,1.0,1.0,1.0,1.0,30000.0,-1.0,-1.0,<10k,2,-1.0,-1.0,2,-1.0,-1.0,2,-1.0,-1.0,2,-1.0,-1.0,2,-1.0,-1.0,2,-1.0,-1.0,2,-1.0,-1.0,1,300000.0,3.0,2,-1.0,-1.0,2,-1.0,-1.0,0.0,15.64,0.0,13.35,0.0,20.26,3.0,46.0,YES,YES,1.0,9.48,4.0,29.45,1.0,22.38,0.0,21.47,0.0,21.14,0.0,9.94,4.0,38.27,1.0,13.22,4.0,31.22,4.0,30.32,2.0,21.87,1,1,1,1,2.0,4.0,1,2,2.0,1,4.0,1.0,-0.85,-0.79,1.0,1.0,12.0,12.0,1,1,2.0,1.0,1.0,1.0,1.0,1.0,1.0,1.0,1.0,-1.17,1.0,1.0,2.0,2.0,2.0,1.0,2.0
11,1,1,1,1,2,2,80,36-50,1,1,1,2,9.0,11.0,7.0,2.0,-1.0,-1.0,-1.0,-1.0,-1.0,296.258656,1982,-1.0,-1.0,-1.0,-1.0,-0.87,-1.0,-0.81,-1.0,-1.0,-1.0,1.0,3.0,1.0,1.0,1.0,2.0,-1.0,-1.0,2.0,-1.0,1.0,3.0,2.0,19.0,2.0,1.0,14.0,1.0,1.0,2.0,1.0,1.0,-1.0,-1.0,1.0,1.0,1.0,1.0,50000.0,-1.0,-1.0,<10k,2,-1.0,-1.0,2,-1.0,-1.0,2,-1.0,-1.0,2,-1.0,-1.0,2,-1.0,-1.0,2,-1.0,-1.0,2,-1.0,-1.0,1,300000.0,3.0,2,-1.0,-1.0,2,-1.0,-1.0,0.0,21.64,0.0,15.08,0.0,16.1,3.0,47.0,YES,YES,1.0,11.15,4.0,30.52,1.0,20.4,0.0,19.58,0.0,21.21,0.0,10.15,4.0,36.06,1.0,15.31,4.0,33.16,4.0,34.62,2.0,20.27,1,1,1,1,2.0,4.0,1,2,2.0,1,4.0,1.0,-1.06,-0.97,1.0,1.0,12.0,12.0,1,1,2.0,1.0,1.0,1.0,1.0,1.0,1.0,1.0,1.0,-1.06,1.0,1.0,2.0,2.0,2.0,1.0,2.0
11,1,1,1,1,3,2,0,0-18,1,1,1,1,2.0,7.0,-1.0,-1.0,-1.0,-1.0,-1.0,-1.0,-1.0,296.258656,2007,3.0,-1.0,-1.0,-1.0,-1.01,-1.0,-1.08,-1.0,7.0,-1.0,2.0,-1.0,-1.0,2.0,-1.0,2.0,-1.0,-1.0,2.0,-1.0,2.0,-1.0,-1.0,-1.0,-1.0,-1.0,-1.0,2.0,1.0,2.0,1.0,1.0,-1.0,-1.0,1.0,1.0,1.0,1.0,5000.0,-1.0,-1.0,<10k,2,-1.0,-1.0,2,-1.0,-1.0,2,-1.0,-1.0,2,-1.0,-1.0,2,-1.0,-1.0,2,-1.0,-1.0,2,-1.0,-1.0,1,300000.0,3.0,2,-1.0,-1.0,2,-1.0,-1.0,0.0,19.04,0.0,15.31,0.0,22.32,3.0,46.5,YES,YES,1.0,9.11,4.0,28.63,1.0,15.62,0.0,19.66,0.0,21.32,0.0,8.44,4.0,34.34,1.0,15.33,4.0,29.3,4.0,28.68,2.0,19.1,1,1,1,1,2.0,4.0,1,2,2.0,1,4.0,1.0,-0.86,-1.05,1.0,1.0,12.0,12.0,1,1,2.0,1.0,1.0,1.0,1.0,1.0,1.0,1.0,1.0,-0.9,1.0,1.0,2.0,2.0,2.0,1.0,2.0
11,1,1,1,1,3,1,10,0-18,1,1,1,1,2.0,4.0,-1.0,-1.0,-1.0,-1.0,-1.0,-1.0,-1.0,296.258656,2010,1.0,1.0,11.0,10.0,4.54,5.0,16.11,-1.0,-1.0,-1.0,2.0,-1.0,-1.0,2.0,-1.0,2.0,-1.0,-1.0,2.0,-1.0,2.0,-1.0,-1.0,-1.0,-1.0,-1.0,-1.0,2.0,1.0,2.0,1.0,1.0,-1.0,-1.0,1.0,1.0,1.0,-1.0,-1.0,-1.0,-1.0,<10k,2,-1.0,-1.0,2,-1.0,-1.0,2,-1.0,-1.0,2,-1.0,-1.0,2,-1.0,-1.0,2,-1.0,-1.0,2,-1.0,-1.0,1,300000.0,3.0,2,-1.0,-1.0,2,-1.0,-1.0,0.0,17.35,0.0,14.31,0.0,20.23,3.0,42.46,YES,YES,1.0,10.67,4.0,29.51,1.0,22.18,0.0,20.23,0.0,20.98,0.0,10.02,4.0,38.76,1.0,16.1,4.0,29.25,4.0,28.68,2.0,18.56,1,1,1,1,2.0,4.0,1,2,2.0,1,4.0,1.0,-0.95,-1.14,1.0,1.0,12.0,12.0,1,1,2.0,1.0,1.0,1.0,1.0,1.0,1.0,1.0,1.0,-1.04,1.0,1.0,2.0,2.0,2.0,1.0,2.0
11,1,1,1,1,1,1,60,51-65,1,1,1,2,9.0,15.0,1.0,1.0,3334.0,10791.0,3.0,-1.0,-1.0,296.258656,1966,-1.0,-1.0,-1.0,-1.0,-1.1,-1.0,-1.0,-1.0,-1.0,-1.0,2.0,-1.0,-1.0,2.0,-1.0,2.0,-1.0,-1.0,2.0,-1.0,2.0,-1.0,-1.0,-1.0,-1.0,-1.0,-1.0,1.0,1.0,2.0,1.0,1.0,-1.0,-1.0,1.0,1.0,1.0,1.0,30000.0,-1.0,-1.0,<10k,2,-1.0,-1.0,2,-1.0,-1.0,2,-1.0,-1.0,2,-1.0,-1.0,2,-1.0,-1.0,2,-1.0,-1.0,2,-1.0,-1.0,1,300000.0,3.0,2,-1.0,-1.0,2,-1.0,-1.0,0.0,17.01,0.0,13.6,0.0,16.79,3.0,31.91,YES,YES,1.0,9.3,4.0,31.16,1.0,19.39,0.0,18.05,0.0,17.76,0.0,9.44,4.0,38.27,1.0,17.3,4.0,29.75,4.0,27.45,2.0,21.64,1,1,1,1,2.0,4.0,1,2,2.0,1,4.0,1.0,-0.97,-0.9,1.0,1.0,12.0,12.0,1,1,2.0,1.0,1.0,1.0,1.0,1.0,1.0,1.0,1.0,-0.9,1.0,1.0,2.0,2.0,2.0,1.0,2.0
11,1,1,1,1,2,2,60,51-65,1,1,1,2,9.0,15.0,1.0,1.0,1120.0,26200.0,3.0,-1.0,-1.0,296.258656,1967,-1.0,-1.0,-1.0,-1.0,-0.92,-1.0,-0.9,-1.0,-1.0,-1.0,1.0,3.0,1.0,1.0,1.0,2.0,-1.0,-1.0,2.0,-1.0,1.0,3.0,2.0,19.0,2.0,1.0,14.0,1.0,1.0,2.0,1.0,1.0,-1.0,-1.0,1.0,1.0,1.0,1.0,50000.0,-1.0,-1.0,<10k,2,-1.0,-1.0,2,-1.0,-1.0,2,-1.0,-1.0,2,-1.0,-1.0,2,-1.0,-1.0,2,-1.0,-1.0,2,-1.0,-1.0,1,300000.0,3.0,2,-1.0,-1.0,2,-1.0,-1.0,0.0,22.03,0.0,15.97,0.0,20.45,3.0,38.41,YES,YES,1.0,11.53,4.0,31.22,1.0,21.13,0.0,21.44,0.0,18.88,0.0,8.58,4.0,40.56,1.0,17.67,4.0,29.46,4.0,33.55,2.0,23.61,1,1,1,1,2.0,4.0,1,2,2.0,1,4.0,1.0,-1.1,-1.0,1.0,1.0,12.0,12.0,1,1,2.0,1.0,1.0,1.0,1.0,1.0,1.0,1.0,1.0,-1.06,1.0,1.0,2.0,2.0,2.0,1.0,2.0
11,1,1,1,1,3,1,0,0-18,1,1,1,1,2.0,12.0,8.0,2.0,-1.0,-1.0,-1.0,-1.0,-1.0,296.258656,2001,3.0,-1.0,-1.0,-1.0,-1.04,-1.0,-1.08,-1.0,7.0,-1.0,2.0,-1.0,-1.0,2.0,-1.0,2.0,-1.0,-1.0,2.0,-1.0,2.0,-1.0,-1.0,-1.0,-1.0,-1.0,-1.0,2.0,1.0,2.0,1.0,1.0,-1.0,-1.0,1.0,1.0,1.0,1.0,5000.0,-1.0,-1.0,<10k,2,-1.0,-1.0,2,-1.0,-1.0,2,-1.0,-1.0,2,-1.0,-1.0,2,-1.0,-1.0,2,-1.0,-1.0,2,-1.0,-1.0,1,300000.0,3.0,2,-1.0,-1.0,2,-1.0,-1.0,0.0,18.3,0.0,19.11,0.0,19.5,3.0,43.51,YES,YES,1.0,10.72,4.0,31.0,1.0,21.41,0.0,21.39,0.0,21.23,0.0,10.86,4.0,34.93,1.0,16.04,4.0,30.36,4.0,30.98,2.0,20.73,1,1,1,1,2.0,4.0,1,2,2.0,1,4.0,1.0,-0.83,-1.03,1.0,1.0,12.0,12.0,1,1,2.0,1.0,1.0,1.0,1.0,1.0,1.0,1.0,1.0,-1.0,1.0,1.0,2.0,2.0,2.0,1.0,2.0
11,1,1,1,1,4,2,30,66+,1,1,1,4,9.0,13.0,6.0,2.0,-1.0,-1.0,-1.0,-1.0,-1.0,296.258656,1937,1.0,1.0,11.0,10.0,5.18,5.0,17.12,-1.0,-1.0,-1.0,2.0,-1.0,-1.0,2.0,-1.0,2.0,-1.0,-1.0,2.0,-1.0,2.0,-1.0,-1.0,-1.0,-1.0,-1.0,-1.0,2.0,1.0,2.0,1.0,1.0,-1.0,-1.0,1.0,1.0,1.0,-1.0,-1.0,-1.0,-1.0,<10k,2,-1.0,-1.0,2,-1.0,-1.0,2,-1.0,-1.0,2,-1.0,-1.0,2,-1.0,-1.0,2,-1.0,-1.0,2,-1.0,-1.0,1,300000.0,3.0,2,-1.0,-1.0,2,-1.0,-1.0,0.0,19.13,0.0,15.71,0.0,18.83,3.0,44.47,YES,YES,1.0,8.81,4.0,34.57,1.0,22.29,0.0,19.81,0.0,18.22,0.0,11.01,4.0,31.99,1.0,15.02,4.0,36.0,4.0,29.63,2.0,22.4,1,1,1,1,2.0,4.0,1,2,2.0,1,4.0,1.0,-1.14,-1.1,1.0,1.0,12.0,12.0,1,1,2.0,1.0,1.0,1.0,1.0,1.0,1.0,1.0,1.0,-0.89,1.0,1.0,2.0,2.0,2.0,1.0,2.0
11,1,1,1,1,6,2,60,51-65,1,2,2,4,9.0,19.0,1.0,1.0,9111.0,97006.0,3.0,-1.0,-1.0,296.258656,1966,1.0,1.0,8.0,7.0,5.45,5.0,14.81,-1.0,-1.0,-1.0,2.0,-1.0,-1.0,2.0,-1.0,1.0,9.0,9.0,2.0,-1.0,2.0,-1.0,-1.0,-1.0,-1.0,-1.0,-1.0,2.0,1.0,2.0,1.0,1.0,-1.0,-1.0,1.0,1.0,1.0,-1.0,-1.0,-1.0,-1.0,<10k,2,-1.0,-1.0,2,-1.0,-1.0,2,-1.0,-1.0,2,-1.0,-1.0,2,-1.0,-1.0,2,-1.0,-1.0,2,-1.0,-1.0,1,300000.0,3.0,2,-1.0,-1.0,2,-1.0,-1.0,0.0,20.35,0.0,15.42,0.0,21.71,3.0,41.51,YES,YES,1.0,9.92,4.0,32.36,1.0,20.37,0.0,17.74,0.0,19.65,0.0,10.27,4.0,39.62,1.0,16.42,4.0,30.46,4.0,31.72,2.0,20.98,1,1,1,1,2.0,4.0,1,2,2.0,1,4.0,1.0,-1.0,-1.11,1.0,1.0,12.0,12.0,1,1,2.0,1.0,1.0,1.0,1.0,1.0,1.0,1.0,1.0,-0.98,1.0,1.0,2.0,2.0,2.0,1.0,2.0
11,1,1,1,1,1,1,80,19-35,1,1,1,2,9.0,12.0,1.0,1.0,7116.0,41001.0,5.0,-1.0,-1.0,384.6734425,1985,-1.0,-1.0,-1.0,-1.0,-0.95,-1.0,-0.99,-1.0,-1.0,-1.0,1.0,4.0,1.0,2.0,-1.0,2.0,-1.0,-1.0,2.0,-1.0,2.0,-1.0,-1.0,-1.0,-1.0,-1.0,-1.0,2.0,1.0,2.0,1.0,1.0,-1.0,-1.0,1.0,1.0,1.0,1.0,14000.0,-1.0,-1.0,<10k,2,-1.0,-1.0,2,-1.0,-1.0,2,-1.0,-1.0,2,-1.0,-1.0,2,-1.0,-1.0,2,-1.0,-1.0,2,-1.0,-1.0,2,-1.0,-1.0,2,-1.0,-1.0,2,-1.0,-1.0,0.0,0.95,0.0,10.15,3.0,14.92,3.0,14.94,YES,YES,4.0,19.61,3.0,16.26,0.0,3.76,3.0,15.83,4.0,20.27,3.0,14.7,3.0,14.64,0.0,8.97,0.0,9.83,3.0,14.22,4.0,18.95,1,1,1,1,2.0,5.0,4,1,1.0,1,1.0,1.0,-0.93,-1.13,8.0,2.0,12.0,12.0,1,2,2.0,1.0,1.0,1.0,1.0,1.0,3.0,2.0,-1.0,-0.9,2.0,-1.0,-1.0,-1.0,-1.0,-1.0,-1.0
11,1,1,1,1,2,2,80,19-35,1,1,1,2,9.0,13.0,7.0,2.0,-1.0,-1.0,-1.0,-1.0,-1.0,384.6734425,1989,3.0,-1.0,-1.0,-1.0,-1.0,-1.0,-0.96,-1.0,7.0,-1.0,2.0,-1.0,-1.0,1.0,1.0,2.0,-1.0,-1.0,2.0,-1.0,2.0,-1.0,-1.0,-1.0,-1.0,-1.0,-1.0,2.0,1.0,2.0,1.0,1.0,-1.0,-1.0,1.0,1.0,1.0,1.0,45000.0,-1.0,-1.0,<10k,2,-1.0,-1.0,2,-1.0,-1.0,2,-1.0,-1.0,2,-1.0,-1.0,2,-1.0,-1.0,2,-1.0,-1.0,2,-1.0,-1.0,2,-1.0,-1.0,2,-1.0,-1.0,2,-1.0,-1.0,0.0,0.95,0.0,10.23,3.0,16.61,3.0,18.93,YES,YES,4.0,19.85,3.0,16.06,0.0,3.12,3.0,15.23,4.0,18.78,3.0,11.95,3.0,15.5,0.0,8.35,0.0,10.9,3.0,15.91,4.0,22.57,1,1,1,1,2.0,5.0,4,1,1.0,1,1.0,1.0,-1.08,-0.97,8.0,2.0,12.0,12.0,1,2,2.0,1.0,1.0,1.0,1.0,1.0,3.0,2.0,-1.0,-1.07,2.0,-1.0,-1.0,-1.0,-1.0,-1.0,-1.0
11,1,1,1,1,3,2,10,0-18,1,1,1,1,1.0,-1.0,-1.0,-1.0,-1.0,-1.0,-1.0,-1.0,-1.0,384.6734425,2015,3.0,-1.0,-1.0,-1.0,-0.94,-1.0,-0.98,-1.0,8.0,2019.0,1.0,4.0,1.0,2.0,-1.0,1.0,4.0,1.0,2.0,-1.0,2.0,-1.0,-1.0,-1.0,-1.0,-1.0,-1.0,2.0,1.0,2.0,1.0,1.0,-1.0,-1.0,1.0,1.0,1.0,1.0,15000.0,-1.0,-1.0,<10k,2,-1.0,-1.0,2,-1.0,-1.0,2,-1.0,-1.0,2,-1.0,-1.0,2,-1.0,-1.0,2,-1.0,-1.0,2,-1.0,-1.0,2,-1.0,-1.0,2,-1.0,-1.0,2,-1.0,-1.0,0.0,1.03,0.0,8.7,3.0,19.12,3.0,13.17,YES,YES,4.0,18.66,3.0,15.32,0.0,3.03,3.0,15.38,4.0,19.37,3.0,16.07,3.0,14.13,0.0,9.05,0.0,9.71,3.0,15.18,4.0,17.39,1,1,1,1,2.0,5.0,4,1,1.0,1,1.0,1.0,-0.93,-0.81,8.0,2.0,12.0,12.0,1,2,2.0,1.0,1.0,1.0,1.0,1.0,3.0,2.0,-1.0,-0.94,2.0,-1.0,-1.0,-1.0,-1.0,-1.0,-1.0
11,1,1,1,1,1,1,60,51-65,1,1,1,2,9.0,8.0,1.0,1.0,7116.0,41001.0,5.0,-1.0,-1.0,384.6734425,1962,-1.0,-1.0,-1.0,-1.0,-0.94,-1.0,-0.96,-1.0,-1.0,-1.0,1.0,4.0,1.0,2.0,-1.0,2.0,-1.0,-1.0,2.0,-1.0,2.0,-1.0,-1.0,-1.0,-1.0,-1.0,-1.0,2.0,1.0,2.0,1.0,1.0,-1.0,-1.0,1.0,1.0,1.0,1.0,14000.0,-1.0,-1.0,<10k,2,-1.0,-1.0,2,-1.0,-1.0,2,-1.0,-1.0,2,-1.0,-1.0,2,-1.0,-1.0,2,-1.0,-1.0,2,-1.0,-1.0,2,-1.0,-1.0,2,-1.0,-1.0,2,-1.0,-1.0,0.0,0.9,0.0,10.17,3.0,16.05,3.0,16.7,YES,YES,4.0,18.27,3.0,16.72,0.0,2.87,3.0,15.55,4.0,21.27,3.0,14.35,3.0,15.4,0.0,9.92,0.0,9.83,3.0,15.3,4.0,21.04,1,1,1,1,2.0,5.0,4,1,1.0,1,1.0,1.0,-0.95,-0.92,8.0,2.0,12.0,12.0,1,2,2.0,1.0,1.0,1.0,1.0,1.0,3.0,2.0,-1.0,-0.95,2.0,-1.0,-1.0,-1.0,-1.0,-1.0,-1.0
11,1,1,1,1,2,2,60,51-65,1,1,1,2,9.0,10.0,7.0,2.0,-1.0,-1.0,-1.0,-1.0,-1.0,384.6734425,1965,3.0,-1.0,-1.0,-1.0,-0.97,-1.0,-0.82,-1.0,7.0,-1.0,2.0,-1.0,-1.0,1.0,1.0,2.0,-1.0,-1.0,2.0,-1.0,2.0,-1.0,-1.0,-1.0,-1.0,-1.0,-1.0,2.0,1.0,2.0,1.0,1.0,-1.0,-1.0,1.0,1.0,1.0,1.0,45000.0,-1.0,-1.0,<10k,2,-1.0,-1.0,2,-1.0,-1.0,2,-1.0,-1.0,2,-1.0,-1.0,2,-1.0,-1.0,2,-1.0,-1.0,2,-1.0,-1.0,2,-1.0,-1.0,2,-1.0,-1.0,2,-1.0,-1.0,0.0,0.99,0.0,8.31,3.0,14.96,3.0,12.3,YES,YES,4.0,19.68,3.0,13.21,0.0,2.85,3.0,17.6,4.0,15.43,3.0,14.85,3.0,14.21,0.0,9.55,0.0,10.49,3.0,13.31,4.0,17.5,1,1,1,1,2.0,5.0,4,1,1.0,1,1.0,1.0,-1.1,-1.02,8.0,2.0,12.0,12.0,1,2,2.0,1.0,1.0,1.0,1.0,1.0,3.0,2.0,-1.0,-0.95,2.0,-1.0,-1.0,-1.0,-1.0,-1.0,-1.0
11,1,1,1,1,3,2,90,19-35,1,1,1,1,4.0,12.0,8.0,2.0,-1.0,-1.0,-1.0,-1.0,-1.0,384.6734425,1999,3.0,-1.0,-1.0,-1.0,-0.86,-1.0,-0.87,-1.0,8.0,2019.0,1.0,4.0,1.0,2.0,-1.0,1.0,4.0,1.0,2.0,-1.0,2.0,-1.0,-1.0,-1.0,-1.0,-1.0,-1.0,2.0,1.0,2.0,1.0,1.0,-1.0,-1.0,1.0,1.0,1.0,1.0,15000.0,-1.0,-1.0,<10k,2,-1.0,-1.0,2,-1.0,-1.0,2,-1.0,-1.0,2,-1.0,-1.0,2,-1.0,-1.0,2,-1.0,-1.0,2,-1.0,-1.0,2,-1.0,-1.0,2,-1.0,-1.0,2,-1.0,-1.0,0.0,1.08,0.0,11.02,3.0,12.54,3.0,15.14,YES,YES,4.0,17.75,3.0,15.77,0.0,2.64,3.0,15.77,4.0,20.08,3.0,14.12,3.0,17.94,0.0,11.07,0.0,10.4,3.0,14.32,4.0,20.46,1,1,1,1,2.0,5.0,4,1,1.0,1,1.0,1.0,-0.83,-0.9,8.0,2.0,12.0,12.0,1,2,2.0,1.0,1.0,1.0,1.0,1.0,3.0,2.0,-1.0,-1.2,2.0,-1.0,-1.0,-1.0,-1.0,-1.0,-1.0
11,1,1,1,1,1,1,80,19-35,1,1,1,2,9.0,10.0,1.0,1.0,8332.0,49232.0,5.0,-1.0,-1.0,384.6734425,1988,-1.0,-1.0,-1.0,-1.0,-1.14,-1.0,-0.8,-1.0,-1.0,-1.0,1.0,4.0,1.0,2.0,-1.0,2.0,-1.0,-1.0,2.0,-1.0,2.0,-1.0,-1.0,-1.0,-1.0,-1.0,-1.0,2.0,1.0,2.0,1.0,1.0,-1.0,-1.0,1.0,1.0,1.0,1.0,14000.0,-1.0,-1.0,<10k,2,-1.0,-1.0,2,-1.0,-1.0,2,-1.0,-1.0,2,-1.0,-1.0,2,-1.0,-1.0,2,-1.0,-1.0,2,-1.0,-1.0,2,-1.0,-1.0,2,-1.0,-1.0,2,-1.0,-1.0,0.0,0.92,0.0,10.08,3.0,16.45,3.0,13.05,YES,YES,4.0,17.76,3.0,17.78,0.0,2.97,3.0,16.25,4.0,19.86,3.0,16.03,3.0,15.56,0.0,11.87,0.0,10.26,3.0,14.15,4.0,19.36,1,1,1,1,2.0,5.0,4,1,1.0,1,1.0,1.0,-0.96,-1.11,8.0,2.0,12.0,12.0,1,2,2.0,1.0,1.0,1.0,1.0,1.0,3.0,2.0,-1.0,-0.88,2.0,-1.0,-1.0,-1.0,-1.0,-1.0,-1.0
11,1,1,1,1,2,2,80,19-35,1,1,1,2,9.0,13.0,7.0,1.0,6121.0,10505.0,5.0,-1.0,-1.0,384.6734425,1988,3.0,-1.0,-1.0,-1.0,-0.88,-1.0,-0.9,-1.0,7.0,-1.0,2.0,-1.0,-1.0,1.0,1.0,2.0,-1.0,-1.0,2.0,-1.0,2.0,-1.0,-1.0,-1.0,-1.0,-1.0,-1.0,2.0,1.0,2.0,1.0,1.0,-1.0,-1.0,1.0,1.0,1.0,1.0,45000.0,-1.0,-1.0,<10k,2,-1.0,-1.0,2,-1.0,-1.0,2,-1.0,-1.0,2,-1.0,-1.0,2,-1.0,-1.0,2,-1.0,-1.0,2,-1.0,-1.0,2,-1.0,-1.0,2,-1.0,-1.0,2,-1.0,-1.0,0.0,1.0,0.0,9.03,3.0,14.5,3.0,13.97,YES,YES,4.0,20.77,3.0,15.54,0.0,2.73,3.0,18.3,4.0,20.8,3.0,13.88,3.0,13.65,0.0,9.15,0.0,11.97,3.0,16.65,4.0,15.25,1,1,1,1,2.0,5.0,4,1,1.0,1,1.0,1.0,-1.08,-1.16,8.0,2.0,12.0,12.0,1,2,2.0,1.0,1.0,1.0,1.0,1.0,3.0,2.0,-1.0,-1.02,2.0,-1.0,-1.0,-1.0,-1.0,-1.0,-1.0
11,1,1,1,1,3,1,10,0-18,1,1,1,1,2.0,0.0,-1.0,-1.0,-1.0,-1.0,-1.0,-1.0,-1.0,384.6734425,2013,3.0,-1.0,-1.0,-1.0,-1.06,-1.0,-1.02,-1.0,8.0,2019.0,1.0,4.0,1.0,2.0,-1.0,1.0,4.0,1.0,2.0,-1.0,2.0,-1.0,-1.0,-1.0,-1.0,-1.0,-1.0,2.0,1.0,2.0,1.0,1.0,-1.0,-1.0,1.0,1.0,1.0,1.0,15000.0,-1.0,-1.0,<10k,2,-1.0,-1.0,2,-1.0,-1.0,2,-1.0,-1.0,2,-1.0,-1.0,2,-1.0,-1.0,2,-1.0,-1.0,2,-1.0,-1.0,2,-1.0,-1.0,2,-1.0,-1.0,2,-1.0,-1.0,0.0,0.92,0.0,9.98,3.0,16.7,3.0,14.44,YES,YES,4.0,22.12,3.0,13.18,0.0,2.75,3.0,15.9,4.0,18.75,3.0,16.96,3.0,16.73,0.0,10.09,0.0,11.34,3.0,14.86,4.0,19.09,1,1,1,1,2.0,5.0,4,1,1.0,1,1.0,1.0,-1.01,-0.85,8.0,2.0,12.0,12.0,1,2,2.0,1.0,1.0,1.0,1.0,1.0,3.0,2.0,-1.0,-0.93,2.0,-1.0,-1.0,-1.0,-1.0,-1.0,-1.0
11,1,1,1,1,1,1,70,36-50,1,1,1,2,9.0,11.0,1.0,1.0,8323.0,49222.0,5.0,-1.0,-1.0,384.6734425,1978,-1.0,-1.0,-1.0,-1.0,-0.87,-1.0,-1.01,-1.0,-1.0,-1.0,1.0,4.0,1.0,2.0,-1.0,2.0,-1.0,-1.0,2.0,-1.0,2.0,-1.0,-1.0,-1.0,-1.0,-1.0,-1.0,2.0,1.0,2.0,1.0,1.0,-1.0,-1.0,1.0,1.0,1.0,1.0,14000.0,-1.0,-1.0,<10k,2,-1.0,-1.0,2,-1.0,-1.0,2,-1.0,-1.0,2,-1.0,-1.0,2,-1.0,-1.0,2,-1.0,-1.0,2,-1.0,-1.0,2,-1.0,-1.0,2,-1.0,-1.0,2,-1.0,-1.0,0.0,0.98,0.0,9.48,3.0,13.46,3.0,13.86,YES,YES,4.0,23.26,3.0,15.56,0.0,2.93,3.0,14.99,4.0,21.55,3.0,12.53,3.0,14.95,0.0,9.61,0.0,10.62,3.0,16.3,4.0,19.93,1,1,1,1,2.0,5.0,4,1,1.0,1,1.0,1.0,-1.0,-1.01,8.0,2.0,12.0,12.0,1,2,2.0,1.0,1.0,1.0,1.0,1.0,3.0,2.0,-1.0,-0.99,2.0,-1.0,-1.0,-1.0,-1.0,-1.0,-1.0
11,1,1,1,1,2,2,70,36-50,1,1,1,2,9.0,10.0,7.0,2.0,-1.0,-1.0,-1.0,-1.0,-1.0,384.6734425,1978,3.0,-1.0,-1.0,-1.0,-1.12,-1.0,-1.06,-1.0,7.0,-1.0,2.0,-1.0,-1.0,1.0,1.0,2.0,-1.0,-1.0,2.0,-1.0,2.0,-1.0,-1.0,-1.0,-1.0,-1.0,-1.0,2.0,1.0,2.0,1.0,1.0,-1.0,-1.0,1.0,1.0,1.0,1.0,45000.0,-1.0,-1.0,<10k,2,-1.0,-1.0,2,-1.0,-1.0,2,-1.0,-1.0,2,-1.0,-1.0,2,-1.0,-1.0,2,-1.0,-1.0,2,-1.0,-1.0,2,-1.0,-1.0,2,-1.0,-1.0,2,-1.0,-1.0,0.0,1.08,0.0,11.46,3.0,16.77,3.0,16.24,YES,YES,4.0,19.9,3.0,16.51,0.0,2.73,3.0,16.49,4.0,19.09,3.0,17.0,3.0,15.44,0.0,11.52,0.0,9.79,3.0,17.35,4.0,22.41,1,1,1,1,2.0,5.0,4,1,1.0,1,1.0,1.0,-0.99,-1.01,8.0,2.0,12.0,12.0,1,2,2.0,1.0,1.0,1.0,1.0,1.0,3.0,2.0,-1.0,-0.9,2.0,-1.0,-1.0,-1.0,-1.0,-1.0,-1.0
11,1,1,1,1,3,2,0,0-18,1,1,1,1,2.0,7.0,-1.0,-1.0,-1.0,-1.0,-1.0,-1.0,-1.0,384.6734425,2006,3.0,-1.0,-1.0,-1.0,-1.01,-1.0,-1.0,-1.0,8.0,2019.0,1.0,4.0,1.0,2.0,-1.0,1.0,4.0,1.0,2.0,-1.0,2.0,-1.0,-1.0,-1.0,-1.0,-1.0,-1.0,2.0,1.0,2.0,1.0,1.0,-1.0,-1.0,1.0,1.0,1.0,1.0,15000.0,-1.0,-1.0,<10k,2,-1.0,-1.0,2,-1.0,-1.0,2,-1.0,-1.0,2,-1.0,-1.0,2,-1.0,-1.0,2,-1.0,-1.0,2,-1.0,-1.0,2,-1.0,-1.0,2,-1.0,-1.0,2,-1.0,-1.0,0.0,0.99,0.0,10.45,3.0,15.51,3.0,16.54,YES,YES,4.0,21.21,3.0,16.05,0.0,2.87,3.0,16.47,4.0,21.73,3.0,16.45,3.0,15.37,0.0,9.11,0.0,10.5,3.0,14.97,4.0,22.47,1,1,1,1,2.0,5.0,4,1,1.0,1,1.0,1.0,-0.98,-0.99,8.0,2.0,12.0,12.0,1,2,2.0,1.0,1.0,1.0,1.0,1.0,3.0,2.0,-1.0,-1.09,2.0,-1.0,-1.0,-1.0,-1.0,-1.0,-1.0
11,1,1,1,1,3,2,10,0-18,1,1,1,1,2.0,3.0,-1.0,-1.0,-1.0,-1.0,-1.0,-1.0,-1.0,384.6734425,2011,1.0,1.0,4.0,3.0,3.92,3.0,18.94,-1.0,-1.0,-1.0,2.0,-1.0,-1.0,2.0,-1.0,2.0,-1.0,-1.0,2.0,-1.0,2.0,-1.0,-1.0,-1.0,-1.0,-1.0,-1.0,2.0,1.0,2.0,1.0,1.0,-1.0,-1.0,1.0,1.0,1.0,-1.0,-1.0,-1.0,-1.0,<10k,2,-1.0,-1.0,2,-1.0,-1.0,2,-1.0,-1.0,2,-1.0,-1.0,2,-1.0,-1.0,2,-1.0,-1.0,2,-1.0,-1.0,2,-1.0,-1.0,2,-1.0,-1.0,2,-1.0,-1.0,0.0,1.02,0.0,9.56,3.0,16.23,3.0,13.85,YES,YES,4.0,18.79,3.0,14.46,0.0,3.27,3.0,15.14,4.0,20.03,3.0,16.34,3.0,15.59,0.0,11.78,0.0,10.14,3.0,16.03,4.0,18.6,1,1,1,1,2.0,5.0,4,1,1.0,1,1.0,1.0,-0.97,-1.04,8.0,2.0,12.0,12.0,1,2,2.0,1.0,1.0,1.0,1.0,1.0,3.0,2.0,-1.0,-0.96,2.0,-1.0,-1.0,-1.0,-1.0,-1.0,-1.0
11,1,1,1,1,3,2,10,0-18,1,1,1,1,-1.0,-1.0,-1.0,-1.0,-1.0,-1.0,-1.0,-1.0,-1.0,384.6734425,2017,1.0,1.0,7.0,6.0,7.26,6.0,46.39,-1.0,-1.0,-1.0,2.0,-1.0,-1.0,2.0,-1.0,2.0,-1.0,-1.0,2.0,-1.0,2.0,-1.0,-1.0,-1.0,-1.0,-1.0,-1.0,2.0,1.0,2.0,1.0,1.0,-1.0,-1.0,1.0,1.0,1.0,-1.0,-1.0,-1.0,-1.0,<10k,2,-1.0,-1.0,2,-1.0,-1.0,2,-1.0,-1.0,2,-1.0,-1.0,2,-1.0,-1.0,2,-1.0,-1.0,2,-1.0,-1.0,2,-1.0,-1.0,2,-1.0,-1.0,2,-1.0,-1.0,0.0,0.95,0.0,10.17,3.0,17.86,3.0,17.65,YES,YES,4.0,19.43,3.0,17.34,0.0,3.02,3.0,14.52,4.0,17.74,3.0,16.04,3.0,14.05,0.0,10.52,0.0,9.26,3.0,13.86,4.0,21.21,1,1,1,1,2.0,5.0,4,1,1.0,1,1.0,1.0,-0.97,-0.95,8.0,2.0,12.0,12.0,1,2,2.0,1.0,1.0,1.0,1.0,1.0,3.0,2.0,-1.0,-1.01,2.0,-1.0,-1.0,-1.0,-1.0,-1.0,-1.0
11,1,1,1,1,4,2,40,66+,1,1,1,4,9.0,13.0,9.0,2.0,-1.0,-1.0,-1.0,-1.0,-1.0,384.6734425,1940,-1.0,-1.0,-1.0,-1.0,-1.01,-1.0,-1.07,-1.0,-1.0,-1.0,2.0,-1.0,-1.0,1.0,1.0,1.0,4.0,9.0,2.0,-1.0,1.0,1.0,2.0,2.0,0.0,2.0,-1.0,1.0,1.0,2.0,1.0,1.0,-1.0,-1.0,1.0,1.0,1.0,-1.0,-1.0,-1.0,-1.0,<10k,2,-1.0,-1.0,2,-1.0,-1.0,2,-1.0,-1.0,2,-1.0,-1.0,2,-1.0,-1.0,2,-1.0,-1.0,2,-1.0,-1.0,2,-1.0,-1.0,2,-1.0,-1.0,2,-1.0,-1.0,0.0,1.06,0.0,10.27,3.0,13.83,3.0,12.53,YES,YES,4.0,20.25,3.0,13.0,0.0,2.96,3.0,12.09,4.0,16.31,3.0,18.51,3.0,16.36,0.0,8.02,0.0,10.95,3.0,16.29,4.0,23.43,1,1,1,1,2.0,5.0,4,1,1.0,1,1.0,1.0,-0.9,-1.01,8.0,2.0,12.0,12.0,1,2,2.0,1.0,1.0,1.0,1.0,1.0,3.0,2.0,-1.0,-1.1,2.0,-1.0,-1.0,-1.0,-1.0,-1.0,-1.0
11,1,1,1,1,5,1,40,66+,1,1,1,4,9.0,8.0,1.0,1.0,9629.0,14101.0,3.0,-1.0,-1.0,384.6734425,1945,-1.0,-1.0,-1.0,-1.0,-0.9,-1.0,-0.97,-1.0,-1.0,-1.0,2.0,-1.0,-1.0,2.0,-1.0,2.0,-1.0,-1.0,2.0,-1.0,2.0,-1.0,-1.0,-1.0,-1.0,-1.0,-1.0,1.0,1.0,2.0,1.0,1.0,-1.0,-1.0,1.0,1.0,1.0,1.0,26500.0,-1.0,-1.0,<10k,2,-1.0,-1.0,2,-1.0,-1.0,2,-1.0,-1.0,2,-1.0,-1.0,2,-1.0,-1.0,2,-1.0,-1.0,2,-1.0,-1.0,2,-1.0,-1.0,2,-1.0,-1.0,2,-1.0,-1.0,0.0,1.13,0.0,9.45,3.0,15.63,3.0,15.92,YES,YES,4.0,20.26,3.0,13.79,0.0,3.26,3.0,17.67,4.0,20.75,3.0,17.77,3.0,14.88,0.0,8.24,0.0,8.75,3.0,13.97,4.0,18.31,1,1,1,1,2.0,5.0,4,1,1.0,1,1.0,1.0,-0.9,-0.84,8.0,2.0,12.0,12.0,1,2,2.0,1.0,1.0,1.0,1.0,1.0,3.0,2.0,-1.0,-1.03,2.0,-1.0,-1.0,-1.0,-1.0,-1.0,-1.0
11,1,1,1,1,1,1,70,36-50,1,1,1,2,9.0,5.0,1.0,1.0,7115.0,31001.0,5.0,-1.0,-1.0,384.6734425,1978,-1.0,-1.0,-1.0,-1.0,-0.9,-1.0,-0.97,-1.0,-1.0,-1.0,1.0,4.0,1.0,2.0,-1.0,2.0,-1.0,-1.0,2.0,-1.0,2.0,-1.0,-1.0,-1.0,-1.0,-1.0,-1.0,2.0,1.0,2.0,1.0,1.0,-1.0,-1.0,1.0,1.0,1.0,1.0,14000.0,-1.0,-1.0,<10k,2,-1.0,-1.0,2,-1.0,-1.0,2,-1.0,-1.0,2,-1.0,-1.0,2,-1.0,-1.0,2,-1.0,-1.0,2,-1.0,-1.0,2,-1.0,-1.0,2,-1.0,-1.0,2,-1.0,-1.0,0.0,1.22,0.0,9.96,3.0,15.71,3.0,15.77,YES,YES,4.0,18.71,3.0,15.86,0.0,3.57,3.0,16.08,4.0,23.53,3.0,15.42,3.0,14.41,0.0,9.42,0.0,9.62,3.0,16.7,4.0,22.62,1,1,1,1,2.0,5.0,4,1,1.0,1,1.0,1.0,-1.0,-1.2,8.0,2.0,12.0,12.0,1,2,2.0,1.0,1.0,1.0,1.0,1.0,3.0,2.0,-1.0,-0.89,2.0,-1.0,-1.0,-1.0,-1.0,-1.0,-1.0
11,1,1,1,1,2,2,80,36-50,1,1,1,2,9.0,10.0,7.0,2.0,-1.0,-1.0,-1.0,-1.0,-1.0,384.6734425,1980,3.0,-1.0,-1.0,-1.0,-1.01,-1.0,-1.01,-1.0,7.0,-1.0,2.0,-1.0,-1.0,1.0,1.0,2.0,-1.0,-1.0,2.0,-1.0,2.0,-1.0,-1.0,-1.0,-1.0,-1.0,-1.0,2.0,1.0,2.0,1.0,1.0,-1.0,-1.0,1.0,1.0,1.0,1.0,45000.0,-1.0,-1.0,<10k,2,-1.0,-1.0,2,-1.0,-1.0,2,-1.0,-1.0,2,-1.0,-1.0,2,-1.0,-1.0,2,-1.0,-1.0,2,-1.0,-1.0,2,-1.0,-1.0,2,-1.0,-1.0,2,-1.0,-1.0,0.0,0.97,0.0,10.12,3.0,14.28,3.0,13.77,YES,YES,4.0,21.27,3.0,16.51,0.0,3.37,3.0,13.6,4.0,21.62,3.0,15.01,3.0,13.5,0.0,9.93,0.0,7.54,3.0,16.24,4.0,19.33,1,1,1,1,2.0,5.0,4,1,1.0,1,1.0,1.0,-1.04,-1.07,8.0,2.0,12.0,12.0,1,2,2.0,1.0,1.0,1.0,1.0,1.0,3.0,2.0,-1.0,-0.94,2.0,-1.0,-1.0,-1.0,-1.0,-1.0,-1.0
11,1,1,1,1,3,2,90,19-35,1,1,1,1,9.0,13.0,1.0,1.0,5230.0,46498.0,3.0,-1.0,-1.0,384.6734425,1998,3.0,-1.0,-1.0,-1.0,-0.84,-1.0,-0.9,-1.0,8.0,2019.0,1.0,4.0,1.0,2.0,-1.0,1.0,4.0,1.0,2.0,-1.0,2.0,-1.0,-1.0,-1.0,-1.0,-1.0,-1.0,2.0,1.0,2.0,1.0,1.0,-1.0,-1.0,1.0,1.0,1.0,1.0,15000.0,-1.0,-1.0,<10k,2,-1.0,-1.0,2,-1.0,-1.0,2,-1.0,-1.0,2,-1.0,-1.0,2,-1.0,-1.0,2,-1.0,-1.0,2,-1.0,-1.0,2,-1.0,-1.0,2,-1.0,-1.0,2,-1.0,-1.0,0.0,1.1,0.0,8.67,3.0,15.07,3.0,13.54,YES,YES,4.0,20.08,3.0,14.79,0.0,2.48,3.0,14.53,4.0,20.86,3.0,14.74,3.0,16.44,0.0,9.16,0.0,9.18,3.0,17.38,4.0,20.71,1,1,1,1,2.0,5.0,4,1,1.0,1,1.0,1.0,-0.86,-1.08,8.0,2.0,12.0,12.0,1,2,2.0,1.0,1.0,1.0,1.0,1.0,3.0,2.0,-1.0,-1.06,2.0,-1.0,-1.0,-1.0,-1.0,-1.0,-1.0
11,1,1,1,1,3,1,0,0-18,1,1,1,1,2.0,10.0,8.0,2.0,-1.0,-1.0,-1.0,-1.0,-1.0,384.6734425,2003,1.0,1.0,4.0,3.0,3.56,3.0,18.36,-1.0,-1.0,-1.0,2.0,-1.0,-1.0,2.0,-1.0,2.0,-1.0,-1.0,2.0,-1.0,2.0,-1.0,-1.0,-1.0,-1.0,-1.0,-1.0,2.0,1.0,2.0,1.0,1.0,-1.0,-1.0,1.0,1.0,1.0,-1.0,-1.0,-1.0,-1.0,<10k,2,-1.0,-1.0,2,-1.0,-1.0,2,-1.0,-1.0,2,-1.0,-1.0,2,-1.0,-1.0,2,-1.0,-1.0,2,-1.0,-1.0,2,-1.0,-1.0,2,-1.0,-1.0,2,-1.0,-1.0,0.0,1.06,0.0,9.81,3.0,16.4,3.0,15.31,YES,YES,4.0,20.63,3.0,13.91,0.0,2.99,3.0,14.71,4.0,18.09,3.0,15.38,3.0,14.05,0.0,11.49,0.0,10.48,3.0,16.12,4.0,21.03,1,1,1,1,2.0,5.0,4,1,1.0,1,1.0,1.0,-1.06,-0.88,8.0,2.0,12.0,12.0,1,2,2.0,1.0,1.0,1.0,1.0,1.0,3.0,2.0,-1.0,-1.0,2.0,-1.0,-1.0,-1.0,-1.0,-1.0,-1.0
11,1,1,1,1,3,2,0,0-18,1,1,1,1,2.0,6.0,-1.0,-1.0,-1.0,-1.0,-1.0,-1.0,-1.0,384.6734425,2007,1.0,1.0,7.0,6.0,8.76,6.0,47.79,-1.0,-1.0,-1.0,2.0,-1.0,-1.0,2.0,-1.0,2.0,-1.0,-1.0,2.0,-1.0,2.0,-1.0,-1.0,-1.0,-1.0,-1.0,-1.0,2.0,1.0,2.0,1.0,1.0,-1.0,-1.0,1.0,1.0,1.0,-1.0,-1.0,-1.0,-1.0,<10k,2,-1.0,-1.0,2,-1.0,-1.0,2,-1.0,-1.0,2,-1.0,-1.0,2,-1.0,-1.0,2,-1.0,-1.0,2,-1.0,-1.0,2,-1.0,-1.0,2,-1.0,-1.0,2,-1.0,-1.0,0.0,1.0,0.0,8.91,3.0,13.79,3.0,13.45,YES,YES,4.0,20.94,3.0,18.45,0.0,3.26,3.0,14.68,4.0,21.35,3.0,17.49,3.0,15.77,0.0,10.06,0.0,10.71,3.0,16.13,4.0,20.48,1,1,1,1,2.0,5.0,4,1,1.0,1,1.0,1.0,-0.87,-1.09,8.0,2.0,12.0,12.0,1,2,2.0,1.0,1.0,1.0,1.0,1.0,3.0,2.0,-1.0,-1.01,2.0,-1.0,-1.0,-1.0,-1.0,-1.0,-1.0
11,1,1,1,1,1,2,70,36-50,1,1,1,2,9.0,13.0,1.0,1.0,1420.0,10629.0,4.0,-1.0,-1.0,384.6734425,1979,-1.0,-1.0,-1.0,-1.0,-0.99,-1.0,-1.07,-1.0,-1.0,-1.0,1.0,4.0,1.0,2.0,-1.0,2.0,-1.0,-1.0,2.0,-1.0,2.0,-1.0,-1.0,-1.0,-1.0,-1.0,-1.0,2.0,1.0,2.0,1.0,1.0,-1.0,-1.0,1.0,1.0,1.0,1.0,14000.0,-1.0,-1.0,<10k,2,-1.0,-1.0,2,-1.0,-1.0,2,-1.0,-1.0,2,-1.0,-1.0,2,-1.0,-1.0,2,-1.0,-1.0,2,-1.0,-1.0,2,-1.0,-1.0,2,-1.0,-1.0,2,-1.0,-1.0,0.0,0.99,0.0,10.19,3.0,15.12,3.0,13.45,YES,YES,4.0,21.08,3.0,16.29,0.0,2.97,3.0,15.22,4.0,17.83,3.0,15.13,3.0,16.13,0.0,8.35,0.0,10.56,3.0,16.71,4.0,16.87,1,1,1,1,2.0,5.0,4,1,1.0,1,1.0,1.0,-1.01,-0.92,8.0,2.0,12.0,12.0,1,2,2.0,1.0,1.0,1.0,1.0,1.0,3.0,2.0,-1.0,-0.97,2.0,-1.0,-1.0,-1.0,-1.0,-1.0,-1.0
11,1,1,1,2,2,1,70,36-50,1,1,1,2,9.0,13.0,-1.0,-1.0,-1.0,-1.0,-1.0,2.0,1.0,384.6734425,1976,3.0,-1.0,-1.0,-1.0,-1.0,-1.0,-0.99,-1.0,7.0,-1.0,2.0,-1.0,-1.0,1.0,1.0,2.0,-1.0,-1.0,2.0,-1.0,2.0,-1.0,-1.0,-1.0,-1.0,-1.0,-1.0,2.0,1.0,2.0,1.0,1.0,-1.0,-1.0,1.0,1.0,1.0,1.0,45000.0,-1.0,-1.0,<10k,2,-1.0,-1.0,2,-1.0,-1.0,2,-1.0,-1.0,2,-1.0,-1.0,2,-1.0,-1.0,2,-1.0,-1.0,2,-1.0,-1.0,2,-1.0,-1.0,2,-1.0,-1.0,2,-1.0,-1.0,0.0,1.11,0.0,10.55,3.0,14.64,3.0,15.76,YES,YES,4.0,16.91,3.0,15.32,0.0,3.17,3.0,12.83,4.0,18.5,3.0,14.86,3.0,17.07,0.0,10.21,0.0,12.69,3.0,15.65,4.0,20.23,1,1,1,1,2.0,5.0,4,1,1.0,1,1.0,1.0,-1.19,-1.03,8.0,2.0,12.0,12.0,1,2,2.0,1.0,1.0,1.0,1.0,1.0,3.0,2.0,-1.0,-0.93,2.0,-1.0,-1.0,-1.0,-1.0,-1.0,-1.0
11,1,1,1,1,4,1,40,66+,1,1,1,2,9.0,13.0,4.0,2.0,-1.0,-1.0,-1.0,-1.0,-1.0,384.6734425,1948,3.0,-1.0,-1.0,-1.0,-1.02,-1.0,-1.01,-1.0,8.0,2019.0,1.0,4.0,1.0,2.0,-1.0,1.0,4.0,1.0,2.0,-1.0,2.0,-1.0,-1.0,-1.0,-1.0,-1.0,-1.0,2.0,1.0,2.0,1.0,1.0,-1.0,-1.0,1.0,1.0,1.0,1.0,15000.0,-1.0,-1.0,<10k,2,-1.0,-1.0,2,-1.0,-1.0,2,-1.0,-1.0,2,-1.0,-1.0,2,-1.0,-1.0,2,-1.0,-1.0,2,-1.0,-1.0,2,-1.0,-1.0,2,-1.0,-1.0,2,-1.0,-1.0,0.0,0.93,0.0,10.66,3.0,17.08,3.0,15.86,YES,YES,4.0,15.61,3.0,14.95,0.0,3.12,3.0,14.17,4.0,22.21,3.0,14.52,3.0,13.12,0.0,9.82,0.0,7.94,3.0,14.02,4.0,22.6,1,1,1,1,2.0,5.0,4,1,1.0,1,1.0,1.0,-0.83,-1.18,8.0,2.0,12.0,12.0,1,2,2.0,1.0,1.0,1.0,1.0,1.0,3.0,2.0,-1.0,-0.91,2.0,-1.0,-1.0,-1.0,-1.0,-1.0,-1.0
11,1,1,1,1,4,2,50,66+,1,1,1,2,9.0,12.0,7.0,2.0,-1.0,-1.0,-1.0,-1.0,-1.0,384.6734425,1951,1.0,1.0,4.0,3.0,3.21,3.0,21.59,-1.0,-1.0,-1.0,2.0,-1.0,-1.0,2.0,-1.0,2.0,-1.0,-1.0,2.0,-1.0,2.0,-1.0,-1.0,-1.0,-1.0,-1.0,-1.0,2.0,1.0,2.0,1.0,1.0,-1.0,-1.0,1.0,1.0,1.0,-1.0,-1.0,-1.0,-1.0,<10k,2,-1.0,-1.0,2,-1.0,-1.0,2,-1.0,-1.0,2,-1.0,-1.0,2,-1.0,-1.0,2,-1.0,-1.0,2,-1.0,-1.0,2,-1.0,-1.0,2,-1.0,-1.0,2,-1.0,-1.0,0.0,1.0,0.0,9.96,3.0,15.36,3.0,14.92,YES,YES,4.0,22.8,3.0,15.64,0.0,2.71,3.0,14.07,4.0,18.5,3.0,16.91,3.0,16.11,0.0,9.85,0.0,9.87,3.0,15.25,4.0,17.15,1,1,1,1,2.0,5.0,4,1,1.0,1,1.0,1.0,-0.89,-0.92,8.0,2.0,12.0,12.0,1,2,2.0,1.0,1.0,1.0,1.0,1.0,3.0,2.0,-1.0,-0.91,2.0,-1.0,-1.0,-1.0,-1.0,-1.0,-1.0
11,1,1,1,1,1,2,30,66+,1,1,1,4,9.0,19.0,9.0,2.0,-1.0,-1.0,-1.0,-1.0,-1.0,384.6734425,1935,-1.0,-1.0,-1.0,-1.0,-0.99,-1.0,-0.86,-1.0,-1.0,-1.0,1.0,4.0,1.0,2.0,-1.0,2.0,-1.0,-1.0,2.0,-1.0,2.0,-1.0,-1.0,-1.0,-1.0,-1.0,-1.0,2.0,1.0,2.0,1.0,1.0,-1.0,-1.0,1.0,1.0,1.0,1.0,14000.0,-1.0,-1.0,<10k,2,-1.0,-1.0,2,-1.0,-1.0,2,-1.0,-1.0,2,-1.0,-1.0,2,-1.0,-1.0,2,-1.0,-1.0,2,-1.0,-1.0,2,-1.0,-1.0,2,-1.0,-1.0,2,-1.0,-1.0,0.0,1.27,0.0,12.42,3.0,14.61,3.0,12.44,YES,YES,4.0,19.46,3.0,15.11,0.0,3.49,3.0,17.51,4.0,21.24,3.0,14.88,3.0,13.56,0.0,10.59,0.0,10.72,3.0,13.91,4.0,20.13,1,1,1,1,2.0,5.0,4,1,1.0,1,1.0,1.0,-0.92,-1.28,8.0,2.0,12.0,12.0,1,2,2.0,1.0,1.0,1.0,1.0,1.0,3.0,2.0,-1.0,-1.04,2.0,-1.0,-1.0,-1.0,-1.0,-1.0,-1.0
11,1,1,1,1,3,1,70,36-50,1,1,1,1,9.0,7.0,1.0,1.0,5249.0,47113.0,3.0,-1.0,-1.0,384.6734425,1976,3.0,-1.0,-1.0,-1.0,-0.96,-1.0,-1.03,-1.0,7.0,-1.0,2.0,-1.0,-1.0,1.0,1.0,2.0,-1.0,-1.0,2.0,-1.0,2.0,-1.0,-1.0,-1.0,-1.0,-1.0,-1.0,2.0,1.0,2.0,1.0,1.0,-1.0,-1.0,1.0,1.0,1.0,1.0,45000.0,-1.0,-1.0,<10k,2,-1.0,-1.0,2,-1.0,-1.0,2,-1.0,-1.0,2,-1.0,-1.0,2,-1.0,-1.0,2,-1.0,-1.0,2,-1.0,-1.0,2,-1.0,-1.0,2,-1.0,-1.0,2,-1.0,-1.0,0.0,0.97,0.0,11.37,3.0,16.25,3.0,12.54,YES,YES,4.0,17.69,3.0,15.46,0.0,3.32,3.0,16.23,4.0,24.12,3.0,13.85,3.0,15.03,0.0,9.66,0.0,10.09,3.0,13.8,4.0,21.05,1,1,1,1,2.0,5.0,4,1,1.0,1,1.0,1.0,-0.83,-1.3,8.0,2.0,12.0,12.0,1,2,2.0,1.0,1.0,1.0,1.0,1.0,3.0,2.0,-1.0,-1.14,2.0,-1.0,-1.0,-1.0,-1.0,-1.0,-1.0
11,1,1,1,1,1,1,50,51-65,1,1,1,2,9.0,8.0,1.0,1.0,9322.0,85492.0,3.0,-1.0,-1.0,384.6734425,1954,-1.0,-1.0,-1.0,-1.0,-1.0,-1.0,-1.09,-1.0,-1.0,-1.0,1.0,4.0,1.0,2.0,-1.0,2.0,-1.0,-1.0,2.0,-1.0,2.0,-1.0,-1.0,-1.0,-1.0,-1.0,-1.0,2.0,1.0,2.0,1.0,1.0,-1.0,-1.0,1.0,1.0,1.0,1.0,14000.0,-1.0,-1.0,<10k,2,-1.0,-1.0,2,-1.0,-1.0,2,-1.0,-1.0,2,-1.0,-1.0,2,-1.0,-1.0,2,-1.0,-1.0,2,-1.0,-1.0,2,-1.0,-1.0,2,-1.0,-1.0,2,-1.0,-1.0,0.0,1.07,0.0,11.31,3.0,15.13,3.0,14.83,YES,YES,4.0,18.02,3.0,14.96,0.0,3.03,3.0,15.59,4.0,20.73,3.0,14.23,3.0,14.73,0.0,10.16,0.0,8.36,3.0,13.94,4.0,22.16,1,1,1,1,2.0,5.0,4,1,1.0,1,1.0,1.0,-1.13,-1.02,8.0,2.0,12.0,12.0,1,2,2.0,1.0,1.0,1.0,1.0,1.0,3.0,2.0,-1.0,-1.02,2.0,-1.0,-1.0,-1.0,-1.0,-1.0,-1.0
11,1,1,1,1,2,2,50,51-65,1,1,1,2,9.0,10.0,7.0,2.0,-1.0,-1.0,-1.0,-1.0,-1.0,384.6734425,1958,3.0,-1.0,-1.0,-1.0,-0.94,-1.0,-1.21,-1.0,7.0,-1.0,2.0,-1.0,-1.0,1.0,1.0,2.0,-1.0,-1.0,2.0,-1.0,2.0,-1.0,-1.0,-1.0,-1.0,-1.0,-1.0,2.0,1.0,2.0,1.0,1.0,-1.0,-1.0,1.0,1.0,1.0,1.0,45000.0,-1.0,-1.0,<10k,2,-1.0,-1.0,2,-1.0,-1.0,2,-1.0,-1.0,2,-1.0,-1.0,2,-1.0,-1.0,2,-1.0,-1.0,2,-1.0,-1.0,2,-1.0,-1.0,2,-1.0,-1.0,2,-1.0,-1.0,0.0,1.04,0.0,8.96,3.0,14.23,3.0,15.77,YES,YES,4.0,21.06,3.0,16.85,0.0,2.85,3.0,11.59,4.0,19.63,3.0,18.15,3.0,14.34,0.0,9.48,0.0,10.92,3.0,12.44,4.0,22.08,1,1,1,1,2.0,5.0,4,1,1.0,1,1.0,1.0,-1.2,-0.92,8.0,2.0,12.0,12.0,1,2,2.0,1.0,1.0,1.0,1.0,1.0,3.0,2.0,-1.0,-0.85,2.0,-1.0,-1.0,-1.0,-1.0,-1.0,-1.0
11,1,1,1,1,3,1,90,19-35,1,1,1,1,9.0,12.0,1.0,1.0,4311.0,26200.0,3.0,-1.0,-1.0,384.6734425,1994,3.0,-1.0,-1.0,-1.0,-1.2,-1.0,-1.08,-1.0,8.0,2019.0,1.0,4.0,1.0,2.0,-1.0,1.0,4.0,1.0,2.0,-1.0,2.0,-1.0,-1.0,-1.0,-1.0,-1.0,-1.0,2.0,1.0,2.0,1.0,1.0,-1.0,-1.0,1.0,1.0,1.0,1.0,15000.0,-1.0,-1.0,<10k,2,-1.0,-1.0,2,-1.0,-1.0,2,-1.0,-1.0,2,-1.0,-1.0,2,-1.0,-1.0,2,-1.0,-1.0,2,-1.0,-1.0,2,-1.0,-1.0,2,-1.0,-1.0,2,-1.0,-1.0,0.0,0.93,0.0,8.62,3.0,12.5,3.0,14.65,YES,YES,4.0,20.08,3.0,14.49,0.0,3.1,3.0,15.19,4.0,20.06,3.0,12.44,3.0,14.63,0.0,9.57,0.0,11.18,3.0,13.49,4.0,18.62,1,1,1,1,2.0,5.0,4,1,1.0,1,1.0,1.0,-0.77,-0.95,8.0,2.0,12.0,12.0,1,2,2.0,1.0,1.0,1.0,1.0,1.0,3.0,2.0,-1.0,-1.13,2.0,-1.0,-1.0,-1.0,-1.0,-1.0,-1.0
11,1,1,1,1,1,2,80,36-50,1,1,1,7,9.0,8.0,7.0,2.0,-1.0,-1.0,-1.0,-1.0,-1.0,384.6734425,1980,-1.0,-1.0,-1.0,-1.0,-1.11,-1.0,-0.95,-1.0,-1.0,-1.0,1.0,4.0,1.0,2.0,-1.0,2.0,-1.0,-1.0,2.0,-1.0,2.0,-1.0,-1.0,-1.0,-1.0,-1.0,-1.0,2.0,1.0,2.0,1.0,1.0,-1.0,-1.0,1.0,1.0,1.0,1.0,14000.0,-1.0,-1.0,<10k,2,-1.0,-1.0,2,-1.0,-1.0,2,-1.0,-1.0,2,-1.0,-1.0,2,-1.0,-1.0,2,-1.0,-1.0,2,-1.0,-1.0,2,-1.0,-1.0,2,-1.0,-1.0,2,-1.0,-1.0,0.0,0.96,0.0,8.26,3.0,16.86,3.0,16.23,YES,YES,4.0,16.93,3.0,15.89,0.0,2.98,3.0,12.91,4.0,18.3,3.0,15.85,3.0,12.84,0.0,8.73,0.0,9.35,3.0,14.93,4.0,22.47,1,1,1,1,2.0,5.0,4,1,1.0,1,1.0,1.0,-1.11,-0.95,8.0,2.0,12.0,12.0,1,2,2.0,1.0,1.0,1.0,1.0,1.0,3.0,2.0,-1.0,-1.11,2.0,-1.0,-1.0,-1.0,-1.0,-1.0,-1.0
11,1,1,1,1,3,1,0,0-18,1,1,1,1,6.0,10.0,8.0,2.0,-1.0,-1.0,-1.0,-1.0,-1.0,384.6734425,2002,3.0,-1.0,-1.0,-1.0,-0.89,-1.0,-0.94,-1.0,7.0,-1.0,2.0,-1.0,-1.0,1.0,1.0,2.0,-1.0,-1.0,2.0,-1.0,2.0,-1.0,-1.0,-1.0,-1.0,-1.0,-1.0,2.0,1.0,2.0,1.0,1.0,-1.0,-1.0,1.0,1.0,1.0,1.0,45000.0,-1.0,-1.0,<10k,2,-1.0,-1.0,2,-1.0,-1.0,2,-1.0,-1.0,2,-1.0,-1.0,2,-1.0,-1.0,2,-1.0,-1.0,2,-1.0,-1.0,2,-1.0,-1.0,2,-1.0,-1.0,2,-1.0,-1.0,0.0,1.13,0.0,9.88,3.0,16.2,3.0,14.31,YES,YES,4.0,20.25,3.0,16.55,0.0,2.55,3.0,13.66,4.0,21.06,3.0,16.32,3.0,15.42,0.0,10.79,0.0,9.85,3.0,15.57,4.0,20.03,1,1,1,1,2.0,5.0,4,1,1.0,1,1.0,1.0,-1.1,-0.85,8.0,2.0,12.0,12.0,1,2,2.0,1.0,1.0,1.0,1.0,1.0,3.0,2.0,-1.0,-0.91,2.0,-1.0,-1.0,-1.0,-1.0,-1.0,-1.0
11,1,1,1,1,3,1,0,0-18,1,1,1,1,2.0,6.0,-1.0,-1.0,-1.0,-1.0,-1.0,-1.0,-1.0,384.6734425,2007,3.0,-1.0,-1.0,-1.0,-0.89,-1.0,-1.05,-1.0,8.0,2019.0,1.0,4.0,1.0,2.0,-1.0,1.0,4.0,1.0,2.0,-1.0,2.0,-1.0,-1.0,-1.0,-1.0,-1.0,-1.0,2.0,1.0,2.0,1.0,1.0,-1.0,-1.0,1.0,1.0,1.0,1.0,15000.0,-1.0,-1.0,<10k,2,-1.0,-1.0,2,-1.0,-1.0,2,-1.0,-1.0,2,-1.0,-1.0,2,-1.0,-1.0,2,-1.0,-1.0,2,-1.0,-1.0,2,-1.0,-1.0,2,-1.0,-1.0,2,-1.0,-1.0,0.0,0.9,0.0,8.98,3.0,17.59,3.0,14.51,YES,YES,4.0,18.33,3.0,16.74,0.0,3.09,3.0,14.44,4.0,19.74,3.0,12.45,3.0,14.9,0.0,11.06,0.0,9.37,3.0,16.9,4.0,19.01,1,1,1,1,2.0,5.0,4,1,1.0,1,1.0,1.0,-0.71,-1.06,8.0,2.0,12.0,12.0,1,2,2.0,1.0,1.0,1.0,1.0,1.0,3.0,2.0,-1.0,-0.98,2.0,-1.0,-1.0,-1.0,-1.0,-1.0,-1.0
11,1,1,1,1,1,1,60,51-65,1,1,1,2,9.0,10.0,1.0,1.0,8322.0,97006.0,3.0,-1.0,-1.0,264.530716,1967,-1.0,-1.0,-1.0,-1.0,-1.1,-1.0,-1.15,-1.0,-1.0,-1.0,2.0,-1.0,-1.0,1.0,3.0,2.0,-1.0,-1.0,2.0,-1.0,1.0,2.0,2.0,2.0,0.0,2.0,-1.0,1.0,1.0,2.0,1.0,1.0,-1.0,-1.0,1.0,1.0,1.0,1.0,45000.0,35000.0,-1.0,<10k,2,-1.0,-1.0,2,-1.0,-1.0,1,115200.0,3.0,2,-1.0,-1.0,1,5000.0,1.0,2,-1.0,-1.0,2,-1.0,-1.0,2,-1.0,-1.0,2,-1.0,-1.0,2,-1.0,-1.0,0.0,5.02,0.0,11.0,2.0,10.63,0.0,14.39,YES,YES,0.0,4.8,3.0,15.72,0.0,12.42,1.0,9.56,1.0,10.98,5.0,17.76,5.0,16.81,1.0,31.07,2.0,16.94,0.0,5.29,6.0,19.74,1,1,1,1,3.0,4.0,2,1,2.0,1,1.0,1.0,-0.99,-0.86,7.0,2.0,12.0,12.0,1,2,2.0,1.0,1.0,1.0,1.0,1.0,3.0,1.0,1.0,-1.01,2.0,-1.0,-1.0,-1.0,-1.0,-1.0,-1.0
11,1,1,1,1,2,2,70,36-50,1,1,1,2,9.0,10.0,7.0,2.0,-1.0,-1.0,-1.0,-1.0,-1.0,264.530716,1975,-1.0,-1.0,-1.0,-1.0,-1.02,-1.0,-1.11,-1.0,-1.0,-1.0,2.0,-1.0,-1.0,1.0,3.0,2.0,-1.0,-1.0,2.0,-1.0,2.0,-1.0,-1.0,-1.0,-1.0,-1.0,-1.0,1.0,2.0,2.0,1.0,1.0,-1.0,-1.0,1.0,1.0,1.0,1.0,30000.0,-1.0,-1.0,<10k,2,-1.0,-1.0,2,-1.0,-1.0,1,115200.0,3.0,2,-1.0,-1.0,1,5000.0,1.0,2,-1.0,-1.0,2,-1.0,-1.0,2,-1.0,-1.0,2,-1.0,-1.0,2,-1.0,-1.0,0.0,4.32,0.0,9.63,2.0,9.33,0.0,16.74,YES,YES,0.0,4.35,3.0,12.83,0.0,10.61,1.0,11.03,1.0,11.14,5.0,14.25,5.0,15.29,1.0,31.92,2.0,14.69,0.0,5.77,6.0,17.66,1,1,1,1,3.0,4.0,2,1,2.0,1,1.0,1.0,-0.88,-0.97,7.0,2.0,12.0,12.0,1,2,2.0,1.0,1.0,1.0,1.0,1.0,3.0,1.0,1.0,-0.79,2.0,-1.0,-1.0,-1.0,-1.0,-1.0,-1.0
11,1,1,1,1,3,2,90,19-35,1,1,1,1,3.0,13.0,8.0,2.0,-1.0,-1.0,-1.0,-1.0,-1.0,264.530716,1996,1.0,1.0,6.0,5.0,3.22,6.0,29.46,-1.0,-1.0,-1.0,2.0,-1.0,-1.0,2.0,-1.0,2.0,-1.0,-1.0,2.0,-1.0,2.0,-1.0,-1.0,-1.0,-1.0,-1.0,-1.0,2.0,1.0,2.0,1.0,1.0,-1.0,-1.0,1.0,1.0,1.0,1.0,19000.0,5000.0,-1.0,<10k,2,-1.0,-1.0,2,-1.0,-1.0,1,115200.0,3.0,2,-1.0,-1.0,1,5000.0,1.0,2,-1.0,-1.0,2,-1.0,-1.0,2,-1.0,-1.0,2,-1.0,-1.0,2,-1.0,-1.0,0.0,5.7,0.0,11.27,2.0,8.35,0.0,13.39,YES,YES,0.0,4.48,3.0,14.95,0.0,9.95,1.0,8.56,1.0,10.8,5.0,13.71,5.0,13.11,1.0,32.24,2.0,14.59,0.0,5.03,6.0,20.26,1,1,1,1,3.0,4.0,2,1,2.0,1,1.0,1.0,-0.95,-1.16,7.0,2.0,12.0,12.0,1,2,2.0,1.0,1.0,1.0,1.0,1.0,3.0,1.0,1.0,-0.92,2.0,-1.0,-1.0,-1.0,-1.0,-1.0,-1.0
11,1,1,1,1,3,2,90,19-35,1,1,1,1,5.0,13.0,8.0,2.0,-1.0,-1.0,-1.0,-1.0,-1.0,264.530716,1998,1.0,1.0,11.0,10.0,3.43,3.0,9.02,-1.0,-1.0,-1.0,2.0,-1.0,-1.0,2.0,-1.0,2.0,-1.0,-1.0,2.0,-1.0,2.0,-1.0,-1.0,-1.0,-1.0,-1.0,-1.0,2.0,1.0,2.0,1.0,1.0,-1.0,-1.0,1.0,1.0,1.0,1.0,39000.0,-1.0,-1.0,<10k,2,-1.0,-1.0,2,-1.0,-1.0,1,115200.0,3.0,2,-1.0,-1.0,1,5000.0,1.0,2,-1.0,-1.0,2,-1.0,-1.0,2,-1.0,-1.0,2,-1.0,-1.0,2,-1.0,-1.0,0.0,5.14,0.0,10.45,2.0,9.54,0.0,17.17,YES,YES,0.0,5.17,3.0,18.32,0.0,10.73,1.0,9.7,1.0,11.63,5.0,13.05,5.0,17.42,1.0,27.74,2.0,12.37,0.0,4.29,6.0,19.43,1,1,1,1,3.0,4.0,2,1,2.0,1,1.0,1.0,-0.94,-0.96,7.0,2.0,12.0,12.0,1,2,2.0,1.0,1.0,1.0,1.0,1.0,3.0,1.0,1.0,-0.88,2.0,-1.0,-1.0,-1.0,-1.0,-1.0,-1.0
11,1,1,1,1,3,1,0,0-18,1,1,1,1,2.0,10.0,8.0,2.0,-1.0,-1.0,-1.0,-1.0,-1.0,264.530716,2003,1.0,1.0,11.0,10.0,0.0,1.0,14.73,-1.0,-1.0,-1.0,2.0,-1.0,-1.0,1.0,1.0,2.0,-1.0,-1.0,2.0,-1.0,2.0,-1.0,-1.0,-1.0,-1.0,-1.0,-1.0,2.0,1.0,2.0,1.0,1.0,-1.0,-1.0,1.0,1.0,1.0,-1.0,-1.0,-1.0,-1.0,<10k,2,-1.0,-1.0,2,-1.0,-1.0,1,115200.0,3.0,2,-1.0,-1.0,1,5000.0,1.0,2,-1.0,-1.0,2,-1.0,-1.0,2,-1.0,-1.0,2,-1.0,-1.0,2,-1.0,-1.0,0.0,4.06,0.0,10.44,2.0,9.61,0.0,16.17,YES,YES,0.0,4.96,3.0,14.78,0.0,10.13,1.0,9.09,1.0,11.84,5.0,15.74,5.0,12.0,1.0,33.06,2.0,16.82,0.0,4.16,6.0,21.96,1,1,1,1,3.0,4.0,2,1,2.0,1,1.0,1.0,-0.98,-0.95,7.0,2.0,12.0,12.0,1,2,2.0,1.0,1.0,1.0,1.0,1.0,3.0,1.0,1.0,-0.88,2.0,-1.0,-1.0,-1.0,-1.0,-1.0,-1.0
11,1,1,1,1,3,1,0,0-18,1,1,1,1,2.0,6.0,-1.0,-1.0,-1.0,-1.0,-1.0,-1.0,-1.0,264.530716,2007,1.0,1.0,7.0,6.0,0.0,1.0,19.06,-1.0,-1.0,-1.0,2.0,-1.0,-1.0,2.0,-1.0,2.0,-1.0,-1.0,2.0,-1.0,2.0,-1.0,-1.0,-1.0,-1.0,-1.0,-1.0,2.0,1.0,2.0,1.0,1.0,-1.0,-1.0,1.0,1.0,1.0,-1.0,-1.0,-1.0,-1.0,<10k,2,-1.0,-1.0,2,-1.0,-1.0,1,115200.0,3.0,2,-1.0,-1.0,1,5000.0,1.0,2,-1.0,-1.0,2,-1.0,-1.0,2,-1.0,-1.0,2,-1.0,-1.0,2,-1.0,-1.0,0.0,5.02,0.0,9.77,2.0,6.9,0.0,14.15,YES,YES,0.0,5.33,3.0,13.55,0.0,10.4,1.0,10.58,1.0,9.36,5.0,14.63,5.0,14.5,1.0,28.99,2.0,14.61,0.0,4.92,6.0,17.66,1,1,1,1,3.0,4.0,2,1,2.0,1,1.0,1.0,-0.99,-0.88,7.0,2.0,12.0,12.0,1,2,2.0,1.0,1.0,1.0,1.0,1.0,3.0,1.0,1.0,-1.01,2.0,-1.0,-1.0,-1.0,-1.0,-1.0,-1.0
11,1,1,1,1,1,1,60,36-50,1,1,1,2,9.0,13.0,1.0,1.0,1214.0,52294.0,3.0,-1.0,-1.0,264.530716,1969,-1.0,-1.0,-1.0,-1.0,-1.01,-1.0,-1.05,-1.0,-1.0,-1.0,2.0,-1.0,-1.0,1.0,3.0,2.0,-1.0,-1.0,2.0,-1.0,1.0,2.0,2.0,2.0,0.0,2.0,-1.0,1.0,1.0,2.0,1.0,1.0,-1.0,-1.0,1.0,1.0,1.0,1.0,45000.0,35000.0,-1.0,<10k,2,-1.0,-1.0,2,-1.0,-1.0,1,115200.0,3.0,2,-1.0,-1.0,1,5000.0,1.0,2,-1.0,-1.0,2,-1.0,-1.0,2,-1.0,-1.0,2,-1.0,-1.0,2,-1.0,-1.0,0.0,4.34,0.0,8.9,2.0,9.38,0.0,15.21,YES,YES,0.0,4.92,3.0,16.3,0.0,9.23,1.0,10.93,1.0,9.35,5.0,14.38,5.0,11.97,1.0,29.07,2.0,14.8,0.0,4.16,6.0,20.05,1,1,1,1,3.0,4.0,2,1,2.0,1,1.0,1.0,-0.93,-0.89,7.0,2.0,12.0,12.0,1,2,2.0,1.0,1.0,1.0,1.0,1.0,3.0,1.0,1.0,-1.15,2.0,-1.0,-1.0,-1.0,-1.0,-1.0,-1.0
11,1,1,1,1,2,2,60,36-50,1,1,1,2,9.0,11.0,1.0,1.0,3341.0,86203.0,3.0,-1.0,-1.0,264.530716,1969,-1.0,-1.0,-1.0,-1.0,-1.04,-1.0,-1.02,-1.0,-1.0,-1.0,2.0,-1.0,-1.0,1.0,3.0,2.0,-1.0,-1.0,2.0,-1.0,2.0,-1.0,-1.0,-1.0,-1.0,-1.0,-1.0,1.0,2.0,2.0,1.0,1.0,-1.0,-1.0,1.0,1.0,1.0,1.0,30000.0,-1.0,-1.0,<10k,2,-1.0,-1.0,2,-1.0,-1.0,1,115200.0,3.0,2,-1.0,-1.0,1,5000.0,1.0,2,-1.0,-1.0,2,-1.0,-1.0,2,-1.0,-1.0,2,-1.0,-1.0,2,-1.0,-1.0,0.0,4.96,0.0,11.81,2.0,9.23,0.0,13.31,YES,YES,0.0,5.48,3.0,15.87,0.0,9.96,1.0,11.44,1.0,9.53,5.0,14.08,5.0,11.45,1.0,28.73,2.0,16.52,0.0,4.81,6.0,22.06,1,1,1,1,3.0,4.0,2,1,2.0,1,1.0,1.0,-0.88,-1.24,7.0,2.0,12.0,12.0,1,2,2.0,1.0,1.0,1.0,1.0,1.0,3.0,1.0,1.0,-0.9,2.0,-1.0,-1.0,-1.0,-1.0,-1.0,-1.0
11,1,1,1,1,5,1,60,51-65,1,1,1,2,9.0,10.0,1.0,1.0,5414.0,80101.0,3.0,-1.0,-1.0,264.530716,1967,1.0,1.0,6.0,5.0,2.37,6.0,28.64,-1.0,-1.0,-1.0,2.0,-1.0,-1.0,2.0,-1.0,2.0,-1.0,-1.0,2.0,-1.0,2.0,-1.0,-1.0,-1.0,-1.0,-1.0,-1.0,2.0,1.0,2.0,1.0,1.0,-1.0,-1.0,1.0,1.0,1.0,1.0,19000.0,5000.0,-1.0,<10k,2,-1.0,-1.0,2,-1.0,-1.0,1,115200.0,3.0,2,-1.0,-1.0,1,5000.0,1.0,2,-1.0,-1.0,2,-1.0,-1.0,2,-1.0,-1.0,2,-1.0,-1.0,2,-1.0,-1.0,0.0,4.83,0.0,10.62,2.0,9.47,0.0,14.94,YES,YES,0.0,5.18,3.0,15.58,0.0,9.97,1.0,8.58,1.0,9.65,5.0,16.05,5.0,15.07,1.0,31.24,2.0,14.37,0.0,5.78,6.0,17.77,1,1,1,1,3.0,4.0,2,1,2.0,1,1.0,1.0,-1.12,-0.85,7.0,2.0,12.0,12.0,1,2,2.0,1.0,1.0,1.0,1.0,1.0,3.0,1.0,1.0,-0.96,2.0,-1.0,-1.0,-1.0,-1.0,-1.0,-1.0
11,1,1,1,1,5,2,50,51-65,1,1,1,4,9.0,10.0,7.0,2.0,-1.0,-1.0,-1.0,-1.0,-1.0,264.530716,1953,1.0,1.0,11.0,10.0,2.71,3.0,8.52,-1.0,-1.0,-1.0,2.0,-1.0,-1.0,2.0,-1.0,2.0,-1.0,-1.0,2.0,-1.0,2.0,-1.0,-1.0,-1.0,-1.0,-1.0,-1.0,2.0,1.0,2.0,1.0,1.0,-1.0,-1.0,1.0,1.0,1.0,1.0,39000.0,-1.0,-1.0,<10k,2,-1.0,-1.0,2,-1.0,-1.0,1,115200.0,3.0,2,-1.0,-1.0,1,5000.0,1.0,2,-1.0,-1.0,2,-1.0,-1.0,2,-1.0,-1.0,2,-1.0,-1.0,2,-1.0,-1.0,0.0,4.62,0.0,9.52,2.0,9.16,0.0,17.78,YES,YES,0.0,5.1,3.0,15.67,0.0,8.3,1.0,10.73,1.0,10.21,5.0,15.84,5.0,13.95,1.0,30.32,2.0,16.38,0.0,5.53,6.0,19.39,1,1,1,1,3.0,4.0,2,1,2.0,1,1.0,1.0,-0.95,-0.85,7.0,2.0,12.0,12.0,1,2,2.0,1.0,1.0,1.0,1.0,1.0,3.0,1.0,1.0,-0.97,2.0,-1.0,-1.0,-1.0,-1.0,-1.0,-1.0
11,1,1,1,1,5,2,30,66+,1,1,1,1,9.0,8.0,9.0,2.0,-1.0,-1.0,-1.0,-1.0,-1.0,264.530716,1932,1.0,1.0,11.0,10.0,0.0,1.0,15.98,-1.0,-1.0,-1.0,2.0,-1.0,-1.0,1.0,1.0,2.0,-1.0,-1.0,2.0,-1.0,2.0,-1.0,-1.0,-1.0,-1.0,-1.0,-1.0,2.0,1.0,2.0,1.0,1.0,-1.0,-1.0,1.0,1.0,1.0,-1.0,-1.0,-1.0,-1.0,<10k,2,-1.0,-1.0,2,-1.0,-1.0,1,115200.0,3.0,2,-1.0,-1.0,1,5000.0,1.0,2,-1.0,-1.0,2,-1.0,-1.0,2,-1.0,-1.0,2,-1.0,-1.0,2,-1.0,-1.0,0.0,4.67,0.0,10.06,2.0,10.25,0.0,16.26,YES,YES,0.0,4.73,3.0,13.82,0.0,9.86,1.0,10.56,1.0,9.04,5.0,16.39,5.0,13.99,1.0,34.56,2.0,14.81,0.0,5.33,6.0,17.25,1,1,1,1,3.0,4.0,2,1,2.0,1,1.0,1.0,-0.99,-1.18,7.0,2.0,12.0,12.0,1,2,2.0,1.0,1.0,1.0,1.0,1.0,3.0,1.0,1.0,-0.83,2.0,-1.0,-1.0,-1.0,-1.0,-1.0,-1.0
11,1,1,1,1,3,2,90,19-35,1,1,1,1,3.0,13.0,8.0,2.0,-1.0,-1.0,-1.0,-1.0,-1.0,264.530716,1994,1.0,1.0,7.0,6.0,0.0,1.0,12.75,-1.0,-1.0,-1.0,2.0,-1.0,-1.0,2.0,-1.0,2.0,-1.0,-1.0,2.0,-1.0,2.0,-1.0,-1.0,-1.0,-1.0,-1.0,-1.0,2.0,1.0,2.0,1.0,1.0,-1.0,-1.0,1.0,1.0,1.0,-1.0,-1.0,-1.0,-1.0,<10k,2,-1.0,-1.0,2,-1.0,-1.0,1,115200.0,3.0,2,-1.0,-1.0,1,5000.0,1.0,2,-1.0,-1.0,2,-1.0,-1.0,2,-1.0,-1.0,2,-1.0,-1.0,2,-1.0,-1.0,0.0,4.7,0.0,8.03,2.0,10.61,0.0,14.25,YES,YES,0.0,5.04,3.0,12.78,0.0,9.05,1.0,10.35,1.0,10.3,5.0,17.05,5.0,16.3,1.0,27.19,2.0,13.61,0.0,4.89,6.0,22.99,1,1,1,1,3.0,4.0,2,1,2.0,1,1.0,1.0,-1.03,-0.98,7.0,2.0,12.0,12.0,1,2,2.0,1.0,1.0,1.0,1.0,1.0,3.0,1.0,1.0,-1.05,2.0,-1.0,-1.0,-1.0,-1.0,-1.0,-1.0
11,1,1,1,1,1,1,50,66+,1,1,1,2,9.0,11.0,4.0,2.0,-1.0,-1.0,-1.0,-1.0,-1.0,264.530716,1952,-1.0,-1.0,-1.0,-1.0,-1.15,-1.0,-0.95,-1.0,-1.0,-1.0,2.0,-1.0,-1.0,1.0,3.0,2.0,-1.0,-1.0,2.0,-1.0,1.0,2.0,2.0,2.0,0.0,2.0,-1.0,1.0,1.0,2.0,1.0,1.0,-1.0,-1.0,1.0,1.0,1.0,1.0,45000.0,35000.0,-1.0,<10k,2,-1.0,-1.0,2,-1.0,-1.0,1,115200.0,3.0,2,-1.0,-1.0,1,5000.0,1.0,2,-1.0,-1.0,2,-1.0,-1.0,2,-1.0,-1.0,2,-1.0,-1.0,2,-1.0,-1.0,0.0,5.36,0.0,9.19,2.0,10.28,0.0,13.3,YES,YES,0.0,5.73,3.0,13.57,0.0,9.95,1.0,10.25,1.0,10.59,5.0,15.37,5.0,15.59,1.0,32.3,2.0,14.26,0.0,5.77,6.0,16.64,1,1,1,1,3.0,4.0,2,1,2.0,1,1.0,1.0,-1.01,-1.02,7.0,2.0,12.0,12.0,1,2,2.0,1.0,1.0,1.0,1.0,1.0,3.0,1.0,1.0,-0.9,2.0,-1.0,-1.0,-1.0,-1.0,-1.0,-1.0
11,1,1,1,1,2,2,60,51-65,1,1,1,2,9.0,11.0,7.0,2.0,-1.0,-1.0,-1.0,-1.0,-1.0,264.530716,1960,-1.0,-1.0,-1.0,-1.0,-1.17,-1.0,-1.26,-1.0,-1.0,-1.0,2.0,-1.0,-1.0,1.0,3.0,2.0,-1.0,-1.0,2.0,-1.0,2.0,-1.0,-1.0,-1.0,-1.0,-1.0,-1.0,1.0,2.0,2.0,1.0,1.0,-1.0,-1.0,1.0,1.0,1.0,1.0,30000.0,-1.0,-1.0,<10k,2,-1.0,-1.0,2,-1.0,-1.0,1,115200.0,3.0,2,-1.0,-1.0,1,5000.0,1.0,2,-1.0,-1.0,2,-1.0,-1.0,2,-1.0,-1.0,2,-1.0,-1.0,2,-1.0,-1.0,0.0,5.21,0.0,8.81,2.0,11.14,0.0,15.88,YES,YES,0.0,4.97,3.0,15.42,0.0,10.35,1.0,9.24,1.0,9.35,5.0,16.32,5.0,13.76,1.0,31.63,2.0,14.07,0.0,4.63,6.0,22.3,1,1,1,1,3.0,4.0,2,1,2.0,1,1.0,1.0,-0.99,-1.11,7.0,2.0,12.0,12.0,1,2,2.0,1.0,1.0,1.0,1.0,1.0,3.0,1.0,1.0,-1.03,2.0,-1.0,-1.0,-1.0,-1.0,-1.0,-1.0
11,1,1,1,1,3,2,80,19-35,1,1,1,2,9.0,13.0,1.0,1.0,5221.0,47113.0,5.0,-1.0,-1.0,264.530716,1987,1.0,1.0,6.0,5.0,3.24,6.0,30.86,-1.0,-1.0,-1.0,2.0,-1.0,-1.0,2.0,-1.0,2.0,-1.0,-1.0,2.0,-1.0,2.0,-1.0,-1.0,-1.0,-1.0,-1.0,-1.0,2.0,1.0,2.0,1.0,1.0,-1.0,-1.0,1.0,1.0,1.0,1.0,19000.0,5000.0,-1.0,<10k,2,-1.0,-1.0,2,-1.0,-1.0,1,115200.0,3.0,2,-1.0,-1.0,1,5000.0,1.0,2,-1.0,-1.0,2,-1.0,-1.0,2,-1.0,-1.0,2,-1.0,-1.0,2,-1.0,-1.0,0.0,5.26,0.0,9.44,2.0,8.11,0.0,15.1,YES,YES,0.0,4.64,3.0,15.53,0.0,8.59,1.0,8.5,1.0,11.75,5.0,13.86,5.0,15.59,1.0,31.93,2.0,17.12,0.0,4.87,6.0,19.54,1,1,1,1,3.0,4.0,2,1,2.0,1,1.0,1.0,-1.27,-0.81,7.0,2.0,12.0,12.0,1,2,2.0,1.0,1.0,1.0,1.0,1.0,3.0,1.0,1.0,-0.98,2.0,-1.0,-1.0,-1.0,-1.0,-1.0,-1.0
11,1,1,1,1,5,1,80,19-35,1,1,1,2,9.0,13.0,1.0,1.0,4321.0,84220.0,1.0,-1.0,-1.0,264.530716,1987,1.0,1.0,11.0,10.0,3.47,3.0,9.63,-1.0,-1.0,-1.0,2.0,-1.0,-1.0,2.0,-1.0,2.0,-1.0,-1.0,2.0,-1.0,2.0,-1.0,-1.0,-1.0,-1.0,-1.0,-1.0,2.0,1.0,2.0,1.0,1.0,-1.0,-1.0,1.0,1.0,1.0,1.0,39000.0,-1.0,-1.0,<10k,2,-1.0,-1.0,2,-1.0,-1.0,1,115200.0,3.0,2,-1.0,-1.0,1,5000.0,1.0,2,-1.0,-1.0,2,-1.0,-1.0,2,-1.0,-1.0,2,-1.0,-1.0,2,-1.0,-1.0,0.0,5.29,0.0,8.8,2.0,9.36,0.0,15.73,YES,YES,0.0,5.4,3.0,12.4,0.0,10.8,1.0,9.28,1.0,9.06,5.0,15.47,5.0,14.31,1.0,31.57,2.0,16.61,0.0,4.38,6.0,23.06,1,1,1,1,3.0,4.0,2,1,2.0,1,1.0,1.0,-0.99,-1.08,7.0,2.0,12.0,12.0,1,2,2.0,1.0,1.0,1.0,1.0,1.0,3.0,1.0,1.0,-1.11,2.0,-1.0,-1.0,-1.0,-1.0,-1.0,-1.0
11,1,1,1,1,5,2,10,0-18,1,1,1,1,1.0,-1.0,-1.0,-1.0,-1.0,-1.0,-1.0,-1.0,-1.0,264.530716,2014,1.0,1.0,11.0,10.0,0.0,1.0,14.9,-1.0,-1.0,-1.0,2.0,-1.0,-1.0,1.0,1.0,2.0,-1.0,-1.0,2.0,-1.0,2.0,-1.0,-1.0,-1.0,-1.0,-1.0,-1.0,2.0,1.0,2.0,1.0,1.0,-1.0,-1.0,1.0,1.0,1.0,-1.0,-1.0,-1.0,-1.0,<10k,2,-1.0,-1.0,2,-1.0,-1.0,1,115200.0,3.0,2,-1.0,-1.0,1,5000.0,1.0,2,-1.0,-1.0,2,-1.0,-1.0,2,-1.0,-1.0,2,-1.0,-1.0,2,-1.0,-1.0,0.0,5.35,0.0,8.44,2.0,8.39,0.0,14.97,YES,YES,0.0,4.71,3.0,16.42,0.0,7.91,1.0,10.04,1.0,11.21,5.0,17.33,5.0,19.0,1.0,34.49,2.0,15.74,0.0,5.21,6.0,22.38,1,1,1,1,3.0,4.0,2,1,2.0,1,1.0,1.0,-1.08,-0.74,7.0,2.0,12.0,12.0,1,2,2.0,1.0,1.0,1.0,1.0,1.0,3.0,1.0,1.0,-0.93,2.0,-1.0,-1.0,-1.0,-1.0,-1.0,-1.0
11,1,1,1,1,1,1,30,66+,1,1,5,2,9.0,7.0,1.0,1.0,8332.0,49232.0,5.0,-1.0,-1.0,264.530716,1939,-1.0,-1.0,-1.0,-1.0,-0.96,-1.0,-1.02,-1.0,-1.0,-1.0,2.0,-1.0,-1.0,1.0,3.0,2.0,-1.0,-1.0,2.0,-1.0,1.0,2.0,2.0,2.0,0.0,2.0,-1.0,1.0,1.0,2.0,1.0,1.0,-1.0,-1.0,1.0,1.0,1.0,1.0,45000.0,35000.0,-1.0,<10k,2,-1.0,-1.0,2,-1.0,-1.0,1,115200.0,3.0,2,-1.0,-1.0,1,5000.0,1.0,2,-1.0,-1.0,2,-1.0,-1.0,2,-1.0,-1.0,2,-1.0,-1.0,2,-1.0,-1.0,0.0,5.33,0.0,10.47,2.0,9.88,0.0,17.63,YES,YES,0.0,5.58,3.0,13.49,0.0,11.28,1.0,8.33,1.0,9.21,5.0,12.93,5.0,15.12,1.0,28.17,2.0,16.09,0.0,5.04,6.0,19.59,1,1,1,1,3.0,4.0,2,1,2.0,1,1.0,1.0,-0.8,-1.04,7.0,2.0,12.0,12.0,1,2,2.0,1.0,1.0,1.0,1.0,1.0,3.0,1.0,1.0,-1.03,2.0,-1.0,-1.0,-1.0,-1.0,-1.0,-1.0
11,1,1,1,1,2,2,40,66+,1,1,5,2,9.0,8.0,7.0,2.0,-1.0,-1.0,-1.0,-1.0,-1.0,264.530716,1942,-1.0,-1.0,-1.0,-1.0,-1.0,-1.0,-0.89,-1.0,-1.0,-1.0,2.0,-1.0,-1.0,1.0,3.0,2.0,-1.0,-1.0,2.0,-1.0,2.0,-1.0,-1.0,-1.0,-1.0,-1.0,-1.0,1.0,2.0,2.0,1.0,1.0,-1.0,-1.0,1.0,1.0,1.0,1.0,30000.0,-1.0,-1.0,<10k,2,-1.0,-1.0,2,-1.0,-1.0,1,115200.0,3.0,2,-1.0,-1.0,1,5000.0,1.0,2,-1.0,-1.0,2,-1.0,-1.0,2,-1.0,-1.0,2,-1.0,-1.0,2,-1.0,-1.0,0.0,5.93,0.0,10.23,2.0,11.44,0.0,15.69,YES,YES,0.0,4.83,3.0,17.8,0.0,8.79,1.0,9.55,1.0,10.13,5.0,15.48,5.0,12.76,1.0,27.42,2.0,18.89,0.0,4.75,6.0,18.61,1,1,1,1,3.0,4.0,2,1,2.0,1,1.0,1.0,-1.01,-1.1,7.0,2.0,12.0,12.0,1,2,2.0,1.0,1.0,1.0,1.0,1.0,3.0,1.0,1.0,-1.09,2.0,-1.0,-1.0,-1.0,-1.0,-1.0,-1.0
11,1,1,1,1,1,1,40,66+,1,1,1,2,9.0,11.0,4.0,2.0,-1.0,-1.0,-1.0,-1.0,-1.0,264.530716,1940,-1.0,-1.0,-1.0,-1.0,-1.03,-1.0,-0.93,-1.0,-1.0,-1.0,2.0,-1.0,-1.0,1.0,3.0,2.0,-1.0,-1.0,2.0,-1.0,1.0,2.0,2.0,2.0,0.0,2.0,-1.0,1.0,1.0,2.0,1.0,1.0,-1.0,-1.0,1.0,1.0,1.0,1.0,45000.0,35000.0,-1.0,<10k,2,-1.0,-1.0,2,-1.0,-1.0,1,115200.0,3.0,2,-1.0,-1.0,1,5000.0,1.0,2,-1.0,-1.0,2,-1.0,-1.0,2,-1.0,-1.0,2,-1.0,-1.0,2,-1.0,-1.0,0.0,5.55,0.0,7.04,2.0,8.89,0.0,13.44,YES,YES,0.0,5.16,3.0,14.73,0.0,11.41,1.0,9.95,1.0,12.11,5.0,17.18,5.0,17.56,1.0,24.15,2.0,16.09,0.0,5.29,6.0,19.74,1,1,1,1,3.0,4.0,2,1,2.0,1,1.0,1.0,-1.15,-1.01,7.0,2.0,12.0,12.0,1,2,2.0,1.0,1.0,1.0,1.0,1.0,3.0,1.0,1.0,-1.02,2.0,-1.0,-1.0,-1.0,-1.0,-1.0,-1.0
11,1,1,1,1,2,2,40,66+,1,1,1,2,9.0,8.0,7.0,2.0,-1.0,-1.0,-1.0,-1.0,-1.0,264.530716,1946,-1.0,-1.0,-1.0,-1.0,-1.01,-1.0,-1.12,-1.0,-1.0,-1.0,2.0,-1.0,-1.0,1.0,3.0,2.0,-1.0,-1.0,2.0,-1.0,2.0,-1.0,-1.0,-1.0,-1.0,-1.0,-1.0,1.0,2.0,2.0,1.0,1.0,-1.0,-1.0,1.0,1.0,1.0,1.0,30000.0,-1.0,-1.0,<10k,2,-1.0,-1.0,2,-1.0,-1.0,1,115200.0,3.0,2,-1.0,-1.0,1,5000.0,1.0,2,-1.0,-1.0,2,-1.0,-1.0,2,-1.0,-1.0,2,-1.0,-1.0,2,-1.0,-1.0,0.0,3.91,0.0,8.45,2.0,11.88,0.0,15.2,YES,YES,0.0,5.79,3.0,13.82,0.0,8.51,1.0,8.49,1.0,11.77,5.0,17.47,5.0,14.07,1.0,30.86,2.0,15.08,0.0,4.93,6.0,20.83,1,1,1,1,3.0,4.0,2,1,2.0,1,1.0,1.0,-1.08,-0.96,7.0,2.0,12.0,12.0,1,2,2.0,1.0,1.0,1.0,1.0,1.0,3.0,1.0,1.0,-0.77,2.0,-1.0,-1.0,-1.0,-1.0,-1.0,-1.0
11,1,1,1,1,1,2,50,66+,1,1,1,4,9.0,6.0,7.0,2.0,-1.0,-1.0,-1.0,-1.0,-1.0,264.530716,1952,-1.0,-1.0,-1.0,-1.0,-0.98,-1.0,-1.09,-1.0,-1.0,-1.0,2.0,-1.0,-1.0,1.0,3.0,2.0,-1.0,-1.0,2.0,-1.0,1.0,2.0,2.0,2.0,0.0,2.0,-1.0,1.0,1.0,2.0,1.0,1.0,-1.0,-1.0,1.0,1.0,1.0,1.0,45000.0,35000.0,-1.0,<10k,2,-1.0,-1.0,2,-1.0,-1.0,1,115200.0,3.0,2,-1.0,-1.0,1,5000.0,1.0,2,-1.0,-1.0,2,-1.0,-1.0,2,-1.0,-1.0,2,-1.0,-1.0,2,-1.0,-1.0,0.0,4.38,0.0,9.74,2.0,10.16,0.0,14.08,YES,YES,0.0,4.6,3.0,14.03,0.0,11.03,1.0,8.19,1.0,9.4,5.0,16.67,5.0,15.51,1.0,27.95,2.0,15.52,0.0,6.72,6.0,21.29,1,1,1,1,3.0,4.0,2,1,2.0,1,1.0,1.0,-1.04,-0.98,7.0,2.0,12.0,12.0,1,2,2.0,1.0,1.0,1.0,1.0,1.0,3.0,1.0,1.0,-0.91,2.0,-1.0,-1.0,-1.0,-1.0,-1.0,-1.0
11,1,1,1,1,3,1,70,36-50,1,1,1,2,9.0,9.0,1.0,1.0,7116.0,10505.0,5.0,-1.0,-1.0,264.530716,1975,-1.0,-1.0,-1.0,-1.0,-0.97,-1.0,-1.16,-1.0,-1.0,-1.0,2.0,-1.0,-1.0,1.0,3.0,2.0,-1.0,-1.0,2.0,-1.0,2.0,-1.0,-1.0,-1.0,-1.0,-1.0,-1.0,1.0,2.0,2.0,1.0,1.0,-1.0,-1.0,1.0,1.0,1.0,1.0,30000.0,-1.0,-1.0,<10k,2,-1.0,-1.0,2,-1.0,-1.0,1,115200.0,3.0,2,-1.0,-1.0,1,5000.0,1.0,2,-1.0,-1.0,2,-1.0,-1.0,2,-1.0,-1.0,2,-1.0,-1.0,2,-1.0,-1.0,0.0,4.08,0.0,9.64,2.0,10.15,0.0,14.16,YES,YES,0.0,4.32,3.0,15.47,0.0,11.12,1.0,8.76,1.0,10.86,5.0,14.31,5.0,13.62,1.0,33.38,2.0,12.17,0.0,4.38,6.0,20.56,1,1,1,1,3.0,4.0,2,1,2.0,1,1.0,1.0,-0.96,-0.81,7.0,2.0,12.0,12.0,1,2,2.0,1.0,1.0,1.0,1.0,1.0,3.0,1.0,1.0,-1.0,2.0,-1.0,-1.0,-1.0,-1.0,-1.0,-1.0
11,1,1,1,1,5,2,80,36-50,1,1,1,2,9.0,11.0,1.0,1.0,7531.0,14101.0,3.0,-1.0,-1.0,264.530716,1980,1.0,1.0,6.0,5.0,2.45,6.0,33.41,-1.0,-1.0,-1.0,2.0,-1.0,-1.0,2.0,-1.0,2.0,-1.0,-1.0,2.0,-1.0,2.0,-1.0,-1.0,-1.0,-1.0,-1.0,-1.0,2.0,1.0,2.0,1.0,1.0,-1.0,-1.0,1.0,1.0,1.0,1.0,19000.0,5000.0,-1.0,<10k,2,-1.0,-1.0,2,-1.0,-1.0,1,115200.0,3.0,2,-1.0,-1.0,1,5000.0,1.0,2,-1.0,-1.0,2,-1.0,-1.0,2,-1.0,-1.0,2,-1.0,-1.0,2,-1.0,-1.0,0.0,4.72,0.0,10.77,2.0,8.85,0.0,16.33,YES,YES,0.0,4.92,3.0,15.65,0.0,8.56,1.0,10.59,1.0,11.64,5.0,18.37,5.0,11.2,1.0,30.75,2.0,15.82,0.0,5.32,6.0,18.1,1,1,1,1,3.0,4.0,2,1,2.0,1,1.0,1.0,-0.98,-0.95,7.0,2.0,12.0,12.0,1,2,2.0,1.0,1.0,1.0,1.0,1.0,3.0,1.0,1.0,-1.08,2.0,-1.0,-1.0,-1.0,-1.0,-1.0,-1.0
11,1,1,1,1,5,2,0,0-18,1,1,1,1,2.0,10.0,8.0,2.0,-1.0,-1.0,-1.0,-1.0,-1.0,264.530716,2003,1.0,1.0,11.0,10.0,2.67,3.0,11.93,-1.0,-1.0,-1.0,2.0,-1.0,-1.0,2.0,-1.0,2.0,-1.0,-1.0,2.0,-1.0,2.0,-1.0,-1.0,-1.0,-1.0,-1.0,-1.0,2.0,1.0,2.0,1.0,1.0,-1.0,-1.0,1.0,1.0,1.0,1.0,39000.0,-1.0,-1.0,<10k,2,-1.0,-1.0,2,-1.0,-1.0,1,115200.0,3.0,2,-1.0,-1.0,1,5000.0,1.0,2,-1.0,-1.0,2,-1.0,-1.0,2,-1.0,-1.0,2,-1.0,-1.0,2,-1.0,-1.0,0.0,5.14,0.0,10.43,2.0,9.61,0.0,11.06,YES,YES,0.0,5.74,3.0,16.79,0.0,10.82,1.0,9.18,1.0,8.77,5.0,15.35,5.0,15.56,1.0,27.69,2.0,12.02,0.0,5.12,6.0,21.88,1,1,1,1,3.0,4.0,2,1,2.0,1,1.0,1.0,-0.97,-0.95,7.0,2.0,12.0,12.0,1,2,2.0,1.0,1.0,1.0,1.0,1.0,3.0,1.0,1.0,-1.11,2.0,-1.0,-1.0,-1.0,-1.0,-1.0,-1.0
11,1,1,1,1,1,1,50,66+,1,1,1,2,9.0,8.0,9.0,2.0,-1.0,-1.0,-1.0,-1.0,-1.0,264.530716,1952,-1.0,-1.0,-1.0,-1.0,-1.11,-1.0,-1.1,-1.0,-1.0,-1.0,2.0,-1.0,-1.0,1.0,3.0,2.0,-1.0,-1.0,2.0,-1.0,1.0,2.0,2.0,2.0,0.0,2.0,-1.0,1.0,1.0,2.0,1.0,1.0,-1.0,-1.0,1.0,1.0,1.0,1.0,45000.0,35000.0,-1.0,<10k,2,-1.0,-1.0,2,-1.0,-1.0,1,115200.0,3.0,2,-1.0,-1.0,1,5000.0,1.0,2,-1.0,-1.0,2,-1.0,-1.0,2,-1.0,-1.0,2,-1.0,-1.0,2,-1.0,-1.0,0.0,4.2,0.0,11.08,2.0,12.75,0.0,13.62,YES,YES,0.0,5.77,3.0,14.51,0.0,9.73,1.0,9.62,1.0,10.85,5.0,12.94,5.0,9.85,1.0,29.79,2.0,14.39,0.0,5.09,6.0,17.51,1,1,1,1,3.0,4.0,2,1,2.0,1,1.0,1.0,-1.22,-0.97,7.0,2.0,12.0,12.0,1,2,2.0,1.0,1.0,1.0,1.0,1.0,3.0,1.0,1.0,-0.93,2.0,-1.0,-1.0,-1.0,-1.0,-1.0,-1.0
11,1,1,1,1,2,2,50,51-65,1,1,1,2,9.0,8.0,1.0,1.0,9998.0,99998.0,3.0,-1.0,-1.0,264.530716,1959,-1.0,-1.0,-1.0,-1.0,-1.04,-1.0,-1.0,-1.0,-1.0,-1.0,2.0,-1.0,-1.0,1.0,3.0,2.0,-1.0,-1.0,2.0,-1.0,2.0,-1.0,-1.0,-1.0,-1.0,-1.0,-1.0,1.0,2.0,2.0,1.0,1.0,-1.0,-1.0,1.0,1.0,1.0,1.0,30000.0,-1.0,-1.0,<10k,2,-1.0,-1.0,2,-1.0,-1.0,1,115200.0,3.0,2,-1.0,-1.0,1,5000.0,1.0,2,-1.0,-1.0,2,-1.0,-1.0,2,-1.0,-1.0,2,-1.0,-1.0,2,-1.0,-1.0,0.0,5.22,0.0,8.79,2.0,10.59,0.0,16.77,YES,YES,0.0,4.77,3.0,17.31,0.0,10.18,1.0,10.52,1.0,12.96,5.0,14.36,5.0,17.55,1.0,32.45,2.0,14.54,0.0,4.64,6.0,18.19,1,1,1,1,3.0,4.0,2,1,2.0,1,1.0,1.0,-1.07,-0.95,7.0,2.0,12.0,12.0,1,2,2.0,1.0,1.0,1.0,1.0,1.0,3.0,1.0,1.0,-1.01,2.0,-1.0,-1.0,-1.0,-1.0,-1.0,-1.0
11,1,1,1,1,3,1,80,36-50,1,1,1,7,9.0,12.0,1.0,1.0,9111.0,97006.0,3.0,-1.0,-1.0,264.530716,1980,1.0,1.0,6.0,5.0,2.68,6.0,30.25,-1.0,-1.0,-1.0,2.0,-1.0,-1.0,2.0,-1.0,2.0,-1.0,-1.0,2.0,-1.0,2.0,-1.0,-1.0,-1.0,-1.0,-1.0,-1.0,2.0,1.0,2.0,1.0,1.0,-1.0,-1.0,1.0,1.0,1.0,1.0,19000.0,5000.0,-1.0,<10k,2,-1.0,-1.0,2,-1.0,-1.0,1,115200.0,3.0,2,-1.0,-1.0,1,5000.0,1.0,2,-1.0,-1.0,2,-1.0,-1.0,2,-1.0,-1.0,2,-1.0,-1.0,2,-1.0,-1.0,0.0,5.37,0.0,10.3,2.0,8.81,0.0,12.38,YES,YES,0.0,5.82,3.0,16.48,0.0,9.66,1.0,11.15,1.0,10.47,5.0,14.58,5.0,15.18,1.0,24.35,2.0,15.39,0.0,5.46,6.0,21.91,1,1,1,1,3.0,4.0,2,1,2.0,1,1.0,1.0,-0.94,-1.15,7.0,2.0,12.0,12.0,1,2,2.0,1.0,1.0,1.0,1.0,1.0,3.0,1.0,1.0,-1.07,2.0,-1.0,-1.0,-1.0,-1.0,-1.0,-1.0
11,1,1,1,1,5,2,10,0-18,1,1,1,1,2.0,3.0,-1.0,-1.0,-1.0,-1.0,-1.0,-1.0,-1.0,264.530716,2011,1.0,1.0,11.0,10.0,2.59,3.0,9.39,-1.0,-1.0,-1.0,2.0,-1.0,-1.0,2.0,-1.0,2.0,-1.0,-1.0,2.0,-1.0,2.0,-1.0,-1.0,-1.0,-1.0,-1.0,-1.0,2.0,1.0,2.0,1.0,1.0,-1.0,-1.0,1.0,1.0,1.0,1.0,39000.0,-1.0,-1.0,<10k,2,-1.0,-1.0,2,-1.0,-1.0,1,115200.0,3.0,2,-1.0,-1.0,1,5000.0,1.0,2,-1.0,-1.0,2,-1.0,-1.0,2,-1.0,-1.0,2,-1.0,-1.0,2,-1.0,-1.0,0.0,5.72,0.0,12.13,2.0,9.6,0.0,14.17,YES,YES,0.0,4.27,3.0,14.97,0.0,9.98,1.0,11.66,1.0,9.93,5.0,17.22,5.0,16.93,1.0,35.14,2.0,14.3,0.0,4.79,6.0,20.24,1,1,1,1,3.0,4.0,2,1,2.0,1,1.0,1.0,-0.83,-0.91,7.0,2.0,12.0,12.0,1,2,2.0,1.0,1.0,1.0,1.0,1.0,3.0,1.0,1.0,-1.11,2.0,-1.0,-1.0,-1.0,-1.0,-1.0,-1.0
11,1,1,1,1,1,1,40,66+,1,1,1,2,9.0,11.0,5.0,2.0,-1.0,-1.0,-1.0,-1.0,-1.0,264.530716,1943,-1.0,-1.0,-1.0,-1.0,-0.94,-1.0,-1.05,-1.0,-1.0,-1.0,2.0,-1.0,-1.0,1.0,3.0,2.0,-1.0,-1.0,2.0,-1.0,1.0,2.0,2.0,2.0,0.0,2.0,-1.0,1.0,1.0,2.0,1.0,1.0,-1.0,-1.0,1.0,1.0,1.0,1.0,45000.0,35000.0,-1.0,<10k,2,-1.0,-1.0,2,-1.0,-1.0,1,115200.0,3.0,2,-1.0,-1.0,1,5000.0,1.0,2,-1.0,-1.0,2,-1.0,-1.0,2,-1.0,-1.0,2,-1.0,-1.0,2,-1.0,-1.0,0.0,4.62,0.0,9.14,2.0,9.63,0.0,15.7,YES,YES,0.0,4.96,3.0,11.02,0.0,8.28,1.0,9.45,1.0,9.75,5.0,15.24,5.0,17.65,1.0,31.63,2.0,15.84,0.0,5.73,6.0,21.35,1,1,1,1,3.0,4.0,2,1,2.0,1,1.0,1.0,-0.79,-0.94,7.0,2.0,12.0,12.0,1,2,2.0,1.0,1.0,1.0,1.0,1.0,3.0,1.0,1.0,-0.93,2.0,-1.0,-1.0,-1.0,-1.0,-1.0,-1.0
11,1,1,1,1,2,2,40,66+,1,1,1,2,9.0,11.0,7.0,2.0,-1.0,-1.0,-1.0,-1.0,-1.0,264.530716,1947,-1.0,-1.0,-1.0,-1.0,-1.15,-1.0,-0.94,-1.0,-1.0,-1.0,2.0,-1.0,-1.0,1.0,3.0,2.0,-1.0,-1.0,2.0,-1.0,2.0,-1.0,-1.0,-1.0,-1.0,-1.0,-1.0,1.0,2.0,2.0,1.0,1.0,-1.0,-1.0,1.0,1.0,1.0,1.0,30000.0,-1.0,-1.0,<10k,2,-1.0,-1.0,2,-1.0,-1.0,1,115200.0,3.0,2,-1.0,-1.0,1,5000.0,1.0,2,-1.0,-1.0,2,-1.0,-1.0,2,-1.0,-1.0,2,-1.0,-1.0,2,-1.0,-1.0,0.0,4.82,0.0,10.0,2.0,10.5,0.0,13.24,YES,YES,0.0,5.35,3.0,14.79,0.0,11.89,1.0,9.38,1.0,12.01,5.0,16.75,5.0,16.32,1.0,28.11,2.0,17.9,0.0,5.37,6.0,18.75,1,1,1,1,3.0,4.0,2,1,2.0,1,1.0,1.0,-0.86,-1.13,7.0,2.0,12.0,12.0,1,2,2.0,1.0,1.0,1.0,1.0,1.0,3.0,1.0,1.0,-1.02,2.0,-1.0,-1.0,-1.0,-1.0,-1.0,-1.0
11,1,1,1,1,3,1,80,19-35,1,1,1,1,9.0,12.0,1.0,1.0,8332.0,49232.0,5.0,-1.0,-1.0,264.530716,1989,1.0,1.0,6.0,5.0,2.77,6.0,31.13,-1.0,-1.0,-1.0,2.0,-1.0,-1.0,2.0,-1.0,2.0,-1.0,-1.0,2.0,-1.0,2.0,-1.0,-1.0,-1.0,-1.0,-1.0,-1.0,2.0,1.0,2.0,1.0,1.0,-1.0,-1.0,1.0,1.0,1.0,1.0,19000.0,5000.0,-1.0,<10k,2,-1.0,-1.0,2,-1.0,-1.0,1,115200.0,3.0,2,-1.0,-1.0,1,5000.0,1.0,2,-1.0,-1.0,2,-1.0,-1.0,2,-1.0,-1.0,2,-1.0,-1.0,2,-1.0,-1.0,0.0,5.27,0.0,9.37,2.0,8.2,0.0,17.68,YES,YES,0.0,4.74,3.0,14.18,0.0,9.24,1.0,10.18,1.0,8.89,5.0,13.89,5.0,11.38,1.0,27.53,2.0,14.35,0.0,4.21,6.0,19.3,1,1,1,1,3.0,4.0,2,1,2.0,1,1.0,1.0,-1.08,-1.26,7.0,2.0,12.0,12.0,1,2,2.0,1.0,1.0,1.0,1.0,1.0,3.0,1.0,1.0,-1.0,2.0,-1.0,-1.0,-1.0,-1.0,-1.0,-1.0
11,1,1,1,2,3,2,80,36-50,1,1,1,1,9.0,12.0,-1.0,-1.0,-1.0,-1.0,-1.0,2.0,1.0,264.530716,1980,1.0,1.0,11.0,10.0,2.77,3.0,10.66,-1.0,-1.0,-1.0,2.0,-1.0,-1.0,2.0,-1.0,2.0,-1.0,-1.0,2.0,-1.0,2.0,-1.0,-1.0,-1.0,-1.0,-1.0,-1.0,2.0,1.0,2.0,1.0,1.0,-1.0,-1.0,1.0,1.0,1.0,1.0,39000.0,-1.0,-1.0,<10k,2,-1.0,-1.0,2,-1.0,-1.0,1,115200.0,3.0,2,-1.0,-1.0,1,5000.0,1.0,2,-1.0,-1.0,2,-1.0,-1.0,2,-1.0,-1.0,2,-1.0,-1.0,2,-1.0,-1.0,0.0,4.31,0.0,10.91,2.0,9.56,0.0,11.4,YES,YES,0.0,5.05,3.0,16.62,0.0,8.58,1.0,10.81,1.0,10.14,5.0,13.75,5.0,15.89,1.0,27.16,2.0,14.7,0.0,5.5,6.0,19.42,1,1,1,1,3.0,4.0,2,1,2.0,1,1.0,1.0,-0.85,-1.05,7.0,2.0,12.0,12.0,1,2,2.0,1.0,1.0,1.0,1.0,1.0,3.0,1.0,1.0,-1.1,2.0,-1.0,-1.0,-1.0,-1.0,-1.0,-1.0
11,1,1,1,1,1,1,80,36-50,1,1,1,2,9.0,11.0,1.0,1.0,7131.0,45203.0,4.0,-1.0,-1.0,264.530716,1980,-1.0,-1.0,-1.0,-1.0,-0.95,-1.0,-1.03,-1.0,-1.0,-1.0,2.0,-1.0,-1.0,1.0,3.0,2.0,-1.0,-1.0,2.0,-1.0,1.0,2.0,2.0,2.0,0.0,2.0,-1.0,1.0,1.0,2.0,1.0,1.0,-1.0,-1.0,1.0,1.0,1.0,1.0,45000.0,35000.0,-1.0,<10k,2,-1.0,-1.0,2,-1.0,-1.0,1,115200.0,3.0,2,-1.0,-1.0,1,5000.0,1.0,2,-1.0,-1.0,2,-1.0,-1.0,2,-1.0,-1.0,2,-1.0,-1.0,2,-1.0,-1.0,0.0,5.35,0.0,9.44,2.0,10.23,0.0,18.05,YES,YES,0.0,5.69,3.0,16.5,0.0,8.5,1.0,11.16,1.0,8.78,5.0,13.06,5.0,15.14,1.0,33.35,2.0,14.1,0.0,4.34,6.0,16.78,1,1,1,1,3.0,4.0,2,1,2.0,1,1.0,1.0,-0.91,-0.98,7.0,2.0,12.0,12.0,1,2,2.0,1.0,1.0,1.0,1.0,1.0,3.0,1.0,1.0,-0.99,2.0,-1.0,-1.0,-1.0,-1.0,-1.0,-1.0
11,1,1,1,1,2,2,80,19-35,1,1,1,2,9.0,13.0,7.0,2.0,-1.0,-1.0,-1.0,-1.0,-1.0,264.530716,1984,-1.0,-1.0,-1.0,-1.0,-1.05,-1.0,-0.92,-1.0,-1.0,-1.0,2.0,-1.0,-1.0,1.0,3.0,2.0,-1.0,-1.0,2.0,-1.0,2.0,-1.0,-1.0,-1.0,-1.0,-1.0,-1.0,1.0,2.0,2.0,1.0,1.0,-1.0,-1.0,1.0,1.0,1.0,1.0,30000.0,-1.0,-1.0,<10k,2,-1.0,-1.0,2,-1.0,-1.0,1,115200.0,3.0,2,-1.0,-1.0,1,5000.0,1.0,2,-1.0,-1.0,2,-1.0,-1.0,2,-1.0,-1.0,2,-1.0,-1.0,2,-1.0,-1.0,0.0,4.82,0.0,8.92,2.0,8.33,0.0,14.76,YES,YES,0.0,5.36,3.0,16.44,0.0,9.98,1.0,11.47,1.0,9.92,5.0,17.88,5.0,15.27,1.0,29.59,2.0,15.04,0.0,5.12,6.0,20.75,1,1,1,1,3.0,4.0,2,1,2.0,1,1.0,1.0,-0.97,-0.98,7.0,2.0,12.0,12.0,1,2,2.0,1.0,1.0,1.0,1.0,1.0,3.0,1.0,1.0,-1.23,2.0,-1.0,-1.0,-1.0,-1.0,-1.0,-1.0
11,1,1,1,1,3,2,0,0-18,1,1,1,1,2.0,5.0,-1.0,-1.0,-1.0,-1.0,-1.0,-1.0,-1.0,264.530716,2008,1.0,1.0,6.0,5.0,3.03,6.0,26.59,-1.0,-1.0,-1.0,2.0,-1.0,-1.0,2.0,-1.0,2.0,-1.0,-1.0,2.0,-1.0,2.0,-1.0,-1.0,-1.0,-1.0,-1.0,-1.0,2.0,1.0,2.0,1.0,1.0,-1.0,-1.0,1.0,1.0,1.0,1.0,19000.0,5000.0,-1.0,<10k,2,-1.0,-1.0,2,-1.0,-1.0,1,115200.0,3.0,2,-1.0,-1.0,1,5000.0,1.0,2,-1.0,-1.0,2,-1.0,-1.0,2,-1.0,-1.0,2,-1.0,-1.0,2,-1.0,-1.0,0.0,4.93,0.0,11.3,2.0,9.84,0.0,17.71,YES,YES,0.0,5.03,3.0,14.16,0.0,9.73,1.0,9.93,1.0,9.81,5.0,16.68,5.0,15.17,1.0,30.33,2.0,14.2,0.0,4.2,6.0,21.91,1,1,1,1,3.0,4.0,2,1,2.0,1,1.0,1.0,-1.05,-1.0,7.0,2.0,12.0,12.0,1,2,2.0,1.0,1.0,1.0,1.0,1.0,3.0,1.0,1.0,-1.03,2.0,-1.0,-1.0,-1.0,-1.0,-1.0,-1.0
11,1,1,1,1,3,1,10,0-18,1,1,1,1,2.0,0.0,-1.0,-1.0,-1.0,-1.0,-1.0,-1.0,-1.0,264.530716,2013,1.0,1.0,11.0,10.0,3.23,3.0,9.66,-1.0,-1.0,-1.0,2.0,-1.0,-1.0,2.0,-1.0,2.0,-1.0,-1.0,2.0,-1.0,2.0,-1.0,-1.0,-1.0,-1.0,-1.0,-1.0,2.0,1.0,2.0,1.0,1.0,-1.0,-1.0,1.0,1.0,1.0,1.0,39000.0,-1.0,-1.0,<10k,2,-1.0,-1.0,2,-1.0,-1.0,1,115200.0,3.0,2,-1.0,-1.0,1,5000.0,1.0,2,-1.0,-1.0,2,-1.0,-1.0,2,-1.0,-1.0,2,-1.0,-1.0,2,-1.0,-1.0,0.0,5.32,0.0,8.83,2.0,10.37,0.0,16.16,YES,YES,0.0,5.18,3.0,15.44,0.0,11.56,1.0,10.58,1.0,9.05,5.0,15.51,5.0,14.04,1.0,32.5,2.0,15.91,0.0,4.83,6.0,21.01,1,1,1,1,3.0,4.0,2,1,2.0,1,1.0,1.0,-1.07,-1.16,7.0,2.0,12.0,12.0,1,2,2.0,1.0,1.0,1.0,1.0,1.0,3.0,1.0,1.0,-1.04,2.0,-1.0,-1.0,-1.0,-1.0,-1.0,-1.0
11,1,1,1,1,1,1,50,51-65,1,1,1,2,9.0,10.0,1.0,1.0,7313.0,23931.0,5.0,-1.0,-1.0,264.530716,1958,-1.0,-1.0,-1.0,-1.0,-0.82,-1.0,-0.99,-1.0,-1.0,-1.0,2.0,-1.0,-1.0,1.0,3.0,2.0,-1.0,-1.0,2.0,-1.0,1.0,2.0,2.0,2.0,0.0,2.0,-1.0,1.0,1.0,2.0,1.0,1.0,-1.0,-1.0,1.0,1.0,1.0,1.0,45000.0,35000.0,-1.0,<10k,2,-1.0,-1.0,2,-1.0,-1.0,1,115200.0,3.0,2,-1.0,-1.0,1,5000.0,1.0,2,-1.0,-1.0,2,-1.0,-1.0,2,-1.0,-1.0,2,-1.0,-1.0,2,-1.0,-1.0,0.0,4.16,0.0,9.68,2.0,7.65,0.0,15.36,YES,YES,0.0,5.28,3.0,16.05,0.0,9.56,1.0,11.83,1.0,9.74,5.0,15.85,5.0,16.12,1.0,32.36,2.0,14.46,0.0,4.25,6.0,18.36,1,1,1,1,3.0,4.0,2,1,2.0,1,1.0,1.0,-1.18,-1.12,7.0,2.0,12.0,12.0,1,2,2.0,1.0,1.0,1.0,1.0,1.0,3.0,1.0,1.0,-1.03,2.0,-1.0,-1.0,-1.0,-1.0,-1.0,-1.0
11,1,1,1,1,2,2,60,51-65,1,1,1,2,9.0,10.0,1.0,1.0,7313.0,23931.0,6.0,-1.0,-1.0,264.530716,1964,-1.0,-1.0,-1.0,-1.0,-1.0,-1.0,-1.05,-1.0,-1.0,-1.0,2.0,-1.0,-1.0,1.0,3.0,2.0,-1.0,-1.0,2.0,-1.0,2.0,-1.0,-1.0,-1.0,-1.0,-1.0,-1.0,1.0,2.0,2.0,1.0,1.0,-1.0,-1.0,1.0,1.0,1.0,1.0,30000.0,-1.0,-1.0,<10k,2,-1.0,-1.0,2,-1.0,-1.0,1,115200.0,3.0,2,-1.0,-1.0,1,5000.0,1.0,2,-1.0,-1.0,2,-1.0,-1.0,2,-1.0,-1.0,2,-1.0,-1.0,2,-1.0,-1.0,0.0,4.09,0.0,9.96,2.0,9.49,0.0,16.97,YES,YES,0.0,4.55,3.0,15.49,0.0,9.71,1.0,9.15,1.0,7.93,5.0,15.34,5.0,17.74,1.0,26.14,2.0,17.14,0.0,4.72,6.0,21.83,1,1,1,1,3.0,4.0,2,1,2.0,1,1.0,1.0,-0.88,-0.96,7.0,2.0,12.0,12.0,1,2,2.0,1.0,1.0,1.0,1.0,1.0,3.0,1.0,1.0,-0.88,2.0,-1.0,-1.0,-1.0,-1.0,-1.0,-1.0
11,1,1,1,1,3,1,90,19-35,1,1,1,1,9.0,12.0,8.0,2.0,-1.0,-1.0,-1.0,-1.0,-1.0,264.530716,1993,1.0,1.0,6.0,5.0,2.73,6.0,32.49,-1.0,-1.0,-1.0,2.0,-1.0,-1.0,2.0,-1.0,2.0,-1.0,-1.0,2.0,-1.0,2.0,-1.0,-1.0,-1.0,-1.0,-1.0,-1.0,2.0,1.0,2.0,1.0,1.0,-1.0,-1.0,1.0,1.0,1.0,1.0,19000.0,5000.0,-1.0,<10k,2,-1.0,-1.0,2,-1.0,-1.0,1,115200.0,3.0,2,-1.0,-1.0,1,5000.0,1.0,2,-1.0,-1.0,2,-1.0,-1.0,2,-1.0,-1.0,2,-1.0,-1.0,2,-1.0,-1.0,0.0,5.1,0.0,9.63,2.0,11.37,0.0,14.93,YES,YES,0.0,4.9,3.0,17.24,0.0,9.81,1.0,11.23,1.0,9.73,5.0,14.64,5.0,16.15,1.0,26.98,2.0,14.98,0.0,5.17,6.0,19.53,1,1,1,1,3.0,4.0,2,1,2.0,1,1.0,1.0,-0.82,-1.0,7.0,2.0,12.0,12.0,1,2,2.0,1.0,1.0,1.0,1.0,1.0,3.0,1.0,1.0,-1.06,2.0,-1.0,-1.0,-1.0,-1.0,-1.0,-1.0
11,1,2,1,1,1,2,80,36-50,1,2,2,2,9.0,5.0,7.0,2.0,-1.0,-1.0,-1.0,-1.0,-1.0,302.930336,1981,-1.0,-1.0,-1.0,-1.0,-1.02,-1.0,-0.97,-1.0,-1.0,-1.0,2.0,-1.0,-1.0,2.0,-1.0,2.0,-1.0,-1.0,2.0,-1.0,2.0,-1.0,-1.0,-1.0,-1.0,-1.0,-1.0,2.0,1.0,2.0,1.0,1.0,-1.0,-1.0,1.0,1.0,1.0,1.0,40000.0,-1.0,40000.0,<10k,2,-1.0,-1.0,2,-1.0,-1.0,2,-1.0,-1.0,2,-1.0,-1.0,1,40000.0,5.0,2,-1.0,-1.0,2,-1.0,-1.0,1,50000.0,5.0,2,-1.0,-1.0,2,-1.0,-1.0,0.0,5.46,0.0,4.72,0.0,4.83,0.0,11.13,YES,YES,0.0,10.38,1.0,14.06,0.0,0.0,1.0,9.35,5.0,29.05,5.0,24.78,3.0,16.88,0.0,8.51,0.0,4.26,0.0,9.79,25.0,41.04,1,1,1,1,1.0,3.0,2,1,2.0,7,4.0,1.0,-1.06,-0.97,8.0,2.0,12.0,12.0,1,3,2.0,1.0,1.0,1.0,1.0,1.0,3.0,2.0,-1.0,-0.9,2.0,-1.0,-1.0,-1.0,-1.0,-1.0,-1.0
11,1,2,1,2,2,1,70,36-50,1,2,2,2,9.0,10.0,-1.0,-1.0,-1.0,-1.0,-1.0,2.0,1.0,302.930336,1970,-1.0,-1.0,-1.0,-1.0,-1.06,-1.0,-0.97,-1.0,-1.0,-1.0,2.0,-1.0,-1.0,2.0,-1.0,2.0,-1.0,-1.0,2.0,-1.0,2.0,-1.0,-1.0,-1.0,-1.0,-1.0,-1.0,2.0,1.0,2.0,1.0,1.0,-1.0,-1.0,1.0,1.0,1.0,1.0,34360.0,8540.0,-1.0,<10k,2,-1.0,-1.0,2,-1.0,-1.0,2,-1.0,-1.0,2,-1.0,-1.0,1,40000.0,5.0,2,-1.0,-1.0,2,-1.0,-1.0,1,50000.0,5.0,2,-1.0,-1.0,2,-1.0,-1.0,0.0,4.6,0.0,4.52,0.0,5.43,0.0,11.87,YES,YES,0.0,8.93,1.0,15.47,0.0,0.0,1.0,10.24,5.0,21.86,5.0,31.44,3.0,17.93,0.0,9.23,0.0,4.37,0.0,9.81,25.0,40.34,1,1,1,1,1.0,3.0,2,1,2.0,7,4.0,1.0,-0.96,-0.97,8.0,2.0,12.0,12.0,1,3,2.0,1.0,1.0,1.0,1.0,1.0,3.0,2.0,-1.0,-1.01,2.0,-1.0,-1.0,-1.0,-1.0,-1.0,-1.0
11,1,2,1,1,3,2,0,0-18,1,2,2,1,2.0,9.0,-1.0,-1.0,-1.0,-1.0,-1.0,-1.0,-1.0,302.930336,2004,1.0,1.0,10.0,9.0,14.91,5.0,56.83,-1.0,-1.0,-1.0,2.0,-1.0,-1.0,2.0,-1.0,2.0,-1.0,-1.0,2.0,-1.0,2.0,-1.0,-1.0,-1.0,-1.0,-1.0,-1.0,2.0,1.0,2.0,1.0,1.0,-1.0,-1.0,1.0,1.0,1.0,1.0,30000.0,-1.0,-1.0,<10k,2,-1.0,-1.0,2,-1.0,-1.0,2,-1.0,-1.0,2,-1.0,-1.0,1,40000.0,5.0,2,-1.0,-1.0,2,-1.0,-1.0,1,50000.0,5.0,2,-1.0,-1.0,2,-1.0,-1.0,0.0,5.46,0.0,4.61,0.0,5.58,0.0,10.51,YES,YES,0.0,10.62,1.0,14.91,0.0,0.0,1.0,10.3,5.0,32.66,5.0,29.69,3.0,18.02,0.0,9.56,0.0,4.52,0.0,12.15,25.0,42.96,1,1,1,1,1.0,3.0,2,1,2.0,7,4.0,1.0,-1.11,-1.19,8.0,2.0,12.0,12.0,1,3,2.0,1.0,1.0,1.0,1.0,1.0,3.0,2.0,-1.0,-1.05,2.0,-1.0,-1.0,-1.0,-1.0,-1.0,-1.0
11,1,2,1,1,3,1,0,0-18,1,2,2,1,2.0,7.0,-1.0,-1.0,-1.0,-1.0,-1.0,-1.0,-1.0,302.930336,2006,1.0,1.0,8.0,7.0,2.3,6.0,27.7,-1.0,-1.0,-1.0,2.0,-1.0,-1.0,2.0,-1.0,2.0,-1.0,-1.0,2.0,-1.0,2.0,-1.0,-1.0,-1.0,-1.0,-1.0,-1.0,1.0,1.0,2.0,1.0,1.0,-1.0,-1.0,1.0,1.0,1.0,-1.0,-1.0,-1.0,-1.0,<10k,2,-1.0,-1.0,2,-1.0,-1.0,2,-1.0,-1.0,2,-1.0,-1.0,1,40000.0,5.0,2,-1.0,-1.0,2,-1.0,-1.0,1,50000.0,5.0,2,-1.0,-1.0,2,-1.0,-1.0,0.0,4.62,0.0,5.49,0.0,4.29,0.0,8.44,YES,YES,0.0,8.7,1.0,14.31,0.0,0.0,1.0,10.35,5.0,31.03,5.0,31.0,3.0,18.33,0.0,8.99,0.0,4.72,0.0,11.9,25.0,44.25,1,1,1,1,1.0,3.0,2,1,2.0,7,4.0,1.0,-1.21,-1.04,8.0,2.0,12.0,12.0,1,3,2.0,1.0,1.0,1.0,1.0,1.0,3.0,2.0,-1.0,-0.81,2.0,-1.0,-1.0,-1.0,-1.0,-1.0,-1.0
11,1,2,1,1,3,1,10,0-18,1,2,2,1,2.0,1.0,-1.0,-1.0,-1.0,-1.0,-1.0,-1.0,-1.0,302.930336,2012,1.0,1.0,2.0,1.0,1.01,3.0,9.74,-1.0,-1.0,-1.0,2.0,-1.0,-1.0,2.0,-1.0,2.0,-1.0,-1.0,2.0,-1.0,2.0,-1.0,-1.0,-1.0,-1.0,-1.0,-1.0,2.0,1.0,2.0,1.0,1.0,-1.0,-1.0,1.0,1.0,1.0,1.0,40000.0,-1.0,-1.0,<10k,2,-1.0,-1.0,2,-1.0,-1.0,2,-1.0,-1.0,2,-1.0,-1.0,1,40000.0,5.0,2,-1.0,-1.0,2,-1.0,-1.0,1,50000.0,5.0,2,-1.0,-1.0,2,-1.0,-1.0,0.0,4.44,0.0,4.65,0.0,5.02,0.0,10.9,YES,YES,0.0,11.27,1.0,15.44,0.0,0.0,1.0,8.17,5.0,28.42,5.0,30.14,3.0,19.29,0.0,8.7,0.0,5.71,0.0,10.07,25.0,48.1,1,1,1,1,1.0,3.0,2,1,2.0,7,4.0,1.0,-1.12,-1.06,8.0,2.0,12.0,12.0,1,3,2.0,1.0,1.0,1.0,1.0,1.0,3.0,2.0,-1.0,-1.04,2.0,-1.0,-1.0,-1.0,-1.0,-1.0,-1.0
11,1,2,1,1,1,1,80,19-35,1,2,2,2,9.0,10.0,1.0,1.0,5211.0,47711.0,3.0,-1.0,-1.0,302.930336,1988,-1.0,-1.0,-1.0,-1.0,-0.73,-1.0,-1.12,-1.0,-1.0,-1.0,2.0,-1.0,-1.0,2.0,-1.0,2.0,-1.0,-1.0,2.0,-1.0,2.0,-1.0,-1.0,-1.0,-1.0,-1.0,-1.0,2.0,1.0,2.0,1.0,1.0,-1.0,-1.0,1.0,1.0,1.0,1.0,40000.0,-1.0,40000.0,<10k,2,-1.0,-1.0,2,-1.0,-1.0,2,-1.0,-1.0,2,-1.0,-1.0,1,40000.0,5.0,2,-1.0,-1.0,2,-1.0,-1.0,1,50000.0,5.0,2,-1.0,-1.0,2,-1.0,-1.0,0.0,4.58,0.0,5.35,0.0,5.06,0.0,10.31,YES,YES,0.0,10.7,1.0,14.68,0.0,0.0,1.0,9.34,5.0,27.06,5.0,29.5,3.0,18.81,0.0,9.21,0.0,4.55,0.0,10.65,25.0,43.56,1,1,1,1,1.0,3.0,2,1,2.0,7,4.0,1.0,-1.01,-0.97,8.0,2.0,12.0,12.0,1,3,2.0,1.0,1.0,1.0,1.0,1.0,3.0,2.0,-1.0,-1.01,2.0,-1.0,-1.0,-1.0,-1.0,-1.0,-1.0
11,1,2,1,1,2,2,90,19-35,1,2,2,2,9.0,10.0,7.0,2.0,-1.0,-1.0,-1.0,-1.0,-1.0,302.930336,1996,-1.0,-1.0,-1.0,-1.0,-0.97,-1.0,-0.88,-1.0,-1.0,-1.0,2.0,-1.0,-1.0,2.0,-1.0,2.0,-1.0,-1.0,2.0,-1.0,2.0,-1.0,-1.0,-1.0,-1.0,-1.0,-1.0,2.0,1.0,2.0,1.0,1.0,-1.0,-1.0,1.0,1.0,1.0,1.0,34360.0,8540.0,-1.0,<10k,2,-1.0,-1.0,2,-1.0,-1.0,2,-1.0,-1.0,2,-1.0,-1.0,1,40000.0,5.0,2,-1.0,-1.0,2,-1.0,-1.0,1,50000.0,5.0,2,-1.0,-1.0,2,-1.0,-1.0,0.0,4.68,0.0,5.49,0.0,5.23,0.0,9.79,YES,YES,0.0,8.22,1.0,14.4,0.0,0.0,1.0,9.51,5.0,29.85,5.0,24.4,3.0,19.56,0.0,10.18,0.0,3.88,0.0,10.9,25.0,52.54,1,1,1,1,1.0,3.0,2,1,2.0,7,4.0,1.0,-1.0,-1.11,8.0,2.0,12.0,12.0,1,3,2.0,1.0,1.0,1.0,1.0,1.0,3.0,2.0,-1.0,-0.92,2.0,-1.0,-1.0,-1.0,-1.0,-1.0,-1.0
11,1,2,1,1,3,2,10,0-18,1,2,2,1,-1.0,-1.0,-1.0,-1.0,-1.0,-1.0,-1.0,-1.0,-1.0,302.930336,2018,1.0,1.0,10.0,9.0,15.35,5.0,55.63,-1.0,-1.0,-1.0,2.0,-1.0,-1.0,2.0,-1.0,2.0,-1.0,-1.0,2.0,-1.0,2.0,-1.0,-1.0,-1.0,-1.0,-1.0,-1.0,2.0,1.0,2.0,1.0,1.0,-1.0,-1.0,1.0,1.0,1.0,1.0,30000.0,-1.0,-1.0,<10k,2,-1.0,-1.0,2,-1.0,-1.0,2,-1.0,-1.0,2,-1.0,-1.0,1,40000.0,5.0,2,-1.0,-1.0,2,-1.0,-1.0,1,50000.0,5.0,2,-1.0,-1.0,2,-1.0,-1.0,0.0,4.6,0.0,5.51,0.0,5.54,0.0,11.9,YES,YES,0.0,11.13,1.0,17.47,0.0,0.0,1.0,10.57,5.0,27.38,5.0,29.27,3.0,21.14,0.0,9.78,0.0,4.96,0.0,10.04,25.0,39.75,1,1,1,1,1.0,3.0,2,1,2.0,7,4.0,1.0,-1.26,-1.1,8.0,2.0,12.0,12.0,1,3,2.0,1.0,1.0,1.0,1.0,1.0,3.0,2.0,-1.0,-0.89,2.0,-1.0,-1.0,-1.0,-1.0,-1.0,-1.0
11,1,2,1,1,1,1,60,51-65,1,2,2,2,9.0,10.0,1.0,1.0,5211.0,46698.0,3.0,-1.0,-1.0,302.930336,1963,-1.0,-1.0,-1.0,-1.0,-0.82,-1.0,-1.0,-1.0,-1.0,-1.0,2.0,-1.0,-1.0,2.0,-1.0,2.0,-1.0,-1.0,2.0,-1.0,2.0,-1.0,-1.0,-1.0,-1.0,-1.0,-1.0,2.0,1.0,2.0,1.0,1.0,-1.0,-1.0,1.0,1.0,1.0,1.0,40000.0,-1.0,40000.0,<10k,2,-1.0,-1.0,2,-1.0,-1.0,2,-1.0,-1.0,2,-1.0,-1.0,1,40000.0,5.0,2,-1.0,-1.0,2,-1.0,-1.0,1,50000.0,5.0,2,-1.0,-1.0,2,-1.0,-1.0,0.0,5.5,0.0,5.17,0.0,5.1,0.0,7.52,YES,YES,0.0,11.2,1.0,15.47,0.0,0.0,1.0,7.97,5.0,26.45,5.0,24.98,3.0,22.51,0.0,9.61,0.0,4.14,0.0,8.67,25.0,46.21,1,1,1,1,1.0,3.0,2,1,2.0,7,4.0,1.0,-0.88,-1.13,8.0,2.0,12.0,12.0,1,3,2.0,1.0,1.0,1.0,1.0,1.0,3.0,2.0,-1.0,-0.83,2.0,-1.0,-1.0,-1.0,-1.0,-1.0,-1.0
11,1,2,1,1,2,2,70,36-50,1,2,2,2,9.0,13.0,1.0,1.0,2341.0,85211.0,1.0,-1.0,-1.0,302.930336,1974,-1.0,-1.0,-1.0,-1.0,-1.04,-1.0,-0.8,-1.0,-1.0,-1.0,2.0,-1.0,-1.0,2.0,-1.0,2.0,-1.0,-1.0,2.0,-1.0,2.0,-1.0,-1.0,-1.0,-1.0,-1.0,-1.0,2.0,1.0,2.0,1.0,1.0,-1.0,-1.0,1.0,1.0,1.0,1.0,34360.0,8540.0,-1.0,<10k,2,-1.0,-1.0,2,-1.0,-1.0,2,-1.0,-1.0,2,-1.0,-1.0,1,40000.0,5.0,2,-1.0,-1.0,2,-1.0,-1.0,1,50000.0,5.0,2,-1.0,-1.0,2,-1.0,-1.0,0.0,5.27,0.0,5.13,0.0,5.07,0.0,9.12,YES,YES,0.0,9.39,1.0,13.75,0.0,0.0,1.0,10.04,5.0,29.65,5.0,30.15,3.0,20.16,0.0,11.16,0.0,6.34,0.0,11.14,25.0,48.95,1,1,1,1,1.0,3.0,2,1,2.0,7,4.0,1.0,-0.94,-1.0,8.0,2.0,12.0,12.0,1,3,2.0,1.0,1.0,1.0,1.0,1.0,3.0,2.0,-1.0,-1.06,2.0,-1.0,-1.0,-1.0,-1.0,-1.0,-1.0
11,1,2,1,1,3,1,0,0-18,1,2,2,1,2.0,12.0,8.0,2.0,-1.0,-1.0,-1.0,-1.0,-1.0,302.930336,2001,1.0,1.0,10.0,9.0,13.88,5.0,46.95,-1.0,-1.0,-1.0,2.0,-1.0,-1.0,2.0,-1.0,2.0,-1.0,-1.0,2.0,-1.0,2.0,-1.0,-1.0,-1.0,-1.0,-1.0,-1.0,2.0,1.0,2.0,1.0,1.0,-1.0,-1.0,1.0,1.0,1.0,1.0,30000.0,-1.0,-1.0,<10k,2,-1.0,-1.0,2,-1.0,-1.0,2,-1.0,-1.0,2,-1.0,-1.0,1,40000.0,5.0,2,-1.0,-1.0,2,-1.0,-1.0,1,50000.0,5.0,2,-1.0,-1.0,2,-1.0,-1.0,0.0,5.74,0.0,4.94,0.0,4.95,0.0,8.69,YES,YES,0.0,9.91,1.0,17.23,0.0,0.0,1.0,8.27,5.0,27.3,5.0,29.13,3.0,20.07,0.0,9.88,0.0,4.87,0.0,9.22,25.0,48.97,1,1,1,1,1.0,3.0,2,1,2.0,7,4.0,1.0,-0.95,-1.11,8.0,2.0,12.0,12.0,1,3,2.0,1.0,1.0,1.0,1.0,1.0,3.0,2.0,-1.0,-1.04,2.0,-1.0,-1.0,-1.0,-1.0,-1.0,-1.0
11,1,2,1,1,3,2,0,0-18,1,2,2,1,2.0,9.0,-1.0,-1.0,-1.0,-1.0,-1.0,-1.0,-1.0,302.930336,2005,1.0,1.0,8.0,7.0,1.95,6.0,31.2,-1.0,-1.0,-1.0,2.0,-1.0,-1.0,2.0,-1.0,2.0,-1.0,-1.0,2.0,-1.0,2.0,-1.0,-1.0,-1.0,-1.0,-1.0,-1.0,1.0,1.0,2.0,1.0,1.0,-1.0,-1.0,1.0,1.0,1.0,-1.0,-1.0,-1.0,-1.0,<10k,2,-1.0,-1.0,2,-1.0,-1.0,2,-1.0,-1.0,2,-1.0,-1.0,1,40000.0,5.0,2,-1.0,-1.0,2,-1.0,-1.0,1,50000.0,5.0,2,-1.0,-1.0,2,-1.0,-1.0,0.0,4.53,0.0,4.64,0.0,4.59,0.0,8.06,YES,YES,0.0,9.26,1.0,13.65,0.0,0.0,1.0,9.78,5.0,29.41,5.0,26.24,3.0,21.28,0.0,10.46,0.0,4.78,0.0,10.53,25.0,47.94,1,1,1,1,1.0,3.0,2,1,2.0,7,4.0,1.0,-0.97,-0.87,8.0,2.0,12.0,12.0,1,3,2.0,1.0,1.0,1.0,1.0,1.0,3.0,2.0,-1.0,-1.14,2.0,-1.0,-1.0,-1.0,-1.0,-1.0,-1.0
11,1,2,1,1,3,2,0,0-18,1,2,2,1,2.0,5.0,-1.0,-1.0,-1.0,-1.0,-1.0,-1.0,-1.0,302.930336,2009,1.0,1.0,2.0,1.0,1.01,3.0,7.91,-1.0,-1.0,-1.0,2.0,-1.0,-1.0,2.0,-1.0,2.0,-1.0,-1.0,2.0,-1.0,2.0,-1.0,-1.0,-1.0,-1.0,-1.0,-1.0,2.0,1.0,2.0,1.0,1.0,-1.0,-1.0,1.0,1.0,1.0,1.0,40000.0,-1.0,-1.0,<10k,2,-1.0,-1.0,2,-1.0,-1.0,2,-1.0,-1.0,2,-1.0,-1.0,1,40000.0,5.0,2,-1.0,-1.0,2,-1.0,-1.0,1,50000.0,5.0,2,-1.0,-1.0,2,-1.0,-1.0,0.0,5.1,0.0,4.44,0.0,5.71,0.0,11.4,YES,YES,0.0,10.25,1.0,13.66,0.0,0.0,1.0,9.47,5.0,31.71,5.0,33.5,3.0,19.2,0.0,9.83,0.0,4.56,0.0,8.58,25.0,42.18,1,1,1,1,1.0,3.0,2,1,2.0,7,4.0,1.0,-1.14,-0.94,8.0,2.0,12.0,12.0,1,3,2.0,1.0,1.0,1.0,1.0,1.0,3.0,2.0,-1.0,-1.01,2.0,-1.0,-1.0,-1.0,-1.0,-1.0,-1.0
11,1,2,1,1,1,1,50,51-65,1,2,2,2,9.0,8.0,1.0,1.0,7531.0,14101.0,6.0,-1.0,-1.0,302.930336,1954,-1.0,-1.0,-1.0,-1.0,-1.22,-1.0,-1.02,-1.0,-1.0,-1.0,2.0,-1.0,-1.0,2.0,-1.0,2.0,-1.0,-1.0,2.0,-1.0,2.0,-1.0,-1.0,-1.0,-1.0,-1.0,-1.0,2.0,1.0,2.0,1.0,1.0,-1.0,-1.0,1.0,1.0,1.0,1.0,40000.0,-1.0,40000.0,<10k,2,-1.0,-1.0,2,-1.0,-1.0,2,-1.0,-1.0,2,-1.0,-1.0,1,40000.0,5.0,2,-1.0,-1.0,2,-1.0,-1.0,1,50000.0,5.0,2,-1.0,-1.0,2,-1.0,-1.0,0.0,5.63,0.0,5.28,0.0,4.25,0.0,9.96,YES,YES,0.0,10.93,1.0,12.89,0.0,0.0,1.0,9.89,5.0,30.23,5.0,35.11,3.0,22.0,0.0,11.86,0.0,4.72,0.0,9.58,25.0,46.24,1,1,1,1,1.0,3.0,2,1,2.0,7,4.0,1.0,-1.08,-1.03,8.0,2.0,12.0,12.0,1,3,2.0,1.0,1.0,1.0,1.0,1.0,3.0,2.0,-1.0,-1.1,2.0,-1.0,-1.0,-1.0,-1.0,-1.0,-1.0
11,1,2,1,1,2,2,50,51-65,1,2,2,2,9.0,9.0,7.0,2.0,-1.0,-1.0,-1.0,-1.0,-1.0,302.930336,1956,-1.0,-1.0,-1.0,-1.0,-0.94,-1.0,-1.0,-1.0,-1.0,-1.0,2.0,-1.0,-1.0,2.0,-1.0,2.0,-1.0,-1.0,2.0,-1.0,2.0,-1.0,-1.0,-1.0,-1.0,-1.0,-1.0,2.0,1.0,2.0,1.0,1.0,-1.0,-1.0,1.0,1.0,1.0,1.0,34360.0,8540.0,-1.0,<10k,2,-1.0,-1.0,2,-1.0,-1.0,2,-1.0,-1.0,2,-1.0,-1.0,1,40000.0,5.0,2,-1.0,-1.0,2,-1.0,-1.0,1,50000.0,5.0,2,-1.0,-1.0,2,-1.0,-1.0,0.0,4.99,0.0,4.84,0.0,5.23,0.0,11.32,YES,YES,0.0,7.53,1.0,14.1,0.0,0.0,1.0,9.46,5.0,28.04,5.0,26.8,3.0,21.1,0.0,8.62,0.0,4.92,0.0,9.78,25.0,48.46,1,1,1,1,1.0,3.0,2,1,2.0,7,4.0,1.0,-0.99,-1.12,8.0,2.0,12.0,12.0,1,3,2.0,1.0,1.0,1.0,1.0,1.0,3.0,2.0,-1.0,-1.05,2.0,-1.0,-1.0,-1.0,-1.0,-1.0,-1.0
11,1,2,1,1,3,1,80,19-35,1,2,2,1,9.0,13.0,1.0,1.0,7531.0,14101.0,6.0,-1.0,-1.0,302.930336,1987,1.0,1.0,10.0,9.0,13.53,5.0,54.89,-1.0,-1.0,-1.0,2.0,-1.0,-1.0,2.0,-1.0,2.0,-1.0,-1.0,2.0,-1.0,2.0,-1.0,-1.0,-1.0,-1.0,-1.0,-1.0,2.0,1.0,2.0,1.0,1.0,-1.0,-1.0,1.0,1.0,1.0,1.0,30000.0,-1.0,-1.0,<10k,2,-1.0,-1.0,2,-1.0,-1.0,2,-1.0,-1.0,2,-1.0,-1.0,1,40000.0,5.0,2,-1.0,-1.0,2,-1.0,-1.0,1,50000.0,5.0,2,-1.0,-1.0,2,-1.0,-1.0,0.0,4.98,0.0,5.27,0.0,5.34,0.0,10.92,YES,YES,0.0,9.76,1.0,13.09,0.0,0.0,1.0,9.18,5.0,28.89,5.0,33.06,3.0,17.66,0.0,11.36,0.0,4.27,0.0,7.5,25.0,43.19,1,1,1,1,1.0,3.0,2,1,2.0,7,4.0,1.0,-0.9,-1.09,8.0,2.0,12.0,12.0,1,3,2.0,1.0,1.0,1.0,1.0,1.0,3.0,2.0,-1.0,-0.93,2.0,-1.0,-1.0,-1.0,-1.0,-1.0,-1.0
11,1,2,1,1,3,1,80,36-50,1,2,2,2,9.0,11.0,1.0,1.0,1321.0,14101.0,4.0,-1.0,-1.0,302.930336,1983,1.0,1.0,8.0,7.0,2.3,6.0,31.2,-1.0,-1.0,-1.0,2.0,-1.0,-1.0,2.0,-1.0,2.0,-1.0,-1.0,2.0,-1.0,2.0,-1.0,-1.0,-1.0,-1.0,-1.0,-1.0,1.0,1.0,2.0,1.0,1.0,-1.0,-1.0,1.0,1.0,1.0,-1.0,-1.0,-1.0,-1.0,<10k,2,-1.0,-1.0,2,-1.0,-1.0,2,-1.0,-1.0,2,-1.0,-1.0,1,40000.0,5.0,2,-1.0,-1.0,2,-1.0,-1.0,1,50000.0,5.0,2,-1.0,-1.0,2,-1.0,-1.0,0.0,5.45,0.0,4.53,0.0,4.37,0.0,10.84,YES,YES,0.0,7.47,1.0,15.69,0.0,0.0,1.0,10.22,5.0,29.19,5.0,30.46,3.0,20.47,0.0,10.2,0.0,5.86,0.0,9.04,25.0,44.32,1,1,1,1,1.0,3.0,2,1,2.0,7,4.0,1.0,-0.91,-1.02,8.0,2.0,12.0,12.0,1,3,2.0,1.0,1.0,1.0,1.0,1.0,3.0,2.0,-1.0,-0.9,2.0,-1.0,-1.0,-1.0,-1.0,-1.0,-1.0
11,1,2,1,1,5,2,90,19-35,1,2,2,2,9.0,13.0,7.0,2.0,-1.0,-1.0,-1.0,-1.0,-1.0,302.930336,1992,1.0,1.0,2.0,1.0,1.02,3.0,9.33,-1.0,-1.0,-1.0,2.0,-1.0,-1.0,2.0,-1.0,2.0,-1.0,-1.0,2.0,-1.0,2.0,-1.0,-1.0,-1.0,-1.0,-1.0,-1.0,2.0,1.0,2.0,1.0,1.0,-1.0,-1.0,1.0,1.0,1.0,1.0,40000.0,-1.0,-1.0,<10k,2,-1.0,-1.0,2,-1.0,-1.0,2,-1.0,-1.0,2,-1.0,-1.0,1,40000.0,5.0,2,-1.0,-1.0,2,-1.0,-1.0,1,50000.0,5.0,2,-1.0,-1.0,2,-1.0,-1.0,0.0,4.77,0.0,4.73,0.0,5.58,0.0,9.88,YES,YES,0.0,9.97,1.0,14.41,0.0,0.0,1.0,9.18,5.0,30.35,5.0,25.82,3.0,20.15,0.0,11.3,0.0,4.55,0.0,9.28,25.0,40.57,1,1,1,1,1.0,3.0,2,1,2.0,7,4.0,1.0,-1.06,-0.98,8.0,2.0,12.0,12.0,1,3,2.0,1.0,1.0,1.0,1.0,1.0,3.0,2.0,-1.0,-1.03,2.0,-1.0,-1.0,-1.0,-1.0,-1.0,-1.0
11,1,2,1,1,5,2,10,0-18,1,2,2,1,-1.0,-1.0,-1.0,-1.0,-1.0,-1.0,-1.0,-1.0,-1.0,302.930336,2016,-1.0,-1.0,-1.0,-1.0,-1.08,-1.0,-1.02,-1.0,-1.0,-1.0,2.0,-1.0,-1.0,1.0,1.0,2.0,-1.0,-1.0,2.0,-1.0,2.0,-1.0,-1.0,-1.0,-1.0,-1.0,-1.0,2.0,1.0,2.0,1.0,1.0,-1.0,-1.0,1.0,1.0,1.0,-1.0,-1.0,-1.0,-1.0,<10k,2,-1.0,-1.0,2,-1.0,-1.0,2,-1.0,-1.0,2,-1.0,-1.0,1,40000.0,5.0,2,-1.0,-1.0,2,-1.0,-1.0,1,50000.0,5.0,2,-1.0,-1.0,2,-1.0,-1.0,0.0,4.99,0.0,5.32,0.0,4.84,0.0,8.92,YES,YES,0.0,9.89,1.0,14.87,0.0,0.0,1.0,8.96,5.0,29.62,5.0,23.33,3.0,22.55,0.0,11.17,0.0,4.93,0.0,10.29,25.0,38.84,1,1,1,1,1.0,3.0,2,1,2.0,7,4.0,1.0,-0.88,-0.95,8.0,2.0,12.0,12.0,1,3,2.0,1.0,1.0,1.0,1.0,1.0,3.0,2.0,-1.0,-1.16,2.0,-1.0,-1.0,-1.0,-1.0,-1.0,-1.0
11,1,2,1,1,1,1,50,51-65,1,4,3,2,9.0,8.0,1.0,1.0,4321.0,47598.0,3.0,-1.0,-1.0,302.930336,1954,-1.0,-1.0,-1.0,-1.0,-1.12,-1.0,-0.97,-1.0,-1.0,-1.0,2.0,-1.0,-1.0,2.0,-1.0,2.0,-1.0,-1.0,2.0,-1.0,2.0,-1.0,-1.0,-1.0,-1.0,-1.0,-1.0,2.0,1.0,2.0,1.0,1.0,-1.0,-1.0,1.0,1.0,1.0,1.0,40000.0,-1.0,40000.0,<10k,2,-1.0,-1.0,2,-1.0,-1.0,2,-1.0,-1.0,2,-1.0,-1.0,1,40000.0,5.0,2,-1.0,-1.0,2,-1.0,-1.0,1,50000.0,5.0,2,-1.0,-1.0,2,-1.0,-1.0,0.0,5.54,0.0,5.34,0.0,4.54,0.0,10.94,YES,YES,0.0,9.5,1.0,15.64,0.0,0.0,1.0,11.08,5.0,21.76,5.0,27.87,3.0,20.45,0.0,11.14,0.0,4.4,0.0,11.36,25.0,44.39,1,1,1,1,1.0,3.0,2,1,2.0,7,4.0,1.0,-0.94,-1.14,8.0,2.0,12.0,12.0,1,3,2.0,1.0,1.0,1.0,1.0,1.0,3.0,2.0,-1.0,-0.98,2.0,-1.0,-1.0,-1.0,-1.0,-1.0,-1.0
11,1,2,1,1,2,2,60,51-65,1,4,3,2,9.0,7.0,7.0,2.0,-1.0,-1.0,-1.0,-1.0,-1.0,302.930336,1967,-1.0,-1.0,-1.0,-1.0,-0.95,-1.0,-1.16,-1.0,-1.0,-1.0,2.0,-1.0,-1.0,2.0,-1.0,2.0,-1.0,-1.0,2.0,-1.0,2.0,-1.0,-1.0,-1.0,-1.0,-1.0,-1.0,2.0,1.0,2.0,1.0,1.0,-1.0,-1.0,1.0,1.0,1.0,1.0,34360.0,8540.0,-1.0,<10k,2,-1.0,-1.0,2,-1.0,-1.0,2,-1.0,-1.0,2,-1.0,-1.0,1,40000.0,5.0,2,-1.0,-1.0,2,-1.0,-1.0,1,50000.0,5.0,2,-1.0,-1.0,2,-1.0,-1.0,0.0,4.71,0.0,5.33,0.0,4.85,0.0,9.85,YES,YES,0.0,10.21,1.0,14.02,0.0,0.0,1.0,9.25,5.0,29.15,5.0,33.84,3.0,21.34,0.0,10.13,0.0,4.84,0.0,12.11,25.0,41.7,1,1,1,1,1.0,3.0,2,1,2.0,7,4.0,1.0,-1.19,-1.0,8.0,2.0,12.0,12.0,1,3,2.0,1.0,1.0,1.0,1.0,1.0,3.0,2.0,-1.0,-1.1,2.0,-1.0,-1.0,-1.0,-1.0,-1.0,-1.0
11,1,2,1,1,3,1,90,19-35,1,4,3,1,9.0,10.0,3.0,2.0,-1.0,-1.0,-1.0,-1.0,-1.0,302.930336,1991,1.0,1.0,10.0,9.0,14.23,5.0,59.74,-1.0,-1.0,-1.0,2.0,-1.0,-1.0,2.0,-1.0,2.0,-1.0,-1.0,2.0,-1.0,2.0,-1.0,-1.0,-1.0,-1.0,-1.0,-1.0,2.0,1.0,2.0,1.0,1.0,-1.0,-1.0,1.0,1.0,1.0,1.0,30000.0,-1.0,-1.0,<10k,2,-1.0,-1.0,2,-1.0,-1.0,2,-1.0,-1.0,2,-1.0,-1.0,1,40000.0,5.0,2,-1.0,-1.0,2,-1.0,-1.0,1,50000.0,5.0,2,-1.0,-1.0,2,-1.0,-1.0,0.0,4.55,0.0,4.78,0.0,4.21,0.0,8.9,YES,YES,0.0,10.34,1.0,15.5,0.0,0.0,1.0,10.51,5.0,26.25,5.0,28.18,3.0,23.21,0.0,9.76,0.0,5.15,0.0,9.7,25.0,43.08,1,1,1,1,1.0,3.0,2,1,2.0,7,4.0,1.0,-0.92,-0.94,8.0,2.0,12.0,12.0,1,3,2.0,1.0,1.0,1.0,1.0,1.0,3.0,2.0,-1.0,-0.85,2.0,-1.0,-1.0,-1.0,-1.0,-1.0,-1.0
11,1,2,1,2,3,1,90,19-35,1,4,3,1,9.0,11.0,-1.0,-1.0,-1.0,-1.0,-1.0,2.0,1.0,302.930336,1994,1.0,1.0,8.0,7.0,1.82,6.0,27.46,-1.0,-1.0,-1.0,2.0,-1.0,-1.0,2.0,-1.0,2.0,-1.0,-1.0,2.0,-1.0,2.0,-1.0,-1.0,-1.0,-1.0,-1.0,-1.0,1.0,1.0,2.0,1.0,1.0,-1.0,-1.0,1.0,1.0,1.0,-1.0,-1.0,-1.0,-1.0,<10k,2,-1.0,-1.0,2,-1.0,-1.0,2,-1.0,-1.0,2,-1.0,-1.0,1,40000.0,5.0,2,-1.0,-1.0,2,-1.0,-1.0,1,50000.0,5.0,2,-1.0,-1.0,2,-1.0,-1.0,0.0,4.55,0.0,4.8,0.0,5.03,0.0,10.08,YES,YES,0.0,12.08,1.0,13.69,0.0,0.0,1.0,8.76,5.0,33.22,5.0,34.0,3.0,17.82,0.0,11.33,0.0,4.31,0.0,7.91,25.0,45.64,1,1,1,1,1.0,3.0,2,1,2.0,7,4.0,1.0,-0.95,-1.06,8.0,2.0,12.0,12.0,1,3,2.0,1.0,1.0,1.0,1.0,1.0,3.0,2.0,-1.0,-0.86,2.0,-1.0,-1.0,-1.0,-1.0,-1.0,-1.0
11,1,2,1,1,3,2,90,19-35,1,4,3,2,9.0,11.0,7.0,2.0,-1.0,-1.0,-1.0,-1.0,-1.0,302.930336,1997,1.0,1.0,2.0,1.0,0.99,3.0,11.75,-1.0,-1.0,-1.0,2.0,-1.0,-1.0,2.0,-1.0,2.0,-1.0,-1.0,2.0,-1.0,2.0,-1.0,-1.0,-1.0,-1.0,-1.0,-1.0,2.0,1.0,2.0,1.0,1.0,-1.0,-1.0,1.0,1.0,1.0,1.0,40000.0,-1.0,-1.0,<10k,2,-1.0,-1.0,2,-1.0,-1.0,2,-1.0,-1.0,2,-1.0,-1.0,1,40000.0,5.0,2,-1.0,-1.0,2,-1.0,-1.0,1,50000.0,5.0,2,-1.0,-1.0,2,-1.0,-1.0,0.0,5.05,0.0,4.63,0.0,4.82,0.0,9.58,YES,YES,0.0,9.83,1.0,12.13,0.0,0.0,1.0,9.34,5.0,31.74,5.0,33.27,3.0,24.84,0.0,9.79,0.0,4.83,0.0,10.13,25.0,37.84,1,1,1,1,1.0,3.0,2,1,2.0,7,4.0,1.0,-1.13,-0.99,8.0,2.0,12.0,12.0,1,3,2.0,1.0,1.0,1.0,1.0,1.0,3.0,2.0,-1.0,-0.93,2.0,-1.0,-1.0,-1.0,-1.0,-1.0,-1.0
11,1,2,1,1,5,1,90,19-35,1,4,3,2,9.0,7.0,1.0,1.0,1221.0,47821.0,5.0,-1.0,-1.0,302.930336,1990,-1.0,-1.0,-1.0,-1.0,-1.0,-1.0,-1.01,-1.0,-1.0,-1.0,2.0,-1.0,-1.0,1.0,1.0,2.0,-1.0,-1.0,2.0,-1.0,2.0,-1.0,-1.0,-1.0,-1.0,-1.0,-1.0,2.0,1.0,2.0,1.0,1.0,-1.0,-1.0,1.0,1.0,1.0,-1.0,-1.0,-1.0,-1.0,<10k,2,-1.0,-1.0,2,-1.0,-1.0,2,-1.0,-1.0,2,-1.0,-1.0,1,40000.0,5.0,2,-1.0,-1.0,2,-1.0,-1.0,1,50000.0,5.0,2,-1.0,-1.0,2,-1.0,-1.0,0.0,4.5,0.0,4.94,0.0,5.12,0.0,8.72,YES,YES,0.0,10.18,1.0,16.57,0.0,0.0,1.0,10.18,5.0,26.37,5.0,31.25,3.0,20.74,0.0,10.86,0.0,5.44,0.0,9.54,25.0,43.09,1,1,1,1,1.0,3.0,2,1,2.0,7,4.0,1.0,-0.88,-1.03,8.0,2.0,12.0,12.0,1,3,2.0,1.0,1.0,1.0,1.0,1.0,3.0,2.0,-1.0,-0.83,2.0,-1.0,-1.0,-1.0,-1.0,-1.0,-1.0
11,1,2,1,1,1,1,70,36-50,1,2,2,2,9.0,13.0,1.0,1.0,1221.0,47612.0,3.0,-1.0,-1.0,302.930336,1972,-1.0,-1.0,-1.0,-1.0,-1.01,-1.0,-0.84,-1.0,-1.0,-1.0,2.0,-1.0,-1.0,2.0,-1.0,2.0,-1.0,-1.0,2.0,-1.0,2.0,-1.0,-1.0,-1.0,-1.0,-1.0,-1.0,2.0,1.0,2.0,1.0,1.0,-1.0,-1.0,1.0,1.0,1.0,1.0,40000.0,-1.0,40000.0,<10k,2,-1.0,-1.0,2,-1.0,-1.0,2,-1.0,-1.0,2,-1.0,-1.0,1,40000.0,5.0,2,-1.0,-1.0,2,-1.0,-1.0,1,50000.0,5.0,2,-1.0,-1.0,2,-1.0,-1.0,0.0,4.23,0.0,4.73,0.0,5.86,0.0,9.87,YES,YES,0.0,8.53,1.0,17.11,0.0,0.0,1.0,9.78,5.0,33.6,5.0,30.62,3.0,21.31,0.0,9.78,0.0,5.05,0.0,9.76,25.0,46.97,1,1,1,1,1.0,3.0,2,1,2.0,7,4.0,1.0,-0.99,-0.78,8.0,2.0,12.0,12.0,1,3,2.0,1.0,1.0,1.0,1.0,1.0,3.0,2.0,-1.0,-1.13,2.0,-1.0,-1.0,-1.0,-1.0,-1.0,-1.0
11,1,2,1,1,2,2,70,36-50,1,2,2,2,9.0,12.0,7.0,2.0,-1.0,-1.0,-1.0,-1.0,-1.0,302.930336,1974,-1.0,-1.0,-1.0,-1.0,-0.89,-1.0,-1.04,-1.0,-1.0,-1.0,2.0,-1.0,-1.0,2.0,-1.0,2.0,-1.0,-1.0,2.0,-1.0,2.0,-1.0,-1.0,-1.0,-1.0,-1.0,-1.0,2.0,1.0,2.0,1.0,1.0,-1.0,-1.0,1.0,1.0,1.0,1.0,34360.0,8540.0,-1.0,<10k,2,-1.0,-1.0,2,-1.0,-1.0,2,-1.0,-1.0,2,-1.0,-1.0,1,40000.0,5.0,2,-1.0,-1.0,2,-1.0,-1.0,1,50000.0,5.0,2,-1.0,-1.0,2,-1.0,-1.0,0.0,4.6,0.0,4.52,0.0,4.97,0.0,9.82,YES,YES,0.0,9.43,1.0,13.42,0.0,0.0,1.0,10.2,5.0,27.1,5.0,26.13,3.0,19.61,0.0,10.3,0.0,5.73,0.0,9.92,25.0,55.1,1,1,1,1,1.0,3.0,2,1,2.0,7,4.0,1.0,-1.1,-1.06,8.0,2.0,12.0,12.0,1,3,2.0,1.0,1.0,1.0,1.0,1.0,3.0,2.0,-1.0,-1.02,2.0,-1.0,-1.0,-1.0,-1.0,-1.0,-1.0
11,1,2,1,1,3,2,0,0-18,1,2,2,1,2.0,9.0,-1.0,-1.0,-1.0,-1.0,-1.0,-1.0,-1.0,302.930336,2004,1.0,1.0,10.0,9.0,14.06,5.0,57.47,-1.0,-1.0,-1.0,2.0,-1.0,-1.0,2.0,-1.0,2.0,-1.0,-1.0,2.0,-1.0,2.0,-1.0,-1.0,-1.0,-1.0,-1.0,-1.0,2.0,1.0,2.0,1.0,1.0,-1.0,-1.0,1.0,1.0,1.0,1.0,30000.0,-1.0,-1.0,<10k,2,-1.0,-1.0,2,-1.0,-1.0,2,-1.0,-1.0,2,-1.0,-1.0,1,40000.0,5.0,2,-1.0,-1.0,2,-1.0,-1.0,1,50000.0,5.0,2,-1.0,-1.0,2,-1.0,-1.0,0.0,5.32,0.0,5.56,0.0,4.95,0.0,9.3,YES,YES,0.0,11.56,1.0,15.86,0.0,0.0,1.0,10.12,5.0,26.45,5.0,28.34,3.0,20.57,0.0,10.88,0.0,4.84,0.0,9.29,25.0,45.85,1,1,1,1,1.0,3.0,2,1,2.0,7,4.0,1.0,-1.01,-0.94,8.0,2.0,12.0,12.0,1,3,2.0,1.0,1.0,1.0,1.0,1.0,3.0,2.0,-1.0,-1.08,2.0,-1.0,-1.0,-1.0,-1.0,-1.0,-1.0
11,1,2,1,1,3,1,0,0-18,1,2,2,1,2.0,7.0,-1.0,-1.0,-1.0,-1.0,-1.0,-1.0,-1.0,302.930336,2006,1.0,1.0,8.0,7.0,1.91,6.0,32.6,-1.0,-1.0,-1.0,2.0,-1.0,-1.0,2.0,-1.0,2.0,-1.0,-1.0,2.0,-1.0,2.0,-1.0,-1.0,-1.0,-1.0,-1.0,-1.0,1.0,1.0,2.0,1.0,1.0,-1.0,-1.0,1.0,1.0,1.0,-1.0,-1.0,-1.0,-1.0,<10k,2,-1.0,-1.0,2,-1.0,-1.0,2,-1.0,-1.0,2,-1.0,-1.0,1,40000.0,5.0,2,-1.0,-1.0,2,-1.0,-1.0,1,50000.0,5.0,2,-1.0,-1.0,2,-1.0,-1.0,0.0,4.51,0.0,5.27,0.0,3.74,0.0,8.94,YES,YES,0.0,9.36,1.0,13.27,0.0,0.0,1.0,10.88,5.0,28.28,5.0,29.29,3.0,19.13,0.0,8.75,0.0,5.34,0.0,11.19,25.0,42.82,1,1,1,1,1.0,3.0,2,1,2.0,7,4.0,1.0,-0.93,-0.94,8.0,2.0,12.0,12.0,1,3,2.0,1.0,1.0,1.0,1.0,1.0,3.0,2.0,-1.0,-1.03,2.0,-1.0,-1.0,-1.0,-1.0,-1.0,-1.0
11,1,2,1,1,3,2,10,0-18,1,2,2,1,2.0,2.0,-1.0,-1.0,-1.0,-1.0,-1.0,-1.0,-1.0,302.930336,2011,1.0,1.0,2.0,1.0,0.99,3.0,11.1,-1.0,-1.0,-1.0,2.0,-1.0,-1.0,2.0,-1.0,2.0,-1.0,-1.0,2.0,-1.0,2.0,-1.0,-1.0,-1.0,-1.0,-1.0,-1.0,2.0,1.0,2.0,1.0,1.0,-1.0,-1.0,1.0,1.0,1.0,1.0,40000.0,-1.0,-1.0,<10k,2,-1.0,-1.0,2,-1.0,-1.0,2,-1.0,-1.0,2,-1.0,-1.0,1,40000.0,5.0,2,-1.0,-1.0,2,-1.0,-1.0,1,50000.0,5.0,2,-1.0,-1.0,2,-1.0,-1.0,0.0,4.92,0.0,5.06,0.0,5.3,0.0,9.85,YES,YES,0.0,7.97,1.0,12.25,0.0,0.0,1.0,11.81,5.0,31.53,5.0,34.57,3.0,20.54,0.0,9.74,0.0,4.56,0.0,9.06,25.0,51.16,1,1,1,1,1.0,3.0,2,1,2.0,7,4.0,1.0,-0.92,-0.87,8.0,2.0,12.0,12.0,1,3,2.0,1.0,1.0,1.0,1.0,1.0,3.0,2.0,-1.0,-0.99,2.0,-1.0,-1.0,-1.0,-1.0,-1.0,-1.0
11,1,2,1,1,1,2,60,51-65,1,4,3,4,9.0,7.0,7.0,2.0,-1.0,-1.0,-1.0,-1.0,-1.0,302.930336,1965,-1.0,-1.0,-1.0,-1.0,-0.98,-1.0,-0.99,-1.0,-1.0,-1.0,2.0,-1.0,-1.0,2.0,-1.0,2.0,-1.0,-1.0,2.0,-1.0,2.0,-1.0,-1.0,-1.0,-1.0,-1.0,-1.0,2.0,1.0,2.0,1.0,1.0,-1.0,-1.0,1.0,1.0,1.0,1.0,40000.0,-1.0,40000.0,<10k,2,-1.0,-1.0,2,-1.0,-1.0,2,-1.0,-1.0,2,-1.0,-1.0,1,40000.0,5.0,2,-1.0,-1.0,2,-1.0,-1.0,1,50000.0,5.0,2,-1.0,-1.0,2,-1.0,-1.0,0.0,4.5,0.0,3.75,0.0,5.26,0.0,9.35,YES,YES,0.0,9.1,1.0,17.21,0.0,0.0,1.0,9.42,5.0,31.22,5.0,36.66,3.0,20.15,0.0,9.93,0.0,5.69,0.0,12.02,25.0,42.54,1,1,1,1,1.0,3.0,2,1,2.0,7,4.0,1.0,-1.03,-0.97,8.0,2.0,12.0,12.0,1,3,2.0,1.0,1.0,1.0,1.0,1.0,3.0,2.0,-1.0,-0.89,2.0,-1.0,-1.0,-1.0,-1.0,-1.0,-1.0
11,1,2,1,1,3,2,90,19-35,1,4,3,1,9.0,10.0,7.0,2.0,-1.0,-1.0,-1.0,-1.0,-1.0,302.930336,1994,-1.0,-1.0,-1.0,-1.0,-0.91,-1.0,-1.12,-1.0,-1.0,-1.0,2.0,-1.0,-1.0,2.0,-1.0,2.0,-1.0,-1.0,2.0,-1.0,2.0,-1.0,-1.0,-1.0,-1.0,-1.0,-1.0,2.0,1.0,2.0,1.0,1.0,-1.0,-1.0,1.0,1.0,1.0,1.0,34360.0,8540.0,-1.0,<10k,2,-1.0,-1.0,2,-1.0,-1.0,2,-1.0,-1.0,2,-1.0,-1.0,1,40000.0,5.0,2,-1.0,-1.0,2,-1.0,-1.0,1,50000.0,5.0,2,-1.0,-1.0,2,-1.0,-1.0,0.0,4.68,0.0,4.65,0.0,4.83,0.0,11.71,YES,YES,0.0,11.42,1.0,14.73,0.0,0.0,1.0,10.64,5.0,24.69,5.0,27.03,3.0,21.36,0.0,9.88,0.0,5.67,0.0,9.09,25.0,39.84,1,1,1,1,1.0,3.0,2,1,2.0,7,4.0,1.0,-0.92,-0.88,8.0,2.0,12.0,12.0,1,3,2.0,1.0,1.0,1.0,1.0,1.0,3.0,2.0,-1.0,-1.03,2.0,-1.0,-1.0,-1.0,-1.0,-1.0,-1.0
11,1,2,1,1,3,1,90,19-35,1,4,3,1,9.0,10.0,1.0,1.0,5230.0,79110.0,3.0,-1.0,-1.0,302.930336,1995,1.0,1.0,10.0,9.0,14.72,5.0,66.42,-1.0,-1.0,-1.0,2.0,-1.0,-1.0,2.0,-1.0,2.0,-1.0,-1.0,2.0,-1.0,2.0,-1.0,-1.0,-1.0,-1.0,-1.0,-1.0,2.0,1.0,2.0,1.0,1.0,-1.0,-1.0,1.0,1.0,1.0,1.0,30000.0,-1.0,-1.0,<10k,2,-1.0,-1.0,2,-1.0,-1.0,2,-1.0,-1.0,2,-1.0,-1.0,1,40000.0,5.0,2,-1.0,-1.0,2,-1.0,-1.0,1,50000.0,5.0,2,-1.0,-1.0,2,-1.0,-1.0,0.0,4.66,0.0,4.86,0.0,5.91,0.0,9.94,YES,YES,0.0,11.69,1.0,12.9,0.0,0.0,1.0,9.0,5.0,34.8,5.0,32.01,3.0,24.03,0.0,10.31,0.0,4.4,0.0,9.13,25.0,37.71,1,1,1,1,1.0,3.0,2,1,2.0,7,4.0,1.0,-1.15,-1.0,8.0,2.0,12.0,12.0,1,3,2.0,1.0,1.0,1.0,1.0,1.0,3.0,2.0,-1.0,-0.96,2.0,-1.0,-1.0,-1.0,-1.0,-1.0,-1.0
11,1,2,1,1,3,2,0,0-18,1,4,3,1,2.0,8.0,-1.0,-1.0,-1.0,-1.0,-1.0,-1.0,-1.0,302.930336,2005,1.0,1.0,8.0,7.0,2.02,6.0,31.24,-1.0,-1.0,-1.0,2.0,-1.0,-1.0,2.0,-1.0,2.0,-1.0,-1.0,2.0,-1.0,2.0,-1.0,-1.0,-1.0,-1.0,-1.0,-1.0,1.0,1.0,2.0,1.0,1.0,-1.0,-1.0,1.0,1.0,1.0,-1.0,-1.0,-1.0,-1.0,<10k,2,-1.0,-1.0,2,-1.0,-1.0,2,-1.0,-1.0,2,-1.0,-1.0,1,40000.0,5.0,2,-1.0,-1.0,2,-1.0,-1.0,1,50000.0,5.0,2,-1.0,-1.0,2,-1.0,-1.0,0.0,5.05,0.0,5.49,0.0,5.34,0.0,9.73,YES,YES,0.0,11.42,1.0,12.25,0.0,0.0,1.0,10.64,5.0,28.73,5.0,30.46,3.0,18.43,0.0,11.1,0.0,5.27,0.0,8.7,25.0,44.67,1,1,1,1,1.0,3.0,2,1,2.0,7,4.0,1.0,-0.97,-0.97,8.0,2.0,12.0,12.0,1,3,2.0,1.0,1.0,1.0,1.0,1.0,3.0,2.0,-1.0,-1.02,2.0,-1.0,-1.0,-1.0,-1.0,-1.0,-1.0
11,1,2,1,1,3,1,90,19-35,1,4,3,2,9.0,11.0,1.0,1.0,8332.0,52212.0,3.0,-1.0,-1.0,302.930336,1990,1.0,1.0,2.0,1.0,1.23,3.0,10.4,-1.0,-1.0,-1.0,2.0,-1.0,-1.0,2.0,-1.0,2.0,-1.0,-1.0,2.0,-1.0,2.0,-1.0,-1.0,-1.0,-1.0,-1.0,-1.0,2.0,1.0,2.0,1.0,1.0,-1.0,-1.0,1.0,1.0,1.0,1.0,40000.0,-1.0,-1.0,<10k,2,-1.0,-1.0,2,-1.0,-1.0,2,-1.0,-1.0,2,-1.0,-1.0,1,40000.0,5.0,2,-1.0,-1.0,2,-1.0,-1.0,1,50000.0,5.0,2,-1.0,-1.0,2,-1.0,-1.0,0.0,6.14,0.0,4.75,0.0,5.27,0.0,10.33,YES,YES,0.0,9.15,1.0,13.98,0.0,0.0,1.0,9.93,5.0,28.1,5.0,28.13,3.0,24.55,0.0,10.27,0.0,5.48,0.0,10.99,25.0,46.96,1,1,1,1,1.0,3.0,2,1,2.0,7,4.0,1.0,-1.04,-0.96,8.0,2.0,12.0,12.0,1,3,2.0,1.0,1.0,1.0,1.0,1.0,3.0,2.0,-1.0,-1.02,2.0,-1.0,-1.0,-1.0,-1.0,-1.0,-1.0
11,1,2,1,1,5,2,90,19-35,1,4,3,2,9.0,8.0,7.0,2.0,-1.0,-1.0,-1.0,-1.0,-1.0,302.930336,1997,-1.0,-1.0,-1.0,-1.0,-1.01,-1.0,-0.9,-1.0,-1.0,-1.0,2.0,-1.0,-1.0,1.0,1.0,2.0,-1.0,-1.0,2.0,-1.0,2.0,-1.0,-1.0,-1.0,-1.0,-1.0,-1.0,2.0,1.0,2.0,1.0,1.0,-1.0,-1.0,1.0,1.0,1.0,-1.0,-1.0,-1.0,-1.0,<10k,2,-1.0,-1.0,2,-1.0,-1.0,2,-1.0,-1.0,2,-1.0,-1.0,1,40000.0,5.0,2,-1.0,-1.0,2,-1.0,-1.0,1,50000.0,5.0,2,-1.0,-1.0,2,-1.0,-1.0,0.0,4.21,0.0,6.05,0.0,5.24,0.0,10.23,YES,YES,0.0,11.53,1.0,16.03,0.0,0.0,1.0,10.2,5.0,25.3,5.0,28.17,3.0,22.01,0.0,7.51,0.0,5.0,0.0,10.58,25.0,42.2,1,1,1,1,1.0,3.0,2,1,2.0,7,4.0,1.0,-1.15,-0.93,8.0,2.0,12.0,12.0,1,3,2.0,1.0,1.0,1.0,1.0,1.0,3.0,2.0,-1.0,-0.95,2.0,-1.0,-1.0,-1.0,-1.0,-1.0,-1.0
11,1,2,1,1,1,2,40,66+,1,2,2,4,9.0,8.0,7.0,2.0,-1.0,-1.0,-1.0,-1.0,-1.0,302.930336,1948,-1.0,-1.0,-1.0,-1.0,-1.05,-1.0,-1.04,-1.0,-1.0,-1.0,2.0,-1.0,-1.0,2.0,-1.0,2.0,-1.0,-1.0,2.0,-1.0,2.0,-1.0,-1.0,-1.0,-1.0,-1.0,-1.0,2.0,1.0,2.0,1.0,1.0,-1.0,-1.0,1.0,1.0,1.0,1.0,40000.0,-1.0,40000.0,<10k,2,-1.0,-1.0,2,-1.0,-1.0,2,-1.0,-1.0,2,-1.0,-1.0,1,40000.0,5.0,2,-1.0,-1.0,2,-1.0,-1.0,1,50000.0,5.0,2,-1.0,-1.0,2,-1.0,-1.0,0.0,4.0,0.0,4.92,0.0,5.82,0.0,8.5,YES,YES,0.0,10.33,1.0,17.15,0.0,0.0,1.0,9.79,5.0,29.67,5.0,32.1,3.0,19.53,0.0,10.26,0.0,4.87,0.0,10.31,25.0,46.18,1,1,1,1,1.0,3.0,2,1,2.0,7,4.0,1.0,-0.87,-1.03,8.0,2.0,12.0,12.0,1,3,2.0,1.0,1.0,1.0,1.0,1.0,3.0,2.0,-1.0,-0.93,2.0,-1.0,-1.0,-1.0,-1.0,-1.0,-1.0
11,1,2,1,1,1,2,60,51-65,1,2,2,4,9.0,8.0,1.0,1.0,9111.0,97004.0,3.0,-1.0,-1.0,251.5403683,1961,-1.0,-1.0,-1.0,-1.0,-1.08,-1.0,-0.89,-1.0,-1.0,-1.0,2.0,-1.0,-1.0,2.0,-1.0,2.0,-1.0,-1.0,2.0,-1.0,2.0,-1.0,-1.0,-1.0,-1.0,-1.0,-1.0,1.0,1.0,2.0,1.0,1.0,-1.0,-1.0,1.0,1.0,1.0,1.0,14000.0,-1.0,-1.0,<10k,2,-1.0,-1.0,2,-1.0,-1.0,2,-1.0,-1.0,2,-1.0,-1.0,2,-1.0,-1.0,2,-1.0,-1.0,2,-1.0,-1.0,2,-1.0,-1.0,2,-1.0,-1.0,2,-1.0,-1.0,0.0,4.73,0.0,11.59,0.0,9.92,3.0,20.32,YES,YES,1.0,9.13,1.0,7.62,0.0,5.27,1.0,7.69,1.0,8.91,6.0,23.99,3.0,18.41,0.0,7.09,0.0,8.24,0.0,8.87,6.0,30.6,1,1,1,9,0.0,4.0,2,1,2.0,7,4.0,1.0,-0.98,-0.96,8.0,2.0,12.0,12.0,1,1,2.0,1.0,1.0,1.0,1.0,1.0,3.0,2.0,-1.0,-1.02,2.0,-1.0,-1.0,-1.0,-1.0,-1.0,-1.0
11,1,2,1,1,5,1,90,19-35,1,2,2,1,9.0,10.0,1.0,1.0,5211.0,47216.0,3.0,-1.0,-1.0,251.5403683,1999,3.0,-1.0,-1.0,-1.0,-0.96,-1.0,-1.05,-1.0,6.0,2014.0,2.0,-1.0,-1.0,2.0,-1.0,2.0,-1.0,-1.0,2.0,-1.0,2.0,-1.0,-1.0,-1.0,-1.0,-1.0,-1.0,2.0,1.0,2.0,1.0,1.0,-1.0,-1.0,1.0,1.0,1.0,1.0,22500.0,-1.0,-1.0,<10k,2,-1.0,-1.0,2,-1.0,-1.0,2,-1.0,-1.0,2,-1.0,-1.0,2,-1.0,-1.0,2,-1.0,-1.0,2,-1.0,-1.0,2,-1.0,-1.0,2,-1.0,-1.0,2,-1.0,-1.0,0.0,4.5,0.0,10.32,0.0,10.47,3.0,20.84,YES,YES,1.0,8.03,1.0,8.05,0.0,4.92,1.0,7.6,1.0,10.58,6.0,25.39,3.0,16.07,0.0,7.54,0.0,7.45,0.0,9.98,6.0,32.0,1,1,1,9,0.0,4.0,2,1,2.0,7,4.0,1.0,-1.22,-1.11,8.0,2.0,12.0,12.0,1,1,2.0,1.0,1.0,1.0,1.0,1.0,3.0,2.0,-1.0,-1.0,2.0,-1.0,-1.0,-1.0,-1.0,-1.0,-1.0
11,1,2,1,1,5,1,0,0-18,1,2,2,1,2.0,9.0,8.0,2.0,-1.0,-1.0,-1.0,-1.0,-1.0,251.5403683,2003,1.0,1.0,10.0,9.0,0.0,1.0,16.49,-1.0,-1.0,-1.0,2.0,-1.0,-1.0,2.0,-1.0,2.0,-1.0,-1.0,2.0,-1.0,2.0,-1.0,-1.0,-1.0,-1.0,-1.0,-1.0,2.0,1.0,2.0,1.0,1.0,-1.0,-1.0,1.0,1.0,1.0,1.0,62000.0,-1.0,100000.0,<10k,2,-1.0,-1.0,2,-1.0,-1.0,2,-1.0,-1.0,2,-1.0,-1.0,2,-1.0,-1.0,2,-1.0,-1.0,2,-1.0,-1.0,2,-1.0,-1.0,2,-1.0,-1.0,2,-1.0,-1.0,0.0,4.54,0.0,11.87,0.0,10.5,3.0,17.21,YES,YES,1.0,7.92,1.0,9.57,0.0,4.52,1.0,7.37,1.0,9.71,6.0,27.74,3.0,21.13,0.0,5.62,0.0,8.33,0.0,11.03,6.0,29.31,1,1,1,9,0.0,4.0,2,1,2.0,7,4.0,1.0,-1.09,-0.89,8.0,2.0,12.0,12.0,1,1,2.0,1.0,1.0,1.0,1.0,1.0,3.0,2.0,-1.0,-0.96,2.0,-1.0,-1.0,-1.0,-1.0,-1.0,-1.0
11,1,2,1,1,1,1,40,66+,1,1,1,2,9.0,10.0,9.0,2.0,-1.0,-1.0,-1.0,-1.0,-1.0,251.5403683,1947,-1.0,-1.0,-1.0,-1.0,-0.92,-1.0,-1.05,-1.0,-1.0,-1.0,2.0,-1.0,-1.0,2.0,-1.0,2.0,-1.0,-1.0,2.0,-1.0,2.0,-1.0,-1.0,-1.0,-1.0,-1.0,-1.0,1.0,1.0,2.0,1.0,1.0,-1.0,-1.0,1.0,1.0,1.0,1.0,14000.0,-1.0,-1.0,<10k,2,-1.0,-1.0,2,-1.0,-1.0,2,-1.0,-1.0,2,-1.0,-1.0,2,-1.0,-1.0,2,-1.0,-1.0,2,-1.0,-1.0,2,-1.0,-1.0,2,-1.0,-1.0,2,-1.0,-1.0,0.0,4.78,0.0,11.56,0.0,9.87,3.0,20.84,YES,YES,1.0,9.03,1.0,7.18,0.0,4.95,1.0,7.13,1.0,10.3,6.0,24.83,3.0,16.39,0.0,6.99,0.0,7.82,0.0,9.5,6.0,32.94,1,1,1,9,0.0,4.0,2,1,2.0,7,4.0,1.0,-0.94,-0.97,8.0,2.0,12.0,12.0,1,1,2.0,1.0,1.0,1.0,1.0,1.0,3.0,2.0,-1.0,-1.08,2.0,-1.0,-1.0,-1.0,-1.0,-1.0,-1.0
11,1,2,1,1,2,2,50,66+,1,1,1,2,9.0,8.0,9.0,2.0,-1.0,-1.0,-1.0,-1.0,-1.0,251.5403683,1951,3.0,-1.0,-1.0,-1.0,-1.01,-1.0,-0.73,-1.0,6.0,2014.0,2.0,-1.0,-1.0,2.0,-1.0,2.0,-1.0,-1.0,2.0,-1.0,2.0,-1.0,-1.0,-1.0,-1.0,-1.0,-1.0,2.0,1.0,2.0,1.0,1.0,-1.0,-1.0,1.0,1.0,1.0,1.0,22500.0,-1.0,-1.0,<10k,2,-1.0,-1.0,2,-1.0,-1.0,2,-1.0,-1.0,2,-1.0,-1.0,2,-1.0,-1.0,2,-1.0,-1.0,2,-1.0,-1.0,2,-1.0,-1.0,2,-1.0,-1.0,2,-1.0,-1.0,0.0,5.14,0.0,12.34,0.0,10.18,3.0,23.73,YES,YES,1.0,8.36,1.0,7.0,0.0,5.13,1.0,7.6,1.0,10.72,6.0,25.91,3.0,19.94,0.0,7.13,0.0,8.5,0.0,10.12,6.0,28.29,1,1,1,9,0.0,4.0,2,1,2.0,7,4.0,1.0,-1.06,-1.14,8.0,2.0,12.0,12.0,1,1,2.0,1.0,1.0,1.0,1.0,1.0,3.0,2.0,-1.0,-1.06,2.0,-1.0,-1.0,-1.0,-1.0,-1.0,-1.0
11,1,2,1,1,1,2,50,51-65,1,1,1,4,9.0,12.0,1.0,1.0,7531.0,14105.0,5.0,-1.0,-1.0,251.5403683,1955,-1.0,-1.0,-1.0,-1.0,-1.12,-1.0,-0.95,-1.0,-1.0,-1.0,2.0,-1.0,-1.0,2.0,-1.0,2.0,-1.0,-1.0,2.0,-1.0,2.0,-1.0,-1.0,-1.0,-1.0,-1.0,-1.0,1.0,1.0,2.0,1.0,1.0,-1.0,-1.0,1.0,1.0,1.0,1.0,14000.0,-1.0,-1.0,<10k,2,-1.0,-1.0,2,-1.0,-1.0,2,-1.0,-1.0,2,-1.0,-1.0,2,-1.0,-1.0,2,-1.0,-1.0,2,-1.0,-1.0,2,-1.0,-1.0,2,-1.0,-1.0,2,-1.0,-1.0,0.0,4.52,0.0,8.76,0.0,9.27,3.0,21.42,YES,YES,1.0,7.45,1.0,6.93,0.0,5.3,1.0,8.28,1.0,8.35,6.0,24.33,3.0,16.87,0.0,6.89,0.0,7.26,0.0,9.44,6.0,26.13,1,1,1,9,0.0,4.0,2,1,2.0,7,4.0,1.0,-0.98,-1.11,8.0,2.0,12.0,12.0,1,1,2.0,1.0,1.0,1.0,1.0,1.0,3.0,2.0,-1.0,-1.06,2.0,-1.0,-1.0,-1.0,-1.0,-1.0,-1.0
11,1,2,1,1,3,1,80,19-35,1,1,1,1,4.0,15.0,1.0,1.0,3312.0,64191.0,2.0,-1.0,-1.0,251.5403683,1989,3.0,-1.0,-1.0,-1.0,-0.99,-1.0,-0.94,-1.0,6.0,2014.0,2.0,-1.0,-1.0,2.0,-1.0,2.0,-1.0,-1.0,2.0,-1.0,2.0,-1.0,-1.0,-1.0,-1.0,-1.0,-1.0,2.0,1.0,2.0,1.0,1.0,-1.0,-1.0,1.0,1.0,1.0,1.0,22500.0,-1.0,-1.0,<10k,2,-1.0,-1.0,2,-1.0,-1.0,2,-1.0,-1.0,2,-1.0,-1.0,2,-1.0,-1.0,2,-1.0,-1.0,2,-1.0,-1.0,2,-1.0,-1.0,2,-1.0,-1.0,2,-1.0,-1.0,0.0,5.23,0.0,13.05,0.0,11.63,3.0,14.26,YES,YES,1.0,8.0,1.0,8.36,0.0,4.44,1.0,7.96,1.0,9.07,6.0,21.48,3.0,19.26,0.0,7.31,0.0,7.84,0.0,10.27,6.0,29.63,1,1,1,9,0.0,4.0,2,1,2.0,7,4.0,1.0,-0.87,-1.04,8.0,2.0,12.0,12.0,1,1,2.0,1.0,1.0,1.0,1.0,1.0,3.0,2.0,-1.0,-0.97,2.0,-1.0,-1.0,-1.0,-1.0,-1.0,-1.0
11,1,2,1,1,3,2,90,19-35,1,1,1,2,4.0,13.0,1.0,1.0,3341.0,82200.0,3.0,-1.0,-1.0,251.5403683,1991,1.0,1.0,10.0,9.0,0.0,1.0,14.93,-1.0,-1.0,-1.0,2.0,-1.0,-1.0,2.0,-1.0,2.0,-1.0,-1.0,2.0,-1.0,2.0,-1.0,-1.0,-1.0,-1.0,-1.0,-1.0,2.0,1.0,2.0,1.0,1.0,-1.0,-1.0,1.0,1.0,1.0,1.0,62000.0,-1.0,100000.0,<10k,2,-1.0,-1.0,2,-1.0,-1.0,2,-1.0,-1.0,2,-1.0,-1.0,2,-1.0,-1.0,2,-1.0,-1.0,2,-1.0,-1.0,2,-1.0,-1.0,2,-1.0,-1.0,2,-1.0,-1.0,0.0,4.52,0.0,7.98,0.0,11.64,3.0,21.38,YES,YES,1.0,7.19,1.0,8.37,0.0,4.71,1.0,7.45,1.0,8.15,6.0,25.99,3.0,15.23,0.0,6.55,0.0,8.1,0.0,9.45,6.0,28.3,1,1,1,9,0.0,4.0,2,1,2.0,7,4.0,1.0,-0.93,-0.93,8.0,2.0,12.0,12.0,1,1,2.0,1.0,1.0,1.0,1.0,1.0,3.0,2.0,-1.0,-0.98,2.0,-1.0,-1.0,-1.0,-1.0,-1.0,-1.0
11,1,2,1,1,5,1,90,19-35,1,1,1,2,9.0,15.0,1.0,1.0,2511.0,62020.0,3.0,-1.0,-1.0,251.5403683,1990,-1.0,-1.0,-1.0,-1.0,-1.06,-1.0,-1.16,-1.0,-1.0,-1.0,2.0,-1.0,-1.0,1.0,1.0,2.0,-1.0,-1.0,2.0,-1.0,2.0,-1.0,-1.0,-1.0,-1.0,-1.0,-1.0,2.0,1.0,2.0,1.0,1.0,-1.0,-1.0,1.0,1.0,1.0,1.0,106000.0,-1.0,175000.0,<10k,2,-1.0,-1.0,2,-1.0,-1.0,2,-1.0,-1.0,2,-1.0,-1.0,2,-1.0,-1.0,2,-1.0,-1.0,2,-1.0,-1.0,2,-1.0,-1.0,2,-1.0,-1.0,2,-1.0,-1.0,0.0,5.42,0.0,11.98,0.0,10.97,3.0,16.56,YES,YES,1.0,8.35,1.0,6.85,0.0,5.03,1.0,7.09,1.0,10.69,6.0,19.46,3.0,13.64,0.0,7.54,0.0,7.55,0.0,10.03,6.0,29.67,1,1,1,9,0.0,4.0,2,1,2.0,7,4.0,1.0,-1.06,-1.0,8.0,2.0,12.0,12.0,1,1,2.0,1.0,1.0,1.0,1.0,1.0,3.0,2.0,-1.0,-1.07,2.0,-1.0,-1.0,-1.0,-1.0,-1.0,-1.0
11,1,2,1,1,5,2,90,19-35,1,1,1,1,9.0,15.0,7.0,2.0,-1.0,-1.0,-1.0,-1.0,-1.0,251.5403683,1992,-1.0,-1.0,-1.0,-1.0,-0.91,-1.0,-1.07,-1.0,-1.0,-1.0,2.0,-1.0,-1.0,2.0,-1.0,2.0,-1.0,-1.0,2.0,-1.0,2.0,-1.0,-1.0,-1.0,-1.0,-1.0,-1.0,2.0,1.0,2.0,1.0,1.0,-1.0,-1.0,1.0,1.0,1.0,-1.0,-1.0,-1.0,-1.0,<10k,2,-1.0,-1.0,2,-1.0,-1.0,2,-1.0,-1.0,2,-1.0,-1.0,2,-1.0,-1.0,2,-1.0,-1.0,2,-1.0,-1.0,2,-1.0,-1.0,2,-1.0,-1.0,2,-1.0,-1.0,0.0,5.81,0.0,12.41,0.0,8.38,3.0,20.86,YES,YES,1.0,8.02,1.0,8.91,0.0,5.49,1.0,9.14,1.0,10.09,6.0,25.92,3.0,21.23,0.0,7.57,0.0,7.49,0.0,9.29,6.0,26.04,1,1,1,9,0.0,4.0,2,1,2.0,7,4.0,1.0,-1.23,-0.95,8.0,2.0,12.0,12.0,1,1,2.0,1.0,1.0,1.0,1.0,1.0,3.0,2.0,-1.0,-0.96,2.0,-1.0,-1.0,-1.0,-1.0,-1.0,-1.0
11,1,2,1,1,1,1,40,66+,1,2,2,2,9.0,15.0,1.0,1.0,2330.0,85492.0,5.0,-1.0,-1.0,251.5403683,1948,-1.0,-1.0,-1.0,-1.0,-1.21,-1.0,-0.94,-1.0,-1.0,-1.0,2.0,-1.0,-1.0,2.0,-1.0,2.0,-1.0,-1.0,2.0,-1.0,2.0,-1.0,-1.0,-1.0,-1.0,-1.0,-1.0,1.0,1.0,2.0,1.0,1.0,-1.0,-1.0,1.0,1.0,1.0,1.0,14000.0,-1.0,-1.0,<10k,2,-1.0,-1.0,2,-1.0,-1.0,2,-1.0,-1.0,2,-1.0,-1.0,2,-1.0,-1.0,2,-1.0,-1.0,2,-1.0,-1.0,2,-1.0,-1.0,2,-1.0,-1.0,2,-1.0,-1.0,0.0,4.8,0.0,12.94,0.0,10.92,3.0,17.93,YES,YES,1.0,8.45,1.0,8.88,0.0,4.91,1.0,8.99,1.0,9.87,6.0,26.99,3.0,16.37,0.0,6.61,0.0,6.19,0.0,8.87,6.0,34.96,1,1,1,9,0.0,4.0,2,1,2.0,7,4.0,1.0,-0.88,-1.05,8.0,2.0,12.0,12.0,1,1,2.0,1.0,1.0,1.0,1.0,1.0,3.0,2.0,-1.0,-0.93,2.0,-1.0,-1.0,-1.0,-1.0,-1.0,-1.0
11,1,2,1,1,2,2,50,51-65,1,2,4,2,9.0,13.0,7.0,2.0,-1.0,-1.0,-1.0,-1.0,-1.0,251.5403683,1958,3.0,-1.0,-1.0,-1.0,-0.93,-1.0,-0.89,-1.0,6.0,2014.0,2.0,-1.0,-1.0,2.0,-1.0,2.0,-1.0,-1.0,2.0,-1.0,2.0,-1.0,-1.0,-1.0,-1.0,-1.0,-1.0,2.0,1.0,2.0,1.0,1.0,-1.0,-1.0,1.0,1.0,1.0,1.0,22500.0,-1.0,-1.0,<10k,2,-1.0,-1.0,2,-1.0,-1.0,2,-1.0,-1.0,2,-1.0,-1.0,2,-1.0,-1.0,2,-1.0,-1.0,2,-1.0,-1.0,2,-1.0,-1.0,2,-1.0,-1.0,2,-1.0,-1.0,0.0,4.71,0.0,11.1,0.0,10.44,3.0,16.75,YES,YES,1.0,6.41,1.0,7.52,0.0,4.06,1.0,9.69,1.0,10.7,6.0,23.2,3.0,19.91,0.0,7.21,0.0,7.31,0.0,10.16,6.0,35.98,1,1,1,9,0.0,4.0,2,1,2.0,7,4.0,1.0,-0.98,-1.03,8.0,2.0,12.0,12.0,1,1,2.0,1.0,1.0,1.0,1.0,1.0,3.0,2.0,-1.0,-0.93,2.0,-1.0,-1.0,-1.0,-1.0,-1.0,-1.0
11,1,2,1,1,3,2,90,19-35,1,2,2,1,4.0,15.0,1.0,1.0,2519.0,62020.0,3.0,-1.0,-1.0,251.5403683,1995,1.0,1.0,10.0,9.0,0.0,1.0,15.89,-1.0,-1.0,-1.0,2.0,-1.0,-1.0,2.0,-1.0,2.0,-1.0,-1.0,2.0,-1.0,2.0,-1.0,-1.0,-1.0,-1.0,-1.0,-1.0,2.0,1.0,2.0,1.0,1.0,-1.0,-1.0,1.0,1.0,1.0,1.0,62000.0,-1.0,100000.0,<10k,2,-1.0,-1.0,2,-1.0,-1.0,2,-1.0,-1.0,2,-1.0,-1.0,2,-1.0,-1.0,2,-1.0,-1.0,2,-1.0,-1.0,2,-1.0,-1.0,2,-1.0,-1.0,2,-1.0,-1.0,0.0,4.71,0.0,10.76,0.0,9.53,3.0,19.62,YES,YES,1.0,8.52,1.0,7.64,0.0,5.11,1.0,7.92,1.0,8.24,6.0,21.58,3.0,16.05,0.0,6.58,0.0,8.79,0.0,8.31,6.0,30.03,1,1,1,9,0.0,4.0,2,1,2.0,7,4.0,1.0,-0.91,-1.01,8.0,2.0,12.0,12.0,1,1,2.0,1.0,1.0,1.0,1.0,1.0,3.0,2.0,-1.0,-1.03,2.0,-1.0,-1.0,-1.0,-1.0,-1.0,-1.0
11,1,2,1,1,1,1,60,51-65,1,1,1,2,9.0,13.0,1.0,1.0,5211.0,46305.0,3.0,-1.0,-1.0,251.5403683,1960,-1.0,-1.0,-1.0,-1.0,-0.93,-1.0,-1.08,-1.0,-1.0,-1.0,2.0,-1.0,-1.0,2.0,-1.0,2.0,-1.0,-1.0,2.0,-1.0,2.0,-1.0,-1.0,-1.0,-1.0,-1.0,-1.0,1.0,1.0,2.0,1.0,1.0,-1.0,-1.0,1.0,1.0,1.0,1.0,14000.0,-1.0,-1.0,<10k,2,-1.0,-1.0,2,-1.0,-1.0,2,-1.0,-1.0,2,-1.0,-1.0,2,-1.0,-1.0,2,-1.0,-1.0,2,-1.0,-1.0,2,-1.0,-1.0,2,-1.0,-1.0,2,-1.0,-1.0,0.0,4.41,0.0,10.29,0.0,11.21,3.0,20.25,YES,YES,1.0,7.94,1.0,7.64,0.0,4.56,1.0,6.4,1.0,9.91,6.0,26.95,3.0,15.81,0.0,7.5,0.0,7.66,0.0,11.79,6.0,31.68,1,1,1,9,0.0,4.0,2,1,2.0,7,4.0,1.0,-0.99,-0.9,8.0,2.0,12.0,12.0,1,1,2.0,1.0,1.0,1.0,1.0,1.0,3.0,2.0,-1.0,-0.88,2.0,-1.0,-1.0,-1.0,-1.0,-1.0,-1.0
11,1,2,1,1,2,2,70,36-50,1,2,4,2,9.0,10.0,7.0,2.0,-1.0,-1.0,-1.0,-1.0,-1.0,251.5403683,1977,3.0,-1.0,-1.0,-1.0,-1.0,-1.0,-1.13,-1.0,6.0,2014.0,2.0,-1.0,-1.0,2.0,-1.0,2.0,-1.0,-1.0,2.0,-1.0,2.0,-1.0,-1.0,-1.0,-1.0,-1.0,-1.0,2.0,1.0,2.0,1.0,1.0,-1.0,-1.0,1.0,1.0,1.0,1.0,22500.0,-1.0,-1.0,<10k,2,-1.0,-1.0,2,-1.0,-1.0,2,-1.0,-1.0,2,-1.0,-1.0,2,-1.0,-1.0,2,-1.0,-1.0,2,-1.0,-1.0,2,-1.0,-1.0,2,-1.0,-1.0,2,-1.0,-1.0,0.0,4.73,0.0,11.89,0.0,11.75,3.0,21.86,YES,YES,1.0,8.07,1.0,8.47,0.0,4.1,1.0,7.77,1.0,9.87,6.0,26.15,3.0,16.32,0.0,7.6,0.0,7.67,0.0,8.77,6.0,29.74,1,1,1,9,0.0,4.0,2,1,2.0,7,4.0,1.0,-0.99,-1.05,8.0,2.0,12.0,12.0,1,1,2.0,1.0,1.0,1.0,1.0,1.0,3.0,2.0,-1.0,-0.88,2.0,-1.0,-1.0,-1.0,-1.0,-1.0,-1.0
11,1,2,1,1,3,1,90,19-35,1,1,1,1,9.0,15.0,1.0,1.0,3313.0,64191.0,3.0,-1.0,-1.0,251.5403683,1995,1.0,1.0,10.0,9.0,0.0,1.0,15.08,-1.0,-1.0,-1.0,2.0,-1.0,-1.0,2.0,-1.0,2.0,-1.0,-1.0,2.0,-1.0,2.0,-1.0,-1.0,-1.0,-1.0,-1.0,-1.0,2.0,1.0,2.0,1.0,1.0,-1.0,-1.0,1.0,1.0,1.0,1.0,62000.0,-1.0,100000.0,<10k,2,-1.0,-1.0,2,-1.0,-1.0,2,-1.0,-1.0,2,-1.0,-1.0,2,-1.0,-1.0,2,-1.0,-1.0,2,-1.0,-1.0,2,-1.0,-1.0,2,-1.0,-1.0,2,-1.0,-1.0,0.0,4.81,0.0,11.0,0.0,8.96,3.0,22.4,YES,YES,1.0,7.02,1.0,7.14,0.0,4.16,1.0,8.26,1.0,10.88,6.0,23.59,3.0,17.54,0.0,6.02,0.0,7.94,0.0,9.65,6.0,25.61,1,1,1,9,0.0,4.0,2,1,2.0,7,4.0,1.0,-0.89,-0.86,8.0,2.0,12.0,12.0,1,1,2.0,1.0,1.0,1.0,1.0,1.0,3.0,2.0,-1.0,-0.86,2.0,-1.0,-1.0,-1.0,-1.0,-1.0,-1.0
11,1,2,1,1,1,1,70,36-50,1,2,2,2,9.0,13.0,1.0,1.0,1345.0,85211.0,1.0,-1.0,-1.0,251.5403683,1972,-1.0,-1.0,-1.0,-1.0,-1.09,-1.0,-1.09,-1.0,-1.0,-1.0,2.0,-1.0,-1.0,2.0,-1.0,2.0,-1.0,-1.0,2.0,-1.0,2.0,-1.0,-1.0,-1.0,-1.0,-1.0,-1.0,1.0,1.0,2.0,1.0,1.0,-1.0,-1.0,1.0,1.0,1.0,1.0,14000.0,-1.0,-1.0,<10k,2,-1.0,-1.0,2,-1.0,-1.0,2,-1.0,-1.0,2,-1.0,-1.0,2,-1.0,-1.0,2,-1.0,-1.0,2,-1.0,-1.0,2,-1.0,-1.0,2,-1.0,-1.0,2,-1.0,-1.0,0.0,4.65,0.0,11.02,0.0,12.97,3.0,18.08,YES,YES,1.0,7.49,1.0,7.98,0.0,5.45,1.0,9.17,1.0,9.98,6.0,21.95,3.0,22.72,0.0,7.92,0.0,9.82,0.0,8.91,6.0,24.86,1,1,1,9,0.0,4.0,2,1,2.0,7,4.0,1.0,-1.09,-0.82,8.0,2.0,12.0,12.0,1,1,2.0,1.0,1.0,1.0,1.0,1.0,3.0,2.0,-1.0,-1.07,2.0,-1.0,-1.0,-1.0,-1.0,-1.0,-1.0
11,1,2,1,1,2,2,80,36-50,1,2,2,2,9.0,15.0,1.0,1.0,3360.0,84120.0,1.0,-1.0,-1.0,251.5403683,1981,3.0,-1.0,-1.0,-1.0,-1.0,-1.0,-1.03,-1.0,6.0,2014.0,2.0,-1.0,-1.0,2.0,-1.0,2.0,-1.0,-1.0,2.0,-1.0,2.0,-1.0,-1.0,-1.0,-1.0,-1.0,-1.0,2.0,1.0,2.0,1.0,1.0,-1.0,-1.0,1.0,1.0,1.0,1.0,22500.0,-1.0,-1.0,<10k,2,-1.0,-1.0,2,-1.0,-1.0,2,-1.0,-1.0,2,-1.0,-1.0,2,-1.0,-1.0,2,-1.0,-1.0,2,-1.0,-1.0,2,-1.0,-1.0,2,-1.0,-1.0,2,-1.0,-1.0,0.0,6.28,0.0,10.22,0.0,10.76,3.0,16.9,YES,YES,1.0,6.67,1.0,7.6,0.0,3.99,1.0,7.24,1.0,11.76,6.0,26.48,3.0,21.08,0.0,7.16,0.0,8.04,0.0,10.55,6.0,31.26,1,1,1,9,0.0,4.0,2,1,2.0,7,4.0,1.0,-1.08,-0.91,8.0,2.0,12.0,12.0,1,1,2.0,1.0,1.0,1.0,1.0,1.0,3.0,2.0,-1.0,-0.98,2.0,-1.0,-1.0,-1.0,-1.0,-1.0,-1.0
11,1,2,1,1,3,1,0,0-18,1,2,2,1,2.0,6.0,-1.0,-1.0,-1.0,-1.0,-1.0,-1.0,-1.0,251.5403683,2007,1.0,1.0,10.0,9.0,0.0,1.0,12.87,-1.0,-1.0,-1.0,2.0,-1.0,-1.0,2.0,-1.0,2.0,-1.0,-1.0,2.0,-1.0,2.0,-1.0,-1.0,-1.0,-1.0,-1.0,-1.0,2.0,1.0,2.0,1.0,1.0,-1.0,-1.0,1.0,1.0,1.0,1.0,62000.0,-1.0,100000.0,<10k,2,-1.0,-1.0,2,-1.0,-1.0,2,-1.0,-1.0,2,-1.0,-1.0,2,-1.0,-1.0,2,-1.0,-1.0,2,-1.0,-1.0,2,-1.0,-1.0,2,-1.0,-1.0,2,-1.0,-1.0,0.0,4.31,0.0,11.98,0.0,9.57,3.0,21.16,YES,YES,1.0,6.32,1.0,7.38,0.0,5.66,1.0,8.27,1.0,10.74,6.0,27.89,3.0,19.39,0.0,6.57,0.0,7.26,0.0,11.23,6.0,31.36,1,1,1,9,0.0,4.0,2,1,2.0,7,4.0,1.0,-1.01,-1.06,8.0,2.0,12.0,12.0,1,1,2.0,1.0,1.0,1.0,1.0,1.0,3.0,2.0,-1.0,-0.87,2.0,-1.0,-1.0,-1.0,-1.0,-1.0,-1.0
11,1,2,1,1,5,1,60,51-65,1,2,2,4,9.0,10.0,7.0,2.0,-1.0,-1.0,-1.0,-1.0,-1.0,251.5403683,1963,-1.0,-1.0,-1.0,-1.0,-0.8,-1.0,-1.12,-1.0,-1.0,-1.0,2.0,-1.0,-1.0,1.0,1.0,2.0,-1.0,-1.0,2.0,-1.0,2.0,-1.0,-1.0,-1.0,-1.0,-1.0,-1.0,2.0,1.0,2.0,1.0,1.0,-1.0,-1.0,1.0,1.0,1.0,1.0,106000.0,-1.0,175000.0,<10k,2,-1.0,-1.0,2,-1.0,-1.0,2,-1.0,-1.0,2,-1.0,-1.0,2,-1.0,-1.0,2,-1.0,-1.0,2,-1.0,-1.0,2,-1.0,-1.0,2,-1.0,-1.0,2,-1.0,-1.0,0.0,5.52,0.0,10.93,0.0,11.25,3.0,19.15,YES,YES,1.0,8.89,1.0,7.38,0.0,4.89,1.0,8.1,1.0,9.23,6.0,26.73,3.0,19.1,0.0,7.69,0.0,8.8,0.0,8.85,6.0,38.25,1,1,1,9,0.0,4.0,2,1,2.0,7,4.0,1.0,-0.84,-0.93,8.0,2.0,12.0,12.0,1,1,2.0,1.0,1.0,1.0,1.0,1.0,3.0,2.0,-1.0,-1.05,2.0,-1.0,-1.0,-1.0,-1.0,-1.0,-1.0
11,1,2,1,1,1,1,70,36-50,1,2,2,2,9.0,10.0,1.0,1.0,8322.0,49221.0,3.0,-1.0,-1.0,251.5403683,1979,-1.0,-1.0,-1.0,-1.0,-1.14,-1.0,-0.84,-1.0,-1.0,-1.0,2.0,-1.0,-1.0,2.0,-1.0,2.0,-1.0,-1.0,2.0,-1.0,2.0,-1.0,-1.0,-1.0,-1.0,-1.0,-1.0,1.0,1.0,2.0,1.0,1.0,-1.0,-1.0,1.0,1.0,1.0,1.0,14000.0,-1.0,-1.0,<10k,2,-1.0,-1.0,2,-1.0,-1.0,2,-1.0,-1.0,2,-1.0,-1.0,2,-1.0,-1.0,2,-1.0,-1.0,2,-1.0,-1.0,2,-1.0,-1.0,2,-1.0,-1.0,2,-1.0,-1.0,0.0,5.4,0.0,12.55,0.0,11.54,3.0,18.42,YES,YES,1.0,7.29,1.0,8.48,0.0,5.52,1.0,7.25,1.0,11.27,6.0,26.66,3.0,14.94,0.0,6.4,0.0,7.59,0.0,7.79,6.0,30.57,1,1,1,9,0.0,4.0,2,1,2.0,7,4.0,1.0,-0.89,-1.0,8.0,2.0,12.0,12.0,1,1,2.0,1.0,1.0,1.0,1.0,1.0,3.0,2.0,-1.0,-1.03,2.0,-1.0,-1.0,-1.0,-1.0,-1.0,-1.0
11,1,2,1,1,2,2,80,36-50,1,2,2,2,9.0,13.0,1.0,1.0,5221.0,47113.0,5.0,-1.0,-1.0,251.5403683,1980,3.0,-1.0,-1.0,-1.0,-1.21,-1.0,-0.93,-1.0,6.0,2014.0,2.0,-1.0,-1.0,2.0,-1.0,2.0,-1.0,-1.0,2.0,-1.0,2.0,-1.0,-1.0,-1.0,-1.0,-1.0,-1.0,2.0,1.0,2.0,1.0,1.0,-1.0,-1.0,1.0,1.0,1.0,1.0,22500.0,-1.0,-1.0,<10k,2,-1.0,-1.0,2,-1.0,-1.0,2,-1.0,-1.0,2,-1.0,-1.0,2,-1.0,-1.0,2,-1.0,-1.0,2,-1.0,-1.0,2,-1.0,-1.0,2,-1.0,-1.0,2,-1.0,-1.0,0.0,6.06,0.0,12.84,0.0,9.65,3.0,21.36,YES,YES,1.0,7.9,1.0,7.93,0.0,4.36,1.0,8.35,1.0,11.29,6.0,24.37,3.0,18.28,0.0,7.25,0.0,7.37,0.0,12.12,6.0,29.74,1,1,1,9,0.0,4.0,2,1,2.0,7,4.0,1.0,-0.96,-1.16,8.0,2.0,12.0,12.0,1,1,2.0,1.0,1.0,1.0,1.0,1.0,3.0,2.0,-1.0,-1.02,2.0,-1.0,-1.0,-1.0,-1.0,-1.0,-1.0
11,1,2,1,1,1,1,50,51-65,1,2,2,2,9.0,9.0,1.0,1.0,5211.0,47821.0,3.0,-1.0,-1.0,251.5403683,1958,-1.0,-1.0,-1.0,-1.0,-0.89,-1.0,-1.02,-1.0,-1.0,-1.0,2.0,-1.0,-1.0,2.0,-1.0,2.0,-1.0,-1.0,2.0,-1.0,2.0,-1.0,-1.0,-1.0,-1.0,-1.0,-1.0,1.0,1.0,2.0,1.0,1.0,-1.0,-1.0,1.0,1.0,1.0,1.0,14000.0,-1.0,-1.0,<10k,2,-1.0,-1.0,2,-1.0,-1.0,2,-1.0,-1.0,2,-1.0,-1.0,2,-1.0,-1.0,2,-1.0,-1.0,2,-1.0,-1.0,2,-1.0,-1.0,2,-1.0,-1.0,2,-1.0,-1.0,0.0,5.25,0.0,10.61,0.0,10.64,3.0,20.74,YES,YES,1.0,7.54,1.0,7.51,0.0,4.5,1.0,6.9,1.0,9.99,6.0,20.3,3.0,21.23,0.0,6.51,0.0,7.31,0.0,8.88,6.0,29.12,1,1,1,9,0.0,4.0,2,1,2.0,7,4.0,1.0,-0.82,-0.89,8.0,2.0,12.0,12.0,1,1,2.0,1.0,1.0,1.0,1.0,1.0,3.0,2.0,-1.0,-1.02,2.0,-1.0,-1.0,-1.0,-1.0,-1.0,-1.0
11,1,2,1,1,2,2,60,51-65,1,2,2,2,9.0,9.0,1.0,1.0,5211.0,47721.0,3.0,-1.0,-1.0,251.5403683,1963,3.0,-1.0,-1.0,-1.0,-0.83,-1.0,-1.02,-1.0,6.0,2014.0,2.0,-1.0,-1.0,2.0,-1.0,2.0,-1.0,-1.0,2.0,-1.0,2.0,-1.0,-1.0,-1.0,-1.0,-1.0,-1.0,2.0,1.0,2.0,1.0,1.0,-1.0,-1.0,1.0,1.0,1.0,1.0,22500.0,-1.0,-1.0,<10k,2,-1.0,-1.0,2,-1.0,-1.0,2,-1.0,-1.0,2,-1.0,-1.0,2,-1.0,-1.0,2,-1.0,-1.0,2,-1.0,-1.0,2,-1.0,-1.0,2,-1.0,-1.0,2,-1.0,-1.0,0.0,5.23,0.0,13.24,0.0,9.94,3.0,17.18,YES,YES,1.0,8.26,1.0,8.65,0.0,4.59,1.0,7.22,1.0,10.02,6.0,25.27,3.0,19.86,0.0,6.41,0.0,8.93,0.0,10.85,6.0,28.04,1,1,1,9,0.0,4.0,2,1,2.0,7,4.0,1.0,-0.98,-0.96,8.0,2.0,12.0,12.0,1,1,2.0,1.0,1.0,1.0,1.0,1.0,3.0,2.0,-1.0,-0.93,2.0,-1.0,-1.0,-1.0,-1.0,-1.0,-1.0
11,1,2,1,1,3,1,90,19-35,1,2,2,2,9.0,8.0,1.0,1.0,5211.0,47631.0,3.0,-1.0,-1.0,251.5403683,1990,1.0,1.0,10.0,9.0,0.0,1.0,18.34,-1.0,-1.0,-1.0,2.0,-1.0,-1.0,2.0,-1.0,2.0,-1.0,-1.0,2.0,-1.0,2.0,-1.0,-1.0,-1.0,-1.0,-1.0,-1.0,2.0,1.0,2.0,1.0,1.0,-1.0,-1.0,1.0,1.0,1.0,1.0,62000.0,-1.0,100000.0,<10k,2,-1.0,-1.0,2,-1.0,-1.0,2,-1.0,-1.0,2,-1.0,-1.0,2,-1.0,-1.0,2,-1.0,-1.0,2,-1.0,-1.0,2,-1.0,-1.0,2,-1.0,-1.0,2,-1.0,-1.0,0.0,5.85,0.0,9.69,0.0,9.26,3.0,17.3,YES,YES,1.0,7.2,1.0,9.5,0.0,5.71,1.0,9.32,1.0,11.27,6.0,27.26,3.0,18.11,0.0,7.62,0.0,8.81,0.0,9.25,6.0,30.52,1,1,1,9,0.0,4.0,2,1,2.0,7,4.0,1.0,-0.72,-0.81,8.0,2.0,12.0,12.0,1,1,2.0,1.0,1.0,1.0,1.0,1.0,3.0,2.0,-1.0,-1.04,2.0,-1.0,-1.0,-1.0,-1.0,-1.0,-1.0
11,1,2,1,1,5,2,90,19-35,1,2,2,2,9.0,10.0,7.0,2.0,-1.0,-1.0,-1.0,-1.0,-1.0,251.5403683,1995,-1.0,-1.0,-1.0,-1.0,-1.02,-1.0,-1.12,-1.0,-1.0,-1.0,2.0,-1.0,-1.0,1.0,1.0,2.0,-1.0,-1.0,2.0,-1.0,2.0,-1.0,-1.0,-1.0,-1.0,-1.0,-1.0,2.0,1.0,2.0,1.0,1.0,-1.0,-1.0,1.0,1.0,1.0,1.0,106000.0,-1.0,175000.0,<10k,2,-1.0,-1.0,2,-1.0,-1.0,2,-1.0,-1.0,2,-1.0,-1.0,2,-1.0,-1.0,2,-1.0,-1.0,2,-1.0,-1.0,2,-1.0,-1.0,2,-1.0,-1.0,2,-1.0,-1.0,0.0,5.08,0.0,12.19,0.0,9.74,3.0,22.0,YES,YES,1.0,7.94,1.0,6.47,0.0,4.42,1.0,8.74,1.0,9.45,6.0,18.54,3.0,17.83,0.0,6.23,0.0,7.45,0.0,9.64,6.0,31.72,1,1,1,9,0.0,4.0,2,1,2.0,7,4.0,1.0,-1.01,-1.01,8.0,2.0,12.0,12.0,1,1,2.0,1.0,1.0,1.0,1.0,1.0,3.0,2.0,-1.0,-0.81,2.0,-1.0,-1.0,-1.0,-1.0,-1.0,-1.0
11,1,2,1,1,5,1,10,0-18,1,2,2,1,-1.0,-1.0,-1.0,-1.0,-1.0,-1.0,-1.0,-1.0,-1.0,251.5403683,2017,-1.0,-1.0,-1.0,-1.0,-1.28,-1.0,-1.06,-1.0,-1.0,-1.0,2.0,-1.0,-1.0,2.0,-1.0,2.0,-1.0,-1.0,2.0,-1.0,2.0,-1.0,-1.0,-1.0,-1.0,-1.0,-1.0,2.0,1.0,2.0,1.0,1.0,-1.0,-1.0,1.0,1.0,1.0,-1.0,-1.0,-1.0,-1.0,<10k,2,-1.0,-1.0,2,-1.0,-1.0,2,-1.0,-1.0,2,-1.0,-1.0,2,-1.0,-1.0,2,-1.0,-1.0,2,-1.0,-1.0,2,-1.0,-1.0,2,-1.0,-1.0,2,-1.0,-1.0,0.0,5.1,0.0,12.17,0.0,9.85,3.0,22.73,YES,YES,1.0,8.61,1.0,7.89,0.0,5.17,1.0,8.24,1.0,10.21,6.0,25.06,3.0,21.32,0.0,8.0,0.0,7.67,0.0,9.26,6.0,38.79,1,1,1,9,0.0,4.0,2,1,2.0,7,4.0,1.0,-1.14,-0.93,8.0,2.0,12.0,12.0,1,1,2.0,1.0,1.0,1.0,1.0,1.0,3.0,2.0,-1.0,-1.04,2.0,-1.0,-1.0,-1.0,-1.0,-1.0,-1.0
11,1,2,1,1,1,1,70,36-50,1,4,3,2,9.0,12.0,1.0,1.0,7532.0,47821.0,3.0,-1.0,-1.0,329.3981013,1976,-1.0,-1.0,-1.0,-1.0,-1.28,-1.0,-0.9,-1.0,-1.0,-1.0,2.0,-1.0,-1.0,2.0,-1.0,2.0,-1.0,-1.0,2.0,-1.0,2.0,-1.0,-1.0,-1.0,-1.0,-1.0,-1.0,1.0,1.0,2.0,1.0,1.0,-1.0,-1.0,1.0,1.0,1.0,1.0,65000.0,-1.0,-1.0,<10k,2,-1.0,-1.0,2,-1.0,-1.0,2,-1.0,-1.0,2,-1.0,-1.0,2,-1.0,-1.0,2,-1.0,-1.0,2,-1.0,-1.0,2,-1.0,-1.0,2,-1.0,-1.0,2,-1.0,-1.0,0.0,4.97,0.0,5.11,0.0,9.12,1.0,15.23,YES,YES,0.0,8.27,0.0,10.2,0.0,5.7,0.0,10.02,0.0,4.52,0.0,5.27,1.0,9.15,0.0,5.02,0.0,10.12,0.0,4.77,0.0,4.97,1,1,1,3,1.0,3.0,1,1,3.0,7,4.0,1.0,-0.77,-1.03,1.0,2.0,12.0,12.0,1,3,2.0,1.0,1.0,1.0,1.0,1.0,3.0,2.0,-1.0,-0.86,2.0,-1.0,-1.0,-1.0,-1.0,-1.0,-1.0
11,1,2,1,1,2,2,80,19-35,1,4,3,2,9.0,11.0,7.0,2.0,-1.0,-1.0,-1.0,-1.0,-1.0,329.3981013,1987,-1.0,-1.0,-1.0,-1.0,-0.88,-1.0,-0.95,-1.0,-1.0,-1.0,2.0,-1.0,-1.0,2.0,-1.0,2.0,-1.0,-1.0,2.0,-1.0,2.0,-1.0,-1.0,-1.0,-1.0,-1.0,-1.0,2.0,1.0,2.0,1.0,1.0,-1.0,-1.0,1.0,1.0,1.0,1.0,40000.0,-1.0,-1.0,<10k,2,-1.0,-1.0,2,-1.0,-1.0,2,-1.0,-1.0,2,-1.0,-1.0,2,-1.0,-1.0,2,-1.0,-1.0,2,-1.0,-1.0,2,-1.0,-1.0,2,-1.0,-1.0,2,-1.0,-1.0,0.0,5.0,0.0,3.38,0.0,10.31,1.0,16.11,YES,YES,0.0,7.51,0.0,7.99,0.0,5.39,0.0,10.23,0.0,4.64,0.0,4.08,1.0,9.63,0.0,5.27,0.0,11.39,0.0,5.16,0.0,5.21,1,1,1,3,1.0,3.0,1,1,3.0,7,4.0,1.0,-1.02,-1.1,1.0,2.0,12.0,12.0,1,3,2.0,1.0,1.0,1.0,1.0,1.0,3.0,2.0,-1.0,-1.14,2.0,-1.0,-1.0,-1.0,-1.0,-1.0,-1.0
11,1,2,1,1,3,1,0,0-18,1,4,3,1,2.0,6.0,-1.0,-1.0,-1.0,-1.0,-1.0,-1.0,-1.0,329.3981013,2007,1.0,5.0,7.0,6.0,0.0,1.0,10.31,-1.0,-1.0,-1.0,2.0,-1.0,-1.0,2.0,-1.0,2.0,-1.0,-1.0,2.0,-1.0,2.0,-1.0,-1.0,-1.0,-1.0,-1.0,-1.0,2.0,1.0,2.0,1.0,1.0,-1.0,-1.0,1.0,1.0,1.0,1.0,25000.0,-1.0,-1.0,<10k,2,-1.0,-1.0,2,-1.0,-1.0,2,-1.0,-1.0,2,-1.0,-1.0,2,-1.0,-1.0,2,-1.0,-1.0,2,-1.0,-1.0,2,-1.0,-1.0,2,-1.0,-1.0,2,-1.0,-1.0,0.0,5.73,0.0,4.49,0.0,9.32,1.0,13.85,YES,YES,0.0,9.93,0.0,9.52,0.0,4.54,0.0,11.14,0.0,4.59,0.0,5.52,1.0,10.37,0.0,5.39,0.0,10.62,0.0,5.03,0.0,5.97,1,1,1,3,1.0,3.0,1,1,3.0,7,4.0,1.0,-1.21,-1.1,1.0,2.0,12.0,12.0,1,3,2.0,1.0,1.0,1.0,1.0,1.0,3.0,2.0,-1.0,-1.03,2.0,-1.0,-1.0,-1.0,-1.0,-1.0,-1.0
11,1,2,1,1,3,2,0,0-18,1,4,3,1,2.0,4.0,-1.0,-1.0,-1.0,-1.0,-1.0,-1.0,-1.0,329.3981013,2009,1.0,3.0,5.0,4.0,1.04,6.0,15.32,-1.0,-1.0,-1.0,2.0,-1.0,-1.0,2.0,-1.0,2.0,-1.0,-1.0,2.0,-1.0,2.0,-1.0,-1.0,-1.0,-1.0,-1.0,-1.0,2.0,1.0,2.0,1.0,1.0,-1.0,-1.0,1.0,1.0,1.0,1.0,35000.0,-1.0,-1.0,<10k,2,-1.0,-1.0,2,-1.0,-1.0,2,-1.0,-1.0,2,-1.0,-1.0,2,-1.0,-1.0,2,-1.0,-1.0,2,-1.0,-1.0,2,-1.0,-1.0,2,-1.0,-1.0,2,-1.0,-1.0,0.0,4.97,0.0,4.39,0.0,8.23,1.0,15.9,YES,YES,0.0,10.09,0.0,10.99,0.0,5.24,0.0,9.77,0.0,5.97,0.0,5.69,1.0,10.26,0.0,5.03,0.0,9.1,0.0,5.02,0.0,5.25,1,1,1,3,1.0,3.0,1,1,3.0,7,4.0,1.0,-1.14,-1.13,1.0,2.0,12.0,12.0,1,3,2.0,1.0,1.0,1.0,1.0,1.0,3.0,2.0,-1.0,-1.01,2.0,-1.0,-1.0,-1.0,-1.0,-1.0,-1.0
11,1,2,1,1,1,1,60,51-65,1,2,2,2,9.0,8.0,1.0,1.0,4212.0,92001.0,3.0,-1.0,-1.0,329.3981013,1964,-1.0,-1.0,-1.0,-1.0,-1.04,-1.0,-1.0,-1.0,-1.0,-1.0,2.0,-1.0,-1.0,2.0,-1.0,2.0,-1.0,-1.0,2.0,-1.0,2.0,-1.0,-1.0,-1.0,-1.0,-1.0,-1.0,1.0,1.0,2.0,1.0,1.0,-1.0,-1.0,1.0,1.0,1.0,1.0,65000.0,-1.0,-1.0,<10k,2,-1.0,-1.0,2,-1.0,-1.0,2,-1.0,-1.0,2,-1.0,-1.0,2,-1.0,-1.0,2,-1.0,-1.0,2,-1.0,-1.0,2,-1.0,-1.0,2,-1.0,-1.0,2,-1.0,-1.0,0.0,5.91,0.0,5.66,0.0,9.35,1.0,12.87,YES,YES,0.0,10.48,0.0,9.22,0.0,4.63,0.0,9.05,0.0,5.57,0.0,5.49,1.0,11.6,0.0,5.12,0.0,9.62,0.0,4.46,0.0,5.11,1,1,1,3,1.0,3.0,1,1,3.0,7,4.0,1.0,-1.1,-0.97,1.0,2.0,12.0,12.0,1,3,2.0,1.0,1.0,1.0,1.0,1.0,3.0,2.0,-1.0,-0.93,2.0,-1.0,-1.0,-1.0,-1.0,-1.0,-1.0
11,1,2,1,1,2,2,60,51-65,1,2,2,2,9.0,7.0,7.0,2.0,-1.0,-1.0,-1.0,-1.0,-1.0,329.3981013,1960,-1.0,-1.0,-1.0,-1.0,-0.88,-1.0,-0.91,-1.0,-1.0,-1.0,2.0,-1.0,-1.0,2.0,-1.0,2.0,-1.0,-1.0,2.0,-1.0,2.0,-1.0,-1.0,-1.0,-1.0,-1.0,-1.0,2.0,1.0,2.0,1.0,1.0,-1.0,-1.0,1.0,1.0,1.0,1.0,40000.0,-1.0,-1.0,<10k,2,-1.0,-1.0,2,-1.0,-1.0,2,-1.0,-1.0,2,-1.0,-1.0,2,-1.0,-1.0,2,-1.0,-1.0,2,-1.0,-1.0,2,-1.0,-1.0,2,-1.0,-1.0,2,-1.0,-1.0,0.0,5.32,0.0,5.33,0.0,8.65,1.0,14.21,YES,YES,0.0,8.84,0.0,10.57,0.0,5.3,0.0,9.57,0.0,5.76,0.0,5.09,1.0,10.46,0.0,5.36,0.0,10.07,0.0,5.75,0.0,4.43,1,1,1,3,1.0,3.0,1,1,3.0,7,4.0,1.0,-1.16,-1.02,1.0,2.0,12.0,12.0,1,3,2.0,1.0,1.0,1.0,1.0,1.0,3.0,2.0,-1.0,-1.06,2.0,-1.0,-1.0,-1.0,-1.0,-1.0,-1.0
11,1,2,1,1,5,2,10,0-18,1,2,2,1,-1.0,-1.0,-1.0,-1.0,-1.0,-1.0,-1.0,-1.0,-1.0,329.3981013,2016,1.0,5.0,7.0,6.0,0.0,1.0,9.9,-1.0,-1.0,-1.0,2.0,-1.0,-1.0,2.0,-1.0,2.0,-1.0,-1.0,2.0,-1.0,2.0,-1.0,-1.0,-1.0,-1.0,-1.0,-1.0,2.0,1.0,2.0,1.0,1.0,-1.0,-1.0,1.0,1.0,1.0,1.0,25000.0,-1.0,-1.0,<10k,2,-1.0,-1.0,2,-1.0,-1.0,2,-1.0,-1.0,2,-1.0,-1.0,2,-1.0,-1.0,2,-1.0,-1.0,2,-1.0,-1.0,2,-1.0,-1.0,2,-1.0,-1.0,2,-1.0,-1.0,0.0,5.17,0.0,5.52,0.0,11.14,1.0,17.2,YES,YES,0.0,8.21,0.0,12.11,0.0,5.79,0.0,10.86,0.0,4.86,0.0,4.82,1.0,8.55,0.0,6.15,0.0,9.98,0.0,4.68,0.0,5.07,1,1,1,3,1.0,3.0,1,1,3.0,7,4.0,1.0,-0.84,-0.97,1.0,2.0,12.0,12.0,1,3,2.0,1.0,1.0,1.0,1.0,1.0,3.0,2.0,-1.0,-0.99,2.0,-1.0,-1.0,-1.0,-1.0,-1.0,-1.0
11,1,2,1,1,5,2,10,0-18,1,2,2,1,-1.0,-1.0,-1.0,-1.0,-1.0,-1.0,-1.0,-1.0,-1.0,329.3981013,2017,1.0,3.0,5.0,4.0,0.94,6.0,14.86,-1.0,-1.0,-1.0,2.0,-1.0,-1.0,2.0,-1.0,2.0,-1.0,-1.0,2.0,-1.0,2.0,-1.0,-1.0,-1.0,-1.0,-1.0,-1.0,2.0,1.0,2.0,1.0,1.0,-1.0,-1.0,1.0,1.0,1.0,1.0,35000.0,-1.0,-1.0,<10k,2,-1.0,-1.0,2,-1.0,-1.0,2,-1.0,-1.0,2,-1.0,-1.0,2,-1.0,-1.0,2,-1.0,-1.0,2,-1.0,-1.0,2,-1.0,-1.0,2,-1.0,-1.0,2,-1.0,-1.0,0.0,5.17,0.0,3.72,0.0,9.02,1.0,15.47,YES,YES,0.0,10.64,0.0,8.61,0.0,4.61,0.0,9.25,0.0,4.59,0.0,4.62,1.0,7.81,0.0,4.84,0.0,9.68,0.0,5.63,0.0,4.54,1,1,1,3,1.0,3.0,1,1,3.0,7,4.0,1.0,-1.05,-1.11,1.0,2.0,12.0,12.0,1,3,2.0,1.0,1.0,1.0,1.0,1.0,3.0,2.0,-1.0,-0.96,2.0,-1.0,-1.0,-1.0,-1.0,-1.0,-1.0
11,1,2,1,1,1,1,40,66+,1,6,3,2,9.0,10.0,9.0,2.0,-1.0,-1.0,-1.0,-1.0,-1.0,329.3981013,1947,-1.0,-1.0,-1.0,-1.0,-0.94,-1.0,-1.1,-1.0,-1.0,-1.0,2.0,-1.0,-1.0,2.0,-1.0,2.0,-1.0,-1.0,2.0,-1.0,2.0,-1.0,-1.0,-1.0,-1.0,-1.0,-1.0,1.0,1.0,2.0,1.0,1.0,-1.0,-1.0,1.0,1.0,1.0,1.0,65000.0,-1.0,-1.0,<10k,2,-1.0,-1.0,2,-1.0,-1.0,2,-1.0,-1.0,2,-1.0,-1.0,2,-1.0,-1.0,2,-1.0,-1.0,2,-1.0,-1.0,2,-1.0,-1.0,2,-1.0,-1.0,2,-1.0,-1.0,0.0,4.98,0.0,5.25,0.0,10.17,1.0,15.08,YES,YES,0.0,8.0,0.0,11.02,0.0,4.95,0.0,10.84,0.0,5.8,0.0,4.68,1.0,10.34,0.0,4.86,0.0,10.89,0.0,5.34,0.0,5.08,1,1,1,3,1.0,3.0,1,1,3.0,7,4.0,1.0,-0.98,-1.07,1.0,2.0,12.0,12.0,1,3,2.0,1.0,1.0,1.0,1.0,1.0,3.0,2.0,-1.0,-1.14,2.0,-1.0,-1.0,-1.0,-1.0,-1.0,-1.0
11,1,2,1,1,3,2,70,36-50,1,6,3,7,9.0,10.0,7.0,2.0,-1.0,-1.0,-1.0,-1.0,-1.0,329.3981013,1977,-1.0,-1.0,-1.0,-1.0,-0.98,-1.0,-0.87,-1.0,-1.0,-1.0,2.0,-1.0,-1.0,2.0,-1.0,2.0,-1.0,-1.0,2.0,-1.0,2.0,-1.0,-1.0,-1.0,-1.0,-1.0,-1.0,2.0,1.0,2.0,1.0,1.0,-1.0,-1.0,1.0,1.0,1.0,1.0,40000.0,-1.0,-1.0,<10k,2,-1.0,-1.0,2,-1.0,-1.0,2,-1.0,-1.0,2,-1.0,-1.0,2,-1.0,-1.0,2,-1.0,-1.0,2,-1.0,-1.0,2,-1.0,-1.0,2,-1.0,-1.0,2,-1.0,-1.0,0.0,4.44,0.0,5.75,0.0,9.21,1.0,15.39,YES,YES,0.0,9.85,0.0,9.88,0.0,5.44,0.0,11.22,0.0,5.2,0.0,4.92,1.0,10.05,0.0,4.69,0.0,9.36,0.0,4.22,0.0,5.31,1,1,1,3,1.0,3.0,1,1,3.0,7,4.0,1.0,-1.06,-1.04,1.0,2.0,12.0,12.0,1,3,2.0,1.0,1.0,1.0,1.0,1.0,3.0,2.0,-1.0,-1.01,2.0,-1.0,-1.0,-1.0,-1.0,-1.0,-1.0
11,1,2,1,1,5,2,90,19-35,1,6,3,1,9.0,10.0,7.0,2.0,-1.0,-1.0,-1.0,-1.0,-1.0,329.3981013,1999,1.0,5.0,7.0,6.0,0.0,1.0,9.29,-1.0,-1.0,-1.0,2.0,-1.0,-1.0,2.0,-1.0,2.0,-1.0,-1.0,2.0,-1.0,2.0,-1.0,-1.0,-1.0,-1.0,-1.0,-1.0,2.0,1.0,2.0,1.0,1.0,-1.0,-1.0,1.0,1.0,1.0,1.0,25000.0,-1.0,-1.0,<10k,2,-1.0,-1.0,2,-1.0,-1.0,2,-1.0,-1.0,2,-1.0,-1.0,2,-1.0,-1.0,2,-1.0,-1.0,2,-1.0,-1.0,2,-1.0,-1.0,2,-1.0,-1.0,2,-1.0,-1.0,0.0,5.73,0.0,5.58,0.0,11.24,1.0,15.28,YES,YES,0.0,9.72,0.0,10.12,0.0,5.25,0.0,9.91,0.0,5.01,0.0,4.38,1.0,10.47,0.0,6.35,0.0,9.97,0.0,5.58,0.0,4.38,1,1,1,3,1.0,3.0,1,1,3.0,7,4.0,1.0,-1.01,-1.0,1.0,2.0,12.0,12.0,1,3,2.0,1.0,1.0,1.0,1.0,1.0,3.0,2.0,-1.0,-1.03,2.0,-1.0,-1.0,-1.0,-1.0,-1.0,-1.0
11,1,2,1,1,5,2,0,0-18,1,6,3,1,2.0,10.0,8.0,2.0,-1.0,-1.0,-1.0,-1.0,-1.0,329.3981013,2003,1.0,3.0,5.0,4.0,1.03,6.0,13.45,-1.0,-1.0,-1.0,2.0,-1.0,-1.0,2.0,-1.0,2.0,-1.0,-1.0,2.0,-1.0,2.0,-1.0,-1.0,-1.0,-1.0,-1.0,-1.0,2.0,1.0,2.0,1.0,1.0,-1.0,-1.0,1.0,1.0,1.0,1.0,35000.0,-1.0,-1.0,<10k,2,-1.0,-1.0,2,-1.0,-1.0,2,-1.0,-1.0,2,-1.0,-1.0,2,-1.0,-1.0,2,-1.0,-1.0,2,-1.0,-1.0,2,-1.0,-1.0,2,-1.0,-1.0,2,-1.0,-1.0,0.0,5.09,0.0,4.69,0.0,8.99,1.0,15.65,YES,YES,0.0,10.84,0.0,10.63,0.0,5.45,0.0,9.78,0.0,4.08,0.0,5.28,1.0,9.2,0.0,4.77,0.0,8.84,0.0,5.42,0.0,5.43,1,1,1,3,1.0,3.0,1,1,3.0,7,4.0,1.0,-1.12,-0.95,1.0,2.0,12.0,12.0,1,3,2.0,1.0,1.0,1.0,1.0,1.0,3.0,2.0,-1.0,-1.14,2.0,-1.0,-1.0,-1.0,-1.0,-1.0,-1.0
11,1,2,1,2,2,2,70,36-50,1,6,3,2,9.0,11.0,-1.0,-1.0,-1.0,-1.0,-1.0,2.0,1.0,329.3981013,1974,1.0,5.0,4.0,3.0,1.03,1.0,9.4,-1.0,-1.0,-1.0,2.0,-1.0,-1.0,2.0,-1.0,2.0,-1.0,-1.0,2.0,-1.0,2.0,-1.0,-1.0,-1.0,-1.0,-1.0,-1.0,2.0,1.0,2.0,1.0,1.0,-1.0,-1.0,1.0,1.0,1.0,1.0,25000.0,-1.0,-1.0,<10k,2,-1.0,-1.0,2,-1.0,-1.0,2,-1.0,-1.0,2,-1.0,-1.0,2,-1.0,-1.0,2,-1.0,-1.0,2,-1.0,-1.0,2,-1.0,-1.0,2,-1.0,-1.0,2,-1.0,-1.0,0.0,4.29,0.0,4.44,0.0,9.75,1.0,16.09,YES,YES,0.0,9.85,0.0,9.22,0.0,4.93,0.0,11.17,0.0,5.44,0.0,5.29,1.0,8.98,0.0,4.45,0.0,11.21,0.0,5.71,0.0,5.57,1,1,1,3,1.0,3.0,1,1,3.0,7,4.0,1.0,-1.2,-0.82,1.0,2.0,12.0,12.0,1,3,2.0,1.0,1.0,1.0,1.0,1.0,3.0,2.0,-1.0,-1.02,2.0,-1.0,-1.0,-1.0,-1.0,-1.0,-1.0
11,1,2,1,1,1,1,80,36-50,1,4,3,2,9.0,12.0,1.0,1.0,1411.0,55106.0,3.0,-1.0,-1.0,329.3981013,1982,-1.0,-1.0,-1.0,-1.0,-1.03,-1.0,-0.93,-1.0,-1.0,-1.0,2.0,-1.0,-1.0,2.0,-1.0,2.0,-1.0,-1.0,2.0,-1.0,2.0,-1.0,-1.0,-1.0,-1.0,-1.0,-1.0,1.0,1.0,2.0,1.0,1.0,-1.0,-1.0,1.0,1.0,1.0,1.0,65000.0,-1.0,-1.0,<10k,2,-1.0,-1.0,2,-1.0,-1.0,2,-1.0,-1.0,2,-1.0,-1.0,2,-1.0,-1.0,2,-1.0,-1.0,2,-1.0,-1.0,2,-1.0,-1.0,2,-1.0,-1.0,2,-1.0,-1.0,0.0,5.01,0.0,4.72,0.0,11.36,1.0,14.94,YES,YES,0.0,9.43,0.0,10.0,0.0,4.59,0.0,10.4,0.0,5.55,0.0,5.11,1.0,10.89,0.0,5.13,0.0,11.1,0.0,4.72,0.0,4.67,1,1,1,3,1.0,3.0,1,1,3.0,7,4.0,1.0,-0.88,-1.05,1.0,2.0,12.0,12.0,1,3,2.0,1.0,1.0,1.0,1.0,1.0,3.0,2.0,-1.0,-1.12,2.0,-1.0,-1.0,-1.0,-1.0,-1.0,-1.0
11,1,2,1,1,2,2,80,19-35,1,4,3,2,9.0,11.0,7.0,2.0,-1.0,-1.0,-1.0,-1.0,-1.0,329.3981013,1983,-1.0,-1.0,-1.0,-1.0,-1.04,-1.0,-1.01,-1.0,-1.0,-1.0,2.0,-1.0,-1.0,2.0,-1.0,2.0,-1.0,-1.0,2.0,-1.0,2.0,-1.0,-1.0,-1.0,-1.0,-1.0,-1.0,2.0,1.0,2.0,1.0,1.0,-1.0,-1.0,1.0,1.0,1.0,1.0,40000.0,-1.0,-1.0,<10k,2,-1.0,-1.0,2,-1.0,-1.0,2,-1.0,-1.0,2,-1.0,-1.0,2,-1.0,-1.0,2,-1.0,-1.0,2,-1.0,-1.0,2,-1.0,-1.0,2,-1.0,-1.0,2,-1.0,-1.0,0.0,5.2,0.0,4.57,0.0,9.58,1.0,12.01,YES,YES,0.0,8.48,0.0,10.41,0.0,4.26,0.0,10.14,0.0,5.17,0.0,5.21,1.0,10.1,0.0,4.82,0.0,8.78,0.0,4.57,0.0,5.01,1,1,1,3,1.0,3.0,1,1,3.0,7,4.0,1.0,-1.01,-1.07,1.0,2.0,12.0,12.0,1,3,2.0,1.0,1.0,1.0,1.0,1.0,3.0,2.0,-1.0,-0.99,2.0,-1.0,-1.0,-1.0,-1.0,-1.0,-1.0
11,1,2,1,1,3,1,0,0-18,1,4,3,1,2.0,5.0,-1.0,-1.0,-1.0,-1.0,-1.0,-1.0,-1.0,329.3981013,2008,1.0,5.0,7.0,6.0,0.0,1.0,10.28,-1.0,-1.0,-1.0,2.0,-1.0,-1.0,2.0,-1.0,2.0,-1.0,-1.0,2.0,-1.0,2.0,-1.0,-1.0,-1.0,-1.0,-1.0,-1.0,2.0,1.0,2.0,1.0,1.0,-1.0,-1.0,1.0,1.0,1.0,1.0,25000.0,-1.0,-1.0,<10k,2,-1.0,-1.0,2,-1.0,-1.0,2,-1.0,-1.0,2,-1.0,-1.0,2,-1.0,-1.0,2,-1.0,-1.0,2,-1.0,-1.0,2,-1.0,-1.0,2,-1.0,-1.0,2,-1.0,-1.0,0.0,5.67,0.0,5.06,0.0,10.5,1.0,15.43,YES,YES,0.0,9.0,0.0,9.87,0.0,6.32,0.0,9.31,0.0,5.16,0.0,4.97,1.0,9.54,0.0,4.81,0.0,10.53,0.0,5.4,0.0,5.43,1,1,1,3,1.0,3.0,1,1,3.0,7,4.0,1.0,-1.05,-1.17,1.0,2.0,12.0,12.0,1,3,2.0,1.0,1.0,1.0,1.0,1.0,3.0,2.0,-1.0,-1.04,2.0,-1.0,-1.0,-1.0,-1.0,-1.0,-1.0
11,1,2,1,1,3,2,10,0-18,1,4,3,1,2.0,1.0,-1.0,-1.0,-1.0,-1.0,-1.0,-1.0,-1.0,329.3981013,2011,1.0,3.0,5.0,4.0,1.01,6.0,17.09,-1.0,-1.0,-1.0,2.0,-1.0,-1.0,2.0,-1.0,2.0,-1.0,-1.0,2.0,-1.0,2.0,-1.0,-1.0,-1.0,-1.0,-1.0,-1.0,2.0,1.0,2.0,1.0,1.0,-1.0,-1.0,1.0,1.0,1.0,1.0,35000.0,-1.0,-1.0,<10k,2,-1.0,-1.0,2,-1.0,-1.0,2,-1.0,-1.0,2,-1.0,-1.0,2,-1.0,-1.0,2,-1.0,-1.0,2,-1.0,-1.0,2,-1.0,-1.0,2,-1.0,-1.0,2,-1.0,-1.0,0.0,5.71,0.0,5.04,0.0,10.74,1.0,16.47,YES,YES,0.0,10.47,0.0,9.17,0.0,3.81,0.0,10.08,0.0,4.55,0.0,5.35,1.0,10.27,0.0,5.16,0.0,8.98,0.0,5.34,0.0,4.15,1,1,1,3,1.0,3.0,1,1,3.0,7,4.0,1.0,-1.07,-1.08,1.0,2.0,12.0,12.0,1,3,2.0,1.0,1.0,1.0,1.0,1.0,3.0,2.0,-1.0,-1.11,2.0,-1.0,-1.0,-1.0,-1.0,-1.0,-1.0
11,1,2,1,1,5,1,90,19-35,1,4,3,1,9.0,12.0,1.0,1.0,7532.0,14101.0,3.0,-1.0,-1.0,329.3981013,1998,1.0,5.0,4.0,3.0,0.87,1.0,10.6,-1.0,-1.0,-1.0,2.0,-1.0,-1.0,2.0,-1.0,2.0,-1.0,-1.0,2.0,-1.0,2.0,-1.0,-1.0,-1.0,-1.0,-1.0,-1.0,2.0,1.0,2.0,1.0,1.0,-1.0,-1.0,1.0,1.0,1.0,1.0,25000.0,-1.0,-1.0,<10k,2,-1.0,-1.0,2,-1.0,-1.0,2,-1.0,-1.0,2,-1.0,-1.0,2,-1.0,-1.0,2,-1.0,-1.0,2,-1.0,-1.0,2,-1.0,-1.0,2,-1.0,-1.0,2,-1.0,-1.0,0.0,5.21,0.0,4.8,0.0,9.58,1.0,16.52,YES,YES,0.0,9.47,0.0,9.64,0.0,5.05,0.0,8.55,0.0,4.93,0.0,5.24,1.0,10.79,0.0,5.38,0.0,7.91,0.0,5.68,0.0,5.01,1,1,1,3,1.0,3.0,1,1,3.0,7,4.0,1.0,-1.07,-1.12,1.0,2.0,12.0,12.0,1,3,2.0,1.0,1.0,1.0,1.0,1.0,3.0,2.0,-1.0,-1.05,2.0,-1.0,-1.0,-1.0,-1.0,-1.0,-1.0
11,1,2,1,1,1,1,90,19-35,1,1,1,2,9.0,13.0,7.0,2.0,-1.0,-1.0,-1.0,-1.0,-1.0,329.3981013,1995,-1.0,-1.0,-1.0,-1.0,-0.88,-1.0,-0.91,-1.0,-1.0,-1.0,2.0,-1.0,-1.0,2.0,-1.0,2.0,-1.0,-1.0,2.0,-1.0,2.0,-1.0,-1.0,-1.0,-1.0,-1.0,-1.0,1.0,1.0,2.0,1.0,1.0,-1.0,-1.0,1.0,1.0,1.0,1.0,65000.0,-1.0,-1.0,<10k,2,-1.0,-1.0,2,-1.0,-1.0,2,-1.0,-1.0,2,-1.0,-1.0,2,-1.0,-1.0,2,-1.0,-1.0,2,-1.0,-1.0,2,-1.0,-1.0,2,-1.0,-1.0,2,-1.0,-1.0,0.0,4.4,0.0,4.86,0.0,8.25,1.0,16.67,YES,YES,0.0,10.22,0.0,9.97,0.0,3.78,0.0,8.79,0.0,5.14,0.0,4.72,1.0,9.45,0.0,4.7,0.0,9.51,0.0,4.82,0.0,4.69,1,1,1,3,1.0,3.0,1,1,3.0,7,4.0,1.0,-1.07,-0.97,1.0,2.0,12.0,12.0,1,3,2.0,1.0,1.0,1.0,1.0,1.0,3.0,2.0,-1.0,-1.16,2.0,-1.0,-1.0,-1.0,-1.0,-1.0,-1.0
11,1,2,1,1,2,2,70,36-50,1,1,1,2,9.0,13.0,1.0,1.0,5131.0,55101.0,3.0,-1.0,-1.0,329.3981013,1977,-1.0,-1.0,-1.0,-1.0,-0.91,-1.0,-0.88,-1.0,-1.0,-1.0,2.0,-1.0,-1.0,2.0,-1.0,2.0,-1.0,-1.0,2.0,-1.0,2.0,-1.0,-1.0,-1.0,-1.0,-1.0,-1.0,2.0,1.0,2.0,1.0,1.0,-1.0,-1.0,1.0,1.0,1.0,1.0,40000.0,-1.0,-1.0,<10k,2,-1.0,-1.0,2,-1.0,-1.0,2,-1.0,-1.0,2,-1.0,-1.0,2,-1.0,-1.0,2,-1.0,-1.0,2,-1.0,-1.0,2,-1.0,-1.0,2,-1.0,-1.0,2,-1.0,-1.0,0.0,5.55,0.0,4.9,0.0,9.84,1.0,12.88,YES,YES,0.0,10.42,0.0,11.56,0.0,5.75,0.0,10.36,0.0,4.66,0.0,4.52,1.0,8.73,0.0,5.01,0.0,10.87,0.0,5.34,0.0,4.72,1,1,1,3,1.0,3.0,1,1,3.0,7,4.0,1.0,-1.07,-1.18,1.0,2.0,12.0,12.0,1,3,2.0,1.0,1.0,1.0,1.0,1.0,3.0,2.0,-1.0,-0.99,2.0,-1.0,-1.0,-1.0,-1.0,-1.0,-1.0
11,1,2,1,1,3,2,10,0-18,1,1,1,1,1.0,-1.0,-1.0,-1.0,-1.0,-1.0,-1.0,-1.0,-1.0,329.3981013,2015,1.0,5.0,7.0,6.0,0.0,1.0,9.25,-1.0,-1.0,-1.0,2.0,-1.0,-1.0,2.0,-1.0,2.0,-1.0,-1.0,2.0,-1.0,2.0,-1.0,-1.0,-1.0,-1.0,-1.0,-1.0,2.0,1.0,2.0,1.0,1.0,-1.0,-1.0,1.0,1.0,1.0,1.0,25000.0,-1.0,-1.0,<10k,2,-1.0,-1.0,2,-1.0,-1.0,2,-1.0,-1.0,2,-1.0,-1.0,2,-1.0,-1.0,2,-1.0,-1.0,2,-1.0,-1.0,2,-1.0,-1.0,2,-1.0,-1.0,2,-1.0,-1.0,0.0,4.48,0.0,4.99,0.0,11.38,1.0,16.31,YES,YES,0.0,9.05,0.0,9.62,0.0,4.38,0.0,10.64,0.0,5.18,0.0,5.24,1.0,11.43,0.0,4.41,0.0,9.51,0.0,5.57,0.0,5.63,1,1,1,3,1.0,3.0,1,1,3.0,7,4.0,1.0,-1.09,-0.97,1.0,2.0,12.0,12.0,1,3,2.0,1.0,1.0,1.0,1.0,1.0,3.0,2.0,-1.0,-1.0,2.0,-1.0,-1.0,-1.0,-1.0,-1.0,-1.0
11,1,2,1,1,1,1,50,51-65,1,2,2,2,9.0,11.0,4.0,2.0,-1.0,-1.0,-1.0,-1.0,-1.0,329.3981013,1957,-1.0,-1.0,-1.0,-1.0,-0.98,-1.0,-1.1,-1.0,-1.0,-1.0,2.0,-1.0,-1.0,2.0,-1.0,2.0,-1.0,-1.0,2.0,-1.0,2.0,-1.0,-1.0,-1.0,-1.0,-1.0,-1.0,1.0,1.0,2.0,1.0,1.0,-1.0,-1.0,1.0,1.0,1.0,1.0,65000.0,-1.0,-1.0,<10k,2,-1.0,-1.0,2,-1.0,-1.0,2,-1.0,-1.0,2,-1.0,-1.0,2,-1.0,-1.0,2,-1.0,-1.0,2,-1.0,-1.0,2,-1.0,-1.0,2,-1.0,-1.0,2,-1.0,-1.0,0.0,4.94,0.0,4.72,0.0,10.23,1.0,14.46,YES,YES,0.0,10.88,0.0,11.26,0.0,5.11,0.0,9.98,0.0,4.48,0.0,3.81,1.0,10.08,0.0,5.34,0.0,8.1,0.0,4.26,0.0,5.48,1,1,1,3,1.0,3.0,1,1,3.0,7,4.0,1.0,-0.76,-0.91,1.0,2.0,12.0,12.0,1,3,2.0,1.0,1.0,1.0,1.0,1.0,3.0,2.0,-1.0,-0.95,2.0,-1.0,-1.0,-1.0,-1.0,-1.0,-1.0
11,1,2,1,1,2,2,60,51-65,1,2,2,2,9.0,19.0,1.0,1.0,9111.0,97004.0,3.0,-1.0,-1.0,329.3981013,1960,-1.0,-1.0,-1.0,-1.0,-1.1,-1.0,-1.0,-1.0,-1.0,-1.0,2.0,-1.0,-1.0,2.0,-1.0,2.0,-1.0,-1.0,2.0,-1.0,2.0,-1.0,-1.0,-1.0,-1.0,-1.0,-1.0,2.0,1.0,2.0,1.0,1.0,-1.0,-1.0,1.0,1.0,1.0,1.0,40000.0,-1.0,-1.0,<10k,2,-1.0,-1.0,2,-1.0,-1.0,2,-1.0,-1.0,2,-1.0,-1.0,2,-1.0,-1.0,2,-1.0,-1.0,2,-1.0,-1.0,2,-1.0,-1.0,2,-1.0,-1.0,2,-1.0,-1.0,0.0,5.26,0.0,4.66,0.0,8.96,1.0,14.83,YES,YES,0.0,8.81,0.0,13.28,0.0,4.01,0.0,11.62,0.0,5.95,0.0,4.7,1.0,10.12,0.0,5.79,0.0,8.51,0.0,4.94,0.0,4.82,1,1,1,3,1.0,3.0,1,1,3.0,7,4.0,1.0,-1.11,-1.14,1.0,2.0,12.0,12.0,1,3,2.0,1.0,1.0,1.0,1.0,1.0,3.0,2.0,-1.0,-0.9,2.0,-1.0,-1.0,-1.0,-1.0,-1.0,-1.0
11,1,2,1,1,3,2,90,19-35,1,2,2,1,4.0,11.0,8.0,2.0,-1.0,-1.0,-1.0,-1.0,-1.0,329.3981013,1999,1.0,5.0,7.0,6.0,0.0,1.0,11.21,-1.0,-1.0,-1.0,2.0,-1.0,-1.0,2.0,-1.0,2.0,-1.0,-1.0,2.0,-1.0,2.0,-1.0,-1.0,-1.0,-1.0,-1.0,-1.0,2.0,1.0,2.0,1.0,1.0,-1.0,-1.0,1.0,1.0,1.0,1.0,25000.0,-1.0,-1.0,<10k,2,-1.0,-1.0,2,-1.0,-1.0,2,-1.0,-1.0,2,-1.0,-1.0,2,-1.0,-1.0,2,-1.0,-1.0,2,-1.0,-1.0,2,-1.0,-1.0,2,-1.0,-1.0,2,-1.0,-1.0,0.0,4.66,0.0,5.43,0.0,11.16,1.0,16.39,YES,YES,0.0,9.66,0.0,8.26,0.0,4.09,0.0,9.16,0.0,4.5,0.0,4.77,1.0,10.16,0.0,4.8,0.0,10.42,0.0,4.99,0.0,5.26,1,1,1,3,1.0,3.0,1,1,3.0,7,4.0,1.0,-1.14,-0.98,1.0,2.0,12.0,12.0,1,3,2.0,1.0,1.0,1.0,1.0,1.0,3.0,2.0,-1.0,-0.88,2.0,-1.0,-1.0,-1.0,-1.0,-1.0,-1.0
11,1,2,1,1,1,1,50,66+,1,4,3,2,9.0,13.0,1.0,1.0,5211.0,47529.0,3.0,-1.0,-1.0,329.3981013,1951,-1.0,-1.0,-1.0,-1.0,-0.96,-1.0,-1.05,-1.0,-1.0,-1.0,2.0,-1.0,-1.0,2.0,-1.0,2.0,-1.0,-1.0,2.0,-1.0,2.0,-1.0,-1.0,-1.0,-1.0,-1.0,-1.0,1.0,1.0,2.0,1.0,1.0,-1.0,-1.0,1.0,1.0,1.0,1.0,65000.0,-1.0,-1.0,<10k,2,-1.0,-1.0,2,-1.0,-1.0,2,-1.0,-1.0,2,-1.0,-1.0,2,-1.0,-1.0,2,-1.0,-1.0,2,-1.0,-1.0,2,-1.0,-1.0,2,-1.0,-1.0,2,-1.0,-1.0,0.0,4.73,0.0,4.65,0.0,8.46,1.0,15.84,YES,YES,0.0,10.1,0.0,11.17,0.0,5.52,0.0,8.94,0.0,4.72,0.0,6.4,1.0,10.94,0.0,5.74,0.0,11.07,0.0,4.34,0.0,4.85,1,1,1,3,1.0,3.0,1,1,3.0,7,4.0,1.0,-0.86,-1.05,1.0,2.0,12.0,12.0,1,3,2.0,1.0,1.0,1.0,1.0,1.0,3.0,2.0,-1.0,-1.25,2.0,-1.0,-1.0,-1.0,-1.0,-1.0,-1.0
11,1,2,1,1,2,2,60,51-65,1,4,3,2,9.0,8.0,7.0,2.0,-1.0,-1.0,-1.0,-1.0,-1.0,329.3981013,1960,-1.0,-1.0,-1.0,-1.0,-1.03,-1.0,-0.9,-1.0,-1.0,-1.0,2.0,-1.0,-1.0,2.0,-1.0,2.0,-1.0,-1.0,2.0,-1.0,2.0,-1.0,-1.0,-1.0,-1.0,-1.0,-1.0,2.0,1.0,2.0,1.0,1.0,-1.0,-1.0,1.0,1.0,1.0,1.0,40000.0,-1.0,-1.0,<10k,2,-1.0,-1.0,2,-1.0,-1.0,2,-1.0,-1.0,2,-1.0,-1.0,2,-1.0,-1.0,2,-1.0,-1.0,2,-1.0,-1.0,2,-1.0,-1.0,2,-1.0,-1.0,2,-1.0,-1.0,0.0,5.14,0.0,5.14,0.0,9.33,1.0,13.6,YES,YES,0.0,8.67,0.0,9.02,0.0,6.12,0.0,9.86,0.0,5.28,0.0,5.79,1.0,9.74,0.0,5.06,0.0,10.73,0.0,4.8,0.0,5.6,1,1,1,3,1.0,3.0,1,1,3.0,7,4.0,1.0,-1.0,-1.13,1.0,2.0,12.0,12.0,1,3,2.0,1.0,1.0,1.0,1.0,1.0,3.0,2.0,-1.0,-0.95,2.0,-1.0,-1.0,-1.0,-1.0,-1.0,-1.0
11,1,2,1,1,3,2,80,19-35,1,4,3,2,9.0,13.0,1.0,1.0,5211.0,47595.0,3.0,-1.0,-1.0,329.3981013,1986,1.0,5.0,7.0,6.0,0.0,1.0,8.92,-1.0,-1.0,-1.0,2.0,-1.0,-1.0,2.0,-1.0,2.0,-1.0,-1.0,2.0,-1.0,2.0,-1.0,-1.0,-1.0,-1.0,-1.0,-1.0,2.0,1.0,2.0,1.0,1.0,-1.0,-1.0,1.0,1.0,1.0,1.0,25000.0,-1.0,-1.0,<10k,2,-1.0,-1.0,2,-1.0,-1.0,2,-1.0,-1.0,2,-1.0,-1.0,2,-1.0,-1.0,2,-1.0,-1.0,2,-1.0,-1.0,2,-1.0,-1.0,2,-1.0,-1.0,2,-1.0,-1.0,0.0,4.2,0.0,5.49,0.0,9.47,1.0,13.66,YES,YES,0.0,9.86,0.0,9.94,0.0,4.99,0.0,10.88,0.0,4.79,0.0,5.22,1.0,9.42,0.0,5.06,0.0,10.44,0.0,5.6,0.0,4.58,1,1,1,3,1.0,3.0,1,1,3.0,7,4.0,1.0,-1.0,-1.09,1.0,2.0,12.0,12.0,1,3,2.0,1.0,1.0,1.0,1.0,1.0,3.0,2.0,-1.0,-1.08,2.0,-1.0,-1.0,-1.0,-1.0,-1.0,-1.0
11,1,2,1,1,5,1,80,36-50,1,4,3,2,9.0,11.0,1.0,1.0,3123.0,81301.0,3.0,-1.0,-1.0,329.3981013,1981,1.0,3.0,5.0,4.0,0.92,6.0,13.03,-1.0,-1.0,-1.0,2.0,-1.0,-1.0,2.0,-1.0,2.0,-1.0,-1.0,2.0,-1.0,2.0,-1.0,-1.0,-1.0,-1.0,-1.0,-1.0,2.0,1.0,2.0,1.0,1.0,-1.0,-1.0,1.0,1.0,1.0,1.0,35000.0,-1.0,-1.0,<10k,2,-1.0,-1.0,2,-1.0,-1.0,2,-1.0,-1.0,2,-1.0,-1.0,2,-1.0,-1.0,2,-1.0,-1.0,2,-1.0,-1.0,2,-1.0,-1.0,2,-1.0,-1.0,2,-1.0,-1.0,0.0,5.5,0.0,4.58,0.0,10.07,1.0,15.45,YES,YES,0.0,10.82,0.0,11.64,0.0,4.88,0.0,10.38,0.0,5.76,0.0,5.12,1.0,10.57,0.0,5.08,0.0,11.84,0.0,4.88,0.0,5.28,1,1,1,3,1.0,3.0,1,1,3.0,7,4.0,1.0,-0.91,-0.96,1.0,2.0,12.0,12.0,1,3,2.0,1.0,1.0,1.0,1.0,1.0,3.0,2.0,-1.0,-0.95,2.0,-1.0,-1.0,-1.0,-1.0,-1.0,-1.0
11,1,2,1,1,9,1,0,0-18,1,4,3,1,2.0,3.0,-1.0,-1.0,-1.0,-1.0,-1.0,-1.0,-1.0,329.3981013,2009,1.0,5.0,4.0,3.0,0.97,1.0,11.29,-1.0,-1.0,-1.0,2.0,-1.0,-1.0,2.0,-1.0,2.0,-1.0,-1.0,2.0,-1.0,2.0,-1.0,-1.0,-1.0,-1.0,-1.0,-1.0,2.0,1.0,2.0,1.0,1.0,-1.0,-1.0,1.0,1.0,1.0,1.0,25000.0,-1.0,-1.0,<10k,2,-1.0,-1.0,2,-1.0,-1.0,2,-1.0,-1.0,2,-1.0,-1.0,2,-1.0,-1.0,2,-1.0,-1.0,2,-1.0,-1.0,2,-1.0,-1.0,2,-1.0,-1.0,2,-1.0,-1.0,0.0,5.31,0.0,4.36,0.0,11.07,1.0,16.31,YES,YES,0.0,9.39,0.0,11.18,0.0,5.49,0.0,10.02,0.0,4.1,0.0,5.56,1.0,8.57,0.0,4.53,0.0,9.63,0.0,4.75,0.0,4.71,1,1,1,3,1.0,3.0,1,1,3.0,7,4.0,1.0,-1.1,-1.07,1.0,2.0,12.0,12.0,1,3,2.0,1.0,1.0,1.0,1.0,1.0,3.0,2.0,-1.0,-0.99,2.0,-1.0,-1.0,-1.0,-1.0,-1.0,-1.0
11,1,2,1,1,9,1,10,0-18,1,4,3,1,-1.0,-1.0,-1.0,-1.0,-1.0,-1.0,-1.0,-1.0,-1.0,329.3981013,2016,-1.0,-1.0,-1.0,-1.0,-0.96,-1.0,-0.97,-1.0,-1.0,-1.0,2.0,-1.0,-1.0,2.0,-1.0,2.0,-1.0,-1.0,2.0,-1.0,2.0,-1.0,-1.0,-1.0,-1.0,-1.0,-1.0,2.0,1.0,2.0,1.0,1.0,-1.0,-1.0,1.0,1.0,1.0,-1.0,-1.0,-1.0,-1.0,<10k,2,-1.0,-1.0,2,-1.0,-1.0,2,-1.0,-1.0,2,-1.0,-1.0,2,-1.0,-1.0,2,-1.0,-1.0,2,-1.0,-1.0,2,-1.0,-1.0,2,-1.0,-1.0,2,-1.0,-1.0,0.0,4.83,0.0,5.04,0.0,10.28,1.0,13.85,YES,YES,0.0,9.28,0.0,9.25,0.0,6.16,0.0,10.36,0.0,4.75,0.0,4.68,1.0,10.9,0.0,5.13,0.0,10.28,0.0,5.22,0.0,4.76,1,1,1,3,1.0,3.0,1,1,3.0,7,4.0,1.0,-1.09,-1.04,1.0,2.0,12.0,12.0,1,3,2.0,1.0,1.0,1.0,1.0,1.0,3.0,2.0,-1.0,-0.99,2.0,-1.0,-1.0,-1.0,-1.0,-1.0,-1.0
11,1,2,1,1,3,2,80,19-35,1,4,3,2,9.0,13.0,7.0,2.0,-1.0,-1.0,-1.0,-1.0,-1.0,329.3981013,1989,-1.0,-1.0,-1.0,-1.0,-1.05,-1.0,-1.04,-1.0,-1.0,-1.0,2.0,-1.0,-1.0,2.0,-1.0,2.0,-1.0,-1.0,2.0,-1.0,2.0,-1.0,-1.0,-1.0,-1.0,-1.0,-1.0,2.0,1.0,2.0,1.0,1.0,-1.0,-1.0,1.0,1.0,1.0,-1.0,-1.0,-1.0,-1.0,<10k,2,-1.0,-1.0,2,-1.0,-1.0,2,-1.0,-1.0,2,-1.0,-1.0,2,-1.0,-1.0,2,-1.0,-1.0,2,-1.0,-1.0,2,-1.0,-1.0,2,-1.0,-1.0,2,-1.0,-1.0,0.0,5.46,0.0,5.19,0.0,8.69,1.0,17.06,YES,YES,0.0,10.07,0.0,11.53,0.0,4.9,0.0,10.69,0.0,5.04,0.0,5.22,1.0,8.12,0.0,4.95,0.0,11.68,0.0,5.68,0.0,5.1,1,1,1,3,1.0,3.0,1,1,3.0,7,4.0,1.0,-0.91,-1.14,1.0,2.0,12.0,12.0,1,3,2.0,1.0,1.0,1.0,1.0,1.0,3.0,2.0,-1.0,-1.06,2.0,-1.0,-1.0,-1.0,-1.0,-1.0,-1.0
11,1,2,1,1,9,1,10,0-18,1,4,3,1,2.0,2.0,-1.0,-1.0,-1.0,-1.0,-1.0,-1.0,-1.0,329.3981013,2011,1.0,5.0,3.0,2.0,1.03,1.0,11.9,-1.0,-1.0,-1.0,2.0,-1.0,-1.0,2.0,-1.0,2.0,-1.0,-1.0,2.0,-1.0,2.0,-1.0,-1.0,-1.0,-1.0,-1.0,-1.0,2.0,1.0,2.0,1.0,1.0,-1.0,-1.0,1.0,1.0,1.0,-1.0,-1.0,-1.0,-1.0,<10k,2,-1.0,-1.0,2,-1.0,-1.0,2,-1.0,-1.0,2,-1.0,-1.0,2,-1.0,-1.0,2,-1.0,-1.0,2,-1.0,-1.0,2,-1.0,-1.0,2,-1.0,-1.0,2,-1.0,-1.0,0.0,5.46,0.0,5.77,0.0,10.18,1.0,15.4,YES,YES,0.0,10.28,0.0,10.71,0.0,5.63,0.0,9.93,0.0,5.12,0.0,4.64,1.0,9.45,0.0,5.33,0.0,11.43,0.0,4.51,0.0,5.47,1,1,1,3,1.0,3.0,1,1,3.0,7,4.0,1.0,-1.08,-0.99,1.0,2.0,12.0,12.0,1,3,2.0,1.0,1.0,1.0,1.0,1.0,3.0,2.0,-1.0,-0.87,2.0,-1.0,-1.0,-1.0,-1.0,-1.0,-1.0
11,1,2,1,1,9,2,10,0-18,1,4,3,1,-1.0,-1.0,-1.0,-1.0,-1.0,-1.0,-1.0,-1.0,-1.0,329.3981013,2016,-1.0,-1.0,-1.0,-1.0,-0.9,-1.0,-0.91,-1.0,-1.0,-1.0,2.0,-1.0,-1.0,2.0,-1.0,2.0,-1.0,-1.0,2.0,-1.0,2.0,-1.0,-1.0,-1.0,-1.0,-1.0,-1.0,2.0,1.0,2.0,1.0,1.0,-1.0,-1.0,1.0,1.0,1.0,-1.0,-1.0,-1.0,-1.0,<10k,2,-1.0,-1.0,2,-1.0,-1.0,2,-1.0,-1.0,2,-1.0,-1.0,2,-1.0,-1.0,2,-1.0,-1.0,2,-1.0,-1.0,2,-1.0,-1.0,2,-1.0,-1.0,2,-1.0,-1.0,0.0,4.16,0.0,4.31,0.0,9.73,1.0,16.38,YES,YES,0.0,12.38,0.0,10.29,0.0,4.29,0.0,9.4,0.0,4.27,0.0,4.69,1.0,7.55,0.0,4.32,0.0,9.6,0.0,4.48,0.0,4.73,1,1,1,3,1.0,3.0,1,1,3.0,7,4.0,1.0,-1.04,-0.91,1.0,2.0,12.0,12.0,1,3,2.0,1.0,1.0,1.0,1.0,1.0,3.0,2.0,-1.0,-1.07,2.0,-1.0,-1.0,-1.0,-1.0,-1.0,-1.0
11,1,2,1,1,3,2,0,0-18,1,4,3,1,2.0,12.0,8.0,2.0,-1.0,-1.0,-1.0,-1.0,-1.0,329.3981013,2000,1.0,1.0,13.0,12.0,1.08,1.0,14.72,-1.0,-1.0,-1.0,2.0,-1.0,-1.0,2.0,-1.0,2.0,-1.0,-1.0,2.0,-1.0,2.0,-1.0,-1.0,-1.0,-1.0,-1.0,-1.0,2.0,1.0,2.0,1.0,1.0,-1.0,-1.0,1.0,1.0,1.0,-1.0,-1.0,-1.0,-1.0,<10k,2,-1.0,-1.0,2,-1.0,-1.0,2,-1.0,-1.0,2,-1.0,-1.0,2,-1.0,-1.0,2,-1.0,-1.0,2,-1.0,-1.0,2,-1.0,-1.0,2,-1.0,-1.0,2,-1.0,-1.0,0.0,5.46,0.0,5.29,0.0,9.88,1.0,16.34,YES,YES,0.0,8.72,0.0,10.21,0.0,5.19,0.0,9.31,0.0,4.79,0.0,4.64,1.0,9.19,0.0,4.69,0.0,10.68,0.0,5.35,0.0,5.41,1,1,1,3,1.0,3.0,1,1,3.0,7,4.0,1.0,-1.07,-0.93,1.0,2.0,12.0,12.0,1,3,2.0,1.0,1.0,1.0,1.0,1.0,3.0,2.0,-1.0,-0.99,2.0,-1.0,-1.0,-1.0,-1.0,-1.0,-1.0
11,1,2,1,2,5,1,80,36-50,1,4,3,2,9.0,11.0,-1.0,-1.0,-1.0,-1.0,-1.0,2.0,1.0,329.3981013,1982,-1.0,-1.0,-1.0,-1.0,-1.11,-1.0,-0.94,-1.0,-1.0,-1.0,-1.0,-1.0,-1.0,-1.0,-1.0,-1.0,-1.0,-1.0,-1.0,-1.0,-1.0,-1.0,-1.0,-1.0,-1.0,-1.0,-1.0,-1.0,-1.0,-1.0,-1.0,-1.0,-1.0,-1.0,-1.0,-1.0,-1.0,-1.0,-1.0,-1.0,-1.0,<10k,2,-1.0,-1.0,2,-1.0,-1.0,2,-1.0,-1.0,2,-1.0,-1.0,2,-1.0,-1.0,2,-1.0,-1.0,2,-1.0,-1.0,2,-1.0,-1.0,2,-1.0,-1.0,2,-1.0,-1.0,0.0,4.63,0.0,4.33,0.0,11.57,1.0,15.25,YES,YES,0.0,9.82,0.0,8.82,0.0,4.27,0.0,8.3,0.0,4.27,0.0,5.23,1.0,9.92,0.0,5.19,0.0,9.86,0.0,5.24,0.0,4.8,1,1,1,3,1.0,3.0,1,1,3.0,7,4.0,1.0,-1.07,-0.98,1.0,2.0,12.0,12.0,1,3,2.0,1.0,1.0,1.0,1.0,1.0,3.0,2.0,-1.0,-0.95,2.0,-1.0,-1.0,-1.0,-1.0,-1.0,-1.0
11,2,2,1,1,1,1,40,66+,1,1,1,2,9.0,10.0,9.0,2.0,-1.0,-1.0,-1.0,-1.0,-1.0,337.1700395,1943,-1.0,-1.0,-1.0,-1.0,-0.95,-1.0,-1.0,-1.0,-1.0,-1.0,2.0,-1.0,-1.0,2.0,-1.0,2.0,-1.0,-1.0,2.0,-1.0,2.0,-1.0,-1.0,-1.0,-1.0,-1.0,-1.0,2.0,1.0,2.0,1.0,3.0,1.0,1.0,1.0,1.0,1.0,1.0,35000.0,-1.0,-1.0,<10k,2,-1.0,-1.0,2,-1.0,-1.0,2,-1.0,-1.0,2,-1.0,-1.0,2,-1.0,-1.0,2,-1.0,-1.0,2,-1.0,-1.0,2,-1.0,-1.0,2,-1.0,-1.0,2,-1.0,-1.0,0.0,4.6,0.0,4.49,4.0,25.88,2.0,10.15,YES,YES,6.0,40.08,0.0,5.55,0.0,4.7,2.0,8.25,4.0,24.76,6.0,35.05,6.0,33.39,0.0,6.05,0.0,5.17,3.0,19.75,4.0,24.43,1,1,1,1,2.0,6.0,1,9,3.0,1,4.0,1.0,-1.1,-1.0,1.0,2.0,12.0,12.0,1,2,2.0,1.0,1.0,1.0,1.0,1.0,3.0,2.0,-1.0,-1.01,2.0,-1.0,-1.0,-1.0,-1.0,-1.0,-1.0
11,2,2,1,1,2,2,50,66+,1,1,1,2,9.0,10.0,7.0,2.0,-1.0,-1.0,-1.0,-1.0,-1.0,337.1700395,1950,-1.0,-1.0,-1.0,-1.0,-1.04,-1.0,-0.87,-1.0,-1.0,-1.0,2.0,-1.0,-1.0,2.0,-1.0,2.0,-1.0,-1.0,2.0,-1.0,2.0,-1.0,-1.0,-1.0,-1.0,-1.0,-1.0,2.0,1.0,2.0,1.0,1.0,-1.0,-1.0,1.0,1.0,1.0,-1.0,-1.0,-1.0,-1.0,<10k,2,-1.0,-1.0,2,-1.0,-1.0,2,-1.0,-1.0,2,-1.0,-1.0,2,-1.0,-1.0,2,-1.0,-1.0,2,-1.0,-1.0,2,-1.0,-1.0,2,-1.0,-1.0,2,-1.0,-1.0,0.0,5.28,0.0,4.86,4.0,23.16,2.0,9.77,YES,YES,6.0,37.76,0.0,4.51,0.0,4.6,2.0,7.19,4.0,25.81,6.0,26.36,6.0,26.3,0.0,6.88,0.0,4.72,3.0,22.42,4.0,24.62,1,1,1,1,2.0,6.0,1,9,3.0,1,4.0,1.0,-1.13,-0.93,1.0,2.0,12.0,12.0,1,2,2.0,1.0,1.0,1.0,1.0,1.0,3.0,2.0,-1.0,-0.96,2.0,-1.0,-1.0,-1.0,-1.0,-1.0,-1.0
11,2,2,1,1,3,1,80,19-35,1,1,1,2,9.0,12.0,7.0,2.0,-1.0,-1.0,-1.0,-1.0,-1.0,337.1700395,1987,1.0,1.0,10.0,9.0,2.93,5.0,12.96,-1.0,-1.0,-1.0,2.0,-1.0,-1.0,2.0,-1.0,2.0,-1.0,-1.0,2.0,-1.0,2.0,-1.0,-1.0,-1.0,-1.0,-1.0,-1.0,2.0,1.0,2.0,1.0,1.0,-1.0,-1.0,1.0,1.0,1.0,1.0,40000.0,-1.0,-1.0,<10k,2,-1.0,-1.0,2,-1.0,-1.0,2,-1.0,-1.0,2,-1.0,-1.0,2,-1.0,-1.0,2,-1.0,-1.0,2,-1.0,-1.0,2,-1.0,-1.0,2,-1.0,-1.0,2,-1.0,-1.0,0.0,5.16,0.0,4.07,4.0,22.6,2.0,9.79,YES,YES,6.0,31.16,0.0,4.13,0.0,4.62,2.0,9.53,4.0,27.55,6.0,24.87,6.0,25.78,0.0,6.48,0.0,4.02,3.0,20.45,4.0,24.28,1,1,1,1,2.0,6.0,1,9,3.0,1,4.0,1.0,-0.92,-0.95,1.0,2.0,12.0,12.0,1,2,2.0,1.0,1.0,1.0,1.0,1.0,3.0,2.0,-1.0,-1.18,2.0,-1.0,-1.0,-1.0,-1.0,-1.0,-1.0
11,2,2,1,1,1,1,60,36-50,1,1,1,2,9.0,7.0,1.0,1.0,5211.0,47811.0,3.0,-1.0,-1.0,337.1700395,1968,-1.0,-1.0,-1.0,-1.0,-1.02,-1.0,-0.96,-1.0,-1.0,-1.0,2.0,-1.0,-1.0,2.0,-1.0,2.0,-1.0,-1.0,2.0,-1.0,2.0,-1.0,-1.0,-1.0,-1.0,-1.0,-1.0,2.0,1.0,2.0,1.0,3.0,1.0,1.0,1.0,1.0,1.0,1.0,35000.0,-1.0,-1.0,<10k,2,-1.0,-1.0,2,-1.0,-1.0,2,-1.0,-1.0,2,-1.0,-1.0,2,-1.0,-1.0,2,-1.0,-1.0,2,-1.0,-1.0,2,-1.0,-1.0,2,-1.0,-1.0,2,-1.0,-1.0,0.0,5.05,0.0,4.44,4.0,29.42,2.0,9.98,YES,YES,6.0,30.93,0.0,5.08,0.0,5.2,2.0,8.3,4.0,27.78,6.0,29.0,6.0,30.05,0.0,6.59,0.0,5.55,3.0,21.61,4.0,24.33,1,1,1,1,2.0,6.0,1,9,3.0,1,4.0,1.0,-0.94,-1.06,1.0,2.0,12.0,12.0,1,2,2.0,1.0,1.0,1.0,1.0,1.0,3.0,2.0,-1.0,-0.93,2.0,-1.0,-1.0,-1.0,-1.0,-1.0,-1.0
11,2,2,1,1,2,2,70,36-50,1,1,1,2,9.0,9.0,7.0,2.0,-1.0,-1.0,-1.0,-1.0,-1.0,337.1700395,1977,-1.0,-1.0,-1.0,-1.0,-0.87,-1.0,-1.1,-1.0,-1.0,-1.0,2.0,-1.0,-1.0,2.0,-1.0,2.0,-1.0,-1.0,2.0,-1.0,2.0,-1.0,-1.0,-1.0,-1.0,-1.0,-1.0,2.0,1.0,2.0,1.0,1.0,-1.0,-1.0,1.0,1.0,1.0,-1.0,-1.0,-1.0,-1.0,<10k,2,-1.0,-1.0,2,-1.0,-1.0,2,-1.0,-1.0,2,-1.0,-1.0,2,-1.0,-1.0,2,-1.0,-1.0,2,-1.0,-1.0,2,-1.0,-1.0,2,-1.0,-1.0,2,-1.0,-1.0,0.0,5.28,0.0,3.99,4.0,27.87,2.0,9.84,YES,YES,6.0,27.06,0.0,5.66,0.0,5.27,2.0,8.19,4.0,24.99,6.0,25.55,6.0,28.39,0.0,6.57,0.0,4.8,3.0,17.06,4.0,28.46,1,1,1,1,2.0,6.0,1,9,3.0,1,4.0,1.0,-1.03,-0.78,1.0,2.0,12.0,12.0,1,2,2.0,1.0,1.0,1.0,1.0,1.0,3.0,2.0,-1.0,-1.11,2.0,-1.0,-1.0,-1.0,-1.0,-1.0,-1.0
11,2,2,1,1,3,1,0,0-18,1,1,1,1,2.0,9.0,-1.0,-1.0,-1.0,-1.0,-1.0,-1.0,-1.0,337.1700395,2004,1.0,1.0,10.0,9.0,2.98,5.0,16.26,-1.0,-1.0,-1.0,2.0,-1.0,-1.0,2.0,-1.0,2.0,-1.0,-1.0,2.0,-1.0,2.0,-1.0,-1.0,-1.0,-1.0,-1.0,-1.0,2.0,1.0,2.0,1.0,1.0,-1.0,-1.0,1.0,1.0,1.0,1.0,40000.0,-1.0,-1.0,<10k,2,-1.0,-1.0,2,-1.0,-1.0,2,-1.0,-1.0,2,-1.0,-1.0,2,-1.0,-1.0,2,-1.0,-1.0,2,-1.0,-1.0,2,-1.0,-1.0,2,-1.0,-1.0,2,-1.0,-1.0,0.0,4.38,0.0,4.84,4.0,27.51,2.0,10.1,YES,YES,6.0,36.86,0.0,5.19,0.0,5.23,2.0,9.86,4.0,24.35,6.0,28.17,6.0,29.95,0.0,6.39,0.0,4.25,3.0,19.71,4.0,24.96,1,1,1,1,2.0,6.0,1,9,3.0,1,4.0,1.0,-0.89,-1.12,1.0,2.0,12.0,12.0,1,2,2.0,1.0,1.0,1.0,1.0,1.0,3.0,2.0,-1.0,-1.05,2.0,-1.0,-1.0,-1.0,-1.0,-1.0,-1.0
11,2,2,1,1,1,2,40,66+,1,1,1,4,9.0,6.0,9.0,2.0,-1.0,-1.0,-1.0,-1.0,-1.0,337.1700395,1945,-1.0,-1.0,-1.0,-1.0,-0.85,-1.0,-1.14,-1.0,-1.0,-1.0,2.0,-1.0,-1.0,2.0,-1.0,2.0,-1.0,-1.0,2.0,-1.0,2.0,-1.0,-1.0,-1.0,-1.0,-1.0,-1.0,2.0,1.0,2.0,1.0,3.0,1.0,1.0,1.0,1.0,1.0,1.0,35000.0,-1.0,-1.0,<10k,2,-1.0,-1.0,2,-1.0,-1.0,2,-1.0,-1.0,2,-1.0,-1.0,2,-1.0,-1.0,2,-1.0,-1.0,2,-1.0,-1.0,2,-1.0,-1.0,2,-1.0,-1.0,2,-1.0,-1.0,0.0,5.1,0.0,5.69,4.0,24.53,2.0,9.34,YES,YES,6.0,33.38,0.0,4.98,0.0,4.95,2.0,6.94,4.0,25.51,6.0,33.4,6.0,31.54,0.0,6.22,0.0,5.38,3.0,21.73,4.0,22.29,1,1,1,1,2.0,6.0,1,9,3.0,1,4.0,1.0,-1.13,-0.84,1.0,2.0,12.0,12.0,1,2,2.0,1.0,1.0,1.0,1.0,1.0,3.0,2.0,-1.0,-1.13,2.0,-1.0,-1.0,-1.0,-1.0,-1.0,-1.0
11,2,2,1,1,3,1,70,36-50,1,1,1,2,9.0,10.0,1.0,1.0,8323.0,49222.0,5.0,-1.0,-1.0,337.1700395,1975,-1.0,-1.0,-1.0,-1.0,-0.92,-1.0,-1.05,-1.0,-1.0,-1.0,2.0,-1.0,-1.0,2.0,-1.0,2.0,-1.0,-1.0,2.0,-1.0,2.0,-1.0,-1.0,-1.0,-1.0,-1.0,-1.0,2.0,1.0,2.0,1.0,1.0,-1.0,-1.0,1.0,1.0,1.0,-1.0,-1.0,-1.0,-1.0,<10k,2,-1.0,-1.0,2,-1.0,-1.0,2,-1.0,-1.0,2,-1.0,-1.0,2,-1.0,-1.0,2,-1.0,-1.0,2,-1.0,-1.0,2,-1.0,-1.0,2,-1.0,-1.0,2,-1.0,-1.0,0.0,4.73,0.0,4.45,4.0,25.24,2.0,9.72,YES,YES,6.0,39.66,0.0,4.58,0.0,5.04,2.0,10.54,4.0,26.37,6.0,29.59,6.0,30.73,0.0,6.75,0.0,3.68,3.0,17.64,4.0,27.77,1,1,1,1,2.0,6.0,1,9,3.0,1,4.0,1.0,-1.02,-0.79,1.0,2.0,12.0,12.0,1,2,2.0,1.0,1.0,1.0,1.0,1.0,3.0,2.0,-1.0,-1.19,2.0,-1.0,-1.0,-1.0,-1.0,-1.0,-1.0
11,2,2,1,1,5,2,80,19-35,1,1,1,2,9.0,10.0,7.0,2.0,-1.0,-1.0,-1.0,-1.0,-1.0,337.1700395,1985,1.0,1.0,10.0,9.0,3.6,5.0,13.35,-1.0,-1.0,-1.0,2.0,-1.0,-1.0,2.0,-1.0,2.0,-1.0,-1.0,2.0,-1.0,2.0,-1.0,-1.0,-1.0,-1.0,-1.0,-1.0,2.0,1.0,2.0,1.0,1.0,-1.0,-1.0,1.0,1.0,1.0,1.0,40000.0,-1.0,-1.0,<10k,2,-1.0,-1.0,2,-1.0,-1.0,2,-1.0,-1.0,2,-1.0,-1.0,2,-1.0,-1.0,2,-1.0,-1.0,2,-1.0,-1.0,2,-1.0,-1.0,2,-1.0,-1.0,2,-1.0,-1.0,0.0,5.92,0.0,5.24,4.0,31.05,2.0,9.07,YES,YES,6.0,37.89,0.0,5.45,0.0,5.3,2.0,8.01,4.0,20.01,6.0,32.35,6.0,34.93,0.0,6.03,0.0,5.0,3.0,21.19,4.0,25.25,1,1,1,1,2.0,6.0,1,9,3.0,1,4.0,1.0,-1.05,-0.82,1.0,2.0,12.0,12.0,1,2,2.0,1.0,1.0,1.0,1.0,1.0,3.0,2.0,-1.0,-1.12,2.0,-1.0,-1.0,-1.0,-1.0,-1.0,-1.0
11,2,2,1,1,5,2,0,0-18,1,1,1,1,2.0,6.0,-1.0,-1.0,-1.0,-1.0,-1.0,-1.0,-1.0,337.1700395,2007,1.0,1.0,7.0,6.0,0.0,1.0,13.86,-1.0,-1.0,-1.0,1.0,3.0,1.0,2.0,-1.0,2.0,-1.0,-1.0,2.0,-1.0,2.0,-1.0,-1.0,-1.0,-1.0,-1.0,-1.0,2.0,1.0,2.0,1.0,1.0,-1.0,-1.0,1.0,1.0,1.0,-1.0,-1.0,-1.0,-1.0,<10k,2,-1.0,-1.0,2,-1.0,-1.0,2,-1.0,-1.0,2,-1.0,-1.0,2,-1.0,-1.0,2,-1.0,-1.0,2,-1.0,-1.0,2,-1.0,-1.0,2,-1.0,-1.0,2,-1.0,-1.0,0.0,4.8,0.0,5.21,4.0,21.79,2.0,11.73,YES,YES,6.0,36.02,0.0,4.35,0.0,4.24,2.0,9.08,4.0,30.12,6.0,29.72,6.0,29.52,0.0,5.79,0.0,4.55,3.0,22.39,4.0,23.17,1,1,1,1,2.0,6.0,1,9,3.0,1,4.0,1.0,-0.96,-1.03,1.0,2.0,12.0,12.0,1,2,2.0,1.0,1.0,1.0,1.0,1.0,3.0,2.0,-1.0,-0.99,2.0,-1.0,-1.0,-1.0,-1.0,-1.0,-1.0
11,2,2,1,1,5,2,10,0-18,1,1,1,1,1.0,-1.0,-1.0,-1.0,-1.0,-1.0,-1.0,-1.0,-1.0,337.1700395,2014,2.0,-1.0,-1.0,-1.0,-1.02,-1.0,-1.05,7.0,-1.0,-1.0,2.0,-1.0,-1.0,2.0,-1.0,2.0,-1.0,-1.0,2.0,-1.0,2.0,-1.0,-1.0,-1.0,-1.0,-1.0,-1.0,2.0,1.0,2.0,1.0,1.0,-1.0,-1.0,1.0,1.0,1.0,-1.0,-1.0,-1.0,-1.0,<10k,2,-1.0,-1.0,2,-1.0,-1.0,2,-1.0,-1.0,2,-1.0,-1.0,2,-1.0,-1.0,2,-1.0,-1.0,2,-1.0,-1.0,2,-1.0,-1.0,2,-1.0,-1.0,2,-1.0,-1.0,0.0,5.15,0.0,5.16,4.0,26.01,2.0,11.38,YES,YES,6.0,38.35,0.0,4.87,0.0,4.25,2.0,8.99,4.0,28.11,6.0,35.3,6.0,32.07,0.0,6.26,0.0,4.34,3.0,21.7,4.0,28.68,1,1,1,1,2.0,6.0,1,9,3.0,1,4.0,1.0,-0.94,-0.95,1.0,2.0,12.0,12.0,1,2,2.0,1.0,1.0,1.0,1.0,1.0,3.0,2.0,-1.0,-1.02,2.0,-1.0,-1.0,-1.0,-1.0,-1.0,-1.0
11,2,2,1,1,1,2,50,66+,1,1,1,4,9.0,7.0,1.0,1.0,5221.0,47596.0,5.0,-1.0,-1.0,337.1700395,1951,-1.0,-1.0,-1.0,-1.0,-1.06,-1.0,-0.75,-1.0,-1.0,-1.0,2.0,-1.0,-1.0,2.0,-1.0,2.0,-1.0,-1.0,2.0,-1.0,2.0,-1.0,-1.0,-1.0,-1.0,-1.0,-1.0,2.0,1.0,2.0,1.0,3.0,1.0,1.0,1.0,1.0,1.0,1.0,35000.0,-1.0,-1.0,<10k,2,-1.0,-1.0,2,-1.0,-1.0,2,-1.0,-1.0,2,-1.0,-1.0,2,-1.0,-1.0,2,-1.0,-1.0,2,-1.0,-1.0,2,-1.0,-1.0,2,-1.0,-1.0,2,-1.0,-1.0,0.0,5.34,0.0,4.83,4.0,23.41,2.0,9.7,YES,YES,6.0,31.36,0.0,5.11,0.0,4.44,2.0,11.0,4.0,26.11,6.0,36.4,6.0,30.1,0.0,6.39,0.0,5.52,3.0,17.98,4.0,25.58,1,1,1,1,2.0,6.0,1,9,3.0,1,4.0,1.0,-0.88,-0.89,1.0,2.0,12.0,12.0,1,2,2.0,1.0,1.0,1.0,1.0,1.0,3.0,2.0,-1.0,-1.19,2.0,-1.0,-1.0,-1.0,-1.0,-1.0,-1.0
11,2,2,1,1,1,1,40,66+,1,1,1,2,9.0,16.0,9.0,2.0,-1.0,-1.0,-1.0,-1.0,-1.0,337.1700395,1949,-1.0,-1.0,-1.0,-1.0,-1.09,-1.0,-0.89,-1.0,-1.0,-1.0,2.0,-1.0,-1.0,2.0,-1.0,2.0,-1.0,-1.0,2.0,-1.0,2.0,-1.0,-1.0,-1.0,-1.0,-1.0,-1.0,2.0,1.0,2.0,1.0,3.0,1.0,1.0,1.0,1.0,1.0,1.0,35000.0,-1.0,-1.0,<10k,2,-1.0,-1.0,2,-1.0,-1.0,2,-1.0,-1.0,2,-1.0,-1.0,2,-1.0,-1.0,2,-1.0,-1.0,2,-1.0,-1.0,2,-1.0,-1.0,2,-1.0,-1.0,2,-1.0,-1.0,0.0,5.44,0.0,4.19,4.0,24.32,2.0,10.23,YES,YES,6.0,35.12,0.0,5.08,0.0,4.92,2.0,8.66,4.0,28.51,6.0,28.32,6.0,32.16,0.0,5.58,0.0,4.86,3.0,17.58,4.0,27.22,1,1,1,1,2.0,6.0,1,9,3.0,1,4.0,1.0,-1.0,-1.08,1.0,2.0,12.0,12.0,1,2,2.0,1.0,1.0,1.0,1.0,1.0,3.0,2.0,-1.0,-1.06,2.0,-1.0,-1.0,-1.0,-1.0,-1.0,-1.0
11,2,2,1,1,2,2,50,51-65,1,1,1,2,9.0,16.0,2.0,1.0,2211.0,86202.0,5.0,-1.0,-1.0,337.1700395,1958,-1.0,-1.0,-1.0,-1.0,-1.2,-1.0,-1.0,-1.0,-1.0,-1.0,2.0,-1.0,-1.0,2.0,-1.0,2.0,-1.0,-1.0,2.0,-1.0,2.0,-1.0,-1.0,-1.0,-1.0,-1.0,-1.0,2.0,1.0,2.0,1.0,1.0,-1.0,-1.0,1.0,1.0,1.0,-1.0,-1.0,-1.0,-1.0,<10k,2,-1.0,-1.0,2,-1.0,-1.0,2,-1.0,-1.0,2,-1.0,-1.0,2,-1.0,-1.0,2,-1.0,-1.0,2,-1.0,-1.0,2,-1.0,-1.0,2,-1.0,-1.0,2,-1.0,-1.0,0.0,4.42,0.0,5.21,4.0,26.73,2.0,9.55,YES,YES,6.0,42.83,0.0,4.79,0.0,5.01,2.0,8.71,4.0,29.92,6.0,28.53,6.0,26.49,0.0,6.22,0.0,5.62,3.0,19.19,4.0,26.43,1,1,1,1,2.0,6.0,1,9,3.0,1,4.0,1.0,-1.01,-0.77,1.0,2.0,12.0,12.0,1,2,2.0,1.0,1.0,1.0,1.0,1.0,3.0,2.0,-1.0,-0.97,2.0,-1.0,-1.0,-1.0,-1.0,-1.0,-1.0
11,2,2,1,1,3,2,90,19-35,1,1,1,1,3.0,13.0,8.0,2.0,-1.0,-1.0,-1.0,-1.0,-1.0,337.1700395,1997,1.0,1.0,10.0,9.0,3.42,5.0,14.44,-1.0,-1.0,-1.0,2.0,-1.0,-1.0,2.0,-1.0,2.0,-1.0,-1.0,2.0,-1.0,2.0,-1.0,-1.0,-1.0,-1.0,-1.0,-1.0,2.0,1.0,2.0,1.0,1.0,-1.0,-1.0,1.0,1.0,1.0,1.0,40000.0,-1.0,-1.0,<10k,2,-1.0,-1.0,2,-1.0,-1.0,2,-1.0,-1.0,2,-1.0,-1.0,2,-1.0,-1.0,2,-1.0,-1.0,2,-1.0,-1.0,2,-1.0,-1.0,2,-1.0,-1.0,2,-1.0,-1.0,0.0,4.8,0.0,6.64,4.0,27.71,2.0,11.31,YES,YES,6.0,37.58,0.0,4.94,0.0,5.24,2.0,9.48,4.0,27.24,6.0,35.37,6.0,32.35,0.0,6.43,0.0,4.52,3.0,19.33,4.0,26.25,1,1,1,1,2.0,6.0,1,9,3.0,1,4.0,1.0,-0.84,-0.99,1.0,2.0,12.0,12.0,1,2,2.0,1.0,1.0,1.0,1.0,1.0,3.0,2.0,-1.0,-0.79,2.0,-1.0,-1.0,-1.0,-1.0,-1.0,-1.0
11,2,2,1,1,3,1,0,0-18,1,1,1,1,2.0,12.0,8.0,2.0,-1.0,-1.0,-1.0,-1.0,-1.0,337.1700395,2000,1.0,1.0,7.0,6.0,0.0,1.0,15.22,-1.0,-1.0,-1.0,1.0,3.0,1.0,2.0,-1.0,2.0,-1.0,-1.0,2.0,-1.0,2.0,-1.0,-1.0,-1.0,-1.0,-1.0,-1.0,2.0,1.0,2.0,1.0,1.0,-1.0,-1.0,1.0,1.0,1.0,-1.0,-1.0,-1.0,-1.0,<10k,2,-1.0,-1.0,2,-1.0,-1.0,2,-1.0,-1.0,2,-1.0,-1.0,2,-1.0,-1.0,2,-1.0,-1.0,2,-1.0,-1.0,2,-1.0,-1.0,2,-1.0,-1.0,2,-1.0,-1.0,0.0,4.72,0.0,5.4,4.0,22.75,2.0,9.67,YES,YES,6.0,29.84,0.0,4.78,0.0,5.49,2.0,10.25,4.0,27.49,6.0,30.62,6.0,33.59,0.0,6.16,0.0,4.98,3.0,19.1,4.0,25.34,1,1,1,1,2.0,6.0,1,9,3.0,1,4.0,1.0,-0.9,-1.06,1.0,2.0,12.0,12.0,1,2,2.0,1.0,1.0,1.0,1.0,1.0,3.0,2.0,-1.0,-1.01,2.0,-1.0,-1.0,-1.0,-1.0,-1.0,-1.0
11,2,2,1,1,1,1,40,66+,1,1,1,2,9.0,10.0,1.0,1.0,5221.0,47113.0,5.0,-1.0,-1.0,337.1700395,1949,-1.0,-1.0,-1.0,-1.0,-1.08,-1.0,-0.93,-1.0,-1.0,-1.0,2.0,-1.0,-1.0,2.0,-1.0,2.0,-1.0,-1.0,2.0,-1.0,2.0,-1.0,-1.0,-1.0,-1.0,-1.0,-1.0,2.0,1.0,2.0,1.0,3.0,1.0,1.0,1.0,1.0,1.0,1.0,35000.0,-1.0,-1.0,<10k,2,-1.0,-1.0,2,-1.0,-1.0,2,-1.0,-1.0,2,-1.0,-1.0,2,-1.0,-1.0,2,-1.0,-1.0,2,-1.0,-1.0,2,-1.0,-1.0,2,-1.0,-1.0,2,-1.0,-1.0,0.0,4.47,0.0,5.25,4.0,25.9,2.0,8.43,YES,YES,6.0,35.52,0.0,5.29,0.0,4.99,2.0,9.52,4.0,21.81,6.0,30.35,6.0,32.14,0.0,6.12,0.0,4.98,3.0,23.52,4.0,23.37,1,1,1,1,2.0,6.0,1,9,3.0,1,4.0,1.0,-1.0,-0.98,1.0,2.0,12.0,12.0,1,2,2.0,1.0,1.0,1.0,1.0,1.0,3.0,2.0,-1.0,-0.97,2.0,-1.0,-1.0,-1.0,-1.0,-1.0,-1.0
11,2,2,1,1,2,2,50,66+,1,1,1,2,9.0,10.0,7.0,2.0,-1.0,-1.0,-1.0,-1.0,-1.0,337.1700395,1952,-1.0,-1.0,-1.0,-1.0,-0.97,-1.0,-1.01,-1.0,-1.0,-1.0,2.0,-1.0,-1.0,2.0,-1.0,2.0,-1.0,-1.0,2.0,-1.0,2.0,-1.0,-1.0,-1.0,-1.0,-1.0,-1.0,2.0,1.0,2.0,1.0,1.0,-1.0,-1.0,1.0,1.0,1.0,-1.0,-1.0,-1.0,-1.0,<10k,2,-1.0,-1.0,2,-1.0,-1.0,2,-1.0,-1.0,2,-1.0,-1.0,2,-1.0,-1.0,2,-1.0,-1.0,2,-1.0,-1.0,2,-1.0,-1.0,2,-1.0,-1.0,2,-1.0,-1.0,0.0,5.13,0.0,4.44,4.0,26.57,2.0,9.13,YES,YES,6.0,36.03,0.0,4.84,0.0,4.88,2.0,10.13,4.0,24.01,6.0,29.86,6.0,27.8,0.0,7.13,0.0,5.17,3.0,20.7,4.0,25.93,1,1,1,1,2.0,6.0,1,9,3.0,1,4.0,1.0,-0.92,-1.13,1.0,2.0,12.0,12.0,1,2,2.0,1.0,1.0,1.0,1.0,1.0,3.0,2.0,-1.0,-1.2,2.0,-1.0,-1.0,-1.0,-1.0,-1.0,-1.0
11,2,2,1,1,3,1,90,19-35,1,1,1,1,9.0,16.0,1.0,1.0,3511.0,60200.0,1.0,-1.0,-1.0,337.1700395,1990,1.0,1.0,10.0,9.0,2.89,5.0,13.5,-1.0,-1.0,-1.0,2.0,-1.0,-1.0,2.0,-1.0,2.0,-1.0,-1.0,2.0,-1.0,2.0,-1.0,-1.0,-1.0,-1.0,-1.0,-1.0,2.0,1.0,2.0,1.0,1.0,-1.0,-1.0,1.0,1.0,1.0,1.0,40000.0,-1.0,-1.0,<10k,2,-1.0,-1.0,2,-1.0,-1.0,2,-1.0,-1.0,2,-1.0,-1.0,2,-1.0,-1.0,2,-1.0,-1.0,2,-1.0,-1.0,2,-1.0,-1.0,2,-1.0,-1.0,2,-1.0,-1.0,0.0,5.31,0.0,5.75,4.0,26.44,2.0,8.66,YES,YES,6.0,31.41,0.0,5.42,0.0,4.87,2.0,10.3,4.0,24.88,6.0,27.83,6.0,35.43,0.0,6.41,0.0,4.27,3.0,24.72,4.0,24.07,1,1,1,1,2.0,6.0,1,9,3.0,1,4.0,1.0,-1.1,-1.06,1.0,2.0,12.0,12.0,1,2,2.0,1.0,1.0,1.0,1.0,1.0,3.0,2.0,-1.0,-1.06,2.0,-1.0,-1.0,-1.0,-1.0,-1.0,-1.0
11,2,2,1,1,3,1,90,19-35,1,1,1,1,4.0,12.0,8.0,2.0,-1.0,-1.0,-1.0,-1.0,-1.0,337.1700395,1994,1.0,1.0,7.0,6.0,0.0,1.0,13.96,-1.0,-1.0,-1.0,1.0,3.0,1.0,2.0,-1.0,2.0,-1.0,-1.0,2.0,-1.0,2.0,-1.0,-1.0,-1.0,-1.0,-1.0,-1.0,2.0,1.0,2.0,1.0,1.0,-1.0,-1.0,1.0,1.0,1.0,-1.0,-1.0,-1.0,-1.0,<10k,2,-1.0,-1.0,2,-1.0,-1.0,2,-1.0,-1.0,2,-1.0,-1.0,2,-1.0,-1.0,2,-1.0,-1.0,2,-1.0,-1.0,2,-1.0,-1.0,2,-1.0,-1.0,2,-1.0,-1.0,0.0,4.09,0.0,3.87,4.0,27.18,2.0,10.63,YES,YES,6.0,33.17,0.0,5.29,0.0,4.05,2.0,9.82,4.0,24.57,6.0,35.2,6.0,30.78,0.0,5.76,0.0,4.82,3.0,20.2,4.0,25.68,1,1,1,1,2.0,6.0,1,9,3.0,1,4.0,1.0,-1.08,-0.9,1.0,2.0,12.0,12.0,1,2,2.0,1.0,1.0,1.0,1.0,1.0,3.0,2.0,-1.0,-0.92,2.0,-1.0,-1.0,-1.0,-1.0,-1.0,-1.0
11,2,2,1,1,1,1,70,36-50,1,1,1,2,9.0,8.0,1.0,1.0,7231.0,45203.0,5.0,-1.0,-1.0,337.1700395,1972,-1.0,-1.0,-1.0,-1.0,-0.96,-1.0,-0.91,-1.0,-1.0,-1.0,2.0,-1.0,-1.0,2.0,-1.0,2.0,-1.0,-1.0,2.0,-1.0,2.0,-1.0,-1.0,-1.0,-1.0,-1.0,-1.0,2.0,1.0,2.0,1.0,3.0,1.0,1.0,1.0,1.0,1.0,1.0,35000.0,-1.0,-1.0,<10k,2,-1.0,-1.0,2,-1.0,-1.0,2,-1.0,-1.0,2,-1.0,-1.0,2,-1.0,-1.0,2,-1.0,-1.0,2,-1.0,-1.0,2,-1.0,-1.0,2,-1.0,-1.0,2,-1.0,-1.0,0.0,4.88,0.0,5.35,4.0,28.85,2.0,8.9,YES,YES,6.0,34.14,0.0,4.69,0.0,4.66,2.0,9.4,4.0,29.29,6.0,28.31,6.0,26.38,0.0,5.11,0.0,4.73,3.0,17.18,4.0,22.48,1,1,1,1,2.0,6.0,1,9,3.0,1,4.0,1.0,-0.96,-0.82,1.0,2.0,12.0,12.0,1,2,2.0,1.0,1.0,1.0,1.0,1.0,3.0,2.0,-1.0,-0.99,2.0,-1.0,-1.0,-1.0,-1.0,-1.0,-1.0
11,2,2,1,1,2,2,80,36-50,1,1,1,2,9.0,10.0,7.0,2.0,-1.0,-1.0,-1.0,-1.0,-1.0,337.1700395,1981,-1.0,-1.0,-1.0,-1.0,-0.92,-1.0,-1.02,-1.0,-1.0,-1.0,2.0,-1.0,-1.0,2.0,-1.0,2.0,-1.0,-1.0,2.0,-1.0,2.0,-1.0,-1.0,-1.0,-1.0,-1.0,-1.0,2.0,1.0,2.0,1.0,1.0,-1.0,-1.0,1.0,1.0,1.0,-1.0,-1.0,-1.0,-1.0,<10k,2,-1.0,-1.0,2,-1.0,-1.0,2,-1.0,-1.0,2,-1.0,-1.0,2,-1.0,-1.0,2,-1.0,-1.0,2,-1.0,-1.0,2,-1.0,-1.0,2,-1.0,-1.0,2,-1.0,-1.0,0.0,4.88,0.0,4.35,4.0,23.26,2.0,8.83,YES,YES,6.0,36.01,0.0,4.07,0.0,4.49,2.0,11.06,4.0,27.83,6.0,27.62,6.0,25.67,0.0,5.44,0.0,5.52,3.0,19.88,4.0,28.09,1,1,1,1,2.0,6.0,1,9,3.0,1,4.0,1.0,-0.91,-0.94,1.0,2.0,12.0,12.0,1,2,2.0,1.0,1.0,1.0,1.0,1.0,3.0,2.0,-1.0,-1.1,2.0,-1.0,-1.0,-1.0,-1.0,-1.0,-1.0
11,2,2,1,1,3,1,0,0-18,1,1,1,1,2.0,5.0,-1.0,-1.0,-1.0,-1.0,-1.0,-1.0,-1.0,337.1700395,2008,1.0,1.0,10.0,9.0,2.77,5.0,14.36,-1.0,-1.0,-1.0,2.0,-1.0,-1.0,2.0,-1.0,2.0,-1.0,-1.0,2.0,-1.0,2.0,-1.0,-1.0,-1.0,-1.0,-1.0,-1.0,2.0,1.0,2.0,1.0,1.0,-1.0,-1.0,1.0,1.0,1.0,1.0,40000.0,-1.0,-1.0,<10k,2,-1.0,-1.0,2,-1.0,-1.0,2,-1.0,-1.0,2,-1.0,-1.0,2,-1.0,-1.0,2,-1.0,-1.0,2,-1.0,-1.0,2,-1.0,-1.0,2,-1.0,-1.0,2,-1.0,-1.0,0.0,5.19,0.0,5.81,4.0,26.84,2.0,11.16,YES,YES,6.0,35.5,0.0,4.22,0.0,5.29,2.0,7.97,4.0,21.55,6.0,31.73,6.0,32.28,0.0,6.77,0.0,5.09,3.0,20.2,4.0,25.59,1,1,1,1,2.0,6.0,1,9,3.0,1,4.0,1.0,-1.09,-0.87,1.0,2.0,12.0,12.0,1,2,2.0,1.0,1.0,1.0,1.0,1.0,3.0,2.0,-1.0,-1.04,2.0,-1.0,-1.0,-1.0,-1.0,-1.0,-1.0
11,2,2,1,1,3,2,10,0-18,1,1,1,1,2.0,2.0,-1.0,-1.0,-1.0,-1.0,-1.0,-1.0,-1.0,337.1700395,2012,1.0,1.0,7.0,6.0,0.0,1.0,16.37,-1.0,-1.0,-1.0,1.0,3.0,1.0,2.0,-1.0,2.0,-1.0,-1.0,2.0,-1.0,2.0,-1.0,-1.0,-1.0,-1.0,-1.0,-1.0,2.0,1.0,2.0,1.0,1.0,-1.0,-1.0,1.0,1.0,1.0,-1.0,-1.0,-1.0,-1.0,<10k,2,-1.0,-1.0,2,-1.0,-1.0,2,-1.0,-1.0,2,-1.0,-1.0,2,-1.0,-1.0,2,-1.0,-1.0,2,-1.0,-1.0,2,-1.0,-1.0,2,-1.0,-1.0,2,-1.0,-1.0,0.0,4.97,0.0,5.29,4.0,27.09,2.0,12.04,YES,YES,6.0,34.91,0.0,5.37,0.0,5.95,2.0,8.29,4.0,23.27,6.0,32.12,6.0,28.5,0.0,6.99,0.0,5.48,3.0,19.1,4.0,28.56,1,1,1,1,2.0,6.0,1,9,3.0,1,4.0,1.0,-0.96,-1.22,1.0,2.0,12.0,12.0,1,2,2.0,1.0,1.0,1.0,1.0,1.0,3.0,2.0,-1.0,-1.05,2.0,-1.0,-1.0,-1.0,-1.0,-1.0,-1.0
11,2,2,1,1,3,2,10,0-18,1,1,1,1,1.0,19.0,-1.0,-1.0,-1.0,-1.0,-1.0,-1.0,-1.0,337.1700395,2014,2.0,-1.0,-1.0,-1.0,-0.93,-1.0,-0.94,7.0,-1.0,-1.0,2.0,-1.0,-1.0,2.0,-1.0,2.0,-1.0,-1.0,2.0,-1.0,2.0,-1.0,-1.0,-1.0,-1.0,-1.0,-1.0,2.0,1.0,2.0,1.0,1.0,-1.0,-1.0,1.0,1.0,1.0,-1.0,-1.0,-1.0,-1.0,<10k,2,-1.0,-1.0,2,-1.0,-1.0,2,-1.0,-1.0,2,-1.0,-1.0,2,-1.0,-1.0,2,-1.0,-1.0,2,-1.0,-1.0,2,-1.0,-1.0,2,-1.0,-1.0,2,-1.0,-1.0,0.0,4.7,0.0,5.04,4.0,22.72,2.0,10.84,YES,YES,6.0,27.72,0.0,4.93,0.0,5.14,2.0,9.78,4.0,22.51,6.0,32.48,6.0,29.7,0.0,5.2,0.0,5.63,3.0,20.02,4.0,23.04,1,1,1,1,2.0,6.0,1,9,3.0,1,4.0,1.0,-1.07,-0.97,1.0,2.0,12.0,12.0,1,2,2.0,1.0,1.0,1.0,1.0,1.0,3.0,2.0,-1.0,-1.03,2.0,-1.0,-1.0,-1.0,-1.0,-1.0,-1.0
11,1,2,1,1,1,1,70,36-50,1,1,1,2,9.0,11.0,1.0,1.0,5412.0,84230.0,1.0,-1.0,-1.0,359.9276815,1972,-1.0,-1.0,-1.0,-1.0,-1.06,-1.0,-0.98,-1.0,-1.0,-1.0,2.0,-1.0,-1.0,2.0,-1.0,2.0,-1.0,-1.0,2.0,-1.0,2.0,-1.0,-1.0,-1.0,-1.0,-1.0,-1.0,1.0,1.0,2.0,1.0,1.0,-1.0,-1.0,1.0,1.0,1.0,1.0,45000.0,-1.0,-1.0,<10k,2,-1.0,-1.0,2,-1.0,-1.0,2,-1.0,-1.0,2,-1.0,-1.0,2,-1.0,-1.0,2,-1.0,-1.0,2,-1.0,-1.0,2,-1.0,-1.0,2,-1.0,-1.0,2,-1.0,-1.0,1.0,8.46,0.0,4.45,2.0,13.26,2.0,15.25,YES,YES,2.0,19.43,3.0,27.87,0.0,4.13,2.0,23.57,7.0,38.2,7.0,39.74,2.0,16.82,1.0,11.25,1.0,9.36,1.0,10.5,5.0,28.3,1,1,1,1,4.0,6.0,1,1,1.0,2,4.0,1.0,-1.05,-1.06,1.0,2.0,12.0,12.0,1,2,2.0,1.0,1.0,1.0,2.0,1.0,1.0,1.0,3.0,3.15,2.0,-1.0,-1.0,-1.0,-1.0,-1.0,-1.0
11,1,2,1,1,2,2,70,36-50,1,1,1,2,9.0,13.0,4.0,2.0,-1.0,-1.0,-1.0,-1.0,-1.0,359.9276815,1976,-1.0,-1.0,-1.0,-1.0,-0.9,-1.0,-0.97,-1.0,-1.0,-1.0,1.0,3.0,1.0,2.0,-1.0,2.0,-1.0,-1.0,2.0,-1.0,2.0,-1.0,-1.0,-1.0,-1.0,-1.0,-1.0,1.0,1.0,2.0,1.0,1.0,-1.0,-1.0,1.0,1.0,1.0,1.0,25000.0,-1.0,-1.0,<10k,2,-1.0,-1.0,2,-1.0,-1.0,2,-1.0,-1.0,2,-1.0,-1.0,2,-1.0,-1.0,2,-1.0,-1.0,2,-1.0,-1.0,2,-1.0,-1.0,2,-1.0,-1.0,2,-1.0,-1.0,1.0,10.09,0.0,5.19,2.0,13.88,2.0,15.61,YES,YES,2.0,17.86,3.0,30.03,0.0,5.78,2.0,24.99,7.0,35.3,7.0,29.06,2.0,16.39,1.0,10.52,1.0,10.64,1.0,10.24,5.0,34.47,1,1,1,1,4.0,6.0,1,1,1.0,2,4.0,1.0,-0.86,-1.03,1.0,2.0,12.0,12.0,1,2,2.0,1.0,1.0,1.0,2.0,1.0,1.0,1.0,3.0,3.08,2.0,-1.0,-1.0,-1.0,-1.0,-1.0,-1.0
11,1,2,1,1,4,2,30,66+,1,1,1,4,9.0,2.0,9.0,2.0,-1.0,-1.0,-1.0,-1.0,-1.0,359.9276815,1937,1.0,1.0,4.0,3.0,1.74,3.0,10.32,-1.0,-1.0,-1.0,2.0,-1.0,-1.0,2.0,-1.0,2.0,-1.0,-1.0,2.0,-1.0,2.0,-1.0,-1.0,-1.0,-1.0,-1.0,-1.0,2.0,3.0,2.0,1.0,3.0,1.0,1.0,3.0,4.0,4.0,-1.0,-1.0,-1.0,-1.0,<10k,2,-1.0,-1.0,2,-1.0,-1.0,2,-1.0,-1.0,2,-1.0,-1.0,2,-1.0,-1.0,2,-1.0,-1.0,2,-1.0,-1.0,2,-1.0,-1.0,2,-1.0,-1.0,2,-1.0,-1.0,1.0,8.11,0.0,5.57,2.0,14.54,2.0,14.13,YES,YES,2.0,17.36,3.0,25.42,0.0,4.78,2.0,24.81,7.0,37.15,7.0,29.69,2.0,13.11,1.0,9.2,1.0,9.54,1.0,11.27,5.0,38.29,1,1,1,1,4.0,6.0,1,1,1.0,2,4.0,1.0,-1.12,-0.98,1.0,2.0,12.0,12.0,1,2,2.0,1.0,1.0,1.0,2.0,1.0,1.0,1.0,3.0,2.72,2.0,-1.0,-1.0,-1.0,-1.0,-1.0,-1.0
11,1,2,1,1,5,2,50,51-65,1,1,1,1,9.0,11.0,7.0,2.0,-1.0,-1.0,-1.0,-1.0,-1.0,359.9276815,1957,1.0,1.0,1.0,19.0,2.13,3.0,10.05,-1.0,-1.0,-1.0,2.0,-1.0,-1.0,2.0,-1.0,2.0,-1.0,-1.0,2.0,-1.0,2.0,-1.0,-1.0,-1.0,-1.0,-1.0,-1.0,2.0,1.0,2.0,1.0,1.0,-1.0,-1.0,1.0,1.0,1.0,-1.0,-1.0,-1.0,-1.0,<10k,2,-1.0,-1.0,2,-1.0,-1.0,2,-1.0,-1.0,2,-1.0,-1.0,2,-1.0,-1.0,2,-1.0,-1.0,2,-1.0,-1.0,2,-1.0,-1.0,2,-1.0,-1.0,2,-1.0,-1.0,1.0,9.86,0.0,5.17,2.0,16.0,2.0,14.81,YES,YES,2.0,20.9,3.0,27.04,0.0,5.4,2.0,25.77,7.0,34.95,7.0,29.85,2.0,15.11,1.0,11.58,1.0,8.51,1.0,10.27,5.0,27.67,1,1,1,1,4.0,6.0,1,1,1.0,2,4.0,1.0,-0.93,-1.1,1.0,2.0,12.0,12.0,1,2,2.0,1.0,1.0,1.0,2.0,1.0,1.0,1.0,3.0,2.77,2.0,-1.0,-1.0,-1.0,-1.0,-1.0,-1.0
11,1,2,1,1,1,2,60,51-65,1,1,1,2,9.0,12.0,1.0,1.0,5414.0,47112.0,3.0,-1.0,-1.0,359.9276815,1963,-1.0,-1.0,-1.0,-1.0,-1.01,-1.0,-0.92,-1.0,-1.0,-1.0,2.0,-1.0,-1.0,2.0,-1.0,2.0,-1.0,-1.0,2.0,-1.0,2.0,-1.0,-1.0,-1.0,-1.0,-1.0,-1.0,1.0,1.0,2.0,1.0,1.0,-1.0,-1.0,1.0,1.0,1.0,1.0,45000.0,-1.0,-1.0,<10k,2,-1.0,-1.0,2,-1.0,-1.0,2,-1.0,-1.0,2,-1.0,-1.0,2,-1.0,-1.0,2,-1.0,-1.0,2,-1.0,-1.0,2,-1.0,-1.0,2,-1.0,-1.0,2,-1.0,-1.0,1.0,11.34,0.0,5.28,2.0,14.63,2.0,15.85,YES,YES,2.0,19.97,3.0,26.06,0.0,5.01,2.0,30.6,7.0,32.19,7.0,30.38,2.0,17.42,1.0,10.39,1.0,7.55,1.0,9.14,5.0,29.55,1,1,1,1,4.0,6.0,1,1,1.0,2,4.0,1.0,-1.06,-0.97,1.0,2.0,12.0,12.0,1,2,2.0,1.0,1.0,1.0,2.0,1.0,1.0,1.0,3.0,3.16,2.0,-1.0,-1.0,-1.0,-1.0,-1.0,-1.0
11,1,2,1,1,3,1,80,19-35,1,1,1,1,9.0,12.0,3.0,2.0,-1.0,-1.0,-1.0,-1.0,-1.0,359.9276815,1989,-1.0,-1.0,-1.0,-1.0,-1.08,-1.0,-0.94,-1.0,-1.0,-1.0,1.0,3.0,1.0,2.0,-1.0,2.0,-1.0,-1.0,2.0,-1.0,2.0,-1.0,-1.0,-1.0,-1.0,-1.0,-1.0,1.0,1.0,2.0,1.0,1.0,-1.0,-1.0,1.0,1.0,1.0,1.0,25000.0,-1.0,-1.0,<10k,2,-1.0,-1.0,2,-1.0,-1.0,2,-1.0,-1.0,2,-1.0,-1.0,2,-1.0,-1.0,2,-1.0,-1.0,2,-1.0,-1.0,2,-1.0,-1.0,2,-1.0,-1.0,2,-1.0,-1.0,1.0,9.29,0.0,5.2,2.0,14.46,2.0,16.04,YES,YES,2.0,18.36,3.0,23.31,0.0,4.76,2.0,25.24,7.0,37.67,7.0,35.29,2.0,15.6,1.0,10.25,1.0,9.67,1.0,10.01,5.0,26.8,1,1,1,1,4.0,6.0,1,1,1.0,2,4.0,1.0,-0.97,-1.04,1.0,2.0,12.0,12.0,1,2,2.0,1.0,1.0,1.0,2.0,1.0,1.0,1.0,3.0,3.24,2.0,-1.0,-1.0,-1.0,-1.0,-1.0,-1.0
11,1,2,1,2,2,1,50,51-65,1,1,1,2,9.0,15.0,-1.0,-1.0,-1.0,-1.0,-1.0,1.0,3.0,359.9276815,1958,1.0,1.0,4.0,3.0,2.28,3.0,9.02,-1.0,-1.0,-1.0,2.0,-1.0,-1.0,2.0,-1.0,2.0,-1.0,-1.0,2.0,-1.0,2.0,-1.0,-1.0,-1.0,-1.0,-1.0,-1.0,2.0,3.0,2.0,1.0,3.0,1.0,1.0,3.0,4.0,4.0,-1.0,-1.0,-1.0,-1.0,<10k,2,-1.0,-1.0,2,-1.0,-1.0,2,-1.0,-1.0,2,-1.0,-1.0,2,-1.0,-1.0,2,-1.0,-1.0,2,-1.0,-1.0,2,-1.0,-1.0,2,-1.0,-1.0,2,-1.0,-1.0,1.0,10.37,0.0,4.46,2.0,15.92,2.0,14.92,YES,YES,2.0,19.39,3.0,23.53,0.0,4.51,2.0,25.69,7.0,34.23,7.0,28.35,2.0,16.79,1.0,10.81,1.0,8.08,1.0,12.34,5.0,31.41,1,1,1,1,4.0,6.0,1,1,1.0,2,4.0,1.0,-0.9,-1.01,1.0,2.0,12.0,12.0,1,2,2.0,1.0,1.0,1.0,2.0,1.0,1.0,1.0,3.0,3.15,2.0,-1.0,-1.0,-1.0,-1.0,-1.0,-1.0
11,1,2,1,2,3,1,90,19-35,1,1,1,1,4.0,13.0,-1.0,-1.0,-1.0,-1.0,-1.0,1.0,2.0,359.9276815,1998,1.0,1.0,1.0,19.0,2.05,3.0,9.92,-1.0,-1.0,-1.0,2.0,-1.0,-1.0,2.0,-1.0,2.0,-1.0,-1.0,2.0,-1.0,2.0,-1.0,-1.0,-1.0,-1.0,-1.0,-1.0,2.0,1.0,2.0,1.0,1.0,-1.0,-1.0,1.0,1.0,1.0,-1.0,-1.0,-1.0,-1.0,<10k,2,-1.0,-1.0,2,-1.0,-1.0,2,-1.0,-1.0,2,-1.0,-1.0,2,-1.0,-1.0,2,-1.0,-1.0,2,-1.0,-1.0,2,-1.0,-1.0,2,-1.0,-1.0,2,-1.0,-1.0,1.0,10.81,0.0,4.68,2.0,16.89,2.0,15.73,YES,YES,2.0,22.6,3.0,23.5,0.0,4.89,2.0,23.84,7.0,31.63,7.0,30.49,2.0,16.24,1.0,9.11,1.0,9.05,1.0,10.0,5.0,28.61,1,1,1,1,4.0,6.0,1,1,1.0,2,4.0,1.0,-0.99,-0.82,1.0,2.0,12.0,12.0,1,2,2.0,1.0,1.0,1.0,2.0,1.0,1.0,1.0,3.0,3.31,2.0,-1.0,-1.0,-1.0,-1.0,-1.0,-1.0
11,1,2,1,1,1,1,80,36-50,1,1,1,2,9.0,10.0,1.0,1.0,3122.0,18115.0,3.0,-1.0,-1.0,359.9276815,1981,-1.0,-1.0,-1.0,-1.0,-0.88,-1.0,-0.83,-1.0,-1.0,-1.0,2.0,-1.0,-1.0,2.0,-1.0,2.0,-1.0,-1.0,2.0,-1.0,2.0,-1.0,-1.0,-1.0,-1.0,-1.0,-1.0,1.0,1.0,2.0,1.0,1.0,-1.0,-1.0,1.0,1.0,1.0,1.0,45000.0,-1.0,-1.0,<10k,2,-1.0,-1.0,2,-1.0,-1.0,2,-1.0,-1.0,2,-1.0,-1.0,2,-1.0,-1.0,2,-1.0,-1.0,2,-1.0,-1.0,2,-1.0,-1.0,2,-1.0,-1.0,2,-1.0,-1.0,1.0,9.38,0.0,5.21,2.0,13.83,2.0,14.46,YES,YES,2.0,21.44,3.0,24.0,0.0,4.77,2.0,22.86,7.0,39.54,7.0,30.31,2.0,11.5,1.0,10.82,1.0,9.03,1.0,9.5,5.0,28.7,1,1,1,1,4.0,6.0,1,1,1.0,2,4.0,1.0,-1.05,-0.97,1.0,2.0,12.0,12.0,1,2,2.0,1.0,1.0,1.0,2.0,1.0,1.0,1.0,3.0,2.81,2.0,-1.0,-1.0,-1.0,-1.0,-1.0,-1.0
11,1,2,1,1,2,2,80,19-35,1,1,1,2,9.0,13.0,7.0,2.0,-1.0,-1.0,-1.0,-1.0,-1.0,359.9276815,1985,-1.0,-1.0,-1.0,-1.0,-1.0,-1.0,-0.92,-1.0,-1.0,-1.0,1.0,3.0,1.0,2.0,-1.0,2.0,-1.0,-1.0,2.0,-1.0,2.0,-1.0,-1.0,-1.0,-1.0,-1.0,-1.0,1.0,1.0,2.0,1.0,1.0,-1.0,-1.0,1.0,1.0,1.0,1.0,25000.0,-1.0,-1.0,<10k,2,-1.0,-1.0,2,-1.0,-1.0,2,-1.0,-1.0,2,-1.0,-1.0,2,-1.0,-1.0,2,-1.0,-1.0,2,-1.0,-1.0,2,-1.0,-1.0,2,-1.0,-1.0,2,-1.0,-1.0,1.0,8.27,0.0,4.85,2.0,16.57,2.0,13.11,YES,YES,2.0,20.12,3.0,28.03,0.0,4.47,2.0,23.55,7.0,29.68,7.0,30.88,2.0,16.49,1.0,10.0,1.0,8.27,1.0,11.56,5.0,32.66,1,1,1,1,4.0,6.0,1,1,1.0,2,4.0,1.0,-0.96,-1.13,1.0,2.0,12.0,12.0,1,2,2.0,1.0,1.0,1.0,2.0,1.0,1.0,1.0,3.0,2.83,2.0,-1.0,-1.0,-1.0,-1.0,-1.0,-1.0
11,1,2,1,1,3,1,10,0-18,1,1,1,1,2.0,3.0,-1.0,-1.0,-1.0,-1.0,-1.0,-1.0,-1.0,359.9276815,2010,1.0,1.0,4.0,3.0,2.04,3.0,10.01,-1.0,-1.0,-1.0,2.0,-1.0,-1.0,2.0,-1.0,2.0,-1.0,-1.0,2.0,-1.0,2.0,-1.0,-1.0,-1.0,-1.0,-1.0,-1.0,2.0,3.0,2.0,1.0,3.0,1.0,1.0,3.0,4.0,4.0,-1.0,-1.0,-1.0,-1.0,<10k,2,-1.0,-1.0,2,-1.0,-1.0,2,-1.0,-1.0,2,-1.0,-1.0,2,-1.0,-1.0,2,-1.0,-1.0,2,-1.0,-1.0,2,-1.0,-1.0,2,-1.0,-1.0,2,-1.0,-1.0,1.0,8.86,0.0,5.28,2.0,15.81,2.0,14.65,YES,YES,2.0,23.1,3.0,23.48,0.0,4.74,2.0,24.37,7.0,36.25,7.0,32.42,2.0,13.94,1.0,7.7,1.0,9.53,1.0,7.47,5.0,36.22,1,1,1,1,4.0,6.0,1,1,1.0,2,4.0,1.0,-1.08,-1.04,1.0,2.0,12.0,12.0,1,2,2.0,1.0,1.0,1.0,2.0,1.0,1.0,1.0,3.0,2.63,2.0,-1.0,-1.0,-1.0,-1.0,-1.0,-1.0
11,1,2,1,1,3,2,10,0-18,1,1,1,1,2.0,0.0,-1.0,-1.0,-1.0,-1.0,-1.0,-1.0,-1.0,359.9276815,2013,1.0,1.0,1.0,19.0,2.21,3.0,9.72,-1.0,-1.0,-1.0,2.0,-1.0,-1.0,2.0,-1.0,2.0,-1.0,-1.0,2.0,-1.0,2.0,-1.0,-1.0,-1.0,-1.0,-1.0,-1.0,2.0,1.0,2.0,1.0,1.0,-1.0,-1.0,1.0,1.0,1.0,-1.0,-1.0,-1.0,-1.0,<10k,2,-1.0,-1.0,2,-1.0,-1.0,2,-1.0,-1.0,2,-1.0,-1.0,2,-1.0,-1.0,2,-1.0,-1.0,2,-1.0,-1.0,2,-1.0,-1.0,2,-1.0,-1.0,2,-1.0,-1.0,1.0,8.98,0.0,6.06,2.0,14.43,2.0,15.25,YES,YES,2.0,18.5,3.0,28.64,0.0,4.73,2.0,26.67,7.0,36.61,7.0,30.23,2.0,15.97,1.0,10.5,1.0,11.42,1.0,10.24,5.0,29.94,1,1,1,1,4.0,6.0,1,1,1.0,2,4.0,1.0,-1.16,-1.09,1.0,2.0,12.0,12.0,1,2,2.0,1.0,1.0,1.0,2.0,1.0,1.0,1.0,3.0,3.06,2.0,-1.0,-1.0,-1.0,-1.0,-1.0,-1.0
11,1,2,1,1,1,1,80,36-50,1,1,1,2,9.0,13.0,1.0,1.0,5121.0,55101.0,3.0,-1.0,-1.0,359.9276815,1981,-1.0,-1.0,-1.0,-1.0,-1.04,-1.0,-1.11,-1.0,-1.0,-1.0,2.0,-1.0,-1.0,2.0,-1.0,2.0,-1.0,-1.0,2.0,-1.0,2.0,-1.0,-1.0,-1.0,-1.0,-1.0,-1.0,1.0,1.0,2.0,1.0,1.0,-1.0,-1.0,1.0,1.0,1.0,1.0,45000.0,-1.0,-1.0,<10k,2,-1.0,-1.0,2,-1.0,-1.0,2,-1.0,-1.0,2,-1.0,-1.0,2,-1.0,-1.0,2,-1.0,-1.0,2,-1.0,-1.0,2,-1.0,-1.0,2,-1.0,-1.0,2,-1.0,-1.0,1.0,10.6,0.0,4.33,2.0,14.73,2.0,15.33,YES,YES,2.0,17.89,3.0,21.66,0.0,5.81,2.0,20.66,7.0,36.13,7.0,28.12,2.0,14.37,1.0,9.29,1.0,10.72,1.0,10.11,5.0,25.24,1,1,1,1,4.0,6.0,1,1,1.0,2,4.0,1.0,-1.02,-1.02,1.0,2.0,12.0,12.0,1,2,2.0,1.0,1.0,1.0,2.0,1.0,1.0,1.0,3.0,3.5,2.0,-1.0,-1.0,-1.0,-1.0,-1.0,-1.0
11,1,2,1,1,2,2,80,19-35,1,1,1,2,9.0,13.0,1.0,1.0,4110.0,69101.0,3.0,-1.0,-1.0,359.9276815,1986,-1.0,-1.0,-1.0,-1.0,-0.92,-1.0,-0.96,-1.0,-1.0,-1.0,1.0,3.0,1.0,2.0,-1.0,2.0,-1.0,-1.0,2.0,-1.0,2.0,-1.0,-1.0,-1.0,-1.0,-1.0,-1.0,1.0,1.0,2.0,1.0,1.0,-1.0,-1.0,1.0,1.0,1.0,1.0,25000.0,-1.0,-1.0,<10k,2,-1.0,-1.0,2,-1.0,-1.0,2,-1.0,-1.0,2,-1.0,-1.0,2,-1.0,-1.0,2,-1.0,-1.0,2,-1.0,-1.0,2,-1.0,-1.0,2,-1.0,-1.0,2,-1.0,-1.0,1.0,10.12,0.0,6.03,2.0,13.95,2.0,14.83,YES,YES,2.0,19.55,3.0,27.58,0.0,4.56,2.0,23.05,7.0,34.7,7.0,31.19,2.0,17.06,1.0,10.54,1.0,9.36,1.0,11.01,5.0,27.71,1,1,1,1,4.0,6.0,1,1,1.0,2,4.0,1.0,-1.16,-0.88,1.0,2.0,12.0,12.0,1,2,2.0,1.0,1.0,1.0,2.0,1.0,1.0,1.0,3.0,3.52,2.0,-1.0,-1.0,-1.0,-1.0,-1.0,-1.0
11,1,2,1,1,3,2,10,0-18,1,1,1,1,2.0,2.0,-1.0,-1.0,-1.0,-1.0,-1.0,-1.0,-1.0,359.9276815,2011,1.0,1.0,4.0,3.0,1.82,3.0,10.37,-1.0,-1.0,-1.0,2.0,-1.0,-1.0,2.0,-1.0,2.0,-1.0,-1.0,2.0,-1.0,2.0,-1.0,-1.0,-1.0,-1.0,-1.0,-1.0,2.0,3.0,2.0,1.0,3.0,1.0,1.0,3.0,4.0,4.0,-1.0,-1.0,-1.0,-1.0,<10k,2,-1.0,-1.0,2,-1.0,-1.0,2,-1.0,-1.0,2,-1.0,-1.0,2,-1.0,-1.0,2,-1.0,-1.0,2,-1.0,-1.0,2,-1.0,-1.0,2,-1.0,-1.0,2,-1.0,-1.0,1.0,10.38,0.0,5.94,2.0,13.92,2.0,16.37,YES,YES,2.0,18.98,3.0,22.26,0.0,4.78,2.0,22.34,7.0,31.7,7.0,25.23,2.0,13.69,1.0,8.51,1.0,10.47,1.0,8.5,5.0,28.49,1,1,1,1,4.0,6.0,1,1,1.0,2,4.0,1.0,-1.12,-1.04,1.0,2.0,12.0,12.0,1,2,2.0,1.0,1.0,1.0,2.0,1.0,1.0,1.0,3.0,3.04,2.0,-1.0,-1.0,-1.0,-1.0,-1.0,-1.0
11,1,2,1,1,3,2,10,0-18,1,1,1,1,-1.0,-1.0,-1.0,-1.0,-1.0,-1.0,-1.0,-1.0,-1.0,359.9276815,2016,1.0,1.0,1.0,19.0,2.11,3.0,11.46,-1.0,-1.0,-1.0,2.0,-1.0,-1.0,2.0,-1.0,2.0,-1.0,-1.0,2.0,-1.0,2.0,-1.0,-1.0,-1.0,-1.0,-1.0,-1.0,2.0,1.0,2.0,1.0,1.0,-1.0,-1.0,1.0,1.0,1.0,-1.0,-1.0,-1.0,-1.0,<10k,2,-1.0,-1.0,2,-1.0,-1.0,2,-1.0,-1.0,2,-1.0,-1.0,2,-1.0,-1.0,2,-1.0,-1.0,2,-1.0,-1.0,2,-1.0,-1.0,2,-1.0,-1.0,2,-1.0,-1.0,1.0,9.27,0.0,5.22,2.0,12.08,2.0,12.35,YES,YES,2.0,20.22,3.0,25.85,0.0,4.52,2.0,30.87,7.0,41.12,7.0,31.99,2.0,14.69,1.0,8.56,1.0,11.08,1.0,10.66,5.0,28.51,1,1,1,1,4.0,6.0,1,1,1.0,2,4.0,1.0,-0.93,-0.88,1.0,2.0,12.0,12.0,1,2,2.0,1.0,1.0,1.0,2.0,1.0,1.0,1.0,3.0,2.87,2.0,-1.0,-1.0,-1.0,-1.0,-1.0,-1.0
11,1,2,1,1,1,1,60,51-65,1,1,1,2,9.0,11.0,1.0,1.0,5221.0,47113.0,5.0,-1.0,-1.0,359.9276815,1965,-1.0,-1.0,-1.0,-1.0,-1.12,-1.0,-0.85,-1.0,-1.0,-1.0,2.0,-1.0,-1.0,2.0,-1.0,2.0,-1.0,-1.0,2.0,-1.0,2.0,-1.0,-1.0,-1.0,-1.0,-1.0,-1.0,1.0,1.0,2.0,1.0,1.0,-1.0,-1.0,1.0,1.0,1.0,1.0,45000.0,-1.0,-1.0,<10k,2,-1.0,-1.0,2,-1.0,-1.0,2,-1.0,-1.0,2,-1.0,-1.0,2,-1.0,-1.0,2,-1.0,-1.0,2,-1.0,-1.0,2,-1.0,-1.0,2,-1.0,-1.0,2,-1.0,-1.0,1.0,9.69,0.0,4.05,2.0,15.12,2.0,17.32,YES,YES,2.0,22.38,3.0,26.83,0.0,5.45,2.0,28.13,7.0,27.62,7.0,28.64,2.0,13.09,1.0,9.56,1.0,9.61,1.0,12.74,5.0,32.91,1,1,1,1,4.0,6.0,1,1,1.0,2,4.0,1.0,-0.99,-1.07,1.0,2.0,12.0,12.0,1,2,2.0,1.0,1.0,1.0,2.0,1.0,1.0,1.0,3.0,2.97,2.0,-1.0,-1.0,-1.0,-1.0,-1.0,-1.0
11,1,2,1,1,2,2,70,36-50,1,1,1,2,9.0,13.0,1.0,1.0,4110.0,84110.0,1.0,-1.0,-1.0,359.9276815,1971,-1.0,-1.0,-1.0,-1.0,-1.26,-1.0,-0.91,-1.0,-1.0,-1.0,1.0,3.0,1.0,2.0,-1.0,2.0,-1.0,-1.0,2.0,-1.0,2.0,-1.0,-1.0,-1.0,-1.0,-1.0,-1.0,1.0,1.0,2.0,1.0,1.0,-1.0,-1.0,1.0,1.0,1.0,1.0,25000.0,-1.0,-1.0,<10k,2,-1.0,-1.0,2,-1.0,-1.0,2,-1.0,-1.0,2,-1.0,-1.0,2,-1.0,-1.0,2,-1.0,-1.0,2,-1.0,-1.0,2,-1.0,-1.0,2,-1.0,-1.0,2,-1.0,-1.0,1.0,11.47,0.0,5.28,2.0,12.04,2.0,14.94,YES,YES,2.0,24.66,3.0,26.28,0.0,5.2,2.0,24.92,7.0,38.78,7.0,33.26,2.0,16.21,1.0,10.27,1.0,11.76,1.0,8.9,5.0,35.14,1,1,1,1,4.0,6.0,1,1,1.0,2,4.0,1.0,-1.04,-1.01,1.0,2.0,12.0,12.0,1,2,2.0,1.0,1.0,1.0,2.0,1.0,1.0,1.0,3.0,2.71,2.0,-1.0,-1.0,-1.0,-1.0,-1.0,-1.0
11,1,2,1,1,3,2,90,19-35,1,1,1,1,2.0,12.0,8.0,2.0,-1.0,-1.0,-1.0,-1.0,-1.0,359.9276815,1999,1.0,1.0,4.0,3.0,2.06,3.0,8.4,-1.0,-1.0,-1.0,2.0,-1.0,-1.0,2.0,-1.0,2.0,-1.0,-1.0,2.0,-1.0,2.0,-1.0,-1.0,-1.0,-1.0,-1.0,-1.0,2.0,3.0,2.0,1.0,3.0,1.0,1.0,3.0,4.0,4.0,-1.0,-1.0,-1.0,-1.0,<10k,2,-1.0,-1.0,2,-1.0,-1.0,2,-1.0,-1.0,2,-1.0,-1.0,2,-1.0,-1.0,2,-1.0,-1.0,2,-1.0,-1.0,2,-1.0,-1.0,2,-1.0,-1.0,2,-1.0,-1.0,1.0,9.96,0.0,4.72,2.0,15.11,2.0,15.07,YES,YES,2.0,16.75,3.0,22.07,0.0,5.36,2.0,24.75,7.0,35.89,7.0,31.01,2.0,12.01,1.0,11.8,1.0,8.21,1.0,10.26,5.0,31.85,1,1,1,1,4.0,6.0,1,1,1.0,2,4.0,1.0,-0.94,-0.86,1.0,2.0,12.0,12.0,1,2,2.0,1.0,1.0,1.0,2.0,1.0,1.0,1.0,3.0,2.45,2.0,-1.0,-1.0,-1.0,-1.0,-1.0,-1.0
11,1,2,1,1,3,1,0,0-18,1,1,1,1,2.0,10.0,8.0,2.0,-1.0,-1.0,-1.0,-1.0,-1.0,359.9276815,2003,1.0,1.0,1.0,19.0,1.84,3.0,9.89,-1.0,-1.0,-1.0,2.0,-1.0,-1.0,2.0,-1.0,2.0,-1.0,-1.0,2.0,-1.0,2.0,-1.0,-1.0,-1.0,-1.0,-1.0,-1.0,2.0,1.0,2.0,1.0,1.0,-1.0,-1.0,1.0,1.0,1.0,-1.0,-1.0,-1.0,-1.0,<10k,2,-1.0,-1.0,2,-1.0,-1.0,2,-1.0,-1.0,2,-1.0,-1.0,2,-1.0,-1.0,2,-1.0,-1.0,2,-1.0,-1.0,2,-1.0,-1.0,2,-1.0,-1.0,2,-1.0,-1.0,1.0,9.19,0.0,5.39,2.0,11.77,2.0,12.06,YES,YES,2.0,19.88,3.0,26.74,0.0,4.84,2.0,25.68,7.0,32.42,7.0,31.6,2.0,12.33,1.0,9.89,1.0,9.86,1.0,9.95,5.0,31.58,1,1,1,1,4.0,6.0,1,1,1.0,2,4.0,1.0,-0.88,-0.95,1.0,2.0,12.0,12.0,1,2,2.0,1.0,1.0,1.0,2.0,1.0,1.0,1.0,3.0,3.1,2.0,-1.0,-1.0,-1.0,-1.0,-1.0,-1.0
11,1,2,1,1,1,1,80,36-50,1,1,1,2,9.0,15.0,2.0,1.0,3341.0,84130.0,3.0,-1.0,-1.0,359.9276815,1981,-1.0,-1.0,-1.0,-1.0,-0.94,-1.0,-1.04,-1.0,-1.0,-1.0,2.0,-1.0,-1.0,2.0,-1.0,2.0,-1.0,-1.0,2.0,-1.0,2.0,-1.0,-1.0,-1.0,-1.0,-1.0,-1.0,1.0,1.0,2.0,1.0,1.0,-1.0,-1.0,1.0,1.0,1.0,1.0,45000.0,-1.0,-1.0,<10k,2,-1.0,-1.0,2,-1.0,-1.0,2,-1.0,-1.0,2,-1.0,-1.0,2,-1.0,-1.0,2,-1.0,-1.0,2,-1.0,-1.0,2,-1.0,-1.0,2,-1.0,-1.0,2,-1.0,-1.0,1.0,9.89,0.0,4.63,2.0,15.17,2.0,16.28,YES,YES,2.0,19.44,3.0,21.46,0.0,5.77,2.0,19.42,7.0,39.77,7.0,30.65,2.0,14.72,1.0,10.02,1.0,12.49,1.0,11.16,5.0,35.2,1,1,1,1,4.0,6.0,1,1,1.0,2,4.0,1.0,-1.01,-1.04,1.0,2.0,12.0,12.0,1,2,2.0,1.0,1.0,1.0,2.0,1.0,1.0,1.0,3.0,2.95,2.0,-1.0,-1.0,-1.0,-1.0,-1.0,-1.0
11,1,2,1,1,2,2,80,36-50,1,1,1,2,9.0,15.0,3.0,1.0,2611.0,84230.0,3.0,-1.0,-1.0,359.9276815,1981,-1.0,-1.0,-1.0,-1.0,-0.91,-1.0,-1.01,-1.0,-1.0,-1.0,1.0,3.0,1.0,2.0,-1.0,2.0,-1.0,-1.0,2.0,-1.0,2.0,-1.0,-1.0,-1.0,-1.0,-1.0,-1.0,1.0,1.0,2.0,1.0,1.0,-1.0,-1.0,1.0,1.0,1.0,1.0,25000.0,-1.0,-1.0,<10k,2,-1.0,-1.0,2,-1.0,-1.0,2,-1.0,-1.0,2,-1.0,-1.0,2,-1.0,-1.0,2,-1.0,-1.0,2,-1.0,-1.0,2,-1.0,-1.0,2,-1.0,-1.0,2,-1.0,-1.0,1.0,10.19,0.0,5.4,2.0,16.49,2.0,13.49,YES,YES,2.0,22.03,3.0,27.75,0.0,4.88,2.0,28.26,7.0,31.14,7.0,27.05,2.0,14.32,1.0,9.67,1.0,11.06,1.0,11.37,5.0,25.6,1,1,1,1,4.0,6.0,1,1,1.0,2,4.0,1.0,-1.12,-1.11,1.0,2.0,12.0,12.0,1,2,2.0,1.0,1.0,1.0,2.0,1.0,1.0,1.0,3.0,2.63,2.0,-1.0,-1.0,-1.0,-1.0,-1.0,-1.0
11,1,2,1,1,3,1,10,0-18,1,1,1,1,-1.0,-1.0,-1.0,-1.0,-1.0,-1.0,-1.0,-1.0,-1.0,359.9276815,2017,1.0,1.0,4.0,3.0,1.84,3.0,9.82,-1.0,-1.0,-1.0,2.0,-1.0,-1.0,2.0,-1.0,2.0,-1.0,-1.0,2.0,-1.0,2.0,-1.0,-1.0,-1.0,-1.0,-1.0,-1.0,2.0,3.0,2.0,1.0,3.0,1.0,1.0,3.0,4.0,4.0,-1.0,-1.0,-1.0,-1.0,<10k,2,-1.0,-1.0,2,-1.0,-1.0,2,-1.0,-1.0,2,-1.0,-1.0,2,-1.0,-1.0,2,-1.0,-1.0,2,-1.0,-1.0,2,-1.0,-1.0,2,-1.0,-1.0,2,-1.0,-1.0,1.0,7.92,0.0,5.56,2.0,14.69,2.0,17.01,YES,YES,2.0,19.52,3.0,25.45,0.0,5.05,2.0,25.36,7.0,32.54,7.0,27.83,2.0,17.55,1.0,10.32,1.0,11.12,1.0,11.06,5.0,32.12,1,1,1,1,4.0,6.0,1,1,1.0,2,4.0,1.0,-1.09,-0.91,1.0,2.0,12.0,12.0,1,2,2.0,1.0,1.0,1.0,2.0,1.0,1.0,1.0,3.0,2.88,2.0,-1.0,-1.0,-1.0,-1.0,-1.0,-1.0
11,1,2,1,1,5,2,40,66+,1,1,1,2,9.0,15.0,9.0,2.0,-1.0,-1.0,-1.0,-1.0,-1.0,359.9276815,1944,1.0,1.0,1.0,19.0,2.0,3.0,9.56,-1.0,-1.0,-1.0,2.0,-1.0,-1.0,2.0,-1.0,2.0,-1.0,-1.0,2.0,-1.0,2.0,-1.0,-1.0,-1.0,-1.0,-1.0,-1.0,2.0,1.0,2.0,1.0,1.0,-1.0,-1.0,1.0,1.0,1.0,-1.0,-1.0,-1.0,-1.0,<10k,2,-1.0,-1.0,2,-1.0,-1.0,2,-1.0,-1.0,2,-1.0,-1.0,2,-1.0,-1.0,2,-1.0,-1.0,2,-1.0,-1.0,2,-1.0,-1.0,2,-1.0,-1.0,2,-1.0,-1.0,1.0,10.3,0.0,4.81,2.0,12.08,2.0,17.46,YES,YES,2.0,20.1,3.0,21.46,0.0,4.78,2.0,25.77,7.0,36.81,7.0,26.22,2.0,14.89,1.0,10.79,1.0,11.51,1.0,10.18,5.0,34.69,1,1,1,1,4.0,6.0,1,1,1.0,2,4.0,1.0,-0.96,-0.96,1.0,2.0,12.0,12.0,1,2,2.0,1.0,1.0,1.0,2.0,1.0,1.0,1.0,3.0,3.03,2.0,-1.0,-1.0,-1.0,-1.0,-1.0,-1.0
11,1,2,1,1,1,1,70,36-50,1,1,1,2,9.0,13.0,1.0,1.0,1420.0,46303.0,5.0,-1.0,-1.0,359.9276815,1971,-1.0,-1.0,-1.0,-1.0,-1.02,-1.0,-0.96,-1.0,-1.0,-1.0,2.0,-1.0,-1.0,2.0,-1.0,2.0,-1.0,-1.0,2.0,-1.0,2.0,-1.0,-1.0,-1.0,-1.0,-1.0,-1.0,1.0,1.0,2.0,1.0,1.0,-1.0,-1.0,1.0,1.0,1.0,1.0,45000.0,-1.0,-1.0,<10k,2,-1.0,-1.0,2,-1.0,-1.0,2,-1.0,-1.0,2,-1.0,-1.0,2,-1.0,-1.0,2,-1.0,-1.0,2,-1.0,-1.0,2,-1.0,-1.0,2,-1.0,-1.0,2,-1.0,-1.0,1.0,8.36,0.0,5.11,2.0,14.94,2.0,14.81,YES,YES,2.0,17.27,3.0,23.22,0.0,5.03,2.0,22.78,7.0,36.37,7.0,34.9,2.0,14.05,1.0,9.52,1.0,9.4,1.0,10.61,5.0,31.44,1,1,1,1,4.0,6.0,1,1,1.0,2,4.0,1.0,-1.02,-0.99,1.0,2.0,12.0,12.0,1,2,2.0,1.0,1.0,1.0,2.0,1.0,1.0,1.0,3.0,3.48,2.0,-1.0,-1.0,-1.0,-1.0,-1.0,-1.0
11,1,2,1,1,2,2,70,36-50,1,1,1,2,9.0,13.0,7.0,2.0,-1.0,-1.0,-1.0,-1.0,-1.0,359.9276815,1973,-1.0,-1.0,-1.0,-1.0,-1.04,-1.0,-1.15,-1.0,-1.0,-1.0,1.0,3.0,1.0,2.0,-1.0,2.0,-1.0,-1.0,2.0,-1.0,2.0,-1.0,-1.0,-1.0,-1.0,-1.0,-1.0,1.0,1.0,2.0,1.0,1.0,-1.0,-1.0,1.0,1.0,1.0,1.0,25000.0,-1.0,-1.0,<10k,2,-1.0,-1.0,2,-1.0,-1.0,2,-1.0,-1.0,2,-1.0,-1.0,2,-1.0,-1.0,2,-1.0,-1.0,2,-1.0,-1.0,2,-1.0,-1.0,2,-1.0,-1.0,2,-1.0,-1.0,1.0,9.97,0.0,5.4,2.0,15.27,2.0,14.52,YES,YES,2.0,18.47,3.0,23.43,0.0,5.35,2.0,25.68,7.0,30.07,7.0,24.56,2.0,14.93,1.0,7.91,1.0,9.65,1.0,8.82,5.0,32.08,1,1,1,1,4.0,6.0,1,1,1.0,2,4.0,1.0,-0.95,-0.96,1.0,2.0,12.0,12.0,1,2,2.0,1.0,1.0,1.0,2.0,1.0,1.0,1.0,3.0,3.22,2.0,-1.0,-1.0,-1.0,-1.0,-1.0,-1.0
11,1,2,1,1,3,2,90,19-35,1,1,1,1,9.0,13.0,99.0,2.0,-1.0,-1.0,-1.0,-1.0,-1.0,359.9276815,1998,1.0,1.0,4.0,3.0,1.72,3.0,9.74,-1.0,-1.0,-1.0,2.0,-1.0,-1.0,2.0,-1.0,2.0,-1.0,-1.0,2.0,-1.0,2.0,-1.0,-1.0,-1.0,-1.0,-1.0,-1.0,2.0,3.0,2.0,1.0,3.0,1.0,1.0,3.0,4.0,4.0,-1.0,-1.0,-1.0,-1.0,<10k,2,-1.0,-1.0,2,-1.0,-1.0,2,-1.0,-1.0,2,-1.0,-1.0,2,-1.0,-1.0,2,-1.0,-1.0,2,-1.0,-1.0,2,-1.0,-1.0,2,-1.0,-1.0,2,-1.0,-1.0,1.0,8.16,0.0,5.01,2.0,14.38,2.0,14.19,YES,YES,2.0,22.3,3.0,28.03,0.0,5.78,2.0,26.36,7.0,36.24,7.0,25.2,2.0,15.4,1.0,11.82,1.0,11.23,1.0,12.01,5.0,33.15,1,1,1,1,4.0,6.0,1,1,1.0,2,4.0,1.0,-1.02,-1.08,1.0,2.0,12.0,12.0,1,2,2.0,1.0,1.0,1.0,2.0,1.0,1.0,1.0,3.0,2.52,2.0,-1.0,-1.0,-1.0,-1.0,-1.0,-1.0
11,1,2,1,1,3,1,0,0-18,1,1,1,1,2.0,12.0,8.0,2.0,-1.0,-1.0,-1.0,-1.0,-1.0,359.9276815,2001,1.0,1.0,1.0,19.0,2.24,3.0,10.74,-1.0,-1.0,-1.0,2.0,-1.0,-1.0,2.0,-1.0,2.0,-1.0,-1.0,2.0,-1.0,2.0,-1.0,-1.0,-1.0,-1.0,-1.0,-1.0,2.0,1.0,2.0,1.0,1.0,-1.0,-1.0,1.0,1.0,1.0,-1.0,-1.0,-1.0,-1.0,<10k,2,-1.0,-1.0,2,-1.0,-1.0,2,-1.0,-1.0,2,-1.0,-1.0,2,-1.0,-1.0,2,-1.0,-1.0,2,-1.0,-1.0,2,-1.0,-1.0,2,-1.0,-1.0,2,-1.0,-1.0,1.0,7.95,0.0,5.18,2.0,14.59,2.0,16.23,YES,YES,2.0,20.1,3.0,25.31,0.0,4.55,2.0,24.7,7.0,32.7,7.0,36.63,2.0,15.5,1.0,8.99,1.0,9.09,1.0,10.68,5.0,27.07,1,1,1,1,4.0,6.0,1,1,1.0,2,4.0,1.0,-1.0,-1.09,1.0,2.0,12.0,12.0,1,2,2.0,1.0,1.0,1.0,2.0,1.0,1.0,1.0,3.0,3.1,2.0,-1.0,-1.0,-1.0,-1.0,-1.0,-1.0
11,1,2,1,1,3,1,10,0-18,1,1,1,1,2.0,2.0,-1.0,-1.0,-1.0,-1.0,-1.0,-1.0,-1.0,359.9276815,2011,1.0,1.0,3.0,2.0,0.87,3.0,14.96,-1.0,-1.0,-1.0,1.0,3.0,1.0,2.0,-1.0,2.0,-1.0,-1.0,2.0,-1.0,2.0,-1.0,-1.0,-1.0,-1.0,-1.0,-1.0,2.0,1.0,2.0,1.0,1.0,-1.0,-1.0,1.0,1.0,1.0,-1.0,-1.0,-1.0,-1.0,<10k,2,-1.0,-1.0,2,-1.0,-1.0,2,-1.0,-1.0,2,-1.0,-1.0,2,-1.0,-1.0,2,-1.0,-1.0,2,-1.0,-1.0,2,-1.0,-1.0,2,-1.0,-1.0,2,-1.0,-1.0,1.0,8.5,0.0,4.82,2.0,13.6,2.0,14.86,YES,YES,2.0,19.79,3.0,26.78,0.0,4.44,2.0,24.03,7.0,32.21,7.0,29.12,2.0,13.72,1.0,9.88,1.0,10.12,1.0,10.26,5.0,33.16,1,1,1,1,4.0,6.0,1,1,1.0,2,4.0,1.0,-0.98,-0.95,1.0,2.0,12.0,12.0,1,2,2.0,1.0,1.0,1.0,2.0,1.0,1.0,1.0,3.0,2.95,2.0,-1.0,-1.0,-1.0,-1.0,-1.0,-1.0
11,1,2,1,1,1,1,50,51-65,1,1,1,1,9.0,10.0,1.0,1.0,3422.0,96092.0,3.0,-1.0,-1.0,359.9276815,1958,-1.0,-1.0,-1.0,-1.0,-0.73,-1.0,-1.12,-1.0,-1.0,-1.0,2.0,-1.0,-1.0,2.0,-1.0,2.0,-1.0,-1.0,2.0,-1.0,2.0,-1.0,-1.0,-1.0,-1.0,-1.0,-1.0,1.0,1.0,2.0,1.0,1.0,-1.0,-1.0,1.0,1.0,1.0,1.0,45000.0,-1.0,-1.0,<10k,2,-1.0,-1.0,2,-1.0,-1.0,2,-1.0,-1.0,2,-1.0,-1.0,2,-1.0,-1.0,2,-1.0,-1.0,2,-1.0,-1.0,2,-1.0,-1.0,2,-1.0,-1.0,2,-1.0,-1.0,1.0,8.77,0.0,4.93,2.0,13.7,2.0,13.08,YES,YES,2.0,18.8,3.0,26.76,0.0,4.91,2.0,26.31,7.0,35.25,7.0,31.56,2.0,13.94,1.0,10.8,1.0,9.88,1.0,9.32,5.0,28.28,1,1,1,1,4.0,6.0,1,1,1.0,2,4.0,1.0,-1.26,-1.02,1.0,2.0,12.0,12.0,1,2,2.0,1.0,1.0,1.0,2.0,1.0,1.0,1.0,3.0,3.0,2.0,-1.0,-1.0,-1.0,-1.0,-1.0,-1.0
11,1,2,1,1,1,1,70,36-50,1,1,1,2,9.0,10.0,2.0,1.0,3115.0,64910.0,3.0,-1.0,-1.0,359.9276815,1971,-1.0,-1.0,-1.0,-1.0,-0.86,-1.0,-1.07,-1.0,-1.0,-1.0,2.0,-1.0,-1.0,2.0,-1.0,2.0,-1.0,-1.0,2.0,-1.0,2.0,-1.0,-1.0,-1.0,-1.0,-1.0,-1.0,1.0,1.0,2.0,1.0,1.0,-1.0,-1.0,1.0,1.0,1.0,1.0,45000.0,-1.0,-1.0,<10k,2,-1.0,-1.0,2,-1.0,-1.0,2,-1.0,-1.0,2,-1.0,-1.0,2,-1.0,-1.0,2,-1.0,-1.0,2,-1.0,-1.0,2,-1.0,-1.0,2,-1.0,-1.0,2,-1.0,-1.0,1.0,9.61,0.0,4.84,2.0,14.3,2.0,18.21,YES,YES,2.0,19.11,3.0,29.57,0.0,4.8,2.0,21.89,7.0,34.84,7.0,30.95,2.0,14.62,1.0,9.13,1.0,10.51,1.0,10.27,5.0,34.36,1,1,1,1,4.0,6.0,1,1,1.0,2,4.0,1.0,-0.93,-0.9,1.0,2.0,12.0,12.0,1,2,2.0,1.0,1.0,1.0,2.0,1.0,1.0,1.0,3.0,3.01,2.0,-1.0,-1.0,-1.0,-1.0,-1.0,-1.0
11,1,2,1,1,2,2,70,36-50,1,1,1,2,9.0,10.0,7.0,2.0,-1.0,-1.0,-1.0,-1.0,-1.0,359.9276815,1975,-1.0,-1.0,-1.0,-1.0,-1.17,-1.0,-0.96,-1.0,-1.0,-1.0,1.0,3.0,1.0,2.0,-1.0,2.0,-1.0,-1.0,2.0,-1.0,2.0,-1.0,-1.0,-1.0,-1.0,-1.0,-1.0,1.0,1.0,2.0,1.0,1.0,-1.0,-1.0,1.0,1.0,1.0,1.0,25000.0,-1.0,-1.0,<10k,2,-1.0,-1.0,2,-1.0,-1.0,2,-1.0,-1.0,2,-1.0,-1.0,2,-1.0,-1.0,2,-1.0,-1.0,2,-1.0,-1.0,2,-1.0,-1.0,2,-1.0,-1.0,2,-1.0,-1.0,1.0,10.93,0.0,5.29,2.0,15.03,2.0,13.33,YES,YES,2.0,19.96,3.0,24.47,0.0,5.24,2.0,19.15,7.0,32.55,7.0,28.44,2.0,17.39,1.0,11.21,1.0,11.49,1.0,10.6,5.0,28.46,1,1,1,1,4.0,6.0,1,1,1.0,2,4.0,1.0,-0.87,-0.8,1.0,2.0,12.0,12.0,1,2,2.0,1.0,1.0,1.0,2.0,1.0,1.0,1.0,3.0,2.59,2.0,-1.0,-1.0,-1.0,-1.0,-1.0,-1.0
11,1,2,1,1,3,2,90,19-35,1,1,1,1,4.0,12.0,8.0,2.0,-1.0,-1.0,-1.0,-1.0,-1.0,359.9276815,1999,1.0,1.0,4.0,3.0,2.02,3.0,10.24,-1.0,-1.0,-1.0,2.0,-1.0,-1.0,2.0,-1.0,2.0,-1.0,-1.0,2.0,-1.0,2.0,-1.0,-1.0,-1.0,-1.0,-1.0,-1.0,2.0,3.0,2.0,1.0,3.0,1.0,1.0,3.0,4.0,4.0,-1.0,-1.0,-1.0,-1.0,<10k,2,-1.0,-1.0,2,-1.0,-1.0,2,-1.0,-1.0,2,-1.0,-1.0,2,-1.0,-1.0,2,-1.0,-1.0,2,-1.0,-1.0,2,-1.0,-1.0,2,-1.0,-1.0,2,-1.0,-1.0,1.0,8.62,0.0,5.44,2.0,14.2,2.0,13.77,YES,YES,2.0,17.43,3.0,24.94,0.0,5.63,2.0,25.67,7.0,35.97,7.0,29.33,2.0,15.47,1.0,10.62,1.0,10.93,1.0,9.8,5.0,32.09,1,1,1,1,4.0,6.0,1,1,1.0,2,4.0,1.0,-1.17,-0.95,1.0,2.0,12.0,12.0,1,2,2.0,1.0,1.0,1.0,2.0,1.0,1.0,1.0,3.0,3.31,2.0,-1.0,-1.0,-1.0,-1.0,-1.0,-1.0
11,1,2,1,1,3,2,0,0-18,1,1,1,1,2.0,7.0,-1.0,-1.0,-1.0,-1.0,-1.0,-1.0,-1.0,359.9276815,2006,1.0,1.0,1.0,19.0,1.8,3.0,10.09,-1.0,-1.0,-1.0,2.0,-1.0,-1.0,2.0,-1.0,2.0,-1.0,-1.0,2.0,-1.0,2.0,-1.0,-1.0,-1.0,-1.0,-1.0,-1.0,2.0,1.0,2.0,1.0,1.0,-1.0,-1.0,1.0,1.0,1.0,-1.0,-1.0,-1.0,-1.0,<10k,2,-1.0,-1.0,2,-1.0,-1.0,2,-1.0,-1.0,2,-1.0,-1.0,2,-1.0,-1.0,2,-1.0,-1.0,2,-1.0,-1.0,2,-1.0,-1.0,2,-1.0,-1.0,2,-1.0,-1.0,1.0,8.3,0.0,4.78,2.0,17.14,2.0,14.05,YES,YES,2.0,19.65,3.0,23.9,0.0,4.12,2.0,28.28,7.0,39.13,7.0,31.54,2.0,13.37,1.0,8.41,1.0,8.93,1.0,9.19,5.0,29.89,1,1,1,1,4.0,6.0,1,1,1.0,2,4.0,1.0,-1.17,-0.88,1.0,2.0,12.0,12.0,1,2,2.0,1.0,1.0,1.0,2.0,1.0,1.0,1.0,3.0,3.27,2.0,-1.0,-1.0,-1.0,-1.0,-1.0,-1.0
11,1,2,1,1,1,1,70,36-50,1,1,1,2,9.0,13.0,1.0,1.0,1439.0,49212.0,4.0,-1.0,-1.0,254.4943202,1971,-1.0,-1.0,-1.0,-1.0,-1.14,-1.0,-0.94,-1.0,-1.0,-1.0,2.0,-1.0,-1.0,2.0,-1.0,2.0,-1.0,-1.0,2.0,-1.0,2.0,-1.0,-1.0,-1.0,-1.0,-1.0,-1.0,2.0,1.0,2.0,1.0,1.0,-1.0,-1.0,1.0,1.0,1.0,1.0,42000.0,-1.0,-1.0,<10k,2,-1.0,-1.0,2,-1.0,-1.0,1,3000000.0,9.0,2,-1.0,-1.0,2,-1.0,-1.0,2,-1.0,-1.0,2,-1.0,-1.0,2,-1.0,-1.0,2,-1.0,-1.0,2,-1.0,-1.0,0.0,11.91,0.0,8.72,2.0,17.77,2.0,13.65,YES,YES,2.0,15.81,2.0,13.27,0.0,11.53,2.0,15.48,9.0,55.15,9.0,57.91,5.0,51.25,0.0,9.77,2.0,13.64,2.0,16.74,7.0,53.47,1,1,1,4,3.0,5.0,2,2,2.0,1,4.0,1.0,-0.93,-1.02,2.0,2.0,12.0,12.0,1,1,1.0,1.0,1.0,1.0,1.0,1.0,3.0,2.0,-1.0,-1.01,2.0,-1.0,-1.0,-1.0,-1.0,-1.0,-1.0
11,1,2,1,1,2,2,80,19-35,1,1,1,2,9.0,13.0,7.0,2.0,-1.0,-1.0,-1.0,-1.0,-1.0,254.4943202,1984,-1.0,-1.0,-1.0,-1.0,-1.0,-1.0,-1.03,-1.0,-1.0,-1.0,2.0,-1.0,-1.0,2.0,-1.0,2.0,-1.0,-1.0,2.0,-1.0,2.0,-1.0,-1.0,-1.0,-1.0,-1.0,-1.0,2.0,1.0,2.0,1.0,1.0,-1.0,-1.0,1.0,1.0,1.0,1.0,28000.0,-1.0,-1.0,<10k,2,-1.0,-1.0,2,-1.0,-1.0,1,3000000.0,9.0,2,-1.0,-1.0,2,-1.0,-1.0,2,-1.0,-1.0,2,-1.0,-1.0,2,-1.0,-1.0,2,-1.0,-1.0,2,-1.0,-1.0,0.0,9.94,0.0,11.06,2.0,15.9,2.0,16.6,YES,YES,2.0,13.33,2.0,15.71,0.0,9.42,2.0,16.88,9.0,59.37,9.0,62.31,5.0,43.61,0.0,8.07,2.0,15.48,2.0,15.74,7.0,55.54,1,1,1,4,3.0,5.0,2,2,2.0,1,4.0,1.0,-1.04,-1.03,2.0,2.0,12.0,12.0,1,1,1.0,1.0,1.0,1.0,1.0,1.0,3.0,2.0,-1.0,-0.98,2.0,-1.0,-1.0,-1.0,-1.0,-1.0,-1.0
11,1,2,1,1,3,2,0,0-18,1,1,1,1,2.0,5.0,-1.0,-1.0,-1.0,-1.0,-1.0,-1.0,-1.0,254.4943202,2008,1.0,2.0,6.0,5.0,4.1,3.0,11.22,-1.0,-1.0,-1.0,2.0,-1.0,-1.0,2.0,-1.0,2.0,-1.0,-1.0,2.0,-1.0,2.0,-1.0,-1.0,-1.0,-1.0,-1.0,-1.0,2.0,1.0,2.0,1.0,1.0,-1.0,-1.0,1.0,1.0,1.0,1.0,18000.0,-1.0,-1.0,<10k,2,-1.0,-1.0,2,-1.0,-1.0,1,3000000.0,9.0,2,-1.0,-1.0,2,-1.0,-1.0,2,-1.0,-1.0,2,-1.0,-1.0,2,-1.0,-1.0,2,-1.0,-1.0,2,-1.0,-1.0,0.0,10.6,0.0,9.02,2.0,14.93,2.0,11.49,YES,YES,2.0,14.6,2.0,17.37,0.0,9.6,2.0,15.32,9.0,71.28,9.0,67.56,5.0,43.37,0.0,8.36,2.0,15.37,2.0,12.62,7.0,48.32,1,1,1,4,3.0,5.0,2,2,2.0,1,4.0,1.0,-1.06,-1.01,2.0,2.0,12.0,12.0,1,1,1.0,1.0,1.0,1.0,1.0,1.0,3.0,2.0,-1.0,-1.08,2.0,-1.0,-1.0,-1.0,-1.0,-1.0,-1.0
11,1,2,1,1,3,1,10,0-18,1,1,1,1,2.0,1.0,-1.0,-1.0,-1.0,-1.0,-1.0,-1.0,-1.0,254.4943202,2012,1.0,2.0,2.0,1.0,3.78,3.0,10.06,-1.0,-1.0,-1.0,2.0,-1.0,-1.0,1.0,1.0,2.0,-1.0,-1.0,2.0,-1.0,2.0,-1.0,-1.0,-1.0,-1.0,-1.0,-1.0,2.0,1.0,2.0,1.0,1.0,-1.0,-1.0,1.0,1.0,1.0,-1.0,-1.0,-1.0,-1.0,<10k,2,-1.0,-1.0,2,-1.0,-1.0,1,3000000.0,9.0,2,-1.0,-1.0,2,-1.0,-1.0,2,-1.0,-1.0,2,-1.0,-1.0,2,-1.0,-1.0,2,-1.0,-1.0,2,-1.0,-1.0,0.0,10.35,0.0,9.6,2.0,15.72,2.0,16.38,YES,YES,2.0,13.0,2.0,11.41,0.0,9.75,2.0,12.79,9.0,57.34,9.0,59.69,5.0,45.48,0.0,9.94,2.0,14.11,2.0,15.19,7.0,56.05,1,1,1,4,3.0,5.0,2,2,2.0,1,4.0,1.0,-1.14,-1.15,2.0,2.0,12.0,12.0,1,1,1.0,1.0,1.0,1.0,1.0,1.0,3.0,2.0,-1.0,-1.19,2.0,-1.0,-1.0,-1.0,-1.0,-1.0,-1.0
11,1,2,1,1,1,1,50,51-65,1,1,1,2,9.0,9.0,1.0,1.0,8332.0,36001.0,2.0,-1.0,-1.0,254.4943202,1959,-1.0,-1.0,-1.0,-1.0,-1.05,-1.0,-1.01,-1.0,-1.0,-1.0,2.0,-1.0,-1.0,2.0,-1.0,2.0,-1.0,-1.0,2.0,-1.0,2.0,-1.0,-1.0,-1.0,-1.0,-1.0,-1.0,2.0,1.0,2.0,1.0,1.0,-1.0,-1.0,1.0,1.0,1.0,1.0,42000.0,-1.0,-1.0,<10k,2,-1.0,-1.0,2,-1.0,-1.0,1,3000000.0,9.0,2,-1.0,-1.0,2,-1.0,-1.0,2,-1.0,-1.0,2,-1.0,-1.0,2,-1.0,-1.0,2,-1.0,-1.0,2,-1.0,-1.0,0.0,10.68,0.0,8.06,2.0,10.97,2.0,14.89,YES,YES,2.0,15.57,2.0,15.82,0.0,9.6,2.0,14.64,9.0,61.96,9.0,55.11,5.0,46.16,0.0,10.95,2.0,15.11,2.0,14.59,7.0,42.36,1,1,1,4,3.0,5.0,2,2,2.0,1,4.0,1.0,-0.98,-0.88,2.0,2.0,12.0,12.0,1,1,1.0,1.0,1.0,1.0,1.0,1.0,3.0,2.0,-1.0,-0.96,2.0,-1.0,-1.0,-1.0,-1.0,-1.0,-1.0
11,1,2,1,1,2,2,60,51-65,1,1,1,2,9.0,9.0,7.0,2.0,-1.0,-1.0,-1.0,-1.0,-1.0,254.4943202,1964,-1.0,-1.0,-1.0,-1.0,-1.02,-1.0,-0.91,-1.0,-1.0,-1.0,2.0,-1.0,-1.0,2.0,-1.0,2.0,-1.0,-1.0,2.0,-1.0,2.0,-1.0,-1.0,-1.0,-1.0,-1.0,-1.0,2.0,1.0,2.0,1.0,1.0,-1.0,-1.0,1.0,1.0,1.0,1.0,28000.0,-1.0,-1.0,<10k,2,-1.0,-1.0,2,-1.0,-1.0,1,3000000.0,9.0,2,-1.0,-1.0,2,-1.0,-1.0,2,-1.0,-1.0,2,-1.0,-1.0,2,-1.0,-1.0,2,-1.0,-1.0,2,-1.0,-1.0,0.0,9.98,0.0,8.74,2.0,15.63,2.0,16.39,YES,YES,2.0,15.2,2.0,12.9,0.0,10.28,2.0,16.08,9.0,69.8,9.0,63.09,5.0,46.04,0.0,9.98,2.0,11.72,2.0,14.89,7.0,51.75,1,1,1,4,3.0,5.0,2,2,2.0,1,4.0,1.0,-1.19,-0.98,2.0,2.0,12.0,12.0,1,1,1.0,1.0,1.0,1.0,1.0,1.0,3.0,2.0,-1.0,-0.82,2.0,-1.0,-1.0,-1.0,-1.0,-1.0,-1.0
11,1,2,1,1,5,1,60,51-65,1,1,1,1,9.0,9.0,1.0,1.0,8332.0,49221.0,5.0,-1.0,-1.0,254.4943202,1964,1.0,2.0,6.0,5.0,4.03,3.0,8.17,-1.0,-1.0,-1.0,2.0,-1.0,-1.0,2.0,-1.0,2.0,-1.0,-1.0,2.0,-1.0,2.0,-1.0,-1.0,-1.0,-1.0,-1.0,-1.0,2.0,1.0,2.0,1.0,1.0,-1.0,-1.0,1.0,1.0,1.0,1.0,18000.0,-1.0,-1.0,<10k,2,-1.0,-1.0,2,-1.0,-1.0,1,3000000.0,9.0,2,-1.0,-1.0,2,-1.0,-1.0,2,-1.0,-1.0,2,-1.0,-1.0,2,-1.0,-1.0,2,-1.0,-1.0,2,-1.0,-1.0,0.0,9.73,0.0,8.29,2.0,14.87,2.0,17.19,YES,YES,2.0,14.44,2.0,15.35,0.0,11.31,2.0,15.63,9.0,65.29,9.0,52.83,5.0,47.09,0.0,10.7,2.0,13.95,2.0,17.01,7.0,52.96,1,1,1,4,3.0,5.0,2,2,2.0,1,4.0,1.0,-1.11,-1.04,2.0,2.0,12.0,12.0,1,1,1.0,1.0,1.0,1.0,1.0,1.0,3.0,2.0,-1.0,-1.01,2.0,-1.0,-1.0,-1.0,-1.0,-1.0,-1.0
11,1,2,1,1,1,1,60,36-50,1,1,1,2,9.0,10.0,2.0,1.0,8323.0,49222.0,5.0,-1.0,-1.0,254.4943202,1968,-1.0,-1.0,-1.0,-1.0,-1.09,-1.0,-0.98,-1.0,-1.0,-1.0,2.0,-1.0,-1.0,2.0,-1.0,2.0,-1.0,-1.0,2.0,-1.0,2.0,-1.0,-1.0,-1.0,-1.0,-1.0,-1.0,2.0,1.0,2.0,1.0,1.0,-1.0,-1.0,1.0,1.0,1.0,1.0,42000.0,-1.0,-1.0,<10k,2,-1.0,-1.0,2,-1.0,-1.0,1,3000000.0,9.0,2,-1.0,-1.0,2,-1.0,-1.0,2,-1.0,-1.0,2,-1.0,-1.0,2,-1.0,-1.0,2,-1.0,-1.0,2,-1.0,-1.0,0.0,8.89,0.0,12.39,2.0,13.74,2.0,14.79,YES,YES,2.0,17.01,2.0,15.84,0.0,8.97,2.0,16.8,9.0,60.53,9.0,62.16,5.0,37.22,0.0,10.58,2.0,14.08,2.0,14.81,7.0,55.94,1,1,1,4,3.0,5.0,2,2,2.0,1,4.0,1.0,-0.86,-1.04,2.0,2.0,12.0,12.0,1,1,1.0,1.0,1.0,1.0,1.0,1.0,3.0,2.0,-1.0,-1.01,2.0,-1.0,-1.0,-1.0,-1.0,-1.0,-1.0
11,1,2,1,1,2,2,70,36-50,1,1,1,2,9.0,13.0,7.0,2.0,-1.0,-1.0,-1.0,-1.0,-1.0,254.4943202,1973,-1.0,-1.0,-1.0,-1.0,-1.17,-1.0,-1.05,-1.0,-1.0,-1.0,2.0,-1.0,-1.0,2.0,-1.0,2.0,-1.0,-1.0,2.0,-1.0,2.0,-1.0,-1.0,-1.0,-1.0,-1.0,-1.0,2.0,1.0,2.0,1.0,1.0,-1.0,-1.0,1.0,1.0,1.0,1.0,28000.0,-1.0,-1.0,<10k,2,-1.0,-1.0,2,-1.0,-1.0,1,3000000.0,9.0,2,-1.0,-1.0,2,-1.0,-1.0,2,-1.0,-1.0,2,-1.0,-1.0,2,-1.0,-1.0,2,-1.0,-1.0,2,-1.0,-1.0,0.0,10.53,0.0,9.13,2.0,11.62,2.0,13.55,YES,YES,2.0,14.86,2.0,17.8,0.0,10.37,2.0,12.32,9.0,64.02,9.0,54.19,5.0,48.06,0.0,10.17,2.0,13.78,2.0,10.33,7.0,40.03,1,1,1,4,3.0,5.0,2,2,2.0,1,4.0,1.0,-0.88,-0.94,2.0,2.0,12.0,12.0,1,1,1.0,1.0,1.0,1.0,1.0,1.0,3.0,2.0,-1.0,-0.94,2.0,-1.0,-1.0,-1.0,-1.0,-1.0,-1.0
11,1,2,1,2,3,2,90,19-35,1,1,1,1,3.0,14.0,-1.0,-1.0,-1.0,-1.0,-1.0,1.0,2.0,254.4943202,1997,1.0,2.0,6.0,5.0,3.68,3.0,10.25,-1.0,-1.0,-1.0,2.0,-1.0,-1.0,2.0,-1.0,2.0,-1.0,-1.0,2.0,-1.0,2.0,-1.0,-1.0,-1.0,-1.0,-1.0,-1.0,2.0,1.0,2.0,1.0,1.0,-1.0,-1.0,1.0,1.0,1.0,1.0,18000.0,-1.0,-1.0,<10k,2,-1.0,-1.0,2,-1.0,-1.0,1,3000000.0,9.0,2,-1.0,-1.0,2,-1.0,-1.0,2,-1.0,-1.0,2,-1.0,-1.0,2,-1.0,-1.0,2,-1.0,-1.0,2,-1.0,-1.0,0.0,9.2,0.0,10.35,2.0,14.38,2.0,15.1,YES,YES,2.0,14.84,2.0,15.35,0.0,10.88,2.0,15.79,9.0,60.57,9.0,61.1,5.0,43.59,0.0,10.65,2.0,14.72,2.0,12.15,7.0,51.56,1,1,1,4,3.0,5.0,2,2,2.0,1,4.0,1.0,-1.04,-1.04,2.0,2.0,12.0,12.0,1,1,1.0,1.0,1.0,1.0,1.0,1.0,3.0,2.0,-1.0,-0.94,2.0,-1.0,-1.0,-1.0,-1.0,-1.0,-1.0
11,1,2,1,1,1,1,60,51-65,1,1,1,2,9.0,13.0,1.0,1.0,5221.0,47113.0,5.0,-1.0,-1.0,254.4943202,1962,-1.0,-1.0,-1.0,-1.0,-0.84,-1.0,-0.92,-1.0,-1.0,-1.0,2.0,-1.0,-1.0,2.0,-1.0,2.0,-1.0,-1.0,2.0,-1.0,2.0,-1.0,-1.0,-1.0,-1.0,-1.0,-1.0,2.0,1.0,2.0,1.0,1.0,-1.0,-1.0,1.0,1.0,1.0,1.0,42000.0,-1.0,-1.0,<10k,2,-1.0,-1.0,2,-1.0,-1.0,1,3000000.0,9.0,2,-1.0,-1.0,2,-1.0,-1.0,2,-1.0,-1.0,2,-1.0,-1.0,2,-1.0,-1.0,2,-1.0,-1.0,2,-1.0,-1.0,0.0,10.09,0.0,9.8,2.0,14.74,2.0,16.24,YES,YES,2.0,13.64,2.0,19.66,0.0,9.37,2.0,15.97,9.0,69.08,9.0,65.81,5.0,43.36,0.0,10.41,2.0,13.8,2.0,13.99,7.0,46.64,1,1,1,4,3.0,5.0,2,2,2.0,1,4.0,1.0,-0.88,-0.76,2.0,2.0,12.0,12.0,1,1,1.0,1.0,1.0,1.0,1.0,1.0,3.0,2.0,-1.0,-1.01,2.0,-1.0,-1.0,-1.0,-1.0,-1.0,-1.0
11,1,2,1,1,2,2,60,51-65,1,1,1,2,9.0,13.0,7.0,1.0,5211.0,47113.0,6.0,-1.0,-1.0,254.4943202,1964,-1.0,-1.0,-1.0,-1.0,-0.97,-1.0,-0.99,-1.0,-1.0,-1.0,2.0,-1.0,-1.0,2.0,-1.0,2.0,-1.0,-1.0,2.0,-1.0,2.0,-1.0,-1.0,-1.0,-1.0,-1.0,-1.0,2.0,1.0,2.0,1.0,1.0,-1.0,-1.0,1.0,1.0,1.0,1.0,28000.0,-1.0,-1.0,<10k,2,-1.0,-1.0,2,-1.0,-1.0,1,3000000.0,9.0,2,-1.0,-1.0,2,-1.0,-1.0,2,-1.0,-1.0,2,-1.0,-1.0,2,-1.0,-1.0,2,-1.0,-1.0,2,-1.0,-1.0,0.0,10.95,0.0,8.75,2.0,15.81,2.0,13.87,YES,YES,2.0,13.66,2.0,19.09,0.0,10.1,2.0,13.32,9.0,65.63,9.0,63.29,5.0,38.73,0.0,9.81,2.0,15.99,2.0,12.54,7.0,42.74,1,1,1,4,3.0,5.0,2,2,2.0,1,4.0,1.0,-0.9,-0.91,2.0,2.0,12.0,12.0,1,1,1.0,1.0,1.0,1.0,1.0,1.0,3.0,2.0,-1.0,-1.02,2.0,-1.0,-1.0,-1.0,-1.0,-1.0,-1.0
11,1,2,1,1,3,2,90,19-35,1,1,1,1,9.0,14.0,1.0,1.0,3313.0,64191.0,3.0,-1.0,-1.0,254.4943202,1994,1.0,2.0,6.0,5.0,3.45,3.0,9.24,-1.0,-1.0,-1.0,2.0,-1.0,-1.0,2.0,-1.0,2.0,-1.0,-1.0,2.0,-1.0,2.0,-1.0,-1.0,-1.0,-1.0,-1.0,-1.0,2.0,1.0,2.0,1.0,1.0,-1.0,-1.0,1.0,1.0,1.0,1.0,18000.0,-1.0,-1.0,<10k,2,-1.0,-1.0,2,-1.0,-1.0,1,3000000.0,9.0,2,-1.0,-1.0,2,-1.0,-1.0,2,-1.0,-1.0,2,-1.0,-1.0,2,-1.0,-1.0,2,-1.0,-1.0,2,-1.0,-1.0,0.0,10.68,0.0,9.45,2.0,13.39,2.0,13.5,YES,YES,2.0,14.74,2.0,16.42,0.0,10.01,2.0,12.79,9.0,66.81,9.0,66.99,5.0,46.85,0.0,9.85,2.0,16.87,2.0,15.89,7.0,38.76,1,1,1,4,3.0,5.0,2,2,2.0,1,4.0,1.0,-1.06,-0.97,2.0,2.0,12.0,12.0,1,1,1.0,1.0,1.0,1.0,1.0,1.0,3.0,2.0,-1.0,-1.17,2.0,-1.0,-1.0,-1.0,-1.0,-1.0,-1.0
11,1,2,1,1,5,2,80,19-35,1,1,1,1,9.0,16.0,3.0,2.0,-1.0,-1.0,-1.0,-1.0,-1.0,254.4943202,1986,1.0,2.0,2.0,1.0,3.34,3.0,11.42,-1.0,-1.0,-1.0,2.0,-1.0,-1.0,1.0,1.0,2.0,-1.0,-1.0,2.0,-1.0,2.0,-1.0,-1.0,-1.0,-1.0,-1.0,-1.0,2.0,1.0,2.0,1.0,1.0,-1.0,-1.0,1.0,1.0,1.0,-1.0,-1.0,-1.0,-1.0,<10k,2,-1.0,-1.0,2,-1.0,-1.0,1,3000000.0,9.0,2,-1.0,-1.0,2,-1.0,-1.0,2,-1.0,-1.0,2,-1.0,-1.0,2,-1.0,-1.0,2,-1.0,-1.0,2,-1.0,-1.0,0.0,9.13,0.0,9.27,2.0,15.09,2.0,11.33,YES,YES,2.0,14.59,2.0,19.26,0.0,10.11,2.0,14.17,9.0,64.13,9.0,61.01,5.0,50.61,0.0,10.35,2.0,15.6,2.0,16.68,7.0,47.76,1,1,1,4,3.0,5.0,2,2,2.0,1,4.0,1.0,-1.06,-0.99,2.0,2.0,12.0,12.0,1,1,1.0,1.0,1.0,1.0,1.0,1.0,3.0,2.0,-1.0,-0.96,2.0,-1.0,-1.0,-1.0,-1.0,-1.0,-1.0
11,1,2,1,1,1,1,60,51-65,1,1,1,2,9.0,10.0,1.0,1.0,1321.0,20134.0,4.0,-1.0,-1.0,254.4943202,1964,-1.0,-1.0,-1.0,-1.0,-0.84,-1.0,-1.03,-1.0,-1.0,-1.0,2.0,-1.0,-1.0,2.0,-1.0,2.0,-1.0,-1.0,2.0,-1.0,2.0,-1.0,-1.0,-1.0,-1.0,-1.0,-1.0,2.0,1.0,2.0,1.0,1.0,-1.0,-1.0,1.0,1.0,1.0,1.0,42000.0,-1.0,-1.0,<10k,2,-1.0,-1.0,2,-1.0,-1.0,1,3000000.0,9.0,2,-1.0,-1.0,2,-1.0,-1.0,2,-1.0,-1.0,2,-1.0,-1.0,2,-1.0,-1.0,2,-1.0,-1.0,2,-1.0,-1.0,0.0,9.62,0.0,10.25,2.0,15.74,2.0,15.16,YES,YES,2.0,13.43,2.0,13.5,0.0,10.84,2.0,13.35,9.0,48.86,9.0,62.66,5.0,56.02,0.0,10.99,2.0,15.41,2.0,11.06,7.0,53.17,1,1,1,4,3.0,5.0,2,2,2.0,1,4.0,1.0,-0.89,-1.03,2.0,2.0,12.0,12.0,1,1,1.0,1.0,1.0,1.0,1.0,1.0,3.0,2.0,-1.0,-1.08,2.0,-1.0,-1.0,-1.0,-1.0,-1.0,-1.0
11,1,2,1,1,2,2,60,51-65,1,1,1,2,9.0,10.0,7.0,2.0,-1.0,-1.0,-1.0,-1.0,-1.0,254.4943202,1967,-1.0,-1.0,-1.0,-1.0,-1.02,-1.0,-1.04,-1.0,-1.0,-1.0,2.0,-1.0,-1.0,2.0,-1.0,2.0,-1.0,-1.0,2.0,-1.0,2.0,-1.0,-1.0,-1.0,-1.0,-1.0,-1.0,2.0,1.0,2.0,1.0,1.0,-1.0,-1.0,1.0,1.0,1.0,1.0,28000.0,-1.0,-1.0,<10k,2,-1.0,-1.0,2,-1.0,-1.0,1,3000000.0,9.0,2,-1.0,-1.0,2,-1.0,-1.0,2,-1.0,-1.0,2,-1.0,-1.0,2,-1.0,-1.0,2,-1.0,-1.0,2,-1.0,-1.0,0.0,9.04,0.0,9.86,2.0,14.7,2.0,15.77,YES,YES,2.0,15.02,2.0,14.24,0.0,10.93,2.0,14.08,9.0,64.56,9.0,52.15,5.0,50.02,0.0,9.63,2.0,15.89,2.0,16.2,7.0,49.39,1,1,1,4,3.0,5.0,2,2,2.0,1,4.0,1.0,-1.04,-1.02,2.0,2.0,12.0,12.0,1,1,1.0,1.0,1.0,1.0,1.0,1.0,3.0,2.0,-1.0,-0.9,2.0,-1.0,-1.0,-1.0,-1.0,-1.0,-1.0
11,1,2,1,1,3,2,90,19-35,1,1,1,1,4.0,13.0,1.0,1.0,3313.0,64191.0,3.0,-1.0,-1.0,254.4943202,1996,1.0,2.0,6.0,5.0,4.06,3.0,8.92,-1.0,-1.0,-1.0,2.0,-1.0,-1.0,2.0,-1.0,2.0,-1.0,-1.0,2.0,-1.0,2.0,-1.0,-1.0,-1.0,-1.0,-1.0,-1.0,2.0,1.0,2.0,1.0,1.0,-1.0,-1.0,1.0,1.0,1.0,1.0,18000.0,-1.0,-1.0,<10k,2,-1.0,-1.0,2,-1.0,-1.0,1,3000000.0,9.0,2,-1.0,-1.0,2,-1.0,-1.0,2,-1.0,-1.0,2,-1.0,-1.0,2,-1.0,-1.0,2,-1.0,-1.0,2,-1.0,-1.0,0.0,7.76,0.0,10.73,2.0,15.82,2.0,14.04,YES,YES,2.0,14.2,2.0,13.69,0.0,11.65,2.0,15.35,9.0,58.76,9.0,66.82,5.0,53.18,0.0,10.63,2.0,15.6,2.0,13.57,7.0,51.96,1,1,1,4,3.0,5.0,2,2,2.0,1,4.0,1.0,-0.85,-1.0,2.0,2.0,12.0,12.0,1,1,1.0,1.0,1.0,1.0,1.0,1.0,3.0,2.0,-1.0,-1.04,2.0,-1.0,-1.0,-1.0,-1.0,-1.0,-1.0
11,1,2,1,1,3,2,90,19-35,1,1,1,1,4.0,13.0,3.0,2.0,-1.0,-1.0,-1.0,-1.0,-1.0,254.4943202,1998,1.0,2.0,2.0,1.0,4.17,3.0,11.16,-1.0,-1.0,-1.0,2.0,-1.0,-1.0,1.0,1.0,2.0,-1.0,-1.0,2.0,-1.0,2.0,-1.0,-1.0,-1.0,-1.0,-1.0,-1.0,2.0,1.0,2.0,1.0,1.0,-1.0,-1.0,1.0,1.0,1.0,-1.0,-1.0,-1.0,-1.0,<10k,2,-1.0,-1.0,2,-1.0,-1.0,1,3000000.0,9.0,2,-1.0,-1.0,2,-1.0,-1.0,2,-1.0,-1.0,2,-1.0,-1.0,2,-1.0,-1.0,2,-1.0,-1.0,2,-1.0,-1.0,0.0,9.41,0.0,9.84,2.0,11.72,2.0,17.2,YES,YES,2.0,15.17,2.0,15.77,0.0,11.04,2.0,15.4,9.0,66.16,9.0,50.53,5.0,44.83,0.0,10.55,2.0,15.66,2.0,13.97,7.0,53.05,1,1,1,4,3.0,5.0,2,2,2.0,1,4.0,1.0,-1.04,-0.93,2.0,2.0,12.0,12.0,1,1,1.0,1.0,1.0,1.0,1.0,1.0,3.0,2.0,-1.0,-1.23,2.0,-1.0,-1.0,-1.0,-1.0,-1.0,-1.0
11,1,2,1,1,1,2,50,51-65,1,1,1,4,9.0,13.0,7.0,2.0,-1.0,-1.0,-1.0,-1.0,-1.0,254.4943202,1953,-1.0,-1.0,-1.0,-1.0,-0.98,-1.0,-1.11,-1.0,-1.0,-1.0,2.0,-1.0,-1.0,2.0,-1.0,2.0,-1.0,-1.0,2.0,-1.0,2.0,-1.0,-1.0,-1.0,-1.0,-1.0,-1.0,2.0,1.0,2.0,1.0,1.0,-1.0,-1.0,1.0,1.0,1.0,1.0,42000.0,-1.0,-1.0,<10k,2,-1.0,-1.0,2,-1.0,-1.0,1,3000000.0,9.0,2,-1.0,-1.0,2,-1.0,-1.0,2,-1.0,-1.0,2,-1.0,-1.0,2,-1.0,-1.0,2,-1.0,-1.0,2,-1.0,-1.0,0.0,9.49,0.0,9.76,2.0,16.24,2.0,16.64,YES,YES,2.0,15.26,2.0,12.21,0.0,10.29,2.0,13.28,9.0,67.29,9.0,55.98,5.0,41.46,0.0,10.53,2.0,14.49,2.0,16.14,7.0,58.99,1,1,1,4,3.0,5.0,2,2,2.0,1,4.0,1.0,-1.01,-1.09,2.0,2.0,12.0,12.0,1,1,1.0,1.0,1.0,1.0,1.0,1.0,3.0,2.0,-1.0,-0.93,2.0,-1.0,-1.0,-1.0,-1.0,-1.0,-1.0
11,1,2,1,1,3,2,80,19-35,1,1,1,1,4.0,15.0,1.0,1.0,4110.0,14101.0,3.0,-1.0,-1.0,254.4943202,1987,-1.0,-1.0,-1.0,-1.0,-1.07,-1.0,-1.04,-1.0,-1.0,-1.0,2.0,-1.0,-1.0,2.0,-1.0,2.0,-1.0,-1.0,2.0,-1.0,2.0,-1.0,-1.0,-1.0,-1.0,-1.0,-1.0,2.0,1.0,2.0,1.0,1.0,-1.0,-1.0,1.0,1.0,1.0,1.0,28000.0,-1.0,-1.0,<10k,2,-1.0,-1.0,2,-1.0,-1.0,1,3000000.0,9.0,2,-1.0,-1.0,2,-1.0,-1.0,2,-1.0,-1.0,2,-1.0,-1.0,2,-1.0,-1.0,2,-1.0,-1.0,2,-1.0,-1.0,0.0,8.88,0.0,9.54,2.0,15.32,2.0,14.47,YES,YES,2.0,16.54,2.0,15.4,0.0,10.21,2.0,14.64,9.0,56.82,9.0,64.78,5.0,44.77,0.0,11.78,2.0,11.79,2.0,17.15,7.0,48.84,1,1,1,4,3.0,5.0,2,2,2.0,1,4.0,1.0,-1.04,-0.79,2.0,2.0,12.0,12.0,1,1,1.0,1.0,1.0,1.0,1.0,1.0,3.0,2.0,-1.0,-1.04,2.0,-1.0,-1.0,-1.0,-1.0,-1.0,-1.0
11,1,2,1,1,3,2,80,19-35,1,1,1,1,4.0,15.0,1.0,1.0,4110.0,10791.0,3.0,-1.0,-1.0,254.4943202,1989,1.0,2.0,6.0,5.0,4.07,3.0,9.61,-1.0,-1.0,-1.0,2.0,-1.0,-1.0,2.0,-1.0,2.0,-1.0,-1.0,2.0,-1.0,2.0,-1.0,-1.0,-1.0,-1.0,-1.0,-1.0,2.0,1.0,2.0,1.0,1.0,-1.0,-1.0,1.0,1.0,1.0,1.0,18000.0,-1.0,-1.0,<10k,2,-1.0,-1.0,2,-1.0,-1.0,1,3000000.0,9.0,2,-1.0,-1.0,2,-1.0,-1.0,2,-1.0,-1.0,2,-1.0,-1.0,2,-1.0,-1.0,2,-1.0,-1.0,2,-1.0,-1.0,0.0,9.27,0.0,8.38,2.0,13.93,2.0,15.22,YES,YES,2.0,14.74,2.0,12.71,0.0,9.36,2.0,13.58,9.0,58.31,9.0,63.43,5.0,46.23,0.0,10.16,2.0,13.96,2.0,13.02,7.0,51.45,1,1,1,4,3.0,5.0,2,2,2.0,1,4.0,1.0,-1.09,-0.87,2.0,2.0,12.0,12.0,1,1,1.0,1.0,1.0,1.0,1.0,1.0,3.0,2.0,-1.0,-0.9,2.0,-1.0,-1.0,-1.0,-1.0,-1.0,-1.0
11,1,2,1,1,1,1,50,51-65,1,1,1,2,9.0,17.0,1.0,1.0,2310.0,84120.0,1.0,-1.0,-1.0,254.4943202,1955,-1.0,-1.0,-1.0,-1.0,-0.93,-1.0,-0.9,-1.0,-1.0,-1.0,2.0,-1.0,-1.0,2.0,-1.0,2.0,-1.0,-1.0,2.0,-1.0,2.0,-1.0,-1.0,-1.0,-1.0,-1.0,-1.0,2.0,1.0,2.0,1.0,1.0,-1.0,-1.0,1.0,1.0,1.0,1.0,42000.0,-1.0,-1.0,<10k,2,-1.0,-1.0,2,-1.0,-1.0,1,3000000.0,9.0,2,-1.0,-1.0,2,-1.0,-1.0,2,-1.0,-1.0,2,-1.0,-1.0,2,-1.0,-1.0,2,-1.0,-1.0,2,-1.0,-1.0,0.0,9.58,0.0,9.69,2.0,13.45,2.0,13.25,YES,YES,2.0,16.09,2.0,11.97,0.0,11.84,2.0,17.2,9.0,58.05,9.0,56.92,5.0,37.58,0.0,11.01,2.0,13.32,2.0,12.78,7.0,45.98,1,1,1,4,3.0,5.0,2,2,2.0,1,4.0,1.0,-1.14,-1.06,2.0,2.0,12.0,12.0,1,1,1.0,1.0,1.0,1.0,1.0,1.0,3.0,2.0,-1.0,-1.05,2.0,-1.0,-1.0,-1.0,-1.0,-1.0,-1.0
11,1,2,1,1,2,2,50,51-65,1,1,1,2,9.0,16.0,7.0,2.0,-1.0,-1.0,-1.0,-1.0,-1.0,254.4943202,1957,-1.0,-1.0,-1.0,-1.0,-1.24,-1.0,-1.07,-1.0,-1.0,-1.0,2.0,-1.0,-1.0,2.0,-1.0,2.0,-1.0,-1.0,2.0,-1.0,2.0,-1.0,-1.0,-1.0,-1.0,-1.0,-1.0,2.0,1.0,2.0,1.0,1.0,-1.0,-1.0,1.0,1.0,1.0,1.0,28000.0,-1.0,-1.0,<10k,2,-1.0,-1.0,2,-1.0,-1.0,1,3000000.0,9.0,2,-1.0,-1.0,2,-1.0,-1.0,2,-1.0,-1.0,2,-1.0,-1.0,2,-1.0,-1.0,2,-1.0,-1.0,2,-1.0,-1.0,0.0,9.03,0.0,8.76,2.0,16.0,2.0,17.69,YES,YES,2.0,15.79,2.0,14.33,0.0,11.26,2.0,17.27,9.0,63.24,9.0,55.7,5.0,47.02,0.0,10.58,2.0,14.41,2.0,13.77,7.0,51.2,1,1,1,4,3.0,5.0,2,2,2.0,1,4.0,1.0,-0.81,-0.94,2.0,2.0,12.0,12.0,1,1,1.0,1.0,1.0,1.0,1.0,1.0,3.0,2.0,-1.0,-0.99,2.0,-1.0,-1.0,-1.0,-1.0,-1.0,-1.0
11,1,2,1,1,3,1,90,19-35,1,1,1,1,4.0,15.0,1.0,1.0,2152.0,62020.0,3.0,-1.0,-1.0,254.4943202,1991,1.0,2.0,6.0,5.0,4.0,3.0,10.37,-1.0,-1.0,-1.0,2.0,-1.0,-1.0,2.0,-1.0,2.0,-1.0,-1.0,2.0,-1.0,2.0,-1.0,-1.0,-1.0,-1.0,-1.0,-1.0,2.0,1.0,2.0,1.0,1.0,-1.0,-1.0,1.0,1.0,1.0,1.0,18000.0,-1.0,-1.0,<10k,2,-1.0,-1.0,2,-1.0,-1.0,1,3000000.0,9.0,2,-1.0,-1.0,2,-1.0,-1.0,2,-1.0,-1.0,2,-1.0,-1.0,2,-1.0,-1.0,2,-1.0,-1.0,2,-1.0,-1.0,0.0,11.2,0.0,8.9,2.0,16.07,2.0,14.45,YES,YES,2.0,15.99,2.0,13.69,0.0,9.63,2.0,14.71,9.0,54.07,9.0,64.73,5.0,50.02,0.0,9.96,2.0,18.03,2.0,17.53,7.0,42.96,1,1,1,4,3.0,5.0,2,2,2.0,1,4.0,1.0,-1.07,-1.05,2.0,2.0,12.0,12.0,1,1,1.0,1.0,1.0,1.0,1.0,1.0,3.0,2.0,-1.0,-1.0,2.0,-1.0,-1.0,-1.0,-1.0,-1.0,-1.0
11,1,2,1,2,3,2,80,19-35,1,1,1,2,3.0,16.0,-1.0,-1.0,-1.0,-1.0,-1.0,2.0,2.0,254.4943202,1988,1.0,2.0,2.0,1.0,4.35,3.0,10.92,-1.0,-1.0,-1.0,2.0,-1.0,-1.0,1.0,1.0,2.0,-1.0,-1.0,2.0,-1.0,2.0,-1.0,-1.0,-1.0,-1.0,-1.0,-1.0,2.0,1.0,2.0,1.0,1.0,-1.0,-1.0,1.0,1.0,1.0,-1.0,-1.0,-1.0,-1.0,<10k,2,-1.0,-1.0,2,-1.0,-1.0,1,3000000.0,9.0,2,-1.0,-1.0,2,-1.0,-1.0,2,-1.0,-1.0,2,-1.0,-1.0,2,-1.0,-1.0,2,-1.0,-1.0,2,-1.0,-1.0,0.0,9.21,0.0,10.49,2.0,16.66,2.0,13.5,YES,YES,2.0,15.67,2.0,16.23,0.0,9.24,2.0,11.45,9.0,49.93,9.0,50.47,5.0,41.64,0.0,9.67,2.0,17.58,2.0,13.16,7.0,49.08,1,1,1,4,3.0,5.0,2,2,2.0,1,4.0,1.0,-0.99,-0.89,2.0,2.0,12.0,12.0,1,1,1.0,1.0,1.0,1.0,1.0,1.0,3.0,2.0,-1.0,-1.2,2.0,-1.0,-1.0,-1.0,-1.0,-1.0,-1.0
11,1,2,1,1,1,1,50,51-65,1,1,1,2,9.0,11.0,1.0,1.0,8323.0,49222.0,5.0,-1.0,-1.0,254.4943202,1959,-1.0,-1.0,-1.0,-1.0,-0.95,-1.0,-1.08,-1.0,-1.0,-1.0,2.0,-1.0,-1.0,2.0,-1.0,2.0,-1.0,-1.0,2.0,-1.0,2.0,-1.0,-1.0,-1.0,-1.0,-1.0,-1.0,2.0,1.0,2.0,1.0,1.0,-1.0,-1.0,1.0,1.0,1.0,1.0,42000.0,-1.0,-1.0,<10k,2,-1.0,-1.0,2,-1.0,-1.0,1,3000000.0,9.0,2,-1.0,-1.0,2,-1.0,-1.0,2,-1.0,-1.0,2,-1.0,-1.0,2,-1.0,-1.0,2,-1.0,-1.0,2,-1.0,-1.0,0.0,9.58,0.0,9.48,2.0,14.59,2.0,13.29,YES,YES,2.0,14.65,2.0,13.5,0.0,9.66,2.0,16.32,9.0,53.42,9.0,55.67,5.0,43.84,0.0,10.47,2.0,13.86,2.0,18.15,7.0,48.76,1,1,1,4,3.0,5.0,2,2,2.0,1,4.0,1.0,-0.96,-1.07,2.0,2.0,12.0,12.0,1,1,1.0,1.0,1.0,1.0,1.0,1.0,3.0,2.0,-1.0,-0.94,2.0,-1.0,-1.0,-1.0,-1.0,-1.0,-1.0
11,1,2,1,1,2,2,60,51-65,1,1,1,2,9.0,11.0,1.0,1.0,9112.0,10792.0,3.0,-1.0,-1.0,254.4943202,1960,-1.0,-1.0,-1.0,-1.0,-0.86,-1.0,-1.04,-1.0,-1.0,-1.0,2.0,-1.0,-1.0,2.0,-1.0,2.0,-1.0,-1.0,2.0,-1.0,2.0,-1.0,-1.0,-1.0,-1.0,-1.0,-1.0,2.0,1.0,2.0,1.0,1.0,-1.0,-1.0,1.0,1.0,1.0,1.0,28000.0,-1.0,-1.0,<10k,2,-1.0,-1.0,2,-1.0,-1.0,1,3000000.0,9.0,2,-1.0,-1.0,2,-1.0,-1.0,2,-1.0,-1.0,2,-1.0,-1.0,2,-1.0,-1.0,2,-1.0,-1.0,2,-1.0,-1.0,0.0,8.81,0.0,10.69,2.0,12.93,2.0,15.73,YES,YES,2.0,17.97,2.0,15.42,0.0,9.56,2.0,16.2,9.0,65.99,9.0,52.78,5.0,44.71,0.0,10.19,2.0,17.39,2.0,14.4,7.0,48.82,1,1,1,4,3.0,5.0,2,2,2.0,1,4.0,1.0,-0.96,-1.0,2.0,2.0,12.0,12.0,1,1,1.0,1.0,1.0,1.0,1.0,1.0,3.0,2.0,-1.0,-0.93,2.0,-1.0,-1.0,-1.0,-1.0,-1.0,-1.0
11,1,2,1,1,1,1,70,36-50,1,1,1,2,9.0,12.0,1.0,1.0,2166.0,17096.0,3.0,-1.0,-1.0,254.4943202,1978,-1.0,-1.0,-1.0,-1.0,-0.89,-1.0,-1.1,-1.0,-1.0,-1.0,2.0,-1.0,-1.0,2.0,-1.0,2.0,-1.0,-1.0,2.0,-1.0,2.0,-1.0,-1.0,-1.0,-1.0,-1.0,-1.0,2.0,1.0,2.0,1.0,1.0,-1.0,-1.0,1.0,1.0,1.0,1.0,42000.0,-1.0,-1.0,<10k,2,-1.0,-1.0,2,-1.0,-1.0,1,3000000.0,9.0,2,-1.0,-1.0,2,-1.0,-1.0,2,-1.0,-1.0,2,-1.0,-1.0,2,-1.0,-1.0,2,-1.0,-1.0,2,-1.0,-1.0,0.0,10.6,0.0,9.81,2.0,15.32,2.0,14.82,YES,YES,2.0,13.24,2.0,14.56,0.0,7.05,2.0,16.54,9.0,62.96,9.0,66.91,5.0,48.48,0.0,11.02,2.0,15.66,2.0,15.87,7.0,58.19,1,1,1,4,3.0,5.0,2,2,2.0,1,4.0,1.0,-1.03,-0.86,2.0,2.0,12.0,12.0,1,1,1.0,1.0,1.0,1.0,1.0,1.0,3.0,2.0,-1.0,-0.94,2.0,-1.0,-1.0,-1.0,-1.0,-1.0,-1.0
11,1,2,1,1,2,2,80,36-50,1,1,1,2,9.0,12.0,7.0,2.0,-1.0,-1.0,-1.0,-1.0,-1.0,254.4943202,1980,-1.0,-1.0,-1.0,-1.0,-1.02,-1.0,-0.97,-1.0,-1.0,-1.0,2.0,-1.0,-1.0,2.0,-1.0,2.0,-1.0,-1.0,2.0,-1.0,2.0,-1.0,-1.0,-1.0,-1.0,-1.0,-1.0,2.0,1.0,2.0,1.0,1.0,-1.0,-1.0,1.0,1.0,1.0,1.0,28000.0,-1.0,-1.0,<10k,2,-1.0,-1.0,2,-1.0,-1.0,1,3000000.0,9.0,2,-1.0,-1.0,2,-1.0,-1.0,2,-1.0,-1.0,2,-1.0,-1.0,2,-1.0,-1.0,2,-1.0,-1.0,2,-1.0,-1.0,0.0,10.52,0.0,7.63,2.0,15.49,2.0,16.4,YES,YES,2.0,15.7,2.0,13.64,0.0,8.57,2.0,16.17,9.0,59.2,9.0,61.71,5.0,41.38,0.0,10.06,2.0,15.56,2.0,14.39,7.0,48.58,1,1,1,4,3.0,5.0,2,2,2.0,1,4.0,1.0,-0.97,-1.19,2.0,2.0,12.0,12.0,1,1,1.0,1.0,1.0,1.0,1.0,1.0,3.0,2.0,-1.0,-1.05,2.0,-1.0,-1.0,-1.0,-1.0,-1.0,-1.0
11,1,2,1,1,3,2,0,0-18,1,1,1,1,2.0,5.0,-1.0,-1.0,-1.0,-1.0,-1.0,-1.0,-1.0,254.4943202,2008,1.0,2.0,6.0,5.0,3.77,3.0,9.83,-1.0,-1.0,-1.0,2.0,-1.0,-1.0,2.0,-1.0,2.0,-1.0,-1.0,2.0,-1.0,2.0,-1.0,-1.0,-1.0,-1.0,-1.0,-1.0,2.0,1.0,2.0,1.0,1.0,-1.0,-1.0,1.0,1.0,1.0,1.0,18000.0,-1.0,-1.0,<10k,2,-1.0,-1.0,2,-1.0,-1.0,1,3000000.0,9.0,2,-1.0,-1.0,2,-1.0,-1.0,2,-1.0,-1.0,2,-1.0,-1.0,2,-1.0,-1.0,2,-1.0,-1.0,2,-1.0,-1.0,0.0,10.34,0.0,9.38,2.0,19.03,2.0,11.84,YES,YES,2.0,16.98,2.0,14.15,0.0,11.87,2.0,14.26,9.0,63.86,9.0,54.75,5.0,45.17,0.0,10.75,2.0,16.67,2.0,11.69,7.0,52.98,1,1,1,4,3.0,5.0,2,2,2.0,1,4.0,1.0,-1.1,-1.01,2.0,2.0,12.0,12.0,1,1,1.0,1.0,1.0,1.0,1.0,1.0,3.0,2.0,-1.0,-0.85,2.0,-1.0,-1.0,-1.0,-1.0,-1.0,-1.0
11,1,2,1,1,3,1,10,0-18,1,1,1,1,2.0,0.0,-1.0,-1.0,-1.0,-1.0,-1.0,-1.0,-1.0,254.4943202,2013,1.0,2.0,2.0,1.0,3.41,3.0,9.57,-1.0,-1.0,-1.0,2.0,-1.0,-1.0,1.0,1.0,2.0,-1.0,-1.0,2.0,-1.0,2.0,-1.0,-1.0,-1.0,-1.0,-1.0,-1.0,2.0,1.0,2.0,1.0,1.0,-1.0,-1.0,1.0,1.0,1.0,-1.0,-1.0,-1.0,-1.0,<10k,2,-1.0,-1.0,2,-1.0,-1.0,1,3000000.0,9.0,2,-1.0,-1.0,2,-1.0,-1.0,2,-1.0,-1.0,2,-1.0,-1.0,2,-1.0,-1.0,2,-1.0,-1.0,2,-1.0,-1.0,0.0,7.71,0.0,9.93,2.0,18.24,2.0,16.07,YES,YES,2.0,15.64,2.0,13.69,0.0,9.97,2.0,16.12,9.0,54.5,9.0,58.4,5.0,49.29,0.0,9.64,2.0,16.83,2.0,13.68,7.0,47.41,1,1,1,4,3.0,5.0,2,2,2.0,1,4.0,1.0,-0.9,-1.17,2.0,2.0,12.0,12.0,1,1,1.0,1.0,1.0,1.0,1.0,1.0,3.0,2.0,-1.0,-0.85,2.0,-1.0,-1.0,-1.0,-1.0,-1.0,-1.0
11,1,2,1,1,1,1,60,51-65,1,1,1,2,9.0,10.0,1.0,1.0,8323.0,49222.0,4.0,-1.0,-1.0,377.492039,1967,-1.0,-1.0,-1.0,-1.0,-0.79,-1.0,-1.24,-1.0,-1.0,-1.0,2.0,-1.0,-1.0,2.0,-1.0,2.0,-1.0,-1.0,2.0,-1.0,2.0,-1.0,-1.0,-1.0,-1.0,-1.0,-1.0,2.0,1.0,2.0,1.0,1.0,-1.0,-1.0,1.0,1.0,1.0,1.0,75000.0,-1.0,-1.0,<10k,2,-1.0,-1.0,2,-1.0,-1.0,2,-1.0,-1.0,2,-1.0,-1.0,2,-1.0,-1.0,2,-1.0,-1.0,2,-1.0,-1.0,2,-1.0,-1.0,2,-1.0,-1.0,2,-1.0,-1.0,0.0,15.21,0.0,5.77,0.0,17.07,0.0,14.26,YES,YES,3.0,19.82,3.0,23.56,0.0,16.23,3.0,22.01,10.0,31.55,8.0,19.77,6.0,21.23,0.0,9.39,0.0,15.04,0.0,15.05,8.0,23.76,1,1,1,1,2.0,5.0,2,6,3.0,1,4.0,1.0,-1.0,-1.11,8.0,2.0,12.0,12.0,1,1,1.0,1.0,1.0,2.0,1.0,1.0,3.0,2.0,-1.0,-0.92,2.0,-1.0,-1.0,-1.0,-1.0,-1.0,-1.0
11,1,2,1,1,2,2,70,36-50,1,1,4,2,9.0,10.0,7.0,2.0,-1.0,-1.0,-1.0,-1.0,-1.0,377.492039,1977,-1.0,-1.0,-1.0,-1.0,-0.8,-1.0,-1.05,-1.0,-1.0,-1.0,1.0,2.0,1.0,2.0,-1.0,2.0,-1.0,-1.0,2.0,-1.0,1.0,4.0,2.0,4.0,0.0,2.0,-1.0,2.0,1.0,2.0,1.0,1.0,-1.0,-1.0,1.0,1.0,1.0,-1.0,-1.0,-1.0,-1.0,<10k,2,-1.0,-1.0,2,-1.0,-1.0,2,-1.0,-1.0,2,-1.0,-1.0,2,-1.0,-1.0,2,-1.0,-1.0,2,-1.0,-1.0,2,-1.0,-1.0,2,-1.0,-1.0,2,-1.0,-1.0,0.0,14.83,0.0,5.83,0.0,14.33,0.0,13.14,YES,YES,3.0,20.03,3.0,20.26,0.0,16.41,3.0,20.39,10.0,28.34,8.0,16.34,6.0,23.46,0.0,10.91,0.0,15.07,0.0,13.35,8.0,28.74,1,1,1,1,2.0,5.0,2,6,3.0,1,4.0,1.0,-1.03,-0.87,8.0,2.0,12.0,12.0,1,1,1.0,1.0,1.0,2.0,1.0,1.0,3.0,2.0,-1.0,-0.93,2.0,-1.0,-1.0,-1.0,-1.0,-1.0,-1.0
11,1,2,1,1,3,1,0,19-35,1,1,4,1,9.0,11.0,3.0,2.0,-1.0,-1.0,-1.0,-1.0,-1.0,377.492039,2000,3.0,-1.0,-1.0,-1.0,-0.89,-1.0,-0.99,-1.0,6.0,2016.0,2.0,-1.0,-1.0,2.0,-1.0,1.0,2.0,1.0,2.0,-1.0,2.0,-1.0,-1.0,-1.0,-1.0,-1.0,-1.0,2.0,1.0,2.0,1.0,1.0,-1.0,-1.0,1.0,1.0,1.0,1.0,100000.0,-1.0,-1.0,<10k,2,-1.0,-1.0,2,-1.0,-1.0,2,-1.0,-1.0,2,-1.0,-1.0,2,-1.0,-1.0,2,-1.0,-1.0,2,-1.0,-1.0,2,-1.0,-1.0,2,-1.0,-1.0,2,-1.0,-1.0,0.0,14.03,0.0,5.83,0.0,13.55,0.0,17.46,YES,YES,3.0,17.28,3.0,18.46,0.0,17.22,3.0,19.53,10.0,29.22,8.0,17.99,6.0,24.59,0.0,9.49,0.0,13.65,0.0,15.98,8.0,26.11,1,1,1,1,2.0,5.0,2,6,3.0,1,4.0,1.0,-0.95,-1.03,8.0,2.0,12.0,12.0,1,1,1.0,1.0,1.0,2.0,1.0,1.0,3.0,2.0,-1.0,-1.04,2.0,-1.0,-1.0,-1.0,-1.0,-1.0,-1.0
11,1,2,1,1,3,2,0,0-18,1,1,4,1,6.0,10.0,8.0,2.0,-1.0,-1.0,-1.0,-1.0,-1.0,377.492039,2002,3.0,-1.0,-1.0,-1.0,-0.91,-1.0,-0.95,-1.0,7.0,-1.0,2.0,-1.0,-1.0,2.0,-1.0,2.0,-1.0,-1.0,2.0,-1.0,2.0,-1.0,-1.0,-1.0,-1.0,-1.0,-1.0,2.0,1.0,2.0,1.0,1.0,-1.0,-1.0,1.0,1.0,1.0,1.0,36000.0,-1.0,-1.0,<10k,2,-1.0,-1.0,2,-1.0,-1.0,2,-1.0,-1.0,2,-1.0,-1.0,2,-1.0,-1.0,2,-1.0,-1.0,2,-1.0,-1.0,2,-1.0,-1.0,2,-1.0,-1.0,2,-1.0,-1.0,0.0,13.95,0.0,5.41,0.0,16.36,0.0,15.69,YES,YES,3.0,17.97,3.0,18.41,0.0,15.23,3.0,20.73,10.0,30.71,8.0,18.84,6.0,24.1,0.0,9.31,0.0,14.71,0.0,14.13,8.0,26.26,1,1,1,1,2.0,5.0,2,6,3.0,1,4.0,1.0,-1.04,-0.98,8.0,2.0,12.0,12.0,1,1,1.0,1.0,1.0,2.0,1.0,1.0,3.0,2.0,-1.0,-0.94,2.0,-1.0,-1.0,-1.0,-1.0,-1.0,-1.0
11,1,2,1,1,3,2,0,0-18,1,1,4,1,2.0,7.0,-1.0,-1.0,-1.0,-1.0,-1.0,-1.0,-1.0,377.492039,2005,1.0,1.0,8.0,7.0,0.0,1.0,17.3,-1.0,-1.0,-1.0,2.0,-1.0,-1.0,2.0,-1.0,2.0,-1.0,-1.0,2.0,-1.0,2.0,-1.0,-1.0,-1.0,-1.0,-1.0,-1.0,2.0,1.0,2.0,1.0,1.0,-1.0,-1.0,1.0,1.0,1.0,1.0,22000.0,-1.0,-1.0,<10k,2,-1.0,-1.0,2,-1.0,-1.0,2,-1.0,-1.0,2,-1.0,-1.0,2,-1.0,-1.0,2,-1.0,-1.0,2,-1.0,-1.0,2,-1.0,-1.0,2,-1.0,-1.0,2,-1.0,-1.0,0.0,16.44,0.0,5.77,0.0,14.58,0.0,16.05,YES,YES,3.0,20.37,3.0,22.11,0.0,15.31,3.0,20.18,10.0,30.79,8.0,24.87,6.0,22.75,0.0,9.36,0.0,15.51,0.0,16.0,8.0,34.12,1,1,1,1,2.0,5.0,2,6,3.0,1,4.0,1.0,-1.0,-0.91,8.0,2.0,12.0,12.0,1,1,1.0,1.0,1.0,2.0,1.0,1.0,3.0,2.0,-1.0,-0.89,2.0,-1.0,-1.0,-1.0,-1.0,-1.0,-1.0
11,1,2,1,1,3,2,10,0-18,1,1,4,1,2.0,3.0,-1.0,-1.0,-1.0,-1.0,-1.0,-1.0,-1.0,377.492039,2010,1.0,1.0,4.0,3.0,0.0,1.0,16.07,-1.0,-1.0,-1.0,2.0,-1.0,-1.0,2.0,-1.0,2.0,-1.0,-1.0,2.0,-1.0,2.0,-1.0,-1.0,-1.0,-1.0,-1.0,-1.0,2.0,1.0,2.0,1.0,1.0,-1.0,-1.0,1.0,1.0,1.0,-1.0,-1.0,-1.0,-1.0,<10k,2,-1.0,-1.0,2,-1.0,-1.0,2,-1.0,-1.0,2,-1.0,-1.0,2,-1.0,-1.0,2,-1.0,-1.0,2,-1.0,-1.0,2,-1.0,-1.0,2,-1.0,-1.0,2,-1.0,-1.0,0.0,16.79,0.0,4.86,0.0,14.86,0.0,14.4,YES,YES,3.0,20.99,3.0,21.4,0.0,13.18,3.0,18.51,10.0,27.73,8.0,23.01,6.0,25.82,0.0,8.8,0.0,16.25,0.0,15.62,8.0,36.21,1,1,1,1,2.0,5.0,2,6,3.0,1,4.0,1.0,-1.09,-0.91,8.0,2.0,12.0,12.0,1,1,1.0,1.0,1.0,2.0,1.0,1.0,3.0,2.0,-1.0,-0.9,2.0,-1.0,-1.0,-1.0,-1.0,-1.0,-1.0
11,1,2,1,1,1,1,30,66+,1,1,1,2,9.0,15.0,4.0,2.0,-1.0,-1.0,-1.0,-1.0,-1.0,377.492039,1934,-1.0,-1.0,-1.0,-1.0,-1.07,-1.0,-0.99,-1.0,-1.0,-1.0,2.0,-1.0,-1.0,2.0,-1.0,2.0,-1.0,-1.0,2.0,-1.0,2.0,-1.0,-1.0,-1.0,-1.0,-1.0,-1.0,2.0,1.0,2.0,1.0,1.0,-1.0,-1.0,1.0,1.0,1.0,1.0,75000.0,-1.0,-1.0,<10k,2,-1.0,-1.0,2,-1.0,-1.0,2,-1.0,-1.0,2,-1.0,-1.0,2,-1.0,-1.0,2,-1.0,-1.0,2,-1.0,-1.0,2,-1.0,-1.0,2,-1.0,-1.0,2,-1.0,-1.0,0.0,15.89,0.0,4.68,0.0,13.82,0.0,16.12,YES,YES,3.0,18.28,3.0,22.29,0.0,15.62,3.0,14.79,10.0,25.74,8.0,19.37,6.0,24.06,0.0,8.11,0.0,16.08,0.0,15.03,8.0,30.63,1,1,1,1,2.0,5.0,2,6,3.0,1,4.0,1.0,-1.07,-0.94,8.0,2.0,12.0,12.0,1,1,1.0,1.0,1.0,2.0,1.0,1.0,3.0,2.0,-1.0,-1.04,2.0,-1.0,-1.0,-1.0,-1.0,-1.0,-1.0
11,1,2,1,1,2,2,30,66+,1,1,1,2,9.0,13.0,4.0,2.0,-1.0,-1.0,-1.0,-1.0,-1.0,377.492039,1939,-1.0,-1.0,-1.0,-1.0,-0.93,-1.0,-0.91,-1.0,-1.0,-1.0,1.0,2.0,1.0,2.0,-1.0,2.0,-1.0,-1.0,2.0,-1.0,1.0,4.0,2.0,4.0,0.0,2.0,-1.0,2.0,1.0,2.0,1.0,1.0,-1.0,-1.0,1.0,1.0,1.0,-1.0,-1.0,-1.0,-1.0,<10k,2,-1.0,-1.0,2,-1.0,-1.0,2,-1.0,-1.0,2,-1.0,-1.0,2,-1.0,-1.0,2,-1.0,-1.0,2,-1.0,-1.0,2,-1.0,-1.0,2,-1.0,-1.0,2,-1.0,-1.0,0.0,11.72,0.0,5.1,0.0,12.57,0.0,14.63,YES,YES,3.0,17.13,3.0,23.89,0.0,15.95,3.0,18.78,10.0,31.45,8.0,17.24,6.0,21.74,0.0,11.08,0.0,14.32,0.0,16.58,8.0,29.25,1,1,1,1,2.0,5.0,2,6,3.0,1,4.0,1.0,-1.06,-0.87,8.0,2.0,12.0,12.0,1,1,1.0,1.0,1.0,2.0,1.0,1.0,3.0,2.0,-1.0,-0.92,2.0,-1.0,-1.0,-1.0,-1.0,-1.0,-1.0
11,1,2,1,1,3,1,80,36-50,1,1,1,2,9.0,15.0,1.0,1.0,3313.0,64191.0,3.0,-1.0,-1.0,377.492039,1982,3.0,-1.0,-1.0,-1.0,-0.95,-1.0,-1.02,-1.0,6.0,2016.0,2.0,-1.0,-1.0,2.0,-1.0,1.0,2.0,1.0,2.0,-1.0,2.0,-1.0,-1.0,-1.0,-1.0,-1.0,-1.0,2.0,1.0,2.0,1.0,1.0,-1.0,-1.0,1.0,1.0,1.0,1.0,100000.0,-1.0,-1.0,<10k,2,-1.0,-1.0,2,-1.0,-1.0,2,-1.0,-1.0,2,-1.0,-1.0,2,-1.0,-1.0,2,-1.0,-1.0,2,-1.0,-1.0,2,-1.0,-1.0,2,-1.0,-1.0,2,-1.0,-1.0,0.0,12.96,0.0,3.94,0.0,15.14,0.0,16.1,YES,YES,3.0,17.24,3.0,15.52,0.0,14.0,3.0,20.2,10.0,36.9,8.0,20.17,6.0,24.74,0.0,10.99,0.0,15.85,0.0,16.16,8.0,27.37,1,1,1,1,2.0,5.0,2,6,3.0,1,4.0,1.0,-1.03,-1.0,8.0,2.0,12.0,12.0,1,1,1.0,1.0,1.0,2.0,1.0,1.0,3.0,2.0,-1.0,-0.95,2.0,-1.0,-1.0,-1.0,-1.0,-1.0,-1.0
11,1,2,1,2,5,2,90,19-35,1,1,1,2,9.0,15.0,-1.0,-1.0,-1.0,-1.0,-1.0,1.0,1.0,377.492039,1992,3.0,-1.0,-1.0,-1.0,-1.02,-1.0,-1.07,-1.0,7.0,-1.0,2.0,-1.0,-1.0,2.0,-1.0,2.0,-1.0,-1.0,2.0,-1.0,2.0,-1.0,-1.0,-1.0,-1.0,-1.0,-1.0,2.0,1.0,2.0,1.0,1.0,-1.0,-1.0,1.0,1.0,1.0,1.0,36000.0,-1.0,-1.0,<10k,2,-1.0,-1.0,2,-1.0,-1.0,2,-1.0,-1.0,2,-1.0,-1.0,2,-1.0,-1.0,2,-1.0,-1.0,2,-1.0,-1.0,2,-1.0,-1.0,2,-1.0,-1.0,2,-1.0,-1.0,0.0,15.15,0.0,5.05,0.0,14.3,0.0,14.04,YES,YES,3.0,21.66,3.0,16.85,0.0,13.39,3.0,19.65,10.0,28.2,8.0,17.33,6.0,26.84,0.0,8.72,0.0,14.6,0.0,17.32,8.0,39.34,1,1,1,1,2.0,5.0,2,6,3.0,1,4.0,1.0,-0.79,-0.94,8.0,2.0,12.0,12.0,1,1,1.0,1.0,1.0,2.0,1.0,1.0,3.0,2.0,-1.0,-1.08,2.0,-1.0,-1.0,-1.0,-1.0,-1.0,-1.0
11,1,2,1,1,1,1,20,66+,1,1,1,2,9.0,16.0,4.0,2.0,-1.0,-1.0,-1.0,-1.0,-1.0,377.492039,1928,-1.0,-1.0,-1.0,-1.0,-1.05,-1.0,-0.94,-1.0,-1.0,-1.0,2.0,-1.0,-1.0,2.0,-1.0,2.0,-1.0,-1.0,2.0,-1.0,2.0,-1.0,-1.0,-1.0,-1.0,-1.0,-1.0,2.0,1.0,2.0,1.0,1.0,-1.0,-1.0,1.0,1.0,1.0,1.0,75000.0,-1.0,-1.0,<10k,2,-1.0,-1.0,2,-1.0,-1.0,2,-1.0,-1.0,2,-1.0,-1.0,2,-1.0,-1.0,2,-1.0,-1.0,2,-1.0,-1.0,2,-1.0,-1.0,2,-1.0,-1.0,2,-1.0,-1.0,0.0,14.47,0.0,5.16,0.0,17.8,0.0,14.44,YES,YES,3.0,19.1,3.0,20.18,0.0,16.27,3.0,19.03,10.0,35.42,8.0,19.5,6.0,24.38,0.0,8.91,0.0,15.02,0.0,16.66,8.0,32.41,1,1,1,1,2.0,5.0,2,6,3.0,1,4.0,1.0,-0.96,-1.12,8.0,2.0,12.0,12.0,1,1,1.0,1.0,1.0,2.0,1.0,1.0,3.0,2.0,-1.0,-0.81,2.0,-1.0,-1.0,-1.0,-1.0,-1.0,-1.0
11,1,2,1,1,2,2,40,66+,1,1,1,2,9.0,10.0,7.0,2.0,-1.0,-1.0,-1.0,-1.0,-1.0,377.492039,1943,-1.0,-1.0,-1.0,-1.0,-1.0,-1.0,-0.92,-1.0,-1.0,-1.0,1.0,2.0,1.0,2.0,-1.0,2.0,-1.0,-1.0,2.0,-1.0,1.0,4.0,2.0,4.0,0.0,2.0,-1.0,2.0,1.0,2.0,1.0,1.0,-1.0,-1.0,1.0,1.0,1.0,-1.0,-1.0,-1.0,-1.0,<10k,2,-1.0,-1.0,2,-1.0,-1.0,2,-1.0,-1.0,2,-1.0,-1.0,2,-1.0,-1.0,2,-1.0,-1.0,2,-1.0,-1.0,2,-1.0,-1.0,2,-1.0,-1.0,2,-1.0,-1.0,0.0,14.28,0.0,4.71,0.0,14.59,0.0,16.32,YES,YES,3.0,19.96,3.0,16.66,0.0,12.44,3.0,19.84,10.0,31.55,8.0,23.96,6.0,22.65,0.0,10.55,0.0,13.95,0.0,16.34,8.0,25.22,1,1,1,1,2.0,5.0,2,6,3.0,1,4.0,1.0,-1.07,-1.06,8.0,2.0,12.0,12.0,1,1,1.0,1.0,1.0,2.0,1.0,1.0,3.0,2.0,-1.0,-1.05,2.0,-1.0,-1.0,-1.0,-1.0,-1.0,-1.0
11,1,2,1,1,1,1,60,51-65,1,1,1,2,9.0,7.0,1.0,1.0,7512.0,10711.0,5.0,-1.0,-1.0,377.492039,1960,-1.0,-1.0,-1.0,-1.0,-1.05,-1.0,-1.11,-1.0,-1.0,-1.0,2.0,-1.0,-1.0,2.0,-1.0,2.0,-1.0,-1.0,2.0,-1.0,2.0,-1.0,-1.0,-1.0,-1.0,-1.0,-1.0,2.0,1.0,2.0,1.0,1.0,-1.0,-1.0,1.0,1.0,1.0,1.0,75000.0,-1.0,-1.0,<10k,2,-1.0,-1.0,2,-1.0,-1.0,2,-1.0,-1.0,2,-1.0,-1.0,2,-1.0,-1.0,2,-1.0,-1.0,2,-1.0,-1.0,2,-1.0,-1.0,2,-1.0,-1.0,2,-1.0,-1.0,0.0,15.34,0.0,4.72,0.0,15.78,0.0,18.01,YES,YES,3.0,22.6,3.0,18.18,0.0,17.22,3.0,22.51,10.0,31.15,8.0,18.64,6.0,21.23,0.0,10.19,0.0,15.64,0.0,18.04,8.0,34.59,1,1,1,1,2.0,5.0,2,6,3.0,1,4.0,1.0,-1.01,-1.15,8.0,2.0,12.0,12.0,1,1,1.0,1.0,1.0,2.0,1.0,1.0,3.0,2.0,-1.0,-0.91,2.0,-1.0,-1.0,-1.0,-1.0,-1.0,-1.0
11,1,2,1,1,2,2,60,51-65,1,1,1,2,9.0,10.0,1.0,1.0,9411.0,10711.0,6.0,-1.0,-1.0,377.492039,1963,-1.0,-1.0,-1.0,-1.0,-1.22,-1.0,-1.21,-1.0,-1.0,-1.0,1.0,2.0,1.0,2.0,-1.0,2.0,-1.0,-1.0,2.0,-1.0,1.0,4.0,2.0,4.0,0.0,2.0,-1.0,2.0,1.0,2.0,1.0,1.0,-1.0,-1.0,1.0,1.0,1.0,-1.0,-1.0,-1.0,-1.0,<10k,2,-1.0,-1.0,2,-1.0,-1.0,2,-1.0,-1.0,2,-1.0,-1.0,2,-1.0,-1.0,2,-1.0,-1.0,2,-1.0,-1.0,2,-1.0,-1.0,2,-1.0,-1.0,2,-1.0,-1.0,0.0,15.41,0.0,4.71,0.0,13.25,0.0,12.67,YES,YES,3.0,19.46,3.0,19.96,0.0,15.31,3.0,20.86,10.0,26.81,8.0,20.73,6.0,23.79,0.0,9.5,0.0,11.65,0.0,16.6,8.0,26.25,1,1,1,1,2.0,5.0,2,6,3.0,1,4.0,1.0,-1.03,-1.0,8.0,2.0,12.0,12.0,1,1,1.0,1.0,1.0,2.0,1.0,1.0,3.0,2.0,-1.0,-0.96,2.0,-1.0,-1.0,-1.0,-1.0,-1.0,-1.0
11,1,2,1,1,3,1,80,19-35,1,1,1,2,9.0,13.0,1.0,1.0,3111.0,84130.0,1.0,-1.0,-1.0,377.492039,1988,3.0,-1.0,-1.0,-1.0,-0.94,-1.0,-1.07,-1.0,6.0,2016.0,2.0,-1.0,-1.0,2.0,-1.0,1.0,2.0,1.0,2.0,-1.0,2.0,-1.0,-1.0,-1.0,-1.0,-1.0,-1.0,2.0,1.0,2.0,1.0,1.0,-1.0,-1.0,1.0,1.0,1.0,1.0,100000.0,-1.0,-1.0,<10k,2,-1.0,-1.0,2,-1.0,-1.0,2,-1.0,-1.0,2,-1.0,-1.0,2,-1.0,-1.0,2,-1.0,-1.0,2,-1.0,-1.0,2,-1.0,-1.0,2,-1.0,-1.0,2,-1.0,-1.0,0.0,15.83,0.0,5.07,0.0,15.67,0.0,13.73,YES,YES,3.0,19.51,3.0,16.52,0.0,15.41,3.0,20.32,10.0,29.79,8.0,19.63,6.0,24.75,0.0,9.88,0.0,14.54,0.0,16.43,8.0,31.38,1,1,1,1,2.0,5.0,2,6,3.0,1,4.0,1.0,-0.99,-1.07,8.0,2.0,12.0,12.0,1,1,1.0,1.0,1.0,2.0,1.0,1.0,3.0,2.0,-1.0,-0.79,2.0,-1.0,-1.0,-1.0,-1.0,-1.0,-1.0
11,1,2,1,1,5,2,80,19-35,1,1,1,2,9.0,13.0,1.0,1.0,3111.0,84130.0,1.0,-1.0,-1.0,377.492039,1988,3.0,-1.0,-1.0,-1.0,-1.08,-1.0,-1.19,-1.0,7.0,-1.0,2.0,-1.0,-1.0,2.0,-1.0,2.0,-1.0,-1.0,2.0,-1.0,2.0,-1.0,-1.0,-1.0,-1.0,-1.0,-1.0,2.0,1.0,2.0,1.0,1.0,-1.0,-1.0,1.0,1.0,1.0,1.0,36000.0,-1.0,-1.0,<10k,2,-1.0,-1.0,2,-1.0,-1.0,2,-1.0,-1.0,2,-1.0,-1.0,2,-1.0,-1.0,2,-1.0,-1.0,2,-1.0,-1.0,2,-1.0,-1.0,2,-1.0,-1.0,2,-1.0,-1.0,0.0,12.35,0.0,5.59,0.0,15.76,0.0,15.73,YES,YES,3.0,16.85,3.0,23.49,0.0,13.4,3.0,21.99,10.0,33.68,8.0,21.86,6.0,25.86,0.0,9.43,0.0,16.03,0.0,16.61,8.0,25.32,1,1,1,1,2.0,5.0,2,6,3.0,1,4.0,1.0,-1.02,-0.98,8.0,2.0,12.0,12.0,1,1,1.0,1.0,1.0,2.0,1.0,1.0,3.0,2.0,-1.0,-0.85,2.0,-1.0,-1.0,-1.0,-1.0,-1.0,-1.0
11,1,2,1,1,1,1,70,36-50,1,4,3,2,9.0,11.0,1.0,1.0,3313.0,10792.0,3.0,-1.0,-1.0,377.492039,1972,-1.0,-1.0,-1.0,-1.0,-0.88,-1.0,-1.02,-1.0,-1.0,-1.0,2.0,-1.0,-1.0,2.0,-1.0,2.0,-1.0,-1.0,2.0,-1.0,2.0,-1.0,-1.0,-1.0,-1.0,-1.0,-1.0,2.0,1.0,2.0,1.0,1.0,-1.0,-1.0,1.0,1.0,1.0,1.0,75000.0,-1.0,-1.0,<10k,2,-1.0,-1.0,2,-1.0,-1.0,2,-1.0,-1.0,2,-1.0,-1.0,2,-1.0,-1.0,2,-1.0,-1.0,2,-1.0,-1.0,2,-1.0,-1.0,2,-1.0,-1.0,2,-1.0,-1.0,0.0,15.08,0.0,5.69,0.0,15.44,0.0,15.67,YES,YES,3.0,20.88,3.0,18.67,0.0,13.58,3.0,18.74,10.0,24.47,8.0,18.84,6.0,22.28,0.0,11.37,0.0,15.23,0.0,15.4,8.0,32.15,1,1,1,1,2.0,5.0,2,6,3.0,1,4.0,1.0,-0.9,-0.93,8.0,2.0,12.0,12.0,1,1,1.0,1.0,1.0,2.0,1.0,1.0,3.0,2.0,-1.0,-1.16,2.0,-1.0,-1.0,-1.0,-1.0,-1.0,-1.0
11,1,2,1,1,2,2,70,36-50,1,4,3,2,9.0,11.0,7.0,2.0,-1.0,-1.0,-1.0,-1.0,-1.0,377.492039,1970,-1.0,-1.0,-1.0,-1.0,-1.08,-1.0,-1.09,-1.0,-1.0,-1.0,1.0,2.0,1.0,2.0,-1.0,2.0,-1.0,-1.0,2.0,-1.0,1.0,4.0,2.0,4.0,0.0,2.0,-1.0,2.0,1.0,2.0,1.0,1.0,-1.0,-1.0,1.0,1.0,1.0,-1.0,-1.0,-1.0,-1.0,<10k,2,-1.0,-1.0,2,-1.0,-1.0,2,-1.0,-1.0,2,-1.0,-1.0,2,-1.0,-1.0,2,-1.0,-1.0,2,-1.0,-1.0,2,-1.0,-1.0,2,-1.0,-1.0,2,-1.0,-1.0,0.0,15.13,0.0,5.39,0.0,17.19,0.0,17.17,YES,YES,3.0,14.35,3.0,18.6,0.0,14.06,3.0,19.94,10.0,34.05,8.0,20.7,6.0,26.42,0.0,8.18,0.0,12.83,0.0,18.33,8.0,28.78,1,1,1,1,2.0,5.0,2,6,3.0,1,4.0,1.0,-1.0,-1.05,8.0,2.0,12.0,12.0,1,1,1.0,1.0,1.0,2.0,1.0,1.0,3.0,2.0,-1.0,-1.1,2.0,-1.0,-1.0,-1.0,-1.0,-1.0,-1.0
11,1,2,1,1,3,2,90,19-35,1,4,3,1,9.0,13.0,1.0,1.0,4321.0,10792.0,3.0,-1.0,-1.0,377.492039,1996,3.0,-1.0,-1.0,-1.0,-1.02,-1.0,-0.92,-1.0,6.0,2016.0,2.0,-1.0,-1.0,2.0,-1.0,1.0,2.0,1.0,2.0,-1.0,2.0,-1.0,-1.0,-1.0,-1.0,-1.0,-1.0,2.0,1.0,2.0,1.0,1.0,-1.0,-1.0,1.0,1.0,1.0,1.0,100000.0,-1.0,-1.0,<10k,2,-1.0,-1.0,2,-1.0,-1.0,2,-1.0,-1.0,2,-1.0,-1.0,2,-1.0,-1.0,2,-1.0,-1.0,2,-1.0,-1.0,2,-1.0,-1.0,2,-1.0,-1.0,2,-1.0,-1.0,0.0,14.06,0.0,4.94,0.0,14.2,0.0,16.76,YES,YES,3.0,22.99,3.0,19.42,0.0,14.65,3.0,20.33,10.0,34.41,8.0,17.61,6.0,26.79,0.0,9.24,0.0,18.12,0.0,14.54,8.0,31.5,1,1,1,1,2.0,5.0,2,6,3.0,1,4.0,1.0,-0.88,-0.95,8.0,2.0,12.0,12.0,1,1,1.0,1.0,1.0,2.0,1.0,1.0,3.0,2.0,-1.0,-0.93,2.0,-1.0,-1.0,-1.0,-1.0,-1.0,-1.0
11,1,2,1,1,3,2,90,19-35,1,4,3,1,4.0,13.0,8.0,2.0,-1.0,-1.0,-1.0,-1.0,-1.0,377.492039,1997,3.0,-1.0,-1.0,-1.0,-1.02,-1.0,-0.95,-1.0,7.0,-1.0,2.0,-1.0,-1.0,2.0,-1.0,2.0,-1.0,-1.0,2.0,-1.0,2.0,-1.0,-1.0,-1.0,-1.0,-1.0,-1.0,2.0,1.0,2.0,1.0,1.0,-1.0,-1.0,1.0,1.0,1.0,1.0,36000.0,-1.0,-1.0,<10k,2,-1.0,-1.0,2,-1.0,-1.0,2,-1.0,-1.0,2,-1.0,-1.0,2,-1.0,-1.0,2,-1.0,-1.0,2,-1.0,-1.0,2,-1.0,-1.0,2,-1.0,-1.0,2,-1.0,-1.0,0.0,14.1,0.0,5.91,0.0,13.69,0.0,17.2,YES,YES,3.0,22.63,3.0,20.27,0.0,19.71,3.0,18.62,10.0,29.12,8.0,17.66,6.0,23.19,0.0,8.67,0.0,16.25,0.0,15.95,8.0,28.58,1,1,1,1,2.0,5.0,2,6,3.0,1,4.0,1.0,-0.88,-1.0,8.0,2.0,12.0,12.0,1,1,1.0,1.0,1.0,2.0,1.0,1.0,3.0,2.0,-1.0,-1.0,2.0,-1.0,-1.0,-1.0,-1.0,-1.0,-1.0
11,1,2,1,1,3,1,0,0-18,1,4,3,1,9.0,11.0,1.0,1.0,3313.0,47598.0,3.0,-1.0,-1.0,377.492039,2000,1.0,1.0,8.0,7.0,0.0,1.0,16.0,-1.0,-1.0,-1.0,2.0,-1.0,-1.0,2.0,-1.0,2.0,-1.0,-1.0,2.0,-1.0,2.0,-1.0,-1.0,-1.0,-1.0,-1.0,-1.0,2.0,1.0,2.0,1.0,1.0,-1.0,-1.0,1.0,1.0,1.0,1.0,22000.0,-1.0,-1.0,<10k,2,-1.0,-1.0,2,-1.0,-1.0,2,-1.0,-1.0,2,-1.0,-1.0,2,-1.0,-1.0,2,-1.0,-1.0,2,-1.0,-1.0,2,-1.0,-1.0,2,-1.0,-1.0,2,-1.0,-1.0,0.0,13.79,0.0,4.18,0.0,13.86,0.0,14.37,YES,YES,3.0,19.41,3.0,19.61,0.0,15.22,3.0,20.39,10.0,30.16,8.0,19.57,6.0,19.68,0.0,10.2,0.0,14.73,0.0,13.88,8.0,27.8,1,1,1,1,2.0,5.0,2,6,3.0,1,4.0,1.0,-0.81,-1.07,8.0,2.0,12.0,12.0,1,1,1.0,1.0,1.0,2.0,1.0,1.0,3.0,2.0,-1.0,-1.08,2.0,-1.0,-1.0,-1.0,-1.0,-1.0,-1.0
11,1,2,1,1,3,2,0,0-18,1,4,3,1,2.0,10.0,8.0,2.0,-1.0,-1.0,-1.0,-1.0,-1.0,377.492039,2003,1.0,1.0,4.0,3.0,0.0,1.0,14.47,-1.0,-1.0,-1.0,2.0,-1.0,-1.0,2.0,-1.0,2.0,-1.0,-1.0,2.0,-1.0,2.0,-1.0,-1.0,-1.0,-1.0,-1.0,-1.0,2.0,1.0,2.0,1.0,1.0,-1.0,-1.0,1.0,1.0,1.0,-1.0,-1.0,-1.0,-1.0,<10k,2,-1.0,-1.0,2,-1.0,-1.0,2,-1.0,-1.0,2,-1.0,-1.0,2,-1.0,-1.0,2,-1.0,-1.0,2,-1.0,-1.0,2,-1.0,-1.0,2,-1.0,-1.0,2,-1.0,-1.0,0.0,13.67,0.0,4.47,0.0,12.84,0.0,17.96,YES,YES,3.0,18.88,3.0,26.9,0.0,13.72,3.0,21.03,10.0,31.24,8.0,25.32,6.0,24.36,0.0,10.68,0.0,15.23,0.0,13.93,8.0,27.21,1,1,1,1,2.0,5.0,2,6,3.0,1,4.0,1.0,-0.93,-0.83,8.0,2.0,12.0,12.0,1,1,1.0,1.0,1.0,2.0,1.0,1.0,3.0,2.0,-1.0,-1.05,2.0,-1.0,-1.0,-1.0,-1.0,-1.0,-1.0
11,1,2,1,1,3,1,10,0-18,1,4,3,1,2.0,3.0,-1.0,-1.0,-1.0,-1.0,-1.0,-1.0,-1.0,377.492039,2010,1.0,3.0,4.0,3.0,4.77,5.0,14.94,-1.0,-1.0,-1.0,2.0,-1.0,-1.0,2.0,-1.0,2.0,-1.0,-1.0,2.0,-1.0,2.0,-1.0,-1.0,-1.0,-1.0,-1.0,-1.0,1.0,1.0,2.0,1.0,1.0,-1.0,-1.0,1.0,1.0,1.0,-1.0,-1.0,-1.0,-1.0,<10k,2,-1.0,-1.0,2,-1.0,-1.0,2,-1.0,-1.0,2,-1.0,-1.0,2,-1.0,-1.0,2,-1.0,-1.0,2,-1.0,-1.0,2,-1.0,-1.0,2,-1.0,-1.0,2,-1.0,-1.0,0.0,12.7,0.0,5.21,0.0,14.51,0.0,17.03,YES,YES,3.0,18.84,3.0,19.97,0.0,14.81,3.0,24.85,10.0,31.18,8.0,22.9,6.0,28.03,0.0,10.58,0.0,15.45,0.0,15.04,8.0,33.77,1,1,1,1,2.0,5.0,2,6,3.0,1,4.0,1.0,-1.03,-1.01,8.0,2.0,12.0,12.0,1,1,1.0,1.0,1.0,2.0,1.0,1.0,3.0,2.0,-1.0,-1.07,2.0,-1.0,-1.0,-1.0,-1.0,-1.0,-1.0
11,1,2,1,1,1,2,70,36-50,1,1,4,2,9.0,16.0,1.0,1.0,2212.0,86101.0,1.0,-1.0,-1.0,377.492039,1976,-1.0,-1.0,-1.0,-1.0,-1.12,-1.0,-1.03,-1.0,-1.0,-1.0,2.0,-1.0,-1.0,2.0,-1.0,2.0,-1.0,-1.0,2.0,-1.0,2.0,-1.0,-1.0,-1.0,-1.0,-1.0,-1.0,2.0,1.0,2.0,1.0,1.0,-1.0,-1.0,1.0,1.0,1.0,1.0,75000.0,-1.0,-1.0,<10k,2,-1.0,-1.0,2,-1.0,-1.0,2,-1.0,-1.0,2,-1.0,-1.0,2,-1.0,-1.0,2,-1.0,-1.0,2,-1.0,-1.0,2,-1.0,-1.0,2,-1.0,-1.0,2,-1.0,-1.0,0.0,13.96,0.0,4.72,0.0,16.89,0.0,14.59,YES,YES,3.0,20.59,3.0,17.79,0.0,12.64,3.0,18.11,10.0,31.22,8.0,19.09,6.0,28.56,0.0,9.04,0.0,14.37,0.0,16.12,8.0,33.47,1,1,1,1,2.0,5.0,2,6,3.0,1,4.0,1.0,-1.08,-1.13,8.0,2.0,12.0,12.0,1,1,1.0,1.0,1.0,2.0,1.0,1.0,3.0,2.0,-1.0,-0.91,2.0,-1.0,-1.0,-1.0,-1.0,-1.0,-1.0
11,1,2,1,2,2,1,70,36-50,1,1,4,2,9.0,16.0,-1.0,-1.0,-1.0,-1.0,-1.0,1.0,1.0,377.492039,1976,-1.0,-1.0,-1.0,-1.0,-0.97,-1.0,-1.08,-1.0,-1.0,-1.0,1.0,2.0,1.0,2.0,-1.0,2.0,-1.0,-1.0,2.0,-1.0,1.0,4.0,2.0,4.0,0.0,2.0,-1.0,2.0,1.0,2.0,1.0,1.0,-1.0,-1.0,1.0,1.0,1.0,-1.0,-1.0,-1.0,-1.0,<10k,2,-1.0,-1.0,2,-1.0,-1.0,2,-1.0,-1.0,2,-1.0,-1.0,2,-1.0,-1.0,2,-1.0,-1.0,2,-1.0,-1.0,2,-1.0,-1.0,2,-1.0,-1.0,2,-1.0,-1.0,0.0,14.6,0.0,5.23,0.0,15.22,0.0,17.08,YES,YES,3.0,18.62,3.0,22.36,0.0,16.18,3.0,18.52,10.0,27.39,8.0,19.44,6.0,25.4,0.0,11.17,0.0,15.08,0.0,18.35,8.0,29.06,1,1,1,1,2.0,5.0,2,6,3.0,1,4.0,1.0,-1.17,-1.0,8.0,2.0,12.0,12.0,1,1,1.0,1.0,1.0,2.0,1.0,1.0,3.0,2.0,-1.0,-1.02,2.0,-1.0,-1.0,-1.0,-1.0,-1.0,-1.0
11,1,2,1,1,3,2,0,0-18,1,1,4,1,2.0,7.0,-1.0,-1.0,-1.0,-1.0,-1.0,-1.0,-1.0,377.492039,2006,3.0,-1.0,-1.0,-1.0,-1.01,-1.0,-1.09,-1.0,6.0,2016.0,2.0,-1.0,-1.0,2.0,-1.0,1.0,2.0,1.0,2.0,-1.0,2.0,-1.0,-1.0,-1.0,-1.0,-1.0,-1.0,2.0,1.0,2.0,1.0,1.0,-1.0,-1.0,1.0,1.0,1.0,1.0,100000.0,-1.0,-1.0,<10k,2,-1.0,-1.0,2,-1.0,-1.0,2,-1.0,-1.0,2,-1.0,-1.0,2,-1.0,-1.0,2,-1.0,-1.0,2,-1.0,-1.0,2,-1.0,-1.0,2,-1.0,-1.0,2,-1.0,-1.0,0.0,17.83,0.0,4.94,0.0,16.12,0.0,13.46,YES,YES,3.0,19.73,3.0,16.64,0.0,15.93,3.0,20.95,10.0,29.49,8.0,19.72,6.0,24.75,0.0,10.88,0.0,15.07,0.0,14.42,8.0,29.19,1,1,1,1,2.0,5.0,2,6,3.0,1,4.0,1.0,-1.12,-1.13,8.0,2.0,12.0,12.0,1,1,1.0,1.0,1.0,2.0,1.0,1.0,3.0,2.0,-1.0,-0.9,2.0,-1.0,-1.0,-1.0,-1.0,-1.0,-1.0
11,1,2,1,1,3,1,0,0-18,1,1,4,1,2.0,5.0,-1.0,-1.0,-1.0,-1.0,-1.0,-1.0,-1.0,377.492039,2007,3.0,-1.0,-1.0,-1.0,-0.96,-1.0,-1.04,-1.0,7.0,-1.0,2.0,-1.0,-1.0,2.0,-1.0,2.0,-1.0,-1.0,2.0,-1.0,2.0,-1.0,-1.0,-1.0,-1.0,-1.0,-1.0,2.0,1.0,2.0,1.0,1.0,-1.0,-1.0,1.0,1.0,1.0,1.0,36000.0,-1.0,-1.0,<10k,2,-1.0,-1.0,2,-1.0,-1.0,2,-1.0,-1.0,2,-1.0,-1.0,2,-1.0,-1.0,2,-1.0,-1.0,2,-1.0,-1.0,2,-1.0,-1.0,2,-1.0,-1.0,2,-1.0,-1.0,0.0,15.91,0.0,5.49,0.0,12.68,0.0,16.23,YES,YES,3.0,19.76,3.0,19.61,0.0,13.45,3.0,21.83,10.0,27.85,8.0,18.58,6.0,22.4,0.0,9.18,0.0,15.73,0.0,14.61,8.0,27.84,1,1,1,1,2.0,5.0,2,6,3.0,1,4.0,1.0,-1.02,-0.83,8.0,2.0,12.0,12.0,1,1,1.0,1.0,1.0,2.0,1.0,1.0,3.0,2.0,-1.0,-0.9,2.0,-1.0,-1.0,-1.0,-1.0,-1.0,-1.0
11,1,2,1,1,3,2,0,0-18,1,1,4,1,2.0,3.0,-1.0,-1.0,-1.0,-1.0,-1.0,-1.0,-1.0,377.492039,2009,1.0,1.0,8.0,7.0,0.0,1.0,15.46,-1.0,-1.0,-1.0,2.0,-1.0,-1.0,2.0,-1.0,2.0,-1.0,-1.0,2.0,-1.0,2.0,-1.0,-1.0,-1.0,-1.0,-1.0,-1.0,2.0,1.0,2.0,1.0,1.0,-1.0,-1.0,1.0,1.0,1.0,1.0,22000.0,-1.0,-1.0,<10k,2,-1.0,-1.0,2,-1.0,-1.0,2,-1.0,-1.0,2,-1.0,-1.0,2,-1.0,-1.0,2,-1.0,-1.0,2,-1.0,-1.0,2,-1.0,-1.0,2,-1.0,-1.0,2,-1.0,-1.0,0.0,15.59,0.0,5.4,0.0,15.91,0.0,14.11,YES,YES,3.0,17.41,3.0,20.86,0.0,13.6,3.0,19.02,10.0,28.0,8.0,21.99,6.0,26.33,0.0,9.58,0.0,17.71,0.0,13.84,8.0,35.07,1,1,1,1,2.0,5.0,2,6,3.0,1,4.0,1.0,-1.09,-1.02,8.0,2.0,12.0,12.0,1,1,1.0,1.0,1.0,2.0,1.0,1.0,3.0,2.0,-1.0,-1.08,2.0,-1.0,-1.0,-1.0,-1.0,-1.0,-1.0
11,1,2,1,1,5,2,40,66+,1,1,1,4,9.0,11.0,4.0,2.0,-1.0,-1.0,-1.0,-1.0,-1.0,377.492039,1941,1.0,1.0,4.0,3.0,0.0,1.0,14.2,-1.0,-1.0,-1.0,2.0,-1.0,-1.0,2.0,-1.0,2.0,-1.0,-1.0,2.0,-1.0,2.0,-1.0,-1.0,-1.0,-1.0,-1.0,-1.0,2.0,1.0,2.0,1.0,1.0,-1.0,-1.0,1.0,1.0,1.0,-1.0,-1.0,-1.0,-1.0,<10k,2,-1.0,-1.0,2,-1.0,-1.0,2,-1.0,-1.0,2,-1.0,-1.0,2,-1.0,-1.0,2,-1.0,-1.0,2,-1.0,-1.0,2,-1.0,-1.0,2,-1.0,-1.0,2,-1.0,-1.0,0.0,11.11,0.0,5.37,0.0,15.34,0.0,14.14,YES,YES,3.0,20.06,3.0,19.47,0.0,12.86,3.0,22.26,10.0,37.44,8.0,18.54,6.0,25.48,0.0,9.78,0.0,14.23,0.0,14.94,8.0,35.09,1,1,1,1,2.0,5.0,2,6,3.0,1,4.0,1.0,-1.11,-0.95,8.0,2.0,12.0,12.0,1,1,1.0,1.0,1.0,2.0,1.0,1.0,3.0,2.0,-1.0,-1.04,2.0,-1.0,-1.0,-1.0,-1.0,-1.0,-1.0
11,2,2,1,1,1,1,50,51-65,1,1,1,2,9.0,13.0,1.0,1.0,3341.0,71101.0,3.0,-1.0,-1.0,281.9187194,1953,-1.0,-1.0,-1.0,-1.0,-1.0,-1.0,-0.93,-1.0,-1.0,-1.0,2.0,-1.0,-1.0,1.0,1.0,2.0,-1.0,-1.0,2.0,-1.0,1.0,2.0,2.0,8.0,0.0,2.0,-1.0,1.0,1.0,2.0,1.0,1.0,-1.0,-1.0,1.0,1.0,1.0,1.0,45000.0,-1.0,-1.0,<10k,2,-1.0,-1.0,2,-1.0,-1.0,2,-1.0,-1.0,2,-1.0,-1.0,2,-1.0,-1.0,2,-1.0,-1.0,2,-1.0,-1.0,2,-1.0,-1.0,2,-1.0,-1.0,2,-1.0,-1.0,0.0,4.47,0.0,5.1,0.0,4.66,0.0,4.48,YES,YES,1.0,11.08,1.0,10.45,0.0,4.35,0.0,5.05,1.0,8.44,0.0,4.64,0.0,4.93,0.0,4.89,0.0,4.93,0.0,5.38,1.0,11.56,1,1,1,1,4.0,6.0,3,1,1.0,1,1.0,1.0,-0.97,-0.83,1.0,2.0,12.0,12.0,1,2,2.0,1.0,1.0,1.0,2.0,1.0,3.0,1.0,1.0,-1.01,2.0,-1.0,-1.0,-1.0,-1.0,-1.0,-1.0
11,2,2,1,1,2,2,50,51-65,1,1,1,2,9.0,13.0,7.0,2.0,-1.0,-1.0,-1.0,-1.0,-1.0,281.9187194,1959,-1.0,-1.0,-1.0,-1.0,-0.91,-1.0,-0.97,-1.0,-1.0,-1.0,2.0,-1.0,-1.0,2.0,-1.0,2.0,-1.0,-1.0,2.0,-1.0,1.0,2.0,2.0,6.0,0.0,2.0,-1.0,2.0,1.0,2.0,1.0,1.0,-1.0,-1.0,1.0,1.0,1.0,1.0,5000.0,-1.0,-1.0,<10k,2,-1.0,-1.0,2,-1.0,-1.0,2,-1.0,-1.0,2,-1.0,-1.0,2,-1.0,-1.0,2,-1.0,-1.0,2,-1.0,-1.0,2,-1.0,-1.0,2,-1.0,-1.0,2,-1.0,-1.0,0.0,5.55,0.0,5.83,0.0,6.25,0.0,4.22,YES,YES,1.0,8.95,1.0,10.26,0.0,4.25,0.0,5.37,1.0,9.81,0.0,5.05,0.0,4.52,0.0,4.81,0.0,5.04,0.0,4.49,1.0,10.79,1,1,1,1,4.0,6.0,3,1,1.0,1,1.0,1.0,-1.09,-1.04,1.0,2.0,12.0,12.0,1,2,2.0,1.0,1.0,1.0,2.0,1.0,3.0,1.0,1.0,-1.06,2.0,-1.0,-1.0,-1.0,-1.0,-1.0,-1.0
11,2,2,1,1,1,1,80,36-50,1,1,1,2,9.0,13.0,1.0,1.0,9313.0,41003.0,3.0,-1.0,-1.0,281.9187194,1982,-1.0,-1.0,-1.0,-1.0,-0.98,-1.0,-0.9,-1.0,-1.0,-1.0,2.0,-1.0,-1.0,1.0,1.0,2.0,-1.0,-1.0,2.0,-1.0,1.0,2.0,2.0,8.0,0.0,2.0,-1.0,1.0,1.0,2.0,1.0,1.0,-1.0,-1.0,1.0,1.0,1.0,1.0,45000.0,-1.0,-1.0,<10k,2,-1.0,-1.0,2,-1.0,-1.0,2,-1.0,-1.0,2,-1.0,-1.0,2,-1.0,-1.0,2,-1.0,-1.0,2,-1.0,-1.0,2,-1.0,-1.0,2,-1.0,-1.0,2,-1.0,-1.0,0.0,4.92,0.0,4.51,0.0,4.88,0.0,5.12,YES,YES,1.0,8.52,1.0,7.95,0.0,3.63,0.0,4.52,1.0,9.32,0.0,4.66,0.0,4.14,0.0,5.06,0.0,4.75,0.0,4.54,1.0,8.2,1,1,1,1,4.0,6.0,3,1,1.0,1,1.0,1.0,-1.06,-1.05,1.0,2.0,12.0,12.0,1,2,2.0,1.0,1.0,1.0,2.0,1.0,3.0,1.0,1.0,-1.04,2.0,-1.0,-1.0,-1.0,-1.0,-1.0,-1.0
11,2,2,1,1,2,2,80,19-35,1,1,1,2,9.0,12.0,7.0,1.0,7531.0,14105.0,5.0,-1.0,-1.0,281.9187194,1985,-1.0,-1.0,-1.0,-1.0,-0.79,-1.0,-1.14,-1.0,-1.0,-1.0,2.0,-1.0,-1.0,2.0,-1.0,2.0,-1.0,-1.0,2.0,-1.0,1.0,2.0,2.0,6.0,0.0,2.0,-1.0,2.0,1.0,2.0,1.0,1.0,-1.0,-1.0,1.0,1.0,1.0,1.0,5000.0,-1.0,-1.0,<10k,2,-1.0,-1.0,2,-1.0,-1.0,2,-1.0,-1.0,2,-1.0,-1.0,2,-1.0,-1.0,2,-1.0,-1.0,2,-1.0,-1.0,2,-1.0,-1.0,2,-1.0,-1.0,2,-1.0,-1.0,0.0,4.84,0.0,4.62,0.0,4.85,0.0,5.72,YES,YES,1.0,8.89,1.0,10.06,0.0,5.48,0.0,4.29,1.0,8.33,0.0,4.71,0.0,4.47,0.0,4.74,0.0,4.53,0.0,5.04,1.0,10.93,1,1,1,1,4.0,6.0,3,1,1.0,1,1.0,1.0,-0.98,-1.17,1.0,2.0,12.0,12.0,1,2,2.0,1.0,1.0,1.0,2.0,1.0,3.0,1.0,1.0,-0.91,2.0,-1.0,-1.0,-1.0,-1.0,-1.0,-1.0
11,2,2,1,1,3,2,10,0-18,1,1,1,1,2.0,3.0,-1.0,-1.0,-1.0,-1.0,-1.0,-1.0,-1.0,281.9187194,2011,1.0,1.0,4.0,3.0,0.0,1.0,9.34,-1.0,-1.0,-1.0,2.0,-1.0,-1.0,2.0,-1.0,2.0,-1.0,-1.0,2.0,-1.0,2.0,-1.0,-1.0,-1.0,-1.0,-1.0,-1.0,2.0,1.0,2.0,1.0,1.0,-1.0,-1.0,1.0,1.0,1.0,1.0,30000.0,-1.0,-1.0,<10k,2,-1.0,-1.0,2,-1.0,-1.0,2,-1.0,-1.0,2,-1.0,-1.0,2,-1.0,-1.0,2,-1.0,-1.0,2,-1.0,-1.0,2,-1.0,-1.0,2,-1.0,-1.0,2,-1.0,-1.0,0.0,4.82,0.0,5.43,0.0,4.88,0.0,4.97,YES,YES,1.0,10.18,1.0,9.35,0.0,5.25,0.0,4.72,1.0,8.5,0.0,5.04,0.0,5.47,0.0,4.81,0.0,4.89,0.0,4.79,1.0,10.36,1,1,1,1,4.0,6.0,3,1,1.0,1,1.0,1.0,-0.82,-1.07,1.0,2.0,12.0,12.0,1,2,2.0,1.0,1.0,1.0,2.0,1.0,3.0,1.0,1.0,-0.87,2.0,-1.0,-1.0,-1.0,-1.0,-1.0,-1.0
11,2,2,1,1,3,2,10,0-18,1,1,1,1,2.0,0.0,-1.0,-1.0,-1.0,-1.0,-1.0,-1.0,-1.0,281.9187194,2014,1.0,1.0,1.0,19.0,0.0,1.0,10.12,-1.0,-1.0,-1.0,2.0,-1.0,-1.0,1.0,1.0,1.0,3.0,1.0,1.0,1.0,2.0,-1.0,-1.0,-1.0,-1.0,-1.0,-1.0,2.0,1.0,2.0,1.0,1.0,-1.0,-1.0,1.0,1.0,1.0,1.0,25000.0,-1.0,-1.0,<10k,2,-1.0,-1.0,2,-1.0,-1.0,2,-1.0,-1.0,2,-1.0,-1.0,2,-1.0,-1.0,2,-1.0,-1.0,2,-1.0,-1.0,2,-1.0,-1.0,2,-1.0,-1.0,2,-1.0,-1.0,0.0,4.84,0.0,4.99,0.0,5.2,0.0,5.42,YES,YES,1.0,10.38,1.0,9.38,0.0,5.03,0.0,5.36,1.0,10.93,0.0,5.25,0.0,5.05,0.0,4.37,0.0,5.2,0.0,5.19,1.0,12.0,1,1,1,1,4.0,6.0,3,1,1.0,1,1.0,1.0,-1.08,-1.02,1.0,2.0,12.0,12.0,1,2,2.0,1.0,1.0,1.0,2.0,1.0,3.0,1.0,1.0,-0.98,2.0,-1.0,-1.0,-1.0,-1.0,-1.0,-1.0
11,2,2,1,1,4,2,50,66+,1,1,1,2,9.0,8.0,9.0,2.0,-1.0,-1.0,-1.0,-1.0,-1.0,281.9187194,1951,1.0,2.0,6.0,5.0,9.22,4.0,24.86,-1.0,-1.0,-1.0,2.0,-1.0,-1.0,2.0,-1.0,2.0,-1.0,-1.0,2.0,-1.0,1.0,2.0,2.0,5.0,0.0,2.0,-1.0,2.0,1.0,2.0,1.0,1.0,-1.0,-1.0,1.0,1.0,1.0,-1.0,-1.0,-1.0,-1.0,<10k,2,-1.0,-1.0,2,-1.0,-1.0,2,-1.0,-1.0,2,-1.0,-1.0,2,-1.0,-1.0,2,-1.0,-1.0,2,-1.0,-1.0,2,-1.0,-1.0,2,-1.0,-1.0,2,-1.0,-1.0,0.0,5.21,0.0,4.62,0.0,4.09,0.0,4.21,YES,YES,1.0,8.33,1.0,10.06,0.0,4.44,0.0,4.26,1.0,9.42,0.0,5.57,0.0,5.82,0.0,4.3,0.0,4.41,0.0,5.52,1.0,8.42,1,1,1,1,4.0,6.0,3,1,1.0,1,1.0,1.0,-1.09,-1.11,1.0,2.0,12.0,12.0,1,2,2.0,1.0,1.0,1.0,2.0,1.0,3.0,1.0,1.0,-1.09,2.0,-1.0,-1.0,-1.0,-1.0,-1.0,-1.0
11,2,2,1,1,4,2,50,51-65,1,1,1,2,9.0,4.0,7.0,2.0,-1.0,-1.0,-1.0,-1.0,-1.0,281.9187194,1958,1.0,2.0,3.0,2.0,10.5,4.0,27.3,-1.0,-1.0,-1.0,2.0,-1.0,-1.0,2.0,-1.0,2.0,-1.0,-1.0,2.0,-1.0,1.0,13.0,2.0,15.0,0.0,2.0,-1.0,2.0,1.0,2.0,1.0,1.0,-1.0,-1.0,1.0,1.0,1.0,-1.0,-1.0,-1.0,-1.0,<10k,2,-1.0,-1.0,2,-1.0,-1.0,2,-1.0,-1.0,2,-1.0,-1.0,2,-1.0,-1.0,2,-1.0,-1.0,2,-1.0,-1.0,2,-1.0,-1.0,2,-1.0,-1.0,2,-1.0,-1.0,0.0,4.82,0.0,5.18,0.0,5.27,0.0,4.75,YES,YES,1.0,8.8,1.0,11.22,0.0,4.33,0.0,5.36,1.0,9.6,0.0,4.96,0.0,4.11,0.0,5.23,0.0,5.73,0.0,4.74,1.0,10.65,1,1,1,1,4.0,6.0,3,1,1.0,1,1.0,1.0,-0.97,-0.84,1.0,2.0,12.0,12.0,1,2,2.0,1.0,1.0,1.0,2.0,1.0,3.0,1.0,1.0,-0.91,2.0,-1.0,-1.0,-1.0,-1.0,-1.0,-1.0
11,2,2,1,1,1,1,40,66+,1,1,1,2,9.0,12.0,4.0,2.0,-1.0,-1.0,-1.0,-1.0,-1.0,281.9187194,1945,-1.0,-1.0,-1.0,-1.0,-0.96,-1.0,-0.9,-1.0,-1.0,-1.0,2.0,-1.0,-1.0,1.0,1.0,2.0,-1.0,-1.0,2.0,-1.0,1.0,2.0,2.0,8.0,0.0,2.0,-1.0,1.0,1.0,2.0,1.0,1.0,-1.0,-1.0,1.0,1.0,1.0,1.0,45000.0,-1.0,-1.0,<10k,2,-1.0,-1.0,2,-1.0,-1.0,2,-1.0,-1.0,2,-1.0,-1.0,2,-1.0,-1.0,2,-1.0,-1.0,2,-1.0,-1.0,2,-1.0,-1.0,2,-1.0,-1.0,2,-1.0,-1.0,0.0,5.14,0.0,6.08,0.0,5.27,0.0,4.23,YES,YES,1.0,7.65,1.0,9.36,0.0,3.72,0.0,5.02,1.0,11.27,0.0,4.39,0.0,5.02,0.0,5.57,0.0,4.43,0.0,5.15,1.0,10.0,1,1,1,1,4.0,6.0,3,1,1.0,1,1.0,1.0,-0.99,-0.96,1.0,2.0,12.0,12.0,1,2,2.0,1.0,1.0,1.0,2.0,1.0,3.0,1.0,1.0,-0.92,2.0,-1.0,-1.0,-1.0,-1.0,-1.0,-1.0
11,2,2,1,1,2,2,50,51-65,1,1,1,2,9.0,10.0,7.0,2.0,-1.0,-1.0,-1.0,-1.0,-1.0,281.9187194,1954,-1.0,-1.0,-1.0,-1.0,-0.9,-1.0,-1.05,-1.0,-1.0,-1.0,2.0,-1.0,-1.0,2.0,-1.0,2.0,-1.0,-1.0,2.0,-1.0,1.0,2.0,2.0,6.0,0.0,2.0,-1.0,2.0,1.0,2.0,1.0,1.0,-1.0,-1.0,1.0,1.0,1.0,1.0,5000.0,-1.0,-1.0,<10k,2,-1.0,-1.0,2,-1.0,-1.0,2,-1.0,-1.0,2,-1.0,-1.0,2,-1.0,-1.0,2,-1.0,-1.0,2,-1.0,-1.0,2,-1.0,-1.0,2,-1.0,-1.0,2,-1.0,-1.0,0.0,5.39,0.0,5.84,0.0,5.92,0.0,5.72,YES,YES,1.0,10.6,1.0,9.63,0.0,4.35,0.0,5.0,1.0,9.54,0.0,4.58,0.0,5.05,0.0,5.65,0.0,4.39,0.0,5.28,1.0,10.37,1,1,1,1,4.0,6.0,3,1,1.0,1,1.0,1.0,-0.72,-1.03,1.0,2.0,12.0,12.0,1,2,2.0,1.0,1.0,1.0,2.0,1.0,3.0,1.0,1.0,-0.99,2.0,-1.0,-1.0,-1.0,-1.0,-1.0,-1.0
11,2,2,1,1,1,1,60,51-65,1,1,1,2,9.0,6.0,1.0,1.0,9122.0,46633.0,3.0,-1.0,-1.0,281.9187194,1963,-1.0,-1.0,-1.0,-1.0,-1.09,-1.0,-1.04,-1.0,-1.0,-1.0,2.0,-1.0,-1.0,1.0,1.0,2.0,-1.0,-1.0,2.0,-1.0,1.0,2.0,2.0,8.0,0.0,2.0,-1.0,1.0,1.0,2.0,1.0,1.0,-1.0,-1.0,1.0,1.0,1.0,1.0,45000.0,-1.0,-1.0,<10k,2,-1.0,-1.0,2,-1.0,-1.0,2,-1.0,-1.0,2,-1.0,-1.0,2,-1.0,-1.0,2,-1.0,-1.0,2,-1.0,-1.0,2,-1.0,-1.0,2,-1.0,-1.0,2,-1.0,-1.0,0.0,5.13,0.0,5.25,0.0,5.03,0.0,4.89,YES,YES,1.0,9.19,1.0,8.32,0.0,6.07,0.0,5.31,1.0,10.81,0.0,5.05,0.0,5.29,0.0,5.63,0.0,5.53,0.0,5.05,1.0,8.57,1,1,1,1,4.0,6.0,3,1,1.0,1,1.0,1.0,-1.05,-1.13,1.0,2.0,12.0,12.0,1,2,2.0,1.0,1.0,1.0,2.0,1.0,3.0,1.0,1.0,-0.98,2.0,-1.0,-1.0,-1.0,-1.0,-1.0,-1.0
11,2,2,1,1,2,2,60,51-65,1,1,1,2,9.0,11.0,1.0,1.0,5311.0,97001.0,3.0,-1.0,-1.0,281.9187194,1960,-1.0,-1.0,-1.0,-1.0,-0.94,-1.0,-1.06,-1.0,-1.0,-1.0,2.0,-1.0,-1.0,2.0,-1.0,2.0,-1.0,-1.0,2.0,-1.0,1.0,2.0,2.0,6.0,0.0,2.0,-1.0,2.0,1.0,2.0,1.0,1.0,-1.0,-1.0,1.0,1.0,1.0,1.0,5000.0,-1.0,-1.0,<10k,2,-1.0,-1.0,2,-1.0,-1.0,2,-1.0,-1.0,2,-1.0,-1.0,2,-1.0,-1.0,2,-1.0,-1.0,2,-1.0,-1.0,2,-1.0,-1.0,2,-1.0,-1.0,2,-1.0,-1.0,0.0,5.18,0.0,5.71,0.0,5.53,0.0,5.62,YES,YES,1.0,9.38,1.0,9.89,0.0,4.11,0.0,4.29,1.0,10.46,0.0,5.79,0.0,4.48,0.0,4.62,0.0,4.65,0.0,5.28,1.0,10.38,1,1,1,1,4.0,6.0,3,1,1.0,1,1.0,1.0,-1.0,-1.02,1.0,2.0,12.0,12.0,1,2,2.0,1.0,1.0,1.0,2.0,1.0,3.0,1.0,1.0,-0.88,2.0,-1.0,-1.0,-1.0,-1.0,-1.0,-1.0
11,2,2,1,1,3,1,90,19-35,1,1,1,1,9.0,13.0,1.0,1.0,9112.0,85302.0,3.0,-1.0,-1.0,281.9187194,1991,1.0,1.0,4.0,3.0,0.0,1.0,10.02,-1.0,-1.0,-1.0,2.0,-1.0,-1.0,2.0,-1.0,2.0,-1.0,-1.0,2.0,-1.0,2.0,-1.0,-1.0,-1.0,-1.0,-1.0,-1.0,2.0,1.0,2.0,1.0,1.0,-1.0,-1.0,1.0,1.0,1.0,1.0,30000.0,-1.0,-1.0,<10k,2,-1.0,-1.0,2,-1.0,-1.0,2,-1.0,-1.0,2,-1.0,-1.0,2,-1.0,-1.0,2,-1.0,-1.0,2,-1.0,-1.0,2,-1.0,-1.0,2,-1.0,-1.0,2,-1.0,-1.0,0.0,4.73,0.0,5.34,0.0,5.43,0.0,4.65,YES,YES,1.0,9.81,1.0,8.2,0.0,4.42,0.0,5.0,1.0,10.11,0.0,5.4,0.0,4.92,0.0,4.6,0.0,4.66,0.0,4.71,1.0,8.63,1,1,1,1,4.0,6.0,3,1,1.0,1,1.0,1.0,-0.94,-1.16,1.0,2.0,12.0,12.0,1,2,2.0,1.0,1.0,1.0,2.0,1.0,3.0,1.0,1.0,-1.03,2.0,-1.0,-1.0,-1.0,-1.0,-1.0,-1.0
11,2,2,1,1,1,2,50,51-65,1,1,1,4,9.0,15.0,4.0,2.0,-1.0,-1.0,-1.0,-1.0,-1.0,281.9187194,1957,-1.0,-1.0,-1.0,-1.0,-0.92,-1.0,-0.8,-1.0,-1.0,-1.0,2.0,-1.0,-1.0,1.0,1.0,2.0,-1.0,-1.0,2.0,-1.0,1.0,2.0,2.0,8.0,0.0,2.0,-1.0,1.0,1.0,2.0,1.0,1.0,-1.0,-1.0,1.0,1.0,1.0,1.0,45000.0,-1.0,-1.0,<10k,2,-1.0,-1.0,2,-1.0,-1.0,2,-1.0,-1.0,2,-1.0,-1.0,2,-1.0,-1.0,2,-1.0,-1.0,2,-1.0,-1.0,2,-1.0,-1.0,2,-1.0,-1.0,2,-1.0,-1.0,0.0,5.53,0.0,5.97,0.0,4.4,0.0,5.55,YES,YES,1.0,8.53,1.0,9.29,0.0,4.95,0.0,5.35,1.0,11.35,0.0,4.9,0.0,5.6,0.0,5.1,0.0,5.11,0.0,4.95,1.0,9.47,1,1,1,1,4.0,6.0,3,1,1.0,1,1.0,1.0,-0.91,-1.05,1.0,2.0,12.0,12.0,1,2,2.0,1.0,1.0,1.0,2.0,1.0,3.0,1.0,1.0,-1.01,2.0,-1.0,-1.0,-1.0,-1.0,-1.0,-1.0
11,2,2,1,1,3,2,90,19-35,1,1,1,1,9.0,15.0,1.0,1.0,2412.0,65110.0,3.0,-1.0,-1.0,281.9187194,1991,-1.0,-1.0,-1.0,-1.0,-0.98,-1.0,-1.14,-1.0,-1.0,-1.0,2.0,-1.0,-1.0,2.0,-1.0,2.0,-1.0,-1.0,2.0,-1.0,1.0,2.0,2.0,6.0,0.0,2.0,-1.0,2.0,1.0,2.0,1.0,1.0,-1.0,-1.0,1.0,1.0,1.0,1.0,5000.0,-1.0,-1.0,<10k,2,-1.0,-1.0,2,-1.0,-1.0,2,-1.0,-1.0,2,-1.0,-1.0,2,-1.0,-1.0,2,-1.0,-1.0,2,-1.0,-1.0,2,-1.0,-1.0,2,-1.0,-1.0,2,-1.0,-1.0,0.0,4.85,0.0,4.19,0.0,4.41,0.0,4.87,YES,YES,1.0,9.29,1.0,10.08,0.0,4.41,0.0,5.27,1.0,9.81,0.0,5.21,0.0,4.93,0.0,5.07,0.0,4.77,0.0,5.78,1.0,10.28,1,1,1,1,4.0,6.0,3,1,1.0,1,1.0,1.0,-1.07,-0.96,1.0,2.0,12.0,12.0,1,2,2.0,1.0,1.0,1.0,2.0,1.0,3.0,1.0,1.0,-0.95,2.0,-1.0,-1.0,-1.0,-1.0,-1.0,-1.0
11,2,2,1,1,1,1,70,36-50,1,1,1,2,9.0,13.0,1.0,1.0,3411.0,84230.0,1.0,-1.0,-1.0,281.9187194,1971,-1.0,-1.0,-1.0,-1.0,-0.98,-1.0,-1.07,-1.0,-1.0,-1.0,2.0,-1.0,-1.0,1.0,1.0,2.0,-1.0,-1.0,2.0,-1.0,1.0,2.0,2.0,8.0,0.0,2.0,-1.0,1.0,1.0,2.0,1.0,1.0,-1.0,-1.0,1.0,1.0,1.0,1.0,45000.0,-1.0,-1.0,<10k,2,-1.0,-1.0,2,-1.0,-1.0,2,-1.0,-1.0,2,-1.0,-1.0,2,-1.0,-1.0,2,-1.0,-1.0,2,-1.0,-1.0,2,-1.0,-1.0,2,-1.0,-1.0,2,-1.0,-1.0,0.0,5.78,0.0,4.82,0.0,5.17,0.0,5.48,YES,YES,1.0,8.61,1.0,9.66,0.0,4.34,0.0,4.99,1.0,10.6,0.0,5.46,0.0,5.07,0.0,4.81,0.0,5.96,0.0,5.12,1.0,9.89,1,1,1,1,4.0,6.0,3,1,1.0,1,1.0,1.0,-1.0,-1.11,1.0,2.0,12.0,12.0,1,2,2.0,1.0,1.0,1.0,2.0,1.0,3.0,1.0,1.0,-1.04,2.0,-1.0,-1.0,-1.0,-1.0,-1.0,-1.0
11,2,2,1,1,2,2,70,36-50,1,1,1,2,9.0,15.0,1.0,1.0,2341.0,85102.0,1.0,-1.0,-1.0,281.9187194,1971,-1.0,-1.0,-1.0,-1.0,-0.91,-1.0,-0.95,-1.0,-1.0,-1.0,2.0,-1.0,-1.0,2.0,-1.0,2.0,-1.0,-1.0,2.0,-1.0,1.0,2.0,2.0,6.0,0.0,2.0,-1.0,2.0,1.0,2.0,1.0,1.0,-1.0,-1.0,1.0,1.0,1.0,1.0,5000.0,-1.0,-1.0,<10k,2,-1.0,-1.0,2,-1.0,-1.0,2,-1.0,-1.0,2,-1.0,-1.0,2,-1.0,-1.0,2,-1.0,-1.0,2,-1.0,-1.0,2,-1.0,-1.0,2,-1.0,-1.0,2,-1.0,-1.0,0.0,5.64,0.0,4.36,0.0,5.33,0.0,5.8,YES,YES,1.0,10.94,1.0,7.94,0.0,3.91,0.0,5.18,1.0,8.83,0.0,4.26,0.0,4.85,0.0,5.62,0.0,4.74,0.0,5.32,1.0,7.09,1,1,1,1,4.0,6.0,3,1,1.0,1,1.0,1.0,-1.08,-0.96,1.0,2.0,12.0,12.0,1,2,2.0,1.0,1.0,1.0,2.0,1.0,3.0,1.0,1.0,-1.06,2.0,-1.0,-1.0,-1.0,-1.0,-1.0,-1.0
11,2,2,1,1,3,1,90,19-35,1,1,1,1,4.0,13.0,8.0,2.0,-1.0,-1.0,-1.0,-1.0,-1.0,281.9187194,1994,1.0,1.0,4.0,3.0,0.0,1.0,9.28,-1.0,-1.0,-1.0,2.0,-1.0,-1.0,2.0,-1.0,2.0,-1.0,-1.0,2.0,-1.0,2.0,-1.0,-1.0,-1.0,-1.0,-1.0,-1.0,2.0,1.0,2.0,1.0,1.0,-1.0,-1.0,1.0,1.0,1.0,1.0,30000.0,-1.0,-1.0,<10k,2,-1.0,-1.0,2,-1.0,-1.0,2,-1.0,-1.0,2,-1.0,-1.0,2,-1.0,-1.0,2,-1.0,-1.0,2,-1.0,-1.0,2,-1.0,-1.0,2,-1.0,-1.0,2,-1.0,-1.0,0.0,4.69,0.0,4.86,0.0,5.39,0.0,5.17,YES,YES,1.0,8.21,1.0,10.36,0.0,5.65,0.0,4.39,1.0,9.68,0.0,4.47,0.0,4.66,0.0,4.91,0.0,5.26,0.0,5.1,1.0,9.59,1,1,1,1,4.0,6.0,3,1,1.0,1,1.0,1.0,-1.04,-0.78,1.0,2.0,12.0,12.0,1,2,2.0,1.0,1.0,1.0,2.0,1.0,3.0,1.0,1.0,-0.91,2.0,-1.0,-1.0,-1.0,-1.0,-1.0,-1.0
11,2,2,1,1,3,1,0,0-18,1,1,1,1,2.0,9.0,-1.0,-1.0,-1.0,-1.0,-1.0,-1.0,-1.0,281.9187194,2004,1.0,1.0,1.0,19.0,0.0,1.0,12.38,-1.0,-1.0,-1.0,2.0,-1.0,-1.0,1.0,1.0,1.0,3.0,1.0,1.0,1.0,2.0,-1.0,-1.0,-1.0,-1.0,-1.0,-1.0,2.0,1.0,2.0,1.0,1.0,-1.0,-1.0,1.0,1.0,1.0,1.0,25000.0,-1.0,-1.0,<10k,2,-1.0,-1.0,2,-1.0,-1.0,2,-1.0,-1.0,2,-1.0,-1.0,2,-1.0,-1.0,2,-1.0,-1.0,2,-1.0,-1.0,2,-1.0,-1.0,2,-1.0,-1.0,2,-1.0,-1.0,0.0,5.7,0.0,5.11,0.0,5.09,0.0,5.0,YES,YES,1.0,11.23,1.0,9.48,0.0,5.15,0.0,5.64,1.0,10.0,0.0,4.74,0.0,5.09,0.0,5.32,0.0,5.7,0.0,5.41,1.0,10.16,1,1,1,1,4.0,6.0,3,1,1.0,1,1.0,1.0,-1.03,-1.03,1.0,2.0,12.0,12.0,1,2,2.0,1.0,1.0,1.0,2.0,1.0,3.0,1.0,1.0,-1.09,2.0,-1.0,-1.0,-1.0,-1.0,-1.0,-1.0
11,2,2,1,1,1,1,70,36-50,1,1,5,2,9.0,11.0,1.0,1.0,1321.0,15121.0,5.0,-1.0,-1.0,281.9187194,1976,-1.0,-1.0,-1.0,-1.0,-1.1,-1.0,-1.01,-1.0,-1.0,-1.0,2.0,-1.0,-1.0,1.0,1.0,2.0,-1.0,-1.0,2.0,-1.0,1.0,2.0,2.0,8.0,0.0,2.0,-1.0,1.0,1.0,2.0,1.0,1.0,-1.0,-1.0,1.0,1.0,1.0,1.0,45000.0,-1.0,-1.0,<10k,2,-1.0,-1.0,2,-1.0,-1.0,2,-1.0,-1.0,2,-1.0,-1.0,2,-1.0,-1.0,2,-1.0,-1.0,2,-1.0,-1.0,2,-1.0,-1.0,2,-1.0,-1.0,2,-1.0,-1.0,0.0,5.37,0.0,4.05,0.0,4.51,0.0,4.54,YES,YES,1.0,9.38,1.0,11.53,0.0,5.5,0.0,4.27,1.0,11.65,0.0,5.31,0.0,5.58,0.0,5.06,0.0,4.14,0.0,4.26,1.0,10.54,1,1,1,1,4.0,6.0,3,1,1.0,1,1.0,1.0,-0.88,-1.01,1.0,2.0,12.0,12.0,1,2,2.0,1.0,1.0,1.0,2.0,1.0,3.0,1.0,1.0,-1.02,2.0,-1.0,-1.0,-1.0,-1.0,-1.0,-1.0
11,2,2,1,1,2,2,70,36-50,1,1,5,2,9.0,13.0,1.0,1.0,7536.0,15121.0,6.0,-1.0,-1.0,281.9187194,1976,-1.0,-1.0,-1.0,-1.0,-1.18,-1.0,-1.01,-1.0,-1.0,-1.0,2.0,-1.0,-1.0,2.0,-1.0,2.0,-1.0,-1.0,2.0,-1.0,1.0,2.0,2.0,6.0,0.0,2.0,-1.0,2.0,1.0,2.0,1.0,1.0,-1.0,-1.0,1.0,1.0,1.0,1.0,5000.0,-1.0,-1.0,<10k,2,-1.0,-1.0,2,-1.0,-1.0,2,-1.0,-1.0,2,-1.0,-1.0,2,-1.0,-1.0,2,-1.0,-1.0,2,-1.0,-1.0,2,-1.0,-1.0,2,-1.0,-1.0,2,-1.0,-1.0,0.0,4.88,0.0,4.77,0.0,6.32,0.0,5.9,YES,YES,1.0,9.54,1.0,10.0,0.0,4.36,0.0,4.91,1.0,11.67,0.0,4.88,0.0,4.6,0.0,4.03,0.0,4.61,0.0,4.99,1.0,9.99,1,1,1,1,4.0,6.0,3,1,1.0,1,1.0,1.0,-1.01,-0.96,1.0,2.0,12.0,12.0,1,2,2.0,1.0,1.0,1.0,2.0,1.0,3.0,1.0,1.0,-0.94,2.0,-1.0,-1.0,-1.0,-1.0,-1.0,-1.0
11,2,2,1,1,3,1,0,0-18,1,1,5,1,9.0,19.0,9.0,2.0,-1.0,-1.0,-1.0,-1.0,-1.0,281.9187194,2002,1.0,1.0,4.0,3.0,0.0,1.0,9.75,-1.0,-1.0,-1.0,2.0,-1.0,-1.0,2.0,-1.0,2.0,-1.0,-1.0,2.0,-1.0,2.0,-1.0,-1.0,-1.0,-1.0,-1.0,-1.0,2.0,1.0,2.0,1.0,1.0,-1.0,-1.0,1.0,1.0,1.0,1.0,30000.0,-1.0,-1.0,<10k,2,-1.0,-1.0,2,-1.0,-1.0,2,-1.0,-1.0,2,-1.0,-1.0,2,-1.0,-1.0,2,-1.0,-1.0,2,-1.0,-1.0,2,-1.0,-1.0,2,-1.0,-1.0,2,-1.0,-1.0,0.0,4.92,0.0,5.47,0.0,5.12,0.0,5.64,YES,YES,1.0,10.16,1.0,9.69,0.0,4.7,0.0,4.44,1.0,10.13,0.0,5.26,0.0,5.32,0.0,5.18,0.0,4.79,0.0,5.41,1.0,10.01,1,1,1,1,4.0,6.0,3,1,1.0,1,1.0,1.0,-1.12,-1.16,1.0,2.0,12.0,12.0,1,2,2.0,1.0,1.0,1.0,2.0,1.0,3.0,1.0,1.0,-0.95,2.0,-1.0,-1.0,-1.0,-1.0,-1.0,-1.0
11,2,2,1,1,3,2,0,0-18,1,1,5,1,2.0,8.0,-1.0,-1.0,-1.0,-1.0,-1.0,-1.0,-1.0,281.9187194,2005,1.0,1.0,1.0,19.0,0.0,1.0,9.79,-1.0,-1.0,-1.0,2.0,-1.0,-1.0,1.0,1.0,1.0,3.0,1.0,1.0,1.0,2.0,-1.0,-1.0,-1.0,-1.0,-1.0,-1.0,2.0,1.0,2.0,1.0,1.0,-1.0,-1.0,1.0,1.0,1.0,1.0,25000.0,-1.0,-1.0,<10k,2,-1.0,-1.0,2,-1.0,-1.0,2,-1.0,-1.0,2,-1.0,-1.0,2,-1.0,-1.0,2,-1.0,-1.0,2,-1.0,-1.0,2,-1.0,-1.0,2,-1.0,-1.0,2,-1.0,-1.0,0.0,5.1,0.0,4.55,0.0,5.25,0.0,4.39,YES,YES,1.0,9.08,1.0,10.46,0.0,5.06,0.0,5.45,1.0,9.79,0.0,5.71,0.0,4.92,0.0,6.44,0.0,4.68,0.0,6.12,1.0,11.22,1,1,1,1,4.0,6.0,3,1,1.0,1,1.0,1.0,-0.93,-1.09,1.0,2.0,12.0,12.0,1,2,2.0,1.0,1.0,1.0,2.0,1.0,3.0,1.0,1.0,-0.99,2.0,-1.0,-1.0,-1.0,-1.0,-1.0,-1.0
11,2,2,1,1,3,2,0,0-18,1,1,5,1,2.0,5.0,-1.0,-1.0,-1.0,-1.0,-1.0,-1.0,-1.0,281.9187194,2008,1.0,2.0,6.0,5.0,9.41,4.0,35.9,-1.0,-1.0,-1.0,2.0,-1.0,-1.0,2.0,-1.0,2.0,-1.0,-1.0,2.0,-1.0,1.0,2.0,2.0,5.0,0.0,2.0,-1.0,2.0,1.0,2.0,1.0,1.0,-1.0,-1.0,1.0,1.0,1.0,-1.0,-1.0,-1.0,-1.0,<10k,2,-1.0,-1.0,2,-1.0,-1.0,2,-1.0,-1.0,2,-1.0,-1.0,2,-1.0,-1.0,2,-1.0,-1.0,2,-1.0,-1.0,2,-1.0,-1.0,2,-1.0,-1.0,2,-1.0,-1.0,0.0,5.07,0.0,5.09,0.0,5.6,0.0,5.38,YES,YES,1.0,9.63,1.0,10.29,0.0,4.48,0.0,5.85,1.0,9.49,0.0,4.26,0.0,5.74,0.0,5.31,0.0,5.11,0.0,5.66,1.0,9.68,1,1,1,1,4.0,6.0,3,1,1.0,1,1.0,1.0,-0.99,-1.0,1.0,2.0,12.0,12.0,1,2,2.0,1.0,1.0,1.0,2.0,1.0,3.0,1.0,1.0,-1.07,2.0,-1.0,-1.0,-1.0,-1.0,-1.0,-1.0
11,2,2,1,1,3,1,10,0-18,1,1,5,1,2.0,2.0,-1.0,-1.0,-1.0,-1.0,-1.0,-1.0,-1.0,281.9187194,2011,1.0,2.0,3.0,2.0,9.0,4.0,26.03,-1.0,-1.0,-1.0,2.0,-1.0,-1.0,2.0,-1.0,2.0,-1.0,-1.0,2.0,-1.0,1.0,13.0,2.0,15.0,0.0,2.0,-1.0,2.0,1.0,2.0,1.0,1.0,-1.0,-1.0,1.0,1.0,1.0,-1.0,-1.0,-1.0,-1.0,<10k,2,-1.0,-1.0,2,-1.0,-1.0,2,-1.0,-1.0,2,-1.0,-1.0,2,-1.0,-1.0,2,-1.0,-1.0,2,-1.0,-1.0,2,-1.0,-1.0,2,-1.0,-1.0,2,-1.0,-1.0,0.0,4.53,0.0,5.52,0.0,5.36,0.0,4.69,YES,YES,1.0,9.42,1.0,8.19,0.0,5.13,0.0,4.18,1.0,9.32,0.0,4.42,0.0,4.68,0.0,4.86,0.0,4.1,0.0,6.05,1.0,11.32,1,1,1,1,4.0,6.0,3,1,1.0,1,1.0,1.0,-0.97,-1.01,1.0,2.0,12.0,12.0,1,2,2.0,1.0,1.0,1.0,2.0,1.0,3.0,1.0,1.0,-1.09,2.0,-1.0,-1.0,-1.0,-1.0,-1.0,-1.0
11,2,2,1,1,4,2,50,66+,1,1,1,7,9.0,10.0,7.0,2.0,-1.0,-1.0,-1.0,-1.0,-1.0,281.9187194,1952,-1.0,-1.0,-1.0,-1.0,-1.11,-1.0,-1.12,-1.0,-1.0,-1.0,2.0,-1.0,-1.0,2.0,-1.0,2.0,-1.0,-1.0,2.0,-1.0,1.0,3.0,2.0,6.0,0.0,2.0,-1.0,2.0,1.0,2.0,1.0,1.0,-1.0,-1.0,1.0,1.0,1.0,-1.0,-1.0,-1.0,-1.0,<10k,2,-1.0,-1.0,2,-1.0,-1.0,2,-1.0,-1.0,2,-1.0,-1.0,2,-1.0,-1.0,2,-1.0,-1.0,2,-1.0,-1.0,2,-1.0,-1.0,2,-1.0,-1.0,2,-1.0,-1.0,0.0,4.66,0.0,5.84,0.0,4.84,0.0,5.46,YES,YES,1.0,11.98,1.0,9.96,0.0,4.64,0.0,6.21,1.0,10.39,0.0,5.67,0.0,5.22,0.0,4.72,0.0,3.86,0.0,4.58,1.0,11.0,1,1,1,1,4.0,6.0,3,1,1.0,1,1.0,1.0,-0.75,-1.06,1.0,2.0,12.0,12.0,1,2,2.0,1.0,1.0,1.0,2.0,1.0,3.0,1.0,1.0,-0.9,2.0,-1.0,-1.0,-1.0,-1.0,-1.0,-1.0
11,2,2,1,1,1,2,40,66+,1,1,1,4,9.0,8.0,7.0,2.0,-1.0,-1.0,-1.0,-1.0,-1.0,281.9187194,1940,-1.0,-1.0,-1.0,-1.0,-0.95,-1.0,-0.97,-1.0,-1.0,-1.0,2.0,-1.0,-1.0,1.0,1.0,2.0,-1.0,-1.0,2.0,-1.0,1.0,2.0,2.0,8.0,0.0,2.0,-1.0,1.0,1.0,2.0,1.0,1.0,-1.0,-1.0,1.0,1.0,1.0,1.0,45000.0,-1.0,-1.0,<10k,2,-1.0,-1.0,2,-1.0,-1.0,2,-1.0,-1.0,2,-1.0,-1.0,2,-1.0,-1.0,2,-1.0,-1.0,2,-1.0,-1.0,2,-1.0,-1.0,2,-1.0,-1.0,2,-1.0,-1.0,0.0,4.91,0.0,5.95,0.0,5.07,0.0,5.16,YES,YES,1.0,8.9,1.0,8.49,0.0,5.43,0.0,4.85,1.0,10.44,0.0,5.48,0.0,4.95,0.0,5.33,0.0,4.36,0.0,5.39,1.0,10.17,1,1,1,1,4.0,6.0,3,1,1.0,1,1.0,1.0,-1.16,-0.93,1.0,2.0,12.0,12.0,1,2,2.0,1.0,1.0,1.0,2.0,1.0,3.0,1.0,1.0,-1.0,2.0,-1.0,-1.0,-1.0,-1.0,-1.0,-1.0
11,2,2,1,1,3,2,60,51-65,1,1,1,1,9.0,11.0,7.0,2.0,-1.0,-1.0,-1.0,-1.0,-1.0,281.9187194,1964,-1.0,-1.0,-1.0,-1.0,-0.98,-1.0,-1.37,-1.0,-1.0,-1.0,2.0,-1.0,-1.0,2.0,-1.0,2.0,-1.0,-1.0,2.0,-1.0,1.0,2.0,2.0,6.0,0.0,2.0,-1.0,2.0,1.0,2.0,1.0,1.0,-1.0,-1.0,1.0,1.0,1.0,1.0,5000.0,-1.0,-1.0,<10k,2,-1.0,-1.0,2,-1.0,-1.0,2,-1.0,-1.0,2,-1.0,-1.0,2,-1.0,-1.0,2,-1.0,-1.0,2,-1.0,-1.0,2,-1.0,-1.0,2,-1.0,-1.0,2,-1.0,-1.0,0.0,5.85,0.0,6.05,0.0,4.21,0.0,5.05,YES,YES,1.0,10.01,1.0,11.19,0.0,5.47,0.0,4.56,1.0,11.4,0.0,4.57,0.0,4.46,0.0,5.36,0.0,5.44,0.0,4.86,1.0,11.56,1,1,1,1,4.0,6.0,3,1,1.0,1,1.0,1.0,-0.92,-1.13,1.0,2.0,12.0,12.0,1,2,2.0,1.0,1.0,1.0,2.0,1.0,3.0,1.0,1.0,-1.03,2.0,-1.0,-1.0,-1.0,-1.0,-1.0,-1.0
11,2,2,1,1,3,2,60,36-50,1,1,1,1,9.0,12.0,1.0,1.0,2342.0,85101.0,5.0,-1.0,-1.0,281.9187194,1968,1.0,1.0,4.0,3.0,0.0,1.0,9.29,-1.0,-1.0,-1.0,2.0,-1.0,-1.0,2.0,-1.0,2.0,-1.0,-1.0,2.0,-1.0,2.0,-1.0,-1.0,-1.0,-1.0,-1.0,-1.0,2.0,1.0,2.0,1.0,1.0,-1.0,-1.0,1.0,1.0,1.0,1.0,30000.0,-1.0,-1.0,<10k,2,-1.0,-1.0,2,-1.0,-1.0,2,-1.0,-1.0,2,-1.0,-1.0,2,-1.0,-1.0,2,-1.0,-1.0,2,-1.0,-1.0,2,-1.0,-1.0,2,-1.0,-1.0,2,-1.0,-1.0,0.0,5.46,0.0,3.74,0.0,4.43,0.0,5.15,YES,YES,1.0,10.2,1.0,8.16,0.0,4.77,0.0,4.67,1.0,11.08,0.0,4.8,0.0,5.21,0.0,4.8,0.0,5.38,0.0,4.96,1.0,11.33,1,1,1,1,4.0,6.0,3,1,1.0,1,1.0,1.0,-0.94,-1.01,1.0,2.0,12.0,12.0,1,2,2.0,1.0,1.0,1.0,2.0,1.0,3.0,1.0,1.0,-1.1,2.0,-1.0,-1.0,-1.0,-1.0,-1.0,-1.0
11,2,2,1,1,3,1,70,36-50,1,1,1,1,9.0,10.0,1.0,1.0,9112.0,69101.0,3.0,-1.0,-1.0,281.9187194,1972,1.0,1.0,1.0,19.0,0.0,1.0,9.27,-1.0,-1.0,-1.0,2.0,-1.0,-1.0,1.0,1.0,1.0,3.0,1.0,1.0,1.0,2.0,-1.0,-1.0,-1.0,-1.0,-1.0,-1.0,2.0,1.0,2.0,1.0,1.0,-1.0,-1.0,1.0,1.0,1.0,1.0,25000.0,-1.0,-1.0,<10k,2,-1.0,-1.0,2,-1.0,-1.0,2,-1.0,-1.0,2,-1.0,-1.0,2,-1.0,-1.0,2,-1.0,-1.0,2,-1.0,-1.0,2,-1.0,-1.0,2,-1.0,-1.0,2,-1.0,-1.0,0.0,4.88,0.0,4.69,0.0,5.07,0.0,4.41,YES,YES,1.0,9.31,1.0,10.31,0.0,5.09,0.0,4.98,1.0,8.51,0.0,4.87,0.0,5.2,0.0,4.0,0.0,5.67,0.0,5.32,1.0,9.51,1,1,1,1,4.0,6.0,3,1,1.0,1,1.0,1.0,-1.02,-0.95,1.0,2.0,12.0,12.0,1,2,2.0,1.0,1.0,1.0,2.0,1.0,3.0,1.0,1.0,-1.02,2.0,-1.0,-1.0,-1.0,-1.0,-1.0,-1.0
11,2,2,1,1,1,1,30,66+,1,1,1,2,9.0,5.0,5.0,2.0,-1.0,-1.0,-1.0,-1.0,-1.0,253.0556124,1936,-1.0,-1.0,-1.0,-1.0,-0.89,-1.0,-1.05,-1.0,-1.0,-1.0,2.0,-1.0,-1.0,2.0,-1.0,2.0,-1.0,-1.0,2.0,-1.0,2.0,-1.0,-1.0,-1.0,-1.0,-1.0,-1.0,1.0,1.0,2.0,1.0,1.0,-1.0,-1.0,1.0,1.0,1.0,-1.0,-1.0,-1.0,-1.0,<10k,2,-1.0,-1.0,2,-1.0,-1.0,2,-1.0,-1.0,2,-1.0,-1.0,2,-1.0,-1.0,2,-1.0,-1.0,2,-1.0,-1.0,2,-1.0,-1.0,2,-1.0,-1.0,2,-1.0,-1.0,0.0,4.69,0.0,5.38,0.0,5.51,0.0,5.32,YES,YES,0.0,5.11,0.0,5.44,0.0,5.03,0.0,5.23,4.0,9.51,4.0,10.1,4.0,10.37,1.0,4.81,0.0,4.5,0.0,5.65,4.0,9.14,1,1,1,1,2.0,6.0,4,2,1.0,2,1.0,1.0,-1.09,-0.98,8.0,2.0,12.0,12.0,1,2,2.0,1.0,1.0,1.0,2.0,1.0,1.0,1.0,1.0,-1.09,2.0,-1.0,-1.0,-1.0,-1.0,-1.0,-1.0
11,2,2,1,1,2,2,40,66+,1,1,1,2,9.0,5.0,5.0,2.0,-1.0,-1.0,-1.0,-1.0,-1.0,253.0556124,1945,-1.0,-1.0,-1.0,-1.0,-0.97,-1.0,-0.87,-1.0,-1.0,-1.0,2.0,-1.0,-1.0,1.0,1.0,2.0,-1.0,-1.0,2.0,-1.0,1.0,2.0,2.0,2.0,0.0,2.0,-1.0,1.0,1.0,2.0,1.0,1.0,-1.0,-1.0,1.0,1.0,1.0,1.0,15000.0,-1.0,-1.0,<10k,2,-1.0,-1.0,2,-1.0,-1.0,2,-1.0,-1.0,2,-1.0,-1.0,2,-1.0,-1.0,2,-1.0,-1.0,2,-1.0,-1.0,2,-1.0,-1.0,2,-1.0,-1.0,2,-1.0,-1.0,0.0,4.91,0.0,5.38,0.0,5.82,0.0,4.52,YES,YES,0.0,5.14,0.0,4.89,0.0,5.59,0.0,4.48,4.0,9.41,4.0,9.84,4.0,8.58,1.0,4.51,0.0,4.82,0.0,4.93,4.0,9.39,1,1,1,1,2.0,6.0,4,2,1.0,2,1.0,1.0,-1.05,-1.08,8.0,2.0,12.0,12.0,1,2,2.0,1.0,1.0,1.0,2.0,1.0,1.0,1.0,1.0,-0.99,2.0,-1.0,-1.0,-1.0,-1.0,-1.0,-1.0
11,2,2,1,1,3,1,70,36-50,1,1,1,2,9.0,13.0,1.0,1.0,1321.0,10611.0,5.0,-1.0,-1.0,253.0556124,1972,1.0,1.0,9.0,8.0,3.59,5.0,9.65,-1.0,-1.0,-1.0,2.0,-1.0,-1.0,2.0,-1.0,2.0,-1.0,-1.0,2.0,-1.0,2.0,-1.0,-1.0,-1.0,-1.0,-1.0,-1.0,2.0,1.0,2.0,1.0,1.0,-1.0,-1.0,1.0,1.0,1.0,1.0,60000.0,-1.0,-1.0,<10k,2,-1.0,-1.0,2,-1.0,-1.0,2,-1.0,-1.0,2,-1.0,-1.0,2,-1.0,-1.0,2,-1.0,-1.0,2,-1.0,-1.0,2,-1.0,-1.0,2,-1.0,-1.0,2,-1.0,-1.0,0.0,5.09,0.0,4.28,0.0,4.52,0.0,5.88,YES,YES,0.0,4.82,0.0,4.86,0.0,5.31,0.0,5.19,4.0,8.86,4.0,8.84,4.0,8.49,1.0,4.93,0.0,4.98,0.0,5.35,4.0,9.24,1,1,1,1,2.0,6.0,4,2,1.0,2,1.0,1.0,-0.98,-0.93,8.0,2.0,12.0,12.0,1,2,2.0,1.0,1.0,1.0,2.0,1.0,1.0,1.0,1.0,-1.01,2.0,-1.0,-1.0,-1.0,-1.0,-1.0,-1.0
11,2,2,1,1,5,2,70,36-50,1,1,1,2,9.0,13.0,7.0,2.0,-1.0,-1.0,-1.0,-1.0,-1.0,253.0556124,1976,1.0,1.0,1.0,19.0,1.0,5.0,10.83,-1.0,-1.0,-1.0,2.0,-1.0,-1.0,2.0,-1.0,2.0,-1.0,-1.0,2.0,-1.0,2.0,-1.0,-1.0,-1.0,-1.0,-1.0,-1.0,2.0,1.0,2.0,1.0,1.0,-1.0,-1.0,1.0,1.0,1.0,-1.0,-1.0,-1.0,-1.0,<10k,2,-1.0,-1.0,2,-1.0,-1.0,2,-1.0,-1.0,2,-1.0,-1.0,2,-1.0,-1.0,2,-1.0,-1.0,2,-1.0,-1.0,2,-1.0,-1.0,2,-1.0,-1.0,2,-1.0,-1.0,0.0,6.38,0.0,4.95,0.0,4.87,0.0,4.9,YES,YES,0.0,5.18,0.0,5.26,0.0,5.12,0.0,4.71,4.0,10.4,4.0,9.21,4.0,9.81,1.0,4.89,0.0,4.8,0.0,4.68,4.0,11.27,1,1,1,1,2.0,6.0,4,2,1.0,2,1.0,1.0,-0.86,-0.91,8.0,2.0,12.0,12.0,1,2,2.0,1.0,1.0,1.0,2.0,1.0,1.0,1.0,1.0,-0.92,2.0,-1.0,-1.0,-1.0,-1.0,-1.0,-1.0
11,2,2,1,1,5,1,0,0-18,1,1,1,1,2.0,9.0,-1.0,-1.0,-1.0,-1.0,-1.0,-1.0,-1.0,253.0556124,2004,1.0,1.0,10.0,9.0,2.05,5.0,9.88,-1.0,-1.0,-1.0,2.0,-1.0,-1.0,2.0,-1.0,2.0,-1.0,-1.0,2.0,-1.0,2.0,-1.0,-1.0,-1.0,-1.0,-1.0,-1.0,2.0,1.0,2.0,1.0,1.0,-1.0,-1.0,1.0,1.0,1.0,-1.0,-1.0,-1.0,-1.0,<10k,2,-1.0,-1.0,2,-1.0,-1.0,2,-1.0,-1.0,2,-1.0,-1.0,2,-1.0,-1.0,2,-1.0,-1.0,2,-1.0,-1.0,2,-1.0,-1.0,2,-1.0,-1.0,2,-1.0,-1.0,0.0,5.31,0.0,5.62,0.0,5.46,0.0,4.31,YES,YES,0.0,4.78,0.0,5.13,0.0,4.9,0.0,4.93,4.0,11.02,4.0,9.65,4.0,10.09,1.0,4.74,0.0,5.45,0.0,4.72,4.0,10.29,1,1,1,1,2.0,6.0,4,2,1.0,2,1.0,1.0,-1.04,-0.89,8.0,2.0,12.0,12.0,1,2,2.0,1.0,1.0,1.0,2.0,1.0,1.0,1.0,1.0,-0.94,2.0,-1.0,-1.0,-1.0,-1.0,-1.0,-1.0
11,2,2,1,1,5,1,0,0-18,1,1,1,1,2.0,5.0,-1.0,-1.0,-1.0,-1.0,-1.0,-1.0,-1.0,253.0556124,2008,1.0,1.0,6.0,5.0,1.76,5.0,10.87,-1.0,-1.0,-1.0,2.0,-1.0,-1.0,2.0,-1.0,2.0,-1.0,-1.0,2.0,-1.0,1.0,14.0,2.0,3.0,0.0,2.0,-1.0,2.0,1.0,2.0,1.0,1.0,-1.0,-1.0,1.0,1.0,1.0,-1.0,-1.0,-1.0,-1.0,<10k,2,-1.0,-1.0,2,-1.0,-1.0,2,-1.0,-1.0,2,-1.0,-1.0,2,-1.0,-1.0,2,-1.0,-1.0,2,-1.0,-1.0,2,-1.0,-1.0,2,-1.0,-1.0,2,-1.0,-1.0,0.0,5.08,0.0,4.68,0.0,4.4,0.0,5.2,YES,YES,0.0,4.86,0.0,5.44,0.0,5.53,0.0,4.53,4.0,10.49,4.0,9.65,4.0,9.97,1.0,4.8,0.0,4.42,0.0,5.48,4.0,12.55,1,1,1,1,2.0,6.0,4,2,1.0,2,1.0,1.0,-1.01,-1.07,8.0,2.0,12.0,12.0,1,2,2.0,1.0,1.0,1.0,2.0,1.0,1.0,1.0,1.0,-1.11,2.0,-1.0,-1.0,-1.0,-1.0,-1.0,-1.0
11,2,2,1,1,1,1,60,51-65,1,1,1,2,9.0,11.0,1.0,1.0,1321.0,10711.0,4.0,-1.0,-1.0,253.0556124,1966,-1.0,-1.0,-1.0,-1.0,-1.07,-1.0,-0.94,-1.0,-1.0,-1.0,2.0,-1.0,-1.0,2.0,-1.0,2.0,-1.0,-1.0,2.0,-1.0,2.0,-1.0,-1.0,-1.0,-1.0,-1.0,-1.0,1.0,1.0,2.0,1.0,1.0,-1.0,-1.0,1.0,1.0,1.0,-1.0,-1.0,-1.0,-1.0,<10k,2,-1.0,-1.0,2,-1.0,-1.0,2,-1.0,-1.0,2,-1.0,-1.0,2,-1.0,-1.0,2,-1.0,-1.0,2,-1.0,-1.0,2,-1.0,-1.0,2,-1.0,-1.0,2,-1.0,-1.0,0.0,4.41,0.0,5.0,0.0,6.19,0.0,5.82,YES,YES,0.0,4.98,0.0,4.47,0.0,4.77,0.0,5.2,4.0,8.64,4.0,11.95,4.0,8.5,1.0,5.32,0.0,4.68,0.0,4.94,4.0,10.21,1,1,1,1,2.0,6.0,4,2,1.0,2,1.0,1.0,-1.1,-0.84,8.0,2.0,12.0,12.0,1,2,2.0,1.0,1.0,1.0,2.0,1.0,1.0,1.0,1.0,-0.92,2.0,-1.0,-1.0,-1.0,-1.0,-1.0,-1.0
11,2,2,1,1,2,2,70,36-50,1,1,1,2,9.0,11.0,1.0,1.0,5211.0,47215.0,6.0,-1.0,-1.0,253.0556124,1971,-1.0,-1.0,-1.0,-1.0,-1.11,-1.0,-1.12,-1.0,-1.0,-1.0,2.0,-1.0,-1.0,1.0,1.0,2.0,-1.0,-1.0,2.0,-1.0,1.0,2.0,2.0,2.0,0.0,2.0,-1.0,1.0,1.0,2.0,1.0,1.0,-1.0,-1.0,1.0,1.0,1.0,1.0,15000.0,-1.0,-1.0,<10k,2,-1.0,-1.0,2,-1.0,-1.0,2,-1.0,-1.0,2,-1.0,-1.0,2,-1.0,-1.0,2,-1.0,-1.0,2,-1.0,-1.0,2,-1.0,-1.0,2,-1.0,-1.0,2,-1.0,-1.0,0.0,4.86,0.0,5.32,0.0,5.06,0.0,4.68,YES,YES,0.0,5.6,0.0,4.77,0.0,5.81,0.0,4.76,4.0,11.54,4.0,8.6,4.0,8.64,1.0,5.49,0.0,5.65,0.0,4.86,4.0,11.19,1,1,1,1,2.0,6.0,4,2,1.0,2,1.0,1.0,-0.88,-0.88,8.0,2.0,12.0,12.0,1,2,2.0,1.0,1.0,1.0,2.0,1.0,1.0,1.0,1.0,-1.07,2.0,-1.0,-1.0,-1.0,-1.0,-1.0,-1.0
11,2,2,1,1,3,1,90,19-35,1,1,1,2,9.0,13.0,1.0,1.0,1321.0,10711.0,6.0,-1.0,-1.0,253.0556124,1990,1.0,1.0,9.0,8.0,4.58,5.0,9.94,-1.0,-1.0,-1.0,2.0,-1.0,-1.0,2.0,-1.0,2.0,-1.0,-1.0,2.0,-1.0,2.0,-1.0,-1.0,-1.0,-1.0,-1.0,-1.0,2.0,1.0,2.0,1.0,1.0,-1.0,-1.0,1.0,1.0,1.0,1.0,60000.0,-1.0,-1.0,<10k,2,-1.0,-1.0,2,-1.0,-1.0,2,-1.0,-1.0,2,-1.0,-1.0,2,-1.0,-1.0,2,-1.0,-1.0,2,-1.0,-1.0,2,-1.0,-1.0,2,-1.0,-1.0,2,-1.0,-1.0,0.0,4.97,0.0,5.07,0.0,4.5,0.0,6.16,YES,YES,0.0,5.71,0.0,4.41,0.0,4.88,0.0,5.12,4.0,9.73,4.0,9.65,4.0,12.19,1.0,4.36,0.0,5.94,0.0,4.55,4.0,10.05,1,1,1,1,2.0,6.0,4,2,1.0,2,1.0,1.0,-0.92,-1.0,8.0,2.0,12.0,12.0,1,2,2.0,1.0,1.0,1.0,2.0,1.0,1.0,1.0,1.0,-0.93,2.0,-1.0,-1.0,-1.0,-1.0,-1.0,-1.0
11,2,2,1,1,5,2,90,19-35,1,1,1,2,9.0,13.0,1.0,1.0,5211.0,47215.0,6.0,-1.0,-1.0,253.0556124,1994,1.0,1.0,1.0,19.0,1.04,5.0,11.76,-1.0,-1.0,-1.0,2.0,-1.0,-1.0,2.0,-1.0,2.0,-1.0,-1.0,2.0,-1.0,2.0,-1.0,-1.0,-1.0,-1.0,-1.0,-1.0,2.0,1.0,2.0,1.0,1.0,-1.0,-1.0,1.0,1.0,1.0,-1.0,-1.0,-1.0,-1.0,<10k,2,-1.0,-1.0,2,-1.0,-1.0,2,-1.0,-1.0,2,-1.0,-1.0,2,-1.0,-1.0,2,-1.0,-1.0,2,-1.0,-1.0,2,-1.0,-1.0,2,-1.0,-1.0,2,-1.0,-1.0,0.0,5.08,0.0,4.66,0.0,4.75,0.0,5.58,YES,YES,0.0,5.66,0.0,4.36,0.0,5.76,0.0,5.11,4.0,9.49,4.0,9.39,4.0,11.21,1.0,4.81,0.0,4.91,0.0,4.73,4.0,8.73,1,1,1,1,2.0,6.0,4,2,1.0,2,1.0,1.0,-0.92,-0.94,8.0,2.0,12.0,12.0,1,2,2.0,1.0,1.0,1.0,2.0,1.0,1.0,1.0,1.0,-0.91,2.0,-1.0,-1.0,-1.0,-1.0,-1.0,-1.0
11,2,2,1,1,5,1,90,19-35,1,1,1,2,9.0,13.0,1.0,1.0,1321.0,10711.0,6.0,-1.0,-1.0,253.0556124,1992,1.0,1.0,10.0,9.0,1.86,5.0,9.83,-1.0,-1.0,-1.0,2.0,-1.0,-1.0,2.0,-1.0,2.0,-1.0,-1.0,2.0,-1.0,2.0,-1.0,-1.0,-1.0,-1.0,-1.0,-1.0,2.0,1.0,2.0,1.0,1.0,-1.0,-1.0,1.0,1.0,1.0,-1.0,-1.0,-1.0,-1.0,<10k,2,-1.0,-1.0,2,-1.0,-1.0,2,-1.0,-1.0,2,-1.0,-1.0,2,-1.0,-1.0,2,-1.0,-1.0,2,-1.0,-1.0,2,-1.0,-1.0,2,-1.0,-1.0,2,-1.0,-1.0,0.0,5.87,0.0,4.76,0.0,4.99,0.0,5.64,YES,YES,0.0,4.9,0.0,5.36,0.0,5.07,0.0,4.2,4.0,10.33,4.0,9.54,4.0,10.32,1.0,7.12,0.0,4.85,0.0,5.21,4.0,9.57,1,1,1,1,2.0,6.0,4,2,1.0,2,1.0,1.0,-1.15,-1.1,8.0,2.0,12.0,12.0,1,2,2.0,1.0,1.0,1.0,2.0,1.0,1.0,1.0,1.0,-1.07,2.0,-1.0,-1.0,-1.0,-1.0,-1.0,-1.0
11,2,2,1,1,5,2,90,19-35,1,1,1,2,9.0,13.0,1.0,1.0,5211.0,47215.0,6.0,-1.0,-1.0,253.0556124,1994,1.0,1.0,6.0,5.0,1.8,5.0,10.53,-1.0,-1.0,-1.0,2.0,-1.0,-1.0,2.0,-1.0,2.0,-1.0,-1.0,2.0,-1.0,1.0,14.0,2.0,3.0,0.0,2.0,-1.0,2.0,1.0,2.0,1.0,1.0,-1.0,-1.0,1.0,1.0,1.0,-1.0,-1.0,-1.0,-1.0,<10k,2,-1.0,-1.0,2,-1.0,-1.0,2,-1.0,-1.0,2,-1.0,-1.0,2,-1.0,-1.0,2,-1.0,-1.0,2,-1.0,-1.0,2,-1.0,-1.0,2,-1.0,-1.0,2,-1.0,-1.0,0.0,4.9,0.0,4.42,0.0,5.33,0.0,4.31,YES,YES,0.0,4.7,0.0,4.79,0.0,5.16,0.0,5.22,4.0,10.76,4.0,11.43,4.0,9.65,1.0,4.67,0.0,5.04,0.0,4.74,4.0,10.04,1,1,1,1,2.0,6.0,4,2,1.0,2,1.0,1.0,-1.02,-1.22,8.0,2.0,12.0,12.0,1,2,2.0,1.0,1.0,1.0,2.0,1.0,1.0,1.0,1.0,-0.86,2.0,-1.0,-1.0,-1.0,-1.0,-1.0,-1.0
11,2,2,1,1,1,1,40,66+,1,1,1,2,9.0,5.0,1.0,1.0,6111.0,1132.0,5.0,-1.0,-1.0,253.0556124,1940,-1.0,-1.0,-1.0,-1.0,-1.07,-1.0,-1.08,-1.0,-1.0,-1.0,2.0,-1.0,-1.0,2.0,-1.0,2.0,-1.0,-1.0,2.0,-1.0,2.0,-1.0,-1.0,-1.0,-1.0,-1.0,-1.0,1.0,1.0,2.0,1.0,1.0,-1.0,-1.0,1.0,1.0,1.0,-1.0,-1.0,-1.0,-1.0,<10k,2,-1.0,-1.0,2,-1.0,-1.0,2,-1.0,-1.0,2,-1.0,-1.0,2,-1.0,-1.0,2,-1.0,-1.0,2,-1.0,-1.0,2,-1.0,-1.0,2,-1.0,-1.0,2,-1.0,-1.0,0.0,4.71,0.0,5.31,0.0,4.66,0.0,5.53,YES,YES,0.0,5.76,0.0,4.3,0.0,5.21,0.0,5.95,4.0,11.77,4.0,8.99,4.0,10.12,1.0,4.8,0.0,4.16,0.0,4.71,4.0,8.04,1,1,1,1,2.0,6.0,4,2,1.0,2,1.0,1.0,-0.95,-1.03,8.0,2.0,12.0,12.0,1,2,2.0,1.0,1.0,1.0,2.0,1.0,1.0,1.0,1.0,-0.99,2.0,-1.0,-1.0,-1.0,-1.0,-1.0,-1.0
11,2,2,1,1,2,2,40,66+,1,1,1,2,9.0,7.0,7.0,2.0,-1.0,-1.0,-1.0,-1.0,-1.0,253.0556124,1945,-1.0,-1.0,-1.0,-1.0,-1.12,-1.0,-1.11,-1.0,-1.0,-1.0,2.0,-1.0,-1.0,1.0,1.0,2.0,-1.0,-1.0,2.0,-1.0,1.0,2.0,2.0,2.0,0.0,2.0,-1.0,1.0,1.0,2.0,1.0,1.0,-1.0,-1.0,1.0,1.0,1.0,1.0,15000.0,-1.0,-1.0,<10k,2,-1.0,-1.0,2,-1.0,-1.0,2,-1.0,-1.0,2,-1.0,-1.0,2,-1.0,-1.0,2,-1.0,-1.0,2,-1.0,-1.0,2,-1.0,-1.0,2,-1.0,-1.0,2,-1.0,-1.0,0.0,4.83,0.0,6.22,0.0,4.96,0.0,5.48,YES,YES,0.0,5.18,0.0,4.95,0.0,5.22,0.0,4.23,4.0,11.25,4.0,8.2,4.0,9.92,1.0,5.22,0.0,4.79,0.0,4.78,4.0,11.44,1,1,1,1,2.0,6.0,4,2,1.0,2,1.0,1.0,-0.93,-1.01,8.0,2.0,12.0,12.0,1,2,2.0,1.0,1.0,1.0,2.0,1.0,1.0,1.0,1.0,-0.97,2.0,-1.0,-1.0,-1.0,-1.0,-1.0,-1.0
11,2,2,1,1,3,1,80,36-50,1,1,1,2,9.0,13.0,1.0,1.0,5230.0,46900.0,3.0,-1.0,-1.0,253.0556124,1981,1.0,1.0,9.0,8.0,3.7,5.0,8.75,-1.0,-1.0,-1.0,2.0,-1.0,-1.0,2.0,-1.0,2.0,-1.0,-1.0,2.0,-1.0,2.0,-1.0,-1.0,-1.0,-1.0,-1.0,-1.0,2.0,1.0,2.0,1.0,1.0,-1.0,-1.0,1.0,1.0,1.0,1.0,60000.0,-1.0,-1.0,<10k,2,-1.0,-1.0,2,-1.0,-1.0,2,-1.0,-1.0,2,-1.0,-1.0,2,-1.0,-1.0,2,-1.0,-1.0,2,-1.0,-1.0,2,-1.0,-1.0,2,-1.0,-1.0,2,-1.0,-1.0,0.0,4.74,0.0,5.56,0.0,5.4,0.0,4.73,YES,YES,0.0,4.7,0.0,5.46,0.0,5.48,0.0,4.99,4.0,8.72,4.0,9.91,4.0,10.11,1.0,5.2,0.0,4.71,0.0,5.04,4.0,9.52,1,1,1,1,2.0,6.0,4,2,1.0,2,1.0,1.0,-0.97,-1.03,8.0,2.0,12.0,12.0,1,2,2.0,1.0,1.0,1.0,2.0,1.0,1.0,1.0,1.0,-1.04,2.0,-1.0,-1.0,-1.0,-1.0,-1.0,-1.0
11,2,2,1,1,3,2,80,36-50,1,1,1,2,9.0,13.0,7.0,2.0,-1.0,-1.0,-1.0,-1.0,-1.0,253.0556124,1981,1.0,1.0,1.0,19.0,1.0,5.0,9.26,-1.0,-1.0,-1.0,2.0,-1.0,-1.0,2.0,-1.0,2.0,-1.0,-1.0,2.0,-1.0,2.0,-1.0,-1.0,-1.0,-1.0,-1.0,-1.0,2.0,1.0,2.0,1.0,1.0,-1.0,-1.0,1.0,1.0,1.0,-1.0,-1.0,-1.0,-1.0,<10k,2,-1.0,-1.0,2,-1.0,-1.0,2,-1.0,-1.0,2,-1.0,-1.0,2,-1.0,-1.0,2,-1.0,-1.0,2,-1.0,-1.0,2,-1.0,-1.0,2,-1.0,-1.0,2,-1.0,-1.0,0.0,5.14,0.0,5.25,0.0,4.2,0.0,5.37,YES,YES,0.0,5.35,0.0,4.41,0.0,4.49,0.0,4.54,4.0,7.8,4.0,9.72,4.0,11.02,1.0,4.66,0.0,4.61,0.0,5.44,4.0,11.82,1,1,1,1,2.0,6.0,4,2,1.0,2,1.0,1.0,-1.13,-0.97,8.0,2.0,12.0,12.0,1,2,2.0,1.0,1.0,1.0,2.0,1.0,1.0,1.0,1.0,-1.02,2.0,-1.0,-1.0,-1.0,-1.0,-1.0,-1.0
11,2,2,1,1,5,2,10,0-18,1,1,1,1,1.0,-1.0,-1.0,-1.0,-1.0,-1.0,-1.0,-1.0,-1.0,253.0556124,2015,1.0,1.0,10.0,9.0,2.16,5.0,8.83,-1.0,-1.0,-1.0,2.0,-1.0,-1.0,2.0,-1.0,2.0,-1.0,-1.0,2.0,-1.0,2.0,-1.0,-1.0,-1.0,-1.0,-1.0,-1.0,2.0,1.0,2.0,1.0,1.0,-1.0,-1.0,1.0,1.0,1.0,-1.0,-1.0,-1.0,-1.0,<10k,2,-1.0,-1.0,2,-1.0,-1.0,2,-1.0,-1.0,2,-1.0,-1.0,2,-1.0,-1.0,2,-1.0,-1.0,2,-1.0,-1.0,2,-1.0,-1.0,2,-1.0,-1.0,2,-1.0,-1.0,0.0,5.27,0.0,4.96,0.0,4.87,0.0,4.6,YES,YES,0.0,4.2,0.0,5.26,0.0,5.09,0.0,4.67,4.0,11.22,4.0,10.71,4.0,12.15,1.0,4.35,0.0,5.38,0.0,5.3,4.0,9.76,1,1,1,1,2.0,6.0,4,2,1.0,2,1.0,1.0,-0.99,-0.89,8.0,2.0,12.0,12.0,1,2,2.0,1.0,1.0,1.0,2.0,1.0,1.0,1.0,1.0,-1.11,2.0,-1.0,-1.0,-1.0,-1.0,-1.0,-1.0
11,2,2,1,1,5,1,10,0-18,1,1,1,1,-1.0,-1.0,-1.0,-1.0,-1.0,-1.0,-1.0,-1.0,-1.0,253.0556124,2018,1.0,1.0,6.0,5.0,1.7,5.0,9.23,-1.0,-1.0,-1.0,2.0,-1.0,-1.0,2.0,-1.0,2.0,-1.0,-1.0,2.0,-1.0,1.0,14.0,2.0,3.0,0.0,2.0,-1.0,2.0,1.0,2.0,1.0,1.0,-1.0,-1.0,1.0,1.0,1.0,-1.0,-1.0,-1.0,-1.0,<10k,2,-1.0,-1.0,2,-1.0,-1.0,2,-1.0,-1.0,2,-1.0,-1.0,2,-1.0,-1.0,2,-1.0,-1.0,2,-1.0,-1.0,2,-1.0,-1.0,2,-1.0,-1.0,2,-1.0,-1.0,0.0,5.66,0.0,5.65,0.0,4.78,0.0,5.52,YES,YES,0.0,4.71,0.0,5.16,0.0,5.3,0.0,4.71,4.0,9.38,4.0,12.1,4.0,10.12,1.0,4.93,0.0,4.61,0.0,4.29,4.0,11.15,1,1,1,1,2.0,6.0,4,2,1.0,2,1.0,1.0,-0.73,-0.97,8.0,2.0,12.0,12.0,1,2,2.0,1.0,1.0,1.0,2.0,1.0,1.0,1.0,1.0,-1.09,2.0,-1.0,-1.0,-1.0,-1.0,-1.0,-1.0
11,2,2,1,1,1,1,70,36-50,1,1,1,2,9.0,11.0,1.0,1.0,5122.0,56210.0,5.0,-1.0,-1.0,253.0556124,1973,-1.0,-1.0,-1.0,-1.0,-1.07,-1.0,-0.88,-1.0,-1.0,-1.0,2.0,-1.0,-1.0,2.0,-1.0,2.0,-1.0,-1.0,2.0,-1.0,2.0,-1.0,-1.0,-1.0,-1.0,-1.0,-1.0,1.0,1.0,2.0,1.0,1.0,-1.0,-1.0,1.0,1.0,1.0,-1.0,-1.0,-1.0,-1.0,<10k,2,-1.0,-1.0,2,-1.0,-1.0,2,-1.0,-1.0,2,-1.0,-1.0,2,-1.0,-1.0,2,-1.0,-1.0,2,-1.0,-1.0,2,-1.0,-1.0,2,-1.0,-1.0,2,-1.0,-1.0,0.0,5.29,0.0,5.01,0.0,5.15,0.0,4.92,YES,YES,0.0,4.72,0.0,4.83,0.0,5.59,0.0,5.3,4.0,10.25,4.0,10.27,4.0,10.64,1.0,4.09,0.0,4.2,0.0,5.42,4.0,9.23,1,1,1,1,2.0,6.0,4,2,1.0,2,1.0,1.0,-1.03,-0.85,8.0,2.0,12.0,12.0,1,2,2.0,1.0,1.0,1.0,2.0,1.0,1.0,1.0,1.0,-0.97,2.0,-1.0,-1.0,-1.0,-1.0,-1.0,-1.0
11,2,2,1,1,2,2,80,36-50,1,1,1,2,9.0,11.0,1.0,1.0,9411.0,56210.0,6.0,-1.0,-1.0,253.0556124,1981,-1.0,-1.0,-1.0,-1.0,-1.03,-1.0,-0.8,-1.0,-1.0,-1.0,2.0,-1.0,-1.0,1.0,1.0,2.0,-1.0,-1.0,2.0,-1.0,1.0,2.0,2.0,2.0,0.0,2.0,-1.0,1.0,1.0,2.0,1.0,1.0,-1.0,-1.0,1.0,1.0,1.0,1.0,15000.0,-1.0,-1.0,<10k,2,-1.0,-1.0,2,-1.0,-1.0,2,-1.0,-1.0,2,-1.0,-1.0,2,-1.0,-1.0,2,-1.0,-1.0,2,-1.0,-1.0,2,-1.0,-1.0,2,-1.0,-1.0,2,-1.0,-1.0,0.0,5.31,0.0,5.1,0.0,5.75,0.0,5.47,YES,YES,0.0,4.6,0.0,4.93,0.0,4.2,0.0,4.98,4.0,8.51,4.0,11.25,4.0,10.94,1.0,4.75,0.0,4.65,0.0,5.23,4.0,8.75,1,1,1,1,2.0,6.0,4,2,1.0,2,1.0,1.0,-0.99,-1.08,8.0,2.0,12.0,12.0,1,2,2.0,1.0,1.0,1.0,2.0,1.0,1.0,1.0,1.0,-1.11,2.0,-1.0,-1.0,-1.0,-1.0,-1.0,-1.0
11,2,2,1,1,3,2,0,0-18,1,1,1,1,2.0,8.0,-1.0,-1.0,-1.0,-1.0,-1.0,-1.0,-1.0,253.0556124,2005,1.0,1.0,9.0,8.0,4.97,5.0,11.19,-1.0,-1.0,-1.0,2.0,-1.0,-1.0,2.0,-1.0,2.0,-1.0,-1.0,2.0,-1.0,2.0,-1.0,-1.0,-1.0,-1.0,-1.0,-1.0,2.0,1.0,2.0,1.0,1.0,-1.0,-1.0,1.0,1.0,1.0,1.0,60000.0,-1.0,-1.0,<10k,2,-1.0,-1.0,2,-1.0,-1.0,2,-1.0,-1.0,2,-1.0,-1.0,2,-1.0,-1.0,2,-1.0,-1.0,2,-1.0,-1.0,2,-1.0,-1.0,2,-1.0,-1.0,2,-1.0,-1.0,0.0,4.92,0.0,4.81,0.0,4.63,0.0,3.71,YES,YES,0.0,5.61,0.0,5.49,0.0,4.62,0.0,5.43,4.0,9.39,4.0,9.38,4.0,11.02,1.0,5.23,0.0,4.39,0.0,5.07,4.0,10.41,1,1,1,1,2.0,6.0,4,2,1.0,2,1.0,1.0,-0.98,-1.0,8.0,2.0,12.0,12.0,1,2,2.0,1.0,1.0,1.0,2.0,1.0,1.0,1.0,1.0,-1.01,2.0,-1.0,-1.0,-1.0,-1.0,-1.0,-1.0
11,2,2,1,1,3,2,10,0-18,1,1,1,1,2.0,0.0,-1.0,-1.0,-1.0,-1.0,-1.0,-1.0,-1.0,253.0556124,2013,1.0,1.0,1.0,19.0,1.02,5.0,10.54,-1.0,-1.0,-1.0,2.0,-1.0,-1.0,2.0,-1.0,2.0,-1.0,-1.0,2.0,-1.0,2.0,-1.0,-1.0,-1.0,-1.0,-1.0,-1.0,2.0,1.0,2.0,1.0,1.0,-1.0,-1.0,1.0,1.0,1.0,-1.0,-1.0,-1.0,-1.0,<10k,2,-1.0,-1.0,2,-1.0,-1.0,2,-1.0,-1.0,2,-1.0,-1.0,2,-1.0,-1.0,2,-1.0,-1.0,2,-1.0,-1.0,2,-1.0,-1.0,2,-1.0,-1.0,2,-1.0,-1.0,0.0,4.14,0.0,4.32,0.0,5.7,0.0,4.2,YES,YES,0.0,4.86,0.0,4.69,0.0,5.13,0.0,4.86,4.0,10.07,4.0,9.89,4.0,8.08,1.0,4.91,0.0,4.63,0.0,5.2,4.0,12.07,1,1,1,1,2.0,6.0,4,2,1.0,2,1.0,1.0,-1.12,-0.87,8.0,2.0,12.0,12.0,1,2,2.0,1.0,1.0,1.0,2.0,1.0,1.0,1.0,1.0,-1.12,2.0,-1.0,-1.0,-1.0,-1.0,-1.0,-1.0
11,2,2,1,1,3,2,10,0-18,1,1,1,1,1.0,-1.0,-1.0,-1.0,-1.0,-1.0,-1.0,-1.0,-1.0,253.0556124,2014,1.0,1.0,10.0,9.0,1.91,5.0,12.34,-1.0,-1.0,-1.0,2.0,-1.0,-1.0,2.0,-1.0,2.0,-1.0,-1.0,2.0,-1.0,2.0,-1.0,-1.0,-1.0,-1.0,-1.0,-1.0,2.0,1.0,2.0,1.0,1.0,-1.0,-1.0,1.0,1.0,1.0,-1.0,-1.0,-1.0,-1.0,<10k,2,-1.0,-1.0,2,-1.0,-1.0,2,-1.0,-1.0,2,-1.0,-1.0,2,-1.0,-1.0,2,-1.0,-1.0,2,-1.0,-1.0,2,-1.0,-1.0,2,-1.0,-1.0,2,-1.0,-1.0,0.0,5.04,0.0,4.4,0.0,5.05,0.0,4.28,YES,YES,0.0,4.99,0.0,4.66,0.0,4.85,0.0,4.64,4.0,11.12,4.0,9.71,4.0,10.07,1.0,5.09,0.0,5.32,0.0,4.82,4.0,10.81,1,1,1,1,2.0,6.0,4,2,1.0,2,1.0,1.0,-0.93,-1.04,8.0,2.0,12.0,12.0,1,2,2.0,1.0,1.0,1.0,2.0,1.0,1.0,1.0,1.0,-0.91,2.0,-1.0,-1.0,-1.0,-1.0,-1.0,-1.0
11,2,2,1,1,1,1,40,66+,1,1,1,2,9.0,11.0,1.0,1.0,2230.0,86902.0,5.0,-1.0,-1.0,253.0556124,1945,-1.0,-1.0,-1.0,-1.0,-0.83,-1.0,-1.04,-1.0,-1.0,-1.0,2.0,-1.0,-1.0,2.0,-1.0,2.0,-1.0,-1.0,2.0,-1.0,2.0,-1.0,-1.0,-1.0,-1.0,-1.0,-1.0,1.0,1.0,2.0,1.0,1.0,-1.0,-1.0,1.0,1.0,1.0,-1.0,-1.0,-1.0,-1.0,<10k,2,-1.0,-1.0,2,-1.0,-1.0,2,-1.0,-1.0,2,-1.0,-1.0,2,-1.0,-1.0,2,-1.0,-1.0,2,-1.0,-1.0,2,-1.0,-1.0,2,-1.0,-1.0,2,-1.0,-1.0,0.0,3.96,0.0,5.13,0.0,5.75,0.0,5.2,YES,YES,0.0,4.17,0.0,4.81,0.0,5.22,0.0,4.44,4.0,9.39,4.0,11.37,4.0,10.29,1.0,4.86,0.0,4.83,0.0,4.39,4.0,9.65,1,1,1,1,2.0,6.0,4,2,1.0,2,1.0,1.0,-0.87,-0.93,8.0,2.0,12.0,12.0,1,2,2.0,1.0,1.0,1.0,2.0,1.0,1.0,1.0,1.0,-1.02,2.0,-1.0,-1.0,-1.0,-1.0,-1.0,-1.0
11,2,2,1,1,2,2,40,66+,1,1,1,2,9.0,11.0,1.0,1.0,2230.0,86202.0,5.0,-1.0,-1.0,253.0556124,1942,-1.0,-1.0,-1.0,-1.0,-1.23,-1.0,-0.91,-1.0,-1.0,-1.0,2.0,-1.0,-1.0,1.0,1.0,2.0,-1.0,-1.0,2.0,-1.0,1.0,2.0,2.0,2.0,0.0,2.0,-1.0,1.0,1.0,2.0,1.0,1.0,-1.0,-1.0,1.0,1.0,1.0,1.0,15000.0,-1.0,-1.0,<10k,2,-1.0,-1.0,2,-1.0,-1.0,2,-1.0,-1.0,2,-1.0,-1.0,2,-1.0,-1.0,2,-1.0,-1.0,2,-1.0,-1.0,2,-1.0,-1.0,2,-1.0,-1.0,2,-1.0,-1.0,0.0,4.65,0.0,4.74,0.0,5.35,0.0,5.87,YES,YES,0.0,5.1,0.0,4.99,0.0,4.63,0.0,4.73,4.0,10.76,4.0,9.83,4.0,9.32,1.0,5.42,0.0,4.86,0.0,5.76,4.0,7.99,1,1,1,1,2.0,6.0,4,2,1.0,2,1.0,1.0,-0.96,-0.83,8.0,2.0,12.0,12.0,1,2,2.0,1.0,1.0,1.0,2.0,1.0,1.0,1.0,1.0,-0.94,2.0,-1.0,-1.0,-1.0,-1.0,-1.0,-1.0
11,2,2,1,1,1,2,60,51-65,1,1,1,4,9.0,11.0,7.0,2.0,-1.0,-1.0,-1.0,-1.0,-1.0,253.0556124,1965,-1.0,-1.0,-1.0,-1.0,-1.07,-1.0,-1.19,-1.0,-1.0,-1.0,2.0,-1.0,-1.0,2.0,-1.0,2.0,-1.0,-1.0,2.0,-1.0,2.0,-1.0,-1.0,-1.0,-1.0,-1.0,-1.0,1.0,1.0,2.0,1.0,1.0,-1.0,-1.0,1.0,1.0,1.0,-1.0,-1.0,-1.0,-1.0,<10k,2,-1.0,-1.0,2,-1.0,-1.0,2,-1.0,-1.0,2,-1.0,-1.0,2,-1.0,-1.0,2,-1.0,-1.0,2,-1.0,-1.0,2,-1.0,-1.0,2,-1.0,-1.0,2,-1.0,-1.0,0.0,4.94,0.0,4.41,0.0,5.08,0.0,5.75,YES,YES,0.0,5.1,0.0,4.19,0.0,4.51,0.0,5.43,4.0,9.32,4.0,11.25,4.0,10.69,1.0,4.81,0.0,5.31,0.0,5.72,4.0,9.05,1,1,1,1,2.0,6.0,4,2,1.0,2,1.0,1.0,-0.9,-1.02,8.0,2.0,12.0,12.0,1,2,2.0,1.0,1.0,1.0,2.0,1.0,1.0,1.0,1.0,-0.93,2.0,-1.0,-1.0,-1.0,-1.0,-1.0,-1.0
11,2,2,1,1,3,2,90,19-35,1,1,1,1,9.0,11.0,1.0,1.0,7531.0,14101.0,3.0,-1.0,-1.0,253.0556124,1990,-1.0,-1.0,-1.0,-1.0,-0.94,-1.0,-1.0,-1.0,-1.0,-1.0,2.0,-1.0,-1.0,1.0,1.0,2.0,-1.0,-1.0,2.0,-1.0,1.0,2.0,2.0,2.0,0.0,2.0,-1.0,1.0,1.0,2.0,1.0,1.0,-1.0,-1.0,1.0,1.0,1.0,1.0,15000.0,-1.0,-1.0,<10k,2,-1.0,-1.0,2,-1.0,-1.0,2,-1.0,-1.0,2,-1.0,-1.0,2,-1.0,-1.0,2,-1.0,-1.0,2,-1.0,-1.0,2,-1.0,-1.0,2,-1.0,-1.0,2,-1.0,-1.0,0.0,4.58,0.0,5.12,0.0,5.52,0.0,4.59,YES,YES,0.0,5.32,0.0,5.22,0.0,5.28,0.0,4.99,4.0,8.9,4.0,10.07,4.0,10.3,1.0,4.17,0.0,4.5,0.0,4.95,4.0,11.52,1,1,1,1,2.0,6.0,4,2,1.0,2,1.0,1.0,-1.07,-0.93,8.0,2.0,12.0,12.0,1,2,2.0,1.0,1.0,1.0,2.0,1.0,1.0,1.0,1.0,-0.85,2.0,-1.0,-1.0,-1.0,-1.0,-1.0,-1.0
11,2,2,1,1,3,1,90,19-35,1,1,1,1,9.0,11.0,1.0,1.0,1439.0,45201.0,4.0,-1.0,-1.0,253.0556124,1993,1.0,1.0,9.0,8.0,3.88,5.0,10.67,-1.0,-1.0,-1.0,2.0,-1.0,-1.0,2.0,-1.0,2.0,-1.0,-1.0,2.0,-1.0,2.0,-1.0,-1.0,-1.0,-1.0,-1.0,-1.0,2.0,1.0,2.0,1.0,1.0,-1.0,-1.0,1.0,1.0,1.0,1.0,60000.0,-1.0,-1.0,<10k,2,-1.0,-1.0,2,-1.0,-1.0,2,-1.0,-1.0,2,-1.0,-1.0,2,-1.0,-1.0,2,-1.0,-1.0,2,-1.0,-1.0,2,-1.0,-1.0,2,-1.0,-1.0,2,-1.0,-1.0,0.0,5.37,0.0,4.32,0.0,5.21,0.0,4.67,YES,YES,0.0,4.65,0.0,5.75,0.0,5.23,0.0,5.0,4.0,8.96,4.0,7.65,4.0,10.13,1.0,5.1,0.0,4.58,0.0,5.33,4.0,9.97,1,1,1,1,2.0,6.0,4,2,1.0,2,1.0,1.0,-0.82,-1.04,8.0,2.0,12.0,12.0,1,2,2.0,1.0,1.0,1.0,2.0,1.0,1.0,1.0,1.0,-1.15,2.0,-1.0,-1.0,-1.0,-1.0,-1.0,-1.0
11,2,2,1,1,3,1,90,19-35,1,1,1,1,9.0,11.0,1.0,1.0,7231.0,45201.0,6.0,-1.0,-1.0,253.0556124,1995,1.0,1.0,1.0,19.0,0.87,5.0,9.25,-1.0,-1.0,-1.0,2.0,-1.0,-1.0,2.0,-1.0,2.0,-1.0,-1.0,2.0,-1.0,2.0,-1.0,-1.0,-1.0,-1.0,-1.0,-1.0,2.0,1.0,2.0,1.0,1.0,-1.0,-1.0,1.0,1.0,1.0,-1.0,-1.0,-1.0,-1.0,<10k,2,-1.0,-1.0,2,-1.0,-1.0,2,-1.0,-1.0,2,-1.0,-1.0,2,-1.0,-1.0,2,-1.0,-1.0,2,-1.0,-1.0,2,-1.0,-1.0,2,-1.0,-1.0,2,-1.0,-1.0,0.0,5.0,0.0,5.48,0.0,4.99,0.0,5.1,YES,YES,0.0,4.86,0.0,5.13,0.0,5.14,0.0,3.92,4.0,11.53,4.0,8.05,4.0,9.64,1.0,5.32,0.0,5.26,0.0,4.79,4.0,6.96,1,1,1,1,2.0,6.0,4,2,1.0,2,1.0,1.0,-0.9,-0.91,8.0,2.0,12.0,12.0,1,2,2.0,1.0,1.0,1.0,2.0,1.0,1.0,1.0,1.0,-0.93,2.0,-1.0,-1.0,-1.0,-1.0,-1.0,-1.0
11,2,2,1,1,1,2,40,66+,1,1,1,1,9.0,13.0,4.0,2.0,-1.0,-1.0,-1.0,-1.0,-1.0,253.0556124,1949,-1.0,-1.0,-1.0,-1.0,-0.92,-1.0,-0.85,-1.0,-1.0,-1.0,2.0,-1.0,-1.0,2.0,-1.0,2.0,-1.0,-1.0,2.0,-1.0,2.0,-1.0,-1.0,-1.0,-1.0,-1.0,-1.0,1.0,1.0,2.0,1.0,1.0,-1.0,-1.0,1.0,1.0,1.0,-1.0,-1.0,-1.0,-1.0,<10k,2,-1.0,-1.0,2,-1.0,-1.0,2,-1.0,-1.0,2,-1.0,-1.0,2,-1.0,-1.0,2,-1.0,-1.0,2,-1.0,-1.0,2,-1.0,-1.0,2,-1.0,-1.0,2,-1.0,-1.0,0.0,5.58,0.0,4.93,0.0,5.4,0.0,4.6,YES,YES,0.0,4.99,0.0,4.23,0.0,4.58,0.0,5.08,4.0,9.65,4.0,10.09,4.0,11.52,1.0,5.36,0.0,4.33,0.0,4.85,4.0,10.65,1,1,1,1,2.0,6.0,4,2,1.0,2,1.0,1.0,-1.2,-0.96,8.0,2.0,12.0,12.0,1,2,2.0,1.0,1.0,1.0,2.0,1.0,1.0,1.0,1.0,-1.01,2.0,-1.0,-1.0,-1.0,-1.0,-1.0,-1.0
11,2,2,1,1,5,2,50,51-65,1,1,1,1,9.0,16.0,4.0,2.0,-1.0,-1.0,-1.0,-1.0,-1.0,253.0556124,1954,-1.0,-1.0,-1.0,-1.0,-1.04,-1.0,-1.03,-1.0,-1.0,-1.0,2.0,-1.0,-1.0,1.0,1.0,2.0,-1.0,-1.0,2.0,-1.0,1.0,2.0,2.0,2.0,0.0,2.0,-1.0,1.0,1.0,2.0,1.0,1.0,-1.0,-1.0,1.0,1.0,1.0,1.0,15000.0,-1.0,-1.0,<10k,2,-1.0,-1.0,2,-1.0,-1.0,2,-1.0,-1.0,2,-1.0,-1.0,2,-1.0,-1.0,2,-1.0,-1.0,2,-1.0,-1.0,2,-1.0,-1.0,2,-1.0,-1.0,2,-1.0,-1.0,0.0,4.58,0.0,5.55,0.0,4.05,0.0,5.12,YES,YES,0.0,5.0,0.0,5.57,0.0,5.17,0.0,5.24,4.0,9.66,4.0,10.73,4.0,8.98,1.0,4.29,0.0,4.76,0.0,5.65,4.0,8.76,1,1,1,1,2.0,6.0,4,2,1.0,2,1.0,1.0,-0.97,-0.83,8.0,2.0,12.0,12.0,1,2,2.0,1.0,1.0,1.0,2.0,1.0,1.0,1.0,1.0,-1.08,2.0,-1.0,-1.0,-1.0,-1.0,-1.0,-1.0
11,2,2,1,1,1,1,60,51-65,1,1,1,2,9.0,11.0,1.0,1.0,7536.0,15121.0,5.0,-1.0,-1.0,253.0556124,1968,-1.0,-1.0,-1.0,-1.0,-1.0,-1.0,-1.16,-1.0,-1.0,-1.0,2.0,-1.0,-1.0,2.0,-1.0,2.0,-1.0,-1.0,2.0,-1.0,2.0,-1.0,-1.0,-1.0,-1.0,-1.0,-1.0,1.0,1.0,2.0,1.0,1.0,-1.0,-1.0,1.0,1.0,1.0,-1.0,-1.0,-1.0,-1.0,<10k,2,-1.0,-1.0,2,-1.0,-1.0,2,-1.0,-1.0,2,-1.0,-1.0,2,-1.0,-1.0,2,-1.0,-1.0,2,-1.0,-1.0,2,-1.0,-1.0,2,-1.0,-1.0,2,-1.0,-1.0,0.0,5.09,0.0,5.04,0.0,5.53,0.0,4.86,YES,YES,0.0,4.55,0.0,5.24,0.0,4.97,0.0,5.14,4.0,10.94,4.0,9.76,4.0,8.83,1.0,4.9,0.0,6.1,0.0,4.72,4.0,10.75,1,1,1,1,2.0,6.0,4,2,1.0,2,1.0,1.0,-1.19,-0.98,8.0,2.0,12.0,12.0,1,2,2.0,1.0,1.0,1.0,2.0,1.0,1.0,1.0,1.0,-1.04,2.0,-1.0,-1.0,-1.0,-1.0,-1.0,-1.0
11,2,2,1,1,4,2,40,66+,1,1,1,4,9.0,6.0,7.0,2.0,-1.0,-1.0,-1.0,-1.0,-1.0,253.0556124,1944,-1.0,-1.0,-1.0,-1.0,-0.99,-1.0,-0.96,-1.0,-1.0,-1.0,2.0,-1.0,-1.0,1.0,1.0,2.0,-1.0,-1.0,2.0,-1.0,1.0,2.0,2.0,2.0,0.0,2.0,-1.0,1.0,1.0,2.0,1.0,1.0,-1.0,-1.0,1.0,1.0,1.0,1.0,15000.0,-1.0,-1.0,<10k,2,-1.0,-1.0,2,-1.0,-1.0,2,-1.0,-1.0,2,-1.0,-1.0,2,-1.0,-1.0,2,-1.0,-1.0,2,-1.0,-1.0,2,-1.0,-1.0,2,-1.0,-1.0,2,-1.0,-1.0,0.0,5.16,0.0,5.19,0.0,4.2,0.0,5.59,YES,YES,0.0,5.43,0.0,4.89,0.0,5.09,0.0,4.68,4.0,10.82,4.0,10.13,4.0,8.72,1.0,4.11,0.0,5.23,0.0,5.64,4.0,9.87,1,1,1,1,2.0,6.0,4,2,1.0,2,1.0,1.0,-1.09,-1.07,8.0,2.0,12.0,12.0,1,2,2.0,1.0,1.0,1.0,2.0,1.0,1.0,1.0,1.0,-0.84,2.0,-1.0,-1.0,-1.0,-1.0,-1.0,-1.0
11,2,2,1,1,2,2,70,36-50,1,1,1,2,9.0,11.0,7.0,2.0,-1.0,-1.0,-1.0,-1.0,-1.0,253.0556124,1970,1.0,1.0,9.0,8.0,4.23,5.0,10.58,-1.0,-1.0,-1.0,2.0,-1.0,-1.0,2.0,-1.0,2.0,-1.0,-1.0,2.0,-1.0,2.0,-1.0,-1.0,-1.0,-1.0,-1.0,-1.0,2.0,1.0,2.0,1.0,1.0,-1.0,-1.0,1.0,1.0,1.0,1.0,60000.0,-1.0,-1.0,<10k,2,-1.0,-1.0,2,-1.0,-1.0,2,-1.0,-1.0,2,-1.0,-1.0,2,-1.0,-1.0,2,-1.0,-1.0,2,-1.0,-1.0,2,-1.0,-1.0,2,-1.0,-1.0,2,-1.0,-1.0,0.0,5.24,0.0,4.87,0.0,5.29,0.0,4.91,YES,YES,0.0,5.01,0.0,4.76,0.0,6.2,0.0,6.1,4.0,8.86,4.0,10.78,4.0,9.28,1.0,5.21,0.0,5.29,0.0,5.22,4.0,9.0,1,1,1,1,2.0,6.0,4,2,1.0,2,1.0,1.0,-0.91,-1.0,8.0,2.0,12.0,12.0,1,2,2.0,1.0,1.0,1.0,2.0,1.0,1.0,1.0,1.0,-0.86,2.0,-1.0,-1.0,-1.0,-1.0,-1.0,-1.0
11,2,2,1,1,3,2,0,0-18,1,1,1,1,2.0,10.0,8.0,2.0,-1.0,-1.0,-1.0,-1.0,-1.0,253.0556124,2002,1.0,1.0,1.0,19.0,0.8,5.0,8.72,-1.0,-1.0,-1.0,2.0,-1.0,-1.0,2.0,-1.0,2.0,-1.0,-1.0,2.0,-1.0,2.0,-1.0,-1.0,-1.0,-1.0,-1.0,-1.0,2.0,1.0,2.0,1.0,1.0,-1.0,-1.0,1.0,1.0,1.0,-1.0,-1.0,-1.0,-1.0,<10k,2,-1.0,-1.0,2,-1.0,-1.0,2,-1.0,-1.0,2,-1.0,-1.0,2,-1.0,-1.0,2,-1.0,-1.0,2,-1.0,-1.0,2,-1.0,-1.0,2,-1.0,-1.0,2,-1.0,-1.0,0.0,4.64,0.0,5.84,0.0,4.35,0.0,5.16,YES,YES,0.0,5.61,0.0,5.24,0.0,5.21,0.0,5.14,4.0,8.79,4.0,9.75,4.0,10.38,1.0,5.04,0.0,4.81,0.0,5.23,4.0,8.79,1,1,1,1,2.0,6.0,4,2,1.0,2,1.0,1.0,-0.83,-0.92,8.0,2.0,12.0,12.0,1,2,2.0,1.0,1.0,1.0,2.0,1.0,1.0,1.0,1.0,-1.27,2.0,-1.0,-1.0,-1.0,-1.0,-1.0,-1.0
11,1,2,1,1,1,1,70,36-50,1,2,1,2,9.0,6.0,1.0,1.0,5211.0,47711.0,3.0,-1.0,-1.0,394.3563283,1977,-1.0,-1.0,-1.0,-1.0,-1.07,-1.0,-1.11,-1.0,-1.0,-1.0,2.0,-1.0,-1.0,2.0,-1.0,1.0,3.0,3.0,2.0,-1.0,2.0,-1.0,-1.0,-1.0,-1.0,-1.0,-1.0,2.0,1.0,2.0,1.0,1.0,-1.0,-1.0,1.0,1.0,1.0,1.0,10000.0,-1.0,-1.0,<10k,1,50000.0,9.0,2,-1.0,-1.0,2,-1.0,-1.0,2,-1.0,-1.0,2,-1.0,-1.0,2,-1.0,-1.0,2,-1.0,-1.0,1,150000.0,9.0,2,-1.0,-1.0,2,-1.0,-1.0,0.0,5.39,0.0,4.78,0.0,4.87,0.0,4.77,YES,YES,5.0,17.4,5.0,13.34,1.0,9.52,1.0,9.86,5.0,15.01,5.0,14.6,15.0,27.8,0.0,5.66,1.0,9.93,1.0,10.29,6.0,15.25,1,1,1,1,2.0,5.0,2,1,2.0,4,5.0,1.0,-0.98,-1.04,1.0,1.0,12.0,7.0,1,2,2.0,1.0,1.0,1.0,1.0,1.0,3.0,2.0,-1.0,-0.87,2.0,-1.0,-1.0,-1.0,-1.0,-1.0,-1.0
11,1,2,1,1,2,2,80,36-50,1,1,1,2,9.0,12.0,7.0,2.0,-1.0,-1.0,-1.0,-1.0,-1.0,394.3563283,1981,-1.0,-1.0,-1.0,-1.0,-0.96,-1.0,-0.94,-1.0,-1.0,-1.0,2.0,-1.0,-1.0,2.0,-1.0,2.0,-1.0,-1.0,2.0,-1.0,2.0,-1.0,-1.0,-1.0,-1.0,-1.0,-1.0,2.0,1.0,2.0,1.0,1.0,-1.0,-1.0,1.0,1.0,1.0,1.0,18000.0,-1.0,-1.0,<10k,1,50000.0,9.0,2,-1.0,-1.0,2,-1.0,-1.0,2,-1.0,-1.0,2,-1.0,-1.0,2,-1.0,-1.0,2,-1.0,-1.0,1,150000.0,9.0,2,-1.0,-1.0,2,-1.0,-1.0,0.0,4.78,0.0,5.53,0.0,5.04,0.0,4.8,YES,YES,5.0,15.62,5.0,12.75,1.0,9.88,1.0,9.64,5.0,15.64,5.0,15.5,15.0,31.14,0.0,5.75,1.0,10.43,1.0,9.76,6.0,16.96,1,1,1,1,2.0,5.0,2,1,2.0,4,5.0,1.0,-0.93,-1.07,1.0,1.0,12.0,7.0,1,2,2.0,1.0,1.0,1.0,1.0,1.0,3.0,2.0,-1.0,-0.95,2.0,-1.0,-1.0,-1.0,-1.0,-1.0,-1.0
11,1,2,1,1,3,1,0,0-18,1,2,1,1,2.0,10.0,8.0,2.0,-1.0,-1.0,-1.0,-1.0,-1.0,394.3563283,2003,1.0,1.0,11.0,10.0,0.0,1.0,4.9,-1.0,-1.0,-1.0,2.0,-1.0,-1.0,2.0,-1.0,2.0,-1.0,-1.0,2.0,-1.0,2.0,-1.0,-1.0,-1.0,-1.0,-1.0,-1.0,2.0,1.0,2.0,1.0,1.0,-1.0,-1.0,1.0,1.0,1.0,1.0,11000.0,-1.0,-1.0,<10k,1,50000.0,9.0,2,-1.0,-1.0,2,-1.0,-1.0,2,-1.0,-1.0,2,-1.0,-1.0,2,-1.0,-1.0,2,-1.0,-1.0,1,150000.0,9.0,2,-1.0,-1.0,2,-1.0,-1.0,0.0,4.57,0.0,5.18,0.0,4.34,0.0,4.62,YES,YES,5.0,15.59,5.0,17.31,1.0,9.6,1.0,9.45,5.0,14.73,5.0,14.91,15.0,35.56,0.0,5.39,1.0,10.56,1.0,8.4,6.0,12.36,1,1,1,1,2.0,5.0,2,1,2.0,4,5.0,1.0,-0.98,-1.04,1.0,1.0,12.0,7.0,1,2,2.0,1.0,1.0,1.0,1.0,1.0,3.0,2.0,-1.0,-1.04,2.0,-1.0,-1.0,-1.0,-1.0,-1.0,-1.0
11,1,2,1,1,3,2,10,0-18,1,2,1,1,2.0,3.0,-1.0,-1.0,-1.0,-1.0,-1.0,-1.0,-1.0,394.3563283,2010,1.0,1.0,4.0,3.0,0.0,1.0,15.82,-1.0,-1.0,-1.0,2.0,-1.0,-1.0,2.0,-1.0,2.0,-1.0,-1.0,2.0,-1.0,2.0,-1.0,-1.0,-1.0,-1.0,-1.0,-1.0,2.0,1.0,2.0,1.0,1.0,-1.0,-1.0,1.0,1.0,1.0,1.0,17000.0,7000.0,-1.0,<10k,1,50000.0,9.0,2,-1.0,-1.0,2,-1.0,-1.0,2,-1.0,-1.0,2,-1.0,-1.0,2,-1.0,-1.0,2,-1.0,-1.0,1,150000.0,9.0,2,-1.0,-1.0,2,-1.0,-1.0,0.0,4.76,0.0,5.13,0.0,4.92,0.0,4.97,YES,YES,5.0,12.26,5.0,14.83,1.0,8.7,1.0,10.92,5.0,14.28,5.0,14.79,15.0,32.21,0.0,4.93,1.0,9.31,1.0,9.39,6.0,13.77,1,1,1,1,2.0,5.0,2,1,2.0,4,5.0,1.0,-1.01,-0.96,1.0,1.0,12.0,7.0,1,2,2.0,1.0,1.0,1.0,1.0,1.0,3.0,2.0,-1.0,-1.04,2.0,-1.0,-1.0,-1.0,-1.0,-1.0,-1.0
11,1,2,1,2,4,2,40,66+,1,2,2,4,9.0,5.0,-1.0,-1.0,-1.0,-1.0,-1.0,1.0,3.0,394.3563283,1942,1.0,1.0,11.0,10.0,0.0,1.0,4.61,-1.0,-1.0,-1.0,2.0,-1.0,-1.0,2.0,-1.0,2.0,-1.0,-1.0,2.0,-1.0,2.0,-1.0,-1.0,-1.0,-1.0,-1.0,-1.0,2.0,1.0,2.0,1.0,1.0,-1.0,-1.0,1.0,1.0,1.0,-1.0,-1.0,-1.0,-1.0,<10k,1,50000.0,9.0,2,-1.0,-1.0,2,-1.0,-1.0,2,-1.0,-1.0,2,-1.0,-1.0,2,-1.0,-1.0,2,-1.0,-1.0,1,150000.0,9.0,2,-1.0,-1.0,2,-1.0,-1.0,0.0,4.49,0.0,4.07,0.0,4.31,0.0,5.1,YES,YES,5.0,14.53,5.0,15.08,1.0,10.46,1.0,8.62,5.0,12.54,5.0,15.67,15.0,33.97,0.0,5.09,1.0,9.47,1.0,9.37,6.0,18.99,1,1,1,1,2.0,5.0,2,1,2.0,4,5.0,1.0,-0.83,-0.96,1.0,1.0,12.0,7.0,1,2,2.0,1.0,1.0,1.0,1.0,1.0,3.0,2.0,-1.0,-1.07,2.0,-1.0,-1.0,-1.0,-1.0,-1.0,-1.0
11,1,2,1,1,1,2,40,66+,1,2,2,4,9.0,3.0,9.0,2.0,-1.0,-1.0,-1.0,-1.0,-1.0,394.3563283,1941,-1.0,-1.0,-1.0,-1.0,-1.12,-1.0,-1.24,-1.0,-1.0,-1.0,2.0,-1.0,-1.0,2.0,-1.0,1.0,3.0,3.0,2.0,-1.0,2.0,-1.0,-1.0,-1.0,-1.0,-1.0,-1.0,2.0,1.0,2.0,1.0,1.0,-1.0,-1.0,1.0,1.0,1.0,1.0,10000.0,-1.0,-1.0,<10k,1,50000.0,9.0,2,-1.0,-1.0,2,-1.0,-1.0,2,-1.0,-1.0,2,-1.0,-1.0,2,-1.0,-1.0,2,-1.0,-1.0,1,150000.0,9.0,2,-1.0,-1.0,2,-1.0,-1.0,0.0,4.98,0.0,4.94,0.0,4.68,0.0,5.22,YES,YES,5.0,13.86,5.0,16.05,1.0,9.41,1.0,11.13,5.0,14.6,5.0,14.27,15.0,30.0,0.0,5.94,1.0,7.16,1.0,8.08,6.0,14.33,1,1,1,1,2.0,5.0,2,1,2.0,4,5.0,1.0,-0.98,-1.14,1.0,1.0,12.0,7.0,1,2,2.0,1.0,1.0,1.0,1.0,1.0,3.0,2.0,-1.0,-0.88,2.0,-1.0,-1.0,-1.0,-1.0,-1.0,-1.0
11,1,2,1,1,3,1,70,36-50,1,2,2,2,9.0,10.0,1.0,1.0,9311.0,36002.0,3.0,-1.0,-1.0,394.3563283,1975,-1.0,-1.0,-1.0,-1.0,-1.14,-1.0,-0.96,-1.0,-1.0,-1.0,2.0,-1.0,-1.0,2.0,-1.0,2.0,-1.0,-1.0,2.0,-1.0,2.0,-1.0,-1.0,-1.0,-1.0,-1.0,-1.0,2.0,1.0,2.0,1.0,1.0,-1.0,-1.0,1.0,1.0,1.0,1.0,18000.0,-1.0,-1.0,<10k,1,50000.0,9.0,2,-1.0,-1.0,2,-1.0,-1.0,2,-1.0,-1.0,2,-1.0,-1.0,2,-1.0,-1.0,2,-1.0,-1.0,1,150000.0,9.0,2,-1.0,-1.0,2,-1.0,-1.0,0.0,5.08,0.0,5.02,0.0,5.34,0.0,5.23,YES,YES,5.0,16.38,5.0,16.7,1.0,10.1,1.0,11.53,5.0,14.63,5.0,14.17,15.0,30.05,0.0,5.02,1.0,10.32,1.0,9.21,6.0,14.34,1,1,1,1,2.0,5.0,2,1,2.0,4,5.0,1.0,-1.03,-0.96,1.0,1.0,12.0,7.0,1,2,2.0,1.0,1.0,1.0,1.0,1.0,3.0,2.0,-1.0,-1.04,2.0,-1.0,-1.0,-1.0,-1.0,-1.0,-1.0
11,1,2,1,1,5,2,80,36-50,1,2,2,2,9.0,5.0,1.0,1.0,9212.0,1271.0,3.0,-1.0,-1.0,394.3563283,1982,1.0,1.0,11.0,10.0,0.0,1.0,4.95,-1.0,-1.0,-1.0,2.0,-1.0,-1.0,2.0,-1.0,2.0,-1.0,-1.0,2.0,-1.0,2.0,-1.0,-1.0,-1.0,-1.0,-1.0,-1.0,2.0,1.0,2.0,1.0,1.0,-1.0,-1.0,1.0,1.0,1.0,1.0,11000.0,-1.0,-1.0,<10k,1,50000.0,9.0,2,-1.0,-1.0,2,-1.0,-1.0,2,-1.0,-1.0,2,-1.0,-1.0,2,-1.0,-1.0,2,-1.0,-1.0,1,150000.0,9.0,2,-1.0,-1.0,2,-1.0,-1.0,0.0,4.74,0.0,4.93,0.0,4.08,0.0,4.84,YES,YES,5.0,20.31,5.0,17.5,1.0,9.17,1.0,8.14,5.0,13.1,5.0,14.94,15.0,30.7,0.0,4.8,1.0,11.26,1.0,10.86,6.0,18.16,1,1,1,1,2.0,5.0,2,1,2.0,4,5.0,1.0,-1.23,-1.07,1.0,1.0,12.0,7.0,1,2,2.0,1.0,1.0,1.0,1.0,1.0,3.0,2.0,-1.0,-1.05,2.0,-1.0,-1.0,-1.0,-1.0,-1.0,-1.0
11,1,2,1,1,5,1,0,0-18,1,2,2,1,6.0,10.0,99.0,2.0,-1.0,-1.0,-1.0,-1.0,-1.0,394.3563283,2002,1.0,1.0,4.0,3.0,0.0,1.0,15.04,-1.0,-1.0,-1.0,2.0,-1.0,-1.0,2.0,-1.0,2.0,-1.0,-1.0,2.0,-1.0,2.0,-1.0,-1.0,-1.0,-1.0,-1.0,-1.0,2.0,1.0,2.0,1.0,1.0,-1.0,-1.0,1.0,1.0,1.0,1.0,17000.0,7000.0,-1.0,<10k,1,50000.0,9.0,2,-1.0,-1.0,2,-1.0,-1.0,2,-1.0,-1.0,2,-1.0,-1.0,2,-1.0,-1.0,2,-1.0,-1.0,1,150000.0,9.0,2,-1.0,-1.0,2,-1.0,-1.0,0.0,4.79,0.0,5.33,0.0,4.75,0.0,5.31,YES,YES,5.0,14.91,5.0,14.38,1.0,9.79,1.0,8.84,5.0,15.17,5.0,16.25,15.0,27.21,0.0,4.59,1.0,10.63,1.0,10.49,6.0,12.24,1,1,1,1,2.0,5.0,2,1,2.0,4,5.0,1.0,-0.92,-1.09,1.0,1.0,12.0,7.0,1,2,2.0,1.0,1.0,1.0,1.0,1.0,3.0,2.0,-1.0,-0.88,2.0,-1.0,-1.0,-1.0,-1.0,-1.0,-1.0
11,1,2,1,1,5,1,0,0-18,1,2,2,1,2.0,10.0,8.0,2.0,-1.0,-1.0,-1.0,-1.0,-1.0,394.3563283,2003,1.0,1.0,11.0,10.0,0.0,1.0,4.71,-1.0,-1.0,-1.0,2.0,-1.0,-1.0,2.0,-1.0,2.0,-1.0,-1.0,2.0,-1.0,2.0,-1.0,-1.0,-1.0,-1.0,-1.0,-1.0,2.0,1.0,2.0,1.0,1.0,-1.0,-1.0,1.0,1.0,1.0,-1.0,-1.0,-1.0,-1.0,<10k,1,50000.0,9.0,2,-1.0,-1.0,2,-1.0,-1.0,2,-1.0,-1.0,2,-1.0,-1.0,2,-1.0,-1.0,2,-1.0,-1.0,1,150000.0,9.0,2,-1.0,-1.0,2,-1.0,-1.0,0.0,4.68,0.0,5.05,0.0,4.28,0.0,5.55,YES,YES,5.0,16.97,5.0,16.39,1.0,11.57,1.0,9.48,5.0,16.76,5.0,18.52,15.0,26.01,0.0,4.75,1.0,9.66,1.0,9.31,6.0,13.03,1,1,1,1,2.0,5.0,2,1,2.0,4,5.0,1.0,-0.95,-0.87,1.0,1.0,12.0,7.0,1,2,2.0,1.0,1.0,1.0,1.0,1.0,3.0,2.0,-1.0,-0.93,2.0,-1.0,-1.0,-1.0,-1.0,-1.0,-1.0
11,1,2,1,1,5,2,0,0-18,1,2,2,1,2.0,9.0,-1.0,-1.0,-1.0,-1.0,-1.0,-1.0,-1.0,394.3563283,2004,1.0,1.0,10.0,9.0,0.0,1.0,4.83,-1.0,-1.0,-1.0,2.0,-1.0,-1.0,2.0,-1.0,2.0,-1.0,-1.0,2.0,-1.0,2.0,-1.0,-1.0,-1.0,-1.0,-1.0,-1.0,2.0,1.0,2.0,1.0,1.0,-1.0,-1.0,1.0,1.0,1.0,1.0,25000.0,-1.0,-1.0,<10k,1,50000.0,9.0,2,-1.0,-1.0,2,-1.0,-1.0,2,-1.0,-1.0,2,-1.0,-1.0,2,-1.0,-1.0,2,-1.0,-1.0,1,150000.0,9.0,2,-1.0,-1.0,2,-1.0,-1.0,0.0,4.26,0.0,5.81,0.0,5.33,0.0,5.16,YES,YES,5.0,13.87,5.0,16.54,1.0,10.66,1.0,9.42,5.0,17.98,5.0,17.12,15.0,27.09,0.0,5.4,1.0,9.2,1.0,8.55,6.0,15.26,1,1,1,1,2.0,5.0,2,1,2.0,4,5.0,1.0,-1.03,-1.06,1.0,1.0,12.0,7.0,1,2,2.0,1.0,1.0,1.0,1.0,1.0,3.0,2.0,-1.0,-1.06,2.0,-1.0,-1.0,-1.0,-1.0,-1.0,-1.0
11,1,2,1,1,1,2,70,36-50,1,2,2,2,9.0,10.0,1.0,1.0,9411.0,55101.0,3.0,-1.0,-1.0,394.3563283,1974,-1.0,-1.0,-1.0,-1.0,-0.94,-1.0,-0.92,-1.0,-1.0,-1.0,2.0,-1.0,-1.0,2.0,-1.0,1.0,3.0,3.0,2.0,-1.0,2.0,-1.0,-1.0,-1.0,-1.0,-1.0,-1.0,2.0,1.0,2.0,1.0,1.0,-1.0,-1.0,1.0,1.0,1.0,1.0,10000.0,-1.0,-1.0,<10k,1,50000.0,9.0,2,-1.0,-1.0,2,-1.0,-1.0,2,-1.0,-1.0,2,-1.0,-1.0,2,-1.0,-1.0,2,-1.0,-1.0,1,150000.0,9.0,2,-1.0,-1.0,2,-1.0,-1.0,0.0,4.57,0.0,5.57,0.0,4.9,0.0,4.0,YES,YES,5.0,11.67,5.0,14.82,1.0,9.03,1.0,10.68,5.0,16.86,5.0,13.49,15.0,31.49,0.0,5.65,1.0,10.81,1.0,10.84,6.0,13.2,1,1,1,1,2.0,5.0,2,1,2.0,4,5.0,1.0,-1.05,-0.97,1.0,1.0,12.0,7.0,1,2,2.0,1.0,1.0,1.0,1.0,1.0,3.0,2.0,-1.0,-1.13,2.0,-1.0,-1.0,-1.0,-1.0,-1.0,-1.0
11,1,2,1,1,2,1,70,36-50,1,2,2,2,9.0,11.0,1.0,1.0,8332.0,13921.0,3.0,-1.0,-1.0,394.3563283,1971,-1.0,-1.0,-1.0,-1.0,-1.06,-1.0,-1.06,-1.0,-1.0,-1.0,2.0,-1.0,-1.0,2.0,-1.0,2.0,-1.0,-1.0,2.0,-1.0,2.0,-1.0,-1.0,-1.0,-1.0,-1.0,-1.0,2.0,1.0,2.0,1.0,1.0,-1.0,-1.0,1.0,1.0,1.0,1.0,18000.0,-1.0,-1.0,<10k,1,50000.0,9.0,2,-1.0,-1.0,2,-1.0,-1.0,2,-1.0,-1.0,2,-1.0,-1.0,2,-1.0,-1.0,2,-1.0,-1.0,1,150000.0,9.0,2,-1.0,-1.0,2,-1.0,-1.0,0.0,4.88,0.0,5.02,0.0,4.98,0.0,5.36,YES,YES,5.0,14.0,5.0,15.19,1.0,11.1,1.0,9.41,5.0,17.7,5.0,14.04,15.0,29.25,0.0,4.51,1.0,9.9,1.0,10.24,6.0,13.96,1,1,1,1,2.0,5.0,2,1,2.0,4,5.0,1.0,-0.83,-1.09,1.0,1.0,12.0,7.0,1,2,2.0,1.0,1.0,1.0,1.0,1.0,3.0,2.0,-1.0,-1.11,2.0,-1.0,-1.0,-1.0,-1.0,-1.0,-1.0
11,1,2,1,2,3,1,90,19-35,1,2,2,2,9.0,12.0,-1.0,-1.0,-1.0,-1.0,-1.0,1.0,1.0,394.3563283,1995,1.0,1.0,11.0,10.0,0.0,1.0,4.13,-1.0,-1.0,-1.0,2.0,-1.0,-1.0,2.0,-1.0,2.0,-1.0,-1.0,2.0,-1.0,2.0,-1.0,-1.0,-1.0,-1.0,-1.0,-1.0,2.0,1.0,2.0,1.0,1.0,-1.0,-1.0,1.0,1.0,1.0,1.0,11000.0,-1.0,-1.0,<10k,1,50000.0,9.0,2,-1.0,-1.0,2,-1.0,-1.0,2,-1.0,-1.0,2,-1.0,-1.0,2,-1.0,-1.0,2,-1.0,-1.0,1,150000.0,9.0,2,-1.0,-1.0,2,-1.0,-1.0,0.0,4.37,0.0,5.13,0.0,3.86,0.0,5.38,YES,YES,5.0,14.34,5.0,14.48,1.0,9.38,1.0,10.6,5.0,12.09,5.0,14.5,15.0,24.03,0.0,4.76,1.0,7.36,1.0,9.86,6.0,14.6,1,1,1,1,2.0,5.0,2,1,2.0,4,5.0,1.0,-0.87,-1.14,1.0,1.0,12.0,7.0,1,2,2.0,1.0,1.0,1.0,1.0,1.0,3.0,2.0,-1.0,-1.07,2.0,-1.0,-1.0,-1.0,-1.0,-1.0,-1.0
11,1,2,1,1,3,2,90,19-35,1,2,2,1,9.0,10.0,7.0,2.0,-1.0,-1.0,-1.0,-1.0,-1.0,394.3563283,1996,1.0,1.0,4.0,3.0,0.0,1.0,15.13,-1.0,-1.0,-1.0,2.0,-1.0,-1.0,2.0,-1.0,2.0,-1.0,-1.0,2.0,-1.0,2.0,-1.0,-1.0,-1.0,-1.0,-1.0,-1.0,2.0,1.0,2.0,1.0,1.0,-1.0,-1.0,1.0,1.0,1.0,1.0,17000.0,7000.0,-1.0,<10k,1,50000.0,9.0,2,-1.0,-1.0,2,-1.0,-1.0,2,-1.0,-1.0,2,-1.0,-1.0,2,-1.0,-1.0,2,-1.0,-1.0,1,150000.0,9.0,2,-1.0,-1.0,2,-1.0,-1.0,0.0,4.88,0.0,5.25,0.0,5.13,0.0,4.79,YES,YES,5.0,14.1,5.0,12.72,1.0,10.01,1.0,10.89,5.0,13.91,5.0,15.52,15.0,27.63,0.0,4.62,1.0,9.45,1.0,10.66,6.0,17.02,1,1,1,1,2.0,5.0,2,1,2.0,4,5.0,1.0,-0.9,-1.13,1.0,1.0,12.0,7.0,1,2,2.0,1.0,1.0,1.0,1.0,1.0,3.0,2.0,-1.0,-0.98,2.0,-1.0,-1.0,-1.0,-1.0,-1.0,-1.0
11,1,2,1,1,3,2,90,19-35,1,2,2,2,9.0,8.0,7.0,2.0,-1.0,-1.0,-1.0,-1.0,-1.0,394.3563283,1999,1.0,1.0,11.0,10.0,0.0,1.0,5.12,-1.0,-1.0,-1.0,2.0,-1.0,-1.0,2.0,-1.0,2.0,-1.0,-1.0,2.0,-1.0,2.0,-1.0,-1.0,-1.0,-1.0,-1.0,-1.0,2.0,1.0,2.0,1.0,1.0,-1.0,-1.0,1.0,1.0,1.0,-1.0,-1.0,-1.0,-1.0,<10k,1,50000.0,9.0,2,-1.0,-1.0,2,-1.0,-1.0,2,-1.0,-1.0,2,-1.0,-1.0,2,-1.0,-1.0,2,-1.0,-1.0,1,150000.0,9.0,2,-1.0,-1.0,2,-1.0,-1.0,0.0,5.4,0.0,5.03,0.0,3.96,0.0,4.59,YES,YES,5.0,13.23,5.0,13.86,1.0,10.22,1.0,9.78,5.0,14.53,5.0,13.82,15.0,29.95,0.0,5.67,1.0,9.7,1.0,8.27,6.0,15.64,1,1,1,1,2.0,5.0,2,1,2.0,4,5.0,1.0,-1.1,-1.01,1.0,1.0,12.0,7.0,1,2,2.0,1.0,1.0,1.0,1.0,1.0,3.0,2.0,-1.0,-1.15,2.0,-1.0,-1.0,-1.0,-1.0,-1.0,-1.0
