anon_id,district,sector,month,psu,snumber,hhno,nhh,result,person_serial_no,residence,relationship,sex,birth_year,birth_month,age,registration,ethnicity,religion,marital_status,curr_educ,education,main_activity,is_active,main_occupation,industry,employment_status,uresidencf,live,finalweight,B_year,k_size,uniqueness_score,k_anonymity,is_unique,qi_missing_rate,cluster_anomaly_score,l_diversity,combined_risk,risk_level
0,11,*,1,11,1,1,1,1,1,1,1,*,11,2,*,1,1,4,*,9.0,*,1.0,1.0,7531.0,*,5.0,,,392.4425353,11,198.0,0.005050505050505051,198.0,0,0.0,2.016330692930072e-11,,0.003030303038368353,low
1,11,*,1,11,1,1,1,1,2,1,2,*,11,8,*,1,1,4,*,9.0,*,1.0,1.0,8350.0,*,3.0,,,392.4425353,11,198.0,0.005050505050505051,198.0,0,0.0,2.016330692930072e-11,,0.003030303038368353,low
2,11,Bin_1,1,11,1,1,1,1,3,1,3,Bin_5,11,3,Bin_1,1,1,4,Bin_1,6.0,Bin_3,8.0,2.0,,,,,,392.4425353,11,,,,0,0.16666666666666666,2.016330692930072e-11,,,low
3,11,Bin_1,1,11,1,1,1,1,4,1,3,Bin_1,11,3,Bin_1,1,1,4,Bin_1,1.0,,,,,,,,,392.4425353,11,,,,0,0.3333333333333333,0.22278597675880188,,,low
4,11,*,1,11,3,1,1,1,1,1,1,*,11,10,*,1,1,4,*,9.0,*,1.0,1.0,5211.0,*,6.0,,,392.4425353,11,198.0,0.005050505050505051,198.0,0,0.0,2.016330692930072e-11,,0.003030303038368353,low
5,11,Bin_1,1,11,3,1,1,1,2,1,3,Bin_5,11,4,Bin_2,1,1,4,Bin_1,9.0,Bin_4,1.0,1.0,2342.0,Bin_5,3.0,,,392.4425353,11,8.0,0.125,8.0,0,0.0,0.46127661534794473,,0.2595106461391779,low
6,11,Bin_1,1,11,3,1,1,1,3,1,5,Bin_1,11,9,Bin_2,1,1,4,Bin_1,9.0,Bin_3,1.0,1.0,3113.0,Bin_3,3.0,,,392.4425353,11,16.0,0.0625,16.0,0,0.0,2.016330692930072e-11,,0.037500000008065325,low
7,11,Bin_1,1,11,3,1,1,1,4,1,5,Bin_5,11,3,Bin_1,1,1,4,Bin_1,1.0,,,,,,,,,392.4425353,11,,,,0,0.3333333333333333,2.016330692930072e-11,,,low
8,11,Bin_1,1,11,3,1,1,1,5,1,5,Bin_5,11,4,Bin_1,1,1,4,Bin_1,,,,,,,,,,392.4425353,11,,,,0,0.3333333333333333,2.016330692930072e-11,,,low
9,11,Bin_1,1,11,3,1,1,1,6,2,5,Bin_5,11,6,Bin_5,1,1,4,Bin_3,9.0,Bin_2,,,,,,1.0,3.0,392.4425353,11,,,,0,0.16666666666666666,1.346655734143283e-11,,,low
10,11,Bin_1,1,11,3,1,1,1,7,1,2,Bin_1,11,12,Bin_4,1,1,4,Bin_1,9.0,Bin_3,1.0,1.0,5221.0,Bin_3,5.0,,,392.4425353,11,13.0,0.07692307692307693,13.0,0,0.0,0.23775451225093572,,0.14125565105422044,low
11,11,Bin_1,1,11,5,1,1,1,1,1,1,Bin_1,11,8,Bin_3,1,4,3,Bin_1,9.0,Bin_2,1.0,1.0,8323.0,Bin_3,3.0,,,392.4425353,11,7.0,0.14285714285714285,7.0,0,0.0,0.7368421052684637,,0.3804511278216712,low
12,11,*,1,11,5,1,1,1,2,1,2,*,11,8,*,1,1,1,*,9.0,*,1.0,1.0,7531.0,*,5.0,,,392.4425353,11,198.0,0.005050505050505051,198.0,0,0.0,2.016330692930072e-11,,0.003030303038368353,low
13,11,Bin_1,1,11,5,1,1,1,3,1,3,Bin_1,11,9,Bin_2,1,4,3,Bin_1,9.0,Bin_3,1.0,1.0,7412.0,Bin_2,3.0,,,392.4425353,11,7.0,0.14285714285714285,7.0,0,0.0,2.016330692930072e-11,,0.08571428572235103,low
14,11,Bin_1,1,11,5,1,1,1,4,1,3,Bin_1,11,1,Bin_1,1,4,3,Bin_1,2.0,Bin_3,8.0,2.0,,,,,,392.4425353,11,,,,0,0.16666666666666666,2.016330692930072e-11,,,low
15,11,Bin_1,1,11,5,1,1,1,5,1,3,Bin_5,11,3,Bin_1,1,4,3,Bin_1,2.0,Bin_3,,,,,,,,392.4425353,11,,,,0,0.16666666666666666,2.016330692930072e-11,,,low
16,11,*,1,11,5,1,1,1,6,1,4,*,11,7,*,1,4,3,*,9.0,*,1.0,1.0,4212.0,*,3.0,,,392.4425353,11,198.0,0.005050505050505051,198.0,0,0.0,2.016330692930072e-11,,0.003030303038368353,low
17,11,*,1,11,6,1,1,1,1,1,1,*,11,9,*,1,4,3,*,9.0,*,1.0,1.0,8323.0,*,5.0,,,392.4425353,11,198.0,0.005050505050505051,198.0,0,0.0,2.016330692930072e-11,,0.003030303038368353,low
18,11,Bin_1,1,11,6,1,1,1,2,1,2,Bin_5,11,10,Bin_4,1,4,3,Bin_1,9.0,Bin_1,7.0,2.0,,,,,,392.4425353,11,,,,0,0.16666666666666666,9.246690281761051e-11,,,low
19,11,Bin_1,1,11,6,1,1,1,3,1,3,Bin_1,11,2,Bin_2,1,4,3,Bin_1,9.0,Bin_4,1.0,1.0,3322.0,Bin_3,3.0,,,392.4425353,11,8.0,0.125,8.0,0,0.0,2.8625922011643265e-11,,0.07500000001145037,low
20,11,Bin_1,1,11,6,1,1,1,4,1,3,Bin_5,11,5,Bin_2,1,4,3,Bin_1,9.0,Bin_3,7.0,2.0,,,,,,392.4425353,11,,,,0,0.16666666666666666,0.10526315791277768,,,low
21,11,Bin_1,1,11,6,1,1,1,5,1,5,Bin_1,11,5,Bin_2,1,4,3,Bin_1,9.0,Bin_3,1.0,1.0,5211.0,Bin_3,3.0,,,392.4425353,11,16.0,0.0625,16.0,0,0.0,2.016330692930072e-11,,0.037500000008065325,low
22,11,Bin_1,1,11,6,1,1,1,6,1,5,Bin_1,11,5,Bin_1,1,4,3,Bin_1,2.0,Bin_1,,,,,,,,392.4425353,11,,,,0,0.16666666666666666,2.016330692930072e-11,,,low
23,11,Bin_1,1,11,6,1,1,1,7,1,5,Bin_5,11,3,Bin_1,1,4,3,Bin_1,,,,,,,,,,392.4425353,11,,,,0,0.3333333333333333,2.016330692930072e-11,,,low
24,11,Bin_1,1,11,7,1,1,1,1,1,1,Bin_5,11,1,Bin_2,1,1,4,Bin_1,9.0,Bin_4,1.0,1.0,3313.0,Bin_4,3.0,,,392.4425353,11,12.0,0.08333333333333333,12.0,0,0.0,2.1760009167715977e-11,,0.050000000008704,low
25,11,Bin_1,1,11,7,1,1,1,2,1,5,Bin_1,11,10,Bin_1,1,1,4,Bin_1,2.0,Bin_4,8.0,2.0,,,,,,392.4425353,11,,,,0,0.16666666666666666,0.7894736842147712,,,low
26,11,Bin_1,1,11,7,1,1,1,3,1,4,Bin_5,11,7,Bin_3,1,1,4,Bin_3,9.0,Bin_3,7.0,2.0,,,,,,392.4425353,11,,,,0,0.16666666666666666,3.6364695337311484e-11,,,low
27,11,*,1,11,7,1,1,1,4,1,5,*,11,4,*,1,1,4,*,9.0,*,1.0,1.0,5311.0,*,3.0,,,392.4425353,11,198.0,0.005050505050505051,198.0,0,0.0,2.016330692930072e-11,,0.003030303038368353,low
28,11,Bin_1,1,11,8,1,1,1,1,1,1,Bin_1,11,11,Bin_3,1,2,2,Bin_1,9.0,Bin_3,1.0,1.0,7116.0,Bin_3,3.0,,,392.4425353,11,23.0,0.043478260869565216,23.0,0,0.0,2.016330692930072e-11,,0.02608695652980445,low
29,11,*,1,11,8,1,1,1,2,1,2,*,11,6,*,1,2,2,*,9.0,*,1.0,1.0,9111.0,*,3.0,,,392.4425353,11,198.0,0.005050505050505051,198.0,0,0.0,2.016330692930072e-11,,0.003030303038368353,low
30,11,Bin_1,1,11,8,1,1,1,3,1,3,Bin_1,11,2,Bin_1,1,2,2,Bin_1,2.0,Bin_3,8.0,2.0,,,,,,392.4425353,11,,,,0,0.16666666666666666,2.016330692930072e-11,,,low
31,11,Bin_1,1,11,8,1,1,1,4,1,3,Bin_1,11,4,Bin_1,1,2,2,Bin_1,2.0,Bin_2,,,,,,,,392.4425353,11,,,,0,0.16666666666666666,2.016330692930072e-11,,,low
32,11,Bin_1,1,11,8,1,1,1,5,1,3,Bin_5,11,8,Bin_1,1,2,2,Bin_1,2.0,Bin_2,,,,,,,,392.4425353,11,,,,0,0.16666666666666666,2.016330692930072e-11,,,low
33,11,Bin_1,1,11,9,1,1,1,1,1,1,Bin_1,11,7,Bin_2,1,1,1,Bin_1,9.0,Bin_3,1.0,1.0,7131.0,Bin_3,3.0,,,392.4425353,11,16.0,0.0625,16.0,0,0.0,2.016330692930072e-11,,0.037500000008065325,low
34,11,*,1,11,9,1,1,1,2,1,2,*,11,10,*,1,2,2,*,9.0,*,1.0,1.0,9111.0,*,3.0,,,392.4425353,11,198.0,0.005050505050505051,198.0,0,0.0,2.016330692930072e-11,,0.003030303038368353,low
35,11,Bin_1,1,11,9,1,1,1,3,1,3,Bin_1,11,4,Bin_1,1,1,1,Bin_1,2.0,Bin_2,,,,,,,,392.4425353,11,,,,0,0.16666666666666666,2.016330692930072e-11,,,low
36,11,Bin_1,1,11,9,1,1,1,4,1,3,Bin_5,11,2,Bin_1,1,1,1,Bin_1,2.0,Bin_2,,,,,,,,392.4425353,11,,,,0,0.16666666666666666,2.016330692930072e-11,,,low
37,11,Bin_1,1,11,1,1,1,1,1,1,1,Bin_1,11,6,Bin_3,1,4,3,Bin_1,9.0,Bin_4,1.0,1.0,1221.0,Bin_3,4.0,,,298.0423127,11,13.0,0.07692307692307693,13.0,0,0.0,0.4210526315906208,,0.21457489879009448,low
38,11,Bin_1,1,11,1,1,1,1,2,1,2,Bin_5,11,8,Bin_3,1,4,3,Bin_1,9.0,Bin_3,7.0,2.0,,,,,,298.0423127,11,,,,0,0.16666666666666666,2.016330692930072e-11,,,low
39,11,Bin_1,1,11,1,1,1,1,3,1,3,Bin_1,11,9,Bin_2,1,4,3,Bin_1,9.0,Bin_4,1.0,1.0,5211.0,Bin_2,3.0,,,298.0423127,11,3.0,0.3333333333333333,3.0,0,0.0,3.454928674503317e-11,,0.2000000000138197,low
40,11,Bin_1,1,11,1,1,1,1,4,1,3,Bin_1,11,1,Bin_2,1,4,3,Bin_1,4.0,Bin_4,8.0,2.0,,,,,,298.0423127,11,,,,0,0.16666666666666666,1.9880093564148657e-11,,,low
41,11,Bin_1,1,11,1,1,1,1,5,1,3,Bin_1,11,2,Bin_1,1,4,3,Bin_1,2.0,Bin_3,,,,,,,,298.0423127,11,,,,0,0.16666666666666666,2.016330692930072e-11,,,low
42,11,Bin_1,1,11,2,1,1,1,1,1,1,Bin_1,11,3,Bin_4,1,4,3,Bin_1,9.0,Bin_4,4.0,2.0,,,,,,298.0423127,11,,,,0,0.16666666666666666,1.7528074163844148e-11,,,low
43,11,Bin_1,1,11,2,1,1,1,2,1,2,Bin_5,11,9,Bin_4,1,4,3,Bin_1,9.0,Bin_3,7.0,2.0,,,,,,298.0423127,11,,,,0,0.16666666666666666,2.016330692930072e-11,,,low
44,11,Bin_1,1,11,2,1,1,1,3,1,3,Bin_5,11,1,Bin_2,1,4,3,Bin_1,9.0,Bin_4,1.0,1.0,2330.0,Bin_5,1.0,,,298.0423127,11,8.0,0.125,8.0,0,0.0,0.46127661534794473,,0.2595106461391779,low
45,11,Bin_1,1,11,2,1,1,1,4,1,3,Bin_5,11,8,Bin_2,1,4,3,Bin_1,3.0,Bin_4,8.0,2.0,,,,,,298.0423127,11,,,,0,0.16666666666666666,2.016330692930072e-11,,,low
46,11,Bin_1,1,11,2,1,1,1,5,1,5,Bin_5,11,1,Bin_1,1,4,3,Bin_1,1.0,,,,,,,,,298.0423127,11,,,,0,0.3333333333333333,2.016330692930072e-11,,,low
47,11,Bin_1,1,11,3,1,1,1,1,1,1,Bin_5,11,12,Bin_4,1,4,3,Bin_3,9.0,Bin_3,7.0,2.0,,,,,,298.0423127,11,,,,0,0.16666666666666666,1.9191918545842895e-11,,,low
48,11,*,1,11,4,1,1,1,1,1,1,*,11,5,*,1,1,1,*,9.0,*,1.0,1.0,9112.0,*,3.0,,,298.0423127,11,198.0,0.005050505050505051,198.0,0,0.0,2.016330692930072e-11,,0.003030303038368353,low
49,11,Bin_1,1,11,4,1,1,1,2,1,2,Bin_5,11,4,Bin_4,1,1,1,Bin_1,9.0,Bin_3,7.0,2.0,,,,,,298.0423127,11,,,,0,0.16666666666666666,2.016330692930072e-11,,,low
50,11,Bin_1,1,11,4,1,1,1,3,1,5,Bin_5,11,6,Bin_5,1,1,1,Bin_3,9.0,Bin_2,9.0,2.0,,,,,,298.0423127,11,,,,0,0.16666666666666666,1.346655734143283e-11,,,low
51,11,Bin_1,1,11,4,1,1,1,4,1,3,Bin_1,11,9,Bin_3,1,1,1,Bin_1,9.0,Bin_4,1.0,1.0,4110.0,Bin_5,1.0,,,298.0423127,11,5.0,0.2,5.0,0,0.0,4.267687696109667e-11,,0.12000000001707074,low
52,11,Bin_1,1,11,4,1,1,1,5,1,5,Bin_5,11,8,Bin_2,1,1,1,Bin_1,9.0,Bin_4,7.0,2.0,,,,,,298.0423127,11,,,,0,0.16666666666666666,2.016330692930072e-11,,,low
53,11,Bin_1,1,11,4,1,1,1,6,1,5,Bin_5,11,8,Bin_1,1,1,1,Bin_1,2.0,Bin_3,8.0,2.0,,,,,,298.0423127,11,,,,0,0.16666666666666666,2.016330692930072e-11,,,low
54,11,Bin_1,1,11,4,1,1,1,7,1,5,Bin_1,11,11,Bin_1,1,1,1,Bin_1,2.0,Bin_1,,,,,,,,298.0423127,11,,,,0,0.16666666666666666,2.016330692930072e-11,,,low
55,11,Bin_1,1,11,5,1,1,1,1,1,1,Bin_1,11,6,Bin_3,1,1,1,Bin_1,9.0,Bin_4,4.0,2.0,,,,,,298.0423127,11,,,,0,0.16666666666666666,2.055079555980053e-11,,,low
56,11,Bin_1,1,11,5,1,1,1,2,1,2,Bin_5,11,6,Bin_3,1,1,1,Bin_1,9.0,Bin_3,7.0,2.0,,,,,,298.0423127,11,,,,0,0.16666666666666666,2.016330692930072e-11,,,low
57,11,Bin_1,1,11,5,1,1,1,3,1,3,Bin_5,11,8,Bin_2,1,1,1,Bin_1,9.0,Bin_4,1.0,1.0,3349.0,Bin_3,3.0,,,298.0423127,11,8.0,0.125,8.0,0,0.0,1.821438878796227e-11,,0.07500000000728575,low
58,11,Bin_1,1,11,5,1,1,1,4,1,3,Bin_1,11,7,Bin_2,1,1,1,Bin_1,2.0,Bin_4,8.0,2.0,,,,,,298.0423127,11,,,,0,0.16666666666666666,1.9880093564148657e-11,,,low
59,11,Bin_1,1,11,6,1,1,1,1,1,1,Bin_5,11,6,Bin_5,1,1,1,Bin_1,9.0,Bin_3,9.0,2.0,,,,,,298.0423127,11,,,,0,0.16666666666666666,4.0379950832530846e-11,,,low
60,11,Bin_1,1,11,6,1,1,1,2,1,2,Bin_1,11,3,Bin_5,1,1,1,Bin_1,9.0,Bin_2,9.0,2.0,,,,,,298.0423127,11,,,,0,0.16666666666666666,6.378704595969195e-11,,,low
61,11,*,1,11,6,1,1,1,3,1,3,*,11,4,*,1,1,1,*,9.0,*,1.0,1.0,8152.0,*,3.0,,,298.0423127,11,198.0,0.005050505050505051,198.0,0,0.0,2.016330692930072e-11,,0.003030303038368353,low
62,11,Bin_1,1,11,9,1,1,1,1,1,1,Bin_1,11,7,Bin_3,1,1,4,Bin_1,9.0,Bin_4,1.0,1.0,7116.0,Bin_3,3.0,,,298.0423127,11,13.0,0.07692307692307693,13.0,0,0.0,0.4210526315906208,,0.21457489879009448,low
63,11,*,1,11,9,1,1,1,2,1,2,*,11,5,*,1,1,4,*,9.0,*,1.0,1.0,9112.0,*,1.0,,,298.0423127,11,198.0,0.005050505050505051,198.0,0,0.0,2.016330692930072e-11,,0.003030303038368353,low
64,11,*,1,11,9,1,1,1,3,1,3,*,11,3,*,1,1,4,*,9.0,*,1.0,1.0,2342.0,*,3.0,,,298.0423127,11,198.0,0.005050505050505051,198.0,0,0.0,2.016330692930072e-11,,0.003030303038368353,low
65,11,Bin_1,1,11,1,1,1,1,1,1,1,Bin_1,11,11,Bin_3,1,1,1,Bin_1,9.0,Bin_3,1.0,1.0,3115.0,Bin_2,3.0,,,271.9852019,11,5.0,0.2,5.0,0,0.0,0.5677250650389711,,0.34709002601558847,low
66,11,Bin_1,1,11,1,1,1,1,2,1,2,Bin_5,11,12,Bin_3,1,1,1,Bin_1,9.0,Bin_3,1.0,1.0,5221.0,Bin_3,5.0,,,271.9852019,11,6.0,0.16666666666666666,6.0,0,0.0,8.283908055514776e-11,,0.10000000003313562,low
67,11,Bin_1,1,11,1,1,1,1,3,1,3,Bin_1,11,5,Bin_1,1,1,1,Bin_1,2.0,Bin_1,,,,,,,,271.9852019,11,,,,0,0.16666666666666666,2.016330692930072e-11,,,low
68,11,Bin_1,1,11,1,1,1,1,4,1,3,Bin_1,11,10,Bin_1,1,1,1,Bin_1,2.0,Bin_1,,,,,,,,271.9852019,11,,,,0,0.16666666666666666,2.016330692930072e-11,,,low
69,11,Bin_1,1,11,1,1,1,1,5,1,4,Bin_5,11,6,Bin_5,1,1,1,Bin_3,9.0,Bin_2,9.0,2.0,,,,,,271.9852019,11,,,,0,0.16666666666666666,1.346655734143283e-11,,,low
70,11,*,1,11,1,1,1,1,6,1,7,*,11,5,*,1,1,1,*,9.0,*,1.0,1.0,3111.0,*,1.0,,,271.9852019,11,198.0,0.005050505050505051,198.0,0,0.0,2.016330692930072e-11,,0.003030303038368353,low
71,11,Bin_1,1,11,1,1,1,1,7,1,7,Bin_5,11,4,Bin_2,1,1,1,Bin_1,9.0,Bin_4,1.0,1.0,4110.0,Bin_3,1.0,,,271.9852019,11,8.0,0.125,8.0,0,0.0,1.821438878796227e-11,,0.07500000000728575,low
72,11,*,1,11,2,1,1,1,1,1,1,*,11,8,*,1,1,1,*,9.0,*,1.0,1.0,4321.0,*,3.0,,,271.9852019,11,198.0,0.005050505050505051,198.0,0,0.0,2.016330692930072e-11,,0.003030303038368353,low
73,11,Bin_1,1,11,2,1,1,1,2,1,2,Bin_5,11,5,Bin_2,1,1,1,Bin_1,9.0,Bin_4,1.0,1.0,4311.0,Bin_1,3.0,,,271.9852019,11,7.0,0.14285714285714285,7.0,0,0.0,8.83950632253061e-11,,0.08571428574964372,low
74,11,Bin_1,1,11,2,1,1,1,3,1,3,Bin_1,11,3,Bin_1,1,1,1,Bin_1,2.0,Bin_1,,,,,,,,271.9852019,11,,,,0,0.16666666666666666,2.016330692930072e-11,,,low
75,11,Bin_1,1,11,3,1,1,1,1,1,1,Bin_1,11,1,Bin_3,1,1,1,Bin_1,9.0,Bin_4,1.0,1.0,7421.0,Bin_5,5.0,,,271.9852019,11,5.0,0.2,5.0,0,0.0,4.267687696109667e-11,,0.12000000001707074,low
76,11,*,1,11,3,1,1,1,2,1,2,*,11,8,*,1,1,1,*,9.0,*,1.0,1.0,9112.0,*,6.0,,,271.9852019,11,198.0,0.005050505050505051,198.0,0,0.0,2.016330692930072e-11,,0.003030303038368353,low
77,11,*,1,11,3,1,1,1,3,1,3,*,11,11,*,1,1,1,*,4.0,*,1.0,1.0,3511.0,*,1.0,,,271.9852019,11,198.0,0.005050505050505051,198.0,0,0.0,2.016330692930072e-11,,0.003030303038368353,low
78,11,Bin_1,1,11,3,1,1,1,4,1,3,Bin_5,11,1,Bin_1,1,1,1,Bin_1,6.0,Bin_3,8.0,2.0,,,,,,271.9852019,11,,,,0,0.16666666666666666,2.016330692930072e-11,,,low
79,11,Bin_1,1,11,3,1,1,1,5,1,3,Bin_5,11,3,Bin_1,1,1,1,Bin_1,2.0,Bin_2,,,,,,,,271.9852019,11,,,,0,0.16666666666666666,2.016330692930072e-11,,,low
80,11,Bin_1,1,11,3,1,1,1,6,1,4,Bin_5,11,9,Bin_4,1,1,1,Bin_3,9.0,Bin_4,9.0,2.0,,,,,,271.9852019,11,,,,0,0.16666666666666666,2.6581610135721157e-11,,,low
81,11,Bin_1,1,11,4,1,1,1,1,1,1,Bin_5,11,3,Bin_3,1,1,1,Bin_1,9.0,Bin_4,7.0,2.0,,,,,,271.9852019,11,,,,0,0.16666666666666666,2.016330692930072e-11,,,low
82,11,Bin_1,1,11,4,1,1,1,2,2,2,Bin_1,11,5,Bin_3,1,1,1,Bin_1,9.0,Bin_4,,,,,,2.0,1.0,271.9852019,11,,,,0,0.16666666666666666,2.055079555980053e-11,,,low
83,11,Bin_1,1,11,4,1,1,1,3,1,3,Bin_1,11,12,Bin_1,1,1,1,Bin_1,2.0,Bin_1,,,,,,,,271.9852019,11,,,,0,0.16666666666666666,2.016330692930072e-11,,,low
84,11,Bin_1,1,11,4,1,1,1,4,1,3,Bin_1,11,2,Bin_1,1,1,1,Bin_1,1.0,,,,,,,,,271.9852019,11,,,,0,0.3333333333333333,0.22278597675880188,,,low
85,11,Bin_1,1,11,4,1,1,1,5,1,5,Bin_1,11,10,Bin_4,1,1,1,Bin_1,9.0,Bin_3,4.0,2.0,,,,,,271.9852019,11,,,,0,0.16666666666666666,1.6827342745711738e-11,,,low
86,11,Bin_1,1,11,5,1,1,1,1,1,1,Bin_1,11,7,Bin_3,1,1,1,Bin_1,9.0,Bin_3,1.0,1.0,1321.0,Bin_2,5.0,,,271.9852019,11,5.0,0.2,5.0,0,0.0,0.5677250650389711,,0.34709002601558847,low
87,11,*,1,11,5,1,1,1,2,1,2,*,11,8,*,1,1,1,*,9.0,*,1.0,1.0,9112.0,*,6.0,,,271.9852019,11,198.0,0.005050505050505051,198.0,0,0.0,2.016330692930072e-11,,0.003030303038368353,low
88,11,Bin_1,1,11,5,1,1,1,3,1,3,Bin_5,11,7,Bin_1,1,1,1,Bin_1,2.0,Bin_2,,,,,,,,271.9852019,11,,,,0,0.16666666666666666,2.016330692930072e-11,,,low
89,11,Bin_1,1,11,5,1,1,1,4,1,3,Bin_5,11,11,Bin_1,1,1,1,Bin_1,2.0,Bin_2,,,,,,,,271.9852019,11,,,,0,0.16666666666666666,2.016330692930072e-11,,,low
90,11,Bin_1,1,11,5,1,1,1,5,1,4,Bin_1,11,11,Bin_5,1,1,1,Bin_1,9.0,Bin_3,9.0,2.0,,,,,,271.9852019,11,,,,0,0.16666666666666666,4.5962270642046005e-11,,,low
91,11,Bin_1,1,11,5,1,1,1,6,1,4,Bin_5,11,2,Bin_4,1,1,1,Bin_1,9.0,Bin_3,7.0,2.0,,,,,,271.9852019,11,,,,0,0.16666666666666666,2.016330692930072e-11,,,low
92,11,Bin_1,1,11,6,1,1,1,1,1,1,Bin_1,11,9,Bin_2,1,1,1,Bin_1,9.0,Bin_4,1.0,1.0,3322.0,Bin_3,3.0,,,271.9852019,11,8.0,0.125,8.0,0,0.0,2.8625922011643265e-11,,0.07500000001145037,low
93,11,*,1,11,6,1,1,1,2,1,2,*,11,6,*,1,1,1,*,9.0,*,1.0,1.0,3341.0,*,3.0,,,271.9852019,11,198.0,0.005050505050505051,198.0,0,0.0,2.016330692930072e-11,,0.003030303038368353,low
94,11,Bin_1,1,11,6,1,1,1,3,1,3,Bin_1,11,12,Bin_1,1,1,1,Bin_1,2.0,Bin_1,,,,,,,,271.9852019,11,,,,0,0.16666666666666666,2.016330692930072e-11,,,low
95,11,Bin_1,1,11,6,1,1,1,4,1,3,Bin_1,11,8,Bin_1,1,1,1,Bin_1,,,,,,,,,,271.9852019,11,,,,0,0.3333333333333333,0.22278597675880188,,,low
96,11,*,1,11,6,1,1,1,5,1,6,*,11,1,*,1,1,1,*,9.0,*,1.0,1.0,9111.0,*,3.0,,,271.9852019,11,198.0,0.005050505050505051,198.0,0,0.0,2.016330692930072e-11,,0.003030303038368353,low
97,11,*,1,11,7,1,1,1,1,1,1,*,11,11,*,1,1,1,*,9.0,*,1.0,1.0,7531.0,*,3.0,,,271.9852019,11,198.0,0.005050505050505051,198.0,0,0.0,2.016330692930072e-11,,0.003030303038368353,low
98,11,Bin_1,1,11,7,1,1,1,2,2,2,Bin_1,11,10,Bin_4,1,1,1,Bin_1,9.0,Bin_3,,,,,,1.0,1.0,271.9852019,11,,,,0,0.16666666666666666,1.6827342745711738e-11,,,low
99,11,Bin_1,1,11,7,1,1,1,3,1,3,Bin_1,11,10,Bin_2,1,1,1,Bin_1,5.0,Bin_4,1.0,1.0,5414.0,Bin_1,3.0,,,271.9852019,11,6.0,0.16666666666666666,6.0,0,0.0,7.296091558556e-11,,0.10000000002918435,low
100,11,Bin_1,1,11,7,1,1,1,4,1,3,Bin_5,11,10,Bin_2,1,1,1,Bin_1,9.0,Bin_4,3.0,2.0,,,,,,271.9852019,11,,,,0,0.16666666666666666,2.016330692930072e-11,,,low
101,11,Bin_1,1,11,8,1,1,1,1,1,1,Bin_1,11,7,Bin_5,1,1,1,Bin_1,9.0,Bin_1,5.0,2.0,,,,,,271.9852019,11,,,,0,0.16666666666666666,1.4059264698799625e-10,,,low
102,11,Bin_1,1,11,8,1,1,1,2,1,2,Bin_5,11,9,Bin_5,1,1,1,Bin_1,9.0,Bin_5,9.0,2.0,,,,,,271.9852019,11,,,,0,0.16666666666666666,1.0891785824666613e-10,,,low
103,11,Bin_1,1,11,8,1,1,1,3,1,3,Bin_1,11,8,Bin_4,1,1,1,Bin_3,9.0,Bin_2,9.0,2.0,,,,,,271.9852019,11,,,,0,0.16666666666666666,7.63174275925091e-11,,,low
104,11,Bin_1,1,11,8,1,1,1,4,1,3,Bin_5,11,4,Bin_2,1,1,1,Bin_5,9.0,Bin_3,7.0,2.0,,,,,,271.9852019,11,,,,0,0.16666666666666666,3.647420360653528e-10,,,low
105,11,Bin_1,1,11,8,1,1,1,5,1,5,Bin_1,11,11,Bin_2,1,1,1,Bin_1,5.0,Bin_3,1.0,1.0,7233.0,Bin_2,3.0,,,271.9852019,11,7.0,0.14285714285714285,7.0,0,0.0,2.016330692930072e-11,,0.08571428572235103,low
106,11,Bin_1,1,11,8,1,1,1,6,1,5,Bin_5,11,10,Bin_1,1,1,1,Bin_1,2.0,Bin_3,,,,,,,,271.9852019,11,,,,0,0.16666666666666666,2.016330692930072e-11,,,low
107,11,Bin_1,1,11,8,1,1,1,7,1,5,Bin_1,11,6,Bin_2,1,1,1,Bin_1,9.0,Bin_3,1.0,1.0,9122.0,Bin_2,3.0,,,271.9852019,11,7.0,0.14285714285714285,7.0,0,0.0,2.016330692930072e-11,,0.08571428572235103,low
108,11,Bin_1,1,11,9,1,1,1,1,1,1,Bin_1,11,2,Bin_4,1,1,1,Bin_1,9.0,Bin_3,5.0,2.0,,,,,,271.9852019,11,,,,0,0.16666666666666666,1.6827342745711738e-11,,,low
109,11,Bin_1,1,11,9,1,1,1,2,1,2,Bin_5,11,2,Bin_3,1,1,1,Bin_1,9.0,Bin_3,7.0,2.0,,,,,,271.9852019,11,,,,0,0.16666666666666666,2.016330692930072e-11,,,low
110,11,Bin_1,1,11,10,1,1,1,1,1,1,Bin_1,11,1,Bin_3,1,1,4,Bin_1,9.0,Bin_3,99.0,2.0,,,,,,271.9852019,11,,,,0,0.16666666666666666,2.337327557850021e-11,,,low
111,11,Bin_1,1,11,10,1,1,1,2,1,2,Bin_5,11,10,Bin_3,1,1,4,Bin_1,9.0,Bin_4,1.0,1.0,2411.0,Bin_3,2.0,,,271.9852019,11,6.0,0.16666666666666666,6.0,0,0.0,5.798761123058759e-11,,0.10000000002319503,low
112,11,Bin_1,1,11,10,1,1,1,3,1,3,Bin_5,11,10,Bin_1,1,1,4,Bin_1,2.0,Bin_3,8.0,2.0,,,,,,271.9852019,11,,,,0,0.16666666666666666,2.016330692930072e-11,,,low
113,11,Bin_1,1,11,10,1,1,1,4,1,3,Bin_5,11,9,Bin_1,1,1,4,Bin_1,2.0,Bin_2,,,,,,,,271.9852019,11,,,,0,0.16666666666666666,2.016330692930072e-11,,,low
114,11,Bin_1,1,11,1,1,1,1,1,1,1,Bin_1,11,3,Bin_3,1,1,1,Bin_1,9.0,Bin_4,1.0,1.0,1213.0,Bin_5,3.0,,,361.6920328,11,5.0,0.2,5.0,0,0.0,4.267687696109667e-11,,0.12000000001707074,low
115,11,Bin_1,1,11,1,1,1,1,2,1,2,Bin_5,11,7,Bin_3,1,1,1,Bin_1,9.0,Bin_4,1.0,1.0,4110.0,Bin_5,1.0,,,361.6920328,11,8.0,0.125,8.0,0,0.0,2.016330692930072e-11,,0.07500000000806532,low
116,11,Bin_1,1,11,1,1,1,1,3,1,3,Bin_1,11,11,Bin_1,1,1,1,Bin_1,,,,,,,,,,361.6920328,11,,,,0,0.3333333333333333,0.22278597675880188,,,low
117,11,*,1,11,2,1,1,1,1,1,1,*,11,1,*,1,1,1,*,9.0,*,1.0,1.0,8122.0,*,3.0,,,361.6920328,11,198.0,0.005050505050505051,198.0,0,0.0,2.016330692930072e-11,,0.003030303038368353,low
118,11,Bin_1,1,11,5,1,1,1,1,1,1,Bin_5,11,11,Bin_3,1,1,1,Bin_1,9.0,Bin_2,7.0,2.0,,,,,,361.6920328,11,,,,0,0.16666666666666666,0.939473684208665,,,low
119,11,Bin_1,1,11,5,1,1,1,2,1,2,Bin_1,11,5,Bin_3,1,1,1,Bin_1,9.0,Bin_2,1.0,1.0,7116.0,Bin_3,3.0,,,361.6920328,11,7.0,0.14285714285714285,7.0,0,0.0,0.7368421052684637,,0.3804511278216712,low
120,11,Bin_1,1,11,5,1,1,1,3,1,3,Bin_5,11,6,Bin_1,1,1,1,Bin_1,2.0,Bin_4,8.0,2.0,,,,,,361.6920328,11,,,,0,0.16666666666666666,0.8947368421073856,,,low
121,11,Bin_1,1,11,5,1,1,1,4,1,3,Bin_5,11,6,Bin_1,1,1,1,Bin_1,2.0,Bin_1,,,,,,,,361.6920328,11,,,,0,0.16666666666666666,0.31578947369800636,,,low
122,11,Bin_1,1,11,5,1,1,1,5,1,3,Bin_5,11,1,Bin_1,1,1,1,Bin_1,1.0,,,,,,,,,361.6920328,11,,,,0,0.3333333333333333,2.016330692930072e-11,,,low
123,11,Bin_1,1,11,6,1,1,1,1,1,1,Bin_1,11,3,Bin_3,1,1,1,Bin_1,9.0,Bin_3,1.0,1.0,1321.0,Bin_1,4.0,,,361.6920328,11,11.0,0.09090909090909091,11.0,0,0.0,4.31002944004418e-11,,0.05454545456269466,low
124,11,*,1,11,6,1,1,1,2,1,2,*,11,5,*,1,1,1,*,9.0,*,2.0,1.0,7319.0,*,6.0,,,361.6920328,11,198.0,0.005050505050505051,198.0,0,0.0,2.016330692930072e-11,,0.003030303038368353,low
125,11,Bin_1,1,11,6,1,1,1,3,1,3,Bin_1,11,12,Bin_1,1,1,1,Bin_1,2.0,Bin_3,8.0,2.0,,,,,,361.6920328,11,,,,0,0.16666666666666666,2.016330692930072e-11,,,low
126,11,Bin_1,1,11,6,1,1,1,4,1,3,Bin_5,11,8,Bin_1,1,1,1,Bin_1,2.0,Bin_1,,,,,,,,361.6920328,11,,,,0,0.16666666666666666,0.31578947369800636,,,low
127,11,Bin_1,1,11,7,1,1,1,1,1,1,Bin_1,11,12,Bin_3,1,1,1,Bin_1,9.0,Bin_3,1.0,1.0,8122.0,Bin_2,3.0,,,361.6920328,11,5.0,0.2,5.0,0,0.0,0.5677250650389711,,0.34709002601558847,low
128,11,Bin_1,1,11,7,1,1,1,2,1,2,Bin_5,11,5,Bin_3,1,1,1,Bin_1,9.0,Bin_3,7.0,2.0,,,,,,361.6920328,11,,,,0,0.16666666666666666,2.016330692930072e-11,,,low
129,11,Bin_1,1,11,7,1,1,1,3,1,3,Bin_1,11,8,Bin_1,1,1,1,Bin_1,2.0,Bin_3,8.0,2.0,,,,,,361.6920328,11,,,,0,0.16666666666666666,2.016330692930072e-11,,,low
130,11,Bin_1,1,11,7,1,1,1,4,1,3,Bin_1,11,10,Bin_1,1,1,1,Bin_1,2.0,Bin_2,,,,,,,,361.6920328,11,,,,0,0.16666666666666666,2.016330692930072e-11,,,low
131,11,*,1,11,8,1,1,1,1,1,1,*,11,6,*,1,1,1,*,9.0,*,1.0,1.0,9321.0,*,3.0,,,361.6920328,11,198.0,0.005050505050505051,198.0,0,0.0,2.016330692930072e-11,,0.003030303038368353,low
132,11,*,1,11,8,1,1,1,2,1,3,*,11,6,*,1,1,1,*,9.0,*,1.0,1.0,8152.0,*,3.0,,,361.6920328,11,198.0,0.005050505050505051,198.0,0,0.0,2.016330692930072e-11,,0.003030303038368353,low
133,11,Bin_1,1,11,8,1,1,1,3,1,3,Bin_1,11,5,Bin_1,1,1,1,Bin_1,2.0,Bin_4,8.0,2.0,,,,,,361.6920328,11,,,,0,0.16666666666666666,0.7894736842147712,,,low
134,11,Bin_1,1,11,8,1,1,1,4,1,3,Bin_5,11,4,Bin_1,1,1,1,Bin_1,2.0,Bin_2,,,,,,,,361.6920328,11,,,,0,0.16666666666666666,2.016330692930072e-11,,,low
135,11,Bin_1,1,11,8,1,1,1,5,1,5,Bin_5,11,1,Bin_4,1,1,1,Bin_3,9.0,Bin_3,7.0,2.0,,,,,,361.6920328,11,,,,0,0.16666666666666666,1.9191918545842895e-11,,,low
136,11,*,1,11,9,1,1,1,1,1,1,*,11,3,*,1,1,1,*,9.0,*,1.0,1.0,4311.0,*,3.0,,,361.6920328,11,198.0,0.005050505050505051,198.0,0,0.0,2.016330692930072e-11,,0.003030303038368353,low
137,11,Bin_1,1,11,9,1,1,1,2,1,2,Bin_5,11,1,Bin_4,1,1,1,Bin_1,9.0,Bin_4,7.0,2.0,,,,,,361.6920328,11,,,,0,0.16666666666666666,2.016330692930072e-11,,,low
138,11,Bin_1,1,11,9,1,1,1,3,1,3,Bin_5,11,3,Bin_1,1,1,1,Bin_1,2.0,Bin_3,8.0,2.0,,,,,,361.6920328,11,,,,0,0.16666666666666666,2.016330692930072e-11,,,low
139,11,Bin_1,1,11,10,1,1,1,1,1,1,Bin_1,11,11,Bin_5,1,1,1,Bin_1,9.0,Bin_2,5.0,2.0,,,,,,361.6920328,11,,,,0,0.16666666666666666,6.378704595969195e-11,,,low
140,11,Bin_1,1,11,10,1,1,1,2,1,2,Bin_5,11,7,Bin_4,1,1,1,Bin_1,9.0,Bin_2,7.0,2.0,,,,,,361.6920328,11,,,,0,0.16666666666666666,2.275793974370401e-11,,,low
141,11,Bin_1,1,11,1,1,1,1,1,1,1,Bin_1,11,4,Bin_3,1,1,1,Bin_1,9.0,Bin_3,1.0,1.0,6121.0,Bin_1,5.0,,,436.4627395,11,11.0,0.09090909090909091,11.0,0,0.0,4.31002944004418e-11,,0.05454545456269466,low
142,11,*,1,11,1,1,1,1,2,1,2,*,11,3,*,1,1,1,*,9.0,*,1.0,1.0,6117.0,*,5.0,,,436.4627395,11,198.0,0.005050505050505051,198.0,0,0.0,2.016330692930072e-11,,0.003030303038368353,low
143,11,Bin_1,1,11,1,1,1,1,3,1,3,Bin_5,11,4,Bin_2,1,1,1,Bin_1,3.0,Bin_4,8.0,2.0,,,,,,436.4627395,11,,,,0,0.16666666666666666,2.016330692930072e-11,,,low
144,11,Bin_1,1,11,1,1,1,1,4,1,3,Bin_5,11,2,Bin_1,1,1,1,Bin_1,2.0,Bin_3,8.0,2.0,,,,,,436.4627395,11,,,,0,0.16666666666666666,2.016330692930072e-11,,,low
145,11,Bin_1,1,11,1,1,1,1,5,1,3,Bin_5,11,2,Bin_1,1,1,1,Bin_1,2.0,Bin_3,8.0,2.0,,,,,,436.4627395,11,,,,0,0.16666666666666666,2.016330692930072e-11,,,low
146,11,*,1,11,2,1,1,1,1,1,1,*,11,5,*,1,1,1,*,9.0,*,1.0,1.0,9322.0,*,3.0,,,436.4627395,11,198.0,0.005050505050505051,198.0,0,0.0,2.016330692930072e-11,,0.003030303038368353,low
147,11,Bin_1,1,11,2,1,1,1,2,1,3,Bin_5,11,11,Bin_2,1,1,1,Bin_1,4.0,Bin_4,8.0,2.0,,,,,,436.4627395,11,,,,0,0.16666666666666666,2.016330692930072e-11,,,low
148,11,Bin_1,1,11,2,1,1,1,3,1,3,Bin_1,11,7,Bin_1,1,1,1,Bin_1,2.0,Bin_3,8.0,2.0,,,,,,436.4627395,11,,,,0,0.16666666666666666,2.016330692930072e-11,,,low
149,11,Bin_1,1,11,2,1,1,1,4,2,2,Bin_1,11,4,Bin_3,1,1,1,Bin_1,9.0,Bin_3,,,,,,1.0,1.0,436.4627395,11,,,,0,0.16666666666666666,2.337327557850021e-11,,,low
150,11,Bin_1,1,11,3,1,1,1,1,1,1,Bin_5,11,3,Bin_3,1,1,1,Bin_1,9.0,Bin_3,7.0,2.0,,,,,,436.4627395,11,,,,0,0.16666666666666666,2.016330692930072e-11,,,low
151,11,Bin_1,1,11,3,1,1,1,2,1,3,Bin_5,11,3,Bin_2,1,1,1,Bin_1,9.0,Bin_4,1.0,1.0,5412.0,Bin_5,1.0,,,436.4627395,11,8.0,0.125,8.0,0,0.0,0.46127661534794473,,0.2595106461391779,low
152,11,Bin_1,1,11,3,1,1,1,3,1,3,Bin_1,11,4,Bin_2,1,1,1,Bin_1,9.0,Bin_4,1.0,1.0,3122.0,Bin_1,3.0,,,436.4627395,11,6.0,0.16666666666666666,6.0,0,0.0,7.296091558556e-11,,0.10000000002918435,low
153,11,Bin_1,1,11,3,1,1,1,4,1,3,Bin_1,11,11,Bin_2,1,1,1,Bin_1,9.0,Bin_3,1.0,1.0,7322.0,Bin_1,3.0,,,436.4627395,11,5.0,0.2,5.0,0,0.0,4.0963528991062e-11,,0.1200000000163854,low
154,11,Bin_1,1,11,3,1,1,1,5,2,2,Bin_1,11,3,Bin_4,1,1,1,Bin_1,9.0,Bin_3,,,,,,1.0,1.0,436.4627395,11,,,,0,0.16666666666666666,1.6827342745711738e-11,,,low
155,11,Bin_1,1,11,4,1,1,1,1,1,1,Bin_1,11,11,Bin_4,1,1,1,Bin_1,9.0,Bin_3,1.0,1.0,7116.0,Bin_3,3.0,,,436.4627395,11,13.0,0.07692307692307693,13.0,0,0.0,0.23775451225093572,,0.14125565105422044,low
156,11,Bin_1,1,11,4,1,1,1,2,1,2,Bin_5,11,9,Bin_3,1,1,1,Bin_1,9.0,Bin_3,1.0,1.0,5221.0,Bin_3,5.0,,,436.4627395,11,6.0,0.16666666666666666,6.0,0,0.0,8.283908055514776e-11,,0.10000000003313562,low
157,11,Bin_1,1,11,4,1,1,1,3,1,3,Bin_5,11,10,Bin_2,1,1,1,Bin_1,9.0,Bin_4,1.0,1.0,5211.0,Bin_3,6.0,,,436.4627395,11,8.0,0.125,8.0,0,0.0,1.821438878796227e-11,,0.07500000000728575,low
158,11,Bin_1,1,11,4,1,1,1,4,1,5,Bin_5,11,10,Bin_5,1,1,1,Bin_3,9.0,Bin_2,9.0,2.0,,,,,,436.4627395,11,,,,0,0.16666666666666666,1.346655734143283e-11,,,low
159,11,Bin_1,1,11,6,1,1,1,1,1,1,Bin_1,11,9,Bin_3,1,1,1,Bin_1,9.0,Bin_3,1.0,1.0,8323.0,Bin_3,5.0,,,436.4627395,11,23.0,0.043478260869565216,23.0,0,0.0,2.016330692930072e-11,,0.02608695652980445,low
160,11,Bin_1,1,11,6,1,1,1,2,1,2,Bin_5,11,11,Bin_2,1,1,1,Bin_1,9.0,Bin_3,7.0,2.0,,,,,,436.4627395,11,,,,0,0.16666666666666666,0.10526315791277768,,,low
161,11,Bin_1,1,11,6,1,1,1,3,1,3,Bin_5,11,2,Bin_1,1,1,1,Bin_1,2.0,Bin_3,,,,,,,,436.4627395,11,,,,0,0.16666666666666666,2.016330692930072e-11,,,low
162,11,Bin_1,1,11,7,1,1,1,1,1,1,Bin_1,11,12,Bin_2,1,1,1,Bin_1,9.0,Bin_4,1.0,1.0,3113.0,Bin_1,3.0,,,436.4627395,11,6.0,0.16666666666666666,6.0,0,0.0,7.296091558556e-11,,0.10000000002918435,low
163,11,Bin_1,1,11,7,1,1,1,2,1,2,Bin_5,11,7,Bin_2,1,1,1,Bin_1,9.0,Bin_4,7.0,2.0,,,,,,436.4627395,11,,,,0,0.16666666666666666,2.016330692930072e-11,,,low
164,11,Bin_1,1,11,7,1,1,1,3,1,3,Bin_5,11,4,Bin_1,1,1,1,Bin_1,,,,,,,,,,436.4627395,11,,,,0,0.3333333333333333,2.016330692930072e-11,,,low
165,11,Bin_1,1,11,9,1,1,1,1,1,1,Bin_1,11,2,Bin_4,1,1,1,Bin_1,9.0,Bin_2,9.0,2.0,,,,,,436.4627395,11,,,,0,0.16666666666666666,2.27025299019652e-11,,,low
166,11,Bin_1,1,11,9,1,1,1,2,1,2,Bin_5,11,11,Bin_4,1,1,1,Bin_1,9.0,Bin_2,7.0,2.0,,,,,,436.4627395,11,,,,0,0.16666666666666666,2.275793974370401e-11,,,low
167,11,Bin_1,1,11,9,1,1,1,3,1,3,Bin_1,11,3,Bin_2,1,1,1,Bin_1,9.0,Bin_3,1.0,1.0,7212.0,Bin_2,5.0,,,436.4627395,11,7.0,0.14285714285714285,7.0,0,0.0,2.016330692930072e-11,,0.08571428572235103,low
168,11,Bin_1,1,11,9,1,1,1,4,1,3,Bin_1,11,7,Bin_2,1,1,1,Bin_1,9.0,Bin_4,1.0,1.0,8189.0,Bin_1,3.0,,,436.4627395,11,6.0,0.16666666666666666,6.0,0,0.0,7.296091558556e-11,,0.10000000002918435,low
169,11,Bin_1,1,11,10,1,1,1,1,1,1,Bin_1,11,1,Bin_5,2,1,1,Bin_3,9.0,Bin_1,9.0,2.0,,,,,,436.4627395,11,,,,0,0.16666666666666666,9.614353317842082e-11,,,low
170,11,*,1,11,10,1,1,1,2,1,3,*,11,10,*,1,1,1,*,9.0,*,1.0,1.0,9111.0,*,3.0,,,436.4627395,11,198.0,0.005050505050505051,198.0,0,0.0,2.016330692930072e-11,,0.003030303038368353,low
171,11,Bin_1,1,11,10,1,1,1,3,1,5,Bin_1,11,2,Bin_2,1,1,1,Bin_1,9.0,Bin_4,1.0,1.0,7231.0,Bin_2,3.0,,,436.4627395,11,3.0,0.3333333333333333,3.0,0,0.0,3.454928674503317e-11,,0.2000000000138197,low
172,11,Bin_1,1,11,10,1,1,1,4,1,3,Bin_5,11,12,Bin_3,1,1,1,Bin_1,9.0,Bin_1,9.0,2.0,,,,,,436.4627395,11,,,,0,0.16666666666666666,0.6000836880104801,,,low
173,11,*,1,11,1,1,1,1,1,1,1,*,11,1,*,1,1,1,*,9.0,*,1.0,1.0,1349.0,*,2.0,,,223.5695291,11,198.0,0.005050505050505051,198.0,0,0.0,2.016330692930072e-11,,0.003030303038368353,low
174,11,*,1,11,1,1,1,1,2,1,2,*,11,10,*,1,1,1,*,9.0,*,1.0,1.0,4110.0,*,2.0,,,223.5695291,11,198.0,0.005050505050505051,198.0,0,0.0,2.016330692930072e-11,,0.003030303038368353,low
175,11,Bin_5,1,11,1,1,1,1,3,1,3,Bin_1,11,10,Bin_1,1,1,1,Bin_1,2.0,Bin_4,8.0,2.0,,,,,,223.5695291,11,,,,0,0.16666666666666666,2.8929896859804482e-12,,,low
176,11,Bin_5,1,11,1,1,1,1,4,1,3,Bin_1,11,4,Bin_1,1,1,1,Bin_1,2.0,Bin_2,,,,,,,,223.5695291,11,,,,0,0.16666666666666666,2.3545354853625007e-11,,,low
177,11,Bin_5,1,11,2,1,2,1,1,1,1,Bin_5,11,1,Bin_5,1,1,1,Bin_3,9.0,Bin_1,9.0,2.0,,,,,,223.5695291,11,,,,0,0.16666666666666666,6.384849739229168e-11,,,low
178,11,*,1,11,2,2,2,1,1,1,1,*,11,6,*,1,1,1,*,9.0,*,1.0,1.0,7214.0,*,3.0,,,223.5695291,11,198.0,0.005050505050505051,198.0,0,0.0,2.016330692930072e-11,,0.003030303038368353,low
179,11,Bin_5,1,11,2,2,2,1,2,1,2,Bin_5,11,1,Bin_2,1,1,1,Bin_1,9.0,Bin_3,7.0,2.0,,,,,,223.5695291,11,,,,0,0.16666666666666666,1.8943991931312947e-11,,,low
180,11,Bin_5,1,11,2,2,2,1,3,1,3,Bin_1,11,6,Bin_1,1,1,1,Bin_1,,,,,,,,,,223.5695291,11,,,,0,0.3333333333333333,5.783328789151695e-11,,,low
181,11,*,1,11,3,1,1,1,1,1,1,*,11,5,*,1,1,1,*,9.0,*,1.0,1.0,5243.0,*,3.0,,,223.5695291,11,198.0,0.005050505050505051,198.0,0,0.0,2.016330692930072e-11,,0.003030303038368353,low
182,11,Bin_5,1,11,3,1,1,1,2,1,3,Bin_1,11,7,Bin_2,1,1,1,Bin_1,4.0,Bin_4,8.0,2.0,,,,,,223.5695291,11,,,,0,0.16666666666666666,2.0997385717151236e-11,,,low
183,11,Bin_5,1,11,3,1,1,1,3,1,3,Bin_5,11,7,Bin_2,1,1,1,Bin_1,9.0,Bin_3,9.0,2.0,,,,,,223.5695291,11,,,,0,0.16666666666666666,1.8943991931312947e-11,,,low
184,11,Bin_5,1,11,3,1,1,1,4,2,2,Bin_5,11,9,Bin_3,1,1,1,Bin_1,9.0,Bin_4,,,,,,2.0,1.0,223.5695291,11,,,,0,0.16666666666666666,1.931838424068857e-11,,,low
185,11,Bin_5,1,11,4,1,1,1,1,1,1,Bin_1,11,5,Bin_4,1,1,1,Bin_1,9.0,Bin_3,5.0,2.0,,,,,,223.5695291,11,,,,0,0.16666666666666666,7.323960493841798e-11,,,low
186,11,Bin_5,1,11,4,1,1,1,2,1,2,Bin_5,11,12,Bin_4,1,1,1,Bin_1,9.0,Bin_3,7.0,2.0,,,,,,223.5695291,11,,,,0,0.16666666666666666,1.8915364001301663e-11,,,low
187,11,*,1,11,4,1,1,1,3,1,3,*,11,4,*,1,1,1,*,4.0,*,1.0,1.0,4110.0,*,2.0,,,223.5695291,11,198.0,0.005050505050505051,198.0,0,0.0,2.016330692930072e-11,,0.003030303038368353,low
188,11,*,1,11,4,1,1,1,4,1,3,*,11,8,*,1,1,1,*,4.0,*,1.0,1.0,4131.0,*,3.0,,,223.5695291,11,198.0,0.005050505050505051,198.0,0,0.0,2.016330692930072e-11,,0.003030303038368353,low
189,11,*,1,11,5,1,1,1,1,1,1,*,11,7,*,1,1,1,*,9.0,*,1.0,1.0,1213.0,*,2.0,,,223.5695291,11,198.0,0.005050505050505051,198.0,0,0.0,2.016330692930072e-11,,0.003030303038368353,low
190,11,*,1,11,5,1,1,1,2,1,2,*,11,5,*,1,1,1,*,9.0,*,1.0,1.0,3512.0,*,1.0,,,223.5695291,11,198.0,0.005050505050505051,198.0,0,0.0,2.016330692930072e-11,,0.003030303038368353,low
191,11,Bin_5,1,11,5,1,1,1,3,1,3,Bin_5,11,5,Bin_1,1,1,1,Bin_1,2.0,Bin_2,,,,,,,,223.5695291,11,,,,0,0.16666666666666666,2.489744622400259e-11,,,low
192,11,Bin_5,1,11,5,1,1,1,4,1,3,Bin_1,11,5,Bin_1,1,1,1,Bin_1,2.0,Bin_1,,,,,,,,223.5695291,11,,,,0,0.16666666666666666,6.528215704159434e-11,,,low
193,11,*,1,11,6,1,1,1,1,1,1,*,11,9,*,1,1,1,*,9.0,*,1.0,1.0,8322.0,*,5.0,,,223.5695291,11,198.0,0.005050505050505051,198.0,0,0.0,2.016330692930072e-11,,0.003030303038368353,low
194,11,Bin_5,1,11,6,1,1,1,2,1,2,Bin_5,11,1,Bin_3,1,1,1,Bin_1,9.0,Bin_3,7.0,2.0,,,,,,223.5695291,11,,,,0,0.16666666666666666,2.016330692930072e-11,,,low
195,11,Bin_5,1,11,6,1,1,1,3,1,4,Bin_5,11,6,Bin_4,1,1,1,Bin_3,9.0,Bin_2,7.0,2.0,,,,,,223.5695291,11,,,,0,0.16666666666666666,6.061453785110856e-11,,,low
196,11,Bin_5,1,11,6,1,1,1,4,1,3,Bin_1,11,7,Bin_1,1,1,1,Bin_1,2.0,Bin_3,8.0,2.0,,,,,,223.5695291,11,,,,0,0.16666666666666666,2.450919430875042e-11,,,low
197,11,Bin_5,1,11,6,1,1,1,5,1,3,Bin_5,11,4,Bin_1,1,1,1,Bin_1,2.0,Bin_2,,,,,,,,223.5695291,11,,,,0,0.16666666666666666,2.489744622400259e-11,,,low
198,11,Bin_5,1,11,7,1,1,1,1,1,1,Bin_1,11,6,Bin_2,1,2,2,Bin_1,9.0,Bin_2,1.0,1.0,9621.0,Bin_3,3.0,,,223.5695291,11,2.0,0.5,2.0,0,0.0,1.0645756662425245e-10,,0.30000000004258304,low
199,11,Bin_5,1,11,7,1,1,1,2,1,2,Bin_5,11,4,Bin_2,1,2,2,Bin_1,9.0,Bin_1,7.0,2.0,,,,,,223.5695291,11,,,,0,0.16666666666666666,7.001224803677963e-11,,,low
200,11,Bin_5,1,11,7,1,1,1,3,1,3,Bin_5,11,11,Bin_1,1,2,2,Bin_1,,,,,,,,,,223.5695291,11,,,,0,0.3333333333333333,8.427148901328881e-11,,,low
201,11,Bin_5,1,11,8,1,1,1,1,1,1,Bin_1,11,2,Bin_3,1,1,1,Bin_1,9.0,Bin_3,1.0,2.0,,,,,,223.5695291,11,,,,0,0.16666666666666666,2.8299458579052953e-11,,,low
202,11,Bin_5,1,11,8,1,1,1,2,1,2,Bin_5,11,10,Bin_3,1,1,1,Bin_1,9.0,Bin_3,7.0,2.0,,,,,,223.5695291,11,,,,0,0.16666666666666666,2.016330692930072e-11,,,low
203,11,*,1,11,8,1,1,1,3,1,3,*,11,6,*,1,1,1,*,9.0,*,1.0,1.0,9621.0,*,3.0,,,223.5695291,11,198.0,0.005050505050505051,198.0,0,0.0,2.016330692930072e-11,,0.003030303038368353,low
204,11,Bin_5,1,11,8,1,1,1,4,2,5,Bin_1,11,4,Bin_2,1,1,1,Bin_1,9.0,Bin_4,,,,,,2.0,1.0,223.5695291,11,,,,0,0.16666666666666666,2.0997385717151236e-11,,,low
205,11,Bin_5,1,11,9,1,1,1,1,1,1,Bin_5,11,6,Bin_4,1,1,1,Bin_3,9.0,Bin_1,7.0,2.0,,,,,,223.5695291,11,,,,0,0.16666666666666666,6.044698145015626e-11,,,low
206,11,*,1,11,10,1,1,1,1,1,1,*,11,3,*,1,1,1,*,9.0,*,1.0,1.0,7111.0,*,3.0,,,223.5695291,11,198.0,0.005050505050505051,198.0,0,0.0,2.016330692930072e-11,,0.003030303038368353,low
207,11,Bin_5,1,11,10,1,1,1,2,1,2,Bin_5,11,3,Bin_4,1,1,1,Bin_1,9.0,Bin_3,7.0,2.0,,,,,,223.5695291,11,,,,0,0.16666666666666666,1.8915364001301663e-11,,,low
208,11,*,1,11,10,1,1,1,3,1,3,*,11,1,*,1,1,1,*,9.0,*,1.0,1.0,4110.0,*,3.0,,,223.5695291,11,198.0,0.005050505050505051,198.0,0,0.0,2.016330692930072e-11,,0.003030303038368353,low
209,11,Bin_5,1,11,10,1,1,1,4,1,3,Bin_1,11,7,Bin_2,1,1,1,Bin_1,9.0,Bin_4,3.0,2.0,,,,,,223.5695291,11,,,,0,0.16666666666666666,2.0997385717151236e-11,,,low
210,11,*,1,11,1,1,1,1,1,1,1,*,11,6,*,1,1,1,*,9.0,*,1.0,1.0,5212.0,*,5.0,,,305.2323975,11,198.0,0.005050505050505051,198.0,0,0.0,2.016330692930072e-11,,0.003030303038368353,low
211,11,*,1,11,1,1,1,1,2,1,3,*,11,9,*,1,1,1,*,9.0,*,1.0,1.0,7125.0,*,3.0,,,305.2323975,11,198.0,0.005050505050505051,198.0,0,0.0,2.016330692930072e-11,,0.003030303038368353,low
212,11,Bin_5,1,11,1,1,1,1,3,1,5,Bin_5,11,1,Bin_2,1,1,1,Bin_1,9.0,Bin_3,7.0,2.0,,,,,,305.2323975,11,,,,0,0.16666666666666666,1.8943991931312947e-11,,,low
213,11,*,1,11,2,1,1,1,1,1,1,*,11,5,*,1,1,1,*,9.0,*,1.0,1.0,9112.0,*,3.0,,,305.2323975,11,198.0,0.005050505050505051,198.0,0,0.0,2.016330692930072e-11,,0.003030303038368353,low
214,11,Bin_5,1,11,2,1,1,1,2,1,2,Bin_5,11,7,Bin_3,1,1,1,Bin_1,9.0,Bin_4,7.0,2.0,,,,,,305.2323975,11,,,,0,0.16666666666666666,1.931838424068857e-11,,,low
215,11,Bin_5,1,11,2,1,1,1,3,1,3,Bin_1,11,3,Bin_1,1,1,1,Bin_1,2.0,Bin_3,8.0,2.0,,,,,,305.2323975,11,,,,0,0.16666666666666666,2.450919430875042e-11,,,low
216,11,Bin_5,1,11,2,1,1,1,4,1,3,Bin_1,11,9,Bin_1,1,1,1,Bin_1,2.0,Bin_2,,,,,,,,305.2323975,11,,,,0,0.16666666666666666,2.3545354853625007e-11,,,low
217,11,Bin_5,1,11,2,1,1,1,5,1,3,Bin_1,11,4,Bin_1,1,1,1,Bin_1,,,,,,,,,,305.2323975,11,,,,0,0.3333333333333333,5.783328789151695e-11,,,low
218,11,*,1,11,4,1,1,1,1,1,1,*,11,4,*,1,1,1,*,9.0,*,1.0,1.0,1420.0,*,4.0,,,305.2323975,11,198.0,0.005050505050505051,198.0,0,0.0,2.016330692930072e-11,,0.003030303038368353,low
219,11,Bin_5,1,11,4,1,1,1,2,1,2,Bin_5,11,8,Bin_4,1,1,1,Bin_1,9.0,Bin_3,7.0,2.0,,,,,,305.2323975,11,,,,0,0.16666666666666666,1.8915364001301663e-11,,,low
220,11,Bin_5,1,11,5,1,1,1,1,1,1,Bin_1,11,4,Bin_4,1,1,1,Bin_1,9.0,Bin_3,4.0,2.0,,,,,,305.2323975,11,,,,0,0.16666666666666666,7.323960493841798e-11,,,low
221,11,*,1,11,5,1,1,1,2,1,2,*,11,6,*,1,1,1,*,9.0,*,1.0,1.0,9111.0,*,3.0,,,305.2323975,11,198.0,0.005050505050505051,198.0,0,0.0,2.016330692930072e-11,,0.003030303038368353,low
222,11,Bin_5,1,11,6,1,1,1,1,1,1,Bin_1,11,11,Bin_4,1,1,1,Bin_1,9.0,Bin_4,4.0,2.0,,,,,,305.2323975,11,,,,0,0.16666666666666666,7.314219452944378e-11,,,low
223,11,Bin_5,1,11,6,1,1,1,2,1,2,Bin_5,11,10,Bin_4,1,1,1,Bin_1,9.0,Bin_3,7.0,2.0,,,,,,305.2323975,11,,,,0,0.16666666666666666,1.8915364001301663e-11,,,low
224,11,Bin_5,1,11,7,1,1,1,1,1,1,Bin_1,11,3,Bin_4,1,1,1,Bin_1,9.0,Bin_4,4.0,2.0,,,,,,305.2323975,11,,,,0,0.16666666666666666,7.314219452944378e-11,,,low
225,11,Bin_5,1,11,7,1,1,1,2,1,3,Bin_1,11,9,Bin_2,1,1,1,Bin_1,9.0,Bin_3,9.0,2.0,,,,,,305.2323975,11,,,,0,0.16666666666666666,0.0,,,low
226,11,Bin_5,1,11,7,1,1,1,3,1,3,Bin_1,11,7,Bin_2,1,1,1,Bin_1,4.0,Bin_4,8.0,2.0,,,,,,305.2323975,11,,,,0,0.16666666666666666,2.0997385717151236e-11,,,low
227,11,Bin_5,1,11,7,1,1,1,4,1,3,Bin_5,11,9,Bin_1,1,1,1,Bin_1,2.0,Bin_4,8.0,2.0,,,,,,305.2323975,11,,,,0,0.16666666666666666,3.5171457205594786e-11,,,low
228,11,Bin_5,1,11,7,1,1,1,5,1,2,Bin_5,11,1,Bin_4,1,1,1,Bin_1,9.0,Bin_4,7.0,2.0,,,,,,305.2323975,11,,,,0,0.16666666666666666,1.8017375985369485e-11,,,low
229,11,*,1,11,8,1,1,1,1,1,1,*,11,12,*,1,1,1,*,9.0,*,2.0,1.0,7512.0,*,5.0,,,305.2323975,11,198.0,0.005050505050505051,198.0,0,0.0,2.016330692930072e-11,,0.003030303038368353,low
230,11,Bin_5,1,11,8,1,1,1,2,1,2,Bin_5,11,1,Bin_2,1,1,1,Bin_1,9.0,Bin_3,7.0,2.0,,,,,,305.2323975,11,,,,0,0.16666666666666666,1.8943991931312947e-11,,,low
231,11,Bin_5,1,11,8,1,1,1,3,1,3,Bin_1,11,9,Bin_1,1,1,1,Bin_1,2.0,Bin_3,8.0,2.0,,,,,,305.2323975,11,,,,0,0.16666666666666666,2.450919430875042e-11,,,low
232,11,Bin_5,1,11,8,1,1,1,4,1,3,Bin_1,11,1,Bin_1,1,1,1,Bin_1,2.0,Bin_2,,,,,,,,305.2323975,11,,,,0,0.16666666666666666,2.3545354853625007e-11,,,low
233,11,*,1,11,9,1,1,1,1,1,1,*,11,11,*,1,1,1,*,9.0,*,1.0,1.0,1321.0,*,4.0,,,305.2323975,11,198.0,0.005050505050505051,198.0,0,0.0,2.016330692930072e-11,,0.003030303038368353,low
234,11,Bin_5,1,11,9,1,1,1,2,1,2,Bin_5,11,6,Bin_3,1,1,1,Bin_1,9.0,Bin_3,7.0,2.0,,,,,,305.2323975,11,,,,0,0.16666666666666666,2.016330692930072e-11,,,low
235,11,Bin_5,1,11,9,1,1,1,3,1,3,Bin_1,11,9,Bin_2,1,1,1,Bin_1,9.0,Bin_3,9.0,2.0,,,,,,305.2323975,11,,,,0,0.16666666666666666,0.0,,,low
236,11,Bin_5,1,11,9,1,1,1,4,1,3,Bin_5,11,8,Bin_1,1,1,1,Bin_1,2.0,Bin_4,8.0,2.0,,,,,,305.2323975,11,,,,0,0.16666666666666666,3.5171457205594786e-11,,,low
237,11,Bin_5,1,11,9,1,1,1,5,1,3,Bin_5,11,7,Bin_1,1,1,1,Bin_1,2.0,Bin_1,,,,,,,,305.2323975,11,,,,0,0.16666666666666666,4.85113509112517e-11,,,low
238,11,*,1,11,1,1,1,1,1,1,1,*,11,8,*,1,1,1,*,9.0,*,1.0,1.0,6111.0,*,5.0,,,293.2803651,11,198.0,0.005050505050505051,198.0,0,0.0,2.016330692930072e-11,,0.003030303038368353,low
239,11,Bin_5,1,11,1,1,1,1,2,1,2,Bin_5,11,1,Bin_3,1,1,1,Bin_1,9.0,Bin_3,7.0,2.0,,,,,,293.2803651,11,,,,0,0.16666666666666666,2.016330692930072e-11,,,low
240,11,Bin_5,1,11,1,1,1,1,3,1,3,Bin_5,11,9,Bin_1,1,1,1,Bin_1,2.0,Bin_3,8.0,2.0,,,,,,293.2803651,11,,,,0,0.16666666666666666,4.0062670646581005e-12,,,low
241,11,Bin_5,1,11,1,1,1,1,4,1,3,Bin_1,11,2,Bin_1,1,1,1,Bin_1,2.0,Bin_3,,,,,,,,293.2803651,11,,,,0,0.16666666666666666,2.450919430875042e-11,,,low
242,11,Bin_5,1,11,1,1,1,1,5,1,3,Bin_1,11,5,Bin_1,1,1,1,Bin_1,2.0,Bin_2,,,,,,,,293.2803651,11,,,,0,0.16666666666666666,2.3545354853625007e-11,,,low
243,11,Bin_5,1,11,2,1,1,1,1,1,1,Bin_1,11,10,Bin_4,1,1,1,Bin_1,9.0,Bin_4,4.0,2.0,,,,,,293.2803651,11,,,,0,0.16666666666666666,7.314219452944378e-11,,,low
244,11,Bin_5,1,11,2,1,1,1,2,1,2,Bin_5,11,5,Bin_4,1,1,1,Bin_1,9.0,Bin_4,4.0,2.0,,,,,,293.2803651,11,,,,0,0.16666666666666666,1.8017375985369485e-11,,,low
245,11,*,1,11,2,1,1,1,3,1,3,*,11,7,*,1,1,1,*,9.0,*,1.0,1.0,1349.0,*,3.0,,,293.2803651,11,198.0,0.005050505050505051,198.0,0,0.0,2.016330692930072e-11,,0.003030303038368353,low
246,11,Bin_5,1,11,2,1,1,1,4,1,6,Bin_5,11,2,Bin_3,2,2,1,Bin_1,9.0,Bin_1,7.0,2.0,,,,,,293.2803651,11,,,,0,0.16666666666666666,1.1542954547881798e-10,,,low
247,11,Bin_5,1,11,3,1,1,1,1,1,1,Bin_5,11,11,Bin_5,1,1,1,Bin_3,9.0,Bin_3,4.0,2.0,,,,,,293.2803651,11,,,,0,0.16666666666666666,6.151708364456122e-11,,,low
248,11,*,1,11,3,1,1,1,2,1,3,*,11,8,*,1,1,1,*,9.0,*,1.0,1.0,7231.0,*,5.0,,,293.2803651,11,198.0,0.005050505050505051,198.0,0,0.0,2.016330692930072e-11,,0.003030303038368353,low
249,11,Bin_5,1,11,3,1,1,1,3,1,5,Bin_5,11,2,Bin_2,1,1,1,Bin_1,9.0,Bin_4,7.0,2.0,,,,,,293.2803651,11,,,,0,0.16666666666666666,2.2282854273109737e-11,,,low
250,11,Bin_5,1,11,3,1,1,1,4,1,5,Bin_5,11,7,Bin_1,1,1,1,Bin_1,2.0,Bin_1,,,,,,,,293.2803651,11,,,,0,0.16666666666666666,4.85113509112517e-11,,,low
251,11,Bin_5,1,11,3,1,1,1,5,1,5,Bin_1,11,6,Bin_1,1,1,1,Bin_1,,,,,,,,,,293.2803651,11,,,,0,0.3333333333333333,5.783328789151695e-11,,,low
252,11,*,1,11,4,1,1,1,1,1,1,*,11,7,*,1,1,1,*,9.0,*,1.0,1.0,5221.0,*,5.0,,,293.2803651,11,198.0,0.005050505050505051,198.0,0,0.0,2.016330692930072e-11,,0.003030303038368353,low
253,11,Bin_5,1,11,4,1,1,1,2,1,2,Bin_5,11,5,Bin_4,1,1,1,Bin_1,9.0,Bin_4,7.0,2.0,,,,,,293.2803651,11,,,,0,0.16666666666666666,1.8017375985369485e-11,,,low
254,11,*,1,11,4,1,1,1,3,1,3,*,11,1,*,1,1,1,*,9.0,*,1.0,1.0,2151.0,*,3.0,,,293.2803651,11,198.0,0.005050505050505051,198.0,0,0.0,2.016330692930072e-11,,0.003030303038368353,low
255,11,*,1,11,4,1,1,1,4,1,3,*,11,11,*,1,1,1,*,9.0,*,1.0,1.0,7231.0,*,3.0,,,293.2803651,11,198.0,0.005050505050505051,198.0,0,0.0,2.016330692930072e-11,,0.003030303038368353,low
256,11,*,1,11,5,1,1,1,1,1,1,*,11,10,*,1,1,1,*,9.0,*,1.0,1.0,7116.0,*,3.0,,,293.2803651,11,198.0,0.005050505050505051,198.0,0,0.0,2.016330692930072e-11,,0.003030303038368353,low
257,11,*,1,11,5,1,1,1,2,1,2,*,11,8,*,1,1,1,*,9.0,*,1.0,1.0,7531.0,*,3.0,,,293.2803651,11,198.0,0.005050505050505051,198.0,0,0.0,2.016330692930072e-11,,0.003030303038368353,low
258,11,Bin_5,1,11,5,1,1,1,3,1,3,Bin_5,11,2,Bin_2,1,1,1,Bin_1,9.0,Bin_4,8.0,2.0,,,,,,293.2803651,11,,,,0,0.16666666666666666,2.2282854273109737e-11,,,low
259,11,Bin_5,1,11,5,1,1,1,4,1,3,Bin_5,11,4,Bin_1,1,1,1,Bin_1,2.0,Bin_2,,,,,,,,293.2803651,11,,,,0,0.16666666666666666,2.489744622400259e-11,,,low
260,11,*,1,11,6,1,1,1,1,1,1,*,11,7,*,1,1,1,*,9.0,*,1.0,1.0,7116.0,*,3.0,,,293.2803651,11,198.0,0.005050505050505051,198.0,0,0.0,2.016330692930072e-11,,0.003030303038368353,low
261,11,Bin_5,1,11,6,1,1,1,2,1,2,Bin_5,11,10,Bin_4,1,1,1,Bin_1,9.0,Bin_4,7.0,2.0,,,,,,293.2803651,11,,,,0,0.16666666666666666,1.8017375985369485e-11,,,low
262,11,Bin_5,1,11,6,1,1,1,3,1,3,Bin_5,11,8,Bin_2,1,1,1,Bin_1,9.0,Bin_3,7.0,2.0,,,,,,293.2803651,11,,,,0,0.16666666666666666,1.8943991931312947e-11,,,low
263,11,*,1,11,6,1,1,1,4,1,5,*,11,4,*,1,1,1,*,9.0,*,1.0,1.0,8156.0,*,3.0,,,293.2803651,11,198.0,0.005050505050505051,198.0,0,0.0,2.016330692930072e-11,,0.003030303038368353,low
264,11,Bin_5,1,11,6,1,1,1,5,1,5,Bin_1,11,11,Bin_1,1,1,1,Bin_1,,,,,,,,,,293.2803651,11,,,,0,0.3333333333333333,5.783328789151695e-11,,,low
265,11,*,1,11,7,1,1,1,1,1,1,*,11,11,*,1,1,1,*,9.0,*,1.0,1.0,8332.0,*,3.0,,,293.2803651,11,198.0,0.005050505050505051,198.0,0,0.0,2.016330692930072e-11,,0.003030303038368353,low
266,11,Bin_5,1,11,7,1,1,1,2,1,2,Bin_5,11,8,Bin_3,1,1,1,Bin_1,9.0,Bin_3,7.0,2.0,,,,,,293.2803651,11,,,,0,0.16666666666666666,2.016330692930072e-11,,,low
267,11,Bin_5,1,11,7,1,1,1,3,1,3,Bin_5,11,9,Bin_1,1,1,1,Bin_1,2.0,Bin_3,,,,,,,,293.2803651,11,,,,0,0.16666666666666666,4.0062670646581005e-12,,,low
268,11,Bin_5,1,11,7,1,1,1,4,1,3,Bin_1,11,5,Bin_1,1,1,1,Bin_1,2.0,Bin_2,,,,,,,,293.2803651,11,,,,0,0.16666666666666666,2.3545354853625007e-11,,,low
269,11,*,1,11,9,1,1,1,1,1,1,*,11,1,*,1,1,1,*,9.0,*,1.0,1.0,7531.0,*,3.0,,,293.2803651,11,198.0,0.005050505050505051,198.0,0,0.0,2.016330692930072e-11,,0.003030303038368353,low
270,11,*,1,11,9,1,1,1,2,1,2,*,11,10,*,1,1,1,*,9.0,*,1.0,1.0,8322.0,*,3.0,,,293.2803651,11,198.0,0.005050505050505051,198.0,0,0.0,2.016330692930072e-11,,0.003030303038368353,low
271,11,*,1,11,9,1,1,1,3,1,3,*,11,9,*,1,1,1,*,9.0,*,1.0,1.0,3122.0,*,3.0,,,293.2803651,11,198.0,0.005050505050505051,198.0,0,0.0,2.016330692930072e-11,,0.003030303038368353,low
272,11,Bin_5,1,11,9,1,1,1,4,1,5,Bin_5,11,1,Bin_2,1,1,1,Bin_1,9.0,Bin_4,7.0,2.0,,,,,,293.2803651,11,,,,0,0.16666666666666666,2.2282854273109737e-11,,,low
273,11,Bin_5,1,11,9,1,1,1,5,1,5,Bin_1,11,5,Bin_1,1,1,1,Bin_1,,,,,,,,,,293.2803651,11,,,,0,0.3333333333333333,5.783328789151695e-11,,,low
274,11,*,1,11,10,1,1,1,1,1,1,*,11,2,*,1,1,1,*,9.0,*,1.0,1.0,4321.0,*,3.0,,,293.2803651,11,198.0,0.005050505050505051,198.0,0,0.0,2.016330692930072e-11,,0.003030303038368353,low
275,11,Bin_5,1,11,10,1,1,1,2,1,2,Bin_5,11,1,Bin_2,1,1,1,Bin_1,9.0,Bin_4,7.0,2.0,,,,,,293.2803651,11,,,,0,0.16666666666666666,2.2282854273109737e-11,,,low
276,11,Bin_5,1,11,10,1,1,1,3,1,3,Bin_5,11,9,Bin_1,1,1,1,Bin_1,2.0,Bin_1,,,,,,,,293.2803651,11,,,,0,0.16666666666666666,4.85113509112517e-11,,,low
277,11,*,1,11,1,1,1,1,1,1,1,*,11,1,*,1,1,1,*,9.0,*,1.0,1.0,9122.0,*,3.0,,,285.6012832,11,198.0,0.005050505050505051,198.0,0,0.0,2.016330692930072e-11,,0.003030303038368353,low
278,11,*,1,11,4,1,1,1,1,1,1,*,11,10,*,1,1,1,*,9.0,*,1.0,1.0,9112.0,*,1.0,,,285.6012832,11,198.0,0.005050505050505051,198.0,0,0.0,2.016330692930072e-11,,0.003030303038368353,low
279,11,Bin_5,1,11,4,1,1,1,2,1,2,Bin_5,11,5,Bin_3,1,1,1,Bin_1,9.0,Bin_4,7.0,2.0,,,,,,285.6012832,11,,,,0,0.16666666666666666,1.931838424068857e-11,,,low
280,11,Bin_5,1,11,4,1,1,1,3,1,3,Bin_1,11,3,Bin_2,1,1,1,Bin_1,4.0,Bin_4,8.0,2.0,,,,,,285.6012832,11,,,,0,0.16666666666666666,2.0997385717151236e-11,,,low
281,11,Bin_5,1,11,4,1,1,1,4,1,3,Bin_5,11,8,Bin_1,1,1,1,Bin_1,2.0,Bin_3,,,,,,,,285.6012832,11,,,,0,0.16666666666666666,4.0062670646581005e-12,,,low
282,11,Bin_5,1,11,5,1,1,1,1,1,1,Bin_1,11,2,Bin_5,1,1,1,Bin_1,9.0,Bin_3,9.0,2.0,,,,,,285.6012832,11,,,,0,0.16666666666666666,8.6032140274158e-11,,,low
283,11,*,1,11,5,1,1,1,2,1,2,*,11,1,*,1,1,4,*,9.0,*,1.0,1.0,9112.0,*,3.0,,,285.6012832,11,198.0,0.005050505050505051,198.0,0,0.0,2.016330692930072e-11,,0.003030303038368353,low
284,11,Bin_5,1,11,5,1,1,1,3,1,3,Bin_5,11,2,Bin_3,1,1,1,Bin_1,9.0,Bin_4,9.0,2.0,,,,,,285.6012832,11,,,,0,0.16666666666666666,1.931838424068857e-11,,,low
285,11,*,1,11,5,1,1,1,4,1,5,*,11,3,*,1,1,1,*,9.0,*,1.0,1.0,5221.0,*,5.0,,,285.6012832,11,198.0,0.005050505050505051,198.0,0,0.0,2.016330692930072e-11,,0.003030303038368353,low
286,11,*,1,11,5,1,1,1,5,1,5,*,11,7,*,1,1,1,*,9.0,*,1.0,1.0,7319.0,*,3.0,,,285.6012832,11,198.0,0.005050505050505051,198.0,0,0.0,2.016330692930072e-11,,0.003030303038368353,low
287,11,*,1,11,6,1,1,1,1,1,1,*,11,4,*,1,1,1,*,9.0,*,1.0,1.0,9322.0,*,3.0,,,285.6012832,11,198.0,0.005050505050505051,198.0,0,0.0,2.016330692930072e-11,,0.003030303038368353,low
288,11,*,1,11,7,1,1,1,1,1,1,*,11,9,*,1,1,1,*,9.0,*,1.0,1.0,3322.0,*,3.0,,,285.6012832,11,198.0,0.005050505050505051,198.0,0,0.0,2.016330692930072e-11,,0.003030303038368353,low
289,11,Bin_5,1,11,7,1,1,1,2,1,2,Bin_5,11,6,Bin_3,1,1,1,Bin_1,9.0,Bin_4,7.0,2.0,,,,,,285.6012832,11,,,,0,0.16666666666666666,1.931838424068857e-11,,,low
290,11,Bin_5,1,11,7,1,1,1,3,2,3,Bin_5,11,12,Bin_2,1,1,1,Bin_1,3.0,Bin_4,,,,,,1.0,2.0,285.6012832,11,,,,0,0.16666666666666666,2.2282854273109737e-11,,,low
291,11,Bin_5,1,11,7,1,1,1,4,1,3,Bin_1,11,1,Bin_1,1,1,1,Bin_1,2.0,Bin_4,8.0,2.0,,,,,,285.6012832,11,,,,0,0.16666666666666666,2.8929896859804482e-12,,,low
292,11,Bin_5,1,11,7,1,1,1,5,1,4,Bin_5,11,1,Bin_5,1,1,1,Bin_3,9.0,Bin_3,4.0,2.0,,,,,,285.6012832,11,,,,0,0.16666666666666666,6.151708364456122e-11,,,low
293,11,Bin_5,1,11,9,1,1,1,1,1,1,Bin_1,11,2,Bin_4,1,1,1,Bin_1,9.0,Bin_3,9.0,2.0,,,,,,285.6012832,11,,,,0,0.16666666666666666,7.323960493841798e-11,,,low
294,11,Bin_5,1,11,9,1,1,1,2,1,2,Bin_5,11,6,Bin_4,1,1,1,Bin_1,9.0,Bin_3,9.0,2.0,,,,,,285.6012832,11,,,,0,0.16666666666666666,1.8915364001301663e-11,,,low
295,11,*,1,11,10,1,1,1,1,1,1,*,11,12,*,1,1,1,*,9.0,*,1.0,1.0,9112.0,*,3.0,,,285.6012832,11,198.0,0.005050505050505051,198.0,0,0.0,2.016330692930072e-11,,0.003030303038368353,low
296,11,Bin_5,1,11,10,1,1,1,2,2,4,Bin_1,11,10,Bin_5,1,1,1,Bin_3,9.0,Bin_3,,,,,,1.0,3.0,285.6012832,11,,,,0,0.16666666666666666,4.4466214553758046e-11,,,low
297,11,Bin_5,1,11,2,1,1,1,1,1,1,Bin_1,11,12,Bin_4,1,1,1,Bin_1,9.0,Bin_2,9.0,2.0,,,,,,281.9643816,11,,,,0,0.16666666666666666,7.993503538688207e-11,,,low
298,11,Bin_5,1,11,2,1,1,1,2,1,2,Bin_5,11,10,Bin_4,1,1,1,Bin_1,9.0,Bin_3,7.0,2.0,,,,,,281.9643816,11,,,,0,0.16666666666666666,1.8915364001301663e-11,,,low
299,11,*,1,11,2,1,1,1,3,1,3,*,11,10,*,1,1,1,*,9.0,*,1.0,1.0,9313.0,*,3.0,,,281.9643816,11,198.0,0.005050505050505051,198.0,0,0.0,2.016330692930072e-11,,0.003030303038368353,low
300,11,*,1,11,3,1,1,1,1,1,1,*,11,1,*,1,1,1,*,9.0,*,1.0,1.0,9213.0,*,2.0,,,281.9643816,11,198.0,0.005050505050505051,198.0,0,0.0,2.016330692930072e-11,,0.003030303038368353,low
301,11,*,1,11,4,1,1,1,1,1,1,*,11,6,*,1,1,1,*,9.0,*,1.0,1.0,6114.0,*,5.0,,,281.9643816,11,198.0,0.005050505050505051,198.0,0,0.0,2.016330692930072e-11,,0.003030303038368353,low
302,11,Bin_5,1,11,4,1,1,1,2,1,2,Bin_5,11,9,Bin_4,1,1,1,Bin_1,9.0,Bin_3,9.0,2.0,,,,,,281.9643816,11,,,,0,0.16666666666666666,1.8915364001301663e-11,,,low
303,11,*,1,11,4,1,1,1,3,1,3,*,11,4,*,1,1,1,*,9.0,*,1.0,1.0,9629.0,*,1.0,,,281.9643816,11,198.0,0.005050505050505051,198.0,0,0.0,2.016330692930072e-11,,0.003030303038368353,low
304,11,Bin_5,1,11,4,1,1,1,4,1,5,Bin_5,11,3,Bin_3,1,1,1,Bin_1,9.0,Bin_4,7.0,2.0,,,,,,281.9643816,11,,,,0,0.16666666666666666,1.931838424068857e-11,,,low
305,11,Bin_5,1,11,4,1,1,1,5,1,5,Bin_5,11,4,Bin_1,1,1,1,Bin_1,2.0,Bin_2,,,,,,,,281.9643816,11,,,,0,0.16666666666666666,2.489744622400259e-11,,,low
306,11,Bin_5,1,11,4,1,1,1,6,1,5,Bin_1,11,5,Bin_1,1,1,1,Bin_1,1.0,,,,,,,,,281.9643816,11,,,,0,0.3333333333333333,5.783328789151695e-11,,,low
307,11,Bin_5,1,11,5,1,1,1,1,1,1,Bin_5,11,2,Bin_3,1,1,1,Bin_1,9.0,Bin_3,7.0,2.0,,,,,,281.9643816,11,,,,0,0.16666666666666666,2.016330692930072e-11,,,low
308,11,Bin_5,1,11,5,1,1,1,2,1,2,Bin_1,11,7,Bin_2,1,1,1,Bin_1,9.0,Bin_2,1.0,1.0,7116.0,Bin_3,3.0,,,281.9643816,11,2.0,0.5,2.0,0,0.0,1.0645756662425245e-10,,0.30000000004258304,low
309,11,Bin_5,1,11,5,1,1,1,3,1,3,Bin_5,11,2,Bin_1,1,1,1,Bin_1,2.0,Bin_2,,,,,,,,281.9643816,11,,,,0,0.16666666666666666,2.489744622400259e-11,,,low
310,11,Bin_5,1,11,5,1,1,1,4,1,4,Bin_5,11,7,Bin_4,1,1,1,Bin_3,9.0,Bin_2,7.0,2.0,,,,,,281.9643816,11,,,,0,0.16666666666666666,6.061453785110856e-11,,,low
311,11,*,1,11,5,1,1,1,5,1,5,*,11,1,*,1,1,1,*,9.0,*,1.0,1.0,6222.0,*,3.0,,,281.9643816,11,198.0,0.005050505050505051,198.0,0,0.0,2.016330692930072e-11,,0.003030303038368353,low
312,11,*,1,11,7,1,1,1,1,1,1,*,11,12,*,1,1,1,*,9.0,*,1.0,1.0,9998.0,*,3.0,,,281.9643816,11,198.0,0.005050505050505051,198.0,0,0.0,2.016330692930072e-11,,0.003030303038368353,low
313,11,*,1,11,7,1,1,1,2,1,2,*,11,9,*,1,1,1,*,9.0,*,1.0,1.0,1420.0,*,5.0,,,281.9643816,11,198.0,0.005050505050505051,198.0,0,0.0,2.016330692930072e-11,,0.003030303038368353,low
314,11,*,1,11,7,1,1,1,3,1,3,*,11,8,*,1,1,1,*,9.0,*,1.0,1.0,8121.0,*,3.0,,,281.9643816,11,198.0,0.005050505050505051,198.0,0,0.0,2.016330692930072e-11,,0.003030303038368353,low
315,11,Bin_5,1,11,7,1,1,1,4,1,3,Bin_5,11,8,Bin_1,1,1,1,Bin_1,2.0,Bin_3,,,,,,,,281.9643816,11,,,,0,0.16666666666666666,4.0062670646581005e-12,,,low
316,11,Bin_5,1,11,8,1,1,1,1,1,1,Bin_5,11,12,Bin_3,1,1,1,Bin_1,9.0,Bin_4,4.0,2.0,,,,,,281.9643816,11,,,,0,0.16666666666666666,1.931838424068857e-11,,,low
317,11,Bin_5,1,11,8,1,1,1,2,1,3,Bin_1,11,4,Bin_1,1,1,1,Bin_1,2.0,Bin_2,,,,,,,,281.9643816,11,,,,0,0.16666666666666666,2.3545354853625007e-11,,,low
318,11,Bin_5,1,11,8,1,1,1,3,1,4,Bin_5,11,2,Bin_5,1,1,1,Bin_3,9.0,Bin_1,9.0,2.0,,,,,,281.9643816,11,,,,0,0.16666666666666666,6.384849739229168e-11,,,low
319,11,Bin_5,1,11,8,1,1,1,4,2,2,Bin_1,11,3,Bin_4,1,1,1,Bin_1,9.0,Bin_3,,,,,,2.0,1.0,281.9643816,11,,,,0,0.16666666666666666,7.323960493841798e-11,,,low
320,11,*,1,11,9,1,1,1,1,1,1,*,11,12,*,1,1,1,*,9.0,*,2.0,1.0,3114.0,*,2.0,,,281.9643816,11,198.0,0.005050505050505051,198.0,0,0.0,2.016330692930072e-11,,0.003030303038368353,low
321,11,Bin_5,1,11,9,1,1,1,2,1,2,Bin_5,11,1,Bin_3,1,1,1,Bin_1,9.0,Bin_3,7.0,2.0,,,,,,281.9643816,11,,,,0,0.16666666666666666,2.016330692930072e-11,,,low
322,11,Bin_5,1,11,9,1,1,1,3,1,3,Bin_1,11,5,Bin_1,1,1,1,Bin_1,2.0,Bin_3,,,,,,,,281.9643816,11,,,,0,0.16666666666666666,2.450919430875042e-11,,,low
323,11,Bin_5,1,11,9,1,1,1,4,1,3,Bin_5,11,7,Bin_1,1,1,1,Bin_1,2.0,Bin_2,,,,,,,,281.9643816,11,,,,0,0.16666666666666666,2.489744622400259e-11,,,low
324,11,Bin_5,1,11,9,1,1,1,5,1,4,Bin_5,11,4,Bin_4,1,1,1,Bin_3,9.0,Bin_2,9.0,2.0,,,,,,281.9643816,11,,,,0,0.16666666666666666,6.061453785110856e-11,,,low
325,11,*,1,11,10,1,1,1,1,1,1,*,11,10,*,1,1,1,*,9.0,*,1.0,1.0,6121.0,*,5.0,,,281.9643816,11,198.0,0.005050505050505051,198.0,0,0.0,2.016330692930072e-11,,0.003030303038368353,low
326,11,*,1,11,10,1,1,1,2,1,2,*,11,10,*,1,1,1,*,9.0,*,1.0,1.0,9215.0,*,6.0,,,281.9643816,11,198.0,0.005050505050505051,198.0,0,0.0,2.016330692930072e-11,,0.003030303038368353,low
327,11,Bin_5,1,11,10,1,1,1,3,1,3,Bin_5,11,5,Bin_1,1,1,1,Bin_1,,,,,,,,,,281.9643816,11,,,,0,0.3333333333333333,8.427148901328881e-11,,,low
328,11,*,1,11,1,1,1,1,1,1,1,*,11,7,*,1,1,1,*,9.0,*,1.0,1.0,1346.0,*,3.0,,,236.536206,11,198.0,0.005050505050505051,198.0,0,0.0,2.016330692930072e-11,,0.003030303038368353,low
329,11,*,1,11,1,1,1,1,2,1,2,*,11,1,*,1,1,1,*,9.0,*,1.0,1.0,4311.0,*,3.0,,,236.536206,11,198.0,0.005050505050505051,198.0,0,0.0,2.016330692930072e-11,,0.003030303038368353,low
330,11,*,1,11,2,1,1,1,1,1,1,*,11,5,*,1,1,1,*,9.0,*,1.0,1.0,1120.0,*,1.0,,,236.536206,11,198.0,0.005050505050505051,198.0,0,0.0,2.016330692930072e-11,,0.003030303038368353,low
331,11,Bin_1,1,11,2,1,1,1,2,1,2,Bin_5,11,5,Bin_3,1,1,1,Bin_1,9.0,Bin_4,1.0,1.0,2330.0,Bin_5,1.0,,,236.536206,11,8.0,0.125,8.0,0,0.0,2.016330692930072e-11,,0.07500000000806532,low
332,11,Bin_1,1,11,2,1,1,1,3,2,3,Bin_1,11,7,Bin_2,1,1,1,Bin_1,9.0,Bin_4,,,,,,2.0,2.0,236.536206,11,,,,0,0.16666666666666666,1.9880093564148657e-11,,,low
333,11,Bin_1,1,11,2,1,1,1,4,1,3,Bin_5,11,6,Bin_2,1,1,1,Bin_1,9.0,Bin_4,1.0,1.0,1346.0,Bin_4,3.0,,,236.536206,11,12.0,0.08333333333333333,12.0,0,0.0,2.1760009167715977e-11,,0.050000000008704,low
334,11,*,1,11,2,1,1,1,5,1,6,*,11,7,*,1,1,1,*,9.0,*,1.0,1.0,9111.0,*,3.0,,,236.536206,11,198.0,0.005050505050505051,198.0,0,0.0,2.016330692930072e-11,,0.003030303038368353,low
335,11,Bin_1,1,11,3,1,1,1,1,1,1,Bin_1,11,3,Bin_4,1,1,1,Bin_3,9.0,Bin_3,4.0,2.0,,,,,,236.536206,11,,,,0,0.16666666666666666,6.884581057612837e-11,,,low
336,11,Bin_1,1,11,3,1,1,1,2,1,5,Bin_5,11,11,Bin_4,1,1,1,Bin_1,9.0,Bin_3,7.0,2.0,,,,,,236.536206,11,,,,0,0.16666666666666666,2.016330692930072e-11,,,low
337,11,Bin_1,1,11,5,1,1,1,1,1,1,Bin_1,11,5,Bin_4,1,1,1,Bin_1,9.0,Bin_4,2.0,1.0,2330.0,Bin_5,3.0,,,236.536206,11,4.0,0.25,4.0,0,0.0,2.8162969437828473e-11,,0.15000000001126518,low
338,11,*,1,11,5,1,1,1,2,1,2,*,11,7,*,1,1,1,*,9.0,*,2.0,1.0,2310.0,*,1.0,,,236.536206,11,198.0,0.005050505050505051,198.0,0,0.0,2.016330692930072e-11,,0.003030303038368353,low
339,11,Bin_1,1,11,5,1,1,1,3,1,3,Bin_1,11,2,Bin_2,1,1,1,Bin_1,3.0,Bin_4,8.0,2.0,,,,,,236.536206,11,,,,0,0.16666666666666666,1.9880093564148657e-11,,,low
340,11,Bin_1,1,11,5,1,1,1,4,1,3,Bin_5,11,1,Bin_2,1,1,1,Bin_1,4.0,Bin_4,8.0,2.0,,,,,,236.536206,11,,,,0,0.16666666666666666,2.016330692930072e-11,,,low
341,11,Bin_1,1,11,6,1,1,1,1,1,1,Bin_5,11,10,Bin_4,1,1,4,Bin_3,9.0,Bin_3,7.0,2.0,,,,,,236.536206,11,,,,0,0.16666666666666666,1.9191918545842895e-11,,,low
342,11,Bin_1,1,11,6,1,1,1,2,1,3,Bin_1,11,8,Bin_2,1,1,4,Bin_1,9.0,Bin_4,1.0,1.0,5221.0,Bin_3,5.0,,,236.536206,11,8.0,0.125,8.0,0,0.0,2.8625922011643265e-11,,0.07500000001145037,low
343,11,Bin_1,1,11,7,1,1,1,1,1,1,Bin_1,11,3,Bin_5,1,1,1,Bin_1,9.0,Bin_3,9.0,2.0,,,,,,236.536206,11,,,,0,0.16666666666666666,4.5962270642046005e-11,,,low
344,11,Bin_1,1,11,7,1,1,1,2,1,2,Bin_5,11,11,Bin_5,1,1,1,Bin_1,9.0,Bin_2,9.0,2.0,,,,,,236.536206,11,,,,0,0.16666666666666666,5.829533175036823e-11,,,low
345,11,Bin_1,1,11,7,1,1,1,3,1,3,Bin_5,11,10,Bin_3,1,1,1,Bin_1,9.0,Bin_3,7.0,2.0,,,,,,236.536206,11,,,,0,0.16666666666666666,2.016330692930072e-11,,,low
346,11,Bin_1,1,11,7,1,1,1,4,1,3,Bin_5,11,10,Bin_3,1,1,1,Bin_1,9.0,Bin_4,1.0,1.0,2342.0,Bin_5,3.0,,,236.536206,11,8.0,0.125,8.0,0,0.0,2.016330692930072e-11,,0.07500000000806532,low
347,11,Bin_1,1,11,7,1,1,1,5,1,3,Bin_1,11,3,Bin_3,1,1,1,Bin_1,9.0,Bin_3,1.0,1.0,3441.0,Bin_4,5.0,,,236.536206,11,4.0,0.25,4.0,0,0.0,0.6032078816026466,,0.3912831526410586,low
348,11,Bin_1,1,11,7,1,1,1,6,1,5,Bin_5,11,7,Bin_2,1,1,1,Bin_1,9.0,Bin_4,7.0,2.0,,,,,,236.536206,11,,,,0,0.16666666666666666,2.016330692930072e-11,,,low
349,11,Bin_1,1,11,7,1,1,1,7,1,5,Bin_1,11,4,Bin_1,1,1,1,Bin_1,1.0,,,,,,,,,236.536206,11,,,,0,0.3333333333333333,0.22278597675880188,,,low
350,11,Bin_1,1,11,8,1,1,1,1,1,1,Bin_1,11,8,Bin_3,1,1,1,Bin_1,9.0,Bin_4,4.0,2.0,,,,,,236.536206,11,,,,0,0.16666666666666666,2.055079555980053e-11,,,low
351,11,Bin_1,1,11,8,1,1,1,2,1,2,Bin_5,11,5,Bin_3,1,1,1,Bin_1,9.0,Bin_4,7.0,2.0,,,,,,236.536206,11,,,,0,0.16666666666666666,2.016330692930072e-11,,,low
352,11,Bin_1,1,11,8,1,1,1,3,1,3,Bin_1,11,3,Bin_2,1,1,1,Bin_1,2.0,Bin_4,8.0,2.0,,,,,,236.536206,11,,,,0,0.16666666666666666,1.9880093564148657e-11,,,low
353,11,Bin_1,1,11,8,1,1,1,4,1,3,Bin_5,11,6,Bin_1,1,1,1,Bin_1,2.0,Bin_3,,,,,,,,236.536206,11,,,,0,0.16666666666666666,2.016330692930072e-11,,,low
354,11,*,1,11,9,1,1,1,1,1,1,*,11,10,*,1,1,1,*,9.0,*,1.0,1.0,8332.0,*,3.0,,,236.536206,11,198.0,0.005050505050505051,198.0,0,0.0,2.016330692930072e-11,,0.003030303038368353,low
355,11,Bin_1,1,11,9,1,1,1,2,1,3,Bin_1,11,10,Bin_3,1,1,1,Bin_1,9.0,Bin_3,1.0,1.0,8323.0,Bin_3,5.0,,,236.536206,11,23.0,0.043478260869565216,23.0,0,0.0,2.016330692930072e-11,,0.02608695652980445,low
356,11,*,1,11,9,1,1,1,3,1,5,*,11,4,*,1,1,1,*,9.0,*,1.0,1.0,1411.0,*,5.0,,,236.536206,11,198.0,0.005050505050505051,198.0,0,0.0,2.016330692930072e-11,,0.003030303038368353,low
357,11,Bin_1,1,11,9,1,1,1,4,1,5,Bin_5,11,10,Bin_1,1,1,1,Bin_1,2.0,Bin_3,,,,,,,,236.536206,11,,,,0,0.16666666666666666,2.016330692930072e-11,,,low
358,11,Bin_1,1,11,9,1,1,1,5,1,5,Bin_5,11,5,Bin_1,1,1,1,Bin_1,2.0,Bin_2,,,,,,,,236.536206,11,,,,0,0.16666666666666666,2.016330692930072e-11,,,low
359,11,Bin_1,1,11,9,1,1,1,6,1,5,Bin_1,11,11,Bin_1,1,1,1,Bin_1,1.0,,,,,,,,,236.536206,11,,,,0,0.3333333333333333,0.22278597675880188,,,low
360,11,Bin_1,1,11,10,1,1,1,1,1,1,Bin_1,11,9,Bin_4,1,1,1,Bin_1,9.0,Bin_3,1.0,1.0,5221.0,Bin_3,5.0,,,236.536206,11,13.0,0.07692307692307693,13.0,0,0.0,0.23775451225093572,,0.14125565105422044,low
361,11,*,1,11,10,1,1,1,2,1,2,*,11,12,*,1,1,1,*,9.0,*,1.0,1.0,5211.0,*,5.0,,,236.536206,11,198.0,0.005050505050505051,198.0,0,0.0,2.016330692930072e-11,,0.003030303038368353,low
362,11,*,1,11,10,1,1,1,3,1,3,*,11,2,*,1,1,1,*,9.0,*,1.0,1.0,4110.0,*,2.0,,,236.536206,11,198.0,0.005050505050505051,198.0,0,0.0,2.016330692930072e-11,,0.003030303038368353,low
363,11,Bin_1,1,11,1,1,1,1,1,1,1,Bin_1,11,9,Bin_4,1,1,1,Bin_1,9.0,Bin_4,2.0,1.0,2643.0,Bin_3,5.0,,,244.2228303,11,4.0,0.25,4.0,0,0.0,2.4649395852692814e-11,,0.15000000000985975,low
364,11,Bin_1,1,11,1,1,1,1,2,1,2,Bin_5,11,4,Bin_3,1,1,1,Bin_1,9.0,Bin_4,5.0,2.0,,,,,,244.2228303,11,,,,0,0.16666666666666666,2.016330692930072e-11,,,low
365,11,Bin_1,1,11,1,1,1,1,3,1,3,Bin_1,11,6,Bin_2,1,1,1,Bin_1,9.0,Bin_4,1.0,1.0,3341.0,Bin_4,3.0,,,244.2228303,11,8.0,0.125,8.0,0,0.0,5.1709034650113245e-11,,0.0750000000206836,low
366,11,Bin_1,1,11,2,1,1,1,1,1,1,Bin_1,11,12,Bin_3,1,1,1,Bin_1,9.0,Bin_3,9.0,2.0,,,,,,244.2228303,11,,,,0,0.16666666666666666,2.337327557850021e-11,,,low
367,11,*,1,11,2,1,1,1,2,1,2,*,11,8,*,1,1,1,*,9.0,*,1.0,1.0,7531.0,*,3.0,,,244.2228303,11,198.0,0.005050505050505051,198.0,0,0.0,2.016330692930072e-11,,0.003030303038368353,low
368,11,Bin_1,1,11,2,1,1,1,3,1,3,Bin_1,11,5,Bin_2,1,1,1,Bin_1,9.0,Bin_3,1.0,1.0,7214.0,Bin_2,3.0,,,244.2228303,11,7.0,0.14285714285714285,7.0,0,0.0,2.016330692930072e-11,,0.08571428572235103,low
369,11,*,1,11,2,1,1,1,4,1,3,*,11,6,*,1,1,1,*,9.0,*,1.0,1.0,4311.0,*,3.0,,,244.2228303,11,198.0,0.005050505050505051,198.0,0,0.0,2.016330692930072e-11,,0.003030303038368353,low
370,11,Bin_1,1,11,3,1,1,1,1,1,1,Bin_1,11,10,Bin_4,1,1,1,Bin_1,9.0,Bin_4,4.0,2.0,,,,,,244.2228303,11,,,,0,0.16666666666666666,1.7528074163844148e-11,,,low
371,11,Bin_1,1,11,3,1,1,1,2,1,2,Bin_5,11,8,Bin_4,1,1,1,Bin_1,9.0,Bin_4,4.0,2.0,,,,,,244.2228303,11,,,,0,0.16666666666666666,2.016330692930072e-11,,,low
372,11,Bin_1,1,11,3,1,1,1,3,2,5,Bin_1,11,6,Bin_3,1,1,1,Bin_1,9.0,Bin_4,,,,,,2.0,1.0,244.2228303,11,,,,0,0.16666666666666666,2.055079555980053e-11,,,low
373,11,Bin_1,1,11,3,1,1,1,4,1,3,Bin_5,11,4,Bin_3,1,1,1,Bin_1,9.0,Bin_4,1.0,1.0,2342.0,Bin_5,3.0,,,244.2228303,11,8.0,0.125,8.0,0,0.0,2.016330692930072e-11,,0.07500000000806532,low
374,11,Bin_1,1,11,3,1,1,1,5,1,5,Bin_5,11,1,Bin_1,1,1,1,Bin_1,2.0,Bin_1,,,,,,,,244.2228303,11,,,,0,0.16666666666666666,0.31578947369800636,,,low
375,11,Bin_1,1,11,5,1,1,1,1,1,1,Bin_1,11,5,Bin_3,1,1,1,Bin_1,9.0,Bin_3,1.0,1.0,5321.0,Bin_2,3.0,,,244.2228303,11,5.0,0.2,5.0,0,0.0,0.5677250650389711,,0.34709002601558847,low
376,11,Bin_1,1,11,5,1,1,1,2,1,2,Bin_5,11,4,Bin_3,1,1,1,Bin_1,9.0,Bin_3,7.0,2.0,,,,,,244.2228303,11,,,,0,0.16666666666666666,2.016330692930072e-11,,,low
377,11,Bin_1,1,11,5,1,1,1,3,2,3,Bin_1,11,9,Bin_2,1,1,1,Bin_1,3.0,Bin_4,,,,,,1.0,2.0,244.2228303,11,,,,0,0.16666666666666666,1.9880093564148657e-11,,,low
378,11,Bin_1,1,11,5,1,1,1,4,1,3,Bin_1,11,4,Bin_1,1,1,1,Bin_1,6.0,Bin_3,8.0,2.0,,,,,,244.2228303,11,,,,0,0.16666666666666666,2.016330692930072e-11,,,low
379,11,Bin_1,1,11,5,1,1,1,5,1,5,Bin_1,11,8,Bin_2,1,1,1,Bin_1,9.0,Bin_3,1.0,1.0,1321.0,Bin_2,3.0,,,244.2228303,11,7.0,0.14285714285714285,7.0,0,0.0,2.016330692930072e-11,,0.08571428572235103,low
380,11,Bin_1,1,11,6,1,1,1,1,1,1,Bin_5,11,11,Bin_5,1,1,1,Bin_3,9.0,Bin_3,9.0,2.0,,,,,,244.2228303,11,,,,0,0.16666666666666666,1.9517070794609742e-11,,,low
381,11,Bin_1,1,11,6,1,1,1,2,1,3,Bin_5,11,3,Bin_3,1,1,1,Bin_1,9.0,Bin_3,7.0,2.0,,,,,,244.2228303,11,,,,0,0.16666666666666666,2.016330692930072e-11,,,low
382,11,Bin_1,1,11,6,1,1,1,3,1,5,Bin_1,11,7,Bin_3,1,1,1,Bin_1,9.0,Bin_3,1.0,1.0,1221.0,Bin_1,3.0,,,244.2228303,11,11.0,0.09090909090909091,11.0,0,0.0,4.31002944004418e-11,,0.05454545456269466,low
383,11,*,1,11,7,1,1,1,1,1,1,*,11,3,*,1,1,1,*,9.0,*,1.0,1.0,5212.0,*,5.0,,,244.2228303,11,198.0,0.005050505050505051,198.0,0,0.0,2.016330692930072e-11,,0.003030303038368353,low
384,11,Bin_1,1,11,7,1,1,1,2,1,3,Bin_1,11,3,Bin_2,1,1,1,Bin_1,9.0,Bin_3,1.0,1.0,5211.0,Bin_1,3.0,,,244.2228303,11,5.0,0.2,5.0,0,0.0,4.0963528991062e-11,,0.1200000000163854,low
385,11,Bin_1,1,11,7,1,1,1,3,1,3,Bin_1,11,9,Bin_2,1,1,1,Bin_1,9.0,Bin_3,1.0,1.0,7412.0,Bin_3,5.0,,,244.2228303,11,16.0,0.0625,16.0,0,0.0,2.016330692930072e-11,,0.037500000008065325,low
386,11,Bin_1,1,11,7,1,1,1,4,1,5,Bin_5,11,8,Bin_2,1,1,1,Bin_1,9.0,Bin_4,1.0,1.0,5211.0,Bin_3,3.0,,,244.2228303,11,8.0,0.125,8.0,0,0.0,1.821438878796227e-11,,0.07500000000728575,low
387,11,Bin_1,1,11,9,1,1,1,1,1,1,Bin_1,11,3,Bin_3,1,1,1,Bin_1,9.0,Bin_4,1.0,1.0,3324.0,Bin_3,5.0,,,244.2228303,11,13.0,0.07692307692307693,13.0,0,0.0,0.4210526315906208,,0.21457489879009448,low
388,11,Bin_1,1,11,9,1,1,1,2,1,2,Bin_5,11,9,Bin_2,1,1,1,Bin_1,9.0,Bin_4,7.0,2.0,,,,,,244.2228303,11,,,,0,0.16666666666666666,2.016330692930072e-11,,,low
389,11,Bin_1,1,11,9,1,1,1,3,1,3,Bin_5,11,11,Bin_1,1,1,1,Bin_1,2.0,Bin_3,8.0,2.0,,,,,,244.2228303,11,,,,0,0.16666666666666666,2.016330692930072e-11,,,low
390,11,Bin_1,1,11,9,1,1,1,4,1,3,Bin_5,11,2,Bin_1,1,1,1,Bin_1,2.0,Bin_2,,,,,,,,244.2228303,11,,,,0,0.16666666666666666,2.016330692930072e-11,,,low
391,11,Bin_1,1,11,10,1,1,1,1,1,1,Bin_1,11,12,Bin_4,1,1,1,Bin_1,9.0,Bin_4,4.0,2.0,,,,,,244.2228303,11,,,,0,0.16666666666666666,1.7528074163844148e-11,,,low
392,11,Bin_1,1,11,10,1,1,1,2,1,2,Bin_5,11,4,Bin_4,1,1,4,Bin_1,9.0,Bin_4,7.0,2.0,,,,,,244.2228303,11,,,,0,0.16666666666666666,2.016330692930072e-11,,,low
393,11,Bin_1,1,11,10,1,1,1,3,1,3,Bin_1,11,12,Bin_2,1,1,1,Bin_1,9.0,Bin_3,1.0,1.0,5121.0,Bin_3,2.0,,,244.2228303,11,16.0,0.0625,16.0,0,0.0,2.016330692930072e-11,,0.037500000008065325,low
394,11,Bin_1,1,11,10,1,1,1,4,1,5,Bin_5,11,7,Bin_4,1,1,4,Bin_4,9.0,Bin_4,7.0,2.0,,,,,,244.2228303,11,,,,0,0.16666666666666666,1.6905504329720253e-10,,,low
395,11,*,1,11,1,1,1,1,1,1,1,*,11,4,*,1,1,1,*,9.0,*,1.0,1.0,1346.0,*,3.0,,,495.0953281,11,198.0,0.005050505050505051,198.0,0,0.0,2.016330692930072e-11,,0.003030303038368353,low
396,11,Bin_1,1,11,1,1,1,1,2,1,2,Bin_5,11,4,Bin_3,1,1,4,Bin_1,9.0,Bin_5,7.0,2.0,,,,,,495.0953281,11,,,,0,0.16666666666666666,9.89820637205722e-11,,,low
397,11,Bin_1,1,11,1,1,1,1,3,1,3,Bin_1,11,7,Bin_1,1,1,1,Bin_1,2.0,Bin_2,,,,,,,,495.0953281,11,,,,0,0.16666666666666666,2.016330692930072e-11,,,low
398,11,Bin_1,1,11,1,1,1,1,4,1,3,Bin_1,11,4,Bin_1,1,1,1,Bin_1,2.0,Bin_2,,,,,,,,495.0953281,11,,,,0,0.16666666666666666,2.016330692930072e-11,,,low
399,11,Bin_1,1,11,2,1,1,1,1,1,1,Bin_1,11,3,Bin_4,1,1,1,Bin_1,9.0,Bin_2,9.0,2.0,,,,,,495.0953281,11,,,,0,0.16666666666666666,2.27025299019652e-11,,,low
400,11,Bin_1,1,11,2,1,1,1,2,1,2,Bin_5,11,1,Bin_4,1,1,1,Bin_1,9.0,Bin_2,9.0,2.0,,,,,,495.0953281,11,,,,0,0.16666666666666666,2.275793974370401e-11,,,low
401,11,Bin_1,1,11,2,1,1,1,3,1,3,Bin_1,11,10,Bin_2,1,1,1,Bin_1,9.0,Bin_3,1.0,1.0,8121.0,Bin_1,3.0,,,495.0953281,11,5.0,0.2,5.0,0,0.0,4.0963528991062e-11,,0.1200000000163854,low
402,11,Bin_1,1,11,2,1,1,1,4,1,5,Bin_5,11,8,Bin_2,1,1,1,Bin_1,9.0,Bin_4,7.0,2.0,,,,,,495.0953281,11,,,,0,0.16666666666666666,2.016330692930072e-11,,,low
403,11,Bin_1,1,11,4,1,1,1,1,1,1,Bin_1,11,5,Bin_4,1,2,2,Bin_1,9.0,Bin_4,5.0,2.0,,,,,,495.0953281,11,,,,0,0.16666666666666666,1.7528074163844148e-11,,,low
404,11,Bin_1,1,11,4,1,1,1,2,1,2,Bin_5,11,6,Bin_4,1,2,2,Bin_1,9.0,Bin_4,5.0,2.0,,,,,,495.0953281,11,,,,0,0.16666666666666666,2.016330692930072e-11,,,low
405,11,Bin_1,1,11,4,1,1,1,3,1,5,Bin_5,11,12,Bin_5,1,2,2,Bin_3,9.0,Bin_3,9.0,2.0,,,,,,495.0953281,11,,,,0,0.16666666666666666,1.9517070794609742e-11,,,low
406,11,*,1,11,4,1,1,1,4,1,6,*,11,6,*,1,2,2,*,9.0,*,1.0,1.0,9111.0,*,3.0,,,495.0953281,11,198.0,0.005050505050505051,198.0,0,0.0,2.016330692930072e-11,,0.003030303038368353,low
407,11,*,1,11,6,1,1,1,1,1,1,*,11,9,*,1,1,1,*,9.0,*,1.0,1.0,3115.0,*,2.0,,,495.0953281,11,198.0,0.005050505050505051,198.0,0,0.0,2.016330692930072e-11,,0.003030303038368353,low
408,11,Bin_1,1,11,6,1,1,1,2,1,2,Bin_5,11,1,Bin_3,1,1,1,Bin_1,9.0,Bin_4,1.0,1.0,1322.0,Bin_5,1.0,,,495.0953281,11,8.0,0.125,8.0,0,0.0,2.016330692930072e-11,,0.07500000000806532,low
409,11,Bin_1,1,11,6,1,1,1,3,1,3,Bin_5,11,6,Bin_1,1,1,1,Bin_1,2.0,Bin_1,,,,,,,,495.0953281,11,,,,0,0.16666666666666666,0.31578947369800636,,,low
410,11,Bin_1,1,11,6,1,1,1,4,1,5,Bin_1,11,1,Bin_4,1,1,1,Bin_1,9.0,Bin_3,9.0,2.0,,,,,,495.0953281,11,,,,0,0.16666666666666666,1.6827342745711738e-11,,,low
411,11,Bin_1,1,11,6,1,1,1,5,1,5,Bin_5,11,12,Bin_4,1,1,1,Bin_1,9.0,Bin_3,9.0,2.0,,,,,,495.0953281,11,,,,0,0.16666666666666666,2.016330692930072e-11,,,low
412,11,*,1,11,7,1,1,1,1,1,1,*,11,4,*,1,1,4,*,9.0,*,1.0,1.0,2330.0,*,5.0,,,495.0953281,11,198.0,0.005050505050505051,198.0,0,0.0,2.016330692930072e-11,,0.003030303038368353,low
413,11,Bin_1,1,11,7,1,1,1,2,1,2,Bin_5,11,1,Bin_2,1,1,1,Bin_1,9.0,Bin_4,7.0,2.0,,,,,,495.0953281,11,,,,0,0.16666666666666666,2.016330692930072e-11,,,low
414,11,Bin_1,1,11,8,1,1,1,1,1,1,Bin_5,11,3,Bin_4,1,1,1,Bin_1,9.0,Bin_4,4.0,2.0,,,,,,495.0953281,11,,,,0,0.16666666666666666,2.016330692930072e-11,,,low
415,11,Bin_1,1,11,9,1,1,1,1,1,1,Bin_1,11,4,Bin_3,1,1,1,Bin_1,9.0,Bin_4,1.0,1.0,1211.0,Bin_3,3.0,,,495.0953281,11,13.0,0.07692307692307693,13.0,0,0.0,0.4210526315906208,,0.21457489879009448,low
416,11,Bin_1,1,11,9,1,1,1,2,1,2,Bin_5,11,12,Bin_2,1,1,1,Bin_1,9.0,Bin_4,1.0,1.0,1211.0,Bin_4,3.0,,,495.0953281,11,12.0,0.08333333333333333,12.0,0,0.0,2.1760009167715977e-11,,0.050000000008704,low
417,11,Bin_1,1,11,9,1,1,1,3,1,3,Bin_5,11,12,Bin_1,1,1,1,Bin_1,2.0,Bin_2,,,,,,,,495.0953281,11,,,,0,0.16666666666666666,2.016330692930072e-11,,,low
418,11,Bin_1,1,11,9,1,1,1,4,1,3,Bin_5,11,6,Bin_1,1,1,1,Bin_1,2.0,Bin_1,,,,,,,,495.0953281,11,,,,0,0.16666666666666666,0.31578947369800636,,,low
419,11,*,1,11,10,1,1,1,1,1,1,*,11,9,*,1,1,1,*,9.0,*,1.0,1.0,9111.0,*,3.0,,,495.0953281,11,198.0,0.005050505050505051,198.0,0,0.0,2.016330692930072e-11,,0.003030303038368353,low
420,11,Bin_1,1,11,1,1,1,1,1,1,1,Bin_1,11,2,Bin_3,1,1,1,Bin_1,9.0,Bin_3,1.0,1.0,1420.0,Bin_3,1.0,,,553.9297573,11,23.0,0.043478260869565216,23.0,0,0.0,2.016330692930072e-11,,0.02608695652980445,low
421,11,Bin_1,1,11,1,1,1,1,2,1,2,Bin_5,11,7,Bin_3,1,1,1,Bin_1,9.0,Bin_3,1.0,1.0,3122.0,Bin_3,1.0,,,553.9297573,11,6.0,0.16666666666666666,6.0,0,0.0,8.283908055514776e-11,,0.10000000003313562,low
422,11,Bin_1,1,11,1,1,1,1,3,1,3,Bin_1,11,7,Bin_1,1,1,1,Bin_1,2.0,Bin_2,,,,,,,,553.9297573,11,,,,0,0.16666666666666666,2.016330692930072e-11,,,low
423,11,Bin_1,1,11,1,1,1,1,4,1,3,Bin_5,11,6,Bin_1,1,1,1,Bin_1,2.0,Bin_2,,,,,,,,553.9297573,11,,,,0,0.16666666666666666,2.016330692930072e-11,,,low
424,11,Bin_1,1,11,1,1,1,1,5,1,3,Bin_1,11,5,Bin_1,1,1,1,Bin_1,,,,,,,,,,553.9297573,11,,,,0,0.3333333333333333,0.22278597675880188,,,low
425,11,*,1,11,3,1,1,1,1,1,1,*,11,11,*,1,4,3,*,9.0,*,1.0,1.0,3322.0,*,2.0,,,553.9297573,11,198.0,0.005050505050505051,198.0,0,0.0,2.016330692930072e-11,,0.003030303038368353,low
426,11,Bin_1,1,11,3,1,1,1,2,1,2,Bin_5,11,11,Bin_3,1,4,3,Bin_1,9.0,Bin_3,7.0,2.0,,,,,,553.9297573,11,,,,0,0.16666666666666666,2.016330692930072e-11,,,low
427,11,Bin_1,1,11,3,1,1,1,3,1,3,Bin_1,11,11,Bin_2,1,4,3,Bin_1,9.0,Bin_3,1.0,1.0,3322.0,Bin_3,2.0,,,553.9297573,11,16.0,0.0625,16.0,0,0.0,2.016330692930072e-11,,0.037500000008065325,low
428,11,Bin_1,1,11,3,1,1,1,4,1,3,Bin_5,11,10,Bin_2,1,4,3,Bin_1,9.0,Bin_3,7.0,2.0,,,,,,553.9297573,11,,,,0,0.16666666666666666,0.10526315791277768,,,low
429,11,Bin_1,1,11,3,1,1,1,5,1,3,Bin_1,11,8,Bin_2,1,4,3,Bin_1,9.0,Bin_3,1.0,1.0,3322.0,Bin_3,2.0,,,553.9297573,11,16.0,0.0625,16.0,0,0.0,2.016330692930072e-11,,0.037500000008065325,low
430,11,Bin_1,1,11,3,1,1,1,6,1,3,Bin_5,11,12,Bin_2,1,4,3,Bin_1,9.0,Bin_3,7.0,2.0,,,,,,553.9297573,11,,,,0,0.16666666666666666,0.10526315791277768,,,low
431,11,Bin_1,1,11,3,1,1,1,7,1,3,Bin_1,11,4,Bin_1,1,4,3,Bin_1,9.0,Bin_3,8.0,2.0,,,,,,553.9297573,11,,,,0,0.16666666666666666,2.016330692930072e-11,,,low
432,11,Bin_1,1,11,3,1,1,1,8,1,3,Bin_5,11,8,Bin_1,1,4,3,Bin_1,1.0,,,,,,,,,553.9297573,11,,,,0,0.3333333333333333,2.016330692930072e-11,,,low
433,11,Bin_1,1,11,3,1,1,1,9,1,3,Bin_1,11,12,Bin_1,1,4,3,Bin_1,,,,,,,,,,553.9297573,11,,,,0,0.3333333333333333,0.22278597675880188,,,low
434,11,Bin_1,1,11,5,1,1,1,1,1,1,Bin_1,11,2,Bin_3,1,2,4,Bin_1,9.0,Bin_3,1.0,1.0,5121.0,Bin_3,2.0,,,553.9297573,11,23.0,0.043478260869565216,23.0,0,0.0,2.016330692930072e-11,,0.02608695652980445,low
435,11,Bin_1,1,11,5,1,1,1,2,1,2,Bin_5,11,3,Bin_3,1,2,4,Bin_1,9.0,Bin_3,7.0,2.0,,,,,,553.9297573,11,,,,0,0.16666666666666666,2.016330692930072e-11,,,low
436,11,Bin_1,1,11,5,1,1,1,3,1,3,Bin_1,11,10,Bin_1,1,2,4,Bin_1,2.0,Bin_3,,,,,,,,553.9297573,11,,,,0,0.16666666666666666,2.016330692930072e-11,,,low
437,11,Bin_1,1,11,6,1,1,1,1,1,1,Bin_1,11,7,Bin_4,1,2,4,Bin_1,9.0,Bin_3,6.0,2.0,,,,,,553.9297573,11,,,,0,0.16666666666666666,1.6827342745711738e-11,,,low
438,11,Bin_1,1,11,6,1,1,1,2,1,2,Bin_5,11,10,Bin_4,1,2,4,Bin_1,9.0,Bin_2,7.0,2.0,,,,,,553.9297573,11,,,,0,0.16666666666666666,2.275793974370401e-11,,,low
439,11,Bin_1,1,11,6,1,1,1,3,1,5,Bin_5,11,3,Bin_4,1,2,4,Bin_1,9.0,Bin_2,7.0,2.0,,,,,,553.9297573,11,,,,0,0.16666666666666666,2.275793974370401e-11,,,low
440,11,*,1,11,6,1,1,1,4,1,3,*,11,1,*,1,2,4,*,9.0,*,1.0,1.0,9211.0,*,2.0,,,553.9297573,11,198.0,0.005050505050505051,198.0,0,0.0,2.016330692930072e-11,,0.003030303038368353,low
441,11,*,1,11,6,1,1,1,5,1,5,*,11,7,*,1,2,4,*,9.0,*,1.0,1.0,9211.0,*,2.0,,,553.9297573,11,198.0,0.005050505050505051,198.0,0,0.0,2.016330692930072e-11,,0.003030303038368353,low
442,11,Bin_1,1,11,6,1,1,1,6,1,5,Bin_5,11,3,Bin_1,1,2,4,Bin_1,,,,,,,,,,553.9297573,11,,,,0,0.3333333333333333,2.016330692930072e-11,,,low
443,11,Bin_1,1,11,7,1,1,1,1,1,1,Bin_5,11,8,Bin_4,1,2,2,Bin_3,9.0,Bin_3,7.0,2.0,,,,,,553.9297573,11,,,,0,0.16666666666666666,1.9191918545842895e-11,,,low
444,11,Bin_1,1,11,7,1,1,1,2,1,3,Bin_1,11,6,Bin_3,1,2,2,Bin_1,9.0,Bin_3,1.0,1.0,7131.0,Bin_3,3.0,,,553.9297573,11,23.0,0.043478260869565216,23.0,0,0.0,2.016330692930072e-11,,0.02608695652980445,low
445,11,Bin_1,1,11,7,1,1,1,3,1,3,Bin_5,11,8,Bin_3,1,2,2,Bin_1,9.0,Bin_3,7.0,2.0,,,,,,553.9297573,11,,,,0,0.16666666666666666,2.016330692930072e-11,,,low
446,11,*,1,11,7,1,1,1,4,1,5,*,11,10,*,1,2,2,*,9.0,*,1.0,1.0,7114.0,*,3.0,,,553.9297573,11,198.0,0.005050505050505051,198.0,0,0.0,2.016330692930072e-11,,0.003030303038368353,low
447,11,Bin_1,1,11,7,1,1,1,5,1,5,Bin_5,11,2,Bin_1,1,2,2,Bin_1,1.0,,,,,,,,,553.9297573,11,,,,0,0.3333333333333333,2.016330692930072e-11,,,low
448,11,Bin_1,1,11,7,1,1,1,6,1,5,Bin_5,11,12,Bin_1,1,2,2,Bin_1,,,,,,,,,,553.9297573,11,,,,0,0.3333333333333333,2.016330692930072e-11,,,low
449,11,*,1,11,7,1,1,1,7,1,5,*,11,8,*,1,2,2,*,9.0,*,1.0,1.0,3123.0,*,3.0,,,553.9297573,11,198.0,0.005050505050505051,198.0,0,0.0,2.016330692930072e-11,,0.003030303038368353,low
450,11,Bin_1,1,11,7,1,1,1,8,1,5,Bin_1,11,8,Bin_1,1,2,2,Bin_1,2.0,Bin_2,,,,,,,,553.9297573,11,,,,0,0.16666666666666666,2.016330692930072e-11,,,low
451,11,Bin_1,1,11,7,1,1,1,9,1,5,Bin_1,11,10,Bin_1,1,2,2,Bin_1,9.0,Bin_1,99.0,2.0,,,,,,553.9297573,11,,,,0,0.16666666666666666,2.016330692930072e-11,,,low
452,11,Bin_1,1,11,4,1,1,1,1,1,1,Bin_1,11,11,Bin_4,1,1,1,Bin_1,9.0,Bin_4,2.0,1.0,2310.0,Bin_5,5.0,,,520.4915453,11,4.0,0.25,4.0,0,0.0,2.8162969437828473e-11,,0.15000000001126518,low
453,11,Bin_1,1,11,4,1,1,1,2,1,2,Bin_5,11,2,Bin_4,1,1,1,Bin_1,9.0,Bin_4,4.0,2.0,,,,,,520.4915453,11,,,,0,0.16666666666666666,2.016330692930072e-11,,,low
454,11,Bin_1,1,11,4,1,1,1,3,1,3,Bin_1,11,6,Bin_2,1,1,1,Bin_1,9.0,Bin_4,3.0,2.0,,,,,,520.4915453,11,,,,0,0.16666666666666666,1.9880093564148657e-11,,,low
455,11,Bin_1,1,11,4,1,1,1,4,1,3,Bin_5,11,6,Bin_2,1,1,1,Bin_1,9.0,Bin_4,1.0,1.0,6113.0,Bin_1,1.0,,,520.4915453,11,7.0,0.14285714285714285,7.0,0,0.0,8.83950632253061e-11,,0.08571428574964372,low
456,11,Bin_1,1,11,4,1,1,1,5,1,5,Bin_5,11,6,Bin_2,1,1,1,Bin_1,9.0,Bin_4,3.0,2.0,,,,,,520.4915453,11,,,,0,0.16666666666666666,2.016330692930072e-11,,,low
457,11,Bin_1,1,11,4,1,1,1,6,1,5,Bin_5,11,1,Bin_1,1,1,1,Bin_1,9.0,,,,,,,,,520.4915453,11,,,,0,0.3333333333333333,2.016330692930072e-11,,,low
458,11,Bin_1,1,11,5,1,1,1,1,1,1,Bin_1,11,10,Bin_3,1,4,3,Bin_1,9.0,Bin_4,1.0,1.0,2411.0,Bin_3,2.0,,,520.4915453,11,13.0,0.07692307692307693,13.0,0,0.0,0.4210526315906208,,0.21457489879009448,low
459,11,Bin_1,1,11,5,1,1,1,2,1,2,Bin_5,11,12,Bin_3,1,4,3,Bin_1,9.0,Bin_4,7.0,2.0,,,,,,520.4915453,11,,,,0,0.16666666666666666,2.016330692930072e-11,,,low
460,11,Bin_1,1,11,5,1,1,1,3,1,3,Bin_5,11,1,Bin_2,1,4,3,Bin_1,2.0,Bin_4,8.0,2.0,,,,,,520.4915453,11,,,,0,0.16666666666666666,2.016330692930072e-11,,,low
461,11,Bin_1,1,11,5,1,1,1,4,1,3,Bin_1,11,7,Bin_1,1,4,3,Bin_1,2.0,Bin_3,8.0,2.0,,,,,,520.4915453,11,,,,0,0.16666666666666666,2.016330692930072e-11,,,low
462,11,Bin_1,1,11,5,1,1,1,5,1,3,Bin_1,11,4,Bin_1,1,4,3,Bin_1,2.0,Bin_3,,,,,,,,520.4915453,11,,,,0,0.16666666666666666,2.016330692930072e-11,,,low
463,11,*,1,11,7,1,1,1,1,1,1,*,11,7,*,1,4,3,*,9.0,*,1.0,1.0,2330.0,*,5.0,,,520.4915453,11,198.0,0.005050505050505051,198.0,0,0.0,2.016330692930072e-11,,0.003030303038368353,low
464,11,Bin_1,1,11,7,1,1,1,2,1,2,Bin_5,11,1,Bin_2,1,4,3,Bin_1,9.0,Bin_3,7.0,2.0,,,,,,520.4915453,11,,,,0,0.16666666666666666,0.10526315791277768,,,low
465,11,Bin_1,1,11,7,1,1,1,3,1,3,Bin_5,11,12,Bin_1,1,4,3,Bin_1,9.0,,,,,,,,,520.4915453,11,,,,0,0.3333333333333333,2.016330692930072e-11,,,low
466,11,Bin_1,1,11,7,1,1,1,4,1,3,Bin_1,11,1,Bin_1,1,4,3,Bin_1,,,,,,,,,,520.4915453,11,,,,0,0.3333333333333333,0.22278597675880188,,,low
467,11,Bin_1,1,11,8,1,1,1,1,1,1,Bin_1,11,3,Bin_3,1,1,1,Bin_1,9.0,Bin_4,1.0,1.0,1420.0,Bin_3,5.0,,,520.4915453,11,13.0,0.07692307692307693,13.0,0,0.0,0.4210526315906208,,0.21457489879009448,low
468,11,Bin_1,1,11,8,1,1,1,2,1,2,Bin_5,11,5,Bin_3,1,1,1,Bin_1,9.0,Bin_4,7.0,2.0,,,,,,520.4915453,11,,,,0,0.16666666666666666,2.016330692930072e-11,,,low
469,11,Bin_1,1,11,8,1,1,1,3,1,3,Bin_1,11,7,Bin_2,1,1,1,Bin_1,5.0,Bin_4,8.0,2.0,,,,,,520.4915453,11,,,,0,0.16666666666666666,1.9880093564148657e-11,,,low
470,11,Bin_1,1,11,8,1,1,1,4,1,3,Bin_1,11,10,Bin_1,1,1,1,Bin_1,2.0,Bin_3,8.0,2.0,,,,,,520.4915453,11,,,,0,0.16666666666666666,2.016330692930072e-11,,,low
471,11,Bin_1,1,11,9,1,1,1,1,1,1,Bin_1,11,10,Bin_4,1,2,2,Bin_1,9.0,Bin_4,4.0,2.0,,,,,,520.4915453,11,,,,0,0.16666666666666666,1.7528074163844148e-11,,,low
472,11,Bin_1,1,11,9,1,1,1,2,1,2,Bin_5,11,11,Bin_4,1,2,2,Bin_1,9.0,Bin_4,4.0,2.0,,,,,,520.4915453,11,,,,0,0.16666666666666666,2.016330692930072e-11,,,low
473,11,Bin_1,1,11,9,1,1,1,3,1,3,Bin_1,11,7,Bin_2,1,2,2,Bin_1,9.0,Bin_4,1.0,1.0,2152.0,Bin_4,3.0,,,520.4915453,11,8.0,0.125,8.0,0,0.0,5.1709034650113245e-11,,0.0750000000206836,low
474,11,Bin_1,1,11,9,1,1,1,4,1,5,Bin_5,11,10,Bin_2,1,2,2,Bin_1,9.0,Bin_4,1.0,1.0,3313.0,Bin_4,3.0,,,520.4915453,11,12.0,0.08333333333333333,12.0,0,0.0,2.1760009167715977e-11,,0.050000000008704,low
475,11,Bin_1,1,11,10,1,1,1,1,1,1,Bin_1,11,9,Bin_4,1,1,1,Bin_1,9.0,Bin_3,1.0,1.0,8322.0,Bin_3,5.0,,,520.4915453,11,13.0,0.07692307692307693,13.0,0,0.0,0.23775451225093572,,0.14125565105422044,low
476,11,Bin_1,1,11,10,1,1,1,2,1,2,Bin_5,11,10,Bin_4,1,1,1,Bin_1,9.0,Bin_3,7.0,2.0,,,,,,520.4915453,11,,,,0,0.16666666666666666,2.016330692930072e-11,,,low
477,11,Bin_1,1,11,10,1,1,1,3,1,3,Bin_5,11,11,Bin_3,1,1,1,Bin_1,9.0,Bin_4,1.0,1.0,4311.0,Bin_3,2.0,,,520.4915453,11,6.0,0.16666666666666666,6.0,0,0.0,5.798761123058759e-11,,0.10000000002319503,low
478,11,Bin_1,1,11,10,1,1,1,4,1,3,Bin_1,11,7,Bin_2,1,1,1,Bin_1,9.0,Bin_3,1.0,1.0,1213.0,Bin_3,3.0,,,520.4915453,11,16.0,0.0625,16.0,0,0.0,2.016330692930072e-11,,0.037500000008065325,low
479,11,Bin_1,1,11,10,1,1,1,5,1,5,Bin_1,11,4,Bin_3,1,1,4,Bin_1,9.0,Bin_4,1.0,1.0,3511.0,Bin_3,2.0,,,520.4915453,11,13.0,0.07692307692307693,13.0,0,0.0,0.4210526315906208,,0.21457489879009448,low
480,11,Bin_1,1,11,10,1,1,1,6,1,5,Bin_5,11,7,Bin_2,1,1,1,Bin_1,9.0,Bin_4,7.0,2.0,,,,,,520.4915453,11,,,,0,0.16666666666666666,2.016330692930072e-11,,,low
481,11,Bin_1,1,11,10,1,1,1,7,1,5,Bin_1,11,4,Bin_1,1,1,4,Bin_1,2.0,Bin_2,,,,,,,,520.4915453,11,,,,0,0.16666666666666666,2.016330692930072e-11,,,low
482,11,Bin_1,1,11,10,1,1,1,8,1,5,Bin_5,11,11,Bin_1,1,1,1,Bin_1,1.0,,,,,,,,,520.4915453,11,,,,0,0.3333333333333333,2.016330692930072e-11,,,low
483,11,Bin_1,1,11,1,1,1,1,1,1,1,Bin_1,11,4,Bin_4,1,2,2,Bin_1,9.0,Bin_3,1.0,1.0,3324.0,Bin_3,5.0,,,512.4403782,11,13.0,0.07692307692307693,13.0,0,0.0,0.23775451225093572,,0.14125565105422044,low
484,11,Bin_1,1,11,1,1,1,1,2,1,2,Bin_5,11,12,Bin_3,1,2,2,Bin_1,9.0,Bin_3,7.0,2.0,,,,,,512.4403782,11,,,,0,0.16666666666666666,2.016330692930072e-11,,,low
485,11,Bin_1,1,11,1,1,1,1,3,2,3,Bin_1,11,7,Bin_2,1,2,2,Bin_1,9.0,Bin_4,,,,,,2.0,2.0,512.4403782,11,,,,0,0.16666666666666666,1.9880093564148657e-11,,,low
486,11,Bin_1,1,11,2,1,1,1,1,1,1,Bin_5,11,5,Bin_5,3,4,3,Bin_3,9.0,Bin_2,9.0,2.0,,,,,,512.4403782,11,,,,0,0.16666666666666666,1.346655734143283e-11,,,low
487,11,Bin_1,1,11,3,1,1,1,1,1,1,Bin_1,11,2,Bin_3,1,4,3,Bin_1,9.0,Bin_3,4.0,1.0,3331.0,Bin_3,4.0,,,512.4403782,11,23.0,0.043478260869565216,23.0,0,0.0,2.016330692930072e-11,,0.02608695652980445,low
488,11,Bin_1,1,11,3,1,1,1,2,1,2,Bin_5,11,8,Bin_3,1,4,3,Bin_1,9.0,Bin_4,7.0,2.0,,,,,,512.4403782,11,,,,0,0.16666666666666666,2.016330692930072e-11,,,low
489,11,Bin_1,1,11,3,1,1,1,3,1,3,Bin_1,11,10,Bin_1,1,4,3,Bin_1,9.0,Bin_3,4.0,2.0,,,,,,512.4403782,11,,,,0,0.16666666666666666,2.016330692930072e-11,,,low
490,11,Bin_1,1,11,3,1,1,1,4,1,5,Bin_5,11,3,Bin_1,1,4,3,Bin_1,9.0,Bin_3,4.0,2.0,,,,,,512.4403782,11,,,,0,0.16666666666666666,2.016330692930072e-11,,,low
491,11,Bin_1,1,11,4,1,1,1,1,1,1,Bin_5,11,3,Bin_4,1,1,1,Bin_3,9.0,Bin_3,7.0,2.0,,,,,,512.4403782,11,,,,0,0.16666666666666666,1.9191918545842895e-11,,,low
492,11,Bin_1,1,11,6,1,1,1,1,1,1,Bin_1,11,10,Bin_4,1,1,1,Bin_1,9.0,Bin_3,1.0,1.0,8323.0,Bin_3,5.0,,,512.4403782,11,13.0,0.07692307692307693,13.0,0,0.0,0.23775451225093572,,0.14125565105422044,low
493,11,Bin_1,1,11,6,1,1,1,2,1,2,Bin_5,11,6,Bin_4,1,1,1,Bin_1,9.0,Bin_3,7.0,2.0,,,,,,512.4403782,11,,,,0,0.16666666666666666,2.016330692930072e-11,,,low
494,11,Bin_1,1,11,7,1,1,1,1,1,1,Bin_1,11,5,Bin_4,1,1,1,Bin_1,9.0,Bin_3,1.0,1.0,8323.0,Bin_3,5.0,,,512.4403782,11,13.0,0.07692307692307693,13.0,0,0.0,0.23775451225093572,,0.14125565105422044,low
495,11,Bin_1,1,11,7,1,1,1,2,1,2,Bin_5,11,10,Bin_3,1,1,1,Bin_1,9.0,Bin_3,7.0,2.0,,,,,,512.4403782,11,,,,0,0.16666666666666666,2.016330692930072e-11,,,low
496,11,Bin_1,1,11,7,1,1,1,3,1,3,Bin_1,11,1,Bin_2,1,1,1,Bin_1,9.0,Bin_4,1.0,1.0,4311.0,Bin_4,3.0,,,512.4403782,11,8.0,0.125,8.0,0,0.0,5.1709034650113245e-11,,0.0750000000206836,low
497,11,Bin_1,1,11,7,1,1,1,4,1,3,Bin_5,11,6,Bin_2,1,1,1,Bin_1,3.0,Bin_4,8.0,2.0,,,,,,512.4403782,11,,,,0,0.16666666666666666,2.016330692930072e-11,,,low
498,11,Bin_1,1,11,9,1,1,1,1,1,1,Bin_5,11,6,Bin_2,1,4,3,Bin_1,9.0,Bin_4,7.0,2.0,,,,,,512.4403782,11,,,,0,0.16666666666666666,2.016330692930072e-11,,,low
499,11,Bin_1,1,11,9,1,1,1,2,1,3,Bin_1,11,11,Bin_1,1,4,3,Bin_1,2.0,Bin_2,,,,,,,,512.4403782,11,,,,0,0.16666666666666666,2.016330692930072e-11,,,low
500,11,Bin_1,1,11,9,1,1,1,3,1,3,Bin_5,11,1,Bin_1,1,4,3,Bin_1,2.0,Bin_2,,,,,,,,512.4403782,11,,,,0,0.16666666666666666,2.016330692930072e-11,,,low
501,11,Bin_1,1,11,9,1,1,1,4,1,3,Bin_1,11,11,Bin_1,1,4,3,Bin_1,2.0,Bin_1,,,,,,,,512.4403782,11,,,,0,0.16666666666666666,2.016330692930072e-11,,,low
502,11,Bin_1,1,11,9,1,1,1,5,2,2,Bin_1,11,4,Bin_3,1,4,3,Bin_1,9.0,Bin_3,,,,,,2.0,1.0,512.4403782,11,,,,0,0.16666666666666666,2.337327557850021e-11,,,low
503,11,Bin_1,1,11,10,1,1,1,1,1,1,Bin_1,11,3,Bin_4,1,1,1,Bin_1,9.0,Bin_2,9.0,2.0,,,,,,512.4403782,11,,,,0,0.16666666666666666,2.27025299019652e-11,,,low
504,11,*,1,11,10,1,1,1,2,1,2,*,11,12,*,1,1,1,*,9.0,*,1.0,1.0,9111.0,*,3.0,,,512.4403782,11,198.0,0.005050505050505051,198.0,0,0.0,2.016330692930072e-11,,0.003030303038368353,low
505,11,Bin_1,1,11,10,1,1,1,3,1,3,Bin_1,11,10,Bin_1,1,1,1,Bin_1,2.0,Bin_3,8.0,2.0,,,,,,512.4403782,11,,,,0,0.16666666666666666,2.016330692930072e-11,,,low
506,11,*,1,11,1,1,1,1,1,1,1,*,11,2,*,1,1,1,*,9.0,*,1.0,1.0,8322.0,*,5.0,,,248.4349316,11,198.0,0.005050505050505051,198.0,0,0.0,2.016330692930072e-11,,0.003030303038368353,low
507,11,Bin_1,1,11,1,1,1,1,2,1,2,Bin_5,11,3,Bin_3,1,1,1,Bin_1,9.0,Bin_2,7.0,2.0,,,,,,248.4349316,11,,,,0,0.16666666666666666,0.939473684208665,,,low
508,11,Bin_1,1,11,3,1,1,1,1,1,1,Bin_1,11,4,Bin_3,1,2,2,Bin_1,9.0,Bin_2,1.0,1.0,5249.0,Bin_3,3.0,,,248.4349316,11,7.0,0.14285714285714285,7.0,0,0.0,0.7368421052684637,,0.3804511278216712,low
509,11,Bin_1,1,11,3,1,1,1,2,1,2,Bin_5,11,2,Bin_4,1,2,2,Bin_1,9.0,Bin_2,7.0,2.0,,,,,,248.4349316,11,,,,0,0.16666666666666666,2.275793974370401e-11,,,low
510,11,*,1,11,3,1,1,1,3,1,3,*,11,12,*,1,2,2,*,9.0,*,1.0,1.0,9211.0,*,3.0,,,248.4349316,11,198.0,0.005050505050505051,198.0,0,0.0,2.016330692930072e-11,,0.003030303038368353,low
511,11,*,1,11,4,1,1,1,1,1,1,*,11,4,*,1,2,5,*,9.0,*,1.0,1.0,9111.0,*,3.0,,,248.4349316,11,198.0,0.005050505050505051,198.0,0,0.0,2.016330692930072e-11,,0.003030303038368353,low
512,11,Bin_1,1,11,4,1,1,1,2,1,5,Bin_1,11,6,Bin_3,1,2,2,Bin_1,9.0,Bin_3,1.0,1.0,4311.0,Bin_4,3.0,,,248.4349316,11,4.0,0.25,4.0,0,0.0,0.6032078816026466,,0.3912831526410586,low
513,11,*,1,11,4,1,1,1,3,1,5,*,11,10,*,1,2,2,*,9.0,*,1.0,1.0,9111.0,*,3.0,,,248.4349316,11,198.0,0.005050505050505051,198.0,0,0.0,2.016330692930072e-11,,0.003030303038368353,low
514,11,Bin_1,1,11,5,1,1,1,1,1,1,Bin_5,11,2,Bin_4,1,1,1,Bin_1,9.0,Bin_5,1.0,1.0,9111.0,Bin_5,3.0,,,248.4349316,11,2.0,0.5,2.0,0,0.0,1.0219662810605337e-10,,0.3000000000408786,low
515,11,Bin_1,1,11,5,1,1,1,2,1,2,Bin_1,11,5,Bin_3,1,1,1,Bin_1,9.0,Bin_2,1.0,1.0,5211.0,Bin_3,5.0,,,248.4349316,11,7.0,0.14285714285714285,7.0,0,0.0,0.7368421052684637,,0.3804511278216712,low
516,11,*,1,11,6,1,1,1,1,1,1,*,11,2,*,1,4,3,*,9.0,*,1.0,1.0,9211.0,*,3.0,,,248.4349316,11,198.0,0.005050505050505051,198.0,0,0.0,2.016330692930072e-11,,0.003030303038368353,low
517,11,*,1,11,6,1,1,1,2,1,2,*,11,10,*,1,4,3,*,9.0,*,1.0,1.0,7514.0,*,5.0,,,248.4349316,11,198.0,0.005050505050505051,198.0,0,0.0,2.016330692930072e-11,,0.003030303038368353,low
518,11,Bin_1,1,11,6,1,1,1,3,1,3,Bin_5,11,10,Bin_2,1,4,3,Bin_1,9.0,Bin_3,7.0,2.0,,,,,,248.4349316,11,,,,0,0.16666666666666666,0.10526315791277768,,,low
519,11,Bin_1,1,11,7,1,1,1,1,1,1,Bin_5,11,5,Bin_2,1,1,1,Bin_1,9.0,Bin_3,7.0,2.0,,,,,,248.4349316,11,,,,0,0.16666666666666666,0.10526315791277768,,,low
520,11,Bin_1,1,11,7,1,1,1,2,1,2,Bin_1,11,8,Bin_2,1,1,1,Bin_1,9.0,Bin_3,1.0,1.0,9335.0,Bin_1,1.0,,,248.4349316,11,5.0,0.2,5.0,0,0.0,4.0963528991062e-11,,0.1200000000163854,low
521,11,Bin_1,1,11,7,1,1,1,3,1,3,Bin_5,11,6,Bin_1,1,1,1,Bin_1,1.0,,,,,,,,,248.4349316,11,,,,0,0.3333333333333333,2.016330692930072e-11,,,low
522,11,Bin_1,1,11,7,1,1,1,4,1,5,Bin_5,11,5,Bin_1,1,1,1,Bin_1,9.0,Bin_3,99.0,2.0,,,,,,248.4349316,11,,,,0,0.16666666666666666,2.016330692930072e-11,,,low
523,11,Bin_1,1,11,7,1,1,1,5,1,5,Bin_1,11,7,Bin_3,1,1,1,Bin_1,9.0,Bin_2,99.0,2.0,,,,,,248.4349316,11,,,,0,0.16666666666666666,2.927871192459326e-11,,,low
524,11,Bin_1,1,11,8,1,1,1,1,1,1,Bin_5,11,6,Bin_4,1,1,1,Bin_3,9.0,Bin_5,4.0,2.0,,,,,,248.4349316,11,,,,0,0.16666666666666666,5.959921073944888e-11,,,low
525,11,Bin_1,1,11,8,1,1,1,2,1,3,Bin_1,11,5,Bin_3,1,1,1,Bin_1,9.0,Bin_3,9.0,2.0,,,,,,248.4349316,11,,,,0,0.16666666666666666,2.337327557850021e-11,,,low
526,11,*,1,11,8,1,1,1,3,1,3,*,11,10,*,1,1,1,*,9.0,*,1.0,1.0,9112.0,*,3.0,,,248.4349316,11,198.0,0.005050505050505051,198.0,0,0.0,2.016330692930072e-11,,0.003030303038368353,low
527,11,*,1,11,8,1,1,1,4,1,5,*,11,4,*,1,1,1,*,9.0,*,1.0,1.0,5249.0,*,3.0,,,248.4349316,11,198.0,0.005050505050505051,198.0,0,0.0,2.016330692930072e-11,,0.003030303038368353,low
528,11,*,1,11,8,1,1,1,5,1,5,*,11,7,*,1,1,1,*,9.0,*,1.0,1.0,5223.0,*,3.0,,,248.4349316,11,198.0,0.005050505050505051,198.0,0,0.0,2.016330692930072e-11,,0.003030303038368353,low
529,11,*,1,11,8,1,1,1,6,1,5,*,11,7,*,1,1,1,*,9.0,*,1.0,1.0,5223.0,*,3.0,,,248.4349316,11,198.0,0.005050505050505051,198.0,0,0.0,2.016330692930072e-11,,0.003030303038368353,low
530,11,Bin_1,1,11,8,1,1,1,7,1,3,Bin_1,11,2,Bin_3,1,1,1,Bin_1,9.0,Bin_3,9.0,2.0,,,,,,248.4349316,11,,,,0,0.16666666666666666,2.337327557850021e-11,,,low
531,11,*,1,11,8,1,1,1,8,1,3,*,11,1,*,1,1,1,*,9.0,*,1.0,1.0,5142.0,*,5.0,,,248.4349316,11,198.0,0.005050505050505051,198.0,0,0.0,2.016330692930072e-11,,0.003030303038368353,low
532,11,Bin_1,1,11,8,1,1,1,9,1,5,Bin_5,11,7,Bin_1,1,1,1,Bin_1,2.0,Bin_1,,,,,,,,248.4349316,11,,,,0,0.16666666666666666,0.31578947369800636,,,low
533,11,Bin_1,1,11,9,1,1,1,1,1,1,Bin_1,11,2,Bin_3,1,3,5,Bin_1,9.0,Bin_3,7.0,2.0,,,,,,248.4349316,11,,,,0,0.16666666666666666,2.337327557850021e-11,,,low
534,11,Bin_1,1,11,9,1,1,1,2,1,2,Bin_5,11,8,Bin_3,1,3,5,Bin_1,9.0,Bin_5,7.0,2.0,,,,,,248.4349316,11,,,,0,0.16666666666666666,9.89820637205722e-11,,,low
535,11,Bin_1,1,11,9,1,1,1,3,1,3,Bin_1,11,9,Bin_2,1,3,5,Bin_1,9.0,Bin_3,1.0,1.0,8332.0,Bin_3,3.0,,,248.4349316,11,16.0,0.0625,16.0,0,0.0,2.016330692930072e-11,,0.037500000008065325,low
536,11,*,1,11,9,1,1,1,4,1,3,*,11,6,*,1,3,5,*,9.0,*,1.0,1.0,9122.0,*,3.0,,,248.4349316,11,198.0,0.005050505050505051,198.0,0,0.0,2.016330692930072e-11,,0.003030303038368353,low
537,11,Bin_1,1,11,9,1,1,1,5,1,3,Bin_1,11,7,Bin_1,1,3,5,Bin_1,2.0,Bin_3,8.0,2.0,,,,,,248.4349316,11,,,,0,0.16666666666666666,2.016330692930072e-11,,,low
538,11,Bin_1,1,11,10,1,1,1,1,1,1,Bin_5,11,7,Bin_3,1,1,1,Bin_1,9.0,Bin_3,7.0,2.0,,,,,,248.4349316,11,,,,0,0.16666666666666666,2.016330692930072e-11,,,low
539,11,Bin_1,1,11,10,1,1,1,2,2,2,Bin_1,11,3,Bin_4,4,1,1,Bin_1,9.0,Bin_2,,,,,,1.0,1.0,248.4349316,11,,,,0,0.16666666666666666,2.27025299019652e-11,,,low
540,11,Bin_1,1,11,10,1,1,1,3,1,3,Bin_1,11,12,Bin_1,1,1,1,Bin_1,2.0,Bin_3,,,,,,,,248.4349316,11,,,,0,0.16666666666666666,2.016330692930072e-11,,,low
541,11,Bin_1,1,11,1,1,1,1,1,1,1,Bin_1,11,8,Bin_4,1,1,1,Bin_1,9.0,Bin_2,9.0,2.0,,,,,,281.9626547,11,,,,0,0.16666666666666666,2.27025299019652e-11,,,low
542,11,Bin_1,1,11,1,1,1,1,2,1,2,Bin_5,11,8,Bin_4,1,1,1,Bin_1,9.0,Bin_3,7.0,2.0,,,,,,281.9626547,11,,,,0,0.16666666666666666,2.016330692930072e-11,,,low
543,11,Bin_1,1,11,1,1,1,1,3,1,3,Bin_1,11,2,Bin_2,1,1,1,Bin_1,9.0,Bin_3,1.0,1.0,8121.0,Bin_2,3.0,,,281.9626547,11,7.0,0.14285714285714285,7.0,0,0.0,2.016330692930072e-11,,0.08571428572235103,low
544,11,Bin_1,1,11,3,1,1,1,1,1,1,Bin_1,11,5,Bin_3,1,1,1,Bin_1,9.0,Bin_4,1.0,1.0,5230.0,Bin_3,2.0,,,281.9626547,11,13.0,0.07692307692307693,13.0,0,0.0,0.4210526315906208,,0.21457489879009448,low
545,11,Bin_1,1,11,3,1,1,1,2,1,2,Bin_5,11,10,Bin_3,1,1,1,Bin_1,9.0,Bin_4,7.0,2.0,,,,,,281.9626547,11,,,,0,0.16666666666666666,2.016330692930072e-11,,,low
546,11,Bin_1,1,11,3,1,1,1,3,1,3,Bin_5,11,1,Bin_1,1,1,1,Bin_1,2.0,Bin_4,8.0,2.0,,,,,,281.9626547,11,,,,0,0.16666666666666666,0.8947368421073856,,,low
547,11,*,1,11,4,1,1,1,1,1,1,*,11,2,*,1,1,1,*,9.0,*,1.0,1.0,9998.0,*,5.0,,,281.9626547,11,198.0,0.005050505050505051,198.0,0,0.0,2.016330692930072e-11,,0.003030303038368353,low
548,11,Bin_1,1,11,4,1,1,1,2,1,2,Bin_1,11,12,Bin_3,1,1,1,Bin_1,9.0,Bin_3,1.0,1.0,1420.0,Bin_3,3.0,,,281.9626547,11,23.0,0.043478260869565216,23.0,0,0.0,2.016330692930072e-11,,0.02608695652980445,low
549,11,Bin_1,1,11,4,1,1,1,3,1,3,Bin_1,11,8,Bin_1,1,1,1,Bin_1,2.0,Bin_3,,,,,,,,281.9626547,11,,,,0,0.16666666666666666,2.016330692930072e-11,,,low
550,11,Bin_1,1,11,4,1,1,1,4,1,3,Bin_5,11,5,Bin_1,1,1,1,Bin_1,2.0,Bin_2,,,,,,,,281.9626547,11,,,,0,0.16666666666666666,2.016330692930072e-11,,,low
551,11,Bin_1,1,11,6,1,1,1,1,1,1,Bin_1,11,2,Bin_3,1,1,1,Bin_1,9.0,Bin_3,1.0,1.0,8332.0,Bin_3,3.0,,,281.9626547,11,23.0,0.043478260869565216,23.0,0,0.0,2.016330692930072e-11,,0.02608695652980445,low
552,11,*,1,11,6,1,1,1,2,1,2,*,11,4,*,1,1,1,*,9.0,*,7.0,1.0,7549.0,*,5.0,,,281.9626547,11,198.0,0.005050505050505051,198.0,0,0.0,2.016330692930072e-11,,0.003030303038368353,low
553,11,*,1,11,6,1,1,1,3,1,3,*,11,3,*,1,1,1,*,9.0,*,1.0,1.0,3513.0,*,3.0,,,281.9626547,11,198.0,0.005050505050505051,198.0,0,0.0,2.016330692930072e-11,,0.003030303038368353,low
554,11,Bin_1,1,11,6,1,1,1,4,1,3,Bin_1,11,9,Bin_2,1,1,1,Bin_1,9.0,Bin_3,1.0,1.0,8323.0,Bin_3,5.0,,,281.9626547,11,16.0,0.0625,16.0,0,0.0,2.016330692930072e-11,,0.037500000008065325,low
555,11,Bin_1,1,11,6,1,1,1,5,1,3,Bin_5,11,4,Bin_2,1,1,1,Bin_1,2.0,Bin_4,8.0,2.0,,,,,,281.9626547,11,,,,0,0.16666666666666666,2.016330692930072e-11,,,low
556,11,Bin_1,1,11,7,1,1,1,1,1,1,Bin_1,11,2,Bin_3,1,1,1,Bin_1,9.0,Bin_3,1.0,1.0,9629.0,Bin_1,5.0,,,281.9626547,11,11.0,0.09090909090909091,11.0,0,0.0,4.31002944004418e-11,,0.05454545456269466,low
557,11,Bin_1,1,11,7,1,1,1,2,1,2,Bin_5,11,3,Bin_3,1,1,1,Bin_1,9.0,Bin_3,7.0,2.0,,,,,,281.9626547,11,,,,0,0.16666666666666666,2.016330692930072e-11,,,low
558,11,Bin_1,1,11,7,1,1,1,3,1,3,Bin_1,11,4,Bin_2,1,1,1,Bin_1,9.0,Bin_3,1.0,1.0,3324.0,Bin_3,3.0,,,281.9626547,11,16.0,0.0625,16.0,0,0.0,2.016330692930072e-11,,0.037500000008065325,low
559,11,Bin_1,1,11,7,1,1,1,4,1,3,Bin_5,11,6,Bin_1,1,1,1,Bin_1,2.0,Bin_3,8.0,2.0,,,,,,281.9626547,11,,,,0,0.16666666666666666,2.016330692930072e-11,,,low
560,11,Bin_1,1,11,7,1,1,1,5,1,3,Bin_5,11,3,Bin_1,1,1,1,Bin_1,2.0,Bin_2,,,,,,,,281.9626547,11,,,,0,0.16666666666666666,2.016330692930072e-11,,,low
561,11,Bin_1,1,11,8,1,1,1,1,1,1,Bin_5,11,5,Bin_3,1,1,1,Bin_1,9.0,Bin_4,7.0,2.0,,,,,,281.9626547,11,,,,0,0.16666666666666666,2.016330692930072e-11,,,low
562,11,Bin_1,1,11,8,1,1,1,2,1,3,Bin_1,11,2,Bin_1,1,1,1,Bin_1,2.0,Bin_3,8.0,2.0,,,,,,281.9626547,11,,,,0,0.16666666666666666,2.016330692930072e-11,,,low
563,11,Bin_1,1,11,8,1,1,1,3,1,3,Bin_1,11,7,Bin_1,1,1,1,Bin_1,2.0,Bin_2,,,,,,,,281.9626547,11,,,,0,0.16666666666666666,2.016330692930072e-11,,,low
564,11,Bin_1,1,11,8,1,1,1,4,1,3,Bin_5,11,1,Bin_1,1,1,1,Bin_1,9.0,Bin_5,,,,,,,,281.9626547,11,,,,0,0.16666666666666666,0.8947368421073858,,,low
565,11,Bin_1,1,11,8,1,1,1,5,1,4,Bin_5,11,10,Bin_4,1,1,1,Bin_3,9.0,Bin_2,9.0,2.0,,,,,,281.9626547,11,,,,0,0.16666666666666666,1.7717863607542762e-11,,,low
566,11,Bin_1,1,11,8,1,1,1,6,2,2,Bin_1,11,7,Bin_3,1,1,1,Bin_1,9.0,Bin_3,,,,,,2.0,1.0,281.9626547,11,,,,0,0.16666666666666666,2.337327557850021e-11,,,low
567,11,Bin_1,1,11,9,1,1,1,1,1,1,Bin_1,11,5,Bin_3,1,1,1,Bin_1,9.0,Bin_3,1.0,1.0,8323.0,Bin_3,5.0,,,281.9626547,11,23.0,0.043478260869565216,23.0,0,0.0,2.016330692930072e-11,,0.02608695652980445,low
568,11,Bin_1,1,11,9,1,1,1,2,1,2,Bin_5,11,3,Bin_3,1,1,1,Bin_1,9.0,Bin_3,7.0,1.0,5212.0,Bin_3,5.0,,,281.9626547,11,6.0,0.16666666666666666,6.0,0,0.0,8.283908055514776e-11,,0.10000000003313562,low
569,11,Bin_1,1,11,9,1,1,1,3,1,3,Bin_1,11,2,Bin_1,1,1,1,Bin_1,2.0,Bin_3,8.0,2.0,,,,,,281.9626547,11,,,,0,0.16666666666666666,2.016330692930072e-11,,,low
570,11,Bin_1,1,11,9,1,1,1,4,1,3,Bin_1,11,4,Bin_1,1,1,1,Bin_1,2.0,Bin_3,,,,,,,,281.9626547,11,,,,0,0.16666666666666666,2.016330692930072e-11,,,low
571,11,Bin_1,1,11,9,1,1,1,5,1,3,Bin_1,11,3,Bin_1,1,1,1,Bin_1,2.0,Bin_1,,,,,,,,281.9626547,11,,,,0,0.16666666666666666,2.016330692930072e-11,,,low
572,11,Bin_1,1,11,9,1,1,1,6,1,3,Bin_1,11,3,Bin_1,1,1,1,Bin_1,,,,,,,,,,281.9626547,11,,,,0,0.3333333333333333,0.22278597675880188,,,low
573,11,Bin_1,1,11,10,1,1,1,1,1,1,Bin_1,11,7,Bin_3,1,1,1,Bin_1,9.0,Bin_4,1.0,1.0,2642.0,Bin_5,2.0,,,281.9626547,11,5.0,0.2,5.0,0,0.0,4.267687696109667e-11,,0.12000000001707074,low
574,11,Bin_1,1,11,10,1,1,1,2,1,2,Bin_5,11,12,Bin_3,1,1,1,Bin_1,9.0,Bin_4,1.0,1.0,4110.0,Bin_5,1.0,,,281.9626547,11,8.0,0.125,8.0,0,0.0,2.016330692930072e-11,,0.07500000000806532,low
575,11,Bin_1,1,11,10,1,1,1,3,1,5,Bin_5,11,10,Bin_2,1,1,1,Bin_1,9.0,Bin_4,1.0,1.0,5311.0,Bin_5,1.0,,,281.9626547,11,8.0,0.125,8.0,0,0.0,0.46127661534794473,,0.2595106461391779,low
576,11,Bin_1,1,11,2,1,1,1,1,1,1,Bin_1,11,7,Bin_3,1,1,4,Bin_1,9.0,Bin_3,1.0,1.0,9322.0,Bin_3,3.0,,,416.3426786,11,23.0,0.043478260869565216,23.0,0,0.0,2.016330692930072e-11,,0.02608695652980445,low
577,11,*,1,11,2,1,1,1,2,1,2,*,11,10,*,1,1,4,*,9.0,*,1.0,1.0,3313.0,*,5.0,,,416.3426786,11,198.0,0.005050505050505051,198.0,0,0.0,2.016330692930072e-11,,0.003030303038368353,low
578,11,Bin_1,1,11,2,1,1,1,3,1,3,Bin_5,11,3,Bin_2,1,1,4,Bin_1,9.0,Bin_4,1.0,1.0,3313.0,Bin_4,2.0,,,416.3426786,11,12.0,0.08333333333333333,12.0,0,0.0,2.1760009167715977e-11,,0.050000000008704,low
579,11,Bin_1,1,11,3,1,1,1,1,1,1,Bin_1,11,4,Bin_4,1,1,4,Bin_1,9.0,Bin_3,1.0,1.0,9322.0,Bin_3,3.0,,,416.3426786,11,13.0,0.07692307692307693,13.0,0,0.0,0.23775451225093572,,0.14125565105422044,low
580,11,Bin_1,1,11,3,1,1,1,2,1,2,Bin_5,11,7,Bin_4,1,1,4,Bin_1,9.0,Bin_2,7.0,2.0,,,,,,416.3426786,11,,,,0,0.16666666666666666,2.275793974370401e-11,,,low
581,11,Bin_1,1,11,6,1,1,1,1,1,1,Bin_1,11,3,Bin_3,1,1,4,Bin_1,9.0,Bin_3,1.0,1.0,7115.0,Bin_1,5.0,,,416.3426786,11,11.0,0.09090909090909091,11.0,0,0.0,4.31002944004418e-11,,0.05454545456269466,low
582,11,Bin_1,1,11,6,1,1,1,2,1,2,Bin_5,11,6,Bin_3,1,1,4,Bin_1,9.0,Bin_3,7.0,2.0,,,,,,416.3426786,11,,,,0,0.16666666666666666,2.016330692930072e-11,,,low
583,11,Bin_1,1,11,6,1,1,1,3,1,3,Bin_1,11,9,Bin_1,1,1,4,Bin_1,2.0,Bin_4,8.0,2.0,,,,,,416.3426786,11,,,,0,0.16666666666666666,0.7894736842147712,,,low
584,11,Bin_1,1,11,7,1,1,1,1,1,1,Bin_1,11,11,Bin_4,1,1,5,Bin_1,9.0,Bin_3,1.0,1.0,4321.0,Bin_3,3.0,,,416.3426786,11,13.0,0.07692307692307693,13.0,0,0.0,0.23775451225093572,,0.14125565105422044,low
585,11,Bin_1,1,11,7,1,1,1,2,1,2,Bin_5,11,11,Bin_3,1,1,5,Bin_1,9.0,Bin_3,7.0,2.0,,,,,,416.3426786,11,,,,0,0.16666666666666666,2.016330692930072e-11,,,low
586,11,Bin_1,1,11,7,1,1,1,3,1,3,Bin_5,11,6,Bin_2,1,1,5,Bin_1,9.0,Bin_4,1.0,1.0,4226.0,Bin_4,3.0,,,416.3426786,11,12.0,0.08333333333333333,12.0,0,0.0,2.1760009167715977e-11,,0.050000000008704,low
587,11,Bin_1,1,11,7,1,1,1,4,1,3,Bin_1,11,8,Bin_1,1,1,5,Bin_1,5.0,Bin_3,8.0,2.0,,,,,,416.3426786,11,,,,0,0.16666666666666666,2.016330692930072e-11,,,low
588,11,Bin_1,1,11,7,1,1,1,5,1,5,Bin_5,11,2,Bin_2,1,1,5,Bin_1,9.0,Bin_4,1.0,1.0,9322.0,Bin_1,3.0,,,416.3426786,11,7.0,0.14285714285714285,7.0,0,0.0,8.83950632253061e-11,,0.08571428574964372,low
589,11,Bin_1,1,11,8,1,1,1,1,1,1,Bin_1,11,7,Bin_4,1,1,5,Bin_1,9.0,Bin_4,1.0,1.0,4110.0,Bin_5,1.0,,,416.3426786,11,4.0,0.25,4.0,0,0.0,2.8162969437828473e-11,,0.15000000001126518,low
590,11,*,1,11,8,1,1,1,2,1,2,*,11,7,*,1,1,5,*,9.0,*,7.0,1.0,7512.0,*,5.0,,,416.3426786,11,198.0,0.005050505050505051,198.0,0,0.0,2.016330692930072e-11,,0.003030303038368353,low
591,11,Bin_1,1,11,8,1,1,1,3,1,3,Bin_5,11,11,Bin_2,1,1,5,Bin_1,9.0,Bin_4,1.0,1.0,3313.0,Bin_4,3.0,,,416.3426786,11,12.0,0.08333333333333333,12.0,0,0.0,2.1760009167715977e-11,,0.050000000008704,low
592,11,Bin_1,1,11,8,1,1,1,4,1,3,Bin_5,11,5,Bin_2,1,1,5,Bin_1,9.0,Bin_4,1.0,1.0,2166.0,Bin_4,5.0,,,416.3426786,11,12.0,0.08333333333333333,12.0,0,0.0,2.1760009167715977e-11,,0.050000000008704,low
593,11,Bin_1,1,11,8,1,1,1,5,1,3,Bin_5,11,6,Bin_2,1,1,5,Bin_1,9.0,Bin_4,1.0,1.0,3322.0,Bin_3,3.0,,,416.3426786,11,8.0,0.125,8.0,0,0.0,1.821438878796227e-11,,0.07500000000728575,low
594,11,Bin_1,1,11,9,1,1,1,1,1,1,Bin_1,11,6,Bin_3,1,1,1,Bin_1,9.0,Bin_3,1.0,1.0,7115.0,Bin_1,3.0,,,416.3426786,11,11.0,0.09090909090909091,11.0,0,0.0,4.31002944004418e-11,,0.05454545456269466,low
595,11,Bin_1,1,11,9,1,1,1,2,1,2,Bin_5,11,6,Bin_3,1,1,1,Bin_1,9.0,Bin_3,7.0,2.0,,,,,,416.3426786,11,,,,0,0.16666666666666666,2.016330692930072e-11,,,low
596,11,Bin_1,1,11,9,1,1,1,3,1,3,Bin_5,11,6,Bin_1,1,1,1,Bin_1,2.0,Bin_3,,,,,,,,416.3426786,11,,,,0,0.16666666666666666,2.016330692930072e-11,,,low
597,11,Bin_1,1,11,2,1,1,1,1,1,1,Bin_1,11,8,Bin_4,1,1,1,Bin_1,9.0,Bin_3,1.0,1.0,8323.0,Bin_3,3.0,,,296.258656,11,13.0,0.07692307692307693,13.0,0,0.0,0.23775451225093572,,0.14125565105422044,low
598,11,*,1,11,2,1,1,1,2,1,2,*,11,6,*,1,1,1,*,9.0,*,1.0,1.0,7512.0,*,5.0,,,296.258656,11,198.0,0.005050505050505051,198.0,0,0.0,2.016330692930072e-11,,0.003030303038368353,low
599,11,Bin_1,1,11,2,1,1,1,3,1,3,Bin_1,11,8,Bin_2,1,1,1,Bin_1,6.0,Bin_4,8.0,2.0,,,,,,296.258656,11,,,,0,0.16666666666666666,1.9880093564148657e-11,,,low
600,11,*,1,11,3,1,1,1,1,1,1,*,11,3,*,1,1,1,*,9.0,*,1.0,1.0,8322.0,*,3.0,,,296.258656,11,198.0,0.005050505050505051,198.0,0,0.0,2.016330692930072e-11,,0.003030303038368353,low
601,11,Bin_1,1,11,3,1,1,1,2,1,5,Bin_1,11,11,Bin_2,1,1,1,Bin_1,9.0,Bin_4,1.0,1.0,8322.0,Bin_3,3.0,,,296.258656,11,8.0,0.125,8.0,0,0.0,2.8625922011643265e-11,,0.07500000001145037,low
602,11,Bin_1,1,11,4,1,1,1,1,1,1,Bin_1,11,5,Bin_3,1,1,1,Bin_1,9.0,Bin_2,9.0,2.0,,,,,,296.258656,11,,,,0,0.16666666666666666,2.927871192459326e-11,,,low
603,11,Bin_1,1,11,4,1,1,1,2,1,5,Bin_1,11,1,Bin_4,1,1,1,Bin_1,9.0,Bin_2,9.0,2.0,,,,,,296.258656,11,,,,0,0.16666666666666666,2.27025299019652e-11,,,low
604,11,Bin_1,1,11,4,1,1,1,3,1,5,Bin_1,11,2,Bin_3,1,1,1,Bin_1,9.0,Bin_2,1.0,1.0,5249.0,Bin_3,3.0,,,296.258656,11,7.0,0.14285714285714285,7.0,0,0.0,0.7368421052684637,,0.3804511278216712,low
605,11,Bin_1,1,11,5,1,1,1,1,1,1,Bin_1,11,7,Bin_3,1,1,1,Bin_1,9.0,Bin_3,1.0,1.0,7221.0,Bin_3,5.0,,,296.258656,11,23.0,0.043478260869565216,23.0,0,0.0,2.016330692930072e-11,,0.02608695652980445,low
606,11,*,1,11,5,1,1,1,2,1,2,*,11,9,*,1,1,1,*,9.0,*,1.0,1.0,9322.0,*,3.0,,,296.258656,11,198.0,0.005050505050505051,198.0,0,0.0,2.016330692930072e-11,,0.003030303038368353,low
607,11,Bin_1,1,11,5,1,1,1,3,1,3,Bin_5,11,9,Bin_1,1,1,1,Bin_1,2.0,Bin_3,8.0,2.0,,,,,,296.258656,11,,,,0,0.16666666666666666,2.016330692930072e-11,,,low
608,11,Bin_1,1,11,5,1,1,1,4,1,3,Bin_5,11,8,Bin_1,1,1,1,Bin_1,2.0,Bin_3,8.0,2.0,,,,,,296.258656,11,,,,0,0.16666666666666666,2.016330692930072e-11,,,low
609,11,Bin_1,1,11,5,1,1,1,5,1,3,Bin_5,11,3,Bin_1,1,1,1,Bin_1,2.0,Bin_2,,,,,,,,296.258656,11,,,,0,0.16666666666666666,2.016330692930072e-11,,,low
610,11,Bin_1,1,11,6,1,1,1,1,1,1,Bin_1,11,6,Bin_3,1,1,1,Bin_1,9.0,Bin_3,1.0,1.0,8323.0,Bin_3,5.0,,,296.258656,11,23.0,0.043478260869565216,23.0,0,0.0,2.016330692930072e-11,,0.02608695652980445,low
611,11,*,1,11,6,1,1,1,2,1,2,*,11,3,*,1,1,1,*,9.0,*,1.0,1.0,7531.0,*,2.0,,,296.258656,11,198.0,0.005050505050505051,198.0,0,0.0,2.016330692930072e-11,,0.003030303038368353,low
612,11,Bin_1,1,11,6,1,1,1,3,1,3,Bin_1,11,8,Bin_1,1,1,1,Bin_1,2.0,Bin_2,,,,,,,,296.258656,11,,,,0,0.16666666666666666,2.016330692930072e-11,,,low
613,11,Bin_1,1,11,8,1,1,1,1,1,1,Bin_1,11,9,Bin_5,1,1,1,Bin_1,9.0,Bin_3,9.0,2.0,,,,,,296.258656,11,,,,0,0.16666666666666666,4.5962270642046005e-11,,,low
614,11,Bin_1,1,11,8,1,1,1,2,1,2,Bin_5,11,5,Bin_4,1,1,1,Bin_1,9.0,Bin_3,7.0,2.0,,,,,,296.258656,11,,,,0,0.16666666666666666,2.016330692930072e-11,,,low
615,11,*,1,11,8,1,1,1,3,1,5,*,11,7,*,1,1,1,*,9.0,*,1.0,1.0,8332.0,*,2.0,,,296.258656,11,198.0,0.005050505050505051,198.0,0,0.0,2.016330692930072e-11,,0.003030303038368353,low
616,11,Bin_1,1,11,8,1,1,1,4,1,3,Bin_5,11,4,Bin_3,1,1,1,Bin_1,9.0,Bin_4,7.0,2.0,,,,,,296.258656,11,,,,0,0.16666666666666666,2.016330692930072e-11,,,low
617,11,Bin_1,1,11,8,1,1,1,5,1,5,Bin_1,11,6,Bin_2,1,1,1,Bin_1,4.0,Bin_4,8.0,2.0,,,,,,296.258656,11,,,,0,0.16666666666666666,1.9880093564148657e-11,,,low
618,11,Bin_1,1,11,8,1,1,1,6,1,5,Bin_5,11,9,Bin_1,1,1,1,Bin_1,2.0,Bin_3,,,,,,,,296.258656,11,,,,0,0.16666666666666666,2.016330692930072e-11,,,low
619,11,Bin_1,1,11,9,1,1,1,1,1,1,Bin_1,11,6,Bin_3,1,1,1,Bin_1,9.0,Bin_3,1.0,1.0,1420.0,Bin_3,5.0,,,296.258656,11,23.0,0.043478260869565216,23.0,0,0.0,2.016330692930072e-11,,0.02608695652980445,low
620,11,Bin_1,1,11,9,1,1,1,2,1,2,Bin_5,11,10,Bin_2,1,1,1,Bin_1,9.0,Bin_3,7.0,2.0,,,,,,296.258656,11,,,,0,0.16666666666666666,0.10526315791277768,,,low
621,11,Bin_1,1,11,9,1,1,1,3,1,3,Bin_5,11,10,Bin_1,1,1,1,Bin_1,2.0,Bin_2,,,,,,,,296.258656,11,,,,0,0.16666666666666666,2.016330692930072e-11,,,low
622,11,Bin_1,1,11,9,1,1,1,4,1,3,Bin_1,11,10,Bin_1,1,1,1,Bin_1,2.0,Bin_2,,,,,,,,296.258656,11,,,,0,0.16666666666666666,2.016330692930072e-11,,,low
623,11,*,1,11,10,1,1,1,1,1,1,*,11,6,*,1,1,1,*,9.0,*,1.0,1.0,3334.0,*,3.0,,,296.258656,11,198.0,0.005050505050505051,198.0,0,0.0,2.016330692930072e-11,,0.003030303038368353,low
624,11,*,1,11,10,1,1,1,2,1,2,*,11,2,*,1,1,1,*,9.0,*,1.0,1.0,1120.0,*,3.0,,,296.258656,11,198.0,0.005050505050505051,198.0,0,0.0,2.016330692930072e-11,,0.003030303038368353,low
625,11,Bin_1,1,11,10,1,1,1,3,1,3,Bin_1,11,7,Bin_1,1,1,1,Bin_1,2.0,Bin_4,8.0,2.0,,,,,,296.258656,11,,,,0,0.16666666666666666,0.7894736842147712,,,low
626,11,Bin_1,1,11,10,1,1,1,4,1,4,Bin_5,11,7,Bin_5,1,1,1,Bin_3,9.0,Bin_4,6.0,2.0,,,,,,296.258656,11,,,,0,0.16666666666666666,2.478738733013659e-11,,,low
627,11,*,1,11,10,1,1,1,5,1,6,*,11,7,*,1,2,2,*,9.0,*,1.0,1.0,9111.0,*,3.0,,,296.258656,11,198.0,0.005050505050505051,198.0,0,0.0,2.016330692930072e-11,,0.003030303038368353,low
628,11,Bin_1,1,11,1,1,1,1,1,1,1,Bin_1,11,3,Bin_2,1,1,1,Bin_1,9.0,Bin_4,1.0,1.0,7116.0,Bin_3,5.0,,,384.6734425,11,8.0,0.125,8.0,0,0.0,2.8625922011643265e-11,,0.07500000001145037,low
629,11,Bin_1,1,11,1,1,1,1,2,1,2,Bin_5,11,5,Bin_2,1,1,1,Bin_1,9.0,Bin_4,7.0,2.0,,,,,,384.6734425,11,,,,0,0.16666666666666666,2.016330692930072e-11,,,low
630,11,Bin_1,1,11,1,1,1,1,3,1,3,Bin_5,11,8,Bin_1,1,1,1,Bin_1,1.0,,,,,,,,,384.6734425,11,,,,0,0.3333333333333333,2.016330692930072e-11,,,low
631,11,Bin_1,1,11,2,1,1,1,1,1,1,Bin_1,11,8,Bin_3,1,1,1,Bin_1,9.0,Bin_3,1.0,1.0,7116.0,Bin_3,5.0,,,384.6734425,11,23.0,0.043478260869565216,23.0,0,0.0,2.016330692930072e-11,,0.02608695652980445,low
632,11,Bin_1,1,11,2,1,1,1,2,1,2,Bin_5,11,2,Bin_3,1,1,1,Bin_1,9.0,Bin_3,7.0,2.0,,,,,,384.6734425,11,,,,0,0.16666666666666666,2.016330692930072e-11,,,low
633,11,Bin_1,1,11,2,1,1,1,3,1,3,Bin_5,11,8,Bin_2,1,1,1,Bin_1,4.0,Bin_4,8.0,2.0,,,,,,384.6734425,11,,,,0,0.16666666666666666,2.016330692930072e-11,,,low
634,11,Bin_1,1,11,3,1,1,1,1,1,1,Bin_1,11,5,Bin_2,1,1,1,Bin_1,9.0,Bin_3,1.0,1.0,8332.0,Bin_3,5.0,,,384.6734425,11,16.0,0.0625,16.0,0,0.0,2.016330692930072e-11,,0.037500000008065325,low
635,11,Bin_1,1,11,3,1,1,1,2,1,2,Bin_5,11,4,Bin_2,1,1,1,Bin_1,9.0,Bin_4,7.0,1.0,6121.0,Bin_1,5.0,,,384.6734425,11,7.0,0.14285714285714285,7.0,0,0.0,8.83950632253061e-11,,0.08571428574964372,low
636,11,Bin_1,1,11,3,1,1,1,3,1,3,Bin_1,11,9,Bin_1,1,1,1,Bin_1,2.0,Bin_1,,,,,,,,384.6734425,11,,,,0,0.16666666666666666,2.016330692930072e-11,,,low
637,11,Bin_1,1,11,4,1,1,1,1,1,1,Bin_1,11,10,Bin_3,1,1,1,Bin_1,9.0,Bin_3,1.0,1.0,8323.0,Bin_3,5.0,,,384.6734425,11,23.0,0.043478260869565216,23.0,0,0.0,2.016330692930072e-11,,0.02608695652980445,low
638,11,Bin_1,1,11,4,1,1,1,2,1,2,Bin_5,11,11,Bin_3,1,1,1,Bin_1,9.0,Bin_3,7.0,2.0,,,,,,384.6734425,11,,,,0,0.16666666666666666,2.016330692930072e-11,,,low
639,11,Bin_1,1,11,4,1,1,1,3,1,3,Bin_5,11,11,Bin_1,1,1,1,Bin_1,2.0,Bin_2,,,,,,,,384.6734425,11,,,,0,0.16666666666666666,2.016330692930072e-11,,,low
640,11,Bin_1,1,11,4,1,1,1,4,1,3,Bin_5,11,11,Bin_1,1,1,1,Bin_1,2.0,Bin_1,,,,,,,,384.6734425,11,,,,0,0.16666666666666666,0.31578947369800636,,,low
641,11,Bin_1,1,11,4,1,1,1,5,1,3,Bin_5,11,9,Bin_1,1,1,1,Bin_1,,,,,,,,,,384.6734425,11,,,,0,0.3333333333333333,2.016330692930072e-11,,,low
642,11,Bin_1,1,11,4,1,1,1,6,1,4,Bin_5,11,1,Bin_5,1,1,1,Bin_3,9.0,Bin_4,9.0,2.0,,,,,,384.6734425,11,,,,0,0.16666666666666666,2.478738733013659e-11,,,low
643,11,*,1,11,4,1,1,1,7,1,5,*,11,9,*,1,1,1,*,9.0,*,1.0,1.0,9629.0,*,3.0,,,384.6734425,11,198.0,0.005050505050505051,198.0,0,0.0,2.016330692930072e-11,,0.003030303038368353,low
644,11,*,1,11,5,1,1,1,1,1,1,*,11,6,*,1,1,1,*,9.0,*,1.0,1.0,7115.0,*,5.0,,,384.6734425,11,198.0,0.005050505050505051,198.0,0,0.0,2.016330692930072e-11,,0.003030303038368353,low
645,11,Bin_1,1,11,5,1,1,1,2,1,2,Bin_5,11,4,Bin_3,1,1,1,Bin_1,9.0,Bin_3,7.0,2.0,,,,,,384.6734425,11,,,,0,0.16666666666666666,2.016330692930072e-11,,,low
646,11,Bin_1,1,11,5,1,1,1,3,1,3,Bin_5,11,6,Bin_2,1,1,1,Bin_1,9.0,Bin_4,1.0,1.0,5230.0,Bin_3,3.0,,,384.6734425,11,8.0,0.125,8.0,0,0.0,1.821438878796227e-11,,0.07500000000728575,low
647,11,Bin_1,1,11,5,1,1,1,4,1,3,Bin_1,11,11,Bin_1,1,1,1,Bin_1,2.0,Bin_3,8.0,2.0,,,,,,384.6734425,11,,,,0,0.16666666666666666,2.016330692930072e-11,,,low
648,11,Bin_1,1,11,5,1,1,1,5,1,3,Bin_5,11,3,Bin_1,1,1,1,Bin_1,2.0,Bin_2,,,,,,,,384.6734425,11,,,,0,0.16666666666666666,2.016330692930072e-11,,,low
649,11,*,1,11,6,1,1,1,1,1,1,*,11,5,*,1,1,1,*,9.0,*,1.0,1.0,1420.0,*,4.0,,,384.6734425,11,198.0,0.005050505050505051,198.0,0,0.0,2.016330692930072e-11,,0.003030303038368353,low
650,11,Bin_1,1,11,6,1,1,1,2,2,2,Bin_1,11,8,Bin_3,1,1,1,Bin_1,9.0,Bin_4,,,,,,2.0,1.0,384.6734425,11,,,,0,0.16666666666666666,2.055079555980053e-11,,,low
651,11,Bin_1,1,11,6,1,1,1,3,1,4,Bin_1,11,1,Bin_4,1,1,1,Bin_1,9.0,Bin_4,4.0,2.0,,,,,,384.6734425,11,,,,0,0.16666666666666666,1.7528074163844148e-11,,,low
652,11,Bin_1,1,11,6,1,1,1,4,1,4,Bin_5,11,3,Bin_4,1,1,1,Bin_1,9.0,Bin_4,7.0,2.0,,,,,,384.6734425,11,,,,0,0.16666666666666666,2.016330692930072e-11,,,low
653,11,Bin_1,1,11,7,1,1,1,1,1,1,Bin_5,11,2,Bin_5,1,1,1,Bin_3,9.0,Bin_5,9.0,2.0,,,,,,384.6734425,11,,,,0,0.16666666666666666,7.926855139899486e-11,,,low
654,11,Bin_1,1,11,7,1,1,1,2,1,3,Bin_1,11,6,Bin_3,1,1,1,Bin_1,9.0,Bin_2,1.0,1.0,5249.0,Bin_3,3.0,,,384.6734425,11,7.0,0.14285714285714285,7.0,0,0.0,0.7368421052684637,,0.3804511278216712,low
655,11,*,1,11,9,1,1,1,1,1,1,*,11,1,*,1,1,1,*,9.0,*,1.0,1.0,9322.0,*,3.0,,,384.6734425,11,198.0,0.005050505050505051,198.0,0,0.0,2.016330692930072e-11,,0.003030303038368353,low
656,11,Bin_1,1,11,9,1,1,1,2,1,2,Bin_5,11,2,Bin_4,1,1,1,Bin_1,9.0,Bin_3,7.0,2.0,,,,,,384.6734425,11,,,,0,0.16666666666666666,2.016330692930072e-11,,,low
657,11,Bin_1,1,11,9,1,1,1,3,1,3,Bin_1,11,12,Bin_2,1,1,1,Bin_1,9.0,Bin_4,1.0,1.0,4311.0,Bin_2,3.0,,,384.6734425,11,3.0,0.3333333333333333,3.0,0,0.0,3.454928674503317e-11,,0.2000000000138197,low
658,11,Bin_1,1,11,10,1,1,1,1,1,1,Bin_5,11,5,Bin_3,1,1,1,Bin_5,9.0,Bin_3,7.0,2.0,,,,,,384.6734425,11,,,,0,0.16666666666666666,3.6913558487034307e-10,,,low
659,11,Bin_1,1,11,10,1,1,1,2,1,3,Bin_1,11,2,Bin_1,1,1,1,Bin_1,6.0,Bin_3,8.0,2.0,,,,,,384.6734425,11,,,,0,0.16666666666666666,2.016330692930072e-11,,,low
660,11,Bin_1,1,11,10,1,1,1,3,1,3,Bin_1,11,4,Bin_1,1,1,1,Bin_1,2.0,Bin_2,,,,,,,,384.6734425,11,,,,0,0.16666666666666666,2.016330692930072e-11,,,low
661,11,Bin_1,1,11,1,1,1,1,1,1,1,Bin_1,11,9,Bin_3,1,1,1,Bin_1,9.0,Bin_3,1.0,1.0,8322.0,Bin_5,3.0,,,264.530716,11,3.0,0.3333333333333333,3.0,0,0.0,2.751044730987172e-11,,0.20000000001100415,low
662,11,Bin_1,1,11,1,1,1,1,2,1,2,Bin_5,11,1,Bin_3,1,1,1,Bin_1,9.0,Bin_3,7.0,2.0,,,,,,264.530716,11,,,,0,0.16666666666666666,2.016330692930072e-11,,,low
663,11,Bin_1,1,11,1,1,1,1,3,1,3,Bin_5,11,9,Bin_2,1,1,1,Bin_1,3.0,Bin_4,8.0,2.0,,,,,,264.530716,11,,,,0,0.16666666666666666,2.016330692930072e-11,,,low
664,11,Bin_1,1,11,1,1,1,1,4,1,3,Bin_5,11,10,Bin_2,1,1,1,Bin_1,5.0,Bin_4,8.0,2.0,,,,,,264.530716,11,,,,0,0.16666666666666666,2.016330692930072e-11,,,low
665,11,Bin_1,1,11,1,1,1,1,5,1,3,Bin_1,11,9,Bin_1,1,1,1,Bin_1,2.0,Bin_3,8.0,2.0,,,,,,264.530716,11,,,,0,0.16666666666666666,2.016330692930072e-11,,,low
666,11,Bin_1,1,11,1,1,1,1,6,1,3,Bin_1,11,10,Bin_1,1,1,1,Bin_1,2.0,Bin_2,,,,,,,,264.530716,11,,,,0,0.16666666666666666,2.016330692930072e-11,,,low
667,11,Bin_1,1,11,2,1,1,1,1,1,1,Bin_1,11,3,Bin_3,1,1,1,Bin_1,9.0,Bin_4,1.0,1.0,1214.0,Bin_3,3.0,,,264.530716,11,13.0,0.07692307692307693,13.0,0,0.0,0.4210526315906208,,0.21457489879009448,low
668,11,*,1,11,2,1,1,1,2,1,2,*,11,12,*,1,1,1,*,9.0,*,1.0,1.0,3341.0,*,3.0,,,264.530716,11,198.0,0.005050505050505051,198.0,0,0.0,2.016330692930072e-11,,0.003030303038368353,low
669,11,Bin_1,1,11,2,1,1,1,3,1,5,Bin_1,11,6,Bin_3,1,1,1,Bin_1,9.0,Bin_3,1.0,1.0,5414.0,Bin_4,3.0,,,264.530716,11,4.0,0.25,4.0,0,0.0,0.6032078816026466,,0.3912831526410586,low
670,11,Bin_1,1,11,2,1,1,1,4,1,5,Bin_5,11,4,Bin_4,1,1,1,Bin_3,9.0,Bin_3,7.0,2.0,,,,,,264.530716,11,,,,0,0.16666666666666666,1.9191918545842895e-11,,,low
671,11,Bin_1,1,11,2,1,1,1,5,1,5,Bin_5,11,2,Bin_5,1,1,1,Bin_1,9.0,Bin_3,9.0,2.0,,,,,,264.530716,11,,,,0,0.16666666666666666,4.0379950832530846e-11,,,low
672,11,Bin_1,1,11,2,1,1,1,6,1,3,Bin_5,11,3,Bin_2,1,1,1,Bin_1,3.0,Bin_4,8.0,2.0,,,,,,264.530716,11,,,,0,0.16666666666666666,2.016330692930072e-11,,,low
673,11,Bin_1,1,11,3,1,1,1,1,1,1,Bin_1,11,10,Bin_4,1,1,1,Bin_1,9.0,Bin_3,4.0,2.0,,,,,,264.530716,11,,,,0,0.16666666666666666,1.6827342745711738e-11,,,low
674,11,Bin_1,1,11,3,1,1,1,2,1,2,Bin_5,11,3,Bin_4,1,1,1,Bin_1,9.0,Bin_3,7.0,2.0,,,,,,264.530716,11,,,,0,0.16666666666666666,2.016330692930072e-11,,,low
675,11,Bin_1,1,11,3,1,1,1,3,1,3,Bin_5,11,6,Bin_2,1,1,1,Bin_1,9.0,Bin_4,1.0,1.0,5221.0,Bin_3,5.0,,,264.530716,11,8.0,0.125,8.0,0,0.0,1.821438878796227e-11,,0.07500000000728575,low
676,11,*,1,11,3,1,1,1,4,1,5,*,11,1,*,1,1,1,*,9.0,*,1.0,1.0,4321.0,*,1.0,,,264.530716,11,198.0,0.005050505050505051,198.0,0,0.0,2.016330692930072e-11,,0.003030303038368353,low
677,11,Bin_1,1,11,3,1,1,1,5,1,5,Bin_5,11,11,Bin_1,1,1,1,Bin_1,1.0,,,,,,,,,264.530716,11,,,,0,0.3333333333333333,2.016330692930072e-11,,,low
678,11,*,1,11,4,1,1,1,1,1,1,*,11,6,*,1,1,5,*,9.0,*,1.0,1.0,8332.0,*,5.0,,,264.530716,11,198.0,0.005050505050505051,198.0,0,0.0,2.016330692930072e-11,,0.003030303038368353,low
679,11,Bin_1,1,11,4,1,1,1,2,1,2,Bin_5,11,4,Bin_5,1,1,5,Bin_1,9.0,Bin_3,7.0,2.0,,,,,,264.530716,11,,,,0,0.16666666666666666,4.0379950832530846e-11,,,low
680,11,Bin_1,1,11,5,1,1,1,1,1,1,Bin_1,11,2,Bin_5,1,1,1,Bin_1,9.0,Bin_3,4.0,2.0,,,,,,264.530716,11,,,,0,0.16666666666666666,4.5962270642046005e-11,,,low
681,11,Bin_1,1,11,5,1,1,1,2,1,2,Bin_5,11,1,Bin_4,1,1,1,Bin_1,9.0,Bin_3,7.0,2.0,,,,,,264.530716,11,,,,0,0.16666666666666666,2.016330692930072e-11,,,low
682,11,Bin_1,1,11,6,1,1,1,1,1,1,Bin_5,11,1,Bin_4,1,1,1,Bin_3,9.0,Bin_2,7.0,2.0,,,,,,264.530716,11,,,,0,0.16666666666666666,1.7717863607542762e-11,,,low
683,11,Bin_1,1,11,6,1,1,1,2,1,3,Bin_1,11,11,Bin_3,1,1,1,Bin_1,9.0,Bin_3,1.0,1.0,7116.0,Bin_1,5.0,,,264.530716,11,11.0,0.09090909090909091,11.0,0,0.0,4.31002944004418e-11,,0.05454545456269466,low
684,11,*,1,11,6,1,1,1,3,1,5,*,11,10,*,1,1,1,*,9.0,*,1.0,1.0,7531.0,*,3.0,,,264.530716,11,198.0,0.005050505050505051,198.0,0,0.0,2.016330692930072e-11,,0.003030303038368353,low
685,11,Bin_1,1,11,6,1,1,1,4,1,5,Bin_5,11,6,Bin_1,1,1,1,Bin_1,2.0,Bin_3,8.0,2.0,,,,,,264.530716,11,,,,0,0.16666666666666666,2.016330692930072e-11,,,low
686,11,Bin_1,1,11,7,1,1,1,1,1,1,Bin_1,11,11,Bin_4,1,1,1,Bin_1,9.0,Bin_3,9.0,2.0,,,,,,264.530716,11,,,,0,0.16666666666666666,1.6827342745711738e-11,,,low
687,11,*,1,11,7,1,1,1,2,1,2,*,11,7,*,1,1,1,*,9.0,*,1.0,1.0,9998.0,*,3.0,,,264.530716,11,198.0,0.005050505050505051,198.0,0,0.0,2.016330692930072e-11,,0.003030303038368353,low
688,11,*,1,11,7,1,1,1,3,1,3,*,11,2,*,1,1,1,*,9.0,*,1.0,1.0,9111.0,*,3.0,,,264.530716,11,198.0,0.005050505050505051,198.0,0,0.0,2.016330692930072e-11,,0.003030303038368353,low
689,11,Bin_1,1,11,7,1,1,1,4,1,5,Bin_5,11,1,Bin_1,1,1,1,Bin_1,2.0,Bin_1,,,,,,,,264.530716,11,,,,0,0.16666666666666666,0.31578947369800636,,,low
690,11,Bin_1,1,11,8,1,1,1,1,1,1,Bin_1,11,6,Bin_4,1,1,1,Bin_1,9.0,Bin_3,5.0,2.0,,,,,,264.530716,11,,,,0,0.16666666666666666,1.6827342745711738e-11,,,low
691,11,Bin_1,1,11,8,1,1,1,2,1,2,Bin_5,11,4,Bin_4,1,1,1,Bin_1,9.0,Bin_3,7.0,2.0,,,,,,264.530716,11,,,,0,0.16666666666666666,2.016330692930072e-11,,,low
692,11,Bin_1,1,11,8,1,1,1,3,1,3,Bin_1,11,1,Bin_2,1,1,1,Bin_1,9.0,Bin_4,1.0,1.0,8332.0,Bin_3,5.0,,,264.530716,11,8.0,0.125,8.0,0,0.0,2.8625922011643265e-11,,0.07500000001145037,low
693,11,Bin_1,1,11,8,1,1,1,4,2,3,Bin_5,11,11,Bin_3,1,1,1,Bin_1,9.0,Bin_4,,,,,,2.0,1.0,264.530716,11,,,,0,0.16666666666666666,2.016330692930072e-11,,,low
694,11,Bin_1,1,11,9,1,1,1,1,1,1,Bin_1,11,12,Bin_3,1,1,1,Bin_1,9.0,Bin_3,1.0,1.0,7131.0,Bin_3,4.0,,,264.530716,11,23.0,0.043478260869565216,23.0,0,0.0,2.016330692930072e-11,,0.02608695652980445,low
695,11,Bin_1,1,11,9,1,1,1,2,1,2,Bin_5,11,7,Bin_2,1,1,1,Bin_1,9.0,Bin_4,7.0,2.0,,,,,,264.530716,11,,,,0,0.16666666666666666,2.016330692930072e-11,,,low
696,11,Bin_1,1,11,9,1,1,1,3,1,3,Bin_5,11,7,Bin_1,1,1,1,Bin_1,2.0,Bin_2,,,,,,,,264.530716,11,,,,0,0.16666666666666666,2.016330692930072e-11,,,low
697,11,Bin_1,1,11,9,1,1,1,4,1,3,Bin_1,11,6,Bin_1,1,1,1,Bin_1,2.0,Bin_1,,,,,,,,264.530716,11,,,,0,0.16666666666666666,2.016330692930072e-11,,,low
698,11,*,1,11,10,1,1,1,1,1,1,*,11,11,*,1,1,1,*,9.0,*,1.0,1.0,7313.0,*,5.0,,,264.530716,11,198.0,0.005050505050505051,198.0,0,0.0,2.016330692930072e-11,,0.003030303038368353,low
699,11,*,1,11,10,1,1,1,2,1,2,*,11,3,*,1,1,1,*,9.0,*,1.0,1.0,7313.0,*,6.0,,,264.530716,11,198.0,0.005050505050505051,198.0,0,0.0,2.016330692930072e-11,,0.003030303038368353,low
700,11,Bin_1,1,11,10,1,1,1,3,1,3,Bin_1,11,3,Bin_2,1,1,1,Bin_1,9.0,Bin_4,8.0,2.0,,,,,,264.530716,11,,,,0,0.16666666666666666,1.9880093564148657e-11,,,low
701,11,Bin_1,2,11,1,1,1,1,1,1,1,Bin_5,11,8,Bin_2,1,2,2,Bin_1,9.0,Bin_2,7.0,2.0,,,,,,302.930336,11,,,,0,0.16666666666666666,0.05297193142310524,,,low
702,11,Bin_1,2,11,1,1,1,1,2,2,2,Bin_1,11,2,Bin_3,1,2,2,Bin_1,9.0,Bin_3,,,,,,2.0,1.0,302.930336,11,,,,0,0.16666666666666666,2.337327557850021e-11,,,low
703,11,Bin_1,2,11,1,1,1,1,3,1,3,Bin_5,11,8,Bin_1,1,2,2,Bin_1,2.0,Bin_3,,,,,,,,302.930336,11,,,,0,0.16666666666666666,2.016330692930072e-11,,,low
704,11,Bin_1,2,11,1,1,1,1,4,1,3,Bin_1,11,10,Bin_1,1,2,2,Bin_1,2.0,Bin_2,,,,,,,,302.930336,11,,,,0,0.16666666666666666,2.016330692930072e-11,,,low
705,11,Bin_1,2,11,1,1,1,1,5,1,3,Bin_1,11,10,Bin_1,1,2,2,Bin_1,2.0,Bin_1,,,,,,,,302.930336,11,,,,0,0.16666666666666666,2.016330692930072e-11,,,low
706,11,Bin_1,2,11,3,1,1,1,1,1,1,Bin_1,11,12,Bin_2,1,2,2,Bin_1,9.0,Bin_3,1.0,1.0,5211.0,Bin_3,3.0,,,302.930336,11,16.0,0.0625,16.0,0,0.0,2.016330692930072e-11,,0.037500000008065325,low
707,11,Bin_1,2,11,3,1,1,1,2,1,2,Bin_5,11,2,Bin_2,1,2,2,Bin_1,9.0,Bin_3,7.0,2.0,,,,,,302.930336,11,,,,0,0.16666666666666666,0.10526315791277768,,,low
708,11,Bin_1,2,11,3,1,1,1,3,1,3,Bin_5,11,2,Bin_1,1,2,2,Bin_1,,,,,,,,,,302.930336,11,,,,0,0.3333333333333333,2.016330692930072e-11,,,low
709,11,Bin_1,2,11,4,1,1,1,1,1,1,Bin_1,11,11,Bin_3,1,2,2,Bin_1,9.0,Bin_3,1.0,1.0,5211.0,Bin_3,3.0,,,302.930336,11,23.0,0.043478260869565216,23.0,0,0.0,2.016330692930072e-11,,0.02608695652980445,low
710,11,Bin_1,2,11,4,1,1,1,2,1,2,Bin_5,11,11,Bin_3,1,2,2,Bin_1,9.0,Bin_4,1.0,1.0,2341.0,Bin_5,1.0,,,302.930336,11,8.0,0.125,8.0,0,0.0,2.016330692930072e-11,,0.07500000000806532,low
711,11,Bin_1,2,11,4,1,1,1,3,1,3,Bin_1,11,1,Bin_1,1,2,2,Bin_1,2.0,Bin_4,8.0,2.0,,,,,,302.930336,11,,,,0,0.16666666666666666,0.7894736842147712,,,low
712,11,Bin_1,2,11,4,1,1,1,4,1,3,Bin_5,11,1,Bin_1,1,2,2,Bin_1,2.0,Bin_3,,,,,,,,302.930336,11,,,,0,0.16666666666666666,2.016330692930072e-11,,,low
713,11,Bin_1,2,11,4,1,1,1,5,1,3,Bin_5,11,1,Bin_1,1,2,2,Bin_1,2.0,Bin_2,,,,,,,,302.930336,11,,,,0,0.16666666666666666,2.016330692930072e-11,,,low
714,11,*,2,11,5,1,1,1,1,1,1,*,11,8,*,1,2,2,*,9.0,*,1.0,1.0,7531.0,*,6.0,,,302.930336,11,198.0,0.005050505050505051,198.0,0,0.0,2.016330692930072e-11,,0.003030303038368353,low
715,11,Bin_1,2,11,5,1,1,1,2,1,2,Bin_5,11,9,Bin_4,1,2,2,Bin_1,9.0,Bin_3,7.0,2.0,,,,,,302.930336,11,,,,0,0.16666666666666666,2.016330692930072e-11,,,low
716,11,Bin_1,2,11,5,1,1,1,3,1,3,Bin_1,11,7,Bin_2,1,2,2,Bin_1,9.0,Bin_4,1.0,1.0,7531.0,Bin_1,6.0,,,302.930336,11,6.0,0.16666666666666666,6.0,0,0.0,7.296091558556e-11,,0.10000000002918435,low
717,11,Bin_1,2,11,5,1,1,1,4,1,3,Bin_1,11,1,Bin_2,1,2,2,Bin_1,9.0,Bin_3,1.0,1.0,1321.0,Bin_1,4.0,,,302.930336,11,5.0,0.2,5.0,0,0.0,4.0963528991062e-11,,0.1200000000163854,low
718,11,Bin_1,2,11,5,1,1,1,5,1,5,Bin_5,11,7,Bin_2,1,2,2,Bin_1,9.0,Bin_4,7.0,2.0,,,,,,302.930336,11,,,,0,0.16666666666666666,2.016330692930072e-11,,,low
719,11,Bin_1,2,11,5,1,1,1,6,1,5,Bin_5,11,8,Bin_1,1,2,2,Bin_1,,,,,,,,,,302.930336,11,,,,0,0.3333333333333333,2.016330692930072e-11,,,low
720,11,Bin_1,2,11,6,1,1,1,1,1,1,Bin_1,11,4,Bin_4,1,4,3,Bin_1,9.0,Bin_3,1.0,1.0,4321.0,Bin_3,3.0,,,302.930336,11,13.0,0.07692307692307693,13.0,0,0.0,0.23775451225093572,,0.14125565105422044,low
721,11,Bin_1,2,11,6,1,1,1,2,1,2,Bin_5,11,4,Bin_3,1,4,3,Bin_1,9.0,Bin_2,7.0,2.0,,,,,,302.930336,11,,,,0,0.16666666666666666,0.939473684208665,,,low
722,11,Bin_1,2,11,6,1,1,1,3,1,3,Bin_1,11,3,Bin_2,1,4,3,Bin_1,9.0,Bin_3,3.0,2.0,,,,,,302.930336,11,,,,0,0.16666666666666666,0.05943862807785637,,,low
723,11,Bin_1,2,11,6,1,1,1,4,2,3,Bin_1,11,4,Bin_2,1,4,3,Bin_1,9.0,Bin_3,,,,,,2.0,1.0,302.930336,11,,,,0,0.16666666666666666,0.05943862807785637,,,low
724,11,Bin_1,2,11,6,1,1,1,5,1,3,Bin_5,11,12,Bin_2,1,4,3,Bin_1,9.0,Bin_3,7.0,2.0,,,,,,302.930336,11,,,,0,0.16666666666666666,0.10526315791277768,,,low
725,11,*,2,11,6,1,1,1,6,1,5,*,11,1,*,1,4,3,*,9.0,*,1.0,1.0,1221.0,*,5.0,,,302.930336,11,198.0,0.005050505050505051,198.0,0,0.0,2.016330692930072e-11,,0.003030303038368353,low
726,11,Bin_1,2,11,7,1,1,1,1,1,1,Bin_1,11,1,Bin_3,1,2,2,Bin_1,9.0,Bin_4,1.0,1.0,1221.0,Bin_3,3.0,,,302.930336,11,13.0,0.07692307692307693,13.0,0,0.0,0.4210526315906208,,0.21457489879009448,low
727,11,Bin_1,2,11,7,1,1,1,2,1,2,Bin_5,11,8,Bin_3,1,2,2,Bin_1,9.0,Bin_4,7.0,2.0,,,,,,302.930336,11,,,,0,0.16666666666666666,2.016330692930072e-11,,,low
728,11,Bin_1,2,11,7,1,1,1,3,1,3,Bin_5,11,10,Bin_1,1,2,2,Bin_1,2.0,Bin_3,,,,,,,,302.930336,11,,,,0,0.16666666666666666,2.016330692930072e-11,,,low
729,11,Bin_1,2,11,7,1,1,1,4,1,3,Bin_1,11,12,Bin_1,1,2,2,Bin_1,2.0,Bin_2,,,,,,,,302.930336,11,,,,0,0.16666666666666666,2.016330692930072e-11,,,low
730,11,Bin_1,2,11,7,1,1,1,5,1,3,Bin_5,11,8,Bin_1,1,2,2,Bin_1,2.0,Bin_1,,,,,,,,302.930336,11,,,,0,0.16666666666666666,0.31578947369800636,,,low
731,11,Bin_1,2,11,9,1,1,1,1,1,1,Bin_5,11,3,Bin_3,1,4,3,Bin_3,9.0,Bin_2,7.0,2.0,,,,,,302.930336,11,,,,0,0.16666666666666666,3.416031643790907e-11,,,low
732,11,Bin_1,2,11,9,1,1,1,2,1,3,Bin_5,11,4,Bin_2,1,4,3,Bin_1,9.0,Bin_3,7.0,2.0,,,,,,302.930336,11,,,,0,0.16666666666666666,0.10526315791277768,,,low
733,11,*,2,11,9,1,1,1,3,1,3,*,11,11,*,1,4,3,*,9.0,*,1.0,1.0,5230.0,*,3.0,,,302.930336,11,198.0,0.005050505050505051,198.0,0,0.0,2.016330692930072e-11,,0.003030303038368353,low
734,11,Bin_1,2,11,9,1,1,1,4,1,3,Bin_5,11,3,Bin_1,1,4,3,Bin_1,2.0,Bin_3,,,,,,,,302.930336,11,,,,0,0.16666666666666666,2.016330692930072e-11,,,low
735,11,Bin_1,2,11,9,1,1,1,5,1,3,Bin_1,11,12,Bin_2,1,4,3,Bin_1,9.0,Bin_3,1.0,1.0,8332.0,Bin_3,3.0,,,302.930336,11,16.0,0.0625,16.0,0,0.0,2.016330692930072e-11,,0.037500000008065325,low
736,11,Bin_1,2,11,9,1,1,1,6,1,5,Bin_5,11,1,Bin_2,1,4,3,Bin_1,9.0,Bin_3,7.0,2.0,,,,,,302.930336,11,,,,0,0.16666666666666666,0.10526315791277768,,,low
737,11,Bin_1,2,11,10,1,1,1,1,1,1,Bin_5,11,5,Bin_4,1,2,2,Bin_3,9.0,Bin_3,7.0,2.0,,,,,,302.930336,11,,,,0,0.16666666666666666,1.9191918545842895e-11,,,low
738,11,*,2,11,1,1,1,1,1,1,1,*,11,10,*,1,2,2,*,9.0,*,1.0,1.0,9111.0,*,3.0,,,251.5403683,11,198.0,0.005050505050505051,198.0,0,0.0,2.016330692930072e-11,,0.003030303038368353,low
739,11,Bin_1,2,11,1,1,1,1,2,1,5,Bin_1,11,6,Bin_2,1,2,2,Bin_1,9.0,Bin_3,1.0,1.0,5211.0,Bin_3,3.0,,,251.5403683,11,16.0,0.0625,16.0,0,0.0,2.016330692930072e-11,,0.037500000008065325,low
740,11,Bin_1,2,11,1,1,1,1,3,1,5,Bin_1,11,12,Bin_1,1,2,2,Bin_1,2.0,Bin_3,8.0,2.0,,,,,,251.5403683,11,,,,0,0.16666666666666666,2.016330692930072e-11,,,low
741,11,Bin_1,2,11,3,1,1,1,1,1,1,Bin_1,11,6,Bin_4,1,1,1,Bin_1,9.0,Bin_3,9.0,2.0,,,,,,251.5403683,11,,,,0,0.16666666666666666,1.6827342745711738e-11,,,low
742,11,Bin_1,2,11,3,1,1,1,2,1,2,Bin_5,11,5,Bin_4,1,1,1,Bin_1,9.0,Bin_3,9.0,2.0,,,,,,251.5403683,11,,,,0,0.16666666666666666,2.016330692930072e-11,,,low
743,11,*,2,11,4,1,1,1,1,1,1,*,11,5,*,1,1,1,*,9.0,*,1.0,1.0,7531.0,*,5.0,,,251.5403683,11,198.0,0.005050505050505051,198.0,0,0.0,2.016330692930072e-11,,0.003030303038368353,low
744,11,Bin_1,2,11,4,1,1,1,2,1,3,Bin_1,11,3,Bin_2,1,1,1,Bin_1,4.0,Bin_4,1.0,1.0,3312.0,Bin_4,2.0,,,251.5403683,11,8.0,0.125,8.0,0,0.0,5.1709034650113245e-11,,0.0750000000206836,low
745,11,Bin_1,2,11,4,1,1,1,3,1,3,Bin_5,11,1,Bin_2,1,1,1,Bin_1,4.0,Bin_4,1.0,1.0,3341.0,Bin_5,3.0,,,251.5403683,11,8.0,0.125,8.0,0,0.0,0.46127661534794473,,0.2595106461391779,low
746,11,Bin_1,2,11,4,1,1,1,4,1,5,Bin_1,11,12,Bin_2,1,1,1,Bin_1,9.0,Bin_4,1.0,1.0,2511.0,Bin_4,3.0,,,251.5403683,11,8.0,0.125,8.0,0,0.0,5.1709034650113245e-11,,0.0750000000206836,low
747,11,Bin_1,2,11,4,1,1,1,5,1,5,Bin_5,11,9,Bin_2,1,1,1,Bin_1,9.0,Bin_4,7.0,2.0,,,,,,251.5403683,11,,,,0,0.16666666666666666,2.016330692930072e-11,,,low
748,11,Bin_1,2,11,5,1,1,1,1,1,1,Bin_1,11,2,Bin_4,1,2,2,Bin_1,9.0,Bin_4,1.0,1.0,2330.0,Bin_5,5.0,,,251.5403683,11,4.0,0.25,4.0,0,0.0,2.8162969437828473e-11,,0.15000000001126518,low
749,11,Bin_1,2,11,5,1,1,1,2,1,2,Bin_5,11,1,Bin_4,1,2,4,Bin_1,9.0,Bin_4,7.0,2.0,,,,,,251.5403683,11,,,,0,0.16666666666666666,2.016330692930072e-11,,,low
750,11,Bin_1,2,11,5,1,1,1,3,1,3,Bin_5,11,5,Bin_2,1,2,2,Bin_1,4.0,Bin_4,1.0,1.0,2519.0,Bin_4,3.0,,,251.5403683,11,12.0,0.08333333333333333,12.0,0,0.0,2.1760009167715977e-11,,0.050000000008704,low
751,11,Bin_1,2,11,7,1,1,1,1,1,1,Bin_1,11,7,Bin_4,1,1,1,Bin_1,9.0,Bin_4,1.0,1.0,5211.0,Bin_3,3.0,,,251.5403683,11,4.0,0.25,4.0,0,0.0,2.4649395852692814e-11,,0.15000000000985975,low
752,11,Bin_1,2,11,7,1,1,1,2,1,2,Bin_5,11,8,Bin_3,1,2,4,Bin_1,9.0,Bin_3,7.0,2.0,,,,,,251.5403683,11,,,,0,0.16666666666666666,2.016330692930072e-11,,,low
753,11,Bin_1,2,11,7,1,1,1,3,1,3,Bin_1,11,5,Bin_2,1,1,1,Bin_1,9.0,Bin_4,1.0,1.0,3313.0,Bin_4,3.0,,,251.5403683,11,8.0,0.125,8.0,0,0.0,5.1709034650113245e-11,,0.0750000000206836,low
754,11,Bin_1,2,11,8,1,1,1,1,1,1,Bin_1,11,12,Bin_3,1,2,2,Bin_1,9.0,Bin_4,1.0,1.0,1345.0,Bin_5,1.0,,,251.5403683,11,5.0,0.2,5.0,0,0.0,4.267687696109667e-11,,0.12000000001707074,low
755,11,Bin_1,2,11,8,1,1,1,2,1,2,Bin_5,11,7,Bin_2,1,2,2,Bin_1,9.0,Bin_4,1.0,1.0,3360.0,Bin_5,1.0,,,251.5403683,11,8.0,0.125,8.0,0,0.0,0.46127661534794473,,0.2595106461391779,low
756,11,Bin_1,2,11,8,1,1,1,3,1,3,Bin_1,11,3,Bin_1,1,2,2,Bin_1,2.0,Bin_2,,,,,,,,251.5403683,11,,,,0,0.16666666666666666,2.016330692930072e-11,,,low
757,11,Bin_1,2,11,8,1,1,1,4,1,5,Bin_1,11,8,Bin_3,1,2,2,Bin_3,9.0,Bin_3,7.0,2.0,,,,,,251.5403683,11,,,,0,0.16666666666666666,8.745677799621931e-11,,,low
758,11,Bin_1,2,11,9,1,1,1,1,1,1,Bin_1,11,11,Bin_3,1,2,2,Bin_1,9.0,Bin_3,1.0,1.0,8322.0,Bin_3,3.0,,,251.5403683,11,23.0,0.043478260869565216,23.0,0,0.0,2.016330692930072e-11,,0.02608695652980445,low
759,11,Bin_1,2,11,9,1,1,1,2,1,2,Bin_5,11,6,Bin_3,1,2,2,Bin_1,9.0,Bin_4,1.0,1.0,5221.0,Bin_3,5.0,,,251.5403683,11,6.0,0.16666666666666666,6.0,0,0.0,5.798761123058759e-11,,0.10000000002319503,low
760,11,Bin_1,2,11,10,1,1,1,1,1,1,Bin_1,11,10,Bin_4,1,2,2,Bin_1,9.0,Bin_3,1.0,1.0,5211.0,Bin_3,3.0,,,251.5403683,11,13.0,0.07692307692307693,13.0,0,0.0,0.23775451225093572,,0.14125565105422044,low
761,11,Bin_1,2,11,10,1,1,1,2,1,2,Bin_5,11,12,Bin_3,1,2,2,Bin_1,9.0,Bin_3,1.0,1.0,5211.0,Bin_3,3.0,,,251.5403683,11,6.0,0.16666666666666666,6.0,0,0.0,8.283908055514776e-11,,0.10000000003313562,low
762,11,Bin_1,2,11,10,1,1,1,3,1,3,Bin_1,11,10,Bin_2,1,2,2,Bin_1,9.0,Bin_3,1.0,1.0,5211.0,Bin_3,3.0,,,251.5403683,11,16.0,0.0625,16.0,0,0.0,2.016330692930072e-11,,0.037500000008065325,low
763,11,Bin_1,2,11,10,1,1,1,4,1,5,Bin_5,11,4,Bin_2,1,2,2,Bin_1,9.0,Bin_3,7.0,2.0,,,,,,251.5403683,11,,,,0,0.16666666666666666,0.10526315791277768,,,low
764,11,Bin_1,2,11,10,1,1,1,5,1,5,Bin_1,11,12,Bin_1,1,2,2,Bin_1,,,,,,,,,,251.5403683,11,,,,0,0.3333333333333333,0.22278597675880188,,,low
765,11,Bin_1,2,11,2,1,1,1,1,1,1,Bin_1,11,4,Bin_3,1,4,3,Bin_1,9.0,Bin_4,1.0,1.0,7532.0,Bin_3,3.0,,,329.3981013,11,13.0,0.07692307692307693,13.0,0,0.0,0.4210526315906208,,0.21457489879009448,low
766,11,Bin_1,2,11,2,1,1,1,2,1,2,Bin_5,11,1,Bin_2,1,4,3,Bin_1,9.0,Bin_3,7.0,2.0,,,,,,329.3981013,11,,,,0,0.16666666666666666,0.10526315791277768,,,low
767,11,Bin_1,2,11,2,1,1,1,3,1,3,Bin_1,11,5,Bin_1,1,4,3,Bin_1,2.0,Bin_2,,,,,,,,329.3981013,11,,,,0,0.16666666666666666,2.016330692930072e-11,,,low
768,11,Bin_1,2,11,2,1,1,1,4,1,3,Bin_5,11,3,Bin_1,1,4,3,Bin_1,2.0,Bin_2,,,,,,,,329.3981013,11,,,,0,0.16666666666666666,2.016330692930072e-11,,,low
769,11,Bin_1,2,11,3,1,1,1,1,1,1,Bin_1,11,3,Bin_3,1,2,2,Bin_1,9.0,Bin_3,1.0,1.0,4212.0,Bin_5,3.0,,,329.3981013,11,3.0,0.3333333333333333,3.0,0,0.0,2.751044730987172e-11,,0.20000000001100415,low
770,11,Bin_1,2,11,3,1,1,1,2,1,2,Bin_5,11,2,Bin_4,1,2,2,Bin_1,9.0,Bin_2,7.0,2.0,,,,,,329.3981013,11,,,,0,0.16666666666666666,2.275793974370401e-11,,,low
771,11,Bin_1,2,11,3,1,1,1,3,1,5,Bin_5,11,4,Bin_1,1,2,2,Bin_1,,,,,,,,,,329.3981013,11,,,,0,0.3333333333333333,2.016330692930072e-11,,,low
772,11,Bin_1,2,11,3,1,1,1,4,1,5,Bin_5,11,11,Bin_1,1,2,2,Bin_1,,,,,,,,,,329.3981013,11,,,,0,0.3333333333333333,2.016330692930072e-11,,,low
773,11,Bin_1,2,11,4,1,1,1,1,1,1,Bin_1,11,2,Bin_4,1,6,3,Bin_1,9.0,Bin_3,9.0,2.0,,,,,,329.3981013,11,,,,0,0.16666666666666666,1.6827342745711738e-11,,,low
774,11,Bin_1,2,11,4,1,1,1,2,1,3,Bin_5,11,1,Bin_3,1,6,3,Bin_5,9.0,Bin_3,7.0,2.0,,,,,,329.3981013,11,,,,0,0.16666666666666666,3.6913558487034307e-10,,,low
775,11,Bin_1,2,11,4,1,1,1,3,1,5,Bin_5,11,9,Bin_2,1,6,3,Bin_1,9.0,Bin_3,7.0,2.0,,,,,,329.3981013,11,,,,0,0.16666666666666666,0.10526315791277768,,,low
776,11,Bin_1,2,11,4,1,1,1,4,1,5,Bin_5,11,6,Bin_1,1,6,3,Bin_1,2.0,Bin_3,8.0,2.0,,,,,,329.3981013,11,,,,0,0.16666666666666666,2.016330692930072e-11,,,low
777,11,Bin_1,2,11,4,1,1,1,5,2,2,Bin_5,11,1,Bin_3,1,6,3,Bin_1,9.0,Bin_3,,,,,,2.0,1.0,329.3981013,11,,,,0,0.16666666666666666,2.016330692930072e-11,,,low
778,11,Bin_1,2,11,5,1,1,1,1,1,1,Bin_1,11,11,Bin_2,1,4,3,Bin_1,9.0,Bin_4,1.0,1.0,1411.0,Bin_3,3.0,,,329.3981013,11,8.0,0.125,8.0,0,0.0,2.8625922011643265e-11,,0.07500000001145037,low
779,11,Bin_1,2,11,5,1,1,1,2,1,2,Bin_5,11,11,Bin_2,1,4,3,Bin_1,9.0,Bin_3,7.0,2.0,,,,,,329.3981013,11,,,,0,0.16666666666666666,0.10526315791277768,,,low
780,11,Bin_1,2,11,5,1,1,1,3,1,3,Bin_1,11,9,Bin_1,1,4,3,Bin_1,2.0,Bin_2,,,,,,,,329.3981013,11,,,,0,0.16666666666666666,2.016330692930072e-11,,,low
781,11,Bin_1,2,11,5,1,1,1,4,1,3,Bin_5,11,6,Bin_1,1,4,3,Bin_1,2.0,Bin_1,,,,,,,,329.3981013,11,,,,0,0.16666666666666666,0.31578947369800636,,,low
782,11,Bin_1,2,11,5,1,1,1,5,1,5,Bin_1,11,8,Bin_2,1,4,3,Bin_1,9.0,Bin_4,1.0,1.0,7532.0,Bin_1,3.0,,,329.3981013,11,6.0,0.16666666666666666,6.0,0,0.0,7.296091558556e-11,,0.10000000002918435,low
783,11,Bin_1,2,11,6,1,1,1,1,1,1,Bin_1,11,12,Bin_2,1,1,1,Bin_1,9.0,Bin_4,7.0,2.0,,,,,,329.3981013,11,,,,0,0.16666666666666666,1.9880093564148657e-11,,,low
784,11,Bin_1,2,11,6,1,1,1,2,1,2,Bin_5,11,11,Bin_3,1,1,1,Bin_1,9.0,Bin_4,1.0,1.0,5131.0,Bin_3,3.0,,,329.3981013,11,6.0,0.16666666666666666,6.0,0,0.0,5.798761123058759e-11,,0.10000000002319503,low
785,11,Bin_1,2,11,6,1,1,1,3,1,3,Bin_5,11,11,Bin_1,1,1,1,Bin_1,1.0,,,,,,,,,329.3981013,11,,,,0,0.3333333333333333,2.016330692930072e-11,,,low
786,11,Bin_1,2,11,7,1,1,1,1,1,1,Bin_1,11,5,Bin_4,1,2,2,Bin_1,9.0,Bin_3,4.0,2.0,,,,,,329.3981013,11,,,,0,0.16666666666666666,1.6827342745711738e-11,,,low
787,11,Bin_1,2,11,7,1,1,1,2,1,2,Bin_5,11,1,Bin_4,1,2,2,Bin_1,9.0,Bin_5,1.0,1.0,9111.0,Bin_5,3.0,,,329.3981013,11,2.0,0.5,2.0,0,0.0,1.0219662810605337e-10,,0.3000000000408786,low
788,11,Bin_1,2,11,7,1,1,1,3,1,3,Bin_5,11,6,Bin_2,1,2,2,Bin_1,4.0,Bin_3,8.0,2.0,,,,,,329.3981013,11,,,,0,0.16666666666666666,0.10526315791277768,,,low
789,11,Bin_1,2,11,8,1,1,1,1,1,1,Bin_1,11,10,Bin_4,1,4,3,Bin_1,9.0,Bin_4,1.0,1.0,5211.0,Bin_3,3.0,,,329.3981013,11,4.0,0.25,4.0,0,0.0,2.4649395852692814e-11,,0.15000000000985975,low
790,11,Bin_1,2,11,8,1,1,1,2,1,2,Bin_5,11,6,Bin_4,1,4,3,Bin_1,9.0,Bin_3,7.0,2.0,,,,,,329.3981013,11,,,,0,0.16666666666666666,2.016330692930072e-11,,,low
791,11,Bin_1,2,11,8,1,1,1,3,1,3,Bin_5,11,4,Bin_2,1,4,3,Bin_1,9.0,Bin_4,1.0,1.0,5211.0,Bin_3,3.0,,,329.3981013,11,8.0,0.125,8.0,0,0.0,1.821438878796227e-11,,0.07500000000728575,low
792,11,*,2,11,8,1,1,1,4,1,5,*,11,5,*,1,4,3,*,9.0,*,1.0,1.0,3123.0,*,3.0,,,329.3981013,11,198.0,0.005050505050505051,198.0,0,0.0,2.016330692930072e-11,,0.003030303038368353,low
793,11,Bin_1,2,11,8,1,1,1,5,1,9,Bin_1,11,10,Bin_1,1,4,3,Bin_1,2.0,Bin_1,,,,,,,,329.3981013,11,,,,0,0.16666666666666666,2.016330692930072e-11,,,low
794,11,Bin_1,2,11,8,1,1,1,6,1,9,Bin_1,11,3,Bin_1,1,4,3,Bin_1,,,,,,,,,,329.3981013,11,,,,0,0.3333333333333333,0.22278597675880188,,,low
795,11,Bin_1,2,11,8,1,1,1,7,1,3,Bin_5,11,7,Bin_2,1,4,3,Bin_1,9.0,Bin_4,7.0,2.0,,,,,,329.3981013,11,,,,0,0.16666666666666666,2.016330692930072e-11,,,low
796,11,Bin_1,2,11,8,1,1,1,8,1,9,Bin_1,11,10,Bin_1,1,4,3,Bin_1,2.0,Bin_1,,,,,,,,329.3981013,11,,,,0,0.16666666666666666,2.016330692930072e-11,,,low
797,11,Bin_1,2,11,8,1,1,1,9,1,9,Bin_5,11,7,Bin_1,1,4,3,Bin_1,,,,,,,,,,329.3981013,11,,,,0,0.3333333333333333,2.016330692930072e-11,,,low
798,11,Bin_1,2,11,8,1,1,1,10,1,3,Bin_5,11,6,Bin_1,1,4,3,Bin_1,2.0,Bin_4,8.0,2.0,,,,,,329.3981013,11,,,,0,0.16666666666666666,0.8947368421073856,,,low
799,11,Bin_1,2,11,8,1,1,1,11,2,5,Bin_1,11,6,Bin_2,1,4,3,Bin_1,9.0,Bin_3,,,,,,2.0,1.0,329.3981013,11,,,,0,0.16666666666666666,0.05943862807785637,,,low
800,11,Bin_5,2,11,1,1,1,1,1,1,1,Bin_1,11,5,Bin_4,1,1,1,Bin_1,9.0,Bin_3,9.0,2.0,,,,,,337.1700395,11,,,,0,0.16666666666666666,7.323960493841798e-11,,,low
801,11,Bin_5,2,11,1,1,1,1,2,1,2,Bin_5,11,8,Bin_4,1,1,1,Bin_1,9.0,Bin_3,7.0,2.0,,,,,,337.1700395,11,,,,0,0.16666666666666666,1.8915364001301663e-11,,,low
802,11,Bin_5,2,11,1,1,1,1,3,1,3,Bin_1,11,3,Bin_2,1,1,1,Bin_1,9.0,Bin_4,7.0,2.0,,,,,,337.1700395,11,,,,0,0.16666666666666666,2.0997385717151236e-11,,,low
803,11,*,2,11,4,1,1,1,1,1,1,*,11,12,*,1,1,1,*,9.0,*,1.0,1.0,5211.0,*,3.0,,,337.1700395,11,198.0,0.005050505050505051,198.0,0,0.0,2.016330692930072e-11,,0.003030303038368353,low
804,11,Bin_5,2,11,4,1,1,1,2,1,2,Bin_5,11,2,Bin_3,1,1,1,Bin_1,9.0,Bin_3,7.0,2.0,,,,,,337.1700395,11,,,,0,0.16666666666666666,2.016330692930072e-11,,,low
805,11,Bin_5,2,11,4,1,1,1,3,1,3,Bin_1,11,12,Bin_1,1,1,1,Bin_1,2.0,Bin_3,,,,,,,,337.1700395,11,,,,0,0.16666666666666666,2.450919430875042e-11,,,low
806,11,Bin_5,2,11,5,1,1,1,1,1,1,Bin_5,11,6,Bin_4,1,1,1,Bin_3,9.0,Bin_2,9.0,2.0,,,,,,337.1700395,11,,,,0,0.16666666666666666,6.061453785110856e-11,,,low
807,11,*,2,11,5,1,1,1,2,1,3,*,11,5,*,1,1,1,*,9.0,*,1.0,1.0,8323.0,*,5.0,,,337.1700395,11,198.0,0.005050505050505051,198.0,0,0.0,2.016330692930072e-11,,0.003030303038368353,low
808,11,Bin_5,2,11,5,1,1,1,3,1,5,Bin_5,11,9,Bin_2,1,1,1,Bin_1,9.0,Bin_3,7.0,2.0,,,,,,337.1700395,11,,,,0,0.16666666666666666,1.8943991931312947e-11,,,low
809,11,Bin_5,2,11,5,1,1,1,4,1,5,Bin_5,11,9,Bin_1,1,1,1,Bin_1,2.0,Bin_2,,,,,,,,337.1700395,11,,,,0,0.16666666666666666,2.489744622400259e-11,,,low
810,11,Bin_5,2,11,5,1,1,1,5,1,5,Bin_5,11,7,Bin_1,1,1,1,Bin_1,1.0,,,,,,,,,337.1700395,11,,,,0,0.3333333333333333,8.427148901328881e-11,,,low
811,11,*,2,11,6,1,1,1,1,1,1,*,11,12,*,1,1,1,*,9.0,*,1.0,1.0,5221.0,*,5.0,,,337.1700395,11,198.0,0.005050505050505051,198.0,0,0.0,2.016330692930072e-11,,0.003030303038368353,low
812,11,Bin_5,2,11,7,1,1,1,1,1,1,Bin_1,11,11,Bin_4,1,1,1,Bin_1,9.0,Bin_5,9.0,2.0,,,,,,337.1700395,11,,,,0,0.16666666666666666,8.841851595760094e-11,,,low
813,11,*,2,11,7,1,1,1,2,1,2,*,11,2,*,1,1,1,*,9.0,*,2.0,1.0,2211.0,*,5.0,,,337.1700395,11,198.0,0.005050505050505051,198.0,0,0.0,2.016330692930072e-11,,0.003030303038368353,low
814,11,Bin_5,2,11,7,1,1,1,3,1,3,Bin_5,11,4,Bin_2,1,1,1,Bin_1,3.0,Bin_4,8.0,2.0,,,,,,337.1700395,11,,,,0,0.16666666666666666,2.2282854273109737e-11,,,low
815,11,Bin_5,2,11,7,1,1,1,4,1,3,Bin_1,11,6,Bin_1,1,1,1,Bin_1,2.0,Bin_4,8.0,2.0,,,,,,337.1700395,11,,,,0,0.16666666666666666,2.8929896859804482e-12,,,low
816,11,*,2,11,8,1,1,1,1,1,1,*,11,12,*,1,1,1,*,9.0,*,1.0,1.0,5221.0,*,5.0,,,337.1700395,11,198.0,0.005050505050505051,198.0,0,0.0,2.016330692930072e-11,,0.003030303038368353,low
817,11,Bin_5,2,11,8,1,1,1,2,1,2,Bin_5,11,2,Bin_4,1,1,1,Bin_1,9.0,Bin_3,7.0,2.0,,,,,,337.1700395,11,,,,0,0.16666666666666666,1.8915364001301663e-11,,,low
818,11,*,2,11,8,1,1,1,3,1,3,*,11,9,*,1,1,1,*,9.0,*,1.0,1.0,3511.0,*,1.0,,,337.1700395,11,198.0,0.005050505050505051,198.0,0,0.0,2.016330692930072e-11,,0.003030303038368353,low
819,11,Bin_5,2,11,8,1,1,1,4,1,3,Bin_1,11,12,Bin_2,1,1,1,Bin_1,4.0,Bin_4,8.0,2.0,,,,,,337.1700395,11,,,,0,0.16666666666666666,2.0997385717151236e-11,,,low
820,11,*,2,11,9,1,1,1,1,1,1,*,11,3,*,1,1,1,*,9.0,*,1.0,1.0,7231.0,*,5.0,,,337.1700395,11,198.0,0.005050505050505051,198.0,0,0.0,2.016330692930072e-11,,0.003030303038368353,low
821,11,Bin_5,2,11,9,1,1,1,2,1,2,Bin_5,11,4,Bin_2,1,1,1,Bin_1,9.0,Bin_3,7.0,2.0,,,,,,337.1700395,11,,,,0,0.16666666666666666,1.8943991931312947e-11,,,low
822,11,Bin_5,2,11,9,1,1,1,3,1,3,Bin_1,11,12,Bin_1,1,1,1,Bin_1,2.0,Bin_2,,,,,,,,337.1700395,11,,,,0,0.16666666666666666,2.3545354853625007e-11,,,low
823,11,Bin_5,2,11,9,1,1,1,4,1,3,Bin_5,11,2,Bin_1,1,1,1,Bin_1,2.0,Bin_1,,,,,,,,337.1700395,11,,,,0,0.16666666666666666,4.85113509112517e-11,,,low
824,11,Bin_5,2,11,9,1,1,1,5,1,3,Bin_5,11,2,Bin_1,1,1,1,Bin_1,1.0,Bin_5,,,,,,,,337.1700395,11,,,,0,0.16666666666666666,9.054485045312695e-11,,,low
825,11,Bin_1,2,11,1,1,1,1,1,1,1,Bin_1,11,8,Bin_3,1,1,1,Bin_1,9.0,Bin_3,1.0,1.0,5412.0,Bin_5,1.0,,,359.9276815,11,3.0,0.3333333333333333,3.0,0,0.0,2.751044730987172e-11,,0.20000000001100415,low
826,11,Bin_1,2,11,1,1,1,1,2,1,2,Bin_5,11,4,Bin_3,1,1,1,Bin_1,9.0,Bin_4,4.0,2.0,,,,,,359.9276815,11,,,,0,0.16666666666666666,2.016330692930072e-11,,,low
827,11,Bin_1,2,11,1,1,1,1,3,1,4,Bin_5,11,12,Bin_5,1,1,1,Bin_3,9.0,Bin_1,9.0,2.0,,,,,,359.9276815,11,,,,0,0.16666666666666666,5.020011837414872e-11,,,low
828,11,Bin_1,2,11,1,1,1,1,4,1,5,Bin_5,11,9,Bin_4,1,1,1,Bin_1,9.0,Bin_3,7.0,2.0,,,,,,359.9276815,11,,,,0,0.16666666666666666,2.016330692930072e-11,,,low
829,11,Bin_1,2,11,2,1,1,1,1,1,1,Bin_5,11,9,Bin_3,1,1,1,Bin_1,9.0,Bin_4,1.0,1.0,5414.0,Bin_3,3.0,,,359.9276815,11,6.0,0.16666666666666666,6.0,0,0.0,5.798761123058759e-11,,0.10000000002319503,low
830,11,Bin_1,2,11,2,1,1,1,2,1,3,Bin_1,11,10,Bin_2,1,1,1,Bin_1,9.0,Bin_4,3.0,2.0,,,,,,359.9276815,11,,,,0,0.16666666666666666,1.9880093564148657e-11,,,low
831,11,Bin_1,2,11,2,1,1,1,3,2,2,Bin_1,11,11,Bin_4,1,1,1,Bin_1,9.0,Bin_4,,,,,,1.0,3.0,359.9276815,11,,,,0,0.16666666666666666,1.7528074163844148e-11,,,low
832,11,Bin_1,2,11,2,1,1,1,4,2,3,Bin_1,11,11,Bin_2,1,1,1,Bin_1,4.0,Bin_4,,,,,,1.0,2.0,359.9276815,11,,,,0,0.16666666666666666,1.9880093564148657e-11,,,low
833,11,Bin_1,2,11,3,1,1,1,1,1,1,Bin_1,11,1,Bin_3,1,1,1,Bin_1,9.0,Bin_3,1.0,1.0,3122.0,Bin_1,3.0,,,359.9276815,11,11.0,0.09090909090909091,11.0,0,0.0,4.31002944004418e-11,,0.05454545456269466,low
834,11,Bin_1,2,11,3,1,1,1,2,1,2,Bin_5,11,12,Bin_2,1,1,1,Bin_1,9.0,Bin_4,7.0,2.0,,,,,,359.9276815,11,,,,0,0.16666666666666666,2.016330692930072e-11,,,low
835,11,Bin_1,2,11,3,1,1,1,3,1,3,Bin_1,11,10,Bin_1,1,1,1,Bin_1,2.0,Bin_1,,,,,,,,359.9276815,11,,,,0,0.16666666666666666,2.016330692930072e-11,,,low
836,11,Bin_1,2,11,3,1,1,1,4,1,3,Bin_5,11,7,Bin_1,1,1,1,Bin_1,2.0,Bin_1,,,,,,,,359.9276815,11,,,,0,0.16666666666666666,0.31578947369800636,,,low
837,11,Bin_1,2,11,4,1,1,1,1,1,1,Bin_1,11,3,Bin_2,1,1,1,Bin_1,9.0,Bin_4,1.0,1.0,5121.0,Bin_3,3.0,,,359.9276815,11,8.0,0.125,8.0,0,0.0,2.8625922011643265e-11,,0.07500000001145037,low
838,11,Bin_1,2,11,4,1,1,1,2,1,2,Bin_5,11,8,Bin_2,1,1,1,Bin_1,9.0,Bin_4,1.0,1.0,4110.0,Bin_4,3.0,,,359.9276815,11,12.0,0.08333333333333333,12.0,0,0.0,2.1760009167715977e-11,,0.050000000008704,low
839,11,Bin_1,2,11,4,1,1,1,3,1,3,Bin_5,11,9,Bin_1,1,1,1,Bin_1,2.0,Bin_1,,,,,,,,359.9276815,11,,,,0,0.16666666666666666,0.31578947369800636,,,low
840,11,Bin_1,2,11,4,1,1,1,4,1,3,Bin_5,11,4,Bin_1,1,1,1,Bin_1,,,,,,,,,,359.9276815,11,,,,0,0.3333333333333333,2.016330692930072e-11,,,low
841,11,Bin_1,2,11,5,1,1,1,1,1,1,Bin_1,11,5,Bin_3,1,1,1,Bin_1,9.0,Bin_3,1.0,1.0,5221.0,Bin_3,5.0,,,359.9276815,11,23.0,0.043478260869565216,23.0,0,0.0,2.016330692930072e-11,,0.02608695652980445,low
842,11,Bin_1,2,11,5,1,1,1,2,1,2,Bin_5,11,12,Bin_3,1,1,1,Bin_1,9.0,Bin_4,1.0,1.0,4110.0,Bin_5,1.0,,,359.9276815,11,8.0,0.125,8.0,0,0.0,2.016330692930072e-11,,0.07500000000806532,low
843,11,Bin_1,2,11,5,1,1,1,3,1,3,Bin_5,11,4,Bin_2,1,1,1,Bin_1,2.0,Bin_4,8.0,2.0,,,,,,359.9276815,11,,,,0,0.16666666666666666,2.016330692930072e-11,,,low
844,11,Bin_1,2,11,5,1,1,1,4,1,3,Bin_1,11,9,Bin_1,1,1,1,Bin_1,2.0,Bin_3,8.0,2.0,,,,,,359.9276815,11,,,,0,0.16666666666666666,2.016330692930072e-11,,,low
845,11,*,2,11,6,1,1,1,1,1,1,*,11,5,*,1,1,1,*,9.0,*,2.0,1.0,3341.0,*,3.0,,,359.9276815,11,198.0,0.005050505050505051,198.0,0,0.0,2.016330692930072e-11,,0.003030303038368353,low
846,11,Bin_1,2,11,6,1,1,1,2,1,2,Bin_5,11,6,Bin_2,1,1,1,Bin_1,9.0,Bin_4,3.0,1.0,2611.0,Bin_5,3.0,,,359.9276815,11,8.0,0.125,8.0,0,0.0,0.46127661534794473,,0.2595106461391779,low
847,11,Bin_1,2,11,6,1,1,1,3,1,3,Bin_1,11,6,Bin_1,1,1,1,Bin_1,,,,,,,,,,359.9276815,11,,,,0,0.3333333333333333,0.22278597675880188,,,low
848,11,Bin_1,2,11,6,1,1,1,4,1,5,Bin_5,11,5,Bin_4,1,1,1,Bin_1,9.0,Bin_4,9.0,2.0,,,,,,359.9276815,11,,,,0,0.16666666666666666,2.016330692930072e-11,,,low
849,11,Bin_1,2,11,7,1,1,1,1,1,1,Bin_1,11,9,Bin_3,1,1,1,Bin_1,9.0,Bin_4,1.0,1.0,1420.0,Bin_3,5.0,,,359.9276815,11,13.0,0.07692307692307693,13.0,0,0.0,0.4210526315906208,,0.21457489879009448,low
850,11,Bin_1,2,11,7,1,1,1,2,1,2,Bin_5,11,4,Bin_3,1,1,1,Bin_1,9.0,Bin_4,7.0,2.0,,,,,,359.9276815,11,,,,0,0.16666666666666666,2.016330692930072e-11,,,low
851,11,Bin_1,2,11,7,1,1,1,3,1,3,Bin_5,11,11,Bin_2,1,1,1,Bin_1,9.0,Bin_4,99.0,2.0,,,,,,359.9276815,11,,,,0,0.16666666666666666,2.016330692930072e-11,,,low
852,11,Bin_1,2,11,7,1,1,1,4,1,3,Bin_1,11,3,Bin_1,1,1,1,Bin_1,2.0,Bin_4,8.0,2.0,,,,,,359.9276815,11,,,,0,0.16666666666666666,0.7894736842147712,,,low
853,11,Bin_1,2,11,7,1,1,1,5,1,3,Bin_1,11,11,Bin_1,1,1,1,Bin_1,2.0,Bin_1,,,,,,,,359.9276815,11,,,,0,0.16666666666666666,2.016330692930072e-11,,,low
854,11,*,2,11,8,1,1,1,1,1,1,*,11,5,*,1,1,1,*,9.0,*,1.0,1.0,3422.0,*,3.0,,,359.9276815,11,198.0,0.005050505050505051,198.0,0,0.0,2.016330692930072e-11,,0.003030303038368353,low
855,11,Bin_1,2,11,10,1,1,1,1,1,1,Bin_1,11,9,Bin_3,1,1,1,Bin_1,9.0,Bin_3,2.0,1.0,3115.0,Bin_4,3.0,,,359.9276815,11,4.0,0.25,4.0,0,0.0,0.6032078816026466,,0.3912831526410586,low
856,11,Bin_1,2,11,10,1,1,1,2,1,2,Bin_5,11,9,Bin_3,1,1,1,Bin_1,9.0,Bin_3,7.0,2.0,,,,,,359.9276815,11,,,,0,0.16666666666666666,2.016330692930072e-11,,,low
857,11,Bin_1,2,11,10,1,1,1,3,1,3,Bin_5,11,10,Bin_2,1,1,1,Bin_1,4.0,Bin_4,8.0,2.0,,,,,,359.9276815,11,,,,0,0.16666666666666666,2.016330692930072e-11,,,low
858,11,Bin_1,2,11,10,1,1,1,4,1,3,Bin_5,11,6,Bin_1,1,1,1,Bin_1,2.0,Bin_2,,,,,,,,359.9276815,11,,,,0,0.16666666666666666,2.016330692930072e-11,,,low
859,11,Bin_1,2,11,1,1,1,1,1,1,1,Bin_1,11,5,Bin_3,1,1,1,Bin_1,9.0,Bin_4,1.0,1.0,1439.0,Bin_3,4.0,,,254.4943202,11,13.0,0.07692307692307693,13.0,0,0.0,0.4210526315906208,,0.21457489879009448,low
860,11,Bin_1,2,11,1,1,1,1,2,1,2,Bin_5,11,2,Bin_2,1,1,1,Bin_1,9.0,Bin_4,7.0,2.0,,,,,,254.4943202,11,,,,0,0.16666666666666666,2.016330692930072e-11,,,low
861,11,Bin_1,2,11,1,1,1,1,3,1,3,Bin_5,11,7,Bin_1,1,1,1,Bin_1,2.0,Bin_2,,,,,,,,254.4943202,11,,,,0,0.16666666666666666,2.016330692930072e-11,,,low
862,11,Bin_1,2,11,1,1,1,1,4,1,3,Bin_1,11,9,Bin_1,1,1,1,Bin_1,2.0,Bin_1,,,,,,,,254.4943202,11,,,,0,0.16666666666666666,2.016330692930072e-11,,,low
863,11,*,2,11,2,1,1,1,1,1,1,*,11,6,*,1,1,1,*,9.0,*,1.0,1.0,8332.0,*,2.0,,,254.4943202,11,198.0,0.005050505050505051,198.0,0,0.0,2.016330692930072e-11,,0.003030303038368353,low
864,11,Bin_1,2,11,2,1,1,1,2,1,2,Bin_5,11,5,Bin_3,1,1,1,Bin_1,9.0,Bin_3,7.0,2.0,,,,,,254.4943202,11,,,,0,0.16666666666666666,2.016330692930072e-11,,,low
865,11,Bin_1,2,11,2,1,1,1,3,1,5,Bin_1,11,3,Bin_3,1,1,1,Bin_1,9.0,Bin_3,1.0,1.0,8332.0,Bin_3,5.0,,,254.4943202,11,23.0,0.043478260869565216,23.0,0,0.0,2.016330692930072e-11,,0.02608695652980445,low
866,11,Bin_1,2,11,3,1,1,1,1,1,1,Bin_1,11,8,Bin_3,1,1,1,Bin_1,9.0,Bin_3,2.0,1.0,8323.0,Bin_3,5.0,,,254.4943202,11,23.0,0.043478260869565216,23.0,0,0.0,2.016330692930072e-11,,0.02608695652980445,low
867,11,Bin_1,2,11,3,1,1,1,2,1,2,Bin_5,11,9,Bin_3,1,1,1,Bin_1,9.0,Bin_4,7.0,2.0,,,,,,254.4943202,11,,,,0,0.16666666666666666,2.016330692930072e-11,,,low
868,11,Bin_1,2,11,3,1,1,1,3,2,3,Bin_5,11,12,Bin_2,1,1,1,Bin_1,3.0,Bin_4,,,,,,1.0,2.0,254.4943202,11,,,,0,0.16666666666666666,2.016330692930072e-11,,,low
869,11,Bin_1,2,11,4,1,1,1,1,1,1,Bin_1,11,2,Bin_4,1,1,1,Bin_1,9.0,Bin_4,1.0,1.0,5221.0,Bin_3,5.0,,,254.4943202,11,4.0,0.25,4.0,0,0.0,2.4649395852692814e-11,,0.15000000000985975,low
870,11,Bin_1,2,11,4,1,1,1,2,1,2,Bin_5,11,9,Bin_3,1,1,1,Bin_1,9.0,Bin_4,7.0,1.0,5211.0,Bin_3,6.0,,,254.4943202,11,6.0,0.16666666666666666,6.0,0,0.0,5.798761123058759e-11,,0.10000000002319503,low
871,11,Bin_1,2,11,4,1,1,1,3,1,3,Bin_5,11,6,Bin_2,1,1,1,Bin_1,9.0,Bin_4,1.0,1.0,3313.0,Bin_4,3.0,,,254.4943202,11,12.0,0.08333333333333333,12.0,0,0.0,2.1760009167715977e-11,,0.050000000008704,low
872,11,Bin_1,2,11,4,1,1,1,4,1,5,Bin_5,11,10,Bin_2,1,1,1,Bin_1,9.0,Bin_5,3.0,2.0,,,,,,254.4943202,11,,,,0,0.16666666666666666,1.0,,,low
873,11,Bin_1,2,11,5,1,1,1,1,1,1,Bin_1,11,8,Bin_3,1,1,1,Bin_1,9.0,Bin_3,1.0,1.0,1321.0,Bin_1,4.0,,,254.4943202,11,11.0,0.09090909090909091,11.0,0,0.0,4.31002944004418e-11,,0.05454545456269466,low
874,11,Bin_1,2,11,5,1,1,1,2,1,2,Bin_5,11,4,Bin_3,1,1,1,Bin_1,9.0,Bin_3,7.0,2.0,,,,,,254.4943202,11,,,,0,0.16666666666666666,2.016330692930072e-11,,,low
875,11,Bin_1,2,11,5,1,1,1,3,1,3,Bin_5,11,8,Bin_2,1,1,1,Bin_1,4.0,Bin_4,1.0,1.0,3313.0,Bin_4,3.0,,,254.4943202,11,12.0,0.08333333333333333,12.0,0,0.0,2.1760009167715977e-11,,0.050000000008704,low
876,11,Bin_1,2,11,5,1,1,1,4,1,3,Bin_5,11,5,Bin_2,1,1,1,Bin_1,4.0,Bin_4,3.0,2.0,,,,,,254.4943202,11,,,,0,0.16666666666666666,2.016330692930072e-11,,,low
877,11,Bin_1,2,11,6,1,1,1,1,1,1,Bin_5,11,9,Bin_4,1,1,1,Bin_3,9.0,Bin_4,7.0,2.0,,,,,,254.4943202,11,,,,0,0.16666666666666666,2.6581610135721157e-11,,,low
878,11,Bin_1,2,11,6,1,1,1,2,1,3,Bin_5,11,11,Bin_2,1,1,1,Bin_1,4.0,Bin_4,1.0,1.0,4110.0,Bin_1,3.0,,,254.4943202,11,7.0,0.14285714285714285,7.0,0,0.0,8.83950632253061e-11,,0.08571428574964372,low
879,11,Bin_1,2,11,6,1,1,1,3,1,3,Bin_5,11,3,Bin_2,1,1,1,Bin_1,4.0,Bin_4,1.0,1.0,4110.0,Bin_1,3.0,,,254.4943202,11,7.0,0.14285714285714285,7.0,0,0.0,8.83950632253061e-11,,0.08571428574964372,low
880,11,*,2,11,8,1,1,1,1,1,1,*,11,12,*,1,1,1,*,9.0,*,1.0,1.0,2310.0,*,1.0,,,254.4943202,11,198.0,0.005050505050505051,198.0,0,0.0,2.016330692930072e-11,,0.003030303038368353,low
881,11,Bin_1,2,11,8,1,1,1,2,1,2,Bin_5,11,8,Bin_4,1,1,1,Bin_1,9.0,Bin_5,7.0,2.0,,,,,,254.4943202,11,,,,0,0.16666666666666666,7.263253760522444e-11,,,low
882,11,Bin_1,2,11,8,1,1,1,3,1,3,Bin_1,11,2,Bin_2,1,1,1,Bin_1,4.0,Bin_4,1.0,1.0,2152.0,Bin_4,3.0,,,254.4943202,11,8.0,0.125,8.0,0,0.0,5.1709034650113245e-11,,0.0750000000206836,low
883,11,Bin_1,2,11,8,1,1,1,4,2,3,Bin_5,11,5,Bin_2,1,1,1,Bin_1,3.0,Bin_5,,,,,,2.0,2.0,254.4943202,11,,,,0,0.16666666666666666,1.0,,,low
884,11,Bin_1,2,11,9,1,1,1,1,1,1,Bin_1,11,8,Bin_4,1,1,1,Bin_1,9.0,Bin_3,1.0,1.0,8323.0,Bin_3,5.0,,,254.4943202,11,13.0,0.07692307692307693,13.0,0,0.0,0.23775451225093572,,0.14125565105422044,low
885,11,*,2,11,9,1,1,1,2,1,2,*,11,9,*,1,1,1,*,9.0,*,1.0,1.0,9112.0,*,3.0,,,254.4943202,11,198.0,0.005050505050505051,198.0,0,0.0,2.016330692930072e-11,,0.003030303038368353,low
886,11,*,2,11,10,1,1,1,1,1,1,*,11,10,*,1,1,1,*,9.0,*,1.0,1.0,2166.0,*,3.0,,,254.4943202,11,198.0,0.005050505050505051,198.0,0,0.0,2.016330692930072e-11,,0.003030303038368353,low
887,11,Bin_1,2,11,10,1,1,1,2,1,2,Bin_5,11,8,Bin_3,1,1,1,Bin_1,9.0,Bin_4,7.0,2.0,,,,,,254.4943202,11,,,,0,0.16666666666666666,2.016330692930072e-11,,,low
888,11,Bin_1,2,11,10,1,1,1,3,1,3,Bin_5,11,9,Bin_1,1,1,1,Bin_1,2.0,Bin_2,,,,,,,,254.4943202,11,,,,0,0.16666666666666666,2.016330692930072e-11,,,low
889,11,Bin_1,2,11,10,1,1,1,4,1,3,Bin_1,11,11,Bin_1,1,1,1,Bin_1,2.0,Bin_1,,,,,,,,254.4943202,11,,,,0,0.16666666666666666,2.016330692930072e-11,,,low
890,11,Bin_1,2,11,1,1,1,1,1,1,1,Bin_1,11,12,Bin_3,1,1,1,Bin_1,9.0,Bin_3,1.0,1.0,8323.0,Bin_3,4.0,,,377.492039,11,23.0,0.043478260869565216,23.0,0,0.0,2.016330692930072e-11,,0.02608695652980445,low
891,11,Bin_1,2,11,1,1,1,1,2,1,2,Bin_5,11,3,Bin_3,1,1,4,Bin_1,9.0,Bin_3,7.0,2.0,,,,,,377.492039,11,,,,0,0.16666666666666666,2.016330692930072e-11,,,low
892,11,Bin_1,2,11,1,1,1,1,3,1,3,Bin_1,11,1,Bin_2,1,1,4,Bin_1,9.0,Bin_3,3.0,2.0,,,,,,377.492039,11,,,,0,0.16666666666666666,0.05943862807785637,,,low
893,11,Bin_1,2,11,1,1,1,1,4,1,3,Bin_5,11,6,Bin_1,1,1,4,Bin_1,6.0,Bin_3,8.0,2.0,,,,,,377.492039,11,,,,0,0.16666666666666666,2.016330692930072e-11,,,low
894,11,Bin_1,2,11,1,1,1,1,5,1,3,Bin_5,11,12,Bin_1,1,1,4,Bin_1,2.0,Bin_2,,,,,,,,377.492039,11,,,,0,0.16666666666666666,2.016330692930072e-11,,,low
895,11,Bin_1,2,11,1,1,1,1,6,1,3,Bin_5,11,11,Bin_1,1,1,4,Bin_1,2.0,Bin_1,,,,,,,,377.492039,11,,,,0,0.16666666666666666,0.31578947369800636,,,low
896,11,Bin_1,2,11,3,1,1,1,1,1,1,Bin_1,11,3,Bin_5,1,1,1,Bin_1,9.0,Bin_4,4.0,2.0,,,,,,377.492039,11,,,,0,0.16666666666666666,5.899811058747034e-11,,,low
897,11,Bin_1,2,11,3,1,1,1,2,1,2,Bin_5,11,9,Bin_5,1,1,1,Bin_1,9.0,Bin_4,4.0,2.0,,,,,,377.492039,11,,,,0,0.16666666666666666,5.5648679437125485e-11,,,low
898,11,Bin_1,2,11,3,1,1,1,3,1,3,Bin_1,11,9,Bin_2,1,1,1,Bin_1,9.0,Bin_4,1.0,1.0,3313.0,Bin_4,3.0,,,377.492039,11,8.0,0.125,8.0,0,0.0,5.1709034650113245e-11,,0.0750000000206836,low
899,11,Bin_1,2,11,3,1,1,1,4,2,5,Bin_5,11,8,Bin_2,1,1,1,Bin_1,9.0,Bin_4,,,,,,1.0,1.0,377.492039,11,,,,0,0.16666666666666666,2.016330692930072e-11,,,low
900,11,Bin_1,2,11,5,1,1,1,1,1,1,Bin_1,11,7,Bin_5,1,1,1,Bin_1,9.0,Bin_5,4.0,2.0,,,,,,377.492039,11,,,,0,0.16666666666666666,1.1619751121267368e-10,,,low
901,11,Bin_1,2,11,5,1,1,1,2,1,2,Bin_5,11,2,Bin_5,1,1,1,Bin_1,9.0,Bin_3,7.0,2.0,,,,,,377.492039,11,,,,0,0.16666666666666666,4.0379950832530846e-11,,,low
902,11,*,2,11,8,1,1,1,1,1,1,*,11,10,*,1,1,1,*,9.0,*,1.0,1.0,7512.0,*,5.0,,,377.492039,11,198.0,0.005050505050505051,198.0,0,0.0,2.016330692930072e-11,,0.003030303038368353,low
903,11,*,2,11,8,1,1,1,2,1,2,*,11,5,*,1,1,1,*,9.0,*,1.0,1.0,9411.0,*,6.0,,,377.492039,11,198.0,0.005050505050505051,198.0,0,0.0,2.016330692930072e-11,,0.003030303038368353,low
904,11,*,2,11,8,1,1,1,3,1,3,*,11,12,*,1,1,1,*,9.0,*,1.0,1.0,3111.0,*,1.0,,,377.492039,11,198.0,0.005050505050505051,198.0,0,0.0,2.016330692930072e-11,,0.003030303038368353,low
905,11,Bin_1,2,11,8,1,1,1,4,1,5,Bin_5,11,3,Bin_2,1,1,1,Bin_1,9.0,Bin_4,1.0,1.0,3111.0,Bin_5,1.0,,,377.492039,11,8.0,0.125,8.0,0,0.0,0.46127661534794473,,0.2595106461391779,low
906,11,Bin_1,2,11,9,1,1,1,1,1,1,Bin_1,11,3,Bin_3,1,4,3,Bin_1,9.0,Bin_3,1.0,1.0,3313.0,Bin_1,3.0,,,377.492039,11,11.0,0.09090909090909091,11.0,0,0.0,4.31002944004418e-11,,0.05454545456269466,low
907,11,Bin_1,2,11,9,1,1,1,2,1,2,Bin_5,11,2,Bin_3,1,4,3,Bin_1,9.0,Bin_3,7.0,2.0,,,,,,377.492039,11,,,,0,0.16666666666666666,2.016330692930072e-11,,,low
908,11,Bin_1,2,11,9,1,1,1,3,1,3,Bin_5,11,2,Bin_2,1,4,3,Bin_1,9.0,Bin_4,1.0,1.0,4321.0,Bin_1,3.0,,,377.492039,11,7.0,0.14285714285714285,7.0,0,0.0,8.83950632253061e-11,,0.08571428574964372,low
909,11,Bin_1,2,11,9,1,1,1,4,1,3,Bin_5,11,4,Bin_2,1,4,3,Bin_1,4.0,Bin_4,8.0,2.0,,,,,,377.492039,11,,,,0,0.16666666666666666,2.016330692930072e-11,,,low
910,11,*,2,11,9,1,1,1,5,1,3,*,11,5,*,1,4,3,*,9.0,*,1.0,1.0,3313.0,*,3.0,,,377.492039,11,198.0,0.005050505050505051,198.0,0,0.0,2.016330692930072e-11,,0.003030303038368353,low
911,11,Bin_1,2,11,9,1,1,1,6,1,3,Bin_5,11,6,Bin_1,1,4,3,Bin_1,2.0,Bin_3,8.0,2.0,,,,,,377.492039,11,,,,0,0.16666666666666666,2.016330692930072e-11,,,low
912,11,Bin_1,2,11,9,1,1,1,7,1,3,Bin_1,11,3,Bin_1,1,4,3,Bin_1,2.0,Bin_1,,,,,,,,377.492039,11,,,,0,0.16666666666666666,2.016330692930072e-11,,,low
913,11,*,2,11,10,1,1,1,1,1,1,*,11,6,*,1,1,4,*,9.0,*,1.0,1.0,2212.0,*,1.0,,,377.492039,11,198.0,0.005050505050505051,198.0,0,0.0,2.016330692930072e-11,,0.003030303038368353,low
914,11,Bin_1,2,11,10,1,1,1,2,2,2,Bin_1,11,3,Bin_3,1,1,4,Bin_1,9.0,Bin_5,,,,,,1.0,1.0,377.492039,11,,,,0,0.16666666666666666,5.479595759179163e-11,,,low
915,11,Bin_1,2,11,10,1,1,1,3,1,3,Bin_5,11,2,Bin_1,1,1,4,Bin_1,2.0,Bin_2,,,,,,,,377.492039,11,,,,0,0.16666666666666666,2.016330692930072e-11,,,low
916,11,Bin_1,2,11,10,1,1,1,4,1,3,Bin_1,11,11,Bin_1,1,1,4,Bin_1,2.0,Bin_2,,,,,,,,377.492039,11,,,,0,0.16666666666666666,2.016330692930072e-11,,,low
917,11,Bin_1,2,11,10,1,1,1,5,1,3,Bin_5,11,11,Bin_1,1,1,4,Bin_1,2.0,Bin_1,,,,,,,,377.492039,11,,,,0,0.16666666666666666,0.31578947369800636,,,low
918,11,Bin_1,2,11,10,1,1,1,6,1,5,Bin_5,11,5,Bin_5,1,1,1,Bin_3,9.0,Bin_3,4.0,2.0,,,,,,377.492039,11,,,,0,0.16666666666666666,1.9517070794609742e-11,,,low
919,11,*,2,11,1,1,1,1,1,1,1,*,11,5,*,1,1,1,*,9.0,*,1.0,1.0,3341.0,*,3.0,,,281.9187194,11,198.0,0.005050505050505051,198.0,0,0.0,2.016330692930072e-11,,0.003030303038368353,low
920,11,Bin_5,2,11,1,1,1,1,2,1,2,Bin_5,11,10,Bin_4,1,1,1,Bin_1,9.0,Bin_4,7.0,2.0,,,,,,281.9187194,11,,,,0,0.16666666666666666,1.8017375985369485e-11,,,low
921,11,*,2,11,2,1,1,1,1,1,1,*,11,1,*,1,1,1,*,9.0,*,1.0,1.0,9313.0,*,3.0,,,281.9187194,11,198.0,0.005050505050505051,198.0,0,0.0,2.016330692930072e-11,,0.003030303038368353,low
922,11,*,2,11,2,1,1,1,2,1,2,*,11,6,*,1,1,1,*,9.0,*,7.0,1.0,7531.0,*,5.0,,,281.9187194,11,198.0,0.005050505050505051,198.0,0,0.0,2.016330692930072e-11,,0.003030303038368353,low
923,11,Bin_5,2,11,2,1,1,1,3,1,3,Bin_5,11,1,Bin_1,1,1,1,Bin_1,2.0,Bin_1,,,,,,,,281.9187194,11,,,,0,0.16666666666666666,4.85113509112517e-11,,,low
924,11,Bin_5,2,11,2,1,1,1,4,1,3,Bin_5,11,1,Bin_1,1,1,1,Bin_1,2.0,Bin_1,,,,,,,,281.9187194,11,,,,0,0.16666666666666666,4.85113509112517e-11,,,low
925,11,Bin_5,2,11,2,1,1,1,5,1,4,Bin_5,11,8,Bin_4,1,1,1,Bin_1,9.0,Bin_3,9.0,2.0,,,,,,281.9187194,11,,,,0,0.16666666666666666,1.8915364001301663e-11,,,low
926,11,Bin_5,2,11,2,1,1,1,6,1,4,Bin_5,11,4,Bin_4,1,1,1,Bin_1,9.0,Bin_2,7.0,2.0,,,,,,281.9187194,11,,,,0,0.16666666666666666,3.84784397605054e-11,,,low
927,11,Bin_5,2,11,3,1,1,1,1,1,1,Bin_1,11,5,Bin_4,1,1,1,Bin_1,9.0,Bin_4,4.0,2.0,,,,,,281.9187194,11,,,,0,0.16666666666666666,7.314219452944378e-11,,,low
928,11,Bin_5,2,11,3,1,1,1,2,1,2,Bin_5,11,4,Bin_4,1,1,1,Bin_1,9.0,Bin_3,7.0,2.0,,,,,,281.9187194,11,,,,0,0.16666666666666666,1.8915364001301663e-11,,,low
929,11,*,2,11,4,1,1,1,1,1,1,*,11,1,*,1,1,1,*,9.0,*,1.0,1.0,9122.0,*,3.0,,,281.9187194,11,198.0,0.005050505050505051,198.0,0,0.0,2.016330692930072e-11,,0.003030303038368353,low
930,11,*,2,11,4,1,1,1,2,1,2,*,11,7,*,1,1,1,*,9.0,*,1.0,1.0,5311.0,*,3.0,,,281.9187194,11,198.0,0.005050505050505051,198.0,0,0.0,2.016330692930072e-11,,0.003030303038368353,low
931,11,*,2,11,4,1,1,1,3,1,3,*,11,2,*,1,1,1,*,9.0,*,1.0,1.0,9112.0,*,3.0,,,281.9187194,11,198.0,0.005050505050505051,198.0,0,0.0,2.016330692930072e-11,,0.003030303038368353,low
932,11,Bin_5,2,11,5,1,1,1,1,1,1,Bin_5,11,10,Bin_4,1,1,1,Bin_3,9.0,Bin_4,4.0,2.0,,,,,,281.9187194,11,,,,0,0.16666666666666666,7.146113916060646e-11,,,low
933,11,*,2,11,5,1,1,1,2,1,3,*,11,4,*,1,1,1,*,9.0,*,1.0,1.0,2412.0,*,3.0,,,281.9187194,11,198.0,0.005050505050505051,198.0,0,0.0,2.016330692930072e-11,,0.003030303038368353,low
934,11,*,2,11,7,1,1,1,1,1,1,*,11,1,*,1,1,1,*,9.0,*,1.0,1.0,3411.0,*,1.0,,,281.9187194,11,198.0,0.005050505050505051,198.0,0,0.0,2.016330692930072e-11,,0.003030303038368353,low
935,11,*,2,11,7,1,1,1,2,1,2,*,11,1,*,1,1,1,*,9.0,*,1.0,1.0,2341.0,*,1.0,,,281.9187194,11,198.0,0.005050505050505051,198.0,0,0.0,2.016330692930072e-11,,0.003030303038368353,low
936,11,Bin_5,2,11,7,1,1,1,3,1,3,Bin_1,11,10,Bin_2,1,1,1,Bin_1,4.0,Bin_4,8.0,2.0,,,,,,281.9187194,11,,,,0,0.16666666666666666,2.0997385717151236e-11,,,low
937,11,Bin_5,2,11,7,1,1,1,4,1,3,Bin_1,11,3,Bin_1,1,1,1,Bin_1,2.0,Bin_3,,,,,,,,281.9187194,11,,,,0,0.16666666666666666,2.450919430875042e-11,,,low
938,11,*,2,11,8,1,1,1,1,1,1,*,11,2,*,1,1,5,*,9.0,*,1.0,1.0,1321.0,*,5.0,,,281.9187194,11,198.0,0.005050505050505051,198.0,0,0.0,2.016330692930072e-11,,0.003030303038368353,low
939,11,*,2,11,8,1,1,1,2,1,2,*,11,8,*,1,1,5,*,9.0,*,1.0,1.0,7536.0,*,6.0,,,281.9187194,11,198.0,0.005050505050505051,198.0,0,0.0,2.016330692930072e-11,,0.003030303038368353,low
940,11,Bin_5,2,11,8,1,1,1,3,1,3,Bin_1,11,4,Bin_1,1,1,5,Bin_1,9.0,Bin_5,9.0,2.0,,,,,,281.9187194,11,,,,0,0.16666666666666666,3.419939342812221e-11,,,low
941,11,Bin_5,2,11,8,1,1,1,4,1,3,Bin_5,11,9,Bin_1,1,1,5,Bin_1,2.0,Bin_3,,,,,,,,281.9187194,11,,,,0,0.16666666666666666,4.0062670646581005e-12,,,low
942,11,Bin_5,2,11,8,1,1,1,5,1,3,Bin_5,11,9,Bin_1,1,1,5,Bin_1,2.0,Bin_2,,,,,,,,281.9187194,11,,,,0,0.16666666666666666,2.489744622400259e-11,,,low
943,11,Bin_5,2,11,8,1,1,1,6,1,3,Bin_1,11,3,Bin_1,1,1,5,Bin_1,2.0,Bin_1,,,,,,,,281.9187194,11,,,,0,0.16666666666666666,6.528215704159434e-11,,,low
944,11,Bin_5,2,11,8,1,1,1,7,1,4,Bin_5,11,2,Bin_4,1,1,1,Bin_5,9.0,Bin_3,7.0,2.0,,,,,,281.9187194,11,,,,0,0.16666666666666666,2.1790201299319818e-10,,,low
945,11,Bin_5,2,11,9,1,1,1,1,1,1,Bin_5,11,4,Bin_5,1,1,1,Bin_3,9.0,Bin_3,7.0,2.0,,,,,,281.9187194,11,,,,0,0.16666666666666666,6.151708364456122e-11,,,low
946,11,Bin_5,2,11,9,1,1,1,2,1,3,Bin_5,11,7,Bin_3,1,1,1,Bin_1,9.0,Bin_3,7.0,2.0,,,,,,281.9187194,11,,,,0,0.16666666666666666,2.016330692930072e-11,,,low
947,11,*,2,11,9,1,1,1,3,1,3,*,11,6,*,1,1,1,*,9.0,*,1.0,1.0,2342.0,*,5.0,,,281.9187194,11,198.0,0.005050505050505051,198.0,0,0.0,2.016330692930072e-11,,0.003030303038368353,low
948,11,*,2,11,9,1,1,1,4,1,3,*,11,7,*,1,1,1,*,9.0,*,1.0,1.0,9112.0,*,3.0,,,281.9187194,11,198.0,0.005050505050505051,198.0,0,0.0,2.016330692930072e-11,,0.003030303038368353,low
949,11,Bin_5,2,11,1,1,1,1,1,1,1,Bin_1,11,3,Bin_5,1,1,1,Bin_1,9.0,Bin_2,5.0,2.0,,,,,,253.0556124,11,,,,0,0.16666666666666666,9.588198301776342e-11,,,low
950,11,Bin_5,2,11,1,1,1,1,2,1,2,Bin_5,11,2,Bin_4,1,1,1,Bin_1,9.0,Bin_2,5.0,2.0,,,,,,253.0556124,11,,,,0,0.16666666666666666,3.84784397605054e-11,,,low
951,11,*,2,11,1,1,1,1,3,1,3,*,11,4,*,1,1,1,*,9.0,*,1.0,1.0,1321.0,*,5.0,,,253.0556124,11,198.0,0.005050505050505051,198.0,0,0.0,2.016330692930072e-11,,0.003030303038368353,low
952,11,Bin_5,2,11,1,1,1,1,4,1,5,Bin_5,11,5,Bin_3,1,1,1,Bin_1,9.0,Bin_4,7.0,2.0,,,,,,253.0556124,11,,,,0,0.16666666666666666,1.931838424068857e-11,,,low
953,11,Bin_5,2,11,1,1,1,1,5,1,5,Bin_1,11,12,Bin_1,1,1,1,Bin_1,2.0,Bin_3,,,,,,,,253.0556124,11,,,,0,0.16666666666666666,2.450919430875042e-11,,,low
954,11,Bin_5,2,11,1,1,1,1,6,1,5,Bin_1,11,2,Bin_1,1,1,1,Bin_1,2.0,Bin_2,,,,,,,,253.0556124,11,,,,0,0.16666666666666666,2.3545354853625007e-11,,,low
955,11,*,2,11,2,1,1,1,1,1,1,*,11,10,*,1,1,1,*,9.0,*,1.0,1.0,1321.0,*,4.0,,,253.0556124,11,198.0,0.005050505050505051,198.0,0,0.0,2.016330692930072e-11,,0.003030303038368353,low
956,11,*,2,11,2,1,1,1,2,1,2,*,11,4,*,1,1,1,*,9.0,*,1.0,1.0,5211.0,*,6.0,,,253.0556124,11,198.0,0.005050505050505051,198.0,0,0.0,2.016330692930072e-11,,0.003030303038368353,low
957,11,*,2,11,2,1,1,1,3,1,3,*,11,6,*,1,1,1,*,9.0,*,1.0,1.0,1321.0,*,6.0,,,253.0556124,11,198.0,0.005050505050505051,198.0,0,0.0,2.016330692930072e-11,,0.003030303038368353,low
958,11,*,2,11,2,1,1,1,4,1,5,*,11,12,*,1,1,1,*,9.0,*,1.0,1.0,5211.0,*,6.0,,,253.0556124,11,198.0,0.005050505050505051,198.0,0,0.0,2.016330692930072e-11,,0.003030303038368353,low
959,11,*,2,11,2,1,1,1,5,1,5,*,11,2,*,1,1,1,*,9.0,*,1.0,1.0,1321.0,*,6.0,,,253.0556124,11,198.0,0.005050505050505051,198.0,0,0.0,2.016330692930072e-11,,0.003030303038368353,low
960,11,*,2,11,2,1,1,1,6,1,5,*,11,4,*,1,1,1,*,9.0,*,1.0,1.0,5211.0,*,6.0,,,253.0556124,11,198.0,0.005050505050505051,198.0,0,0.0,2.016330692930072e-11,,0.003030303038368353,low
961,11,*,2,11,3,1,1,1,1,1,1,*,11,9,*,1,1,1,*,9.0,*,1.0,1.0,6111.0,*,5.0,,,253.0556124,11,198.0,0.005050505050505051,198.0,0,0.0,2.016330692930072e-11,,0.003030303038368353,low
962,11,Bin_5,2,11,3,1,1,1,2,1,2,Bin_5,11,4,Bin_4,1,1,1,Bin_1,9.0,Bin_2,7.0,2.0,,,,,,253.0556124,11,,,,0,0.16666666666666666,3.84784397605054e-11,,,low
963,11,*,2,11,3,1,1,1,3,1,3,*,11,1,*,1,1,1,*,9.0,*,1.0,1.0,5230.0,*,3.0,,,253.0556124,11,198.0,0.005050505050505051,198.0,0,0.0,2.016330692930072e-11,,0.003030303038368353,low
964,11,Bin_5,2,11,3,1,1,1,4,1,3,Bin_5,11,3,Bin_2,1,1,1,Bin_1,9.0,Bin_4,7.0,2.0,,,,,,253.0556124,11,,,,0,0.16666666666666666,2.2282854273109737e-11,,,low
965,11,Bin_5,2,11,3,1,1,1,5,1,5,Bin_5,11,1,Bin_1,1,1,1,Bin_1,1.0,,,,,,,,,253.0556124,11,,,,0,0.3333333333333333,8.427148901328881e-11,,,low
966,11,Bin_5,2,11,3,1,1,1,6,1,5,Bin_1,11,1,Bin_1,1,1,1,Bin_1,,,,,,,,,,253.0556124,11,,,,0,0.3333333333333333,5.783328789151695e-11,,,low
967,11,*,2,11,4,1,1,1,1,1,1,*,11,3,*,1,1,1,*,9.0,*,1.0,1.0,5122.0,*,5.0,,,253.0556124,11,198.0,0.005050505050505051,198.0,0,0.0,2.016330692930072e-11,,0.003030303038368353,low
968,11,*,2,11,4,1,1,1,2,1,2,*,11,5,*,1,1,1,*,9.0,*,1.0,1.0,9411.0,*,6.0,,,253.0556124,11,198.0,0.005050505050505051,198.0,0,0.0,2.016330692930072e-11,,0.003030303038368353,low
969,11,Bin_5,2,11,4,1,1,1,3,1,3,Bin_5,11,8,Bin_1,1,1,1,Bin_1,2.0,Bin_3,,,,,,,,253.0556124,11,,,,0,0.16666666666666666,4.0062670646581005e-12,,,low
970,11,Bin_5,2,11,4,1,1,1,4,1,3,Bin_5,11,2,Bin_1,1,1,1,Bin_1,2.0,Bin_1,,,,,,,,253.0556124,11,,,,0,0.16666666666666666,4.85113509112517e-11,,,low
971,11,Bin_5,2,11,4,1,1,1,5,1,3,Bin_5,11,9,Bin_1,1,1,1,Bin_1,1.0,,,,,,,,,253.0556124,11,,,,0,0.3333333333333333,8.427148901328881e-11,,,low
972,11,*,2,11,5,1,1,1,1,1,1,*,11,6,*,1,1,1,*,9.0,*,1.0,1.0,2230.0,*,5.0,,,253.0556124,11,198.0,0.005050505050505051,198.0,0,0.0,2.016330692930072e-11,,0.003030303038368353,low
973,11,*,2,11,5,1,1,1,2,1,2,*,11,5,*,1,1,1,*,9.0,*,1.0,1.0,2230.0,*,5.0,,,253.0556124,11,198.0,0.005050505050505051,198.0,0,0.0,2.016330692930072e-11,,0.003030303038368353,low
974,11,Bin_5,2,11,6,1,1,1,1,1,1,Bin_5,11,1,Bin_3,1,1,1,Bin_3,9.0,Bin_3,7.0,2.0,,,,,,253.0556124,11,,,,0,0.16666666666666666,6.878230648612124e-11,,,low
975,11,*,2,11,6,1,1,1,2,1,3,*,11,4,*,1,1,1,*,9.0,*,1.0,1.0,7531.0,*,3.0,,,253.0556124,11,198.0,0.005050505050505051,198.0,0,0.0,2.016330692930072e-11,,0.003030303038368353,low
976,11,*,2,11,6,1,1,1,3,1,3,*,11,4,*,1,1,1,*,9.0,*,1.0,1.0,1439.0,*,4.0,,,253.0556124,11,198.0,0.005050505050505051,198.0,0,0.0,2.016330692930072e-11,,0.003030303038368353,low
977,11,*,2,11,6,1,1,1,4,1,3,*,11,8,*,1,1,1,*,9.0,*,1.0,1.0,7231.0,*,6.0,,,253.0556124,11,198.0,0.005050505050505051,198.0,0,0.0,2.016330692930072e-11,,0.003030303038368353,low
978,11,Bin_5,2,11,7,1,1,1,1,1,1,Bin_5,11,8,Bin_4,1,1,1,Bin_1,9.0,Bin_4,4.0,2.0,,,,,,253.0556124,11,,,,0,0.16666666666666666,1.8017375985369485e-11,,,low
979,11,Bin_5,2,11,7,1,1,1,2,1,5,Bin_5,11,6,Bin_4,1,1,1,Bin_1,9.0,Bin_5,4.0,2.0,,,,,,253.0556124,11,,,,0,0.16666666666666666,7.751987818178857e-11,,,low
980,11,*,2,11,9,1,1,1,1,1,1,*,11,1,*,1,1,1,*,9.0,*,1.0,1.0,7536.0,*,5.0,,,253.0556124,11,198.0,0.005050505050505051,198.0,0,0.0,2.016330692930072e-11,,0.003030303038368353,low
981,11,Bin_5,2,11,9,1,1,1,2,1,4,Bin_5,11,2,Bin_4,1,1,1,Bin_3,9.0,Bin_2,7.0,2.0,,,,,,253.0556124,11,,,,0,0.16666666666666666,6.061453785110856e-11,,,low
982,11,Bin_5,2,11,9,1,1,1,3,1,2,Bin_5,11,6,Bin_3,1,1,1,Bin_1,9.0,Bin_3,7.0,2.0,,,,,,253.0556124,11,,,,0,0.16666666666666666,2.016330692930072e-11,,,low
983,11,Bin_5,2,11,9,1,1,1,4,1,3,Bin_5,11,7,Bin_1,1,1,1,Bin_1,2.0,Bin_3,8.0,2.0,,,,,,253.0556124,11,,,,0,0.16666666666666666,4.0062670646581005e-12,,,low
984,11,Bin_1,2,11,1,1,1,1,1,1,1,Bin_1,11,12,Bin_3,1,2,1,Bin_1,9.0,Bin_2,1.0,1.0,5211.0,Bin_3,3.0,,,394.3563283,11,7.0,0.14285714285714285,7.0,0,0.0,0.7368421052684637,,0.3804511278216712,low
985,11,Bin_1,2,11,1,1,1,1,2,1,2,Bin_5,11,6,Bin_2,1,1,1,Bin_1,9.0,Bin_4,7.0,2.0,,,,,,394.3563283,11,,,,0,0.16666666666666666,2.016330692930072e-11,,,low
986,11,Bin_1,2,11,1,1,1,1,3,1,3,Bin_1,11,4,Bin_1,1,2,1,Bin_1,2.0,Bin_3,8.0,2.0,,,,,,394.3563283,11,,,,0,0.16666666666666666,2.016330692930072e-11,,,low
987,11,Bin_1,2,11,1,1,1,1,4,1,3,Bin_5,11,10,Bin_1,1,2,1,Bin_1,2.0,Bin_1,,,,,,,,394.3563283,11,,,,0,0.16666666666666666,0.31578947369800636,,,low
988,11,Bin_1,2,11,1,1,1,1,5,2,4,Bin_5,11,11,Bin_5,1,2,2,Bin_3,9.0,Bin_2,,,,,,1.0,3.0,394.3563283,11,,,,0,0.16666666666666666,1.346655734143283e-11,,,low
989,11,Bin_1,2,11,2,1,1,1,1,1,1,Bin_5,11,11,Bin_5,1,2,2,Bin_3,9.0,Bin_1,9.0,2.0,,,,,,394.3563283,11,,,,0,0.16666666666666666,5.020011837414872e-11,,,low
990,11,Bin_1,2,11,2,1,1,1,2,1,3,Bin_1,11,6,Bin_3,1,2,2,Bin_1,9.0,Bin_3,1.0,1.0,9311.0,Bin_2,3.0,,,394.3563283,11,5.0,0.2,5.0,0,0.0,0.5677250650389711,,0.34709002601558847,low
991,11,*,2,11,2,1,1,1,3,1,5,*,11,7,*,1,2,2,*,9.0,*,1.0,1.0,9212.0,*,3.0,,,394.3563283,11,198.0,0.005050505050505051,198.0,0,0.0,2.016330692930072e-11,,0.003030303038368353,low
992,11,Bin_1,2,11,2,1,1,1,4,1,5,Bin_1,11,1,Bin_1,1,2,2,Bin_1,6.0,Bin_3,99.0,2.0,,,,,,394.3563283,11,,,,0,0.16666666666666666,2.016330692930072e-11,,,low
993,11,Bin_1,2,11,2,1,1,1,5,1,5,Bin_1,11,4,Bin_1,1,2,2,Bin_1,2.0,Bin_3,8.0,2.0,,,,,,394.3563283,11,,,,0,0.16666666666666666,2.016330692930072e-11,,,low
994,11,Bin_1,2,11,2,1,1,1,6,1,5,Bin_5,11,12,Bin_1,1,2,2,Bin_1,2.0,Bin_3,,,,,,,,394.3563283,11,,,,0,0.16666666666666666,2.016330692930072e-11,,,low
995,11,Bin_1,2,11,3,1,1,1,1,1,1,Bin_5,11,12,Bin_3,1,2,2,Bin_1,9.0,Bin_3,1.0,1.0,9411.0,Bin_3,3.0,,,394.3563283,11,6.0,0.16666666666666666,6.0,0,0.0,8.283908055514776e-11,,0.10000000003313562,low
996,11,Bin_1,2,11,3,1,1,1,2,1,2,Bin_1,11,6,Bin_3,1,2,2,Bin_1,9.0,Bin_3,1.0,1.0,8332.0,Bin_1,3.0,,,394.3563283,11,11.0,0.09090909090909091,11.0,0,0.0,4.31002944004418e-11,,0.05454545456269466,low
997,11,Bin_1,2,11,3,1,1,1,3,2,3,Bin_1,11,4,Bin_2,1,2,2,Bin_1,9.0,Bin_4,,,,,,1.0,1.0,394.3563283,11,,,,0,0.16666666666666666,1.9880093564148657e-11,,,low
998,11,Bin_1,2,11,3,1,1,1,4,1,3,Bin_5,11,12,Bin_2,1,2,2,Bin_1,9.0,Bin_3,7.0,2.0,,,,,,394.3563283,11,,,,0,0.16666666666666666,0.10526315791277768,,,low
999,11,Bin_1,2,11,3,1,1,1,5,1,3,Bin_5,11,5,Bin_2,1,2,2,Bin_1,9.0,Bin_3,7.0,2.0,,,,,,394.3563283,11,,,,0,0.16666666666666666,0.10526315791277768,,,low
