aux_index,anon_index,label,top_feature,top_feature_shap_value,shap__age_diff,shap__age_ratio,shap__age_close,shap__education_diff,shap__education_ratio,shap__education_close,shap__industry_diff,shap__industry_ratio,shap__industry_close,shap__marital_status_diff,shap__marital_status_ratio,shap__marital_status_close,shap__sex_diff,shap__sex_ratio,shap__sex_close,shap__overall_similarity
319,411,0,overall_similarity,-4.198004671134072,-0.2730935534046242,-0.18057870614442761,0.0001133787415694989,-0.050202063426798775,-0.042262231534555675,-0.08180831811189583,-0.05086799184653802,-0.07171035257022851,0.0,-0.05381508990917047,-0.05954128121936309,-0.02151638802746435,-0.0026164484648904455,-0.0011355809383801732,-0.0031506607340386706,-4.198004671134072
452,549,0,overall_similarity,-4.400073903086063,-0.5995920775454414,0.14610195878993956,0.0001133787415694989,-0.050660098279594036,-0.023150993293294078,-0.08923093093739926,-0.04317586283267573,-0.07165960441514052,0.0,-0.08476970463334782,0.0010409403364665037,-0.03389985848101213,0.000737406443292157,0.000503826267159556,0.0010062776153533868,-4.400073903086063
460,714,1,overall_similarity,4.517092202065876,0.5318690034638458,0.2742673887636276,0.00011488315767447816,0.0560528757135347,0.008834575508727493,-0.06442269767493233,-0.04676741958056852,-0.1150937625659387,0.0,0.0030923126683239425,0.0031311663247679373,0.0012246150921253081,0.0007377004184836257,0.0005069297917652286,0.0010062776153533868,4.517092202065876
20,270,0,overall_similarity,-4.4032664155871375,-0.24795811040845409,0.09279483052557733,0.0001133787415694989,-0.009995807426777392,0.005350705085208175,-0.0828065139504569,-0.006824153421861741,-0.03572569081994898,0.0,-0.08476970463334782,-0.08364383479260433,-0.03389985848101213,0.000737406443292157,0.000503826267159556,0.0010062776153533868,-4.4032664155871375
299,83,1,overall_similarity,3.3477089618681664,-0.6463449210612578,0.27449612643566645,0.00011318449555936785,0.09472441989866247,-0.043170977970463674,0.5656744756932537,-0.043651114553874285,-0.030962358662842755,0.0,0.0030923126683239425,0.0031084715576075827,0.0011778440933651873,0.037306514449084734,0.016397610844689152,0.016707649579806354,3.3477089618681664
232,552,0,overall_similarity,-4.29933707600459,-0.6025036125828651,-0.30451831768265897,0.0001133787415694989,-0.01580814048154423,0.005775695519274492,-0.0757861108105597,-0.06772250613807455,0.11476669232864406,0.0,0.0006643838260391421,0.0006611517807380553,0.0002533161323528617,-0.0026164484648904455,-0.0011355809383801732,-0.0031506607340386706,-4.29933707600459
1171,255,1,overall_similarity,3.261969519629567,-0.5764112940372754,0.1373066818333631,0.00011318449555936785,-0.005310325432219134,0.01988145927201666,-0.08255559274233831,0.005580709526831064,0.2123047430655399,0.0,0.0030923126683239425,0.0031311663247679373,0.0012246150921253081,0.0007377004184836257,0.0005069297917652286,0.0010062776153533868,3.261969519629567
852,792,1,overall_similarity,4.559171068100389,-0.6015466857210138,-0.44617460374133755,0.00011318449555936785,-0.0021935236128625664,0.022064040537800554,-0.09276909885456797,0.06242511470556709,0.003458971225605733,0.0,0.0012841623775385537,0.0012991774627636775,0.000501260080246388,0.0007377004184836257,0.0005069297917652286,0.0010062776153533868,4.559171068100389
236,516,1,overall_similarity,3.822689784300158,0.6535710244426695,0.1959915099691199,0.00011488315767447816,-0.04079265203240566,-0.010598311778926154,-0.06651745698498072,0.015242515045019972,0.22924337653810173,0.0,0.0030923126683239425,0.0031311663247679373,0.0012246150921253081,0.0007377004184836257,0.0005069297917652286,0.0010062776153533868,3.822689784300158
593,772,0,overall_similarity,-4.317251653878327,-0.5635255959810498,0.09447809914174753,0.0001133787415694989,0.052088689138707754,-0.027229349662597158,-0.03034883160091269,-0.032675056917425185,-0.06762842237775481,0.0,-0.08476970463334782,-0.08362114002544399,-0.033853087482252006,0.002369042242552773,-0.004308032439892646,-0.005575280716276712,-4.317251653878327
580,890,1,overall_similarity,3.7329489620133782,1.360807134037984,0.2828068469083763,-4.189566513077307e-05,-0.06899323843815545,-0.026127213865472208,-0.07622077364817008,0.4367080658923238,-0.0626821987050958,0.0,0.0030923126683239425,0.0030246522175620062,0.0010051032046111419,0.00073761826103125,0.000506062447572974,0.023712599168992692,3.7329489620133782
261,74,1,overall_similarity,4.731276078161484,-0.6370169322500763,0.2573323355497228,0.00011318449555936785,0.11453471111596907,-0.044450027863651556,0.827180869946571,-0.03557704017933617,0.0226721979517459,0.0,0.0030923126683239425,0.0031084715576075827,0.0011778440933651873,0.0033422135047261148,0.0016683749185570102,0.001945310054827365,4.731276078161484
936,153,0,overall_similarity,1.9008164782940566,-0.6109165130558172,-1.0890784345804663,0.00011318449555936785,-0.01712920064071492,0.010889638514153654,-0.1081739893821462,0.06480673569731944,-0.013271440448920188,0.0,0.0012841623775385537,0.0016874433486691871,0.000501260080246388,0.0007377004184836257,0.0005069297917652286,0.0010062776153533868,1.9008164782940566
807,118,1,overall_similarity,4.644345923095969,0.45925806946239256,0.1801990271925253,0.00011488315767447816,0.10197554815859834,-0.05551531891328499,0.6394058636644574,-0.06237527949872449,0.03544729946394541,0.0,0.0030923126683239425,0.0031084715576075827,0.0011778440933651873,0.00314781161880616,-0.005783131803931058,-0.007056805829894675,4.644345923095969
1214,989,0,overall_similarity,-4.214478180131053,-0.44999476140606465,-0.5498813685399705,0.0001133787415694989,0.2711194403798207,-0.024427603597214485,0.672391175912516,-0.05951573588820297,-0.04178705127930234,0.0,-0.05381508990917047,-0.05327610447253826,-0.02146961702870423,-0.01391860703412858,-0.005781361445547301,-0.007056805829894675,-4.214478180131053
981,539,0,overall_similarity,-4.379474508325069,0.013398129938559829,0.09009022756181358,0.0001133787415694989,-0.09986704957033998,-0.05693652943277014,-0.08860917378723494,-0.06251420160467465,-0.06732720130934683,0.0,-0.08476970463334782,-0.08362114002544399,-0.033853087482252006,0.000737406443292157,0.000503826267159556,0.0007812546084132509,-4.379474508325069
156,192,1,overall_similarity,4.731276078161484,-0.6370169322500763,0.2573323355497228,0.00011318449555936785,0.11453471111596907,-0.044450027863651556,0.827180869946571,-0.03557704017933617,0.0226721979517459,0.0,0.0030923126683239425,0.0031084715576075827,0.0011778440933651873,0.0033422135047261148,0.0016683749185570102,0.001945310054827365,4.731276078161484
803,825,1,overall_similarity,3.8779620815221865,1.06827196946708,0.4184753541261781,-4.189566513077307e-05,-0.03899797022189268,-0.010598311778926154,-0.07535027666814621,0.07372045465959991,-0.017163133269154644,0.0,0.0030923126683239425,0.0031311663247679373,0.0012246150921253081,0.00073761826103125,0.000506062447572974,0.0010062776153533868,3.8779620815221865
761,268,1,overall_similarity,3.346859430925126,-0.8866488091248923,0.4405689015767837,0.00011318449555936785,0.03789954515192838,-0.033527442033697466,-0.09603916780925224,-0.04665549917178567,-0.1078629210214817,0.0,0.0030923126683239425,0.002212505425287027,0.0011778440933651873,0.0007377004184836257,0.0005069297917652286,0.0007812546084132509,3.346859430925126
915,136,1,overall_similarity,3.86930784197492,0.6482733188823487,0.2926356061576677,0.00011488315767447816,-0.04079265203240566,-0.010598311778926154,-0.06651745698498072,0.015242515045019972,0.22924337653810173,0.0,0.0030923126683239425,0.0031311663247679373,0.0012246150921253081,0.0007377004184836257,0.0005069297917652286,0.0010062776153533868,3.86930784197492
1045,278,1,overall_similarity,3.470894295509247,1.4238343472269093,0.2972698298988627,-4.189566513077307e-05,-0.05824243297067632,-0.01874627917478259,-0.07452608275673221,0.1719413317180268,-0.03381871083482666,0.0,0.0030923126683239425,0.0031311663247679373,0.0012246150921253081,0.00073761826103125,0.000506062447572974,0.0010062776153533868,3.470894295509247
321,659,0,overall_similarity,-4.402186593689464,-0.611082976267434,0.07442860675930615,0.0001133787415694989,-0.01569665139289094,0.005350705085208175,-0.08923093093739926,-0.056061533341706035,-0.07165960441514052,0.0,-0.08476970463334782,-0.08364383479260433,-0.03389985848101213,0.000737406443292157,0.000503826267159556,0.0010062776153533868,-4.402186593689464
939,165,0,overall_similarity,-3.501646168738636,-0.5817228275729321,-0.945345137170017,0.0001133787415694989,-0.1573279177849245,0.007728381508902875,-0.08832966154341469,-0.07191661786565179,-0.07220647939009622,0.0,-0.05381508990917047,-0.05327610447253826,-0.02146961702870423,-0.0026164484648904455,-0.0011355809383801732,-0.002400584044238218,-3.501646168738636
913,736,1,overall_similarity,3.862125208124836,1.3332431617049452,0.23208024952496767,-0.005014081757662603,-0.02944583289699908,-0.001596045940271626,-0.06784042292587412,-0.08050185260985274,-0.11158674584424844,0.0,0.0030923126683239425,0.0022352001924473815,0.0012246150921253081,-0.005872045860247217,-0.011845302307726645,-0.008723554377446223,3.862125208124836
679,720,0,overall_similarity,-3.4810624320542654,-0.6165351097790017,-0.9347907370231564,0.0001133787415694989,-0.22313150356096637,-0.04225306991187217,-0.09127574473003837,0.40173625749110553,-0.05161530899147968,0.0,0.0006643838260391421,0.0006611517807380553,0.0002533161323528617,0.000737406443292157,0.000503826267159556,0.0010062776153533868,-3.4810624320542654
1198,234,0,overall_similarity,-4.178005396866678,-0.07901654972695724,-0.42966406636302656,0.0001133787415694989,-0.07045551864055272,-0.026185926678968713,-0.08338862170910954,-0.05095087706632473,-0.07165960441514052,0.0,0.0006643838260391421,0.000739509295127149,0.0002533161323528617,0.000543004557372202,-0.0011404548213696036,-0.0031506607340386706,-4.178005396866678
864,438,0,overall_similarity,-4.7517441190098255,0.9727635070812685,0.11845836886586825,0.00012239898406647253,-0.02294395531247906,0.003374313533160992,-0.0649459884431242,-0.03856275956236589,-0.06729461712069167,0.0,-0.08476970463334782,-0.08364383479260433,-0.03389985848101213,-0.002609494423385792,-0.0011238346198907826,-0.0031506607340386706,-4.7517441190098255
637,492,1,overall_similarity,3.4692400023602614,1.424162854498285,0.2972698298988627,0.00011488315767447816,-0.05824243297067632,-0.01874627917478259,-0.0656932630735667,0.01790331327289634,0.21258779897242974,0.0,0.0030923126683239425,0.0031311663247679373,0.0012246150921253081,0.00073761826103125,0.000506062447572974,0.0010062776153533868,3.4692400023602614
1196,37,1,overall_similarity,3.3811365773023887,0.9042214973342741,0.2769590912016659,0.00011488315767447816,-0.08247315701538283,-0.01874627917478259,-0.07452608275673221,0.07638125288747628,-0.028949481572678452,0.0,0.0030923126683239425,0.0031311663247679373,0.0012246150921253081,0.0007377004184836257,0.0005069297917652286,0.0010062776153533868,3.3811365773023887
1100,462,0,overall_similarity,-4.401911447097383,-0.6099184286066102,0.07442860675930615,0.0001133787415694989,-0.02163482715881068,0.005818004560839114,-0.08923093093739926,-0.056061533341706035,-0.06762842237775481,0.0,-0.08476970463334782,-0.08364383479260433,-0.03389985848101213,0.000737406443292157,0.000503826267159556,0.0010062776153533868,-4.401911447097383
452,512,1,overall_similarity,3.6644193203654076,1.2490052861289025,0.41859479341918865,-4.189566513077307e-05,-0.04147352323919539,-0.01904644146617552,-0.07535027666814621,0.07903767683757713,-0.03381871083482666,0.0,0.0030923126683239425,0.0031311663247679373,0.0012246150921253081,0.00073761826103125,0.000506062447572974,0.0010062776153533868,3.6644193203654076
551,836,0,overall_similarity,-4.399235498020414,-0.5897063968024113,0.10641671888101847,0.0001133787415694989,-0.0883563708490632,-0.02696257590816821,-0.005610460147955117,-0.040481986459384875,-0.07165960441514052,0.0,-0.08476970463334782,0.0010409403364665037,-0.03389985848101213,-0.010674098828568561,-0.004303158556903216,-0.006325357406077164,-4.399235498020414
580,668,0,overall_similarity,-4.789069033403269,0.7895758809530296,0.10635437891478688,0.00012239898406647253,-0.08783473198980492,-0.022005230564333025,-0.06631756802925612,0.25595375736845316,-0.06890238626676982,0.0,0.001046539563374665,0.0009344262292605721,0.0001866865961170632,0.000543004557372202,-0.0011404548213696036,-0.07883839924616969,-4.789069033403269
369,735,1,overall_similarity,4.697023034808823,-0.04348445322093418,0.19478309404631627,0.00011318449555936785,-0.015794523123429608,0.008878818050497117,-0.07818301020618301,0.023866538555958577,0.23319683154210422,0.0,0.0030923126683239425,0.0031311663247679373,0.0012246150921253081,0.0007377004184836257,0.0005069297917652286,0.0010062776153533868,4.697023034808823
245,481,1,overall_similarity,3.9230135678467173,-0.6742545939295316,0.47736247933263026,0.00011318449555936785,0.11969673031538712,-0.044450027863651556,0.8471708734960856,-0.04324209746326066,-0.0073644022652467655,0.0,0.0030923126683239425,0.0031084715576075827,0.0011778440933651873,0.0033422135047261148,0.0016683749185570102,0.001945310054827365,3.9230135678467173
700,29,0,overall_similarity,-3.6326401572472236,-0.5805779175808752,-0.9835509635178118,0.0001133787415694989,-0.1490870660635781,0.005784857141957989,-0.08805102268365174,0.05841814316452559,-0.0449522744409485,0.0,0.0006643838260391421,0.0006611517807380553,0.0002533161323528617,0.000543004557372202,-0.0011404548213696036,-0.0031506607340386706,-3.6326401572472236
923,895,0,overall_similarity,-4.494409953461937,-0.44696135805836457,0.3511580123696182,0.0001133787415694989,0.08244642637788877,-0.024852594031280803,0.672391175912516,-0.03397159617874357,-0.037208994266960935,0.0,-0.08476970463334782,-0.08362114002544399,-0.033853087482252006,-0.01391860703412858,-0.005781361445547301,-0.007056805829894675,-4.494409953461937
1038,882,1,overall_similarity,3.436192323259962,-0.5430977579071532,0.15198545142553668,0.00011318449555936785,-0.010393641887678074,0.016468629934805953,-0.09675157425598056,0.49942489786517263,-0.06298955591971478,0.0,0.0030923126683239425,0.0030246522175620062,0.0010051032046111419,0.0007377004184836257,0.0005069297917652286,0.023712599168992692,3.436192323259962
36,312,1,overall_similarity,4.143858838002582,-0.5194661017214606,-1.5598598086811266,0.00011318449555936785,1.034998756074302,-0.03144338764153027,0.8443418548185417,0.6009140323095227,0.018926256176462652,0.0,0.0012841623775385537,-0.00042774301969157776,-0.0030577011187403937,0.0033422135047261148,0.0016683749185570102,0.008810011919881108,4.143858838002582
523,567,1,overall_similarity,3.6644193203654076,1.2490052861289025,0.41859479341918865,-4.189566513077307e-05,-0.04147352323919539,-0.01904644146617552,-0.07535027666814621,0.17459775566812766,-0.03381871083482666,0.0,0.0030923126683239425,0.0031311663247679373,0.0012246150921253081,0.00073761826103125,0.000506062447572974,0.0010062776153533868,3.6644193203654076
953,825,0,overall_similarity,-3.538124835868377,-0.6116579445075843,-0.984866627843972,0.0001133787415694989,-0.18342187615325053,-0.02256637416650173,-0.09068646071305493,0.05562285736720256,-0.04495076066590523,0.0,0.0006643838260391421,0.0006611517807380553,0.0002533161323528617,0.000737406443292157,0.000503826267159556,0.0010062776153533868,-3.538124835868377
1111,42,1,overall_similarity,4.483181153948591,0.8695056637468407,0.41859875411731196,0.00011488315767447816,-0.019759993497883172,0.008834575508727493,-0.07496590706069114,-0.07266804950656892,-0.04408175288455628,0.0,0.0030923126683239425,0.0031311663247679373,0.0012246150921253081,0.00073761826103125,0.000506062447572974,0.0010062776153533868,4.483181153948591
105,644,1,overall_similarity,4.349630931451548,-0.07266534360254466,0.15957670674373334,0.00011318449555936785,0.09458175723457166,-0.044800254213267984,0.8792438326639972,-0.014054795994948561,0.06325829386528228,0.0,0.0030923126683239425,0.0031084715576075827,0.0011778440933651873,0.0033422135047261148,0.0016683749185570102,0.001945310054827365,4.349630931451548
1264,291,1,overall_similarity,3.573210434597138,1.4047702113210465,0.2610761651119137,-4.189566513077307e-05,-0.06394327693678989,-0.01874627917478259,-0.07642949765925185,-0.08084353330513921,-0.06510561159640335,0.0,0.0030923126683239425,0.0031311663247679373,0.0012246150921253081,0.00073761826103125,0.000506062447572974,0.0010062776153533868,3.573210434597138
981,683,0,overall_similarity,-4.23914484648108,-0.6109153134893898,0.07216252239300162,0.0001133787415694989,-0.05409923170542488,0.005350705085208175,-0.07868772155164044,-0.050788489717591825,0.08500603643154066,0.0,-0.08476970463334782,-0.08364383479260433,-0.03389985848101213,0.000737406443292157,0.000503826267159556,0.0010062776153533868,-4.23914484648108
251,429,1,overall_similarity,4.54826265221021,-0.72082194822061,-0.4084276169012641,0.00011318449555936785,-0.007276840068321501,0.018651211200589844,-0.09898479183042856,0.5554885111840675,-0.025403788010310537,0.0,0.0012841623775385537,0.001192663355557746,0.00028174819273222174,0.0007377004184836257,0.0005069297917652286,0.023712599168992692,4.54826265221021
719,110,0,overall_similarity,-4.665927300857186,0.8376579719810765,0.08248342359467307,0.00012239898406647253,-0.03080519945168993,-0.006968463909434229,-0.0649459884431242,-0.03854423535812043,-0.07132579915807738,0.0,0.001046539563374665,0.0010409403364665037,0.00040619848363122944,-0.0026164484648904455,-0.0011355809383801732,-0.0031506607340386706,-4.665927300857186
397,702,1,overall_similarity,3.710300735337824,1.401965666278564,0.27158685707911545,-4.189566513077307e-05,-0.06466270194733599,-0.01959970958768008,-0.07642949765925185,-0.08084353330513921,-0.06510561159640335,0.0,0.0030923126683239425,0.0031311663247679373,0.0012246150921253081,0.00073761826103125,0.000506062447572974,0.0010062776153533868,3.710300735337824
158,11,1,overall_similarity,3.6984615059114025,0.8721103074078026,0.2361922174535271,0.00011488315767447816,-0.08319258202592894,-0.01959970958768008,-0.07452608275673221,0.1744963462440955,-0.03381871083482666,0.0,0.0030923126683239425,0.0031311663247679373,0.0012246150921253081,0.0007377004184836257,0.0005069297917652286,0.0010062776153533868,3.6984615059114025
1048,274,1,overall_similarity,3.280482520625689,0.42340962675627236,0.2273775413966559,0.00011318449555936785,-0.08230581674059087,-0.022758845659536835,-0.06725831516722146,0.07638125288747628,-0.0803067098632356,0.0,0.0030923126683239425,0.0022352001924473815,0.0012246150921253081,0.0007377004184836257,0.0005069297917652286,0.0010062776153533868,3.280482520625689
1094,566,1,overall_similarity,4.690512437712867,-0.04330164867993638,0.1907665241428243,0.00011318449555936785,-0.02149536708954316,0.008878818050497117,-0.08891924479186819,-0.07996219532995079,-0.04408788903076728,0.0,0.0030923126683239425,0.0031311663247679373,0.0012246150921253081,0.0007377004184836257,0.0005069297917652286,0.0010062776153533868,4.690512437712867
644,657,0,overall_similarity,2.648526541941692,-1.0860104921482803,-0.5879826131549337,0.00011318449555936785,-0.14885944368106444,-0.08495768784972745,-0.08726962002668741,-0.2647766796662879,-0.05277995781479555,0.0,0.0012841623775385537,0.0012991774627636775,0.000501260080246388,0.0007377004184836257,0.0005069297917652286,0.0010062776153533868,2.648526541941692
188,862,1,overall_similarity,3.3477089618681664,-0.6463449210612578,0.27449612643566645,0.00011318449555936785,0.09472441989866247,-0.043170977970463674,0.5656744756932537,-0.043651114553874285,-0.030962358662842755,0.0,0.0030923126683239425,0.0031084715576075827,0.0011778440933651873,0.037306514449084734,0.016397610844689152,0.016707649579806354,3.3477089618681664
857,84,0,overall_similarity,-4.60709344239593,-0.5859194825031689,0.3051780470386899,0.0001133787415694989,0.05789855941029671,-0.027229349662597158,-0.09262162269542573,-0.033223756053339666,-0.06762842237775481,0.0,0.001046539563374665,0.001018245569306149,0.0003594274848711088,0.000737406443292157,0.000503826267159556,0.0007812546084132509,-4.60709344239593
1038,41,0,overall_similarity,3.037366526614542,-0.9649624574350715,0.17102482277344722,0.00011318449555936785,-0.0171380984374425,0.02017029320015852,-0.0978128294124462,-0.06967978272645022,-0.06138178677363663,0.0,0.0030923126683239425,0.0031311663247679373,0.0012246150921253081,0.0007377004184836257,0.0005069297917652286,0.0010062776153533868,3.037366526614542
388,232,1,overall_similarity,3.47272419796836,-0.7348637518013563,0.46775466344986066,0.00011318449555936785,0.12692328142467865,-0.044800254213267984,0.8471708734960856,-0.043651114553874285,-0.030962358662842755,0.0,0.0030923126683239425,0.0031084715576075827,0.0011778440933651873,0.0033422135047261148,0.0016683749185570102,0.001945310054827365,3.47272419796836
1155,243,1,overall_similarity,3.72511412972589,1.4023171854005243,0.25626516474628447,0.00011488315767447816,-0.06466270194733599,-0.01959970958768008,-0.07642949765925185,-0.08084353330513921,-0.06510561159640335,0.0,0.0030923126683239425,0.0031311663247679373,0.0012246150921253081,0.00073761826103125,0.000506062447572974,0.0010062776153533868,3.72511412972589
883,360,1,overall_similarity,4.599501848372243,0.8584653564399859,0.4456194202416825,0.00011488315767447816,-0.014059149531769621,0.008834575508727493,-0.064229672475006,0.018903298138367778,0.2135917331605019,0.0,0.0030923126683239425,0.0031311663247679373,0.0012246150921253081,0.00073761826103125,0.000506062447572974,0.0010062776153533868,4.599501848372243
702,926,1,overall_similarity,4.6143023884681975,0.762377280089724,0.4026828713495837,0.00011488315767447816,0.07552152700146951,-0.05551531891328499,0.6394058636644574,-0.06237527949872449,0.03544729946394541,0.0,0.0030923126683239425,0.0031084715576075827,0.0011778440933651873,0.003147729461353784,-0.005783999148123313,-0.007056805829894675,4.6143023884681975
904,921,1,overall_similarity,3.4697483003050262,1.4238113353763246,0.2972698298988627,-4.189566513077307e-05,-0.05824243297067632,-0.01874627917478259,-0.0656932630735667,0.01790331327289634,0.21258779897242974,0.0,0.0030923126683239425,0.0031311663247679373,0.0012246150921253081,0.00073761826103125,0.000506062447572974,0.0010062776153533868,3.4697483003050262
1302,86,1,overall_similarity,3.6595565927636384,1.2481045220935272,0.41859479341918865,-4.189566513077307e-05,-0.04087942315559196,-0.01874627917478259,-0.07535027666814621,0.07903767683757713,-0.028949481572678452,0.0,0.0030923126683239425,0.0031311663247679373,0.0012246150921253081,0.00073761826103125,0.000506062447572974,0.0010062776153533868,3.6595565927636384
10,308,1,overall_similarity,4.629912601820691,0.5270974428450128,0.22313557608462417,0.00011488315767447816,-0.016042584615472682,0.008656109961238423,-0.064229672475006,0.018903298138367778,0.2135917331605019,0.0,0.0030923126683239425,0.0031311663247679373,0.0012246150921253081,0.0007377004184836257,0.0005069297917652286,0.0010062776153533868,4.629912601820691
464,863,1,overall_similarity,3.7433720038584055,1.3909418691619146,0.2972698298988627,-4.189566513077307e-05,-0.05896185798122243,-0.01959970958768008,-0.07452608275673221,0.07893626741354497,-0.03382630544673521,0.0,0.0030923126683239425,0.0031311663247679373,0.0012246150921253081,0.00073761826103125,0.000506062447572974,0.0010062776153533868,3.7433720038584055
972,272,0,overall_similarity,-4.522847261329448,-0.6405286145432423,0.08489371901158221,0.0001133787415694989,-0.050650798532947516,-0.023000526223251543,-0.08790962379353226,-0.053247723340137554,-0.07165960441514052,0.0,0.001046539563374665,0.0010409403364665037,0.00040619848363122944,0.000543004557372202,-0.0011404548213696036,-0.0031506607340386706,-4.522847261329448
11,338,0,overall_similarity,-4.472830413617688,-0.14195583476306195,0.09648278653856932,0.0001133787415694989,-0.06477319887868467,-0.010886271052581269,-0.08148520680658991,0.14990774139655955,-0.040372703653563845,0.0,-0.08476970463334782,-0.08364383479260433,-0.03389985848101213,0.000543004557372202,-0.0011404548213696036,-0.0031506607340386706,-4.472830413617688
554,307,0,overall_similarity,-4.236731933524825,-0.6324556102428595,-0.24289746215081948,0.0001133787415694989,-0.050796163510402205,-0.022726002859227757,-0.08632932019631855,-0.06593076868272153,-0.07207962493387546,0.0,-0.05381508990917047,-0.05329879923969861,-0.02151638802746435,-0.0026164484648904455,-0.0011355809383801732,-0.0031506607340386706,-4.236731933524825
1084,58,0,overall_similarity,-4.616985359225861,-0.5707628035035512,0.15151261005554897,0.0001133787415694989,-0.015489373915455415,0.005529170632697246,-0.09054506182293545,-0.04316339056633969,-0.07165960441514052,0.0,0.001046539563374665,0.0010409403364665037,0.00040619848363122944,0.000737406443292157,0.000503826267159556,0.0010062776153533868,-4.616985359225861
181,722,1,overall_similarity,4.631366127106341,0.8691541446248814,0.4199364474219353,-4.189566513077307e-05,-0.019948746771073243,0.008656109961238423,-0.07496590706069114,-0.07226113956861323,-0.03161400858697574,0.0,0.0030923126683239425,0.0031311663247679373,0.0012246150921253081,0.00073761826103125,0.000506062447572974,0.0010062776153533868,4.631366127106341
451,733,1,overall_similarity,4.6109597106443685,0.8279956123843012,0.4311564372511961,-4.189566513077307e-05,-0.023506517867670253,0.002128605683446289,-0.07475718304960938,0.40146305109710084,-0.00891574890142172,0.0,0.0030923126683239425,0.0030246522175620062,0.0010051032046111419,0.00073761826103125,0.000506062447572974,0.023712599168992692,4.6109597106443685
101,706,1,overall_similarity,3.743357907586118,1.390948370822294,0.2972698298988627,-4.189566513077307e-05,-0.05896185798122243,-0.01959970958768008,-0.07452608275673221,0.07893626741354497,-0.03381871083482666,0.0,0.0030923126683239425,0.0031311663247679373,0.0012246150921253081,0.00073761826103125,0.000506062447572974,0.0010062776153533868,3.743357907586118
209,297,1,overall_similarity,3.6500826413302776,0.883127602864073,0.22583093696661075,0.00011488315767447816,-0.08889342599204247,-0.01959970958768008,-0.07642949765925185,-0.08084353330513921,-0.06510561159640335,0.0,0.0030923126683239425,0.0031311663247679373,0.0012246150921253081,0.0007377004184836257,0.0005069297917652286,0.0010062776153533868,3.6500826413302776
503,393,1,overall_similarity,4.800964796344831,-0.20297677010531326,0.24020294170119696,0.00011318449555936785,-0.015983276396619676,0.008700352503008046,-0.08393627917140242,0.001458048207506708,0.21330867725361202,0.0,0.0030923126683239425,0.0031311663247679373,0.0012246150921253081,0.0007377004184836257,0.0005069297917652286,0.0010062776153533868,4.800964796344831
547,852,0,overall_similarity,-4.617344562307357,-0.6092643271437979,0.08613989995156636,0.0001133787415694989,-0.01561938720835416,0.005529170632697246,-0.08632932019631855,-0.053247723340137554,-0.07165960441514052,0.0,0.001046539563374665,0.0010409403364665037,0.00040619848363122944,-0.0026164484648904455,-0.0011355809383801732,-0.0031506607340386706,-4.617344562307357
134,68,1,overall_similarity,3.515907505107871,-0.7294830841386057,0.46775466344986066,0.00011318449555936785,0.12692328142467865,-0.044800254213267984,0.8471708734960856,-0.043651114553874285,-0.030962358662842755,0.0,0.0030923126683239425,0.0031084715576075827,0.0011778440933651873,0.0033422135047261148,0.0016683749185570102,0.001945310054827365,3.515907505107871
220,13,1,overall_similarity,3.743357907586118,1.390948370822294,0.2972698298988627,-4.189566513077307e-05,-0.05896185798122243,-0.01959970958768008,-0.07452608275673221,0.07893626741354497,-0.03381871083482666,0.0,0.0030923126683239425,0.0031311663247679373,0.0012246150921253081,0.00073761826103125,0.000506062447572974,0.0010062776153533868,3.743357907586118
878,999,0,overall_similarity,-4.520506438031507,-0.6464021429148706,0.08694959146471576,0.0001133787415694989,-0.0899825912718312,-0.02696257590816821,-0.08790962379353226,-0.05334913276416972,-0.07165960441514052,0.0,0.001046539563374665,0.0010409403364665037,0.00040619848363122944,0.000543004557372202,-0.0011404548213696036,-0.0031506607340386706,-4.520506438031507
15,301,0,overall_similarity,-3.512307807746615,-0.5817313396702112,-0.9053125009213817,0.0001133787415694989,-0.14610442935263399,0.005775695519274492,-0.08073253534427954,-0.06345301085593036,0.1597914809717548,0.0,-0.05381508990917047,-0.05329879923969861,-0.02151638802746435,0.000737406443292157,0.000503826267159556,0.0010062776153533868,-3.512307807746615
544,959,1,overall_similarity,3.2664373313681394,-0.9071026878071493,-0.5217079481673814,0.00011318449555936785,-0.0026279310831183755,0.02171381418818412,-0.0909380909657262,-0.09709458994708924,0.07422914449733997,0.0,0.0012841623775385537,0.0012991774627636775,0.000501260080246388,0.0007377004184836257,0.0005069297917652286,0.0010062776153533868,3.2664373313681394
140,90,0,overall_similarity,-3.505693553398551,-0.5807072130103117,-0.9475744573413375,0.0001133787415694989,-0.1546764209410384,0.005784857141957989,-0.09127574473003837,-0.06871689285736106,-0.07623766142748192,0.0,-0.05381508990917047,-0.05329879923969861,-0.02151638802746435,0.000737406443292157,0.000503826267159556,0.0010062776153533868,-3.505693553398551
102,280,0,overall_similarity,-4.306170881174018,-0.6460906217583585,0.0787209136917039,0.0001133787415694989,-0.09000111547607666,-0.02696257590816821,-0.08632932019631855,-0.05336765696841518,-0.07165960441514052,0.0,-0.08476970463334782,-0.08364383479260433,-0.03389985848101213,-0.0026164484648904455,-0.0011355809383801732,-0.0031506607340386706,-4.306170881174018
365,631,0,overall_similarity,-4.507376250836866,-0.14264128632086143,-0.2465412272158632,0.0001133787415694989,-0.06475467467443921,-0.026185926678968713,-0.0710720835262107,-0.017047936722855154,0.2060553285496973,0.0,0.0006643838260391421,0.000739509295127149,0.0002533161323528617,-0.0026164484648904455,-0.0011355809383801732,-0.0031506607340386706,-4.507376250836866
337,506,1,overall_similarity,4.792286093643274,-0.04348445322093418,0.19612078735093963,0.00011318449555936785,-0.03822680111391022,0.009167651978638985,-0.07818301020618301,0.02244235377311362,0.2502517782621474,0.0,0.0030923126683239425,0.0031311663247679373,0.0012246150921253081,0.0007377004184836257,0.0005069297917652286,0.0010062776153533868,4.792286093643274
200,54,1,overall_similarity,3.3477089618681664,-0.6463449210612578,0.27449612643566645,0.00011318449555936785,0.09472441989866247,-0.043170977970463674,0.5656744756932537,-0.043651114553874285,-0.030962358662842755,0.0,0.0030923126683239425,0.0031084715576075827,0.0011778440933651873,0.037306514449084734,0.016397610844689152,0.016707649579806354,3.3477089618681664
848,571,0,overall_similarity,-4.376288135634785,-0.6317839302303405,0.1233423573617357,0.0001133787415694989,-0.09585984093238546,-0.05495692302781667,-0.06671294021144467,-0.04762919546381879,-0.06762842237775481,0.0,0.001046539563374665,0.001018245569306149,0.0003594274848711088,0.0025637381036641965,0.001298824196395989,0.0015749287764228743,-4.376288135634785
146,441,1,overall_similarity,4.685165840434114,0.5219122869739617,0.31977967227317206,0.00011488315767447816,-0.04041029764161494,0.008656109961238423,-0.07306249215817154,0.04446401801254451,0.05658202429706613,0.0,0.0030923126683239425,0.0031311663247679373,0.0012246150921253081,0.0007377004184836257,0.0005069297917652286,0.0010062776153533868,4.685165840434114
1040,504,1,overall_similarity,4.6047315972180645,0.7510019638511148,0.4283658441693309,-4.189566513077307e-05,0.055568573120072115,-0.05551531891328499,0.6245592274248042,0.028696080234922292,0.07025140126568723,0.0,0.0030923126683239425,0.0031084715576075827,0.0011778440933651873,0.003147729461353784,-0.005783999148123313,-0.007056805829894675,4.6047315972180645
806,671,0,overall_similarity,-3.5038412712060456,-0.5815679488436686,-0.9465569620249377,0.0001133787415694989,-0.15480643423393717,0.005784857141957989,-0.08995443758617137,-0.06592160706003804,-0.07623766142748192,0.0,-0.05381508990917047,-0.05329879923969861,-0.02151638802746435,0.000543004557372202,-0.0011404548213696036,-0.0031506607340386706,-3.5038412712060456
123,325,1,overall_similarity,3.7415670532446224,1.4008985856517988,0.26777627171396334,-4.189566513077307e-05,-0.05609071035893159,-0.01959970958768008,-0.06588628827349303,-0.075570489681025,0.07283366668311006,0.0,0.0030923126683239425,0.0031311663247679373,0.0012246150921253081,0.00073761826103125,0.000506062447572974,0.0010062776153533868,3.7415670532446224
797,637,1,overall_similarity,4.621015533668719,0.8581303475082317,0.4456194202416825,-4.189566513077307e-05,-0.014059149531769621,0.008834575508727493,-0.07306249215817154,0.04446401801254451,0.01994014435693885,0.0,0.0030923126683239425,0.0031311663247679373,0.0012246150921253081,0.00073761826103125,0.000506062447572974,0.0010062776153533868,4.621015533668719
954,493,0,overall_similarity,-3.442198616465066,-0.6168951212374669,-1.0240843201088836,0.0001133787415694989,-0.2289623608199787,-0.042262231534555675,-0.08837413398895766,-0.06601365390250824,-0.07623766142748192,0.0,0.0006643838260391421,0.0006611517807380553,0.0002533161323528617,-0.0026164484648904455,-0.0011355809383801732,-0.0031506607340386706,-3.442198616465066
22,604,1,overall_similarity,4.161899388010352,-0.5372421777392503,-1.5983208703600014,0.00011318449555936785,1.0105865612490048,-0.04249875794743774,0.8328348027561971,0.06296532233961859,0.04032419149546751,0.0,0.0012841623775385537,0.0012764826956033228,0.00045448908148626736,0.0033422135047261148,0.0016683749185570102,0.001945310054827365,4.161899388010352
734,649,0,overall_similarity,-3.5116150264710835,-0.5810772382073989,-0.9030943896874843,0.0001133787415694989,-0.14623444264553276,0.005784857141957989,-0.0778309246031988,-0.06064856343592383,0.1597914809717548,0.0,-0.05381508990917047,-0.05329879923969861,-0.02151638802746435,-0.0026164484648904455,-0.0011355809383801732,-0.0031506607340386706,-3.5116150264710835
49,139,0,overall_similarity,3.297501198840633,-0.6534188855470822,-3.247024955242168,0.00011318449555936785,-0.6998378215491684,0.023591843904538928,-0.11964961244524665,-0.11130976889784724,-0.03686568281214,0.0,0.0012841623775385537,0.0012764826956033228,0.00045448908148626736,0.0007377004184836257,0.0005069297917652286,0.0007812546084132509,3.297501198840633
402,587,0,overall_similarity,-4.399186427442701,-0.6397027634885601,0.0781674034198126,0.0001133787415694989,-0.05015542283755265,-0.023000526223251543,-0.08923093093739926,-0.05605548140379661,-0.07165960441514052,0.0,-0.08476970463334782,0.0010409403364665037,-0.03389985848101213,0.000737406443292157,0.000503826267159556,0.0010062776153533868,-4.399186427442701
640,181,1,overall_similarity,3.652428390162811,1.248998784468523,0.41859479341918865,-4.189566513077307e-05,-0.04147352323919539,-0.01904644146617552,-0.07535027666814621,0.0205597372229972,-0.029177778838077074,0.0,0.0030923126683239425,0.0031311663247679373,0.0012246150921253081,0.00073761826103125,0.000506062447572974,0.0010062776153533868,3.652428390162811
342,24,0,overall_similarity,-4.2927214498595845,-0.6388267028707437,-0.25666935697714854,0.0001133787415694989,-0.08429421957205369,-0.042262231534555675,-0.08600620889101263,0.058295099851473894,-0.04079423794734205,0.0,-0.05381508990917047,0.0006611517807380553,-0.02151638802746435,0.000543004557372202,-0.0011404548213696036,-0.0031506607340386706,-4.2927214498595845
134,621,0,overall_similarity,-4.521670985692331,-0.6452375952540468,0.08694959146471573,0.0001133787415694989,-0.0899825912718312,-0.02696257590816821,-0.08790962379353226,-0.05334913276416972,-0.07165960441514052,0.0,0.001046539563374665,0.0010409403364665037,0.00040619848363122944,0.000543004557372202,-0.0011404548213696036,-0.0031506607340386706,-4.521670985692331
351,924,0,overall_similarity,-4.399235498020414,-0.5897063968024114,0.10641671888101847,0.0001133787415694989,-0.0883563708490632,-0.02696257590816821,-0.005610460147955117,-0.040481986459384875,-0.07165960441514052,0.0,-0.08476970463334782,0.0010409403364665037,-0.03389985848101213,-0.010674098828568561,-0.004303158556903216,-0.006325357406077164,-4.399235498020414
694,975,0,overall_similarity,-4.492225801813665,-0.6092304113621897,0.09143601400171868,0.0001133787415694989,-0.009931015508576632,0.005529170632697246,-0.07736641440777342,-0.005533168405463364,0.20033231553230416,0.0,-0.08476970463334782,0.0010409403364665037,-0.03389985848101213,0.000543004557372202,-0.0011404548213696036,-0.0031506607340386706,-4.492225801813665
280,478,1,overall_similarity,3.6632733251611866,1.2489822742783183,0.41859479341918865,-4.189566513077307e-05,-0.04147352323919539,-0.01904644146617552,-0.06651745698498072,0.0205597372229972,0.21258779897242974,0.0,0.0030923126683239425,0.0031311663247679373,0.0012246150921253081,0.00073761826103125,0.000506062447572974,0.0010062776153533868,3.6632733251611866
203,288,0,overall_similarity,-4.139395146903995,0.8207911144294684,-0.7924070799061725,0.00012239898406647253,0.22053489409526944,-0.026487781352483798,-0.0719617975910035,-0.05180551246361431,-0.07187267413303305,0.0,0.0006643838260391421,-0.05327610447253826,-0.02146961702870423,0.0007346248266902953,-0.0011238346198907826,-0.002400584044238218,-4.139395146903995
746,553,0,overall_similarity,-4.326881336122195,-0.6329627520992275,-0.2430005833698285,0.0001133787415694989,-0.04458459216433785,-0.02257553578918522,-0.08600620889101263,0.05839650927550606,-0.04079272417229878,0.0,-0.05381508990917047,0.0006611517807380553,-0.02151638802746435,0.000543004557372202,-0.0011404548213696036,-0.0031506607340386706,-4.326881336122195
968,884,1,overall_similarity,3.865462853374825,1.0686169869286595,0.4184753541261781,0.00011488315767447816,-0.03899797022189268,-0.010598311778926154,-0.07535027666814621,0.015242515045019972,-0.012522201272405085,0.0,0.0030923126683239425,0.0031311663247679373,0.0012246150921253081,0.00073761826103125,0.000506062447572974,0.0010062776153533868,3.865462853374825
1068,440,0,overall_similarity,-4.6227040827714,-0.6094208098541531,0.09766308063477536,0.0001133787415694989,-0.010107296515430674,0.005350705085208175,-0.08442590529379891,0.1500276750248372,-0.040372703653563845,0.0,0.001046539563374665,0.0010409403364665037,0.00040619848363122944,-0.0026164484648904455,-0.0011355809383801732,-0.0031506607340386706,-4.6227040827714
355,796,1,overall_similarity,4.731276078161484,-0.6370169322500763,0.2573323355497228,0.00011318449555936785,0.11453471111596907,-0.044450027863651556,0.827180869946571,-0.03557704017933617,0.0226721979517459,0.0,0.0030923126683239425,0.0031084715576075827,0.0011778440933651873,0.0033422135047261148,0.0016683749185570102,0.001945310054827365,4.731276078161484
437,482,0,overall_similarity,-4.317251653878327,-0.5635255959810498,0.09447809914174753,0.0001133787415694989,0.052088689138707754,-0.027229349662597158,-0.03034883160091269,-0.032675056917425185,-0.06762842237775481,0.0,-0.08476970463334782,-0.08362114002544399,-0.033853087482252006,0.002369042242552773,-0.004308032439892646,-0.005575280716276712,-4.317251653878327
127,554,1,overall_similarity,4.6213686562171095,0.858136849168611,0.4456194202416825,-4.189566513077307e-05,-0.014247902804959696,0.008656109961238423,-0.07306249215817154,0.04446401801254451,0.019947738968847408,0.0,0.0030923126683239425,0.0031311663247679373,0.0012246150921253081,0.00073761826103125,0.000506062447572974,0.0010062776153533868,4.6213686562171095
837,270,0,overall_similarity,-4.411992031224354,-0.6090213477761424,-0.1801044352327944,0.0001133787415694989,-0.00980705415358732,0.005954161066763564,-0.08864164692041582,0.03871760231418845,-0.035548141709638346,0.0,-0.05381508990917047,-0.05329879923969861,-0.02151638802746435,0.000737406443292157,0.000503826267159556,0.0010062776153533868,-4.411992031224354
722,647,0,overall_similarity,-4.6169773434866785,-0.6092643271437979,0.08613989995156636,0.0001133787415694989,-0.01580814048154423,0.005350705085208175,-0.08632932019631855,-0.053247723340137554,-0.07165960441514052,0.0,0.001046539563374665,0.0010409403364665037,0.00040619848363122944,-0.0026164484648904455,-0.0011355809383801732,-0.0031506607340386706,-4.6169773434866785
163,218,1,overall_similarity,3.7062037999790434,0.4003661071729144,0.15089484187120572,0.00011318449555936785,-0.27145076375096705,-0.1480676645267307,-0.10274977150856014,0.16547745194788516,0.005256769991125805,0.0,-0.2504773261342392,-0.25054652385093373,-0.10014483277027238,0.0007377004184836257,0.0005069297917652286,0.0007812546084132509,3.7062037999790434
183,931,0,overall_similarity,-4.537584489618706,-0.6466782578104916,0.09715710782176457,0.0001133787415694989,-0.08415173401281892,-0.02696257590816821,-0.08864164692041582,-0.0068188533175970786,-0.03572569081994898,0.0,0.001046539563374665,0.0010409403364665037,0.00040619848363122944,0.000737406443292157,0.000503826267159556,0.0010062776153533868,-4.537584489618706
123,833,0,overall_similarity,-4.244627581870319,-0.36444105907099433,-0.25153048252051086,0.0001133787415694989,-0.08408626244728297,-0.04219764044517797,-0.07528782515282757,-0.02255138427677015,0.20600458039460934,0.0,0.0006643838260391421,0.000739509295127149,0.0002533161323528617,0.0007377004184836257,0.0005069297917652286,0.0010062776153533868,-4.244627581870319
1252,108,1,overall_similarity,3.557489104237785,0.02794344270864648,0.15535233544917376,0.00011318449555936785,-0.04840506535492751,-0.010904295586772965,-0.0912070293018429,-0.08803626970448893,-0.06511174774261433,0.0,0.0030923126683239425,0.0031311663247679373,0.0012246150921253081,0.0007377004184836257,0.0005069297917652286,0.0010062776153533868,3.557489104237785
446,141,1,overall_similarity,3.4691034411677517,1.4337845620564136,0.26777627171396334,-4.189566513077307e-05,-0.05537128534838548,-0.01874627917478259,-0.06588628827349303,-0.07812550420709372,0.07283366668311006,0.0,0.0030923126683239425,0.0031311663247679373,0.0012246150921253081,0.00073761826103125,0.000506062447572974,0.0010062776153533868,3.4691034411677517
790,487,1,overall_similarity,4.6404949473273716,0.49697921791128785,0.2086725930941378,0.00011488315767447816,-0.025301199678183235,0.002128605683446289,-0.07475718304960938,0.40146305109710084,-0.00891574890142172,0.0,0.0030923126683239425,0.0030246522175620062,0.0010051032046111419,0.0007377004184836257,0.0005069297917652286,0.023712599168992692,4.6404949473273716
627,594,0,industry_ratio,-1.5877270281582945,0.20828859504207392,0.1660988965556763,0.00011488315767447816,-0.3183079137072109,0.00877318308725293,-0.12647245479967453,-0.2852578600481612,-1.5877270281582945,0.0,0.0030923126683239425,0.0031311663247679373,0.0012246150921253081,0.0007377004184836257,0.0005069297917652286,0.0010062776153533868,1.0623721912277693
88,101,1,overall_similarity,4.423677274562685,-0.1332647058286217,-0.5320229451422825,0.00011318449555936785,0.11453471111596907,-0.042789433749611444,0.5531833413508122,-0.08329261418332325,0.1481695317748088,0.0,0.0012841623775385537,0.0012764826956033228,0.00045448908148626736,0.0033422135047261148,0.0016683749185570102,0.001945310054827365,4.423677274562685
491,601,1,overall_similarity,3.3433258514236344,-0.7156636435953498,0.1324956814677338,0.00011318449555936785,-0.1340999519614125,-0.08533923207057968,-0.08255559274233831,0.005580709526831064,0.2123047430655399,0.0,0.0030923126683239425,0.0031311663247679373,0.0012246150921253081,0.0007377004184836257,0.0005069297917652286,0.0010062776153533868,3.3433258514236344
1194,265,1,overall_similarity,3.869211802475855,0.6483693583814135,0.2926356061576677,0.00011488315767447816,-0.04079265203240566,-0.010598311778926154,-0.06651745698498072,0.015242515045019972,0.22924337653810173,0.0,0.0030923126683239425,0.0031311663247679373,0.0012246150921253081,0.0007377004184836257,0.0005069297917652286,0.0010062776153533868,3.869211802475855
726,698,1,overall_similarity,4.599869067192921,0.8584653564399859,0.4456194202416825,0.00011488315767447816,-0.014247902804959696,0.008656109961238423,-0.064229672475006,0.018903298138367778,0.2135917331605019,0.0,0.0030923126683239425,0.0031311663247679373,0.0012246150921253081,0.00073761826103125,0.000506062447572974,0.0010062776153533868,4.599869067192921
124,649,0,overall_similarity,-4.5332707811483095,-0.6129729423443439,0.08522968074414501,0.0001133787415694989,-0.0072361488931398385,0.005350705085208175,-0.0757861108105597,-0.04797467971602336,0.11988706222032187,0.0,0.001046539563374665,0.0010409403364665037,0.00040619848363122944,-0.0026164484648904455,-0.0011355809383801732,-0.0031506607340386706,-4.5332707811483095
1084,55,0,overall_similarity,-4.382142297651396,-0.24992317079753984,0.08094623905548826,0.0001133787415694989,-0.015507898119700875,0.005529170632697246,-0.08602405973851274,-0.056061533341706035,-0.07165960441514052,0.0,-0.08476970463334782,-0.08364383479260433,-0.03389985848101213,0.000737406443292157,0.000503826267159556,0.0010062776153533868,-4.382142297651396
370,954,1,overall_similarity,4.872007473144797,-0.6782921658540189,0.190735473484219,0.00011318449555936785,0.11453471111596907,-0.044450027863651556,0.827180869946571,-0.048049748812501354,0.04442516947458777,0.0,0.0030923126683239425,0.0031084715576075827,0.0011778440933651873,0.0033422135047261148,0.0016683749185570102,0.001945310054827365,4.872007473144797
942,778,1,overall_similarity,3.8503273194605123,-0.9740844661393683,-1.3785850988618837,0.015029742773154858,-0.33341813567166384,-0.07130216513306359,-0.08864164692041582,0.1098971434477712,0.24156121161781732,0.0,0.0012841623775385537,0.001022959569618962,0.000501260080246388,0.019983487124559163,0.0326281807920766,0.01772495854557604,3.8503273194605123
262,398,1,overall_similarity,4.8801281527092355,-0.677127618193195,0.190735473484219,0.00011318449555936785,0.11453471111596907,-0.044450027863651556,0.827180869946571,-0.048049748812501354,0.03513994224932643,0.0,0.0030923126683239425,0.0031084715576075827,0.0011778440933651873,0.0033422135047261148,0.0016683749185570102,0.001945310054827365,4.8801281527092355
813,316,0,overall_similarity,-4.383681946811513,-0.24863705635289282,0.08226190338164842,0.0001133787415694989,-0.01582666468578969,0.005350705085208175,-0.08338862170910954,-0.053266247544383014,-0.07165960441514052,0.0,-0.08476970463334782,-0.08364383479260433,-0.03389985848101213,0.000543004557372202,-0.0011404548213696036,-0.0031506607340386706,-4.383681946811513
1077,347,1,overall_similarity,3.2857129843875,-0.9226428030104835,-0.5234353713507421,0.00011318449555936785,-0.0039368776848129165,0.023521555978477496,-0.09590941450992657,0.11245215797383988,-0.036006581512042696,0.0,0.0012841623775385537,0.0012991774627636775,0.000501260080246388,0.0007377004184836257,0.0005069297917652286,0.0010062776153533868,3.2857129843875
250,201,1,overall_similarity,3.597395462176432,0.8261991139467731,0.16070072126660292,0.00011488315767447816,-0.048842208242612685,-0.010948538128542589,-0.07725369157066585,-0.08074212388110705,-0.06510561159640335,0.0,0.0030923126683239425,0.0031311663247679373,0.0012246150921253081,0.0007377004184836257,0.0005069297917652286,0.0010062776153533868,3.597395462176432
662,958,0,overall_similarity,-4.40995474165541,-0.609737010431785,0.08694204098179519,0.0001133787415694989,-0.009937067446486062,0.005529170632697246,-0.07717338920784707,-0.004028867624538721,0.2060553285496973,0.0,-0.08476970463334782,-0.08364383479260433,-0.03389985848101213,0.000543004557372202,-0.0011404548213696036,-0.0031506607340386706,-4.40995474165541
1224,694,0,overall_similarity,-4.243430625962429,-0.3644459717530305,-0.25153048252051086,0.0001133787415694989,-0.08408626244728297,-0.04219764044517797,-0.0841206448359931,0.03592655533780977,-0.04042496558369509,0.0,0.0006643838260391421,0.000739509295127149,0.0002533161323528617,0.0007377004184836257,0.0005069297917652286,0.0010062776153533868,-4.243430625962429
845,159,1,overall_similarity,4.6404949473273716,0.49697921791128785,0.2086725930941378,0.00011488315767447816,-0.026073965072405732,0.002128605683446289,-0.07475718304960938,0.4022358164913234,-0.00891574890142172,0.0,0.0030923126683239425,0.0030246522175620062,0.0010051032046111419,0.0007377004184836257,0.0005069297917652286,0.023712599168992692,4.6404949473273716
488,504,0,overall_similarity,-3.5987832462671197,-0.5814270603850286,-0.8921827321347929,0.0001133787415694989,-0.1530629328951263,0.0062429949949054315,-0.08442590529379891,0.05839045733759663,-0.036044268529506034,0.0,-0.05381508990917047,-0.05329879923969861,-0.02151638802746435,-0.0026164484648904455,-0.0011355809383801732,-0.0031506607340386706,-3.5987832462671197
73,654,1,overall_similarity,4.64436338346767,-0.7549794826278301,-0.535373958196368,0.00011318449555936785,-0.022625424085321852,0.023591843904538928,-0.08841280881028221,0.0503643464096321,0.24749380661530457,0.0,0.0012841623775385537,0.0012764826956033228,0.00045448908148626736,0.0007377004184836257,0.0005069297917652286,0.0007812546084132509,4.64436338346767
1314,664,0,overall_similarity,-4.754632677098439,0.3468639043700712,0.08248342359467307,0.0001133787415694989,-0.031183034120522073,-0.006968463909434229,-0.0649459884431242,-0.03854423535812043,-0.07135838334673253,0.0,0.001046539563374665,0.0010409403364665037,0.00040619848363122944,-0.0026164484648904455,-0.0011355809383801732,-0.0031506607340386706,-4.754632677098439
187,598,0,overall_similarity,-3.4520706498495635,-0.6119171937485689,-0.9121185889636265,0.0001133787415694989,-0.1815001558702157,-0.042262231534555675,-0.07736641440777342,-0.007373913636763892,0.19575425851996278,0.0,-0.05381508990917047,-0.05329879923969861,-0.02151638802746435,0.000543004557372202,-0.0011404548213696036,-0.0031506607340386706,-3.4520706498495635
616,163,0,overall_similarity,-4.3085206349159675,-0.6405362575447971,0.07541886029858622,0.0001133787415694989,-0.05066932273719297,-0.023000526223251543,-0.08790962379353226,-0.053266247544383014,-0.07165960441514052,0.0,-0.08476970463334782,-0.08364383479260433,-0.03389985848101213,0.000543004557372202,-0.0011404548213696036,-0.0031506607340386706,-4.3085206349159675
183,705,1,overall_similarity,3.3630306542009976,-0.6463449210612578,0.25917443410283564,0.00011318449555936785,0.09472441989866247,-0.043170977970463674,0.5656744756932537,-0.043651114553874285,-0.030962358662842755,0.0,0.0030923126683239425,0.0031084715576075827,0.0011778440933651873,0.037306514449084734,0.016397610844689152,0.016707649579806354,3.3630306542009976
1002,999,1,overall_similarity,3.2720770839685853,0.37293378991406184,0.2425391167454183,0.00011318449555936785,-0.03111717273295134,0.00877318308725293,-0.07510819051538485,-0.08050185260985274,-0.06108056570522864,0.0,0.0030923126683239425,0.0031311663247679373,0.0012246150921253081,0.0005432985325636707,-0.001137351296763931,-0.0031506607340386706,3.2720770839685853
745,669,0,overall_similarity,-3.568204382293414,-0.5809109057840193,-0.9194181283951152,0.0001133787415694989,-0.14897557697492483,0.005784857141957989,-0.08937232982751873,0.15116441199350764,-0.04495076066590523,0.0,-0.05381508990917047,-0.05329879923969861,-0.02151638802746435,0.000737406443292157,0.000503826267159556,0.0010062776153533868,-3.568204382293414
99,427,1,overall_similarity,3.27247577969142,-0.10986085816261196,-0.4352840978184217,0.00011318449555936785,-0.04270422138881396,-0.008893475123116432,-0.08622406368137714,0.037096649133174814,0.21230659334547666,0.0,0.0012841623775385537,0.0016874433486691871,0.000501260080246388,0.0007377004184836257,0.0005069297917652286,0.0010062776153533868,3.27247577969142
526,723,1,overall_similarity,3.4378371232609535,1.4348516426831792,0.27158685707911545,-4.189566513077307e-05,-0.06394327693678989,-0.01874627917478259,-0.07642949765925185,-0.08339854783120791,-0.06510561159640335,0.0,0.0030923126683239425,0.0031311663247679373,0.0012246150921253081,0.00073761826103125,0.000506062447572974,0.0010062776153533868,3.4378371232609535
769,498,0,overall_similarity,-4.522834571584043,-0.6402132096865718,0.08613989995156636,0.0001133787415694989,-0.050650798532947516,-0.023000526223251543,-0.08632932019631855,-0.053247723340137554,-0.07165960441514052,0.0,0.001046539563374665,0.0010409403364665037,0.00040619848363122944,-0.0026164484648904455,-0.0011355809383801732,-0.0031506607340386706,-4.522834571584043
765,833,1,overall_similarity,3.7493773454901103,1.3902270737676732,0.30084290815066267,-4.189566513077307e-05,-0.05896185798122243,-0.01959970958768008,-0.06588628827349303,0.017539024133939464,0.20565990168140463,0.0,0.0030923126683239425,0.0031311663247679373,0.0012246150921253081,0.00073761826103125,0.000506062447572974,0.0010062776153533868,3.7493773454901103
316,682,0,overall_similarity,-4.4108420351146185,-0.14805418163471745,-0.17150512648743788,0.0001133787415694989,-0.01874115313821931,0.003376247033365993,-0.08338862170910954,-0.05086799184653802,-0.07165960441514052,0.0,-0.05381508990917047,-0.05954128121936309,-0.02151638802746435,0.000543004557372202,-0.0011404548213696036,-0.0031506607340386706,-4.4108420351146185
859,903,0,overall_similarity,-4.312903679692084,-0.6419215544749893,0.0915999595337961,0.0001133787415694989,-0.04509531954428866,-0.02726273819956114,-0.07559308561063335,-0.004028867624538721,0.2060553285496973,0.0,-0.08476970463334782,-0.08364383479260433,-0.03389985848101213,-0.0026164484648904455,-0.0011355809383801732,-0.0031506607340386706,-4.312903679692084
660,955,1,overall_similarity,3.662628466023912,1.258061238583411,0.3891012352342893,-4.189566513077307e-05,-0.03800827553330112,-0.01874627917478259,-0.06671048218490705,-0.07546908025699285,0.07283366668311006,0.0,0.0030923126683239425,0.0031311663247679373,0.0012246150921253081,0.00073761826103125,0.000506062447572974,0.0010062776153533868,3.662628466023912
1003,194,0,overall_similarity,-3.850407401284917,-0.6232397859831577,-0.5945248430232999,0.0001133787415694989,-0.09285231476700608,-0.02257553578918522,-0.08790962379353226,-0.06593076868272153,-0.07566119191650006,0.0,-0.05381508990917047,-0.05329879923969861,-0.02151638802746435,0.000543004557372202,-0.0011404548213696036,-0.0031506607340386706,-3.850407401284917
516,177,0,overall_similarity,-3.465460498514371,-0.5814490973320723,-0.9202774632188321,0.0001133787415694989,-0.16039395920090826,-0.054066202296206727,-0.08843273442460886,-0.06766045172395391,-0.07220647939009622,0.0,-0.05381508990917047,-0.05329879923969861,-0.02151638802746435,-0.0026164484648904455,-0.0011355809383801732,-0.0031506607340386706,-3.465460498514371
1159,832,1,overall_similarity,3.4378371232609535,1.4348516426831792,0.27158685707911545,-4.189566513077307e-05,-0.06394327693678989,-0.01874627917478259,-0.07642949765925185,-0.08339854783120791,-0.06510561159640335,0.0,0.0030923126683239425,0.0031311663247679373,0.0012246150921253081,0.00073761826103125,0.000506062447572974,0.0010062776153533868,3.4378371232609535
660,370,0,overall_similarity,-4.173495911372503,-0.7245316582683897,-0.33002759273511056,0.0001133787415694989,-0.08978710641339652,-0.04219764044517797,-0.09054506182293545,-0.07151710145642325,-0.07207962493387546,0.0,0.0006643838260391421,0.0006611517807380553,0.0002533161323528617,0.0007377004184836257,0.0005069297917652286,0.0010062776153533868,-4.173495911372503
652,716,1,overall_similarity,3.009833239124602,-0.7239093956664113,0.1478173738005648,0.00011318449555936785,-0.1354733997088187,-0.08696850831338399,-0.08255559274233831,0.0030256950007623616,0.2123047430655399,0.0,0.0030923126683239425,0.0031311663247679373,0.0012246150921253081,0.0007377004184836257,0.0005069297917652286,0.0010062776153533868,3.009833239124602
747,739,1,overall_similarity,4.877245363135551,0.3210685671451884,0.31977967227317206,0.00011318449555936785,-0.016042584615472682,0.008656109961238423,-0.064229672475006,0.018903298138367778,0.21360989832202001,0.0,0.0030923126683239425,0.0031311663247679373,0.0012246150921253081,0.0007377004184836257,0.0005069297917652286,0.0010062776153533868,4.877245363135551
1084,733,0,overall_similarity,-4.6269322392169,-0.6098634898976442,0.09510123536863105,0.0001133787415694989,-0.009977283222531932,0.005350705085208175,-0.08864164692041582,0.05176049572101501,-0.03549739355455036,0.0,0.001046539563374665,0.0010409403364665037,0.00040619848363122944,0.000737406443292157,0.000503826267159556,0.0010062776153533868,-4.6269322392169
994,931,1,overall_similarity,3.4296056355738576,-0.9315672071720654,0.1542428684573779,0.00011318449555936785,-0.005499078705409207,0.019702993724527582,-0.0995778854489654,0.005580709526831064,-0.029249972809741735,0.0,0.0030923126683239425,0.0031311663247679373,0.0012246150921253081,0.0007377004184836257,0.0005069297917652286,0.0010062776153533868,3.4296056355738576
1271,317,0,overall_similarity,-4.583826187233766,-0.614508176351024,0.3156938087040218,0.0001133787415694989,-0.08985257797893245,-0.02696257590816821,-0.08923093093739926,-0.04326479999037186,-0.07165960441514052,0.0,0.001046539563374665,0.0010409403364665037,0.00040619848363122944,0.000737406443292157,0.000503826267159556,0.0010062776153533868,-4.583826187233766
260,431,0,overall_similarity,-4.394618083541127,-0.6402132096865718,0.08245971035221035,0.0001133787415694989,-0.05079011157249278,-0.02726273819956114,-0.08632932019631855,-0.05326019560647359,-0.07165960441514052,0.0,-0.08476970463334782,0.0010409403364665037,-0.03389985848101213,-0.0026164484648904455,-0.0011355809383801732,-0.0031506607340386706,-4.394618083541127
959,40,1,overall_similarity,4.630998908285663,0.8691541446248814,0.4199364474219353,-4.189566513077307e-05,-0.019759993497883172,0.008834575508727493,-0.07496590706069114,-0.07226113956861323,-0.03161400858697574,0.0,0.0030923126683239425,0.0031311663247679373,0.0012246150921253081,0.00073761826103125,0.000506062447572974,0.0010062776153533868,4.630998908285663
504,48,0,overall_similarity,1.7935101504664657,-0.32353519695074745,-0.6407334121878457,0.00011318449555936785,-0.5439619688413301,-0.13534177936305714,-0.16424975339621214,-0.11399785692868959,-0.971341124914605,0.0,0.0012841623775385537,0.0012764826956033228,0.00045448908148626736,0.0007377004184836257,0.0005069297917652286,0.0007812546084132509,1.7935101504664657
347,548,1,overall_similarity,3.743357907586118,1.390948370822294,0.2972698298988627,-4.189566513077307e-05,-0.05896185798122243,-0.01959970958768008,-0.07452608275673221,0.1744963462440955,-0.03381871083482666,0.0,0.0030923126683239425,0.0031311663247679373,0.0012246150921253081,0.00073761826103125,0.000506062447572974,0.0010062776153533868,3.743357907586118
379,866,1,overall_similarity,3.652428390162811,1.248998784468523,0.41859479341918865,-4.189566513077307e-05,-0.04147352323919539,-0.01904644146617552,-0.07535027666814621,0.0205597372229972,-0.029177778838077074,0.0,0.0030923126683239425,0.0031311663247679373,0.0012246150921253081,0.00073761826103125,0.000506062447572974,0.0010062776153533868,3.652428390162811
575,701,1,overall_similarity,4.614810686412963,0.7620257609677645,0.4026828713495837,-4.189566513077307e-05,0.07552152700146951,-0.05551531891328499,0.6394058636644574,-0.06237527949872449,0.03544729946394541,0.0,0.0030923126683239425,0.0031084715576075827,0.0011778440933651873,0.003147729461353784,-0.005783999148123313,-0.007056805829894675,4.614810686412963
506,494,0,overall_similarity,-3.5070637267506024,-0.6109361972991151,-0.9959735561851479,0.0001133787415694989,-0.18346246480458728,-0.04225306991187217,-0.07763789940327248,-5.9796450054348804e-05,0.20147727153735595,0.0,0.0006643838260391421,0.0006611517807380553,0.0002533161323528617,-0.0026164484648904455,-0.0011355809383801732,-0.0031506607340386706,-3.5070637267506024
1176,355,1,overall_similarity,4.705917658162551,0.3262689437492997,0.22179788278000082,0.00011318449555936785,-0.015853831342282607,0.008834575508727493,-0.07306249215817154,0.04588820279538947,0.00381166908345455,0.0,0.0030923126683239425,0.0031311663247679373,0.0012246150921253081,0.0007377004184836257,0.0005069297917652286,0.0010062776153533868,4.705917658162551
23,603,1,overall_similarity,3.374713422065302,0.020093340841550403,0.21082043986625323,0.00011318449555936785,-0.04878290002375966,-0.010904295586772965,-0.0912070293018429,-0.06959099043507644,-0.06511174774261433,0.0,0.0030923126683239425,0.0031311663247679373,0.0012246150921253081,0.0007377004184836257,0.0005069297917652286,0.0010062776153533868,3.374713422065302
298,628,1,overall_similarity,3.594276676642835,1.3937464142043972,0.28675913793166097,-4.189566513077307e-05,-0.05824243297067632,-0.01874627917478259,-0.07452608275673221,0.02045832779896503,-0.029177778838077074,0.0,0.0030923126683239425,0.0031311663247679373,0.0012246150921253081,0.00073761826103125,0.000506062447572974,0.0010062776153533868,3.594276676642835
496,980,0,overall_similarity,-4.59879568655332,-0.13777279335041803,0.09341456114203592,0.0001133787415694989,-0.02208447500287049,-0.010886271052581269,-0.07126510872613702,-0.04797467971602336,0.11988706222032187,0.0,0.001046539563374665,0.0010409403364665037,0.00040619848363122944,-0.0026164484648904455,-0.0011355809383801732,-0.0031506607340386706,-4.59879568655332
128,312,0,overall_similarity,-4.462858203683426,-0.6028534347604947,-0.27989146364369377,0.0001133787415694989,-0.009918543242240603,0.005954161066763564,-0.08442590529379891,0.05840898154184209,-0.035917414073285296,0.0,0.0006643838260391421,0.0006611517807380553,0.0002533161323528617,-0.0026164484648904455,-0.0011355809383801732,-0.0031506607340386706,-4.462858203683426
1134,464,0,overall_similarity,-4.310063017245623,-0.6393717098839733,0.07541886029858622,0.0001133787415694989,-0.05029148806836082,-0.023000526223251543,-0.08790962379353226,-0.053266247544383014,-0.07165960441514052,0.0,-0.08476970463334782,-0.08364383479260433,-0.03389985848101213,0.000543004557372202,-0.0011404548213696036,-0.0031506607340386706,-4.310063017245623
689,980,0,overall_similarity,-4.493336658477037,0.8242110313949987,0.08328096135709302,0.00012239898406647253,-0.02499286639692311,-0.006968463909434229,-0.058618520683982246,-0.02557473783412762,0.19933219161224333,0.0,-0.08476970463334782,-0.08364383479260433,-0.03389985848101213,0.000737406443292157,0.000503826267159556,0.0010062776153533868,-4.493336658477037
240,926,0,overall_similarity,-3.56899801912662,-0.5815342895850724,-1.0116800506869148,0.0001133787415694989,-0.15478791002969167,0.005784857141957989,-0.08995443758617137,-0.06590308285579258,-0.07623766142748192,0.0,0.0006643838260391421,0.0006611517807380553,0.0002533161323528617,0.000543004557372202,-0.0011404548213696036,-0.0031506607340386706,-3.56899801912662
1031,643,0,overall_similarity,-4.118579267799355,-0.2785324453812013,-0.18455682738742057,0.0001133787415694989,-0.08129911059477354,-0.042262231534555675,-0.07416671946721771,-0.048491643443779014,0.12036071166780968,0.0,-0.05381508990917047,-0.05954128121936309,-0.02151638802746435,0.000737406443292157,0.000503826267159556,0.0010062776153533868,-4.118579267799355
471,853,1,overall_similarity,3.3630306542009976,-0.6463449210612578,0.25917443410283564,0.00011318449555936785,0.09472441989866247,-0.043170977970463674,0.5656744756932537,-0.043651114553874285,-0.030962358662842755,0.0,0.0030923126683239425,0.0031084715576075827,0.0011778440933651873,0.037306514449084734,0.016397610844689152,0.016707649579806354,3.3630306542009976
828,666,1,overall_similarity,3.346859430925126,-0.8866488091248923,0.4405689015767837,0.00011318449555936785,0.03789954515192838,-0.033527442033697466,-0.09603916780925224,-0.04665549917178567,-0.1078629210214817,0.0,0.0030923126683239425,0.002212505425287027,0.0011778440933651873,0.0007377004184836257,0.0005069297917652286,0.0007812546084132509,3.346859430925126
133,820,1,overall_similarity,3.7575336047147276,1.3909253589717099,0.2819481375660317,-4.189566513077307e-05,-0.05896185798122243,-0.01959970958768008,-0.0656932630735667,0.02045832779896503,0.21258779897242974,0.0,0.0030923126683239425,0.0031311663247679373,0.0012246150921253081,0.00073761826103125,0.000506062447572974,0.0010062776153533868,3.7575336047147276
129,793,1,overall_similarity,4.881292700370059,-0.6782921658540189,0.190735473484219,0.00011318449555936785,0.11453471111596907,-0.044450027863651556,0.827180869946571,-0.048049748812501354,0.03513994224932643,0.0,0.0030923126683239425,0.0031084715576075827,0.0011778440933651873,0.0033422135047261148,0.0016683749185570102,0.001945310054827365,4.881292700370059
240,676,1,overall_similarity,3.6003681984600973,1.3924658927527633,0.2819481375660317,-4.189566513077307e-05,-0.05824243297067632,-0.01874627917478259,-0.07452608275673221,0.02045832779896503,-0.029177778838077074,0.0,0.0030923126683239425,0.0031311663247679373,0.0012246150921253081,0.00073761826103125,0.000506062447572974,0.0010062776153533868,3.6003681984600973
600,509,1,overall_similarity,4.644345923095969,0.45925806946239256,0.1801990271925253,0.00011488315767447816,0.10197554815859834,-0.05551531891328499,0.6394058636644574,-0.06237527949872449,0.03544729946394541,0.0,0.0030923126683239425,0.0031084715576075827,0.0011778440933651873,0.00314781161880616,-0.005783131803931058,-0.007056805829894675,4.644345923095969
669,732,0,overall_similarity,-4.307340475578692,-0.64524912195576,0.07747473275171976,0.0001133787415694989,-0.09000111547607666,-0.02696257590816821,-0.08790962379353226,-0.05336765696841518,-0.07165960441514052,0.0,-0.08476970463334782,-0.08364383479260433,-0.03389985848101213,0.000543004557372202,-0.0011404548213696036,-0.0031506607340386706,-4.307340475578692
1163,338,0,overall_similarity,-4.295256782475005,-0.2773904407175421,0.09708713745797508,0.0001133787415694989,-0.04509531954428866,-0.02696257590816821,-0.0799049032093762,0.1500091508205917,-0.040372703653563845,0.0,-0.08476970463334782,-0.08364383479260433,-0.03389985848101213,-0.0026164484648904455,-0.0011355809383801732,-0.0031506607340386706,-4.295256782475005
201,520,1,overall_similarity,4.358913098786884,0.9207621862893389,0.3996909654818106,-4.189566513077307e-05,0.0344321676244,-0.010598311778926154,-0.06442269767493233,-0.05956157741195409,-0.08266688719297606,0.0,0.0030923126683239425,0.0031311663247679373,0.0012246150921253081,0.00073761826103125,0.000506062447572974,0.0010062776153533868,4.358913098786884
38,602,1,overall_similarity,4.496165434842138,0.0449279438856592,0.19445342928054357,0.00011318449555936785,0.10074495833221196,-0.05615312178440396,0.5531833413508122,-0.048049748812501354,0.14879651704573454,0.0,0.0030923126683239425,0.0031084715576075827,0.0011778440933651873,0.0033422135047261148,0.0016683749185570102,0.001945310054827365,4.496165434842138
774,830,1,overall_similarity,4.630998908285663,0.8691541446248814,0.4199364474219353,-4.189566513077307e-05,-0.019759993497883172,0.008834575508727493,-0.07496590706069114,-0.07226113956861323,-0.03161400858697574,0.0,0.0030923126683239425,0.0031311663247679373,0.0012246150921253081,0.00073761826103125,0.000506062447572974,0.0010062776153533868,4.630998908285663
994,387,0,overall_similarity,-4.3917862069976605,-0.6044576843813305,-0.21733022024786097,0.0001133787415694989,-0.009995807426777392,0.005775695519274492,-0.07980882723725027,-0.00288276807430632,0.20563530803096242,0.0,-0.05381508990917047,-0.05329879923969861,-0.02151638802746435,0.000737406443292157,0.000503826267159556,0.0010062776153533868,-4.3917862069976605
894,282,1,overall_similarity,4.665624872273671,-0.7543187514993434,-0.598694450389338,0.00011318449555936785,-0.03013789229626665,0.022531340013431496,-0.09919351584151032,-0.1089494260948931,0.002263763560097827,0.0,0.0012841623775385537,0.0012991774627636775,0.000501260080246388,0.0007377004184836257,0.0005069297917652286,0.0010062776153533868,4.665624872273671
1304,85,1,overall_similarity,4.690512437712867,-0.04330164867993638,0.1907665241428243,0.00011318449555936785,-0.02149536708954316,0.008878818050497117,-0.08891924479186819,-0.07996219532995079,-0.04408788903076728,0.0,0.0030923126683239425,0.0031311663247679373,0.0012246150921253081,0.0007377004184836257,0.0005069297917652286,0.0010062776153533868,4.690512437712867
777,660,1,overall_similarity,2.784840358293233,-0.7500085502548948,0.6189203887680816,0.00011318449555936785,0.28713764005719294,0.021302363106999428,-0.09603916780925224,-0.04665549917178567,-0.06762912406051352,0.0,0.0030923126683239425,0.002212505425287027,0.0011778440933651873,0.0007377004184836257,0.0005069297917652286,0.0007812546084132509,2.784840358293233
830,630,0,overall_similarity,-4.317246607134476,-0.5652072840662016,0.08784532797625029,0.0001133787415694989,0.052088689138707754,-0.027229349662597158,-0.009001151905981608,-0.032675056917425185,-0.06762842237775481,0.0,-0.08476970463334782,-0.08362114002544399,-0.033853087482252006,-0.010674098828568561,-0.004303158556903216,-0.005575280716276712,-4.317246607134476
185,584,0,overall_similarity,-4.553677021527277,0.02531631370309942,0.05573227625121328,0.0001133787415694989,-0.024933558178070105,-0.006924221367664605,-0.07237883321523297,-0.020525329480547704,0.20636039366907602,0.0,-0.08476970463334782,-0.08364383479260433,-0.03389985848101213,0.000737406443292157,0.000503826267159556,0.0010062776153533868,-4.553677021527277
644,384,1,overall_similarity,4.022701285530826,0.45751537542293436,0.2577866733708962,0.00011318449555936785,0.0017776010344348098,-0.010598311778926154,-0.06671048218490705,-0.06682129034116174,0.025652290657609645,0.0,0.0030923126683239425,0.0031311663247679373,0.0012246150921253081,0.0007377004184836257,0.0005069297917652286,0.0010062776153533868,4.022701285530826
1146,841,0,overall_similarity,-3.629344503071084,-0.5818667623450406,-0.984866627843972,0.0001133787415694989,-0.14889158120514337,0.005849448231335688,-0.0818536410298894,-0.005563244003969342,0.20147727153735595,0.0,0.0006643838260391421,0.0006611517807380553,0.0002533161323528617,0.000737406443292157,0.000503826267159556,0.0010062776153533868,-3.629344503071084
354,799,0,overall_similarity,-4.401861031234611,-0.6104288748046217,0.07666504123857042,0.0001133787415694989,-0.015637911412599615,0.005529170632697246,-0.08632932019631855,-0.053266247544383014,-0.07165960441514052,0.0,-0.08476970463334782,-0.08364383479260433,-0.03389985848101213,-0.0026164484648904455,-0.0011355809383801732,-0.0031506607340386706,-4.401861031234611
265,783,1,overall_similarity,4.658563073762305,0.5404838749872332,0.19745260326487682,0.00011318449555936785,-0.021743428581586233,0.008656109961238423,-0.07496590706069114,-0.07226113956861323,-0.03162014473318674,0.0,0.0030923126683239425,0.0031311663247679373,0.0012246150921253081,0.0007377004184836257,0.0005069297917652286,0.0010062776153533868,4.658563073762305
414,955,0,overall_similarity,-4.366210727323601,-0.6326328569604086,-0.27989146364369377,0.0001133787415694989,-0.04457211989800182,-0.02257553578918522,-0.07559308561063335,-6.895807273784617e-05,0.20563530803096242,0.0,0.0006643838260391421,0.0006611517807380553,0.0002533161323528617,-0.0026164484648904455,-0.0011355809383801732,-0.0031506607340386706,-4.366210727323601
960,763,0,overall_similarity,-4.520506438031507,-0.6405362575447971,0.08694959146471573,0.0001133787415694989,-0.05077763930615675,-0.02726273819956114,-0.08790962379353226,-0.053247723340137554,-0.07165960441514052,0.0,0.001046539563374665,0.0010409403364665037,0.00040619848363122944,0.000543004557372202,-0.0011404548213696036,-0.0031506607340386706,-4.520506438031507
681,680,0,overall_similarity,-3.4756216499750687,-0.6114738505094417,-1.012995715013075,0.0001133787415694989,-0.1891227201193641,-0.02256637416650173,-0.09258987561557457,-0.0686983686531156,-0.07623766142748192,0.0,0.0006643838260391421,0.0006611517807380553,0.0002533161323528617,0.000737406443292157,0.000503826267159556,0.0010062776153533868,-3.4756216499750687
255,379,1,overall_similarity,3.470894295509247,1.4238343472269093,0.2972698298988627,-4.189566513077307e-05,-0.05824243297067632,-0.01874627917478259,-0.07452608275673221,0.1719413317180268,-0.03381871083482666,0.0,0.0030923126683239425,0.0031311663247679373,0.0012246150921253081,0.00073761826103125,0.000506062447572974,0.0010062776153533868,3.470894295509247
83,246,1,overall_similarity,4.86500256246411,-0.005091406316596806,0.25662539200838974,0.00011318449555936785,0.1015900447360538,-0.05580289543478753,0.7482418979676388,-0.04967088464335443,0.03544116331773442,0.0,0.0030923126683239425,0.0031084715576075827,0.0011778440933651873,0.00314781161880616,-0.005783131803931058,-0.007056805829894675,4.86500256246411
393,40,0,overall_similarity,-4.394618083541127,-0.6460790950566453,0.08245971035221038,0.0001133787415694989,-0.08999506353816723,-0.02696257590816821,-0.08632932019631855,-0.05336160503050574,-0.07165960441514052,0.0,-0.08476970463334782,0.0010409403364665037,-0.03389985848101213,-0.0026164484648904455,-0.0011355809383801732,-0.0031506607340386706,-4.394618083541127
1013,832,0,overall_similarity,-4.398808592773869,-0.6397027634885601,0.0781674034198126,0.0001133787415694989,-0.0505332575063848,-0.023000526223251543,-0.08923093093739926,-0.05605548140379661,-0.07165960441514052,0.0,-0.08476970463334782,0.0010409403364665037,-0.03389985848101213,0.000737406443292157,0.000503826267159556,0.0010062776153533868,-4.398808592773869
758,786,1,overall_similarity,3.8506311485424827,1.0792892649233503,0.3927923813064309,-4.189566513077307e-05,-0.044698814188006225,-0.010598311778926154,-0.07725369157066585,-0.08033310679049342,-0.05990251256791311,0.0,0.0030923126683239425,0.0031311663247679373,0.0012246150921253081,0.00073761826103125,0.000506062447572974,0.0010062776153533868,3.8506311485424827
1303,270,1,overall_similarity,4.8333376984924605,-0.04721603768916598,0.23846595314921396,0.00011318449555936785,-0.015983276396619676,0.008700352503008046,-0.07818301020618301,0.001458048207506708,0.21361174860195678,0.0,0.0030923126683239425,0.0031311663247679373,0.0012246150921253081,0.0007377004184836257,0.0005069297917652286,0.0010062776153533868,4.8333376984924605
1305,319,1,overall_similarity,4.880856349603009,-0.04822446695681083,0.2738789680807415,0.00011318449555936785,-0.021684120362733227,0.008700352503008046,-0.08891924479186819,-0.06111000612258261,-0.03162014473318674,0.0,0.0030923126683239425,0.0031311663247679373,0.0012246150921253081,0.0007377004184836257,0.0005069297917652286,0.0010062776153533868,4.880856349603009
1104,452,1,overall_similarity,4.616505928615343,0.8581303475082317,0.4456194202416825,-4.189566513077307e-05,-0.014247902804959696,0.008656109961238423,-0.07306249215817154,0.04446401801254451,0.024816968230995575,0.0,0.0030923126683239425,0.0031311663247679373,0.0012246150921253081,0.00073761826103125,0.000506062447572974,0.0010062776153533868,4.616505928615343
650,181,0,overall_similarity,-4.43253873199294,-0.7254153073915599,0.09138068477291507,0.0001133787415694989,-0.04488131048160852,-0.02719814711018344,-0.08864164692041582,0.04896414864037167,-0.040372703653563845,0.0,0.001046539563374665,0.0010409403364665037,0.00040619848363122944,0.0007377004184836257,0.0005069297917652286,0.0010062776153533868,-4.43253873199294
465,103,1,overall_similarity,3.1665663325949382,-0.19894741042491557,0.12659238468381281,0.00011318449555936785,0.11325393596851709,-0.05615312178440396,0.8667091406932634,-0.05929334262761746,-0.030962358662842755,0.0,-0.2504773261342392,-0.25054652385093373,-0.10014483277027238,0.0033422135047261148,0.0016683749185570102,0.001945310054827365,3.1665663325949382
758,634,0,overall_similarity,-4.5268211495912025,-0.6408074597583818,0.09510123536863105,0.0001133787415694989,-0.04437663503956713,-0.022935935133873844,-0.07980882723725027,-0.009513790974208253,0.2060553285496973,0.0,0.001046539563374665,0.0010409403364665037,0.00040619848363122944,0.000737406443292157,0.000503826267159556,0.0010062776153533868,-4.5268211495912025
670,777,0,overall_similarity,-4.765783915491402,0.33573856782837264,0.08248342359467307,0.0001133787415694989,-0.01878193715282685,0.0029070140575300526,-0.0649459884431242,-0.03854423535812043,-0.07135838334673253,0.0,0.001046539563374665,0.0010409403364665037,0.00040619848363122944,-0.0026164484648904455,-0.0011355809383801732,-0.0031506607340386706,-4.765783915491402
784,123,1,overall_similarity,4.600377365137687,0.8581138373180266,0.4456194202416825,-4.189566513077307e-05,-0.014247902804959696,0.008656109961238423,-0.064229672475006,0.018903298138367778,0.2135917331605019,0.0,0.0030923126683239425,0.0031311663247679373,0.0012246150921253081,0.00073761826103125,0.000506062447572974,0.0010062776153533868,4.600377365137687
592,155,0,overall_similarity,-4.757221736297215,0.8147125300218601,0.12000767039212394,0.00012239898406647253,-0.013081093186713301,0.0029070140575300526,-0.06304257354060455,0.03722736450085485,-0.03520004803952791,0.0,0.001046539563374665,0.0010409403364665037,0.00040619848363122944,-0.0026164484648904455,-0.0011355809383801732,-0.0031506607340386706,-4.757221736297215
33,22,1,overall_similarity,3.515907505107871,-0.7294830841386057,0.46775466344986066,0.00011318449555936785,0.12692328142467865,-0.044800254213267984,0.8471708734960856,-0.043651114553874285,-0.030962358662842755,0.0,0.0030923126683239425,0.0031084715576075827,0.0011778440933651873,0.0033422135047261148,0.0016683749185570102,0.001945310054827365,3.515907505107871
82,511,1,overall_similarity,4.571689327511304,0.7510084655114941,0.43408795005584816,-4.189566513077307e-05,0.055568573120072115,-0.05551531891328499,0.6394058636644574,0.2585594955166285,0.08034449869419412,0.0,0.0030923126683239425,0.0031084715576075827,0.0011778440933651873,0.003147729461353784,-0.005783999148123313,-0.007056805829894675,4.571689327511304
1064,99,1,overall_similarity,4.4412134127546645,0.8680870639981157,0.4001071367321379,-4.189566513077307e-05,0.05784755752404768,0.008656109961238423,-0.06442269767493233,-0.04676741958056852,-0.1150937625659387,0.0,0.0030923126683239425,0.0031311663247679373,0.0012246150921253081,0.00073761826103125,0.000506062447572974,0.0010062776153533868,4.4412134127546645
801,361,0,overall_similarity,-4.294577146337957,-0.28200339763227156,0.09378508406485739,0.0001133787415694989,-0.04459064410224727,-0.023000526223251543,-0.0726523871234244,-0.004028867624538721,0.206059172600668,0.0,-0.08476970463334782,-0.08364383479260433,-0.03389985848101213,0.000543004557372202,-0.0011404548213696036,-0.0031506607340386706,-4.294577146337957
519,800,0,overall_similarity,-4.139395146903995,0.8207911144294684,-0.7924070799061725,0.00012239898406647253,0.22053489409526944,-0.026487781352483798,-0.0719617975910035,-0.05180551246361431,-0.07187267413303305,0.0,0.0006643838260391421,-0.05327610447253826,-0.02146961702870423,0.0007346248266902953,-0.0011238346198907826,-0.002400584044238218,-4.139395146903995
909,99,0,overall_similarity,-4.429522704081899,-0.2533434073720368,-0.2421994029859776,0.0001133787415694989,-0.010107296515430674,0.005775695519274492,-0.07126510872613702,-0.024232958658603584,0.2002815673772162,0.0,0.0006643838260391421,0.0006611517807380553,0.0002533161323528617,-0.0026164484648904455,-0.0011355809383801732,-0.0031506607340386706,-4.429522704081899
275,29,1,overall_similarity,3.905951995744704,1.2265824216622265,0.2599680945994967,-0.005014081757662603,0.03947673427996423,-0.03195195916382117,0.5068227567803182,0.15627480336443675,-0.06259928607666496,0.0,0.0030923126683239425,0.002212505425287027,0.0011778440933651873,-0.020334398813834823,-0.016489339584483127,-0.012629699473302227,3.905951995744704
10,865,0,overall_similarity,-3.501967706727056,-0.6118529410461998,-0.9463858325978759,0.0001133787415694989,-0.18393902386162794,-0.022726002859227757,-0.08053951014435316,-0.002876716136396893,0.20147727153735595,0.0,-0.05381508990917047,0.0006611517807380553,-0.02151638802746435,0.000737406443292157,0.000503826267159556,0.0010062776153533868,-3.501967706727056
548,372,0,overall_similarity,-4.346146203049745,-0.6072300260736849,-0.1737313310734842,0.0001133787415694989,-0.01582666468578969,0.005775695519274492,-0.08632932019631855,-0.05086799184653802,-0.07171035257022851,0.0,-0.05381508990917047,-0.05329879923969861,-0.02151638802746435,-0.0026164484648904455,-0.0011355809383801732,-0.0031506607340386706,-4.346146203049745
1264,555,0,overall_similarity,-4.752338202804499,0.34070863040036853,0.08329311510782247,0.0001133787415694989,-0.07051482685940574,-0.01093051359435089,-0.0665262920403379,-0.0386456447821526,-0.07135838334673253,0.0,0.001046539563374665,0.0010409403364665037,0.00040619848363122944,0.000543004557372202,-0.0011404548213696036,-0.0031506607340386706,-4.752338202804499
745,977,1,overall_similarity,4.6213686562171095,0.858136849168611,0.4456194202416825,-4.189566513077307e-05,-0.014247902804959696,0.008656109961238423,-0.07306249215817154,0.04446401801254451,0.019947738968847408,0.0,0.0030923126683239425,0.0031311663247679373,0.0012246150921253081,0.00073761826103125,0.000506062447572974,0.0010062776153533868,4.6213686562171095
718,434,1,overall_similarity,3.6644334166376953,1.2481045220935272,0.41859479341918865,-4.189566513077307e-05,-0.04087942315559196,-0.01874627917478259,-0.07535027666814621,0.07903767683757713,-0.03382630544673521,0.0,0.0030923126683239425,0.0031311663247679373,0.0012246150921253081,0.00073761826103125,0.000506062447572974,0.0010062776153533868,3.6644334166376953
1092,996,1,overall_similarity,4.4707486494376685,0.537070669525102,0.1776232925750797,0.00011488315767447816,0.0560528757135347,0.008656109961238423,-0.06442269767493233,-0.04676741958056852,-0.1150937625659387,0.0,0.0030923126683239425,0.0031311663247679373,0.0012246150921253081,0.0007377004184836257,0.0005069297917652286,0.0010062776153533868,4.4707486494376685
306,576,1,overall_similarity,4.637812851112614,0.5242649134697067,0.32550177815968934,0.00011318449555936785,-0.03828610933276324,0.009123409436869364,-0.07496590706069114,0.27432743329425086,0.05920416166245064,0.0,0.0030923126683239425,0.0031311663247679373,0.0012246150921253081,0.0007377004184836257,0.0005069297917652286,0.0010062776153533868,4.637812851112614
1198,407,1,overall_similarity,3.470894295509247,1.4238343472269093,0.2972698298988627,-4.189566513077307e-05,-0.05824243297067632,-0.01874627917478259,-0.07452608275673221,0.1719413317180268,-0.03381871083482666,0.0,0.0030923126683239425,0.0031311663247679373,0.0012246150921253081,0.00073761826103125,0.000506062447572974,0.0010062776153533868,3.470894295509247
1112,392,0,overall_similarity,-3.412027594625054,-0.6081557904863185,-0.9485889076034142,0.0001133787415694989,-0.1896490922853405,-0.02256637416650173,-0.08995443758617137,-0.06592160706003804,-0.07623766142748192,0.0,-0.05381508990917047,-0.05329879923969861,-0.02151638802746435,0.000543004557372202,-0.0011404548213696036,-0.0031506607340386706,-3.412027594625054
906,475,0,overall_similarity,-3.568263227621036,-0.5820425899072084,-0.9193998051497484,0.0001133787415694989,-0.14897557697492483,0.005775695519274492,-0.08053951014435316,-0.00288276807430632,0.20147727153735595,0.0,-0.05381508990917047,-0.05329879923969861,-0.02151638802746435,0.000737406443292157,0.000503826267159556,0.0010062776153533868,-3.568263227621036
941,981,0,overall_similarity,-3.3782451222077614,-0.6160536214348684,-0.9602257356322579,0.0001133787415694989,-0.2289808850242242,-0.04225306991187217,-0.08995443758617137,-0.0660230164840702,-0.07623766142748192,0.0,-0.05381508990917047,-0.05329879923969861,-0.02151638802746435,0.000543004557372202,-0.0011404548213696036,-0.0031506607340386706,-3.3782451222077614
97,539,1,overall_similarity,3.4022138252355587,0.020789858889346226,0.20024460400619964,0.00011318449555936785,-0.04878290002375966,-0.010904295586772965,-0.09038283539042888,-0.08803626970448893,-0.06511174774261433,0.0,0.0030923126683239425,0.0031311663247679373,0.0012246150921253081,0.0007377004184836257,0.0005069297917652286,0.0010062776153533868,3.4022138252355587
668,910,1,overall_similarity,3.6644334166376953,1.2481045220935272,0.41859479341918865,-4.189566513077307e-05,-0.04087942315559196,-0.01874627917478259,-0.07535027666814621,0.07903767683757713,-0.03382630544673521,0.0,0.0030923126683239425,0.0031311663247679373,0.0012246150921253081,0.00073761826103125,0.000506062447572974,0.0010062776153533868,3.6644334166376953
101,995,0,overall_similarity,-3.5337131345691715,-0.6174022630938348,-0.9722207753440739,0.0001133787415694989,-0.22128068371524806,-0.042262231534555675,-0.08600620889101263,0.05830757211780993,-0.04495076066590523,0.0,0.0006643838260391421,0.0006611517807380553,0.0002533161323528617,0.000543004557372202,-0.0011404548213696036,-0.0031506607340386706,-3.5337131345691715
141,984,0,overall_similarity,-4.496452675798447,0.021760377952569496,0.1119188757657545,0.0001133787415694989,-0.06477319887868467,-0.010886271052581269,-0.07889932617430123,0.3403991021245105,-0.0467360309107303,0.0,-0.08476970463334782,-0.08364383479260433,-0.03389985848101213,-0.0026164484648904455,-0.0011355809383801732,-0.0031506607340386706,-4.496452675798447
647,152,1,overall_similarity,3.6836771559645047,1.2300809545399376,0.40886753824340843,-4.189566513077307e-05,-0.041346682465986155,-0.010948538128542589,-0.06651745698498072,0.0205597372229972,0.21258779897242974,0.0,0.0030923126683239425,0.0031311663247679373,0.0012246150921253081,0.00073761826103125,0.000506062447572974,0.0010062776153533868,3.6836771559645047
1031,391,1,overall_similarity,3.4373288253161887,1.435203161805139,0.27158685707911545,0.00011488315767447816,-0.06394327693678989,-0.01874627917478259,-0.07642949765925185,-0.08339854783120791,-0.06510561159640335,0.0,0.0030923126683239425,0.0031311663247679373,0.0012246150921253081,0.00073761826103125,0.000506062447572974,0.0010062776153533868,3.4373288253161887
515,579,1,overall_similarity,3.743357907586118,1.390948370822294,0.2972698298988627,-4.189566513077307e-05,-0.05896185798122243,-0.01959970958768008,-0.07452608275673221,0.07893626741354497,-0.03381871083482666,0.0,0.0030923126683239425,0.0031311663247679373,0.0012246150921253081,0.00073761826103125,0.000506062447572974,0.0010062776153533868,3.743357907586118
244,162,1,overall_similarity,3.4691034411677517,1.4337845620564136,0.26777627171396334,-4.189566513077307e-05,-0.05537128534838548,-0.01874627917478259,-0.06588628827349303,-0.07812550420709372,0.07283366668311006,0.0,0.0030923126683239425,0.0031311663247679373,0.0012246150921253081,0.00073761826103125,0.000506062447572974,0.0010062776153533868,3.4691034411677517
1252,936,0,overall_similarity,-4.398808592773869,-0.6397027634885601,0.0781674034198126,0.0001133787415694989,-0.0505332575063848,-0.023000526223251543,-0.08923093093739926,-0.05605548140379661,-0.07165960441514052,0.0,-0.08476970463334782,0.0010409403364665037,-0.03389985848101213,0.000737406443292157,0.000503826267159556,0.0010062776153533868,-4.398808592773869
304,902,1,overall_similarity,4.837888778068069,0.3255719480024077,0.22670865433642418,0.00011318449555936785,-0.016042584615472682,0.008656109961238423,-0.06442269767493233,0.015983994473342204,0.20668200103099488,0.0,0.0030923126683239425,0.0031311663247679373,0.0012246150921253081,0.0007377004184836257,0.0005069297917652286,0.0010062776153533868,4.837888778068069
654,446,0,overall_similarity,-4.531301069929824,-0.6391982974555097,0.09766308063477536,0.0001133787415694989,-0.04457211989800182,-0.023000526223251543,-0.07559308561063335,-0.004010343420293258,0.2060553285496973,0.0,0.001046539563374665,0.0010409403364665037,0.00040619848363122944,-0.0026164484648904455,-0.0011355809383801732,-0.0031506607340386706,-4.531301069929824
206,18,1,overall_similarity,4.86500256246411,-0.005091406316596806,0.25662539200838974,0.00011318449555936785,0.1015900447360538,-0.05580289543478753,0.7482418979676388,-0.04967088464335443,0.03544116331773442,0.0,0.0030923126683239425,0.0031084715576075827,0.0011778440933651873,0.00314781161880616,-0.005783131803931058,-0.007056805829894675,4.86500256246411
882,119,0,overall_similarity,-4.325079142119672,-0.639203210137546,0.0902440943749129,0.0001133787415694989,-0.04509531954428866,-0.02726273819956114,-0.08442590529379891,-0.004028867624538721,-0.03572569081994898,0.0,-0.08476970463334782,-0.08364383479260433,-0.03389985848101213,-0.0026164484648904455,-0.0011355809383801732,-0.0031506607340386706,-4.325079142119672
811,427,0,overall_similarity,-4.410650119188648,-0.6100604210348171,0.08595178744251515,0.0001133787415694989,-0.00980705415358732,0.005529170632697246,-0.07849469635171406,-0.006824153421861741,0.2060553285496973,0.0,-0.08476970463334782,-0.08364383479260433,-0.03389985848101213,0.000737406443292157,0.000503826267159556,0.0010062776153533868,-4.410650119188648
1017,687,0,overall_similarity,-3.642256549328375,-0.5814270603850284,-0.9823047825778277,0.0001133787415694989,-0.15502524182949787,0.006252156617588928,-0.08647071908643802,-5.9796450054348804e-05,-0.036044268529506034,0.0,0.0006643838260391421,0.0006611517807380553,0.0002533161323528617,-0.0026164484648904455,-0.0011355809383801732,-0.0031506607340386706,-3.642256549328375
688,709,1,overall_similarity,3.6632733251611866,1.2489822742783183,0.41859479341918865,-4.189566513077307e-05,-0.04147352323919539,-0.01904644146617552,-0.06651745698498072,0.0205597372229972,0.21258779897242974,0.0,0.0030923126683239425,0.0031311663247679373,0.0012246150921253081,0.00073761826103125,0.000506062447572974,0.0010062776153533868,3.6632733251611866
60,198,1,overall_similarity,4.697023034808823,-0.0644532636190525,0.221517301432567,0.00011318449555936785,-0.015794523123429608,0.008878818050497117,-0.07818301020618301,0.018101141567826218,0.23319683154210422,0.0,0.0030923126683239425,0.0031311663247679373,0.0012246150921253081,0.0007377004184836257,0.0005069297917652286,0.0010062776153533868,4.697023034808823
95,288,0,overall_similarity,-3.5365824535387222,-0.612822492168408,-0.984866627843972,0.0001133787415694989,-0.18379971082208266,-0.02256637416650173,-0.09068646071305493,0.15118293619775308,-0.04495076066590523,0.0,0.0006643838260391421,0.0006611517807380553,0.0002533161323528617,0.000737406443292157,0.000503826267159556,0.0010062776153533868,-3.5365824535387222
972,807,1,overall_similarity,4.556667814632739,0.5745708990749794,0.3184419789685487,0.00011488315767447816,-0.03945797451512034,-0.010598311778926154,-0.064229672475006,0.020327482921212735,0.2331786663805861,0.0,0.0030923126683239425,0.0031311663247679373,0.0012246150921253081,0.0007377004184836257,0.0005069297917652286,0.0010062776153533868,4.556667814632739
856,694,1,overall_similarity,4.629545383000012,0.5270974428450128,0.22313557608462417,0.00011488315767447816,-0.015853831342282607,0.008834575508727493,-0.064229672475006,0.018903298138367778,0.2135917331605019,0.0,0.0030923126683239425,0.0031311663247679373,0.0012246150921253081,0.0007377004184836257,0.0005069297917652286,0.0010062776153533868,4.629545383000012
840,700,1,overall_similarity,4.630998908285663,0.8691541446248814,0.4199364474219353,-4.189566513077307e-05,-0.019759993497883172,0.008834575508727493,-0.07496590706069114,-0.07226113956861323,-0.03161400858697574,0.0,0.0030923126683239425,0.0031311663247679373,0.0012246150921253081,0.00073761826103125,0.000506062447572974,0.0010062776153533868,4.630998908285663
296,612,1,overall_similarity,4.881292700370059,-0.6782921658540189,0.190735473484219,0.00011318449555936785,0.11453471111596907,-0.044450027863651556,0.827180869946571,-0.048049748812501354,0.03513994224932643,0.0,0.0030923126683239425,0.0031084715576075827,0.0011778440933651873,0.0033422135047261148,0.0016683749185570102,0.001945310054827365,4.881292700370059
417,191,0,overall_similarity,-4.462683536573899,-0.5785345454959684,0.3051533310771723,0.0001133787415694989,-0.021764840451709424,0.005818004560839114,-0.08790962379353226,-0.04038662897326213,-0.06762842237775481,0.0,-0.08476970463334782,-0.08364383479260433,-0.03389985848101213,0.000543004557372202,-0.0011404548213696036,-0.0031506607340386706,-4.462683536573899
387,6,1,overall_similarity,3.823835779504379,0.6535940362932539,0.1959915099691199,0.00011488315767447816,-0.04079265203240566,-0.010598311778926154,-0.07535027666814621,0.16928053349015043,-0.017163133269154644,0.0,0.0030923126683239425,0.0031311663247679373,0.0012246150921253081,0.0007377004184836257,0.0005069297917652286,0.0010062776153533868,3.823835779504379
802,927,0,overall_similarity,-3.570123860784997,-0.578048407746143,-1.012465815325407,0.0001133787415694989,-0.15478791002969167,0.005784857141957989,-0.08837413398895766,-0.06590308285579258,-0.07623766142748192,0.0,0.0006643838260391421,0.0006611517807380553,0.0002533161323528617,-0.0026164484648904455,-0.0011355809383801732,-0.0031506607340386706,-3.570123860784997
316,600,0,overall_similarity,-4.3164774910620265,-0.6398592461989157,0.08595178744251515,0.0001133787415694989,-0.04446063080934853,-0.023000526223251543,-0.08732751603487962,0.05165378619271819,-0.040372703653563845,0.0,-0.08476970463334782,-0.08364383479260433,-0.03389985848101213,0.000737406443292157,0.000503826267159556,0.0010062776153533868,-4.3164774910620265
108,984,1,overall_similarity,4.105207574383968,-0.6473429594568095,-1.5363792074441331,0.00011318449555936785,0.7391180176534405,-0.1349915530134407,-0.12468959577940465,0.03680864641066325,0.031303341135504544,0.0,0.0012841623775385537,0.0012764826956033228,0.00045448908148626736,0.0007377004184836257,0.0005069297917652286,0.0007812546084132509,4.105207574383968
862,841,1,overall_similarity,4.587877549384003,0.858136849168611,0.4513415261281998,-4.189566513077307e-05,-0.014059149531769621,0.008834575508727493,-0.07496590706069114,0.27432743329425086,0.013283190643272968,0.0,0.0030923126683239425,0.0031311663247679373,0.0012246150921253081,0.00073761826103125,0.000506062447572974,0.0010062776153533868,4.587877549384003
1,313,1,overall_similarity,4.785956783927895,-0.43583613053855585,0.18594674034194567,0.00011318449555936785,0.0954268436384135,-0.044450027863651556,0.7667642217262584,0.015270313948095587,0.06995163866297681,0.0,0.0030923126683239425,0.0031084715576075827,0.0011778440933651873,0.00314781161880616,-0.005783131803931058,-0.007056805829894675,4.785956783927895
347,677,0,overall_similarity,-4.405687329543723,-0.5635255959810497,0.09821689580225397,0.0001133787415694989,0.05204935154229647,-0.027229349662597158,-0.03034883160091269,-0.03257822591087434,-0.06762842237775481,0.0,-0.08476970463334782,0.001018245569306149,-0.033853087482252006,0.002369042242552773,-0.004308032439892646,-0.005575280716276712,-4.405687329543723
472,146,0,overall_similarity,-4.519186067622254,-0.024187054275429942,0.0806838608684402,0.0001133787415694989,-0.018894489168244096,0.003483147164308313,-0.07989034575453151,0.08201732888222536,-0.03604030054777015,0.0,0.001046539563374665,0.0010409403364665037,0.00040619848363122944,0.0005432985325636707,-0.001137351296763931,-0.0031506607340386706,-4.519186067622254
1299,761,0,overall_similarity,-3.5913145137850657,-0.5814289949835857,-0.8921827321347929,0.0001133787415694989,-0.15518712120397798,0.005775695519274492,-0.08442590529379891,0.05839045733759663,-0.04091957862851951,0.0,-0.05381508990917047,-0.05329879923969861,-0.02151638802746435,-0.0026164484648904455,-0.0011355809383801732,-0.0031506607340386706,-3.5913145137850657
1160,477,0,overall_similarity,-4.32506761541796,-0.6450806222093327,0.0902440943749129,0.0001133787415694989,-0.08430027150996311,-0.02696257590816821,-0.08442590529379891,-0.004130277048570885,-0.03572569081994898,0.0,-0.08476970463334782,-0.08364383479260433,-0.03389985848101213,-0.0026164484648904455,-0.0011355809383801732,-0.0031506607340386706,-4.32506761541796
385,655,1,overall_similarity,3.742849609641353,1.3912998899442544,0.2972698298988627,0.00011488315767447816,-0.05896185798122243,-0.01959970958768008,-0.07452608275673221,0.07893626741354497,-0.03381871083482666,0.0,0.0030923126683239425,0.0031311663247679373,0.0012246150921253081,0.00073761826103125,0.000506062447572974,0.0010062776153533868,3.742849609641353
831,168,1,overall_similarity,3.0825809125697283,-0.9659649001412997,0.16721423740829502,0.00011318449555936785,-0.002439177809928301,0.01988145927201666,-0.08726962002668741,-0.06838451494468135,0.06068446626832906,0.0,0.0030923126683239425,0.0031311663247679373,0.0012246150921253081,0.0007377004184836257,0.0005069297917652286,0.0010062776153533868,3.0825809125697283
1083,400,1,overall_similarity,4.712575300719374,-0.14712197096385426,-0.4918254094143868,0.00011318449555936785,0.1015900447360538,-0.05379207497113099,0.7816108579659115,-0.0824475277794814,0.03513994224932643,0.0,0.0012841623775385537,0.0016647485815088324,0.00045448908148626736,0.00314781161880616,-0.005783131803931058,-0.007056805829894675,4.712575300719374
1122,303,1,overall_similarity,3.469712504504711,1.4238278455665299,0.2972698298988627,-4.189566513077307e-05,-0.05824243297067632,-0.01874627917478259,-0.0656932630735667,0.01790331327289634,0.21260708458253996,0.0,0.0030923126683239425,0.0031311663247679373,0.0012246150921253081,0.00073761826103125,0.000506062447572974,0.0010062776153533868,3.469712504504711
120,748,0,overall_similarity,-3.4757344832575163,-0.6107028836675243,-0.9194181283951152,0.0001133787415694989,-0.18344040035749604,-0.02256637416650173,-0.09127574473003837,0.15116441199350764,-0.07650502908704643,0.0,-0.05381508990917047,-0.05329879923969861,-0.02151638802746435,0.000737406443292157,0.000503826267159556,0.0010062776153533868,-3.4757344832575163
486,906,1,overall_similarity,3.6503066081656446,1.258061238583411,0.3898162994566983,-4.189566513077307e-05,-0.04330900836254497,-0.01874627917478259,-0.06671048218490705,-0.08989421978432151,-0.13161688566413618,0.0,0.0030923126683239425,0.0031311663247679373,0.0012246150921253081,0.00073761826103125,0.000506062447572974,0.0010062776153533868,3.6503066081656446
423,802,0,overall_similarity,-4.521227831821785,-0.6466995372608616,0.08595933792543567,0.0001133787415694989,-0.08985257797893245,-0.02696257590816821,-0.08923093093739926,-0.05614441856149274,-0.07165960441514052,0.0,0.001046539563374665,0.0010409403364665037,0.00040619848363122944,0.000737406443292157,0.000503826267159556,0.0010062776153533868,-4.521227831821785
956,366,0,overall_similarity,-4.487050974765381,0.825756707620059,0.09845374629698479,0.00012239898406647253,-0.01880046135707231,0.0029070140575300526,-0.0649459884431242,-0.03856275956236589,-0.07132579915807738,0.0,-0.08476970463334782,-0.08364383479260433,-0.03389985848101213,-0.0026164484648904455,-0.0011355809383801732,-0.0031506607340386706,-4.487050974765381
911,448,0,overall_similarity,-4.531565590546404,-0.5652072840662017,0.09732018668924629,0.0001133787415694989,0.05196828181111225,-0.027229349662597158,-0.009001151905981608,-0.03237866964949782,-0.06762842237775481,0.0,0.001046539563374665,0.001018245569306149,0.0003594274848711088,-0.010674098828568561,-0.004303158556903216,-0.005575280716276712,-4.531565590546404
1115,119,0,overall_similarity,-4.315137517217176,-0.46853538998061495,-0.6098573553419939,0.0001133787415694989,0.253026912309445,-0.024427603597214485,0.6698395743726847,0.03944807955253162,-0.02725020165989843,0.0,0.0006643838260391421,0.0006384570135777005,0.00020654513359274096,-0.01391860703412858,-0.005781361445547301,-0.007056805829894675,-4.315137517217176
1006,536,1,overall_similarity,4.898862671528117,0.22398119762770627,0.166923290772392,0.00011318449555936785,-0.016042584615472682,0.008656109961238423,-0.07306249215817154,-0.04459005387705087,0.024589400796941673,0.0,0.0030923126683239425,0.0031311663247679373,0.0012246150921253081,0.0007377004184836257,0.0005069297917652286,0.0010062776153533868,4.898862671528117
1127,637,0,overall_similarity,-4.146461073157882,-0.3482125673901247,-0.22974279712435206,0.0001133787415694989,-0.04450121946068523,-0.042262231534555675,-0.0799049032093762,0.04151288811151147,-0.04042496558369509,0.0,-0.05381508990917047,-0.05329879923969861,-0.02151638802746435,-0.0026164484648904455,-0.0011355809383801732,-0.0031506607340386706,-4.146461073157882
139,167,1,overall_similarity,4.629912601820691,0.5270974428450128,0.22313557608462417,0.00011488315767447816,-0.016042584615472682,0.008656109961238423,-0.064229672475006,0.018903298138367778,0.2135917331605019,0.0,0.0030923126683239425,0.0031311663247679373,0.0012246150921253081,0.0007377004184836257,0.0005069297917652286,0.0010062776153533868,4.629912601820691
973,224,1,overall_similarity,4.630857829161574,0.8695056637468407,0.4199364474219353,0.00011488315767447816,-0.019948746771073243,0.008656109961238423,-0.07496590706069114,-0.07226113956861323,-0.03161400858697574,0.0,0.0030923126683239425,0.0031311663247679373,0.0012246150921253081,0.00073761826103125,0.000506062447572974,0.0010062776153533868,4.630857829161574
713,502,1,overall_similarity,4.474051360062625,0.9218292669161046,0.41859875411731196,-4.189566513077307e-05,-0.04336413667072091,-0.010598311778926154,-0.07496590706069114,-0.07266804950656892,-0.04408175288455628,0.0,0.0030923126683239425,0.0031311663247679373,0.0012246150921253081,0.00073761826103125,0.000506062447572974,0.0010062776153533868,4.474051360062625
691,348,0,overall_similarity,-4.5658285453426375,0.31655868623987027,0.07906202101953712,0.0001133787415694989,-0.01880046135707231,0.0029070140575300526,-0.0649459884431242,-0.011072720848566224,-0.07135838334673253,0.0,-0.08476970463334782,-0.08364383479260433,-0.03389985848101213,-0.0026164484648904455,-0.0011355809383801732,-0.0031506607340386706,-4.5658285453426375
663,448,0,overall_similarity,-4.317251653878327,-0.5635255959810498,0.09447809914174753,0.0001133787415694989,0.052088689138707754,-0.027229349662597158,-0.03034883160091269,-0.032675056917425185,-0.06762842237775481,0.0,-0.08476970463334782,-0.08362114002544399,-0.033853087482252006,0.002369042242552773,-0.004308032439892646,-0.005575280716276712,-4.317251653878327
353,17,1,overall_similarity,4.066436723376883,0.44744518410381223,0.2926356061576677,0.00011318449555936785,-0.04079265203240566,-0.010598311778926154,-0.07535027666814621,0.07372045465959991,-0.012293174175661762,0.0,0.0030923126683239425,0.0031311663247679373,0.0012246150921253081,0.0007377004184836257,0.0005069297917652286,0.0010062776153533868,4.066436723376883
140,51,0,overall_similarity,-3.567039834632591,-0.5820754534448431,-0.9194181283951152,0.0001133787415694989,-0.14897557697492483,0.005784857141957989,-0.08937232982751873,0.0556043331629571,-0.04495076066590523,0.0,-0.05381508990917047,-0.05329879923969861,-0.02151638802746435,0.000737406443292157,0.000503826267159556,0.0010062776153533868,-3.567039834632591
97,793,0,overall_similarity,-4.374749007208261,-0.6638583017920692,0.0204693659198128,0.0001133787415694989,-0.013863153492687406,0.005529170632697246,0.04703317881783875,-0.04317586283267573,-0.07165960441514052,0.0,-0.08476970463334782,0.0010409403364665037,-0.03389985848101213,0.000737406443292157,0.000503826267159556,0.0010062776153533868,-4.374749007208261
1143,494,1,overall_similarity,3.6632733251611866,1.248088011903322,0.41859479341918865,-4.189566513077307e-05,-0.04087942315559196,-0.01874627917478259,-0.06651745698498072,0.0205597372229972,0.21258779897242974,0.0,0.0030923126683239425,0.0031311663247679373,0.0012246150921253081,0.00073761826103125,0.000506062447572974,0.0010062776153533868,3.6632733251611866
1006,713,0,overall_similarity,-4.409193836353255,-0.6784609884068394,0.08460266430976522,0.0001133787415694989,-0.09657390764222744,-0.04380257309888492,-0.09471786066538525,-0.05985951735520918,-0.06762842237775481,0.0,0.001046539563374665,0.001018245569306149,0.0003594274848711088,0.0005432985325636707,-0.001137351296763931,-0.002400584044238218,-4.409193836353255
1272,936,1,overall_similarity,3.1803021897204267,0.9294915942979013,0.22713974999221626,0.00011488315767447816,-0.08800666070670443,-0.022758845659536835,-0.06916173006974109,-0.08339854783120791,-0.07135294888328025,0.0,0.0030923126683239425,0.0022352001924473815,0.0012246150921253081,0.0007377004184836257,0.0005069297917652286,0.0010062776153533868,3.1803021897204267
1317,917,0,overall_similarity,-4.406478445713897,-0.5575065141435767,0.09878274773528303,0.0001133787415694989,-0.013999218723495578,0.005529170632697246,-0.0020789863095675093,-0.04038662897326213,-0.07165960441514052,0.0,-0.08476970463334782,-0.08364383479260433,-0.03389985848101213,-0.00891593304167162,-0.004303158556903216,-0.006325357406077164,-4.406478445713897
1177,938,1,overall_similarity,4.629912601820691,0.5270974428450128,0.22313557608462417,0.00011488315767447816,-0.016042584615472682,0.008656109961238423,-0.064229672475006,0.018903298138367778,0.2135917331605019,0.0,0.0030923126683239425,0.0031311663247679373,0.0012246150921253081,0.0007377004184836257,0.0005069297917652286,0.0010062776153533868,4.629912601820691
1058,990,0,overall_similarity,-4.314970427198702,-0.6398496685988035,0.0880076598956487,0.0001133787415694989,-0.04496530625138991,-0.02726273819956114,-0.07849469635171406,-0.006824153421861741,0.206059172600668,0.0,-0.08476970463334782,-0.08364383479260433,-0.03389985848101213,0.000737406443292157,0.000503826267159556,0.0010062776153533868,-4.314970427198702
1269,403,1,overall_similarity,3.4373288253161887,1.435203161805139,0.27158685707911545,0.00011488315767447816,-0.06394327693678989,-0.01874627917478259,-0.07642949765925185,-0.08339854783120791,-0.06510561159640335,0.0,0.0030923126683239425,0.0031311663247679373,0.0012246150921253081,0.00073761826103125,0.000506062447572974,0.0010062776153533868,3.4373288253161887
504,551,1,overall_similarity,4.525984601945738,0.5271139530352179,0.22179788278000082,0.00011488315767447816,-0.015853831342282607,0.008834575508727493,-0.07306249215817154,0.020327482921212735,0.008458737226415108,0.0,0.0030923126683239425,0.0031311663247679373,0.0012246150921253081,0.0007377004184836257,0.0005069297917652286,0.0010062776153533868,4.525984601945738
407,558,1,overall_similarity,4.023500527439322,0.4527438148041012,0.1959915099691199,0.00011318449555936785,-0.04079265203240566,-0.010598311778926154,-0.06651745698498072,0.015242515045019972,0.22926154169961985,0.0,0.0030923126683239425,0.0031311663247679373,0.0012246150921253081,0.0007377004184836257,0.0005069297917652286,0.0010062776153533868,4.023500527439322
576,827,0,overall_similarity,-4.2856715911316465,-0.24272647730418984,-0.21350894556385033,0.0001133787415694989,-0.01582666468578969,0.005775695519274492,-0.08338862170910954,-0.05086799184653802,-0.07171035257022851,0.0,-0.05381508990917047,-0.05329879923969861,-0.02151638802746435,0.000543004557372202,-0.0011404548213696036,-0.0031506607340386706,-4.2856715911316465
536,670,0,overall_similarity,-3.5328475566729933,-0.5815679488436686,-0.9215580002438796,0.0001133787415694989,-0.1528256010953201,0.005775695519274492,-0.08790962379353226,-0.06593076868272153,-0.07623766142748192,0.0,-0.05381508990917047,-0.05329879923969861,-0.02151638802746435,0.000543004557372202,-0.0011404548213696036,-0.0031506607340386706,-3.5328475566729933
674,873,1,overall_similarity,4.465884983894194,0.9108119714598342,0.44428172693705914,-4.189566513077307e-05,-0.03766329270460736,-0.010598311778926154,-0.07306249215817154,0.04588820279538947,0.0038178052296655588,0.0,0.0030923126683239425,0.0031311663247679373,0.0012246150921253081,0.00073761826103125,0.000506062447572974,0.0010062776153533868,4.465884983894194
548,278,0,overall_similarity,-3.595345695822452,-0.5814289949835857,-0.8921827321347929,0.0001133787415694989,-0.14712475712920653,0.005775695519274492,-0.08442590529379891,0.05839045733759663,-0.04495076066590523,0.0,-0.05381508990917047,-0.05329879923969861,-0.02151638802746435,-0.0026164484648904455,-0.0011355809383801732,-0.0031506607340386706,-3.595345695822452
166,557,0,overall_similarity,-3.4422036632089155,-0.6113522837256188,-1.025330501048868,0.0001133787415694989,-0.18975740885430423,-0.042562393825948605,-0.08995443758617137,-0.06591224447847607,-0.07623766142748192,0.0,0.0006643838260391421,0.0006611517807380553,0.0002533161323528617,0.000543004557372202,-0.0011404548213696036,-0.0031506607340386706,-3.4422036632089155
585,4,0,overall_similarity,-4.628282591018287,0.32395219183337665,0.1105328116791279,0.0001133787415694989,-0.013099617390958761,0.0029070140575300526,-0.054209753857439036,-0.021269099317970528,0.20635654961810532,0.0,-0.08476970463334782,-0.08364383479260433,-0.03389985848101213,-0.0026164484648904455,-0.0011355809383801732,-0.0031506607340386706,-4.628282591018287
840,139,0,overall_similarity,-3.504261502147202,-0.5786948662074003,-0.9495791611426943,0.0001133787415694989,-0.16061459670695816,0.006252156617588928,-0.09127574473003837,-0.06871689285736106,-0.07220647939009622,0.0,-0.05381508990917047,-0.05329879923969861,-0.02151638802746435,0.000737406443292157,0.000503826267159556,0.0010062776153533868,-3.504261502147202
375,963,0,overall_similarity,-4.413988784591174,-0.6100393174598121,0.08595178744251515,0.0001133787415694989,-0.009995807426777392,0.005350705085208175,-0.08732751603487962,0.05165378619271819,-0.03549739355455036,0.0,-0.08476970463334782,-0.08364383479260433,-0.03389985848101213,0.000737406443292157,0.000503826267159556,0.0010062776153533868,-4.413988784591174
475,362,1,overall_similarity,3.860044891606401,0.6181550939486233,0.27817262316718133,0.00011488315767447816,-0.0500512670951162,-0.01712581605671829,-0.07704496755958408,0.43071948774415636,-0.046026621139423775,0.0,0.0030923126683239425,0.0030246522175620062,0.0010051032046111419,0.0007377004184836257,0.0005069297917652286,0.023712599168992692,3.860044891606401
472,28,1,overall_similarity,4.851763238654737,0.3262689437492997,0.22313557608462417,0.00011318449555936785,-0.016042584615472682,0.008656109961238423,-0.07306249215817154,0.14002409684309508,0.01994160282263641,0.0,0.0030923126683239425,0.0031311663247679373,0.0012246150921253081,0.0007377004184836257,0.0005069297917652286,0.0010062776153533868,4.851763238654737
573,661,0,overall_similarity,-4.221117594915651,-0.35364782201664985,0.09246941973869723,0.0001133787415694989,-0.04446063080934853,-0.023000526223251543,-0.0841206448359931,0.05165378619271819,-0.040372703653563845,0.0,-0.08476970463334782,-0.08364383479260433,-0.03389985848101213,0.000737406443292157,0.000503826267159556,0.0010062776153533868,-4.221117594915651
75,523,1,overall_similarity,4.07383168952928,0.2882220271440765,0.22975095222460556,0.00011488315767447816,-0.15047895986133922,-0.14841789087634713,-0.0810873186442929,-0.063669735994409,0.37176411608349014,0.0,0.0030923126683239425,0.0031084715576075827,0.0011778440933651873,0.0007377004184836257,0.0005069297917652286,0.0007812546084132509,4.07383168952928
624,855,1,overall_similarity,4.629876806020377,0.5271139530352179,0.22313557608462417,0.00011488315767447816,-0.016042584615472682,0.008656109961238423,-0.064229672475006,0.018903298138367778,0.21361101877061212,0.0,0.0030923126683239425,0.0031311663247679373,0.0012246150921253081,0.0007377004184836257,0.0005069297917652286,0.0010062776153533868,4.629876806020377
190,705,0,overall_similarity,3.2081667574352366,-0.712965022799578,0.18888458099431985,0.00011318449555936785,0.09335097215125623,-0.044800254213267984,0.506783395438868,-0.043651114553874285,-0.030962358662842755,0.0,0.0030923126683239425,0.0031084715576075827,0.0011778440933651873,0.03263481678675857,0.016397610844689152,0.016707649579806354,3.2081667574352366
40,172,1,overall_similarity,4.644345923095969,0.45925806946239256,0.1801990271925253,0.00011488315767447816,0.10197554815859834,-0.05551531891328499,0.6394058636644574,-0.06237527949872449,0.03544729946394541,0.0,0.0030923126683239425,0.0031084715576075827,0.0011778440933651873,0.00314781161880616,-0.005783131803931058,-0.007056805829894675,4.644345923095969
92,510,1,overall_similarity,4.650917989172401,0.5271139530352179,0.22313557608462417,0.00011488315767447816,-0.016042584615472682,0.008656109961238423,-0.07306249215817154,0.04446401801254451,0.01994014435693885,0.0,0.0030923126683239425,0.0031311663247679373,0.0012246150921253081,0.0007377004184836257,0.0005069297917652286,0.0010062776153533868,4.650917989172401
180,650,0,overall_similarity,-4.615812795825855,-0.6104288748046217,0.08613989995156639,0.0001133787415694989,-0.01580814048154423,0.005350705085208175,-0.08632932019631855,-0.053247723340137554,-0.07165960441514052,0.0,0.001046539563374665,0.0010409403364665037,0.00040619848363122944,-0.0026164484648904455,-0.0011355809383801732,-0.0031506607340386706,-4.615812795825855
609,780,1,overall_similarity,3.9230135678467173,-0.6742545939295316,0.47736247933263026,0.00011318449555936785,0.11969673031538712,-0.044450027863651556,0.8471708734960856,-0.04324209746326066,-0.0073644022652467655,0.0,0.0030923126683239425,0.0031084715576075827,0.0011778440933651873,0.0033422135047261148,0.0016683749185570102,0.001945310054827365,3.9230135678467173
1222,523,0,overall_similarity,-4.613630383103851,-0.6108991583905558,0.0861742560366295,0.0001133787415694989,-0.018468555564372508,0.007362941622279287,-0.08628484775077558,-0.05910229542232186,-0.06762842237775481,0.0,0.001046539563374665,0.001018245569306149,0.0003594274848711088,-0.0026164484648904455,-0.0011355809383801732,-0.002400584044238218,-4.613630383103851
1067,198,0,overall_similarity,2.9086685970108497,-0.9594353126640102,0.02905612815116223,0.00011318449555936785,-0.14390746319510442,-0.1373525998267137,-0.12330890935034054,-0.01022481060506359,-0.025218790772356035,0.0,-0.2504773261342392,-0.25054652385093373,-0.10014483277027238,0.0007377004184836257,0.0005069297917652286,0.0007812546084132509,2.9086685970108497
884,226,1,overall_similarity,3.6477443513032375,0.8854737276994388,0.22583093696661075,0.00011318449555936785,-0.08889342599204247,-0.01959970958768008,-0.07642949765925185,-0.08084353330513921,-0.06511174774261433,0.0,0.0030923126683239425,0.0031311663247679373,0.0012246150921253081,0.0007377004184836257,0.0005069297917652286,0.0010062776153533868,3.6477443513032375
1142,92,1,overall_similarity,2.9610772333012,-0.8190958960770474,-2.48917572939387,0.00011318449555936785,-0.5979611113807661,0.017701247703429873,-0.0818536410298894,0.051419203833191277,0.4831159274930989,0.0,0.0012841623775385537,0.001022959569618962,0.000501260080246388,0.0007377004184836257,0.0005069297917652286,0.0010062776153533868,2.9610772333012
312,37,0,overall_similarity,-4.534419840655348,0.026019035618327836,0.10157905215995944,0.0001133787415694989,-0.025311392846902248,-0.006924221367664605,-0.08121165289839849,-0.009290375656556667,-0.035424469751540996,0.0,-0.08476970463334782,-0.08364383479260433,-0.03389985848101213,0.000737406443292157,0.000503826267159556,0.0010062776153533868,-4.534419840655348
1032,70,1,overall_similarity,3.6001843683168104,-0.02491577358071915,0.1593689053526657,0.00011318449555936785,-0.019100078215976254,0.008528591700880682,-0.08930361439932327,0.08257673247232296,-0.03382484698103766,0.0,0.0030923126683239425,0.0031311663247679373,0.0012246150921253081,0.0007377004184836257,0.0005069297917652286,0.0010062776153533868,3.6001843683168104
522,720,1,overall_similarity,2.6480584826888043,0.2758250260100583,0.21161118006522078,0.00011488315767447816,-0.03828610933276324,0.00877318308725293,-0.08111153281698492,0.018903298138367778,0.525810023711713,0.0,0.0030923126683239425,0.0031311663247679373,0.0012246150921253081,0.0007377004184836257,0.0005069297917652286,0.0010062776153533868,2.6480584826888043
423,260,1,overall_similarity,3.757497808914412,1.3909418691619146,0.2819481375660317,-4.189566513077307e-05,-0.05896185798122243,-0.01959970958768008,-0.0656932630735667,0.02045832779896503,0.21260708458253996,0.0,0.0030923126683239425,0.0031311663247679373,0.0012246150921253081,0.00073761826103125,0.000506062447572974,0.0010062776153533868,3.757497808914412
1060,393,0,overall_similarity,-3.621626210133972,-0.5830362226879008,-0.9217306048490645,0.0001133787415694989,-0.1469886918983983,0.005775695519274492,-0.07980882723725027,-0.002876716136396893,0.20148111558832665,0.0,-0.05381508990917047,0.0006611517807380553,-0.02151638802746435,0.000737406443292157,0.000503826267159556,0.0010062776153533868,-3.621626210133972
1089,967,1,overall_similarity,3.652428390162811,1.2481045220935272,0.41859479341918865,-4.189566513077307e-05,-0.04087942315559196,-0.01874627917478259,-0.07535027666814621,0.0205597372229972,-0.029177778838077074,0.0,0.0030923126683239425,0.0031311663247679373,0.0012246150921253081,0.00073761826103125,0.000506062447572974,0.0010062776153533868,3.652428390162811
375,130,1,overall_similarity,3.47272419796836,-0.7348637518013563,0.46775466344986066,0.00011318449555936785,0.12692328142467865,-0.044800254213267984,0.8471708734960856,-0.043651114553874285,-0.030962358662842755,0.0,0.0030923126683239425,0.0031084715576075827,0.0011778440933651873,0.0033422135047261148,0.0016683749185570102,0.001945310054827365,3.47272419796836
778,702,0,overall_similarity,-3.504529005737728,-0.5818990024482554,-0.947528892318851,0.0001133787415694989,-0.1546764209410384,0.005775695519274492,-0.09127574473003837,-0.06872605448004457,-0.07623766142748192,0.0,-0.05381508990917047,-0.05329879923969861,-0.02151638802746435,0.000737406443292157,0.000503826267159556,0.0010062776153533868,-3.504529005737728
627,127,1,overall_similarity,4.600377365137687,0.8581138373180266,0.4456194202416825,-4.189566513077307e-05,-0.014247902804959696,0.008656109961238423,-0.064229672475006,0.018903298138367778,0.2135917331605019,0.0,0.0030923126683239425,0.0031311663247679373,0.0012246150921253081,0.00073761826103125,0.000506062447572974,0.0010062776153533868,4.600377365137687
165,762,1,overall_similarity,4.644588491908867,-0.7545015560403412,-0.5354083142814312,0.00011318449555936785,-0.024437048330153137,0.022531340013431496,-0.08845728125582517,0.05231777927463055,0.24749380661530457,0.0,0.0012841623775385537,0.0012991774627636775,0.000501260080246388,0.0007377004184836257,0.0005069297917652286,0.0010062776153533868,4.644588491908867
1116,890,0,overall_similarity,-5.010132577904754,0.9717243210570999,0.14206816541414083,-5.8806274512763004e-05,-0.023814349117104776,-0.011230675885743821,-0.06304257354060455,0.03722736450085485,-0.03520004803952791,0.0,0.001046539563374665,0.0010409403364665037,0.00040619848363122944,-0.002609494423385792,-0.0011238346198907826,-0.0031506607340386706,-5.010132577904754
808,454,1,overall_similarity,3.631362148117114,1.2600225815851729,0.3929118205994415,-4.189566513077307e-05,-0.04717436720530894,-0.01904644146617552,-0.07725369157066585,-0.08074212388110705,-0.06510561159640335,0.0,0.0030923126683239425,0.0031311663247679373,0.0012246150921253081,0.00073761826103125,0.000506062447572974,0.0010062776153533868,3.631362148117114
1057,339,1,overall_similarity,3.6477443513032375,0.8854737276994388,0.22583093696661075,0.00011318449555936785,-0.08889342599204247,-0.01959970958768008,-0.07642949765925185,-0.08084353330513921,-0.06511174774261433,0.0,0.0030923126683239425,0.0031311663247679373,0.0012246150921253081,0.0007377004184836257,0.0005069297917652286,0.0010062776153533868,3.6477443513032375
65,48,1,overall_similarity,3.74246619598401,-0.00031795280764353715,0.20858995802056332,0.00011318449555936785,-0.1735760020761222,-0.05615312178440396,0.9553230475660973,-0.02502225105915161,-0.6941836143009411,0.0,0.0030923126683239425,0.0031084715576075827,0.0011778440933651873,0.0033422135047261148,0.0016683749185570102,0.001945310054827365,3.74246619598401
452,118,0,overall_similarity,-4.584225182756896,-0.26086144747107126,0.09141135130776426,0.0001133787415694989,-0.01580814048154423,0.005350705085208175,-0.08470275259464577,-0.05315953801608618,-0.07165960441514052,0.0,0.001046539563374665,0.0010409403364665037,0.00040619848363122944,0.000543004557372202,-0.0011404548213696036,-0.0031506607340386706,-4.584225182756896
1281,597,1,overall_similarity,4.600377365137687,0.8581138373180266,0.4456194202416825,-4.189566513077307e-05,-0.014247902804959696,0.008656109961238423,-0.064229672475006,0.018903298138367778,0.2135917331605019,0.0,0.0030923126683239425,0.0031311663247679373,0.0012246150921253081,0.00073761826103125,0.000506062447572974,0.0010062776153533868,4.600377365137687
940,233,1,overall_similarity,3.469712504504711,1.4238278455665299,0.2972698298988627,-4.189566513077307e-05,-0.05824243297067632,-0.01874627917478259,-0.0656932630735667,0.01790331327289634,0.21260708458253996,0.0,0.0030923126683239425,0.0031311663247679373,0.0012246150921253081,0.00073761826103125,0.000506062447572974,0.0010062776153533868,3.469712504504711
1067,579,0,overall_similarity,-3.565283651778743,-0.5830362226879008,-0.9197252159366286,0.0001133787415694989,-0.1570379410496963,0.005775695519274492,-0.09068646071305493,0.05559517154027361,-0.036044268529506034,0.0,-0.05381508990917047,-0.05329879923969861,-0.02151638802746435,0.000737406443292157,0.000503826267159556,0.0010062776153533868,-3.565283651778743
292,555,0,overall_similarity,-4.538311528506808,-0.015269214820704898,0.0911646247505617,0.0001133787415694989,-0.07046799090688877,-0.010886271052581269,-0.08338862170910954,-0.05582782726520068,-0.07165960441514052,0.0,-0.08476970463334782,0.0010409403364665037,-0.03389985848101213,0.000543004557372202,-0.0011404548213696036,-0.0031506607340386706,-4.538311528506808
694,990,1,overall_similarity,4.676398824196074,0.5219122869739617,0.31977967227317206,0.00011488315767447816,-0.016042584615472682,0.008656109961238423,-0.064229672475006,0.018903298138367778,0.21361101877061212,0.0,0.0030923126683239425,0.0031311663247679373,0.0012246150921253081,0.0007377004184836257,0.0005069297917652286,0.0010062776153533868,4.676398824196074
837,290,0,overall_similarity,-4.617349609051208,-0.6095873750020232,0.08489371901158221,0.0001133787415694989,-0.01561938720835416,0.005529170632697246,-0.08790962379353226,-0.053247723340137554,-0.07165960441514052,0.0,0.001046539563374665,0.0010409403364665037,0.00040619848363122944,0.000543004557372202,-0.0011404548213696036,-0.0031506607340386706,-4.617349609051208
568,909,0,overall_similarity,-4.306170881174018,-0.6460906217583585,0.0787209136917039,0.0001133787415694989,-0.09000111547607666,-0.02696257590816821,-0.08632932019631855,-0.05336765696841518,-0.07165960441514052,0.0,-0.08476970463334782,-0.08364383479260433,-0.03389985848101213,-0.0026164484648904455,-0.0011355809383801732,-0.0031506607340386706,-4.306170881174018
721,154,0,overall_similarity,1.6578711484286717,-0.5730516420047453,-0.31126022095784694,0.00011488315767447816,-0.12546873746775233,-0.050569960592409334,-0.07725369157066585,-0.1263855554041848,-0.06510561159640335,0.0,0.0030923126683239425,0.0031311663247679373,0.0012246150921253081,0.0007377004184836257,0.0005069297917652286,0.0010062776153533868,1.6578711484286717
310,949,1,overall_similarity,4.628447627706494,-0.6529813221760536,-0.21538063782097094,0.00011318449555936785,0.11465511844356456,-0.042439207399995016,0.827180869946571,-0.08358900145125063,0.034512956978400705,0.0,-0.10401715258062279,-0.10422583412234677,-0.04155307680807984,0.0033422135047261148,0.0016683749185570102,0.001945310054827365,4.628447627706494
650,155,1,overall_similarity,3.6644334166376953,1.248998784468523,0.41859479341918865,-4.189566513077307e-05,-0.04147352323919539,-0.01904644146617552,-0.07535027666814621,0.07903767683757713,-0.03382630544673521,0.0,0.0030923126683239425,0.0031311663247679373,0.0012246150921253081,0.00073761826103125,0.000506062447572974,0.0010062776153533868,3.6644334166376953
1156,573,1,overall_similarity,3.470894295509247,1.4238343472269093,0.2972698298988627,-4.189566513077307e-05,-0.05824243297067632,-0.01874627917478259,-0.07452608275673221,0.1719413317180268,-0.03381871083482666,0.0,0.0030923126683239425,0.0031311663247679373,0.0012246150921253081,0.00073761826103125,0.000506062447572974,0.0010062776153533868,3.470894295509247
586,822,0,overall_similarity,-4.3095823549675325,-0.5995920775454414,0.14441903458256672,0.0001133787415694989,-0.05066615021750346,-0.02726273819956114,-0.08923093093739926,-0.04318191477058515,-0.07165960441514052,0.0,-0.08476970463334782,-0.08364383479260433,-0.03389985848101213,0.000737406443292157,0.000503826267159556,0.0010062776153533868,-4.3095823549675325
974,804,0,overall_similarity,-3.5649281310867873,-0.5812449009854431,-1.0104338697469304,0.0001133787415694989,-0.16285027410446312,0.005784857141957989,-0.08837413398895766,-0.06590308285579258,-0.07220647939009622,0.0,0.0006643838260391421,0.0006611517807380553,0.0002533161323528617,-0.0026164484648904455,-0.0011355809383801732,-0.0031506607340386706,-3.5649281310867873
440,10,0,overall_similarity,-4.727822555738665,0.8155076969815528,0.09456248897681623,0.00012239898406647253,-0.013081093186713301,0.0030854796050191246,-0.06304257354060455,0.1327874433314054,-0.040038898396500704,0.0,0.001046539563374665,0.0010409403364665037,0.00040619848363122944,-0.0026164484648904455,-0.0011355809383801732,-0.0031506607340386706,-4.727822555738665
398,554,0,overall_similarity,-4.260299159524154,-0.6035094708218642,-0.34630751573293406,0.0001133787415694989,-0.009995807426777392,0.005775695519274492,-0.08732751603487962,0.05559517154027361,-0.04437429115492337,0.0,-0.05381508990917047,-0.05329879923969861,-0.02151638802746435,0.000737406443292157,0.000503826267159556,0.0010062776153533868,-4.260299159524154
21,419,1,overall_similarity,4.67553918002035,-0.7695254893458179,-0.4589332890133963,0.00011318449555936785,-0.022625424085321852,0.023591843904538928,-0.09724562849344771,0.059047497057723664,0.060531371663133965,0.0,0.0012841623775385537,0.0012764826956033228,0.00045448908148626736,0.0007377004184836257,0.0005069297917652286,0.0007812546084132509,4.67553918002035
137,854,1,overall_similarity,3.8599488521073364,0.6182511334476881,0.27817262316718133,0.00011488315767447816,-0.0500512670951162,-0.01712581605671829,-0.07704496755958408,0.43071948774415636,-0.046026621139423775,0.0,0.0030923126683239425,0.0030246522175620062,0.0010051032046111419,0.0007377004184836257,0.0005069297917652286,0.023712599168992692,3.8599488521073364
1229,675,0,overall_similarity,-3.643506652318326,-0.5817164489846578,-0.983532640272445,0.0001133787415694989,-0.1490870660635781,0.005775695519274492,-0.08805102268365174,-6.895807273784617e-05,-0.040303747832290376,0.0,0.0006643838260391421,0.0006611517807380553,0.0002533161323528617,0.000543004557372202,-0.0011404548213696036,-0.0031506607340386706,-3.643506652318326
5,42,0,overall_similarity,-4.5157845286274965,0.02009821153928881,0.09243715471676409,0.0001133787415694989,-0.07034402955189945,-0.010886271052581269,-0.08180093691538193,-0.05862916500043314,-0.07135838334673253,0.0,-0.08476970463334782,-0.08364383479260433,-0.03389985848101213,0.000737406443292157,0.000503826267159556,0.0010062776153533868,-4.5157845286274965
1271,238,0,overall_similarity,-4.432222269820165,0.01909464930229712,0.09017107035045954,0.0001133787415694989,-0.06177203796349505,-0.010886271052581269,-0.07125772752962313,-0.05335612137631893,0.1189833990150979,0.0,-0.08476970463334782,-0.08364383479260433,-0.03389985848101213,0.000737406443292157,0.000503826267159556,0.0010062776153533868,-4.432222269820165
64,107,1,overall_similarity,3.675828657396202,0.8099571405786624,0.28302779027489805,0.00011488315767447816,-0.04314136427649914,-0.010948538128542589,-0.06651745698498072,0.0205597372229972,0.21258779897242974,0.0,0.0030923126683239425,0.0031311663247679373,0.0012246150921253081,0.0007377004184836257,0.0005069297917652286,0.0010062776153533868,3.675828657396202
144,94,1,overall_similarity,3.2081667574352366,-0.712965022799578,0.18888458099431985,0.00011318449555936785,0.09335097215125623,-0.044800254213267984,0.506783395438868,-0.043651114553874285,-0.030962358662842755,0.0,0.0030923126683239425,0.0031084715576075827,0.0011778440933651873,0.03263481678675857,0.016397610844689152,0.016707649579806354,3.2081667574352366
1258,48,0,overall_similarity,-4.039090418369211,-0.6091494521860017,-0.17800050701829417,0.0001133787415694989,-0.12729277735567288,-0.05411209051279532,-0.08549595842349346,-0.05237668004802053,0.0854796858790285,0.0,-0.05381508990917047,-0.05327610447253826,-0.02146961702870423,0.000737406443292157,0.000503826267159556,0.0007812546084132509,-4.039090418369211
1059,620,0,overall_similarity,-4.473574199077587,0.8359954247883159,0.10050961875011831,0.00012239898406647253,-0.030734299014373332,-0.01093051359435089,-0.0649459884431242,-0.03856275956236589,-0.07132579915807738,0.0,-0.08476970463334782,-0.08364383479260433,-0.03389985848101213,-0.0026164484648904455,-0.0011355809383801732,-0.0031506607340386706,-4.473574199077587
11,451,1,overall_similarity,3.9230135678467173,-0.6742545939295316,0.47736247933263026,0.00011318449555936785,0.11969673031538712,-0.044450027863651556,0.8471708734960856,-0.04324209746326066,-0.0073644022652467655,0.0,0.0030923126683239425,0.0031084715576075827,0.0011778440933651873,0.0033422135047261148,0.0016683749185570102,0.001945310054827365,3.9230135678467173
985,179,0,overall_similarity,-4.613590458877909,-0.611706983502907,0.08456830822470211,0.0001133787415694989,-0.01561938720835416,0.005529170632697246,-0.08922375467906846,-0.053247723340137554,-0.07165960441514052,0.0,0.001046539563374665,0.0010409403364665037,0.00040619848363122944,0.000543004557372202,-0.0011404548213696036,-0.0031506607340386706,-4.613590458877909
1122,503,0,overall_similarity,-3.466724981593389,-0.618504283540339,-1.001665526839337,0.0001133787415694989,-0.2267860428229269,-0.04219764044517797,-0.09054506182293545,-0.07151710145642325,-0.07623766142748192,0.0,0.0006643838260391421,0.0006611517807380553,0.0002533161323528617,0.000737406443292157,0.000503826267159556,0.0010062776153533868,-3.466724981593389
1248,175,1,overall_similarity,3.4378371232609535,1.4348516426831792,0.27158685707911545,-4.189566513077307e-05,-0.06394327693678989,-0.01874627917478259,-0.07642949765925185,-0.08339854783120791,-0.06510561159640335,0.0,0.0030923126683239425,0.0031311663247679373,0.0012246150921253081,0.00073761826103125,0.000506062447572974,0.0010062776153533868,3.4378371232609535
1070,661,1,overall_similarity,4.616505928615343,0.8581303475082317,0.4456194202416825,-4.189566513077307e-05,-0.014247902804959696,0.008656109961238423,-0.07306249215817154,0.04446401801254451,0.024816968230995575,0.0,0.0030923126683239425,0.0031311663247679373,0.0012246150921253081,0.00073761826103125,0.000506062447572974,0.0010062776153533868,4.616505928615343
964,333,0,overall_similarity,-4.527397724977051,-0.6453940779644021,0.0984727721479247,0.0001133787415694989,-0.08428174730571766,-0.02696257590816821,-0.08600620889101263,0.05436618677025451,-0.040372703653563845,0.0,0.001046539563374665,0.0010409403364665037,0.00040619848363122944,0.000543004557372202,-0.0011404548213696036,-0.0031506607340386706,-4.527397724977051
1079,238,1,overall_similarity,4.4412134127546645,0.8680870639981157,0.4001071367321379,-4.189566513077307e-05,0.05784755752404768,0.008656109961238423,-0.06442269767493233,-0.04676741958056852,-0.1150937625659387,0.0,0.0030923126683239425,0.0031311663247679373,0.0012246150921253081,0.00073761826103125,0.000506062447572974,0.0010062776153533868,4.4412134127546645
344,716,0,overall_similarity,-4.206358851762777,-0.6322879474648153,-0.30451831768265897,0.0001133787415694989,-0.050650798532947516,-0.02257553578918522,-0.0757861108105597,-0.06772250613807455,0.11476669232864406,0.0,0.0006643838260391421,0.0006611517807380553,0.0002533161323528617,-0.0026164484648904455,-0.0011355809383801732,-0.0031506607340386706,-4.206358851762777
811,245,1,overall_similarity,3.8584629069765444,0.6482898290725538,0.2926356061576677,0.00011488315767447816,-0.04079265203240566,-0.010598311778926154,-0.07535027666814621,0.015242515045019972,-0.012522201272405085,0.0,0.0030923126683239425,0.0031311663247679373,0.0012246150921253081,0.0007377004184836257,0.0005069297917652286,0.0010062776153533868,3.8584629069765444
95,199,1,overall_similarity,4.614810686412963,0.7620257609677645,0.4026828713495837,-4.189566513077307e-05,0.07552152700146951,-0.05551531891328499,0.6394058636644574,-0.06237527949872449,0.03544729946394541,0.0,0.0030923126683239425,0.0031084715576075827,0.0011778440933651873,0.003147729461353784,-0.005783999148123313,-0.007056805829894675,4.614810686412963
643,172,0,overall_similarity,-3.4383496800742437,-0.5814606240337854,-0.9452581017545236,0.0001133787415694989,-0.15643661657360558,-0.054066202296206727,-0.09047754821724797,-0.06766045172395391,-0.07623766142748192,0.0,-0.05381508990917047,-0.05329879923969861,-0.02151638802746435,-0.0026164484648904455,-0.0011355809383801732,-0.0031506607340386706,-3.4383496800742437
985,149,1,overall_similarity,4.861760709543967,0.33728623920557005,0.19745260326487682,0.00011318449555936785,-0.021743428581586233,0.008656109961238423,-0.07496590706069114,-0.07226113956861323,-0.03162014473318674,0.0,0.0030923126683239425,0.0031311663247679373,0.0012246150921253081,0.0007377004184836257,0.0005069297917652286,0.0010062776153533868,4.861760709543967
147,463,1,overall_similarity,3.470894295509247,1.4238343472269093,0.2972698298988627,-4.189566513077307e-05,-0.05824243297067632,-0.01874627917478259,-0.07452608275673221,0.07638125288747628,-0.03381871083482666,0.0,0.0030923126683239425,0.0031311663247679373,0.0012246150921253081,0.00073761826103125,0.000506062447572974,0.0010062776153533868,3.470894295509247
832,254,1,overall_similarity,3.261738696532916,0.00816483233344852,0.22449912105267347,0.00011318449555936785,-0.0824138487965298,-0.018702036633012963,-0.08847942048790924,0.17548038735277263,-0.03382484698103766,0.0,0.0030923126683239425,0.0031311663247679373,0.0012246150921253081,0.0007377004184836257,0.0005069297917652286,0.0010062776153533868,3.261738696532916
117,530,1,overall_similarity,4.660901363789344,0.5381377501518676,0.19745260326487682,0.00011488315767447816,-0.021743428581586233,0.008656109961238423,-0.07496590706069114,-0.07226113956861323,-0.03161400858697574,0.0,0.0030923126683239425,0.0031311663247679373,0.0012246150921253081,0.0007377004184836257,0.0005069297917652286,0.0010062776153533868,4.660901363789344
525,450,1,overall_similarity,4.8801281527092355,-0.677127618193195,0.190735473484219,0.00011318449555936785,0.11453471111596907,-0.044450027863651556,0.827180869946571,-0.048049748812501354,0.03513994224932643,0.0,0.0030923126683239425,0.0031084715576075827,0.0011778440933651873,0.0033422135047261148,0.0016683749185570102,0.001945310054827365,4.8801281527092355
857,535,1,overall_similarity,3.6632733251611866,1.2489822742783183,0.41859479341918865,-4.189566513077307e-05,-0.04147352323919539,-0.01904644146617552,-0.06651745698498072,0.0205597372229972,0.21258779897242974,0.0,0.0030923126683239425,0.0031311663247679373,0.0012246150921253081,0.00073761826103125,0.000506062447572974,0.0010062776153533868,3.6632733251611866
713,802,0,age_diff,-1.0870114945512015,-1.0870114945512015,0.161713116967717,0.00011318449555936785,-0.1410069034001403,-0.09098107479813823,-0.09054506182293545,-0.06967978272645022,-0.07166030609789925,0.0,0.0030923126683239425,0.0022352001924473815,0.0012246150921253081,0.0007377004184836257,0.0005069297917652286,0.0010062776153533868,0.7441734467697178
639,657,1,overall_similarity,3.8843593540950105,1.067550672412459,0.4220484323779781,-4.189566513077307e-05,-0.03937580489072483,-0.010598311778926154,-0.06671048218490705,0.012323211379994398,0.22231547924707662,0.0,0.0030923126683239425,0.0031311663247679373,0.0012246150921253081,0.00073761826103125,0.000506062447572974,0.0010062776153533868,3.8843593540950105
404,180,0,overall_similarity,-4.1065372479431055,-0.6351812909766679,-0.6707102187257284,0.0001133787415694989,0.24617929982318254,-0.04251984366630113,-0.014594157479494586,-0.05811320399765024,-0.07220647939009622,0.0,-0.05381508990917047,0.0006384570135777005,-0.02146961702870423,-0.00422023721959228,-0.0011355809383801732,-0.003989641346255501,-4.1065372479431055
1179,101,0,overall_similarity,-4.187670227830466,-0.47751600641395436,-0.6165800161574035,0.0001133787415694989,0.27182962193861226,-0.024906996225612255,0.707318774392767,-0.060971458261996195,-0.04178705127930234,0.0,-0.05381508990917047,-0.05327610447253826,-0.02146961702870423,0.0033419195295346462,0.0016652713939513375,0.001945310054827365,-4.187670227830466
711,746,1,overall_similarity,4.000352674898878,0.07853869548325054,0.154513738244949,0.00011318449555936785,-0.022212517096173844,0.005465988713286405,-0.09099830529076115,0.5126257590181076,-0.04603275728563478,0.0,0.0030923126683239425,0.0030246522175620062,0.0010051032046111419,0.0007377004184836257,0.0005069297917652286,0.023712599168992692,4.000352674898878
1241,44,0,overall_similarity,-4.315411921861513,-0.6395281925943286,0.08694204098179519,0.0001133787415694989,-0.04496847877107942,-0.023000526223251543,-0.08600620889101263,0.05444907199004121,-0.040372703653563845,0.0,-0.08476970463334782,-0.08364383479260433,-0.03389985848101213,0.000543004557372202,-0.0011404548213696036,-0.0031506607340386706,-4.315411921861513
1177,153,0,overall_similarity,-4.498718576033364,-0.6100604210348171,0.08969058410302157,0.0001133787415694989,-0.009989755488867961,0.005350705085208175,-0.07849469635171406,-0.006818101483952312,0.2060553285496973,0.0,-0.08476970463334782,0.0010409403364665037,-0.03389985848101213,0.000737406443292157,0.000503826267159556,0.0010062776153533868,-4.498718576033364
72,372,0,overall_similarity,-3.4115507814959125,-0.6116833373302056,-0.947528892318851,0.0001133787415694989,-0.18951907899244172,-0.02257553578918522,-0.09127574473003837,-0.06872605448004457,-0.07623766142748192,0.0,-0.05381508990917047,-0.05329879923969861,-0.02151638802746435,0.000737406443292157,0.000503826267159556,0.0010062776153533868,-3.4115507814959125
608,866,0,overall_similarity,-4.166994461973927,-0.6326512309427152,-0.34407108125367,0.0001133787415694989,-0.04459064410224727,-0.02257553578918522,-0.08442590529379891,0.15395053616814716,-0.04437429115492337,0.0,-0.05381508990917047,-0.05329879923969861,-0.02151638802746435,-0.0026164484648904455,-0.0011355809383801732,-0.0031506607340386706,-4.166994461973927
204,961,1,overall_similarity,4.360805024397422,-0.4882335447046119,-0.47295567413800105,0.00011318449555936785,0.06990193671614482,0.022064040537800554,-0.0841293043713288,-0.07720931125970508,-0.06820038059722308,0.0,0.0012841623775385537,0.0016874433486691871,0.000501260080246388,0.0007377004184836257,0.0005069297917652286,0.0010062776153533868,4.360805024397422
433,80,0,overall_similarity,-3.5053730376875474,-0.5804034011828447,-0.9465569620249377,0.0001133787415694989,-0.15461768096074713,0.00596332268944706,-0.08995443758617137,-0.06592160706003804,-0.07623766142748192,0.0,-0.05381508990917047,-0.05329879923969861,-0.02151638802746435,0.000543004557372202,-0.0011404548213696036,-0.0031506607340386706,-3.5053730376875474
602,204,1,overall_similarity,3.643917480352129,0.8209974478855172,0.25734481745515075,0.00011488315767447816,-0.048842208242612685,-0.010948538128542589,-0.07725369157066585,-0.08074212388110705,-0.06510561159640335,0.0,0.0030923126683239425,0.0031311663247679373,0.0012246150921253081,0.0007377004184836257,0.0005069297917652286,0.0010062776153533868,3.643917480352129
666,366,0,overall_similarity,-4.38437732434475,-0.24896046695592497,0.08127164984236836,0.0001133787415694989,-0.01569665139289094,0.005350705085208175,-0.08470992885297651,-0.056061533341706035,-0.07165960441514052,0.0,-0.08476970463334782,-0.08364383479260433,-0.03389985848101213,0.000737406443292157,0.000503826267159556,0.0010062776153533868,-4.38437732434475
543,904,1,overall_similarity,4.505072408680219,0.5271139530352179,0.22179788278000082,0.00011488315767447816,-0.015853831342282607,0.008834575508727493,-0.07306249215817154,0.04588820279538947,0.0038102106177569936,0.0,0.0030923126683239425,0.0031311663247679373,0.0012246150921253081,0.0007377004184836257,0.0005069297917652286,0.0010062776153533868,4.505072408680219
1192,110,1,overall_similarity,3.8506311485424827,1.0792892649233503,0.3927923813064309,-4.189566513077307e-05,-0.044698814188006225,-0.010598311778926154,-0.07725369157066585,-0.08033310679049342,-0.05990251256791311,0.0,0.0030923126683239425,0.0031311663247679373,0.0012246150921253081,0.00073761826103125,0.000506062447572974,0.0010062776153533868,3.8506311485424827
709,27,1,overall_similarity,3.4867572953981187,1.3549136200157734,0.28853282826236254,-4.189566513077307e-05,-0.025745835265176507,0.008305883611621991,-0.07320477561286523,0.07927794810883144,-0.02979512340934949,0.0,0.0030923126683239425,0.0031311663247679373,0.0012246150921253081,0.000543216375111295,-0.0011382186409561856,-0.0031506607340386706,3.4867572953981187
1252,416,0,overall_similarity,-4.534608149971005,-0.6395262579957713,0.09641689969479118,0.0001133787415694989,-0.04494995456683397,-0.023000526223251543,-0.08600620889101263,0.05446759619428667,-0.03549739355455036,0.0,0.001046539563374665,0.0010409403364665037,0.00040619848363122944,0.000543004557372202,-0.0011404548213696036,-0.0031506607340386706,-4.534608149971005
1018,722,0,overall_similarity,-4.967807952822017,0.9716157137688862,0.1279332275788641,-5.8806274512763004e-05,-0.016987255342313868,0.0029070140575300526,-0.0649459884431242,-0.03854423535812043,-0.07132579915807738,0.0,0.001046539563374665,0.0010409403364665037,0.00040619848363122944,-0.002609494423385792,-0.0011238346198907826,-0.0031506607340386706,-4.967807952822017
236,493,0,overall_similarity,-4.712449918730548,0.025829526707271705,0.07784059849073509,0.0001133787415694989,-0.03125056667487828,-0.011186433343974199,-0.08179376065705116,-0.0458383811815023,-0.07135838334673253,0.0,0.001046539563374665,0.0010409403364665037,0.00040619848363122944,0.000543004557372202,-0.0011404548213696036,-0.0031506607340386706,-4.712449918730548
820,725,0,overall_similarity,-4.620514447871354,-0.6098968018430848,0.09769743671983847,0.0001133787415694989,-0.01276771159825896,0.007362941622279287,-0.08438143284825594,0.04861302411210238,-0.036343035391221405,0.0,0.001046539563374665,0.001018245569306149,0.0003594274848711088,-0.0026164484648904455,-0.0011355809383801732,-0.002400584044238218,-4.620514447871354
513,242,1,overall_similarity,3.2076450100340606,-0.7134580830584211,0.18888458099431985,0.00011318449555936785,0.09335097215125623,-0.044800254213267984,0.506783395438868,-0.043651114553874285,-0.030962358662842755,0.0,0.0030923126683239425,0.0031084715576075827,0.0011778440933651873,0.03263481678675857,0.016397610844689152,0.016707649579806354,3.2076450100340606
370,310,0,overall_similarity,-4.2027440767938025,-0.45300187479222986,-0.5921086596908247,0.0001133787415694989,0.27310027351843774,-0.024487154144657214,0.6867623577634221,-0.059369149925267026,-0.04178705127930234,0.0,-0.05381508990917047,-0.05327610447253826,-0.02146961702870423,0.0031475176436146913,-0.005786235328536731,-0.007056805829894675,-4.2027440767938025
1222,425,0,overall_similarity,-4.399305716287799,0.016015357191900535,0.10417525351116685,0.0001133787415694989,-0.09324157962496438,-0.04578217950383839,-0.0824900172580984,0.14141049344003065,-0.03604030054777015,0.0,-0.08476970463334782,-0.08362114002544399,-0.033853087482252006,-0.0026164484648904455,-0.0011355809383801732,-0.002400584044238218,-4.399305716287799
824,252,1,overall_similarity,3.869211802475855,0.6483693583814135,0.2926356061576677,0.00011488315767447816,-0.04079265203240566,-0.010598311778926154,-0.06651745698498072,0.015242515045019972,0.22924337653810173,0.0,0.0030923126683239425,0.0031311663247679373,0.0012246150921253081,0.0007377004184836257,0.0005069297917652286,0.0010062776153533868,3.869211802475855
1118,17,0,overall_similarity,-3.5790376389294343,-0.5820811618478408,-0.9193998051497484,0.0001133787415694989,-0.14897557697492483,0.005775695519274492,-0.08937232982751873,-0.00288276807430632,-0.040303747832290376,0.0,-0.05381508990917047,-0.05329879923969861,-0.02151638802746435,0.000737406443292157,0.000503826267159556,0.0010062776153533868,-3.5790376389294343
670,364,0,overall_similarity,-4.395110554271871,-0.6026712753609094,-0.3080205508127968,0.0001133787415694989,-0.01580814048154423,0.005775695519274492,-0.08632932019631855,-0.06591224447847607,-0.07207962493387546,0.0,0.0006643838260391421,0.0006611517807380553,0.0002533161323528617,-0.0026164484648904455,-0.0011355809383801732,-0.0031506607340386706,-4.395110554271871
345,835,1,overall_similarity,3.2590369971813202,-0.7606250157704606,0.43861291086720094,0.00011318449555936785,0.12692328142467865,-0.044800254213267984,0.8471708734960856,-0.043651114553874285,-0.030962358662842755,0.0,0.0030923126683239425,0.0031084715576075827,0.0011778440933651873,0.0033422135047261148,0.0016683749185570102,0.001945310054827365,3.2590369971813202
489,91,0,overall_similarity,-3.5981440641386104,-0.5812449009854432,-0.9854349079658724,0.0001133787415694989,-0.1528070768910746,0.005954161066763564,-0.08632932019631855,-0.06591224447847607,-0.07623766142748192,0.0,0.0006643838260391421,0.0006611517807380553,0.0002533161323528617,-0.0026164484648904455,-0.0011355809383801732,-0.0031506607340386706,-3.5981440641386104
243,634,1,overall_similarity,4.480610559774039,0.9107889596092498,0.44428172693705914,-4.189566513077307e-05,-0.03766329270460736,-0.010598311778926154,-0.064229672475006,0.020327482921212735,0.2331786663805861,0.0,0.0030923126683239425,0.0031311663247679373,0.0012246150921253081,0.00073761826103125,0.000506062447572974,0.0010062776153533868,4.480610559774039
382,631,1,overall_similarity,4.6213686562171095,0.858136849168611,0.4456194202416825,-4.189566513077307e-05,-0.014247902804959696,0.008656109961238423,-0.07306249215817154,0.04446401801254451,0.019947738968847408,0.0,0.0030923126683239425,0.0031311663247679373,0.0012246150921253081,0.00073761826103125,0.000506062447572974,0.0010062776153533868,4.6213686562171095
314,36,0,overall_similarity,-4.406111226893218,-0.5540561765503877,0.10062204976737854,0.0001133787415694989,-0.014187971996685653,0.005350705085208175,-0.005610460147955117,-0.04038662897326213,-0.07165960441514052,0.0,-0.08476970463334782,-0.08364383479260433,-0.03389985848101213,-0.010674098828568561,-0.004303158556903216,-0.006325357406077164,-4.406111226893218
396,976,1,overall_similarity,4.480610559774039,0.9107889596092498,0.44428172693705914,-4.189566513077307e-05,-0.03766329270460736,-0.010598311778926154,-0.064229672475006,0.020327482921212735,0.2331786663805861,0.0,0.0030923126683239425,0.0031311663247679373,0.0012246150921253081,0.00073761826103125,0.000506062447572974,0.0010062776153533868,4.480610559774039
672,54,0,overall_similarity,-4.719447135003408,-0.6586216555801655,0.032610909425035424,0.0001133787415694989,0.07555065504726698,-0.024852594031280803,0.024331703263828903,-0.033675208910816205,-0.037208994266960935,0.0,0.001046539563374665,0.001018245569306149,0.0003594274848711088,-0.1310890201622584,-0.06469830515007585,-0.06610616392981065,-4.719447135003408
429,977,0,overall_similarity,-4.5293664196223,-0.6396497593781516,0.09510123536863105,0.0001133787415694989,-0.044442106605103074,-0.023000526223251543,-0.08864164692041582,0.05167231039696365,-0.040372703653563845,0.0,0.001046539563374665,0.0010409403364665037,0.00040619848363122944,0.000737406443292157,0.000503826267159556,0.0010062776153533868,-4.5293664196223
840,346,0,overall_similarity,-3.538867156188349,-0.6115363777237612,-0.9835509635178118,0.0001133787415694989,-0.1835518894461493,-0.02256637416650173,-0.08805102268365174,0.15397822199507613,-0.04495076066590523,0.0,0.0006643838260391421,0.0006611517807380553,0.0002533161323528617,0.000543004557372202,-0.0011404548213696036,-0.0031506607340386706,-3.538867156188349
755,673,1,overall_similarity,3.850122850597718,1.0796407840453093,0.3927923813064309,0.00011488315767447816,-0.044698814188006225,-0.010598311778926154,-0.07725369157066585,-0.08033310679049342,-0.05990251256791311,0.0,0.0030923126683239425,0.0031311663247679373,0.0012246150921253081,0.00073761826103125,0.000506062447572974,0.0010062776153533868,3.850122850597718
875,109,0,overall_similarity,-4.392699464050732,-0.6039493840591946,-0.30959214253966083,0.0001133787415694989,-0.01580814048154423,0.005954161066763564,-0.08922375467906846,-0.06591224447847607,-0.07207962493387546,0.0,0.0006643838260391421,0.0006611517807380553,0.0002533161323528617,0.000543004557372202,-0.0011404548213696036,-0.0031506607340386706,-4.392699464050732
1256,514,0,overall_similarity,-3.8836275247896705,-0.6292878307528165,-0.5800645294615175,0.0001133787415694989,-0.12686109820860836,-0.042262231534555675,-0.08600620889101263,0.05828904791356447,-0.03949898105590988,0.0,-0.05381508990917047,-0.05329879923969861,-0.02151638802746435,0.000543004557372202,-0.0011404548213696036,-0.0031506607340386706,-3.8836275247896705
790,165,0,overall_similarity,3.479988303200049,-0.6529409589595933,-3.127483689546347,0.00011318449555936785,-0.6817903238145312,0.022531340013431496,-0.09919351584151032,-0.1093563360328488,-0.04608293880162803,0.0,0.0012841623775385537,0.0012991774627636775,0.000501260080246388,0.0007377004184836257,0.0005069297917652286,0.0010062776153533868,3.479988303200049
1269,512,0,overall_similarity,-4.5229131787180945,-0.6466782578104916,0.09715710782176457,0.0001133787415694989,-0.08408626244728297,-0.02689798481879051,-0.08864164692041582,0.048862739216339504,-0.04037421742860711,0.0,0.001046539563374665,0.0010409403364665037,0.00040619848363122944,0.000737406443292157,0.000503826267159556,0.0010062776153533868,-4.5229131787180945
24,508,1,overall_similarity,3.9440849717953927,0.2533810348775831,0.17593888816226025,0.00011488315767447816,0.0811775078733591,-0.05586554526290142,0.478822410544057,0.02785099383108045,0.21238049625526917,0.0,0.0030923126683239425,0.0031084715576075827,0.0011778440933651873,0.0033422135047261148,0.0016683749185570102,0.001945310054827365,3.9440849717953927
6,123,0,overall_similarity,-4.316970559816185,-0.6392098241572229,0.08818822192177939,0.0001133787415694989,-0.04459064410224727,-0.023000526223251543,-0.07559308561063335,-0.004028867624538721,0.2060553285496973,0.0,-0.08476970463334782,-0.08364383479260433,-0.03389985848101213,-0.0026164484648904455,-0.0011355809383801732,-0.0031506607340386706,-4.316970559816185
115,444,1,overall_similarity,4.644898613251964,-0.1737443595775132,-0.4434244843771735,0.00011318449555936785,-0.015983276396619676,0.010711172966664583,-0.08393627917140242,0.035440210048545404,0.21330867725361202,0.0,0.0012841623775385537,0.0016874433486691871,0.000501260080246388,0.0007377004184836257,0.0005069297917652286,0.0010062776153533868,4.644898613251964
469,4,1,overall_similarity,4.612817281902436,0.44821776215553794,0.20588200001227266,0.00011488315767447816,0.08202259427720095,-0.05551531891328499,0.555663233896113,0.003135360360745565,0.18617417685739363,0.0,0.0030923126683239425,0.0031084715576075827,0.0011778440933651873,0.00314781161880616,-0.005783131803931058,-0.007056805829894675,4.612817281902436
936,171,1,overall_similarity,4.621001437396431,0.858136849168611,0.4456194202416825,-4.189566513077307e-05,-0.014059149531769621,0.008834575508727493,-0.07306249215817154,0.14002409684309508,0.019947738968847408,0.0,0.0030923126683239425,0.0031311663247679373,0.0012246150921253081,0.00073761826103125,0.000506062447572974,0.0010062776153533868,4.621001437396431
1169,35,1,overall_similarity,3.169265815323347,-0.905291133093294,0.2323310714705927,0.00011318449555936785,-0.015159133917819253,0.017218230606511706,-0.09050058937739248,-0.05875359702032776,-0.1078629210214817,0.0,0.0030923126683239425,0.002212505425287027,0.0011778440933651873,0.0007377004184836257,0.0005069297917652286,0.0007812546084132509,3.169265815323347
150,124,0,overall_similarity,-4.160948606316107,-0.6384692376915593,-0.29333148405004456,0.0001133787415694989,-0.07089570333347195,-0.042262231534555675,-0.07736641440777342,-0.14387432591520327,0.11476669232864406,0.0,0.0006643838260391421,0.0006611517807380553,0.0002533161323528617,0.000543004557372202,-0.0011404548213696036,-0.0031506607340386706,-4.160948606316107
543,173,0,overall_similarity,-3.546009801735441,-0.6128205575698509,-0.9848483045986053,0.0001133787415694989,-0.1837342392565467,-0.022510944699807522,-0.09068646071305493,-0.005572405626652838,-0.040303747832290376,0.0,0.0006643838260391421,0.0006611517807380553,0.0002533161323528617,0.000737406443292157,0.000503826267159556,0.0010062776153533868,-3.546009801735441
315,301,0,overall_similarity,-3.5126826695688487,-0.5817236966686563,-0.9053308241667485,0.0001133787415694989,-0.14591567607944395,0.00596332268944706,-0.08073253534427954,-0.06344384923324685,0.1597914809717548,0.0,-0.05381508990917047,-0.05329879923969861,-0.02151638802746435,0.000737406443292157,0.000503826267159556,0.0010062776153533868,-3.5126826695688487
169,248,1,overall_similarity,3.743357907586118,1.390948370822294,0.2972698298988627,-4.189566513077307e-05,-0.05896185798122243,-0.01959970958768008,-0.07452608275673221,0.07893626741354497,-0.03381871083482666,0.0,0.0030923126683239425,0.0031311663247679373,0.0012246150921253081,0.00073761826103125,0.000506062447572974,0.0010062776153533868,3.743357907586118
371,263,1,overall_similarity,3.175232167207899,-0.5858090146380479,-0.47613950205180594,0.00011318449555936785,-0.002439177809928301,0.021892279735673197,-0.08274861794226467,-0.1010723657894346,0.061158115715816905,0.0,0.0012841623775385537,0.0012991774627636775,0.000501260080246388,0.0007377004184836257,0.0005069297917652286,0.0010062776153533868,3.175232167207899
1271,489,0,overall_similarity,-4.523908981381013,-0.60545031991396,0.15389389329556266,0.0001133787415694989,-0.08985257797893245,-0.02696257590816821,-0.08923093093739926,-0.04326479999037186,-0.07165960441514052,0.0,0.001046539563374665,0.0010409403364665037,0.00040619848363122944,0.000737406443292157,0.000503826267159556,0.0010062776153533868,-4.523908981381013
1078,762,0,overall_similarity,-4.621272031520052,-0.6094131668525983,0.09766308063477536,0.0001133787415694989,-0.016045472281350417,0.005818004560839114,-0.08442590529379891,0.1500276750248372,-0.036341521616178145,0.0,0.001046539563374665,0.0010409403364665037,0.00040619848363122944,-0.0026164484648904455,-0.0011355809383801732,-0.0031506607340386706,-4.621272031520052
885,916,0,overall_similarity,2.945312959696784,-1.7544044614397414,-0.823861486007688,0.00011318449555936785,0.09335097215125623,-0.044800254213267984,-0.26844100513470287,-0.043651114553874285,-0.030962358662842755,0.0,0.0030923126683239425,0.0031084715576075827,0.0011778440933651873,0.0033422135047261148,0.0016683749185570102,0.001945310054827365,2.945312959696784
976,669,1,overall_similarity,4.5419422387528945,0.5745939109255638,0.3184419789685487,0.00011488315767447816,-0.03945797451512034,-0.010598311778926154,-0.07306249215817154,0.14144828162594003,0.0038178052296655588,0.0,0.0030923126683239425,0.0031311663247679373,0.0012246150921253081,0.0007377004184836257,0.0005069297917652286,0.0010062776153533868,4.5419422387528945
1102,755,0,overall_similarity,-4.313062168119561,-0.64508255680789,0.09024409437491288,0.0001133787415694989,-0.08430027150996311,-0.02696257590816821,-0.08442590529379891,0.05434766256600904,-0.040372703653563845,0.0,-0.08476970463334782,-0.08364383479260433,-0.03389985848101213,-0.0026164484648904455,-0.0011355809383801732,-0.0031506607340386706,-4.313062168119561
1135,919,1,overall_similarity,3.746180371771587,1.391293388283875,0.2819481375660317,0.00011488315767447816,-0.05896185798122243,-0.01959970958768008,-0.07452608275673221,0.02045832779896503,-0.029177778838077074,0.0,0.0030923126683239425,0.0031311663247679373,0.0012246150921253081,0.00073761826103125,0.000506062447572974,0.0010062776153533868,3.746180371771587
994,603,0,overall_similarity,3.373180566823515,-0.653418885547082,-3.254417854090605,0.00011318449555936785,-0.9412321015061492,-0.19138465259033505,-0.14709357973120354,-0.11056048327284426,-0.034191431619885214,0.0,0.0012841623775385537,0.0012764826956033228,0.00045448908148626736,0.0007377004184836257,0.0005069297917652286,0.0007812546084132509,3.373180566823515
505,943,1,overall_similarity,3.3477089618681664,-0.6463449210612578,0.27449612643566645,0.00011318449555936785,0.09472441989866247,-0.043170977970463674,0.5656744756932537,-0.043651114553874285,-0.030962358662842755,0.0,0.0030923126683239425,0.0031084715576075827,0.0011778440933651873,0.037306514449084734,0.016397610844689152,0.016707649579806354,3.3477089618681664
1003,744,1,overall_similarity,3.009525325879344,-0.723910685123556,0.15754462897634508,0.00011318449555936785,-0.13560024048202793,-0.09506641165101692,-0.09138841242550386,0.15706371344589282,-0.03412606804944566,0.0,0.0030923126683239425,0.0031311663247679373,0.0012246150921253081,0.0007377004184836257,0.0005069297917652286,0.0010062776153533868,3.009525325879344
810,58,0,overall_similarity,-4.518354651245422,-0.6418223719894439,0.08357805468542208,0.0001133787415694989,-0.05045531367451283,-0.022935935133873844,-0.09054506182293545,-0.05875117089405256,-0.07165960441514052,0.0,0.001046539563374665,0.0010409403364665037,0.00040619848363122944,0.000737406443292157,0.000503826267159556,0.0010062776153533868,-4.518354651245422
1310,853,0,overall_similarity,-4.540900304266289,-0.6465746648445476,0.31334688154907125,0.0001133787415694989,-0.021476126370187653,-0.05495692302781667,-0.09262911356798643,-0.04762919546381879,-0.06762842237775481,0.0,0.001046539563374665,0.001018245569306149,0.0003594274848711088,0.0007377004184836257,0.0005069297917652286,0.0007812546084132509,-4.540900304266289
507,340,0,overall_similarity,-4.4899345348231785,-0.6107519226628471,0.07915765695909266,0.0001133787415694989,-0.015820612747880262,0.005350705085208175,-0.08790962379353226,-0.05326019560647359,-0.07165960441514052,0.0,-0.08476970463334782,0.0010409403364665037,-0.03389985848101213,0.000543004557372202,-0.0011404548213696036,-0.0031506607340386706,-4.4899345348231785
120,543,1,overall_similarity,4.621382752489398,0.8581303475082317,0.4456194202416825,-4.189566513077307e-05,-0.014247902804959696,0.008656109961238423,-0.07306249215817154,0.04446401801254451,0.01994014435693885,0.0,0.0030923126683239425,0.0031311663247679373,0.0012246150921253081,0.00073761826103125,0.000506062447572974,0.0010062776153533868,4.621382752489398
428,220,1,overall_similarity,3.725622427670655,1.401965666278564,0.25626516474628447,-4.189566513077307e-05,-0.06466270194733599,-0.01959970958768008,-0.07642949765925185,-0.08084353330513921,-0.06510561159640335,0.0,0.0030923126683239425,0.0031311663247679373,0.0012246150921253081,0.00073761826103125,0.000506062447572974,0.0010062776153533868,3.725622427670655
713,21,0,overall_similarity,2.347595804044248,-0.7330462533949521,-0.01974187976998498,0.00011318449555936785,-0.13509556503998657,-0.08696850831338399,-0.09696029826706232,-0.9307333674571892,-0.2210729132834496,0.0,0.0030923126683239425,0.0031311663247679373,0.0012246150921253081,0.0007377004184836257,0.0005069297917652286,0.0010062776153533868,2.347595804044248
156,374,0,overall_similarity,-4.616342595663971,-0.5699469726448385,0.15286263046677226,0.0001133787415694989,-0.018468555564372508,0.007362941622279287,-0.08786515134798929,-0.04622267685120096,-0.06762842237775481,0.0,0.001046539563374665,0.001018245569306149,0.0003594274848711088,0.000543004557372202,-0.0011404548213696036,-0.002400584044238218,-4.616342595663971
1179,19,1,overall_similarity,3.632645350256691,0.8045764729159118,0.28302779027489805,0.00011488315767447816,-0.04314136427649914,-0.010948538128542589,-0.06651745698498072,0.0205597372229972,0.21258779897242974,0.0,0.0030923126683239425,0.0031311663247679373,0.0012246150921253081,0.0007377004184836257,0.0005069297917652286,0.0010062776153533868,3.632645350256691
721,584,1,overall_similarity,3.6632733251611866,1.2489822742783183,0.41859479341918865,-4.189566513077307e-05,-0.04147352323919539,-0.01904644146617552,-0.06651745698498072,0.0205597372229972,0.21258779897242974,0.0,0.0030923126683239425,0.0031311663247679373,0.0012246150921253081,0.00073761826103125,0.000506062447572974,0.0010062776153533868,3.6632733251611866
1111,387,0,overall_similarity,3.0521063742439276,-0.9651176506882819,0.13561180784191967,0.00011318449555936785,-0.005310325432219134,0.01988145927201666,-0.08707659482676103,0.0030256950007623616,0.2123047430655399,0.0,0.0030923126683239425,0.0031311663247679373,0.0012246150921253081,0.0007377004184836257,0.0005069297917652286,0.0010062776153533868,3.0521063742439276
1016,328,0,overall_similarity,-4.409111539893605,-0.6100412520583693,0.08595178744251515,0.0001133787415694989,-0.009995807426777392,0.005350705085208175,-0.08732751603487962,0.1472138650232687,-0.040372703653563845,0.0,-0.08476970463334782,-0.08364383479260433,-0.03389985848101213,0.000737406443292157,0.000503826267159556,0.0010062776153533868,-4.409111539893605
498,314,1,overall_similarity,3.715506101520792,1.2400541812200265,0.37937398005850903,-4.189566513077307e-05,-0.038475534843695314,-0.010948538128542589,-0.06671048218490705,-0.10419504420536661,-0.16669739240175538,0.0,0.0030923126683239425,0.0031311663247679373,0.0012246150921253081,0.00073761826103125,0.000506062447572974,0.0010062776153533868,3.715506101520792
97,114,0,overall_similarity,-4.534918205192977,-0.6466782578104916,0.09715710782176457,0.0001133787415694989,-0.08408626244728297,-0.02689798481879051,-0.08864164692041582,-0.009615200398240417,-0.03572569081994898,0.0,0.001046539563374665,0.0010409403364665037,0.00040619848363122944,0.000737406443292157,0.000503826267159556,0.0010062776153533868,-4.534918205192977
602,201,0,overall_similarity,2.597164833418044,-0.8189130915360495,-2.5524618655017766,0.00011318449555936785,-0.6036619553468797,0.01787971325091895,-0.09258987561557457,-0.11998542493345563,-0.11647216007120881,0.0,0.0012841623775385537,0.001022959569618962,0.000501260080246388,0.0007377004184836257,0.0005069297917652286,0.0010062776153533868,2.597164833418044
1270,867,0,overall_similarity,-4.411269291711724,-0.6072300260736849,-0.23885441973546145,0.0001133787415694989,-0.01580814048154423,0.005775695519274492,-0.08632932019631855,-0.05084946764229256,-0.07171035257022851,0.0,0.0006643838260391421,0.0006611517807380553,0.0002533161323528617,-0.0026164484648904455,-0.0011355809383801732,-0.0031506607340386706,-4.411269291711724
1046,948,0,overall_similarity,-4.7510184799730455,0.02762819792120008,0.1136157561390998,0.0001133787415694989,-0.02504504726672339,-0.006924221367664605,-0.07699591127178161,-0.006476565654988192,-0.035424469751540996,0.0,0.001046539563374665,0.0010409403364665037,0.00040619848363122944,-0.0026164484648904455,-0.0011355809383801732,-0.0031506607340386706,-4.7510184799730455
1119,531,0,overall_similarity,-3.4395841812637595,-0.6174003284952775,-0.9320966484631551,0.0001133787415694989,-0.22328004105811064,-0.04225306991187217,-0.08805102268365174,0.05829820953624798,-0.0449522744409485,0.0,-0.05381508990917047,-0.05329879923969861,-0.02151638802746435,0.000543004557372202,-0.0011404548213696036,-0.0031506607340386706,-3.4395841812637595
502,165,1,overall_similarity,4.735487274645897,0.114620909271262,0.1806141775131074,0.00011318449555936785,-0.042116020835192516,0.00987792952012998,-0.05826788614924043,-0.08150871825699353,0.3717579799372791,0.0,0.0030923126683239425,0.0031084715576075827,0.0011778440933651873,0.0007377004184836257,0.0005069297917652286,0.0007812546084132509,4.735487274645897
746,334,0,overall_similarity,-3.632810558969644,-0.5805874951809873,-0.9835509635178118,0.0001133787415694989,-0.1490870660635781,0.00596332268944706,-0.08805102268365174,0.15397822199507613,-0.04495076066590523,0.0,0.0006643838260391421,0.0006611517807380553,0.0002533161323528617,0.000543004557372202,-0.0011404548213696036,-0.0031506607340386706,-3.632810558969644
831,700,0,overall_similarity,-4.5213260684062755,-0.6966390374600783,0.07780163163657258,0.0001133787415694989,-0.015423902349919466,0.005593761722074945,-0.09054506182293545,-0.05875117089405256,-0.07165960441514052,0.0,0.001046539563374665,0.0010409403364665037,0.00040619848363122944,0.0007377004184836257,0.0005069297917652286,0.0010062776153533868,-4.5213260684062755
1297,963,1,overall_similarity,3.600667457448484,0.8045994847664962,0.28874989616141533,0.00011488315767447816,-0.04314136427649914,-0.010948538128542589,-0.07725369157066585,0.3089010921192834,-0.0404832591604011,0.0,0.0030923126683239425,0.0031311663247679373,0.0012246150921253081,0.0007377004184836257,0.0005069297917652286,0.0010062776153533868,3.600667457448484
1016,183,0,overall_similarity,-4.618525008385975,-0.6095873750020232,0.08643633716702806,0.0001133787415694989,-0.01580814048154423,0.005350705085208175,-0.08790962379353226,-0.053247723340137554,-0.07165960441514052,0.0,0.001046539563374665,0.0010409403364665037,0.00040619848363122944,0.000543004557372202,-0.0011404548213696036,-0.0031506607340386706,-4.618525008385975
405,178,1,overall_similarity,4.629545383000012,0.5270974428450128,0.22313557608462417,0.00011488315767447816,-0.015853831342282607,0.008834575508727493,-0.064229672475006,0.018903298138367778,0.2135917331605019,0.0,0.0030923126683239425,0.0031311663247679373,0.0012246150921253081,0.0007377004184836257,0.0005069297917652286,0.0010062776153533868,4.629545383000012
322,907,0,overall_similarity,-4.395044941808268,-0.01976522161543253,-0.1702589455474536,0.0001133787415694989,-0.01874115313821931,0.003376247033365993,-0.08180831811189583,-0.05086799184653802,-0.07165960441514052,0.0,-0.05381508990917047,-0.05954128121936309,-0.02151638802746435,-0.0026164484648904455,-0.0011355809383801732,-0.0031506607340386706,-4.395044941808268
315,622,1,overall_similarity,3.47272419796836,-0.7348637518013563,0.46775466344986066,0.00011318449555936785,0.12692328142467865,-0.044800254213267984,0.8471708734960856,-0.043651114553874285,-0.030962358662842755,0.0,0.0030923126683239425,0.0031084715576075827,0.0011778440933651873,0.0033422135047261148,0.0016683749185570102,0.001945310054827365,3.47272419796836
481,556,1,overall_similarity,4.486582976166603,0.9108054697994549,0.44428172693705914,-4.189566513077307e-05,-0.03766329270460736,-0.010598311778926154,-0.07306249215817154,0.020327482921212735,0.00868703449181373,0.0,0.0030923126683239425,0.0031311663247679373,0.0012246150921253081,0.00073761826103125,0.000506062447572974,0.0010062776153533868,4.486582976166603
865,473,1,overall_similarity,3.2698239251710053,-0.11107591566201115,-0.4350856567376453,0.00011318449555936785,-0.04270422138881396,-0.008893475123116432,-0.08255559274233831,0.037096649133174814,0.21230659334547666,0.0,0.0012841623775385537,0.0016874433486691871,0.000501260080246388,0.0007377004184836257,0.0005069297917652286,0.0010062776153533868,3.2698239251710053
721,370,0,overall_similarity,1.3836596604846403,-0.7793118259418738,-0.7039076066774327,0.00011318449555936785,-0.30495774359165634,-0.198583255106362,-0.08602405973851274,-0.10502405752130428,-0.07166030609789925,0.0,0.0012841623775385537,0.0011013170840080558,0.000501260080246388,0.0007377004184836257,0.0005069297917652286,0.0010062776153533868,1.3836596604846403
381,656,0,overall_similarity,-4.302510164698888,-0.6324556102428596,-0.3080205508127968,0.0001133787415694989,-0.050272963864115366,-0.02257553578918522,-0.08632932019631855,-0.06591224447847607,-0.07207962493387546,0.0,0.0006643838260391421,0.0006611517807380553,0.0002533161323528617,-0.0026164484648904455,-0.0011355809383801732,-0.0031506607340386706,-4.302510164698888
316,571,1,overall_similarity,3.3630306542009976,-0.6463449210612578,0.25917443410283564,0.00011318449555936785,0.09472441989866247,-0.043170977970463674,0.5656744756932537,-0.043651114553874285,-0.030962358662842755,0.0,0.0030923126683239425,0.0031084715576075827,0.0011778440933651873,0.037306514449084734,0.016397610844689152,0.016707649579806354,3.3630306542009976
653,699,0,overall_similarity,-4.033683447509402,-0.6371697460358162,-0.18967290816210836,0.0001133787415694989,-0.047524904751241666,-0.042562393825948605,-0.07736641440777342,-0.060020087749752454,0.0338017684904024,0.0,-0.05381508990917047,-0.05329879923969861,-0.02151638802746435,0.000543004557372202,-0.0011404548213696036,-0.0031506607340386706,-4.033683447509402
1288,951,1,overall_similarity,3.68303229682723,1.2400541812200265,0.37937398005850903,-4.189566513077307e-05,-0.038475534843695314,-0.010948538128542589,-0.06671048218490705,-0.07546908025699285,0.07283366668311006,0.0,0.0030923126683239425,0.0031311663247679373,0.0012246150921253081,0.00073761826103125,0.000506062447572974,0.0010062776153533868,3.68303229682723
1055,818,1,overall_similarity,2.9928035516546476,-0.7378833097922713,0.15754462897634508,0.00011318449555936785,-0.13560024048202793,-0.094766249359624,-0.09138841242550386,0.0030256950007623616,-0.029249972809741735,0.0,0.0030923126683239425,0.0031311663247679373,0.0012246150921253081,0.0007377004184836257,0.0005069297917652286,0.0010062776153533868,2.9928035516546476
1112,25,1,overall_similarity,3.851008983211315,1.0792892649233503,0.3927923813064309,-4.189566513077307e-05,-0.045076648856838375,-0.010598311778926154,-0.07725369157066585,-0.08033310679049342,-0.05990251256791311,0.0,0.0030923126683239425,0.0031311663247679373,0.0012246150921253081,0.00073761826103125,0.000506062447572974,0.0010062776153533868,3.851008983211315
937,892,1,overall_similarity,3.631362148117114,1.2591283192101765,0.3929118205994415,-4.189566513077307e-05,-0.04658026712170551,-0.01874627917478259,-0.07725369157066585,-0.08074212388110705,-0.06510561159640335,0.0,0.0030923126683239425,0.0031311663247679373,0.0012246150921253081,0.00073761826103125,0.000506062447572974,0.0010062776153533868,3.631362148117114
1169,94,0,overall_similarity,-4.504354448473854,-0.5672474433848984,0.12171530342733514,0.0001133787415694989,-0.05063911566382239,-0.05449119273027304,-0.046238546941447356,-0.044893073607572054,-0.07165960441514052,0.0,0.001046539563374665,0.0010409403364665037,0.00040619848363122944,0.002563444128472728,0.0012957206717903163,0.0017999517833630102,-4.504354448473854
402,758,1,overall_similarity,4.480610559774039,0.9107889596092498,0.44428172693705914,-4.189566513077307e-05,-0.03766329270460736,-0.010598311778926154,-0.064229672475006,0.020327482921212735,0.2331786663805861,0.0,0.0030923126683239425,0.0031311663247679373,0.0012246150921253081,0.00073761826103125,0.000506062447572974,0.0010062776153533868,4.480610559774039
661,822,1,overall_similarity,3.47272419796836,-0.7348637518013563,0.46775466344986066,0.00011318449555936785,0.12692328142467865,-0.044800254213267984,0.8471708734960856,-0.043651114553874285,-0.030962358662842755,0.0,0.0030923126683239425,0.0031084715576075827,0.0011778440933651873,0.0033422135047261148,0.0016683749185570102,0.001945310054827365,3.47272419796836
736,368,1,overall_similarity,3.4769137334132396,1.423113050172288,0.30084290815066267,-4.189566513077307e-05,-0.05824243297067632,-0.01874627917478259,-0.06588628827349303,0.014984009607870767,0.20565990168140463,0.0,0.0030923126683239425,0.0031311663247679373,0.0012246150921253081,0.00073761826103125,0.000506062447572974,0.0010062776153533868,3.4769137334132396
797,232,0,overall_similarity,-4.417126206584977,-0.5793098664294482,0.3079362302834618,0.0001133787415694989,-0.09691235913890142,-0.04338273101792988,-0.09472503692371605,-0.047267319516419326,-0.06762842237775481,0.0,-0.08476970463334782,0.001018245569306149,-0.033853087482252006,0.000737406443292157,0.000503826267159556,0.0007812546084132509,-4.417126206584977
1284,741,1,overall_similarity,4.518625537224464,-0.17356155503651538,-0.4761079677274349,0.00011318449555936785,-0.021684120362733227,0.010711172966664583,-0.0946725137570876,-0.0942935591966653,-0.04438911009917527,0.0,0.0012841623775385537,0.0016874433486691871,0.000501260080246388,0.0007377004184836257,0.0005069297917652286,0.0010062776153533868,4.518625537224464
885,613,1,overall_similarity,3.049582189056054,-0.2915115409092025,-0.30844892012504393,0.00011318449555936785,-0.030779035150653066,0.006815679607924839,-0.08602405973851274,-0.10494117230151757,-0.1078629210214817,0.0,-0.10401715258062279,-0.0888477121187165,-0.041599847806839965,0.0007377004184836257,0.0005069297917652286,0.0010062776153533868,3.049582189056054
382,412,0,overall_similarity,-4.529592738484991,-0.6396497593781516,0.09510123536863105,0.0001133787415694989,-0.044442106605103074,-0.023000526223251543,-0.09054506182293545,0.14732057455156553,-0.07192697207470505,0.0,0.001046539563374665,0.0010409403364665037,0.00040619848363122944,0.000737406443292157,0.000503826267159556,0.0010062776153533868,-4.529592738484991
720,375,1,overall_similarity,3.6632733251611866,1.248088011903322,0.41859479341918865,-4.189566513077307e-05,-0.04087942315559196,-0.01874627917478259,-0.06651745698498072,0.0205597372229972,0.21258779897242974,0.0,0.0030923126683239425,0.0031311663247679373,0.0012246150921253081,0.00073761826103125,0.000506062447572974,0.0010062776153533868,3.6632733251611866
169,921,0,overall_similarity,-4.576227130214768,-0.10014826466746803,0.09886555787655563,0.0001133787415694989,-0.06455918981600452,-0.01082167996320357,-0.0841206448359931,0.048862739216339504,-0.040372703653563845,0.0,0.001046539563374665,0.0010409403364665037,0.00040619848363122944,0.0007377004184836257,0.0005069297917652286,0.0010062776153533868,-4.576227130214768
859,141,0,overall_similarity,-4.224984731655354,-0.6409513359852371,0.07645482932539939,0.0001133787415694989,-0.041630071838394414,-0.02696257590816821,-0.0757861108105597,-0.04799320392026882,0.11988706222032187,0.0,-0.08476970463334782,-0.08364383479260433,-0.03389985848101213,-0.0026164484648904455,-0.0011355809383801732,-0.0031506607340386706,-4.224984731655354
685,837,0,overall_similarity,-3.571909436328607,-0.5820811618478408,-0.9194181283951152,0.0001133787415694989,-0.14897557697492483,0.005784857141957989,-0.08937232982751873,0.0556043331629571,-0.04007545056689175,0.0,-0.05381508990917047,-0.05329879923969861,-0.02151638802746435,0.000737406443292157,0.000503826267159556,0.0010062776153533868,-3.571909436328607
158,850,0,overall_similarity,-4.715052164244578,0.020926345178813168,0.07816600927761519,0.0001133787415694989,-0.07045551864055272,-0.010886271052581269,-0.08047962977151493,-0.04593979060553445,-0.07135838334673253,0.0,0.001046539563374665,0.0010409403364665037,0.00040619848363122944,0.000543004557372202,-0.0011404548213696036,-0.0031506607340386706,-4.715052164244578
890,209,0,overall_similarity,-4.139395146903995,0.8207911144294684,-0.7924070799061725,0.00012239898406647253,0.22053489409526944,-0.026487781352483798,-0.0719617975910035,-0.05180551246361431,-0.07187267413303305,0.0,0.0006643838260391421,-0.05327610447253826,-0.02146961702870423,0.0007346248266902953,-0.0011238346198907826,-0.002400584044238218,-4.139395146903995
421,717,1,overall_similarity,4.581848365815914,0.3362434598865335,0.17720712132475241,0.00011318449555936785,0.05624162898672478,0.008834575508727493,-0.06442269767493233,-0.05558380156960873,-0.06957769324993483,0.0,0.0030923126683239425,0.0031311663247679373,0.0012246150921253081,0.0007377004184836257,0.0005069297917652286,0.0010062776153533868,4.581848365815914
501,262,0,overall_similarity,-3.5979655985911214,-0.5812449009854432,-0.9854349079658724,0.0001133787415694989,-0.1528070768910746,0.005775695519274492,-0.08632932019631855,-0.06591224447847607,-0.07623766142748192,0.0,0.0006643838260391421,0.0006611517807380553,0.0002533161323528617,-0.0026164484648904455,-0.0011355809383801732,-0.0031506607340386706,-3.5979655985911214
87,742,0,overall_similarity,-3.3782285487621984,-0.6157148585012364,-0.9590067964693936,0.0001133787415694989,-0.2289808850242242,-0.04225306991187217,-0.08837413398895766,-0.0660230164840702,-0.07623766142748192,0.0,-0.05381508990917047,-0.05329879923969861,-0.02151638802746435,-0.0026164484648904455,-0.0011355809383801732,-0.0031506607340386706,-3.3782285487621984
54,115,0,overall_similarity,-4.867280636221837,0.29457239258623774,0.08009950598632984,0.0001133787415694989,-0.03591308901003596,-0.007989237364963007,-0.06473726443204242,0.25605516679248536,-0.06893497045542499,0.0,0.001046539563374665,0.0009344262292605721,0.0001866865961170632,-0.0026164484648904455,-0.0011355809383801732,-0.07883839924616969,-4.867280636221837
809,98,1,overall_similarity,4.631366127106341,0.8691541446248814,0.4199364474219353,-4.189566513077307e-05,-0.019948746771073243,0.008656109961238423,-0.07496590706069114,-0.07226113956861323,-0.03161400858697574,0.0,0.0030923126683239425,0.0031311663247679373,0.0012246150921253081,0.00073761826103125,0.000506062447572974,0.0010062776153533868,4.631366127106341
542,325,0,overall_similarity,-4.44137716848214,-0.6404901615505758,0.08131197031911751,0.0001133787415694989,-0.041570958982812246,-0.023000526223251543,-0.08000185243717663,-0.050681780189295006,0.11988706222032187,0.0,0.001046539563374665,0.0010409403364665037,0.00040619848363122944,0.000737406443292157,0.000503826267159556,0.0010062776153533868,-4.44137716848214
154,686,1,overall_similarity,3.725622427670655,1.401965666278564,0.25626516474628447,-4.189566513077307e-05,-0.06466270194733599,-0.01959970958768008,-0.07642949765925185,-0.08084353330513921,-0.06510561159640335,0.0,0.0030923126683239425,0.0031311663247679373,0.0012246150921253081,0.00073761826103125,0.000506062447572974,0.0010062776153533868,3.725622427670655
799,39,1,overall_similarity,3.2356983328564,0.9215890728119372,0.2273775413966559,0.00011318449555936785,-0.08230581674059087,-0.022758845659536835,-0.06725831516722146,0.07638125288747628,-0.04007291290226743,0.0,0.0030923126683239425,0.0022352001924473815,0.0012246150921253081,0.0007377004184836257,0.0005069297917652286,0.0010062776153533868,3.2356983328564
435,957,1,overall_similarity,3.68303229682723,1.2400541812200265,0.37937398005850903,-4.189566513077307e-05,-0.038475534843695314,-0.010948538128542589,-0.06671048218490705,-0.07546908025699285,0.07283366668311006,0.0,0.0030923126683239425,0.0031311663247679373,0.0012246150921253081,0.00073761826103125,0.000506062447572974,0.0010062776153533868,3.68303229682723
747,7,0,overall_similarity,-4.531582163991967,-0.5635140692793364,0.1039529578547435,0.0001133787415694989,0.05196828181111225,-0.027229349662597158,-0.03034883160091269,-0.03237866964949782,-0.06762842237775481,0.0,0.001046539563374665,0.001018245569306149,0.0003594274848711088,0.002369042242552773,-0.004308032439892646,-0.005575280716276712,-4.531582163991967
609,508,0,overall_similarity,2.5707872353806844,-0.8862325075267131,-1.139127076661451,0.00011318449555936785,-0.4522738737021237,-0.1464961292919889,-0.11447608966717501,0.04936517342437681,0.21087384465770398,0.0,-0.10401715258062279,-0.10422583412234677,-0.04155307680807984,0.0007377004184836257,0.0005069297917652286,0.0007812546084132509,2.5707872353806844
679,412,1,overall_similarity,3.286281559505013,0.8891013468750852,0.21291455840616952,0.00011488315767447816,-0.09156443180330139,-0.029286349937328957,-0.06895300605865931,0.49203453248352286,-0.0689295359919727,0.0,0.0030923126683239425,0.0021286860852414505,0.0010051032046111419,0.0007377004184836257,0.0005069297917652286,0.023712599168992692,3.286281559505013
694,633,0,overall_similarity,-4.491466301304681,-0.6095873750020232,0.07915765695909266,0.0001133787415694989,-0.015631859474690188,0.005529170632697246,-0.08790962379353226,-0.05326019560647359,-0.07165960441514052,0.0,-0.08476970463334782,0.0010409403364665037,-0.03389985848101213,0.000543004557372202,-0.0011404548213696036,-0.0031506607340386706,-4.491466301304681
446,367,0,overall_similarity,-4.715459538217537,0.820363204932205,0.0953721804899656,0.00012239898406647253,-0.06481398289329221,-0.01093051359435089,-0.05579005745465273,-0.021351984537757232,0.20626008890326838,0.0,0.001046539563374665,0.0010409403364665037,0.00040619848363122944,0.000543004557372202,-0.0011404548213696036,-0.0031506607340386706,-4.715459538217537
909,852,0,overall_similarity,-4.615812795825855,-0.6104288748046217,0.08613989995156639,0.0001133787415694989,-0.01580814048154423,0.005350705085208175,-0.08632932019631855,-0.053247723340137554,-0.07165960441514052,0.0,0.001046539563374665,0.0010409403364665037,0.00040619848363122944,-0.0026164484648904455,-0.0011355809383801732,-0.0031506607340386706,-4.615812795825855
333,225,1,overall_similarity,3.4378371232609535,1.4348516426831792,0.27158685707911545,-4.189566513077307e-05,-0.06394327693678989,-0.01874627917478259,-0.07642949765925185,-0.08339854783120791,-0.06510561159640335,0.0,0.0030923126683239425,0.0031311663247679373,0.0012246150921253081,0.00073761826103125,0.000506062447572974,0.0010062776153533868,3.4378371232609535
699,626,0,overall_similarity,-3.5053564642419843,-0.5800918800263326,-0.9453107810849536,0.0001133787415694989,-0.15461768096074713,0.00596332268944706,-0.08837413398895766,-0.06592160706003804,-0.07623766142748192,0.0,-0.05381508990917047,-0.05329879923969861,-0.02151638802746435,-0.0026164484648904455,-0.0011355809383801732,-0.0031506607340386706,-3.5053564642419843
885,490,0,overall_similarity,-4.678442214238727,-0.5785345454959684,0.3146281897901682,0.0001133787415694989,-0.01580814048154423,0.005350705085208175,-0.08790962379353226,-0.04036810476901667,-0.07165960441514052,0.0,0.001046539563374665,0.0010409403364665037,0.00040619848363122944,0.000543004557372202,-0.0011404548213696036,-0.0031506607340386706,-4.678442214238727
487,109,0,overall_similarity,-4.5030587181274875,0.026784587547331692,0.06663527811148572,0.0001133787415694989,-0.031142250105914506,-0.006924221367664605,-0.08047962977151493,-0.04585690538574776,-0.07135838334673253,0.0,-0.08476970463334782,-0.08364383479260433,-0.03389985848101213,0.000543004557372202,-0.0011404548213696036,-0.0031506607340386706,-4.5030587181274875
1114,133,1,overall_similarity,3.573210434597138,1.4047702113210465,0.2610761651119137,-4.189566513077307e-05,-0.06394327693678989,-0.01874627917478259,-0.07642949765925185,-0.08084353330513921,-0.06510561159640335,0.0,0.0030923126683239425,0.0031311663247679373,0.0012246150921253081,0.00073761826103125,0.000506062447572974,0.0010062776153533868,3.573210434597138
1005,816,1,overall_similarity,4.853564195942581,0.3034293822237201,0.22313557608462417,0.00011318449555936785,-0.016042584615472682,0.008656109961238423,-0.064229672475006,0.018903298138367778,0.21360989832202001,0.0,0.0030923126683239425,0.0031311663247679373,0.0012246150921253081,0.0007377004184836257,0.0005069297917652286,0.0010062776153533868,4.853564195942581
150,33,1,overall_similarity,3.742211912381897,1.3909253589717099,0.2972698298988627,-4.189566513077307e-05,-0.05896185798122243,-0.01959970958768008,-0.0656932630735667,0.02045832779896503,0.21258779897242974,0.0,0.0030923126683239425,0.0031311663247679373,0.0012246150921253081,0.00073761826103125,0.000506062447572974,0.0010062776153533868,3.742211912381897
310,296,0,overall_similarity,-4.407583658204972,-0.1493402960793644,-0.17282079081359802,0.0001133787415694989,-0.024549315611240293,0.003843546508996934,-0.08602405973851274,-0.0535750923198097,-0.06762842237775481,0.0,-0.05381508990917047,-0.05954128121936309,-0.02151638802746435,0.000737406443292157,0.000503826267159556,0.0010062776153533868,-4.407583658204972
775,652,0,overall_similarity,-4.740020848392289,0.9989724028899293,0.11926806037901762,-5.8806274512763004e-05,-0.046302627018944706,-0.01093051359435089,-0.0665262920403379,-0.03866416898639806,-0.07132579915807738,0.0,-0.08476970463334782,-0.08364383479260433,-0.03389985848101213,0.0005402229407703404,-0.001169820617593081,-0.0031506607340386706,-4.740020848392289
