pair_index,orig_id,anon_id,label,age_missing,age_diff,age_equal,education_missing,education_diff,education_equal,industry_missing,industry_diff,industry_equal,marital_status_missing,marital_status_diff,marital_status_equal,sex_missing,sex_diff,sex_equal,similarity_score,anon_index,aux_index,attack_score
1860,1860,1860,0,0,29.0,0.0,0,8.0,0.0,1,1.0,0.0,0,0.0,1.0,0,1.0,0.0,0.2,1860,1860,0.5139431628685587
353,353,353,1,0,49.0,0.0,0,7.0,0.0,1,1.0,0.0,0,1.0,0.0,0,1.0,0.0,0.0,353,353,0.5141550302595143
1333,1333,1333,0,0,1.0,0.0,0,12.0,0.0,1,1.0,0.0,0,1.0,0.0,0,1.0,0.0,0.0,1333,1333,0.5021031375992454
905,905,905,1,0,4.0,0.0,0,12.0,0.0,0,84127.0,0.0,0,1.0,0.0,0,2.0,0.0,0.0,905,905,0.5030471825452427
1289,1289,1289,0,0,9.0,0.0,0,4.0,0.0,1,1.0,0.0,0,1.0,0.0,0,2.0,0.0,0.0,1289,1289,0.5046434342075191
1273,1273,1273,0,0,52.0,0.0,0,1.0,0.0,1,1.0,0.0,0,1.0,0.0,0,2.0,0.0,0.0,1273,1273,0.5150956114021693
938,938,938,1,0,13.0,0.0,0,10.0,0.0,0,15112.0,0.0,0,1.0,0.0,0,1.0,0.0,0.0,938,938,0.5056191431320732
1731,1731,1731,0,0,14.0,0.0,0,9.0,0.0,0,47590.0,0.0,0,0.0,1.0,0,1.0,0.0,0.2,1731,1731,0.5111380102155626
65,65,65,1,0,17.0,0.0,0,7.0,0.0,0,23924.0,0.0,0,0.0,1.0,0,0.0,1.0,0.4,65,65,0.5179357348013225
1323,1323,1323,0,0,2.0,0.0,0,7.0,0.0,0,40991.0,0.0,0,0.0,1.0,0,1.0,0.0,0.2,1323,1323,0.5087754146148907
56,56,56,1,0,17.0,0.0,0,9.0,0.0,1,1.0,0.0,0,0.0,1.0,0,2.0,0.0,0.2,56,56,0.5098716773741163
1292,1292,1292,0,0,16.0,0.0,0,2.0,0.0,1,1.0,0.0,0,1.0,0.0,0,0.0,1.0,0.2,1292,1292,0.5138504713539634
1118,1118,1118,0,0,26.0,0.0,0,14.0,0.0,1,1.0,0.0,0,2.0,0.0,0,1.0,0.0,0.0,1118,1118,0.508190066600552
584,584,584,1,0,7.0,0.0,0,6.0,0.0,0,45198.0,0.0,0,0.0,1.0,0,0.0,1.0,0.4,584,584,0.5162329415177115
374,374,374,1,0,59.0,0.0,0,1.0,0.0,1,1.0,0.0,0,1.0,0.0,0,2.0,0.0,0.0,374,374,0.5166841201121074
275,275,275,1,0,11.0,0.0,0,9.0,0.0,1,1.0,0.0,0,0.0,1.0,0,2.0,0.0,0.2,275,275,0.508509940515545
746,746,746,1,0,6.0,0.0,0,12.0,0.0,0,62017.0,0.0,0,0.0,1.0,0,0.0,1.0,0.4,746,746,0.5148763185418079
128,128,128,1,0,3.0,0.0,0,9.0,0.0,1,1.0,0.0,0,0.0,1.0,0,2.0,0.0,0.2,128,128,0.5066936762481281
1646,1646,1646,0,0,13.0,0.0,0,9.0,0.0,0,56203.0,0.0,0,1.0,0.0,0,0.0,1.0,0.2,1646,1646,0.512512662926185
1852,1852,1852,0,0,24.0,0.0,0,3.0,0.0,1,1.0,0.0,0,1.0,0.0,0,1.0,0.0,0.0,1852,1852,0.509401726363203
674,674,674,1,0,4.0,0.0,0,8.0,0.0,1,1.0,0.0,0,0.0,1.0,0,1.0,0.0,0.2,674,674,0.5082734149942163
1664,1664,1664,0,0,13.0,0.0,0,12.0,0.0,0,42098.0,0.0,0,1.0,0.0,0,2.0,0.0,0.0,1664,1664,0.5044476040631509
1981,1981,1981,0,0,41.0,0.0,0,8.0,0.0,1,1.0,0.0,0,1.0,0.0,0,1.0,0.0,0.0,1981,1981,0.5121089817034344
1083,1083,1083,0,0,49.0,0.0,0,1.0,0.0,1,1.0,0.0,0,0.0,1.0,0,0.0,1.0,0.4,1083,1083,0.5260868672719675
1922,1922,1922,0,0,35.0,0.0,0,6.0,0.0,1,1.0,0.0,0,1.0,0.0,0,2.0,0.0,0.0,1922,1922,0.5100855352364785
99,99,99,1,0,7.0,0.0,0,10.0,0.0,0,11004.0,0.0,0,1.0,0.0,0,0.0,1.0,0.2,99,99,0.5102291011387871
1179,1179,1179,0,0,33.0,0.0,1,1.0,0.0,1,1.0,0.0,0,1.0,0.0,0,2.0,0.0,0.0,1179,1179,0.4954076509499223
964,964,964,1,0,7.0,0.0,0,12.0,0.0,1,1.0,0.0,0,1.0,0.0,0,1.0,0.0,0.0,964,964,0.503465582910548
792,792,792,1,0,4.0,0.0,0,6.0,0.0,0,81300.0,0.0,0,0.0,1.0,0,0.0,1.0,0.4,792,792,0.516107277985887
29,29,29,1,0,18.0,0.0,0,1.0,0.0,0,97001.0,0.0,0,0.0,1.0,0,2.0,0.0,0.2,29,29,0.5135213113774825
628,628,628,1,0,16.0,0.0,0,8.0,0.0,0,40991.0,0.0,0,2.0,0.0,0,0.0,1.0,0.2,628,628,0.5140627942923409
944,944,944,1,0,46.0,0.0,0,9.0,0.0,1,1.0,0.0,0,5.0,0.0,0,2.0,0.0,0.0,944,944,0.5153698538346645
572,572,572,1,0,59.0,0.0,1,1.0,0.0,1,1.0,0.0,0,0.0,1.0,0,1.0,0.0,0.2,572,572,0.5069705821950398
907,907,907,1,0,18.0,0.0,0,10.0,0.0,1,1.0,0.0,0,2.0,0.0,0,1.0,0.0,0.0,907,907,0.5072973618820519
1080,1080,1080,0,0,29.0,0.0,0,7.0,0.0,1,1.0,0.0,0,1.0,0.0,0,2.0,0.0,0.0,1080,1080,0.5084926126194396
450,450,450,1,0,21.0,0.0,0,4.0,0.0,1,1.0,0.0,0,1.0,0.0,0,1.0,0.0,0.0,450,450,0.5084901649071973
1609,1609,1609,0,0,7.0,0.0,0,5.0,0.0,0,85483.0,0.0,0,1.0,0.0,0,1.0,0.0,0.0,1609,1609,0.5064829324386158
1290,1290,1290,0,0,35.0,0.0,0,7.0,0.0,1,1.0,0.0,0,1.0,0.0,0,2.0,0.0,0.0,1290,1290,0.5098551033373137
1078,1078,1078,0,1,1.0,0.0,1,1.0,0.0,1,1.0,0.0,1,1.0,0.0,1,1.0,0.0,0.0,1078,1078,0.5124376163745675
254,254,254,1,0,34.0,0.0,0,10.0,0.0,0,55100.0,0.0,0,2.0,0.0,0,1.0,0.0,0.0,254,254,0.5118704019237059
124,124,124,1,0,2.0,0.0,0,6.0,0.0,0,17017.0,0.0,0,0.0,1.0,0,2.0,0.0,0.2,124,124,0.5075175765541157
1927,1927,1927,0,0,24.0,0.0,0,5.0,0.0,1,1.0,0.0,0,0.0,1.0,0,2.0,0.0,0.2,1927,1927,0.5123840622874251
251,251,251,1,0,19.0,0.0,1,1.0,0.0,1,1.0,0.0,0,1.0,0.0,0,0.0,1.0,0.2,251,251,0.49936522502023206
585,585,585,1,0,11.0,0.0,0,8.0,0.0,1,1.0,0.0,0,2.0,0.0,0,2.0,0.0,0.0,585,585,0.5050467517339035
1568,1568,1568,0,0,27.0,0.0,0,10.0,0.0,1,1.0,0.0,0,4.0,0.0,0,2.0,0.0,0.0,1568,1568,0.5099617936369577
824,824,824,1,0,59.0,0.0,0,16.0,0.0,1,1.0,0.0,0,1.0,0.0,0,1.0,0.0,0.0,824,824,0.5143409163744682
507,507,507,1,0,16.0,0.0,0,2.0,0.0,1,1.0,0.0,0,0.0,1.0,0,1.0,0.0,0.2,507,507,0.5123825579675177
889,889,889,1,0,34.0,0.0,0,1.0,0.0,1,1.0,0.0,0,1.0,0.0,0,1.0,0.0,0.0,889,889,0.5121326593490929
70,70,70,1,0,24.0,0.0,0,8.0,0.0,0,85203.0,0.0,0,2.0,0.0,0,0.0,1.0,0.2,70,70,0.5165528670138949
1608,1608,1608,0,0,6.0,0.0,0,10.0,0.0,1,1.0,0.0,0,2.0,0.0,0,2.0,0.0,0.0,1608,1608,0.5034498449645112
1532,1532,1532,0,0,46.0,0.0,0,2.0,0.0,1,1.0,0.0,0,0.0,1.0,0,1.0,0.0,0.2,1532,1532,0.5191809388595172
247,247,247,1,0,12.0,0.0,0,6.0,0.0,1,1.0,0.0,0,3.0,0.0,0,2.0,0.0,0.0,247,247,0.5066073574529164
1450,1450,1450,0,0,19.0,0.0,0,9.0,0.0,1,1.0,0.0,0,2.0,0.0,0,2.0,0.0,0.0,1450,1450,0.5066327662821606
212,212,212,1,0,17.0,0.0,0,8.0,0.0,1,1.0,0.0,0,2.0,0.0,0,2.0,0.0,0.0,212,212,0.5064092671599563
909,909,909,1,0,0.0,1.0,0,8.0,0.0,1,1.0,0.0,0,0.0,1.0,0,2.0,0.0,0.4,909,909,0.5372577233347214
1741,1741,1741,0,0,2.0,0.0,0,6.0,0.0,1,1.0,0.0,0,1.0,0.0,0,2.0,0.0,0.0,1741,1741,0.502593831436556
1244,1244,1244,0,0,25.0,0.0,1,1.0,0.0,1,1.0,0.0,0,1.0,0.0,0,0.0,1.0,0.2,1244,1244,0.5007242750848128
1696,1696,1696,0,0,30.0,0.0,0,6.0,0.0,0,49215.0,0.0,0,0.0,1.0,0,1.0,0.0,0.2,1696,1696,0.5154843954158213
1182,1182,1182,0,0,2.0,0.0,0,9.0,0.0,1,1.0,0.0,0,1.0,0.0,0,1.0,0.0,0.0,1182,1182,0.503022820603104
361,361,361,1,0,7.0,0.0,0,7.0,0.0,0,47110.0,0.0,0,2.0,0.0,0,1.0,0.0,0.0,361,361,0.5063095978029243
1473,1473,1473,0,0,17.0,0.0,0,1.0,0.0,1,1.0,0.0,0,1.0,0.0,0,2.0,0.0,0.0,1473,1473,0.5071499433638266
678,678,678,1,0,32.0,0.0,0,4.0,0.0,0,49227.0,0.0,0,1.0,0.0,0,1.0,0.0,0.0,678,678,0.5118369328215192
1621,1621,1621,0,0,23.0,0.0,0,9.0,0.0,0,47104.0,0.0,0,1.0,0.0,0,1.0,0.0,0.0,1621,1621,0.5086093999566085
1089,1089,1089,0,0,21.0,0.0,1,1.0,0.0,1,1.0,0.0,0,1.0,0.0,0,2.0,0.0,0.0,1089,1089,0.4927022768501106
1987,1987,1987,0,0,36.0,0.0,0,14.0,0.0,0,84109.0,0.0,0,2.0,0.0,0,1.0,0.0,0.0,1987,1987,0.5118447542965777
1847,1847,1847,0,0,6.0,0.0,0,0.0,1.0,0,96999.0,0.0,0,2.0,0.0,0,1.0,0.0,0.2,1847,1847,0.5124045192444706
987,987,987,1,0,13.0,0.0,0,1.0,0.0,1,1.0,0.0,0,1.0,0.0,0,2.0,0.0,0.0,987,987,0.5062422060624551
1512,1512,1512,0,0,21.0,0.0,0,9.0,0.0,1,1.0,0.0,0,2.0,0.0,0,1.0,0.0,0.0,1512,1512,0.5082094106217633
111,111,111,1,0,10.0,0.0,0,12.0,0.0,0,42094.0,0.0,0,1.0,0.0,0,2.0,0.0,0.0,111,111,0.5037663881966536
1487,1487,1487,0,0,16.0,0.0,0,11.0,0.0,0,25109.0,0.0,0,2.0,0.0,0,1.0,0.0,0.0,1487,1487,0.507094473278368
1453,1453,1453,0,0,3.0,0.0,0,9.0,0.0,1,1.0,0.0,0,2.0,0.0,0,1.0,0.0,0.0,1453,1453,0.5041216831996697
383,383,383,1,0,18.0,0.0,0,7.0,0.0,0,56101.0,0.0,0,2.0,0.0,0,2.0,0.0,0.0,383,383,0.5078216964365153
1395,1395,1395,0,0,5.0,0.0,0,8.0,0.0,1,1.0,0.0,0,2.0,0.0,0,2.0,0.0,0.0,1395,1395,0.5036844173136698
1054,1054,1054,0,0,38.0,0.0,1,1.0,0.0,1,1.0,0.0,0,1.0,0.0,0,2.0,0.0,0.0,1054,1054,0.49653658955712415
755,755,755,1,0,28.0,0.0,0,12.0,0.0,0,84111.0,0.0,0,0.0,1.0,0,1.0,0.0,0.2,755,755,0.5141795674778732
324,324,324,1,0,40.0,0.0,0,2.0,0.0,1,1.0,0.0,0,4.0,0.0,0,2.0,0.0,0.0,324,324,0.5147582157823454
1623,1623,1623,0,0,40.0,0.0,0,9.0,0.0,0,29298.0,0.0,0,1.0,0.0,0,0.0,1.0,0.2,1623,1623,0.5182223442482309
787,787,787,1,0,33.0,0.0,0,17.0,0.0,0,96994.0,0.0,0,2.0,0.0,0,1.0,0.0,0.0,787,787,0.5106684272064447
368,368,368,1,0,0.0,1.0,0,7.0,0.0,0,25106.0,0.0,0,0.0,1.0,0,1.0,0.0,0.4,368,368,0.5389502744735148
1819,1819,1819,0,0,44.0,0.0,0,4.0,0.0,1,1.0,0.0,0,0.0,1.0,0,0.0,1.0,0.4,1819,1819,0.5242630885571794
69,69,69,1,0,59.0,0.0,0,1.0,0.0,1,1.0,0.0,0,4.0,0.0,0,1.0,0.0,0.0,69,69,0.5204133808641244
857,857,857,1,0,0.0,1.0,0,10.0,0.0,1,1.0,0.0,0,0.0,1.0,0,1.0,0.0,0.4,857,857,0.5377534728806297
1483,1483,1483,0,0,6.0,0.0,0,14.0,0.0,1,1.0,0.0,0,2.0,0.0,0,2.0,0.0,0.0,1483,1483,0.5025263941781672
1555,1555,1555,0,0,11.0,0.0,0,1.0,0.0,1,1.0,0.0,0,1.0,0.0,0,0.0,1.0,0.2,1555,1555,0.51294560553998
1691,1691,1691,0,0,28.0,0.0,0,2.0,0.0,1,1.0,0.0,0,0.0,1.0,0,1.0,0.0,0.2,1691,1691,0.5151043154434636
1474,1474,1474,0,0,8.0,0.0,0,9.0,0.0,1,1.0,0.0,0,1.0,0.0,0,1.0,0.0,0.0,1474,1474,0.5043851345287564
1798,1798,1798,0,0,31.0,0.0,0,7.0,0.0,1,1.0,0.0,0,2.0,0.0,0,2.0,0.0,0.0,1798,1798,0.509819120836299
478,478,478,1,0,35.0,0.0,0,6.0,0.0,0,55092.0,0.0,0,2.0,0.0,0,0.0,1.0,0.2,478,478,0.5190471390512232
281,281,281,1,0,33.0,0.0,0,4.0,0.0,1,1.0,0.0,0,1.0,0.0,0,1.0,0.0,0.0,281,281,0.5112150284996348
1647,1647,1647,0,0,19.0,0.0,0,10.0,0.0,1,1.0,0.0,0,1.0,0.0,0,1.0,0.0,0.0,1647,1647,0.5066524054226679
1556,1556,1556,0,0,30.0,0.0,0,6.0,0.0,0,14098.0,0.0,0,1.0,0.0,0,2.0,0.0,0.0,1556,1556,0.509264288593524
1729,1729,1729,0,0,48.0,0.0,0,4.0,0.0,1,1.0,0.0,0,1.0,0.0,0,1.0,0.0,0.0,1729,1729,0.5146199126678409
210,210,210,1,0,25.0,0.0,0,7.0,0.0,0,47812.0,0.0,0,4.0,0.0,0,2.0,0.0,0.0,210,210,0.511029491737485
297,297,297,1,0,43.0,0.0,0,3.0,0.0,1,1.0,0.0,0,1.0,0.0,0,1.0,0.0,0.0,297,297,0.5137155288841395
1884,1884,1884,0,0,1.0,0.0,0,8.0,0.0,1,1.0,0.0,0,1.0,0.0,0,1.0,0.0,0.0,1884,1884,0.503026642019278
1833,1833,1833,0,0,24.0,0.0,1,1.0,0.0,1,1.0,0.0,0,1.0,0.0,0,0.0,1.0,0.2,1833,1833,0.5004977055207469
651,651,651,1,0,34.0,0.0,0,10.0,0.0,1,1.0,0.0,0,1.0,0.0,0,1.0,0.0,0.0,651,651,0.5100584776683433
1233,1233,1233,0,0,1.0,0.0,0,11.0,0.0,0,84101.0,0.0,0,1.0,0.0,0,2.0,0.0,0.0,1233,1233,0.5025970360633191
1502,1502,1502,0,0,28.0,0.0,0,11.0,0.0,0,64184.0,0.0,0,0.0,1.0,0,0.0,1.0,0.4,1502,1502,0.5201156940646933
1931,1931,1931,0,0,5.0,0.0,0,7.0,0.0,1,1.0,0.0,0,1.0,0.0,0,1.0,0.0,0.0,1931,1931,0.5041654976218846
916,916,916,1,0,50.0,0.0,0,3.0,0.0,1,1.0,0.0,0,1.0,0.0,0,1.0,0.0,0.0,916,916,0.5153040887514101
993,993,993,1,0,13.0,0.0,0,5.0,0.0,1,1.0,0.0,0,1.0,0.0,0,0.0,1.0,0.2,993,993,0.5124784267293467
429,429,429,1,0,27.0,0.0,0,8.0,0.0,0,53198.0,0.0,0,1.0,0.0,0,0.0,1.0,0.2,429,429,0.5158738749270947
1370,1370,1370,0,0,71.0,0.0,0,3.0,0.0,1,1.0,0.0,0,3.0,0.0,0,0.0,1.0,0.2,1370,1370,0.5277904872627198
239,239,239,1,0,19.0,0.0,0,6.0,0.0,1,1.0,0.0,0,2.0,0.0,0,2.0,0.0,0.0,239,239,0.5073246789874049
879,879,879,1,0,35.0,0.0,0,11.0,0.0,0,10789.0,0.0,0,1.0,0.0,0,1.0,0.0,0.0,879,879,0.5103174244929928
620,620,620,1,0,7.0,0.0,0,7.0,0.0,1,1.0,0.0,0,1.0,0.0,0,2.0,0.0,0.0,620,620,0.5034976401602753
256,256,256,1,0,7.0,0.0,0,8.0,0.0,0,40997.0,0.0,0,1.0,0.0,0,1.0,0.0,0.0,256,256,0.505113567771197
611,611,611,1,0,15.0,0.0,0,6.0,0.0,0,14100.0,0.0,0,2.0,0.0,0,2.0,0.0,0.0,611,611,0.5067303745563431
544,544,544,1,0,33.0,0.0,0,8.0,0.0,0,49214.0,0.0,0,0.0,1.0,0,0.0,1.0,0.4,544,544,0.5217085297447644
771,771,771,1,0,34.0,0.0,1,1.0,0.0,1,1.0,0.0,0,0.0,1.0,0,1.0,0.0,0.2,771,771,0.5012945903792717
1419,1419,1419,0,0,39.0,0.0,1,1.0,0.0,1,1.0,0.0,0,1.0,0.0,0,2.0,0.0,0.0,1419,1419,0.4967624874204107
1041,1041,1041,0,0,1.0,0.0,0,7.0,0.0,0,96997.0,0.0,0,0.0,1.0,0,2.0,0.0,0.2,1041,1041,0.5082810266124628
1789,1789,1789,0,1,1.0,0.0,1,1.0,0.0,1,1.0,0.0,1,1.0,0.0,1,1.0,0.0,0.0,1789,1789,0.5124376163745675
759,759,759,1,0,15.0,0.0,0,8.0,0.0,0,47105.0,0.0,0,2.0,0.0,0,2.0,0.0,0.0,759,759,0.5067728981652494
382,382,382,1,0,14.0,0.0,0,6.0,0.0,0,11039.0,0.0,0,0.0,1.0,0,0.0,1.0,0.4,382,382,0.5172902080289334
1103,1103,1103,0,0,5.0,0.0,0,7.0,0.0,0,40994.0,0.0,0,0.0,1.0,0,1.0,0.0,0.2,1103,1103,0.5094565178669926
973,973,973,1,0,15.0,0.0,0,6.0,0.0,0,86201.0,0.0,0,0.0,1.0,0,1.0,0.0,0.2,973,973,0.5126482248124147
352,352,352,1,0,44.0,0.0,0,8.0,0.0,1,1.0,0.0,0,1.0,0.0,0,1.0,0.0,0.0,352,352,0.5127898095264922
1605,1605,1605,0,0,17.0,0.0,0,12.0,0.0,1,1.0,0.0,0,0.0,1.0,0,1.0,0.0,0.2,1605,1605,0.5102980597201722
1825,1825,1825,0,0,1.0,0.0,0,5.0,0.0,0,62012.0,0.0,0,0.0,1.0,0,2.0,0.0,0.2,1825,1825,0.5082084996308261
1036,1036,1036,0,0,40.0,0.0,0,5.0,0.0,0,99996.0,0.0,0,0.0,1.0,0,1.0,0.0,0.2,1036,1036,0.5187595325379558
1107,1107,1107,0,0,21.0,0.0,0,9.0,0.0,0,10707.0,0.0,0,0.0,1.0,0,0.0,1.0,0.4,1107,1107,0.5181698119373995
494,494,494,1,0,24.0,0.0,0,6.0,0.0,0,49213.0,0.0,0,0.0,1.0,0,1.0,0.0,0.2,494,494,0.5141242600588932
393,393,393,1,0,2.0,0.0,0,10.0,0.0,0,51099.0,0.0,0,1.0,0.0,0,1.0,0.0,0.0,393,393,0.503671380125019
1546,1546,1546,0,0,23.0,0.0,0,9.0,0.0,0,69198.0,0.0,0,0.0,1.0,0,1.0,0.0,0.2,1546,1546,0.5135106844030316
464,464,464,1,0,33.0,0.0,0,10.0,0.0,1,1.0,0.0,0,0.0,1.0,0,1.0,0.0,0.2,464,464,0.5143857273658793
886,886,886,1,0,6.0,0.0,0,11.0,0.0,0,17087.0,0.0,0,1.0,0.0,0,1.0,0.0,0.0,886,886,0.503828810233093
1193,1193,1193,0,0,3.0,0.0,0,2.0,0.0,1,1.0,0.0,0,0.0,1.0,0,2.0,0.0,0.2,1193,1193,0.5083091966048497
366,366,366,1,0,5.0,0.0,0,6.0,0.0,1,1.0,0.0,0,0.0,1.0,0,1.0,0.0,0.2,366,366,0.5089623511486701
1893,1893,1893,0,0,28.0,0.0,0,8.0,0.0,0,25105.0,0.0,0,1.0,0.0,0,1.0,0.0,0.0,1893,1893,0.5096396246538444
1873,1873,1873,0,0,5.0,0.0,0,6.0,0.0,0,18113.0,0.0,0,2.0,0.0,0,1.0,0.0,0.0,1873,1873,0.5056433474059023
744,744,744,1,0,8.0,0.0,0,10.0,0.0,0,64189.0,0.0,0,0.0,1.0,0,1.0,0.0,0.2,744,744,0.5097996940045467
529,529,529,1,0,0.0,1.0,0,8.0,0.0,0,47613.0,0.0,0,1.0,0.0,0,1.0,0.0,0.2,529,529,0.5350425491593983
802,802,802,1,0,10.0,0.0,0,7.0,0.0,1,1.0,0.0,0,0.0,1.0,0,1.0,0.0,0.2,802,802,0.50986619922189
1223,1223,1223,0,0,12.0,0.0,0,4.0,0.0,1,1.0,0.0,0,2.0,0.0,0,2.0,0.0,0.0,1223,1223,0.506196252446894
1978,1978,1978,0,0,23.0,0.0,0,4.0,0.0,0,40993.0,0.0,0,1.0,0.0,0,0.0,1.0,0.2,1978,1978,0.5157020948579116
1905,1905,1905,0,0,7.0,0.0,0,11.0,0.0,1,1.0,0.0,0,0.0,1.0,0,2.0,0.0,0.2,1905,1905,0.5071399724965144
1699,1699,1699,0,0,17.0,0.0,0,6.0,0.0,1,1.0,0.0,0,2.0,0.0,0,2.0,0.0,0.0,1699,1699,0.5068705116932302
1544,1544,1544,0,0,31.0,0.0,0,3.0,0.0,0,25924.0,0.0,0,2.0,0.0,0,0.0,1.0,0.2,1544,1544,0.5183867841931188
1313,1313,1313,0,0,14.0,0.0,0,5.0,0.0,1,1.0,0.0,0,1.0,0.0,0,2.0,0.0,0.0,1313,1313,0.5055477354423734
306,306,306,1,0,42.0,0.0,1,1.0,0.0,1,1.0,0.0,0,1.0,0.0,0,0.0,1.0,0.2,306,306,0.5045790521617751
1666,1666,1666,0,0,25.0,0.0,0,7.0,0.0,0,97001.0,0.0,0,7.0,0.0,0,0.0,1.0,0.2,1666,1666,0.5215296323827902
862,862,862,1,0,47.0,0.0,0,3.0,0.0,1,1.0,0.0,0,1.0,0.0,0,0.0,1.0,0.2,862,862,0.520648331534247
1566,1566,1566,0,0,13.0,0.0,0,9.0,0.0,0,47109.0,0.0,0,1.0,0.0,0,2.0,0.0,0.0,1566,1566,0.5052161834048097
530,530,530,1,0,0.0,1.0,0,5.0,0.0,1,1.0,0.0,0,1.0,0.0,0,0.0,1.0,0.4,530,530,0.5405725627813495
654,654,654,1,0,9.0,0.0,0,5.0,0.0,0,47105.0,0.0,0,1.0,0.0,0,1.0,0.0,0.0,654,654,0.5063523721654777
1259,1259,1259,0,0,37.0,0.0,0,10.0,0.0,0,85090.0,0.0,0,0.0,1.0,0,1.0,0.0,0.2,1259,1259,0.516696377414787
233,233,233,1,0,21.0,0.0,0,9.0,0.0,0,14092.0,0.0,0,0.0,1.0,0,1.0,0.0,0.2,233,233,0.5122109499727525
120,120,120,1,0,11.0,0.0,0,8.0,0.0,1,1.0,0.0,0,0.0,1.0,0,1.0,0.0,0.2,120,120,0.5098620420256574
1697,1697,1697,0,0,12.0,0.0,0,4.0,0.0,1,1.0,0.0,0,2.0,0.0,0,0.0,1.0,0.2,1697,1697,0.5133536641086477
949,949,949,1,0,44.0,0.0,0,0.0,1.0,1,1.0,0.0,0,2.0,0.0,0,1.0,0.0,0.2,949,949,0.5194014376425783
617,617,617,1,0,1.0,0.0,0,12.0,0.0,1,1.0,0.0,0,1.0,0.0,0,1.0,0.0,0.0,617,617,0.5021031375992454
1178,1178,1178,0,0,1.0,0.0,0,9.0,0.0,1,1.0,0.0,0,2.0,0.0,0,1.0,0.0,0.0,1178,1178,0.5036675162930165
307,307,307,1,0,4.0,0.0,0,4.0,0.0,1,1.0,0.0,0,2.0,0.0,0,1.0,0.0,0.0,307,307,0.5055023784379432
135,135,135,1,0,25.0,0.0,0,5.0,0.0,1,1.0,0.0,0,3.0,0.0,0,2.0,0.0,0.0,135,135,0.509790083754241
554,554,554,1,0,7.0,0.0,0,8.0,0.0,0,49214.0,0.0,0,0.0,1.0,0,1.0,0.0,0.2,554,554,0.5098053810877713
1673,1673,1673,0,0,25.0,0.0,0,11.0,0.0,1,1.0,0.0,0,1.0,0.0,0,2.0,0.0,0.0,1673,1673,0.5066617397103109
583,583,583,1,0,22.0,0.0,0,10.0,0.0,1,1.0,0.0,0,1.0,0.0,0,0.0,1.0,0.2,583,583,0.5133666829535933
1640,1640,1640,0,0,11.0,0.0,0,10.0,0.0,1,1.0,0.0,0,0.0,1.0,0,1.0,0.0,0.2,1640,1640,0.5093997991658673
670,670,670,1,0,22.0,0.0,0,5.0,0.0,1,1.0,0.0,0,2.0,0.0,0,2.0,0.0,0.0,670,670,0.508236438989328
834,834,834,1,0,3.0,0.0,0,9.0,0.0,1,1.0,0.0,0,2.0,0.0,0,1.0,0.0,0.0,834,834,0.5041216831996697
109,109,109,1,0,2.0,0.0,0,3.0,0.0,1,1.0,0.0,0,0.0,1.0,0,1.0,0.0,0.2,109,109,0.5089738526144841
1164,1164,1164,0,0,13.0,0.0,0,7.0,0.0,0,49219.0,0.0,0,0.0,1.0,0,1.0,0.0,0.2,1164,1164,0.5113981231165411
1959,1959,1959,0,0,1.0,0.0,0,8.0,0.0,1,1.0,0.0,0,0.0,1.0,0,0.0,1.0,0.4,1959,1959,0.5136206062425969
1464,1464,1464,0,0,47.0,0.0,0,6.0,0.0,1,1.0,0.0,0,1.0,0.0,0,1.0,0.0,0.0,1464,1464,0.513931952681972
1728,1728,1728,0,0,29.0,0.0,0,5.0,0.0,1,1.0,0.0,0,1.0,0.0,0,1.0,0.0,0.0,1728,1728,0.5100763824005706
1242,1242,1242,0,0,21.0,0.0,0,16.0,0.0,0,96996.0,0.0,0,1.0,0.0,0,2.0,0.0,0.0,1242,1242,0.5061798807356653
211,211,211,1,0,11.0,0.0,0,8.0,0.0,0,43293.0,0.0,0,0.0,1.0,0,1.0,0.0,0.2,211,211,0.510622535744842
1767,1767,1767,0,0,33.0,0.0,0,3.0,0.0,1,1.0,0.0,0,2.0,0.0,0,2.0,0.0,0.0,1767,1767,0.5111949555572473
1120,1120,1120,0,0,10.0,0.0,0,7.0,0.0,1,1.0,0.0,0,0.0,1.0,0,0.0,1.0,0.4,1120,1120,0.5158900675537129
679,679,679,1,0,50.0,0.0,0,7.0,0.0,1,1.0,0.0,0,0.0,1.0,0,1.0,0.0,0.2,679,679,0.5189260367166553
1950,1950,1950,0,1,1.0,0.0,1,1.0,0.0,1,1.0,0.0,1,1.0,0.0,1,1.0,0.0,0.0,1950,1950,0.5124376163745675
1838,1838,1838,0,0,24.0,0.0,0,0.0,1.0,1,1.0,0.0,0,1.0,0.0,0,0.0,1.0,0.4,1838,1838,0.5200227693355494
411,411,411,1,0,0.0,1.0,0,8.0,0.0,1,1.0,0.0,0,0.0,1.0,0,2.0,0.0,0.4,411,411,0.5372577233347214
1324,1324,1324,0,0,13.0,0.0,0,6.0,0.0,1,1.0,0.0,0,2.0,0.0,0,2.0,0.0,0.0,1324,1324,0.5059622164254588
782,782,782,1,0,45.0,0.0,0,7.0,0.0,0,14094.0,0.0,0,1.0,0.0,0,1.0,0.0,0.0,782,782,0.5135608032555274
1345,1345,1345,0,0,7.0,0.0,0,8.0,0.0,0,56208.0,0.0,0,1.0,0.0,0,0.0,1.0,0.2,1345,1345,0.5113811171569403
874,874,874,1,0,31.0,0.0,0,5.0,0.0,1,1.0,0.0,0,2.0,0.0,0,1.0,0.0,0.0,874,874,0.5114027021718234
1652,1652,1652,0,0,18.0,0.0,0,6.0,0.0,1,1.0,0.0,0,1.0,0.0,0,1.0,0.0,0.0,1652,1652,0.5073479705664685
1278,1278,1278,0,0,18.0,0.0,0,12.0,0.0,1,1.0,0.0,0,0.0,1.0,0,2.0,0.0,0.2,1278,1278,0.509405206245686
785,785,785,1,1,1.0,0.0,1,1.0,0.0,1,1.0,0.0,1,1.0,0.0,1,1.0,0.0,0.0,785,785,0.5124376163745675
1818,1818,1818,0,0,33.0,0.0,1,1.0,0.0,1,1.0,0.0,0,0.0,1.0,0,1.0,0.0,0.2,1818,1818,0.5010676736298058
1198,1198,1198,0,0,51.0,0.0,0,3.0,0.0,1,1.0,0.0,0,0.0,1.0,0,1.0,0.0,0.2,1198,1198,0.5200799417562773
807,807,807,1,0,5.0,0.0,0,5.0,0.0,0,49213.0,0.0,0,0.0,1.0,0,0.0,1.0,0.4,807,807,0.5160728905453073
712,712,712,1,0,34.0,0.0,0,5.0,0.0,1,1.0,0.0,0,1.0,0.0,0,2.0,0.0,0.0,712,712,0.5100888082535951
1990,1990,1990,0,0,56.0,0.0,0,3.0,0.0,1,1.0,0.0,0,1.0,0.0,0,1.0,0.0,0.0,1990,1990,0.5166651632453562
1659,1659,1659,0,0,42.0,0.0,0,9.0,0.0,0,10782.0,0.0,0,1.0,0.0,0,2.0,0.0,0.0,1659,1659,0.5112464051005999
1190,1190,1190,0,0,8.0,0.0,0,9.0,0.0,0,69091.0,0.0,0,0.0,1.0,0,0.0,1.0,0.4,1190,1190,0.5161327468813447
1225,1225,1225,0,0,31.0,0.0,0,7.0,0.0,1,1.0,0.0,0,1.0,0.0,0,1.0,0.0,0.0,1225,1225,0.5100694758535274
602,602,602,1,0,22.0,0.0,0,2.0,0.0,1,1.0,0.0,0,1.0,0.0,0,0.0,1.0,0.2,602,602,0.5152121264391667
270,270,270,1,0,27.0,0.0,0,7.0,0.0,0,49215.0,0.0,0,1.0,0.0,0,1.0,0.0,0.0,270,270,0.510010824393306
1384,1384,1384,0,1,1.0,0.0,1,1.0,0.0,1,1.0,0.0,1,1.0,0.0,1,1.0,0.0,0.0,1384,1384,0.5124376163745675
231,231,231,1,0,6.0,0.0,0,9.0,0.0,1,1.0,0.0,0,1.0,0.0,0,0.0,1.0,0.2,231,231,0.5099667333894226
49,49,49,1,0,10.0,0.0,0,3.0,0.0,1,1.0,0.0,0,0.0,1.0,0,1.0,0.0,0.2,49,49,0.5107900214706199
462,462,462,1,0,32.0,0.0,0,3.0,0.0,1,1.0,0.0,0,1.0,0.0,0,1.0,0.0,0.0,462,462,0.5112182720728131
1105,1105,1105,0,0,7.0,0.0,0,0.0,1.0,0,30990.0,0.0,0,0.0,1.0,0,0.0,1.0,0.6,1105,1105,0.5212526268285654
855,855,855,1,0,29.0,0.0,0,6.0,0.0,0,64900.0,0.0,0,0.0,1.0,0,1.0,0.0,0.2,855,855,0.5154983489468262
693,693,693,1,0,18.0,0.0,0,9.0,0.0,1,1.0,0.0,0,0.0,1.0,0,1.0,0.0,0.2,693,693,0.5112186669409474
1551,1551,1551,0,0,29.0,0.0,0,12.0,0.0,0,62004.0,0.0,0,0.0,1.0,0,1.0,0.0,0.2,1551,1551,0.5140662823373559
1872,1872,1872,0,0,7.0,0.0,0,6.0,0.0,0,45200.0,0.0,0,0.0,1.0,0,0.0,1.0,0.4,1872,1872,0.5162329722804753
526,526,526,1,0,22.0,0.0,0,9.0,0.0,0,18111.0,0.0,0,6.0,0.0,0,1.0,0.0,0.0,526,526,0.5122921766759333
173,173,173,1,0,20.0,0.0,0,13.0,0.0,0,64901.0,0.0,0,2.0,0.0,0,0.0,1.0,0.2,173,173,0.5141813409276729
720,720,720,1,0,11.0,0.0,0,6.0,0.0,0,47593.0,0.0,0,0.0,1.0,0,0.0,1.0,0.4,720,720,0.517175525566007
414,414,414,1,0,20.0,0.0,0,12.0,0.0,1,1.0,0.0,0,1.0,0.0,0,2.0,0.0,0.0,414,414,0.5052954668153959
237,237,237,1,0,23.0,0.0,0,0.0,1.0,1,1.0,0.0,0,1.0,0.0,0,2.0,0.0,0.2,237,237,0.5126836050456597
1472,1472,1472,0,0,17.0,0.0,0,7.0,0.0,0,97000.0,0.0,0,0.0,1.0,0,1.0,0.0,0.2,1472,1472,0.5130364361169715
1335,1335,1335,0,0,21.0,0.0,0,9.0,0.0,1,1.0,0.0,0,1.0,0.0,0,2.0,0.0,0.0,1335,1335,0.5062147519362185
1063,1063,1063,0,0,3.0,0.0,0,9.0,0.0,1,1.0,0.0,0,0.0,1.0,0,1.0,0.0,0.2,1063,1063,0.5078154308424635
23,23,23,1,0,65.0,0.0,1,1.0,0.0,1,1.0,0.0,0,0.0,1.0,0,1.0,0.0,0.2,23,23,0.508333143634245
1766,1766,1766,0,0,22.0,0.0,0,8.0,0.0,0,85095.0,0.0,0,1.0,0.0,0,2.0,0.0,0.0,1766,1766,0.508068368592666
63,63,63,1,0,16.0,0.0,0,6.0,0.0,0,85210.0,0.0,0,1.0,0.0,0,2.0,0.0,0.0,63,63,0.507168440365427
289,289,289,1,0,21.0,0.0,0,12.0,0.0,1,1.0,0.0,0,1.0,0.0,0,2.0,0.0,0.0,289,289,0.505522568998924
188,188,188,1,0,35.0,0.0,0,12.0,0.0,0,27401.0,0.0,0,0.0,1.0,0,1.0,0.0,0.2,188,188,0.5148909301633758
701,701,701,1,0,30.0,0.0,0,0.0,1.0,1,1.0,0.0,0,1.0,0.0,0,1.0,0.0,0.2,701,701,0.5153825726427551
1814,1814,1814,0,0,29.0,0.0,0,7.0,0.0,1,1.0,0.0,0,1.0,0.0,0,1.0,0.0,0.0,1814,1814,0.5096153439870422
1137,1137,1137,0,0,45.0,0.0,0,8.0,0.0,1,1.0,0.0,0,0.0,1.0,0,0.0,1.0,0.4,1137,1137,0.5235557124446277
354,354,354,1,0,20.0,0.0,0,6.0,0.0,0,49222.0,0.0,0,4.0,0.0,0,1.0,0.0,0.0,354,354,0.5112687081677502
416,416,416,1,0,15.0,0.0,0,9.0,0.0,0,64197.0,0.0,0,0.0,1.0,0,2.0,0.0,0.2,416,416,0.5104980598450899
1245,1245,1245,0,0,16.0,0.0,0,4.0,0.0,1,1.0,0.0,0,1.0,0.0,0,1.0,0.0,0.0,1245,1245,0.5073548084384304
930,930,930,1,1,1.0,0.0,1,1.0,0.0,1,1.0,0.0,1,1.0,0.0,1,1.0,0.0,0.0,930,930,0.5124376163745675
196,196,196,1,0,17.0,0.0,0,6.0,0.0,1,1.0,0.0,0,0.0,1.0,0,1.0,0.0,0.2,196,196,0.5116854630064256
579,579,579,1,0,31.0,0.0,0,8.0,0.0,0,47717.0,0.0,0,0.0,1.0,0,1.0,0.0,0.2,579,579,0.5152253478753536
1134,1134,1134,0,0,4.0,0.0,0,9.0,0.0,0,47612.0,0.0,0,0.0,1.0,0,1.0,0.0,0.2,1134,1134,0.5088689346708376
1813,1813,1813,0,0,13.0,0.0,0,5.0,0.0,0,49221.0,0.0,0,2.0,0.0,0,0.0,1.0,0.2,1813,1813,0.5141997889879608
1934,1934,1934,0,0,22.0,0.0,0,7.0,0.0,0,33130.0,0.0,0,1.0,0.0,0,0.0,1.0,0.2,1934,1934,0.5146637619004005
433,433,433,1,0,31.0,0.0,1,1.0,0.0,1,1.0,0.0,0,1.0,0.0,0,0.0,1.0,0.2,433,433,0.502084160070461
100,100,100,1,0,38.0,0.0,0,8.0,0.0,1,1.0,0.0,0,0.0,1.0,0,2.0,0.0,0.2,100,100,0.5148643046419454
1654,1654,1654,0,0,38.0,0.0,0,6.0,0.0,1,1.0,0.0,0,1.0,0.0,0,2.0,0.0,0.0,1654,1654,0.5107667372392052
394,394,394,1,0,3.0,0.0,0,7.0,0.0,1,1.0,0.0,0,5.0,0.0,0,2.0,0.0,0.0,394,394,0.5060770311162611
1938,1938,1938,0,0,56.0,0.0,1,1.0,0.0,1,1.0,0.0,0,0.0,1.0,0,1.0,0.0,0.2,1938,1938,0.5062892929009112
220,220,220,1,0,40.0,0.0,0,7.0,0.0,1,1.0,0.0,0,1.0,0.0,0,0.0,1.0,0.2,220,220,0.518139463870171
1675,1675,1675,0,0,31.0,0.0,0,7.0,0.0,1,1.0,0.0,0,1.0,0.0,0,2.0,0.0,0.0,1675,1675,0.5089467834021998
1497,1497,1497,0,0,16.0,0.0,0,8.0,0.0,0,64190.0,0.0,0,2.0,0.0,0,1.0,0.0,0.0,1497,1497,0.5083833302213397
1784,1784,1784,0,0,29.0,0.0,0,6.0,0.0,0,1490.0,0.0,0,1.0,0.0,0,0.0,1.0,0.2,1784,1784,0.5159972987996947
344,344,344,1,0,56.0,0.0,0,3.0,0.0,1,1.0,0.0,0,1.0,0.0,0,2.0,0.0,0.0,344,344,0.5155434402167479
1027,1027,1027,0,0,44.0,0.0,0,8.0,0.0,1,1.0,0.0,0,1.0,0.0,0,0.0,1.0,0.2,1027,1027,0.51881375002216
888,888,888,1,0,14.0,0.0,0,2.0,0.0,1,1.0,0.0,0,0.0,1.0,0,2.0,0.0,0.2,888,888,0.5108068987764317
1350,1350,1350,0,0,12.0,0.0,0,6.0,0.0,0,47589.0,0.0,0,2.0,0.0,0,1.0,0.0,0.0,1350,1350,0.5076828004335049
552,552,552,1,0,32.0,0.0,0,9.0,0.0,0,14096.0,0.0,0,0.0,1.0,0,2.0,0.0,0.2,552,552,0.5135854172970277
743,743,743,1,0,38.0,0.0,0,9.0,0.0,0,14095.0,0.0,0,4.0,0.0,0,1.0,0.0,0.0,743,743,0.5141194354538517
1541,1541,1541,0,0,36.0,0.0,0,12.0,0.0,0,27407.0,0.0,0,1.0,0.0,0,0.0,1.0,0.2,1541,1541,0.5165933475428326
538,538,538,1,1,1.0,0.0,1,1.0,0.0,1,1.0,0.0,1,1.0,0.0,1,1.0,0.0,0.0,538,538,0.5124376163745675
906,906,906,1,0,5.0,0.0,0,7.0,0.0,0,10781.0,0.0,0,1.0,0.0,0,0.0,1.0,0.2,906,906,0.510464227738895
1394,1394,1394,0,0,37.0,0.0,0,8.0,0.0,0,10709.0,0.0,0,1.0,0.0,0,2.0,0.0,0.0,1394,1394,0.5103409108205587
115,115,115,1,0,5.0,0.0,0,8.0,0.0,0,84110.0,0.0,0,1.0,0.0,0,1.0,0.0,0.0,115,115,0.5053175162340158
829,829,829,1,0,9.0,0.0,0,10.0,0.0,0,47108.0,0.0,0,2.0,0.0,0,1.0,0.0,0.0,829,829,0.5060717790209507
1937,1937,1937,0,0,26.0,0.0,0,10.0,0.0,0,45091.0,0.0,0,1.0,0.0,0,0.0,1.0,0.2,1937,1937,0.5150615263003666
808,808,808,1,0,5.0,0.0,0,7.0,0.0,1,1.0,0.0,0,0.0,1.0,0,1.0,0.0,0.2,808,808,0.5087313909288455
1310,1310,1310,0,0,24.0,0.0,0,3.0,0.0,0,16209.0,0.0,0,1.0,0.0,0,0.0,1.0,0.2,1310,1310,0.5157813647866837
1004,1004,1004,0,0,19.0,0.0,0,7.0,0.0,1,1.0,0.0,0,1.0,0.0,0,1.0,0.0,0.0,1004,1004,0.5073444768309141
305,305,305,1,0,22.0,0.0,0,0.0,1.0,1,1.0,0.0,0,1.0,0.0,0,1.0,0.0,0.2,305,305,0.5135734795075875
1100,1100,1100,0,0,31.0,0.0,0,9.0,0.0,0,14096.0,0.0,0,0.0,1.0,0,1.0,0.0,0.2,1100,1100,0.514475878129261
479,479,479,1,0,12.0,0.0,0,12.0,0.0,0,40993.0,0.0,0,1.0,0.0,0,1.0,0.0,0.0,479,479,0.5053260130925576
1423,1423,1423,0,0,19.0,0.0,0,9.0,0.0,0,56100.0,0.0,0,0.0,1.0,0,1.0,0.0,0.2,1423,1423,0.5124026762747973
1075,1075,1075,0,0,8.0,0.0,0,8.0,0.0,1,1.0,0.0,0,1.0,0.0,0,1.0,0.0,0.0,1075,1075,0.5046158968560133
570,570,570,1,0,14.0,0.0,0,5.0,0.0,1,1.0,0.0,0,1.0,0.0,0,1.0,0.0,0.0,570,570,0.5066702025450728
618,618,618,1,0,52.0,0.0,0,8.0,0.0,1,1.0,0.0,0,1.0,0.0,0,1.0,0.0,0.0,618,618,0.5146046943236097
1897,1897,1897,0,0,41.0,0.0,0,6.0,0.0,1,1.0,0.0,0,1.0,0.0,0,1.0,0.0,0.0,1897,1897,0.5125702938111626
1265,1265,1265,0,0,1.0,0.0,0,9.0,0.0,1,1.0,0.0,0,1.0,0.0,0,1.0,0.0,0.0,1265,1265,0.502795796312134
78,78,78,1,1,1.0,0.0,1,1.0,0.0,1,1.0,0.0,1,1.0,0.0,1,1.0,0.0,0.0,78,78,0.5124376163745675
1911,1911,1911,0,0,65.0,0.0,1,1.0,0.0,1,1.0,0.0,0,0.0,1.0,0,2.0,0.0,0.2,1911,1911,0.507210474959098
32,32,32,1,0,60.0,0.0,0,1.0,0.0,1,1.0,0.0,0,1.0,0.0,0,2.0,0.0,0.0,32,32,0.5169110007940568
1537,1537,1537,0,0,24.0,0.0,0,9.0,0.0,0,95108.0,0.0,0,1.0,0.0,0,1.0,0.0,0.0,1537,1537,0.509567743851883
1033,1033,1033,0,0,15.0,0.0,0,6.0,0.0,1,1.0,0.0,0,0.0,1.0,0,0.0,1.0,0.4,1033,1033,0.517253123204945
1562,1562,1562,0,0,7.0,0.0,0,8.0,0.0,1,1.0,0.0,0,0.0,1.0,0,2.0,0.0,0.2,1562,1562,0.5078328060278086
351,351,351,1,0,20.0,0.0,0,10.0,0.0,1,1.0,0.0,0,0.0,1.0,0,2.0,0.0,0.2,351,351,0.5103212190015208
163,163,163,1,0,42.0,0.0,0,9.0,0.0,1,1.0,0.0,0,1.0,0.0,0,1.0,0.0,0.0,163,163,0.5121051480914026
203,203,203,1,1,1.0,0.0,1,1.0,0.0,1,1.0,0.0,1,1.0,0.0,1,1.0,0.0,0.0,203,203,0.5124376163745675
1053,1053,1053,0,0,39.0,0.0,0,12.0,0.0,0,64189.0,0.0,0,1.0,0.0,0,2.0,0.0,0.0,1053,1053,0.5106889448398677
1364,1364,1364,0,0,48.0,0.0,1,1.0,0.0,1,1.0,0.0,0,0.0,1.0,0,2.0,0.0,0.2,1364,1364,0.5033505847221814
1966,1966,1966,0,0,17.0,0.0,0,3.0,0.0,0,56306.0,0.0,0,2.0,0.0,0,1.0,0.0,0.0,1966,1966,0.5096417113862627
495,495,495,1,0,4.0,0.0,0,9.0,0.0,1,1.0,0.0,0,2.0,0.0,0,1.0,0.0,0.0,495,495,0.5043487732980138
1624,1624,1624,0,0,30.0,0.0,0,3.0,0.0,0,91991.0,0.0,0,5.0,0.0,0,0.0,1.0,0.2,1624,1624,0.521776766960452
1965,1965,1965,0,0,22.0,0.0,0,5.0,0.0,0,45299.0,0.0,0,2.0,0.0,0,0.0,1.0,0.2,1965,1965,0.5161816376205537
1962,1962,1962,0,0,13.0,0.0,0,7.0,0.0,1,1.0,0.0,0,1.0,0.0,0,2.0,0.0,0.0,1962,1962,0.5048595791462422
610,610,610,1,0,13.0,0.0,0,6.0,0.0,0,49217.0,0.0,0,2.0,0.0,0,0.0,1.0,0.2,610,610,0.5139692629263398
432,432,432,1,0,52.0,0.0,1,1.0,0.0,1,1.0,0.0,0,0.0,1.0,0,2.0,0.0,0.2,432,432,0.5042586168525149
1491,1491,1491,0,0,19.0,0.0,0,8.0,0.0,0,49211.0,0.0,0,1.0,0.0,0,0.0,1.0,0.2,1491,1491,0.5139981757305484
218,218,218,1,0,37.0,0.0,0,3.0,0.0,0,45399.0,0.0,0,2.0,0.0,0,1.0,0.0,0.0,218,218,0.5140165969695007
1930,1930,1930,0,1,1.0,0.0,1,1.0,0.0,1,1.0,0.0,1,1.0,0.0,1,1.0,0.0,0.0,1930,1930,0.5124376163745675
1465,1465,1465,0,0,29.0,0.0,0,4.0,0.0,1,1.0,0.0,0,6.0,0.0,0,1.0,0.0,0.0,1465,1465,0.514661623490829
630,630,630,1,0,56.0,0.0,1,1.0,0.0,1,1.0,0.0,0,1.0,0.0,0,1.0,0.0,0.0,630,630,0.5017264525007086
1381,1381,1381,0,0,31.0,0.0,0,6.0,0.0,1,1.0,0.0,0,1.0,0.0,0,2.0,0.0,0.0,1381,1381,0.5091772257844153
1301,1301,1301,0,0,1.0,0.0,0,7.0,0.0,0,96997.0,0.0,0,0.0,1.0,0,1.0,0.0,0.2,1301,1301,0.5094039045301205
59,59,59,1,0,41.0,0.0,0,7.0,0.0,1,1.0,0.0,0,2.0,0.0,0,1.0,0.0,0.0,59,59,0.5132108241206607
298,298,298,1,0,30.0,0.0,0,8.0,0.0,1,1.0,0.0,0,0.0,1.0,0,1.0,0.0,0.2,298,298,0.51416968042369
1710,1710,1710,0,0,22.0,0.0,0,7.0,0.0,0,47215.0,0.0,0,0.0,1.0,0,1.0,0.0,0.2,1710,1710,0.5134090119846751
73,73,73,1,0,0.0,1.0,0,8.0,0.0,0,10492.0,0.0,0,1.0,0.0,0,1.0,0.0,0.2,73,73,0.5343994086531249
162,162,162,1,0,10.0,0.0,0,14.0,0.0,0,14090.0,0.0,0,1.0,0.0,0,1.0,0.0,0.0,162,162,0.5039988413350235
1274,1274,1274,0,0,4.0,0.0,0,3.0,0.0,1,1.0,0.0,0,1.0,0.0,0,1.0,0.0,0.0,1274,1274,0.5048610812344031
1593,1593,1593,0,0,10.0,0.0,0,9.0,0.0,0,85200.0,0.0,0,2.0,0.0,0,0.0,1.0,0.2,1593,1593,0.5131458901234528
1433,1433,1433,0,0,3.0,0.0,0,9.0,0.0,1,1.0,0.0,0,2.0,0.0,0,1.0,0.0,0.0,1433,1433,0.5041216831996697
1612,1612,1612,0,0,12.0,0.0,0,10.0,0.0,0,47107.0,0.0,0,2.0,0.0,0,1.0,0.0,0.0,1612,1612,0.5067530606312048
591,591,591,1,0,7.0,0.0,0,13.0,0.0,0,69194.0,0.0,0,0.0,1.0,0,2.0,0.0,0.2,591,591,0.5078348130611271
316,316,316,1,0,5.0,0.0,0,9.0,0.0,1,1.0,0.0,0,1.0,0.0,0,1.0,0.0,0.0,316,316,0.5037039448895236
45,45,45,1,0,14.0,0.0,0,12.0,0.0,1,1.0,0.0,0,1.0,0.0,0,2.0,0.0,0.0,45,45,0.5039329078356113
1719,1719,1719,0,0,24.0,0.0,0,10.0,0.0,1,1.0,0.0,0,1.0,0.0,0,2.0,0.0,0.0,1719,1719,0.506665355314068
1831,1831,1831,0,0,7.0,0.0,0,7.0,0.0,1,1.0,0.0,0,1.0,0.0,0,1.0,0.0,0.0,1831,1831,0.5046195713827025
427,427,427,1,0,43.0,0.0,0,8.0,0.0,0,53192.0,0.0,0,2.0,0.0,0,0.0,1.0,0.2,427,427,0.520366811626826
581,581,581,1,0,24.0,0.0,0,7.0,0.0,0,16284.0,0.0,0,1.0,0.0,0,1.0,0.0,0.0,581,581,0.5088272866631453
76,76,76,1,0,13.0,0.0,0,10.0,0.0,0,95100.0,0.0,0,2.0,0.0,0,1.0,0.0,0.0,76,76,0.5077124299878076
1916,1916,1916,0,0,47.0,0.0,0,7.0,0.0,1,1.0,0.0,0,1.0,0.0,0,1.0,0.0,0.0,1916,1916,0.5137012786194026
1414,1414,1414,0,0,25.0,0.0,0,7.0,0.0,1,1.0,0.0,0,0.0,1.0,0,2.0,0.0,0.2,1414,1414,0.5121488166950163
780,780,780,1,0,8.0,0.0,0,3.0,0.0,1,1.0,0.0,0,0.0,1.0,0,1.0,0.0,0.2,780,780,0.5103360384382382
1919,1919,1919,0,0,14.0,0.0,0,10.0,0.0,1,1.0,0.0,0,4.0,0.0,0,1.0,0.0,0.0,1919,1919,0.5081324285658955
1173,1173,1173,0,0,8.0,0.0,0,0.0,1.0,1,1.0,0.0,0,4.0,0.0,0,1.0,0.0,0.2,1173,1173,0.5130021168196134
1319,1319,1319,0,0,35.0,0.0,0,8.0,0.0,1,1.0,0.0,0,2.0,0.0,0,2.0,0.0,0.0,1319,1319,0.5104966879607854
937,937,937,1,0,5.0,0.0,0,7.0,0.0,1,1.0,0.0,0,0.0,1.0,0,0.0,1.0,0.4,937,937,0.5147581285188251
30,30,30,1,0,46.0,0.0,0,7.0,0.0,1,1.0,0.0,0,0.0,1.0,0,1.0,0.0,0.2,30,30,0.5180220893071755
1091,1091,1091,0,0,43.0,0.0,0,0.0,1.0,1,1.0,0.0,0,1.0,0.0,0,1.0,0.0,0.2,1091,1091,0.5183174575182551
1615,1615,1615,0,0,26.0,0.0,0,5.0,0.0,1,1.0,0.0,0,1.0,0.0,0,2.0,0.0,0.0,1615,1615,0.5082722176632032
1229,1229,1229,0,0,31.0,0.0,0,5.0,0.0,0,49228.0,0.0,0,1.0,0.0,0,1.0,0.0,0.0,1229,1229,0.5113798000112132
974,974,974,1,0,31.0,0.0,0,6.0,0.0,1,1.0,0.0,0,2.0,0.0,0,2.0,0.0,0.0,974,974,0.5100496752790027
1084,1084,1084,0,0,67.0,0.0,0,1.0,0.0,1,1.0,0.0,0,2.0,0.0,0,2.0,0.0,0.0,1084,1084,0.5193695907423693
514,514,514,1,0,5.0,0.0,0,15.0,0.0,0,97003.0,0.0,0,2.0,0.0,0,2.0,0.0,0.0,514,514,0.5036499406893027
1550,1550,1550,0,0,41.0,0.0,1,1.0,0.0,1,1.0,0.0,0,0.0,1.0,0,1.0,0.0,0.2,1550,1550,0.50288336645779
1567,1567,1567,0,0,23.0,0.0,0,9.0,0.0,1,1.0,0.0,0,2.0,0.0,0,1.0,0.0,0.0,1567,1567,0.5086635453165188
1810,1810,1810,0,0,21.0,0.0,0,5.0,0.0,1,1.0,0.0,0,0.0,1.0,0,0.0,1.0,0.4,1810,1810,0.5188416982933153
1573,1573,1573,0,0,19.0,0.0,0,2.0,0.0,1,1.0,0.0,0,3.0,0.0,0,1.0,0.0,0.0,1573,1573,0.5102418782442483
44,44,44,1,0,6.0,0.0,0,11.0,0.0,0,85200.0,0.0,0,0.0,1.0,0,1.0,0.0,0.2,44,44,0.5094362791572421
1686,1686,1686,0,0,28.0,0.0,0,9.0,0.0,0,84109.0,0.0,0,2.0,0.0,0,1.0,0.0,0.0,1686,1686,0.5111813791872061
168,168,168,1,0,18.0,0.0,0,8.0,0.0,0,18105.0,0.0,0,1.0,0.0,0,0.0,1.0,0.2,168,168,0.5132957170942062
303,303,303,1,0,13.0,0.0,0,12.0,0.0,0,84109.0,0.0,0,0.0,1.0,0,1.0,0.0,0.2,303,303,0.5107775187881088
990,990,990,1,0,18.0,0.0,0,7.0,0.0,0,35996.0,0.0,0,2.0,0.0,0,0.0,1.0,0.2,990,990,0.5146708185367198
555,555,555,1,0,0.0,1.0,0,10.0,0.0,1,1.0,0.0,0,1.0,0.0,0,1.0,0.0,0.2,555,555,0.533704343196069
1924,1924,1924,0,1,1.0,0.0,1,1.0,0.0,1,1.0,0.0,1,1.0,0.0,1,1.0,0.0,0.0,1924,1924,0.5124376163745675
607,607,607,1,0,32.0,0.0,0,8.0,0.0,1,1.0,0.0,0,1.0,0.0,0,1.0,0.0,0.0,607,607,0.5100658944197236
1618,1618,1618,0,0,25.0,0.0,0,5.0,0.0,0,47702.0,0.0,0,2.0,0.0,0,0.0,1.0,0.2,1618,1618,0.5168986013459341
757,757,757,1,0,25.0,0.0,0,6.0,0.0,1,1.0,0.0,0,2.0,0.0,0,1.0,0.0,0.0,757,757,0.5098098451596762
438,438,438,1,0,37.0,0.0,0,2.0,0.0,1,1.0,0.0,0,2.0,0.0,0,1.0,0.0,0.0,438,438,0.513456089171512
582,582,582,1,0,3.0,0.0,0,8.0,0.0,1,1.0,0.0,0,0.0,1.0,0,2.0,0.0,0.2,582,582,0.506924568632478
1518,1518,1518,0,0,51.0,0.0,0,7.0,0.0,1,1.0,0.0,0,0.0,1.0,0,1.0,0.0,0.2,1518,1518,0.5191519340205982
527,527,527,1,0,2.0,0.0,0,10.0,0.0,0,47105.0,0.0,0,1.0,0.0,0,1.0,0.0,0.0,527,527,0.5036103267368085
342,342,342,1,0,12.0,0.0,0,14.0,0.0,0,47728.0,0.0,0,1.0,0.0,0,0.0,1.0,0.2,342,342,0.5110022588996882
1736,1736,1736,0,0,15.0,0.0,0,11.0,0.0,1,1.0,0.0,0,1.0,0.0,0,1.0,0.0,0.0,1736,1736,0.5055132096294261
367,367,367,1,0,26.0,0.0,0,5.0,0.0,0,14099.0,0.0,0,1.0,0.0,0,2.0,0.0,0.0,367,367,0.5085864185156342
185,185,185,1,0,17.0,0.0,0,8.0,0.0,1,1.0,0.0,0,1.0,0.0,0,0.0,1.0,0.2,185,185,0.5126942518625616
1116,1116,1116,0,0,21.0,0.0,0,8.0,0.0,1,1.0,0.0,0,2.0,0.0,0,1.0,0.0,0.0,1116,1116,0.5084401810798553
1754,1754,1754,0,1,1.0,0.0,1,1.0,0.0,1,1.0,0.0,1,1.0,0.0,1,1.0,0.0,0.0,1754,1754,0.5124376163745675
1425,1425,1425,0,1,1.0,0.0,1,1.0,0.0,1,1.0,0.0,1,1.0,0.0,1,1.0,0.0,0.0,1425,1425,0.5124376163745675
300,300,300,1,0,8.0,0.0,0,4.0,0.0,0,1289.0,0.0,0,5.0,0.0,0,2.0,0.0,0.0,300,300,0.5080228866928551
1903,1903,1903,0,0,15.0,0.0,0,3.0,0.0,1,1.0,0.0,0,1.0,0.0,0,1.0,0.0,0.0,1903,1903,0.5073581516178235
832,832,832,1,0,7.0,0.0,0,11.0,0.0,1,1.0,0.0,0,1.0,0.0,0,0.0,1.0,0.2,832,832,0.5097320801712074
543,543,543,1,0,0.0,1.0,0,6.0,0.0,0,22194.0,0.0,0,1.0,0.0,0,0.0,1.0,0.4,543,543,0.5407307899645921
1600,1600,1600,0,0,3.0,0.0,0,3.0,0.0,0,49213.0,0.0,0,0.0,1.0,0,0.0,1.0,0.4,1600,1600,0.5160818233655435
350,350,350,1,0,22.0,0.0,0,9.0,0.0,1,1.0,0.0,0,2.0,0.0,0,1.0,0.0,0.0,350,350,0.5084364811761168
1932,1932,1932,0,0,42.0,0.0,0,9.0,0.0,1,1.0,0.0,0,1.0,0.0,0,2.0,0.0,0.0,1932,1932,0.5109833634051206
1510,1510,1510,0,0,27.0,0.0,0,8.0,0.0,0,14098.0,0.0,0,0.0,1.0,0,2.0,0.0,0.2,1510,1510,0.5126837379427395
978,978,978,1,0,10.0,0.0,0,12.0,0.0,1,1.0,0.0,0,0.0,1.0,0,1.0,0.0,0.2,978,978,0.5087106572654582
175,175,175,1,0,23.0,0.0,0,7.0,0.0,1,1.0,0.0,0,1.0,0.0,0,1.0,0.0,0.0,175,175,0.5082528473090685
482,482,482,1,0,17.0,0.0,1,1.0,0.0,1,1.0,0.0,0,1.0,0.0,0,2.0,0.0,0.0,482,482,0.49180188661976887
1412,1412,1412,0,0,34.0,0.0,0,3.0,0.0,1,1.0,0.0,0,1.0,0.0,0,1.0,0.0,0.0,1412,1412,0.511672378094366
1610,1610,1610,0,0,63.0,0.0,1,1.0,0.0,1,1.0,0.0,0,1.0,0.0,0,0.0,1.0,0.2,1610,1610,0.5093460099505381
123,123,123,1,0,15.0,0.0,0,9.0,0.0,0,17022.0,0.0,0,0.0,1.0,0,0.0,1.0,0.4,123,123,0.516912657205738
599,599,599,1,0,24.0,0.0,0,9.0,0.0,1,1.0,0.0,0,1.0,0.0,0,1.0,0.0,0.0,599,599,0.5080186246508195
1794,1794,1794,0,0,7.0,0.0,0,11.0,0.0,0,84123.0,0.0,0,2.0,0.0,0,1.0,0.0,0.0,1794,1794,0.5059521652087435
1745,1745,1745,0,0,22.0,0.0,1,1.0,0.0,1,1.0,0.0,0,0.0,1.0,0,1.0,0.0,0.2,1745,1745,0.4985726687492607
1378,1378,1378,0,0,29.0,0.0,0,7.0,0.0,0,47593.0,0.0,0,1.0,0.0,0,0.0,1.0,0.2,1378,1378,0.5164723856940364
1185,1185,1185,0,0,6.0,0.0,0,10.0,0.0,1,1.0,0.0,0,1.0,0.0,0,1.0,0.0,0.0,1185,1185,0.5037001878973212
485,485,485,1,0,31.0,0.0,0,9.0,0.0,1,1.0,0.0,0,1.0,0.0,0,0.0,1.0,0.2,485,485,0.5156382366405624
331,331,331,1,0,15.0,0.0,0,14.0,0.0,0,85204.0,0.0,0,1.0,0.0,0,2.0,0.0,0.0,331,331,0.505098785949696
788,788,788,1,0,47.0,0.0,0,8.0,0.0,1,1.0,0.0,0,0.0,1.0,0,2.0,0.0,0.2,788,788,0.5169017996652238
194,194,194,1,0,21.0,0.0,0,7.0,0.0,1,1.0,0.0,0,0.0,1.0,0,2.0,0.0,0.2,194,194,0.5112414012765899
637,637,637,1,0,23.0,0.0,0,10.0,0.0,0,49211.0,0.0,0,0.0,1.0,0,0.0,1.0,0.4,637,637,0.518986719733788
471,471,471,1,0,10.0,0.0,0,13.0,0.0,1,1.0,0.0,0,1.0,0.0,0,0.0,1.0,0.2,471,471,0.5099510898763113
1713,1713,1713,0,0,7.0,0.0,0,8.0,0.0,0,85491.0,0.0,0,0.0,1.0,0,0.0,1.0,0.4,1713,1713,0.5163894509502679
322,322,322,1,0,30.0,0.0,0,4.0,0.0,1,1.0,0.0,0,0.0,1.0,0,1.0,0.0,0.2,322,322,0.5150953093020368
1196,1196,1196,0,0,8.0,0.0,0,10.0,0.0,1,1.0,0.0,0,0.0,1.0,0,1.0,0.0,0.2,1196,1196,0.5087191446180097
266,266,266,1,0,23.0,0.0,0,10.0,0.0,1,1.0,0.0,0,2.0,0.0,0,2.0,0.0,0.0,266,266,0.5073104262472824
1543,1543,1543,0,0,25.0,0.0,0,6.0,0.0,0,52283.0,0.0,0,0.0,1.0,0,0.0,1.0,0.4,1543,1543,0.5204143786194594
1803,1803,1803,0,0,17.0,0.0,0,10.0,0.0,1,1.0,0.0,0,0.0,1.0,0,1.0,0.0,0.2,1803,1803,0.5107606446700719
67,67,67,1,0,35.0,0.0,0,1.0,0.0,1,1.0,0.0,0,0.0,1.0,0,1.0,0.0,0.2,67,67,0.51692181990889
1737,1737,1737,0,0,43.0,0.0,0,6.0,0.0,1,1.0,0.0,0,1.0,0.0,0,1.0,0.0,0.0,1737,1737,0.5130242303283791
1592,1592,1592,0,0,14.0,0.0,0,8.0,0.0,0,52290.0,0.0,0,0.0,1.0,0,1.0,0.0,0.2,1592,1592,0.5114410804482861
1563,1563,1563,0,0,13.0,0.0,0,7.0,0.0,1,1.0,0.0,0,2.0,0.0,0,2.0,0.0,0.0,1563,1563,0.5057315886820485
480,480,480,1,0,31.0,0.0,0,10.0,0.0,1,1.0,0.0,0,1.0,0.0,0,1.0,0.0,0.0,480,480,0.5093773758517521
1756,1756,1756,0,0,10.0,0.0,0,4.0,0.0,1,1.0,0.0,0,1.0,0.0,0,2.0,0.0,0.0,1756,1756,0.5048703644608002
1912,1912,1912,0,0,45.0,0.0,0,9.0,0.0,0,25103.0,0.0,0,0.0,1.0,0,1.0,0.0,0.2,1912,1912,0.5178122977327618
1440,1440,1440,0,0,5.0,0.0,0,8.0,0.0,1,1.0,0.0,0,0.0,1.0,0,2.0,0.0,0.2,1440,1440,0.5073787020868837
1460,1460,1460,0,0,59.0,0.0,0,1.0,0.0,1,1.0,0.0,0,1.0,0.0,0,0.0,1.0,0.2,1460,1460,0.5238245276164069
887,887,887,1,0,19.0,0.0,0,7.0,0.0,1,1.0,0.0,0,2.0,0.0,0,1.0,0.0,0.0,887,887,0.5082167314401514
422,422,422,1,0,51.0,0.0,0,5.0,0.0,1,1.0,0.0,0,1.0,0.0,0,0.0,1.0,0.2,422,422,0.5210914446128196
1674,1674,1674,0,0,10.0,0.0,0,2.0,0.0,0,41000.0,0.0,0,0.0,1.0,0,0.0,1.0,0.4,1674,1674,0.5177729553732332
1449,1449,1449,0,0,8.0,0.0,0,9.0,0.0,1,1.0,0.0,0,0.0,1.0,0,1.0,0.0,0.2,1449,1449,0.508950224122242
764,764,764,1,0,61.0,0.0,1,1.0,0.0,1,1.0,0.0,0,1.0,0.0,0,1.0,0.0,0.0,764,764,0.5028599477102746
519,519,519,1,1,1.0,0.0,1,1.0,0.0,1,1.0,0.0,1,1.0,0.0,1,1.0,0.0,0.0,519,519,0.5124376163745675
1431,1431,1431,0,0,15.0,0.0,0,6.0,0.0,0,47112.0,0.0,0,1.0,0.0,0,1.0,0.0,0.0,1431,1431,0.507484279552063
613,613,613,1,0,18.0,0.0,0,7.0,0.0,1,1.0,0.0,0,2.0,0.0,0,1.0,0.0,0.0,613,613,0.5079896419439489
1530,1530,1530,0,0,21.0,0.0,0,5.0,0.0,0,47814.0,0.0,0,1.0,0.0,0,0.0,1.0,0.2,1530,1530,0.5151219624911035
1782,1782,1782,0,0,14.0,0.0,0,3.0,0.0,1,1.0,0.0,0,0.0,1.0,0,1.0,0.0,0.2,1782,1782,0.5116978423003297
1658,1658,1658,0,0,3.0,0.0,0,14.0,0.0,0,14092.0,0.0,0,1.0,0.0,0,1.0,0.0,0.0,1658,1658,0.5024091312167015
453,453,453,1,0,33.0,0.0,0,9.0,0.0,1,1.0,0.0,0,2.0,0.0,0,1.0,0.0,0.0,453,453,0.5109337106716206
730,730,730,1,0,55.0,0.0,0,2.0,0.0,1,1.0,0.0,0,0.0,1.0,0,2.0,0.0,0.2,730,730,0.5201012801720006
534,534,534,1,0,17.0,0.0,0,17.0,0.0,1,1.0,0.0,0,0.0,1.0,0,1.0,0.0,0.2,534,534,0.5091415042160989
965,965,965,1,0,53.0,0.0,1,1.0,0.0,1,1.0,0.0,0,1.0,0.0,0,1.0,0.0,0.0,965,965,0.5010466084941972
1284,1284,1284,0,0,6.0,0.0,0,5.0,0.0,0,43294.0,0.0,0,2.0,0.0,0,0.0,1.0,0.2,1284,1284,0.512520660784546
1739,1739,1739,0,0,0.0,1.0,0,8.0,0.0,1,1.0,0.0,0,2.0,0.0,0,1.0,0.0,0.2,1739,1739,0.5349688856944925
261,261,261,1,0,37.0,0.0,0,11.0,0.0,1,1.0,0.0,0,1.0,0.0,0,1.0,0.0,0.0,261,261,0.510508623101388
535,535,535,1,0,15.0,0.0,0,8.0,0.0,0,49226.0,0.0,0,1.0,0.0,0,1.0,0.0,0.0,535,535,0.5070556204515397
968,968,968,1,0,23.0,0.0,0,8.0,0.0,0,56204.0,0.0,0,0.0,1.0,0,1.0,0.0,0.2,968,968,0.5135425156919456
240,240,240,1,0,17.0,0.0,0,8.0,0.0,1,1.0,0.0,0,1.0,0.0,0,1.0,0.0,0.0,240,240,0.5066596439222592
819,819,819,1,0,32.0,0.0,0,9.0,0.0,1,1.0,0.0,0,0.0,1.0,0,0.0,1.0,0.4,819,819,0.5203954925337003
692,692,692,1,0,4.0,0.0,0,11.0,0.0,0,49229.0,0.0,0,1.0,0.0,0,0.0,1.0,0.2,692,692,0.5099017633200406
420,420,420,1,0,18.0,0.0,0,8.0,0.0,0,56206.0,0.0,0,2.0,0.0,0,1.0,0.0,0.0,420,420,0.5087157462107275
1085,1085,1085,0,0,25.0,0.0,0,5.0,0.0,0,47105.0,0.0,0,0.0,1.0,0,1.0,0.0,0.2,1085,1085,0.5145497391333543
1998,1998,1998,0,0,11.0,0.0,0,5.0,0.0,1,1.0,0.0,0,2.0,0.0,0,2.0,0.0,0.0,1998,1998,0.5057386900739599
365,365,365,1,0,22.0,0.0,0,12.0,0.0,0,64900.0,0.0,0,1.0,0.0,0,1.0,0.0,0.0,365,365,0.5079621442648906
1022,1022,1022,0,0,32.0,0.0,0,7.0,0.0,1,1.0,0.0,0,1.0,0.0,0,1.0,0.0,0.0,1022,1022,0.5102965329458554
1240,1240,1240,0,0,28.0,0.0,1,1.0,0.0,1,1.0,0.0,0,1.0,0.0,0,0.0,1.0,0.2,1240,1240,0.5014041207127983
588,588,588,1,0,3.0,0.0,0,11.0,0.0,0,10705.0,0.0,0,1.0,0.0,0,1.0,0.0,0.0,588,588,0.50304994932653
736,736,736,1,0,1.0,0.0,0,7.0,0.0,1,1.0,0.0,0,1.0,0.0,0,1.0,0.0,0.0,736,736,0.5032574565804296
1761,1761,1761,0,0,7.0,0.0,0,6.0,0.0,1,1.0,0.0,0,1.0,0.0,0,1.0,0.0,0.0,1761,1761,0.5048502605064963
941,941,941,1,0,21.0,0.0,0,7.0,0.0,1,1.0,0.0,0,1.0,0.0,0,1.0,0.0,0.0,941,941,0.5077986630140953
71,71,71,1,0,1.0,0.0,0,10.0,0.0,0,42092.0,0.0,0,1.0,0.0,0,1.0,0.0,0.0,71,71,0.5033066719696845
1407,1407,1407,0,0,32.0,0.0,0,13.0,0.0,0,84111.0,0.0,0,1.0,0.0,0,1.0,0.0,0.0,1407,1407,0.510295542439651
259,259,259,1,0,53.0,0.0,0,3.0,0.0,1,1.0,0.0,0,1.0,0.0,0,1.0,0.0,0.0,259,259,0.5159846976423087
51,51,51,1,0,11.0,0.0,0,10.0,0.0,0,84127.0,0.0,0,2.0,0.0,0,0.0,1.0,0.2,51,51,0.5131260675828635
198,198,198,1,0,8.0,0.0,0,1.0,0.0,0,43290.0,0.0,0,0.0,1.0,0,1.0,0.0,0.2,198,198,0.5115570834395663
1788,1788,1788,0,0,5.0,0.0,0,12.0,0.0,1,1.0,0.0,0,1.0,0.0,0,2.0,0.0,0.0,1788,1788,0.5018894452032392
650,650,650,1,0,19.0,0.0,0,11.0,0.0,1,1.0,0.0,0,0.0,1.0,0,0.0,1.0,0.4,650,650,0.5169969178651167
332,332,332,1,0,30.0,0.0,0,10.0,0.0,1,1.0,0.0,0,0.0,1.0,0,0.0,1.0,0.4,332,332,0.5197118329040417
1359,1359,1359,0,0,4.0,0.0,0,8.0,0.0,1,1.0,0.0,0,1.0,0.0,0,1.0,0.0,0.0,1359,1359,0.5037077017096746
593,593,593,1,0,33.0,0.0,0,9.0,0.0,0,49222.0,0.0,0,1.0,0.0,0,1.0,0.0,0.0,593,593,0.510912424510371
1391,1391,1391,0,0,51.0,0.0,0,7.0,0.0,1,1.0,0.0,0,1.0,0.0,0,1.0,0.0,0.0,1391,1391,0.5146087172765674
1800,1800,1800,0,0,9.0,0.0,0,9.0,0.0,0,17011.0,0.0,0,2.0,0.0,0,0.0,1.0,0.2,1800,1800,0.511876677042585
1314,1314,1314,0,0,66.0,0.0,1,1.0,0.0,1,1.0,0.0,0,1.0,0.0,0,2.0,0.0,0.0,1314,1314,0.5028733215515021
1111,1111,1111,0,0,31.0,0.0,0,1.0,0.0,1,1.0,0.0,0,0.0,1.0,0,2.0,0.0,0.2,1111,1111,0.5148954332603412
1006,1006,1006,0,0,20.0,0.0,0,10.0,0.0,1,1.0,0.0,0,4.0,0.0,0,2.0,0.0,0.0,1006,1006,0.5083728720890615
1326,1326,1326,0,0,2.0,0.0,0,10.0,0.0,0,47728.0,0.0,0,1.0,0.0,0,1.0,0.0,0.0,1326,1326,0.5036198504132209
426,426,426,1,0,13.0,0.0,0,9.0,0.0,1,1.0,0.0,0,0.0,1.0,0,2.0,0.0,0.2,426,426,0.5089639042016332
1558,1558,1558,0,0,34.0,0.0,1,1.0,0.0,1,1.0,0.0,0,1.0,0.0,0,1.0,0.0,0.0,1558,1558,0.49674638187814635
1293,1293,1293,0,0,8.0,0.0,0,9.0,0.0,1,1.0,0.0,0,0.0,1.0,0,1.0,0.0,0.2,1293,1293,0.508950224122242
590,590,590,1,0,27.0,0.0,0,9.0,0.0,0,10706.0,0.0,0,1.0,0.0,0,2.0,0.0,0.0,590,590,0.5078394648627585
1957,1957,1957,0,0,10.0,0.0,0,4.0,0.0,1,1.0,0.0,0,2.0,0.0,0,2.0,0.0,0.0,1957,1957,0.5057421962038184
1976,1976,1976,0,0,38.0,0.0,0,7.0,0.0,1,1.0,0.0,0,0.0,1.0,0,0.0,1.0,0.4,1976,1976,0.5222132552519544
1132,1132,1132,0,0,15.0,0.0,0,6.0,0.0,0,40998.0,0.0,0,2.0,0.0,0,0.0,1.0,0.2,1132,1132,0.5142975478287201
985,985,985,1,0,4.0,0.0,0,8.0,0.0,1,1.0,0.0,0,0.0,1.0,0,1.0,0.0,0.2,985,985,0.5082734149942163
398,398,398,1,0,10.0,0.0,0,0.0,1.0,1,1.0,0.0,0,1.0,0.0,0,0.0,1.0,0.4,398,398,0.5168669367610464
1511,1511,1511,0,0,5.0,0.0,0,4.0,0.0,1,1.0,0.0,0,1.0,0.0,0,2.0,0.0,0.0,1511,1511,0.5037358463856104
436,436,436,1,0,26.0,0.0,0,7.0,0.0,1,1.0,0.0,0,1.0,0.0,0,1.0,0.0,0.0,436,436,0.5089341103938897
192,192,192,1,0,61.0,0.0,0,2.0,0.0,1,1.0,0.0,0,1.0,0.0,0,1.0,0.0,0.0,192,192,0.5180293115477741
1435,1435,1435,0,0,18.0,0.0,0,7.0,0.0,0,14095.0,0.0,0,0.0,1.0,0,1.0,0.0,0.2,1435,1435,0.5119936920385829
614,614,614,1,0,30.0,0.0,0,10.0,0.0,1,1.0,0.0,0,2.0,0.0,0,1.0,0.0,0.0,614,614,0.5100218824855071
1493,1493,1493,0,0,27.0,0.0,0,8.0,0.0,1,1.0,0.0,0,0.0,1.0,0,2.0,0.0,0.2,1493,1493,0.5123712368537792
576,576,576,1,0,25.0,0.0,0,7.0,0.0,0,47581.0,0.0,0,2.0,0.0,0,0.0,1.0,0.2,576,576,0.5164353396001754
986,986,986,1,0,40.0,0.0,0,6.0,0.0,1,1.0,0.0,0,1.0,0.0,0,0.0,1.0,0.2,986,986,0.5183705623497509
1432,1432,1432,0,0,11.0,0.0,0,6.0,0.0,0,49230.0,0.0,0,3.0,0.0,0,1.0,0.0,0.0,1432,1432,0.5083531771209003
706,706,706,1,0,27.0,0.0,0,9.0,0.0,0,47707.0,0.0,0,1.0,0.0,0,0.0,1.0,0.2,706,706,0.5155591931964473
1258,1258,1258,0,0,34.0,0.0,0,9.0,0.0,0,14104.0,0.0,0,1.0,0.0,0,2.0,0.0,0.0,1258,1258,0.5094809256981887
141,141,141,1,0,6.0,0.0,0,10.0,0.0,0,1410.0,0.0,0,1.0,0.0,0,1.0,0.0,0.0,141,141,0.5038199511874976
1357,1357,1357,0,0,64.0,0.0,1,1.0,0.0,1,1.0,0.0,0,1.0,0.0,0,1.0,0.0,0.0,1357,1357,0.5035402734576949
2,2,2,1,0,40.0,0.0,0,7.0,0.0,1,1.0,0.0,0,0.0,1.0,0,2.0,0.0,0.2,2,2,0.5155487761517663
1221,1221,1221,0,0,46.0,0.0,0,3.0,0.0,1,1.0,0.0,0,1.0,0.0,0,2.0,0.0,0.0,1221,1221,0.5132737581819614
1869,1869,1869,0,0,37.0,0.0,0,11.0,0.0,1,1.0,0.0,0,2.0,0.0,0,1.0,0.0,0.0,1869,1869,0.5113794507091125
1622,1622,1622,0,0,34.0,0.0,0,10.0,0.0,1,1.0,0.0,0,1.0,0.0,0,1.0,0.0,0.0,1622,1622,0.5100584776683433
339,339,339,1,0,10.0,0.0,0,12.0,0.0,1,1.0,0.0,0,1.0,0.0,0,1.0,0.0,0.0,339,339,0.5041468709358061
1769,1769,1769,0,0,9.0,0.0,0,8.0,0.0,0,14098.0,0.0,0,0.0,1.0,0,1.0,0.0,0.2,1769,1769,0.509721291486876
1536,1536,1536,0,0,24.0,0.0,0,7.0,0.0,0,18111.0,0.0,0,1.0,0.0,0,0.0,1.0,0.2,1536,1536,0.5148875764630211
483,483,483,1,0,30.0,0.0,0,7.0,0.0,0,47519.0,0.0,0,2.0,0.0,0,1.0,0.0,0.0,483,483,0.5115384995049781
265,265,265,1,0,21.0,0.0,0,6.0,0.0,0,41000.0,0.0,0,0.0,1.0,0,0.0,1.0,0.4,265,265,0.5193359566864711
376,376,376,1,0,16.0,0.0,0,6.0,0.0,1,1.0,0.0,0,1.0,0.0,0,2.0,0.0,0.0,376,376,0.5057712432183421
741,741,741,1,0,14.0,0.0,0,9.0,0.0,1,1.0,0.0,0,1.0,0.0,0,1.0,0.0,0.0,741,741,0.5057476493201967
1013,1013,1013,0,0,21.0,0.0,0,7.0,0.0,0,86199.0,0.0,0,1.0,0.0,0,2.0,0.0,0.0,1013,1013,0.5080881668006947
439,439,439,1,0,18.0,0.0,0,3.0,0.0,1,1.0,0.0,0,1.0,0.0,0,2.0,0.0,0.0,439,439,0.5069165227456164
271,271,271,1,0,7.0,0.0,0,8.0,0.0,0,27406.0,0.0,0,0.0,1.0,0,1.0,0.0,0.2,271,271,0.5094714378477523
184,184,184,1,0,2.0,0.0,0,7.0,0.0,1,1.0,0.0,0,1.0,0.0,0,2.0,0.0,0.0,184,184,0.5023630165339007
939,939,939,1,0,4.0,0.0,0,8.0,0.0,0,15117.0,0.0,0,2.0,0.0,0,2.0,0.0,0.0,939,939,0.5037866599975745
244,244,244,1,0,31.0,0.0,0,12.0,0.0,1,1.0,0.0,0,0.0,1.0,0,1.0,0.0,0.2,244,244,0.5134695596117931
931,931,931,1,0,21.0,0.0,0,9.0,0.0,0,85301.0,0.0,0,1.0,0.0,0,0.0,1.0,0.2,931,931,0.5147719555821414
445,445,445,1,0,25.0,0.0,0,5.0,0.0,1,1.0,0.0,0,0.0,1.0,0,1.0,0.0,0.2,445,445,0.5137307866555163
596,596,596,1,0,35.0,0.0,0,6.0,0.0,1,1.0,0.0,0,1.0,0.0,0,2.0,0.0,0.0,596,596,0.5100855352364785
817,817,817,1,0,18.0,0.0,0,9.0,0.0,1,1.0,0.0,0,1.0,0.0,0,2.0,0.0,0.0,817,817,0.5055335064433387
1272,1272,1272,0,0,32.0,0.0,0,13.0,0.0,1,1.0,0.0,0,1.0,0.0,0,1.0,0.0,0.0,1272,1272,0.5089118051984182
1676,1676,1676,0,0,4.0,0.0,0,9.0,0.0,0,84223.0,0.0,0,1.0,0.0,0,1.0,0.0,0.0,1676,1676,0.5048618741479755
486,486,486,1,0,33.0,0.0,0,3.0,0.0,1,1.0,0.0,0,2.0,0.0,0,1.0,0.0,0.0,486,486,0.5123177370078585
680,680,680,1,1,1.0,0.0,1,1.0,0.0,1,1.0,0.0,1,1.0,0.0,1,1.0,0.0,0.0,680,680,0.5124376163745675
415,415,415,1,0,16.0,0.0,0,7.0,0.0,0,47585.0,0.0,0,1.0,0.0,0,1.0,0.0,0.0,415,415,0.5074881411578186
273,273,273,1,0,59.0,0.0,1,1.0,0.0,1,1.0,0.0,0,1.0,0.0,0,1.0,0.0,0.0,273,273,0.5024064896854962
1471,1471,1471,0,0,23.0,0.0,0,11.0,0.0,0,47732.0,0.0,0,1.0,0.0,0,0.0,1.0,0.2,1471,1471,0.5141907233974911
1829,1829,1829,0,0,62.0,0.0,1,1.0,0.0,1,1.0,0.0,0,1.0,0.0,0,0.0,1.0,0.2,1829,1829,0.5091189513046035
1454,1454,1454,0,0,15.0,0.0,0,8.0,0.0,0,45192.0,0.0,0,2.0,0.0,0,1.0,0.0,0.0,1454,1454,0.5078664248013535
250,250,250,1,0,43.0,0.0,0,0.0,1.0,1,1.0,0.0,0,1.0,0.0,0,1.0,0.0,0.2,250,250,0.5183174575182551
413,413,413,1,0,19.0,0.0,0,12.0,0.0,1,1.0,0.0,0,0.0,1.0,0,2.0,0.0,0.2,413,413,0.5096320423871564
1385,1385,1385,0,0,58.0,0.0,0,2.0,0.0,1,1.0,0.0,0,1.0,0.0,0,1.0,0.0,0.0,1385,1385,0.5173490734835426
1307,1307,1307,0,0,1.0,0.0,0,3.0,0.0,0,47584.0,0.0,0,2.0,0.0,0,0.0,1.0,0.2,1307,1307,0.5119114763464553
715,715,715,1,0,20.0,0.0,0,8.0,0.0,1,1.0,0.0,0,1.0,0.0,0,2.0,0.0,0.0,715,715,0.5062183083221631
310,310,310,1,0,9.0,0.0,0,0.0,1.0,1,1.0,0.0,0,3.0,0.0,0,1.0,0.0,0.2,310,310,0.5123635794860254
926,926,926,1,0,19.0,0.0,0,3.0,0.0,1,1.0,0.0,0,0.0,1.0,0,1.0,0.0,0.2,926,926,0.5128322998829743
381,381,381,1,0,3.0,0.0,0,7.0,0.0,1,1.0,0.0,0,0.0,1.0,0,2.0,0.0,0.2,381,381,0.5071554373132993
1565,1565,1565,0,0,51.0,0.0,0,7.0,0.0,1,1.0,0.0,0,4.0,0.0,0,1.0,0.0,0.0,1565,1565,0.5172146200437384
425,425,425,1,1,1.0,0.0,1,1.0,0.0,1,1.0,0.0,1,1.0,0.0,1,1.0,0.0,0.0,425,425,0.5124376163745675
1874,1874,1874,0,0,12.0,0.0,0,8.0,0.0,0,69100.0,0.0,0,2.0,0.0,0,1.0,0.0,0.0,1874,1874,0.5075498752517965
532,532,532,1,0,48.0,0.0,0,1.0,0.0,1,1.0,0.0,0,0.0,1.0,0,2.0,0.0,0.2,532,532,0.5187482746557093
752,752,752,1,0,23.0,0.0,0,9.0,0.0,1,1.0,0.0,0,0.0,1.0,0,1.0,0.0,0.2,752,752,0.5123521769782774
765,765,765,1,0,4.0,0.0,0,11.0,0.0,0,47814.0,0.0,0,0.0,1.0,0,0.0,1.0,0.4,765,765,0.5144362259215216
1356,1356,1356,0,0,0.0,1.0,0,7.0,0.0,0,1288.0,0.0,0,5.0,0.0,0,2.0,0.0,0.2,1356,1356,0.5365516459525885
408,408,408,1,0,1.0,0.0,0,12.0,0.0,0,84104.0,0.0,0,1.0,0.0,0,2.0,0.0,0.0,408,408,0.502366312712616
1614,1614,1614,0,0,20.0,0.0,0,10.0,0.0,1,1.0,0.0,0,1.0,0.0,0,0.0,1.0,0.2,1614,1614,0.5129130509373053
694,694,694,1,0,6.0,0.0,0,7.0,0.0,0,45198.0,0.0,0,0.0,1.0,0,0.0,1.0,0.4,694,694,0.5157750395159314
1738,1738,1738,0,0,13.0,0.0,0,10.0,0.0,0,49220.0,0.0,0,0.0,1.0,0,1.0,0.0,0.2,1738,1738,0.5107050278022697
548,548,548,1,0,10.0,0.0,0,5.0,0.0,0,47108.0,0.0,0,2.0,0.0,0,1.0,0.0,0.0,548,548,0.507451763686646
936,936,936,1,0,4.0,0.0,0,9.0,0.0,1,1.0,0.0,0,0.0,1.0,0,0.0,1.0,0.4,936,936,0.5140684675179991
1389,1389,1389,0,0,8.0,0.0,0,9.0,0.0,1,1.0,0.0,0,5.0,0.0,0,2.0,0.0,0.0,1389,1389,0.5067507855678094
1607,1607,1607,0,0,9.0,0.0,0,10.0,0.0,0,84112.0,0.0,0,2.0,0.0,0,1.0,0.0,0.0,1607,1607,0.5066366616729844
1939,1939,1939,0,0,23.0,0.0,0,1.0,0.0,1,1.0,0.0,0,2.0,0.0,0,2.0,0.0,0.0,1939,1939,0.5093846602167279
1481,1481,1481,0,0,38.0,0.0,0,2.0,0.0,1,1.0,0.0,0,1.0,0.0,0,0.0,1.0,0.2,1481,1481,0.5188404916069093
182,182,182,1,0,0.0,1.0,0,9.0,0.0,1,1.0,0.0,0,1.0,0.0,0,1.0,0.0,0.2,182,182,0.5339475613322088
1940,1940,1940,0,0,47.0,0.0,1,1.0,0.0,1,1.0,0.0,0,1.0,0.0,0,1.0,0.0,0.0,1940,1940,0.4996875600207456
1160,1160,1160,0,0,8.0,0.0,0,5.0,0.0,1,1.0,0.0,0,2.0,0.0,0,1.0,0.0,0.0,1160,1160,0.5061800196999511
170,170,170,1,0,6.0,0.0,0,8.0,0.0,0,97000.0,0.0,0,2.0,0.0,0,2.0,0.0,0.0,170,170,0.5054906609041385
292,292,292,1,0,58.0,0.0,0,8.0,0.0,1,1.0,0.0,0,2.0,0.0,0,1.0,0.0,0.0,292,292,0.5168337314150899
561,561,561,1,0,7.0,0.0,0,10.0,0.0,1,1.0,0.0,0,1.0,0.0,0,2.0,0.0,0.0,561,561,0.5028052412748089
1456,1456,1456,0,0,3.0,0.0,0,8.0,0.0,0,10789.0,0.0,0,1.0,0.0,0,2.0,0.0,0.0,1456,1456,0.5026218891881095
1876,1876,1876,0,0,51.0,0.0,0,9.0,0.0,0,85094.0,0.0,0,1.0,0.0,0,1.0,0.0,0.0,1876,1876,0.5155448651064597
1651,1651,1651,0,0,23.0,0.0,0,7.0,0.0,0,96083.0,0.0,0,0.0,1.0,0,1.0,0.0,0.2,1651,1651,0.5143839380940286
849,849,849,1,0,15.0,0.0,0,12.0,0.0,0,46296.0,0.0,0,0.0,1.0,0,0.0,1.0,0.4,849,849,0.5166696188574823
272,272,272,1,0,29.0,0.0,0,10.0,0.0,1,1.0,0.0,0,1.0,0.0,0,2.0,0.0,0.0,272,272,0.5078008414682228
1549,1549,1549,0,0,46.0,0.0,0,3.0,0.0,1,1.0,0.0,0,0.0,1.0,0,2.0,0.0,0.2,1549,1549,0.5178330521619691
1034,1034,1034,0,0,0.0,1.0,0,7.0,0.0,1,1.0,0.0,0,0.0,1.0,0,1.0,0.0,0.4,1034,1034,0.5384948353391112
1743,1743,1743,0,0,17.0,0.0,0,13.0,0.0,0,86091.0,0.0,0,2.0,0.0,0,1.0,0.0,0.0,1743,1743,0.5077918357409831
371,371,371,1,0,39.0,0.0,0,8.0,0.0,1,1.0,0.0,0,0.0,1.0,0,1.0,0.0,0.2,371,371,0.5162071040751308
1669,1669,1669,0,0,2.0,0.0,0,2.0,0.0,0,96996.0,0.0,0,2.0,0.0,0,0.0,1.0,0.2,1669,1669,0.5131178971599617
721,721,721,1,0,6.0,0.0,0,5.0,0.0,1,1.0,0.0,0,0.0,1.0,0,1.0,0.0,0.2,721,721,0.5094202840935017
733,733,733,1,0,12.0,0.0,0,6.0,0.0,0,79099.0,0.0,0,1.0,0.0,0,1.0,0.0,0.0,733,733,0.5072903222507237
777,777,777,1,0,6.0,0.0,0,6.0,0.0,1,1.0,0.0,0,1.0,0.0,0,1.0,0.0,0.0,777,777,0.5046232327364745
518,518,518,1,0,46.0,0.0,0,8.0,0.0,1,1.0,0.0,0,0.0,1.0,0,1.0,0.0,0.2,518,518,0.5177900555706704
334,334,334,1,0,26.0,0.0,0,3.0,0.0,0,96998.0,0.0,0,2.0,0.0,0,2.0,0.0,0.0,334,334,0.5111783507227553
845,845,845,1,0,4.0,0.0,0,10.0,0.0,0,84129.0,0.0,0,0.0,1.0,0,0.0,1.0,0.4,845,845,0.5152263828498688
1251,1251,1251,0,0,16.0,0.0,0,0.0,1.0,0,1270.0,0.0,0,0.0,1.0,0,1.0,0.0,0.4,1251,1251,0.5168425668989031
1052,1052,1052,0,0,4.0,0.0,0,8.0,0.0,1,1.0,0.0,0,2.0,0.0,0,2.0,0.0,0.0,1052,1052,0.5034573876771188
1923,1923,1923,0,0,11.0,0.0,0,1.0,0.0,0,47111.0,0.0,0,2.0,0.0,0,1.0,0.0,0.0,1923,1923,0.5085997853741803
15,15,15,1,0,35.0,0.0,0,3.0,0.0,1,1.0,0.0,0,1.0,0.0,0,1.0,0.0,0.0,15,15,0.5118994234595008
707,707,707,1,0,30.0,0.0,0,6.0,0.0,1,1.0,0.0,0,0.0,1.0,0,2.0,0.0,0.2,707,707,0.5135138615692493
900,900,900,1,0,45.0,0.0,0,14.0,0.0,1,1.0,0.0,0,2.0,0.0,0,0.0,1.0,0.2,900,900,0.5185132701672422
1979,1979,1979,0,0,15.0,0.0,0,7.0,0.0,0,96998.0,0.0,0,2.0,0.0,0,1.0,0.0,0.0,1979,1979,0.5088860823577547
1572,1572,1572,0,0,1.0,0.0,0,8.0,0.0,1,1.0,0.0,0,1.0,0.0,0,1.0,0.0,0.0,1572,1572,0.503026642019278
903,903,903,1,0,19.0,0.0,0,5.0,0.0,0,10709.0,0.0,0,1.0,0.0,0,2.0,0.0,0.0,903,903,0.5069452017735337
465,465,465,1,0,63.0,0.0,1,1.0,0.0,1,1.0,0.0,0,0.0,1.0,0,1.0,0.0,0.2,465,465,0.5078789642643003
1977,1977,1977,0,0,12.0,0.0,0,5.0,0.0,0,91997.0,0.0,0,0.0,1.0,0,1.0,0.0,0.2,1977,1977,0.5122861172670236
199,199,199,1,0,13.0,0.0,0,0.0,1.0,1,1.0,0.0,0,1.0,0.0,0,2.0,0.0,0.2,199,199,0.5104176120683422
1206,1206,1206,0,0,10.0,0.0,0,4.0,0.0,1,1.0,0.0,0,0.0,1.0,0,0.0,1.0,0.4,1206,1206,0.5165849166402192
1055,1055,1055,0,0,48.0,0.0,0,8.0,0.0,1,1.0,0.0,0,1.0,0.0,0,1.0,0.0,0.0,1055,1055,0.5136973816388374
1131,1131,1131,0,0,19.0,0.0,0,12.0,0.0,0,46297.0,0.0,0,2.0,0.0,0,1.0,0.0,0.0,1131,1131,0.5078688299547034
1379,1379,1379,0,0,11.0,0.0,0,14.0,0.0,0,86196.0,0.0,0,0.0,1.0,0,1.0,0.0,0.2,1379,1379,0.5098935896039253
998,998,998,1,0,7.0,0.0,0,6.0,0.0,1,1.0,0.0,0,1.0,0.0,0,2.0,0.0,0.0,998,998,0.5037283536990168
727,727,727,1,0,3.0,0.0,0,7.0,0.0,1,1.0,0.0,0,1.0,0.0,0,2.0,0.0,0.0,727,727,0.5025899138552964
1771,1771,1771,0,0,4.0,0.0,0,11.0,0.0,0,84218.0,0.0,0,1.0,0.0,0,0.0,1.0,0.2,1771,1771,0.5104356847224588
1909,1909,1909,0,0,39.0,0.0,0,5.0,0.0,1,1.0,0.0,0,1.0,0.0,0,2.0,0.0,0.0,1909,1909,0.5112241347854021
1821,1821,1821,0,0,49.0,0.0,0,7.0,0.0,1,1.0,0.0,0,1.0,0.0,0,2.0,0.0,0.0,1821,1821,0.5130335249179762
567,567,567,1,0,21.0,0.0,0,6.0,0.0,0,49219.0,0.0,0,2.0,0.0,0,0.0,1.0,0.2,567,567,0.5157841454715727
43,43,43,1,0,6.0,0.0,0,6.0,0.0,1,1.0,0.0,0,2.0,0.0,0,2.0,0.0,0.0,43,43,0.5043729194093234
274,274,274,1,0,10.0,0.0,0,10.0,0.0,0,85222.0,0.0,0,2.0,0.0,0,1.0,0.0,0.0,274,274,0.5068806524883654
1096,1096,1096,0,0,29.0,0.0,1,1.0,0.0,1,1.0,0.0,0,1.0,0.0,0,0.0,1.0,0.2,1096,1096,0.5016307797147891
101,101,101,1,0,49.0,0.0,0,2.0,0.0,1,1.0,0.0,0,0.0,1.0,0,0.0,1.0,0.4,101,101,0.5258541254267918
1231,1231,1231,0,0,8.0,0.0,0,8.0,0.0,1,1.0,0.0,0,1.0,0.0,0,1.0,0.0,0.0,1231,1231,0.5046158968560133
1721,1721,1721,0,0,44.0,0.0,0,5.0,0.0,1,1.0,0.0,0,1.0,0.0,0,1.0,0.0,0.0,1721,1721,0.5134817254856276
1832,1832,1832,0,0,47.0,0.0,0,13.0,0.0,1,1.0,0.0,0,0.0,1.0,0,1.0,0.0,0.2,1832,1832,0.5168547198513597
107,107,107,1,0,17.0,0.0,0,4.0,0.0,0,33146.0,0.0,0,0.0,1.0,0,0.0,1.0,0.4,107,107,0.518773761775932
1617,1617,1617,0,0,31.0,0.0,0,6.0,0.0,0,47809.0,0.0,0,0.0,1.0,0,2.0,0.0,0.2,1617,1617,0.5145701950167277
497,497,497,1,0,0.0,1.0,0,9.0,0.0,1,1.0,0.0,0,1.0,0.0,0,1.0,0.0,0.2,497,497,0.5339475613322088
1980,1980,1980,0,0,56.0,0.0,0,3.0,0.0,1,1.0,0.0,0,1.0,0.0,0,1.0,0.0,0.0,1980,1980,0.5166651632453562
881,881,881,1,0,0.0,1.0,0,11.0,0.0,1,1.0,0.0,0,1.0,0.0,0,2.0,0.0,0.2,881,881,0.5324399467053412
756,756,756,1,0,12.0,0.0,0,2.0,0.0,1,1.0,0.0,0,1.0,0.0,0,1.0,0.0,0.0,756,756,0.5069074008070865
619,619,619,1,0,6.0,0.0,0,8.0,0.0,0,55091.0,0.0,0,2.0,0.0,0,1.0,0.0,0.0,619,619,0.5059737536328255
1106,1106,1106,0,0,7.0,0.0,0,9.0,0.0,0,49217.0,0.0,0,1.0,0.0,0,1.0,0.0,0.0,1106,1106,0.50500844496554
1935,1935,1935,0,0,24.0,0.0,0,5.0,0.0,1,1.0,0.0,0,0.0,1.0,0,2.0,0.0,0.2,1935,1935,0.5123840622874251
809,809,809,1,0,46.0,0.0,0,2.0,0.0,1,1.0,0.0,0,1.0,0.0,0,1.0,0.0,0.0,809,809,0.5146266434460345
1037,1037,1037,0,0,5.0,0.0,0,7.0,0.0,0,45195.0,0.0,0,1.0,0.0,0,1.0,0.0,0.0,1037,1037,0.5049542487214539
72,72,72,1,0,14.0,0.0,0,10.0,0.0,0,10501.0,0.0,0,2.0,0.0,0,0.0,1.0,0.2,72,72,0.5126797174676225
1283,1283,1283,0,0,3.0,0.0,0,9.0,0.0,1,1.0,0.0,0,0.0,1.0,0,2.0,0.0,0.2,1283,1283,0.5066936762481281
1271,1271,1271,0,0,4.0,0.0,0,0.0,1.0,1,1.0,0.0,0,0.0,1.0,0,2.0,0.0,0.4,1271,1271,0.5129206605690267
1334,1334,1334,0,0,9.0,0.0,0,5.0,0.0,0,13913.0,0.0,0,2.0,0.0,0,2.0,0.0,0.0,1334,1334,0.5055956873221352
1458,1458,1458,0,0,28.0,0.0,0,9.0,0.0,0,22187.0,0.0,0,0.0,1.0,0,1.0,0.0,0.2,1458,1458,0.5139213566098949
481,481,481,1,0,34.0,0.0,0,1.0,0.0,1,1.0,0.0,0,1.0,0.0,0,0.0,1.0,0.2,481,481,0.5181641748330029
1068,1068,1068,0,0,11.0,0.0,0,8.0,0.0,0,85205.0,0.0,0,2.0,0.0,0,1.0,0.0,0.0,1068,1068,0.5075682532625666
506,506,506,1,0,32.0,0.0,0,5.0,0.0,0,49213.0,0.0,0,0.0,1.0,0,1.0,0.0,0.2,506,506,0.5161687555801681
1237,1237,1237,0,0,9.0,0.0,0,12.0,0.0,0,46898.0,0.0,0,2.0,0.0,0,1.0,0.0,0.0,1237,1237,0.5056070508286158
1861,1861,1861,0,0,33.0,0.0,0,8.0,0.0,0,82192.0,0.0,0,1.0,0.0,0,1.0,0.0,0.0,1861,1861,0.5116449478790501
1989,1989,1989,0,0,24.0,0.0,1,1.0,0.0,1,1.0,0.0,0,1.0,0.0,0,1.0,0.0,0.0,1989,1989,0.49448774094285824
1476,1476,1476,0,0,15.0,0.0,0,9.0,0.0,0,40999.0,0.0,0,1.0,0.0,0,1.0,0.0,0.0,1476,1476,0.5066995079360682
1866,1866,1866,0,0,1.0,0.0,0,11.0,0.0,1,1.0,0.0,0,0.0,1.0,0,2.0,0.0,0.2,1866,1866,0.505777732572026
1455,1455,1455,0,0,13.0,0.0,0,8.0,0.0,0,49228.0,0.0,0,2.0,0.0,0,0.0,1.0,0.2,1455,1455,0.5135081899407802
311,311,311,1,0,20.0,0.0,0,5.0,0.0,0,1483.0,0.0,0,1.0,0.0,0,1.0,0.0,0.0,311,311,0.508154238488178
962,962,962,1,0,43.0,0.0,0,4.0,0.0,1,1.0,0.0,0,1.0,0.0,0,2.0,0.0,0.0,962,962,0.5123625549765111
405,405,405,1,0,51.0,0.0,0,6.0,0.0,1,1.0,0.0,0,2.0,0.0,0,1.0,0.0,0.0,405,405,0.5157096709379173
1330,1330,1330,0,0,54.0,0.0,0,7.0,0.0,1,1.0,0.0,0,0.0,1.0,0,2.0,0.0,0.2,1330,1330,0.5187167738544529
1649,1649,1649,0,0,32.0,0.0,0,7.0,0.0,0,47112.0,0.0,0,1.0,0.0,0,0.0,1.0,0.2,1649,1649,0.5171451940436184
309,309,309,1,0,42.0,0.0,0,3.0,0.0,1,1.0,0.0,0,0.0,1.0,0,2.0,0.0,0.2,309,309,0.5169270949673995
226,226,226,1,0,30.0,0.0,0,11.0,0.0,1,1.0,0.0,0,1.0,0.0,0,1.0,0.0,0.0,226,226,0.5089195147561149
1857,1857,1857,0,0,18.0,0.0,0,9.0,0.0,1,1.0,0.0,0,1.0,0.0,0,1.0,0.0,0.0,1857,1857,0.5066560442892355
710,710,710,1,0,3.0,0.0,0,10.0,0.0,0,85210.0,0.0,0,1.0,0.0,0,2.0,0.0,0.0,710,710,0.5032982542537041
1943,1943,1943,0,0,2.0,0.0,0,14.0,0.0,0,60192.0,0.0,0,1.0,0.0,0,1.0,0.0,0.0,1943,1943,0.5028871414874543
1383,1383,1383,0,0,9.0,0.0,0,9.0,0.0,1,1.0,0.0,0,0.0,1.0,0,2.0,0.0,0.2,1383,1383,0.5080559313976085
1785,1785,1785,0,1,1.0,0.0,1,1.0,0.0,1,1.0,0.0,1,1.0,0.0,1,1.0,0.0,0.0,1785,1785,0.5124376163745675
148,148,148,1,0,33.0,0.0,0,6.0,0.0,1,1.0,0.0,0,1.0,0.0,0,1.0,0.0,0.0,148,148,0.5107541499703
1554,1554,1554,0,0,27.0,0.0,0,7.0,0.0,0,35993.0,0.0,0,1.0,0.0,0,1.0,0.0,0.0,1554,1554,0.5098092739280095
1956,1956,1956,0,0,9.0,0.0,0,6.0,0.0,0,49221.0,0.0,0,1.0,0.0,0,1.0,0.0,0.0,1956,1956,0.506154221015498
925,925,925,1,0,39.0,0.0,0,6.0,0.0,1,1.0,0.0,0,2.0,0.0,0,1.0,0.0,0.0,925,925,0.5129878253594847
942,942,942,1,0,17.0,0.0,0,2.0,0.0,1,1.0,0.0,0,1.0,0.0,0,1.0,0.0,0.0,942,942,0.5080425556861027
836,836,836,1,0,19.0,0.0,0,1.0,0.0,1,1.0,0.0,0,1.0,0.0,0,2.0,0.0,0.0,836,836,0.5076038750864763
575,575,575,1,0,8.0,0.0,0,8.0,0.0,0,84101.0,0.0,0,1.0,0.0,0,1.0,0.0,0.0,575,575,0.5059981830624393
557,557,557,1,1,1.0,0.0,1,1.0,0.0,1,1.0,0.0,1,1.0,0.0,1,1.0,0.0,0.0,557,557,0.5124376163745675
1235,1235,1235,0,0,33.0,0.0,0,5.0,0.0,1,1.0,0.0,0,1.0,0.0,0,1.0,0.0,0.0,1235,1235,0.5109846338405113
1360,1360,1360,0,1,1.0,0.0,1,1.0,0.0,1,1.0,0.0,1,1.0,0.0,1,1.0,0.0,0.0,1360,1360,0.5124376163745675
1347,1347,1347,0,0,6.0,0.0,0,9.0,0.0,0,10709.0,0.0,0,0.0,1.0,0,1.0,0.0,0.2,1347,1347,0.5087575662059237
1161,1161,1161,0,0,17.0,0.0,0,4.0,0.0,1,1.0,0.0,0,1.0,0.0,0,0.0,1.0,0.2,1161,1161,0.513616788317807
1442,1442,1442,0,0,20.0,0.0,0,4.0,0.0,1,1.0,0.0,0,1.0,0.0,0,2.0,0.0,0.0,1442,1442,0.507140245675355
286,286,286,1,0,14.0,0.0,0,8.0,0.0,0,13943.0,0.0,0,0.0,1.0,0,2.0,0.0,0.2,286,286,0.5097327554928217
1604,1604,1604,0,0,20.0,0.0,0,10.0,0.0,0,26197.0,0.0,0,0.0,1.0,0,1.0,0.0,0.2,1604,1604,0.5119390251714745
1057,1057,1057,0,0,33.0,0.0,0,6.0,0.0,0,47107.0,0.0,0,2.0,0.0,0,0.0,1.0,0.2,1057,1057,0.5184718031970011
598,598,598,1,0,17.0,0.0,0,8.0,0.0,0,28244.0,0.0,0,2.0,0.0,0,2.0,0.0,0.0,598,598,0.5069392231534282
932,932,932,1,0,4.0,0.0,0,14.0,0.0,1,1.0,0.0,0,2.0,0.0,0,2.0,0.0,0.0,932,932,0.5020722162399566
1461,1461,1461,0,0,60.0,0.0,0,0.0,1.0,1,1.0,0.0,0,1.0,0.0,0,2.0,0.0,0.2,1461,1461,0.521040436138713
1637,1637,1637,0,0,52.0,0.0,0,4.0,0.0,1,1.0,0.0,0,1.0,0.0,0,0.0,1.0,0.2,1637,1637,0.5215487873914673
1587,1587,1587,0,0,7.0,0.0,0,10.0,0.0,1,1.0,0.0,0,0.0,1.0,0,2.0,0.0,0.2,1587,1587,0.5073709346379197
1040,1040,1040,0,0,2.0,0.0,0,11.0,0.0,0,64904.0,0.0,0,1.0,0.0,0,0.0,1.0,0.2,1040,1040,0.5096869824550166
1230,1230,1230,0,0,42.0,0.0,0,3.0,0.0,1,1.0,0.0,0,1.0,0.0,0,2.0,0.0,0.0,1230,1230,0.5123656478864869
806,806,806,1,0,27.0,0.0,0,2.0,0.0,1,1.0,0.0,0,4.0,0.0,0,1.0,0.0,0.0,806,806,0.5129299486422227
904,904,904,1,0,7.0,0.0,0,12.0,0.0,0,84123.0,0.0,0,0.0,1.0,0,0.0,1.0,0.4,904,904,0.5154432308861443
1679,1679,1679,0,0,34.0,0.0,0,10.0,0.0,1,1.0,0.0,0,0.0,1.0,0,1.0,0.0,0.2,1679,1679,0.5146120734614927
1204,1204,1204,0,0,63.0,0.0,0,2.0,0.0,1,1.0,0.0,0,1.0,0.0,0,1.0,0.0,0.0,1204,1204,0.5184827056815967
767,767,767,1,0,31.0,0.0,0,3.0,0.0,1,1.0,0.0,0,1.0,0.0,0,1.0,0.0,0.0,767,767,0.5109912125379946
609,609,609,1,0,28.0,0.0,0,2.0,0.0,1,1.0,0.0,0,0.0,1.0,0,1.0,0.0,0.2,609,609,0.5151043154434636
1992,1992,1992,0,1,1.0,0.0,1,1.0,0.0,1,1.0,0.0,1,1.0,0.0,1,1.0,0.0,0.0,1992,1992,0.5124376163745675
1564,1564,1564,0,0,1.0,0.0,0,11.0,0.0,0,15197.0,0.0,0,1.0,0.0,0,1.0,0.0,0.0,1564,1564,0.5026644950331439
1422,1422,1422,0,0,1.0,0.0,0,8.0,0.0,0,47526.0,0.0,0,2.0,0.0,0,0.0,1.0,0.2,1422,1422,0.5107585555408244
1010,1010,1010,0,0,32.0,0.0,0,5.0,0.0,0,47586.0,0.0,0,2.0,0.0,0,1.0,0.0,0.0,1010,1010,0.5124544195833355
493,493,493,1,0,8.0,0.0,0,6.0,0.0,1,1.0,0.0,0,1.0,0.0,0,2.0,0.0,0.0,493,493,0.5039552983152471
1320,1320,1320,0,0,14.0,0.0,0,2.0,0.0,1,1.0,0.0,0,0.0,1.0,0,1.0,0.0,0.2,1320,1320,0.5119287031140749
277,277,277,1,0,20.0,0.0,0,10.0,0.0,0,49218.0,0.0,0,3.0,0.0,0,2.0,0.0,0.0,277,277,0.5083516813745427
1846,1846,1846,0,0,5.0,0.0,0,12.0,0.0,0,84121.0,0.0,0,2.0,0.0,0,1.0,0.0,0.0,1846,1846,0.5052673898037048
358,358,358,1,0,14.0,0.0,0,5.0,0.0,1,1.0,0.0,0,0.0,1.0,0,2.0,0.0,0.2,358,358,0.5101146401461572
1110,1110,1110,0,0,38.0,0.0,0,6.0,0.0,0,61896.0,0.0,0,1.0,0.0,0,2.0,0.0,0.0,1110,1110,0.5118083693812694
236,236,236,1,0,37.0,0.0,0,10.0,0.0,1,1.0,0.0,0,1.0,0.0,0,1.0,0.0,0.0,236,236,0.510739492905726
551,551,551,1,0,6.0,0.0,0,6.0,0.0,0,49226.0,0.0,0,0.0,1.0,0,1.0,0.0,0.2,551,551,0.5100403192508328
1867,1867,1867,0,0,38.0,0.0,0,7.0,0.0,1,1.0,0.0,0,1.0,0.0,0,1.0,0.0,0.0,1867,1867,0.5116587164129012
1812,1812,1812,0,0,0.0,1.0,0,5.0,0.0,0,47102.0,0.0,0,0.0,1.0,0,0.0,1.0,0.6,1812,1812,0.5453775784766929
208,208,208,1,0,41.0,0.0,0,8.0,0.0,0,10620.0,0.0,0,1.0,0.0,0,2.0,0.0,0.0,208,208,0.5112476584183996
1386,1386,1386,0,0,19.0,0.0,0,1.0,0.0,1,1.0,0.0,0,0.0,1.0,0,2.0,0.0,0.2,1386,1386,0.5121725577780256
1560,1560,1560,0,0,13.0,0.0,0,4.0,0.0,1,1.0,0.0,0,3.0,0.0,0,2.0,0.0,0.0,1560,1560,0.5072956176861335
58,58,58,1,0,8.0,0.0,0,7.0,0.0,1,1.0,0.0,0,0.0,1.0,0,1.0,0.0,0.2,58,58,0.5094123145966807
631,631,631,1,0,33.0,0.0,0,4.0,0.0,0,40991.0,0.0,0,2.0,0.0,0,0.0,1.0,0.2,631,631,0.5188397457661149
1961,1961,1961,0,0,18.0,0.0,0,2.0,0.0,1,1.0,0.0,0,1.0,0.0,0,2.0,0.0,0.0,1961,1961,0.5071467601544598
1859,1859,1859,0,0,65.0,0.0,1,1.0,0.0,1,1.0,0.0,0,1.0,0.0,0,2.0,0.0,0.0,1859,1859,0.5026466603497101
1816,1816,1816,0,0,43.0,0.0,0,7.0,0.0,1,1.0,0.0,0,5.0,0.0,0,2.0,0.0,0.0,1816,1816,0.5151532779494706
363,363,363,1,0,20.0,0.0,0,11.0,0.0,0,58100.0,0.0,0,1.0,0.0,0,1.0,0.0,0.0,363,363,0.5076347739868777
505,505,505,1,0,52.0,0.0,0,8.0,0.0,1,1.0,0.0,0,0.0,1.0,0,0.0,1.0,0.4,505,505,0.5251286766737431
1165,1165,1165,0,0,27.0,0.0,0,6.0,0.0,0,86192.0,0.0,0,0.0,1.0,0,1.0,0.0,0.2,1165,1165,0.5153707891719422
1121,1121,1121,0,0,15.0,0.0,0,3.0,0.0,0,46493.0,0.0,0,0.0,1.0,0,1.0,0.0,0.2,1121,1121,0.5127336521249021
1629,1629,1629,0,0,27.0,0.0,0,1.0,0.0,0,47205.0,0.0,0,2.0,0.0,0,1.0,0.0,0.0,1629,1629,0.5122338993248741
1216,1216,1216,0,0,36.0,0.0,0,10.0,0.0,1,1.0,0.0,0,0.0,1.0,0,2.0,0.0,0.2,1216,1216,0.5139482641453156
1151,1151,1151,0,0,50.0,0.0,0,3.0,0.0,1,1.0,0.0,0,4.0,0.0,0,2.0,0.0,0.0,1151,1151,0.516795174164595
1124,1124,1124,0,0,42.0,0.0,0,4.0,0.0,1,1.0,0.0,0,1.0,0.0,0,2.0,0.0,0.0,1124,1124,0.5121355179838666
1594,1594,1594,0,0,16.0,0.0,0,4.0,0.0,1,1.0,0.0,0,1.0,0.0,0,2.0,0.0,0.0,1594,1594,0.5062321826083697
118,118,118,1,0,19.0,0.0,0,0.0,1.0,1,1.0,0.0,0,2.0,0.0,0,1.0,0.0,0.2,118,118,0.513760132720237
1249,1249,1249,0,0,1.0,0.0,0,8.0,0.0,0,13934.0,0.0,0,0.0,1.0,0,2.0,0.0,0.2,1249,1249,0.5067815900187392
1993,1993,1993,0,0,3.0,0.0,0,7.0,0.0,1,1.0,0.0,0,1.0,0.0,0,0.0,1.0,0.2,1993,1993,0.5097469933644705
522,522,522,1,0,46.0,0.0,0,5.0,0.0,1,1.0,0.0,0,1.0,0.0,0,1.0,0.0,0.0,522,522,0.5139356063609601
513,513,513,1,0,33.0,0.0,0,5.0,0.0,0,97001.0,0.0,0,1.0,0.0,0,1.0,0.0,0.0,513,513,0.5125590362312763
81,81,81,1,0,4.0,0.0,0,12.0,0.0,1,1.0,0.0,0,2.0,0.0,0,2.0,0.0,0.0,81,81,0.5025339896792361
915,915,915,1,0,48.0,0.0,0,4.0,0.0,1,1.0,0.0,0,1.0,0.0,0,1.0,0.0,0.0,915,915,0.5146199126678409
1018,1018,1018,0,0,26.0,0.0,0,6.0,0.0,0,47712.0,0.0,0,2.0,0.0,0,1.0,0.0,0.0,1018,1018,0.510863740301648
380,380,380,1,0,53.0,0.0,0,5.0,0.0,1,1.0,0.0,0,4.0,0.0,0,1.0,0.0,0.0,380,380,0.5181303314068183
1029,1029,1029,0,0,28.0,0.0,0,9.0,0.0,0,85096.0,0.0,0,1.0,0.0,0,2.0,0.0,0.0,1029,1029,0.5092004473975057
1688,1688,1688,0,0,3.0,0.0,0,13.0,0.0,1,1.0,0.0,0,0.0,1.0,0,1.0,0.0,0.2,1688,1688,0.5068914012702777
84,84,84,1,0,23.0,0.0,1,1.0,0.0,1,1.0,0.0,0,1.0,0.0,0,1.0,0.0,0.0,84,84,0.4942620829020261
1677,1677,1677,0,0,11.0,0.0,0,12.0,0.0,1,1.0,0.0,0,1.0,0.0,0,0.0,1.0,0.2,1677,1677,0.5104090362677098
329,329,329,1,0,5.0,0.0,0,9.0,0.0,0,25101.0,0.0,0,2.0,0.0,0,1.0,0.0,0.0,329,329,0.5050578742499835
6,6,6,1,0,31.0,0.0,0,7.0,0.0,0,55098.0,0.0,0,2.0,0.0,0,1.0,0.0,0.0,6,6,0.5118811237349742
745,745,745,1,0,5.0,0.0,0,8.0,0.0,0,82198.0,0.0,0,1.0,0.0,0,1.0,0.0,0.0,745,745,0.5052883598883686
1553,1553,1553,0,0,39.0,0.0,0,10.0,0.0,0,47589.0,0.0,0,0.0,1.0,0,2.0,0.0,0.2,1553,1553,0.5154550245163855
914,914,914,1,0,15.0,0.0,0,12.0,0.0,1,1.0,0.0,0,0.0,1.0,0,1.0,0.0,0.2,914,914,0.5098446137482272
873,873,873,1,0,20.0,0.0,0,5.0,0.0,0,20125.0,0.0,0,2.0,0.0,0,1.0,0.0,0.0,873,873,0.5093110569165392
451,451,451,1,0,7.0,0.0,0,4.0,0.0,1,1.0,0.0,0,0.0,1.0,0,0.0,1.0,0.4,451,451,0.5159055682091762
490,490,490,1,0,4.0,0.0,0,7.0,0.0,1,1.0,0.0,0,1.0,0.0,0,2.0,0.0,0.0,490,490,0.5028168254376643
1480,1480,1480,0,0,20.0,0.0,0,6.0,0.0,0,14100.0,0.0,0,1.0,0.0,0,1.0,0.0,0.0,1480,1480,0.5081162133598611
287,287,287,1,0,36.0,0.0,0,10.0,0.0,0,14299.0,0.0,0,2.0,0.0,0,2.0,0.0,0.0,287,287,0.5105788034604233
948,948,948,1,0,22.0,0.0,0,6.0,0.0,0,69090.0,0.0,0,0.0,1.0,0,0.0,1.0,0.4,948,948,0.5199956483077229
1985,1985,1985,0,0,6.0,0.0,0,9.0,0.0,0,31006.0,0.0,0,0.0,1.0,0,1.0,0.0,0.2,1985,1985,0.5090686039378757
1368,1368,1368,0,0,13.0,0.0,0,8.0,0.0,1,1.0,0.0,0,1.0,0.0,0,2.0,0.0,0.0,1368,1368,0.5046289122362647
1146,1146,1146,0,0,28.0,0.0,1,1.0,0.0,1,1.0,0.0,0,1.0,0.0,0,1.0,0.0,0.0,1146,1146,0.49539075867896915
705,705,705,1,0,54.0,0.0,0,0.0,1.0,1,1.0,0.0,0,1.0,0.0,0,1.0,0.0,0.2,705,705,0.5207953233934711
1726,1726,1726,0,0,56.0,0.0,1,1.0,0.0,1,1.0,0.0,0,1.0,0.0,0,1.0,0.0,0.0,1726,1726,0.5017264525007086
1701,1701,1701,0,0,60.0,0.0,0,2.0,0.0,1,1.0,0.0,0,0.0,1.0,0,1.0,0.0,0.2,1701,1701,0.5223448379103591
1628,1628,1628,0,0,33.0,0.0,0,15.0,0.0,1,1.0,0.0,0,1.0,0.0,0,0.0,1.0,0.2,1628,1628,0.5147028594680725
1599,1599,1599,0,0,20.0,0.0,0,8.0,0.0,0,14102.0,0.0,0,2.0,0.0,0,2.0,0.0,0.0,1599,1599,0.5074045552764912
1538,1538,1538,0,1,1.0,0.0,1,1.0,0.0,1,1.0,0.0,1,1.0,0.0,1,1.0,0.0,0.0,1538,1538,0.5124376163745675
1405,1405,1405,0,0,9.0,0.0,0,7.0,0.0,0,45195.0,0.0,0,0.0,1.0,0,0.0,1.0,0.4,1405,1405,0.5164543114879879
1650,1650,1650,0,0,16.0,0.0,0,8.0,0.0,1,1.0,0.0,0,0.0,1.0,0,1.0,0.0,0.2,1650,1650,0.510996325457937
327,327,327,1,0,21.0,0.0,1,1.0,0.0,1,1.0,0.0,0,1.0,0.0,0,1.0,0.0,0.0,327,327,0.4938108863084847
442,442,442,1,0,25.0,0.0,1,1.0,0.0,1,1.0,0.0,0,1.0,0.0,0,2.0,0.0,0.0,442,442,0.49360339074276127
774,774,774,1,0,13.0,0.0,0,6.0,0.0,1,1.0,0.0,0,6.0,0.0,0,1.0,0.0,0.0,774,774,0.5105712529964128
1087,1087,1087,0,0,46.0,0.0,0,7.0,0.0,0,14094.0,0.0,0,2.0,0.0,0,1.0,0.0,0.0,1087,1087,0.5146577648459667
1220,1220,1220,0,0,11.0,0.0,0,3.0,0.0,1,1.0,0.0,0,0.0,1.0,0,1.0,0.0,0.2,1220,1220,0.5110169956717524
1635,1635,1635,0,0,22.0,0.0,0,7.0,0.0,1,1.0,0.0,0,1.0,0.0,0,1.0,0.0,0.0,1635,1635,0.5080257556781059
177,177,177,1,0,59.0,0.0,0,1.0,0.0,1,1.0,0.0,0,4.0,0.0,0,2.0,0.0,0.0,177,177,0.5192959393544899
1322,1322,1322,0,0,30.0,0.0,0,6.0,0.0,1,1.0,0.0,0,1.0,0.0,0,2.0,0.0,0.0,1322,1322,0.5089501449976753
704,704,704,1,0,41.0,0.0,0,4.0,0.0,1,1.0,0.0,0,1.0,0.0,0,1.0,0.0,0.0,704,704,0.5130312366281697
86,86,86,1,0,5.0,0.0,0,6.0,0.0,0,31001.0,0.0,0,0.0,1.0,0,1.0,0.0,0.2,86,86,0.5095345138146742
1883,1883,1883,0,0,34.0,0.0,0,10.0,0.0,0,64183.0,0.0,0,1.0,0.0,0,0.0,1.0,0.2,1883,1883,0.5171674647608687
1947,1947,1947,0,0,23.0,0.0,0,10.0,0.0,1,1.0,0.0,0,1.0,0.0,0,1.0,0.0,0.0,1947,1947,0.5075607961234111
457,457,457,1,0,15.0,0.0,1,1.0,0.0,1,1.0,0.0,0,0.0,1.0,0,2.0,0.0,0.2,457,457,0.495869173260528
1828,1828,1828,0,0,6.0,0.0,0,7.0,0.0,1,1.0,0.0,0,1.0,0.0,0,1.0,0.0,0.0,1828,1828,0.5043925305324578
54,54,54,1,0,32.0,0.0,0,2.0,0.0,1,1.0,0.0,0,1.0,0.0,0,1.0,0.0,0.0,54,54,0.5114484705844988
1501,1501,1501,0,0,76.0,0.0,0,2.0,0.0,1,1.0,0.0,0,2.0,0.0,0,2.0,0.0,0.0,1501,1501,0.5211777589307804
643,643,643,1,0,41.0,0.0,0,3.0,0.0,0,14098.0,0.0,0,4.0,0.0,0,1.0,0.0,0.0,643,643,0.5161871399244834
677,677,677,1,0,47.0,0.0,1,1.0,0.0,1,1.0,0.0,0,0.0,1.0,0,1.0,0.0,0.2,677,677,0.5042455724694938
221,221,221,1,0,6.0,0.0,0,8.0,0.0,0,97004.0,0.0,0,0.0,1.0,0,2.0,0.0,0.2,221,221,0.5091861147405398
113,113,113,1,0,32.0,0.0,0,1.0,0.0,1,1.0,0.0,0,1.0,0.0,0,2.0,0.0,0.0,113,113,0.5105551102892362
982,982,982,1,0,28.0,0.0,0,8.0,0.0,1,1.0,0.0,0,2.0,0.0,0,1.0,0.0,0.0,982,982,0.5100295616120677
1228,1228,1228,0,0,21.0,0.0,0,12.0,0.0,0,84119.0,0.0,0,1.0,0.0,0,1.0,0.0,0.0,1228,1228,0.5080282867712614
999,999,999,1,1,1.0,0.0,1,1.0,0.0,1,1.0,0.0,1,1.0,0.0,1,1.0,0.0,0.0,999,999,0.5124376163745675
174,174,174,1,0,12.0,0.0,0,9.0,0.0,0,84119.0,0.0,0,2.0,0.0,0,2.0,0.0,0.0,174,174,0.5064257189325788
781,781,781,1,0,60.0,0.0,0,0.0,1.0,1,1.0,0.0,0,1.0,0.0,0,1.0,0.0,0.2,781,781,0.5221444863162111
589,589,589,1,0,15.0,0.0,0,8.0,0.0,0,84122.0,0.0,0,1.0,0.0,0,1.0,0.0,0.0,589,589,0.5075874054668442
1559,1559,1559,0,0,45.0,0.0,1,1.0,0.0,1,1.0,0.0,0,1.0,0.0,0,1.0,0.0,0.0,1559,1559,0.49923474962597925
18,18,18,1,0,28.0,0.0,0,0.0,1.0,1,1.0,0.0,0,2.0,0.0,0,1.0,0.0,0.2,18,18,0.5157938205059167
423,423,423,1,0,51.0,0.0,0,3.0,0.0,1,1.0,0.0,0,1.0,0.0,0,1.0,0.0,0.0,423,423,0.5155309733715184
1343,1343,1343,0,0,45.0,0.0,0,8.0,0.0,1,1.0,0.0,0,0.0,1.0,0,1.0,0.0,0.2,1343,1343,0.5175640195864447
285,285,285,1,0,9.0,0.0,0,9.0,0.0,0,47700.0,0.0,0,1.0,0.0,0,1.0,0.0,0.0,285,285,0.5054393716499725
1583,1583,1583,0,0,18.0,0.0,0,6.0,0.0,1,1.0,0.0,0,2.0,0.0,0,1.0,0.0,0.0,1583,1583,0.5082203005566175
428,428,428,1,0,36.0,0.0,0,10.0,0.0,1,1.0,0.0,0,0.0,1.0,0,1.0,0.0,0.2,428,428,0.515064676934307
1509,1509,1509,0,0,7.0,0.0,0,10.0,0.0,0,46302.0,0.0,0,2.0,0.0,0,0.0,1.0,0.2,1509,1509,0.5116403505557134
1318,1318,1318,0,0,31.0,0.0,0,7.0,0.0,1,1.0,0.0,0,1.0,0.0,0,1.0,0.0,0.0,1318,1318,0.5100694758535274
669,669,669,1,0,1.0,0.0,0,9.0,0.0,0,80091.0,0.0,0,2.0,0.0,0,0.0,1.0,0.2,669,669,0.5110248406506508
31,31,31,1,0,57.0,0.0,0,6.0,0.0,1,1.0,0.0,0,1.0,0.0,0,0.0,1.0,0.2,31,31,0.5222165423626276
940,940,940,1,0,33.0,0.0,0,18.0,0.0,1,1.0,0.0,0,1.0,0.0,0,0.0,1.0,0.2,940,940,0.5140077441549362
722,722,722,1,0,8.0,0.0,0,6.0,0.0,1,1.0,0.0,0,0.0,1.0,0,1.0,0.0,0.2,722,722,0.5096433124955778
994,994,994,1,0,21.0,0.0,0,4.0,0.0,1,1.0,0.0,0,0.0,1.0,0,1.0,0.0,0.2,994,994,0.5130549313788103
214,214,214,1,0,9.0,0.0,0,12.0,0.0,1,1.0,0.0,0,0.0,1.0,0,2.0,0.0,0.2,214,214,0.5073629774436209
813,813,813,1,0,3.0,0.0,0,11.0,0.0,0,86201.0,0.0,0,2.0,0.0,0,1.0,0.0,0.0,813,813,0.5050757080232959
326,326,326,1,0,5.0,0.0,0,8.0,0.0,0,1408.0,0.0,0,2.0,0.0,0,2.0,0.0,0.0,326,326,0.5038041462588674
560,560,560,1,0,42.0,0.0,0,4.0,0.0,1,1.0,0.0,0,0.0,1.0,0,2.0,0.0,0.2,560,560,0.516695884205288
1112,1112,1112,0,0,17.0,0.0,0,8.0,0.0,1,1.0,0.0,0,1.0,0.0,0,1.0,0.0,0.0,1112,1112,0.5066596439222592
700,700,700,1,0,6.0,0.0,0,10.0,0.0,1,1.0,0.0,0,1.0,0.0,0,0.0,1.0,0.2,700,700,0.5097359297977068
1578,1578,1578,0,0,11.0,0.0,0,5.0,0.0,1,1.0,0.0,0,2.0,0.0,0,0.0,1.0,0.2,1578,1578,0.5128960903569236
1189,1189,1189,0,0,12.0,0.0,0,9.0,0.0,1,1.0,0.0,0,0.0,1.0,0,2.0,0.0,0.2,1189,1189,0.5087369283174078
341,341,341,1,0,45.0,0.0,0,9.0,0.0,1,1.0,0.0,0,4.0,0.0,0,2.0,0.0,0.0,341,341,0.5142754232478267
629,629,629,1,0,9.0,0.0,0,10.0,0.0,1,1.0,0.0,0,2.0,0.0,0,2.0,0.0,0.0,629,629,0.5041310640884348
147,147,147,1,0,14.0,0.0,0,12.0,0.0,1,1.0,0.0,0,1.0,0.0,0,1.0,0.0,0.0,147,147,0.505055288735719
1309,1309,1309,0,0,12.0,0.0,0,8.0,0.0,0,49217.0,0.0,0,1.0,0.0,0,1.0,0.0,0.0,1309,1309,0.506374286902261
360,360,360,1,1,1.0,0.0,1,1.0,0.0,1,1.0,0.0,1,1.0,0.0,1,1.0,0.0,0.0,360,360,0.5124376163745675
83,83,83,1,0,50.0,0.0,0,0.0,1.0,1,1.0,0.0,0,0.0,1.0,0,0.0,1.0,0.6,83,83,0.5302598334162593
48,48,48,1,0,1.0,0.0,0,2.0,0.0,0,10618.0,0.0,0,1.0,0.0,0,1.0,0.0,0.0,48,48,0.5046713849234026
468,468,468,1,0,4.0,0.0,0,8.0,0.0,1,1.0,0.0,0,1.0,0.0,0,2.0,0.0,0.0,468,468,0.5025860091468531
155,155,155,1,0,18.0,0.0,0,5.0,0.0,0,40999.0,0.0,0,0.0,1.0,0,1.0,0.0,0.2,155,155,0.5128686029522941
772,772,772,1,0,66.0,0.0,1,1.0,0.0,1,1.0,0.0,0,1.0,0.0,0,2.0,0.0,0.0,772,772,0.5028733215515021
1239,1239,1239,0,0,43.0,0.0,0,10.0,0.0,0,64183.0,0.0,0,1.0,0.0,0,2.0,0.0,0.0,1239,1239,0.5120578693113366
1200,1200,1200,0,0,25.0,0.0,0,2.0,0.0,0,97005.0,0.0,0,1.0,0.0,0,1.0,0.0,0.0,1200,1200,0.5114310819842962
1402,1402,1402,0,0,20.0,0.0,0,1.0,0.0,1,1.0,0.0,0,0.0,1.0,0,0.0,1.0,0.4,1402,1402,0.5195425030893659
1202,1202,1202,0,0,22.0,0.0,0,12.0,0.0,1,1.0,0.0,0,1.0,0.0,0,1.0,0.0,0.0,1202,1202,0.5068721054715634
1630,1630,1630,0,0,17.0,0.0,0,9.0,0.0,1,1.0,0.0,0,2.0,0.0,0,1.0,0.0,0.0,1630,1630,0.5073010754785233
500,500,500,1,0,25.0,0.0,0,1.0,0.0,1,1.0,0.0,0,1.0,0.0,0,1.0,0.0,0.0,500,500,0.5100891568621602
1764,1764,1764,0,0,44.0,0.0,0,7.0,0.0,1,1.0,0.0,0,1.0,0.0,0,2.0,0.0,0.0,1764,1764,0.5118985536887529
179,179,179,1,0,4.0,0.0,0,10.0,0.0,1,1.0,0.0,0,0.0,1.0,0,2.0,0.0,0.2,179,179,0.5066898213246374
1047,1047,1047,0,1,1.0,0.0,1,1.0,0.0,1,1.0,0.0,1,1.0,0.0,1,1.0,0.0,0.0,1047,1047,0.5124376163745675
1755,1755,1755,0,0,7.0,0.0,0,1.0,0.0,1,1.0,0.0,0,0.0,1.0,0,1.0,0.0,0.2,1755,1755,0.5105705440733838
950,950,950,1,1,1.0,0.0,1,1.0,0.0,1,1.0,0.0,1,1.0,0.0,1,1.0,0.0,0.0,950,950,0.5124376163745675
1316,1316,1316,0,0,0.0,1.0,0,10.0,0.0,1,1.0,0.0,0,1.0,0.0,0,1.0,0.0,0.2,1316,1316,0.533704343196069
1619,1619,1619,0,0,25.0,0.0,0,10.0,0.0,1,1.0,0.0,0,1.0,0.0,0,2.0,0.0,0.0,1619,1619,0.5068924535122116
528,528,528,1,1,1.0,0.0,1,1.0,0.0,1,1.0,0.0,1,1.0,0.0,1,1.0,0.0,0.0,528,528,0.5124376163745675
346,346,346,1,0,17.0,0.0,0,10.0,0.0,0,85095.0,0.0,0,1.0,0.0,0,2.0,0.0,0.0,346,346,0.5064730632835691
1387,1387,1387,0,0,7.0,0.0,0,8.0,0.0,0,14099.0,0.0,0,1.0,0.0,0,1.0,0.0,0.0,1387,1387,0.504702650054193
1960,1960,1960,0,0,11.0,0.0,0,13.0,0.0,0,64186.0,0.0,0,0.0,1.0,0,1.0,0.0,0.2,1960,1960,0.5097873688719897
1050,1050,1050,0,0,29.0,0.0,0,5.0,0.0,1,1.0,0.0,0,1.0,0.0,0,1.0,0.0,0.0,1050,1050,0.5100763824005706
1972,1972,1972,0,0,21.0,0.0,0,7.0,0.0,0,43201.0,0.0,0,0.0,1.0,0,0.0,1.0,0.4,1972,1972,0.5191380670961414
1441,1441,1441,0,0,24.0,0.0,1,1.0,0.0,1,1.0,0.0,0,0.0,1.0,0,1.0,0.0,0.2,1441,1441,0.4990261420755601
601,601,601,1,0,10.0,0.0,0,9.0,0.0,0,49228.0,0.0,0,1.0,0.0,0,1.0,0.0,0.0,601,601,0.5056897572338322
1281,1281,1281,0,0,45.0,0.0,1,1.0,0.0,1,1.0,0.0,0,1.0,0.0,0,1.0,0.0,0.0,1281,1281,0.49923474962597925
243,243,243,1,0,35.0,0.0,0,10.0,0.0,1,1.0,0.0,0,0.0,1.0,0,0.0,1.0,0.4,243,243,0.5208386511733137
1336,1336,1336,0,0,9.0,0.0,0,6.0,0.0,0,47701.0,0.0,0,1.0,0.0,0,1.0,0.0,0.0,1336,1336,0.5061310420007258
1067,1067,1067,0,0,7.0,0.0,0,6.0,0.0,0,49217.0,0.0,0,1.0,0.0,0,1.0,0.0,0.0,1067,1067,0.5057001550656531
1475,1475,1475,0,0,50.0,0.0,0,2.0,0.0,1,1.0,0.0,0,3.0,0.0,0,1.0,0.0,0.0,1475,1475,0.5172759662909129
312,312,312,1,0,0.0,1.0,0,0.0,1.0,0,99992.0,0.0,0,1.0,0.0,0,0.0,1.0,0.6,312,312,0.5465082865083555
435,435,435,1,0,12.0,0.0,0,6.0,0.0,1,1.0,0.0,0,0.0,1.0,0,1.0,0.0,0.2,435,435,0.5105510838287277
1898,1898,1898,0,0,20.0,0.0,0,11.0,0.0,0,1116.0,0.0,0,2.0,0.0,0,1.0,0.0,0.0,1898,1898,0.507635654744666
1328,1328,1328,0,0,17.0,0.0,0,8.0,0.0,1,1.0,0.0,0,0.0,1.0,0,1.0,0.0,0.2,1328,1328,0.5112231298686393
308,308,308,1,0,6.0,0.0,0,1.0,0.0,0,40998.0,0.0,0,2.0,0.0,0,1.0,0.0,0.0,308,308,0.5073717561317016
430,430,430,1,0,44.0,0.0,0,10.0,0.0,1,1.0,0.0,0,0.0,1.0,0,1.0,0.0,0.2,430,430,0.5168738270547178
660,660,660,1,0,41.0,0.0,0,4.0,0.0,1,1.0,0.0,0,1.0,0.0,0,0.0,1.0,0.2,660,660,0.519058905479784
370,370,370,1,0,46.0,0.0,0,7.0,0.0,1,1.0,0.0,0,1.0,0.0,0,0.0,1.0,0.2,370,370,0.5194977067486543
566,566,566,1,0,21.0,0.0,0,7.0,0.0,1,1.0,0.0,0,1.0,0.0,0,1.0,0.0,0.0,566,566,0.5077986630140953
979,979,979,1,0,2.0,0.0,0,13.0,0.0,1,1.0,0.0,0,1.0,0.0,0,2.0,0.0,0.0,979,979,0.5009774864237436
181,181,181,1,0,18.0,0.0,0,6.0,0.0,0,47591.0,0.0,0,1.0,0.0,0,0.0,1.0,0.2,181,181,0.5142074782258099
1362,1362,1362,0,0,35.0,0.0,0,8.0,0.0,1,1.0,0.0,0,3.0,0.0,0,2.0,0.0,0.0,1362,1362,0.511368244106501
621,621,621,1,0,38.0,0.0,0,3.0,0.0,1,1.0,0.0,0,1.0,0.0,0,1.0,0.0,0.0,621,621,0.5125805222439094
818,818,818,1,0,6.0,0.0,0,12.0,0.0,0,60195.0,0.0,0,0.0,1.0,0,1.0,0.0,0.2,818,818,0.5088226184340504
1192,1192,1192,0,0,9.0,0.0,0,6.0,0.0,1,1.0,0.0,0,2.0,0.0,0,2.0,0.0,0.0,1192,1192,0.5050540034933649
952,952,952,1,0,24.0,0.0,0,10.0,0.0,1,1.0,0.0,0,2.0,0.0,0,1.0,0.0,0.0,952,952,0.508659768956337
1421,1421,1421,0,0,28.0,0.0,0,5.0,0.0,1,1.0,0.0,0,0.0,1.0,0,1.0,0.0,0.2,1421,1421,0.5144107863361799
1840,1840,1840,0,0,8.0,0.0,0,8.0,0.0,1,1.0,0.0,0,0.0,1.0,0,1.0,0.0,0.2,1840,1840,0.50918128296049
922,922,922,1,0,21.0,0.0,0,8.0,0.0,0,14099.0,0.0,0,0.0,1.0,0,2.0,0.0,0.2,922,922,0.51132323691085
1073,1073,1073,0,0,38.0,0.0,0,5.0,0.0,1,1.0,0.0,0,1.0,0.0,0,0.0,1.0,0.2,1073,1073,0.5181484773011894
296,296,296,1,0,58.0,0.0,0,4.0,0.0,1,1.0,0.0,0,3.0,0.0,0,0.0,1.0,0.2,296,296,0.524630958468852
966,966,966,1,0,64.0,0.0,1,1.0,0.0,1,1.0,0.0,0,1.0,0.0,0,0.0,1.0,0.2,966,966,0.509573070550575
461,461,461,1,0,53.0,0.0,0,6.0,0.0,1,1.0,0.0,0,1.0,0.0,0,1.0,0.0,0.0,461,461,0.515293092415347
1302,1302,1302,0,0,17.0,0.0,1,1.0,0.0,1,1.0,0.0,0,1.0,0.0,0,2.0,0.0,0.0,1302,1302,0.49180188661976887
1176,1176,1176,0,0,38.0,0.0,0,12.0,0.0,0,55098.0,0.0,0,1.0,0.0,0,1.0,0.0,0.0,1176,1176,0.5114453421565632
377,377,377,1,0,33.0,0.0,0,12.0,0.0,1,1.0,0.0,0,1.0,0.0,0,1.0,0.0,0.0,377,377,0.5093697380604175
798,798,798,1,0,51.0,0.0,0,9.0,0.0,1,1.0,0.0,0,1.0,0.0,0,2.0,0.0,0.0,798,798,0.513026164011518
1102,1102,1102,0,0,12.0,0.0,0,12.0,0.0,1,1.0,0.0,0,1.0,0.0,0,1.0,0.0,0.0,1102,1102,0.504601076881837
105,105,105,1,0,28.0,0.0,0,5.0,0.0,0,25101.0,0.0,0,1.0,0.0,0,0.0,1.0,0.2,105,105,0.5163631483162523
126,126,126,1,0,35.0,0.0,0,3.0,0.0,1,1.0,0.0,0,0.0,1.0,0,2.0,0.0,0.2,126,126,0.5153407308298709
1995,1995,1995,0,0,17.0,0.0,0,4.0,0.0,1,1.0,0.0,0,1.0,0.0,0,1.0,0.0,0.0,1995,1995,0.5075818735905321
838,838,838,1,0,1.0,0.0,0,9.0,0.0,0,69094.0,0.0,0,2.0,0.0,0,1.0,0.0,0.0,838,838,0.5048217068802698
355,355,355,1,0,19.0,0.0,0,9.0,0.0,0,49219.0,0.0,0,1.0,0.0,0,0.0,1.0,0.2,355,355,0.5137676754294584
1616,1616,1616,0,0,16.0,0.0,0,13.0,0.0,1,1.0,0.0,0,1.0,0.0,0,1.0,0.0,0.0,1616,1616,0.5052786662402111
682,682,682,1,0,0.0,1.0,0,4.0,0.0,1,1.0,0.0,0,3.0,0.0,0,1.0,0.0,0.2,682,682,0.5367202882827607
812,812,812,1,0,27.0,0.0,0,14.0,0.0,1,1.0,0.0,0,1.0,0.0,0,0.0,1.0,0.2,812,812,0.5135752906072103
1680,1680,1680,0,1,1.0,0.0,1,1.0,0.0,1,1.0,0.0,1,1.0,0.0,1,1.0,0.0,0.0,1680,1680,0.5124376163745675
209,209,209,1,0,47.0,0.0,0,12.0,0.0,1,1.0,0.0,0,1.0,0.0,0,0.0,1.0,0.2,209,209,0.5185658188572716
1492,1492,1492,0,0,8.0,0.0,0,5.0,0.0,1,1.0,0.0,0,1.0,0.0,0,1.0,0.0,0.0,1492,1492,0.5053079203255965
140,140,140,1,0,51.0,0.0,0,2.0,0.0,1,1.0,0.0,0,1.0,0.0,0,1.0,0.0,0.0,140,140,0.5157612440586119
1974,1974,1974,0,0,4.0,0.0,0,10.0,0.0,1,1.0,0.0,0,0.0,1.0,0,2.0,0.0,0.2,1974,1974,0.5066898213246374
1339,1339,1339,0,0,27.0,0.0,0,0.0,1.0,1,1.0,0.0,0,1.0,0.0,0,2.0,0.0,0.2,1339,1339,0.5135892914954617
1797,1797,1797,0,0,10.0,0.0,0,3.0,0.0,0,47807.0,0.0,0,0.0,1.0,0,0.0,1.0,0.4,1797,1797,0.5176463213987423
1574,1574,1574,0,0,48.0,0.0,0,5.0,0.0,1,1.0,0.0,0,1.0,0.0,0,2.0,0.0,0.0,1574,1574,0.5132673808721958
1181,1181,1181,0,0,38.0,0.0,0,6.0,0.0,1,1.0,0.0,0,3.0,0.0,0,1.0,0.0,0.0,1181,1181,0.5136316592573088
1393,1393,1393,0,0,44.0,0.0,0,9.0,0.0,1,1.0,0.0,0,0.0,1.0,0,1.0,0.0,0.2,1393,1393,0.5171059200846893
1815,1815,1815,0,0,37.0,0.0,1,1.0,0.0,1,1.0,0.0,0,0.0,1.0,0,0.0,1.0,0.4,1815,1815,0.5080106169234683
711,711,711,1,0,8.0,0.0,0,7.0,0.0,1,1.0,0.0,0,1.0,0.0,0,0.0,1.0,0.2,711,711,0.5108822192935008
1793,1793,1793,0,0,35.0,0.0,0,6.0,0.0,1,1.0,0.0,0,0.0,1.0,0,1.0,0.0,0.2,1793,1793,0.515765107197322
892,892,892,1,0,40.0,0.0,0,8.0,0.0,1,1.0,0.0,0,0.0,1.0,0,0.0,1.0,0.4,892,892,0.5224306746217023
859,859,859,1,0,19.0,0.0,0,11.0,0.0,0,49209.0,0.0,0,2.0,0.0,0,1.0,0.0,0.0,859,859,0.5081441097087113
10,10,10,1,0,23.0,0.0,0,6.0,0.0,0,47103.0,0.0,0,0.0,1.0,0,0.0,1.0,0.4,10,10,0.5198823359040882
1694,1694,1694,0,0,3.0,0.0,0,6.0,0.0,1,1.0,0.0,0,0.0,1.0,0,1.0,0.0,0.2,1694,1694,0.5085083220506464
1427,1427,1427,0,0,15.0,0.0,0,7.0,0.0,0,13937.0,0.0,0,1.0,0.0,0,1.0,0.0,0.0,1427,1427,0.5067476151122918
282,282,282,1,0,39.0,0.0,0,4.0,0.0,1,1.0,0.0,0,1.0,0.0,0,1.0,0.0,0.0,282,282,0.5125772323502815
810,810,810,1,0,30.0,0.0,1,1.0,0.0,1,1.0,0.0,0,0.0,1.0,0,1.0,0.0,0.2,810,810,0.500387012573403
1341,1341,1341,0,0,38.0,0.0,0,11.0,0.0,1,1.0,0.0,0,2.0,0.0,0,2.0,0.0,0.0,1341,1341,0.5104853375457832
291,291,291,1,0,40.0,0.0,0,9.0,0.0,1,1.0,0.0,0,1.0,0.0,0,0.0,1.0,0.2,291,291,0.5176769293770652
754,754,754,1,1,1.0,0.0,1,1.0,0.0,1,1.0,0.0,1,1.0,0.0,1,1.0,0.0,0.0,754,754,0.5124376163745675
626,626,626,1,0,57.0,0.0,0,8.0,0.0,1,1.0,0.0,0,4.0,0.0,0,1.0,0.0,0.0,626,626,0.5183401496579113
943,943,943,1,0,23.0,0.0,0,0.0,1.0,1,1.0,0.0,0,1.0,0.0,0,1.0,0.0,0.2,943,943,0.5137997287682826
861,861,861,1,0,14.0,0.0,0,0.0,1.0,1,1.0,0.0,0,0.0,1.0,0,2.0,0.0,0.4,861,861,0.5151781745602184
129,129,129,1,0,1.0,0.0,0,8.0,0.0,1,1.0,0.0,0,0.0,1.0,0,0.0,1.0,0.4,129,129,0.5136206062425969
1175,1175,1175,0,0,18.0,0.0,0,7.0,0.0,0,58101.0,0.0,0,2.0,0.0,0,1.0,0.0,0.0,1175,1175,0.5089751055371938
323,323,323,1,0,22.0,0.0,0,1.0,0.0,1,1.0,0.0,0,1.0,0.0,0,2.0,0.0,0.0,323,323,0.5082848389116824
1090,1090,1090,0,0,24.0,0.0,0,5.0,0.0,0,11034.0,0.0,0,1.0,0.0,0,1.0,0.0,0.0,1090,1090,0.5092083473641167
843,843,843,1,0,20.0,0.0,0,8.0,0.0,1,1.0,0.0,0,1.0,0.0,0,1.0,0.0,0.0,843,843,0.5073409338716702
963,963,963,1,0,7.0,0.0,0,9.0,0.0,0,46889.0,0.0,0,2.0,0.0,0,0.0,1.0,0.2,963,963,0.5118801250742898
1864,1864,1864,0,0,7.0,0.0,0,8.0,0.0,1,1.0,0.0,0,1.0,0.0,0,1.0,0.0,0.0,1864,1864,0.5043888373691112
865,865,865,1,0,28.0,0.0,0,5.0,0.0,0,49212.0,0.0,0,1.0,0.0,0,0.0,1.0,0.2,865,865,0.5167312639402528
921,921,921,1,0,26.0,0.0,0,10.0,0.0,0,41000.0,0.0,0,1.0,0.0,0,1.0,0.0,0.0,921,921,0.5089668856195918
695,695,695,1,0,8.0,0.0,0,11.0,0.0,1,1.0,0.0,0,2.0,0.0,0,1.0,0.0,0.0,695,695,0.5047955316680147
215,215,215,1,0,1.0,0.0,0,9.0,0.0,1,1.0,0.0,0,1.0,0.0,0,0.0,1.0,0.2,215,215,0.5088314826049402
1780,1780,1780,0,0,34.0,0.0,0,17.0,0.0,0,97001.0,0.0,0,3.0,0.0,0,2.0,0.0,0.0,1780,1780,0.5106452460600664
1261,1261,1261,0,0,19.0,0.0,1,1.0,0.0,1,1.0,0.0,0,0.0,1.0,0,1.0,0.0,0.2,1261,1261,0.4978926148652029
158,158,158,1,0,44.0,0.0,0,4.0,0.0,1,1.0,0.0,0,2.0,0.0,0,1.0,0.0,0.0,158,158,0.5145836498288139
1058,1058,1058,0,0,26.0,0.0,0,8.0,0.0,0,97000.0,0.0,0,1.0,0.0,0,2.0,0.0,0.0,1058,1058,0.5091572264619276
988,988,988,1,0,31.0,0.0,0,1.0,0.0,1,1.0,0.0,0,4.0,0.0,0,2.0,0.0,0.0,988,988,0.5129463134797355
841,841,841,1,0,31.0,0.0,0,8.0,0.0,0,47105.0,0.0,0,1.0,0.0,0,0.0,1.0,0.2,841,841,0.5166876710084716
634,634,634,1,0,32.0,0.0,0,7.0,0.0,0,49227.0,0.0,0,2.0,0.0,0,0.0,1.0,0.2,634,634,0.5180468509083375
516,516,516,1,0,11.0,0.0,0,2.0,0.0,0,46297.0,0.0,0,0.0,1.0,0,1.0,0.0,0.2,516,516,0.5120534476019112
1428,1428,1428,0,0,20.0,0.0,0,9.0,0.0,1,1.0,0.0,0,0.0,1.0,0,1.0,0.0,0.2,1428,1428,0.5116721345514424
1747,1747,1747,0,0,21.0,0.0,0,6.0,0.0,1,1.0,0.0,0,1.0,0.0,0,1.0,0.0,0.0,1747,1747,0.5080292340756082
597,597,597,1,0,37.0,0.0,0,9.0,0.0,0,49214.0,0.0,0,2.0,0.0,0,0.0,1.0,0.2,597,597,0.5187166142077414
195,195,195,1,0,1.0,0.0,0,2.0,0.0,1,1.0,0.0,0,4.0,0.0,0,1.0,0.0,0.0,195,195,0.5070267803851715
1783,1783,1783,0,0,15.0,0.0,0,8.0,0.0,1,1.0,0.0,0,1.0,0.0,0,2.0,0.0,0.0,1783,1783,0.5050829935808815
869,869,869,1,0,24.0,0.0,0,9.0,0.0,0,47107.0,0.0,0,2.0,0.0,0,1.0,0.0,0.0,869,869,0.5097087686684357
410,410,410,1,0,26.0,0.0,0,8.0,0.0,1,1.0,0.0,0,2.0,0.0,0,1.0,0.0,0.0,410,410,0.509575490268683
96,96,96,1,0,17.0,0.0,0,5.0,0.0,0,97000.0,0.0,0,0.0,1.0,0,1.0,0.0,0.2,96,96,0.5134973436517757
1000,1000,1000,0,0,21.0,0.0,1,1.0,0.0,1,1.0,0.0,0,1.0,0.0,0,2.0,0.0,0.0,1000,1000,0.4927022768501106
1505,1505,1505,0,0,43.0,0.0,0,11.0,0.0,0,47206.0,0.0,0,1.0,0.0,0,1.0,0.0,0.0,1505,1505,0.5126902410468749
156,156,156,1,0,30.0,0.0,0,8.0,0.0,0,47104.0,0.0,0,1.0,0.0,0,1.0,0.0,0.0,156,156,0.5104294481811414
419,419,419,1,0,11.0,0.0,0,1.0,0.0,0,96998.0,0.0,0,0.0,1.0,0,1.0,0.0,0.2,419,419,0.5130556995169704
1802,1802,1802,0,0,29.0,0.0,0,5.0,0.0,0,64186.0,0.0,0,0.0,1.0,0,2.0,0.0,0.2,1802,1802,0.5145979263917376
477,477,477,1,0,28.0,0.0,0,10.0,0.0,0,40995.0,0.0,0,0.0,1.0,0,2.0,0.0,0.2,477,477,0.5128609653315873
1855,1855,1855,0,0,36.0,0.0,0,5.0,0.0,0,87891.0,0.0,0,1.0,0.0,0,2.0,0.0,0.0,1855,1855,0.5119781472880793
668,668,668,1,0,31.0,0.0,0,9.0,0.0,0,86199.0,0.0,0,1.0,0.0,0,1.0,0.0,0.0,668,668,0.5110216691115631
1417,1417,1417,0,0,35.0,0.0,0,9.0,0.0,1,1.0,0.0,0,1.0,0.0,0,0.0,1.0,0.2,1417,1417,0.5165445753330359
1871,1871,1871,0,1,1.0,0.0,1,1.0,0.0,1,1.0,0.0,1,1.0,0.0,1,1.0,0.0,0.0,1871,1871,0.5124376163745675
1299,1299,1299,0,0,7.0,0.0,0,8.0,0.0,0,41002.0,0.0,0,1.0,0.0,0,0.0,1.0,0.2,1299,1299,0.5111491746286032
447,447,447,1,0,45.0,0.0,1,1.0,0.0,1,1.0,0.0,0,0.0,1.0,0,2.0,0.0,0.2,447,447,0.5026696714583275
553,553,553,1,0,35.0,0.0,0,8.0,0.0,0,62011.0,0.0,0,0.0,1.0,0,2.0,0.0,0.2,553,553,0.5152327485559325
178,178,178,1,0,2.0,0.0,0,8.0,0.0,0,25922.0,0.0,0,2.0,0.0,0,1.0,0.0,0.0,178,178,0.5046199283393745
390,390,390,1,0,9.0,0.0,0,3.0,0.0,1,1.0,0.0,0,1.0,0.0,0,2.0,0.0,0.0,390,390,0.504873923064379
578,578,578,1,0,43.0,0.0,0,12.0,0.0,0,64188.0,0.0,0,1.0,0.0,0,1.0,0.0,0.0,578,578,0.512719098988871
1477,1477,1477,0,0,42.0,0.0,0,12.0,0.0,0,65103.0,0.0,0,1.0,0.0,0,2.0,0.0,0.0,1477,1477,0.5113840222029974
1706,1706,1706,0,0,38.0,0.0,0,12.0,0.0,1,1.0,0.0,0,0.0,1.0,0,1.0,0.0,0.2,1706,1706,0.5150532766426869
1287,1287,1287,0,0,4.0,0.0,0,10.0,0.0,0,40998.0,0.0,0,3.0,0.0,0,1.0,0.0,0.0,1287,1287,0.505715036657609
1644,1644,1644,0,0,12.0,0.0,0,0.0,1.0,1,1.0,0.0,0,0.0,1.0,0,1.0,0.0,0.4,1644,1644,0.5158359056653296
1023,1023,1023,0,0,42.0,0.0,0,10.0,0.0,0,47112.0,0.0,0,0.0,1.0,0,1.0,0.0,0.2,1023,1023,0.5172426368250933
820,820,820,1,0,10.0,0.0,0,3.0,0.0,0,45199.0,0.0,0,0.0,1.0,0,1.0,0.0,0.2,820,820,0.5115790506903358
1824,1824,1824,0,0,45.0,0.0,0,9.0,0.0,1,1.0,0.0,0,1.0,0.0,0,1.0,0.0,0.0,1824,1824,0.5127858989139175
984,984,984,1,0,22.0,0.0,0,3.0,0.0,0,47706.0,0.0,0,1.0,0.0,0,1.0,0.0,0.0,984,984,0.5097732915480478
1338,1338,1338,0,0,21.0,0.0,0,15.0,0.0,1,1.0,0.0,0,1.0,0.0,0,1.0,0.0,0.0,1338,1338,0.5059524196545553
664,664,664,1,0,15.0,0.0,0,12.0,0.0,1,1.0,0.0,0,0.0,1.0,0,2.0,0.0,0.2,664,664,0.5087245973151248
142,142,142,1,0,5.0,0.0,0,8.0,0.0,0,1291.0,0.0,0,1.0,0.0,0,2.0,0.0,0.0,142,142,0.5029306161401804
1516,1516,1516,0,0,1.0,0.0,0,8.0,0.0,1,1.0,0.0,0,0.0,1.0,0,1.0,0.0,0.2,1516,1516,0.5075923916889931
1429,1429,1429,0,0,22.0,0.0,0,10.0,0.0,1,1.0,0.0,0,1.0,0.0,0,1.0,0.0,0.0,1429,1429,0.5073337022266924
864,864,864,1,0,15.0,0.0,0,5.0,0.0,1,1.0,0.0,0,1.0,0.0,0,2.0,0.0,0.0,864,864,0.5057747375952477
421,421,421,1,0,5.0,0.0,0,7.0,0.0,0,46294.0,0.0,0,0.0,1.0,0,1.0,0.0,0.2,421,421,0.5095376090207454
636,636,636,1,1,1.0,0.0,1,1.0,0.0,1,1.0,0.0,1,1.0,0.0,1,1.0,0.0,0.0,636,636,0.5124376163745675
1406,1406,1406,0,0,4.0,0.0,0,1.0,0.0,1,1.0,0.0,0,1.0,0.0,0,2.0,0.0,0.0,1406,1406,0.5042005756960722
799,799,799,1,0,14.0,0.0,0,10.0,0.0,1,1.0,0.0,0,1.0,0.0,0,0.0,1.0,0.2,799,799,0.5115517554774622
1403,1403,1403,0,0,16.0,0.0,0,6.0,0.0,0,85219.0,0.0,0,7.0,0.0,0,1.0,0.0,0.0,1403,1403,0.5135247606248775
615,615,615,1,0,11.0,0.0,0,8.0,0.0,0,19190.0,0.0,0,2.0,0.0,0,1.0,0.0,0.0,615,615,0.5065609284684093
294,294,294,1,0,50.0,0.0,0,6.0,0.0,1,1.0,0.0,0,0.0,1.0,0,2.0,0.0,0.2,294,294,0.5180439743010158
923,923,923,1,0,34.0,0.0,0,0.0,1.0,1,1.0,0.0,0,1.0,0.0,0,2.0,0.0,0.2,923,923,0.5151731163555889
1268,1268,1268,0,0,26.0,0.0,0,6.0,0.0,0,40996.0,0.0,0,1.0,0.0,0,1.0,0.0,0.0,1268,1268,0.5098888794004509
1902,1902,1902,0,0,2.0,0.0,0,9.0,0.0,0,14092.0,0.0,0,0.0,1.0,0,2.0,0.0,0.2,1902,1902,0.5067801468408052
88,88,88,1,0,55.0,0.0,0,4.0,0.0,1,1.0,0.0,0,1.0,0.0,0,1.0,0.0,0.0,88,88,0.5162079152672038
41,41,41,1,0,32.0,0.0,0,7.0,0.0,1,1.0,0.0,0,1.0,0.0,0,1.0,0.0,0.0,41,41,0.5102965329458554
1801,1801,1801,0,0,37.0,0.0,0,10.0,0.0,0,10704.0,0.0,0,1.0,0.0,0,0.0,1.0,0.2,1801,1801,0.5170255230863469
1933,1933,1933,0,0,27.0,0.0,0,5.0,0.0,1,1.0,0.0,0,0.0,1.0,0,1.0,0.0,0.2,1933,1933,0.5141841420396124
131,131,131,1,0,16.0,0.0,0,9.0,0.0,0,46203.0,0.0,0,4.0,0.0,0,2.0,0.0,0.0,131,131,0.5085000953737581
1001,1001,1001,0,0,14.0,0.0,0,7.0,0.0,1,1.0,0.0,0,2.0,0.0,0,1.0,0.0,0.0,1001,1001,0.5070812602554269
1157,1157,1157,0,0,63.0,0.0,0,1.0,0.0,1,1.0,0.0,0,1.0,0.0,0,1.0,0.0,0.0,1157,1157,0.5187129922284469
1094,1094,1094,0,0,5.0,0.0,0,18.0,0.0,0,96995.0,0.0,0,2.0,0.0,0,2.0,0.0,0.0,1094,1094,0.5029573870165103
1854,1854,1854,0,0,19.0,0.0,0,0.0,1.0,1,1.0,0.0,0,0.0,1.0,0,2.0,0.0,0.4,1854,1854,0.5163054265184246
1344,1344,1344,0,0,37.0,0.0,0,9.0,0.0,1,1.0,0.0,0,4.0,0.0,0,2.0,0.0,0.0,1344,1344,0.5124616340615066
1498,1498,1498,0,0,27.0,0.0,0,10.0,0.0,0,47108.0,0.0,0,1.0,0.0,0,1.0,0.0,0.0,1498,1498,0.5092872166973863
164,164,164,1,0,67.0,0.0,1,1.0,0.0,1,1.0,0.0,0,0.0,1.0,0,2.0,0.0,0.2,164,164,0.507664656022166
724,724,724,1,0,10.0,0.0,0,7.0,0.0,1,1.0,0.0,0,1.0,0.0,0,2.0,0.0,0.0,724,724,0.5041785631001777
290,290,290,1,0,1.0,0.0,0,9.0,0.0,1,1.0,0.0,0,1.0,0.0,0,2.0,0.0,0.0,290,290,0.501674345948659
1208,1208,1208,0,0,20.0,0.0,0,6.0,0.0,1,1.0,0.0,0,2.0,0.0,0,2.0,0.0,0.0,1208,1208,0.5075517655864087
1588,1588,1588,0,0,22.0,0.0,0,8.0,0.0,1,1.0,0.0,0,2.0,0.0,0,1.0,0.0,0.0,1588,1588,0.5086672556275939
1896,1896,1896,0,0,16.0,0.0,0,10.0,0.0,0,47601.0,0.0,0,1.0,0.0,0,1.0,0.0,0.0,1896,1896,0.5067967553752941
1641,1641,1641,0,0,17.0,0.0,0,12.0,0.0,0,10708.0,0.0,0,2.0,0.0,0,0.0,1.0,0.2,1641,1641,0.5129002949437095
1361,1361,1361,0,0,13.0,0.0,0,2.0,0.0,1,1.0,0.0,0,2.0,0.0,0,1.0,0.0,0.0,1361,1361,0.5080068874520057
778,778,778,1,0,5.0,0.0,0,7.0,0.0,0,55099.0,0.0,0,2.0,0.0,0,0.0,1.0,0.2,778,778,0.5120127778806189
839,839,839,1,0,57.0,0.0,0,1.0,0.0,1,1.0,0.0,0,1.0,0.0,0,1.0,0.0,0.0,839,839,0.5173524928832559
348,348,348,1,0,1.0,0.0,0,7.0,0.0,1,1.0,0.0,0,0.0,1.0,0,1.0,0.0,0.2,348,348,0.5078233356439693
1944,1944,1944,0,0,27.0,0.0,0,9.0,0.0,1,1.0,0.0,0,0.0,1.0,0,2.0,0.0,0.2,1944,1944,0.5121400021863433
571,571,571,1,0,53.0,0.0,0,1.0,0.0,1,1.0,0.0,0,1.0,0.0,0,1.0,0.0,0.0,571,571,0.5164451474801053
917,917,917,1,0,28.0,0.0,0,0.0,1.0,1,1.0,0.0,0,0.0,1.0,0,1.0,0.0,0.4,917,917,0.5194342783895521
976,976,976,1,0,27.0,0.0,0,8.0,0.0,0,45199.0,0.0,0,1.0,0.0,0,0.0,1.0,0.2,976,976,0.5157515959204906
1913,1913,1913,0,0,40.0,0.0,0,3.0,0.0,1,1.0,0.0,0,2.0,0.0,0,1.0,0.0,0.0,1913,1913,0.5139065692437694
1468,1468,1468,0,0,11.0,0.0,0,5.0,0.0,1,1.0,0.0,0,0.0,1.0,0,1.0,0.0,0.2,1468,1468,0.5105551589131876
1591,1591,1591,0,0,39.0,0.0,0,9.0,0.0,1,1.0,0.0,0,0.0,1.0,0,2.0,0.0,0.2,1591,1591,0.5148592646359608
1317,1317,1317,0,0,29.0,0.0,0,11.0,0.0,1,1.0,0.0,0,0.0,1.0,0,1.0,0.0,0.2,1317,1317,0.5132484465519075
1844,1844,1844,0,0,22.0,0.0,0,4.0,0.0,1,1.0,0.0,0,2.0,0.0,0,1.0,0.0,0.0,1844,1844,0.5095897547491558
136,136,136,1,0,8.0,0.0,0,9.0,0.0,0,22200.0,0.0,0,2.0,0.0,0,1.0,0.0,0.0,136,136,0.5056948439128247
458,458,458,1,0,15.0,0.0,0,11.0,0.0,0,46408.0,0.0,0,0.0,1.0,0,1.0,0.0,0.2,458,458,0.5108844316510733
375,375,375,1,0,1.0,0.0,0,6.0,0.0,0,22186.0,0.0,0,1.0,0.0,0,0.0,1.0,0.2,375,375,0.5099608620171044
1342,1342,1342,0,0,31.0,0.0,0,1.0,0.0,1,1.0,0.0,0,1.0,0.0,0,1.0,0.0,0.0,1342,1342,0.5114515080575915
333,333,333,1,0,5.0,0.0,0,14.0,0.0,0,64185.0,0.0,0,0.0,1.0,0,1.0,0.0,0.2,333,333,0.5081947205287628
1159,1159,1159,0,0,33.0,0.0,0,10.0,0.0,0,49218.0,0.0,0,2.0,0.0,0,1.0,0.0,0.0,1159,1159,0.5115535223018739
1760,1760,1760,0,0,23.0,0.0,0,10.0,0.0,1,1.0,0.0,0,1.0,0.0,0,2.0,0.0,0.0,1760,1760,0.5064382577542615
1457,1457,1457,0,0,33.0,0.0,0,8.0,0.0,0,80091.0,0.0,0,1.0,0.0,0,1.0,0.0,0.0,1457,1457,0.5116129983080089
816,816,816,1,0,45.0,0.0,0,7.0,0.0,0,47109.0,0.0,0,0.0,1.0,0,1.0,0.0,0.2,816,816,0.5186165523321741
1114,1114,1114,0,0,2.0,0.0,0,9.0,0.0,0,30997.0,0.0,0,0.0,1.0,0,1.0,0.0,0.2,1114,1114,0.5081605800695659
1005,1005,1005,0,0,14.0,0.0,0,5.0,0.0,0,49225.0,0.0,0,2.0,0.0,0,0.0,1.0,0.2,1005,1005,0.5144267699948528
1856,1856,1856,0,0,26.0,0.0,0,13.0,0.0,0,84110.0,0.0,0,0.0,1.0,0,0.0,1.0,0.4,1856,1856,0.5195087095193704
1954,1954,1954,0,0,19.0,0.0,0,11.0,0.0,0,14094.0,0.0,0,1.0,0.0,0,1.0,0.0,0.0,1954,1954,0.5067353827172593
1850,1850,1850,0,0,26.0,0.0,0,0.0,1.0,1,1.0,0.0,0,1.0,0.0,0,1.0,0.0,0.2,1850,1850,0.5144782878924059
910,910,910,1,0,42.0,0.0,0,10.0,0.0,0,47587.0,0.0,0,0.0,1.0,0,0.0,1.0,0.4,910,910,0.5232452466924005
1929,1929,1929,0,0,31.0,0.0,0,9.0,0.0,1,1.0,0.0,0,1.0,0.0,0,1.0,0.0,0.0,1929,1929,0.5096081387719132
1125,1125,1125,0,0,4.0,0.0,0,8.0,0.0,1,1.0,0.0,0,1.0,0.0,0,1.0,0.0,0.0,1125,1125,0.5037077017096746
328,328,328,1,0,11.0,0.0,0,9.0,0.0,0,64901.0,0.0,0,1.0,0.0,0,1.0,0.0,0.0,328,328,0.5061559956606321
1247,1247,1247,0,0,44.0,0.0,0,11.0,0.0,0,84109.0,0.0,0,0.0,1.0,0,1.0,0.0,0.2,1247,1247,0.5180344145716258
318,318,318,1,0,49.0,0.0,0,1.0,0.0,1,1.0,0.0,0,4.0,0.0,0,1.0,0.0,0.0,318,318,0.5181493539841188
1689,1689,1689,0,0,9.0,0.0,0,10.0,0.0,0,84114.0,0.0,0,1.0,0.0,0,0.0,1.0,0.2,1689,1689,0.5117997191063944
1358,1358,1358,0,0,1.0,0.0,0,12.0,0.0,0,1412.0,0.0,0,1.0,0.0,0,2.0,0.0,0.0,1358,1358,0.5011007308856875
1732,1732,1732,0,0,2.0,0.0,0,10.0,0.0,1,1.0,0.0,0,4.0,0.0,0,2.0,0.0,0.0,1732,1732,0.5042853898860459
167,167,167,1,0,26.0,0.0,0,9.0,0.0,0,25104.0,0.0,0,0.0,1.0,0,1.0,0.0,0.2,167,167,0.5135132570969745
12,12,12,1,0,4.0,0.0,0,5.0,0.0,0,14102.0,0.0,0,0.0,1.0,0,1.0,0.0,0.2,12,12,0.5092798079766875
1926,1926,1926,0,0,14.0,0.0,0,9.0,0.0,1,1.0,0.0,0,0.0,1.0,0,0.0,1.0,0.4,1926,1926,0.5163312321067907
171,171,171,1,0,3.0,0.0,0,11.0,0.0,0,29293.0,0.0,0,1.0,0.0,0,1.0,0.0,0.0,171,171,0.5033342101538905
649,649,649,1,0,18.0,0.0,0,9.0,0.0,0,10628.0,0.0,0,1.0,0.0,0,1.0,0.0,0.0,649,649,0.5069169134303833
1061,1061,1061,0,0,18.0,0.0,0,1.0,0.0,1,1.0,0.0,0,1.0,0.0,0,1.0,0.0,0.0,1061,1061,0.5084998013410496
260,260,260,1,0,25.0,0.0,0,6.0,0.0,0,40994.0,0.0,0,0.0,1.0,0,1.0,0.0,0.2,260,260,0.5142249105420597
1366,1366,1366,0,0,22.0,0.0,0,6.0,0.0,1,1.0,0.0,0,0.0,1.0,0,1.0,0.0,0.2,1366,1366,0.5128194048335023
1548,1548,1548,0,0,10.0,0.0,0,10.0,0.0,0,69196.0,0.0,0,1.0,0.0,0,2.0,0.0,0.0,1548,1548,0.5046418211209281
901,901,901,1,0,45.0,0.0,0,5.0,0.0,1,1.0,0.0,0,2.0,0.0,0,1.0,0.0,0.0,901,901,0.514579836339074
672,672,672,1,0,20.0,0.0,0,11.0,0.0,1,1.0,0.0,0,0.0,1.0,0,2.0,0.0,0.2,672,672,0.5100900521991173
258,258,258,1,0,47.0,0.0,0,9.0,0.0,1,1.0,0.0,0,0.0,1.0,0,2.0,0.0,0.2,258,258,0.5166700089964046
844,844,844,1,0,49.0,0.0,0,5.0,0.0,1,1.0,0.0,0,1.0,0.0,0,0.0,1.0,0.2,844,844,0.520638996796101
867,867,867,1,0,9.0,0.0,0,10.0,0.0,1,1.0,0.0,0,0.0,1.0,0,1.0,0.0,0.2,867,867,0.5089460451489495
1799,1799,1799,0,0,15.0,0.0,0,14.0,0.0,0,84228.0,0.0,0,1.0,0.0,0,1.0,0.0,0.0,1799,1799,0.5062063100928991
138,138,138,1,0,41.0,0.0,0,6.0,0.0,1,1.0,0.0,0,1.0,0.0,0,1.0,0.0,0.0,138,138,0.5125702938111626
893,893,893,1,0,51.0,0.0,0,8.0,0.0,1,1.0,0.0,0,1.0,0.0,0,1.0,0.0,0.0,893,893,0.5143778924277239
1837,1837,1837,0,0,9.0,0.0,0,2.0,0.0,0,46628.0,0.0,0,1.0,0.0,0,0.0,1.0,0.2,1837,1837,0.5130703634812673
549,549,549,1,0,37.0,0.0,0,6.0,0.0,1,1.0,0.0,0,0.0,1.0,0,1.0,0.0,0.2,549,549,0.5162179101734622
319,319,319,1,0,0.0,1.0,0,9.0,0.0,1,1.0,0.0,0,2.0,0.0,0,1.0,0.0,0.2,319,319,0.5347248755682847
1526,1526,1526,0,0,14.0,0.0,0,9.0,0.0,0,18114.0,0.0,0,1.0,0.0,0,0.0,1.0,0.2,1526,1526,0.5121574288279234
1805,1805,1805,0,0,30.0,0.0,0,0.0,1.0,1,1.0,0.0,0,1.0,0.0,0,1.0,0.0,0.2,1805,1805,0.5153825726427551
1177,1177,1177,0,0,24.0,0.0,0,4.0,0.0,1,1.0,0.0,0,1.0,0.0,0,2.0,0.0,0.0,1177,1177,0.5080484143500839
558,558,558,1,0,15.0,0.0,0,7.0,0.0,0,47815.0,0.0,0,1.0,0.0,0,0.0,1.0,0.2,558,558,0.5132996298596005
139,139,139,1,0,52.0,0.0,0,3.0,0.0,1,1.0,0.0,0,1.0,0.0,0,0.0,1.0,0.2,139,139,0.5217798047613841
1734,1734,1734,0,0,24.0,0.0,0,6.0,0.0,0,10784.0,0.0,0,1.0,0.0,0,1.0,0.0,0.0,1734,1734,0.5089739500383622
531,531,531,1,0,27.0,0.0,0,8.0,0.0,0,85223.0,0.0,0,7.0,0.0,0,2.0,0.0,0.0,531,531,0.5144374960233117
224,224,224,1,0,31.0,0.0,0,11.0,0.0,1,1.0,0.0,0,0.0,1.0,0,1.0,0.0,0.2,224,224,0.5137012719923786
723,723,723,1,0,38.0,0.0,0,6.0,0.0,1,1.0,0.0,0,1.0,0.0,0,1.0,0.0,0.0,723,723,0.5118893074521753
786,786,786,1,0,14.0,0.0,0,6.0,0.0,1,1.0,0.0,0,0.0,1.0,0,0.0,1.0,0.4,786,786,0.517026911836796
1717,1717,1717,0,0,49.0,0.0,0,1.0,0.0,1,1.0,0.0,0,0.0,1.0,0,0.0,1.0,0.4,1717,1717,0.5260868672719675
1007,1007,1007,0,0,6.0,0.0,0,6.0,0.0,0,97000.0,0.0,0,2.0,0.0,0,1.0,0.0,0.0,1007,1007,0.5070732287807699
409,409,409,1,0,17.0,0.0,0,1.0,0.0,1,1.0,0.0,0,0.0,1.0,0,2.0,0.0,0.2,409,409,0.5117185666644984
325,325,325,1,0,11.0,0.0,0,6.0,0.0,0,1404.0,0.0,0,0.0,1.0,0,1.0,0.0,0.2,325,325,0.5104426315889983
1765,1765,1765,0,0,48.0,0.0,0,7.0,0.0,1,1.0,0.0,0,1.0,0.0,0,1.0,0.0,0.0,1765,1765,0.5139281622380952
299,299,299,1,0,29.0,0.0,0,2.0,0.0,0,41001.0,0.0,0,0.0,1.0,0,0.0,1.0,0.4,299,299,0.5220709375428344
1262,1262,1262,0,0,35.0,0.0,0,7.0,0.0,0,14093.0,0.0,0,1.0,0.0,0,1.0,0.0,0.0,1262,1262,0.5112913628904338
1945,1945,1945,0,0,26.0,0.0,0,8.0,0.0,0,15118.0,0.0,0,2.0,0.0,0,1.0,0.0,0.0,1945,1945,0.5099047536338488
25,25,25,1,0,43.0,0.0,0,8.0,0.0,1,1.0,0.0,0,1.0,0.0,0,0.0,1.0,0.2,25,25,0.5185874180455232
1858,1858,1858,0,0,8.0,0.0,0,6.0,0.0,1,1.0,0.0,0,1.0,0.0,0,1.0,0.0,0.0,1858,1858,0.5050772962751015
714,714,714,1,0,24.0,0.0,0,3.0,0.0,0,14094.0,0.0,0,2.0,0.0,0,1.0,0.0,0.0,714,714,0.510588382115467
1009,1009,1009,0,0,26.0,0.0,0,7.0,0.0,0,22201.0,0.0,0,2.0,0.0,0,1.0,0.0,0.0,1009,1009,0.5102438071079362
193,193,193,1,0,23.0,0.0,0,7.0,0.0,0,49218.0,0.0,0,0.0,1.0,0,1.0,0.0,0.2,193,193,0.5136664886406668
440,440,440,1,0,20.0,0.0,0,8.0,0.0,0,97003.0,0.0,0,0.0,1.0,0,2.0,0.0,0.2,440,440,0.5123648023364064
573,573,573,1,0,21.0,0.0,0,10.0,0.0,0,84125.0,0.0,0,1.0,0.0,0,0.0,1.0,0.2,573,573,0.5145237398821455
946,946,946,1,0,15.0,0.0,0,7.0,0.0,1,1.0,0.0,0,0.0,1.0,0,2.0,0.0,0.2,946,946,0.5098798179147762
997,997,997,1,1,1.0,0.0,1,1.0,0.0,1,1.0,0.0,1,1.0,0.0,1,1.0,0.0,0.0,997,997,0.5124376163745675
503,503,503,1,0,25.0,0.0,0,2.0,0.0,1,1.0,0.0,0,1.0,0.0,0,0.0,1.0,0.2,503,503,0.5158927784074082
605,605,605,1,0,28.0,0.0,0,9.0,0.0,0,43201.0,0.0,0,0.0,1.0,0,0.0,1.0,0.4,605,605,0.5202545808076654
1716,1716,1716,0,0,9.0,0.0,0,6.0,0.0,0,17024.0,0.0,0,1.0,0.0,0,1.0,0.0,0.0,1716,1716,0.5056629043648122
1163,1163,1163,0,0,26.0,0.0,0,9.0,0.0,1,1.0,0.0,0,1.0,0.0,0,0.0,1.0,0.2,1163,1163,0.5145048022551496
1786,1786,1786,0,0,33.0,0.0,0,4.0,0.0,1,1.0,0.0,0,1.0,0.0,0,0.0,1.0,0.2,1786,1786,0.5172461111817711
846,846,846,1,0,3.0,0.0,0,14.0,0.0,0,84221.0,0.0,0,2.0,0.0,0,2.0,0.0,0.0,846,846,0.5032313232118125
3,3,3,1,0,34.0,0.0,1,1.0,0.0,1,1.0,0.0,0,1.0,0.0,0,1.0,0.0,0.0,3,3,0.49674638187814635
1286,1286,1286,0,0,33.0,0.0,1,1.0,0.0,1,1.0,0.0,0,0.0,1.0,0,1.0,0.0,0.2,1286,1286,0.5010676736298058
1222,1222,1222,0,1,1.0,0.0,1,1.0,0.0,1,1.0,0.0,1,1.0,0.0,1,1.0,0.0,0.0,1222,1222,0.5124376163745675
467,467,467,1,0,19.0,0.0,0,11.0,0.0,0,46299.0,0.0,0,0.0,1.0,0,0.0,1.0,0.4,467,467,0.5178057737864125
321,321,321,1,0,12.0,0.0,0,5.0,0.0,1,1.0,0.0,0,2.0,0.0,0,1.0,0.0,0.0,321,321,0.5070883552518785
5,5,5,1,0,38.0,0.0,0,11.0,0.0,0,85094.0,0.0,0,2.0,0.0,0,1.0,0.0,0.0,5,5,0.5130057290390646
222,222,222,1,1,1.0,0.0,1,1.0,0.0,1,1.0,0.0,1,1.0,0.0,1,1.0,0.0,0.0,222,222,0.5124376163745675
1374,1374,1374,0,0,37.0,0.0,0,8.0,0.0,0,55092.0,0.0,0,0.0,1.0,0,1.0,0.0,0.2,1374,1374,0.5166976837277056
547,547,547,1,0,1.0,0.0,0,6.0,0.0,0,96998.0,0.0,0,1.0,0.0,0,2.0,0.0,0.0,547,547,0.5039466132315682
228,228,228,1,0,9.0,0.0,0,12.0,0.0,1,1.0,0.0,0,1.0,0.0,0,2.0,0.0,0.0,228,228,0.5027975745831079
39,39,39,1,0,11.0,0.0,0,7.0,0.0,0,23934.0,0.0,0,0.0,1.0,0,1.0,0.0,0.2,39,39,0.5105569538022419
542,542,542,1,0,3.0,0.0,0,7.0,0.0,1,1.0,0.0,0,0.0,1.0,0,1.0,0.0,0.2,542,542,0.5082773838577377
242,242,242,1,0,27.0,0.0,0,2.0,0.0,1,1.0,0.0,0,0.0,1.0,0,1.0,0.0,0.2,242,242,0.514877605429298
898,898,898,1,0,9.0,0.0,0,13.0,0.0,0,64187.0,0.0,0,2.0,0.0,0,0.0,1.0,0.2,898,898,0.5116752550104676
1133,1133,1133,0,0,2.0,0.0,0,9.0,0.0,0,55092.0,0.0,0,0.0,1.0,0,1.0,0.0,0.2,1133,1133,0.5085293539133722
1448,1448,1448,0,0,35.0,0.0,0,5.0,0.0,1,1.0,0.0,0,1.0,0.0,0,1.0,0.0,0.0,1448,1448,0.5114387260264861
1868,1868,1868,0,0,4.0,0.0,0,12.0,0.0,0,40994.0,0.0,0,2.0,0.0,0,1.0,0.0,0.0,1868,1868,0.5043812862216978
842,842,842,1,0,12.0,0.0,0,11.0,0.0,0,84102.0,0.0,0,1.0,0.0,0,1.0,0.0,0.0,842,842,0.506214929345696
1418,1418,1418,0,0,38.0,0.0,0,6.0,0.0,1,1.0,0.0,0,1.0,0.0,0,2.0,0.0,0.0,1418,1418,0.5107667372392052
1653,1653,1653,0,0,12.0,0.0,0,5.0,0.0,1,1.0,0.0,0,1.0,0.0,0,0.0,1.0,0.2,1653,1653,0.5122514315716616
1969,1969,1969,0,0,26.0,0.0,0,1.0,0.0,1,1.0,0.0,0,1.0,0.0,0,2.0,0.0,0.0,1969,1969,0.5091928907971064
661,661,661,1,0,5.0,0.0,0,5.0,0.0,0,97000.0,0.0,0,1.0,0.0,0,0.0,1.0,0.2,661,661,0.5122370262532928
1210,1210,1210,0,0,16.0,0.0,0,10.0,0.0,0,23928.0,0.0,0,2.0,0.0,0,1.0,0.0,0.0,1210,1210,0.5073072496519583
314,314,314,1,0,40.0,0.0,0,11.0,0.0,0,10705.0,0.0,0,1.0,0.0,0,1.0,0.0,0.0,314,314,0.5114507392092921
691,691,691,1,0,35.0,0.0,0,6.0,0.0,1,1.0,0.0,0,1.0,0.0,0,2.0,0.0,0.0,691,691,0.5100855352364785
1503,1503,1503,0,0,17.0,0.0,0,5.0,0.0,1,1.0,0.0,0,0.0,1.0,0,1.0,0.0,0.2,1503,1503,0.5119165562106596
424,424,424,1,0,40.0,0.0,1,1.0,0.0,1,1.0,0.0,0,1.0,0.0,0,1.0,0.0,0.0,424,424,0.4981032157179197
594,594,594,1,0,16.0,0.0,0,5.0,0.0,0,16210.0,0.0,0,2.0,0.0,0,1.0,0.0,0.0,594,594,0.5083429676126597
1963,1963,1963,0,0,5.0,0.0,0,11.0,0.0,1,1.0,0.0,0,1.0,0.0,0,1.0,0.0,0.0,1963,1963,0.5032422744255696
622,622,622,1,0,46.0,0.0,0,1.0,0.0,1,1.0,0.0,0,1.0,0.0,0,0.0,1.0,0.2,622,622,0.5208832110444753
1170,1170,1170,0,0,10.0,0.0,0,10.0,0.0,0,47107.0,0.0,0,0.0,1.0,0,2.0,0.0,0.2,1170,1170,0.5088706997698664
1043,1043,1043,0,0,10.0,0.0,0,7.0,0.0,1,1.0,0.0,0,4.0,0.0,0,2.0,0.0,0.0,1043,1043,0.5067946528475571
227,227,227,1,0,43.0,0.0,0,10.0,0.0,1,1.0,0.0,0,1.0,0.0,0,1.0,0.0,0.0,227,227,0.5121012031812414
1117,1117,1117,0,0,27.0,0.0,0,8.0,0.0,1,1.0,0.0,0,0.0,1.0,0,1.0,0.0,0.2,1117,1117,0.5134900521146003
1331,1331,1331,0,0,44.0,0.0,0,9.0,0.0,0,1487.0,0.0,0,0.0,1.0,0,1.0,0.0,0.2,1331,1331,0.5172202354653227
1315,1315,1315,0,0,20.0,0.0,0,9.0,0.0,1,1.0,0.0,0,1.0,0.0,0,1.0,0.0,0.0,1315,1315,0.5071102438432842
66,66,66,1,0,17.0,0.0,0,8.0,0.0,0,47104.0,0.0,0,2.0,0.0,0,1.0,0.0,0.0,66,66,0.5083497883624108
24,24,24,1,0,28.0,0.0,0,9.0,0.0,0,64187.0,0.0,0,1.0,0.0,0,1.0,0.0,0.0,24,24,0.5100052982785347
144,144,144,1,0,19.0,0.0,0,10.0,0.0,1,1.0,0.0,0,0.0,1.0,0,1.0,0.0,0.2,144,144,0.511214106119844
536,536,536,1,0,29.0,0.0,0,6.0,0.0,0,49228.0,0.0,0,1.0,0.0,0,0.0,1.0,0.2,536,536,0.5167278984955282
811,811,811,1,0,35.0,0.0,0,3.0,0.0,0,47586.0,0.0,0,3.0,0.0,0,1.0,0.0,0.0,811,811,0.5144680737428948
1466,1466,1466,0,0,1.0,0.0,0,11.0,0.0,0,81306.0,0.0,0,0.0,1.0,0,1.0,0.0,0.2,1466,1466,0.5082415099270955
85,85,85,1,0,45.0,0.0,0,6.0,0.0,1,1.0,0.0,0,0.0,1.0,0,1.0,0.0,0.2,85,85,0.5180279336813903
1660,1660,1660,0,0,26.0,0.0,0,11.0,0.0,0,13984.0,0.0,0,1.0,0.0,0,0.0,1.0,0.2,1660,1660,0.5143531554086281
1645,1645,1645,0,0,43.0,0.0,0,10.0,0.0,1,1.0,0.0,0,1.0,0.0,0,0.0,1.0,0.2,1645,1645,0.5181244998763216
1804,1804,1804,0,0,10.0,0.0,0,7.0,0.0,1,1.0,0.0,0,2.0,0.0,0,0.0,1.0,0.2,1804,1804,0.5122076366715025
1817,1817,1817,0,0,26.0,0.0,0,9.0,0.0,0,79100.0,0.0,0,0.0,1.0,0,1.0,0.0,0.2,1817,1817,0.5143427749958267
1576,1576,1576,0,0,18.0,0.0,0,10.0,0.0,0,1282.0,0.0,0,2.0,0.0,0,1.0,0.0,0.0,1576,1576,0.5074150499127928
1144,1144,1144,0,0,21.0,0.0,0,9.0,0.0,1,1.0,0.0,0,0.0,1.0,0,1.0,0.0,0.2,1144,1144,0.5118988371153309
362,362,362,1,0,4.0,0.0,0,10.0,0.0,0,86100.0,0.0,0,0.0,1.0,0,1.0,0.0,0.2,362,362,0.5092267842804726
1611,1611,1611,0,0,51.0,0.0,0,8.0,0.0,0,1266.0,0.0,0,2.0,0.0,0,1.0,0.0,0.0,1611,1611,0.5153627523806839
1865,1865,1865,0,0,1.0,0.0,0,9.0,0.0,0,62011.0,0.0,0,1.0,0.0,0,1.0,0.0,0.0,1865,1865,0.5038418954550523
1026,1026,1026,0,0,37.0,0.0,0,2.0,0.0,1,1.0,0.0,0,1.0,0.0,0,1.0,0.0,0.0,1026,1026,0.5125836919233341
1030,1030,1030,0,0,19.0,0.0,0,12.0,0.0,0,85095.0,0.0,0,0.0,1.0,0,2.0,0.0,0.2,1030,1030,0.5110330893349652
1303,1303,1303,0,0,15.0,0.0,0,6.0,0.0,1,1.0,0.0,0,1.0,0.0,0,1.0,0.0,0.0,1303,1303,0.5066667235354313
1355,1355,1355,0,0,21.0,0.0,0,8.0,0.0,0,46206.0,0.0,0,3.0,0.0,0,1.0,0.0,0.0,1355,1355,0.5101164961478134
1730,1730,1730,0,0,10.0,0.0,0,2.0,0.0,1,1.0,0.0,0,0.0,1.0,0,2.0,0.0,0.2,1730,1730,0.5098987260910791
665,665,665,1,0,52.0,0.0,0,6.0,0.0,1,1.0,0.0,0,0.0,1.0,0,1.0,0.0,0.2,665,665,0.5196099805610858
364,364,364,1,0,8.0,0.0,0,8.0,0.0,1,1.0,0.0,0,1.0,0.0,0,2.0,0.0,0.0,364,364,0.5034938594815372
77,77,77,1,0,42.0,0.0,0,8.0,0.0,0,84119.0,0.0,0,1.0,0.0,0,1.0,0.0,0.0,77,77,0.5137175310909369
27,27,27,1,0,5.0,0.0,0,7.0,0.0,0,87893.0,0.0,0,1.0,0.0,0,1.0,0.0,0.0,27,27,0.5056055198938262
1436,1436,1436,0,0,17.0,0.0,0,11.0,0.0,1,1.0,0.0,0,1.0,0.0,0,1.0,0.0,0.0,1436,1436,0.5059674195881114
525,525,525,1,0,27.0,0.0,0,5.0,0.0,1,1.0,0.0,0,0.0,1.0,0,0.0,1.0,0.4,525,525,0.520197249115193
1834,1834,1834,0,0,28.0,0.0,0,0.0,1.0,0,47104.0,0.0,0,2.0,0.0,0,1.0,0.0,0.2,1834,1834,0.5166152928408537
55,55,55,1,0,13.0,0.0,0,10.0,0.0,1,1.0,0.0,0,2.0,0.0,0,1.0,0.0,0.0,55,55,0.5061618857699296
638,638,638,1,0,12.0,0.0,0,6.0,0.0,1,1.0,0.0,0,2.0,0.0,0,2.0,0.0,0.0,638,638,0.5057351540717554
302,302,302,1,0,54.0,0.0,0,9.0,0.0,1,1.0,0.0,0,0.0,1.0,0,2.0,0.0,0.2,302,302,0.5182527727937165
718,718,718,1,0,20.0,0.0,0,11.0,0.0,1,1.0,0.0,0,0.0,1.0,0,1.0,0.0,0.2,718,718,0.5112094479449302
624,624,624,1,0,5.0,0.0,0,11.0,0.0,0,26190.0,0.0,0,0.0,1.0,0,1.0,0.0,0.2,624,624,0.5083057578452986
7,7,7,1,0,36.0,0.0,1,1.0,0.0,1,1.0,0.0,0,1.0,0.0,0,1.0,0.0,0.0,7,7,0.49719853117011414
803,803,803,1,0,4.0,0.0,0,4.0,0.0,0,47807.0,0.0,0,0.0,1.0,0,0.0,1.0,0.4,803,803,0.5160558702604224
1049,1049,1049,0,0,12.0,0.0,0,8.0,0.0,0,55093.0,0.0,0,0.0,1.0,0,0.0,1.0,0.4,1049,1049,0.5170543299229654
336,336,336,1,0,20.0,0.0,0,6.0,0.0,1,1.0,0.0,0,0.0,1.0,0,2.0,0.0,0.2,336,336,0.5112455099808796
47,47,47,1,1,1.0,0.0,1,1.0,0.0,1,1.0,0.0,1,1.0,0.0,1,1.0,0.0,0.0,47,47,0.5124376163745675
1763,1763,1763,0,0,0.0,1.0,0,9.0,0.0,0,47108.0,0.0,0,1.0,0.0,0,0.0,1.0,0.4,1763,1763,0.5404347919283937
106,106,106,1,0,5.0,0.0,0,7.0,0.0,1,1.0,0.0,0,1.0,0.0,0,2.0,0.0,0.0,106,106,0.5030437507220498
349,349,349,1,0,18.0,0.0,1,1.0,0.0,1,1.0,0.0,0,0.0,1.0,0,0.0,1.0,0.4,349,349,0.5036959681331199
1079,1079,1079,0,0,3.0,0.0,0,5.0,0.0,1,1.0,0.0,0,0.0,1.0,0,1.0,0.0,0.2,1079,1079,0.5087392259889479
238,238,238,1,0,6.0,0.0,0,10.0,0.0,0,1280.0,0.0,0,2.0,0.0,0,0.0,1.0,0.2,238,238,0.510723868188525
213,213,213,1,0,17.0,0.0,0,6.0,0.0,0,46514.0,0.0,0,2.0,0.0,0,0.0,1.0,0.2,213,213,0.5148355355079102
1775,1775,1775,0,0,31.0,0.0,0,13.0,0.0,0,64186.0,0.0,0,2.0,0.0,0,0.0,1.0,0.2,1775,1775,0.5166630356359296
1138,1138,1138,0,0,39.0,0.0,0,8.0,0.0,1,1.0,0.0,0,1.0,0.0,0,0.0,1.0,0.2,1138,1138,0.5176818063000296
793,793,793,1,0,20.0,0.0,0,1.0,0.0,1,1.0,0.0,0,1.0,0.0,0,0.0,1.0,0.2,793,793,0.5149884581966702
1586,1586,1586,0,0,18.0,0.0,0,9.0,0.0,1,1.0,0.0,0,1.0,0.0,0,0.0,1.0,0.2,1586,1586,0.5126902902335155
1582,1582,1582,0,0,40.0,0.0,0,4.0,0.0,1,1.0,0.0,0,1.0,0.0,0,2.0,0.0,0.0,1582,1582,0.5116814273443656
1671,1671,1671,0,0,45.0,0.0,0,11.0,0.0,0,79099.0,0.0,0,1.0,0.0,0,2.0,0.0,0.0,1671,1671,0.5125088260733366
523,523,523,1,0,10.0,0.0,0,4.0,0.0,1,1.0,0.0,0,1.0,0.0,0,0.0,1.0,0.2,523,523,0.512027858245225
232,232,232,1,0,32.0,0.0,0,0.0,1.0,1,1.0,0.0,0,1.0,0.0,0,1.0,0.0,0.2,232,232,0.5158345076646141
644,644,644,1,0,20.0,0.0,0,2.0,0.0,0,30990.0,0.0,0,1.0,0.0,0,0.0,1.0,0.2,644,644,0.5153294773650946
1507,1507,1507,0,0,13.0,0.0,0,4.0,0.0,0,56098.0,0.0,0,2.0,0.0,0,1.0,0.0,0.0,1507,1507,0.5085001918197283
533,533,533,1,0,18.0,0.0,0,7.0,0.0,1,1.0,0.0,0,2.0,0.0,0,0.0,1.0,0.2,533,533,0.5140225243834621
1941,1941,1941,0,0,17.0,0.0,0,9.0,0.0,1,1.0,0.0,0,1.0,0.0,0,0.0,1.0,0.2,1941,1941,0.5124633999307064
603,603,603,1,0,5.0,0.0,0,0.0,1.0,1,1.0,0.0,0,1.0,0.0,0,0.0,1.0,0.4,603,603,0.5157379123626217
1329,1329,1329,0,0,13.0,0.0,0,8.0,0.0,1,1.0,0.0,0,1.0,0.0,0,0.0,1.0,0.2,1329,1329,0.5117864969294121
1074,1074,1074,0,0,24.0,0.0,0,6.0,0.0,1,1.0,0.0,0,3.0,0.0,0,2.0,0.0,0.0,1074,1074,0.5093324223223411
1304,1304,1304,0,0,19.0,0.0,0,9.0,0.0,0,55102.0,0.0,0,0.0,1.0,0,0.0,1.0,0.4,1304,1304,0.5184061393563888
60,60,60,1,0,47.0,0.0,0,3.0,0.0,1,1.0,0.0,0,0.0,1.0,0,0.0,1.0,0.4,60,60,0.5251712296090605
1263,1263,1263,0,0,26.0,0.0,0,10.0,0.0,1,1.0,0.0,0,2.0,0.0,0,1.0,0.0,0.0,1263,1263,0.5091138453919605
92,92,92,1,0,9.0,0.0,0,9.0,0.0,0,47727.0,0.0,0,1.0,0.0,0,0.0,1.0,0.2,92,92,0.5114752890915604
666,666,666,1,0,52.0,0.0,0,1.0,0.0,1,1.0,0.0,0,1.0,0.0,0,0.0,1.0,0.2,666,666,0.5222413679960174
280,280,280,1,0,13.0,0.0,0,11.0,0.0,1,1.0,0.0,0,1.0,0.0,0,0.0,1.0,0.2,280,280,0.511093884914144
1113,1113,1113,0,0,28.0,0.0,0,5.0,0.0,0,47106.0,0.0,0,0.0,1.0,0,1.0,0.0,0.2,1113,1113,0.5152298818833033
359,359,359,1,0,19.0,0.0,1,1.0,0.0,1,1.0,0.0,0,1.0,0.0,0,0.0,1.0,0.2,359,359,0.49936522502023206
1128,1128,1128,0,0,0.0,1.0,0,12.0,0.0,1,1.0,0.0,0,0.0,1.0,0,2.0,0.0,0.4,1128,1128,0.5362733435917658
1169,1169,1169,0,0,18.0,0.0,0,4.0,0.0,1,1.0,0.0,0,2.0,0.0,0,1.0,0.0,0.0,1169,1169,0.5086814265442211
847,847,847,1,0,44.0,0.0,1,1.0,0.0,1,1.0,0.0,0,1.0,0.0,0,0.0,1.0,0.2,847,847,0.5050328690239846
1521,1521,1521,0,0,28.0,0.0,0,4.0,0.0,1,1.0,0.0,0,1.0,0.0,0,0.0,1.0,0.2,1521,1521,0.5161124162212517
110,110,110,1,0,12.0,0.0,0,7.0,0.0,1,1.0,0.0,0,2.0,0.0,0,1.0,0.0,0.0,110,110,0.5066270630425577
42,42,42,1,0,38.0,0.0,0,9.0,0.0,1,1.0,0.0,0,2.0,0.0,0,0.0,1.0,0.2,42,42,0.5180908599573918
125,125,125,1,0,5.0,0.0,0,8.0,0.0,1,1.0,0.0,0,1.0,0.0,0,0.0,1.0,0.2,125,125,0.5099704353841853
204,204,204,1,0,37.0,0.0,0,10.0,0.0,1,1.0,0.0,0,0.0,1.0,0,0.0,1.0,0.4,204,204,0.5212890660016812
52,52,52,1,0,28.0,0.0,0,7.0,0.0,1,1.0,0.0,0,2.0,0.0,0,2.0,0.0,0.0,52,52,0.509137902465003
545,545,545,1,0,11.0,0.0,0,8.0,0.0,1,1.0,0.0,0,2.0,0.0,0,1.0,0.0,0.0,545,545,0.5061692402917304
68,68,68,1,0,41.0,0.0,0,4.0,0.0,1,1.0,0.0,0,1.0,0.0,0,1.0,0.0,0.0,68,68,0.5130312366281697
1740,1740,1740,0,0,11.0,0.0,0,12.0,0.0,0,55097.0,0.0,0,0.0,1.0,0,2.0,0.0,0.2,1740,1740,0.5087581073684223
1547,1547,1547,0,0,2.0,0.0,0,7.0,0.0,0,84223.0,0.0,0,1.0,0.0,0,1.0,0.0,0.0,1547,1547,0.5048689737494428
183,183,183,1,0,19.0,0.0,0,10.0,0.0,1,1.0,0.0,0,0.0,1.0,0,1.0,0.0,0.2,183,183,0.511214106119844
137,137,137,1,0,4.0,0.0,0,10.0,0.0,1,1.0,0.0,0,1.0,0.0,0,1.0,0.0,0.0,137,137,0.5032460609648705
899,899,899,1,0,1.0,0.0,0,12.0,0.0,1,1.0,0.0,0,2.0,0.0,0,2.0,0.0,0.0,899,899,0.501852813415074
796,796,796,1,0,24.0,0.0,0,3.0,0.0,1,1.0,0.0,0,1.0,0.0,0,0.0,1.0,0.2,796,796,0.5154355803307986
132,132,132,1,0,6.0,0.0,0,6.0,0.0,0,14096.0,0.0,0,1.0,0.0,0,1.0,0.0,0.0,132,132,0.5049370038129002
80,80,80,1,0,28.0,0.0,0,12.0,0.0,1,1.0,0.0,0,3.0,0.0,0,2.0,0.0,0.0,80,80,0.5088557452931325
1986,1986,1986,0,0,15.0,0.0,0,9.0,0.0,0,46403.0,0.0,0,2.0,0.0,0,0.0,1.0,0.2,1986,1986,0.513687927927421
1540,1540,1540,0,1,1.0,0.0,1,1.0,0.0,1,1.0,0.0,1,1.0,0.0,1,1.0,0.0,0.0,1540,1540,0.5124376163745675
541,541,541,1,0,9.0,0.0,0,5.0,0.0,1,1.0,0.0,0,1.0,0.0,0,0.0,1.0,0.2,541,541,0.5115703893952387
1668,1668,1668,0,0,21.0,0.0,0,9.0,0.0,0,46299.0,0.0,0,1.0,0.0,0,1.0,0.0,0.0,1668,1668,0.5081429390170534
983,983,983,1,0,5.0,0.0,0,7.0,0.0,1,1.0,0.0,0,1.0,0.0,0,2.0,0.0,0.0,983,983,0.5030437507220498
165,165,165,1,0,50.0,0.0,0,2.0,0.0,1,1.0,0.0,0,0.0,1.0,0,0.0,1.0,0.4,165,165,0.5260791084212161
248,248,248,1,0,20.0,0.0,0,5.0,0.0,0,45194.0,0.0,0,0.0,1.0,0,1.0,0.0,0.2,248,248,0.5133865326205843
446,446,446,1,0,10.0,0.0,0,6.0,0.0,0,40998.0,0.0,0,0.0,1.0,0,1.0,0.0,0.2,446,446,0.5108223980628437
1514,1514,1514,0,0,19.0,0.0,0,3.0,0.0,1,1.0,0.0,0,4.0,0.0,0,2.0,0.0,0.0,1514,1514,0.5097610272252129
858,858,858,1,0,13.0,0.0,0,2.0,0.0,1,1.0,0.0,0,1.0,0.0,0,2.0,0.0,0.0,858,858,0.5060119643972772
1211,1211,1211,0,0,32.0,0.0,0,10.0,0.0,0,1402.0,0.0,0,0.0,1.0,0,1.0,0.0,0.2,1211,1211,0.5142743877194436
97,97,97,1,0,0.0,1.0,0,10.0,0.0,0,14091.0,0.0,0,0.0,1.0,0,1.0,0.0,0.4,97,97,0.538009814214188
1973,1973,1973,0,0,47.0,0.0,0,4.0,0.0,1,1.0,0.0,0,1.0,0.0,0,0.0,1.0,0.2,1973,1973,0.5204174506955356
737,737,737,1,0,10.0,0.0,0,3.0,0.0,1,1.0,0.0,0,4.0,0.0,0,2.0,0.0,0.0,737,737,0.5077172804934579
1255,1255,1255,0,0,22.0,0.0,0,3.0,0.0,1,1.0,0.0,0,0.0,1.0,0,1.0,0.0,0.2,1255,1255,0.5135127777725549
102,102,102,1,0,40.0,0.0,0,18.0,0.0,1,1.0,0.0,0,2.0,0.0,0,2.0,0.0,0.0,102,102,0.5093217801225488
434,434,434,1,0,4.0,0.0,0,7.0,0.0,0,55100.0,0.0,0,0.0,1.0,0,1.0,0.0,0.2,434,434,0.5094452665053253
74,74,74,1,0,48.0,0.0,0,2.0,0.0,1,1.0,0.0,0,0.0,1.0,0,1.0,0.0,0.2,74,74,0.5196333332683577
1791,1791,1791,0,0,40.0,0.0,0,5.0,0.0,1,1.0,0.0,0,1.0,0.0,0,2.0,0.0,0.0,1791,1791,0.511451188307526
1234,1234,1234,0,0,6.0,0.0,0,6.0,0.0,0,43296.0,0.0,0,0.0,1.0,0,0.0,1.0,0.4,1234,1234,0.515977197658006
918,918,918,1,0,11.0,0.0,0,8.0,0.0,1,1.0,0.0,0,4.0,0.0,0,2.0,0.0,0.0,918,918,0.5067909724266701
1711,1711,1711,0,0,10.0,0.0,0,5.0,0.0,1,1.0,0.0,0,1.0,0.0,0,0.0,1.0,0.2,1711,1711,0.5117974123444239
1670,1670,1670,0,0,20.0,0.0,0,10.0,0.0,0,62012.0,0.0,0,1.0,0.0,0,2.0,0.0,0.0,1670,1670,0.5068022762512902
1620,1620,1620,0,0,8.0,0.0,0,9.0,0.0,1,1.0,0.0,0,0.0,1.0,0,2.0,0.0,0.2,1620,1620,0.5078289112011982
762,762,762,1,0,36.0,0.0,0,4.0,0.0,0,47629.0,0.0,0,2.0,0.0,0,0.0,1.0,0.2,762,762,0.5196208689170969
989,989,989,1,0,52.0,0.0,0,2.0,0.0,1,1.0,0.0,0,4.0,0.0,0,2.0,0.0,0.0,989,989,0.5174792578881632
388,388,388,1,0,13.0,0.0,0,7.0,0.0,1,1.0,0.0,0,1.0,0.0,0,1.0,0.0,0.0,388,388,0.505981951830704
235,235,235,1,0,25.0,0.0,0,6.0,0.0,1,1.0,0.0,0,1.0,0.0,0,1.0,0.0,0.0,235,235,0.5089375848748081
1506,1506,1506,0,0,12.0,0.0,0,9.0,0.0,0,14092.0,0.0,0,0.0,1.0,0,2.0,0.0,0.2,1506,1506,0.509050120265257
267,267,267,1,0,49.0,0.0,0,6.0,0.0,1,1.0,0.0,0,1.0,0.0,0,1.0,0.0,0.0,267,267,0.514385729569851
1187,1187,1187,0,0,10.0,0.0,0,11.0,0.0,0,64900.0,0.0,0,1.0,0.0,0,0.0,1.0,0.2,1187,1187,0.511503275434873
117,117,117,1,0,11.0,0.0,0,3.0,0.0,0,25929.0,0.0,0,3.0,0.0,0,0.0,1.0,0.2,117,117,0.5147227023430637
1606,1606,1606,0,0,9.0,0.0,0,9.0,0.0,0,84124.0,0.0,0,1.0,0.0,0,2.0,0.0,0.0,1606,1606,0.5048731849203317
673,673,673,1,0,17.0,0.0,0,9.0,0.0,1,1.0,0.0,0,2.0,0.0,0,1.0,0.0,0.0,673,673,0.5073010754785233
249,249,249,1,0,16.0,0.0,0,8.0,0.0,1,1.0,0.0,0,1.0,0.0,0,2.0,0.0,0.0,249,249,0.5053100449211363
1452,1452,1452,0,0,17.0,0.0,0,9.0,0.0,0,51096.0,0.0,0,1.0,0.0,0,0.0,1.0,0.2,1452,1452,0.5133425248316018
1994,1994,1994,0,0,10.0,0.0,0,8.0,0.0,0,42091.0,0.0,0,0.0,1.0,0,1.0,0.0,0.2,1994,1994,0.5103771980294652
94,94,94,1,0,58.0,0.0,0,0.0,1.0,1,1.0,0.0,0,1.0,0.0,0,1.0,0.0,0.2,94,94,0.5216949643506744
33,33,33,1,0,10.0,0.0,0,8.0,0.0,0,43299.0,0.0,0,1.0,0.0,0,0.0,1.0,0.2,33,33,0.5118652880076429
1463,1463,1463,0,0,43.0,0.0,0,2.0,0.0,0,1124.0,0.0,0,2.0,0.0,0,1.0,0.0,0.0,1463,1463,0.514933248595303
1667,1667,1667,0,1,1.0,0.0,1,1.0,0.0,1,1.0,0.0,1,1.0,0.0,1,1.0,0.0,0.0,1667,1667,0.5124376163745675
448,448,448,1,0,49.0,0.0,1,1.0,0.0,1,1.0,0.0,0,1.0,0.0,0,2.0,0.0,0.0,448,448,0.4990233245011848
716,716,716,1,0,8.0,0.0,0,9.0,0.0,0,14100.0,0.0,0,0.0,1.0,0,1.0,0.0,0.2,716,716,0.5092633186868057
1809,1809,1809,0,0,44.0,0.0,0,3.0,0.0,1,1.0,0.0,0,1.0,0.0,0,0.0,1.0,0.2,1809,1809,0.5199691060407785
1517,1517,1517,0,0,11.0,0.0,0,6.0,0.0,1,1.0,0.0,0,2.0,0.0,0,1.0,0.0,0.0,1517,1517,0.5066306427006747
0,0,0,1,0,14.0,0.0,0,9.0,0.0,0,13918.0,0.0,0,2.0,0.0,0,2.0,0.0,0.0,0,0,0.5058084040889205
1375,1375,1375,0,0,24.0,0.0,0,8.0,0.0,0,82195.0,0.0,0,1.0,0.0,0,1.0,0.0,0.0,1375,1375,0.5096014547839763
1101,1101,1101,0,0,17.0,0.0,0,12.0,0.0,1,1.0,0.0,0,0.0,1.0,0,1.0,0.0,0.2,1101,1101,0.5102980597201722
1108,1108,1108,0,0,1.0,0.0,0,8.0,0.0,0,18105.0,0.0,0,1.0,0.0,0,0.0,1.0,0.2,1108,1108,0.5094372508898136
1226,1226,1226,0,0,2.0,0.0,0,11.0,0.0,0,49220.0,0.0,0,2.0,0.0,0,1.0,0.0,0.0,1226,1226,0.5042836634471649
82,82,82,1,0,4.0,0.0,0,10.0,0.0,1,1.0,0.0,0,1.0,0.0,0,0.0,1.0,0.2,82,82,0.5092818665972662
1288,1288,1288,0,0,22.0,0.0,0,9.0,0.0,1,1.0,0.0,0,1.0,0.0,0,2.0,0.0,0.0,1288,1288,0.5064418403973182
676,676,676,1,0,0.0,1.0,0,9.0,0.0,0,84213.0,0.0,0,2.0,0.0,0,0.0,1.0,0.4,676,676,0.5418569354611874
1920,1920,1920,0,0,7.0,0.0,0,2.0,0.0,1,1.0,0.0,0,4.0,0.0,0,2.0,0.0,0.0,1920,1920,0.5072665418757075
1046,1046,1046,0,0,64.0,0.0,0,2.0,0.0,1,1.0,0.0,0,0.0,1.0,0,2.0,0.0,0.2,1046,1046,0.522135747583908
770,770,770,1,0,41.0,0.0,0,3.0,0.0,1,1.0,0.0,0,1.0,0.0,0,2.0,0.0,0.0,770,770,0.5121386061146757
1946,1946,1946,0,0,10.0,0.0,0,1.0,0.0,0,86896.0,0.0,0,1.0,0.0,0,2.0,0.0,0.0,1946,1946,0.50698198725494
1280,1280,1280,0,0,17.0,0.0,0,9.0,0.0,1,1.0,0.0,0,1.0,0.0,0,0.0,1.0,0.2,1280,1280,0.5124633999307064
1580,1580,1580,0,0,5.0,0.0,0,12.0,0.0,0,82199.0,0.0,0,0.0,1.0,0,0.0,1.0,0.4,1580,1580,0.5149606117980908
1488,1488,1488,0,0,3.0,0.0,0,7.0,0.0,0,25104.0,0.0,0,0.0,1.0,0,1.0,0.0,0.2,1488,1488,0.5087593110997212
404,404,404,1,0,4.0,0.0,0,9.0,0.0,1,1.0,0.0,0,0.0,1.0,0,2.0,0.0,0.2,404,404,0.5069207392339962
1727,1727,1727,0,0,24.0,0.0,0,6.0,0.0,1,1.0,0.0,0,0.0,1.0,0,2.0,0.0,0.2,1727,1727,0.5121530563415182
1298,1298,1298,0,0,30.0,0.0,1,1.0,0.0,1,1.0,0.0,0,1.0,0.0,0,1.0,0.0,0.0,1298,1298,0.4958424912444775
1340,1340,1340,0,0,15.0,0.0,0,8.0,0.0,0,40994.0,0.0,0,0.0,1.0,0,2.0,0.0,0.2,1340,1340,0.5103739631448154
104,104,104,1,0,24.0,0.0,0,4.0,0.0,1,1.0,0.0,0,7.0,0.0,0,2.0,0.0,0.0,104,104,0.5132782920231488
688,688,688,1,0,17.0,0.0,0,10.0,0.0,0,96998.0,0.0,0,5.0,0.0,0,0.0,1.0,0.2,688,688,0.5172938178627463
1305,1305,1305,0,0,51.0,0.0,0,1.0,0.0,1,1.0,0.0,0,2.0,0.0,0,0.0,1.0,0.2,1305,1305,0.5228819933403183
826,826,826,1,0,2.0,0.0,0,9.0,0.0,1,1.0,0.0,0,1.0,0.0,0,2.0,0.0,0.0,826,826,0.5019012690977037
62,62,62,1,0,11.0,0.0,0,9.0,0.0,0,40999.0,0.0,0,2.0,0.0,0,0.0,1.0,0.2,62,62,0.5126977559857405
852,852,852,1,0,14.0,0.0,0,7.0,0.0,1,1.0,0.0,0,1.0,0.0,0,0.0,1.0,0.2,852,852,0.5122441931440797
1353,1353,1353,0,0,19.0,0.0,0,4.0,0.0,1,1.0,0.0,0,2.0,0.0,0,1.0,0.0,0.0,1353,1353,0.5089085116049402
223,223,223,1,0,14.0,0.0,0,7.0,0.0,1,1.0,0.0,0,2.0,0.0,0,2.0,0.0,0.0,223,223,0.5059586655235614
145,145,145,1,0,25.0,0.0,0,6.0,0.0,1,1.0,0.0,0,0.0,1.0,0,2.0,0.0,0.2,145,145,0.512379902397476
1088,1088,1088,0,0,44.0,0.0,0,12.0,0.0,0,64189.0,0.0,0,1.0,0.0,0,0.0,1.0,0.2,1088,1088,0.5189704117065687
373,373,373,1,0,19.0,0.0,0,11.0,0.0,0,85092.0,0.0,0,0.0,1.0,0,1.0,0.0,0.2,373,373,0.5123849345935142
1420,1420,1420,0,0,36.0,0.0,0,0.0,1.0,1,1.0,0.0,0,2.0,0.0,0,2.0,0.0,0.2,1420,1420,0.5164887564855801
1142,1142,1142,0,0,5.0,0.0,0,4.0,0.0,1,1.0,0.0,0,1.0,0.0,0,2.0,0.0,0.0,1142,1142,0.5037358463856104
1826,1826,1826,0,0,34.0,0.0,0,1.0,0.0,1,1.0,0.0,0,0.0,1.0,0,2.0,0.0,0.2,1826,1826,0.5155757939359291
1494,1494,1494,0,0,19.0,0.0,0,6.0,0.0,1,1.0,0.0,0,0.0,1.0,0,2.0,0.0,0.2,1494,1494,0.5110185856493414
1601,1601,1601,0,0,20.0,0.0,0,7.0,0.0,0,25926.0,0.0,0,2.0,0.0,0,1.0,0.0,0.0,1601,1601,0.5089383638363708
1270,1270,1270,0,0,13.0,0.0,0,7.0,0.0,1,1.0,0.0,0,0.0,1.0,0,2.0,0.0,0.2,1270,1270,0.5094258519513778
9,9,9,1,0,48.0,0.0,0,1.0,0.0,1,1.0,0.0,0,4.0,0.0,0,2.0,0.0,0.0,9,9,0.5168031742508242
449,449,449,1,0,22.0,0.0,0,9.0,0.0,0,40997.0,0.0,0,3.0,0.0,0,1.0,0.0,0.0,449,449,0.5100331441559477
708,708,708,1,0,59.0,0.0,1,1.0,0.0,1,1.0,0.0,0,0.0,1.0,0,2.0,0.0,0.2,708,708,0.5058479788381541
255,255,255,1,0,6.0,0.0,0,12.0,0.0,0,45201.0,0.0,0,0.0,1.0,0,0.0,1.0,0.4,255,255,0.514616993801594
882,882,882,1,0,31.0,0.0,0,14.0,0.0,0,62015.0,0.0,0,0.0,1.0,0,1.0,0.0,0.2,882,882,0.514056295012101
389,389,389,1,0,35.0,0.0,0,9.0,0.0,1,1.0,0.0,0,1.0,0.0,0,2.0,0.0,0.0,389,389,0.5093940027994616
908,908,908,1,0,17.0,0.0,0,9.0,0.0,0,10785.0,0.0,0,0.0,1.0,0,2.0,0.0,0.2,908,908,0.5101339079961137
924,924,924,1,1,1.0,0.0,1,1.0,0.0,1,1.0,0.0,1,1.0,0.0,1,1.0,0.0,0.0,924,924,0.5124376163745675
1703,1703,1703,0,0,27.0,0.0,0,3.0,0.0,1,1.0,0.0,0,0.0,1.0,0,2.0,0.0,0.2,1703,1703,0.5135264910661744
1232,1232,1232,0,0,32.0,0.0,0,1.0,0.0,1,1.0,0.0,0,1.0,0.0,0,1.0,0.0,0.0,1232,1232,0.5116785615974483
460,460,460,1,0,47.0,0.0,0,9.0,0.0,1,1.0,0.0,0,1.0,0.0,0,1.0,0.0,0.0,460,460,0.5132396579476152
1269,1269,1269,0,0,19.0,0.0,0,7.0,0.0,1,1.0,0.0,0,2.0,0.0,0,2.0,0.0,0.0,1269,1269,0.5070940979967045
1759,1759,1759,0,0,29.0,0.0,0,8.0,0.0,0,69193.0,0.0,0,1.0,0.0,0,1.0,0.0,0.0,1759,1759,0.5105389321199246
1168,1168,1168,0,0,20.0,0.0,0,8.0,0.0,0,10707.0,0.0,0,1.0,0.0,0,0.0,1.0,0.2,1168,1168,0.5136360710853802
958,958,958,1,0,23.0,0.0,0,9.0,0.0,0,47205.0,0.0,0,1.0,0.0,0,2.0,0.0,0.0,958,958,0.5074881405262698
501,501,501,1,0,13.0,0.0,0,5.0,0.0,1,1.0,0.0,0,1.0,0.0,0,1.0,0.0,0.0,501,501,0.5064431405023674
739,739,739,1,0,4.0,0.0,0,6.0,0.0,0,47205.0,0.0,0,1.0,0.0,0,0.0,1.0,0.2,739,739,0.51102350565276
1849,1849,1849,0,0,30.0,0.0,0,8.0,0.0,1,1.0,0.0,0,2.0,0.0,0,1.0,0.0,0.0,1849,1849,0.5104835963272017
868,868,868,1,0,16.0,0.0,0,13.0,0.0,1,1.0,0.0,0,1.0,0.0,0,2.0,0.0,0.0,868,868,0.504156258588844
731,731,731,1,0,6.0,0.0,0,4.0,0.0,1,1.0,0.0,0,2.0,0.0,0,2.0,0.0,0.0,731,731,0.5048341849976069
539,539,539,1,0,3.0,0.0,0,0.0,1.0,1,1.0,0.0,0,2.0,0.0,0,1.0,0.0,0.2,539,539,0.5101383579677822
1201,1201,1201,0,0,10.0,0.0,0,7.0,0.0,0,49222.0,0.0,0,1.0,0.0,0,0.0,1.0,0.2,1201,1201,0.5121861194210661
697,697,697,1,0,54.0,0.0,0,3.0,0.0,1,1.0,0.0,0,1.0,0.0,0,0.0,1.0,0.2,697,697,0.5222321819189263
1392,1392,1392,0,0,8.0,0.0,0,1.0,0.0,1,1.0,0.0,0,1.0,0.0,0,2.0,0.0,0.0,1392,1392,0.5051078171143472
1376,1376,1376,0,0,2.0,0.0,0,5.0,0.0,0,55102.0,0.0,0,1.0,0.0,0,1.0,0.0,0.0,1376,1376,0.5048856362033114
1145,1145,1145,0,0,1.0,0.0,0,13.0,0.0,1,1.0,0.0,0,1.0,0.0,0,1.0,0.0,0.0,1145,1145,0.5018722326016937
1031,1031,1031,0,0,12.0,0.0,0,6.0,0.0,1,1.0,0.0,0,2.0,0.0,0,0.0,1.0,0.2,1031,1031,0.5128922775667443
372,372,372,1,0,12.0,0.0,0,7.0,0.0,1,1.0,0.0,0,2.0,0.0,0,1.0,0.0,0.0,372,372,0.5066270630425577
667,667,667,1,1,1.0,0.0,1,1.0,0.0,1,1.0,0.0,1,1.0,0.0,1,1.0,0.0,0.0,667,667,0.5124376163745675
1525,1525,1525,0,0,31.0,0.0,0,4.0,0.0,0,49227.0,0.0,0,1.0,0.0,0,0.0,1.0,0.2,1525,1525,0.5176421126193269
357,357,357,1,0,52.0,0.0,0,4.0,0.0,1,1.0,0.0,0,1.0,0.0,0,2.0,0.0,0.0,357,357,0.5144055372004572
967,967,967,1,1,1.0,0.0,1,1.0,0.0,1,1.0,0.0,1,1.0,0.0,1,1.0,0.0,0.0,967,967,0.5124376163745675
783,783,783,1,0,14.0,0.0,0,10.0,0.0,1,1.0,0.0,0,1.0,0.0,0,1.0,0.0,0.0,783,783,0.5055168940282359
735,735,735,1,0,37.0,0.0,0,8.0,0.0,0,52203.0,0.0,0,0.0,1.0,0,1.0,0.0,0.2,735,735,0.5166531989156543
1035,1035,1035,0,0,5.0,0.0,0,1.0,0.0,0,43299.0,0.0,0,1.0,0.0,0,1.0,0.0,0.0,1035,1035,0.5063076628728905
970,970,970,1,0,27.0,0.0,0,4.0,0.0,1,1.0,0.0,0,1.0,0.0,0,1.0,0.0,0.0,970,970,0.5098526323037481
1524,1524,1524,0,0,41.0,0.0,0,6.0,0.0,1,1.0,0.0,0,1.0,0.0,0,0.0,1.0,0.2,1524,1524,0.5185970314399334
1486,1486,1486,0,0,14.0,0.0,0,10.0,0.0,1,1.0,0.0,0,0.0,1.0,0,0.0,1.0,0.4,1486,1486,0.5160992143995932
1523,1523,1523,0,0,21.0,0.0,0,11.0,0.0,1,1.0,0.0,0,1.0,0.0,0,1.0,0.0,0.0,1523,1523,0.5068758265211081
1490,1490,1490,0,0,1.0,0.0,0,9.0,0.0,1,1.0,0.0,0,1.0,0.0,0,2.0,0.0,0.0,1490,1490,0.501674345948659
1642,1642,1642,0,0,2.0,0.0,0,8.0,0.0,0,47592.0,0.0,0,1.0,0.0,0,1.0,0.0,0.0,1642,1642,0.5040792434589165
1252,1252,1252,0,0,1.0,0.0,0,10.0,0.0,0,47527.0,0.0,0,2.0,0.0,0,1.0,0.0,0.0,1252,1252,0.5042614991676021
1693,1693,1693,0,0,4.0,0.0,0,7.0,0.0,1,1.0,0.0,0,0.0,1.0,0,1.0,0.0,0.2,1693,1693,0.5085043928160811
1749,1749,1749,0,0,10.0,0.0,0,10.0,0.0,0,71099.0,0.0,0,1.0,0.0,0,0.0,1.0,0.2,1749,1749,0.5118283919172643
1236,1236,1236,0,0,39.0,0.0,0,8.0,0.0,1,1.0,0.0,0,1.0,0.0,0,0.0,1.0,0.2,1236,1236,0.5176818063000296
885,885,885,1,0,9.0,0.0,0,6.0,0.0,0,10791.0,0.0,0,1.0,0.0,0,1.0,0.0,0.0,885,885,0.5055677193774452
79,79,79,1,0,27.0,0.0,0,2.0,0.0,1,1.0,0.0,0,1.0,0.0,0,1.0,0.0,0.0,79,79,0.510313160686472
1172,1172,1172,0,0,9.0,0.0,0,9.0,0.0,1,1.0,0.0,0,2.0,0.0,0,1.0,0.0,0.0,1172,1172,0.505484267805464
814,814,814,1,0,27.0,0.0,0,8.0,0.0,1,1.0,0.0,0,1.0,0.0,0,1.0,0.0,0.0,814,814,0.508930565654165
1285,1285,1285,0,0,4.0,0.0,0,7.0,0.0,0,14090.0,0.0,0,1.0,0.0,0,1.0,0.0,0.0,1285,1285,0.504252077302387
671,671,671,1,0,18.0,0.0,0,6.0,0.0,1,1.0,0.0,0,1.0,0.0,0,2.0,0.0,0.0,671,671,0.5062253166820163
1531,1531,1531,0,0,59.0,0.0,0,1.0,0.0,1,1.0,0.0,0,1.0,0.0,0,1.0,0.0,0.0,1531,1531,0.5178060662973275
57,57,57,1,0,1.0,0.0,0,10.0,0.0,0,47592.0,0.0,0,1.0,0.0,0,1.0,0.0,0.0,57,57,0.5033907649441824
133,133,133,1,0,28.0,0.0,0,11.0,0.0,1,1.0,0.0,0,1.0,0.0,0,0.0,1.0,0.2,133,133,0.5144959132237609
1140,1140,1140,0,0,7.0,0.0,0,8.0,0.0,0,85206.0,0.0,0,1.0,0.0,0,1.0,0.0,0.0,1140,1140,0.5057880792500072
933,933,933,1,0,13.0,0.0,0,12.0,0.0,0,65108.0,0.0,0,0.0,1.0,0,2.0,0.0,0.2,933,933,0.5093653419789503
1684,1684,1684,0,0,5.0,0.0,0,5.0,0.0,0,49212.0,0.0,0,0.0,1.0,0,1.0,0.0,0.2,1684,1684,0.5100438659006618
823,823,823,1,0,29.0,0.0,0,2.0,0.0,1,1.0,0.0,0,0.0,1.0,0,2.0,0.0,0.2,823,823,0.5142110132207288
1214,1214,1214,0,0,34.0,0.0,0,7.0,0.0,0,85481.0,0.0,0,0.0,1.0,0,1.0,0.0,0.2,1214,1214,0.5167161144036455
504,504,504,1,0,2.0,0.0,0,2.0,0.0,0,86897.0,0.0,0,0.0,1.0,0,1.0,0.0,0.2,504,504,0.5106287574836221
1774,1774,1774,0,0,40.0,0.0,0,7.0,0.0,1,1.0,0.0,0,1.0,0.0,0,0.0,1.0,0.2,1774,1774,0.518139463870171
347,347,347,1,0,10.0,0.0,0,10.0,0.0,0,74199.0,0.0,0,0.0,1.0,0,0.0,1.0,0.4,347,347,0.5164327959231022
386,386,386,1,0,7.0,0.0,0,7.0,0.0,0,47719.0,0.0,0,1.0,0.0,0,2.0,0.0,0.0,386,386,0.5043248427397123
1024,1024,1024,0,0,6.0,0.0,0,4.0,0.0,0,47813.0,0.0,0,2.0,0.0,0,1.0,0.0,0.0,1024,1024,0.5067847148220361
894,894,894,1,0,50.0,0.0,0,2.0,0.0,1,1.0,0.0,0,1.0,0.0,0,1.0,0.0,0.0,894,894,0.5155343500704759
828,828,828,1,0,1.0,0.0,0,6.0,0.0,1,1.0,0.0,0,0.0,1.0,0,1.0,0.0,0.2,828,828,0.508054254285227
1892,1892,1892,0,0,38.0,0.0,0,8.0,0.0,1,1.0,0.0,0,1.0,0.0,0,1.0,0.0,0.0,1892,1892,0.5114280431681144
475,475,475,1,0,40.0,0.0,0,7.0,0.0,0,49221.0,0.0,0,1.0,0.0,0,0.0,1.0,0.2,475,475,0.5189902878716143
1470,1470,1470,0,0,19.0,0.0,0,4.0,0.0,1,1.0,0.0,0,1.0,0.0,0,2.0,0.0,0.0,1470,1470,0.5069132186066784
1447,1447,1447,0,0,36.0,0.0,0,3.0,0.0,1,1.0,0.0,0,0.0,1.0,0,1.0,0.0,0.2,1447,1447,0.5166859045887884
1581,1581,1581,0,0,6.0,0.0,0,10.0,0.0,0,47406.0,0.0,0,0.0,1.0,0,1.0,0.0,0.2,1581,1581,0.5090887775452851
652,652,652,1,0,31.0,0.0,0,9.0,0.0,1,1.0,0.0,0,1.0,0.0,0,1.0,0.0,0.0,652,652,0.5096081387719132
172,172,172,1,0,8.0,0.0,0,0.0,1.0,1,1.0,0.0,0,1.0,0.0,0,2.0,0.0,0.2,172,172,0.5092837955825081
1149,1149,1149,0,0,12.0,0.0,0,7.0,0.0,1,1.0,0.0,0,0.0,1.0,0,2.0,0.0,0.2,1149,1149,0.5091988518291429
38,38,38,1,0,13.0,0.0,0,5.0,0.0,1,1.0,0.0,0,1.0,0.0,0,1.0,0.0,0.0,38,38,0.5064431405023674
713,713,713,1,0,30.0,0.0,0,2.0,0.0,1,1.0,0.0,0,1.0,0.0,0,1.0,0.0,0.0,713,713,0.5109943533260891
90,90,90,1,0,61.0,0.0,0,6.0,0.0,1,1.0,0.0,0,1.0,0.0,0,1.0,0.0,0.0,90,90,0.5171069293950145
1936,1936,1936,0,0,10.0,0.0,0,6.0,0.0,0,49232.0,0.0,0,3.0,0.0,0,0.0,1.0,0.2,1936,1936,0.5141599666525253
1205,1205,1205,0,0,10.0,0.0,0,4.0,0.0,1,1.0,0.0,0,1.0,0.0,0,1.0,0.0,0.0,1205,1205,0.5059925251933596
875,875,875,1,0,23.0,0.0,0,10.0,0.0,0,64181.0,0.0,0,1.0,0.0,0,1.0,0.0,0.0,875,875,0.5086393688956606
1351,1351,1351,0,0,31.0,0.0,0,10.0,0.0,0,85218.0,0.0,0,0.0,1.0,0,1.0,0.0,0.2,1351,1351,0.5153389627315154
1889,1889,1889,0,0,22.0,0.0,0,14.0,0.0,0,85484.0,0.0,0,2.0,0.0,0,1.0,0.0,0.0,1889,1889,0.5086873562025823
1093,1093,1093,0,0,26.0,0.0,0,1.0,0.0,0,45400.0,0.0,0,1.0,0.0,0,1.0,0.0,0.0,1093,1093,0.5111062328450311
1155,1155,1155,0,0,29.0,0.0,0,3.0,0.0,1,1.0,0.0,0,1.0,0.0,0,1.0,0.0,0.0,1155,1155,0.5105370832246044
1781,1781,1781,0,0,14.0,0.0,0,9.0,0.0,1,1.0,0.0,0,2.0,0.0,0,1.0,0.0,0.0,1781,1781,0.5066197842515687
1958,1958,1958,0,0,18.0,0.0,0,5.0,0.0,0,96995.0,0.0,0,0.0,1.0,0,1.0,0.0,0.2,1958,1958,0.513724234631988
499,499,499,1,0,40.0,0.0,0,5.0,0.0,1,1.0,0.0,0,0.0,1.0,0,1.0,0.0,0.2,499,499,0.5171285648165375
338,338,338,1,0,0.0,1.0,0,15.0,0.0,0,84118.0,0.0,0,0.0,1.0,0,1.0,0.0,0.4,338,338,0.5380314334045416
1188,1188,1188,0,0,47.0,0.0,0,4.0,0.0,1,1.0,0.0,0,0.0,1.0,0,1.0,0.0,0.2,1188,1188,0.5189438362200623
28,28,28,1,0,2.0,0.0,0,5.0,0.0,0,41002.0,0.0,0,0.0,1.0,0,1.0,0.0,0.2,28,28,0.5092372591151477
1217,1217,1217,0,0,13.0,0.0,0,12.0,0.0,1,1.0,0.0,0,0.0,1.0,0,2.0,0.0,0.2,1217,1217,0.5082707798564806
1399,1399,1399,0,0,15.0,0.0,0,10.0,0.0,1,1.0,0.0,0,2.0,0.0,0,0.0,1.0,0.2,1399,1399,0.5126490044397024
1820,1820,1820,0,0,41.0,0.0,0,5.0,0.0,1,1.0,0.0,0,1.0,0.0,0,2.0,0.0,0.0,1820,1820,0.5116782365929814
945,945,945,1,0,53.0,0.0,0,5.0,0.0,1,1.0,0.0,0,4.0,0.0,0,2.0,0.0,0.0,945,945,0.5170130197938828
169,169,169,1,0,49.0,0.0,0,1.0,0.0,1,1.0,0.0,0,2.0,0.0,0,0.0,1.0,0.2,169,169,0.5224297610033283
1404,1404,1404,0,0,40.0,0.0,0,5.0,0.0,1,1.0,0.0,0,1.0,0.0,0,2.0,0.0,0.0,1404,1404,0.511451188307526
1197,1197,1197,0,0,12.0,0.0,0,12.0,0.0,0,10625.0,0.0,0,1.0,0.0,0,1.0,0.0,0.0,1197,1197,0.5048617870891231
1253,1253,1253,0,0,26.0,0.0,0,6.0,0.0,1,1.0,0.0,0,1.0,0.0,0,1.0,0.0,0.0,1253,1253,0.5091646687371217
1613,1613,1613,0,0,44.0,0.0,0,8.0,0.0,1,1.0,0.0,0,1.0,0.0,0,2.0,0.0,0.0,1613,1613,0.5116680172046828
912,912,912,1,0,56.0,0.0,0,2.0,0.0,1,1.0,0.0,0,0.0,1.0,0,1.0,0.0,0.2,912,912,0.5214415774123665
491,491,491,1,0,37.0,0.0,0,8.0,0.0,1,1.0,0.0,0,3.0,0.0,0,1.0,0.0,0.0,491,491,0.5129428344083176
953,953,953,1,0,4.0,0.0,0,6.0,0.0,1,1.0,0.0,0,1.0,0.0,0,0.0,1.0,0.2,953,953,0.5102046472756148
1097,1097,1097,0,0,42.0,0.0,0,6.0,0.0,1,1.0,0.0,0,1.0,0.0,0,1.0,0.0,0.0,1097,1097,0.512797267881863
1032,1032,1032,0,0,58.0,0.0,0,4.0,0.0,1,1.0,0.0,0,1.0,0.0,0,2.0,0.0,0.0,1032,1032,0.51576704021045
587,587,587,1,0,26.0,0.0,0,10.0,0.0,1,1.0,0.0,0,1.0,0.0,0,1.0,0.0,0.0,587,587,0.5082420548470322
750,750,750,1,0,18.0,0.0,0,10.0,0.0,0,62018.0,0.0,0,0.0,1.0,0,1.0,0.0,0.2,750,750,0.5120354911457089
657,657,657,1,0,7.0,0.0,0,8.0,0.0,0,26196.0,0.0,0,0.0,1.0,0,1.0,0.0,0.2,657,657,0.509452900394527
234,234,234,1,0,0.0,1.0,0,8.0,0.0,1,1.0,0.0,0,0.0,1.0,0,1.0,0.0,0.4,234,234,0.538247667134144
732,732,732,1,0,35.0,0.0,0,5.0,0.0,1,1.0,0.0,0,1.0,0.0,0,2.0,0.0,0.0,732,732,0.5103158795464942
1988,1988,1988,0,0,5.0,0.0,0,9.0,0.0,1,1.0,0.0,0,2.0,0.0,0,2.0,0.0,0.0,1988,1988,0.5034536152609322
1632,1632,1632,0,0,18.0,0.0,0,4.0,0.0,0,13990.0,0.0,0,2.0,0.0,0,1.0,0.0,0.0,1632,1632,0.508993846503183
1156,1156,1156,0,0,16.0,0.0,0,3.0,0.0,1,1.0,0.0,0,0.0,1.0,0,1.0,0.0,0.2,1156,1156,0.5121516711477119
1469,1469,1469,0,0,53.0,0.0,1,1.0,0.0,1,1.0,0.0,0,1.0,0.0,0,1.0,0.0,0.0,1469,1469,0.5010466084941972
1424,1424,1424,0,0,41.0,0.0,1,1.0,0.0,1,1.0,0.0,0,1.0,0.0,0,1.0,0.0,0.0,1424,1424,0.4983294640517753
1627,1627,1627,0,0,39.0,0.0,1,1.0,0.0,1,1.0,0.0,0,1.0,0.0,0,1.0,0.0,0.0,1627,1627,0.49787699771171184
934,934,934,1,0,6.0,0.0,0,10.0,0.0,0,84220.0,0.0,0,0.0,1.0,0,0.0,1.0,0.4,934,934,0.5156809573806118
1209,1209,1209,0,0,63.0,0.0,0,18.0,0.0,1,1.0,0.0,0,1.0,0.0,0,1.0,0.0,0.0,1209,1209,0.514782867587522
1065,1065,1065,0,0,36.0,0.0,0,8.0,0.0,0,49223.0,0.0,0,1.0,0.0,0,0.0,1.0,0.2,1065,1065,0.517853295354468
108,108,108,1,0,41.0,0.0,0,5.0,0.0,1,1.0,0.0,0,0.0,1.0,0,0.0,1.0,0.4,108,108,0.5233547008799538
1542,1542,1542,0,0,51.0,0.0,0,9.0,0.0,1,1.0,0.0,0,1.0,0.0,0,1.0,0.0,0.0,1542,1542,0.5141469762731267
568,568,568,1,0,3.0,0.0,0,9.0,0.0,0,56105.0,0.0,0,2.0,0.0,0,2.0,0.0,0.0,568,568,0.5039553185109611
1167,1167,1167,0,0,48.0,0.0,0,2.0,0.0,1,1.0,0.0,0,0.0,1.0,0,2.0,0.0,0.2,1167,1167,0.5185171307593014
1174,1174,1174,0,0,47.0,0.0,0,2.0,0.0,1,1.0,0.0,0,4.0,0.0,0,2.0,0.0,0.0,1174,1174,0.516345828366893
890,890,890,1,1,1.0,0.0,1,1.0,0.0,1,1.0,0.0,1,1.0,0.0,1,1.0,0.0,0.0,890,890,0.5124376163745675
947,947,947,1,0,13.0,0.0,0,7.0,0.0,0,85099.0,0.0,0,0.0,1.0,0,2.0,0.0,0.2,947,947,0.5108245280720077
1048,1048,1048,0,0,15.0,0.0,0,5.0,0.0,1,1.0,0.0,0,1.0,0.0,0,2.0,0.0,0.0,1048,1048,0.5057747375952477
1352,1352,1352,0,0,55.0,0.0,0,1.0,0.0,1,1.0,0.0,0,1.0,0.0,0,2.0,0.0,0.0,1352,1352,0.5157764689535207
1777,1777,1777,0,0,40.0,0.0,0,1.0,0.0,1,1.0,0.0,0,0.0,1.0,0,1.0,0.0,0.2,1777,1777,0.5180543123082348
1446,1446,1446,0,0,31.0,0.0,0,11.0,0.0,1,1.0,0.0,0,1.0,0.0,0,1.0,0.0,0.0,1446,1446,0.50914655871004
884,884,884,1,0,37.0,0.0,0,9.0,0.0,0,49217.0,0.0,0,1.0,0.0,0,0.0,1.0,0.2,884,884,0.5178488507898927
1672,1672,1672,0,0,34.0,0.0,0,3.0,0.0,1,1.0,0.0,0,0.0,1.0,0,1.0,0.0,0.2,1672,1672,0.5162328798513142
850,850,850,1,0,10.0,0.0,0,9.0,0.0,1,1.0,0.0,0,2.0,0.0,0,1.0,0.0,0.0,850,850,0.5057113715835365
734,734,734,1,0,9.0,0.0,0,3.0,0.0,1,1.0,0.0,0,0.0,1.0,0,2.0,0.0,0.2,734,734,0.5094410042980181
717,717,717,1,0,20.0,0.0,0,10.0,0.0,0,14099.0,0.0,0,1.0,0.0,0,0.0,1.0,0.2,717,717,0.5132259406589371
454,454,454,1,0,2.0,0.0,0,13.0,0.0,1,1.0,0.0,0,2.0,0.0,0,1.0,0.0,0.0,454,454,0.5029711859474393
264,264,264,1,0,30.0,0.0,1,1.0,0.0,1,1.0,0.0,0,1.0,0.0,0,1.0,0.0,0.0,264,264,0.4958424912444775
75,75,75,1,0,3.0,0.0,0,8.0,0.0,0,95102.0,0.0,0,1.0,0.0,0,0.0,1.0,0.2,75,75,0.5110648401764006
1657,1657,1657,0,0,6.0,0.0,0,7.0,0.0,0,56206.0,0.0,0,1.0,0.0,0,2.0,0.0,0.0,1657,1657,0.5042275184382854
444,444,444,1,0,11.0,0.0,0,7.0,0.0,0,40997.0,0.0,0,1.0,0.0,0,1.0,0.0,0.0,444,444,0.5062523519879059
395,395,395,1,0,7.0,0.0,0,13.0,0.0,0,64183.0,0.0,0,2.0,0.0,0,1.0,0.0,0.0,395,395,0.5051862303491431
176,176,176,1,0,54.0,0.0,0,4.0,0.0,1,1.0,0.0,0,0.0,1.0,0,1.0,0.0,0.2,176,176,0.5205259145185285
1042,1042,1042,0,0,35.0,0.0,0,0.0,1.0,0,99995.0,0.0,0,2.0,0.0,0,0.0,1.0,0.4,1042,1042,0.5250053610365342
1735,1735,1735,0,0,57.0,0.0,0,0.0,1.0,1,1.0,0.0,0,1.0,0.0,0,1.0,0.0,0.2,1735,1735,0.5214701279361031
1401,1401,1401,0,0,13.0,0.0,0,11.0,0.0,0,46290.0,0.0,0,1.0,0.0,0,1.0,0.0,0.0,1401,1401,0.5058647858992115
1380,1380,1380,0,0,21.0,0.0,0,7.0,0.0,0,1278.0,0.0,0,2.0,0.0,0,0.0,1.0,0.2,1380,1380,0.5148186011261809
595,595,595,1,0,7.0,0.0,0,6.0,0.0,1,1.0,0.0,0,0.0,1.0,0,2.0,0.0,0.2,595,595,0.5082945633359995
61,61,61,1,0,23.0,0.0,0,7.0,0.0,0,13934.0,0.0,0,1.0,0.0,0,2.0,0.0,0.0,61,61,0.507441649291839
1296,1296,1296,0,0,30.0,0.0,0,11.0,0.0,0,85097.0,0.0,0,1.0,0.0,0,1.0,0.0,0.0,1296,1296,0.5103173268973903
872,872,872,1,0,0.0,1.0,0,11.0,0.0,1,1.0,0.0,0,0.0,1.0,0,1.0,0.0,0.4,872,872,0.5375064600345771
1489,1489,1489,0,0,31.0,0.0,0,11.0,0.0,1,1.0,0.0,0,1.0,0.0,0,2.0,0.0,0.0,1489,1489,0.5080243163173933
1878,1878,1878,0,0,10.0,0.0,0,10.0,0.0,1,1.0,0.0,0,1.0,0.0,0,0.0,1.0,0.2,1878,1878,0.5106439370190019
278,278,278,1,0,33.0,0.0,0,10.0,0.0,0,84121.0,0.0,0,0.0,1.0,0,1.0,0.0,0.2,278,278,0.5157753395308785
36,36,36,1,0,10.0,0.0,0,1.0,0.0,1,1.0,0.0,0,1.0,0.0,0,1.0,0.0,0.0,36,36,0.5066837020565362
1975,1975,1975,0,0,41.0,0.0,0,8.0,0.0,1,1.0,0.0,0,4.0,0.0,0,1.0,0.0,0.0,1975,1975,0.5147186745472934
662,662,662,1,0,4.0,0.0,0,6.0,0.0,1,1.0,0.0,0,1.0,0.0,0,1.0,0.0,0.0,662,662,0.5041692034331448
1953,1953,1953,0,0,25.0,0.0,0,10.0,0.0,0,64187.0,0.0,0,0.0,1.0,0,0.0,1.0,0.4,1953,1953,0.5196705816624858
1444,1444,1444,0,0,5.0,0.0,0,10.0,0.0,1,1.0,0.0,0,0.0,1.0,0,2.0,0.0,0.2,1444,1444,0.5069168678992975
977,977,977,1,0,43.0,0.0,0,8.0,0.0,0,45197.0,0.0,0,1.0,0.0,0,1.0,0.0,0.0,977,977,0.5133515613686028
1571,1571,1571,0,0,15.0,0.0,0,7.0,0.0,0,17018.0,0.0,0,2.0,0.0,0,2.0,0.0,0.0,1571,1571,0.506544285226983
738,738,738,1,0,4.0,0.0,0,7.0,0.0,0,97002.0,0.0,0,2.0,0.0,0,2.0,0.0,0.0,738,738,0.5052672491806717
191,191,191,1,0,18.0,0.0,0,4.0,0.0,1,1.0,0.0,0,1.0,0.0,0,1.0,0.0,0.0,191,191,0.5078089423743378
919,919,919,1,0,4.0,0.0,0,10.0,0.0,0,71093.0,0.0,0,2.0,0.0,0,0.0,1.0,0.2,919,919,0.5113382104341363
456,456,456,1,0,26.0,0.0,0,10.0,0.0,1,1.0,0.0,0,1.0,0.0,0,2.0,0.0,0.0,456,456,0.5071195517876957
675,675,675,1,0,15.0,0.0,0,10.0,0.0,0,47106.0,0.0,0,2.0,0.0,0,2.0,0.0,0.0,675,675,0.5063117346500635
760,760,760,1,0,20.0,0.0,0,8.0,0.0,0,47820.0,0.0,0,2.0,0.0,0,1.0,0.0,0.0,760,760,0.509041973789917
1807,1807,1807,0,0,4.0,0.0,0,5.0,0.0,0,49213.0,0.0,0,0.0,1.0,0,0.0,1.0,0.4,1807,1807,0.5158463048102337
1602,1602,1602,0,0,18.0,0.0,0,6.0,0.0,1,1.0,0.0,0,1.0,0.0,0,0.0,1.0,0.2,1602,1602,0.5133826349808474
728,728,728,1,0,13.0,0.0,0,6.0,0.0,1,1.0,0.0,0,0.0,1.0,0,1.0,0.0,0.2,728,728,0.5107779913035614
412,412,412,1,0,14.0,0.0,0,11.0,0.0,0,85489.0,0.0,0,2.0,0.0,0,0.0,1.0,0.2,412,412,0.5135971318529657
1098,1098,1098,0,0,20.0,0.0,0,7.0,0.0,0,85201.0,0.0,0,2.0,0.0,0,1.0,0.0,0.0,1098,1098,0.5098419268389635
825,825,825,1,0,19.0,0.0,0,6.0,0.0,0,84222.0,0.0,0,1.0,0.0,0,1.0,0.0,0.0,825,825,0.5089571601610497
1639,1639,1639,0,0,22.0,0.0,0,10.0,0.0,0,10602.0,0.0,0,1.0,0.0,0,0.0,1.0,0.2,1639,1639,0.5136257843483625
616,616,616,1,0,4.0,0.0,0,10.0,0.0,1,1.0,0.0,0,2.0,0.0,0,1.0,0.0,0.0,616,616,0.5041179507520638
114,114,114,1,0,4.0,0.0,0,13.0,0.0,0,81299.0,0.0,0,0.0,1.0,0,1.0,0.0,0.2,114,114,0.5084607485719362
417,417,417,1,0,46.0,0.0,0,0.0,1.0,1,1.0,0.0,0,1.0,0.0,0,1.0,0.0,0.2,417,417,0.5189937737013279
1910,1910,1910,0,0,23.0,0.0,0,9.0,0.0,1,1.0,0.0,0,1.0,0.0,0,1.0,0.0,0.0,1910,1910,0.507791533138927
969,969,969,1,0,20.0,0.0,0,5.0,0.0,1,1.0,0.0,0,1.0,0.0,0,2.0,0.0,0.0,969,969,0.5069098688983834
604,604,604,1,0,7.0,0.0,0,3.0,0.0,0,46489.0,0.0,0,0.0,1.0,0,1.0,0.0,0.2,604,604,0.5109177244586428
1918,1918,1918,0,0,26.0,0.0,0,10.0,0.0,1,1.0,0.0,0,2.0,0.0,0,2.0,0.0,0.0,1918,1918,0.50799169554569
89,89,89,1,0,12.0,0.0,0,4.0,0.0,1,1.0,0.0,0,1.0,0.0,0,2.0,0.0,0.0,89,89,0.5053242610099108
848,848,848,1,0,13.0,0.0,0,11.0,0.0,1,1.0,0.0,0,1.0,0.0,0,1.0,0.0,0.0,848,848,0.5050590013265644
1519,1519,1519,0,1,1.0,0.0,1,1.0,0.0,1,1.0,0.0,1,1.0,0.0,1,1.0,0.0,0.0,1519,1519,0.5124376163745675
1917,1917,1917,0,0,11.0,0.0,0,8.0,0.0,1,1.0,0.0,0,1.0,0.0,0,1.0,0.0,0.0,1917,1917,0.5052971102703124
753,753,753,1,0,16.0,0.0,0,10.0,0.0,0,64185.0,0.0,0,0.0,1.0,0,1.0,0.0,0.2,753,753,0.5116150237587331
498,498,498,1,0,8.0,0.0,0,10.0,0.0,1,1.0,0.0,0,1.0,0.0,0,1.0,0.0,0.0,498,498,0.5041543391557339
1276,1276,1276,0,0,23.0,0.0,0,10.0,0.0,1,1.0,0.0,0,0.0,1.0,0,1.0,0.0,0.2,1276,1276,0.5121207717134689
1325,1325,1325,0,0,14.0,0.0,0,3.0,0.0,0,49212.0,0.0,0,0.0,1.0,0,1.0,0.0,0.2,1325,1325,0.5125482545852665
11,11,11,1,0,18.0,0.0,0,6.0,0.0,0,49219.0,0.0,0,1.0,0.0,0,0.0,1.0,0.2,11,11,0.5142322933572583
396,396,396,1,0,13.0,0.0,0,14.0,0.0,1,1.0,0.0,0,1.0,0.0,0,1.0,0.0,0.0,396,396,0.5043664924861706
284,284,284,1,0,23.0,0.0,0,9.0,0.0,1,1.0,0.0,0,2.0,0.0,0,1.0,0.0,0.0,284,284,0.5086635453165188
1066,1066,1066,0,0,22.0,0.0,0,7.0,0.0,1,1.0,0.0,0,2.0,0.0,0,1.0,0.0,0.0,1066,1066,0.508897976731954
1191,1191,1191,0,0,24.0,0.0,0,9.0,0.0,0,47109.0,0.0,0,0.0,1.0,0,1.0,0.0,0.2,1191,1191,0.5133983968626813
1744,1744,1744,0,0,25.0,0.0,0,3.0,0.0,1,1.0,0.0,0,1.0,0.0,0,2.0,0.0,0.0,1744,1744,0.508505699349798
690,690,690,1,0,37.0,0.0,0,8.0,0.0,1,1.0,0.0,0,2.0,0.0,0,0.0,1.0,0.2,690,690,0.518096150573491
1752,1752,1752,0,0,4.0,0.0,0,8.0,0.0,0,47812.0,0.0,0,0.0,1.0,0,0.0,1.0,0.4,1752,1752,0.5151308177579277
1875,1875,1875,0,0,28.0,0.0,0,4.0,0.0,1,1.0,0.0,0,0.0,1.0,0,1.0,0.0,0.2,1875,1875,0.5146420422294234
689,689,689,1,0,41.0,0.0,0,0.0,1.0,1,1.0,0.0,0,0.0,1.0,0,1.0,0.0,0.4,689,689,0.522348061082838
851,851,851,1,0,1.0,0.0,0,12.0,0.0,1,1.0,0.0,0,1.0,0.0,0,2.0,0.0,0.0,851,851,0.5009814766383203
159,159,159,1,0,16.0,0.0,0,9.0,0.0,0,49218.0,0.0,0,2.0,0.0,0,1.0,0.0,0.0,159,159,0.5079243559130622
895,895,895,1,0,48.0,0.0,0,2.0,0.0,1,1.0,0.0,0,1.0,0.0,0,1.0,0.0,0.0,895,895,0.5150805217738219
1575,1575,1575,0,0,36.0,0.0,0,7.0,0.0,1,1.0,0.0,0,0.0,1.0,0,0.0,1.0,0.4,1575,1575,0.5217626279797081
257,257,257,1,0,7.0,0.0,0,6.0,0.0,0,14097.0,0.0,0,2.0,0.0,0,1.0,0.0,0.0,257,257,0.5060361867877106
335,335,335,1,0,27.0,0.0,0,7.0,0.0,1,1.0,0.0,0,3.0,0.0,0,1.0,0.0,0.0,335,335,0.5109048466000661
1879,1879,1879,0,0,8.0,0.0,0,6.0,0.0,0,47111.0,0.0,0,0.0,1.0,0,1.0,0.0,0.2,1879,1879,0.5104619813889353
1039,1039,1039,0,0,42.0,0.0,0,6.0,0.0,1,1.0,0.0,0,1.0,0.0,0,2.0,0.0,0.0,1039,1039,0.5116749376704641
515,515,515,1,0,20.0,0.0,0,3.0,0.0,0,47208.0,0.0,0,0.0,1.0,0,0.0,1.0,0.4,515,515,0.5199006239026196
1348,1348,1348,0,0,46.0,0.0,0,6.0,0.0,1,1.0,0.0,0,0.0,1.0,0,0.0,1.0,0.4,1348,1348,0.5242471584714513
1015,1015,1015,0,0,22.0,0.0,0,10.0,0.0,1,1.0,0.0,0,2.0,0.0,0,1.0,0.0,0.0,1015,1015,0.5082056599036219
768,768,768,1,0,53.0,0.0,0,1.0,0.0,1,1.0,0.0,0,1.0,0.0,0,2.0,0.0,0.0,768,768,0.5153225741502728
1746,1746,1746,0,0,9.0,0.0,0,4.0,0.0,1,1.0,0.0,0,1.0,0.0,0,1.0,0.0,0.0,1746,1746,0.5057655011627329
761,761,761,1,0,9.0,0.0,0,4.0,0.0,0,47715.0,0.0,0,1.0,0.0,0,1.0,0.0,0.0,761,761,0.5065920051072849
1246,1246,1246,0,0,31.0,0.0,0,6.0,0.0,1,1.0,0.0,0,2.0,0.0,0,1.0,0.0,0.0,1246,1246,0.5111720760118302
1203,1203,1203,0,1,1.0,0.0,1,1.0,0.0,1,1.0,0.0,1,1.0,0.0,1,1.0,0.0,0.0,1203,1203,0.5124376163745675
1467,1467,1467,0,0,27.0,0.0,0,2.0,0.0,1,1.0,0.0,0,1.0,0.0,0,1.0,0.0,0.0,1467,1467,0.510313160686472
1983,1983,1983,0,0,4.0,0.0,0,10.0,0.0,0,11000.0,0.0,0,1.0,0.0,0,1.0,0.0,0.0,1983,1983,0.5035124052063158
521,521,521,1,0,35.0,0.0,1,1.0,0.0,1,1.0,0.0,0,1.0,0.0,0,1.0,0.0,0.0,521,521,0.49697243998386265
22,22,22,1,0,22.0,0.0,0,4.0,0.0,1,1.0,0.0,0,0.0,1.0,0,0.0,1.0,0.4,22,22,0.5192996524136113
356,356,356,1,0,12.0,0.0,0,9.0,0.0,0,56099.0,0.0,0,0.0,1.0,0,2.0,0.0,0.2,356,356,0.5096931882560164
1277,1277,1277,0,0,17.0,0.0,0,3.0,0.0,1,1.0,0.0,0,0.0,1.0,0,1.0,0.0,0.2,1277,1277,0.5123785632229096
1312,1312,1312,0,0,3.0,0.0,0,7.0,0.0,0,16285.0,0.0,0,1.0,0.0,0,0.0,1.0,0.2,1312,1312,0.510094255607653
1682,1682,1682,0,0,39.0,0.0,0,6.0,0.0,0,47626.0,0.0,0,1.0,0.0,0,0.0,1.0,0.2,1682,1682,0.5189700815842607
340,340,340,1,0,7.0,0.0,0,8.0,0.0,1,1.0,0.0,0,1.0,0.0,0,2.0,0.0,0.0,340,340,0.5032668792295055
431,431,431,1,0,28.0,0.0,0,5.0,0.0,1,1.0,0.0,0,0.0,1.0,0,1.0,0.0,0.2,431,431,0.5144107863361799
473,473,473,1,0,2.0,0.0,0,11.0,0.0,0,62001.0,0.0,0,0.0,1.0,0,1.0,0.0,0.2,473,473,0.5081732403324609
217,217,217,1,0,48.0,0.0,1,1.0,0.0,1,1.0,0.0,0,1.0,0.0,0,1.0,0.0,0.0,217,217,0.49991400518391643
911,911,911,1,0,52.0,0.0,0,5.0,0.0,1,1.0,0.0,0,0.0,1.0,0,2.0,0.0,0.2,911,911,0.5187280729470353
1227,1227,1227,0,0,6.0,0.0,0,11.0,0.0,1,1.0,0.0,0,2.0,0.0,0,0.0,1.0,0.2,1227,1227,0.5103761728819914
1596,1596,1596,0,0,19.0,0.0,0,8.0,0.0,0,14292.0,0.0,0,4.0,0.0,0,2.0,0.0,0.0,1596,1596,0.508924180377076
1011,1011,1011,0,0,12.0,0.0,0,10.0,0.0,0,95108.0,0.0,0,1.0,0.0,0,1.0,0.0,0.0,1011,1011,0.5066131499894245
1949,1949,1949,0,0,1.0,0.0,0,6.0,0.0,1,1.0,0.0,0,2.0,0.0,0,1.0,0.0,0.0,1949,1949,0.5043598878925724
93,93,93,1,0,8.0,0.0,0,9.0,0.0,0,14099.0,0.0,0,1.0,0.0,0,2.0,0.0,0.0,93,93,0.5035767283849987
1008,1008,1008,0,0,4.0,0.0,0,10.0,0.0,0,49204.0,0.0,0,1.0,0.0,0,1.0,0.0,0.0,1008,1008,0.5040964480136985
1070,1070,1070,0,0,29.0,0.0,0,3.0,0.0,0,33142.0,0.0,0,2.0,0.0,0,0.0,1.0,0.2,1070,1070,0.518044005835109
1092,1092,1092,0,0,12.0,0.0,0,6.0,0.0,1,1.0,0.0,0,0.0,1.0,0,1.0,0.0,0.2,1092,1092,0.5105510838287277
1914,1914,1914,0,0,12.0,0.0,0,6.0,0.0,1,1.0,0.0,0,1.0,0.0,0,2.0,0.0,0.0,1914,1914,0.5048631920146023
1308,1308,1308,0,0,18.0,0.0,0,9.0,0.0,0,84226.0,0.0,0,2.0,0.0,0,1.0,0.0,0.0,1308,1308,0.5089124578405343
696,696,696,1,0,10.0,0.0,0,0.0,1.0,1,1.0,0.0,0,1.0,0.0,0,2.0,0.0,0.2,696,696,0.5097373805433206
1827,1827,1827,0,0,1.0,0.0,0,8.0,0.0,0,41000.0,0.0,0,2.0,0.0,0,0.0,1.0,0.2,1827,1827,0.5106588889708311
996,996,996,1,0,8.0,0.0,0,6.0,0.0,0,13913.0,0.0,0,2.0,0.0,0,1.0,0.0,0.0,996,996,0.5062604725341112
153,153,153,1,1,1.0,0.0,1,1.0,0.0,1,1.0,0.0,1,1.0,0.0,1,1.0,0.0,0.0,153,153,0.5124376163745675
1099,1099,1099,0,0,24.0,0.0,0,10.0,0.0,1,1.0,0.0,0,0.0,1.0,0,1.0,0.0,0.2,1099,1099,0.5123473812626992
1718,1718,1718,0,0,31.0,0.0,0,8.0,0.0,1,1.0,0.0,0,1.0,0.0,0,1.0,0.0,0.0,1718,1718,0.5098388409461655
1997,1997,1997,0,1,1.0,0.0,1,1.0,0.0,1,1.0,0.0,1,1.0,0.0,1,1.0,0.0,0.0,1997,1997,0.5124376163745675
789,789,789,1,1,1.0,0.0,1,1.0,0.0,1,1.0,0.0,1,1.0,0.0,1,1.0,0.0,0.0,789,789,0.5124376163745675
580,580,580,1,0,12.0,0.0,0,5.0,0.0,1,1.0,0.0,0,0.0,1.0,0,1.0,0.0,0.2,580,580,0.5107820955375172
703,703,703,1,0,22.0,0.0,0,8.0,0.0,1,1.0,0.0,0,0.0,1.0,0,2.0,0.0,0.2,703,703,0.5112371926280376
1212,1212,1212,0,0,28.0,0.0,0,6.0,0.0,1,1.0,0.0,0,2.0,0.0,0,2.0,0.0,0.0,1212,1212,0.5093684551753018
1295,1295,1295,0,0,25.0,0.0,0,9.0,0.0,1,1.0,0.0,0,1.0,0.0,0,2.0,0.0,0.0,1295,1295,0.5071231178182661
1665,1665,1665,0,0,44.0,0.0,0,9.0,0.0,1,1.0,0.0,0,0.0,1.0,0,1.0,0.0,0.2,1665,1665,0.5171059200846893
1260,1260,1260,0,0,18.0,0.0,0,5.0,0.0,1,1.0,0.0,0,2.0,0.0,0,2.0,0.0,0.0,1260,1260,0.5073281173399126
487,487,487,1,0,2.0,0.0,0,8.0,0.0,0,52288.0,0.0,0,2.0,0.0,0,0.0,1.0,0.2,487,487,0.5110582858108502
559,559,559,1,0,32.0,0.0,0,9.0,0.0,1,1.0,0.0,0,1.0,0.0,0,2.0,0.0,0.0,559,559,0.5087127633610936
1141,1141,1141,0,0,33.0,0.0,0,7.0,0.0,1,1.0,0.0,0,3.0,0.0,0,2.0,0.0,0.0,1141,1141,0.51114507847095
1119,1119,1119,0,0,26.0,0.0,0,8.0,0.0,1,1.0,0.0,0,2.0,0.0,0,1.0,0.0,0.0,1119,1119,0.509575490268683
801,801,801,1,0,3.0,0.0,0,7.0,0.0,1,1.0,0.0,0,1.0,0.0,0,1.0,0.0,0.0,801,801,0.5037114578607812
512,512,512,1,0,6.0,0.0,0,9.0,0.0,0,69192.0,0.0,0,0.0,1.0,0,1.0,0.0,0.2,512,512,0.5096531493353172
633,633,633,1,0,31.0,0.0,0,9.0,0.0,1,1.0,0.0,0,1.0,0.0,0,2.0,0.0,0.0,633,633,0.5084856763415101
1921,1921,1921,0,0,33.0,0.0,0,16.0,0.0,0,97003.0,0.0,0,1.0,0.0,0,2.0,0.0,0.0,1921,1921,0.5089049998417488
1787,1787,1787,0,0,5.0,0.0,0,11.0,0.0,1,1.0,0.0,0,1.0,0.0,0,1.0,0.0,0.0,1787,1787,0.5032422744255696
1545,1545,1545,0,0,50.0,0.0,0,3.0,0.0,1,1.0,0.0,0,1.0,0.0,0,0.0,1.0,0.2,1545,1545,0.5213273041767684
1150,1150,1150,0,0,36.0,0.0,0,7.0,0.0,0,14094.0,0.0,0,2.0,0.0,0,0.0,1.0,0.2,1150,1150,0.5184125341242957
790,790,790,1,0,5.0,0.0,0,4.0,0.0,1,1.0,0.0,0,0.0,1.0,0,1.0,0.0,0.2,790,790,0.5094241550710877
116,116,116,1,0,66.0,0.0,1,1.0,0.0,1,1.0,0.0,0,1.0,0.0,0,0.0,1.0,0.2,116,116,0.5100271953691425
740,740,740,1,0,37.0,0.0,0,8.0,0.0,1,1.0,0.0,0,1.0,0.0,0,1.0,0.0,0.0,740,740,0.5112010416653444
1690,1690,1690,0,0,10.0,0.0,0,12.0,0.0,0,62019.0,0.0,0,2.0,0.0,0,0.0,1.0,0.2,1690,1690,0.5120998923626942
1081,1081,1081,0,0,2.0,0.0,0,10.0,0.0,0,47107.0,0.0,0,2.0,0.0,0,2.0,0.0,0.0,1081,1081,0.5033600609441754
830,830,830,1,0,0.0,1.0,0,9.0,0.0,1,1.0,0.0,0,1.0,0.0,0,1.0,0.0,0.2,830,830,0.5339475613322088
119,119,119,1,0,1.0,0.0,0,3.0,0.0,0,41000.0,0.0,0,2.0,0.0,0,0.0,1.0,0.2,119,119,0.5118112665326205
656,656,656,1,0,29.0,0.0,0,7.0,0.0,1,1.0,0.0,0,2.0,0.0,0,1.0,0.0,0.0,656,656,0.5104873418033972
1907,1907,1907,0,0,40.0,0.0,0,9.0,0.0,0,20213.0,0.0,0,2.0,0.0,0,0.0,1.0,0.2,1907,1907,0.5189483481882717
635,635,635,1,0,20.0,0.0,0,9.0,0.0,0,10500.0,0.0,0,2.0,0.0,0,2.0,0.0,0.0,635,635,0.5071187805067242
369,369,369,1,0,5.0,0.0,0,7.0,0.0,0,14092.0,0.0,0,1.0,0.0,0,1.0,0.0,0.0,369,369,0.5044791629115032
268,268,268,1,0,19.0,0.0,0,4.0,0.0,1,1.0,0.0,0,0.0,1.0,0,1.0,0.0,0.2,268,268,0.5126012963406922
655,655,655,1,0,43.0,0.0,0,5.0,0.0,0,85484.0,0.0,0,0.0,1.0,0,1.0,0.0,0.2,655,655,0.5192169577801207
935,935,935,1,0,10.0,0.0,0,11.0,0.0,0,85098.0,0.0,0,1.0,0.0,0,2.0,0.0,0.0,935,935,0.5046540066709108
822,822,822,1,0,43.0,0.0,0,3.0,0.0,1,1.0,0.0,0,0.0,1.0,0,1.0,0.0,0.2,822,822,0.5182706362263898
866,866,866,1,0,14.0,0.0,0,8.0,0.0,0,49212.0,0.0,0,0.0,1.0,0,1.0,0.0,0.2,866,866,0.5113939274429351
46,46,46,1,0,66.0,0.0,1,1.0,0.0,1,1.0,0.0,0,0.0,1.0,0,2.0,0.0,0.2,46,46,0.5074375651644929
1373,1373,1373,0,0,8.0,0.0,0,15.0,0.0,0,64901.0,0.0,0,0.0,1.0,0,0.0,1.0,0.4,1373,1373,0.5146782786779993
1708,1708,1708,0,0,4.0,0.0,0,5.0,0.0,0,47594.0,0.0,0,1.0,0.0,0,1.0,0.0,0.0,1708,1708,0.5052249524808204
991,991,991,1,0,9.0,0.0,0,1.0,0.0,0,1263.0,0.0,0,2.0,0.0,0,2.0,0.0,0.0,991,991,0.5063248126861856
876,876,876,1,0,49.0,0.0,0,12.0,0.0,1,1.0,0.0,0,1.0,0.0,0,1.0,0.0,0.0,876,876,0.5130002327660779
773,773,773,1,0,13.0,0.0,0,5.0,0.0,1,1.0,0.0,0,1.0,0.0,0,1.0,0.0,0.0,773,773,0.5064431405023674
1219,1219,1219,0,0,18.0,0.0,1,1.0,0.0,1,1.0,0.0,0,1.0,0.0,0,2.0,0.0,0.0,1219,1219,0.4920269144460853
1999,1999,1999,0,1,1.0,0.0,1,1.0,0.0,1,1.0,0.0,1,1.0,0.0,1,1.0,0.0,0.0,1999,1999,0.5124376163745675
4,4,4,1,0,11.0,0.0,0,0.0,1.0,0,47104.0,0.0,0,1.0,0.0,0,1.0,0.0,0.2,4,4,0.5119025324341124
1003,1003,1003,0,0,27.0,0.0,0,2.0,0.0,1,1.0,0.0,0,1.0,0.0,0,1.0,0.0,0.0,1003,1003,0.510313160686472
1723,1723,1723,0,0,11.0,0.0,0,7.0,0.0,1,1.0,0.0,0,2.0,0.0,0,2.0,0.0,0.0,1723,1723,0.5052774491387649
263,263,263,1,0,7.0,0.0,0,12.0,0.0,0,15196.0,0.0,0,2.0,0.0,0,0.0,1.0,0.2,263,263,0.5107018397246338
1569,1569,1569,0,0,47.0,0.0,1,1.0,0.0,1,1.0,0.0,0,1.0,0.0,0,1.0,0.0,0.0,1569,1569,0.4996875600207456
1830,1830,1830,0,0,17.0,0.0,0,4.0,0.0,1,1.0,0.0,0,1.0,0.0,0,1.0,0.0,0.0,1830,1830,0.5075818735905321
443,443,443,1,0,16.0,0.0,0,5.0,0.0,1,1.0,0.0,0,4.0,0.0,0,2.0,0.0,0.0,443,443,0.508618618763507
1002,1002,1002,0,0,41.0,0.0,0,6.0,0.0,1,1.0,0.0,0,0.0,1.0,0,1.0,0.0,0.2,1002,1002,0.5171231684379866
1077,1077,1077,0,0,40.0,0.0,0,7.0,0.0,0,23934.0,0.0,0,1.0,0.0,0,1.0,0.0,0.0,1077,1077,0.5125766205286114
837,837,837,1,0,10.0,0.0,0,9.0,0.0,0,55096.0,0.0,0,1.0,0.0,0,0.0,1.0,0.2,837,837,0.5118147721056824
1790,1790,1790,0,0,38.0,0.0,0,6.0,0.0,1,1.0,0.0,0,1.0,0.0,0,0.0,1.0,0.2,1790,1790,0.5179175465628051
304,304,304,1,0,17.0,0.0,0,10.0,0.0,1,1.0,0.0,0,0.0,1.0,0,1.0,0.0,0.2,304,304,0.5107606446700719
1365,1365,1365,0,0,7.0,0.0,0,8.0,0.0,0,40993.0,0.0,0,0.0,1.0,0,1.0,0.0,0.2,1365,1365,0.5096795312928776
1557,1557,1557,0,1,1.0,0.0,1,1.0,0.0,1,1.0,0.0,1,1.0,0.0,1,1.0,0.0,0.0,1557,1557,0.5124376163745675
313,313,313,1,0,11.0,0.0,0,4.0,0.0,0,56303.0,0.0,0,1.0,0.0,0,2.0,0.0,0.0,313,313,0.5060544154253349
149,149,149,1,0,12.0,0.0,0,7.0,0.0,1,1.0,0.0,0,0.0,1.0,0,1.0,0.0,0.2,149,149,0.5103200270388174
1148,1148,1148,0,0,38.0,0.0,0,1.0,0.0,1,1.0,0.0,0,1.0,0.0,0,1.0,0.0,0.0,1148,1148,0.5130408018359387
1213,1213,1213,0,0,51.0,0.0,0,2.0,0.0,1,1.0,0.0,0,4.0,0.0,0,1.0,0.0,0.0,1213,1213,0.5183713638147783
574,574,574,1,0,23.0,0.0,0,9.0,0.0,0,84125.0,0.0,0,2.0,0.0,0,2.0,0.0,0.0,574,574,0.5089232084600417
50,50,50,1,0,37.0,0.0,0,2.0,0.0,1,1.0,0.0,0,2.0,0.0,0,2.0,0.0,0.0,50,50,0.5123333309099043
1552,1552,1552,0,0,16.0,0.0,0,11.0,0.0,1,1.0,0.0,0,1.0,0.0,0,2.0,0.0,0.0,1552,1552,0.5046178760368897
726,726,726,1,0,12.0,0.0,0,8.0,0.0,0,47608.0,0.0,0,0.0,1.0,0,0.0,1.0,0.4,726,726,0.5169389288854862
833,833,833,1,0,12.0,0.0,0,9.0,0.0,0,18108.0,0.0,0,2.0,0.0,0,0.0,1.0,0.2,833,833,0.5125740163312726
1377,1377,1377,0,0,21.0,0.0,0,12.0,0.0,0,10500.0,0.0,0,0.0,1.0,0,2.0,0.0,0.2,1377,1377,0.5103429683892032
1115,1115,1115,0,0,33.0,0.0,1,1.0,0.0,1,1.0,0.0,0,0.0,1.0,0,1.0,0.0,0.2,1115,1115,0.5010676736298058
1166,1166,1166,0,0,37.0,0.0,0,8.0,0.0,1,1.0,0.0,0,0.0,1.0,0,1.0,0.0,0.2,1166,1166,0.5157545455967615
470,470,470,1,0,10.0,0.0,0,5.0,0.0,1,1.0,0.0,0,1.0,0.0,0,1.0,0.0,0.0,470,470,0.5057619881466887
971,971,971,1,0,34.0,0.0,1,1.0,0.0,1,1.0,0.0,0,1.0,0.0,0,2.0,0.0,0.0,971,971,0.4956333634210102
653,653,653,1,0,38.0,0.0,0,17.0,0.0,1,1.0,0.0,0,3.0,0.0,0,1.0,0.0,0.0,653,653,0.5110878162445747
399,399,399,1,0,35.0,0.0,0,4.0,0.0,1,1.0,0.0,0,2.0,0.0,0,0.0,1.0,0.2,399,399,0.5185683920873503
511,511,511,1,0,10.0,0.0,0,2.0,0.0,0,96996.0,0.0,0,0.0,1.0,0,2.0,0.0,0.2,511,511,0.5114752212515966
320,320,320,1,0,21.0,0.0,0,9.0,0.0,0,82194.0,0.0,0,1.0,0.0,0,0.0,1.0,0.2,320,320,0.5147246317652798
19,19,19,1,0,10.0,0.0,0,10.0,0.0,0,47402.0,0.0,0,1.0,0.0,0,1.0,0.0,0.0,19,19,0.5054312208499875
684,684,684,1,0,0.0,1.0,0,6.0,0.0,0,14091.0,0.0,0,0.0,1.0,0,2.0,0.0,0.4,684,684,0.5380112665507729
35,35,35,1,0,15.0,0.0,0,2.0,0.0,1,1.0,0.0,0,0.0,1.0,0,1.0,0.0,0.2,35,35,0.5121556374951619
902,902,902,1,0,0.0,1.0,0,5.0,0.0,0,10702.0,0.0,0,0.0,1.0,0,1.0,0.0,0.4,902,902,0.5391863101389295
1778,1778,1778,0,0,11.0,0.0,0,7.0,0.0,1,1.0,0.0,0,1.0,0.0,0,1.0,0.0,0.0,1778,1778,0.5055278029716752
827,827,827,1,0,24.0,0.0,0,3.0,0.0,1,1.0,0.0,0,4.0,0.0,0,1.0,0.0,0.0,827,827,0.5120184171666834
1853,1853,1853,0,0,67.0,0.0,1,1.0,0.0,1,1.0,0.0,0,1.0,0.0,0,1.0,0.0,0.0,1853,1853,0.5042207522728821
407,407,407,1,0,18.0,0.0,0,13.0,0.0,0,51091.0,0.0,0,1.0,0.0,0,0.0,1.0,0.2,407,407,0.5126461106302164
920,920,920,1,0,6.0,0.0,0,12.0,0.0,1,1.0,0.0,0,2.0,0.0,0,2.0,0.0,0.0,920,920,0.5029881404945726
537,537,537,1,0,10.0,0.0,0,6.0,0.0,1,1.0,0.0,0,0.0,1.0,0,1.0,0.0,0.2,537,537,0.5100972253308286
758,758,758,1,0,22.0,0.0,0,7.0,0.0,0,49213.0,0.0,0,0.0,1.0,0,0.0,1.0,0.4,758,758,0.5194570548801654
1904,1904,1904,0,0,23.0,0.0,0,8.0,0.0,1,1.0,0.0,0,1.0,0.0,0,1.0,0.0,0.0,1904,1904,0.5080222190414747
1062,1062,1062,0,0,42.0,0.0,0,6.0,0.0,1,1.0,0.0,0,2.0,0.0,0,1.0,0.0,0.0,1062,1062,0.5136685144871984
1199,1199,1199,0,0,26.0,0.0,0,7.0,0.0,1,1.0,0.0,0,0.0,1.0,0,2.0,0.0,0.2,1199,1199,0.5123756270781442
245,245,245,1,0,9.0,0.0,0,11.0,0.0,0,79104.0,0.0,0,0.0,1.0,0,0.0,1.0,0.4,245,245,0.5160503849319404
1416,1416,1416,0,0,45.0,0.0,0,2.0,0.0,1,1.0,0.0,0,2.0,0.0,0,2.0,0.0,0.0,1416,1416,0.5141493832314389
1127,1127,1127,0,0,13.0,0.0,0,5.0,0.0,1,1.0,0.0,0,1.0,0.0,0,1.0,0.0,0.0,1127,1127,0.5064431405023674
784,784,784,1,0,7.0,0.0,0,9.0,0.0,0,55097.0,0.0,0,0.0,1.0,0,1.0,0.0,0.2,784,784,0.509664487473171
1742,1742,1742,0,0,3.0,0.0,0,7.0,0.0,0,52209.0,0.0,0,0.0,1.0,0,1.0,0.0,0.2,1742,1742,0.5091740240489916
489,489,489,1,0,35.0,0.0,0,8.0,0.0,1,1.0,0.0,0,1.0,0.0,0,1.0,0.0,0.0,489,489,0.5107470090329151
154,154,154,1,0,8.0,0.0,0,7.0,0.0,1,1.0,0.0,0,0.0,1.0,0,0.0,1.0,0.4,154,154,0.5154373771937505
961,961,961,1,0,50.0,0.0,0,2.0,0.0,0,1129.0,0.0,0,2.0,0.0,0,1.0,0.0,0.0,961,961,0.5165206867911866
853,853,853,1,0,60.0,0.0,0,1.0,0.0,1,1.0,0.0,0,1.0,0.0,0,0.0,1.0,0.2,853,853,0.5240505636989554
1311,1311,1311,0,0,1.0,0.0,0,5.0,0.0,1,1.0,0.0,0,1.0,0.0,0,1.0,0.0,0.0,1311,1311,0.5037189661687294
625,625,625,1,0,30.0,0.0,0,11.0,0.0,1,1.0,0.0,0,1.0,0.0,0,1.0,0.0,0.0,625,625,0.5089195147561149
685,685,685,1,0,5.0,0.0,0,5.0,0.0,1,1.0,0.0,0,1.0,0.0,0,1.0,0.0,0.0,685,685,0.5046268804256642
1561,1561,1561,0,0,28.0,0.0,0,5.0,0.0,1,1.0,0.0,0,1.0,0.0,0,2.0,0.0,0.0,1561,1561,0.5087263608315513
569,569,569,1,0,31.0,0.0,0,10.0,0.0,1,1.0,0.0,0,1.0,0.0,0,1.0,0.0,0.0,569,569,0.5093773758517521
1908,1908,1908,0,0,9.0,0.0,0,6.0,0.0,1,1.0,0.0,0,1.0,0.0,0,1.0,0.0,0.0,1908,1908,0.5053043394819314
17,17,17,1,0,1.0,0.0,0,4.0,0.0,0,49211.0,0.0,0,1.0,0.0,0,1.0,0.0,0.0,17,17,0.5047993220148945
127,127,127,1,0,18.0,0.0,0,6.0,0.0,0,25928.0,0.0,0,1.0,0.0,0,0.0,1.0,0.2,127,127,0.5138768945426784
1346,1346,1346,0,0,6.0,0.0,0,5.0,0.0,0,14098.0,0.0,0,2.0,0.0,0,2.0,0.0,0.0,1346,1346,0.5049173745842357
1279,1279,1279,0,0,33.0,0.0,0,11.0,0.0,1,1.0,0.0,0,0.0,1.0,0,0.0,1.0,0.4,1279,1279,0.5201551314671912
1968,1968,1968,0,0,24.0,0.0,0,7.0,0.0,1,1.0,0.0,0,0.0,1.0,0,1.0,0.0,0.2,1968,1968,0.51304155082084
927,927,927,1,0,22.0,0.0,0,9.0,0.0,1,1.0,0.0,0,0.0,1.0,0,1.0,0.0,0.2,927,927,0.5121255181096696
980,980,980,1,0,15.0,0.0,0,9.0,0.0,0,15112.0,0.0,0,2.0,0.0,0,1.0,0.0,0.0,980,980,0.5071762053751993
1964,1964,1964,0,0,18.0,0.0,0,10.0,0.0,0,47109.0,0.0,0,1.0,0.0,0,0.0,1.0,0.2,1964,1964,0.5132778017315941
190,190,190,1,0,5.0,0.0,0,12.0,0.0,0,84120.0,0.0,0,1.0,0.0,0,1.0,0.0,0.0,190,190,0.5043955145521081
1139,1139,1139,0,0,13.0,0.0,0,9.0,0.0,0,10495.0,0.0,0,1.0,0.0,0,0.0,1.0,0.2,1139,1139,0.5118138781292719
992,992,992,1,1,1.0,0.0,1,1.0,0.0,1,1.0,0.0,1,1.0,0.0,1,1.0,0.0,0.0,992,992,0.5124376163745675
1955,1955,1955,0,1,1.0,0.0,1,1.0,0.0,1,1.0,0.0,1,1.0,0.0,1,1.0,0.0,0.0,1955,1955,0.5124376163745675
1656,1656,1656,0,0,36.0,0.0,0,6.0,0.0,0,47710.0,0.0,0,2.0,0.0,0,0.0,1.0,0.2,1656,1656,0.5191605060595403
606,606,606,1,0,5.0,0.0,0,6.0,0.0,0,85486.0,0.0,0,1.0,0.0,0,2.0,0.0,0.0,606,606,0.5046777336000783
180,180,180,1,0,57.0,0.0,1,1.0,0.0,1,1.0,0.0,0,1.0,0.0,0,1.0,0.0,0.0,180,180,0.5019531108397021
301,301,301,1,0,39.0,0.0,0,7.0,0.0,0,1263.0,0.0,0,0.0,1.0,0,0.0,1.0,0.4,301,301,0.522544542379203
496,496,496,1,0,33.0,0.0,0,11.0,0.0,0,69191.0,0.0,0,1.0,0.0,0,1.0,0.0,0.0,496,496,0.5107560286369357
1720,1720,1720,0,0,29.0,0.0,0,11.0,0.0,0,47210.0,0.0,0,0.0,1.0,0,1.0,0.0,0.2,1720,1720,0.5140700746293957
1709,1709,1709,0,0,26.0,0.0,0,8.0,0.0,0,85294.0,0.0,0,0.0,1.0,0,0.0,1.0,0.4,1709,1709,0.5206867569281375
1887,1887,1887,0,0,22.0,0.0,0,7.0,0.0,1,1.0,0.0,0,2.0,0.0,0,1.0,0.0,0.0,1887,1887,0.508897976731954
1991,1991,1991,0,0,29.0,0.0,0,7.0,0.0,1,1.0,0.0,0,2.0,0.0,0,2.0,0.0,0.0,1991,1991,0.5093649798909158
517,517,517,1,0,7.0,0.0,0,2.0,0.0,0,47809.0,0.0,0,2.0,0.0,0,1.0,0.0,0.0,517,517,0.5074722398211976
1984,1984,1984,0,0,28.0,0.0,0,9.0,0.0,1,1.0,0.0,0,1.0,0.0,0,1.0,0.0,0.0,1984,1984,0.5089269511411235
1069,1069,1069,0,0,7.0,0.0,0,5.0,0.0,0,22193.0,0.0,0,1.0,0.0,0,0.0,1.0,0.2,1069,1069,0.5115537790527199
476,476,476,1,0,38.0,0.0,0,6.0,0.0,1,1.0,0.0,0,1.0,0.0,0,2.0,0.0,0.0,476,476,0.5107667372392052
157,157,157,1,0,42.0,0.0,0,12.0,0.0,0,47103.0,0.0,0,1.0,0.0,0,2.0,0.0,0.0,157,157,0.5111092509802799
1243,1243,1243,0,0,6.0,0.0,0,8.0,0.0,1,1.0,0.0,0,0.0,1.0,0,0.0,1.0,0.4,1243,1243,0.5147529431540749
1195,1195,1195,0,0,22.0,0.0,0,12.0,0.0,0,84101.0,0.0,0,2.0,0.0,0,1.0,0.0,0.0,1195,1195,0.5091275021692258
16,16,16,1,0,36.0,0.0,0,6.0,0.0,0,91999.0,0.0,0,5.0,0.0,0,1.0,0.0,0.0,16,16,0.5164235033673577
1535,1535,1535,0,0,12.0,0.0,0,9.0,0.0,0,55095.0,0.0,0,2.0,0.0,0,1.0,0.0,0.0,1535,1535,0.5071056944040501
1072,1072,1072,0,0,24.0,0.0,0,10.0,0.0,0,10710.0,0.0,0,2.0,0.0,0,1.0,0.0,0.0,1072,1072,0.5089215113389133
1971,1971,1971,0,0,25.0,0.0,0,6.0,0.0,1,1.0,0.0,0,1.0,0.0,0,2.0,0.0,0.0,1971,1971,0.5078147485710248
546,546,546,1,0,52.0,0.0,0,11.0,0.0,1,1.0,0.0,0,1.0,0.0,0,2.0,0.0,0.0,546,546,0.5127914319716159
1539,1539,1539,0,0,22.0,0.0,0,3.0,0.0,0,40992.0,0.0,0,2.0,0.0,0,2.0,0.0,0.0,1539,1539,0.5094208354158264
658,658,658,1,0,6.0,0.0,0,7.0,0.0,1,1.0,0.0,0,6.0,0.0,0,2.0,0.0,0.0,658,658,0.5076301429529155
1625,1625,1625,0,0,2.0,0.0,0,2.0,0.0,0,97004.0,0.0,0,1.0,0.0,0,2.0,0.0,0.0,1625,1625,0.5050933149825111
1019,1019,1019,0,0,23.0,0.0,0,8.0,0.0,1,1.0,0.0,0,2.0,0.0,0,1.0,0.0,0.0,1019,1019,0.5088943243809584
1662,1662,1662,0,0,33.0,0.0,0,6.0,0.0,1,1.0,0.0,0,0.0,1.0,0,0.0,1.0,0.4,1662,1662,0.5213189484608959
1504,1504,1504,0,0,42.0,0.0,0,0.0,1.0,1,1.0,0.0,0,1.0,0.0,0,0.0,1.0,0.4,1504,1504,0.5240665784063673
959,959,959,1,0,7.0,0.0,0,9.0,0.0,0,10710.0,0.0,0,1.0,0.0,0,0.0,1.0,0.2,959,959,0.5104555139286325
1881,1881,1881,0,0,3.0,0.0,0,5.0,0.0,0,49219.0,0.0,0,1.0,0.0,0,1.0,0.0,0.0,1881,1881,0.5050228028261557
283,283,283,1,0,45.0,0.0,0,4.0,0.0,0,13987.0,0.0,0,1.0,0.0,0,2.0,0.0,0.0,283,283,0.5131290828790154
797,797,797,1,0,38.0,0.0,1,1.0,0.0,1,1.0,0.0,0,1.0,0.0,0,1.0,0.0,0.0,797,797,0.4976508105844413
1626,1626,1626,0,0,36.0,0.0,0,1.0,0.0,0,10621.0,0.0,0,2.0,0.0,0,0.0,1.0,0.2,1626,1626,0.5197465024166804
225,225,225,1,0,19.0,0.0,0,8.0,0.0,1,1.0,0.0,0,1.0,0.0,0,0.0,1.0,0.2,225,225,0.5131480447045761
26,26,26,1,0,1.0,0.0,0,8.0,0.0,1,1.0,0.0,0,3.0,0.0,0,2.0,0.0,0.0,26,26,0.5036479914911813
1770,1770,1770,0,0,15.0,0.0,1,1.0,0.0,1,1.0,0.0,0,0.0,1.0,0,2.0,0.0,0.2,1770,1770,0.495869173260528
437,437,437,1,0,23.0,0.0,0,4.0,0.0,1,1.0,0.0,0,2.0,0.0,0,0.0,1.0,0.2,437,437,0.5158489622262343
1948,1948,1948,0,0,3.0,0.0,0,9.0,0.0,1,1.0,0.0,0,1.0,0.0,0,0.0,1.0,0.2,1948,1948,0.5092856052537169
1388,1388,1388,0,0,6.0,0.0,0,5.0,0.0,0,35996.0,0.0,0,1.0,0.0,0,0.0,1.0,0.2,1388,1388,0.5115371741983118
229,229,229,1,0,1.0,0.0,0,8.0,0.0,0,10707.0,0.0,0,2.0,0.0,0,1.0,0.0,0.0,229,229,0.5041602732203531
37,37,37,1,0,10.0,0.0,0,9.0,0.0,0,47592.0,0.0,0,1.0,0.0,0,1.0,0.0,0.0,37,37,0.5056647798749436
749,749,749,1,0,6.0,0.0,0,10.0,0.0,1,1.0,0.0,0,1.0,0.0,0,1.0,0.0,0.0,749,749,0.5037001878973212
1045,1045,1045,0,0,24.0,0.0,0,10.0,0.0,0,49219.0,0.0,0,4.0,0.0,0,2.0,0.0,0.0,1045,1045,0.5101317739221418
1398,1398,1398,0,0,36.0,0.0,0,6.0,0.0,1,1.0,0.0,0,4.0,0.0,0,0.0,1.0,0.2,1398,1398,0.5200636820924236
469,469,469,1,0,37.0,0.0,0,8.0,0.0,1,1.0,0.0,0,1.0,0.0,0,0.0,1.0,0.2,469,469,0.5172288378710528
1692,1692,1692,0,0,18.0,0.0,0,14.0,0.0,0,10788.0,0.0,0,2.0,0.0,0,0.0,1.0,0.2,1692,1692,0.5126651866502006
1967,1967,1967,0,1,1.0,0.0,1,1.0,0.0,1,1.0,0.0,1,1.0,0.0,1,1.0,0.0,0.0,1967,1967,0.5124376163745675
687,687,687,1,0,5.0,0.0,0,3.0,0.0,0,99994.0,0.0,0,2.0,0.0,0,2.0,0.0,0.0,687,687,0.5064595454094799
1843,1843,1843,0,0,18.0,0.0,0,6.0,0.0,1,1.0,0.0,0,0.0,1.0,0,0.0,1.0,0.4,1843,1843,0.517931563973668
639,639,639,1,0,12.0,0.0,0,4.0,0.0,1,1.0,0.0,0,0.0,1.0,0,1.0,0.0,0.2,639,639,0.5110130556325015
1712,1712,1712,0,0,14.0,0.0,0,8.0,0.0,1,1.0,0.0,0,0.0,1.0,0,2.0,0.0,0.2,1712,1712,0.509421872693656
1218,1218,1218,0,0,14.0,0.0,0,9.0,0.0,1,1.0,0.0,0,2.0,0.0,0,2.0,0.0,0.0,1218,1218,0.5054972770493267
1158,1158,1158,0,0,37.0,0.0,0,4.0,0.0,1,1.0,0.0,0,0.0,1.0,0,0.0,1.0,0.4,1158,1158,0.5226859778112204
1415,1415,1415,0,0,15.0,0.0,0,8.0,0.0,0,85201.0,0.0,0,1.0,0.0,0,2.0,0.0,0.0,1415,1415,0.5064812661957795
1527,1527,1527,0,0,8.0,0.0,0,11.0,0.0,0,49224.0,0.0,0,0.0,1.0,0,1.0,0.0,0.2,1527,1527,0.5093394944899637
1655,1655,1655,0,0,7.0,0.0,0,9.0,0.0,1,1.0,0.0,0,1.0,0.0,0,1.0,0.0,0.0,1655,1655,0.5041580649883953
1300,1300,1300,0,0,18.0,0.0,0,1.0,0.0,1,1.0,0.0,0,0.0,1.0,0,1.0,0.0,0.2,1300,1300,0.5130671918398861
1822,1822,1822,0,0,15.0,0.0,0,11.0,0.0,0,84121.0,0.0,0,1.0,0.0,0,2.0,0.0,0.0,1822,1822,0.5057738723925967
800,800,800,1,0,40.0,0.0,0,9.0,0.0,1,1.0,0.0,0,2.0,0.0,0,0.0,1.0,0.2,800,800,0.5185432951909692
1603,1603,1603,0,0,41.0,0.0,0,9.0,0.0,0,45194.0,0.0,0,1.0,0.0,0,0.0,1.0,0.2,1603,1603,0.5186930454002355
160,160,160,1,0,6.0,0.0,0,5.0,0.0,1,1.0,0.0,0,2.0,0.0,0,1.0,0.0,0.0,160,160,0.5057258731893081
956,956,956,1,0,10.0,0.0,0,7.0,0.0,0,47214.0,0.0,0,1.0,0.0,0,2.0,0.0,0.0,956,956,0.5049979297077739
1186,1186,1186,0,0,21.0,0.0,0,10.0,0.0,0,49218.0,0.0,0,2.0,0.0,0,0.0,1.0,0.2,1186,1186,0.514860799018375
821,821,821,1,0,19.0,0.0,0,9.0,0.0,1,1.0,0.0,0,1.0,0.0,0,2.0,0.0,0.0,821,821,0.5057605843983696
1681,1681,1681,0,0,9.0,0.0,0,9.0,0.0,1,1.0,0.0,0,1.0,0.0,0,1.0,0.0,0.0,1681,1681,0.5046122096489115
877,877,877,1,0,4.0,0.0,0,12.0,0.0,1,1.0,0.0,0,2.0,0.0,0,2.0,0.0,0.0,877,877,0.5025339896792361
913,913,913,1,0,20.0,0.0,0,12.0,0.0,0,86099.0,0.0,0,0.0,1.0,0,1.0,0.0,0.2,913,913,0.5123961490119663
152,152,152,1,0,19.0,0.0,0,10.0,0.0,0,13985.0,0.0,0,0.0,1.0,0,0.0,1.0,0.4,152,152,0.5175368033411596
1870,1870,1870,0,0,45.0,0.0,0,8.0,0.0,1,1.0,0.0,0,0.0,1.0,0,0.0,1.0,0.4,1870,1870,0.5235557124446277
1776,1776,1776,0,0,7.0,0.0,0,6.0,0.0,0,46690.0,0.0,0,2.0,0.0,0,0.0,1.0,0.2,1776,1776,0.5125689850429674
509,509,509,1,0,7.0,0.0,0,1.0,0.0,1,1.0,0.0,0,2.0,0.0,0,1.0,0.0,0.0,509,509,0.506874947495903
1135,1135,1135,0,0,12.0,0.0,0,8.0,0.0,1,1.0,0.0,0,1.0,0.0,0,1.0,0.0,0.0,1135,1135,0.5055241911906526
1250,1250,1250,0,0,5.0,0.0,0,11.0,0.0,1,1.0,0.0,0,0.0,1.0,0,0.0,1.0,0.4,1250,1250,0.5138314376303842
1683,1683,1683,0,0,39.0,0.0,1,1.0,0.0,1,1.0,0.0,0,1.0,0.0,0,2.0,0.0,0.0,1683,1683,0.4967624874204107
103,103,103,1,0,12.0,0.0,0,1.0,0.0,1,1.0,0.0,0,2.0,0.0,0,1.0,0.0,0.0,103,103,0.5080101571936931
1445,1445,1445,0,0,9.0,0.0,0,6.0,0.0,1,1.0,0.0,0,0.0,1.0,0,1.0,0.0,0.2,1445,1445,0.5098702754257728
1443,1443,1443,0,0,29.0,0.0,0,14.0,0.0,1,1.0,0.0,0,4.0,0.0,0,2.0,0.0,0.0,1443,1443,0.5094912445289044
586,586,586,1,0,10.0,0.0,0,12.0,0.0,0,79102.0,0.0,0,1.0,0.0,0,1.0,0.0,0.0,586,586,0.5054539834554551
1768,1768,1768,0,0,15.0,0.0,0,10.0,0.0,0,84104.0,0.0,0,0.0,1.0,0,2.0,0.0,0.2,1768,1768,0.5105715899482192
1143,1143,1143,0,0,24.0,0.0,0,5.0,0.0,1,1.0,0.0,0,0.0,1.0,0,2.0,0.0,0.2,1143,1143,0.5123840622874251
53,53,53,1,0,43.0,0.0,0,9.0,0.0,1,1.0,0.0,0,1.0,0.0,0,2.0,0.0,0.0,53,53,0.5112103840602631
151,151,151,1,0,1.0,0.0,0,11.0,0.0,0,84223.0,0.0,0,1.0,0.0,0,2.0,0.0,0.0,151,151,0.5025989018400975
403,403,403,1,0,8.0,0.0,0,9.0,0.0,1,1.0,0.0,0,2.0,0.0,0,0.0,1.0,0.2,403,403,0.5112919986103988
1942,1942,1942,0,0,7.0,0.0,0,10.0,0.0,0,46492.0,0.0,0,1.0,0.0,0,1.0,0.0,0.0,1942,1942,0.5047361315331221
207,207,207,1,0,10.0,0.0,0,9.0,0.0,1,1.0,0.0,0,2.0,0.0,0,2.0,0.0,0.0,207,207,0.5045889313614663
1894,1894,1894,0,0,26.0,0.0,0,0.0,1.0,1,1.0,0.0,0,0.0,1.0,0,1.0,0.0,0.4,1894,1894,0.51898517943628
1122,1122,1122,0,0,41.0,0.0,0,4.0,0.0,1,1.0,0.0,0,1.0,0.0,0,2.0,0.0,0.0,1122,1122,0.5119084752529075
1890,1890,1890,0,1,1.0,0.0,1,1.0,0.0,1,1.0,0.0,1,1.0,0.0,1,1.0,0.0,0.0,1890,1890,0.5124376163745675
8,8,8,1,0,43.0,0.0,1,1.0,0.0,1,1.0,0.0,0,0.0,1.0,0,2.0,0.0,0.2,8,8,0.5022157904552585
1014,1014,1014,0,0,2.0,0.0,0,8.0,0.0,0,15119.0,0.0,0,1.0,0.0,0,1.0,0.0,0.0,1014,1014,0.5035829202686831
1906,1906,1906,0,0,29.0,0.0,0,3.0,0.0,1,1.0,0.0,0,0.0,1.0,0,0.0,1.0,0.4,1906,1906,0.5211131204817518
1060,1060,1060,0,0,45.0,0.0,0,6.0,0.0,1,1.0,0.0,0,2.0,0.0,0,0.0,1.0,0.2,1060,1060,0.5203689400728643
452,452,452,1,0,16.0,0.0,0,11.0,0.0,0,84116.0,0.0,0,0.0,1.0,0,0.0,1.0,0.4,452,452,0.5177120642120655
253,253,253,1,0,19.0,0.0,0,14.0,0.0,1,1.0,0.0,0,2.0,0.0,0,1.0,0.0,0.0,253,253,0.5066009133434681
1327,1327,1327,0,0,2.0,0.0,0,13.0,0.0,1,1.0,0.0,0,1.0,0.0,0,0.0,1.0,0.2,1327,1327,0.5081351657320321
896,896,896,1,0,21.0,0.0,0,12.0,0.0,1,1.0,0.0,0,1.0,0.0,0,1.0,0.0,0.0,896,896,0.5066450119542498
1733,1733,1733,0,0,7.0,0.0,0,8.0,0.0,0,47810.0,0.0,0,2.0,0.0,0,1.0,0.0,0.0,1733,1733,0.5060896768647184
880,880,880,1,0,31.0,0.0,0,13.0,0.0,0,84111.0,0.0,0,2.0,0.0,0,1.0,0.0,0.0,880,880,0.510940548758984
1595,1595,1595,0,0,13.0,0.0,0,4.0,0.0,1,1.0,0.0,0,0.0,1.0,0,1.0,0.0,0.2,1595,1595,0.5112399920346639
1888,1888,1888,0,0,7.0,0.0,0,12.0,0.0,0,14094.0,0.0,0,0.0,1.0,0,2.0,0.0,0.2,1888,1888,0.5072222993425398
623,623,623,1,0,8.0,0.0,0,12.0,0.0,0,10788.0,0.0,0,0.0,1.0,0,0.0,1.0,0.4,623,623,0.5145376384506735
345,345,345,1,0,2.0,0.0,0,8.0,0.0,1,1.0,0.0,0,0.0,1.0,0,1.0,0.0,0.2,345,345,0.5078194099885104
1702,1702,1702,0,0,56.0,0.0,0,4.0,0.0,1,1.0,0.0,0,1.0,0.0,0,0.0,1.0,0.2,1702,1702,0.5224532936796353
262,262,262,1,0,6.0,0.0,0,7.0,0.0,1,1.0,0.0,0,1.0,0.0,0,1.0,0.0,0.0,262,262,0.5043925305324578
1634,1634,1634,0,0,3.0,0.0,0,10.0,0.0,1,1.0,0.0,0,4.0,0.0,0,1.0,0.0,0.0,1634,1634,0.5056348520755104
1321,1321,1321,0,0,16.0,0.0,0,5.0,0.0,1,1.0,0.0,0,1.0,0.0,0,0.0,1.0,0.2,1321,1321,0.5131593476587217
1438,1438,1438,0,0,30.0,0.0,0,11.0,0.0,1,1.0,0.0,0,2.0,0.0,0,1.0,0.0,0.0,1438,1438,0.5097909474177772
150,150,150,1,0,19.0,0.0,0,9.0,0.0,1,1.0,0.0,0,0.0,1.0,0,1.0,0.0,0.2,150,150,0.511445410974428
472,472,472,1,0,20.0,0.0,0,11.0,0.0,1,1.0,0.0,0,0.0,1.0,0,1.0,0.0,0.2,472,472,0.5112094479449302
640,640,640,1,0,38.0,0.0,0,1.0,0.0,1,1.0,0.0,0,1.0,0.0,0,1.0,0.0,0.0,640,640,0.5130408018359387
1982,1982,1982,0,0,4.0,0.0,0,11.0,0.0,0,64187.0,0.0,0,1.0,0.0,0,1.0,0.0,0.0,1982,1982,0.5040946755627725
1882,1882,1882,0,0,28.0,0.0,0,10.0,0.0,0,27496.0,0.0,0,0.0,1.0,0,1.0,0.0,0.2,1882,1882,0.513771546168515
550,550,550,1,0,33.0,0.0,0,3.0,0.0,1,1.0,0.0,0,0.0,1.0,0,2.0,0.0,0.2,550,550,0.5148872860848314
1779,1779,1779,0,0,25.0,0.0,0,14.0,0.0,0,64180.0,0.0,0,1.0,0.0,0,1.0,0.0,0.0,1779,1779,0.5081710707682907
928,928,928,1,0,6.0,0.0,0,6.0,0.0,1,1.0,0.0,0,2.0,0.0,0,1.0,0.0,0.0,928,928,0.5054952100484283
488,488,488,1,0,21.0,0.0,0,10.0,0.0,1,1.0,0.0,0,1.0,0.0,0,2.0,0.0,0.0,488,488,0.5059840667935922
1811,1811,1811,0,0,21.0,0.0,0,5.0,0.0,0,96996.0,0.0,0,3.0,0.0,0,1.0,0.0,0.0,1811,1811,0.5115812911593275
1171,1171,1171,0,0,19.0,0.0,0,12.0,0.0,0,40994.0,0.0,0,0.0,1.0,0,1.0,0.0,0.2,1171,1171,0.511477036171264
146,146,146,1,0,13.0,0.0,0,2.0,0.0,0,14098.0,0.0,0,0.0,1.0,0,1.0,0.0,0.2,146,146,0.5120151318216156
1704,1704,1704,0,0,13.0,0.0,0,9.0,0.0,0,17085.0,0.0,0,0.0,1.0,0,1.0,0.0,0.2,1704,1704,0.5104432760685852
1928,1928,1928,0,0,35.0,0.0,0,9.0,0.0,1,1.0,0.0,0,1.0,0.0,0,0.0,1.0,0.2,1928,1928,0.5165445753330359
402,402,402,1,0,16.0,0.0,0,9.0,0.0,1,1.0,0.0,0,0.0,1.0,0,1.0,0.0,0.2,402,402,0.5107651197323722
954,954,954,1,0,28.0,0.0,0,4.0,0.0,1,1.0,0.0,0,1.0,0.0,0,1.0,0.0,0.0,954,954,0.5100797065531019
1877,1877,1877,0,0,0.0,1.0,0,15.0,0.0,1,1.0,0.0,0,0.0,1.0,0,1.0,0.0,0.4,1877,1877,0.5365191239870744
659,659,659,1,0,49.0,0.0,0,6.0,0.0,1,1.0,0.0,0,1.0,0.0,0,1.0,0.0,0.0,659,659,0.514385729569851
1372,1372,1372,0,0,37.0,0.0,0,2.0,0.0,1,1.0,0.0,0,2.0,0.0,0,2.0,0.0,0.0,1372,1372,0.5123333309099043
463,463,463,1,0,2.0,0.0,0,8.0,0.0,0,85484.0,0.0,0,2.0,0.0,0,1.0,0.0,0.0,463,463,0.505529388899764
1349,1349,1349,0,0,20.0,0.0,0,10.0,0.0,0,15113.0,0.0,0,1.0,0.0,0,1.0,0.0,0.0,1349,1349,0.5072088674096521
186,186,186,1,0,39.0,0.0,0,10.0,0.0,1,1.0,0.0,0,2.0,0.0,0,1.0,0.0,0.0,186,186,0.5120642378166455
1147,1147,1147,0,0,27.0,0.0,0,12.0,0.0,1,1.0,0.0,0,0.0,1.0,0,1.0,0.0,0.2,1147,1147,0.512563929383592
1224,1224,1224,0,0,53.0,0.0,0,14.0,0.0,1,1.0,0.0,0,0.0,1.0,0,1.0,0.0,0.2,1224,1224,0.5179759454768073
608,608,608,1,0,23.0,0.0,0,7.0,0.0,1,1.0,0.0,0,1.0,0.0,0,2.0,0.0,0.0,608,608,0.5071301108648416
143,143,143,1,0,15.0,0.0,0,9.0,0.0,1,1.0,0.0,0,0.0,1.0,0,2.0,0.0,0.2,143,143,0.5094178179792747
751,751,751,1,0,12.0,0.0,0,8.0,0.0,0,46295.0,0.0,0,0.0,1.0,0,1.0,0.0,0.2,751,751,0.5108954378962901
1534,1534,1534,0,0,48.0,0.0,0,8.0,0.0,1,1.0,0.0,0,1.0,0.0,0,0.0,1.0,0.2,1534,1534,0.5197187775149109
981,981,981,1,0,12.0,0.0,0,1.0,0.0,1,1.0,0.0,0,4.0,0.0,0,1.0,0.0,0.0,981,981,0.5097552534840158
197,197,197,1,0,23.0,0.0,0,6.0,0.0,1,1.0,0.0,0,1.0,0.0,0,1.0,0.0,0.0,197,197,0.5084834114232324
1633,1633,1633,0,0,24.0,0.0,0,10.0,0.0,1,1.0,0.0,0,2.0,0.0,0,2.0,0.0,0.0,1633,1633,0.5075375197041736
883,883,883,1,0,31.0,0.0,0,12.0,0.0,1,1.0,0.0,0,0.0,1.0,0,1.0,0.0,0.2,883,883,0.5134695596117931
279,279,279,1,0,5.0,0.0,0,10.0,0.0,1,1.0,0.0,0,0.0,1.0,0,1.0,0.0,0.2,279,279,0.5080383556396
293,293,293,1,0,57.0,0.0,0,8.0,0.0,1,1.0,0.0,0,0.0,1.0,0,0.0,1.0,0.4,293,293,0.5262506397941065
1823,1823,1823,0,0,39.0,0.0,0,7.0,0.0,1,1.0,0.0,0,1.0,0.0,0,1.0,0.0,0.0,1823,1823,0.5118857152464836
400,400,400,1,0,27.0,0.0,0,3.0,0.0,1,1.0,0.0,0,0.0,1.0,0,1.0,0.0,0.2,400,400,0.5146465314686016
122,122,122,1,0,48.0,0.0,1,1.0,0.0,1,1.0,0.0,0,1.0,0.0,0,2.0,0.0,0.0,122,122,0.4987970969837092
1207,1207,1207,0,0,27.0,0.0,0,9.0,0.0,1,1.0,0.0,0,4.0,0.0,0,2.0,0.0,0.0,1207,1207,0.5101927729309489
202,202,202,1,0,0.0,1.0,0,7.0,0.0,1,1.0,0.0,0,1.0,0.0,0,1.0,0.0,0.2,202,202,0.5344340893765586
1462,1462,1462,0,0,9.0,0.0,0,6.0,0.0,0,28242.0,0.0,0,2.0,0.0,0,2.0,0.0,0.0,1462,1462,0.5055838193141095
835,835,835,1,0,20.0,0.0,0,0.0,1.0,1,1.0,0.0,0,1.0,0.0,0,1.0,0.0,0.2,835,835,0.5131208899646922
246,246,246,1,0,1.0,0.0,0,3.0,0.0,1,1.0,0.0,0,1.0,0.0,0,1.0,0.0,0.0,246,246,0.5041802729185295
1439,1439,1439,0,0,4.0,0.0,0,9.0,0.0,0,19193.0,0.0,0,1.0,0.0,0,1.0,0.0,0.0,1439,1439,0.5038685050183038
1753,1753,1753,0,0,17.0,0.0,0,7.0,0.0,0,47715.0,0.0,0,1.0,0.0,0,2.0,0.0,0.0,1753,1753,0.5065944731575606
1901,1901,1901,0,0,25.0,0.0,0,4.0,0.0,1,1.0,0.0,0,1.0,0.0,0,0.0,1.0,0.2,1901,1901,0.5154319769745652
1707,1707,1707,0,0,8.0,0.0,0,3.0,0.0,0,14102.0,0.0,0,0.0,1.0,0,2.0,0.0,0.2,1707,1707,0.5095278069083059
1880,1880,1880,0,0,12.0,0.0,0,8.0,0.0,1,1.0,0.0,0,1.0,0.0,0,1.0,0.0,0.0,1880,1880,0.5055241911906526
1153,1153,1153,0,1,1.0,0.0,1,1.0,0.0,1,1.0,0.0,1,1.0,0.0,1,1.0,0.0,0.0,1153,1153,0.5124376163745675
1661,1661,1661,0,0,12.0,0.0,0,5.0,0.0,1,1.0,0.0,0,1.0,0.0,0,1.0,0.0,0.0,1661,1661,0.5062160837146424
1426,1426,1426,0,0,58.0,0.0,0,0.0,1.0,1,1.0,0.0,0,1.0,0.0,0,1.0,0.0,0.2,1426,1426,0.5216949643506744
384,384,384,1,1,1.0,0.0,1,1.0,0.0,1,1.0,0.0,1,1.0,0.0,1,1.0,0.0,0.0,384,384,0.5124376163745675
1758,1758,1758,0,0,30.0,0.0,0,6.0,0.0,0,96997.0,0.0,0,0.0,1.0,0,0.0,1.0,0.4,1758,1758,0.5222342994918434
854,854,854,1,0,31.0,0.0,0,5.0,0.0,0,96087.0,0.0,0,0.0,1.0,0,1.0,0.0,0.2,854,854,0.5166597062977457
1589,1589,1589,0,0,24.0,0.0,0,7.0,0.0,1,1.0,0.0,0,0.0,1.0,0,1.0,0.0,0.2,1589,1589,0.51304155082084
219,219,219,1,0,43.0,0.0,0,7.0,0.0,1,1.0,0.0,0,2.0,0.0,0,2.0,0.0,0.0,219,219,0.51254334168692
641,641,641,1,0,63.0,0.0,1,1.0,0.0,1,1.0,0.0,0,1.0,0.0,0,1.0,0.0,0.0,641,641,0.503313480457169
1,1,1,1,0,10.0,0.0,0,4.0,0.0,0,79899.0,0.0,0,0.0,1.0,0,0.0,1.0,0.4,1,1,0.5179073553613845
112,112,112,1,0,37.0,0.0,0,7.0,0.0,1,1.0,0.0,0,0.0,1.0,0,1.0,0.0,0.2,112,112,0.5159862621338802
698,698,698,1,0,0.0,1.0,0,7.0,0.0,0,23927.0,0.0,0,1.0,0.0,0,1.0,0.0,0.2,698,698,0.534875957603155
1915,1915,1915,0,0,15.0,0.0,0,2.0,0.0,0,79899.0,0.0,0,0.0,1.0,0,0.0,1.0,0.4,1915,1915,0.5195015419933312
951,951,951,1,0,17.0,0.0,0,10.0,0.0,0,10600.0,0.0,0,2.0,0.0,0,1.0,0.0,0.0,951,951,0.5073305280087479
1648,1648,1648,0,0,32.0,0.0,0,6.0,0.0,1,1.0,0.0,0,0.0,1.0,0,0.0,1.0,0.4,1648,1648,0.521093394422187
1636,1636,1636,0,1,1.0,0.0,1,1.0,0.0,1,1.0,0.0,1,1.0,0.0,1,1.0,0.0,0.0,1636,1636,0.5124376163745675
1885,1885,1885,0,0,55.0,0.0,0,2.0,0.0,1,1.0,0.0,0,0.0,1.0,0,0.0,1.0,0.4,1885,1885,0.5272032850413638
1410,1410,1410,0,0,14.0,0.0,0,4.0,0.0,0,46304.0,0.0,0,2.0,0.0,0,1.0,0.0,0.0,1410,1410,0.5085781315142017
1409,1409,1409,0,0,32.0,0.0,0,5.0,0.0,1,1.0,0.0,0,1.0,0.0,0,2.0,0.0,0.0,1409,1409,0.5096346606146137
1533,1533,1533,0,0,19.0,0.0,0,12.0,0.0,1,1.0,0.0,0,2.0,0.0,0,1.0,0.0,0.0,1533,1533,0.5070627263915507
1291,1291,1291,0,0,51.0,0.0,0,1.0,0.0,1,1.0,0.0,0,1.0,0.0,0,0.0,1.0,0.2,1291,1291,0.5220150793724828
1808,1808,1808,0,0,42.0,0.0,0,16.0,0.0,1,1.0,0.0,0,2.0,0.0,0,1.0,0.0,0.0,1808,1808,0.5113572918356873
441,441,441,1,0,6.0,0.0,0,6.0,0.0,0,96994.0,0.0,0,1.0,0.0,0,1.0,0.0,0.0,441,441,0.5062011407906173
1520,1520,1520,0,0,2.0,0.0,0,10.0,0.0,0,56096.0,0.0,0,1.0,0.0,0,2.0,0.0,0.0,1520,1520,0.5026263247010392
1136,1136,1136,0,0,33.0,0.0,0,10.0,0.0,1,1.0,0.0,0,1.0,0.0,0,2.0,0.0,0.0,1136,1136,0.5087091947589055
1715,1715,1715,0,0,18.0,0.0,0,10.0,0.0,1,1.0,0.0,0,1.0,0.0,0,2.0,0.0,0.0,1715,1715,0.5053027991641524
1256,1256,1256,0,0,23.0,0.0,0,9.0,0.0,1,1.0,0.0,0,1.0,0.0,0,2.0,0.0,0.0,1256,1256,0.5066689312386599
1863,1863,1863,0,0,8.0,0.0,0,9.0,0.0,1,1.0,0.0,0,2.0,0.0,0,1.0,0.0,0.0,1863,1863,0.5052571649049601
1631,1631,1631,0,0,4.0,0.0,0,9.0,0.0,1,1.0,0.0,0,2.0,0.0,0,1.0,0.0,0.0,1631,1631,0.5043487732980138
1695,1695,1695,0,0,1.0,0.0,0,9.0,0.0,1,1.0,0.0,0,2.0,0.0,0,1.0,0.0,0.0,1695,1695,0.5036675162930165
1397,1397,1397,0,0,48.0,0.0,1,1.0,0.0,1,1.0,0.0,0,1.0,0.0,0,1.0,0.0,0.0,1397,1397,0.49991400518391643
663,663,663,1,0,42.0,0.0,0,11.0,0.0,1,1.0,0.0,0,1.0,0.0,0,1.0,0.0,0.0,663,663,0.5116433541482723
1835,1835,1835,0,0,19.0,0.0,0,1.0,0.0,1,1.0,0.0,0,1.0,0.0,0,2.0,0.0,0.0,1835,1835,0.5076038750864763
1257,1257,1257,0,0,23.0,0.0,0,1.0,0.0,1,1.0,0.0,0,1.0,0.0,0,0.0,1.0,0.2,1257,1257,0.5156692163423299
1773,1773,1773,0,0,48.0,0.0,0,1.0,0.0,1,1.0,0.0,0,0.0,1.0,0,2.0,0.0,0.2,1773,1773,0.5187482746557093
1700,1700,1700,0,0,0.0,1.0,0,9.0,0.0,1,1.0,0.0,0,1.0,0.0,0,1.0,0.0,0.2,1700,1700,0.5339475613322088
317,317,317,1,0,36.0,0.0,0,6.0,0.0,1,1.0,0.0,0,0.0,1.0,0,1.0,0.0,0.2,317,317,0.5159915227118015
648,648,648,1,0,33.0,0.0,0,5.0,0.0,1,1.0,0.0,0,0.0,1.0,0,1.0,0.0,0.2,648,648,0.5155436516385691
1434,1434,1434,0,0,6.0,0.0,0,7.0,0.0,0,84129.0,0.0,0,0.0,1.0,0,1.0,0.0,0.2,1434,1434,0.5103428855589103
1479,1479,1479,0,0,31.0,0.0,0,12.0,0.0,0,49224.0,0.0,0,0.0,1.0,0,2.0,0.0,0.2,1479,1479,0.5132048027038308
709,709,709,1,0,1.0,0.0,0,5.0,0.0,0,46690.0,0.0,0,1.0,0.0,0,0.0,1.0,0.2,709,709,0.5105647500883186
1382,1382,1382,0,0,19.0,0.0,0,7.0,0.0,0,81299.0,0.0,0,0.0,1.0,0,0.0,1.0,0.4,1382,1382,0.519273572772403
1282,1282,1282,0,0,7.0,0.0,0,7.0,0.0,1,1.0,0.0,0,1.0,0.0,0,2.0,0.0,0.0,1282,1282,0.5034976401602753
972,972,972,1,0,29.0,0.0,0,8.0,0.0,0,86892.0,0.0,0,0.0,1.0,0,0.0,1.0,0.4,972,972,0.5213894077060087
627,627,627,1,0,9.0,0.0,0,14.0,0.0,0,96998.0,0.0,0,2.0,0.0,0,1.0,0.0,0.0,627,627,0.5059109895794581
632,632,632,1,0,3.0,0.0,0,6.0,0.0,1,1.0,0.0,0,2.0,0.0,0,1.0,0.0,0.0,632,632,0.5048139990094741
1306,1306,1306,0,0,10.0,0.0,0,3.0,0.0,0,97005.0,0.0,0,0.0,1.0,0,1.0,0.0,0.2,1306,1306,0.5123688058024933
1400,1400,1400,0,0,19.0,0.0,0,11.0,0.0,0,64185.0,0.0,0,1.0,0.0,0,1.0,0.0,0.0,1400,1400,0.507500549790023
1408,1408,1408,0,0,0.0,1.0,0,9.0,0.0,0,84124.0,0.0,0,1.0,0.0,0,1.0,0.0,0.2,1408,1408,0.5354297482034331
1248,1248,1248,0,0,17.0,0.0,1,1.0,0.0,1,1.0,0.0,0,1.0,0.0,0,1.0,0.0,0.0,1248,1248,0.49290898630451824
1952,1952,1952,0,0,0.0,1.0,0,5.0,0.0,1,1.0,0.0,0,2.0,0.0,0,0.0,1.0,0.4,1952,1952,0.5413283951898009
1254,1254,1254,0,0,54.0,0.0,0,1.0,0.0,1,1.0,0.0,0,1.0,0.0,0,1.0,0.0,0.0,1254,1254,0.5166720072565911
1496,1496,1496,0,0,17.0,0.0,0,8.0,0.0,0,40991.0,0.0,0,1.0,0.0,0,1.0,0.0,0.0,1496,1496,0.5073841496270005
1371,1371,1371,0,0,15.0,0.0,0,3.0,0.0,1,1.0,0.0,0,1.0,0.0,0,0.0,1.0,0.2,1371,1371,0.5133932302598011
1529,1529,1529,0,0,15.0,0.0,0,11.0,0.0,0,14095.0,0.0,0,2.0,0.0,0,1.0,0.0,0.0,1529,1529,0.5066989565821155
1663,1663,1663,0,0,27.0,0.0,0,13.0,0.0,0,84116.0,0.0,0,2.0,0.0,0,1.0,0.0,0.0,1663,1663,0.5100324711779539
1354,1354,1354,0,0,28.0,0.0,0,8.0,0.0,1,1.0,0.0,0,1.0,0.0,0,1.0,0.0,0.0,1354,1354,0.50915764256548
1925,1925,1925,0,0,0.0,1.0,0,13.0,0.0,1,1.0,0.0,0,2.0,0.0,0,0.0,1.0,0.4,1925,1925,0.5393436654074423
1900,1900,1900,0,0,27.0,0.0,0,10.0,0.0,1,1.0,0.0,0,1.0,0.0,0,0.0,1.0,0.2,1900,1900,0.5145004294538932
1643,1643,1643,0,0,28.0,0.0,1,1.0,0.0,1,1.0,0.0,0,1.0,0.0,0,2.0,0.0,0.0,1643,1643,0.49427968025008456
1848,1848,1848,0,0,21.0,0.0,0,6.0,0.0,1,1.0,0.0,0,1.0,0.0,0,0.0,1.0,0.2,1848,1848,0.5140633327644558
795,795,795,1,0,33.0,0.0,0,12.0,0.0,1,1.0,0.0,0,2.0,0.0,0,2.0,0.0,0.0,795,795,0.5091194423326094
645,645,645,1,0,24.0,0.0,0,8.0,0.0,1,1.0,0.0,0,2.0,0.0,0,1.0,0.0,0.0,645,645,0.5091213867793007
1012,1012,1012,0,0,45.0,0.0,0,5.0,0.0,1,1.0,0.0,0,1.0,0.0,0,0.0,1.0,0.2,1012,1012,0.5197337405347909
1839,1839,1839,0,0,7.0,0.0,0,7.0,0.0,0,97002.0,0.0,0,2.0,0.0,0,1.0,0.0,0.0,1839,1839,0.5070700815113588
556,556,556,1,0,7.0,0.0,0,5.0,0.0,0,17010.0,0.0,0,0.0,1.0,0,1.0,0.0,0.2,556,556,0.5100052512781564
681,681,681,1,0,45.0,0.0,0,5.0,0.0,1,1.0,0.0,0,0.0,1.0,0,1.0,0.0,0.2,681,681,0.5182597671401771
577,577,577,1,0,10.0,0.0,0,6.0,0.0,0,64180.0,0.0,0,1.0,0.0,0,2.0,0.0,0.0,577,577,0.5054870595807616
1109,1109,1109,0,0,45.0,0.0,0,2.0,0.0,1,1.0,0.0,0,1.0,0.0,0,1.0,0.0,0.0,1109,1109,0.5143996869194937
1266,1266,1266,0,0,49.0,0.0,0,11.0,0.0,1,1.0,0.0,0,1.0,0.0,0,2.0,0.0,0.0,1266,1266,0.512110717643198
1722,1722,1722,0,0,23.0,0.0,0,3.0,0.0,1,1.0,0.0,0,0.0,1.0,0,2.0,0.0,0.2,1722,1722,0.5126189550245737
1183,1183,1183,0,0,4.0,0.0,0,9.0,0.0,0,18101.0,0.0,0,6.0,0.0,0,1.0,0.0,0.0,1183,1183,0.5082103107055566
524,524,524,1,0,12.0,0.0,0,15.0,0.0,1,1.0,0.0,0,2.0,0.0,0,1.0,0.0,0.0,524,524,0.5047805033685746
1059,1059,1059,0,0,11.0,0.0,0,4.0,0.0,0,45196.0,0.0,0,2.0,0.0,0,0.0,1.0,0.2,1059,1059,0.5139149211043761
540,540,540,1,1,1.0,0.0,1,1.0,0.0,1,1.0,0.0,1,1.0,0.0,1,1.0,0.0,0.0,540,540,0.5124376163745675
1194,1194,1194,0,0,19.0,0.0,0,7.0,0.0,0,46511.0,0.0,0,0.0,1.0,0,1.0,0.0,0.2,1194,1194,0.5127178521682816
1678,1678,1678,0,0,31.0,0.0,0,5.0,0.0,1,1.0,0.0,0,3.0,0.0,0,2.0,0.0,0.0,1678,1678,0.5111523779234793
748,748,748,1,0,13.0,0.0,0,14.0,0.0,0,85481.0,0.0,0,2.0,0.0,0,0.0,1.0,0.2,748,748,0.5126778875550806
1851,1851,1851,0,0,16.0,0.0,0,10.0,0.0,1,1.0,0.0,0,2.0,0.0,0,2.0,0.0,0.0,1851,1851,0.5057207210618454
1430,1430,1430,0,0,17.0,0.0,0,12.0,0.0,0,47710.0,0.0,0,0.0,1.0,0,0.0,1.0,0.4,1430,1430,0.5171435437541195
484,484,484,1,0,21.0,0.0,0,6.0,0.0,1,1.0,0.0,0,2.0,0.0,0,2.0,0.0,0.0,484,484,0.5077788534054097
1757,1757,1757,0,0,6.0,0.0,0,8.0,0.0,1,1.0,0.0,0,1.0,0.0,0,1.0,0.0,0.0,1757,1757,0.5041617846421196
95,95,95,1,0,28.0,0.0,1,1.0,0.0,1,1.0,0.0,0,1.0,0.0,0,0.0,1.0,0.2,95,95,0.5014041207127983
1020,1020,1020,0,0,52.0,0.0,0,4.0,0.0,1,1.0,0.0,0,1.0,0.0,0,0.0,1.0,0.2,1020,1020,0.5215487873914673
563,563,563,1,0,23.0,0.0,0,6.0,0.0,1,1.0,0.0,0,1.0,0.0,0,1.0,0.0,0.0,563,563,0.5084834114232324
1264,1264,1264,0,0,16.0,0.0,0,4.0,0.0,1,1.0,0.0,0,1.0,0.0,0,2.0,0.0,0.0,1264,1264,0.5062321826083697
742,742,742,1,0,42.0,0.0,0,4.0,0.0,1,1.0,0.0,0,0.0,1.0,0,2.0,0.0,0.2,742,742,0.516695884205288
863,863,863,1,0,9.0,0.0,0,7.0,0.0,0,35991.0,0.0,0,2.0,0.0,0,0.0,1.0,0.2,863,863,0.5126289220021428
1598,1598,1598,0,0,21.0,0.0,0,8.0,0.0,1,1.0,0.0,0,1.0,0.0,0,1.0,0.0,0.0,1598,1598,0.5075680302073318
1714,1714,1714,0,0,7.0,0.0,0,5.0,0.0,0,1407.0,0.0,0,2.0,0.0,0,1.0,0.0,0.0,1714,1714,0.5060730550972706
1484,1484,1484,0,0,18.0,0.0,0,4.0,0.0,1,1.0,0.0,0,2.0,0.0,0,1.0,0.0,0.0,1484,1484,0.5086814265442211
891,891,891,1,0,6.0,0.0,0,9.0,0.0,1,1.0,0.0,0,1.0,0.0,0,1.0,0.0,0.0,891,891,0.503931001588463
1577,1577,1577,0,0,45.0,0.0,0,6.0,0.0,1,1.0,0.0,0,0.0,1.0,0,1.0,0.0,0.2,1577,1577,0.5180279336813903
1038,1038,1038,0,0,16.0,0.0,0,5.0,0.0,1,1.0,0.0,0,1.0,0.0,0,1.0,0.0,0.0,1038,1038,0.5071243401524961
206,206,206,1,0,6.0,0.0,0,10.0,0.0,0,40993.0,0.0,0,0.0,1.0,0,0.0,1.0,0.4,206,206,0.515015537591735
392,392,392,1,0,48.0,0.0,0,8.0,0.0,1,1.0,0.0,0,0.0,1.0,0,2.0,0.0,0.2,392,392,0.5171280415269671
794,794,794,1,0,21.0,0.0,1,1.0,0.0,1,1.0,0.0,0,1.0,0.0,0,0.0,1.0,0.2,794,794,0.4998181415379213
870,870,870,1,0,6.0,0.0,0,11.0,0.0,0,47111.0,0.0,0,1.0,0.0,0,1.0,0.0,0.0,870,870,0.5042877908191766
397,397,397,1,0,37.0,0.0,0,6.0,0.0,1,1.0,0.0,0,1.0,0.0,0,0.0,1.0,0.2,397,397,0.5176910009751832
766,766,766,1,0,28.0,0.0,0,7.0,0.0,1,1.0,0.0,0,1.0,0.0,0,2.0,0.0,0.0,766,766,0.5082655264876967
1841,1841,1841,0,0,7.0,0.0,0,4.0,0.0,0,47813.0,0.0,0,1.0,0.0,0,0.0,1.0,0.2,1841,1841,0.5121743309344574
1241,1241,1241,0,0,9.0,0.0,0,8.0,0.0,1,1.0,0.0,0,2.0,0.0,0,1.0,0.0,0.0,1241,1241,0.505715038689408
1028,1028,1028,0,0,17.0,0.0,0,3.0,0.0,0,10710.0,0.0,0,0.0,1.0,0,1.0,0.0,0.2,1028,1028,0.5126397096606777
1792,1792,1792,0,0,33.0,0.0,0,2.0,0.0,1,1.0,0.0,0,1.0,0.0,0,1.0,0.0,0.0,1792,1792,0.511675524180499
642,642,642,1,0,25.0,0.0,0,9.0,0.0,1,1.0,0.0,0,3.0,0.0,0,2.0,0.0,0.0,642,642,0.5088673217341738
1891,1891,1891,0,0,45.0,0.0,1,1.0,0.0,1,1.0,0.0,0,0.0,1.0,0,1.0,0.0,0.2,1891,1891,0.5037914711977594
612,612,612,1,0,17.0,0.0,0,1.0,0.0,1,1.0,0.0,0,1.0,0.0,0,0.0,1.0,0.2,612,612,0.5143075936021679
1762,1762,1762,0,0,54.0,0.0,0,1.0,0.0,1,1.0,0.0,0,1.0,0.0,0,0.0,1.0,0.2,1762,1762,0.5226938557789249
960,960,960,1,0,16.0,0.0,0,11.0,0.0,0,47209.0,0.0,0,0.0,1.0,0,1.0,0.0,0.2,960,960,0.5111235249005719
1570,1570,1570,0,0,16.0,0.0,0,7.0,0.0,1,1.0,0.0,0,2.0,0.0,0,1.0,0.0,0.0,1570,1570,0.5075354547185188
725,725,725,1,0,6.0,0.0,0,2.0,0.0,0,47816.0,0.0,0,1.0,0.0,0,1.0,0.0,0.0,725,725,0.5063731654961454
683,683,683,1,0,4.0,0.0,0,6.0,0.0,0,10495.0,0.0,0,2.0,0.0,0,1.0,0.0,0.0,683,683,0.5052998797962843
98,98,98,1,0,37.0,0.0,0,7.0,0.0,1,1.0,0.0,0,2.0,0.0,0,0.0,1.0,0.2,98,98,0.5183276039428182
804,804,804,1,0,17.0,0.0,0,5.0,0.0,1,1.0,0.0,0,2.0,0.0,0,1.0,0.0,0.0,804,804,0.5082238081609621
1751,1751,1751,0,0,5.0,0.0,0,5.0,0.0,1,1.0,0.0,0,0.0,1.0,0,2.0,0.0,0.2,1751,1751,0.5080712411985023
1597,1597,1597,0,0,34.0,0.0,0,3.0,0.0,1,1.0,0.0,0,1.0,0.0,0,0.0,1.0,0.2,1597,1597,0.5177033870322921
406,406,406,1,0,17.0,0.0,0,2.0,0.0,0,97000.0,0.0,0,1.0,0.0,0,2.0,0.0,0.0,406,406,0.5084925678115653
502,502,502,1,0,27.0,0.0,0,5.0,0.0,1,1.0,0.0,0,0.0,1.0,0,0.0,1.0,0.4,502,502,0.520197249115193
1071,1071,1071,0,0,35.0,0.0,0,7.0,0.0,1,1.0,0.0,0,2.0,0.0,0,1.0,0.0,0.0,1071,1071,0.5118493071876471
1056,1056,1056,0,0,49.0,0.0,0,11.0,0.0,1,1.0,0.0,0,1.0,0.0,0,1.0,0.0,0.0,1056,1056,0.5132313439821097
929,929,929,1,0,8.0,0.0,0,2.0,0.0,0,46623.0,0.0,0,1.0,0.0,0,0.0,1.0,0.2,929,929,0.5128432575129569
779,779,779,1,0,19.0,0.0,0,10.0,0.0,1,1.0,0.0,0,0.0,1.0,0,2.0,0.0,0.2,779,779,0.5100943604449791
200,200,200,1,0,65.0,0.0,1,1.0,0.0,1,1.0,0.0,0,0.0,1.0,0,1.0,0.0,0.2,200,200,0.508333143634245
134,134,134,1,0,17.0,0.0,0,4.0,0.0,1,1.0,0.0,0,0.0,1.0,0,1.0,0.0,0.2,134,134,0.5121475917931245
1051,1051,1051,0,0,23.0,0.0,0,13.0,0.0,0,10788.0,0.0,0,1.0,0.0,0,1.0,0.0,0.0,1051,1051,0.5071313917821558
40,40,40,1,0,28.0,0.0,0,10.0,0.0,1,1.0,0.0,0,0.0,1.0,0,0.0,1.0,0.4,40,40,0.5192608044869903
1017,1017,1017,0,0,28.0,0.0,0,13.0,0.0,1,1.0,0.0,0,1.0,0.0,0,2.0,0.0,0.0,1017,1017,0.5068814882031344
230,230,230,1,0,2.0,0.0,0,8.0,0.0,1,1.0,0.0,0,1.0,0.0,0,2.0,0.0,0.0,230,230,0.5021321602468788
1513,1513,1513,0,0,53.0,0.0,0,3.0,0.0,1,1.0,0.0,0,0.0,1.0,0,1.0,0.0,0.2,1513,1513,0.520531934193074
1796,1796,1796,0,0,16.0,0.0,0,5.0,0.0,0,64903.0,0.0,0,2.0,0.0,0,0.0,1.0,0.2,1796,1796,0.5151195296063001
378,378,378,1,0,31.0,0.0,0,6.0,0.0,1,1.0,0.0,0,1.0,0.0,0,0.0,1.0,0.2,378,378,0.5163312347123702
288,288,288,1,0,17.0,0.0,0,10.0,0.0,0,82190.0,0.0,0,2.0,0.0,0,1.0,0.0,0.0,288,288,0.5084239479712646
418,418,418,1,0,54.0,0.0,0,5.0,0.0,1,1.0,0.0,0,1.0,0.0,0,2.0,0.0,0.0,418,418,0.5146291327406876
1698,1698,1698,0,0,2.0,0.0,0,12.0,0.0,1,1.0,0.0,0,0.0,1.0,0,2.0,0.0,0.2,1698,1698,0.5057738791649788
391,391,391,1,0,3.0,0.0,0,11.0,0.0,1,1.0,0.0,0,2.0,0.0,0,1.0,0.0,0.0,391,391,0.5036600087860027
592,592,592,1,0,38.0,0.0,0,8.0,0.0,0,62016.0,0.0,0,1.0,0.0,0,2.0,0.0,0.0,592,592,0.5113501177273062
1522,1522,1522,0,0,52.0,0.0,0,0.0,1.0,1,1.0,0.0,0,1.0,0.0,0,1.0,0.0,0.2,1522,1522,0.5203452129837788
1162,1162,1162,0,0,0.0,1.0,0,12.0,0.0,0,10618.0,0.0,0,1.0,0.0,0,2.0,0.0,0.2,1162,1162,0.5324107998953942
1086,1086,1086,0,0,31.0,0.0,0,5.0,0.0,1,1.0,0.0,0,1.0,0.0,0,2.0,0.0,0.0,1086,1086,0.509407585390498
1495,1495,1495,0,0,11.0,0.0,0,9.0,0.0,0,25923.0,0.0,0,2.0,0.0,0,0.0,1.0,0.2,1495,1495,0.512466937607924
647,647,647,1,0,11.0,0.0,0,7.0,0.0,1,1.0,0.0,0,0.0,1.0,0,0.0,1.0,0.4,647,647,0.516116368448917
1152,1152,1152,0,0,22.0,0.0,0,8.0,0.0,0,45194.0,0.0,0,0.0,1.0,0,0.0,1.0,0.4,1152,1152,0.51916287584254
1367,1367,1367,0,0,24.0,0.0,0,7.0,0.0,0,49219.0,0.0,0,1.0,0.0,0,1.0,0.0,0.0,1367,1367,0.5093296551749432
520,520,520,1,0,4.0,0.0,0,10.0,0.0,0,18116.0,0.0,0,1.0,0.0,0,1.0,0.0,0.0,520,520,0.503621214164742
1862,1862,1862,0,0,48.0,0.0,0,4.0,0.0,1,1.0,0.0,0,1.0,0.0,0,1.0,0.0,0.0,1862,1862,0.5146199126678409
64,64,64,1,0,14.0,0.0,0,8.0,0.0,0,85091.0,0.0,0,1.0,0.0,0,1.0,0.0,0.0,64,64,0.5073751466249051
1836,1836,1836,0,0,55.0,0.0,0,12.0,0.0,1,1.0,0.0,0,4.0,0.0,0,2.0,0.0,0.0,1836,1836,0.5158455605689176
14,14,14,1,0,24.0,0.0,0,8.0,0.0,1,1.0,0.0,0,0.0,1.0,0,1.0,0.0,0.2,14,14,0.5128102051981681
1180,1180,1180,0,0,0.0,1.0,0,6.0,0.0,0,49218.0,0.0,0,0.0,1.0,0,1.0,0.0,0.4,1180,1180,0.5396306674328336
1064,1064,1064,0,0,19.0,0.0,0,3.0,0.0,0,46482.0,0.0,0,1.0,0.0,0,0.0,1.0,0.2,1064,1064,0.5151081255931994
492,492,492,1,0,45.0,0.0,0,9.0,0.0,0,49220.0,0.0,0,2.0,0.0,0,1.0,0.0,0.0,492,492,0.5145071416243417
379,379,379,1,0,19.0,0.0,0,9.0,0.0,0,27495.0,0.0,0,1.0,0.0,0,0.0,1.0,0.2,379,379,0.5134354111477185
187,187,187,1,0,11.0,0.0,0,12.0,0.0,0,64181.0,0.0,0,1.0,0.0,0,0.0,1.0,0.2,187,187,0.5114886462456578
763,763,763,1,0,34.0,0.0,0,6.0,0.0,1,1.0,0.0,0,1.0,0.0,0,1.0,0.0,0.0,763,763,0.5109811968736246
216,216,216,1,0,44.0,0.0,0,4.0,0.0,1,1.0,0.0,0,0.0,1.0,0,1.0,0.0,0.2,216,216,0.5182652981372201
791,791,791,1,0,20.0,0.0,0,11.0,0.0,0,47594.0,0.0,0,0.0,1.0,0,2.0,0.0,0.2,791,791,0.5109166399671142
1076,1076,1076,0,0,6.0,0.0,0,11.0,0.0,1,1.0,0.0,0,2.0,0.0,0,1.0,0.0,0.0,1076,1076,0.5043413179924011
878,878,878,1,0,4.0,0.0,0,14.0,0.0,0,14096.0,0.0,0,1.0,0.0,0,1.0,0.0,0.0,878,878,0.5026362926301039
337,337,337,1,0,7.0,0.0,0,11.0,0.0,0,85481.0,0.0,0,0.0,1.0,0,0.0,1.0,0.4,337,337,0.5156955496463685
1772,1772,1772,0,0,55.0,0.0,0,3.0,0.0,1,1.0,0.0,0,1.0,0.0,0,1.0,0.0,0.0,1772,1772,0.5164383582293177
719,719,719,1,0,45.0,0.0,1,1.0,0.0,1,1.0,0.0,0,1.0,0.0,0,2.0,0.0,0.0,719,719,0.49811859957299826
1748,1748,1748,0,0,15.0,0.0,0,5.0,0.0,1,1.0,0.0,0,4.0,0.0,0,1.0,0.0,0.0,1748,1748,0.5095138888280814
295,295,295,1,0,9.0,0.0,0,6.0,0.0,0,25112.0,0.0,0,0.0,1.0,0,2.0,0.0,0.2,295,295,0.509230744833554
1725,1725,1725,0,0,35.0,0.0,0,0.0,1.0,1,1.0,0.0,0,1.0,0.0,0,2.0,0.0,0.2,1725,1725,0.5153992511911852
1016,1016,1016,0,0,19.0,0.0,0,12.0,0.0,1,1.0,0.0,0,1.0,0.0,0,1.0,0.0,0.0,1016,1016,0.5061908147652099
1275,1275,1275,0,0,41.0,0.0,0,1.0,0.0,1,1.0,0.0,0,2.0,0.0,0,2.0,0.0,0.0,1275,1275,0.5134714984816363
1750,1750,1750,0,0,10.0,0.0,0,10.0,0.0,0,26198.0,0.0,0,1.0,0.0,0,1.0,0.0,0.0,1750,1750,0.5051072695934259
1485,1485,1485,0,0,7.0,0.0,0,5.0,0.0,1,1.0,0.0,0,2.0,0.0,0,1.0,0.0,0.0,1485,1485,0.5059529442051587
455,455,455,1,0,18.0,0.0,0,11.0,0.0,0,1116.0,0.0,0,2.0,0.0,0,1.0,0.0,0.0,455,455,0.5071815871123202
1996,1996,1996,0,0,2.0,0.0,0,6.0,0.0,0,49215.0,0.0,0,2.0,0.0,0,1.0,0.0,0.0,1996,1996,0.5054370501724987
815,815,815,1,0,20.0,0.0,0,11.0,0.0,1,1.0,0.0,0,0.0,1.0,0,0.0,1.0,0.4,815,815,0.517222763308764
1886,1886,1886,0,0,2.0,0.0,0,12.0,0.0,0,47586.0,0.0,0,1.0,0.0,0,2.0,0.0,0.0,1886,1886,0.5020344181976514
269,269,269,1,0,13.0,0.0,0,8.0,0.0,0,14092.0,0.0,0,2.0,0.0,0,2.0,0.0,0.0,269,269,0.5058147109403099
995,995,995,1,0,14.0,0.0,0,6.0,0.0,0,55092.0,0.0,0,2.0,0.0,0,1.0,0.0,0.0,995,995,0.5082513295089085
201,201,201,1,0,22.0,0.0,0,5.0,0.0,1,1.0,0.0,0,0.0,1.0,0,0.0,1.0,0.4,201,201,0.5190677129989442
161,161,161,1,0,14.0,0.0,0,7.0,0.0,1,1.0,0.0,0,1.0,0.0,0,1.0,0.0,0.0,161,161,0.5062090325638323
1579,1579,1579,0,0,19.0,0.0,0,11.0,0.0,1,1.0,0.0,0,1.0,0.0,0,1.0,0.0,0.0,1579,1579,0.5064216267146321
729,729,729,1,0,8.0,0.0,0,4.0,0.0,1,1.0,0.0,0,0.0,1.0,0,0.0,1.0,0.4,729,729,0.5161320446399643
401,401,401,1,0,41.0,0.0,0,8.0,0.0,0,20210.0,0.0,0,1.0,0.0,0,1.0,0.0,0.0,401,401,0.5125159317864015
702,702,702,1,0,12.0,0.0,0,6.0,0.0,1,1.0,0.0,0,0.0,1.0,0,0.0,1.0,0.4,702,702,0.5165743957378455
1500,1500,1500,0,0,43.0,0.0,0,6.0,0.0,1,1.0,0.0,0,2.0,0.0,0,0.0,1.0,0.2,1500,1500,0.5199166287318735
1845,1845,1845,0,0,3.0,0.0,0,7.0,0.0,1,1.0,0.0,0,0.0,1.0,0,1.0,0.0,0.2,1845,1845,0.5082773838577377
1795,1795,1795,0,0,17.0,0.0,0,10.0,0.0,0,55090.0,0.0,0,2.0,0.0,0,1.0,0.0,0.0,1795,1795,0.5080104569831478
1129,1129,1129,0,0,57.0,0.0,0,7.0,0.0,1,1.0,0.0,0,1.0,0.0,0,0.0,1.0,0.2,1129,1129,0.5219849294097336
565,565,565,1,0,43.0,0.0,0,4.0,0.0,1,1.0,0.0,0,4.0,0.0,0,1.0,0.0,0.0,565,565,0.5160968776900299
1413,1413,1413,0,0,46.0,0.0,1,1.0,0.0,1,1.0,0.0,0,1.0,0.0,0,1.0,0.0,0.0,1413,1413,0.4994611413169105
1021,1021,1021,0,0,1.0,0.0,0,10.0,0.0,0,84120.0,0.0,0,0.0,1.0,0,1.0,0.0,0.2,1021,1021,0.5085153408211623
1025,1025,1025,0,0,41.0,0.0,0,4.0,0.0,1,1.0,0.0,0,1.0,0.0,0,0.0,1.0,0.2,1025,1025,0.519058905479784
1411,1411,1411,0,0,7.0,0.0,0,10.0,0.0,1,1.0,0.0,0,0.0,1.0,0,2.0,0.0,0.2,1411,1411,0.5073709346379197
1895,1895,1895,0,0,55.0,0.0,1,1.0,0.0,1,1.0,0.0,0,1.0,0.0,0,0.0,1.0,0.2,1895,1895,0.5075296426104483
1585,1585,1585,0,0,22.0,0.0,0,14.0,0.0,0,51090.0,0.0,0,2.0,0.0,0,1.0,0.0,0.0,1585,1585,0.5081616365093307
1104,1104,1104,0,0,31.0,0.0,0,9.0,0.0,0,10494.0,0.0,0,2.0,0.0,0,2.0,0.0,0.0,1104,1104,0.5096164443292271
205,205,205,1,0,36.0,0.0,0,2.0,0.0,1,1.0,0.0,0,4.0,0.0,0,1.0,0.0,0.0,205,205,0.5149717815399084
34,34,34,1,0,35.0,0.0,0,14.0,0.0,0,96999.0,0.0,0,0.0,1.0,0,2.0,0.0,0.2,34,34,0.5143827477052563
775,775,775,1,0,48.0,0.0,0,8.0,0.0,1,1.0,0.0,0,1.0,0.0,0,1.0,0.0,0.0,775,775,0.5136973816388374
508,508,508,1,1,1.0,0.0,1,1.0,0.0,1,1.0,0.0,1,1.0,0.0,1,1.0,0.0,0.0,508,508,0.5124376163745675
1451,1451,1451,0,0,31.0,0.0,0,5.0,0.0,0,20133.0,0.0,0,1.0,0.0,0,0.0,1.0,0.2,1451,1451,0.5169672581937882
1478,1478,1478,0,0,21.0,0.0,0,6.0,0.0,0,43200.0,0.0,0,2.0,0.0,0,0.0,1.0,0.2,1478,1478,0.5156921481183587
1970,1970,1970,0,0,19.0,0.0,0,7.0,0.0,0,10706.0,0.0,0,2.0,0.0,0,0.0,1.0,0.2,1970,1970,0.5145100258296168
1390,1390,1390,0,0,48.0,0.0,0,7.0,0.0,1,1.0,0.0,0,0.0,1.0,0,1.0,0.0,0.2,1390,1390,0.5184741335543716
91,91,91,1,0,16.0,0.0,0,7.0,0.0,1,1.0,0.0,0,2.0,0.0,0,2.0,0.0,0.0,91,91,0.506412830542351
1363,1363,1363,0,0,29.0,0.0,0,4.0,0.0,1,1.0,0.0,0,0.0,1.0,0,1.0,0.0,0.2,1363,1363,0.514868687239078
897,897,897,1,0,22.0,0.0,0,9.0,0.0,1,1.0,0.0,0,0.0,1.0,0,2.0,0.0,0.2,897,897,0.5110060585961325
564,564,564,1,0,21.0,0.0,0,17.0,0.0,1,1.0,0.0,0,0.0,1.0,0,2.0,0.0,0.2,564,564,0.5089294405756931
1369,1369,1369,0,0,9.0,0.0,0,8.0,0.0,1,1.0,0.0,0,1.0,0.0,0,0.0,1.0,0.2,1369,1369,0.510878546161182
776,776,776,1,0,47.0,0.0,0,6.0,0.0,1,1.0,0.0,0,1.0,0.0,0,1.0,0.0,0.0,776,776,0.513931952681972
241,241,241,1,0,9.0,0.0,0,4.0,0.0,1,1.0,0.0,0,1.0,0.0,0,1.0,0.0,0.0,241,241,0.5057655011627329
13,13,13,1,0,35.0,0.0,0,6.0,0.0,0,33137.0,0.0,0,0.0,1.0,0,1.0,0.0,0.2,13,13,0.5163698210891401
315,315,315,1,0,28.0,0.0,0,5.0,0.0,1,1.0,0.0,0,0.0,1.0,0,1.0,0.0,0.2,315,315,0.5144107863361799
600,600,600,1,0,26.0,0.0,0,6.0,0.0,0,49224.0,0.0,0,2.0,0.0,0,0.0,1.0,0.2,600,600,0.5169179329631688
387,387,387,1,0,16.0,0.0,0,9.0,0.0,0,45100.0,0.0,0,0.0,1.0,0,0.0,1.0,0.4,387,387,0.5175732232330664
1297,1297,1297,0,0,4.0,0.0,0,7.0,0.0,1,1.0,0.0,0,1.0,0.0,0,2.0,0.0,0.0,1297,1297,0.5028168254376643
166,166,166,1,0,35.0,0.0,0,2.0,0.0,1,1.0,0.0,0,0.0,1.0,0,1.0,0.0,0.2,166,166,0.5166906618710131
840,840,840,1,0,23.0,0.0,1,1.0,0.0,1,1.0,0.0,0,0.0,1.0,0,1.0,0.0,0.2,840,840,0.49879939537647394
20,20,20,1,0,39.0,0.0,0,5.0,0.0,1,1.0,0.0,0,2.0,0.0,0,1.0,0.0,0.0,20,20,0.5132185214529565
646,646,646,1,0,38.0,0.0,0,11.0,0.0,0,46491.0,0.0,0,0.0,1.0,0,1.0,0.0,0.2,646,646,0.5160963817012143
1842,1842,1842,0,0,8.0,0.0,0,7.0,0.0,0,10497.0,0.0,0,1.0,0.0,0,0.0,1.0,0.2,1842,1842,0.5111409040968659
1508,1508,1508,0,1,1.0,0.0,1,1.0,0.0,1,1.0,0.0,1,1.0,0.0,1,1.0,0.0,0.0,1508,1508,0.5124376163745675
1154,1154,1154,0,0,53.0,0.0,0,7.0,0.0,1,1.0,0.0,0,1.0,0.0,0,1.0,0.0,0.0,1154,1154,0.5150623352044607
1528,1528,1528,0,1,1.0,0.0,1,1.0,0.0,1,1.0,0.0,1,1.0,0.0,1,1.0,0.0,0.0,1528,1528,0.5124376163745675
831,831,831,1,0,21.0,0.0,0,11.0,0.0,1,1.0,0.0,0,1.0,0.0,0,0.0,1.0,0.2,831,831,0.5129088144792019
1267,1267,1267,0,0,17.0,0.0,0,7.0,0.0,1,1.0,0.0,0,4.0,0.0,0,1.0,0.0,0.0,1267,1267,0.5095062639510299
1590,1590,1590,0,0,6.0,0.0,0,11.0,0.0,0,79104.0,0.0,0,0.0,1.0,0,1.0,0.0,0.2,1590,1590,0.5093430286220603
1899,1899,1899,0,0,22.0,0.0,0,8.0,0.0,0,13918.0,0.0,0,2.0,0.0,0,1.0,0.0,0.0,1899,1899,0.5089782669556917
562,562,562,1,0,25.0,0.0,0,5.0,0.0,1,1.0,0.0,0,1.0,0.0,0,1.0,0.0,0.0,562,562,0.5091680714461754
1951,1951,1951,0,0,14.0,0.0,0,7.0,0.0,1,1.0,0.0,0,1.0,0.0,0,1.0,0.0,0.0,1951,1951,0.5062090325638323
686,686,686,1,0,32.0,0.0,0,4.0,0.0,1,1.0,0.0,0,2.0,0.0,0,1.0,0.0,0.0,686,686,0.5118602646921353
957,957,957,1,0,35.0,0.0,0,9.0,0.0,0,10703.0,0.0,0,2.0,0.0,0,1.0,0.0,0.0,957,957,0.5116488325455463
189,189,189,1,0,6.0,0.0,0,9.0,0.0,0,64184.0,0.0,0,0.0,1.0,0,1.0,0.0,0.2,189,189,0.5095765441079859
1806,1806,1806,0,0,14.0,0.0,0,6.0,0.0,0,23930.0,0.0,0,2.0,0.0,0,0.0,1.0,0.2,1806,1806,0.5138097310840677
975,975,975,1,0,6.0,0.0,0,8.0,0.0,0,14091.0,0.0,0,1.0,0.0,0,1.0,0.0,0.0,975,975,0.5044754509450516
699,699,699,1,0,15.0,0.0,0,6.0,0.0,0,23927.0,0.0,0,2.0,0.0,0,2.0,0.0,0.0,699,699,0.5068803534830201
1499,1499,1499,0,0,24.0,0.0,0,13.0,0.0,0,62009.0,0.0,0,0.0,1.0,0,1.0,0.0,0.2,1499,1499,0.5127019790214635
1705,1705,1705,0,0,6.0,0.0,0,12.0,0.0,1,1.0,0.0,0,2.0,0.0,0,2.0,0.0,0.0,1705,1705,0.5029881404945726
510,510,510,1,0,39.0,0.0,0,7.0,0.0,0,96998.0,0.0,0,1.0,0.0,0,1.0,0.0,0.0,510,510,0.513461947012272
1082,1082,1082,0,0,20.0,0.0,0,10.0,0.0,1,1.0,0.0,0,1.0,0.0,0,1.0,0.0,0.0,1082,1082,0.5068795063153696
474,474,474,1,0,22.0,0.0,0,14.0,0.0,0,64186.0,0.0,0,2.0,0.0,0,1.0,0.0,0.0,474,474,0.5083619025109802
1584,1584,1584,0,0,31.0,0.0,0,6.0,0.0,1,1.0,0.0,0,0.0,1.0,0,1.0,0.0,0.2,1584,1584,0.5148591756808282
856,856,856,1,0,6.0,0.0,0,6.0,0.0,1,1.0,0.0,0,0.0,1.0,0,1.0,0.0,0.2,856,856,0.5091893497974375
747,747,747,1,0,6.0,0.0,0,11.0,0.0,1,1.0,0.0,0,0.0,1.0,0,1.0,0.0,0.2,747,747,0.5080342410293822
252,252,252,1,0,4.0,0.0,0,8.0,0.0,0,47111.0,0.0,0,2.0,0.0,0,1.0,0.0,0.0,252,252,0.5053977881151527
21,21,21,1,0,10.0,0.0,0,8.0,0.0,0,45293.0,0.0,0,0.0,1.0,0,0.0,1.0,0.4,21,21,0.5164506010454003
1337,1337,1337,0,0,9.0,0.0,0,6.0,0.0,0,96994.0,0.0,0,0.0,1.0,0,1.0,0.0,0.2,1337,1337,0.5114508051165199
459,459,459,1,0,28.0,0.0,0,10.0,0.0,1,1.0,0.0,0,0.0,1.0,0,1.0,0.0,0.2,459,459,0.5132535754018549
1184,1184,1184,0,0,7.0,0.0,0,10.0,0.0,0,84127.0,0.0,0,1.0,0.0,0,1.0,0.0,0.0,1184,1184,0.5053107662051662
276,276,276,1,0,33.0,0.0,0,1.0,0.0,1,1.0,0.0,0,0.0,1.0,0,2.0,0.0,0.2,276,276,0.5153490255691494
955,955,955,1,1,1.0,0.0,1,1.0,0.0,1,1.0,0.0,1,1.0,0.0,1,1.0,0.0,0.0,955,955,0.5124376163745675
1215,1215,1215,0,0,35.0,0.0,0,13.0,0.0,0,85210.0,0.0,0,2.0,0.0,0,1.0,0.0,0.0,1215,1215,0.5118653482353811
385,385,385,1,0,43.0,0.0,0,9.0,0.0,0,43206.0,0.0,0,0.0,1.0,0,0.0,1.0,0.4,385,385,0.5236348590776566
805,805,805,1,0,26.0,0.0,0,4.0,0.0,1,1.0,0.0,0,1.0,0.0,0,1.0,0.0,0.0,805,805,0.5096255560765434
1437,1437,1437,0,0,26.0,0.0,0,7.0,0.0,0,25109.0,0.0,0,1.0,0.0,0,0.0,1.0,0.2,1437,1437,0.5154482350345811
1515,1515,1515,0,0,28.0,0.0,0,9.0,0.0,0,49218.0,0.0,0,0.0,1.0,0,0.0,1.0,0.4,1515,1515,0.5203480353515503
343,343,343,1,0,29.0,0.0,0,7.0,0.0,1,1.0,0.0,0,1.0,0.0,0,1.0,0.0,0.0,343,343,0.5096153439870422
769,769,769,1,0,4.0,0.0,0,5.0,0.0,0,91998.0,0.0,0,0.0,1.0,0,1.0,0.0,0.2,769,769,0.5104697821819423
1332,1332,1332,0,0,29.0,0.0,0,5.0,0.0,1,1.0,0.0,0,0.0,1.0,0,0.0,1.0,0.4,1332,1332,0.5206488025495849
1685,1685,1685,0,0,11.0,0.0,0,1.0,0.0,1,1.0,0.0,0,1.0,0.0,0,1.0,0.0,0.0,1685,1685,0.5069106874016431
130,130,130,1,0,35.0,0.0,0,0.0,1.0,1,1.0,0.0,0,1.0,0.0,0,0.0,1.0,0.4,130,130,0.5224959881907253
1687,1687,1687,0,0,17.0,0.0,0,8.0,0.0,1,1.0,0.0,0,2.0,0.0,0,1.0,0.0,0.0,1687,1687,0.5075318361602084
871,871,871,1,1,1.0,0.0,1,1.0,0.0,1,1.0,0.0,1,1.0,0.0,1,1.0,0.0,0.0,871,871,0.5124376163745675
1123,1123,1123,0,0,27.0,0.0,0,7.0,0.0,0,41000.0,0.0,0,0.0,1.0,0,0.0,1.0,0.4,1123,1123,0.5204593464156005
1396,1396,1396,0,0,55.0,0.0,0,7.0,0.0,1,1.0,0.0,0,3.0,0.0,0,1.0,0.0,0.0,1396,1396,0.5172532743982011
87,87,87,1,0,29.0,0.0,0,12.0,0.0,0,31000.0,0.0,0,2.0,0.0,0,2.0,0.0,0.0,87,87,0.5087834351346902
1482,1482,1482,0,0,22.0,0.0,0,4.0,0.0,0,49213.0,0.0,0,2.0,0.0,0,1.0,0.0,0.0,1482,1482,0.5104389807835608
330,330,330,1,0,11.0,0.0,0,14.0,0.0,0,84109.0,0.0,0,1.0,0.0,0,1.0,0.0,0.0,330,330,0.5052961926095033
1238,1238,1238,0,0,33.0,0.0,0,1.0,0.0,1,1.0,0.0,0,1.0,0.0,0,0.0,1.0,0.2,1238,1238,0.517937447507022
466,466,466,1,0,42.0,0.0,1,1.0,0.0,1,1.0,0.0,0,1.0,0.0,0,1.0,0.0,0.0,466,466,0.49855574216164533
121,121,121,1,0,43.0,0.0,0,2.0,0.0,1,1.0,0.0,0,1.0,0.0,0,2.0,0.0,0.0,121,121,0.5128226974154058
1638,1638,1638,0,0,20.0,0.0,0,4.0,0.0,1,1.0,0.0,0,2.0,0.0,0,1.0,0.0,0.0,1638,1638,0.5091355950333117
1044,1044,1044,0,0,17.0,0.0,0,2.0,0.0,0,40991.0,0.0,0,1.0,0.0,0,0.0,1.0,0.2,1044,1044,0.5148007376941083
1724,1724,1724,0,0,44.0,0.0,0,6.0,0.0,1,1.0,0.0,0,1.0,0.0,0,1.0,0.0,0.0,1724,1724,0.5132511805910768
1095,1095,1095,0,0,15.0,0.0,0,6.0,0.0,1,1.0,0.0,0,1.0,0.0,0,0.0,1.0,0.2,1095,1095,0.5127018129950037
1130,1130,1130,0,0,26.0,0.0,0,8.0,0.0,1,1.0,0.0,0,1.0,0.0,0,0.0,1.0,0.2,1130,1130,0.5147357991179935
1294,1294,1294,0,0,4.0,0.0,0,7.0,0.0,0,86096.0,0.0,0,1.0,0.0,0,1.0,0.0,0.0,1294,1294,0.505351255993483
860,860,860,1,0,10.0,0.0,0,11.0,0.0,1,1.0,0.0,0,1.0,0.0,0,2.0,0.0,0.0,860,860,0.5032554777672306
1459,1459,1459,0,0,40.0,0.0,0,12.0,0.0,0,85487.0,0.0,0,0.0,1.0,0,0.0,1.0,0.4,1459,1459,0.5229208724069773
1126,1126,1126,0,0,22.0,0.0,0,9.0,0.0,1,1.0,0.0,0,0.0,1.0,0,1.0,0.0,0.2,1126,1126,0.5121255181096696
