pair_index,label,orig_id,anon_id,euclidean_distance,manhattan_distance,cosine_similarity,education_diff,education_equal,marital_status_diff,marital_status_equal,sex_diff,sex_equal,age_match,industry_match,overall_similarity,industry_diff,industry_equal,education_match,age_diff,age_equal,attack_score
0,1,0.0,0.0,4.242640687119285,6.0,0.9862393362677776,4.0,0.0,1.0,0,1.0,0,0.0,0.0,0.0,0.0,0.0,0.0,0.0,0.0,0.9689202893220218
1,1,1.0,1.0,2.23606797749979,3.0,0.9932659166648444,2.0,0.0,0.0,1,1.0,0,0.0,0.0,0.2,0.0,0.0,0.0,0.0,0.0,0.9630524413134854
2,1,2.0,2.0,85212.0002933859,85220.0,-0.1541512376585392,7.0,0.0,1.0,0,0.0,1,0.0,0.0,0.2,85212.0,0.0,0.0,0.0,0.0,0.9681645539596636
3,1,3.0,3.0,7.0,7.0,0.9826786937727112,7.0,0.0,0.0,1,0.0,1,0.0,0.0,0.4,0.0,0.0,0.0,0.0,0.0,0.935106909084494
4,1,4.0,4.0,1.0,1.0,0.9486832980505138,0.0,0.0,1.0,0,0.0,1,0.0,0.0,0.2,0.0,0.0,0.0,0.0,0.0,0.9641301673644533
5,1,5.0,5.0,2.449489742783178,4.0,0.9767725810110088,1.0,0.0,2.0,0,1.0,0,0.0,0.0,0.0,0.0,0.0,0.0,0.0,0.0,0.9682799996231085
6,1,6.0,6.0,5.196152422706632,7.0,0.9621404708847278,5.0,0.0,1.0,0,1.0,0,0.0,0.0,0.0,0.0,0.0,0.0,0.0,0.0,0.9688677499158177
7,1,7.0,7.0,35277.00001417354,35278.0,0.9999998621663828,0.0,1.0,1.0,0,0.0,1,0.0,0.0,0.4,35277.0,0.0,0.0,0.0,0.0,0.7771675553868876
8,1,8.0,8.0,11.0,11.0,-0.0641500299099584,11.0,0.0,0.0,1,0.0,1,0.0,0.0,0.4,0.0,0.0,0.0,0.0,0.0,0.9478702938203529
9,1,9.0,9.0,84231.00015433748,84237.0,-0.1168882961107229,5.0,0.0,1.0,0,0.0,1,0.0,0.0,0.2,84231.0,0.0,0.0,0.0,0.0,0.9681350007904151
10,1,10.0,10.0,29310.000307062437,29316.0,0.9999997392532036,4.0,0.0,1.0,0,1.0,0,0.0,0.0,0.0,29310.0,0.0,0.0,0.0,0.0,0.9686737149866197
11,1,11.0,11.0,16621.000030082425,16622.0,0.9999761700708184,0.0,1.0,1.0,0,0.0,1,0.0,0.0,0.4,16621.0,0.0,0.0,0.0,0.0,0.7950455255308851
12,1,12.0,12.0,4.123105625617661,5.0,0.9959873727522464,4.0,0.0,0.0,1,1.0,0,0.0,0.0,0.2,0.0,0.0,0.0,0.0,0.0,0.9678051924754273
13,1,13.0,13.0,4.123105625617661,5.0,0.9944577973205988,4.0,0.0,0.0,1,1.0,0,0.0,0.0,0.2,0.0,0.0,0.0,0.0,0.0,0.9682126987896865
14,1,14.0,14.0,6.324555320336759,8.0,0.9689627902499088,6.0,0.0,2.0,0,0.0,1,0.0,0.0,0.2,0.0,0.0,0.0,0.0,0.0,0.9515500627575165
15,1,15.0,15.0,25114.000039818427,25116.0,-0.0953859579897984,0.0,1.0,1.0,0,1.0,0,0.0,0.0,0.2,25114.0,0.0,0.0,0.0,0.0,0.96871187898858
16,1,16.0,16.0,22891.000021842647,22892.0,0.999999919208692,0.0,1.0,0.0,1,1.0,0,0.0,0.0,0.4,22891.0,0.0,0.0,0.0,0.0,0.794298434550719
17,1,17.0,17.0,14303.000349577009,14307.0,-0.0963271844731001,1.0,0.0,3.0,0,0.0,1,0.0,0.0,0.2,14303.0,0.0,0.0,0.0,0.0,0.953110552091275
18,1,18.0,18.0,95112.00004731264,95115.0,-0.0616418496610768,3.0,0.0,0.0,1,0.0,1,0.0,0.0,0.4,95112.0,0.0,0.0,0.0,0.0,0.9664678799143148
19,1,19.0,19.0,47998.000104171006,48002.0,0.999999998304386,3.0,0.0,0.0,1,1.0,0,0.0,0.0,0.2,47998.0,0.0,0.0,0.0,0.0,0.9638091864218614
20,1,20.0,20.0,84121.00005943819,84125.0,-0.0969750175179986,3.0,0.0,0.0,1,1.0,0,0.0,0.0,0.2,84121.0,0.0,0.0,0.0,0.0,0.9691060217899924
21,1,21.0,21.0,3.1622776601683795,4.0,0.9516357291821832,1.0,0.0,3.0,0,0.0,1,0.0,0.0,0.2,0.0,0.0,0.0,0.0,0.0,0.9528931582301108
22,1,22.0,22.0,3.1622776601683795,4.0,0.993263139087243,3.0,0.0,1.0,0,0.0,1,0.0,0.0,0.2,0.0,0.0,0.0,0.0,0.0,0.966876403528398
23,1,23.0,23.0,4.47213595499958,6.0,0.9946351544273336,4.0,0.0,2.0,0,0.0,1,0.0,0.0,0.2,0.0,0.0,0.0,0.0,0.0,0.9624991938111744
24,1,24.0,24.0,156.01281998605114,158.0,0.9999999894471204,0.0,1.0,2.0,0,0.0,1,0.0,0.0,0.4,156.0,0.0,0.0,0.0,0.0,0.23384373659723212
25,1,25.0,25.0,1.4142135623730951,2.0,0.996709240304503,1.0,0.0,0.0,1,1.0,0,0.0,0.0,0.2,0.0,0.0,0.0,0.0,0.0,0.9642337427167386
26,1,26.0,26.0,11012.000090810025,11014.0,-0.0804705716803226,1.0,0.0,1.0,0,0.0,1,0.0,0.0,0.2,11012.0,0.0,0.0,0.0,0.0,0.9618362141859028
27,1,27.0,27.0,1.4142135623730951,2.0,0.9932885906040269,0.0,1.0,1.0,0,1.0,0,0.0,0.0,0.2,0.0,0.0,0.0,0.0,0.0,0.9686790342344692
28,1,28.0,28.0,719.0,719.0,0.999999999996114,0.0,1.0,0.0,1,0.0,1,0.0,0.0,0.6,719.0,0.0,0.0,0.0,0.0,0.14849275895405367
29,1,29.0,29.0,7.280109889280518,9.0,0.964056618014988,7.0,0.0,2.0,0,0.0,1,0.0,0.0,0.2,0.0,0.0,0.0,0.0,0.0,0.9604585742020363
30,1,30.0,30.0,3.1622776601683795,4.0,0.9975694083904584,3.0,0.0,1.0,0,0.0,1,0.0,0.0,0.2,0.0,0.0,0.0,0.0,0.0,0.9605360913497148
31,1,31.0,31.0,1.4142135623730951,2.0,0.944911182523068,1.0,0.0,0.0,1,1.0,0,0.0,0.0,0.2,0.0,0.0,0.0,0.0,0.0,0.9511839888830135
32,1,32.0,32.0,36270.00034463744,36275.0,0.999999999430461,5.0,0.0,0.0,1,0.0,1,0.0,0.0,0.4,36270.0,0.0,0.0,0.0,0.0,0.8395847651436178
33,1,33.0,33.0,5.0990195135927845,6.0,0.9973600960790272,5.0,0.0,0.0,1,1.0,0,0.0,0.0,0.2,0.0,0.0,0.0,0.0,0.0,0.9679592237821791
34,1,34.0,34.0,47818.00021958258,47825.0,-0.0814686568732121,4.0,0.0,2.0,0,1.0,0,0.0,0.0,0.0,47818.0,0.0,0.0,0.0,0.0,0.9597357698617283
35,1,35.0,35.0,43303.00012701198,43308.0,-0.0814384705592432,3.0,0.0,1.0,0,1.0,0,0.0,0.0,0.0,43303.0,0.0,0.0,0.0,0.0,0.9687835161993686
36,1,36.0,36.0,7.071067811865476,8.0,0.9258200997725514,7.0,0.0,1.0,0,0.0,1,0.0,0.0,0.2,0.0,0.0,0.0,0.0,0.0,0.9673319727564911
37,1,37.0,37.0,1.0,1.0,0.9971391490106832,0.0,1.0,1.0,0,0.0,1,0.0,0.0,0.4,0.0,0.0,0.0,0.0,0.0,0.9199593242201566
38,1,38.0,38.0,1.0,1.0,0.9997128499581862,1.0,0.0,0.0,1,0.0,1,0.0,0.0,0.4,0.0,0.0,0.0,0.0,0.0,0.8741187998716665
39,1,39.0,39.0,49223.00037584056,49230.0,-0.0761036699017625,6.0,0.0,1.0,0,0.0,1,0.0,0.0,0.2,49223.0,0.0,0.0,0.0,0.0,0.9689498783007601
40,1,40.0,40.0,2.0,2.0,0.9968410582470292,2.0,0.0,0.0,1,0.0,1,0.0,0.0,0.4,0.0,0.0,0.0,0.0,0.0,0.10631628135445227
41,1,41.0,41.0,30092.00001661571,30093.0,0.999999937412584,1.0,0.0,0.0,1,0.0,1,0.0,0.0,0.4,30092.0,0.0,0.0,0.0,0.0,0.0705946766150679
42,1,42.0,42.0,47820.00010455876,47824.0,-0.0969742159989941,3.0,0.0,0.0,1,1.0,0,0.0,0.0,0.2,47820.0,0.0,0.0,0.0,0.0,0.9689866774918131
43,1,43.0,43.0,1.7320508075688772,3.0,0.991117008818872,1.0,0.0,1.0,0,1.0,0,0.0,0.0,0.0,0.0,0.0,0.0,0.0,0.0,0.9689212155775037
44,1,44.0,44.0,7.280109889280518,9.0,0.6491134836118732,7.0,0.0,2.0,0,0.0,1,0.0,0.0,0.2,0.0,0.0,0.0,0.0,0.0,0.8914640874529501
45,1,45.0,45.0,9.055385138137416,10.0,0.9178146529232246,9.0,0.0,1.0,0,0.0,1,0.0,0.0,0.2,0.0,0.0,0.0,0.0,0.0,0.9422639255163429
46,1,46.0,46.0,1.7320508075688772,3.0,0.978231976089037,1.0,0.0,1.0,0,1.0,0,0.0,0.0,0.0,0.0,0.0,0.0,0.0,0.0,0.9682932401864877
47,1,47.0,47.0,85493.00009942334,85498.0,-0.0896261787594765,4.0,0.0,1.0,0,0.0,1,0.0,0.0,0.2,85493.0,0.0,0.0,0.0,0.0,0.9679279639355619
48,1,48.0,48.0,30920.000420439843,30926.0,0.9999999997549752,5.0,0.0,0.0,1,1.0,0,0.0,0.0,0.2,30920.0,0.0,0.0,0.0,0.0,0.9654972641363552
49,1,49.0,49.0,1.0,1.0,0.9971391490106832,0.0,1.0,1.0,0,0.0,1,0.0,0.0,0.4,0.0,0.0,0.0,0.0,0.0,0.9199593242201566
50,1,50.0,50.0,1.4142135623730951,2.0,0.9961359100851456,1.0,0.0,1.0,0,0.0,1,0.0,0.0,0.2,0.0,0.0,0.0,0.0,0.0,0.963617114649507
51,1,51.0,51.0,49233.000111713685,49238.0,-0.1070021941833252,1.0,0.0,3.0,0,1.0,0,0.0,0.0,0.0,49233.0,0.0,0.0,0.0,0.0,0.9549285299251459
52,1,52.0,52.0,18221.00016464519,18225.0,0.9999999798068496,2.0,0.0,1.0,0,1.0,0,0.0,0.0,0.0,18221.0,0.0,0.0,0.0,0.0,0.9683305804235475
53,1,53.0,53.0,12800.00324218709,12811.0,0.9999999886097176,9.0,0.0,1.0,0,1.0,0,0.0,0.0,0.0,12800.0,0.0,0.0,0.0,0.0,0.9659119001532227
54,1,54.0,54.0,4.123105625617661,5.0,0.9969405307028008,4.0,0.0,1.0,0,0.0,1,0.0,0.0,0.2,0.0,0.0,0.0,0.0,0.0,0.9666469083150847
55,1,55.0,55.0,2.449489742783178,4.0,0.9542374472273958,2.0,0.0,1.0,0,1.0,0,0.0,0.0,0.0,0.0,0.0,0.0,0.0,0.0,0.9685668319724527
56,1,56.0,56.0,0.0,0.0,1.0,0.0,0.0,0.0,1,0.0,1,0.0,0.0,0.4,0.0,0.0,0.0,0.0,0.0,0.07475133151412182
57,1,57.0,57.0,35131.000042697335,35134.0,0.9999998257122552,1.0,0.0,1.0,0,1.0,0,0.0,0.0,0.0,35131.0,0.0,0.0,0.0,0.0,0.967486126738256
58,1,58.0,58.0,10506.000475918512,10510.0,-0.0605216176475011,3.0,0.0,1.0,0,0.0,1,0.0,0.0,0.2,10506.0,0.0,0.0,0.0,0.0,0.9662301328965984
59,1,59.0,59.0,10.0,10.0,0.1400280084028009,10.0,0.0,0.0,1,0.0,1,0.0,0.0,0.4,0.0,0.0,0.0,0.0,0.0,0.853647714808905
60,1,60.0,60.0,8.602325267042627,12.0,0.9931695968516404,8.0,0.0,3.0,0,1.0,0,0.0,0.0,0.0,0.0,0.0,0.0,0.0,0.0,0.8353377066752176
61,1,61.0,61.0,47114.00004245023,47116.0,-0.1888338179161703,2.0,0.0,0.0,1,0.0,1,0.0,0.0,0.4,47114.0,0.0,0.0,0.0,0.0,0.9629009817470822
62,1,62.0,62.0,46413.00021545688,46419.0,-0.1002309282906228,4.0,0.0,2.0,0,0.0,1,0.0,0.0,0.2,46413.0,0.0,0.0,0.0,0.0,0.9657735331864282
63,1,63.0,63.0,8.0,8.0,0.9551668842409458,8.0,0.0,0.0,1,0.0,1,0.0,0.0,0.4,0.0,0.0,0.0,0.0,0.0,0.9418804945020139
64,1,64.0,64.0,4.0,4.0,0.9961017296304552,4.0,0.0,0.0,1,0.0,1,0.0,0.0,0.4,0.0,0.0,0.0,0.0,0.0,0.9315752165638734
65,1,65.0,65.0,1.7320508075688772,3.0,0.986581038661854,1.0,0.0,1.0,0,1.0,0,0.0,0.0,0.0,0.0,0.0,0.0,0.0,0.0,0.9686403736790371
66,1,66.0,66.0,4.242640687119285,6.0,0.9984038297885895,4.0,0.0,1.0,0,1.0,0,0.0,0.0,0.0,0.0,0.0,0.0,0.0,0.0,0.9685722602816492
67,1,67.0,67.0,3.3166247903554,5.0,0.9999999977299046,3.0,0.0,1.0,0,1.0,0,0.0,0.0,0.2,0.0,1.0,0.0,0.0,0.0,0.9142286274222142
68,1,68.0,68.0,3.0,3.0,0.9941348467724342,3.0,0.0,0.0,1,0.0,1,0.0,0.0,0.4,0.0,0.0,0.0,0.0,0.0,0.5056570747781576
69,1,69.0,69.0,41003.00010974806,41006.0,-0.0954602489118416,3.0,0.0,0.0,1,0.0,1,0.0,0.0,0.4,41003.0,0.0,0.0,0.0,0.0,0.9528139637443696
70,1,70.0,70.0,55104.000018147504,55106.0,-0.1089247947872467,1.0,0.0,1.0,0,0.0,1,0.0,0.0,0.2,55104.0,0.0,0.0,0.0,0.0,0.9685517418608315
71,1,71.0,71.0,41003.00002438846,41005.0,-0.0805257825951051,1.0,0.0,0.0,1,1.0,0,0.0,0.0,0.2,41003.0,0.0,0.0,0.0,0.0,0.9688425188353804
72,1,72.0,72.0,4.0,4.0,0.9959289952477496,4.0,0.0,0.0,1,0.0,1,0.0,0.0,0.4,0.0,0.0,0.0,0.0,0.0,0.9330064870110842
73,1,73.0,73.0,5.0990195135927845,6.0,0.9912407071619304,5.0,0.0,1.0,0,0.0,1,0.0,0.0,0.2,0.0,0.0,0.0,0.0,0.0,0.9674397137634689
74,1,74.0,74.0,3.1622776601683795,4.0,0.6507913734559685,0.0,0.0,3.0,0,1.0,0,0.0,0.0,0.0,0.0,0.0,0.0,0.0,0.0,0.9260374172378943
75,1,75.0,75.0,7508.003329780828,7516.0,0.999999993346269,7.0,0.0,0.0,1,1.0,0,0.0,0.0,0.2,7508.0,0.0,0.0,0.0,0.0,0.8938665484496205
76,1,76.0,76.0,2.23606797749979,3.0,0.9945274832335644,2.0,0.0,0.0,1,1.0,0,0.0,0.0,0.2,0.0,0.0,0.0,0.0,0.0,0.9668806986282176
77,1,77.0,77.0,5.0990195135927845,6.0,0.995403900013586,5.0,0.0,0.0,1,1.0,0,0.0,0.0,0.2,0.0,0.0,0.0,0.0,0.0,0.9677718630834878
78,1,78.0,78.0,10.0,10.0,0.5819143739626463,10.0,0.0,0.0,1,0.0,1,0.0,0.0,0.4,0.0,0.0,0.0,0.0,0.0,0.9094790870073157
79,1,79.0,79.0,14102.000567295408,14106.0,-0.1213203390719528,4.0,0.0,0.0,1,0.0,1,0.0,0.0,0.4,14102.0,0.0,0.0,0.0,0.0,0.9411700486748141
80,1,80.0,80.0,47592.00002101193,47594.0,-0.1311353691312682,1.0,0.0,0.0,1,1.0,0,0.0,0.0,0.2,47592.0,0.0,0.0,0.0,0.0,0.9691004355855987
81,1,81.0,81.0,64192.00003894566,64195.0,-0.0814893875646336,2.0,0.0,1.0,0,0.0,1,0.0,0.0,0.2,64192.0,0.0,0.0,0.0,0.0,0.9678654548801543
82,1,82.0,82.0,17078.00032205176,17083.0,0.9999999995422288,3.0,0.0,1.0,0,1.0,0,0.0,0.0,0.0,17078.0,0.0,0.0,0.0,0.0,0.968590223985862
83,1,83.0,83.0,84131.00010697602,84137.0,-0.1070570555474819,4.0,0.0,1.0,0,1.0,0,0.0,0.0,0.0,84131.0,0.0,0.0,0.0,0.0,0.9681366983951198
84,1,84.0,84.0,36400.000013736266,36401.0,0.9999995194658244,1.0,0.0,0.0,1,0.0,1,0.0,0.0,0.4,36400.0,0.0,0.0,0.0,0.0,0.7543260653741024
85,1,85.0,85.0,69202.00007225225,69206.0,-0.0822604956617294,3.0,0.0,0.0,1,1.0,0,0.0,0.0,0.2,69202.0,0.0,0.0,0.0,0.0,0.9689956556687477
86,1,86.0,86.0,47919.00006260565,47923.0,0.9999996265697616,2.0,0.0,1.0,0,1.0,0,0.0,0.0,0.0,47919.0,0.0,0.0,0.0,0.0,0.9681934795482627
87,1,87.0,87.0,49234.00051793476,49243.0,-0.1540463445609723,7.0,0.0,1.0,0,1.0,0,0.0,0.0,0.0,49234.0,0.0,0.0,0.0,0.0,0.9690456588301913
88,1,88.0,88.0,10.099504938362076,12.0,0.9666913176095692,10.0,0.0,1.0,0,1.0,0,0.0,0.0,0.0,0.0,0.0,0.0,0.0,0.0,0.9539743312820156
89,1,89.0,89.0,2.23606797749979,3.0,0.9766244823564244,1.0,0.0,2.0,0,0.0,1,0.0,0.0,0.2,0.0,0.0,0.0,0.0,0.0,0.9622671925579297
90,1,90.0,90.0,2.0,2.0,0.9601486977992116,0.0,1.0,2.0,0,0.0,1,0.0,0.0,0.4,0.0,0.0,0.0,0.0,0.0,0.7633041813516405
91,1,91.0,91.0,11.090536506409418,13.0,-0.2390457218668786,11.0,0.0,1.0,0,1.0,0,0.0,0.0,0.0,0.0,0.0,0.0,0.0,0.0,0.9180000178026116
92,1,92.0,92.0,2.23606797749979,3.0,0.991741279639108,2.0,0.0,0.0,1,1.0,0,0.0,0.0,0.2,0.0,0.0,0.0,0.0,0.0,0.9626409425751142
93,1,93.0,93.0,5.0,5.0,0.9146591207600472,5.0,0.0,0.0,1,0.0,1,0.0,0.0,0.4,0.0,0.0,0.0,0.0,0.0,0.697203649753236
94,1,94.0,94.0,6.164414002968976,8.0,0.8411910241920598,6.0,0.0,1.0,0,1.0,0,0.0,0.0,0.0,0.0,0.0,0.0,0.0,0.0,0.9642371960975025
95,1,95.0,95.0,49407.00010120023,49411.0,0.9999999982760744,3.0,0.0,0.0,1,1.0,0,0.0,0.0,0.2,49407.0,0.0,0.0,0.0,0.0,0.9652451605583602
96,1,96.0,96.0,5.0990195135927845,8.0,0.9722857292609522,4.0,0.0,3.0,0,1.0,0,0.0,0.0,0.0,0.0,0.0,0.0,0.0,0.0,0.9648672358176187
97,1,97.0,97.0,1.4142135623730951,2.0,0.996765700247014,1.0,0.0,1.0,0,0.0,1,0.0,0.0,0.2,0.0,0.0,0.0,0.0,0.0,0.965564784386781
98,1,98.0,98.0,4.242640687119285,6.0,0.9673753912650253,4.0,0.0,1.0,0,1.0,0,0.0,0.0,0.0,0.0,0.0,0.0,0.0,0.0,0.9688618074512773
99,1,99.0,99.0,1.0,1.0,0.9997128499581862,1.0,0.0,0.0,1,0.0,1,0.0,0.0,0.4,0.0,0.0,0.0,0.0,0.0,0.8741187998716665
100,1,100.0,100.0,46550.000386680986,46556.0,0.9999477166502307,6.0,0.0,0.0,1,0.0,1,0.0,0.0,0.4,46550.0,0.0,0.0,0.0,0.0,0.896205847541612
101,1,101.0,101.0,83920.00015490943,83926.0,0.9999699037565806,5.0,0.0,0.0,1,1.0,0,0.0,0.0,0.2,83920.0,0.0,0.0,0.0,0.0,0.966331936880525
102,1,102.0,102.0,56303.00023977408,56310.0,-0.1888009779018502,5.0,0.0,1.0,0,1.0,0,0.0,0.0,0.0,56303.0,0.0,0.0,0.0,0.0,0.959882687150791
103,1,103.0,103.0,3.1622776601683795,4.0,0.9963420345065996,3.0,0.0,1.0,0,0.0,1,0.0,0.0,0.2,0.0,0.0,0.0,0.0,0.0,0.9634604080435082
104,1,104.0,104.0,1.4142135623730951,2.0,0.9666666666666668,0.0,1.0,1.0,0,1.0,0,0.0,0.0,0.2,0.0,0.0,0.0,0.0,0.0,0.9685470238845757
105,1,105.0,105.0,12.041594578792296,13.0,0.5830305913356048,12.0,0.0,1.0,0,0.0,1,0.0,0.0,0.2,0.0,0.0,0.0,0.0,0.0,0.907772776374263
106,1,106.0,106.0,56303.00047066763,56314.0,-0.0761165637235168,6.0,0.0,4.0,0,1.0,0,0.0,0.0,0.0,56303.0,0.0,0.0,0.0,0.0,0.9126033093825558
107,1,107.0,107.0,6.082762530298219,7.0,0.7711356597650746,6.0,0.0,0.0,1,1.0,0,0.0,0.0,0.2,0.0,0.0,0.0,0.0,0.0,0.9651182092308862
108,1,108.0,108.0,49212.0,49212.0,-0.0969213438518326,0.0,1.0,0.0,1,0.0,1,0.0,0.0,0.6,49212.0,0.0,0.0,0.0,0.0,0.8936441178887836
109,1,109.0,109.0,5.196152422706632,7.0,0.9835488037238292,5.0,0.0,1.0,0,1.0,0,0.0,0.0,0.0,0.0,0.0,0.0,0.0,0.0,0.9690232585327507
110,1,110.0,110.0,0.0,0.0,1.0,0.0,1.0,0.0,1,0.0,1,0.0,0.0,0.6,0.0,0.0,0.0,0.0,0.0,0.16319007826771129
111,1,111.0,111.0,84231.00005936057,84235.0,-0.1220374544392377,3.0,0.0,1.0,0,0.0,1,0.0,0.0,0.2,84231.0,0.0,0.0,0.0,0.0,0.9685471861434949
112,1,112.0,112.0,2.449489742783178,4.0,0.9962725072187498,2.0,0.0,1.0,0,1.0,0,0.0,0.0,0.0,0.0,0.0,0.0,0.0,0.0,0.9690304333653744
113,1,113.0,113.0,6.708203932499369,9.0,0.5897678246195885,6.0,0.0,3.0,0,0.0,1,0.0,0.0,0.2,0.0,0.0,0.0,0.0,0.0,0.8865829229781133
114,1,114.0,114.0,4.0,4.0,0.9941037221861876,4.0,0.0,0.0,1,0.0,1,0.0,0.0,0.4,0.0,0.0,0.0,0.0,0.0,0.9057084493456832
115,1,115.0,115.0,36402.00005494204,36404.0,0.9999995065716338,2.0,0.0,0.0,1,0.0,1,0.0,0.0,0.4,36402.0,0.0,0.0,0.0,0.0,0.8215751811000618
116,1,116.0,116.0,84111.00072523214,84123.0,-0.3161074518910649,11.0,0.0,0.0,1,1.0,0,0.0,0.0,0.2,84111.0,0.0,0.0,0.0,0.0,0.9664921868175721
117,1,117.0,117.0,10.04987562112089,11.0,0.7094756547606031,10.0,0.0,1.0,0,0.0,1,0.0,0.0,0.2,0.0,0.0,0.0,0.0,0.0,0.8781295279307174
118,1,118.0,118.0,1.4142135623730951,2.0,0.996765700247014,1.0,0.0,1.0,0,0.0,1,0.0,0.0,0.2,0.0,0.0,0.0,0.0,0.0,0.965564784386781
119,1,119.0,119.0,64911.00001540571,64913.0,-0.0969729638138896,0.0,1.0,1.0,0,1.0,0,0.0,0.0,0.2,64911.0,0.0,0.0,0.0,0.0,0.967667575783333
120,1,120.0,120.0,2.449489742783178,4.0,0.994936676326182,2.0,0.0,1.0,0,1.0,0,0.0,0.0,0.0,0.0,0.0,0.0,0.0,0.0,0.9689139422967257
121,1,121.0,121.0,1.0,1.0,0.9966617074823,0.0,1.0,0.0,1,1.0,0,0.0,0.0,0.4,0.0,0.0,0.0,0.0,0.0,0.9395143559706813
122,1,122.0,122.0,4.123105625617661,5.0,0.9816135651097472,4.0,0.0,0.0,1,1.0,0,0.0,0.0,0.2,0.0,0.0,0.0,0.0,0.0,0.9684089518144129
123,1,123.0,123.0,74390.000120984,74396.0,0.9999996203896558,4.0,0.0,1.0,0,1.0,0,0.0,0.0,0.0,74390.0,0.0,0.0,0.0,0.0,0.9665433962549663
124,1,124.0,124.0,36504.00167104971,36516.0,0.99999996113972,11.0,0.0,1.0,0,0.0,1,0.0,0.0,0.2,36504.0,0.0,0.0,0.0,0.0,0.9671378956856039
125,1,125.0,125.0,36402.00012361958,36405.0,0.9999994855405748,3.0,0.0,0.0,1,0.0,1,0.0,0.0,0.4,36402.0,0.0,0.0,0.0,0.0,0.8812276501511457
126,1,126.0,126.0,47216.00002117927,47218.0,-0.0759698979221623,0.0,1.0,1.0,0,1.0,0,0.0,0.0,0.2,47216.0,0.0,0.0,0.0,0.0,0.9691157980961268
127,1,127.0,127.0,10712.000653472722,10718.0,-0.0897207796885501,3.0,0.0,2.0,0,1.0,0,0.0,0.0,0.0,10712.0,0.0,0.0,0.0,0.0,0.9445787305217168
128,1,128.0,128.0,6214.0,6214.0,0.999999999088122,0.0,1.0,0.0,1,0.0,1,0.0,0.0,0.6,6214.0,0.0,0.0,0.0,0.0,0.3480805067243445
129,1,129.0,129.0,8.246211251235321,10.0,0.9688789808141036,8.0,0.0,2.0,0,0.0,1,0.0,0.0,0.2,0.0,0.0,0.0,0.0,0.0,0.9398635140025772
130,1,130.0,130.0,14102.0,14102.0,-0.0879427224311311,0.0,1.0,0.0,1,0.0,1,0.0,0.0,0.6,14102.0,0.0,0.0,0.0,0.0,0.8311851966753471
131,1,131.0,131.0,45202.00134949779,45214.0,-0.4082211826500361,11.0,0.0,0.0,1,1.0,0,0.0,0.0,0.2,45202.0,0.0,0.0,0.0,0.0,0.9674473197522312
132,1,132.0,132.0,38909.0000128505,38910.0,0.9999999921494286,1.0,0.0,0.0,1,0.0,1,0.0,0.0,0.4,38909.0,0.0,0.0,0.0,0.0,0.06575713030991037
133,1,133.0,133.0,46493.00009678876,46496.0,-0.0968465475974711,3.0,0.0,0.0,1,0.0,1,0.0,0.0,0.4,46493.0,0.0,0.0,0.0,0.0,0.9651601442356273
134,1,134.0,134.0,46493.00003226292,46496.0,-0.0821947603177781,1.0,0.0,1.0,0,1.0,0,0.0,0.0,0.0,46493.0,0.0,0.0,0.0,0.0,0.9687247110807414
135,1,135.0,135.0,1.0,1.0,0.9486832980505138,0.0,0.0,0.0,1,1.0,0,0.0,0.0,0.2,0.0,0.0,0.0,0.0,0.0,0.9488007076930405
136,1,136.0,136.0,191.0654338178416,196.0,0.9999999982697794,5.0,0.0,0.0,1,0.0,1,0.0,0.0,0.4,191.0,0.0,0.0,0.0,0.0,0.05105267353595114
137,1,137.0,137.0,64195.002001713496,64212.0,-0.3780174529485787,16.0,0.0,0.0,1,1.0,0,0.0,0.0,0.2,64195.0,0.0,0.0,0.0,0.0,0.9669943391081901
138,1,138.0,138.0,2.23606797749979,3.0,0.9962713411232664,2.0,0.0,0.0,1,1.0,0,0.0,0.0,0.2,0.0,0.0,0.0,0.0,0.0,0.9671850651566573
139,1,139.0,139.0,1.4142135623730951,2.0,0.997213337751108,1.0,0.0,0.0,1,1.0,0,0.0,0.0,0.2,0.0,0.0,0.0,0.0,0.0,0.964835271212432
140,1,140.0,140.0,8.306623862918075,11.0,0.970490723608115,8.0,0.0,2.0,0,1.0,0,0.0,0.0,0.0,0.0,0.0,0.0,0.0,0.0,0.8351263715881089
141,1,141.0,141.0,30000.00008333333,30003.0,0.9999999988052368,2.0,0.0,0.0,1,1.0,0,0.0,0.0,0.2,30000.0,0.0,0.0,0.0,0.0,0.9582347161332151
142,1,142.0,142.0,10.04987562112089,11.0,0.611052381486151,10.0,0.0,1.0,0,0.0,1,0.0,0.0,0.2,0.0,0.0,0.0,0.0,0.0,0.8316876338518605
143,1,143.0,143.0,47114.00153882071,47127.0,-0.3780045745705438,12.0,0.0,1.0,0,0.0,1,0.0,0.0,0.2,47114.0,0.0,0.0,0.0,0.0,0.9676230200791381
144,1,144.0,144.0,1.4142135623730951,2.0,0.9953413992085698,1.0,0.0,1.0,0,0.0,1,0.0,0.0,0.2,0.0,0.0,0.0,0.0,0.0,0.9504652420596118
145,1,145.0,145.0,46308.00038870174,46314.0,-0.1887496099436663,6.0,0.0,0.0,1,0.0,1,0.0,0.0,0.4,46308.0,0.0,0.0,0.0,0.0,0.9660872073225534
146,1,146.0,146.0,5.0990195135927845,6.0,0.998024103977462,5.0,0.0,0.0,1,1.0,0,0.0,0.0,0.2,0.0,0.0,0.0,0.0,0.0,0.9523919206120667
147,1,147.0,147.0,4.0,4.0,0.9961017296304552,4.0,0.0,0.0,1,0.0,1,0.0,0.0,0.4,0.0,0.0,0.0,0.0,0.0,0.9315752165638734
148,1,148.0,148.0,47114.00028653904,47121.0,-0.1793994376958727,5.0,0.0,1.0,0,1.0,0,0.0,0.0,0.0,47114.0,0.0,0.0,0.0,0.0,0.969155023359789
149,1,149.0,149.0,3.1622776601683795,4.0,0.97190864488087,3.0,0.0,0.0,1,1.0,0,0.0,0.0,0.2,0.0,0.0,0.0,0.0,0.0,0.9585114788742216
150,1,150.0,150.0,2.23606797749979,3.0,0.986529157638674,0.0,1.0,2.0,0,1.0,0,0.0,0.0,0.2,0.0,0.0,0.0,0.0,0.0,0.9679525628650598
151,1,151.0,151.0,3.0,3.0,0.9993432334096516,3.0,0.0,0.0,1,0.0,1,0.0,0.0,0.4,0.0,0.0,0.0,0.0,0.0,0.10678198882670707
152,1,152.0,152.0,1.4142135623730951,2.0,0.8333333333333334,1.0,0.0,0.0,1,1.0,0,0.0,0.0,0.2,0.0,0.0,0.0,0.0,0.0,0.9436551584056941
153,1,153.0,153.0,7.14142842854285,9.0,0.952033109297414,7.0,0.0,1.0,0,1.0,0,0.0,0.0,0.0,0.0,0.0,0.0,0.0,0.0,0.9680756817379984
154,1,154.0,154.0,2.23606797749979,3.0,0.9886404979301742,1.0,0.0,2.0,0,0.0,1,0.0,0.0,0.2,0.0,0.0,0.0,0.0,0.0,0.9632499297234581
155,1,155.0,155.0,15.1657508881031,18.0,0.99999993974801,15.0,0.0,0.0,1,1.0,0,0.0,0.0,0.2,2.0,0.0,0.0,0.0,0.0,0.861195319446607
156,1,156.0,156.0,3.1622776601683795,4.0,0.9920930482734592,3.0,0.0,0.0,1,1.0,0,0.0,0.0,0.2,0.0,0.0,0.0,0.0,0.0,0.9637094975613851
157,1,157.0,157.0,14102.000141823852,14104.0,-0.0747994698385154,2.0,0.0,0.0,1,0.0,1,0.0,0.0,0.4,14102.0,0.0,0.0,0.0,0.0,0.9413873311522144
158,1,158.0,158.0,3.0,3.0,0.9994838709333604,3.0,0.0,0.0,1,0.0,1,0.0,0.0,0.4,0.0,0.0,0.0,0.0,0.0,0.03876465038328342
159,1,159.0,159.0,3.3166247903554,5.0,0.9670913609804876,3.0,0.0,1.0,0,1.0,0,0.0,0.0,0.0,0.0,0.0,0.0,0.0,0.0,0.9689029793564418
160,1,160.0,160.0,5.0,5.0,0.9715365547505715,5.0,0.0,0.0,1,0.0,1,0.0,0.0,0.4,0.0,0.0,0.0,0.0,0.0,0.8033221522935029
161,1,161.0,161.0,4.58257569495584,7.0,0.8427009716003845,4.0,0.0,2.0,0,1.0,0,0.0,0.0,0.0,0.0,0.0,0.0,0.0,0.0,0.950137166377913
162,1,162.0,162.0,69102.00036178403,69110.0,-0.18880993676276,7.0,0.0,0.0,1,1.0,0,0.0,0.0,0.2,69102.0,0.0,0.0,0.0,0.0,0.9685311528902615
163,1,163.0,163.0,43212.00019670462,43217.0,-0.1167648657324273,4.0,0.0,0.0,1,1.0,0,0.0,0.0,0.2,43212.0,0.0,0.0,0.0,0.0,0.969168978694821
164,1,164.0,164.0,96095.00003121913,96099.0,-0.1089919940648136,2.0,0.0,1.0,0,1.0,0,0.0,0.0,0.0,96095.0,0.0,0.0,0.0,0.0,0.9399722984795781
165,1,165.0,165.0,64911.00000770285,64912.0,-0.0822778437659335,1.0,0.0,0.0,1,0.0,1,0.0,0.0,0.4,64911.0,0.0,0.0,0.0,0.0,0.966778933901157
166,1,166.0,166.0,1.0,1.0,0.9960562316045518,0.0,1.0,0.0,1,1.0,0,0.0,0.0,0.4,0.0,0.0,0.0,0.0,0.0,0.9356953120859269
167,1,167.0,167.0,6.4031242374328485,9.0,0.3042903097250923,6.0,0.0,2.0,0,1.0,0,0.0,0.0,0.0,0.0,0.0,0.0,0.0,0.0,0.9295600974533823
168,1,168.0,168.0,65121.00013052625,65126.0,-0.1052101540034586,4.0,0.0,0.0,1,1.0,0,0.0,0.0,0.2,65121.0,0.0,0.0,0.0,0.0,0.969168978694821
169,1,169.0,169.0,9.1104335791443,11.0,0.9921221397784366,9.0,0.0,1.0,0,1.0,0,0.0,0.0,0.0,0.0,0.0,0.0,0.0,0.0,0.9378611884661989
170,1,170.0,170.0,7.14142842854285,9.0,0.9331389496316868,7.0,0.0,1.0,0,1.0,0,0.0,0.0,0.0,0.0,0.0,0.0,0.0,0.0,0.9681049748814478
171,1,171.0,171.0,1.7320508075688772,3.0,0.9891004919611718,1.0,0.0,1.0,0,1.0,0,0.0,0.0,0.0,0.0,0.0,0.0,0.0,0.0,0.9689212155775037
172,1,172.0,172.0,4.242640687119285,6.0,0.9927445557307566,4.0,0.0,1.0,0,1.0,0,0.0,0.0,0.0,0.0,0.0,0.0,0.0,0.0,0.9689202893220218
173,1,173.0,173.0,49223.0000203157,49225.0,-0.0955568980110974,1.0,0.0,0.0,1,1.0,0,0.0,0.0,0.2,49223.0,0.0,0.0,0.0,0.0,0.9689896431019059
174,1,174.0,174.0,1.0,1.0,0.999795980820074,1.0,0.0,0.0,1,0.0,1,0.0,0.0,0.4,0.0,0.0,0.0,0.0,0.0,0.9200670512388059
175,1,175.0,175.0,4.242640687119285,6.0,0.9982968274588392,4.0,0.0,1.0,0,1.0,0,0.0,0.0,0.0,0.0,0.0,0.0,0.0,0.0,0.9685722602816492
176,1,176.0,176.0,5.196152422706632,7.0,0.9739145163179628,5.0,0.0,1.0,0,1.0,0,0.0,0.0,0.0,0.0,0.0,0.0,0.0,0.0,0.9690232585327507
177,1,177.0,177.0,1.0,1.0,0.9486832980505138,0.0,0.0,1.0,0,0.0,1,0.0,0.0,0.2,0.0,0.0,0.0,0.0,0.0,0.9641301673644533
178,1,178.0,178.0,49223.00006094712,49227.0,-0.0753671367705903,2.0,0.0,1.0,0,1.0,0,0.0,0.0,0.0,49223.0,0.0,0.0,0.0,0.0,0.9690318658185877
179,1,179.0,179.0,12.16552506059644,14.0,0.4100565260876023,12.0,0.0,2.0,0,0.0,1,0.0,0.0,0.2,0.0,0.0,0.0,0.0,0.0,0.8852898787703131
180,1,180.0,180.0,2.0,2.0,0.9978443605023736,2.0,0.0,0.0,1,0.0,1,0.0,0.0,0.4,0.0,0.0,0.0,0.0,0.0,0.29468981550431533
181,1,181.0,181.0,5.0990195135927845,6.0,0.995403900013586,5.0,0.0,1.0,0,0.0,1,0.0,0.0,0.2,0.0,0.0,0.0,0.0,0.0,0.9669411289466464
182,1,182.0,182.0,10.0,10.0,0.1400280084028009,10.0,0.0,0.0,1,0.0,1,0.0,0.0,0.4,0.0,0.0,0.0,0.0,0.0,0.853647714808905
183,1,183.0,183.0,6.324555320336759,8.0,0.8339503888294594,6.0,0.0,2.0,0,0.0,1,0.0,0.0,0.2,0.0,0.0,0.0,0.0,0.0,0.8813714239176148
184,1,184.0,184.0,0.0,0.0,1.0,0.0,1.0,0.0,1,0.0,1,0.0,0.0,0.6,0.0,0.0,0.0,0.0,0.0,0.16319007826771129
185,1,185.0,185.0,3.0,3.0,0.9981149841863164,3.0,0.0,0.0,1,0.0,1,0.0,0.0,0.4,0.0,0.0,0.0,0.0,0.0,0.08784850481710167
186,1,186.0,186.0,1.4142135623730951,2.0,0.9944006848884333,0.0,1.0,1.0,0,1.0,0,0.0,0.0,0.2,0.0,0.0,0.0,0.0,0.0,0.9685598064258606
187,1,187.0,187.0,3.0,3.0,0.9621404708847278,0.0,1.0,3.0,0,0.0,1,0.0,0.0,0.4,0.0,0.0,0.0,0.0,0.0,0.8864192859297416
188,1,188.0,188.0,49222.00066027386,49231.0,-0.1712511967871695,8.0,0.0,0.0,1,1.0,0,0.0,0.0,0.2,49222.0,0.0,0.0,0.0,0.0,0.9686512625717517
189,1,189.0,189.0,10.04987562112089,11.0,0.9039863291515964,10.0,0.0,0.0,1,1.0,0,0.0,0.0,0.2,0.0,0.0,0.0,0.0,0.0,0.939710884388194
190,1,190.0,190.0,12.083045973594572,14.0,0.526136791501647,12.0,0.0,1.0,0,1.0,0,0.0,0.0,0.0,0.0,0.0,0.0,0.0,0.0,0.8219179261852915
191,1,191.0,191.0,1.7320508075688772,3.0,0.9946368807782032,1.0,0.0,1.0,0,1.0,0,0.0,0.0,0.0,0.0,0.0,0.0,0.0,0.0,0.9687771838751962
192,1,192.0,192.0,8.06225774829855,9.0,0.9743412473512648,8.0,0.0,0.0,1,1.0,0,0.0,0.0,0.2,0.0,0.0,0.0,0.0,0.0,0.9648954472057988
193,1,193.0,193.0,9.055385138137416,10.0,0.7513913622228603,9.0,0.0,0.0,1,1.0,0,0.0,0.0,0.2,0.0,0.0,0.0,0.0,0.0,0.9264749147269368
194,1,194.0,194.0,80202.00001246852,80204.0,-0.0754298336351433,0.0,1.0,1.0,0,1.0,0,0.0,0.0,0.2,80202.0,0.0,0.0,0.0,0.0,0.9686647459133924
195,1,195.0,195.0,2.0,2.0,0.9992990141526302,2.0,0.0,0.0,1,0.0,1,0.0,0.0,0.4,0.0,0.0,0.0,0.0,0.0,0.0779745472731763
196,1,196.0,196.0,6.4031242374328485,9.0,0.3042903097250923,6.0,0.0,2.0,0,1.0,0,0.0,0.0,0.0,0.0,0.0,0.0,0.0,0.0,0.9295600974533823
197,1,197.0,197.0,0.0,0.0,1.0,0.0,1.0,0.0,1,0.0,1,0.0,0.0,0.6,0.0,0.0,0.0,0.0,0.0,0.16319007826771129
198,1,198.0,198.0,8.0,8.0,0.986040754703977,8.0,0.0,0.0,1,0.0,1,0.0,0.0,0.4,0.0,0.0,0.0,0.0,0.0,0.9443477356346358
199,1,199.0,199.0,16903.000029580548,16904.0,0.9999999885132552,1.0,0.0,0.0,1,0.0,1,0.0,0.0,0.4,16903.0,0.0,0.0,0.0,0.0,0.12103307282210977
200,1,200.0,200.0,1.4142135623730951,2.0,0.9961164901835045,1.0,0.0,0.0,1,1.0,0,0.0,0.0,0.2,0.0,0.0,0.0,0.0,0.0,0.9603818172519375
201,1,201.0,201.0,6188.0001616031,6190.0,0.9999999978478544,1.0,0.0,1.0,0,0.0,1,0.0,0.0,0.2,6188.0,0.0,0.0,0.0,0.0,0.6312445250276045
202,1,202.0,202.0,74202.00003369182,74205.0,-0.0956199796737293,2.0,0.0,0.0,1,1.0,0,0.0,0.0,0.2,74202.0,0.0,0.0,0.0,0.0,0.9684407190577425
203,1,203.0,203.0,37107.00024254184,37113.0,0.9999999975317548,4.0,0.0,1.0,0,1.0,0,0.0,0.0,0.0,37107.0,0.0,0.0,0.0,0.0,0.9687759777411126
204,1,204.0,204.0,24101.00002074603,24102.0,-0.0819755140724998,0.0,1.0,1.0,0,0.0,1,0.0,0.0,0.4,24101.0,0.0,0.0,0.0,0.0,0.9538423052790472
205,1,205.0,205.0,84121.00002377528,84123.0,-0.0747722892414701,2.0,0.0,0.0,1,0.0,1,0.0,0.0,0.4,84121.0,0.0,0.0,0.0,0.0,0.9675050227917071
206,1,206.0,206.0,0.0,0.0,1.0,0.0,0.0,0.0,1,0.0,1,0.0,0.0,0.4,0.0,0.0,0.0,0.0,0.0,0.07475133151412182
207,1,207.0,207.0,65111.00003071678,65113.0,-0.0885339462167082,2.0,0.0,0.0,1,0.0,1,0.0,0.0,0.4,65111.0,0.0,0.0,0.0,0.0,0.9674672122026609
208,1,208.0,208.0,84231.00002374423,84233.0,-0.0875485697322184,2.0,0.0,0.0,1,0.0,1,0.0,0.0,0.4,84231.0,0.0,0.0,0.0,0.0,0.9676175273802965
209,1,209.0,209.0,1.0,1.0,0.9486832980505138,0.0,0.0,0.0,1,1.0,0,0.0,0.0,0.2,0.0,0.0,0.0,0.0,0.0,0.9488007076930405
210,1,210.0,210.0,1.0,1.0,0.9486832980505138,0.0,0.0,1.0,0,0.0,1,0.0,0.0,0.2,0.0,0.0,0.0,0.0,0.0,0.9641301673644533
211,1,211.0,211.0,4.47213595499958,6.0,0.943345117777525,4.0,0.0,2.0,0,0.0,1,0.0,0.0,0.2,0.0,0.0,0.0,0.0,0.0,0.9595621242972433
212,1,212.0,212.0,47969.00017719778,47974.0,0.99999989438635,4.0,0.0,1.0,0,0.0,1,0.0,0.0,0.2,47969.0,0.0,0.0,0.0,0.0,0.9659402911934505
213,1,213.0,213.0,3.3166247903554,5.0,0.997059336102278,3.0,0.0,1.0,0,1.0,0,0.0,0.0,0.0,0.0,0.0,0.0,0.0,0.0,0.9688293706188658
214,1,214.0,214.0,5.0990195135927845,6.0,0.944911182523068,5.0,0.0,1.0,0,0.0,1,0.0,0.0,0.2,0.0,0.0,0.0,0.0,0.0,0.9640476461309607
215,1,215.0,215.0,11.0,11.0,0.8741467574762478,11.0,0.0,0.0,1,0.0,1,0.0,0.0,0.4,0.0,0.0,0.0,0.0,0.0,0.9556407948251477
216,1,216.0,216.0,30101.000033221488,30103.0,0.9999999967027692,1.0,0.0,0.0,1,1.0,0,0.0,0.0,0.2,30101.0,0.0,0.0,0.0,0.0,0.9516811966219724
217,1,217.0,217.0,14000.00107142853,14008.0,0.9999999983557648,5.0,0.0,2.0,0,1.0,0,0.0,0.0,0.0,14000.0,0.0,0.0,0.0,0.0,0.9560316355928258
218,1,218.0,218.0,7.071067811865476,8.0,0.9519266692144116,7.0,0.0,0.0,1,1.0,0,0.0,0.0,0.2,0.0,0.0,0.0,0.0,0.0,0.9682465217819769
219,1,219.0,219.0,5.0990195135927845,8.0,0.8241633836921342,4.0,0.0,3.0,0,1.0,0,0.0,0.0,0.0,0.0,0.0,0.0,0.0,0.0,0.9588541986857125
220,1,220.0,220.0,1.0,1.0,0.9486832980505138,0.0,0.0,1.0,0,0.0,1,0.0,0.0,0.2,0.0,0.0,0.0,0.0,0.0,0.9641301673644533
221,1,221.0,221.0,97007.0000154628,97010.0,-0.0896971157666304,1.0,0.0,1.0,0,1.0,0,0.0,0.0,0.0,97007.0,0.0,0.0,0.0,0.0,0.9370687773018845
222,1,222.0,222.0,97007.0000463884,97010.0,-0.0748465406603771,3.0,0.0,0.0,1,0.0,1,0.0,0.0,0.4,97007.0,0.0,0.0,0.0,0.0,0.9666015798249004
223,1,223.0,223.0,5.196152422706632,7.0,0.9856542207481084,5.0,0.0,1.0,0,1.0,0,0.0,0.0,0.0,0.0,0.0,0.0,0.0,0.0,0.9690232585327507
224,1,224.0,224.0,28251.0001592864,28254.0,-0.0955181633402326,3.0,0.0,0.0,1,0.0,1,0.0,0.0,0.4,28251.0,0.0,0.0,0.0,0.0,0.9383487549906047
225,1,225.0,225.0,45303.0000110368,45304.0,-0.0746636243332357,0.0,1.0,1.0,0,0.0,1,0.0,0.0,0.4,45303.0,0.0,0.0,0.0,0.0,0.9630639429578801
226,1,226.0,226.0,1.0,1.0,0.9971391490106832,0.0,1.0,1.0,0,0.0,1,0.0,0.0,0.4,0.0,0.0,0.0,0.0,0.0,0.9199593242201566
227,1,227.0,227.0,43305.00005773005,43308.0,-0.0806099738641086,2.0,0.0,0.0,1,1.0,0,0.0,0.0,0.2,43305.0,0.0,0.0,0.0,0.0,0.9690707098713799
228,1,228.0,228.0,5.830951894845301,8.0,0.8993513000915327,3.0,0.0,5.0,0,0.0,1,0.0,0.0,0.2,0.0,0.0,0.0,0.0,0.0,0.8830550906764617
229,1,229.0,229.0,0.0,0.0,1.0,0.0,0.0,0.0,1,0.0,1,0.0,0.0,0.4,0.0,0.0,0.0,0.0,0.0,0.07475133151412182
230,1,230.0,230.0,3.741657386773941,6.0,0.9475587393582684,3.0,0.0,2.0,0,1.0,0,0.0,0.0,0.0,0.0,0.0,0.0,0.0,0.0,0.9506445921520181
231,1,231.0,231.0,23918.000229952337,23923.0,0.9999999984702274,3.0,0.0,1.0,0,1.0,0,0.0,0.0,0.0,23918.0,0.0,0.0,0.0,0.0,0.968590223985862
232,1,232.0,232.0,5.0,5.0,0.984126984126984,5.0,0.0,0.0,1,0.0,1,0.0,0.0,0.4,0.0,0.0,0.0,0.0,0.0,0.9200716207366776
233,1,233.0,233.0,21022.0,21022.0,0.9999999987149876,0.0,1.0,0.0,1,0.0,1,0.0,0.0,0.6,21022.0,0.0,0.0,0.0,0.0,0.15662928426166323
234,1,234.0,234.0,49223.0000203157,49225.0,-0.1193577388700928,0.0,1.0,1.0,0,1.0,0,0.0,0.0,0.2,49223.0,0.0,0.0,0.0,0.0,0.9688181930549926
235,1,235.0,235.0,1.4142135623730951,2.0,0.99439936642237,1.0,0.0,0.0,1,1.0,0,0.0,0.0,0.2,0.0,0.0,0.0,0.0,0.0,0.9312438689706406
236,1,236.0,236.0,7.071067811865476,8.0,-0.2705008904002297,7.0,0.0,0.0,1,1.0,0,0.0,0.0,0.2,0.0,0.0,0.0,0.0,0.0,0.9579056204189075
237,1,237.0,237.0,64970.00015391719,64976.0,0.9999998997317612,4.0,0.0,2.0,0,0.0,1,0.0,0.0,0.2,64970.0,0.0,0.0,0.0,0.0,0.9606746224652308
238,1,238.0,238.0,3.1622776601683795,4.0,0.9983364571961496,3.0,0.0,1.0,0,0.0,1,0.0,0.0,0.2,0.0,0.0,0.0,0.0,0.0,0.9283694151891595
239,1,239.0,239.0,37314.00006699898,37317.0,0.9999996999125306,1.0,0.0,2.0,0,0.0,1,0.0,0.0,0.2,37314.0,0.0,0.0,0.0,0.0,0.9580955379602011
240,1,240.0,240.0,49223.00037584056,49230.0,-0.0615756181814568,6.0,0.0,0.0,1,1.0,0,0.0,0.0,0.2,49223.0,0.0,0.0,0.0,0.0,0.9690533337195677
241,1,241.0,241.0,47613.00011551467,47618.0,-0.148889600178355,3.0,0.0,1.0,0,1.0,0,0.0,0.0,0.0,47613.0,0.0,0.0,0.0,0.0,0.9687309785358144
242,1,242.0,242.0,49223.000010157855,49224.0,-0.098348759918359,1.0,0.0,0.0,1,0.0,1,0.0,0.0,0.4,49223.0,0.0,0.0,0.0,0.0,0.9605301426716698
243,1,243.0,243.0,4.242640687119285,6.0,0.9986310739646674,4.0,0.0,1.0,0,1.0,0,0.0,0.0,0.0,0.0,0.0,0.0,0.0,0.0,0.9685722602816492
244,1,244.0,244.0,99999.0002500025,100007.0,-0.0613373653091866,7.0,0.0,0.0,1,1.0,0,0.0,0.0,0.2,99999.0,0.0,0.0,0.0,0.0,0.9504327354168521
245,1,245.0,245.0,1.0,1.0,0.9995837668914376,1.0,0.0,0.0,1,0.0,1,0.0,0.0,0.4,0.0,0.0,0.0,0.0,0.0,0.6533131604875203
246,1,246.0,246.0,1.0,1.0,0.9486832980505138,0.0,0.0,0.0,1,1.0,0,0.0,0.0,0.2,0.0,0.0,0.0,0.0,0.0,0.9488007076930405
247,1,247.0,247.0,64192.00007789132,64196.0,-0.0983287712731828,3.0,0.0,1.0,0,0.0,1,0.0,0.0,0.2,64192.0,0.0,0.0,0.0,0.0,0.9684279631508295
248,1,248.0,248.0,1.0,1.0,0.9971874207623967,0.0,1.0,1.0,0,0.0,1,0.0,0.0,0.4,0.0,0.0,0.0,0.0,0.0,0.9202186168730533
249,1,249.0,249.0,64192.00003894566,64195.0,-0.0875022175795934,2.0,0.0,1.0,0,0.0,1,0.0,0.0,0.2,64192.0,0.0,0.0,0.0,0.0,0.9678620080097858
250,1,250.0,250.0,64192.00063091973,64201.0,-0.2130113949626886,9.0,0.0,0.0,1,0.0,1,0.0,0.0,0.4,64192.0,0.0,0.0,0.0,0.0,0.9666126998399762
251,1,251.0,251.0,6.164414002968976,8.0,0.9906698476000914,6.0,0.0,1.0,0,1.0,0,0.0,0.0,0.0,0.0,0.0,0.0,0.0,0.0,0.9688448311590054
252,1,252.0,252.0,51952.00139551892,51965.0,0.9999999396282648,12.0,0.0,1.0,0,0.0,1,0.0,0.0,0.2,51952.0,0.0,0.0,0.0,0.0,0.965257217403563
253,1,253.0,253.0,1.4142135623730951,2.0,0.9944006848884333,0.0,1.0,1.0,0,1.0,0,0.0,0.0,0.2,0.0,0.0,0.0,0.0,0.0,0.9685598064258606
254,1,254.0,254.0,14.071247279470288,16.0,0.9045340337332908,14.0,0.0,1.0,0,1.0,0,0.0,0.0,0.0,0.0,0.0,0.0,0.0,0.0,0.9550881934937253
255,1,255.0,255.0,3.1622776601683795,4.0,0.964365375053206,0.0,1.0,3.0,0,1.0,0,0.0,0.0,0.2,0.0,0.0,0.0,0.0,0.0,0.9680777410253937
256,1,256.0,256.0,14102.001276414636,14108.0,-0.2287323576494717,6.0,0.0,0.0,1,0.0,1,0.0,0.0,0.4,14102.0,0.0,0.0,0.0,0.0,0.9398077233699333
257,1,257.0,257.0,47114.00027592648,47120.0,-0.1488433776155819,5.0,0.0,0.0,1,1.0,0,0.0,0.0,0.2,47114.0,0.0,0.0,0.0,0.0,0.9691625241635143
258,1,258.0,258.0,4.123105625617661,5.0,0.9944577973205988,4.0,0.0,0.0,1,1.0,0,0.0,0.0,0.2,0.0,0.0,0.0,0.0,0.0,0.9682126987896865
259,1,259.0,259.0,7.615773105863909,10.0,0.9694521124707418,7.0,0.0,3.0,0,0.0,1,0.0,0.0,0.2,0.0,0.0,0.0,0.0,0.0,0.9532215465823866
260,1,260.0,260.0,8.0,8.0,0.8132500607904443,8.0,0.0,0.0,1,0.0,1,0.0,0.0,0.4,0.0,0.0,0.0,0.0,0.0,0.9443419909540899
261,1,261.0,261.0,79121.00017062474,79128.0,-0.1193597087566418,5.0,0.0,1.0,0,1.0,0,0.0,0.0,0.0,79121.0,0.0,0.0,0.0,0.0,0.9683936989536809
262,1,262.0,262.0,2.0,2.0,0.9992990141526302,2.0,0.0,0.0,1,0.0,1,0.0,0.0,0.4,0.0,0.0,0.0,0.0,0.0,0.0779745472731763
263,1,263.0,263.0,1.4142135623730951,2.0,1.0,0.0,0.0,1.0,0,1.0,0,0.0,0.0,0.0,0.0,0.0,0.0,0.0,0.0,0.9595515952920187
264,1,264.0,264.0,5.0,5.0,0.9947806487179984,5.0,0.0,0.0,1,0.0,1,0.0,0.0,0.4,0.0,0.0,0.0,0.0,0.0,0.9367540959505977
265,1,265.0,265.0,2.0,2.0,0.9992990141526302,2.0,0.0,0.0,1,0.0,1,0.0,0.0,0.4,0.0,0.0,0.0,0.0,0.0,0.0779745472731763
266,1,266.0,266.0,97007.00027317616,97016.0,-0.0652830903606682,7.0,0.0,2.0,0,0.0,1,0.0,0.0,0.2,97007.0,0.0,0.0,0.0,0.0,0.9147420824789592
267,1,267.0,267.0,63996.00007812988,64000.0,0.99999996472076,3.0,0.0,1.0,0,0.0,1,0.0,0.0,0.2,63996.0,0.0,0.0,0.0,0.0,0.9645549000477475
268,1,268.0,268.0,4.123105625617661,5.0,0.9742009196519932,4.0,0.0,1.0,0,0.0,1,0.0,0.0,0.2,0.0,0.0,0.0,0.0,0.0,0.96691687044062
269,1,269.0,269.0,2.23606797749979,3.0,0.9914842084836828,2.0,0.0,0.0,1,1.0,0,0.0,0.0,0.2,0.0,0.0,0.0,0.0,0.0,0.962689070197674
270,1,270.0,270.0,11.0,11.0,0.6830009515539734,11.0,0.0,0.0,1,0.0,1,0.0,0.0,0.4,0.0,0.0,0.0,0.0,0.0,0.9554705432515956
271,1,271.0,271.0,38604.00046627292,38610.0,0.9999999994790024,6.0,0.0,0.0,1,0.0,1,0.0,0.0,0.4,38604.0,0.0,0.0,0.0,0.0,0.5762396711193766
272,1,272.0,272.0,63639.00007071136,63642.0,0.9999468805068392,3.0,0.0,0.0,1,0.0,1,0.0,0.0,0.4,63639.0,0.0,0.0,0.0,0.0,0.9544734917325851
273,1,273.0,273.0,3.3166247903554,5.0,0.9913694342812616,3.0,0.0,1.0,0,1.0,0,0.0,0.0,0.0,0.0,0.0,0.0,0.0,0.0,0.9689029793564418
274,1,274.0,274.0,18116.000082799736,18119.0,-0.0810366503462476,1.0,0.0,1.0,0,1.0,0,0.0,0.0,0.0,18116.0,0.0,0.0,0.0,0.0,0.9684599502347707
275,1,275.0,275.0,33510.00002984184,33512.0,0.9999998254868931,1.0,0.0,1.0,0,0.0,1,0.0,0.0,0.2,33510.0,0.0,0.0,0.0,0.0,0.9617561824622228
276,1,276.0,276.0,3.1622776601683795,4.0,0.9663531361973136,3.0,0.0,1.0,0,0.0,1,0.0,0.0,0.2,0.0,0.0,0.0,0.0,0.0,0.9657091690769283
277,1,277.0,277.0,11.0,11.0,0.8741467574762478,11.0,0.0,0.0,1,0.0,1,0.0,0.0,0.4,0.0,0.0,0.0,0.0,0.0,0.9556407948251477
278,1,278.0,278.0,6.782329983125268,10.0,0.8199191358546037,6.0,0.0,3.0,0,1.0,0,0.0,0.0,0.0,0.0,0.0,0.0,0.0,0.0,0.9554634259861666
279,1,279.0,279.0,14106.00007089182,14108.0,-0.0880247365969928,1.0,0.0,0.0,1,1.0,0,0.0,0.0,0.2,14106.0,0.0,0.0,0.0,0.0,0.9673042963360041
280,1,280.0,280.0,3606.001525235396,3611.0,0.9999998458024734,3.0,0.0,1.0,0,1.0,0,0.0,0.0,0.0,3606.0,0.0,0.0,0.0,0.0,0.9341629309598245
281,1,281.0,281.0,5.477225575051661,8.0,0.9982731812361942,5.0,0.0,2.0,0,1.0,0,0.0,0.0,0.0,0.0,0.0,0.0,0.0,0.0,0.9622222887496874
282,1,282.0,282.0,62021.00041115106,62030.0,-0.1192838887319436,7.0,0.0,1.0,0,1.0,0,0.0,0.0,0.0,62021.0,0.0,0.0,0.0,0.0,0.9677754181396535
283,1,283.0,283.0,55102.00233203871,55119.0,-0.5001088720029503,16.0,0.0,0.0,1,1.0,0,0.0,0.0,0.2,55102.0,0.0,0.0,0.0,0.0,0.9674478046203282
284,1,284.0,284.0,11.445523142259598,15.0,-0.2108185106778919,11.0,0.0,3.0,0,1.0,0,0.0,0.0,0.0,0.0,0.0,0.0,0.0,0.0,0.6834542268543798
285,1,285.0,285.0,7.071067811865476,8.0,0.9920955936573204,7.0,0.0,1.0,0,0.0,1,0.0,0.0,0.2,0.0,0.0,0.0,0.0,0.0,0.9677035731086135
286,1,286.0,286.0,2.449489742783178,4.0,0.986870327590338,2.0,0.0,1.0,0,1.0,0,0.0,0.0,0.0,0.0,0.0,0.0,0.0,0.0,0.9690304333653744
287,1,287.0,287.0,10735.000186306472,10737.0,-0.1711310983740226,2.0,0.0,0.0,1,0.0,1,0.0,0.0,0.4,10735.0,0.0,0.0,0.0,0.0,0.9060298988866108
288,1,288.0,288.0,49223.0000203157,49225.0,-0.0955568980110974,1.0,0.0,0.0,1,1.0,0,0.0,0.0,0.2,49223.0,0.0,0.0,0.0,0.0,0.9689896431019059
289,1,289.0,289.0,3.0,3.0,0.9961164901835045,3.0,0.0,0.0,1,0.0,1,0.0,0.0,0.4,0.0,0.0,0.0,0.0,0.0,0.5336298448297394
290,1,290.0,290.0,4.242640687119285,6.0,0.6708203932499369,4.0,0.0,1.0,0,1.0,0,0.0,0.0,0.0,0.0,0.0,0.0,0.0,0.0,0.9436409510111142
291,1,291.0,291.0,1.0,1.0,0.9486832980505138,0.0,0.0,1.0,0,0.0,1,0.0,0.0,0.2,0.0,0.0,0.0,0.0,0.0,0.9641301673644533
292,1,292.0,292.0,1.4142135623730951,2.0,0.996765700247014,1.0,0.0,1.0,0,0.0,1,0.0,0.0,0.2,0.0,0.0,0.0,0.0,0.0,0.965564784386781
293,1,293.0,293.0,49213.00009143925,49216.0,-0.1347495525169764,3.0,0.0,0.0,1,0.0,1,0.0,0.0,0.4,49213.0,0.0,0.0,0.0,0.0,0.9638453292844108
294,1,294.0,294.0,10.0,10.0,-0.0353332626668787,10.0,0.0,0.0,1,0.0,1,0.0,0.0,0.4,0.0,0.0,0.0,0.0,0.0,0.8821676198478118
295,1,295.0,295.0,1.7320508075688772,3.0,0.9891004919611718,1.0,0.0,1.0,0,1.0,0,0.0,0.0,0.0,0.0,0.0,0.0,0.0,0.0,0.9689212155775037
296,1,296.0,296.0,9.0,9.0,0.9482237441613044,9.0,0.0,0.0,1,0.0,1,0.0,0.0,0.4,0.0,0.0,0.0,0.0,0.0,0.946445288058046
297,1,297.0,297.0,1.0,1.0,0.9486832980505138,0.0,0.0,1.0,0,0.0,1,0.0,0.0,0.2,0.0,0.0,0.0,0.0,0.0,0.9641301673644533
298,1,298.0,298.0,47818.00002091263,47820.0,-0.3332915067672493,1.0,0.0,0.0,1,1.0,0,0.0,0.0,0.2,47818.0,0.0,0.0,0.0,0.0,0.9667281430139506
299,1,299.0,299.0,1.7320508075688772,3.0,0.978231976089037,1.0,0.0,1.0,0,1.0,0,0.0,0.0,0.0,0.0,0.0,0.0,0.0,0.0,0.9682932401864877
300,1,300.0,300.0,1910.002617799253,1914.0,0.9999999991518178,3.0,0.0,0.0,1,1.0,0,0.0,0.0,0.2,1910.0,0.0,0.0,0.0,0.0,0.579806952439209
301,1,301.0,301.0,2.0,2.0,0.9990248656871404,2.0,0.0,0.0,1,0.0,1,0.0,0.0,0.4,0.0,0.0,0.0,0.0,0.0,0.07105733776291641
302,1,302.0,302.0,49223.00102594314,49234.0,-0.5773150681297412,10.0,0.0,1.0,0,0.0,1,0.0,0.0,0.2,49223.0,0.0,0.0,0.0,0.0,0.9668334873341999
303,1,303.0,303.0,5.0,5.0,0.9715365547505715,5.0,0.0,0.0,1,0.0,1,0.0,0.0,0.4,0.0,0.0,0.0,0.0,0.0,0.8033221522935029
304,1,304.0,304.0,0.0,0.0,1.0,0.0,1.0,0.0,1,0.0,1,0.0,0.0,0.6,0.0,0.0,0.0,0.0,0.0,0.16319007826771129
305,1,305.0,305.0,11.090536506409418,13.0,0.9205746178983232,11.0,0.0,1.0,0,1.0,0,0.0,0.0,0.0,0.0,0.0,0.0,0.0,0.0,0.9480228078303415
306,1,306.0,306.0,7378.000203307127,7381.0,0.9999999981081708,1.0,0.0,1.0,0,1.0,0,0.0,0.0,0.0,7378.0,0.0,0.0,0.0,0.0,0.8767604047315851
307,1,307.0,307.0,47724.00104769088,47734.0,-0.1712003054766029,10.0,0.0,0.0,1,0.0,1,0.0,0.0,0.4,47724.0,0.0,0.0,0.0,0.0,0.9654199752097364
308,1,308.0,308.0,7.0,7.0,0.9945274832335644,7.0,0.0,0.0,1,0.0,1,0.0,0.0,0.4,0.0,0.0,0.0,0.0,0.0,0.9190717388478614
309,1,309.0,309.0,3060.000980392,3064.0,0.9999999861501884,2.0,0.0,1.0,0,1.0,0,0.0,0.0,0.0,3060.0,0.0,0.0,0.0,0.0,0.9082920155688387
310,1,310.0,310.0,63856.00002349036,63859.0,0.9999999725425748,1.0,0.0,1.0,0,1.0,0,0.0,0.0,0.0,63856.0,0.0,0.0,0.0,0.0,0.9651625483792383
311,1,311.0,311.0,8.06225774829855,9.0,0.9369723059167936,8.0,0.0,1.0,0,0.0,1,0.0,0.0,0.2,0.0,0.0,0.0,0.0,0.0,0.9610486706995292
312,1,312.0,312.0,5880.00136054406,5884.0,0.9999999985794212,4.0,0.0,0.0,1,0.0,1,0.0,0.0,0.4,5880.0,0.0,0.0,0.0,0.0,0.03851849190380636
313,1,313.0,313.0,14.0,14.0,-0.1252743380004715,14.0,0.0,0.0,1,0.0,1,0.0,0.0,0.4,0.0,0.0,0.0,0.0,0.0,0.956303185730083
314,1,314.0,314.0,263.0095055316442,266.0,0.9999999996455587,2.0,0.0,0.0,1,1.0,0,0.0,0.0,0.2,263.0,0.0,0.0,0.0,0.0,0.6330634383868089
315,1,315.0,315.0,1.4142135623730951,2.0,0.9954972622535604,1.0,0.0,1.0,0,0.0,1,0.0,0.0,0.2,0.0,0.0,0.0,0.0,0.0,0.9541506822754101
316,1,316.0,316.0,6.0,6.0,0.9415544714433868,6.0,0.0,0.0,1,0.0,1,0.0,0.0,0.4,0.0,0.0,0.0,0.0,0.0,0.5693279559813093
317,1,317.0,317.0,60101.00004991597,60105.0,-0.075342592934755,2.0,0.0,1.0,0,1.0,0,0.0,0.0,0.0,60101.0,0.0,0.0,0.0,0.0,0.962430553387733
318,1,318.0,318.0,41898.00042961477,41904.0,0.9999999989526324,6.0,0.0,0.0,1,0.0,1,0.0,0.0,0.4,41898.0,0.0,0.0,0.0,0.0,0.6576340869461167
319,1,319.0,319.0,80009.00010623805,80014.0,0.9999997914889543,4.0,0.0,1.0,0,0.0,1,0.0,0.0,0.2,80009.0,0.0,0.0,0.0,0.0,0.9516201588725927
320,1,320.0,320.0,11905.0,11905.0,0.999999999890818,0.0,1.0,0.0,1,0.0,1,0.0,0.0,0.6,11905.0,0.0,0.0,0.0,0.0,0.09280350145233869
321,1,321.0,321.0,3.1622776601683795,4.0,0.9925649526278796,3.0,0.0,1.0,0,0.0,1,0.0,0.0,0.2,0.0,0.0,0.0,0.0,0.0,0.966876403528398
322,1,322.0,322.0,23188.00002156288,23189.0,0.9999999954129404,0.0,1.0,0.0,1,1.0,0,0.0,0.0,0.4,23188.0,0.0,0.0,0.0,0.0,0.8036083779027517
323,1,323.0,323.0,9.055385138137416,10.0,0.7324670207647144,9.0,0.0,0.0,1,1.0,0,0.0,0.0,0.2,0.0,0.0,0.0,0.0,0.0,0.9253923728827895
324,1,324.0,324.0,3.1622776601683795,4.0,0.9920930482734592,3.0,0.0,0.0,1,1.0,0,0.0,0.0,0.2,0.0,0.0,0.0,0.0,0.0,0.9637094975613851
325,1,325.0,325.0,70996.00002112795,70999.0,0.9999997637299908,1.0,0.0,1.0,0,1.0,0,0.0,0.0,0.0,70996.0,0.0,0.0,0.0,0.0,0.9666398208988598
326,1,326.0,326.0,27287.003096712546,27300.0,0.9999997397465934,13.0,0.0,0.0,1,0.0,1,0.0,0.0,0.4,27287.0,0.0,0.0,0.0,0.0,0.6216545871333268
327,1,327.0,327.0,73409.00043591385,73417.0,0.9999998605322656,8.0,0.0,0.0,1,0.0,1,0.0,0.0,0.4,73409.0,0.0,0.0,0.0,0.0,0.9513041653394941
328,1,328.0,328.0,1.0,1.0,0.9486832980505138,0.0,0.0,0.0,1,1.0,0,0.0,0.0,0.2,0.0,0.0,0.0,0.0,0.0,0.9488007076930405
329,1,329.0,329.0,84131.00000594312,84132.0,-0.074797256836038,0.0,1.0,0.0,1,1.0,0,0.0,0.0,0.4,84131.0,0.0,0.0,0.0,0.0,0.9624455793613835
330,1,330.0,330.0,14.0356688476182,15.0,-0.2148007441762753,14.0,0.0,0.0,1,1.0,0,0.0,0.0,0.2,0.0,0.0,0.0,0.0,0.0,0.9533615439252284
331,1,331.0,331.0,1.4142135623730951,2.0,0.9975761839560976,1.0,0.0,0.0,1,1.0,0,0.0,0.0,0.2,0.0,0.0,0.0,0.0,0.0,0.9634915895367766
332,1,332.0,332.0,2.23606797749979,3.0,0.997733059582132,2.0,0.0,1.0,0,0.0,1,0.0,0.0,0.2,0.0,0.0,0.0,0.0,0.0,0.9639240724200375
333,1,333.0,333.0,6.164414002968976,8.0,0.9883292680902462,6.0,0.0,1.0,0,1.0,0,0.0,0.0,0.0,0.0,0.0,0.0,0.0,0.0,0.9689930294135266
334,1,334.0,334.0,14.0,14.0,0.5022600329283208,14.0,0.0,0.0,1,0.0,1,0.0,0.0,0.4,0.0,0.0,0.0,0.0,0.0,0.9573467463041841
335,1,335.0,335.0,5.0990195135927845,6.0,0.9910232711583236,5.0,0.0,1.0,0,0.0,1,0.0,0.0,0.2,0.0,0.0,0.0,0.0,0.0,0.9674397137634689
336,1,336.0,336.0,7880.000697969513,7885.0,0.9999999951919876,3.0,0.0,1.0,0,1.0,0,0.0,0.0,0.0,7880.0,0.0,0.0,0.0,0.0,0.939989901635144
337,1,337.0,337.0,6.0,6.0,0.9891004919611718,6.0,0.0,0.0,1,0.0,1,0.0,0.0,0.4,0.0,0.0,0.0,0.0,0.0,0.8087400725143036
338,1,338.0,338.0,35907.00023672264,35912.0,0.9999999719281396,4.0,0.0,0.0,1,1.0,0,0.0,0.0,0.2,35907.0,0.0,0.0,0.0,0.0,0.9670217345111195
339,1,339.0,339.0,70019.00006426827,70022.0,0.9999998322559582,3.0,0.0,0.0,1,0.0,1,0.0,0.0,0.4,70019.0,0.0,0.0,0.0,0.0,0.9528718267094455
340,1,340.0,340.0,1.4142135623730951,2.0,1.0,0.0,0.0,1.0,0,1.0,0,0.0,0.0,0.0,0.0,0.0,0.0,0.0,0.0,0.9595515952920187
341,1,341.0,341.0,25932.000038562397,25934.0,-0.0873134510842605,1.0,0.0,0.0,1,1.0,0,0.0,0.0,0.2,25932.0,0.0,0.0,0.0,0.0,0.9675776049788961
342,1,342.0,342.0,1.4142135623730951,2.0,0.9961164901835045,1.0,0.0,0.0,1,1.0,0,0.0,0.0,0.2,0.0,0.0,0.0,0.0,0.0,0.9603818172519375
343,1,343.0,343.0,4.358898943540674,7.0,0.92477409322483,3.0,0.0,3.0,0,1.0,0,0.0,0.0,0.0,0.0,0.0,0.0,0.0,0.0,0.9618468470572553
344,1,344.0,344.0,5.0990195135927845,6.0,0.995403900013586,5.0,0.0,1.0,0,0.0,1,0.0,0.0,0.2,0.0,0.0,0.0,0.0,0.0,0.9669411289466464
345,1,345.0,345.0,1.7320508075688772,3.0,0.991117008818872,1.0,0.0,1.0,0,1.0,0,0.0,0.0,0.0,0.0,0.0,0.0,0.0,0.0,0.9689212155775037
346,1,346.0,346.0,56004.000080351405,56009.0,0.9999999762938508,2.0,0.0,2.0,0,1.0,0,0.0,0.0,0.0,56004.0,0.0,0.0,0.0,0.0,0.9632606031094592
347,1,347.0,347.0,6.082762530298219,7.0,0.95480527676127,6.0,0.0,0.0,1,1.0,0,0.0,0.0,0.2,0.0,0.0,0.0,0.0,0.0,0.9683757676007838
348,1,348.0,348.0,6.082762530298219,7.0,0.9978566166342884,6.0,0.0,0.0,1,1.0,0,0.0,0.0,0.2,0.0,0.0,0.0,0.0,0.0,0.960744980493315
349,1,349.0,349.0,5.0990195135927845,6.0,0.9800379116648474,5.0,0.0,1.0,0,0.0,1,0.0,0.0,0.2,0.0,0.0,0.0,0.0,0.0,0.9672747702189368
350,1,350.0,350.0,4029.008190609694,4039.0,0.9999999946825714,8.0,0.0,1.0,0,1.0,0,0.0,0.0,0.0,4029.0,0.0,0.0,0.0,0.0,0.9420001221927462
351,1,351.0,351.0,5.385164807134504,7.0,0.889894673751562,2.0,0.0,5.0,0,0.0,1,0.0,0.0,0.2,0.0,0.0,0.0,0.0,0.0,0.851732979874741
352,1,352.0,352.0,25114.000019909214,25115.0,-0.0812042231836596,1.0,0.0,0.0,1,0.0,1,0.0,0.0,0.4,25114.0,0.0,0.0,0.0,0.0,0.9299947731575363
353,1,353.0,353.0,1.0,1.0,0.999795980820074,1.0,0.0,0.0,1,0.0,1,0.0,0.0,0.4,0.0,0.0,0.0,0.0,0.0,0.9200670512388059
354,1,354.0,354.0,0.0,0.0,1.0,0.0,0.0,0.0,1,0.0,1,0.0,0.0,0.4,0.0,0.0,0.0,0.0,0.0,0.07475133151412182
355,1,355.0,355.0,81291.000405949,81301.0,0.9999993100512412,8.0,0.0,1.0,0,1.0,0,0.0,0.0,0.0,81291.0,0.0,0.0,0.0,0.0,0.9623080015919919
356,1,356.0,356.0,1.7320508075688772,3.0,0.9946368807782032,1.0,0.0,1.0,0,1.0,0,0.0,0.0,0.0,0.0,0.0,0.0,0.0,0.0,0.9687771838751962
357,1,357.0,357.0,36529.00023269183,36534.0,0.999999988169852,0.0,1.0,4.0,0,1.0,0,0.0,0.0,0.2,36529.0,0.0,0.0,0.0,0.0,0.9535737752260597
358,1,358.0,358.0,10613.005700554391,10624.0,-0.117754379987768,11.0,0.0,0.0,1,0.0,1,0.0,0.0,0.4,10613.0,0.0,0.0,0.0,0.0,0.9545049799703507
359,1,359.0,359.0,10613.000094224064,10615.0,-0.0975672360550861,0.0,1.0,1.0,0,1.0,0,0.0,0.0,0.2,10613.0,0.0,0.0,0.0,0.0,0.9635274399788835
360,1,360.0,360.0,10613.000518232344,10618.0,-0.0740066856448062,3.0,0.0,1.0,0,1.0,0,0.0,0.0,0.0,10613.0,0.0,0.0,0.0,0.0,0.9660370425086588
361,1,361.0,361.0,6.082762530298219,7.0,-0.2108185106778919,6.0,0.0,0.0,1,1.0,0,0.0,0.0,0.2,0.0,0.0,0.0,0.0,0.0,0.9575924808082762
362,1,362.0,362.0,14.0,14.0,0.9543305571897804,14.0,0.0,0.0,1,0.0,1,0.0,0.0,0.4,0.0,0.0,0.0,0.0,0.0,0.9469245784602233
363,1,363.0,363.0,1286.0143856116074,1293.0,-0.1633511748718923,6.0,0.0,0.0,1,1.0,0,0.0,0.0,0.2,1286.0,0.0,0.0,0.0,0.0,0.9215071119823449
364,1,364.0,364.0,1.4142135623730951,2.0,0.9953850119383816,1.0,0.0,1.0,0,0.0,1,0.0,0.0,0.2,0.0,0.0,0.0,0.0,0.0,0.9505890573484336
365,1,365.0,365.0,0.0,0.0,1.0,0.0,1.0,0.0,1,0.0,1,0.0,0.0,0.6,0.0,0.0,0.0,0.0,0.0,0.16319007826771129
366,1,366.0,366.0,8.12403840463596,10.0,1.0,8.0,0.0,1.0,0,1.0,0,0.0,0.0,0.0,0.0,0.0,0.0,0.0,0.0,0.959670734781204
367,1,367.0,367.0,2.23606797749979,3.0,0.9951873216699556,2.0,0.0,0.0,1,1.0,0,0.0,0.0,0.2,0.0,0.0,0.0,0.0,0.0,0.9662313214509505
368,1,368.0,368.0,8230.000546780055,8233.0,0.999999999755115,3.0,0.0,0.0,1,0.0,1,0.0,0.0,0.4,8230.0,0.0,0.0,0.0,0.0,0.12043149468758796
369,1,369.0,369.0,14106.0043244003,14118.0,-0.3780715563464751,11.0,0.0,1.0,0,0.0,1,0.0,0.0,0.2,14106.0,0.0,0.0,0.0,0.0,0.9669468187667528
370,1,370.0,370.0,1.4142135623730951,2.0,0.9953850119383816,1.0,0.0,1.0,0,0.0,1,0.0,0.0,0.2,0.0,0.0,0.0,0.0,0.0,0.9505890573484336
371,1,371.0,371.0,7.071067811865476,8.0,0.9860540575353748,7.0,0.0,1.0,0,0.0,1,0.0,0.0,0.2,0.0,0.0,0.0,0.0,0.0,0.9681916251176488
372,1,372.0,372.0,74518.00006709788,74522.0,0.9999996663124996,3.0,0.0,0.0,1,1.0,0,0.0,0.0,0.2,74518.0,0.0,0.0,0.0,0.0,0.967329648293806
373,1,373.0,373.0,3.605551275463989,5.0,0.9743412473512648,3.0,0.0,2.0,0,0.0,1,0.0,0.0,0.2,0.0,0.0,0.0,0.0,0.0,0.9656443608787112
374,1,374.0,374.0,13.038404810405298,14.0,0.7300956427599692,13.0,0.0,0.0,1,1.0,0,0.0,0.0,0.2,0.0,0.0,0.0,0.0,0.0,0.957990982694406
375,1,375.0,375.0,46493.00038715505,46499.0,-0.0967838712655191,6.0,0.0,0.0,1,0.0,1,0.0,0.0,0.4,46493.0,0.0,0.0,0.0,0.0,0.9658854881799859
376,1,376.0,376.0,0.0,0.0,1.0,0.0,1.0,0.0,1,0.0,1,0.0,0.0,0.6,0.0,0.0,0.0,0.0,0.0,0.16319007826771129
377,1,377.0,377.0,3.1622776601683795,4.0,0.9975694083904584,3.0,0.0,1.0,0,0.0,1,0.0,0.0,0.2,0.0,0.0,0.0,0.0,0.0,0.9605360913497148
378,1,378.0,378.0,97007.0000927768,97013.0,-0.3779021313265209,4.0,0.0,1.0,0,1.0,0,0.0,0.0,0.0,97007.0,0.0,0.0,0.0,0.0,0.9170828389278779
379,1,379.0,379.0,3.1622776601683795,4.0,0.9823845301506764,3.0,0.0,0.0,1,1.0,0,0.0,0.0,0.2,0.0,0.0,0.0,0.0,0.0,0.9612696827431345
380,1,380.0,380.0,14102.000070911929,14104.0,-0.0978061851000848,0.0,1.0,1.0,0,1.0,0,0.0,0.0,0.2,14102.0,0.0,0.0,0.0,0.0,0.9676143598877762
381,1,381.0,381.0,9991.00015013512,9994.0,0.9999999665238032,1.0,0.0,1.0,0,1.0,0,0.0,0.0,0.0,9991.0,0.0,0.0,0.0,0.0,0.9554695136755559
382,1,382.0,382.0,14102.003545595924,14112.0,-0.3775354879507957,10.0,0.0,0.0,1,0.0,1,0.0,0.0,0.4,14102.0,0.0,0.0,0.0,0.0,0.9537850662501827
383,1,383.0,383.0,56107.0003653733,56116.0,-0.2580286122159247,6.0,0.0,2.0,0,1.0,0,0.0,0.0,0.0,56107.0,0.0,0.0,0.0,0.0,0.9367857281852819
384,1,384.0,384.0,1495.0013377920436,1497.0,-0.1154613882350195,2.0,0.0,0.0,1,0.0,1,0.0,0.0,0.4,1495.0,0.0,0.0,0.0,0.0,0.8061065142143127
385,1,385.0,385.0,43212.0001157086,43216.0,-0.1310754859214449,3.0,0.0,0.0,1,1.0,0,0.0,0.0,0.2,43212.0,0.0,0.0,0.0,0.0,0.969168978694821
386,1,386.0,386.0,47722.000062864085,47726.0,-0.0728728630347217,1.0,0.0,2.0,0,1.0,0,0.0,0.0,0.0,47722.0,0.0,0.0,0.0,0.0,0.9621158676744628
387,1,387.0,387.0,41004.00002438787,41006.0,-0.1168184968537338,1.0,0.0,0.0,1,1.0,0,0.0,0.0,0.2,41004.0,0.0,0.0,0.0,0.0,0.9688425188353804
388,1,388.0,388.0,2.23606797749979,3.0,0.9915372244226288,2.0,0.0,1.0,0,0.0,1,0.0,0.0,0.2,0.0,0.0,0.0,0.0,0.0,0.9615432258774749
389,1,389.0,389.0,48108.00229691522,48127.0,0.9999999686890324,14.0,0.0,5.0,0,0.0,1,0.0,0.0,0.2,48108.0,0.0,0.0,0.0,0.0,0.9543572328676396
390,1,390.0,390.0,11.090536506409418,13.0,-0.3333333333333332,11.0,0.0,1.0,0,1.0,0,0.0,0.0,0.0,0.0,0.0,0.0,0.0,0.0,0.9172005228632062
391,1,391.0,391.0,1.4142135623730951,2.0,0.8,0.0,0.0,1.0,0,1.0,0,0.0,0.0,0.0,0.0,0.0,0.0,0.0,0.0,0.9661759846239967
392,1,392.0,392.0,81211.00017854724,81218.0,-0.0957095026818788,5.0,0.0,2.0,0,0.0,1,0.0,0.0,0.2,81211.0,0.0,0.0,0.0,0.0,0.9613710629722508
393,1,393.0,393.0,4.242640687119285,6.0,0.9550230183180096,3.0,0.0,3.0,0,0.0,1,0.0,0.0,0.2,0.0,0.0,0.0,0.0,0.0,0.9569952036120716
394,1,394.0,394.0,12.041594578792296,13.0,-0.1484784677291246,12.0,0.0,1.0,0,0.0,1,0.0,0.0,0.2,0.0,0.0,0.0,0.0,0.0,0.950740630612624
395,1,395.0,395.0,8.06225774829855,9.0,0.9743412473512648,8.0,0.0,1.0,0,0.0,1,0.0,0.0,0.2,0.0,0.0,0.0,0.0,0.0,0.9616337425062218
396,1,396.0,396.0,8.12403840463596,10.0,0.9918677923031248,8.0,0.0,1.0,0,1.0,0,0.0,0.0,0.0,0.0,0.0,0.0,0.0,0.0,0.9594628288513541
397,1,397.0,397.0,1.4142135623730951,2.0,0.996765700247014,1.0,0.0,0.0,1,1.0,0,0.0,0.0,0.2,0.0,0.0,0.0,0.0,0.0,0.9645931798995254
398,1,398.0,398.0,1.4142135623730951,2.0,0.9908807141567176,0.0,1.0,1.0,0,1.0,0,0.0,0.0,0.2,0.0,0.0,0.0,0.0,0.0,0.9689192306334928
399,1,399.0,399.0,2.23606797749979,3.0,0.996235533828246,2.0,0.0,0.0,1,1.0,0,0.0,0.0,0.2,0.0,0.0,0.0,0.0,0.0,0.9671850651566573
400,1,400.0,400.0,47114.00011673813,47119.0,-0.075578090968988,1.0,0.0,3.0,0,1.0,0,0.0,0.0,0.0,47114.0,0.0,0.0,0.0,0.0,0.9563685894134162
401,1,401.0,401.0,1139.0017559248977,1141.0,-0.0650044757882717,2.0,0.0,0.0,1,0.0,1,0.0,0.0,0.4,1139.0,0.0,0.0,0.0,0.0,0.7879329752389035
402,1,402.0,402.0,3.0,3.0,0.9974086507360695,3.0,0.0,0.0,1,0.0,1,0.0,0.0,0.4,0.0,0.0,0.0,0.0,0.0,0.6201509760217592
403,1,403.0,403.0,7.071067811865476,8.0,0.9258200997725514,7.0,0.0,1.0,0,0.0,1,0.0,0.0,0.2,0.0,0.0,0.0,0.0,0.0,0.9673319727564911
404,1,404.0,404.0,1.0,1.0,0.9486832980505138,0.0,0.0,0.0,1,1.0,0,0.0,0.0,0.2,0.0,0.0,0.0,0.0,0.0,0.9488007076930405
405,1,405.0,405.0,99999.00002500023,100002.0,-0.1385835210974499,2.0,0.0,1.0,0,0.0,1,0.0,0.0,0.2,99999.0,0.0,0.0,0.0,0.0,0.9452172782078122
406,1,406.0,406.0,3472.01454490041,3483.0,0.9999994874159848,10.0,0.0,1.0,0,0.0,1,0.0,0.0,0.2,3472.0,0.0,0.0,0.0,0.0,0.886166411000025
407,1,407.0,407.0,1272.0251569839331,1280.0,-0.3714104829656892,8.0,0.0,0.0,1,0.0,1,0.0,0.0,0.4,1272.0,0.0,0.0,0.0,0.0,0.9155095195505035
408,1,408.0,408.0,5178.002510621253,5184.0,0.9999999962310896,5.0,0.0,1.0,0,0.0,1,0.0,0.0,0.2,5178.0,0.0,0.0,0.0,0.0,0.8783092245929977
409,1,409.0,409.0,2.23606797749979,3.0,0.997733059582132,2.0,0.0,0.0,1,1.0,0,0.0,0.0,0.2,0.0,0.0,0.0,0.0,0.0,0.9645921182877383
410,1,410.0,410.0,2.23606797749979,3.0,0.9979888195539922,2.0,0.0,1.0,0,0.0,1,0.0,0.0,0.2,0.0,0.0,0.0,0.0,0.0,0.934389478240503
411,1,411.0,411.0,4.242640687119285,6.0,0.9819805060619656,4.0,0.0,1.0,0,1.0,0,0.0,0.0,0.0,0.0,0.0,0.0,0.0,0.0,0.9689202893220218
412,1,412.0,412.0,3.1622776601683795,4.0,0.9976027224408328,3.0,0.0,0.0,1,1.0,0,0.0,0.0,0.2,0.0,0.0,0.0,0.0,0.0,0.9635544344014448
413,1,413.0,413.0,9.1104335791443,11.0,0.9997028673237036,9.0,0.0,1.0,0,1.0,0,0.0,0.0,0.0,0.0,0.0,0.0,0.0,0.0,0.9481897589431069
414,1,414.0,414.0,5.0990195135927845,6.0,0.9900239774335589,5.0,0.0,1.0,0,0.0,1,0.0,0.0,0.2,0.0,0.0,0.0,0.0,0.0,0.9674397137634689
415,1,415.0,415.0,11.04536101718726,12.0,0.1889822365046136,11.0,0.0,1.0,0,0.0,1,0.0,0.0,0.2,0.0,0.0,0.0,0.0,0.0,0.9314033744905189
416,1,416.0,416.0,3.741657386773941,6.0,0.9398765024669884,3.0,0.0,2.0,0,1.0,0,0.0,0.0,0.0,0.0,0.0,0.0,0.0,0.0,0.9500638564594204
417,1,417.0,417.0,33151.00025640252,33156.0,-0.1050181357606687,4.0,0.0,0.0,1,1.0,0,0.0,0.0,0.2,33151.0,0.0,0.0,0.0,0.0,0.9689967564895476
418,1,418.0,418.0,84121.0,84121.0,-0.0747954562321446,0.0,1.0,0.0,1,0.0,1,0.0,0.0,0.6,84121.0,0.0,0.0,0.0,0.0,0.9452019808731525
419,1,419.0,419.0,6.082762530298219,7.0,0.8642416214502248,6.0,0.0,1.0,0,0.0,1,0.0,0.0,0.2,0.0,0.0,0.0,0.0,0.0,0.9221685447319263
420,1,420.0,420.0,1.4142135623730951,2.0,1.0,0.0,0.0,1.0,0,1.0,0,0.0,0.0,0.0,0.0,0.0,0.0,0.0,0.0,0.9595515952920187
421,1,421.0,421.0,14106.001063377244,14114.0,-0.0749819188304303,5.0,0.0,2.0,0,1.0,0,0.0,0.0,0.0,14106.0,0.0,0.0,0.0,0.0,0.9494372622908331
422,1,422.0,422.0,2.0,2.0,0.9978443605023736,2.0,0.0,0.0,1,0.0,1,0.0,0.0,0.4,0.0,0.0,0.0,0.0,0.0,0.29468981550431533
423,1,423.0,423.0,4.123105625617661,5.0,0.9045340337332908,4.0,0.0,1.0,0,0.0,1,0.0,0.0,0.2,0.0,0.0,0.0,0.0,0.0,0.9594978651147076
424,1,424.0,424.0,86210.00005219813,86213.0,-0.0724213946388159,3.0,0.0,0.0,1,0.0,1,0.0,0.0,0.4,86210.0,0.0,0.0,0.0,0.0,0.9676175273802965
425,1,425.0,425.0,14102.000921855026,14108.0,-0.1708174592120608,5.0,0.0,0.0,1,1.0,0,0.0,0.0,0.2,14102.0,0.0,0.0,0.0,0.0,0.96844555996165
426,1,426.0,426.0,1.0,1.0,0.9971874207623967,0.0,1.0,1.0,0,0.0,1,0.0,0.0,0.4,0.0,0.0,0.0,0.0,0.0,0.9202186168730533
427,1,427.0,427.0,1.0,1.0,0.9486832980505138,0.0,0.0,1.0,0,0.0,1,0.0,0.0,0.2,0.0,0.0,0.0,0.0,0.0,0.9641301673644533
428,1,428.0,428.0,2.449489742783178,4.0,0.9927901006295572,2.0,0.0,1.0,0,1.0,0,0.0,0.0,0.0,0.0,0.0,0.0,0.0,0.0,0.9690304333653744
429,1,429.0,429.0,0.0,0.0,1.0,0.0,1.0,0.0,1,0.0,1,0.0,0.0,0.6,0.0,0.0,0.0,0.0,0.0,0.16319007826771129
430,1,430.0,430.0,6.0,6.0,0.9801960588196068,6.0,0.0,0.0,1,0.0,1,0.0,0.0,0.4,0.0,0.0,0.0,0.0,0.0,0.7502550342791267
431,1,431.0,431.0,3.3166247903554,5.0,0.9979402655783318,3.0,0.0,1.0,0,1.0,0,0.0,0.0,0.0,0.0,0.0,0.0,0.0,0.0,0.967613082431237
432,1,432.0,432.0,5.0990195135927845,6.0,-0.0962250448649375,5.0,0.0,0.0,1,1.0,0,0.0,0.0,0.2,0.0,0.0,0.0,0.0,0.0,0.9513654412613707
433,1,433.0,433.0,46493.00005377154,46496.0,-0.1347297608847042,2.0,0.0,1.0,0,0.0,1,0.0,0.0,0.2,46493.0,0.0,0.0,0.0,0.0,0.9689016362175287
434,1,434.0,434.0,55102.0,55102.0,-0.0885327364165939,0.0,1.0,0.0,1,0.0,1,0.0,0.0,0.6,55102.0,0.0,0.0,0.0,0.0,0.9153156176796329
435,1,435.0,435.0,1.4142135623730951,2.0,0.996709240304503,1.0,0.0,1.0,0,0.0,1,0.0,0.0,0.2,0.0,0.0,0.0,0.0,0.0,0.965203652333773
436,1,436.0,436.0,7.211102550927978,10.0,0.9670980886427658,6.0,0.0,4.0,0,0.0,1,0.0,0.0,0.2,0.0,0.0,0.0,0.0,0.0,0.9512377509901562
437,1,437.0,437.0,4.242640687119285,6.0,1.0,4.0,0.0,1.0,0,1.0,0,0.0,0.0,0.0,0.0,0.0,0.0,0.0,0.0,0.9641445842432829
438,1,438.0,438.0,97003.000257724,97011.0,-0.1998969080036774,7.0,0.0,0.0,1,1.0,0,0.0,0.0,0.2,97003.0,0.0,0.0,0.0,0.0,0.9519798406115357
439,1,439.0,439.0,86104.0,86104.0,-0.0747990884636358,0.0,1.0,0.0,1,0.0,1,0.0,0.0,0.6,86104.0,0.0,0.0,0.0,0.0,0.94533136977243
440,1,440.0,440.0,1.7320508075688772,3.0,0.9946368807782032,1.0,0.0,1.0,0,1.0,0,0.0,0.0,0.0,0.0,0.0,0.0,0.0,0.0,0.9687771838751962
441,1,441.0,441.0,3.0,5.0,0.9960238411119948,2.0,0.0,2.0,0,1.0,0,0.0,0.0,0.0,0.0,0.0,0.0,0.0,0.0,0.9662760508683471
442,1,442.0,442.0,18003.000166638893,18007.0,0.999999999111842,2.0,0.0,1.0,0,1.0,0,0.0,0.0,0.0,18003.0,0.0,0.0,0.0,0.0,0.9683305804235475
443,1,443.0,443.0,1.0,1.0,0.9999158426255612,1.0,0.0,0.0,1,0.0,1,0.0,0.0,0.4,0.0,0.0,0.0,0.0,0.0,0.9124734831032569
444,1,444.0,444.0,20236.00303913794,20249.0,-0.2125263376216852,11.0,0.0,1.0,0,1.0,0,0.0,0.0,0.0,20236.0,0.0,0.0,0.0,0.0,0.9657219962862206
445,1,445.0,445.0,62021.00007255607,62024.0,-0.0806001414223489,3.0,0.0,0.0,1,0.0,1,0.0,0.0,0.4,62021.0,0.0,0.0,0.0,0.0,0.9658447241023124
446,1,446.0,446.0,8.0,8.0,0.8892972917998876,8.0,0.0,0.0,1,0.0,1,0.0,0.0,0.4,0.0,0.0,0.0,0.0,0.0,0.9446367153852169
447,1,447.0,447.0,0.0,0.0,1.0,0.0,0.0,0.0,1,0.0,1,0.0,0.0,0.4,0.0,0.0,0.0,0.0,0.0,0.07475133151412182
448,1,448.0,448.0,52293.00025816075,52300.0,-0.1794198268787037,5.0,0.0,1.0,0,1.0,0,0.0,0.0,0.0,52293.0,0.0,0.0,0.0,0.0,0.9688685270449455
449,1,449.0,449.0,6.082762530298219,7.0,0.9887260043504108,6.0,0.0,1.0,0,0.0,1,0.0,0.0,0.2,0.0,0.0,0.0,0.0,0.0,0.9652017897519828
450,1,450.0,450.0,2.23606797749979,3.0,0.9977273820728876,2.0,0.0,0.0,1,1.0,0,0.0,0.0,0.2,0.0,0.0,0.0,0.0,0.0,0.964812956102965
451,1,451.0,451.0,6.082762530298219,7.0,-0.1571348402636772,6.0,0.0,0.0,1,1.0,0,0.0,0.0,0.2,0.0,0.0,0.0,0.0,0.0,0.9580884642985742
452,1,452.0,452.0,9.055385138137416,10.0,0.3646624787447363,9.0,0.0,1.0,0,0.0,1,0.0,0.0,0.2,0.0,0.0,0.0,0.0,0.0,0.814525701927396
453,1,453.0,453.0,5.0990195135927845,8.0,0.8344971792454872,4.0,0.0,3.0,0,1.0,0,0.0,0.0,0.0,0.0,0.0,0.0,0.0,0.0,0.9591209014124068
454,1,454.0,454.0,71124.00004217986,71128.0,0.9999997139469132,1.0,0.0,2.0,0,1.0,0,0.0,0.0,0.0,71124.0,0.0,0.0,0.0,0.0,0.9610810946590309
455,1,455.0,455.0,719.0125172762989,725.0,0.9999999980253568,4.0,0.0,1.0,0,1.0,0,0.0,0.0,0.0,719.0,0.0,0.0,0.0,0.0,0.9286266512457311
456,1,456.0,456.0,82201.00135034852,82221.0,-0.138669986106853,14.0,0.0,5.0,0,1.0,0,0.0,0.0,0.0,82201.0,0.0,0.0,0.0,0.0,0.9162719181414234
457,1,457.0,457.0,34986.00367289754,35003.0,0.9999999681284004,16.0,0.0,0.0,1,1.0,0,0.0,0.0,0.2,34986.0,0.0,0.0,0.0,0.0,0.9662188390185497
458,1,458.0,458.0,5.196152422706632,7.0,0.9909737562151918,5.0,0.0,1.0,0,1.0,0,0.0,0.0,0.0,0.0,0.0,0.0,0.0,0.0,0.9688754846415053
459,1,459.0,459.0,35990.00002778549,35992.0,0.9999999958958504,0.0,1.0,1.0,0,1.0,0,0.0,0.0,0.2,35990.0,0.0,0.0,0.0,0.0,0.9645750132025573
460,1,460.0,460.0,47114.00027592648,47120.0,-0.1192437927633449,5.0,0.0,0.0,1,1.0,0,0.0,0.0,0.2,47114.0,0.0,0.0,0.0,0.0,0.9691625241635143
461,1,461.0,461.0,49213.00001015992,49214.0,-0.0874794598020702,0.0,1.0,0.0,1,1.0,0,0.0,0.0,0.4,49213.0,0.0,0.0,0.0,0.0,0.9557375758492337
462,1,462.0,462.0,2.23606797749979,3.0,0.996235533828246,2.0,0.0,0.0,1,1.0,0,0.0,0.0,0.2,0.0,0.0,0.0,0.0,0.0,0.9671850651566573
463,1,463.0,463.0,16.06237840420901,18.0,0.957459272340956,16.0,0.0,1.0,0,1.0,0,0.0,0.0,0.0,0.0,0.0,0.0,0.0,0.0,0.9569554601550724
464,1,464.0,464.0,1.0,1.0,0.9486832980505138,0.0,0.0,1.0,0,0.0,1,0.0,0.0,0.2,0.0,0.0,0.0,0.0,0.0,0.9641301673644533
465,1,465.0,465.0,60101.00031613451,60109.0,-0.061967417201779,6.0,0.0,1.0,0,1.0,0,0.0,0.0,0.0,60101.0,0.0,0.0,0.0,0.0,0.9653786383683954
466,1,466.0,466.0,2.449489742783178,4.0,0.9913657288354102,2.0,0.0,1.0,0,1.0,0,0.0,0.0,0.0,0.0,0.0,0.0,0.0,0.0,0.9690304333653744
467,1,467.0,467.0,8.12403840463596,10.0,0.2153527608232661,8.0,0.0,1.0,0,1.0,0,0.0,0.0,0.0,0.0,0.0,0.0,0.0,0.0,0.9431783992140682
468,1,468.0,468.0,5.916079783099616,9.0,0.8948134764793885,3.0,0.0,5.0,0,1.0,0,0.0,0.0,0.0,0.0,0.0,0.0,0.0,0.0,0.9564282781392835
469,1,469.0,469.0,3.0,3.0,0.9981149841863164,3.0,0.0,0.0,1,0.0,1,0.0,0.0,0.4,0.0,0.0,0.0,0.0,0.0,0.08784850481710167
470,1,470.0,470.0,14970.000066800269,14972.0,0.9999999988229828,1.0,0.0,1.0,0,0.0,1,0.0,0.0,0.2,14970.0,0.0,0.0,0.0,0.0,0.9408779677977205
471,1,471.0,471.0,32988.00001515703,32989.0,0.999999994239646,0.0,1.0,0.0,1,1.0,0,0.0,0.0,0.4,32988.0,0.0,0.0,0.0,0.0,0.91749451603099
472,1,472.0,472.0,4.0,4.0,0.9959289952477496,4.0,0.0,0.0,1,0.0,1,0.0,0.0,0.4,0.0,0.0,0.0,0.0,0.0,0.9330064870110842
473,1,473.0,473.0,3.3166247903554,5.0,0.9670913609804876,3.0,0.0,1.0,0,1.0,0,0.0,0.0,0.0,0.0,0.0,0.0,0.0,0.0,0.9689029793564418
474,1,474.0,474.0,1.4142135623730951,2.0,0.9622504486493764,1.0,0.0,0.0,1,1.0,0,0.0,0.0,0.2,0.0,0.0,0.0,0.0,0.0,0.9472423850593739
475,1,475.0,475.0,76872.0000325216,76875.0,0.99999991069774,2.0,0.0,0.0,1,1.0,0,0.0,0.0,0.2,76872.0,0.0,0.0,0.0,0.0,0.9630260244924059
476,1,476.0,476.0,3.0,3.0,0.9981149841863164,3.0,0.0,0.0,1,0.0,1,0.0,0.0,0.4,0.0,0.0,0.0,0.0,0.0,0.08784850481710167
477,1,477.0,477.0,64192.00028819791,64199.0,-0.0517826217183599,6.0,0.0,1.0,0,0.0,1,0.0,0.0,0.2,64192.0,0.0,0.0,0.0,0.0,0.9682659240053191
478,1,478.0,478.0,4.242640687119285,6.0,0.9891485542304924,4.0,0.0,1.0,0,1.0,0,0.0,0.0,0.0,0.0,0.0,0.0,0.0,0.0,0.9689202893220218
479,1,479.0,479.0,28105.000071161718,28107.0,0.9999998811643412,2.0,0.0,0.0,1,0.0,1,0.0,0.0,0.4,28105.0,0.0,0.0,0.0,0.0,0.15072411154656337
480,1,480.0,480.0,2.0,2.0,0.9990248656871404,2.0,0.0,0.0,1,0.0,1,0.0,0.0,0.4,0.0,0.0,0.0,0.0,0.0,0.07105733776291641
481,1,481.0,481.0,1.4142135623730951,2.0,0.9773756483025025,1.0,0.0,0.0,1,1.0,0,0.0,0.0,0.2,0.0,0.0,0.0,0.0,0.0,0.946712534535572
482,1,482.0,482.0,13.0,13.0,0.1081476140871749,13.0,0.0,0.0,1,0.0,1,0.0,0.0,0.4,0.0,0.0,0.0,0.0,0.0,0.9535972342628929
483,1,483.0,483.0,6.164414002968976,8.0,0.9596350717327242,6.0,0.0,1.0,0,1.0,0,0.0,0.0,0.0,0.0,0.0,0.0,0.0,0.0,0.969029722907539
484,1,484.0,484.0,6.164414002968976,8.0,0.9994056463070784,6.0,0.0,1.0,0,1.0,0,0.0,0.0,0.0,0.0,0.0,0.0,0.0,0.0,0.966603081529604
485,1,485.0,485.0,21698.000599133557,21704.0,0.9999999962582328,5.0,0.0,1.0,0,0.0,1,0.0,0.0,0.2,21698.0,0.0,0.0,0.0,0.0,0.963150753179483
486,1,486.0,486.0,10796.000416821036,10799.0,-0.0959138449537708,3.0,0.0,0.0,1,0.0,1,0.0,0.0,0.4,10796.0,0.0,0.0,0.0,0.0,0.926273877172108
487,1,487.0,487.0,85212.00012322208,85219.0,-0.0846446968900829,4.0,0.0,2.0,0,1.0,0,0.0,0.0,0.0,85212.0,0.0,0.0,0.0,0.0,0.9520100998551859
488,1,488.0,488.0,8.12403840463596,10.0,0.5722930891116554,8.0,0.0,1.0,0,1.0,0,0.0,0.0,0.0,0.0,0.0,0.0,0.0,0.0,0.9422710407384001
489,1,489.0,489.0,2.23606797749979,3.0,0.997733059582132,2.0,0.0,0.0,1,1.0,0,0.0,0.0,0.2,0.0,0.0,0.0,0.0,0.0,0.9645921182877383
490,1,490.0,490.0,12.206555615733702,15.0,-0.020752426878823,12.0,0.0,2.0,0,1.0,0,0.0,0.0,0.0,0.0,0.0,0.0,0.0,0.0,0.8407345305191206
491,1,491.0,491.0,4.58257569495584,7.0,0.9991745768300444,4.0,0.0,2.0,0,1.0,0,0.0,0.0,0.0,0.0,0.0,0.0,0.0,0.0,0.9590568189355491
492,1,492.0,492.0,46413.00001077284,46414.0,-0.0746705492208714,0.0,1.0,0.0,1,1.0,0,0.0,0.0,0.4,46413.0,0.0,0.0,0.0,0.0,0.9542169780343513
493,1,493.0,493.0,17890.000027948576,17891.0,0.9999999989399068,0.0,1.0,1.0,0,0.0,1,0.0,0.0,0.4,17890.0,0.0,0.0,0.0,0.0,0.6696271449861185
494,1,494.0,494.0,1.0,1.0,0.9971391490106832,0.0,1.0,0.0,1,1.0,0,0.0,0.0,0.4,0.0,0.0,0.0,0.0,0.0,0.9355153835701703
495,1,495.0,495.0,3.1622776601683795,4.0,0.9981384792243287,3.0,0.0,0.0,1,1.0,0,0.0,0.0,0.2,0.0,0.0,0.0,0.0,0.0,0.9366867670010123
496,1,496.0,496.0,1511.0082726444618,1516.0,0.999999995224352,5.0,0.0,0.0,1,0.0,1,0.0,0.0,0.4,1511.0,0.0,0.0,0.0,0.0,0.1335920529667387
497,1,497.0,497.0,1.0,1.0,0.999795980820074,1.0,0.0,0.0,1,0.0,1,0.0,0.0,0.4,0.0,0.0,0.0,0.0,0.0,0.9200670512388059
498,1,498.0,498.0,2.0,2.0,0.9997313633262476,2.0,0.0,0.0,1,0.0,1,0.0,0.0,0.4,0.0,0.0,0.0,0.0,0.0,0.0682249476277352
499,1,499.0,499.0,4.123105625617661,5.0,0.9557896392964648,4.0,0.0,1.0,0,0.0,1,0.0,0.0,0.2,0.0,0.0,0.0,0.0,0.0,0.9657660046164418
500,1,500.0,500.0,8.246211251235321,10.0,0.862775561664445,8.0,0.0,2.0,0,0.0,1,0.0,0.0,0.2,0.0,0.0,0.0,0.0,0.0,0.9150353733738271
501,1,501.0,501.0,99999.000500005,100009.0,-0.075559633010096,10.0,0.0,0.0,1,0.0,1,0.0,0.0,0.4,99999.0,0.0,0.0,0.0,0.0,0.9656670770314406
502,1,502.0,502.0,5.0,5.0,0.982223965423513,5.0,0.0,0.0,1,0.0,1,0.0,0.0,0.4,0.0,0.0,0.0,0.0,0.0,0.9164794483407087
503,1,503.0,503.0,84302.00006524163,84307.0,-0.107068814425987,3.0,0.0,1.0,0,1.0,0,0.0,0.0,0.0,84302.0,0.0,0.0,0.0,0.0,0.9681515738734193
504,1,504.0,504.0,14102.000638207332,14108.0,-0.0810706095033497,4.0,0.0,1.0,0,1.0,0,0.0,0.0,0.0,14102.0,0.0,0.0,0.0,0.0,0.9676351587069515
505,1,505.0,505.0,4.242640687119285,6.0,0.9986310739646674,4.0,0.0,1.0,0,1.0,0,0.0,0.0,0.0,0.0,0.0,0.0,0.0,0.0,0.9685722602816492
506,1,506.0,506.0,14102.000070911929,14104.0,-0.0964673105311257,1.0,0.0,1.0,0,0.0,1,0.0,0.0,0.2,14102.0,0.0,0.0,0.0,0.0,0.9666487771544457
507,1,507.0,507.0,2.449489742783178,4.0,0.5773502691896257,2.0,0.0,1.0,0,1.0,0,0.0,0.0,0.0,0.0,0.0,0.0,0.0,0.0,0.9392890548982579
508,1,508.0,508.0,1.4142135623730951,2.0,0.8,0.0,0.0,1.0,0,1.0,0,0.0,0.0,0.0,0.0,0.0,0.0,0.0,0.0,0.9661759846239967
509,1,509.0,509.0,1.0,1.0,0.9486832980505138,0.0,0.0,1.0,0,0.0,1,0.0,0.0,0.2,0.0,0.0,0.0,0.0,0.0,0.9641301673644533
510,1,510.0,510.0,10.04987562112089,11.0,0.9600156738532384,10.0,0.0,1.0,0,0.0,1,0.0,0.0,0.2,0.0,0.0,0.0,0.0,0.0,0.9591635814529114
511,1,511.0,511.0,12.041594578792296,13.0,-0.1797212886723973,12.0,0.0,1.0,0,0.0,1,0.0,0.0,0.2,0.0,0.0,0.0,0.0,0.0,0.950829988999662
512,1,512.0,512.0,3.0,3.0,0.9981149841863164,3.0,0.0,0.0,1,0.0,1,0.0,0.0,0.4,0.0,0.0,0.0,0.0,0.0,0.08784850481710167
513,1,513.0,513.0,76190.0000328127,76193.0,0.9999994524708168,2.0,0.0,1.0,0,0.0,1,0.0,0.0,0.2,76190.0,0.0,0.0,0.0,0.0,0.9543547286433487
514,1,514.0,514.0,9.0,9.0,0.9429541672723838,9.0,0.0,0.0,1,0.0,1,0.0,0.0,0.4,0.0,0.0,0.0,0.0,0.0,0.9467484647114063
515,1,515.0,515.0,1.4142135623730951,2.0,0.8660254037844387,1.0,0.0,0.0,1,1.0,0,0.0,0.0,0.2,0.0,0.0,0.0,0.0,0.0,0.9432831432331458
516,1,516.0,516.0,10402.00129782726,10409.0,-0.0748079430823698,5.0,0.0,1.0,0,1.0,0,0.0,0.0,0.0,10402.0,0.0,0.0,0.0,0.0,0.9665195820769344
517,1,517.0,517.0,2.449489742783178,4.0,0.9941348467724342,2.0,0.0,1.0,0,1.0,0,0.0,0.0,0.0,0.0,0.0,0.0,0.0,0.0,0.9690304333653744
518,1,518.0,518.0,47112.000042452026,47114.0,-0.0982777608813583,2.0,0.0,0.0,1,0.0,1,0.0,0.0,0.4,47112.0,0.0,0.0,0.0,0.0,0.9631156460979673
519,1,519.0,519.0,77303.00000646805,77304.0,-0.0956512862077463,0.0,1.0,0.0,1,1.0,0,0.0,0.0,0.4,77303.0,0.0,0.0,0.0,0.0,0.9623810183806438
520,1,520.0,520.0,7.14142842854285,9.0,0.816496580927726,7.0,0.0,1.0,0,1.0,0,0.0,0.0,0.0,0.0,0.0,0.0,0.0,0.0,0.9653524847634919
521,1,521.0,521.0,45014.00027769138,45019.0,0.9999344262507962,5.0,0.0,0.0,1,0.0,1,0.0,0.0,0.4,45014.0,0.0,0.0,0.0,0.0,0.8786712220753244
522,1,522.0,522.0,5.196152422706632,7.0,0.0,5.0,0.0,1.0,0,1.0,0,0.0,0.0,0.0,0.0,0.0,0.0,0.0,0.0,0.9565044296051718
523,1,523.0,523.0,2.23606797749979,3.0,0.9890939683907076,2.0,0.0,0.0,1,1.0,0,0.0,0.0,0.2,0.0,0.0,0.0,0.0,0.0,0.9467844807990443
524,1,524.0,524.0,46512.00006449949,46516.0,-0.0884551945733094,2.0,0.0,1.0,0,1.0,0,0.0,0.0,0.0,46512.0,0.0,0.0,0.0,0.0,0.9688904932764428
525,1,525.0,525.0,1.4142135623730951,2.0,0.9622504486493764,1.0,0.0,0.0,1,1.0,0,0.0,0.0,0.2,0.0,0.0,0.0,0.0,0.0,0.9472423850593739
526,1,526.0,526.0,41002.00060972635,41010.0,-0.0760986490806734,7.0,0.0,1.0,0,0.0,1,0.0,0.0,0.2,41002.0,0.0,0.0,0.0,0.0,0.9687288119738847
527,1,527.0,527.0,3.1622776601683795,4.0,0.9920930482734592,3.0,0.0,0.0,1,1.0,0,0.0,0.0,0.2,0.0,0.0,0.0,0.0,0.0,0.9637094975613851
528,1,528.0,528.0,32582.000076729484,32585.0,0.9999998085319785,2.0,0.0,1.0,0,0.0,1,0.0,0.0,0.2,32582.0,0.0,0.0,0.0,0.0,0.9646196712832676
529,1,529.0,529.0,2.0,2.0,0.9990248656871404,2.0,0.0,0.0,1,0.0,1,0.0,0.0,0.4,0.0,0.0,0.0,0.0,0.0,0.07105733776291641
530,1,530.0,530.0,42903.00005827098,42906.0,-0.0746928516218432,2.0,0.0,0.0,1,1.0,0,0.0,0.0,0.2,42903.0,0.0,0.0,0.0,0.0,0.9688615547275389
531,1,531.0,531.0,1.4142135623730951,2.0,1.0,0.0,0.0,1.0,0,1.0,0,0.0,0.0,0.0,0.0,0.0,0.0,0.0,0.0,0.9595515952920187
532,1,532.0,532.0,21.213203435596427,28.0,0.999999996464262,7.0,0.0,0.0,1,1.0,0,0.0,0.0,0.2,20.0,0.0,0.0,0.0,0.0,0.8466302252220274
533,1,533.0,533.0,1.0,1.0,0.995403900013586,0.0,1.0,0.0,1,1.0,0,0.0,0.0,0.4,0.0,0.0,0.0,0.0,0.0,0.9109637200671864
534,1,534.0,534.0,4.242640687119285,6.0,0.975342893301088,4.0,0.0,1.0,0,1.0,0,0.0,0.0,0.0,0.0,0.0,0.0,0.0,0.0,0.9689202893220218
535,1,535.0,535.0,4.123105625617661,5.0,0.9401267913629436,4.0,0.0,0.0,1,1.0,0,0.0,0.0,0.2,0.0,0.0,0.0,0.0,0.0,0.9659289800754994
536,1,536.0,536.0,6.082762530298219,7.0,0.95480527676127,6.0,0.0,0.0,1,1.0,0,0.0,0.0,0.2,0.0,0.0,0.0,0.0,0.0,0.9683757676007838
537,1,537.0,537.0,8.602325267042627,12.0,0.8093829222005104,8.0,0.0,3.0,0,1.0,0,0.0,0.0,0.0,0.0,0.0,0.0,0.0,0.0,0.8061885465411355
538,1,538.0,538.0,5.477225575051661,8.0,0.6666666666666666,5.0,0.0,2.0,0,1.0,0,0.0,0.0,0.0,0.0,0.0,0.0,0.0,0.0,0.9072602852074532
539,1,539.0,539.0,1.4142135623730951,2.0,0.9883720930232558,0.0,1.0,1.0,0,1.0,0,0.0,0.0,0.2,0.0,0.0,0.0,0.0,0.0,0.9689192306334928
540,1,540.0,540.0,2.0,2.0,0.9979402655783318,2.0,0.0,0.0,1,0.0,1,0.0,0.0,0.4,0.0,0.0,0.0,0.0,0.0,0.09410354496187573
541,1,541.0,541.0,78301.00000638561,78302.0,-0.0969859315045416,1.0,0.0,0.0,1,0.0,1,0.0,0.0,0.4,78301.0,0.0,0.0,0.0,0.0,0.9666570048414136
542,1,542.0,542.0,2.23606797749979,3.0,0.997733059582132,2.0,0.0,0.0,1,1.0,0,0.0,0.0,0.2,0.0,0.0,0.0,0.0,0.0,0.9645921182877383
543,1,543.0,543.0,5.0990195135927845,6.0,0.985056581721225,5.0,0.0,0.0,1,1.0,0,0.0,0.0,0.2,0.0,0.0,0.0,0.0,0.0,0.9685642591360426
544,1,544.0,544.0,4.0,4.0,0.9978684405404064,4.0,0.0,0.0,1,0.0,1,0.0,0.0,0.4,0.0,0.0,0.0,0.0,0.0,0.6840690857718831
545,1,545.0,545.0,1.0,1.0,0.9486832980505138,0.0,0.0,1.0,0,0.0,1,0.0,0.0,0.2,0.0,0.0,0.0,0.0,0.0,0.9641301673644533
546,1,546.0,546.0,5.0990195135927845,8.0,0.9210518958842316,4.0,0.0,3.0,0,1.0,0,0.0,0.0,0.0,0.0,0.0,0.0,0.0,0.0,0.9653383700084385
547,1,547.0,547.0,47814.00150583509,47826.0,-0.5773261004073045,12.0,0.0,0.0,1,0.0,1,0.0,0.0,0.4,47814.0,0.0,0.0,0.0,0.0,0.9635818483732462
548,1,548.0,548.0,3.0,3.0,0.9718447714777032,0.0,1.0,3.0,0,0.0,1,0.0,0.0,0.4,0.0,0.0,0.0,0.0,0.0,0.8961037258087127
549,1,549.0,549.0,46308.0010905243,46319.0,-0.2884132973452833,10.0,0.0,1.0,0,0.0,1,0.0,0.0,0.2,46308.0,0.0,0.0,0.0,0.0,0.9677798629247486
550,1,550.0,550.0,9.055385138137416,10.0,0.988287185004892,9.0,0.0,0.0,1,1.0,0,0.0,0.0,0.2,0.0,0.0,0.0,0.0,0.0,0.9418291073385197
551,1,551.0,551.0,44298.00030475416,44305.0,0.99999999699857,5.0,0.0,1.0,0,1.0,0,0.0,0.0,0.0,44298.0,0.0,0.0,0.0,0.0,0.9683286353098807
552,1,552.0,552.0,36079.00037417888,36086.0,0.999999999204226,5.0,0.0,1.0,0,1.0,0,0.0,0.0,0.0,36079.0,0.0,0.0,0.0,0.0,0.9687700898317094
553,1,553.0,553.0,11.445523142259598,15.0,0.9502621934663978,11.0,0.0,3.0,0,1.0,0,0.0,0.0,0.0,0.0,0.0,0.0,0.0,0.0,0.8063676170133797
554,1,554.0,554.0,35990.00023617672,35995.0,0.9999999987222176,4.0,0.0,0.0,1,1.0,0,0.0,0.0,0.2,35990.0,0.0,0.0,0.0,0.0,0.9670217345111195
555,1,555.0,555.0,1.4142135623730951,2.0,0.8333333333333334,0.0,1.0,1.0,0,1.0,0,0.0,0.0,0.2,0.0,0.0,0.0,0.0,0.0,0.9599444866960631
556,1,556.0,556.0,3.3166247903554,5.0,0.9913694342812616,3.0,0.0,1.0,0,1.0,0,0.0,0.0,0.0,0.0,0.0,0.0,0.0,0.0,0.9689029793564418
557,1,557.0,557.0,1.4142135623730951,2.0,0.9975513188954508,1.0,0.0,0.0,1,1.0,0,0.0,0.0,0.2,0.0,0.0,0.0,0.0,0.0,0.9638762818365679
558,1,558.0,558.0,82114.00012178191,82120.0,-0.1083225676379024,4.0,0.0,2.0,0,0.0,1,0.0,0.0,0.2,82114.0,0.0,0.0,0.0,0.0,0.9623131080889555
559,1,559.0,559.0,7.615773105863909,10.0,0.7126966450997984,7.0,0.0,3.0,0,0.0,1,0.0,0.0,0.2,0.0,0.0,0.0,0.0,0.0,0.8869486720737333
560,1,560.0,560.0,13.07669683062202,15.0,0.1356127007241621,13.0,0.0,1.0,0,1.0,0,0.0,0.0,0.0,0.0,0.0,0.0,0.0,0.0,0.9138167646268851
561,1,561.0,561.0,49223.0001726835,49228.0,-0.1310850155726335,4.0,0.0,0.0,1,1.0,0,0.0,0.0,0.2,49223.0,0.0,0.0,0.0,0.0,0.969168978694821
562,1,562.0,562.0,1.0,1.0,0.9961473712924414,0.0,1.0,0.0,1,1.0,0,0.0,0.0,0.4,0.0,0.0,0.0,0.0,0.0,0.9388419942312952
563,1,563.0,563.0,14102.001311870596,14109.0,-0.1304031261052236,6.0,0.0,1.0,0,0.0,1,0.0,0.0,0.2,14102.0,0.0,0.0,0.0,0.0,0.9688503240407567
564,1,564.0,564.0,1.4142135623730951,2.0,0.996765700247014,1.0,0.0,0.0,1,1.0,0,0.0,0.0,0.2,0.0,0.0,0.0,0.0,0.0,0.9645931798995254
565,1,565.0,565.0,3.741657386773941,6.0,0.9613982246195844,2.0,0.0,3.0,0,1.0,0,0.0,0.0,0.0,0.0,0.0,0.0,0.0,0.0,0.9593401478566972
566,1,566.0,566.0,2.23606797749979,3.0,0.9945274832335644,2.0,0.0,1.0,0,0.0,1,0.0,0.0,0.2,0.0,0.0,0.0,0.0,0.0,0.9654758198032857
567,1,567.0,567.0,8230.00103280674,8235.0,0.9999999977513186,4.0,0.0,1.0,0,0.0,1,0.0,0.0,0.2,8230.0,0.0,0.0,0.0,0.0,0.8682965464143003
568,1,568.0,568.0,6.082762530298219,7.0,0.0710669054518701,6.0,0.0,1.0,0,0.0,1,0.0,0.0,0.2,0.0,0.0,0.0,0.0,0.0,0.9249362348990599
569,1,569.0,569.0,27332.000018293576,27333.0,-0.0744732361631141,0.0,1.0,1.0,0,0.0,1,0.0,0.0,0.4,27332.0,0.0,0.0,0.0,0.0,0.9571013450294893
570,1,570.0,570.0,7.071067811865476,8.0,0.9791300486523296,7.0,0.0,0.0,1,1.0,0,0.0,0.0,0.2,0.0,0.0,0.0,0.0,0.0,0.9680941247313225
571,1,571.0,571.0,0.0,0.0,1.0,0.0,1.0,0.0,1,0.0,1,0.0,0.0,0.6,0.0,0.0,0.0,0.0,0.0,0.16319007826771129
572,1,572.0,572.0,41004.00001219393,41005.0,-0.1384991791504215,0.0,1.0,1.0,0,0.0,1,0.0,0.0,0.4,41004.0,0.0,0.0,0.0,0.0,0.9596739937392328
573,1,573.0,573.0,1.4142135623730951,2.0,0.9912407071619304,1.0,0.0,1.0,0,0.0,1,0.0,0.0,0.2,0.0,0.0,0.0,0.0,0.0,0.9493325453360631
574,1,574.0,574.0,13.038404810405298,14.0,0.6922935180190629,13.0,0.0,0.0,1,1.0,0,0.0,0.0,0.2,0.0,0.0,0.0,0.0,0.0,0.9503539349855529
575,1,575.0,575.0,2.23606797749979,3.0,0.9934225958834144,2.0,0.0,0.0,1,1.0,0,0.0,0.0,0.2,0.0,0.0,0.0,0.0,0.0,0.9651414695618935
576,1,576.0,576.0,16.278820596099706,19.0,0.8899935330882369,16.0,0.0,3.0,0,0.0,1,0.0,0.0,0.2,0.0,0.0,0.0,0.0,0.0,0.9348852254473495
577,1,577.0,577.0,52102.0,52102.0,0.999999989045454,0.0,1.0,0.0,1,0.0,1,0.0,0.0,0.6,52102.0,0.0,0.0,0.0,0.0,0.49057310376439883
578,1,578.0,578.0,10508.00190331159,10516.0,-0.1183510848278204,6.0,0.0,2.0,0,0.0,1,0.0,0.0,0.2,10508.0,0.0,0.0,0.0,0.0,0.9583432050589346
579,1,579.0,579.0,6.082762530298219,7.0,0.7795794428691073,6.0,0.0,0.0,1,1.0,0,0.0,0.0,0.2,0.0,0.0,0.0,0.0,0.0,0.9651182092308862
580,1,580.0,580.0,1.4142135623730951,2.0,0.9929145645409454,1.0,0.0,1.0,0,0.0,1,0.0,0.0,0.2,0.0,0.0,0.0,0.0,0.0,0.9495252730480455
581,1,581.0,581.0,3.0,3.0,0.9987677136415694,3.0,0.0,0.0,1,0.0,1,0.0,0.0,0.4,0.0,0.0,0.0,0.0,0.0,0.04913000720794408
582,1,582.0,582.0,44006.000022724176,44008.0,0.9999998017757122,1.0,0.0,0.0,1,1.0,0,0.0,0.0,0.2,44006.0,0.0,0.0,0.0,0.0,0.9537022929991498
583,1,583.0,583.0,5.916079783099616,9.0,0.8675328468813838,5.0,0.0,3.0,0,1.0,0,0.0,0.0,0.0,0.0,0.0,0.0,0.0,0.0,0.9536610151963947
584,1,584.0,584.0,6.082762530298219,7.0,0.9459922805717786,6.0,0.0,1.0,0,0.0,1,0.0,0.0,0.2,0.0,0.0,0.0,0.0,0.0,0.9636344464344787
585,1,585.0,585.0,6.164414002968976,8.0,0.99462313021445,6.0,0.0,1.0,0,1.0,0,0.0,0.0,0.0,0.0,0.0,0.0,0.0,0.0,0.968807492834958
586,1,586.0,586.0,0.0,0.0,1.0,0.0,1.0,0.0,1,0.0,1,0.0,0.0,0.6,0.0,0.0,0.0,0.0,0.0,0.16319007826771129
587,1,587.0,587.0,5.0,5.0,0.9974086507360695,5.0,0.0,0.0,1,0.0,1,0.0,0.0,0.4,0.0,0.0,0.0,0.0,0.0,0.9168371595430513
588,1,588.0,588.0,1.7320508075688772,3.0,0.9945813044586096,1.0,0.0,1.0,0,1.0,0,0.0,0.0,0.0,0.0,0.0,0.0,0.0,0.0,0.9688886450122247
589,1,589.0,589.0,71112.00037968275,71122.0,0.9999999178118758,7.0,0.0,2.0,0,1.0,0,0.0,0.0,0.0,71112.0,0.0,0.0,0.0,0.0,0.9625188284599938
590,1,590.0,590.0,52071.00015363638,52075.0,0.999999972391634,4.0,0.0,0.0,1,0.0,1,0.0,0.0,0.4,52071.0,0.0,0.0,0.0,0.0,0.9131736833422476
591,1,591.0,591.0,5.196152422706632,7.0,0.9515226836973144,5.0,0.0,1.0,0,1.0,0,0.0,0.0,0.0,0.0,0.0,0.0,0.0,0.0,0.9686474516441573
592,1,592.0,592.0,1.0,1.0,0.9999202901437496,1.0,0.0,0.0,1,0.0,1,0.0,0.0,0.4,0.0,0.0,0.0,0.0,0.0,0.9124734831032569
593,1,593.0,593.0,7.14142842854285,9.0,0.9572518457526564,7.0,0.0,1.0,0,1.0,0,0.0,0.0,0.0,0.0,0.0,0.0,0.0,0.0,0.9682647619822614
594,1,594.0,594.0,66123.00000756167,66124.0,-0.0806618068734095,0.0,1.0,0.0,1,1.0,0,0.0,0.0,0.4,66123.0,0.0,0.0,0.0,0.0,0.9616756379251238
595,1,595.0,595.0,7287.000343076704,7290.0,0.9999999996670136,2.0,0.0,0.0,1,1.0,0,0.0,0.0,0.2,7287.0,0.0,0.0,0.0,0.0,0.7451178090769757
596,1,596.0,596.0,6.082762530298219,7.0,0.95480527676127,6.0,0.0,0.0,1,1.0,0,0.0,0.0,0.2,0.0,0.0,0.0,0.0,0.0,0.9683757676007838
597,1,597.0,597.0,1.0,1.0,0.9961473712924414,0.0,1.0,1.0,0,0.0,1,0.0,0.0,0.4,0.0,0.0,0.0,0.0,0.0,0.9014320181656039
598,1,598.0,598.0,10.04987562112089,11.0,0.9688274404877578,10.0,0.0,1.0,0,0.0,1,0.0,0.0,0.2,0.0,0.0,0.0,0.0,0.0,0.9591635814529114
599,1,599.0,599.0,84941.00000588644,84942.0,0.9999615423474324,0.0,1.0,0.0,1,1.0,0,0.0,0.0,0.4,84941.0,0.0,0.0,0.0,0.0,0.9590249945993046
600,1,600.0,600.0,96093.00025496134,96100.0,-0.3162211834924862,7.0,0.0,0.0,1,0.0,1,0.0,0.0,0.4,96093.0,0.0,0.0,0.0,0.0,0.964248491073325
601,1,601.0,601.0,2.23606797749979,3.0,0.9893579801288096,2.0,0.0,1.0,0,0.0,1,0.0,0.0,0.2,0.0,0.0,0.0,0.0,0.0,0.9559288744965286
602,1,602.0,602.0,49223.0000203157,49225.0,-0.0955958174244357,1.0,0.0,0.0,1,1.0,0,0.0,0.0,0.2,49223.0,0.0,0.0,0.0,0.0,0.9689896431019059
603,1,603.0,603.0,1.4142135623730951,2.0,0.9930739280865574,1.0,0.0,1.0,0,0.0,1,0.0,0.0,0.2,0.0,0.0,0.0,0.0,0.0,0.9495252730480455
604,1,604.0,604.0,2119.0,2119.0,0.9999999999561828,0.0,1.0,0.0,1,0.0,1,0.0,0.0,0.6,2119.0,0.0,0.0,0.0,0.0,0.3192203545733213
605,1,605.0,605.0,3.741657386773941,6.0,0.9728557981918609,3.0,0.0,2.0,0,1.0,0,0.0,0.0,0.0,0.0,0.0,0.0,0.0,0.0,0.9516238081186293
606,1,606.0,606.0,5.0990195135927845,6.0,0.985056581721225,5.0,0.0,1.0,0,0.0,1,0.0,0.0,0.2,0.0,0.0,0.0,0.0,0.0,0.9674397137634689
607,1,607.0,607.0,1.4142135623730951,2.0,0.9929145645409454,1.0,0.0,0.0,1,1.0,0,0.0,0.0,0.2,0.0,0.0,0.0,0.0,0.0,0.9385760807646801
608,1,608.0,608.0,3.1622776601683795,4.0,0.927156518610985,0.0,1.0,3.0,0,1.0,0,0.0,0.0,0.2,0.0,0.0,0.0,0.0,0.0,0.9670528195030158
609,1,609.0,609.0,49223.000010157855,49224.0,-0.0969253367779887,0.0,1.0,1.0,0,0.0,1,0.0,0.0,0.4,49223.0,0.0,0.0,0.0,0.0,0.9639642644189547
610,1,610.0,610.0,86110.00000580652,86111.0,-0.0754418993193564,0.0,1.0,1.0,0,0.0,1,0.0,0.0,0.4,86110.0,0.0,0.0,0.0,0.0,0.9661238931416842
611,1,611.0,611.0,2.23606797749979,3.0,0.9934225958834144,2.0,0.0,0.0,1,1.0,0,0.0,0.0,0.2,0.0,0.0,0.0,0.0,0.0,0.9651414695618935
612,1,612.0,612.0,79905.00005631687,79910.0,-0.0837574484300693,2.0,0.0,2.0,0,1.0,0,0.0,0.0,0.0,79905.0,0.0,0.0,0.0,0.0,0.9537274644329328
613,1,613.0,613.0,13.038404810405298,14.0,-0.1986798535597564,13.0,0.0,1.0,0,0.0,1,0.0,0.0,0.2,0.0,0.0,0.0,0.0,0.0,0.9495911763687629
614,1,614.0,614.0,83571.00000598293,83572.0,0.9999993920729362,0.0,1.0,0.0,1,1.0,0,0.0,0.0,0.4,83571.0,0.0,0.0,0.0,0.0,0.9568449241555174
615,1,615.0,615.0,47798.00151679984,47811.0,0.9999991087948644,12.0,0.0,1.0,0,0.0,1,0.0,0.0,0.2,47798.0,0.0,0.0,0.0,0.0,0.962166796379873
616,1,616.0,616.0,2.23606797749979,3.0,0.9945274832335644,2.0,0.0,0.0,1,1.0,0,0.0,0.0,0.2,0.0,0.0,0.0,0.0,0.0,0.9668806986282176
617,1,617.0,617.0,6.164414002968976,8.0,0.9800587292677736,6.0,0.0,1.0,0,1.0,0,0.0,0.0,0.0,0.0,0.0,0.0,0.0,0.0,0.969029722907539
618,1,618.0,618.0,1.4142135623730951,2.0,0.996765700247014,1.0,0.0,1.0,0,0.0,1,0.0,0.0,0.2,0.0,0.0,0.0,0.0,0.0,0.965564784386781
619,1,619.0,619.0,32931.000015183265,32932.0,0.9999999374096544,0.0,1.0,0.0,1,1.0,0,0.0,0.0,0.4,32931.0,0.0,0.0,0.0,0.0,0.91749451603099
620,1,620.0,620.0,3.3166247903554,5.0,0.959759918866168,3.0,0.0,1.0,0,1.0,0,0.0,0.0,0.0,0.0,0.0,0.0,0.0,0.0,0.9689029793564418
621,1,621.0,621.0,2.23606797749979,3.0,0.9968853604350144,2.0,0.0,1.0,0,0.0,1,0.0,0.0,0.2,0.0,0.0,0.0,0.0,0.0,0.9652707795333745
622,1,622.0,622.0,8.06225774829855,9.0,0.9669875568304565,8.0,0.0,1.0,0,0.0,1,0.0,0.0,0.2,0.0,0.0,0.0,0.0,0.0,0.9615123925964834
623,1,623.0,623.0,23960.00010434057,23963.0,-0.0820551761508288,2.0,0.0,1.0,0,0.0,1,0.0,0.0,0.2,23960.0,0.0,0.0,0.0,0.0,0.968020842977002
624,1,624.0,624.0,1.0,1.0,0.995403900013586,0.0,1.0,0.0,1,1.0,0,0.0,0.0,0.4,0.0,0.0,0.0,0.0,0.0,0.9109637200671864
625,1,625.0,625.0,5.196152422706632,7.0,0.999229286976064,5.0,0.0,1.0,0,1.0,0,0.0,0.0,0.0,0.0,0.0,0.0,0.0,0.0,0.9663594631624758
626,1,626.0,626.0,3.3166247903554,5.0,0.7878385971583353,1.0,0.0,3.0,0,1.0,0,0.0,0.0,0.0,0.0,0.0,0.0,0.0,0.0,0.9579299029020624
627,1,627.0,627.0,4.358898943540674,7.0,0.7229702797545335,3.0,0.0,3.0,0,1.0,0,0.0,0.0,0.0,0.0,0.0,0.0,0.0,0.0,0.9367263914663493
628,1,628.0,628.0,37023.00035113308,37029.0,0.9999992911445542,5.0,0.0,1.0,0,0.0,1,0.0,0.0,0.2,37023.0,0.0,0.0,0.0,0.0,0.9651845422867953
629,1,629.0,629.0,1.0,1.0,0.99527361120337,0.0,1.0,1.0,0,0.0,1,0.0,0.0,0.4,0.0,0.0,0.0,0.0,0.0,0.8829418110404031
630,1,630.0,630.0,9.0,9.0,0.994716722647115,9.0,0.0,0.0,1,0.0,1,0.0,0.0,0.4,0.0,0.0,0.0,0.0,0.0,0.9376653841750727
631,1,631.0,631.0,3.0,3.0,0.9974086507360695,3.0,0.0,0.0,1,0.0,1,0.0,0.0,0.4,0.0,0.0,0.0,0.0,0.0,0.6201509760217592
632,1,632.0,632.0,2.449489742783178,4.0,0.9542374472273958,2.0,0.0,1.0,0,1.0,0,0.0,0.0,0.0,0.0,0.0,0.0,0.0,0.0,0.9685668319724527
633,1,633.0,633.0,36997.00006757305,37000.0,0.9999999889549638,2.0,0.0,1.0,0,0.0,1,0.0,0.0,0.2,36997.0,0.0,0.0,0.0,0.0,0.9651284403745599
634,1,634.0,634.0,1.0,1.0,0.9971874207623967,0.0,1.0,1.0,0,0.0,1,0.0,0.0,0.4,0.0,0.0,0.0,0.0,0.0,0.9202186168730533
635,1,635.0,635.0,47114.0021012862,47130.0,-0.3780366607740797,14.0,0.0,1.0,0,1.0,0,0.0,0.0,0.0,47114.0,0.0,0.0,0.0,0.0,0.9650582239766337
636,1,636.0,636.0,2.449489742783178,4.0,0.9927901006295572,2.0,0.0,1.0,0,1.0,0,0.0,0.0,0.0,0.0,0.0,0.0,0.0,0.0,0.9690304333653744
637,1,637.0,637.0,10.04987562112089,11.0,0.9688274404877578,10.0,0.0,0.0,1,1.0,0,0.0,0.0,0.2,0.0,0.0,0.0,0.0,0.0,0.9414096353615856
638,1,638.0,638.0,84121.00060032571,84132.0,-0.1888070002639528,10.0,0.0,0.0,1,1.0,0,0.0,0.0,0.2,84121.0,0.0,0.0,0.0,0.0,0.9669917623571923
639,1,639.0,639.0,84111.00001188905,84113.0,-0.0814923958129389,1.0,0.0,0.0,1,1.0,0,0.0,0.0,0.2,84111.0,0.0,0.0,0.0,0.0,0.9685038032150883
640,1,640.0,640.0,8.0,8.0,0.9944564319562568,8.0,0.0,0.0,1,0.0,1,0.0,0.0,0.4,0.0,0.0,0.0,0.0,0.0,0.9295898818076692
641,1,641.0,641.0,10.0,10.0,0.8914849883204186,10.0,0.0,0.0,1,0.0,1,0.0,0.0,0.4,0.0,0.0,0.0,0.0,0.0,0.9146212961323626
642,1,642.0,642.0,1.0,1.0,0.9486832980505138,0.0,0.0,1.0,0,0.0,1,0.0,0.0,0.2,0.0,0.0,0.0,0.0,0.0,0.9641301673644533
643,1,643.0,643.0,6.082762530298219,7.0,0.9459922805717786,6.0,0.0,0.0,1,1.0,0,0.0,0.0,0.2,0.0,0.0,0.0,0.0,0.0,0.967885913251964
644,1,644.0,644.0,66000.00037878788,66008.0,0.9999999498170684,7.0,0.0,0.0,1,1.0,0,0.0,0.0,0.2,66000.0,0.0,0.0,0.0,0.0,0.9678244291523673
645,1,645.0,645.0,47712.00051349765,47719.0,-0.1488024889971997,7.0,0.0,0.0,1,0.0,1,0.0,0.0,0.4,47712.0,0.0,0.0,0.0,0.0,0.9654560205378959
646,1,646.0,646.0,6.082762530298219,7.0,0.7856742013183862,6.0,0.0,0.0,1,1.0,0,0.0,0.0,0.2,0.0,0.0,0.0,0.0,0.0,0.9652629042495011
647,1,647.0,647.0,4.242640687119285,6.0,0.956182887467515,3.0,0.0,3.0,0,0.0,1,0.0,0.0,0.2,0.0,0.0,0.0,0.0,0.0,0.9569952036120716
648,1,648.0,648.0,3.0,3.0,0.9935983409176492,3.0,0.0,0.0,1,0.0,1,0.0,0.0,0.4,0.0,0.0,0.0,0.0,0.0,0.49385371667226674
649,1,649.0,649.0,1.0,1.0,0.9961473712924414,0.0,1.0,0.0,1,1.0,0,0.0,0.0,0.4,0.0,0.0,0.0,0.0,0.0,0.9388419942312952
650,1,650.0,650.0,13219.00034041909,13222.0,0.9999999998512266,3.0,0.0,0.0,1,0.0,1,0.0,0.0,0.4,13219.0,0.0,0.0,0.0,0.0,0.11243046998795658
651,1,651.0,651.0,3.1622776601683795,4.0,0.97711095200001,3.0,0.0,1.0,0,0.0,1,0.0,0.0,0.2,0.0,0.0,0.0,0.0,0.0,0.9666821282290942
652,1,652.0,652.0,47114.00028653904,47121.0,-0.0896692222900394,5.0,0.0,1.0,0,1.0,0,0.0,0.0,0.0,47114.0,0.0,0.0,0.0,0.0,0.969155023359789
653,1,653.0,653.0,5.0990195135927845,8.0,0.997458699830735,4.0,0.0,3.0,0,1.0,0,0.0,0.0,0.0,0.0,0.0,0.0,0.0,0.0,0.9632265594648558
654,1,654.0,654.0,0.0,0.0,1.0,0.0,0.0,0.0,1,0.0,1,0.0,0.0,0.4,0.0,0.0,0.0,0.0,0.0,0.07475133151412182
655,1,655.0,655.0,38511.000025966605,38513.0,0.9999997141109328,1.0,0.0,1.0,0,0.0,1,0.0,0.0,0.2,38511.0,0.0,0.0,0.0,0.0,0.9603482060940527
656,1,656.0,656.0,1.0,1.0,0.9995837668914376,1.0,0.0,0.0,1,0.0,1,0.0,0.0,0.4,0.0,0.0,0.0,0.0,0.0,0.6533131604875203
657,1,657.0,657.0,49233.00002031158,49235.0,-0.0983467958659791,1.0,0.0,1.0,0,0.0,1,0.0,0.0,0.2,49233.0,0.0,0.0,0.0,0.0,0.968667872895308
658,1,658.0,658.0,14110.000318922746,14113.0,-0.0742200325062401,3.0,0.0,0.0,1,0.0,1,0.0,0.0,0.4,14110.0,0.0,0.0,0.0,0.0,0.9497708166047145
659,1,659.0,659.0,47599.00002100885,47601.0,-0.0805700482332856,1.0,0.0,1.0,0,0.0,1,0.0,0.0,0.2,47599.0,0.0,0.0,0.0,0.0,0.9685155667735117
660,1,660.0,660.0,14106.003048347891,14118.0,-0.0514594025400834,9.0,0.0,2.0,0,1.0,0,0.0,0.0,0.0,14106.0,0.0,0.0,0.0,0.0,0.9374853452420773
661,1,661.0,661.0,7.14142842854285,9.0,0.2434322477800738,7.0,0.0,1.0,0,1.0,0,0.0,0.0,0.0,0.0,0.0,0.0,0.0,0.0,0.9563881287653371
662,1,662.0,662.0,3999.010127519059,4008.0,0.9999998445537857,9.0,0.0,0.0,1,0.0,1,0.0,0.0,0.4,3999.0,0.0,0.0,0.0,0.0,0.3343426289833
663,1,663.0,663.0,3.0,3.0,0.9847319278346618,3.0,0.0,0.0,1,0.0,1,0.0,0.0,0.4,0.0,0.0,0.0,0.0,0.0,0.19997173082731054
664,1,664.0,664.0,52181.00077614457,52190.0,0.9999999946103888,9.0,0.0,0.0,1,0.0,1,0.0,0.0,0.4,52181.0,0.0,0.0,0.0,0.0,0.9169658307041934
665,1,665.0,665.0,7.14142842854285,9.0,0.8834522085987724,7.0,0.0,1.0,0,1.0,0,0.0,0.0,0.0,0.0,0.0,0.0,0.0,0.0,0.9628136490383984
666,1,666.0,666.0,60138.00000831421,60139.0,0.9999999809383044,1.0,0.0,0.0,1,0.0,1,0.0,0.0,0.4,60138.0,0.0,0.0,0.0,0.0,0.8886587428074337
667,1,667.0,667.0,2.23606797749979,3.0,0.9890939683907076,2.0,0.0,0.0,1,1.0,0,0.0,0.0,0.2,0.0,0.0,0.0,0.0,0.0,0.9467844807990443
668,1,668.0,668.0,18116.000055199824,18118.0,-0.0965709460013544,0.0,1.0,1.0,0,1.0,0,0.0,0.0,0.2,18116.0,0.0,0.0,0.0,0.0,0.9681790750131182
669,1,669.0,669.0,9.055385138137416,10.0,0.1472642081021448,9.0,0.0,0.0,1,1.0,0,0.0,0.0,0.2,0.0,0.0,0.0,0.0,0.0,0.860858262297843
670,1,670.0,670.0,4.47213595499958,6.0,0.9908673886137246,4.0,0.0,2.0,0,0.0,1,0.0,0.0,0.2,0.0,0.0,0.0,0.0,0.0,0.9634014249665466
671,1,671.0,671.0,78101.0000576177,78104.0,-0.0969606929303255,3.0,0.0,0.0,1,0.0,1,0.0,0.0,0.4,78101.0,0.0,0.0,0.0,0.0,0.9674968659423221
672,1,672.0,672.0,3.605551275463989,5.0,0.9743412473512648,3.0,0.0,2.0,0,0.0,1,0.0,0.0,0.2,0.0,0.0,0.0,0.0,0.0,0.9656443608787112
673,1,673.0,673.0,74473.00000671385,74474.0,0.9999996537346484,1.0,0.0,0.0,1,0.0,1,0.0,0.0,0.4,74473.0,0.0,0.0,0.0,0.0,0.9404422842539045
674,1,674.0,674.0,43222.00005784092,43225.0,-0.11680825854144,2.0,0.0,0.0,1,1.0,0,0.0,0.0,0.2,43222.0,0.0,0.0,0.0,0.0,0.9690707098713799
675,1,675.0,675.0,5.0,5.0,0.9960181413884412,5.0,0.0,0.0,1,0.0,1,0.0,0.0,0.4,0.0,0.0,0.0,0.0,0.0,0.9264052977039005
676,1,676.0,676.0,1.4142135623730951,2.0,0.9944006848884333,0.0,1.0,1.0,0,1.0,0,0.0,0.0,0.2,0.0,0.0,0.0,0.0,0.0,0.9685598064258606
677,1,677.0,677.0,5.0990195135927845,6.0,0.9984749778712736,5.0,0.0,1.0,0,0.0,1,0.0,0.0,0.2,0.0,0.0,0.0,0.0,0.0,0.950985804729457
678,1,678.0,678.0,46308.00006478362,46312.0,-0.0884539590403292,2.0,0.0,1.0,0,1.0,0,0.0,0.0,0.0,46308.0,0.0,0.0,0.0,0.0,0.9688904932764428
679,1,679.0,679.0,51704.000087033884,51707.0,0.9999999825399843,3.0,0.0,0.0,1,0.0,1,0.0,0.0,0.4,51704.0,0.0,0.0,0.0,0.0,0.9105602448046278
680,1,680.0,680.0,3.1622776601683795,4.0,0.9983364571961496,3.0,0.0,1.0,0,0.0,1,0.0,0.0,0.2,0.0,0.0,0.0,0.0,0.0,0.9283694151891595
681,1,681.0,681.0,10.04987562112089,11.0,0.9600156738532384,10.0,0.0,1.0,0,0.0,1,0.0,0.0,0.2,0.0,0.0,0.0,0.0,0.0,0.9591635814529114
682,1,682.0,682.0,3811.00118079226,3814.0,0.999999996122669,3.0,0.0,0.0,1,0.0,1,0.0,0.0,0.4,3811.0,0.0,0.0,0.0,0.0,0.04007582608435612
683,1,683.0,683.0,1.4142135623730951,2.0,0.996709240304503,1.0,0.0,1.0,0,0.0,1,0.0,0.0,0.2,0.0,0.0,0.0,0.0,0.0,0.965203652333773
684,1,684.0,684.0,8.06225774829855,9.0,0.7470873676376284,8.0,0.0,0.0,1,1.0,0,0.0,0.0,0.2,0.0,0.0,0.0,0.0,0.0,0.9593294988000336
685,1,685.0,685.0,47114.00027592648,47120.0,-0.3779484259476509,5.0,0.0,1.0,0,0.0,1,0.0,0.0,0.2,47114.0,0.0,0.0,0.0,0.0,0.9678342335547224
686,1,686.0,686.0,85102.0,85102.0,-0.0747972742722613,0.0,1.0,0.0,1,0.0,1,0.0,0.0,0.6,85102.0,0.0,0.0,0.0,0.0,0.9452019808731525
687,1,687.0,687.0,55102.001107037846,55114.0,-0.5000635110713345,11.0,0.0,1.0,0,0.0,1,0.0,0.0,0.2,55102.0,0.0,0.0,0.0,0.0,0.9671377939076525
688,1,688.0,688.0,1.0,1.0,0.9486832980505138,0.0,0.0,1.0,0,0.0,1,0.0,0.0,0.2,0.0,0.0,0.0,0.0,0.0,0.9641301673644533
689,1,689.0,689.0,1.4142135623730951,2.0,0.8,0.0,0.0,1.0,0,1.0,0,0.0,0.0,0.0,0.0,0.0,0.0,0.0,0.0,0.9661759846239967
690,1,690.0,690.0,3.0,3.0,0.8981462390204986,0.0,1.0,3.0,0,0.0,1,0.0,0.0,0.4,0.0,0.0,0.0,0.0,0.0,0.8114337706490451
691,1,691.0,691.0,47114.00026531392,47119.0,-0.0754180027304121,5.0,0.0,0.0,1,0.0,1,0.0,0.0,0.4,47114.0,0.0,0.0,0.0,0.0,0.9645504083991532
692,1,692.0,692.0,41004.00020729685,41009.0,-0.0747283239335465,4.0,0.0,0.0,1,1.0,0,0.0,0.0,0.2,41004.0,0.0,0.0,0.0,0.0,0.9690586125735763
693,1,693.0,693.0,97007.00002061708,97009.0,-0.2773043521188267,2.0,0.0,0.0,1,0.0,1,0.0,0.0,0.4,97007.0,0.0,0.0,0.0,0.0,0.964765374220105
694,1,694.0,694.0,1.0,1.0,0.99527361120337,0.0,1.0,0.0,1,1.0,0,0.0,0.0,0.4,0.0,0.0,0.0,0.0,0.0,0.8904801863640471
695,1,695.0,695.0,4.242640687119285,6.0,0.9986310739646674,4.0,0.0,1.0,0,1.0,0,0.0,0.0,0.0,0.0,0.0,0.0,0.0,0.0,0.9685722602816492
696,1,696.0,696.0,15.033296378372908,16.0,0.931517508007696,15.0,0.0,1.0,0,0.0,1,0.0,0.0,0.2,0.0,0.0,0.0,0.0,0.0,0.9652594991589741
697,1,697.0,697.0,29302.000085318406,29305.0,-0.0872597958702314,2.0,0.0,0.0,1,1.0,0,0.0,0.0,0.2,29302.0,0.0,0.0,0.0,0.0,0.9686762283229081
698,1,698.0,698.0,1.0,1.0,0.9971874207623967,0.0,1.0,1.0,0,0.0,1,0.0,0.0,0.4,0.0,0.0,0.0,0.0,0.0,0.9202186168730533
699,1,699.0,699.0,20236.00064241944,20242.0,-0.0950441738541374,5.0,0.0,1.0,0,0.0,1,0.0,0.0,0.2,20236.0,0.0,0.0,0.0,0.0,0.9680994487026079
700,1,700.0,700.0,35227.00007096829,35230.0,0.9999998092501604,2.0,0.0,1.0,0,0.0,1,0.0,0.0,0.2,35227.0,0.0,0.0,0.0,0.0,0.9661767036327951
701,1,701.0,701.0,17007.000058799316,17009.0,0.9999999112161932,1.0,0.0,0.0,1,1.0,0,0.0,0.0,0.2,17007.0,0.0,0.0,0.0,0.0,0.9179545302785264
702,1,702.0,702.0,10.099504938362076,12.0,0.9510482393775768,10.0,0.0,1.0,0,1.0,0,0.0,0.0,0.0,0.0,0.0,0.0,0.0,0.0,0.9538091602693957
703,1,703.0,703.0,2.0,2.0,0.9992990141526302,2.0,0.0,0.0,1,0.0,1,0.0,0.0,0.4,0.0,0.0,0.0,0.0,0.0,0.0779745472731763
704,1,704.0,704.0,86103.00571989342,86146.0,-0.3780083458531871,16.0,0.0,0.0,1,0.0,1,0.0,0.0,0.4,86103.0,0.0,0.0,0.0,0.0,0.9660032546929859
705,1,705.0,705.0,11.04536101718726,12.0,0.9901918752075446,11.0,0.0,0.0,1,1.0,0,0.0,0.0,0.2,0.0,0.0,0.0,0.0,0.0,0.9622165281952647
706,1,706.0,706.0,31007.00080626954,31015.0,-0.0984280575061884,7.0,0.0,1.0,0,0.0,1,0.0,0.0,0.2,31007.0,0.0,0.0,0.0,0.0,0.9689428124575943
707,1,707.0,707.0,11.04536101718726,12.0,-0.2829582292090551,11.0,0.0,0.0,1,1.0,0,0.0,0.0,0.2,0.0,0.0,0.0,0.0,0.0,0.9422890506394652
708,1,708.0,708.0,3.1622776601683795,4.0,0.9983364571961496,3.0,0.0,1.0,0,0.0,1,0.0,0.0,0.2,0.0,0.0,0.0,0.0,0.0,0.9283694151891595
709,1,709.0,709.0,1.0,1.0,0.99672724786712,0.0,1.0,1.0,0,0.0,1,0.0,0.0,0.4,0.0,0.0,0.0,0.0,0.0,0.9103491074578942
710,1,710.0,710.0,11.04536101718726,12.0,0.1889822365046136,11.0,0.0,1.0,0,0.0,1,0.0,0.0,0.2,0.0,0.0,0.0,0.0,0.0,0.9314033744905189
711,1,711.0,711.0,3.1622776601683795,4.0,0.9697902230190246,1.0,0.0,3.0,0,0.0,1,0.0,0.0,0.2,0.0,0.0,0.0,0.0,0.0,0.9545609680808864
712,1,712.0,712.0,44208.00057681868,44217.0,0.9999999991316388,7.0,0.0,1.0,0,1.0,0,0.0,0.0,0.0,44208.0,0.0,0.0,0.0,0.0,0.968289393828802
713,1,713.0,713.0,32815.00001523693,32816.0,0.9999999975850709,0.0,1.0,0.0,1,1.0,0,0.0,0.0,0.4,32815.0,0.0,0.0,0.0,0.0,0.9096182426731557
714,1,714.0,714.0,7.14142842854285,9.0,0.9990248656871404,7.0,0.0,1.0,0,1.0,0,0.0,0.0,0.0,0.0,0.0,0.0,0.0,0.0,0.9674554781365036
715,1,715.0,715.0,8.0,8.0,0.986040754703977,8.0,0.0,0.0,1,0.0,1,0.0,0.0,0.4,0.0,0.0,0.0,0.0,0.0,0.9443477356346358
716,1,716.0,716.0,2.449489742783178,4.0,0.9962725072187498,2.0,0.0,1.0,0,1.0,0,0.0,0.0,0.0,0.0,0.0,0.0,0.0,0.0,0.9690304333653744
717,1,717.0,717.0,9.0,9.0,0.9658342616078198,9.0,0.0,0.0,1,0.0,1,0.0,0.0,0.4,0.0,0.0,0.0,0.0,0.0,0.9464421125752986
718,1,718.0,718.0,96011.00004686962,96014.0,-0.0754866027359075,3.0,0.0,0.0,1,0.0,1,0.0,0.0,0.4,96011.0,0.0,0.0,0.0,0.0,0.9663646504365242
719,1,719.0,719.0,3.0,3.0,0.9941348467724342,3.0,0.0,0.0,1,0.0,1,0.0,0.0,0.4,0.0,0.0,0.0,0.0,0.0,0.5056570747781576
720,1,720.0,720.0,46244.00006487328,46248.0,0.9999642169743784,2.0,0.0,1.0,0,1.0,0,0.0,0.0,0.0,46244.0,0.0,0.0,0.0,0.0,0.9678327156532486
721,1,721.0,721.0,5.196152422706632,7.0,0.9739145163179628,5.0,0.0,1.0,0,1.0,0,0.0,0.0,0.0,0.0,0.0,0.0,0.0,0.0,0.9690232585327507
722,1,722.0,722.0,4.242640687119285,6.0,0.9986310739646674,4.0,0.0,1.0,0,1.0,0,0.0,0.0,0.0,0.0,0.0,0.0,0.0,0.0,0.9685722602816492
723,1,723.0,723.0,47599.00016807076,47603.0,-0.1540926291816016,4.0,0.0,0.0,1,0.0,1,0.0,0.0,0.4,47599.0,0.0,0.0,0.0,0.0,0.9644727202393358
724,1,724.0,724.0,1.7320508075688772,3.0,0.9924305700863824,1.0,0.0,1.0,0,1.0,0,0.0,0.0,0.0,0.0,0.0,0.0,0.0,0.0,0.9689212155775037
725,1,725.0,725.0,2.23606797749979,3.0,0.997733059582132,2.0,0.0,1.0,0,0.0,1,0.0,0.0,0.2,0.0,0.0,0.0,0.0,0.0,0.9639240724200375
726,1,726.0,726.0,7.0,7.0,0.9601302410323386,7.0,0.0,0.0,1,0.0,1,0.0,0.0,0.4,0.0,0.0,0.0,0.0,0.0,0.9241658289860525
727,1,727.0,727.0,43302.00058888734,43311.0,-0.3779819264167228,7.0,0.0,1.0,0,1.0,0,0.0,0.0,0.0,43302.0,0.0,0.0,0.0,0.0,0.9647878923375344
728,1,728.0,728.0,10.04987562112089,11.0,0.8273960227720374,10.0,0.0,1.0,0,0.0,1,0.0,0.0,0.2,0.0,0.0,0.0,0.0,0.0,0.9363289876614891
729,1,729.0,729.0,1.0,1.0,0.9486832980505138,0.0,0.0,1.0,0,0.0,1,0.0,0.0,0.2,0.0,0.0,0.0,0.0,0.0,0.9641301673644533
730,1,730.0,730.0,1.4142135623730951,2.0,0.9975761839560976,1.0,0.0,1.0,0,0.0,1,0.0,0.0,0.2,0.0,0.0,0.0,0.0,0.0,0.9628948231965057
731,1,731.0,731.0,2.23606797749979,3.0,0.9945274832335644,2.0,0.0,1.0,0,0.0,1,0.0,0.0,0.2,0.0,0.0,0.0,0.0,0.0,0.9654758198032857
732,1,732.0,732.0,64192.00029598704,64200.0,-0.1069790938992532,6.0,0.0,1.0,0,1.0,0,0.0,0.0,0.0,64192.0,0.0,0.0,0.0,0.0,0.9682330593406254
733,1,733.0,733.0,23933.00020891656,23937.0,-0.0515234029233622,3.0,0.0,0.0,1,1.0,0,0.0,0.0,0.2,23933.0,0.0,0.0,0.0,0.0,0.9686103936210902
734,1,734.0,734.0,4.123105625617661,5.0,0.9816135651097472,4.0,0.0,0.0,1,1.0,0,0.0,0.0,0.2,0.0,0.0,0.0,0.0,0.0,0.9684089518144129
735,1,735.0,735.0,1.0,1.0,0.9914601339836672,1.0,0.0,0.0,1,0.0,1,0.0,0.0,0.4,0.0,0.0,0.0,0.0,0.0,0.12693595952168393
736,1,736.0,736.0,49223.00018284135,49229.0,-0.0754070670019528,4.0,0.0,1.0,0,1.0,0,0.0,0.0,0.0,49223.0,0.0,0.0,0.0,0.0,0.9688965979690377
737,1,737.0,737.0,71110.00009140768,71115.0,0.9999998335872676,3.0,0.0,2.0,0,0.0,1,0.0,0.0,0.2,71110.0,0.0,0.0,0.0,0.0,0.9567863227526369
738,1,738.0,738.0,3.3166247903554,5.0,0.9973353024433178,3.0,0.0,1.0,0,1.0,0,0.0,0.0,0.0,0.0,0.0,0.0,0.0,0.0,0.9688293706188658
739,1,739.0,739.0,14.071247279470288,16.0,0.7186460007486221,14.0,0.0,1.0,0,1.0,0,0.0,0.0,0.0,0.0,0.0,0.0,0.0,0.0,0.9430684694364656
740,1,740.0,740.0,16.0312195418814,17.0,0.8765230646861664,16.0,0.0,1.0,0,0.0,1,0.0,0.0,0.2,0.0,0.0,0.0,0.0,0.0,0.957129975061415
741,1,741.0,741.0,14102.001772798074,14110.0,-0.0745066633676969,7.0,0.0,1.0,0,0.0,1,0.0,0.0,0.2,14102.0,0.0,0.0,0.0,0.0,0.9687151577182017
742,1,742.0,742.0,4299.000232612229,4301.0,0.9999999986723548,1.0,0.0,1.0,0,0.0,1,0.0,0.0,0.2,4299.0,0.0,0.0,0.0,0.0,0.6597512888688407
743,1,743.0,743.0,5.196152422706632,7.0,0.9994838709333602,5.0,0.0,1.0,0,1.0,0,0.0,0.0,0.0,0.0,0.0,0.0,0.0,0.0,0.9667672915199509
744,1,744.0,744.0,46522.00002149521,46524.0,-0.0753117804467666,0.0,1.0,1.0,0,1.0,0,0.0,0.0,0.2,46522.0,0.0,0.0,0.0,0.0,0.9691157980961268
745,1,745.0,745.0,7988.000125187781,7990.0,0.999999998836545,0.0,1.0,1.0,0,1.0,0,0.0,0.0,0.2,7988.0,0.0,0.0,0.0,0.0,0.8593675695347617
746,1,746.0,746.0,47960.000479566304,47970.0,0.999979831729808,6.0,0.0,3.0,0,1.0,0,0.0,0.0,0.0,47960.0,0.0,0.0,0.0,0.0,0.9549037554189597
747,1,747.0,747.0,47112.00002122601,47114.0,-0.088481369563975,1.0,0.0,1.0,0,0.0,1,0.0,0.0,0.2,47112.0,0.0,0.0,0.0,0.0,0.9684765143687462
748,1,748.0,748.0,1.7320508075688772,3.0,0.9909862423925142,1.0,0.0,1.0,0,1.0,0,0.0,0.0,0.0,0.0,0.0,0.0,0.0,0.0,0.9689212155775037
749,1,749.0,749.0,3.1622776601683795,4.0,0.927156518610985,0.0,1.0,3.0,0,1.0,0,0.0,0.0,0.2,0.0,0.0,0.0,0.0,0.0,0.9670528195030158
750,1,750.0,750.0,2.23606797749979,3.0,0.9665639347932146,0.0,1.0,2.0,0,1.0,0,0.0,0.0,0.2,0.0,0.0,0.0,0.0,0.0,0.9679468105203348
751,1,751.0,751.0,7.071067811865476,8.0,0.9258200997725514,7.0,0.0,1.0,0,0.0,1,0.0,0.0,0.2,0.0,0.0,0.0,0.0,0.0,0.9673319727564911
752,1,752.0,752.0,6596.003790174776,6604.0,0.9999999909216316,7.0,0.0,0.0,1,1.0,0,0.0,0.0,0.2,6596.0,0.0,0.0,0.0,0.0,0.8677202756437118
753,1,753.0,753.0,99999.00002500023,100002.0,-0.188948218889424,2.0,0.0,1.0,0,0.0,1,0.0,0.0,0.2,99999.0,0.0,0.0,0.0,0.0,0.9435013672856475
754,1,754.0,754.0,56308.000044398665,56311.0,-0.3779309096411041,2.0,0.0,1.0,0,0.0,1,0.0,0.0,0.2,56308.0,0.0,0.0,0.0,0.0,0.9635918347280653
755,1,755.0,755.0,10714.000280007464,10718.0,-0.0865022694697199,2.0,0.0,1.0,0,1.0,0,0.0,0.0,0.0,10714.0,0.0,0.0,0.0,0.0,0.966486662003137
756,1,756.0,756.0,3.3166247903554,5.0,0.9345507010964664,1.0,0.0,3.0,0,1.0,0,0.0,0.0,0.0,0.0,0.0,0.0,0.0,0.0,0.9657885810626506
757,1,757.0,757.0,86102.00028454623,86109.0,-0.1541546021680939,7.0,0.0,0.0,1,0.0,1,0.0,0.0,0.4,86102.0,0.0,0.0,0.0,0.0,0.9675373182367034
758,1,758.0,758.0,2.23606797749979,3.0,0.997733059582132,2.0,0.0,1.0,0,0.0,1,0.0,0.0,0.2,0.0,0.0,0.0,0.0,0.0,0.9639240724200375
759,1,759.0,759.0,84121.00005943819,84125.0,-0.0969750175179986,3.0,0.0,1.0,0,0.0,1,0.0,0.0,0.2,84121.0,0.0,0.0,0.0,0.0,0.9686887371444318
760,1,760.0,760.0,84121.00000594382,84122.0,-0.0815166806295177,1.0,0.0,0.0,1,0.0,1,0.0,0.0,0.4,84121.0,0.0,0.0,0.0,0.0,0.966778933901157
761,1,761.0,761.0,1.7320508075688772,3.0,0.9938249838352888,1.0,0.0,1.0,0,1.0,0,0.0,0.0,0.0,0.0,0.0,0.0,0.0,0.0,0.9689212155775037
762,1,762.0,762.0,3.741657386773941,6.0,0.7597371763975863,3.0,0.0,2.0,0,1.0,0,0.0,0.0,0.0,0.0,0.0,0.0,0.0,0.0,0.9233722039099069
763,1,763.0,763.0,85493.00099423344,85507.0,-0.3333099353640589,13.0,0.0,0.0,1,1.0,0,0.0,0.0,0.2,85493.0,0.0,0.0,0.0,0.0,0.9640566428767402
764,1,764.0,764.0,12.041594578792296,13.0,-0.1797212886723973,12.0,0.0,1.0,0,0.0,1,0.0,0.0,0.2,0.0,0.0,0.0,0.0,0.0,0.950829988999662
765,1,765.0,765.0,12.0,12.0,0.5570860145311557,12.0,0.0,0.0,1,0.0,1,0.0,0.0,0.4,0.0,0.0,0.0,0.0,0.0,0.9581531385246688
766,1,766.0,766.0,2.23606797749979,3.0,0.9715041043243724,1.0,0.0,2.0,0,0.0,1,0.0,0.0,0.2,0.0,0.0,0.0,0.0,0.0,0.961314599817383
767,1,767.0,767.0,2.449489742783178,4.0,0.986870327590338,2.0,0.0,1.0,0,1.0,0,0.0,0.0,0.0,0.0,0.0,0.0,0.0,0.0,0.9690304333653744
768,1,768.0,768.0,7.071067811865476,8.0,0.9791300486523296,7.0,0.0,1.0,0,0.0,1,0.0,0.0,0.2,0.0,0.0,0.0,0.0,0.0,0.9681324685015947
769,1,769.0,769.0,1.0,1.0,0.9486832980505138,0.0,0.0,0.0,1,1.0,0,0.0,0.0,0.2,0.0,0.0,0.0,0.0,0.0,0.9488007076930405
770,1,770.0,770.0,1.4142135623730951,2.0,1.0,0.0,0.0,1.0,0,1.0,0,0.0,0.0,0.0,0.0,0.0,0.0,0.0,0.0,0.9595515952920187
771,1,771.0,771.0,18983.003239740545,18996.0,0.9999999222757742,11.0,0.0,1.0,0,1.0,0,0.0,0.0,0.0,18983.0,0.0,0.0,0.0,0.0,0.9678346189005097
772,1,772.0,772.0,1.4142135623730951,2.0,0.9923448088115436,0.0,1.0,1.0,0,1.0,0,0.0,0.0,0.2,0.0,0.0,0.0,0.0,0.0,0.9686790342344692
773,1,773.0,773.0,2.23606797749979,3.0,0.9959873727522464,2.0,0.0,0.0,1,1.0,0,0.0,0.0,0.2,0.0,0.0,0.0,0.0,0.0,0.9667017709071143
774,1,774.0,774.0,85071.00038203383,85080.0,0.9999743869240598,8.0,0.0,0.0,1,1.0,0,0.0,0.0,0.2,85071.0,0.0,0.0,0.0,0.0,0.9649618569902846
775,1,775.0,775.0,1132.044168749612,1142.0,-0.0785574422831687,10.0,0.0,0.0,1,0.0,1,0.0,0.0,0.4,1132.0,0.0,0.0,0.0,0.0,0.9260018815315147
776,1,776.0,776.0,19099.00002617938,19100.0,0.9999999967162008,1.0,0.0,0.0,1,0.0,1,0.0,0.0,0.4,19099.0,0.0,0.0,0.0,0.0,0.04220860356209024
777,1,777.0,777.0,2.23606797749979,3.0,0.9915372244226288,2.0,0.0,0.0,1,1.0,0,0.0,0.0,0.2,0.0,0.0,0.0,0.0,0.0,0.962689070197674
778,1,778.0,778.0,7.0,7.0,0.8962214298964417,7.0,0.0,0.0,1,0.0,1,0.0,0.0,0.4,0.0,0.0,0.0,0.0,0.0,0.933181159388298
779,1,779.0,779.0,38580.00047952306,38587.0,0.9999999993194636,6.0,0.0,0.0,1,1.0,0,0.0,0.0,0.2,38580.0,0.0,0.0,0.0,0.0,0.9655412378414757
780,1,780.0,780.0,47798.000020921376,47800.0,0.9999997948830942,1.0,0.0,1.0,0,0.0,1,0.0,0.0,0.2,47798.0,0.0,0.0,0.0,0.0,0.9618335837909912
781,1,781.0,781.0,1.4142135623730951,2.0,0.8,0.0,0.0,1.0,0,1.0,0,0.0,0.0,0.0,0.0,0.0,0.0,0.0,0.0,0.9661759846239967
782,1,782.0,782.0,1.4142135623730951,2.0,0.9961359100851456,1.0,0.0,1.0,0,0.0,1,0.0,0.0,0.2,0.0,0.0,0.0,0.0,0.0,0.963617114649507
783,1,783.0,783.0,85493.00002924216,85496.0,-0.0875529425569021,2.0,0.0,0.0,1,1.0,0,0.0,0.0,0.2,85493.0,0.0,0.0,0.0,0.0,0.9675891751507913
784,1,784.0,784.0,1.4142135623730951,2.0,1.0,0.0,0.0,1.0,0,1.0,0,0.0,0.0,0.0,0.0,0.0,0.0,0.0,0.0,0.9595515952920187
785,1,785.0,785.0,6.0,6.0,0.9967105174025308,6.0,0.0,0.0,1,0.0,1,0.0,0.0,0.4,0.0,0.0,0.0,0.0,0.0,0.7530685325147409
786,1,786.0,786.0,3.0,3.0,0.9981149841863164,3.0,0.0,0.0,1,0.0,1,0.0,0.0,0.4,0.0,0.0,0.0,0.0,0.0,0.08784850481710167
787,1,787.0,787.0,6.082762530298219,7.0,0.9740016268915244,6.0,0.0,1.0,0,0.0,1,0.0,0.0,0.2,0.0,0.0,0.0,0.0,0.0,0.9653093955620776
788,1,788.0,788.0,2.449489742783178,4.0,0.9710568665124318,1.0,0.0,2.0,0,1.0,0,0.0,0.0,0.0,0.0,0.0,0.0,0.0,0.0,0.9682799996231085
789,1,789.0,789.0,55102.000027222246,55105.0,-0.0753733892381345,1.0,0.0,1.0,0,1.0,0,0.0,0.0,0.0,55102.0,0.0,0.0,0.0,0.0,0.968076289096094
790,1,790.0,790.0,4.0,4.0,0.9941348467724342,4.0,0.0,0.0,1,0.0,1,0.0,0.0,0.4,0.0,0.0,0.0,0.0,0.0,0.9178126347146711
791,1,791.0,791.0,7.0,7.0,0.9601302410323386,7.0,0.0,0.0,1,0.0,1,0.0,0.0,0.4,0.0,0.0,0.0,0.0,0.0,0.9241658289860525
792,1,792.0,792.0,1.7320508075688772,3.0,0.9924305700863824,1.0,0.0,1.0,0,1.0,0,0.0,0.0,0.0,0.0,0.0,0.0,0.0,0.0,0.9689212155775037
793,1,793.0,793.0,36770.0,36770.0,0.999999745273722,0.0,1.0,0.0,1,0.0,1,0.0,0.0,0.6,36770.0,0.0,0.0,0.0,0.0,0.14210907394337102
794,1,794.0,794.0,85212.00021710557,85219.0,-0.1070338475963086,6.0,0.0,1.0,0,0.0,1,0.0,0.0,0.2,85212.0,0.0,0.0,0.0,0.0,0.9682859692844721
795,1,795.0,795.0,2.23606797749979,3.0,0.9893579801288096,2.0,0.0,0.0,1,1.0,0,0.0,0.0,0.2,0.0,0.0,0.0,0.0,0.0,0.950044109599805
796,1,796.0,796.0,3.3166247903554,5.0,0.997059336102278,3.0,0.0,1.0,0,1.0,0,0.0,0.0,0.0,0.0,0.0,0.0,0.0,0.0,0.9688293706188658
797,1,797.0,797.0,2.8284271247461903,4.0,0.9773756483025025,2.0,0.0,2.0,0,0.0,1,0.0,0.0,0.2,0.0,0.0,0.0,0.0,0.0,0.9630014219391599
798,1,798.0,798.0,1.7320508075688772,3.0,0.9924305700863824,1.0,0.0,1.0,0,1.0,0,0.0,0.0,0.0,0.0,0.0,0.0,0.0,0.0,0.9689212155775037
799,1,799.0,799.0,64911.00001540571,64913.0,-0.0760625077261289,1.0,0.0,1.0,0,0.0,1,0.0,0.0,0.2,64911.0,0.0,0.0,0.0,0.0,0.9681836538697753
800,1,800.0,800.0,3.1622776601683795,4.0,0.8339503888294594,3.0,0.0,0.0,1,1.0,0,0.0,0.0,0.2,0.0,0.0,0.0,0.0,0.0,0.9332126472445007
801,1,801.0,801.0,1.0,1.0,0.9486832980505138,0.0,0.0,1.0,0,0.0,1,0.0,0.0,0.2,0.0,0.0,0.0,0.0,0.0,0.9641301673644533
802,1,802.0,802.0,3.1622776601683795,4.0,0.9869072350796488,3.0,0.0,1.0,0,0.0,1,0.0,0.0,0.2,0.0,0.0,0.0,0.0,0.0,0.9668035101373341
803,1,803.0,803.0,82901.0,82901.0,0.9999998017376442,0.0,1.0,0.0,1,0.0,1,0.0,0.0,0.6,82901.0,0.0,0.0,0.0,0.0,0.7797235111245086
804,1,804.0,804.0,47114.00011673813,47119.0,-0.1346281772771813,3.0,0.0,1.0,0,1.0,0,0.0,0.0,0.0,47114.0,0.0,0.0,0.0,0.0,0.9689907004718843
805,1,805.0,805.0,3.3166247903554,5.0,0.9971423977140678,3.0,0.0,1.0,0,1.0,0,0.0,0.0,0.0,0.0,0.0,0.0,0.0,0.0,0.9688293706188658
806,1,806.0,806.0,6.082762530298219,7.0,0.9290920037581024,6.0,0.0,0.0,1,1.0,0,0.0,0.0,0.2,0.0,0.0,0.0,0.0,0.0,0.9675257699033931
807,1,807.0,807.0,49223.000010157855,49224.0,-0.0983267395989651,0.0,1.0,1.0,0,0.0,1,0.0,0.0,0.4,49223.0,0.0,0.0,0.0,0.0,0.9639642644189547
808,1,808.0,808.0,56107.00009802698,56112.0,-0.0760671749209775,3.0,0.0,1.0,0,1.0,0,0.0,0.0,0.0,56107.0,0.0,0.0,0.0,0.0,0.9675394287160556
809,1,809.0,809.0,1.4142135623730951,2.0,0.997213337751108,1.0,0.0,1.0,0,0.0,1,0.0,0.0,0.2,0.0,0.0,0.0,0.0,0.0,0.9641986547685467
810,1,810.0,810.0,5.196152422706632,7.0,0.8359140076371451,5.0,0.0,1.0,0,1.0,0,0.0,0.0,0.0,0.0,0.0,0.0,0.0,0.0,0.9661723211195401
811,1,811.0,811.0,2.0,2.0,0.9864400504156212,2.0,0.0,0.0,1,0.0,1,0.0,0.0,0.4,0.0,0.0,0.0,0.0,0.0,0.10452755984247956
812,1,812.0,812.0,1.4142135623730951,2.0,1.0,0.0,0.0,1.0,0,1.0,0,0.0,0.0,0.0,0.0,0.0,0.0,0.0,0.0,0.9595515952920187
813,1,813.0,813.0,5425.0,5425.0,0.9999999995370054,0.0,1.0,0.0,1,0.0,1,0.0,0.0,0.6,5425.0,0.0,0.0,0.0,0.0,0.38710144909318345
814,1,814.0,814.0,76872.00001300864,76874.0,0.9999998947023706,1.0,0.0,0.0,1,1.0,0,0.0,0.0,0.2,76872.0,0.0,0.0,0.0,0.0,0.9587247122316156
815,1,815.0,815.0,7.071067811865476,8.0,0.9961359100851456,7.0,0.0,0.0,1,1.0,0,0.0,0.0,0.2,0.0,0.0,0.0,0.0,0.0,0.9674717317032281
816,1,816.0,816.0,8.0,8.0,0.8892972917998876,8.0,0.0,0.0,1,0.0,1,0.0,0.0,0.4,0.0,0.0,0.0,0.0,0.0,0.9446367153852169
817,1,817.0,817.0,35300.00002832861,35302.0,0.9999998646423182,1.0,0.0,0.0,1,1.0,0,0.0,0.0,0.2,35300.0,0.0,0.0,0.0,0.0,0.9560557841427237
818,1,818.0,818.0,2.23606797749979,3.0,0.997733059582132,2.0,0.0,0.0,1,1.0,0,0.0,0.0,0.2,0.0,0.0,0.0,0.0,0.0,0.9645921182877383
819,1,819.0,819.0,7.071067811865476,8.0,0.92477409322483,7.0,0.0,0.0,1,1.0,0,0.0,0.0,0.2,0.0,0.0,0.0,0.0,0.0,0.9673935718358798
820,1,820.0,820.0,10.099504938362076,12.0,0.8712239658585909,10.0,0.0,1.0,0,1.0,0,0.0,0.0,0.0,0.0,0.0,0.0,0.0,0.0,0.9351797079627772
821,1,821.0,821.0,1.4142135623730951,2.0,1.0,0.0,0.0,1.0,0,1.0,0,0.0,0.0,0.0,0.0,0.0,0.0,0.0,0.0,0.9595515952920187
822,1,822.0,822.0,4.242640687119285,6.0,0.9902218263964592,4.0,0.0,1.0,0,1.0,0,0.0,0.0,0.0,0.0,0.0,0.0,0.0,0.0,0.9689202893220218
823,1,823.0,823.0,56003.000008928095,56004.0,0.9999999896843426,0.0,1.0,0.0,1,1.0,0,0.0,0.0,0.4,56003.0,0.0,0.0,0.0,0.0,0.9241730874521444
824,1,824.0,824.0,2.23606797749979,3.0,0.9945274832335644,2.0,0.0,1.0,0,0.0,1,0.0,0.0,0.2,0.0,0.0,0.0,0.0,0.0,0.9654758198032857
825,1,825.0,825.0,47112.00019103413,47118.0,-0.0655591424255492,4.0,0.0,1.0,0,1.0,0,0.0,0.0,0.0,47112.0,0.0,0.0,0.0,0.0,0.9688965979690377
826,1,826.0,826.0,2.0,2.0,0.9992990141526302,2.0,0.0,0.0,1,0.0,1,0.0,0.0,0.4,0.0,0.0,0.0,0.0,0.0,0.0779745472731763
827,1,827.0,827.0,46307.00004319001,46309.0,-0.0874197970248982,2.0,0.0,0.0,1,0.0,1,0.0,0.0,0.4,46307.0,0.0,0.0,0.0,0.0,0.9630668148566346
828,1,828.0,828.0,47114.00068981619,47123.0,-0.1887094637973407,8.0,0.0,1.0,0,0.0,1,0.0,0.0,0.2,47114.0,0.0,0.0,0.0,0.0,0.967779790256143
829,1,829.0,829.0,1.0,1.0,0.9486832980505138,0.0,0.0,1.0,0,0.0,1,0.0,0.0,0.2,0.0,0.0,0.0,0.0,0.0,0.9641301673644533
830,1,830.0,830.0,33012.00025748213,33017.0,0.9999997243920542,4.0,0.0,1.0,0,0.0,1,0.0,0.0,0.2,33012.0,0.0,0.0,0.0,0.0,0.9664321237985137
831,1,831.0,831.0,19049.000157488583,19053.0,0.9999998134241402,2.0,0.0,1.0,0,1.0,0,0.0,0.0,0.0,19049.0,0.0,0.0,0.0,0.0,0.9682122509445121
832,1,832.0,832.0,11.04536101718726,12.0,0.8975274678557508,11.0,0.0,0.0,1,1.0,0,0.0,0.0,0.2,0.0,0.0,0.0,0.0,0.0,0.9617120227960011
833,1,833.0,833.0,1.0,1.0,0.9486832980505138,0.0,0.0,1.0,0,0.0,1,0.0,0.0,0.2,0.0,0.0,0.0,0.0,0.0,0.9641301673644533
834,1,834.0,834.0,4765.0,4765.0,0.99999999968024,0.0,1.0,0.0,1,0.0,1,0.0,0.0,0.6,4765.0,0.0,0.0,0.0,0.0,0.3917638585177953
835,1,835.0,835.0,86204.00048141618,86215.0,-0.377850470491696,9.0,0.0,1.0,0,1.0,0,0.0,0.0,0.0,86204.0,0.0,0.0,0.0,0.0,0.9483203522598389
836,1,836.0,836.0,80102.00001248409,80104.0,-0.0896759639765194,1.0,0.0,1.0,0,0.0,1,0.0,0.0,0.2,80102.0,0.0,0.0,0.0,0.0,0.9686016611900667
837,1,837.0,837.0,2.449489742783178,4.0,0.9759000729485332,1.0,0.0,2.0,0,1.0,0,0.0,0.0,0.0,0.0,0.0,0.0,0.0,0.0,0.9682799996231085
838,1,838.0,838.0,8.06225774829855,9.0,0.2553769592276246,8.0,0.0,1.0,0,0.0,1,0.0,0.0,0.2,0.0,0.0,0.0,0.0,0.0,0.9095849162904533
839,1,839.0,839.0,2.23606797749979,3.0,0.9962713411232664,2.0,0.0,0.0,1,1.0,0,0.0,0.0,0.2,0.0,0.0,0.0,0.0,0.0,0.9671850651566573
840,1,840.0,840.0,5.477225575051661,8.0,0.9047619047619048,5.0,0.0,2.0,0,1.0,0,0.0,0.0,0.0,0.0,0.0,0.0,0.0,0.0,0.9625300493542085
841,1,841.0,841.0,35987.00006946953,35990.0,0.9999997384415212,2.0,0.0,0.0,1,1.0,0,0.0,0.0,0.2,35987.0,0.0,0.0,0.0,0.0,0.96143408919295
842,1,842.0,842.0,14102.000177279817,14105.0,-0.0747941084579819,2.0,0.0,0.0,1,1.0,0,0.0,0.0,0.2,14102.0,0.0,0.0,0.0,0.0,0.9679854252338277
843,1,843.0,843.0,1.7320508075688772,3.0,0.991117008818872,1.0,0.0,1.0,0,1.0,0,0.0,0.0,0.0,0.0,0.0,0.0,0.0,0.0,0.9689212155775037
844,1,844.0,844.0,23932.000104462644,23935.0,-0.0804195398536771,2.0,0.0,0.0,1,1.0,0,0.0,0.0,0.2,23932.0,0.0,0.0,0.0,0.0,0.968325142546564
845,1,845.0,845.0,23932.000104462644,23935.0,-0.1190933245675185,2.0,0.0,1.0,0,0.0,1,0.0,0.0,0.2,23932.0,0.0,0.0,0.0,0.0,0.9680962001964947
846,1,846.0,846.0,2.23606797749979,3.0,0.9934225958834144,2.0,0.0,0.0,1,1.0,0,0.0,0.0,0.2,0.0,0.0,0.0,0.0,0.0,0.9651414695618935
847,1,847.0,847.0,7.0,7.0,0.847579379526013,7.0,0.0,0.0,1,0.0,1,0.0,0.0,0.4,0.0,0.0,0.0,0.0,0.0,0.9382829052031031
848,1,848.0,848.0,35201.0,35201.0,-0.0758788643688175,0.0,1.0,0.0,1,0.0,1,0.0,0.0,0.6,35201.0,0.0,0.0,0.0,0.0,0.8512203158574406
849,1,849.0,849.0,7.071067811865476,8.0,0.9860540575353748,7.0,0.0,0.0,1,1.0,0,0.0,0.0,0.2,0.0,0.0,0.0,0.0,0.0,0.9682048874602204
850,1,850.0,850.0,1.0,1.0,0.9486832980505138,0.0,0.0,0.0,1,1.0,0,0.0,0.0,0.2,0.0,0.0,0.0,0.0,0.0,0.9488007076930405
851,1,851.0,851.0,8.602325267042627,12.0,0.9851611736172186,8.0,0.0,3.0,0,1.0,0,0.0,0.0,0.0,0.0,0.0,0.0,0.0,0.0,0.8527794382706956
852,1,852.0,852.0,36002.00005555247,36004.0,-0.0727656739841986,0.0,1.0,2.0,0,0.0,1,0.0,0.0,0.4,36002.0,0.0,0.0,0.0,0.0,0.9559539335380518
853,1,853.0,853.0,68105.0000146832,68107.0,-0.0760555927962987,0.0,1.0,1.0,0,1.0,0,0.0,0.0,0.2,68105.0,0.0,0.0,0.0,0.0,0.9680274351854772
854,1,854.0,854.0,1.4142135623730951,2.0,0.8,0.0,0.0,1.0,0,1.0,0,0.0,0.0,0.0,0.0,0.0,0.0,0.0,0.0,0.9661759846239967
855,1,855.0,855.0,46622.00038608382,46628.0,-0.0886214498826494,6.0,0.0,0.0,1,0.0,1,0.0,0.0,0.4,46622.0,0.0,0.0,0.0,0.0,0.965757881703197
856,1,856.0,856.0,81293.00002460237,81295.0,-0.0956789416441792,2.0,0.0,0.0,1,0.0,1,0.0,0.0,0.4,81293.0,0.0,0.0,0.0,0.0,0.9674672122026609
857,1,857.0,857.0,5.0990195135927845,6.0,0.9912407071619304,5.0,0.0,0.0,1,1.0,0,0.0,0.0,0.2,0.0,0.0,0.0,0.0,0.0,0.9685642591360426
858,1,858.0,858.0,4.0,4.0,0.9941037221861876,4.0,0.0,0.0,1,0.0,1,0.0,0.0,0.4,0.0,0.0,0.0,0.0,0.0,0.9057084493456832
859,1,859.0,859.0,2.23606797749979,3.0,0.9858435728860858,2.0,0.0,1.0,0,0.0,1,0.0,0.0,0.2,0.0,0.0,0.0,0.0,0.0,0.9523921122199256
860,1,860.0,860.0,9.219544457292889,11.0,0.9090648228942844,9.0,0.0,2.0,0,0.0,1,0.0,0.0,0.2,0.0,0.0,0.0,0.0,0.0,0.9149514853283529
861,1,861.0,861.0,14202.000035206309,14203.0,-0.0740294833784038,0.0,1.0,0.0,1,1.0,0,0.0,0.0,0.4,14202.0,0.0,0.0,0.0,0.0,0.8672284902253562
862,1,862.0,862.0,4.0,4.0,0.9978684405404064,4.0,0.0,0.0,1,0.0,1,0.0,0.0,0.4,0.0,0.0,0.0,0.0,0.0,0.6840690857718831
863,1,863.0,863.0,5.196152422706632,7.0,0.9739145163179628,5.0,0.0,1.0,0,1.0,0,0.0,0.0,0.0,0.0,0.0,0.0,0.0,0.0,0.9690232585327507
864,1,864.0,864.0,3.1622776601683795,4.0,0.9823845301506764,3.0,0.0,0.0,1,1.0,0,0.0,0.0,0.2,0.0,0.0,0.0,0.0,0.0,0.9612696827431345
865,1,865.0,865.0,3.1622776601683795,4.0,0.9920930482734592,3.0,0.0,1.0,0,0.0,1,0.0,0.0,0.2,0.0,0.0,0.0,0.0,0.0,0.9668276932764135
866,1,866.0,866.0,3.1622776601683795,4.0,0.9899578728414428,3.0,0.0,0.0,1,1.0,0,0.0,0.0,0.2,0.0,0.0,0.0,0.0,0.0,0.9632658173207286
867,1,867.0,867.0,6.082762530298219,7.0,0.9990040867543858,6.0,0.0,1.0,0,0.0,1,0.0,0.0,0.2,0.0,0.0,0.0,0.0,0.0,0.9250744397345599
868,1,868.0,868.0,10802.013377144096,10819.0,0.9999999808011206,17.0,0.0,0.0,1,0.0,1,0.0,0.0,0.4,10802.0,0.0,0.0,0.0,0.0,0.5133769326101425
869,1,869.0,869.0,14.0,14.0,-0.2475937842360691,14.0,0.0,0.0,1,0.0,1,0.0,0.0,0.4,0.0,0.0,0.0,0.0,0.0,0.9544859987182296
870,1,870.0,870.0,1.4142135623730951,2.0,0.9953413992085698,1.0,0.0,0.0,1,1.0,0,0.0,0.0,0.2,0.0,0.0,0.0,0.0,0.0,0.9411521063971348
871,1,871.0,871.0,1.0,1.0,0.9999035670544244,1.0,0.0,0.0,1,0.0,1,0.0,0.0,0.4,0.0,0.0,0.0,0.0,0.0,0.9133013635834527
872,1,872.0,872.0,7.071067811865476,8.0,0.9773756483025025,7.0,0.0,0.0,1,1.0,0,0.0,0.0,0.2,0.0,0.0,0.0,0.0,0.0,0.9680941247313225
873,1,873.0,873.0,12.0,12.0,0.8811342210628017,12.0,0.0,0.0,1,0.0,1,0.0,0.0,0.4,0.0,0.0,0.0,0.0,0.0,0.9582748325024112
874,1,874.0,874.0,84111.00072523214,84123.0,-0.2130334170766885,11.0,0.0,1.0,0,0.0,1,0.0,0.0,0.2,84111.0,0.0,0.0,0.0,0.0,0.9663013424478377
875,1,875.0,875.0,3.1622776601683795,4.0,0.8893517313513328,0.0,1.0,3.0,0,1.0,0,0.0,0.0,0.2,0.0,0.0,0.0,0.0,0.0,0.9667159425395923
876,1,876.0,876.0,9.0,9.0,0.984731927834662,9.0,0.0,0.0,1,0.0,1,0.0,0.0,0.4,0.0,0.0,0.0,0.0,0.0,0.9484468479989449
877,1,877.0,877.0,41002.00012194527,41006.0,-0.0875047234445267,3.0,0.0,0.0,1,1.0,0,0.0,0.0,0.2,41002.0,0.0,0.0,0.0,0.0,0.9690586125735763
878,1,878.0,878.0,2.449489742783178,4.0,0.995863477615015,2.0,0.0,1.0,0,1.0,0,0.0,0.0,0.0,0.0,0.0,0.0,0.0,0.0,0.9689139422967257
879,1,879.0,879.0,62008.00100793445,62021.0,0.9999997779766536,11.0,0.0,2.0,0,0.0,1,0.0,0.0,0.2,62008.0,0.0,0.0,0.0,0.0,0.9587291363986621
880,1,880.0,880.0,1.4142135623730951,2.0,0.9975513188954508,1.0,0.0,0.0,1,1.0,0,0.0,0.0,0.2,0.0,0.0,0.0,0.0,0.0,0.9638762818365679
881,1,881.0,881.0,2.23606797749979,3.0,0.9934225958834144,2.0,0.0,1.0,0,0.0,1,0.0,0.0,0.2,0.0,0.0,0.0,0.0,0.0,0.9653761475481176
882,1,882.0,882.0,1.7320508075688772,3.0,0.9946368807782032,1.0,0.0,1.0,0,1.0,0,0.0,0.0,0.0,0.0,0.0,0.0,0.0,0.0,0.9687771838751962
883,1,883.0,883.0,24103.000539351942,24109.0,0.99999990945532,1.0,0.0,5.0,0,0.0,1,0.0,0.0,0.2,24103.0,0.0,0.0,0.0,0.0,0.9362407745422826
884,1,884.0,884.0,1.4142135623730951,2.0,1.0,0.0,0.0,1.0,0,1.0,0,0.0,0.0,0.0,0.0,0.0,0.0,0.0,0.0,0.9595515952920187
885,1,885.0,885.0,5.0,5.0,0.9922017587677991,5.0,0.0,0.0,1,0.0,1,0.0,0.0,0.4,0.0,0.0,0.0,0.0,0.0,0.9384698309019811
886,1,886.0,886.0,1.7320508075688772,3.0,0.9891004919611718,1.0,0.0,1.0,0,1.0,0,0.0,0.0,0.0,0.0,0.0,0.0,0.0,0.0,0.9689212155775037
887,1,887.0,887.0,15122.002182250868,15132.0,-0.257567024655867,8.0,0.0,1.0,0,1.0,0,0.0,0.0,0.0,15122.0,0.0,0.0,0.0,0.0,0.9654746761397061
888,1,888.0,888.0,13707.000364777115,13711.0,0.999944357825326,3.0,0.0,0.0,1,1.0,0,0.0,0.0,0.2,13707.0,0.0,0.0,0.0,0.0,0.9370702744200002
889,1,889.0,889.0,13.0,13.0,0.9876723103952408,13.0,0.0,0.0,1,0.0,1,0.0,0.0,0.4,0.0,0.0,0.0,0.0,0.0,0.9489613192642232
890,1,890.0,890.0,7.0,7.0,0.6389151433378876,7.0,0.0,0.0,1,0.0,1,0.0,0.0,0.4,0.0,0.0,0.0,0.0,0.0,0.9366435946451569
891,1,891.0,891.0,6.082762530298219,7.0,-0.2108185106778919,6.0,0.0,0.0,1,1.0,0,0.0,0.0,0.2,0.0,0.0,0.0,0.0,0.0,0.9575924808082762
892,1,892.0,892.0,3.0,3.0,0.0,3.0,0.0,0.0,1,0.0,1,0.0,0.0,0.4,0.0,0.0,0.0,0.0,0.0,0.38983626581933867
893,1,893.0,893.0,5.916079783099616,9.0,0.8948134764793885,3.0,0.0,5.0,0,1.0,0,0.0,0.0,0.0,0.0,0.0,0.0,0.0,0.0,0.9564282781392835
894,1,894.0,894.0,33008.000015147845,33009.0,0.999999852235411,1.0,0.0,0.0,1,0.0,1,0.0,0.0,0.4,33008.0,0.0,0.0,0.0,0.0,0.2072008557075078
895,1,895.0,895.0,1.4142135623730951,2.0,0.9904761904761904,0.0,1.0,1.0,0,1.0,0,0.0,0.0,0.2,0.0,0.0,0.0,0.0,0.0,0.9689192306334928
896,1,896.0,896.0,1.4142135623730951,2.0,0.996765700247014,1.0,0.0,1.0,0,0.0,1,0.0,0.0,0.2,0.0,0.0,0.0,0.0,0.0,0.965564784386781
897,1,897.0,897.0,3.1622776601683795,4.0,0.9978934040223164,3.0,0.0,0.0,1,1.0,0,0.0,0.0,0.2,0.0,0.0,0.0,0.0,0.0,0.9456838693515907
898,1,898.0,898.0,4.242640687119285,6.0,0.9990248656871404,4.0,0.0,1.0,0,1.0,0,0.0,0.0,0.0,0.0,0.0,0.0,0.0,0.0,0.9676861445618451
899,1,899.0,899.0,46306.00005398868,46309.0,-0.1082918889325816,0.0,1.0,2.0,0,1.0,0,0.0,0.0,0.2,46306.0,0.0,0.0,0.0,0.0,0.9668185133812779
900,1,900.0,900.0,5.196152422706632,7.0,0.9733285267845752,5.0,0.0,1.0,0,1.0,0,0.0,0.0,0.0,0.0,0.0,0.0,0.0,0.0,0.9690232585327507
901,1,901.0,901.0,49223.00006094712,49227.0,-0.083713547117546,1.0,0.0,2.0,0,1.0,0,0.0,0.0,0.0,49223.0,0.0,0.0,0.0,0.0,0.9612826675811169
902,1,902.0,902.0,3.3166247903554,5.0,0.986040754703977,3.0,0.0,1.0,0,1.0,0,0.0,0.0,0.0,0.0,0.0,0.0,0.0,0.0,0.9689029793564418
903,1,903.0,903.0,3.3166247903554,5.0,0.967271400330236,1.0,0.0,3.0,0,1.0,0,0.0,0.0,0.0,0.0,0.0,0.0,0.0,0.0,0.9656836677498791
904,1,904.0,904.0,24100.00035269709,24105.0,0.9999999984832686,4.0,0.0,1.0,0,0.0,1,0.0,0.0,0.2,24100.0,0.0,0.0,0.0,0.0,0.9638556062330688
905,1,905.0,905.0,33602.00001488007,33603.0,0.9999998631345892,0.0,1.0,1.0,0,0.0,1,0.0,0.0,0.4,33602.0,0.0,0.0,0.0,0.0,0.7702024033555203
906,1,906.0,906.0,41002.00003658358,41005.0,-0.1069654547278444,1.0,0.0,1.0,0,1.0,0,0.0,0.0,0.0,41002.0,0.0,0.0,0.0,0.0,0.9685341943976703
907,1,907.0,907.0,10734.000093161914,10736.0,-0.1062522657904962,1.0,0.0,1.0,0,0.0,1,0.0,0.0,0.2,10734.0,0.0,0.0,0.0,0.0,0.9620161993230063
908,1,908.0,908.0,1.4142135623730951,2.0,0.9773756483025025,1.0,0.0,0.0,1,1.0,0,0.0,0.0,0.2,0.0,0.0,0.0,0.0,0.0,0.946712534535572
909,1,909.0,909.0,2.449489742783178,4.0,0.9965954614523158,2.0,0.0,1.0,0,1.0,0,0.0,0.0,0.0,0.0,0.0,0.0,0.0,0.0,0.9690304333653744
910,1,910.0,910.0,49223.0000203157,49225.0,-0.0805791267929727,1.0,0.0,0.0,1,1.0,0,0.0,0.0,0.2,49223.0,0.0,0.0,0.0,0.0,0.9689896431019059
911,1,911.0,911.0,3.741657386773941,6.0,0.7597371763975863,3.0,0.0,2.0,0,1.0,0,0.0,0.0,0.0,0.0,0.0,0.0,0.0,0.0,0.9233722039099069
912,1,912.0,912.0,711.0766484704726,724.0,0.99999999253418,10.0,0.0,3.0,0,0.0,1,0.0,0.0,0.2,711.0,0.0,0.0,0.0,0.0,0.8351026584823176
913,1,913.0,913.0,1.7320508075688772,3.0,0.9891004919611718,1.0,0.0,1.0,0,1.0,0,0.0,0.0,0.0,0.0,0.0,0.0,0.0,0.0,0.9689212155775037
914,1,914.0,914.0,3.1622776601683795,4.0,0.9836167015362391,3.0,0.0,1.0,0,0.0,1,0.0,0.0,0.2,0.0,0.0,0.0,0.0,0.0,0.9666434217098518
915,1,915.0,915.0,5.0,5.0,0.988390597965142,5.0,0.0,0.0,1,0.0,1,0.0,0.0,0.4,0.0,0.0,0.0,0.0,0.0,0.9380209827504489
916,1,916.0,916.0,1121.0013380901917,1124.0,-0.0872379024503104,1.0,0.0,1.0,0,1.0,0,0.0,0.0,0.0,1121.0,0.0,0.0,0.0,0.0,0.8938163978166122
917,1,917.0,917.0,8.06225774829855,9.0,0.9743412473512648,8.0,0.0,0.0,1,1.0,0,0.0,0.0,0.2,0.0,0.0,0.0,0.0,0.0,0.9648954472057988
918,1,918.0,918.0,1.4142135623730951,2.0,0.9943315923395896,1.0,0.0,0.0,1,1.0,0,0.0,0.0,0.2,0.0,0.0,0.0,0.0,0.0,0.9312438689706406
919,1,919.0,919.0,1421.0035186444825,1425.0,-0.086605344390686,3.0,0.0,0.0,1,1.0,0,0.0,0.0,0.2,1421.0,0.0,0.0,0.0,0.0,0.8823172984924069
920,1,920.0,920.0,1.4142135623730951,2.0,0.997176464952738,1.0,0.0,0.0,1,1.0,0,0.0,0.0,0.2,0.0,0.0,0.0,0.0,0.0,0.964835271212432
921,1,921.0,921.0,29129.000171650245,29133.0,0.9999999928131827,3.0,0.0,0.0,1,1.0,0,0.0,0.0,0.2,29129.0,0.0,0.0,0.0,0.0,0.9613828411802761
922,1,922.0,922.0,2.449489742783178,4.0,0.9969584545901106,2.0,0.0,1.0,0,1.0,0,0.0,0.0,0.0,0.0,0.0,0.0,0.0,0.0,0.9690304333653744
923,1,923.0,923.0,1.4142135623730951,2.0,0.9975761839560976,1.0,0.0,1.0,0,0.0,1,0.0,0.0,0.2,0.0,0.0,0.0,0.0,0.0,0.9628948231965057
924,1,924.0,924.0,2.23606797749979,3.0,0.9968853604350144,2.0,0.0,0.0,1,1.0,0,0.0,0.0,0.2,0.0,0.0,0.0,0.0,0.0,0.9667506742593911
925,1,925.0,925.0,42906.00018645411,42910.0,-0.0873521522180491,4.0,0.0,0.0,1,0.0,1,0.0,0.0,0.4,42906.0,0.0,0.0,0.0,0.0,0.9588352549211762
926,1,926.0,926.0,94201.00019108078,94207.0,-0.1070519147770125,6.0,0.0,0.0,1,0.0,1,0.0,0.0,0.4,94201.0,0.0,0.0,0.0,0.0,0.9660395469784128
927,1,927.0,927.0,1.0,1.0,0.9971874207623967,0.0,1.0,1.0,0,0.0,1,0.0,0.0,0.4,0.0,0.0,0.0,0.0,0.0,0.9202186168730533
928,1,928.0,928.0,6.164414002968976,8.0,0.937018961999912,6.0,0.0,1.0,0,1.0,0,0.0,0.0,0.0,0.0,0.0,0.0,0.0,0.0,0.9689993226464603
929,1,929.0,929.0,3.1622776601683795,4.0,0.9963420345065996,3.0,0.0,0.0,1,1.0,0,0.0,0.0,0.2,0.0,0.0,0.0,0.0,0.0,0.9639985085058917
930,1,930.0,930.0,3.1622776601683795,4.0,0.9869072350796488,3.0,0.0,1.0,0,0.0,1,0.0,0.0,0.2,0.0,0.0,0.0,0.0,0.0,0.9668035101373341
931,1,931.0,931.0,84131.00039224542,84141.0,-0.1794579948661918,8.0,0.0,1.0,0,1.0,0,0.0,0.0,0.0,84131.0,0.0,0.0,0.0,0.0,0.9663517669972124
932,1,932.0,932.0,3.0,3.0,0.9981149841863164,3.0,0.0,0.0,1,0.0,1,0.0,0.0,0.4,0.0,0.0,0.0,0.0,0.0,0.08784850481710167
933,1,933.0,933.0,3.1622776601683795,4.0,0.9925649526278796,3.0,0.0,1.0,0,0.0,1,0.0,0.0,0.2,0.0,0.0,0.0,0.0,0.0,0.966876403528398
934,1,934.0,934.0,2.449489742783178,4.0,0.9801960588196068,2.0,0.0,1.0,0,1.0,0,0.0,0.0,0.0,0.0,0.0,0.0,0.0,0.0,0.9687624719157517
935,1,935.0,935.0,84221.00022559694,84229.0,-0.1052352820747144,6.0,0.0,1.0,0,1.0,0,0.0,0.0,0.0,84221.0,0.0,0.0,0.0,0.0,0.9686150984009537
936,1,936.0,936.0,3.605551275463989,5.0,0.9163419338230352,2.0,0.0,3.0,0,0.0,1,0.0,0.0,0.2,0.0,0.0,0.0,0.0,0.0,0.9528439055169947
937,1,937.0,937.0,3918.000127616129,3919.0,0.9999999997108852,0.0,1.0,0.0,1,1.0,0,0.0,0.0,0.4,3918.0,0.0,0.0,0.0,0.0,0.04594714985891085
938,1,938.0,938.0,1292.056500312583,1306.0,-0.5026916230626495,12.0,0.0,1.0,0,1.0,0,0.0,0.0,0.0,1292.0,0.0,0.0,0.0,0.0,0.9404070543956746
939,1,939.0,939.0,1.4142135623730951,2.0,0.9942528735632185,0.0,1.0,1.0,0,1.0,0,0.0,0.0,0.2,0.0,0.0,0.0,0.0,0.0,0.9685598064258606
940,1,940.0,940.0,5.196152422706632,7.0,0.9856542207481084,5.0,0.0,1.0,0,1.0,0,0.0,0.0,0.0,0.0,0.0,0.0,0.0,0.0,0.9690232585327507
941,1,941.0,941.0,1.0,1.0,0.9997128499581862,1.0,0.0,0.0,1,0.0,1,0.0,0.0,0.4,0.0,0.0,0.0,0.0,0.0,0.8741187998716665
942,1,942.0,942.0,83810.00022073738,83817.0,0.9999699675343878,6.0,0.0,1.0,0,0.0,1,0.0,0.0,0.2,83810.0,0.0,0.0,0.0,0.0,0.9497583586963981
943,1,943.0,943.0,36638.00001364703,36639.0,0.9999999922788568,1.0,0.0,0.0,1,0.0,1,0.0,0.0,0.4,36638.0,0.0,0.0,0.0,0.0,0.5594993691012358
944,1,944.0,944.0,9.055385138137416,10.0,0.2287478554989069,9.0,0.0,0.0,1,1.0,0,0.0,0.0,0.2,0.0,0.0,0.0,0.0,0.0,0.8669329018236239
945,1,945.0,945.0,13.07669683062202,15.0,0.9964993641450084,13.0,0.0,1.0,0,1.0,0,0.0,0.0,0.0,0.0,0.0,0.0,0.0,0.0,0.9465113970585607
946,1,946.0,946.0,4.123105625617661,5.0,0.4629100498862757,4.0,0.0,0.0,1,1.0,0,0.0,0.0,0.2,0.0,0.0,0.0,0.0,0.0,0.8739250292733556
947,1,947.0,947.0,7.3484692283495345,10.0,0.908569396207094,7.0,0.0,2.0,0,1.0,0,0.0,0.0,0.0,0.0,0.0,0.0,0.0,0.0,0.9555660843436643
948,1,948.0,948.0,28025.00005352364,28028.0,0.9999999985724932,1.0,0.0,1.0,0,1.0,0,0.0,0.0,0.0,28025.0,0.0,0.0,0.0,0.0,0.9658389051370951
949,1,949.0,949.0,10716.000419932803,10719.0,-0.1303505244429468,3.0,0.0,0.0,1,0.0,1,0.0,0.0,0.4,10716.0,0.0,0.0,0.0,0.0,0.9274726713191951
950,1,950.0,950.0,1.7320508075688772,3.0,0.9909862423925142,1.0,0.0,1.0,0,1.0,0,0.0,0.0,0.0,0.0,0.0,0.0,0.0,0.0,0.9689212155775037
951,1,951.0,951.0,49223.00005078926,49226.0,-0.0760231161171487,2.0,0.0,1.0,0,0.0,1,0.0,0.0,0.2,49223.0,0.0,0.0,0.0,0.0,0.9689016362175287
952,1,952.0,952.0,7.14142842854285,9.0,0.9961164901835045,7.0,0.0,1.0,0,1.0,0,0.0,0.0,0.0,0.0,0.0,0.0,0.0,0.0,0.9683091965058092
953,1,953.0,953.0,1.7320508075688772,3.0,0.9953066862715544,1.0,0.0,1.0,0,1.0,0,0.0,0.0,0.0,0.0,0.0,0.0,0.0,0.0,0.9683124763827543
954,1,954.0,954.0,3.1622776601683795,4.0,0.9970887856713804,3.0,0.0,0.0,1,1.0,0,0.0,0.0,0.2,0.0,0.0,0.0,0.0,0.0,0.9637987697742855
955,1,955.0,955.0,3.3166247903554,5.0,0.9827435232305016,3.0,0.0,1.0,0,1.0,0,0.0,0.0,0.0,0.0,0.0,0.0,0.0,0.0,0.9689029793564418
956,1,956.0,956.0,80102.00062420414,80112.0,-0.0808129109618862,10.0,0.0,0.0,1,0.0,1,0.0,0.0,0.4,80102.0,0.0,0.0,0.0,0.0,0.967566409317028
957,1,957.0,957.0,70209.00018516145,70215.0,0.9999999681747396,5.0,0.0,1.0,0,0.0,1,0.0,0.0,0.2,70209.0,0.0,0.0,0.0,0.0,0.9608197613029917
958,1,958.0,958.0,0.0,0.0,1.0,0.0,1.0,0.0,1,0.0,1,0.0,0.0,0.6,0.0,0.0,0.0,0.0,0.0,0.16319007826771129
959,1,959.0,959.0,49477.00050528528,49485.0,0.9999999981670652,7.0,0.0,0.0,1,1.0,0,0.0,0.0,0.2,49477.0,0.0,0.0,0.0,0.0,0.9663560516186381
960,1,960.0,960.0,4.123105625617661,5.0,0.9959873727522464,4.0,0.0,1.0,0,0.0,1,0.0,0.0,0.2,0.0,0.0,0.0,0.0,0.0,0.9666537725997237
961,1,961.0,961.0,3.0,3.0,0.8,0.0,0.0,3.0,0,0.0,1,0.0,0.0,0.2,0.0,0.0,0.0,0.0,0.0,0.8701708144236999
962,1,962.0,962.0,2.449489742783178,4.0,0.9759000729485332,1.0,0.0,2.0,0,1.0,0,0.0,0.0,0.0,0.0,0.0,0.0,0.0,0.0,0.9682799996231085
963,1,963.0,963.0,33798.000147937746,33802.0,0.9999999872073349,3.0,0.0,1.0,0,0.0,1,0.0,0.0,0.2,33798.0,0.0,0.0,0.0,0.0,0.9653740833670343
964,1,964.0,964.0,14102.001808254032,14111.0,-0.1787900631122692,7.0,0.0,1.0,0,1.0,0,0.0,0.0,0.0,14102.0,0.0,0.0,0.0,0.0,0.9685487110675579
965,1,965.0,965.0,14102.000035455963,14103.0,-0.086971838545993,1.0,0.0,0.0,1,0.0,1,0.0,0.0,0.4,14102.0,0.0,0.0,0.0,0.0,0.9355218359923126
966,1,966.0,966.0,72104.00006934429,72108.0,-0.0814424265541056,3.0,0.0,1.0,0,0.0,1,0.0,0.0,0.2,72104.0,0.0,0.0,0.0,0.0,0.968791277878719
967,1,967.0,967.0,3.0,5.0,0.9914601339836672,2.0,0.0,2.0,0,1.0,0,0.0,0.0,0.0,0.0,0.0,0.0,0.0,0.0,0.966924158413545
968,1,968.0,968.0,1.0,1.0,0.9971391490106832,0.0,1.0,0.0,1,1.0,0,0.0,0.0,0.4,0.0,0.0,0.0,0.0,0.0,0.9355153835701703
969,1,969.0,969.0,27410.00009120759,27413.0,-0.095342303433922,2.0,0.0,0.0,1,1.0,0,0.0,0.0,0.2,27410.0,0.0,0.0,0.0,0.0,0.9687153350401229
970,1,970.0,970.0,0.0,0.0,1.0,0.0,1.0,0.0,1,0.0,1,0.0,0.0,0.6,0.0,0.0,0.0,0.0,0.0,0.16319007826771129
971,1,971.0,971.0,14102.00060275137,14107.0,-0.0887326865410078,4.0,0.0,0.0,1,1.0,0,0.0,0.0,0.2,14102.0,0.0,0.0,0.0,0.0,0.9685098009543749
972,1,972.0,972.0,47599.00269963647,47616.0,-0.500126030330299,16.0,0.0,0.0,1,1.0,0,0.0,0.0,0.2,47599.0,0.0,0.0,0.0,0.0,0.9678074783994456
973,1,973.0,973.0,2.449489742783178,4.0,0.9767725810110088,1.0,0.0,2.0,0,1.0,0,0.0,0.0,0.0,0.0,0.0,0.0,0.0,0.0,0.9682799996231085
974,1,974.0,974.0,85102.00100467674,85117.0,-0.5000469977254061,13.0,0.0,1.0,0,1.0,0,0.0,0.0,0.0,85102.0,0.0,0.0,0.0,0.0,0.9554014977129354
975,1,975.0,975.0,1.4142135623730951,2.0,0.99672003339513,1.0,0.0,0.0,1,1.0,0,0.0,0.0,0.2,0.0,0.0,0.0,0.0,0.0,0.9642337427167386
976,1,976.0,976.0,1.4142135623730951,2.0,0.9962062287790492,1.0,0.0,0.0,1,1.0,0,0.0,0.0,0.2,0.0,0.0,0.0,0.0,0.0,0.9613887518113878
977,1,977.0,977.0,14102.000921855026,14108.0,-0.1212423555977746,5.0,0.0,1.0,0,0.0,1,0.0,0.0,0.2,14102.0,0.0,0.0,0.0,0.0,0.9684653457070027
978,1,978.0,978.0,82903.00000603114,82904.0,0.9999996736067268,0.0,1.0,1.0,0,0.0,1,0.0,0.0,0.4,82903.0,0.0,0.0,0.0,0.0,0.9283349537136595
979,1,979.0,979.0,12.0,12.0,-0.2182178902359923,12.0,0.0,0.0,1,0.0,1,0.0,0.0,0.4,0.0,0.0,0.0,0.0,0.0,0.95377540494384
980,1,980.0,980.0,1.4142135623730951,2.0,0.978231976089037,0.0,1.0,1.0,0,1.0,0,0.0,0.0,0.2,0.0,0.0,0.0,0.0,0.0,0.9689192306334928
981,1,981.0,981.0,86202.00021461218,86209.0,-0.1089342698850575,6.0,0.0,1.0,0,0.0,1,0.0,0.0,0.2,86202.0,0.0,0.0,0.0,0.0,0.967947643318681
982,1,982.0,982.0,7.071067811865476,8.0,0.9860540575353748,7.0,0.0,1.0,0,0.0,1,0.0,0.0,0.2,0.0,0.0,0.0,0.0,0.0,0.9681916251176488
983,1,983.0,983.0,33708.00016316601,33713.0,0.9999999944733472,3.0,0.0,1.0,0,1.0,0,0.0,0.0,0.0,33708.0,0.0,0.0,0.0,0.0,0.9687851206915327
984,1,984.0,984.0,41004.0,41004.0,-0.0752721053090432,0.0,1.0,0.0,1,0.0,1,0.0,0.0,0.6,41004.0,0.0,0.0,0.0,0.0,0.8483442919725198
985,1,985.0,985.0,41004.00010974539,41007.0,-0.0700869132504879,3.0,0.0,0.0,1,0.0,1,0.0,0.0,0.4,41004.0,0.0,0.0,0.0,0.0,0.9527623584677313
986,1,986.0,986.0,1.0,1.0,0.9995837668914376,1.0,0.0,0.0,1,0.0,1,0.0,0.0,0.4,0.0,0.0,0.0,0.0,0.0,0.6533131604875203
987,1,987.0,987.0,1386.0064934912823,1392.0,0.9999999962414942,3.0,0.0,3.0,0,0.0,1,0.0,0.0,0.2,1386.0,0.0,0.0,0.0,0.0,0.7338151118265307
988,1,988.0,988.0,96023.00001041417,96025.0,-0.0815348640240818,1.0,0.0,1.0,0,0.0,1,0.0,0.0,0.2,96023.0,0.0,0.0,0.0,0.0,0.9518409342746468
989,1,989.0,989.0,5.0990195135927845,6.0,0.9898030839149452,5.0,0.0,1.0,0,0.0,1,0.0,0.0,0.2,0.0,0.0,0.0,0.0,0.0,0.9674397137634689
990,1,990.0,990.0,47592.00002101193,47594.0,-0.0805700077604574,1.0,0.0,0.0,1,1.0,0,0.0,0.0,0.2,47592.0,0.0,0.0,0.0,0.0,0.9691004355855987
991,1,991.0,991.0,3.1622776601683795,4.0,0.9976027224408328,3.0,0.0,0.0,1,1.0,0,0.0,0.0,0.2,0.0,0.0,0.0,0.0,0.0,0.9635544344014448
992,1,992.0,992.0,2.449489742783178,4.0,0.9947513432424,2.0,0.0,1.0,0,1.0,0,0.0,0.0,0.0,0.0,0.0,0.0,0.0,0.0,0.9689139422967257
993,1,993.0,993.0,10.04987562112089,11.0,0.5153471216826172,10.0,0.0,0.0,1,1.0,0,0.0,0.0,0.2,0.0,0.0,0.0,0.0,0.0,0.8141373280918561
994,1,994.0,994.0,3.1622776601683795,4.0,0.996235533828246,3.0,0.0,1.0,0,0.0,1,0.0,0.0,0.2,0.0,0.0,0.0,0.0,0.0,0.9634604080435082
995,1,995.0,995.0,3.3166247903554,5.0,0.9667275789908794,3.0,0.0,1.0,0,1.0,0,0.0,0.0,0.0,0.0,0.0,0.0,0.0,0.0,0.9689029793564418
996,1,996.0,996.0,35991.000125031256,35994.0,0.9999999995069178,3.0,0.0,0.0,1,0.0,1,0.0,0.0,0.4,35991.0,0.0,0.0,0.0,0.0,0.7736975567381176
997,1,997.0,997.0,1.4142135623730951,2.0,0.9944006848884333,0.0,1.0,1.0,0,1.0,0,0.0,0.0,0.2,0.0,0.0,0.0,0.0,0.0,0.9685598064258606
998,1,998.0,998.0,3.0,3.0,0.9982425637157208,3.0,0.0,0.0,1,0.0,1,0.0,0.0,0.4,0.0,0.0,0.0,0.0,0.0,0.04578882291544115
999,1,999.0,999.0,1.4142135623730951,2.0,0.8,0.0,0.0,1.0,0,1.0,0,0.0,0.0,0.0,0.0,0.0,0.0,0.0,0.0,0.9661759846239967
1000,0,,,3.0,3.0,0.9981149841863164,3.0,0.0,0.0,1,0.0,1,0.0,0.0,0.4,0.0,0.0,0.0,0.0,0.0,0.08784850481710167
1001,0,,,1.0,1.0,0.9990248656871404,1.0,0.0,0.0,1,0.0,1,0.0,0.0,0.4,0.0,0.0,0.0,0.0,0.0,0.038335218679685173
1002,0,,,0.0,0.0,1.0,0.0,0.0,0.0,1,0.0,1,0.0,0.0,0.4,0.0,0.0,0.0,0.0,0.0,0.07475133151412182
1003,0,,,11773.00038223052,11776.0,0.9999999998041232,3.0,0.0,0.0,1,0.0,1,0.0,0.0,0.4,11773.0,0.0,0.0,0.0,0.0,0.04704261967054212
1004,0,,,1090.0004587155,1091.0,0.999999999742466,0.0,1.0,1.0,0,0.0,1,0.0,0.0,0.4,1090.0,0.0,0.0,0.0,0.0,0.08063548014777448
1005,0,,,2.0,2.0,0.9978443605023736,2.0,0.0,0.0,1,0.0,1,0.0,0.0,0.4,0.0,0.0,0.0,0.0,0.0,0.29468981550431533
1006,0,,,27805.00007192951,27807.0,0.9999999965335314,2.0,0.0,0.0,1,0.0,1,0.0,0.0,0.4,27805.0,0.0,0.0,0.0,0.0,0.07317506644759057
1007,0,,,19921.000100396566,19923.0,0.999999975280448,2.0,0.0,0.0,1,0.0,1,0.0,0.0,0.4,19921.0,0.0,0.0,0.0,0.0,0.038845849203175103
1008,0,,,35010.000014281635,35011.0,0.9999999950526836,1.0,0.0,0.0,1,0.0,1,0.0,0.0,0.4,35010.0,0.0,0.0,0.0,0.0,0.1121955656770337
1009,0,,,1.0,1.0,0.9428090415820636,0.0,1.0,0.0,1,1.0,0,0.0,0.0,0.4,0.0,0.0,0.0,0.0,0.0,0.3482929442663843
1010,0,,,4200.001904761473,4204.0,0.999999997182444,4.0,0.0,0.0,1,0.0,1,0.0,0.0,0.4,4200.0,0.0,0.0,0.0,0.0,0.039307141384039235
1011,0,,,2.0,2.0,0.999666043271478,2.0,0.0,0.0,1,0.0,1,0.0,0.0,0.4,0.0,0.0,0.0,0.0,0.0,0.03827798518449904
1012,0,,,1.0,1.0,0.9960238411119948,1.0,0.0,0.0,1,0.0,1,0.0,0.0,0.4,0.0,0.0,0.0,0.0,0.0,0.03801677294841116
1013,0,,,2.0,2.0,0.9986054207456784,2.0,0.0,0.0,1,0.0,1,0.0,0.0,0.4,0.0,0.0,0.0,0.0,0.0,0.03749455652083708
1014,0,,,2.0,2.0,0.9938079899999064,2.0,0.0,0.0,1,0.0,1,0.0,0.0,0.4,0.0,0.0,0.0,0.0,0.0,0.040361913500901965
1015,0,,,3.0,3.0,0.9981149841863164,3.0,0.0,0.0,1,0.0,1,0.0,0.0,0.4,0.0,0.0,0.0,0.0,0.0,0.08784850481710167
1016,0,,,21993.000090938025,21995.0,0.9999999995791532,2.0,0.0,0.0,1,0.0,1,0.0,0.0,0.4,21993.0,0.0,0.0,0.0,0.0,0.03830903943441189
1017,0,,,37996.0,37996.0,0.9999999921065352,0.0,1.0,0.0,1,0.0,1,0.0,0.0,0.6,37996.0,0.0,0.0,0.0,0.0,0.05791041714497499
1018,0,,,2.0,2.0,0.9995437747834997,2.0,0.0,0.0,1,0.0,1,0.0,0.0,0.4,0.0,0.0,0.0,0.0,0.0,0.03766211526578688
1019,0,,,3.0,3.0,0.9994838709333604,3.0,0.0,0.0,1,0.0,1,0.0,0.0,0.4,0.0,0.0,0.0,0.0,0.0,0.03876465038328342
1020,0,,,3.0,3.0,0.9759000729485332,3.0,0.0,0.0,1,0.0,1,0.0,0.0,0.4,0.0,0.0,0.0,0.0,0.0,0.10144144541160459
1021,0,,,3.0,3.0,0.9993432334096516,3.0,0.0,0.0,1,0.0,1,0.0,0.0,0.4,0.0,0.0,0.0,0.0,0.0,0.10678198882670707
1022,0,,,2.23606797749979,3.0,0.7071067811865476,2.0,0.0,1.0,0,0.0,1,0.0,0.0,0.2,0.0,0.0,0.0,0.0,0.0,0.7081550438936001
1023,0,,,9098.000054957134,9099.0,0.9999999997695078,0.0,1.0,0.0,1,1.0,0,0.0,0.0,0.4,9098.0,0.0,0.0,0.0,0.0,0.07978538568928835
1024,0,,,0.0,0.0,1.0,0.0,0.0,0.0,1,0.0,1,0.0,0.0,0.4,0.0,0.0,0.0,0.0,0.0,0.07475133151412182
1025,0,,,2.0,2.0,0.9995437747834997,2.0,0.0,0.0,1,0.0,1,0.0,0.0,0.4,0.0,0.0,0.0,0.0,0.0,0.03766211526578688
1026,0,,,2.0,2.0,0.9986187838711752,2.0,0.0,0.0,1,0.0,1,0.0,0.0,0.4,0.0,0.0,0.0,0.0,0.0,0.03749455652083708
1027,0,,,2.23606797749979,3.0,0.9993841984759948,2.0,0.0,1.0,0,0.0,1,0.0,0.0,0.2,0.0,0.0,0.0,0.0,0.0,0.8201386505722447
1028,0,,,0.0,0.0,1.0,0.0,0.0,0.0,1,0.0,1,0.0,0.0,0.4,0.0,0.0,0.0,0.0,0.0,0.07475133151412182
1029,0,,,4.0,4.0,0.9992553376127098,4.0,0.0,0.0,1,0.0,1,0.0,0.0,0.4,0.0,0.0,0.0,0.0,0.0,0.06132019292224283
1030,0,,,3.0,3.0,0.9994838709333604,3.0,0.0,0.0,1,0.0,1,0.0,0.0,0.4,0.0,0.0,0.0,0.0,0.0,0.03876465038328342
1031,0,,,7302.000616269489,7305.0,0.9999999914736306,3.0,0.0,0.0,1,0.0,1,0.0,0.0,0.4,7302.0,0.0,0.0,0.0,0.0,0.03865047392986031
1032,0,,,2.0,2.0,0.999076724020674,2.0,0.0,0.0,1,0.0,1,0.0,0.0,0.4,0.0,0.0,0.0,0.0,0.0,0.037670018660122394
1033,0,,,5.0990195135927845,6.0,0.999999998278575,5.0,0.0,0.0,1,0.0,1,0.0,0.0,0.4,1.0,0.0,0.0,0.0,0.0,0.07586405119417897
1034,0,,,4616.00010831889,4617.0,0.999999972697178,1.0,0.0,0.0,1,0.0,1,0.0,0.0,0.4,4616.0,0.0,0.0,0.0,0.0,0.05004541003073402
1035,0,,,3.0,3.0,0.999229286976064,3.0,0.0,0.0,1,0.0,1,0.0,0.0,0.4,0.0,0.0,0.0,0.0,0.0,0.045928225904439485
1036,0,,,2.0,2.0,0.9978443605023736,2.0,0.0,0.0,1,0.0,1,0.0,0.0,0.4,0.0,0.0,0.0,0.0,0.0,0.29468981550431533
1037,0,,,38796.00005155171,38798.0,0.9999999941540624,2.0,0.0,0.0,1,0.0,1,0.0,0.0,0.4,38796.0,0.0,0.0,0.0,0.0,0.16947783431592947
1038,0,,,2.0,2.0,0.9994056463070784,2.0,0.0,0.0,1,0.0,1,0.0,0.0,0.4,0.0,0.0,0.0,0.0,0.0,0.03766211526578688
1039,0,,,2.0,2.0,0.9986187838711752,2.0,0.0,0.0,1,0.0,1,0.0,0.0,0.4,0.0,0.0,0.0,0.0,0.0,0.03749455652083708
1040,0,,,1.0,1.0,0.9999999998813284,0.0,1.0,1.0,0,0.0,1,0.0,0.0,0.6,0.0,1.0,0.0,0.0,0.0,0.21080133982163207
1041,0,,,2.0,2.0,0.9992990141526302,2.0,0.0,0.0,1,0.0,1,0.0,0.0,0.4,0.0,0.0,0.0,0.0,0.0,0.0779745472731763
1042,0,,,35227.0,35227.0,0.999999835219052,0.0,1.0,0.0,1,0.0,1,0.0,0.0,0.6,35227.0,0.0,0.0,0.0,0.0,0.08745463661926438
1043,0,,,0.0,0.0,1.0,0.0,0.0,0.0,1,0.0,1,0.0,0.0,0.4,0.0,0.0,0.0,0.0,0.0,0.07475133151412182
1044,0,,,36980.000013520825,36981.0,0.9999999949338017,1.0,0.0,0.0,1,0.0,1,0.0,0.0,0.4,36980.0,0.0,0.0,0.0,0.0,0.35683095546555865
1045,0,,,2.0,2.0,0.9990248656871404,2.0,0.0,0.0,1,0.0,1,0.0,0.0,0.4,0.0,0.0,0.0,0.0,0.0,0.07105733776291641
1046,0,,,22210.00009004953,22212.0,0.999999996097983,2.0,0.0,0.0,1,0.0,1,0.0,0.0,0.4,22210.0,0.0,0.0,0.0,0.0,0.03830903943441189
1047,0,,,6.4031242374328485,9.0,0.8631128193464778,2.0,0.0,6.0,0,1.0,0,0.0,0.0,0.0,0.0,0.0,0.0,0.0,0.0,0.9406202359261492
1048,0,,,2.0,2.0,0.9994056463070784,2.0,0.0,0.0,1,0.0,1,0.0,0.0,0.4,0.0,0.0,0.0,0.0,0.0,0.03766211526578688
1049,0,,,2.0,2.0,0.999608112064896,2.0,0.0,0.0,1,0.0,1,0.0,0.0,0.4,0.0,0.0,0.0,0.0,0.0,0.03821139057298917
1050,0,,,10.04987562112089,11.0,0.9999999999293068,0.0,1.0,0.0,1,1.0,0,0.0,0.0,0.4,10.0,0.0,0.0,0.0,0.0,0.04170106684301563
1051,0,,,6001.001333111,6005.0,0.9999999983342324,4.0,0.0,0.0,1,0.0,1,0.0,0.0,0.4,6001.0,0.0,0.0,0.0,0.0,0.03831434356485081
1052,0,,,14.142135623730953,16.0,0.9999986091965244,2.0,0.0,0.0,1,0.0,1,0.0,0.0,0.4,14.0,0.0,0.0,0.0,0.0,0.04583683314453706
1053,0,,,2.0,2.0,0.9993606137453732,2.0,0.0,0.0,1,0.0,1,0.0,0.0,0.4,0.0,0.0,0.0,0.0,0.0,0.03771984987810026
1054,0,,,3.0,3.0,0.99898299312635,3.0,0.0,0.0,1,0.0,1,0.0,0.0,0.4,0.0,0.0,0.0,0.0,0.0,0.03946862046408935
1055,0,,,2.0,2.0,0.9995437747834997,2.0,0.0,0.0,1,0.0,1,0.0,0.0,0.4,0.0,0.0,0.0,0.0,0.0,0.03766211526578688
1056,0,,,1.0,1.0,0.9988206152282788,1.0,0.0,0.0,1,0.0,1,0.0,0.0,0.4,0.0,0.0,0.0,0.0,0.0,0.03827710392535605
1057,0,,,2.0,2.0,0.9971872527088884,2.0,0.0,0.0,1,0.0,1,0.0,0.0,0.4,0.0,0.0,0.0,0.0,0.0,0.06688322666457618
1058,0,,,2.0,2.0,0.9990248656871404,2.0,0.0,0.0,1,0.0,1,0.0,0.0,0.4,0.0,0.0,0.0,0.0,0.0,0.07105733776291641
1059,0,,,2.0,2.0,0.9986054207456784,2.0,0.0,0.0,1,0.0,1,0.0,0.0,0.4,0.0,0.0,0.0,0.0,0.0,0.03749455652083708
1060,0,,,3.0,3.0,0.999795980820074,3.0,0.0,0.0,1,0.0,1,0.0,0.0,0.4,0.0,0.0,0.0,0.0,0.0,0.0411581441440095
1061,0,,,18389.000108760672,18391.0,0.999999993859678,2.0,0.0,0.0,1,0.0,1,0.0,0.0,0.4,18389.0,0.0,0.0,0.0,0.0,0.03934913045923472
1062,0,,,2.0,2.0,0.9994056463070784,2.0,0.0,0.0,1,0.0,1,0.0,0.0,0.4,0.0,0.0,0.0,0.0,0.0,0.03766211526578688
1063,0,,,2.0,2.0,0.9984978774050592,2.0,0.0,0.0,1,0.0,1,0.0,0.0,0.4,0.0,0.0,0.0,0.0,0.0,0.03749455652083708
1064,0,,,2.0,2.0,0.999608112064896,2.0,0.0,0.0,1,0.0,1,0.0,0.0,0.4,0.0,0.0,0.0,0.0,0.0,0.03821139057298917
1065,0,,,3476.0005753739456,3478.0,0.9999998996352238,2.0,0.0,0.0,1,0.0,1,0.0,0.0,0.4,3476.0,0.0,0.0,0.0,0.0,0.03766700863395316
1066,0,,,3318.0001506931853,3319.0,0.999999949863982,1.0,0.0,0.0,1,0.0,1,0.0,0.0,0.4,3318.0,0.0,0.0,0.0,0.0,0.045386042890806506
1067,0,,,2.0,2.0,0.9993606137453732,2.0,0.0,0.0,1,0.0,1,0.0,0.0,0.4,0.0,0.0,0.0,0.0,0.0,0.03771984987810026
1068,0,,,2.0,2.0,0.9992990141526302,2.0,0.0,0.0,1,0.0,1,0.0,0.0,0.4,0.0,0.0,0.0,0.0,0.0,0.0779745472731763
1069,0,,,2.0,2.0,0.9992990141526302,2.0,0.0,0.0,1,0.0,1,0.0,0.0,0.4,0.0,0.0,0.0,0.0,0.0,0.0779745472731763
1070,0,,,3.0,3.0,0.9994838709333604,3.0,0.0,0.0,1,0.0,1,0.0,0.0,0.4,0.0,0.0,0.0,0.0,0.0,0.03876465038328342
1071,0,,,2.0,2.0,0.9992990141526302,2.0,0.0,0.0,1,0.0,1,0.0,0.0,0.4,0.0,0.0,0.0,0.0,0.0,0.0779745472731763
1072,0,,,3.0,3.0,0.9981149841863164,3.0,0.0,0.0,1,0.0,1,0.0,0.0,0.4,0.0,0.0,0.0,0.0,0.0,0.08784850481710167
1073,0,,,2.0,2.0,0.9971872527088884,2.0,0.0,0.0,1,0.0,1,0.0,0.0,0.4,0.0,0.0,0.0,0.0,0.0,0.06688322666457618
1074,0,,,11905.001511969664,11911.0,0.999999999062682,6.0,0.0,0.0,1,0.0,1,0.0,0.0,0.4,11905.0,0.0,0.0,0.0,0.0,0.05306590178468642
1075,0,,,25067.0,25067.0,0.9999999601702404,0.0,1.0,0.0,1,0.0,1,0.0,0.0,0.6,25067.0,0.0,0.0,0.0,0.0,0.043661907070682765
1076,0,,,3.0,3.0,0.999229286976064,3.0,0.0,0.0,1,0.0,1,0.0,0.0,0.4,0.0,0.0,0.0,0.0,0.0,0.045928225904439485
1077,0,,,2.0,2.0,0.9998098045724798,2.0,0.0,0.0,1,0.0,1,0.0,0.0,0.4,0.0,0.0,0.0,0.0,0.0,0.03938080884155897
1078,0,,,2.0,2.0,0.999076724020674,2.0,0.0,0.0,1,0.0,1,0.0,0.0,0.4,0.0,0.0,0.0,0.0,0.0,0.037670018660122394
1079,0,,,1.0,1.0,0.9486832980505138,0.0,1.0,1.0,0,0.0,1,0.0,0.0,0.4,0.0,0.0,0.0,0.0,0.0,0.4900762379981332
1080,0,,,2.0,2.0,0.9986187838711752,2.0,0.0,0.0,1,0.0,1,0.0,0.0,0.4,0.0,0.0,0.0,0.0,0.0,0.03749455652083708
1081,0,,,0.0,0.0,1.0,0.0,1.0,0.0,1,0.0,1,0.0,0.0,0.6,0.0,0.0,0.0,0.0,0.0,0.16319007826771129
1082,0,,,3.0,3.0,0.9847319278346618,3.0,0.0,0.0,1,0.0,1,0.0,0.0,0.4,0.0,0.0,0.0,0.0,0.0,0.19997173082731054
1083,0,,,3.0,3.0,0.9428090415820634,3.0,0.0,0.0,1,0.0,1,0.0,0.0,0.4,0.0,0.0,0.0,0.0,0.0,0.06257920327737669
1084,0,,,3.0,3.0,0.9987677136415694,3.0,0.0,0.0,1,0.0,1,0.0,0.0,0.4,0.0,0.0,0.0,0.0,0.0,0.04913000720794408
1085,0,,,107.00467279516349,108.0,0.9999999975053248,0.0,1.0,0.0,1,1.0,0,0.0,0.0,0.4,107.0,0.0,0.0,0.0,0.0,0.041383268632896666
1086,0,,,3.0,3.0,0.9994838709333604,3.0,0.0,0.0,1,0.0,1,0.0,0.0,0.4,0.0,0.0,0.0,0.0,0.0,0.03876465038328342
1087,0,,,8580.000524475508,8583.0,0.999999999752043,3.0,0.0,0.0,1,0.0,1,0.0,0.0,0.4,8580.0,0.0,0.0,0.0,0.0,0.12043149468758796
1088,0,,,3.0,3.0,0.9987677136415694,3.0,0.0,0.0,1,0.0,1,0.0,0.0,0.4,0.0,0.0,0.0,0.0,0.0,0.04913000720794408
1089,0,,,1.0,1.0,0.9847319278346618,1.0,0.0,0.0,1,0.0,1,0.0,0.0,0.4,0.0,0.0,0.0,0.0,0.0,0.04368156813675798
1090,0,,,2.0,2.0,0.9992990141526302,2.0,0.0,0.0,1,0.0,1,0.0,0.0,0.4,0.0,0.0,0.0,0.0,0.0,0.0779745472731763
1091,0,,,49893.0,49893.0,0.9999999937430916,0.0,1.0,0.0,1,0.0,1,0.0,0.0,0.6,49893.0,0.0,0.0,0.0,0.0,0.22281553606568086
1092,0,,,4616.000433275543,4618.0,0.9999999895335292,2.0,0.0,0.0,1,0.0,1,0.0,0.0,0.4,4616.0,0.0,0.0,0.0,0.0,0.03996348553521444
1093,0,,,8219.000243338602,8221.0,0.9999999999506152,2.0,0.0,0.0,1,0.0,1,0.0,0.0,0.4,8219.0,0.0,0.0,0.0,0.0,0.041299524842492
1094,0,,,1.0,1.0,0.9994838709333602,1.0,0.0,0.0,1,0.0,1,0.0,0.0,0.4,0.0,0.0,0.0,0.0,0.0,0.05441642021762194
1095,0,,,35008.0000571298,35010.0,0.9999999974317216,2.0,0.0,0.0,1,0.0,1,0.0,0.0,0.4,35008.0,0.0,0.0,0.0,0.0,0.1794241038966947
1096,0,,,49187.00001016528,49188.0,0.9999999934537652,1.0,0.0,0.0,1,0.0,1,0.0,0.0,0.4,49187.0,0.0,0.0,0.0,0.0,0.4631395945045134
1097,0,,,41909.0,41909.0,0.9999999887765452,0.0,1.0,0.0,1,0.0,1,0.0,0.0,0.6,41909.0,0.0,0.0,0.0,0.0,0.07631955330686242
1098,0,,,2.0,2.0,0.9995437747834997,2.0,0.0,0.0,1,0.0,1,0.0,0.0,0.4,0.0,0.0,0.0,0.0,0.0,0.03766211526578688
1099,0,,,2.0,2.0,0.9993606137453732,2.0,0.0,0.0,1,0.0,1,0.0,0.0,0.4,0.0,0.0,0.0,0.0,0.0,0.03771984987810026
1100,0,,,0.0,0.0,1.0,0.0,1.0,0.0,1,0.0,1,0.0,0.0,0.6,0.0,0.0,0.0,0.0,0.0,0.16319007826771129
1101,0,,,16902.000029582297,16903.0,0.9999999885142656,1.0,0.0,0.0,1,0.0,1,0.0,0.0,0.4,16902.0,0.0,0.0,0.0,0.0,0.10102842741067436
1102,0,,,34188.00001462502,34189.0,0.9999999968397254,1.0,0.0,0.0,1,0.0,1,0.0,0.0,0.4,34188.0,0.0,0.0,0.0,0.0,0.13098570694679643
1103,0,,,24.020824298928627,25.0,0.9999999974102622,0.0,1.0,1.0,0,0.0,1,0.0,0.0,0.4,24.0,0.0,0.0,0.0,0.0,0.1302146015669202
1104,0,,,2.0,2.0,0.9994056463070784,2.0,0.0,0.0,1,0.0,1,0.0,0.0,0.4,0.0,0.0,0.0,0.0,0.0,0.03766211526578688
1105,0,,,3.0,3.0,0.9981149841863164,3.0,0.0,0.0,1,0.0,1,0.0,0.0,0.4,0.0,0.0,0.0,0.0,0.0,0.08784850481710167
1106,0,,,9830.000203458798,9832.0,0.9999999685718718,2.0,0.0,0.0,1,0.0,1,0.0,0.0,0.4,9830.0,0.0,0.0,0.0,0.0,0.06044686641850788
1107,0,,,14896.00030209452,14899.0,0.99999999877931,3.0,0.0,0.0,1,0.0,1,0.0,0.0,0.4,14896.0,0.0,0.0,0.0,0.0,0.04977959981379368
1108,0,,,2909.000171880366,2910.0,0.999999999597426,0.0,1.0,0.0,1,1.0,0,0.0,0.0,0.4,2909.0,0.0,0.0,0.0,0.0,0.04323338433273944
1109,0,,,4.0,4.0,0.9992553376127098,4.0,0.0,0.0,1,0.0,1,0.0,0.0,0.4,0.0,0.0,0.0,0.0,0.0,0.06132019292224283
1110,0,,,0.0,0.0,1.0,0.0,1.0,0.0,1,0.0,1,0.0,0.0,0.6,0.0,0.0,0.0,0.0,0.0,0.16319007826771129
1111,0,,,3600.0005555555126,3602.0,0.999999892862778,2.0,0.0,0.0,1,0.0,1,0.0,0.0,0.4,3600.0,0.0,0.0,0.0,0.0,0.037922649908433546
1112,0,,,0.0,0.0,1.0,0.0,1.0,0.0,1,0.0,1,0.0,0.0,0.6,0.0,0.0,0.0,0.0,0.0,0.16319007826771129
1113,0,,,2.0,2.0,0.9997500937109548,2.0,0.0,0.0,1,0.0,1,0.0,0.0,0.4,0.0,0.0,0.0,0.0,0.0,0.03841429086549595
1114,0,,,2.0,2.0,0.9986054207456784,2.0,0.0,0.0,1,0.0,1,0.0,0.0,0.4,0.0,0.0,0.0,0.0,0.0,0.03749455652083708
1115,0,,,1.0,1.0,0.9972413740548082,1.0,0.0,0.0,1,0.0,1,0.0,0.0,0.4,0.0,0.0,0.0,0.0,0.0,0.04747180846194656
1116,0,,,3.0,3.0,0.9995044352735956,3.0,0.0,0.0,1,0.0,1,0.0,0.0,0.4,0.0,0.0,0.0,0.0,0.0,0.03823264235710399
1117,0,,,2.0,2.0,0.9993606137453732,2.0,0.0,0.0,1,0.0,1,0.0,0.0,0.4,0.0,0.0,0.0,0.0,0.0,0.03771984987810026
1118,0,,,3.0,3.0,0.9981149841863164,3.0,0.0,0.0,1,0.0,1,0.0,0.0,0.4,0.0,0.0,0.0,0.0,0.0,0.08784850481710167
1119,0,,,2.0,2.0,0.999076724020674,2.0,0.0,0.0,1,0.0,1,0.0,0.0,0.4,0.0,0.0,0.0,0.0,0.0,0.037670018660122394
1120,0,,,1993.00401404513,1997.0,0.9999999990326108,4.0,0.0,0.0,1,0.0,1,0.0,0.0,0.4,1993.0,0.0,0.0,0.0,0.0,0.040547117947035825
1121,0,,,12892.000038783744,12893.0,0.9999999792252666,1.0,0.0,0.0,1,0.0,1,0.0,0.0,0.4,12892.0,0.0,0.0,0.0,0.0,0.043639220790002715
1122,0,,,0.0,0.0,1.0,0.0,0.0,0.0,1,0.0,1,0.0,0.0,0.4,0.0,0.0,0.0,0.0,0.0,0.07475133151412182
1123,0,,,1593.0050219632078,1597.0,0.999999997174105,4.0,0.0,0.0,1,0.0,1,0.0,0.0,0.4,1593.0,0.0,0.0,0.0,0.0,0.049369180279521925
1124,0,,,2601.0048058394664,2606.0,0.9999999953971004,5.0,0.0,0.0,1,0.0,1,0.0,0.0,0.4,2601.0,0.0,0.0,0.0,0.0,0.05402784936965586
1125,0,,,2.0,2.0,0.9990545968106336,2.0,0.0,0.0,1,0.0,1,0.0,0.0,0.4,0.0,0.0,0.0,0.0,0.0,0.037670018660122394
1126,0,,,1.4142135623730951,2.0,0.99999999497079,1.0,0.0,1.0,0,0.0,1,0.0,0.0,0.4,0.0,1.0,0.0,0.0,0.0,0.16512652736397468
1127,0,,,2.0,2.0,0.9986054207456784,2.0,0.0,0.0,1,0.0,1,0.0,0.0,0.4,0.0,0.0,0.0,0.0,0.0,0.03749455652083708
1128,0,,,3.0,3.0,0.9991111899408198,3.0,0.0,0.0,1,0.0,1,0.0,0.0,0.4,0.0,0.0,0.0,0.0,0.0,0.039733076489767136
1129,0,,,3.0,3.0,0.999229286976064,3.0,0.0,0.0,1,0.0,1,0.0,0.0,0.4,0.0,0.0,0.0,0.0,0.0,0.045928225904439485
1130,0,,,2.0,2.0,0.9990545968106336,2.0,0.0,0.0,1,0.0,1,0.0,0.0,0.4,0.0,0.0,0.0,0.0,0.0,0.037670018660122394
1131,0,,,3.0,3.0,0.9960238411119948,3.0,0.0,0.0,1,0.0,1,0.0,0.0,0.4,0.0,0.0,0.0,0.0,0.0,0.3506212703340304
1132,0,,,2.0,2.0,0.9914573982080404,2.0,0.0,0.0,1,0.0,1,0.0,0.0,0.4,0.0,0.0,0.0,0.0,0.0,0.04067788219742153
1133,0,,,9.055385138137416,10.0,0.5254938542453882,9.0,0.0,0.0,1,1.0,0,0.0,0.0,0.2,0.0,0.0,0.0,0.0,0.0,0.8149116498735621
1134,0,,,981.0081549100396,985.0,0.9999999989675824,4.0,0.0,0.0,1,0.0,1,0.0,0.0,0.4,981.0,0.0,0.0,0.0,0.0,0.047388751285705376
1135,0,,,3.0,3.0,0.9981149841863164,3.0,0.0,0.0,1,0.0,1,0.0,0.0,0.4,0.0,0.0,0.0,0.0,0.0,0.08784850481710167
1136,0,,,2726.0007336756166,2728.0,0.9999999994749864,2.0,0.0,0.0,1,0.0,1,0.0,0.0,0.4,2726.0,0.0,0.0,0.0,0.0,0.038126710509847665
1137,0,,,3.0,3.0,0.9982683969692436,3.0,0.0,0.0,1,0.0,1,0.0,0.0,0.4,0.0,0.0,0.0,0.0,0.0,0.045344590148808504
1138,0,,,2.0,2.0,0.999608112064896,2.0,0.0,0.0,1,0.0,1,0.0,0.0,0.4,0.0,0.0,0.0,0.0,0.0,0.03821139057298917
1139,0,,,1.0,1.0,0.99887018379923,1.0,0.0,0.0,1,0.0,1,0.0,0.0,0.4,0.0,0.0,0.0,0.0,0.0,0.03829454852717256
1140,0,,,2.0,2.0,0.9992990141526302,2.0,0.0,0.0,1,0.0,1,0.0,0.0,0.4,0.0,0.0,0.0,0.0,0.0,0.0779745472731763
1141,0,,,0.0,0.0,1.0,0.0,1.0,0.0,1,0.0,1,0.0,0.0,0.6,0.0,0.0,0.0,0.0,0.0,0.16319007826771129
1142,0,,,2.0,2.0,0.9994056463070784,2.0,0.0,0.0,1,0.0,1,0.0,0.0,0.4,0.0,0.0,0.0,0.0,0.0,0.03766211526578688
1143,0,,,7088.000282167037,7090.0,0.9999999998758732,2.0,0.0,0.0,1,0.0,1,0.0,0.0,0.4,7088.0,0.0,0.0,0.0,0.0,0.03881667508372487
1144,0,,,2.0,2.0,0.9995437747834997,2.0,0.0,0.0,1,0.0,1,0.0,0.0,0.4,0.0,0.0,0.0,0.0,0.0,0.03766211526578688
1145,0,,,18099.00024863252,18102.0,0.9999999971585292,3.0,0.0,0.0,1,0.0,1,0.0,0.0,0.4,18099.0,0.0,0.0,0.0,0.0,0.042464843858351815
1146,0,,,1415.0056536989523,1419.0,0.9999999970748972,4.0,0.0,0.0,1,0.0,1,0.0,0.0,0.4,1415.0,0.0,0.0,0.0,0.0,0.06880565484301855
1147,0,,,111.0180165558726,113.0,0.9999999997285024,2.0,0.0,0.0,1,0.0,1,0.0,0.0,0.4,111.0,0.0,0.0,0.0,0.0,0.03876667092103736
1148,0,,,0.0,0.0,1.0,0.0,0.0,0.0,1,0.0,1,0.0,0.0,0.4,0.0,0.0,0.0,0.0,0.0,0.07475133151412182
1149,0,,,3596.000556173484,3598.0,0.9999998930267072,2.0,0.0,0.0,1,0.0,1,0.0,0.0,0.4,3596.0,0.0,0.0,0.0,0.0,0.037652876924126284
1150,0,,,998.0080159998716,1002.0,0.9999999966577692,4.0,0.0,0.0,1,0.0,1,0.0,0.0,0.4,998.0,0.0,0.0,0.0,0.0,0.047779659961651434
1151,0,,,2.0,2.0,0.9984978774050592,2.0,0.0,0.0,1,0.0,1,0.0,0.0,0.4,0.0,0.0,0.0,0.0,0.0,0.03749455652083708
1152,0,,,2.0,2.0,0.9992990141526302,2.0,0.0,0.0,1,0.0,1,0.0,0.0,0.4,0.0,0.0,0.0,0.0,0.0,0.0779745472731763
1153,0,,,1621.0049352176568,1625.0,0.999999996230118,4.0,0.0,0.0,1,0.0,1,0.0,0.0,0.4,1621.0,0.0,0.0,0.0,0.0,0.04616375952451335
1154,0,,,11795.000169563373,11797.0,0.9999999999053788,2.0,0.0,0.0,1,0.0,1,0.0,0.0,0.4,11795.0,0.0,0.0,0.0,0.0,0.03992856918717654
1155,0,,,0.0,0.0,1.0,0.0,1.0,0.0,1,0.0,1,0.0,0.0,0.6,0.0,0.0,0.0,0.0,0.0,0.16319007826771129
1156,0,,,1997.0040060049955,2001.0,0.9999999957231744,4.0,0.0,0.0,1,0.0,1,0.0,0.0,0.4,1997.0,0.0,0.0,0.0,0.0,0.040547117947035825
1157,0,,,2.0,2.0,0.9993606137453732,2.0,0.0,0.0,1,0.0,1,0.0,0.0,0.4,0.0,0.0,0.0,0.0,0.0,0.03771984987810026
1158,0,,,2.0,2.0,0.9986054207456784,2.0,0.0,0.0,1,0.0,1,0.0,0.0,0.4,0.0,0.0,0.0,0.0,0.0,0.03749455652083708
1159,0,,,263.0475242232856,268.0,0.9999999983065953,5.0,0.0,0.0,1,0.0,1,0.0,0.0,0.4,263.0,0.0,0.0,0.0,0.0,0.05129732755354551
1160,0,,,279.0035842063682,281.0,0.9999999998680308,1.0,0.0,0.0,1,1.0,0,0.0,0.0,0.2,279.0,0.0,0.0,0.0,0.0,0.2806499009875661
1161,0,,,18697.00024068032,18700.0,0.9999999984578384,3.0,0.0,0.0,1,0.0,1,0.0,0.0,0.4,18697.0,0.0,0.0,0.0,0.0,0.04129026545613065
1162,0,,,2.0,2.0,0.9992990141526302,2.0,0.0,0.0,1,0.0,1,0.0,0.0,0.4,0.0,0.0,0.0,0.0,0.0,0.0779745472731763
1163,0,,,7.615773105863909,10.0,0.9999998768591748,7.0,0.0,0.0,1,0.0,1,0.0,0.0,0.4,3.0,0.0,0.0,0.0,0.0,0.10415137442639083
1164,0,,,16071.00003111194,16072.0,0.9999999887523568,1.0,0.0,0.0,1,0.0,1,0.0,0.0,0.4,16071.0,0.0,0.0,0.0,0.0,0.057913615154127816
1165,0,,,6213.00008047642,6214.0,0.9999999832426218,1.0,0.0,0.0,1,0.0,1,0.0,0.0,0.4,6213.0,0.0,0.0,0.0,0.0,0.04723094884420179
1166,0,,,3.0,3.0,0.9987677136415694,3.0,0.0,0.0,1,0.0,1,0.0,0.0,0.4,0.0,0.0,0.0,0.0,0.0,0.04913000720794408
1167,0,,,2.0,2.0,0.999076724020674,2.0,0.0,0.0,1,0.0,1,0.0,0.0,0.4,0.0,0.0,0.0,0.0,0.0,0.037670018660122394
1168,0,,,2.0,2.0,0.999611961278529,2.0,0.0,0.0,1,0.0,1,0.0,0.0,0.4,0.0,0.0,0.0,0.0,0.0,0.03806796648916393
1169,0,,,1.0,1.0,0.99887018379923,1.0,0.0,0.0,1,0.0,1,0.0,0.0,0.4,0.0,0.0,0.0,0.0,0.0,0.03829454852717256
1170,0,,,7079.001200734465,7084.0,0.9999999950438024,4.0,0.0,1.0,0,0.0,1,0.0,0.0,0.2,7079.0,0.0,0.0,0.0,0.0,0.8543770882468521
1171,0,,,2.0,2.0,0.9914573982080404,2.0,0.0,0.0,1,0.0,1,0.0,0.0,0.4,0.0,0.0,0.0,0.0,0.0,0.04067788219742153
1172,0,,,18983.00002633936,18984.0,0.9999999835048762,1.0,0.0,0.0,1,0.0,1,0.0,0.0,0.4,18983.0,0.0,0.0,0.0,0.0,0.04220860356209024
1173,0,,,2.0,2.0,0.9990545968106336,2.0,0.0,0.0,1,0.0,1,0.0,0.0,0.4,0.0,0.0,0.0,0.0,0.0,0.037670018660122394
1174,0,,,1.0,1.0,0.9914601339836672,1.0,0.0,0.0,1,0.0,1,0.0,0.0,0.4,0.0,0.0,0.0,0.0,0.0,0.12693595952168393
1175,0,,,1.0,1.0,0.9999999997935438,0.0,1.0,0.0,1,1.0,0,0.0,0.0,0.6,0.0,1.0,0.0,0.0,0.0,0.10358039787128633
1176,0,,,3.0,3.0,0.9890707100936804,3.0,0.0,0.0,1,0.0,1,0.0,0.0,0.4,0.0,0.0,0.0,0.0,0.0,0.1704406537954196
1177,0,,,6.0,6.0,0.9128709291752768,6.0,0.0,0.0,1,0.0,1,0.0,0.0,0.4,0.0,0.0,0.0,0.0,0.0,0.5533252998283248
1178,0,,,2.0,2.0,0.9979402655783318,2.0,0.0,0.0,1,0.0,1,0.0,0.0,0.4,0.0,0.0,0.0,0.0,0.0,0.09410354496187573
1179,0,,,13796.001304725944,13802.0,0.9999999972255198,6.0,0.0,0.0,1,0.0,1,0.0,0.0,0.4,13796.0,0.0,0.0,0.0,0.0,0.08003359869408301
1180,0,,,123.01625908797584,125.0,0.999999755243009,2.0,0.0,0.0,1,0.0,1,0.0,0.0,0.4,123.0,0.0,0.0,0.0,0.0,0.039186481399713244
1181,0,,,0.0,0.0,1.0,0.0,1.0,0.0,1,0.0,1,0.0,0.0,0.6,0.0,0.0,0.0,0.0,0.0,0.16319007826771129
1182,0,,,2.0,2.0,0.9990248656871404,2.0,0.0,0.0,1,0.0,1,0.0,0.0,0.4,0.0,0.0,0.0,0.0,0.0,0.07105733776291641
1183,0,,,4.0,4.0,0.9720028343615577,4.0,0.0,0.0,1,0.0,1,0.0,0.0,0.4,0.0,0.0,0.0,0.0,0.0,0.28340734400313367
1184,0,,,2.0,2.0,0.999608112064896,2.0,0.0,0.0,1,0.0,1,0.0,0.0,0.4,0.0,0.0,0.0,0.0,0.0,0.03821139057298917
1185,0,,,3.0,3.0,0.9428090415820634,3.0,0.0,0.0,1,0.0,1,0.0,0.0,0.4,0.0,0.0,0.0,0.0,0.0,0.06257920327737669
1186,0,,,2.0,2.0,0.999076724020674,2.0,0.0,0.0,1,0.0,1,0.0,0.0,0.4,0.0,0.0,0.0,0.0,0.0,0.037670018660122394
1187,0,,,20089.0,20089.0,0.9999999807365992,0.0,1.0,0.0,1,0.0,1,0.0,0.0,0.6,20089.0,0.0,0.0,0.0,0.0,0.13792998036476345
1188,0,,,3.0,3.0,0.9994838709333604,3.0,0.0,0.0,1,0.0,1,0.0,0.0,0.4,0.0,0.0,0.0,0.0,0.0,0.03876465038328342
1189,0,,,3.0,3.0,0.9981149841863164,3.0,0.0,0.0,1,0.0,1,0.0,0.0,0.4,0.0,0.0,0.0,0.0,0.0,0.08784850481710167
1190,0,,,3.0,3.0,0.9986310739646674,3.0,0.0,0.0,1,0.0,1,0.0,0.0,0.4,0.0,0.0,0.0,0.0,0.0,0.04549640260029673
1191,0,,,3.0,3.0,0.9987677136415694,3.0,0.0,0.0,1,0.0,1,0.0,0.0,0.4,0.0,0.0,0.0,0.0,0.0,0.04913000720794408
1192,0,,,2.0,2.0,0.9968410582470292,2.0,0.0,0.0,1,0.0,1,0.0,0.0,0.4,0.0,0.0,0.0,0.0,0.0,0.10631628135445227
1193,0,,,2.0,2.0,0.9938079899999064,2.0,0.0,0.0,1,0.0,1,0.0,0.0,0.4,0.0,0.0,0.0,0.0,0.0,0.040361913500901965
1194,0,,,416.0012019213406,417.0,0.9999999997682232,0.0,1.0,0.0,1,1.0,0,0.0,0.0,0.4,416.0,0.0,0.0,0.0,0.0,0.040077849916053926
1195,0,,,8230.000546780055,8233.0,0.999999999755115,3.0,0.0,0.0,1,0.0,1,0.0,0.0,0.4,8230.0,0.0,0.0,0.0,0.0,0.12043149468758796
1196,0,,,3.0,3.0,0.9981149841863164,3.0,0.0,0.0,1,0.0,1,0.0,0.0,0.4,0.0,0.0,0.0,0.0,0.0,0.08784850481710167
1197,0,,,3.0,3.0,0.9994838709333604,3.0,0.0,0.0,1,0.0,1,0.0,0.0,0.4,0.0,0.0,0.0,0.0,0.0,0.03876465038328342
1198,0,,,2821.002835872378,2825.0,0.9999999985560436,4.0,0.0,0.0,1,0.0,1,0.0,0.0,0.4,2821.0,0.0,0.0,0.0,0.0,0.038355688071577555
1199,0,,,0.0,0.0,1.0,0.0,0.0,0.0,1,0.0,1,0.0,0.0,0.4,0.0,0.0,0.0,0.0,0.0,0.07475133151412182
1200,0,,,2.0,2.0,0.9994056463070784,2.0,0.0,0.0,1,0.0,1,0.0,0.0,0.4,0.0,0.0,0.0,0.0,0.0,0.03766211526578688
1201,0,,,1.0,1.0,0.9960238411119948,1.0,0.0,0.0,1,0.0,1,0.0,0.0,0.4,0.0,0.0,0.0,0.0,0.0,0.03801677294841116
1202,0,,,2.0,2.0,0.999608112064896,2.0,0.0,0.0,1,0.0,1,0.0,0.0,0.4,0.0,0.0,0.0,0.0,0.0,0.03821139057298917
1203,0,,,20767.00009630664,20769.0,0.9999999084473166,2.0,0.0,0.0,1,0.0,1,0.0,0.0,0.4,20767.0,0.0,0.0,0.0,0.0,0.03921538652677315
1204,0,,,19281.000414916238,19285.0,0.9999999942861658,4.0,0.0,0.0,1,0.0,1,0.0,0.0,0.4,19281.0,0.0,0.0,0.0,0.0,0.04160263232124802
1205,0,,,2.0,2.0,0.9992990141526302,2.0,0.0,0.0,1,0.0,1,0.0,0.0,0.4,0.0,0.0,0.0,0.0,0.0,0.0779745472731763
1206,0,,,2.0,2.0,0.9992990141526302,2.0,0.0,0.0,1,0.0,1,0.0,0.0,0.4,0.0,0.0,0.0,0.0,0.0,0.0779745472731763
1207,0,,,17794.00002809936,17795.0,0.9999999882011856,1.0,0.0,0.0,1,0.0,1,0.0,0.0,0.4,17794.0,0.0,0.0,0.0,0.0,0.05458601815658152
1208,0,,,0.0,0.0,1.0,0.0,0.0,0.0,1,0.0,1,0.0,0.0,0.4,0.0,0.0,0.0,0.0,0.0,0.07475133151412182
1209,0,,,2.0,2.0,0.999608112064896,2.0,0.0,0.0,1,0.0,1,0.0,0.0,0.4,0.0,0.0,0.0,0.0,0.0,0.03821139057298917
1210,0,,,29899.0,29899.0,0.999999994871869,0.0,1.0,0.0,1,0.0,1,0.0,0.0,0.6,29899.0,0.0,0.0,0.0,0.0,0.04699987488081312
1211,0,,,2.0,2.0,0.999608112064896,2.0,0.0,0.0,1,0.0,1,0.0,0.0,0.4,0.0,0.0,0.0,0.0,0.0,0.03821139057298917
1212,0,,,30001.000016666112,30002.0,0.9999999959793092,1.0,0.0,0.0,1,0.0,1,0.0,0.0,0.4,30001.0,0.0,0.0,0.0,0.0,0.07043162640893759
1213,0,,,3.0,3.0,0.9981149841863164,3.0,0.0,0.0,1,0.0,1,0.0,0.0,0.4,0.0,0.0,0.0,0.0,0.0,0.08784850481710167
1214,0,,,35879.00001393573,35880.0,0.9999999976820826,1.0,0.0,0.0,1,0.0,1,0.0,0.0,0.4,35879.0,0.0,0.0,0.0,0.0,0.4771923914859079
1215,0,,,143.0,143.0,0.9999994398046232,0.0,1.0,0.0,1,0.0,1,0.0,0.0,0.6,143.0,0.0,0.0,0.0,0.0,0.14275941911486795
1216,0,,,3388.00014757969,3389.0,0.9999999338029134,1.0,0.0,0.0,1,0.0,1,0.0,0.0,0.4,3388.0,0.0,0.0,0.0,0.0,0.04528509732414241
1217,0,,,2.0,2.0,0.9968410582470292,2.0,0.0,0.0,1,0.0,1,0.0,0.0,0.4,0.0,0.0,0.0,0.0,0.0,0.10631628135445227
1218,0,,,0.0,0.0,1.0,0.0,0.0,0.0,1,0.0,1,0.0,0.0,0.4,0.0,0.0,0.0,0.0,0.0,0.07475133151412182
1219,0,,,3.0,3.0,0.9981149841863164,3.0,0.0,0.0,1,0.0,1,0.0,0.0,0.4,0.0,0.0,0.0,0.0,0.0,0.08784850481710167
1220,0,,,4410.000453514716,4412.0,0.9999998799318518,2.0,0.0,0.0,1,0.0,1,0.0,0.0,0.4,4410.0,0.0,0.0,0.0,0.0,0.038522500720925314
1221,0,,,19919.000401626585,19923.0,0.9999999946925446,4.0,0.0,0.0,1,0.0,1,0.0,0.0,0.4,19919.0,0.0,0.0,0.0,0.0,0.04179356535279288
1222,0,,,891.0005611670512,892.0,0.9999999999280168,0.0,1.0,1.0,0,0.0,1,0.0,0.0,0.4,891.0,0.0,0.0,0.0,0.0,0.08864509608644316
1223,0,,,26384.00001895088,26385.0,0.9999999975278918,1.0,0.0,0.0,1,0.0,1,0.0,0.0,0.4,26384.0,0.0,0.0,0.0,0.0,0.04290315352539952
1224,0,,,2.0,2.0,0.999076724020674,2.0,0.0,0.0,1,0.0,1,0.0,0.0,0.4,0.0,0.0,0.0,0.0,0.0,0.037670018660122394
1225,0,,,3.0,3.0,0.9428090415820634,3.0,0.0,0.0,1,0.0,1,0.0,0.0,0.4,0.0,0.0,0.0,0.0,0.0,0.06257920327737669
1226,0,,,39005.00001281887,39006.0,0.9999999978281818,1.0,0.0,0.0,1,0.0,1,0.0,0.0,0.4,39005.0,0.0,0.0,0.0,0.0,0.06495315596722019
1227,0,,,1.0,1.0,0.9997028673237036,1.0,0.0,0.0,1,0.0,1,0.0,0.0,0.4,0.0,0.0,0.0,0.0,0.0,0.7076034112241864
1228,0,,,2.0,2.0,0.9960238411119948,2.0,0.0,0.0,1,0.0,1,0.0,0.0,0.4,0.0,0.0,0.0,0.0,0.0,0.03904477199588021
1229,0,,,2.0,2.0,0.9964589123924024,2.0,0.0,0.0,1,0.0,1,0.0,0.0,0.4,0.0,0.0,0.0,0.0,0.0,0.04261006561642753
1230,0,,,2.0,2.0,0.9864400504156212,2.0,0.0,0.0,1,0.0,1,0.0,0.0,0.4,0.0,0.0,0.0,0.0,0.0,0.10452755984247956
1231,0,,,908.0137664154656,913.0,0.9999999982154814,5.0,0.0,0.0,1,0.0,1,0.0,0.0,0.4,908.0,0.0,0.0,0.0,0.0,0.06393738841996385
1232,0,,,12911.000154906667,12913.0,0.9999999990861146,2.0,0.0,0.0,1,0.0,1,0.0,0.0,0.4,12911.0,0.0,0.0,0.0,0.0,0.04166239973140803
1233,0,,,2.0,2.0,0.9992990141526302,2.0,0.0,0.0,1,0.0,1,0.0,0.0,0.4,0.0,0.0,0.0,0.0,0.0,0.0779745472731763
1234,0,,,3110.002572346203,3114.0,0.9999999973834492,4.0,0.0,0.0,1,0.0,1,0.0,0.0,0.4,3110.0,0.0,0.0,0.0,0.0,0.03815544296634071
1235,0,,,3.0,3.0,0.9981149841863164,3.0,0.0,0.0,1,0.0,1,0.0,0.0,0.4,0.0,0.0,0.0,0.0,0.0,0.08784850481710167
1236,0,,,2.0,2.0,0.9914573982080404,2.0,0.0,0.0,1,0.0,1,0.0,0.0,0.4,0.0,0.0,0.0,0.0,0.0,0.04067788219742153
1237,0,,,1.0,1.0,0.9979402655783318,1.0,0.0,0.0,1,0.0,1,0.0,0.0,0.4,0.0,0.0,0.0,0.0,0.0,0.03858619509177146
1238,0,,,3.0,3.0,0.9995044352735956,3.0,0.0,0.0,1,0.0,1,0.0,0.0,0.4,0.0,0.0,0.0,0.0,0.0,0.03823264235710399
1239,0,,,1.0,1.0,0.9855274566525744,1.0,0.0,0.0,1,0.0,1,0.0,0.0,0.4,0.0,0.0,0.0,0.0,0.0,0.04733130285617676
1240,0,,,3.0,3.0,0.99313261921854,3.0,0.0,0.0,1,0.0,1,0.0,0.0,0.4,0.0,0.0,0.0,0.0,0.0,0.40223815521191364
1241,0,,,2.0,2.0,0.999076724020674,2.0,0.0,0.0,1,0.0,1,0.0,0.0,0.4,0.0,0.0,0.0,0.0,0.0,0.037670018660122394
1242,0,,,1.0,1.0,0.9428090415820636,0.0,1.0,0.0,1,1.0,0,0.0,0.0,0.4,0.0,0.0,0.0,0.0,0.0,0.3482929442663843
1243,0,,,3.0,3.0,0.9986310739646674,3.0,0.0,0.0,1,0.0,1,0.0,0.0,0.4,0.0,0.0,0.0,0.0,0.0,0.04549640260029673
1244,0,,,34386.000014540805,34387.0,0.9999999947282944,1.0,0.0,0.0,1,0.0,1,0.0,0.0,0.4,34386.0,0.0,0.0,0.0,0.0,0.12646820915344145
1245,0,,,7400.0,7400.0,0.9999998712545508,0.0,1.0,0.0,1,0.0,1,0.0,0.0,0.6,7400.0,0.0,0.0,0.0,0.0,0.204796240892593
1246,0,,,3901.0001281722616,3902.0,0.9999999998928646,0.0,1.0,0.0,1,1.0,0,0.0,0.0,0.4,3901.0,0.0,0.0,0.0,0.0,0.04594714985891085
1247,0,,,11.445523142259598,15.0,0.3572948005052482,11.0,0.0,3.0,0,1.0,0,0.0,0.0,0.0,0.0,0.0,0.0,0.0,0.0,0.5397034132258705
1248,0,,,3.0,3.0,0.9981149841863164,3.0,0.0,0.0,1,0.0,1,0.0,0.0,0.4,0.0,0.0,0.0,0.0,0.0,0.08784850481710167
1249,0,,,216.0023148024113,217.0,0.9999999997708522,0.0,1.0,0.0,1,1.0,0,0.0,0.0,0.4,216.0,0.0,0.0,0.0,0.0,0.04157675440508001
1250,0,,,2.0,2.0,0.9992990141526302,2.0,0.0,0.0,1,0.0,1,0.0,0.0,0.4,0.0,0.0,0.0,0.0,0.0,0.0779745472731763
1251,0,,,30786.000146170336,30789.0,0.999999995562312,3.0,0.0,0.0,1,0.0,1,0.0,0.0,0.4,30786.0,0.0,0.0,0.0,0.0,0.17628435096413397
1252,0,,,32080.00006234414,32082.0,0.9999999915426572,2.0,0.0,0.0,1,0.0,1,0.0,0.0,0.4,32080.0,0.0,0.0,0.0,0.0,0.11518184144425601
1253,0,,,29029.0,29029.0,0.9999999965883646,0.0,1.0,0.0,1,0.0,1,0.0,0.0,0.6,29029.0,0.0,0.0,0.0,0.0,0.04762683509542299
1254,0,,,29201.0,29201.0,0.9999998628789548,0.0,1.0,0.0,1,0.0,1,0.0,0.0,0.6,29201.0,0.0,0.0,0.0,0.0,0.047398042950059206
1255,0,,,2.0,2.0,0.999076724020674,2.0,0.0,0.0,1,0.0,1,0.0,0.0,0.4,0.0,0.0,0.0,0.0,0.0,0.037670018660122394
1256,0,,,2.0,2.0,0.9994056463070784,2.0,0.0,0.0,1,0.0,1,0.0,0.0,0.4,0.0,0.0,0.0,0.0,0.0,0.03766211526578688
1257,0,,,2.0,2.0,0.9986187838711752,2.0,0.0,0.0,1,0.0,1,0.0,0.0,0.4,0.0,0.0,0.0,0.0,0.0,0.03749455652083708
1258,0,,,2.0,2.0,0.999608112064896,2.0,0.0,0.0,1,0.0,1,0.0,0.0,0.4,0.0,0.0,0.0,0.0,0.0,0.03821139057298917
1259,0,,,4.0,4.0,0.9995247148020496,4.0,0.0,0.0,1,0.0,1,0.0,0.0,0.4,0.0,0.0,0.0,0.0,0.0,0.059070497854049685
1260,0,,,14661.000034104083,14662.0,0.9999999922623471,1.0,0.0,0.0,1,0.0,1,0.0,0.0,0.4,14661.0,0.0,0.0,0.0,0.0,0.05151489899770952
1261,0,,,3.0,3.0,0.9799578870122228,3.0,0.0,0.0,1,0.0,1,0.0,0.0,0.4,0.0,0.0,0.0,0.0,0.0,0.10282799120954432
1262,0,,,2.0,2.0,0.9968410582470292,2.0,0.0,0.0,1,0.0,1,0.0,0.0,0.4,0.0,0.0,0.0,0.0,0.0,0.10631628135445227
1263,0,,,22005.000363553736,22009.0,0.999999998131662,4.0,0.0,0.0,1,0.0,1,0.0,0.0,0.4,22005.0,0.0,0.0,0.0,0.0,0.04391810979517686
1264,0,,,2.0,2.0,0.9997500937109548,2.0,0.0,0.0,1,0.0,1,0.0,0.0,0.4,0.0,0.0,0.0,0.0,0.0,0.03841429086549595
1265,0,,,3.0,3.0,0.9995044352735956,3.0,0.0,0.0,1,0.0,1,0.0,0.0,0.4,0.0,0.0,0.0,0.0,0.0,0.03823264235710399
1266,0,,,0.0,0.0,1.0,0.0,0.0,0.0,1,0.0,1,0.0,0.0,0.4,0.0,0.0,0.0,0.0,0.0,0.07475133151412182
1267,0,,,14806.000135080372,14808.0,0.9999999999785808,2.0,0.0,0.0,1,0.0,1,0.0,0.0,0.4,14806.0,0.0,0.0,0.0,0.0,0.039566596719757645
1268,0,,,6298.001270244394,6302.0,0.9999999982990884,4.0,0.0,0.0,1,0.0,1,0.0,0.0,0.4,6298.0,0.0,0.0,0.0,0.0,0.03944762110006659
1269,0,,,16081.000124370374,16083.0,0.999999998077822,2.0,0.0,0.0,1,0.0,1,0.0,0.0,0.4,16081.0,0.0,0.0,0.0,0.0,0.04157240066371032
1270,0,,,2.0,2.0,0.9986054207456784,2.0,0.0,0.0,1,0.0,1,0.0,0.0,0.4,0.0,0.0,0.0,0.0,0.0,0.03749455652083708
1271,0,,,1.0,1.0,0.99887018379923,1.0,0.0,0.0,1,0.0,1,0.0,0.0,0.4,0.0,0.0,0.0,0.0,0.0,0.03829454852717256
1272,0,,,2.0,2.0,0.9997500937109548,2.0,0.0,0.0,1,0.0,1,0.0,0.0,0.4,0.0,0.0,0.0,0.0,0.0,0.03841429086549595
1273,0,,,3.0,3.0,0.9981149841863164,3.0,0.0,0.0,1,0.0,1,0.0,0.0,0.4,0.0,0.0,0.0,0.0,0.0,0.08784850481710167
1274,0,,,19210.00093701195,19216.0,0.9999999904047602,6.0,0.0,0.0,1,0.0,1,0.0,0.0,0.4,19210.0,0.0,0.0,0.0,0.0,0.058553682443103806
1275,0,,,0.0,0.0,1.0,0.0,1.0,0.0,1,0.0,1,0.0,0.0,0.6,0.0,0.0,0.0,0.0,0.0,0.16319007826771129
1276,0,,,5.0990195135927845,6.0,0.3726779962499649,1.0,0.0,0.0,1,0.0,1,0.0,0.0,0.4,0.0,0.0,0.0,0.0,0.0,0.5273861473139058
1277,0,,,2.0,2.0,0.9990248656871404,2.0,0.0,0.0,1,0.0,1,0.0,0.0,0.4,0.0,0.0,0.0,0.0,0.0,0.07105733776291641
1278,0,,,2.0,2.0,0.9993606137453732,2.0,0.0,0.0,1,0.0,1,0.0,0.0,0.4,0.0,0.0,0.0,0.0,0.0,0.03771984987810026
1279,0,,,23189.0,23189.0,0.9999999932465627,0.0,1.0,0.0,1,0.0,1,0.0,0.0,0.6,23189.0,0.0,0.0,0.0,0.0,0.05158953563543412
1280,0,,,2182.002062327165,2185.0,0.999999958001644,3.0,0.0,0.0,1,0.0,1,0.0,0.0,0.4,2182.0,0.0,0.0,0.0,0.0,0.04013306840425776
1281,0,,,83.00602387778854,84.0,0.9999999955307648,0.0,1.0,0.0,1,1.0,0,0.0,0.0,0.4,83.0,0.0,0.0,0.0,0.0,0.041383268632896666
1282,0,,,7111.000070313598,7112.0,0.9999999998443464,0.0,1.0,1.0,0,0.0,1,0.0,0.0,0.4,7111.0,0.0,0.0,0.0,0.0,0.12834079357779904
1283,0,,,2.0,2.0,0.9992990141526302,2.0,0.0,0.0,1,0.0,1,0.0,0.0,0.4,0.0,0.0,0.0,0.0,0.0,0.0779745472731763
1284,0,,,2.0,2.0,0.9870334871066369,2.0,0.0,0.0,1,0.0,1,0.0,0.0,0.4,0.0,0.0,0.0,0.0,0.0,0.04416633454124014
1285,0,,,32810.00006095703,32812.0,0.9999999927422126,2.0,0.0,0.0,1,0.0,1,0.0,0.0,0.4,32810.0,0.0,0.0,0.0,0.0,0.1407938339142157
1286,0,,,1.0,1.0,0.9938079899999064,1.0,0.0,0.0,1,0.0,1,0.0,0.0,0.4,0.0,0.0,0.0,0.0,0.0,0.03979151804390687
1287,0,,,3.0,3.0,0.999229286976064,3.0,0.0,0.0,1,0.0,1,0.0,0.0,0.4,0.0,0.0,0.0,0.0,0.0,0.045928225904439485
1288,0,,,3.0,3.0,0.999229286976064,3.0,0.0,0.0,1,0.0,1,0.0,0.0,0.4,0.0,0.0,0.0,0.0,0.0,0.045928225904439485
1289,0,,,1.0,1.0,0.9960238411119948,1.0,0.0,0.0,1,0.0,1,0.0,0.0,0.4,0.0,0.0,0.0,0.0,0.0,0.03801677294841116
1290,0,,,10.44030650891055,13.0,0.999999998140888,3.0,0.0,0.0,1,0.0,1,0.0,0.0,0.4,10.0,0.0,0.0,0.0,0.0,0.04264008702122441
1291,0,,,97007.00044326698,97019.0,-0.3779566787224073,9.0,0.0,2.0,0,1.0,0,0.0,0.0,0.0,97007.0,0.0,0.0,0.0,0.0,0.7673661944634714
1292,0,,,2.0,2.0,0.9997313633262476,2.0,0.0,0.0,1,0.0,1,0.0,0.0,0.4,0.0,0.0,0.0,0.0,0.0,0.0682249476277352
1293,0,,,2.0,2.0,0.9995437747834997,2.0,0.0,0.0,1,0.0,1,0.0,0.0,0.4,0.0,0.0,0.0,0.0,0.0,0.03766211526578688
1294,0,,,0.0,0.0,1.0,0.0,0.0,0.0,1,0.0,1,0.0,0.0,0.4,0.0,0.0,0.0,0.0,0.0,0.07475133151412182
1295,0,,,2.0,2.0,0.9979402655783318,2.0,0.0,0.0,1,0.0,1,0.0,0.0,0.4,0.0,0.0,0.0,0.0,0.0,0.09410354496187573
1296,0,,,3.0,3.0,0.999229286976064,3.0,0.0,0.0,1,0.0,1,0.0,0.0,0.4,0.0,0.0,0.0,0.0,0.0,0.045928225904439485
1297,0,,,1891.0002644103463,1892.0,0.999999999939926,0.0,1.0,0.0,1,1.0,0,0.0,0.0,0.4,1891.0,0.0,0.0,0.0,0.0,0.04232918514807658
1298,0,,,2.0,2.0,0.9960238411119948,2.0,0.0,0.0,1,0.0,1,0.0,0.0,0.4,0.0,0.0,0.0,0.0,0.0,0.03904477199588021
1299,0,,,3.0,3.0,0.9987677136415694,3.0,0.0,0.0,1,0.0,1,0.0,0.0,0.4,0.0,0.0,0.0,0.0,0.0,0.04913000720794408
1300,0,,,14.142135623730953,16.0,0.9999986091965244,2.0,0.0,0.0,1,0.0,1,0.0,0.0,0.4,14.0,0.0,0.0,0.0,0.0,0.04583683314453706
1301,0,,,2.0,2.0,0.9992990141526302,2.0,0.0,0.0,1,0.0,1,0.0,0.0,0.4,0.0,0.0,0.0,0.0,0.0,0.0779745472731763
1302,0,,,1.0,1.0,0.9999999999295248,0.0,1.0,1.0,0,0.0,1,0.0,0.0,0.6,0.0,1.0,0.0,0.0,0.0,0.21080133982163207
1303,0,,,3.0,3.0,0.9994838709333604,3.0,0.0,0.0,1,0.0,1,0.0,0.0,0.4,0.0,0.0,0.0,0.0,0.0,0.03876465038328342
1304,0,,,2.0,2.0,0.9992990141526302,2.0,0.0,0.0,1,0.0,1,0.0,0.0,0.4,0.0,0.0,0.0,0.0,0.0,0.0779745472731763
1305,0,,,1.4142135623730951,2.0,0.9946717954563348,1.0,0.0,0.0,1,1.0,0,0.0,0.0,0.2,0.0,0.0,0.0,0.0,0.0,0.9072140912113243
1306,0,,,8221.000243279403,8223.0,0.999999999926163,2.0,0.0,0.0,1,0.0,1,0.0,0.0,0.4,8221.0,0.0,0.0,0.0,0.0,0.04377061509383368
1307,0,,,3012.005976089689,3018.0,0.9999999977853088,6.0,0.0,0.0,1,0.0,1,0.0,0.0,0.4,3012.0,0.0,0.0,0.0,0.0,0.053032425889081664
1308,0,,,2.0,2.0,0.9994056463070784,2.0,0.0,0.0,1,0.0,1,0.0,0.0,0.4,0.0,0.0,0.0,0.0,0.0,0.03766211526578688
1309,0,,,34919.00001431885,34920.0,0.9999999971971796,1.0,0.0,0.0,1,0.0,1,0.0,0.0,0.4,34919.0,0.0,0.0,0.0,0.0,0.12297756341681858
1310,0,,,1.0,1.0,0.994936676326182,1.0,0.0,0.0,1,0.0,1,0.0,0.0,0.4,0.0,0.0,0.0,0.0,0.0,0.03862441470808545
1311,0,,,2.0,2.0,0.997965409896352,2.0,0.0,0.0,1,0.0,1,0.0,0.0,0.4,0.0,0.0,0.0,0.0,0.0,0.05835566664354274
1312,0,,,3.0,3.0,0.9994838709333604,3.0,0.0,0.0,1,0.0,1,0.0,0.0,0.4,0.0,0.0,0.0,0.0,0.0,0.03876465038328342
1313,0,,,3.0,3.0,0.9960238411119948,3.0,0.0,0.0,1,0.0,1,0.0,0.0,0.4,0.0,0.0,0.0,0.0,0.0,0.3506212703340304
1314,0,,,2.0,2.0,0.9990545968106336,2.0,0.0,0.0,1,0.0,1,0.0,0.0,0.4,0.0,0.0,0.0,0.0,0.0,0.037670018660122394
1315,0,,,485.0041236938095,487.0,0.9999999992142375,2.0,0.0,0.0,1,0.0,1,0.0,0.0,0.4,485.0,0.0,0.0,0.0,0.0,0.03909099707510421
1316,0,,,3.0,3.0,0.9995044352735956,3.0,0.0,0.0,1,0.0,1,0.0,0.0,0.4,0.0,0.0,0.0,0.0,0.0,0.03823264235710399
1317,0,,,2.0,2.0,0.9990248656871404,2.0,0.0,0.0,1,0.0,1,0.0,0.0,0.4,0.0,0.0,0.0,0.0,0.0,0.07105733776291641
1318,0,,,9500.0,9500.0,0.9999700081348742,0.0,1.0,0.0,1,0.0,1,0.0,0.0,0.6,9500.0,0.0,0.0,0.0,0.0,0.16752662726540377
1319,0,,,2.0,2.0,0.9979402655783318,2.0,0.0,0.0,1,0.0,1,0.0,0.0,0.4,0.0,0.0,0.0,0.0,0.0,0.09410354496187573
1320,0,,,1895.000527704412,1897.0,0.999999999863486,1.0,0.0,0.0,1,1.0,0,0.0,0.0,0.2,1895.0,0.0,0.0,0.0,0.0,0.16075702110887927
1321,0,,,10.198039027185567,12.0,0.5960395606792697,10.0,0.0,2.0,0,0.0,1,0.0,0.0,0.2,0.0,0.0,0.0,0.0,0.0,0.6822933214955591
1322,0,,,9970.000050150453,9971.0,0.9999999997796108,0.0,1.0,1.0,0,0.0,1,0.0,0.0,0.4,9970.0,0.0,0.0,0.0,0.0,0.22192419702731783
1323,0,,,294.00340134086883,296.0,0.9999989042934058,1.0,0.0,0.0,1,1.0,0,0.0,0.0,0.2,294.0,0.0,0.0,0.0,0.0,0.30616974282436155
1324,0,,,3.0,3.0,0.9991111899408198,3.0,0.0,0.0,1,0.0,1,0.0,0.0,0.4,0.0,0.0,0.0,0.0,0.0,0.039733076489767136
1325,0,,,1.0,1.0,0.9984087601656988,1.0,0.0,0.0,1,0.0,1,0.0,0.0,0.4,0.0,0.0,0.0,0.0,0.0,0.03824461362596581
1326,0,,,2.0,2.0,0.9964589123924024,2.0,0.0,0.0,1,0.0,1,0.0,0.0,0.4,0.0,0.0,0.0,0.0,0.0,0.04261006561642753
1327,0,,,3.0,3.0,0.9995044352735956,3.0,0.0,0.0,1,0.0,1,0.0,0.0,0.4,0.0,0.0,0.0,0.0,0.0,0.03823264235710399
1328,0,,,11795.000169563373,11797.0,0.9999999999053788,2.0,0.0,0.0,1,0.0,1,0.0,0.0,0.4,11795.0,0.0,0.0,0.0,0.0,0.03992856918717654
1329,0,,,982.0081466057194,986.0,0.9999999989676762,4.0,0.0,0.0,1,0.0,1,0.0,0.0,0.4,982.0,0.0,0.0,0.0,0.0,0.047388751285705376
1330,0,,,3.0,3.0,0.9923721235559484,3.0,0.0,0.0,1,0.0,1,0.0,0.0,0.4,0.0,0.0,0.0,0.0,0.0,0.2700641551555016
1331,0,,,2.0,2.0,0.9993606137453732,2.0,0.0,0.0,1,0.0,1,0.0,0.0,0.4,0.0,0.0,0.0,0.0,0.0,0.03771984987810026
1332,0,,,3390.00058997045,3392.0,0.9999999874979068,2.0,0.0,0.0,1,0.0,1,0.0,0.0,0.4,3390.0,0.0,0.0,0.0,0.0,0.03766700863395316
1333,0,,,0.0,0.0,1.0,0.0,0.0,0.0,1,0.0,1,0.0,0.0,0.4,0.0,0.0,0.0,0.0,0.0,0.07475133151412182
1334,0,,,2099.0038113352725,2103.0,0.9999999956675608,4.0,0.0,0.0,1,0.0,1,0.0,0.0,0.4,2099.0,0.0,0.0,0.0,0.0,0.04051283034709755
1335,0,,,26094.00017245344,26097.0,0.9999999996702826,3.0,0.0,0.0,1,0.0,1,0.0,0.0,0.4,26094.0,0.0,0.0,0.0,0.0,0.05487881966636978
1336,0,,,16903.000266224928,16906.0,0.9999999999461,3.0,0.0,0.0,1,0.0,1,0.0,0.0,0.4,16903.0,0.0,0.0,0.0,0.0,0.06285539290412835
1337,0,,,25111.00007964637,25113.0,0.999999995233301,2.0,0.0,0.0,1,0.0,1,0.0,0.0,0.4,25111.0,0.0,0.0,0.0,0.0,0.04318365263060198
1338,0,,,24979.00002001681,24980.0,0.999999997976259,1.0,0.0,0.0,1,0.0,1,0.0,0.0,0.4,24979.0,0.0,0.0,0.0,0.0,0.04246161767786749
1339,0,,,2.0,2.0,0.9992990141526302,2.0,0.0,0.0,1,0.0,1,0.0,0.0,0.4,0.0,0.0,0.0,0.0,0.0,0.0779745472731763
1340,0,,,3.0,3.0,0.9981149841863164,3.0,0.0,0.0,1,0.0,1,0.0,0.0,0.4,0.0,0.0,0.0,0.0,0.0,0.08784850481710167
1341,0,,,1.0,1.0,0.9525793444156804,1.0,0.0,0.0,1,0.0,1,0.0,0.0,0.4,0.0,0.0,0.0,0.0,0.0,0.043480237442218815
1342,0,,,2.0,2.0,0.9986054207456784,2.0,0.0,0.0,1,0.0,1,0.0,0.0,0.4,0.0,0.0,0.0,0.0,0.0,0.03749455652083708
1343,0,,,1.0,1.0,0.9486832980505138,0.0,1.0,1.0,0,0.0,1,0.0,0.0,0.4,0.0,0.0,0.0,0.0,0.0,0.4900762379981332
1344,0,,,3318.0001506931853,3319.0,0.999999949863982,1.0,0.0,0.0,1,0.0,1,0.0,0.0,0.4,3318.0,0.0,0.0,0.0,0.0,0.045386042890806506
1345,0,,,2.0,2.0,0.9971872527088884,2.0,0.0,0.0,1,0.0,1,0.0,0.0,0.4,0.0,0.0,0.0,0.0,0.0,0.06688322666457618
1346,0,,,2.0,2.0,0.9992990141526302,2.0,0.0,0.0,1,0.0,1,0.0,0.0,0.4,0.0,0.0,0.0,0.0,0.0,0.0779745472731763
1347,0,,,2.0,2.0,0.9870334871066369,2.0,0.0,0.0,1,0.0,1,0.0,0.0,0.4,0.0,0.0,0.0,0.0,0.0,0.04416633454124014
1348,0,,,2.0,2.0,0.999076724020674,2.0,0.0,0.0,1,0.0,1,0.0,0.0,0.4,0.0,0.0,0.0,0.0,0.0,0.037670018660122394
1349,0,,,31184.000016033864,31185.0,0.9999999991164076,1.0,0.0,0.0,1,0.0,1,0.0,0.0,0.4,31184.0,0.0,0.0,0.0,0.0,0.06600811585349714
1350,0,,,3.0,3.0,0.9981149841863164,3.0,0.0,0.0,1,0.0,1,0.0,0.0,0.4,0.0,0.0,0.0,0.0,0.0,0.08784850481710167
1351,0,,,2.0,2.0,0.9986054207456784,2.0,0.0,0.0,1,0.0,1,0.0,0.0,0.4,0.0,0.0,0.0,0.0,0.0,0.03749455652083708
1352,0,,,704.0575260587731,713.0,0.9999999816937658,9.0,0.0,0.0,1,0.0,1,0.0,0.0,0.4,704.0,0.0,0.0,0.0,0.0,0.1729558569911809
1353,0,,,2.0,2.0,0.9986054207456784,2.0,0.0,0.0,1,0.0,1,0.0,0.0,0.4,0.0,0.0,0.0,0.0,0.0,0.03749455652083708
1354,0,,,21813.00002292211,21814.0,0.9999999763767096,1.0,0.0,0.0,1,0.0,1,0.0,0.0,0.4,21813.0,0.0,0.0,0.0,0.0,0.040123589672265446
1355,0,,,2.0,2.0,0.9995437747834997,2.0,0.0,0.0,1,0.0,1,0.0,0.0,0.4,0.0,0.0,0.0,0.0,0.0,0.03766211526578688
1356,0,,,2.0,2.0,0.9997500937109548,2.0,0.0,0.0,1,0.0,1,0.0,0.0,0.4,0.0,0.0,0.0,0.0,0.0,0.03841429086549595
1357,0,,,1.0,1.0,0.997965409896352,1.0,0.0,0.0,1,0.0,1,0.0,0.0,0.4,0.0,0.0,0.0,0.0,0.0,0.03820006813046878
1358,0,,,0.0,0.0,1.0,0.0,1.0,0.0,1,0.0,1,0.0,0.0,0.6,0.0,0.0,0.0,0.0,0.0,0.16319007826771129
1359,0,,,2.0,2.0,0.9997313633262476,2.0,0.0,0.0,1,0.0,1,0.0,0.0,0.4,0.0,0.0,0.0,0.0,0.0,0.0682249476277352
1360,0,,,23182.00002156846,23183.0,0.999999981309694,1.0,0.0,0.0,1,0.0,1,0.0,0.0,0.4,23182.0,0.0,0.0,0.0,0.0,0.043000563622796195
1361,0,,,2.0,2.0,0.9986187838711752,2.0,0.0,0.0,1,0.0,1,0.0,0.0,0.4,0.0,0.0,0.0,0.0,0.0,0.03749455652083708
1362,0,,,2.0,2.0,0.9986187838711752,2.0,0.0,0.0,1,0.0,1,0.0,0.0,0.4,0.0,0.0,0.0,0.0,0.0,0.03749455652083708
1363,0,,,0.0,0.0,1.0,0.0,1.0,0.0,1,0.0,1,0.0,0.0,0.6,0.0,0.0,0.0,0.0,0.0,0.16319007826771129
1364,0,,,11111.000180001798,11113.0,0.999999991750587,2.0,0.0,0.0,1,0.0,1,0.0,0.0,0.4,11111.0,0.0,0.0,0.0,0.0,0.0510354757029419
1365,0,,,38991.00001282348,38992.0,0.9999999945272462,1.0,0.0,0.0,1,0.0,1,0.0,0.0,0.4,38991.0,0.0,0.0,0.0,0.0,0.06530571745232094
1366,0,,,3.0,3.0,0.9981149841863164,3.0,0.0,0.0,1,0.0,1,0.0,0.0,0.4,0.0,0.0,0.0,0.0,0.0,0.08784850481710167
1367,0,,,2.0,2.0,0.9994056463070784,2.0,0.0,0.0,1,0.0,1,0.0,0.0,0.4,0.0,0.0,0.0,0.0,0.0,0.03766211526578688
1368,0,,,1.0,1.0,0.997965409896352,1.0,0.0,0.0,1,0.0,1,0.0,0.0,0.4,0.0,0.0,0.0,0.0,0.0,0.03820006813046878
1369,0,,,2.0,2.0,0.9986054207456784,2.0,0.0,0.0,1,0.0,1,0.0,0.0,0.4,0.0,0.0,0.0,0.0,0.0,0.03749455652083708
1370,0,,,2.0,2.0,0.9998969470562769,2.0,0.0,0.0,1,0.0,1,0.0,0.0,0.4,0.0,0.0,0.0,0.0,0.0,0.04222926851826012
1371,0,,,0.0,0.0,1.0,0.0,1.0,0.0,1,0.0,1,0.0,0.0,0.6,0.0,0.0,0.0,0.0,0.0,0.16319007826771129
1372,0,,,2.0,2.0,0.9998098045724798,2.0,0.0,0.0,1,0.0,1,0.0,0.0,0.4,0.0,0.0,0.0,0.0,0.0,0.03938080884155897
1373,0,,,2.0,2.0,0.9992990141526302,2.0,0.0,0.0,1,0.0,1,0.0,0.0,0.4,0.0,0.0,0.0,0.0,0.0,0.0779745472731763
1374,0,,,3.0,3.0,0.9981149841863164,3.0,0.0,0.0,1,0.0,1,0.0,0.0,0.4,0.0,0.0,0.0,0.0,0.0,0.08784850481710167
1375,0,,,2.23606797749979,3.0,0.4714045207910318,2.0,0.0,0.0,1,1.0,0,0.0,0.0,0.2,0.0,0.0,0.0,0.0,0.0,0.6724178114081228
1376,0,,,5879.003061744397,5885.0,0.9999999959936564,6.0,0.0,0.0,1,0.0,1,0.0,0.0,0.4,5879.0,0.0,0.0,0.0,0.0,0.051118139220592995
1377,0,,,1262.0083200993563,1269.0,-0.082611731987213,4.0,0.0,2.0,0,1.0,0,0.0,0.0,0.0,1262.0,0.0,0.0,0.0,0.0,0.7824324098569578
1378,0,,,3.0,3.0,0.9987677136415694,3.0,0.0,0.0,1,0.0,1,0.0,0.0,0.4,0.0,0.0,0.0,0.0,0.0,0.04913000720794408
1379,0,,,2.0,2.0,0.9992990141526302,2.0,0.0,0.0,1,0.0,1,0.0,0.0,0.4,0.0,0.0,0.0,0.0,0.0,0.0779745472731763
1380,0,,,2.0,2.0,0.9986054207456784,2.0,0.0,0.0,1,0.0,1,0.0,0.0,0.4,0.0,0.0,0.0,0.0,0.0,0.03749455652083708
1381,0,,,4.0,4.0,0.9641540122283004,4.0,0.0,0.0,1,0.0,1,0.0,0.0,0.4,0.0,0.0,0.0,0.0,0.0,0.21610863614590323
1382,0,,,4.0,4.0,0.9778221244579728,4.0,0.0,0.0,1,0.0,1,0.0,0.0,0.4,0.0,0.0,0.0,0.0,0.0,0.304384000734013
1383,0,,,1405.000355871841,1406.0,0.9999999997506644,0.0,1.0,0.0,1,1.0,0,0.0,0.0,0.4,1405.0,0.0,0.0,0.0,0.0,0.04088220967065782
1384,0,,,1.0,1.0,0.9979402655783318,1.0,0.0,0.0,1,0.0,1,0.0,0.0,0.4,0.0,0.0,0.0,0.0,0.0,0.03858619509177146
1385,0,,,2.0,2.0,0.9978443605023736,2.0,0.0,0.0,1,0.0,1,0.0,0.0,0.4,0.0,0.0,0.0,0.0,0.0,0.29468981550431533
1386,0,,,5879.002126211556,5884.0,0.9999999976031854,5.0,0.0,0.0,1,0.0,1,0.0,0.0,0.4,5879.0,0.0,0.0,0.0,0.0,0.046867768960997945
1387,0,,,3390.00058997045,3392.0,0.9999998834997716,2.0,0.0,0.0,1,0.0,1,0.0,0.0,0.4,3390.0,0.0,0.0,0.0,0.0,0.03766700863395316
1388,0,,,1.0,1.0,0.9960238411119948,1.0,0.0,0.0,1,0.0,1,0.0,0.0,0.4,0.0,0.0,0.0,0.0,0.0,0.03801677294841116
1389,0,,,1.0,1.0,0.9525793444156804,0.0,1.0,1.0,0,0.0,1,0.0,0.0,0.4,0.0,0.0,0.0,0.0,0.0,0.49305540235519557
1390,0,,,1262.0,1262.0,-0.1129803007225818,0.0,1.0,0.0,1,0.0,1,0.0,0.0,0.6,1262.0,0.0,0.0,0.0,0.0,0.4284634342161207
1391,0,,,3.0,3.0,0.999229286976064,3.0,0.0,0.0,1,0.0,1,0.0,0.0,0.4,0.0,0.0,0.0,0.0,0.0,0.045928225904439485
1392,0,,,1.0,1.0,0.9990248656871404,1.0,0.0,0.0,1,0.0,1,0.0,0.0,0.4,0.0,0.0,0.0,0.0,0.0,0.038335218679685173
1393,0,,,233.0,233.0,0.9999990364765136,0.0,1.0,0.0,1,0.0,1,0.0,0.0,0.6,233.0,0.0,0.0,0.0,0.0,0.14080014270412727
1394,0,,,3.0,3.0,0.9981149841863164,3.0,0.0,0.0,1,0.0,1,0.0,0.0,0.4,0.0,0.0,0.0,0.0,0.0,0.08784850481710167
1395,0,,,12895.000620395487,12899.0,0.9999999978812985,4.0,0.0,0.0,1,0.0,1,0.0,0.0,0.4,12895.0,0.0,0.0,0.0,0.0,0.04188919319487594
1396,0,,,2.0,2.0,0.9986054207456784,2.0,0.0,0.0,1,0.0,1,0.0,0.0,0.4,0.0,0.0,0.0,0.0,0.0,0.03749455652083708
1397,0,,,2.0,2.0,0.9870334871066369,2.0,0.0,0.0,1,0.0,1,0.0,0.0,0.4,0.0,0.0,0.0,0.0,0.0,0.04416633454124014
1398,0,,,8.06225774829855,9.0,0.99999999748246,0.0,1.0,0.0,1,1.0,0,0.0,0.0,0.4,8.0,0.0,0.0,0.0,0.0,0.04298954754492635
1399,0,,,12896.000348945405,12899.0,0.9999999986690148,3.0,0.0,0.0,1,0.0,1,0.0,0.0,0.4,12896.0,0.0,0.0,0.0,0.0,0.04455627002174645
1400,0,,,2.0,2.0,0.999076724020674,2.0,0.0,0.0,1,0.0,1,0.0,0.0,0.4,0.0,0.0,0.0,0.0,0.0,0.037670018660122394
1401,0,,,2.0,2.0,0.9986054207456784,2.0,0.0,0.0,1,0.0,1,0.0,0.0,0.4,0.0,0.0,0.0,0.0,0.0,0.03749455652083708
1402,0,,,12876.000349487414,12879.0,0.9999999986709276,3.0,0.0,0.0,1,0.0,1,0.0,0.0,0.4,12876.0,0.0,0.0,0.0,0.0,0.04227002072866012
1403,0,,,33633.000059465405,33635.0,0.9999996805921564,2.0,0.0,0.0,1,0.0,1,0.0,0.0,0.4,33633.0,0.0,0.0,0.0,0.0,0.21049231794708004
1404,0,,,1.0,1.0,0.9914601339836672,1.0,0.0,0.0,1,0.0,1,0.0,0.0,0.4,0.0,0.0,0.0,0.0,0.0,0.12693595952168393
1405,0,,,4.0,4.0,0.9641540122283004,4.0,0.0,0.0,1,0.0,1,0.0,0.0,0.4,0.0,0.0,0.0,0.0,0.0,0.21610863614590323
1406,0,,,621.028984830821,627.0,0.9999999920700048,6.0,0.0,0.0,1,0.0,1,0.0,0.0,0.4,621.0,0.0,0.0,0.0,0.0,0.050073371882768024
1407,0,,,621.0128823140467,625.0,0.9999999965620092,4.0,0.0,0.0,1,0.0,1,0.0,0.0,0.4,621.0,0.0,0.0,0.0,0.0,0.03979206256183639
1408,0,,,3.0,3.0,0.9994838709333604,3.0,0.0,0.0,1,0.0,1,0.0,0.0,0.4,0.0,0.0,0.0,0.0,0.0,0.03876465038328342
1409,0,,,1.0,1.0,0.99887018379923,1.0,0.0,0.0,1,0.0,1,0.0,0.0,0.4,0.0,0.0,0.0,0.0,0.0,0.03829454852717256
1410,0,,,2.0,2.0,0.9986054207456784,2.0,0.0,0.0,1,0.0,1,0.0,0.0,0.4,0.0,0.0,0.0,0.0,0.0,0.03749455652083708
1411,0,,,0.0,0.0,1.0,0.0,0.0,0.0,1,0.0,1,0.0,0.0,0.4,0.0,0.0,0.0,0.0,0.0,0.07475133151412182
1412,0,,,9828.000457875449,9831.0,0.9999999854100148,3.0,0.0,0.0,1,0.0,1,0.0,0.0,0.4,9828.0,0.0,0.0,0.0,0.0,0.0815089896252925
1413,0,,,38909.0,38909.0,0.9999999935585464,0.0,1.0,0.0,1,0.0,1,0.0,0.0,0.6,38909.0,0.0,0.0,0.0,0.0,0.04631837343642148
1414,0,,,29004.000017239003,29005.0,0.9999998332366492,1.0,0.0,0.0,1,0.0,1,0.0,0.0,0.4,29004.0,0.0,0.0,0.0,0.0,0.08554451792425792
1415,0,,,2.0,2.0,0.9994056463070784,2.0,0.0,0.0,1,0.0,1,0.0,0.0,0.4,0.0,0.0,0.0,0.0,0.0,0.03766211526578688
1416,0,,,20120.00002485089,20121.0,0.9999999859072136,1.0,0.0,0.0,1,0.0,1,0.0,0.0,0.4,20120.0,0.0,0.0,0.0,0.0,0.041948467797449936
1417,0,,,3.0,3.0,0.9993432334096516,3.0,0.0,0.0,1,0.0,1,0.0,0.0,0.4,0.0,0.0,0.0,0.0,0.0,0.10678198882670707
1418,0,,,1.0,1.0,0.994936676326182,1.0,0.0,0.0,1,0.0,1,0.0,0.0,0.4,0.0,0.0,0.0,0.0,0.0,0.03862441470808545
1419,0,,,29201.0,29201.0,0.9999998982253706,0.0,1.0,0.0,1,0.0,1,0.0,0.0,0.6,29201.0,0.0,0.0,0.0,0.0,0.047398042950059206
1420,0,,,2.0,2.0,0.9995437747834997,2.0,0.0,0.0,1,0.0,1,0.0,0.0,0.4,0.0,0.0,0.0,0.0,0.0,0.03766211526578688
1421,0,,,3.0,3.0,0.9994838709333604,3.0,0.0,0.0,1,0.0,1,0.0,0.0,0.4,0.0,0.0,0.0,0.0,0.0,0.03876465038328342
1422,0,,,2.0,2.0,0.9986054207456784,2.0,0.0,0.0,1,0.0,1,0.0,0.0,0.4,0.0,0.0,0.0,0.0,0.0,0.03749455652083708
1423,0,,,2.0,2.0,0.9995437747834997,2.0,0.0,0.0,1,0.0,1,0.0,0.0,0.4,0.0,0.0,0.0,0.0,0.0,0.03766211526578688
1424,0,,,16072.00012444002,16074.0,0.9999999855310604,2.0,0.0,0.0,1,0.0,1,0.0,0.0,0.4,16072.0,0.0,0.0,0.0,0.0,0.04136805569884213
1425,0,,,25122.0,25122.0,0.999999976454114,0.0,1.0,0.0,1,0.0,1,0.0,0.0,0.6,25122.0,0.0,0.0,0.0,0.0,0.04339750473741733
1426,0,,,3.0,3.0,0.9987677136415694,3.0,0.0,0.0,1,0.0,1,0.0,0.0,0.4,0.0,0.0,0.0,0.0,0.0,0.04913000720794408
1427,0,,,2109.0002370791717,2110.0,0.9999999997686818,0.0,1.0,0.0,1,1.0,0,0.0,0.0,0.4,2109.0,0.0,0.0,0.0,0.0,0.04359538704031566
1428,0,,,3.0,3.0,0.9987677136415694,3.0,0.0,0.0,1,0.0,1,0.0,0.0,0.4,0.0,0.0,0.0,0.0,0.0,0.04913000720794408
1429,0,,,2.0,2.0,0.9998098045724798,2.0,0.0,0.0,1,0.0,1,0.0,0.0,0.4,0.0,0.0,0.0,0.0,0.0,0.03938080884155897
1430,0,,,3209.001402305708,3212.0,0.9999998755101424,3.0,0.0,0.0,1,0.0,1,0.0,0.0,0.4,3209.0,0.0,0.0,0.0,0.0,0.037612040548542745
1431,0,,,1.0,1.0,0.9990248656871404,1.0,0.0,0.0,1,0.0,1,0.0,0.0,0.4,0.0,0.0,0.0,0.0,0.0,0.038335218679685173
1432,0,,,16104.0,16104.0,0.999999992343261,0.0,1.0,0.0,1,0.0,1,0.0,0.0,0.6,16104.0,0.0,0.0,0.0,0.0,0.0997740766783209
1433,0,,,54797.0,54797.0,0.9999999909612176,0.0,1.0,0.0,1,0.0,1,0.0,0.0,0.6,54797.0,0.0,0.0,0.0,0.0,0.4829070346685433
1434,0,,,2740.004562039998,2745.0,0.999999995431321,5.0,0.0,0.0,1,0.0,1,0.0,0.0,0.4,2740.0,0.0,0.0,0.0,0.0,0.05218551569662818
1435,0,,,13222.0,13222.0,0.9999998323976904,0.0,1.0,0.0,1,0.0,1,0.0,0.0,0.6,13222.0,0.0,0.0,0.0,0.0,0.09590776245890476
1436,0,,,16082.0,16082.0,0.999999996650059,0.0,1.0,0.0,1,0.0,1,0.0,0.0,0.6,16082.0,0.0,0.0,0.0,0.0,0.09644404837319842
1437,0,,,2.0,2.0,0.9995437747834997,2.0,0.0,0.0,1,0.0,1,0.0,0.0,0.4,0.0,0.0,0.0,0.0,0.0,0.03766211526578688
1438,0,,,7510.001664447219,7515.0,0.999999997678948,5.0,0.0,0.0,1,0.0,1,0.0,0.0,0.4,7510.0,0.0,0.0,0.0,0.0,0.046028569576794874
1439,0,,,2.0,2.0,0.9995437747834997,2.0,0.0,0.0,1,0.0,1,0.0,0.0,0.4,0.0,0.0,0.0,0.0,0.0,0.03766211526578688
1440,0,,,1.0,1.0,0.9994734151755912,1.0,0.0,0.0,1,0.0,1,0.0,0.0,0.4,0.0,0.0,0.0,0.0,0.0,0.05308483565855391
1441,0,,,19200.000234375,19203.0,0.9999999966572912,3.0,0.0,0.0,1,0.0,1,0.0,0.0,0.4,19200.0,0.0,0.0,0.0,0.0,0.04119026184531874
1442,0,,,4021.000124347175,4022.0,0.9999999996294684,0.0,1.0,1.0,0,0.0,1,0.0,0.0,0.4,4021.0,0.0,0.0,0.0,0.0,0.09636648368515445
1443,0,,,1.0,1.0,0.9525793444156804,0.0,1.0,1.0,0,0.0,1,0.0,0.0,0.4,0.0,0.0,0.0,0.0,0.0,0.49305540235519557
1444,0,,,0.0,0.0,1.0,0.0,0.0,0.0,1,0.0,1,0.0,0.0,0.4,0.0,0.0,0.0,0.0,0.0,0.07475133151412182
1445,0,,,10103.0,10103.0,-0.2578410434669407,0.0,1.0,0.0,1,0.0,1,0.0,0.0,0.6,10103.0,0.0,0.0,0.0,0.0,0.4524841917017229
1446,0,,,2.0,2.0,0.9992990141526302,2.0,0.0,0.0,1,0.0,1,0.0,0.0,0.4,0.0,0.0,0.0,0.0,0.0,0.0779745472731763
1447,0,,,3.0,3.0,0.9987677136415694,3.0,0.0,0.0,1,0.0,1,0.0,0.0,0.4,0.0,0.0,0.0,0.0,0.0,0.04913000720794408
1448,0,,,1314.0003805174488,1315.0,0.9999999997739027,0.0,1.0,0.0,1,1.0,0,0.0,0.0,0.4,1314.0,0.0,0.0,0.0,0.0,0.040959448306811745
1449,0,,,2.0,2.0,0.9986187838711752,2.0,0.0,0.0,1,0.0,1,0.0,0.0,0.4,0.0,0.0,0.0,0.0,0.0,0.03749455652083708
1450,0,,,2.0,2.0,0.9990248656871404,2.0,0.0,0.0,1,0.0,1,0.0,0.0,0.4,0.0,0.0,0.0,0.0,0.0,0.07105733776291641
1451,0,,,2.0,2.0,0.9986054207456784,2.0,0.0,0.0,1,0.0,1,0.0,0.0,0.4,0.0,0.0,0.0,0.0,0.0,0.03749455652083708
1452,0,,,2.0,2.0,0.9759000729485332,2.0,0.0,0.0,1,0.0,1,0.0,0.0,0.4,0.0,0.0,0.0,0.0,0.0,0.08992029631030769
1453,0,,,3598.000555864326,3600.0,0.999999892915368,2.0,0.0,0.0,1,0.0,1,0.0,0.0,0.4,3598.0,0.0,0.0,0.0,0.0,0.03779970203323798
1454,0,,,2.0,2.0,0.999608112064896,2.0,0.0,0.0,1,0.0,1,0.0,0.0,0.4,0.0,0.0,0.0,0.0,0.0,0.03821139057298917
1455,0,,,6.324555320336759,8.0,0.2519763153394847,2.0,0.0,0.0,1,0.0,1,0.0,0.0,0.4,0.0,0.0,0.0,0.0,0.0,0.5293269698259798
1456,0,,,38098.0,38098.0,0.9999999952718548,0.0,1.0,0.0,1,0.0,1,0.0,0.0,0.6,38098.0,0.0,0.0,0.0,0.0,0.05698767939552422
1457,0,,,1.7320508075688772,3.0,0.9999999995495712,1.0,0.0,0.0,1,1.0,0,0.0,0.0,0.2,1.0,0.0,0.0,0.0,0.0,0.5188111524464257
1458,0,,,2.0,2.0,0.9914601339836672,2.0,0.0,0.0,1,0.0,1,0.0,0.0,0.4,0.0,0.0,0.0,0.0,0.0,0.04270435980677036
1459,0,,,0.0,0.0,1.0,0.0,1.0,0.0,1,0.0,1,0.0,0.0,0.6,0.0,0.0,0.0,0.0,0.0,0.16319007826771129
1460,0,,,7503.001666000082,7508.0,0.9999999980491916,5.0,0.0,0.0,1,0.0,1,0.0,0.0,0.4,7503.0,0.0,0.0,0.0,0.0,0.046028569576794874
1461,0,,,1.0,1.0,0.9996173541022476,1.0,0.0,0.0,1,0.0,1,0.0,0.0,0.4,0.0,0.0,0.0,0.0,0.0,0.6798738538774428
1462,0,,,2.0,2.0,0.9997313633262476,2.0,0.0,0.0,1,0.0,1,0.0,0.0,0.4,0.0,0.0,0.0,0.0,0.0,0.0682249476277352
1463,0,,,1.0,1.0,0.9799578870122228,1.0,0.0,0.0,1,0.0,1,0.0,0.0,0.4,0.0,0.0,0.0,0.0,0.0,0.04162351372825405
1464,0,,,2.0,2.0,0.9938079899999064,2.0,0.0,0.0,1,0.0,1,0.0,0.0,0.4,0.0,0.0,0.0,0.0,0.0,0.040361913500901965
1465,0,,,22882.000087404947,22884.0,0.9999999983859928,2.0,0.0,0.0,1,0.0,1,0.0,0.0,0.4,22882.0,0.0,0.0,0.0,0.0,0.039706565513022256
1466,0,,,32094.000140213124,32097.0,0.9999999993497152,3.0,0.0,0.0,1,0.0,1,0.0,0.0,0.4,32094.0,0.0,0.0,0.0,0.0,0.19431181489505545
1467,0,,,3.0,3.0,0.99963038254143,3.0,0.0,0.0,1,0.0,1,0.0,0.0,0.4,0.0,0.0,0.0,0.0,0.0,0.03842889862715707
1468,0,,,1.0,1.0,0.9979402655783318,1.0,0.0,0.0,1,0.0,1,0.0,0.0,0.4,0.0,0.0,0.0,0.0,0.0,0.03858619509177146
1469,0,,,3.0,3.0,0.999795980820074,3.0,0.0,0.0,1,0.0,1,0.0,0.0,0.4,0.0,0.0,0.0,0.0,0.0,0.0411581441440095
1470,0,,,1.0,1.0,0.9990248656871404,1.0,0.0,0.0,1,0.0,1,0.0,0.0,0.4,0.0,0.0,0.0,0.0,0.0,0.038335218679685173
1471,0,,,2109.002133711581,2112.0,0.999999997544935,3.0,0.0,0.0,1,0.0,1,0.0,0.0,0.4,2109.0,0.0,0.0,0.0,0.0,0.0402645441653128
1472,0,,,1.0,1.0,0.9979402655783318,1.0,0.0,0.0,1,0.0,1,0.0,0.0,0.4,0.0,0.0,0.0,0.0,0.0,0.03858619509177146
1473,0,,,10.04987562112089,11.0,0.1328422328310142,10.0,0.0,0.0,1,1.0,0,0.0,0.0,0.2,0.0,0.0,0.0,0.0,0.0,0.8232977415760546
1474,0,,,3.0,3.0,0.999229286976064,3.0,0.0,0.0,1,0.0,1,0.0,0.0,0.4,0.0,0.0,0.0,0.0,0.0,0.045928225904439485
1475,0,,,0.0,0.0,1.0,0.0,0.0,0.0,1,0.0,1,0.0,0.0,0.4,0.0,0.0,0.0,0.0,0.0,0.07475133151412182
1476,0,,,2.0,2.0,0.9997313633262476,2.0,0.0,0.0,1,0.0,1,0.0,0.0,0.4,0.0,0.0,0.0,0.0,0.0,0.0682249476277352
1477,0,,,31907.000015670543,31908.0,0.9999998239440158,1.0,0.0,0.0,1,0.0,1,0.0,0.0,0.4,31907.0,0.0,0.0,0.0,0.0,0.07734561611218117
1478,0,,,1.0,1.0,0.994936676326182,1.0,0.0,0.0,1,0.0,1,0.0,0.0,0.4,0.0,0.0,0.0,0.0,0.0,0.03862441470808545
1479,0,,,3.0,3.0,0.9981149841863164,3.0,0.0,0.0,1,0.0,1,0.0,0.0,0.4,0.0,0.0,0.0,0.0,0.0,0.08784850481710167
1480,0,,,24.04163056034261,30.0,0.9999997860544576,7.0,0.0,0.0,1,0.0,1,0.0,0.0,0.4,23.0,0.0,0.0,0.0,0.0,0.07571153339491106
1481,0,,,0.0,0.0,1.0,0.0,0.0,0.0,1,0.0,1,0.0,0.0,0.4,0.0,0.0,0.0,0.0,0.0,0.07475133151412182
1482,0,,,20911.00009564344,20913.0,0.9999999972795652,2.0,0.0,0.0,1,0.0,1,0.0,0.0,0.4,20911.0,0.0,0.0,0.0,0.0,0.039685453943138944
1483,0,,,3.0,3.0,0.9988907373180403,3.0,0.0,0.0,1,0.0,1,0.0,0.0,0.4,0.0,0.0,0.0,0.0,0.0,0.041574531835032305
1484,0,,,1.0,1.0,0.994936676326182,1.0,0.0,0.0,1,0.0,1,0.0,0.0,0.4,0.0,0.0,0.0,0.0,0.0,0.03862441470808545
1485,0,,,2.0,2.0,0.9960238411119948,2.0,0.0,0.0,1,0.0,1,0.0,0.0,0.4,0.0,0.0,0.0,0.0,0.0,0.03904477199588021
1486,0,,,4.0,4.0,0.9992553376127098,4.0,0.0,0.0,1,0.0,1,0.0,0.0,0.4,0.0,0.0,0.0,0.0,0.0,0.06132019292224283
1487,0,,,38399.0,38399.0,0.9999999923645704,0.0,1.0,0.0,1,0.0,1,0.0,0.0,0.6,38399.0,0.0,0.0,0.0,0.0,0.05750510486790447
1488,0,,,0.0,0.0,1.0,0.0,1.0,0.0,1,0.0,1,0.0,0.0,0.6,0.0,0.0,0.0,0.0,0.0,0.16319007826771129
1489,0,,,2.0,2.0,0.9986187838711752,2.0,0.0,0.0,1,0.0,1,0.0,0.0,0.4,0.0,0.0,0.0,0.0,0.0,0.03749455652083708
1490,0,,,2.0,2.0,0.9998098045724798,2.0,0.0,0.0,1,0.0,1,0.0,0.0,0.4,0.0,0.0,0.0,0.0,0.0,0.03938080884155897
1491,0,,,3.0,3.0,0.9995044352735956,3.0,0.0,0.0,1,0.0,1,0.0,0.0,0.4,0.0,0.0,0.0,0.0,0.0,0.03823264235710399
1492,0,,,14787.00030432136,14790.0,0.9999999991758722,3.0,0.0,0.0,1,0.0,1,0.0,0.0,0.4,14787.0,0.0,0.0,0.0,0.0,0.05068728131172101
1493,0,,,2.0,2.0,0.9986054207456784,2.0,0.0,0.0,1,0.0,1,0.0,0.0,0.4,0.0,0.0,0.0,0.0,0.0,0.03749455652083708
1494,0,,,2.0,2.0,0.9986054207456784,2.0,0.0,0.0,1,0.0,1,0.0,0.0,0.4,0.0,0.0,0.0,0.0,0.0,0.03749455652083708
1495,0,,,2.0,2.0,0.9992990141526302,2.0,0.0,0.0,1,0.0,1,0.0,0.0,0.4,0.0,0.0,0.0,0.0,0.0,0.0779745472731763
1496,0,,,3.0,3.0,0.9994838709333604,3.0,0.0,0.0,1,0.0,1,0.0,0.0,0.4,0.0,0.0,0.0,0.0,0.0,0.03876465038328342
1497,0,,,1.0,1.0,0.9799578870122228,1.0,0.0,0.0,1,0.0,1,0.0,0.0,0.4,0.0,0.0,0.0,0.0,0.0,0.04162351372825405
1498,0,,,10070.00019860973,10072.0,0.999999999984858,2.0,0.0,0.0,1,0.0,1,0.0,0.0,0.4,10070.0,0.0,0.0,0.0,0.0,0.06086712585789583
1499,0,,,26902.0,26902.0,0.999999886342757,0.0,1.0,0.0,1,0.0,1,0.0,0.0,0.6,26902.0,0.0,0.0,0.0,0.0,0.04207896648866547
1500,0,,,3.741657386773941,6.0,0.6666666666666666,3.0,0.0,2.0,0,1.0,0,0.0,0.0,0.0,0.0,0.0,0.0,0.0,0.0,0.8151350916672241
1501,0,,,1.0,1.0,0.997965409896352,1.0,0.0,0.0,1,0.0,1,0.0,0.0,0.4,0.0,0.0,0.0,0.0,0.0,0.03820006813046878
1502,0,,,3.0,3.0,0.9960238411119948,3.0,0.0,0.0,1,0.0,1,0.0,0.0,0.4,0.0,0.0,0.0,0.0,0.0,0.3506212703340304
1503,0,,,3.0,3.0,0.9995044352735956,3.0,0.0,0.0,1,0.0,1,0.0,0.0,0.4,0.0,0.0,0.0,0.0,0.0,0.03823264235710399
1504,0,,,22887.0,22887.0,0.9999999401820752,0.0,1.0,0.0,1,0.0,1,0.0,0.0,0.6,22887.0,0.0,0.0,0.0,0.0,0.06253361300230682
1505,0,,,5.830951894845301,8.0,0.8437758422458372,5.0,0.0,3.0,0,0.0,1,0.0,0.0,0.2,0.0,0.0,0.0,0.0,0.0,0.6271912264522083
1506,0,,,0.0,0.0,1.0,0.0,0.0,0.0,1,0.0,1,0.0,0.0,0.4,0.0,0.0,0.0,0.0,0.0,0.07475133151412182
1507,0,,,14969.00013360946,14971.0,0.999999999724296,2.0,0.0,0.0,1,0.0,1,0.0,0.0,0.4,14969.0,0.0,0.0,0.0,0.0,0.03876998400902751
1508,0,,,1.0,1.0,0.997965409896352,1.0,0.0,0.0,1,0.0,1,0.0,0.0,0.4,0.0,0.0,0.0,0.0,0.0,0.03820006813046878
1509,0,,,1.0,1.0,0.997965409896352,1.0,0.0,0.0,1,0.0,1,0.0,0.0,0.4,0.0,0.0,0.0,0.0,0.0,0.03820006813046878
1510,0,,,1.0,1.0,0.9990248656871404,1.0,0.0,0.0,1,0.0,1,0.0,0.0,0.4,0.0,0.0,0.0,0.0,0.0,0.038335218679685173
1511,0,,,95745.00015144394,95752.0,0.9999790809481436,5.0,0.0,2.0,0,0.0,1,0.0,0.0,0.2,95745.0,0.0,0.0,0.0,0.0,0.8320165996053092
1512,0,,,5.0,5.0,0.967820643703639,5.0,0.0,0.0,1,0.0,1,0.0,0.0,0.4,0.0,0.0,0.0,0.0,0.0,0.7000226818203115
1513,0,,,2.0,2.0,0.9622504486493764,2.0,0.0,0.0,1,0.0,1,0.0,0.0,0.4,0.0,0.0,0.0,0.0,0.0,0.07827727479661424
1514,0,,,37573.00001330743,37574.0,0.9999999921925984,1.0,0.0,0.0,1,0.0,1,0.0,0.0,0.4,37573.0,0.0,0.0,0.0,0.0,0.17761613579149138
1515,0,,,6.324555320336759,8.0,0.2519763153394847,2.0,0.0,0.0,1,0.0,1,0.0,0.0,0.4,0.0,0.0,0.0,0.0,0.0,0.5293269698259798
1516,0,,,3.0,3.0,0.999728404370698,3.0,0.0,0.0,1,0.0,1,0.0,0.0,0.4,0.0,0.0,0.0,0.0,0.0,0.039949220051141016
1517,0,,,2.0,2.0,0.9994056463070784,2.0,0.0,0.0,1,0.0,1,0.0,0.0,0.4,0.0,0.0,0.0,0.0,0.0,0.03766211526578688
1518,0,,,25268.0,25268.0,0.999999959886476,0.0,1.0,0.0,1,0.0,1,0.0,0.0,0.6,25268.0,0.0,0.0,0.0,0.0,0.0425191176275452
1519,0,,,18593.00002689184,18594.0,0.999999998664748,1.0,0.0,0.0,1,0.0,1,0.0,0.0,0.4,18593.0,0.0,0.0,0.0,0.0,0.04363327364356787
1520,0,,,6588.003415299661,6597.0,0.9999999931460578,6.0,0.0,3.0,0,0.0,1,0.0,0.0,0.2,6588.0,0.0,0.0,0.0,0.0,0.8420179712231143
1521,0,,,2.0,2.0,0.999666043271478,2.0,0.0,0.0,1,0.0,1,0.0,0.0,0.4,0.0,0.0,0.0,0.0,0.0,0.03827798518449904
1522,0,,,2.0,2.0,0.9992990141526302,2.0,0.0,0.0,1,0.0,1,0.0,0.0,0.4,0.0,0.0,0.0,0.0,0.0,0.0779745472731763
1523,0,,,2.0,2.0,0.9986054207456784,2.0,0.0,0.0,1,0.0,1,0.0,0.0,0.4,0.0,0.0,0.0,0.0,0.0,0.03749455652083708
1524,0,,,31096.000144713147,31099.0,0.9999999985636238,3.0,0.0,0.0,1,0.0,1,0.0,0.0,0.4,31096.0,0.0,0.0,0.0,0.0,0.1772939783172761
1525,0,,,1.4142135623730951,2.0,0.9999999999468638,0.0,1.0,1.0,0,0.0,1,0.0,0.0,0.4,1.0,0.0,0.0,0.0,0.0,0.22102456124438027
1526,0,,,2.0,2.0,0.9995437747834997,2.0,0.0,0.0,1,0.0,1,0.0,0.0,0.4,0.0,0.0,0.0,0.0,0.0,0.03766211526578688
1527,0,,,49892.0,49892.0,0.9999999923130908,0.0,1.0,0.0,1,0.0,1,0.0,0.0,0.6,49892.0,0.0,0.0,0.0,0.0,0.22281553606568086
1528,0,,,2.0,2.0,0.9968410582470292,2.0,0.0,0.0,1,0.0,1,0.0,0.0,0.4,0.0,0.0,0.0,0.0,0.0,0.10631628135445227
1529,0,,,2.0,2.0,0.9990248656871404,2.0,0.0,0.0,1,0.0,1,0.0,0.0,0.4,0.0,0.0,0.0,0.0,0.0,0.07105733776291641
1530,0,,,1.0,1.0,0.9960238411119948,1.0,0.0,0.0,1,0.0,1,0.0,0.0,0.4,0.0,0.0,0.0,0.0,0.0,0.03801677294841116
1531,0,,,21609.0,21609.0,0.9999999949462202,0.0,1.0,0.0,1,0.0,1,0.0,0.0,0.6,21609.0,0.0,0.0,0.0,0.0,0.08833021218675034
1532,0,,,5928.000759109264,5931.0,0.9999999987399676,3.0,0.0,0.0,1,0.0,1,0.0,0.0,0.4,5928.0,0.0,0.0,0.0,0.0,0.03790474325044386
1533,0,,,1.0,1.0,0.9994088086979588,1.0,0.0,0.0,1,0.0,1,0.0,0.0,0.4,0.0,0.0,0.0,0.0,0.0,0.051243847879963604
1534,0,,,13901.000323717715,13904.0,0.9999999998979322,3.0,0.0,0.0,1,0.0,1,0.0,0.0,0.4,13901.0,0.0,0.0,0.0,0.0,0.06918323292187147
1535,0,,,0.0,0.0,1.0,0.0,1.0,0.0,1,0.0,1,0.0,0.0,0.6,0.0,0.0,0.0,0.0,0.0,0.16319007826771129
1536,0,,,21911.00036511341,21915.0,0.9999999943745316,4.0,0.0,0.0,1,0.0,1,0.0,0.0,0.4,21911.0,0.0,0.0,0.0,0.0,0.043406947759286225
1537,0,,,213.00234740490535,214.0,0.999999999770046,0.0,1.0,0.0,1,1.0,0,0.0,0.0,0.4,213.0,0.0,0.0,0.0,0.0,0.04128796933030851
1538,0,,,2.0,2.0,0.9979402655783318,2.0,0.0,0.0,1,0.0,1,0.0,0.0,0.4,0.0,0.0,0.0,0.0,0.0,0.09410354496187573
1539,0,,,3.0,3.0,0.9987677136415694,3.0,0.0,0.0,1,0.0,1,0.0,0.0,0.4,0.0,0.0,0.0,0.0,0.0,0.04913000720794408
1540,0,,,3.0,3.0,0.99898299312635,3.0,0.0,0.0,1,0.0,1,0.0,0.0,0.4,0.0,0.0,0.0,0.0,0.0,0.03946862046408935
1541,0,,,1.0,1.0,0.997965409896352,1.0,0.0,0.0,1,0.0,1,0.0,0.0,0.4,0.0,0.0,0.0,0.0,0.0,0.03820006813046878
1542,0,,,4900.000102040815,4901.0,0.9999999998945543,0.0,1.0,0.0,1,1.0,0,0.0,0.0,0.4,4900.0,0.0,0.0,0.0,0.0,0.04780662857333821
1543,0,,,2.0,2.0,0.9986054207456784,2.0,0.0,0.0,1,0.0,1,0.0,0.0,0.4,0.0,0.0,0.0,0.0,0.0,0.03749455652083708
1544,0,,,1.4142135623730951,2.0,0.999999994970791,1.0,0.0,0.0,1,1.0,0,0.0,0.0,0.4,0.0,1.0,0.0,0.0,0.0,0.08689564750046025
1545,0,,,40904.00001222375,40905.0,0.9999999971554911,1.0,0.0,0.0,1,0.0,1,0.0,0.0,0.4,40904.0,0.0,0.0,0.0,0.0,0.17499114192284915
1546,0,,,3.0,3.0,0.9987677136415694,3.0,0.0,0.0,1,0.0,1,0.0,0.0,0.4,0.0,0.0,0.0,0.0,0.0,0.04913000720794408
1547,0,,,2.0,2.0,0.994936676326182,2.0,0.0,0.0,1,0.0,1,0.0,0.0,0.4,0.0,0.0,0.0,0.0,0.0,0.040825640454730285
1548,0,,,3.1622776601683795,4.0,0.5669467095138409,3.0,0.0,0.0,1,1.0,0,0.0,0.0,0.2,0.0,0.0,0.0,0.0,0.0,0.7100796305917726
1549,0,,,3.0,3.0,0.9994838709333604,3.0,0.0,0.0,1,0.0,1,0.0,0.0,0.4,0.0,0.0,0.0,0.0,0.0,0.03876465038328342
1550,0,,,9.055385138137416,10.0,0.9999999956958672,9.0,0.0,0.0,1,0.0,1,0.0,0.0,0.4,1.0,0.0,0.0,0.0,0.0,0.21070523940172195
1551,0,,,3.0,3.0,0.9960238411119948,3.0,0.0,0.0,1,0.0,1,0.0,0.0,0.4,0.0,0.0,0.0,0.0,0.0,0.3506212703340304
1552,0,,,6112.000081806282,6113.0,0.9999999987544071,0.0,1.0,0.0,1,1.0,0,0.0,0.0,0.4,6112.0,0.0,0.0,0.0,0.0,0.05029272115714478
1553,0,,,19098.000104723007,19100.0,0.999999997573491,2.0,0.0,0.0,1,0.0,1,0.0,0.0,0.4,19098.0,0.0,0.0,0.0,0.0,0.038588106481182424
1554,0,,,5518.000815512807,5521.0,0.9999999947675609,3.0,0.0,0.0,1,0.0,1,0.0,0.0,0.4,5518.0,0.0,0.0,0.0,0.0,0.038094543284815464
1555,0,,,3060.0006535947014,3062.0,0.9999999417840016,2.0,0.0,0.0,1,0.0,1,0.0,0.0,0.4,3060.0,0.0,0.0,0.0,0.0,0.03792902107123808
1556,0,,,10.04987562112089,11.0,0.9999999997934592,0.0,1.0,0.0,1,1.0,0,0.0,0.0,0.4,10.0,0.0,0.0,0.0,0.0,0.04170106684301563
1557,0,,,1.0,1.0,0.9990248656871404,1.0,0.0,0.0,1,0.0,1,0.0,0.0,0.4,0.0,0.0,0.0,0.0,0.0,0.038335218679685173
1558,0,,,2.0,2.0,0.9990248656871404,2.0,0.0,0.0,1,0.0,1,0.0,0.0,0.4,0.0,0.0,0.0,0.0,0.0,0.07105733776291641
1559,0,,,6.0,6.0,0.9956382088431248,6.0,0.0,0.0,1,0.0,1,0.0,0.0,0.4,0.0,0.0,0.0,0.0,0.0,0.7484824587422511
1560,0,,,2.0,2.0,0.9938079899999064,2.0,0.0,0.0,1,0.0,1,0.0,0.0,0.4,0.0,0.0,0.0,0.0,0.0,0.040361913500901965
1561,0,,,2.0,2.0,0.9995437747834997,2.0,0.0,0.0,1,0.0,1,0.0,0.0,0.4,0.0,0.0,0.0,0.0,0.0,0.03766211526578688
1562,0,,,4319.001852280223,4323.0,0.9999999986990412,4.0,0.0,0.0,1,0.0,1,0.0,0.0,0.4,4319.0,0.0,0.0,0.0,0.0,0.038476856584710846
1563,0,,,1.0,1.0,0.9990248656871404,1.0,0.0,0.0,1,0.0,1,0.0,0.0,0.4,0.0,0.0,0.0,0.0,0.0,0.038335218679685173
1564,0,,,0.0,0.0,1.0,0.0,1.0,0.0,1,0.0,1,0.0,0.0,0.6,0.0,0.0,0.0,0.0,0.0,0.16319007826771129
1565,0,,,3.0,3.0,0.9935983409176492,3.0,0.0,0.0,1,0.0,1,0.0,0.0,0.4,0.0,0.0,0.0,0.0,0.0,0.49385371667226674
1566,0,,,2.0,2.0,0.9992990141526302,2.0,0.0,0.0,1,0.0,1,0.0,0.0,0.4,0.0,0.0,0.0,0.0,0.0,0.0779745472731763
1567,0,,,16480.00027305825,16483.0,0.999999999902586,3.0,0.0,0.0,1,0.0,1,0.0,0.0,0.4,16480.0,0.0,0.0,0.0,0.0,0.05339898751109756
1568,0,,,0.0,0.0,1.0,0.0,0.0,0.0,1,0.0,1,0.0,0.0,0.4,0.0,0.0,0.0,0.0,0.0,0.07475133151412182
1569,0,,,2.0,2.0,0.9992990141526302,2.0,0.0,0.0,1,0.0,1,0.0,0.0,0.4,0.0,0.0,0.0,0.0,0.0,0.0779745472731763
1570,0,,,1004.0004980078446,1005.0,0.9999999998238848,0.0,1.0,0.0,1,1.0,0,0.0,0.0,0.4,1004.0,0.0,0.0,0.0,0.0,0.0399126307221661
1571,0,,,3.0,3.0,0.9987677136415694,3.0,0.0,0.0,1,0.0,1,0.0,0.0,0.4,0.0,0.0,0.0,0.0,0.0,0.04913000720794408
1572,0,,,15717.000127250749,15719.0,0.9999999991684364,2.0,0.0,0.0,1,0.0,1,0.0,0.0,0.4,15717.0,0.0,0.0,0.0,0.0,0.03951673891678374
1573,0,,,2.0,2.0,0.9998098045724798,2.0,0.0,0.0,1,0.0,1,0.0,0.0,0.4,0.0,0.0,0.0,0.0,0.0,0.03938080884155897
1574,0,,,3233.001391895772,3236.0,0.9999998755783764,3.0,0.0,0.0,1,0.0,1,0.0,0.0,0.4,3233.0,0.0,0.0,0.0,0.0,0.037612040548542745
1575,0,,,2.0,2.0,0.9992990141526302,2.0,0.0,0.0,1,0.0,1,0.0,0.0,0.4,0.0,0.0,0.0,0.0,0.0,0.0779745472731763
1576,0,,,18972.000105418512,18974.0,0.9999999798992172,2.0,0.0,0.0,1,0.0,1,0.0,0.0,0.4,18972.0,0.0,0.0,0.0,0.0,0.038652587661620164
1577,0,,,2.0,2.0,0.9979402655783318,2.0,0.0,0.0,1,0.0,1,0.0,0.0,0.4,0.0,0.0,0.0,0.0,0.0,0.09410354496187573
1578,0,,,6.082762530298219,7.0,0.8804940646260014,1.0,0.0,6.0,0,0.0,1,0.0,0.0,0.2,0.0,0.0,0.0,0.0,0.0,0.6564586562545219
1579,0,,,123.14625451064276,129.0,0.9999936192299776,6.0,0.0,0.0,1,0.0,1,0.0,0.0,0.4,123.0,0.0,0.0,0.0,0.0,0.05234514122474356
1580,0,,,1.0,1.0,0.9994838709333602,1.0,0.0,0.0,1,0.0,1,0.0,0.0,0.4,0.0,0.0,0.0,0.0,0.0,0.05441642021762194
1581,0,,,0.0,0.0,1.0,0.0,0.0,0.0,1,0.0,1,0.0,0.0,0.4,0.0,0.0,0.0,0.0,0.0,0.07475133151412182
1582,0,,,8485.000117855037,8487.0,0.9999999990434234,1.0,0.0,1.0,0,0.0,1,0.0,0.0,0.2,8485.0,0.0,0.0,0.0,0.0,0.7116471445661604
1583,0,,,2.23606797749979,3.0,0.9999999989685576,2.0,0.0,0.0,1,1.0,0,0.0,0.0,0.4,0.0,1.0,0.0,0.0,0.0,0.07915510208874528
1584,0,,,0.0,0.0,1.0,0.0,0.0,0.0,1,0.0,1,0.0,0.0,0.4,0.0,0.0,0.0,0.0,0.0,0.07475133151412182
1585,0,,,2.0,2.0,0.9986054207456784,2.0,0.0,0.0,1,0.0,1,0.0,0.0,0.4,0.0,0.0,0.0,0.0,0.0,0.03749455652083708
1586,0,,,0.0,0.0,1.0,0.0,0.0,0.0,1,0.0,1,0.0,0.0,0.4,0.0,0.0,0.0,0.0,0.0,0.07475133151412182
1587,0,,,2.0,2.0,0.9986054207456784,2.0,0.0,0.0,1,0.0,1,0.0,0.0,0.4,0.0,0.0,0.0,0.0,0.0,0.03749455652083708
1588,0,,,1.0,1.0,0.9991745768300444,1.0,0.0,0.0,1,0.0,1,0.0,0.0,0.4,0.0,0.0,0.0,0.0,0.0,0.03831773313487898
1589,0,,,3.0,3.0,0.9987677136415694,3.0,0.0,0.0,1,0.0,1,0.0,0.0,0.4,0.0,0.0,0.0,0.0,0.0,0.04913000720794408
1590,0,,,0.0,0.0,1.0,0.0,1.0,0.0,1,0.0,1,0.0,0.0,0.6,0.0,0.0,0.0,0.0,0.0,0.16319007826771129
1591,0,,,3.0,3.0,0.9981149841863164,3.0,0.0,0.0,1,0.0,1,0.0,0.0,0.4,0.0,0.0,0.0,0.0,0.0,0.08784850481710167
1592,0,,,47820.00006273526,47824.0,-0.1168404425850728,1.0,0.0,2.0,0,1.0,0,0.0,0.0,0.0,47820.0,0.0,0.0,0.0,0.0,0.9614768494926217
1593,0,,,2.0,2.0,0.9995437747834997,2.0,0.0,0.0,1,0.0,1,0.0,0.0,0.4,0.0,0.0,0.0,0.0,0.0,0.03766211526578688
1594,0,,,1.4142135623730951,2.0,0.9999999999468638,0.0,1.0,0.0,1,1.0,0,0.0,0.0,0.4,1.0,0.0,0.0,0.0,0.0,0.09434976211266806
1595,0,,,2.0,2.0,0.9995437747834997,2.0,0.0,0.0,1,0.0,1,0.0,0.0,0.4,0.0,0.0,0.0,0.0,0.0,0.03766211526578688
1596,0,,,2.0,2.0,0.9994056463070784,2.0,0.0,0.0,1,0.0,1,0.0,0.0,0.4,0.0,0.0,0.0,0.0,0.0,0.03766211526578688
1597,0,,,1101.002270660692,1104.0,0.9999999996180752,2.0,0.0,0.0,1,1.0,0,0.0,0.0,0.2,1101.0,0.0,0.0,0.0,0.0,0.3379563869958611
1598,0,,,0.0,0.0,1.0,0.0,1.0,0.0,1,0.0,1,0.0,0.0,0.6,0.0,0.0,0.0,0.0,0.0,0.16319007826771129
1599,0,,,0.0,0.0,1.0,0.0,0.0,0.0,1,0.0,1,0.0,0.0,0.4,0.0,0.0,0.0,0.0,0.0,0.07475133151412182
1600,0,,,2.0,2.0,0.9986054207456784,2.0,0.0,0.0,1,0.0,1,0.0,0.0,0.4,0.0,0.0,0.0,0.0,0.0,0.03749455652083708
1601,0,,,2.0,2.0,0.999608112064896,2.0,0.0,0.0,1,0.0,1,0.0,0.0,0.4,0.0,0.0,0.0,0.0,0.0,0.03821139057298917
1602,0,,,1.0,1.0,0.9428090415820636,1.0,0.0,0.0,1,0.0,1,0.0,0.0,0.4,0.0,0.0,0.0,0.0,0.0,0.0442741382576334
1603,0,,,39000.00005128205,39002.0,0.9999999882217931,2.0,0.0,0.0,1,0.0,1,0.0,0.0,0.4,39000.0,0.0,0.0,0.0,0.0,0.12789370214828702
1604,0,,,2.0,2.0,0.9992990141526302,2.0,0.0,0.0,1,0.0,1,0.0,0.0,0.4,0.0,0.0,0.0,0.0,0.0,0.0779745472731763
1605,0,,,1.0,1.0,0.997965409896352,1.0,0.0,0.0,1,0.0,1,0.0,0.0,0.4,0.0,0.0,0.0,0.0,0.0,0.03820006813046878
1606,0,,,1.0,1.0,0.9428090415820636,0.0,1.0,0.0,1,1.0,0,0.0,0.0,0.4,0.0,0.0,0.0,0.0,0.0,0.3482929442663843
1607,0,,,1.0,1.0,0.9914601339836672,1.0,0.0,0.0,1,0.0,1,0.0,0.0,0.4,0.0,0.0,0.0,0.0,0.0,0.12693595952168393
1608,0,,,13999.00057146938,14003.0,0.9999999967724544,4.0,0.0,0.0,1,0.0,1,0.0,0.0,0.4,13999.0,0.0,0.0,0.0,0.0,0.05266866060368955
1609,0,,,3.0,3.0,0.9982425637157208,3.0,0.0,0.0,1,0.0,1,0.0,0.0,0.4,0.0,0.0,0.0,0.0,0.0,0.04578882291544115
1610,0,,,0.0,0.0,1.0,0.0,0.0,0.0,1,0.0,1,0.0,0.0,0.4,0.0,0.0,0.0,0.0,0.0,0.07475133151412182
1611,0,,,3.0,3.0,0.9981149841863164,3.0,0.0,0.0,1,0.0,1,0.0,0.0,0.4,0.0,0.0,0.0,0.0,0.0,0.08784850481710167
1612,0,,,0.0,0.0,1.0,0.0,0.0,0.0,1,0.0,1,0.0,0.0,0.4,0.0,0.0,0.0,0.0,0.0,0.07475133151412182
1613,0,,,3285.001369862728,3288.0,0.9999999967231792,3.0,0.0,0.0,1,0.0,1,0.0,0.0,0.4,3285.0,0.0,0.0,0.0,0.0,0.037612040548542745
1614,0,,,11904.000378024188,11907.0,0.9999999987580194,3.0,0.0,0.0,1,0.0,1,0.0,0.0,0.4,11904.0,0.0,0.0,0.0,0.0,0.04472041025547555
1615,0,,,27900.0,27900.0,0.9999999969180244,0.0,1.0,0.0,1,0.0,1,0.0,0.0,0.6,27900.0,0.0,0.0,0.0,0.0,0.04574883143728503
1616,0,,,16593.000120532753,16595.0,0.9999999995178144,2.0,0.0,0.0,1,0.0,1,0.0,0.0,0.4,16593.0,0.0,0.0,0.0,0.0,0.05206754085806133
1617,0,,,11795.001059771042,11800.0,0.9999999975231006,5.0,0.0,0.0,1,0.0,1,0.0,0.0,0.4,11795.0,0.0,0.0,0.0,0.0,0.04877787981618701
1618,0,,,1.4142135623730951,2.0,0.9999999995494756,1.0,0.0,1.0,0,0.0,1,0.0,0.0,0.4,0.0,1.0,0.0,0.0,0.0,0.16512652736397468
1619,0,,,2.0,2.0,0.9993606137453732,2.0,0.0,0.0,1,0.0,1,0.0,0.0,0.4,0.0,0.0,0.0,0.0,0.0,0.03771984987810026
1620,0,,,5490.00081967207,5493.0,0.9999999961577118,3.0,0.0,0.0,1,0.0,1,0.0,0.0,0.4,5490.0,0.0,0.0,0.0,0.0,0.038094543284815464
1621,0,,,14958.001203369386,14964.0,0.9999999831263262,6.0,0.0,0.0,1,0.0,1,0.0,0.0,0.4,14958.0,0.0,0.0,0.0,0.0,0.058928256438175064
1622,0,,,15689.00012747785,15691.0,0.9999999997066608,2.0,0.0,0.0,1,0.0,1,0.0,0.0,0.4,15689.0,0.0,0.0,0.0,0.0,0.039015697820122895
1623,0,,,3.0,3.0,0.9987677136415694,3.0,0.0,0.0,1,0.0,1,0.0,0.0,0.4,0.0,0.0,0.0,0.0,0.0,0.04913000720794408
1624,0,,,16082.00003109066,16083.0,0.9999999914747484,1.0,0.0,0.0,1,0.0,1,0.0,0.0,0.4,16082.0,0.0,0.0,0.0,0.0,0.05870592214438538
1625,0,,,3.0,3.0,0.9923721235559484,3.0,0.0,0.0,1,0.0,1,0.0,0.0,0.4,0.0,0.0,0.0,0.0,0.0,0.2700641551555016
1626,0,,,26208.00007631257,26210.0,0.999999998590954,2.0,0.0,0.0,1,0.0,1,0.0,0.0,0.4,26208.0,0.0,0.0,0.0,0.0,0.04482844721150602
1627,0,,,1.0,1.0,0.9990248656871404,1.0,0.0,0.0,1,0.0,1,0.0,0.0,0.4,0.0,0.0,0.0,0.0,0.0,0.038335218679685173
1628,0,,,2.0,2.0,0.9986054207456784,2.0,0.0,0.0,1,0.0,1,0.0,0.0,0.4,0.0,0.0,0.0,0.0,0.0,0.03749455652083708
1629,0,,,2.0,2.0,0.9994056463070784,2.0,0.0,0.0,1,0.0,1,0.0,0.0,0.4,0.0,0.0,0.0,0.0,0.0,0.03766211526578688
1630,0,,,10.04987562112089,11.0,0.9999999997934592,0.0,1.0,0.0,1,1.0,0,0.0,0.0,0.4,10.0,0.0,0.0,0.0,0.0,0.04170106684301563
1631,0,,,12886.0003492162,12889.0,0.9999999984987352,3.0,0.0,0.0,1,0.0,1,0.0,0.0,0.4,12886.0,0.0,0.0,0.0,0.0,0.04235371107364103
1632,0,,,621.028984830821,627.0,0.9999999920700048,6.0,0.0,0.0,1,0.0,1,0.0,0.0,0.4,621.0,0.0,0.0,0.0,0.0,0.050073371882768024
1633,0,,,3.0,3.0,0.9987677136415694,3.0,0.0,0.0,1,0.0,1,0.0,0.0,0.4,0.0,0.0,0.0,0.0,0.0,0.04913000720794408
1634,0,,,10.0,10.0,0.1400280084028009,10.0,0.0,0.0,1,0.0,1,0.0,0.0,0.4,0.0,0.0,0.0,0.0,0.0,0.853647714808905
1635,0,,,608.0131577523631,612.0,0.9999999965768512,4.0,0.0,0.0,1,0.0,1,0.0,0.0,0.4,608.0,0.0,0.0,0.0,0.0,0.03979206256183639
1636,0,,,3.0,3.0,0.9981149841863164,3.0,0.0,0.0,1,0.0,1,0.0,0.0,0.4,0.0,0.0,0.0,0.0,0.0,0.08784850481710167
1637,0,,,1.0,1.0,0.994936676326182,1.0,0.0,0.0,1,0.0,1,0.0,0.0,0.4,0.0,0.0,0.0,0.0,0.0,0.03862441470808545
1638,0,,,2.0,2.0,0.9990248656871404,2.0,0.0,0.0,1,0.0,1,0.0,0.0,0.4,0.0,0.0,0.0,0.0,0.0,0.07105733776291641
1639,0,,,1004.0019920298964,1006.0,0.9999999993121512,0.0,1.0,2.0,0,0.0,1,0.0,0.0,0.4,1004.0,0.0,0.0,0.0,0.0,0.10610772924048073
1640,0,,,0.0,0.0,1.0,0.0,1.0,0.0,1,0.0,1,0.0,0.0,0.6,0.0,0.0,0.0,0.0,0.0,0.16319007826771129
1641,0,,,294.0425139329345,299.0,0.9999987980920698,5.0,0.0,0.0,1,0.0,1,0.0,0.0,0.4,294.0,0.0,0.0,0.0,0.0,0.05530476487564756
1642,0,,,0.0,0.0,1.0,0.0,0.0,0.0,1,0.0,1,0.0,0.0,0.4,0.0,0.0,0.0,0.0,0.0,0.07475133151412182
1643,0,,,2.0,2.0,0.9990248656871404,2.0,0.0,0.0,1,0.0,1,0.0,0.0,0.4,0.0,0.0,0.0,0.0,0.0,0.07105733776291641
1644,0,,,0.0,0.0,1.0,0.0,0.0,0.0,1,0.0,1,0.0,0.0,0.4,0.0,0.0,0.0,0.0,0.0,0.07475133151412182
1645,0,,,0.0,0.0,1.0,0.0,0.0,0.0,1,0.0,1,0.0,0.0,0.4,0.0,0.0,0.0,0.0,0.0,0.07475133151412182
1646,0,,,2099.0038113352725,2103.0,0.9999999956675608,4.0,0.0,0.0,1,0.0,1,0.0,0.0,0.4,2099.0,0.0,0.0,0.0,0.0,0.04051283034709755
1647,0,,,2.0,2.0,0.9994056463070784,2.0,0.0,0.0,1,0.0,1,0.0,0.0,0.4,0.0,0.0,0.0,0.0,0.0,0.03766211526578688
1648,0,,,3.0,3.0,0.99898299312635,3.0,0.0,0.0,1,0.0,1,0.0,0.0,0.4,0.0,0.0,0.0,0.0,0.0,0.03946862046408935
1649,0,,,11265.000044385264,11266.0,0.9999999911039908,1.0,0.0,0.0,1,0.0,1,0.0,0.0,0.4,11265.0,0.0,0.0,0.0,0.0,0.049563064094254865
1650,0,,,2.0,2.0,0.9995437747834997,2.0,0.0,0.0,1,0.0,1,0.0,0.0,0.4,0.0,0.0,0.0,0.0,0.0,0.03766211526578688
1651,0,,,2109.00379326354,2113.0,0.9999999971232802,4.0,0.0,0.0,1,0.0,1,0.0,0.0,0.4,2109.0,0.0,0.0,0.0,0.0,0.04070822028182492
1652,0,,,19100.00010471204,19102.0,0.999999999750172,2.0,0.0,0.0,1,0.0,1,0.0,0.0,0.4,19100.0,0.0,0.0,0.0,0.0,0.038588106481182424
1653,0,,,17797.0002528516,17800.0,0.99999999984359,3.0,0.0,0.0,1,0.0,1,0.0,0.0,0.4,17797.0,0.0,0.0,0.0,0.0,0.04290618624418046
1654,0,,,2.0,2.0,0.9984978774050592,2.0,0.0,0.0,1,0.0,1,0.0,0.0,0.4,0.0,0.0,0.0,0.0,0.0,0.03749455652083708
1655,0,,,1930.0005181346453,1932.0,0.999999999818758,1.0,0.0,0.0,1,1.0,0,0.0,0.0,0.2,1930.0,0.0,0.0,0.0,0.0,0.15027580654742176
1656,0,,,2.0,2.0,0.9986054207456784,2.0,0.0,0.0,1,0.0,1,0.0,0.0,0.4,0.0,0.0,0.0,0.0,0.0,0.03749455652083708
1657,0,,,2.0,2.0,0.9964589123924024,2.0,0.0,0.0,1,0.0,1,0.0,0.0,0.4,0.0,0.0,0.0,0.0,0.0,0.04261006561642753
1658,0,,,2.0,2.0,0.9992990141526302,2.0,0.0,0.0,1,0.0,1,0.0,0.0,0.4,0.0,0.0,0.0,0.0,0.0,0.0779745472731763
1659,0,,,10.04987562112089,11.0,0.9999999997934588,0.0,1.0,0.0,1,1.0,0,0.0,0.0,0.4,10.0,0.0,0.0,0.0,0.0,0.04170106684301563
1660,0,,,1.0,1.0,0.99887018379923,1.0,0.0,0.0,1,0.0,1,0.0,0.0,0.4,0.0,0.0,0.0,0.0,0.0,0.03829454852717256
1661,0,,,2.0,2.0,0.9978443605023736,2.0,0.0,0.0,1,0.0,1,0.0,0.0,0.4,0.0,0.0,0.0,0.0,0.0,0.29468981550431533
1662,0,,,7300.001095890328,7304.0,0.99999998820264,4.0,0.0,0.0,1,0.0,1,0.0,0.0,0.4,7300.0,0.0,0.0,0.0,0.0,0.03878625039614578
1663,0,,,11291.000708528894,11295.0,0.9999999996687596,4.0,0.0,0.0,1,0.0,1,0.0,0.0,0.4,11291.0,0.0,0.0,0.0,0.0,0.045265571588828823
1664,0,,,2.0,2.0,0.999076724020674,2.0,0.0,0.0,1,0.0,1,0.0,0.0,0.4,0.0,0.0,0.0,0.0,0.0,0.037670018660122394
1665,0,,,3.0,3.0,0.9994838709333604,3.0,0.0,0.0,1,0.0,1,0.0,0.0,0.4,0.0,0.0,0.0,0.0,0.0,0.03876465038328342
1666,0,,,20110.00009945301,20112.0,0.9999999998751836,2.0,0.0,0.0,1,0.0,1,0.0,0.0,0.4,20110.0,0.0,0.0,0.0,0.0,0.038845849203175103
1667,0,,,2.0,2.0,0.9710607611177228,2.0,0.0,0.0,1,0.0,1,0.0,0.0,0.4,0.0,0.0,0.0,0.0,0.0,0.07763352318216739
1668,0,,,3.0,3.0,0.9987677136415694,3.0,0.0,0.0,1,0.0,1,0.0,0.0,0.4,0.0,0.0,0.0,0.0,0.0,0.04913000720794408
1669,0,,,19709.00010147648,19711.0,0.9999999990269268,2.0,0.0,0.0,1,0.0,1,0.0,0.0,0.4,19709.0,0.0,0.0,0.0,0.0,0.038333662038249526
1670,0,,,2.0,2.0,0.9986054207456784,2.0,0.0,0.0,1,0.0,1,0.0,0.0,0.4,0.0,0.0,0.0,0.0,0.0,0.03749455652083708
1671,0,,,10080.000049603175,10081.0,0.9999999997758656,0.0,1.0,0.0,1,1.0,0,0.0,0.0,0.4,10080.0,0.0,0.0,0.0,0.0,0.08890199565287116
1672,0,,,2.0,2.0,0.9995437747834997,2.0,0.0,0.0,1,0.0,1,0.0,0.0,0.4,0.0,0.0,0.0,0.0,0.0,0.03766211526578688
1673,0,,,7508.001065530026,7512.0,0.9999999987450754,4.0,0.0,0.0,1,0.0,1,0.0,0.0,0.4,7508.0,0.0,0.0,0.0,0.0,0.03880288692728246
1674,0,,,2.0,2.0,0.9992990141526302,2.0,0.0,0.0,1,0.0,1,0.0,0.0,0.4,0.0,0.0,0.0,0.0,0.0,0.0779745472731763
1675,0,,,3.0,3.0,0.9991111899408198,3.0,0.0,0.0,1,0.0,1,0.0,0.0,0.4,0.0,0.0,0.0,0.0,0.0,0.039733076489767136
1676,0,,,1.0,1.0,0.997965409896352,1.0,0.0,0.0,1,0.0,1,0.0,0.0,0.4,0.0,0.0,0.0,0.0,0.0,0.03820006813046878
1677,0,,,3209.001402305708,3212.0,0.9999998755101424,3.0,0.0,0.0,1,0.0,1,0.0,0.0,0.4,3209.0,0.0,0.0,0.0,0.0,0.037612040548542745
1678,0,,,2.0,2.0,0.9979402655783318,2.0,0.0,0.0,1,0.0,1,0.0,0.0,0.4,0.0,0.0,0.0,0.0,0.0,0.09410354496187573
1679,0,,,12784.00003911139,12785.0,0.999999999910915,1.0,0.0,0.0,1,0.0,1,0.0,0.0,0.4,12784.0,0.0,0.0,0.0,0.0,0.04306474306447245
1680,0,,,1624.0027709335966,1627.0,0.9999999976949498,3.0,0.0,0.0,1,0.0,1,0.0,0.0,0.4,1624.0,0.0,0.0,0.0,0.0,0.04423717613667058
1681,0,,,17081.000468356648,17085.0,0.999999999872393,4.0,0.0,0.0,1,0.0,1,0.0,0.0,0.4,17081.0,0.0,0.0,0.0,0.0,0.052864540629674474
1682,0,,,62.12889826803627,66.0,0.9999999964401391,4.0,0.0,0.0,1,0.0,1,0.0,0.0,0.4,62.0,0.0,0.0,0.0,0.0,0.03986053989007201
1683,0,,,3.0,3.0,0.9981149841863164,3.0,0.0,0.0,1,0.0,1,0.0,0.0,0.4,0.0,0.0,0.0,0.0,0.0,0.08784850481710167
1684,0,,,2.0,2.0,0.9992990141526302,2.0,0.0,0.0,1,0.0,1,0.0,0.0,0.4,0.0,0.0,0.0,0.0,0.0,0.0779745472731763
1685,0,,,1.0,1.0,0.9990248656871404,1.0,0.0,0.0,1,0.0,1,0.0,0.0,0.4,0.0,0.0,0.0,0.0,0.0,0.038335218679685173
1686,0,,,2112.0009469694846,2114.0,0.999999995084782,2.0,0.0,0.0,1,0.0,1,0.0,0.0,0.4,2112.0,0.0,0.0,0.0,0.0,0.04095154376746823
1687,0,,,1.0,1.0,0.9960238411119948,1.0,0.0,0.0,1,0.0,1,0.0,0.0,0.4,0.0,0.0,0.0,0.0,0.0,0.03801677294841116
1688,0,,,22210.00009004953,22212.0,0.999999996097983,2.0,0.0,0.0,1,0.0,1,0.0,0.0,0.4,22210.0,0.0,0.0,0.0,0.0,0.03830903943441189
1689,0,,,2.0,2.0,0.9990248656871404,2.0,0.0,0.0,1,0.0,1,0.0,0.0,0.4,0.0,0.0,0.0,0.0,0.0,0.07105733776291641
1690,0,,,983.0010172934716,985.0,0.9999999998401792,1.0,0.0,0.0,1,1.0,0,0.0,0.0,0.2,983.0,0.0,0.0,0.0,0.0,0.16212745730444203
1691,0,,,3.0,3.0,0.9994838709333604,3.0,0.0,0.0,1,0.0,1,0.0,0.0,0.4,0.0,0.0,0.0,0.0,0.0,0.03876465038328342
1692,0,,,1.4142135623730951,2.0,0.9999999998587144,1.0,0.0,0.0,1,1.0,0,0.0,0.0,0.4,0.0,1.0,0.0,0.0,0.0,0.08689564750046025
1693,0,,,11.445523142259598,15.0,0.3572948005052482,11.0,0.0,3.0,0,1.0,0,0.0,0.0,0.0,0.0,0.0,0.0,0.0,0.0,0.5397034132258705
1694,0,,,2.0,2.0,0.9914573982080404,2.0,0.0,0.0,1,0.0,1,0.0,0.0,0.4,0.0,0.0,0.0,0.0,0.0,0.04067788219742153
1695,0,,,3.0,3.0,0.999229286976064,3.0,0.0,0.0,1,0.0,1,0.0,0.0,0.4,0.0,0.0,0.0,0.0,0.0,0.045928225904439485
1696,0,,,2.0,2.0,0.999076724020674,2.0,0.0,0.0,1,0.0,1,0.0,0.0,0.4,0.0,0.0,0.0,0.0,0.0,0.037670018660122394
1697,0,,,16081.000124370374,16083.0,0.999999998077822,2.0,0.0,0.0,1,0.0,1,0.0,0.0,0.4,16081.0,0.0,0.0,0.0,0.0,0.04157240066371032
1698,0,,,3.0,3.0,0.9995044352735956,3.0,0.0,0.0,1,0.0,1,0.0,0.0,0.4,0.0,0.0,0.0,0.0,0.0,0.03823264235710399
1699,0,,,16593.000120532753,16595.0,0.9999999998507544,2.0,0.0,0.0,1,0.0,1,0.0,0.0,0.4,16593.0,0.0,0.0,0.0,0.0,0.05206754085806133
1700,0,,,2.0,2.0,0.9979402655783318,2.0,0.0,0.0,1,0.0,1,0.0,0.0,0.4,0.0,0.0,0.0,0.0,0.0,0.09410354496187573
1701,0,,,2.0,2.0,0.9986054207456784,2.0,0.0,0.0,1,0.0,1,0.0,0.0,0.4,0.0,0.0,0.0,0.0,0.0,0.03749455652083708
1702,0,,,0.0,0.0,1.0,0.0,1.0,0.0,1,0.0,1,0.0,0.0,0.6,0.0,0.0,0.0,0.0,0.0,0.16319007826771129
1703,0,,,3.0,3.0,0.9981149841863164,3.0,0.0,0.0,1,0.0,1,0.0,0.0,0.4,0.0,0.0,0.0,0.0,0.0,0.08784850481710167
1704,0,,,1.0,1.0,0.9994088086979588,1.0,0.0,0.0,1,0.0,1,0.0,0.0,0.4,0.0,0.0,0.0,0.0,0.0,0.051243847879963604
1705,0,,,2.0,2.0,0.9995437747834997,2.0,0.0,0.0,1,0.0,1,0.0,0.0,0.4,0.0,0.0,0.0,0.0,0.0,0.03766211526578688
1706,0,,,13946.0,13946.0,-0.0963972227025584,0.0,1.0,0.0,1,0.0,1,0.0,0.0,0.6,13946.0,0.0,0.0,0.0,0.0,0.6338497210731281
1707,0,,,4399.000454648761,4401.0,0.999999998150351,2.0,0.0,0.0,1,0.0,1,0.0,0.0,0.4,4399.0,0.0,0.0,0.0,0.0,0.03842500398095038
1708,0,,,3921.000510073928,3923.0,0.9999999996340472,2.0,0.0,0.0,1,0.0,1,0.0,0.0,0.4,3921.0,0.0,0.0,0.0,0.0,0.04069524713993738
1709,0,,,24030.00018726592,24033.0,0.9999999998392444,3.0,0.0,0.0,1,0.0,1,0.0,0.0,0.4,24030.0,0.0,0.0,0.0,0.0,0.04973386727077229
1710,0,,,19609.00010199398,19611.0,0.9999999929185276,2.0,0.0,0.0,1,0.0,1,0.0,0.0,0.4,19609.0,0.0,0.0,0.0,0.0,0.038333662038249526
1711,0,,,1.0,1.0,0.9979402655783318,1.0,0.0,0.0,1,0.0,1,0.0,0.0,0.4,0.0,0.0,0.0,0.0,0.0,0.03858619509177146
1712,0,,,3812.002098635309,3816.0,0.9999999972761108,4.0,0.0,0.0,1,0.0,1,0.0,0.0,0.4,3812.0,0.0,0.0,0.0,0.0,0.040674270593572655
1713,0,,,1362.0003671071458,1363.0,0.9999999999239866,0.0,1.0,0.0,1,1.0,0,0.0,0.0,0.4,1362.0,0.0,0.0,0.0,0.0,0.04080572083818946
1714,0,,,2.0,2.0,0.9990248656871404,2.0,0.0,0.0,1,0.0,1,0.0,0.0,0.4,0.0,0.0,0.0,0.0,0.0,0.07105733776291641
1715,0,,,20582.000388689143,20586.0,0.9999999999630088,4.0,0.0,0.0,1,0.0,1,0.0,0.0,0.4,20582.0,0.0,0.0,0.0,0.0,0.04279593787523167
1716,0,,,2.0,2.0,0.9979402655783318,2.0,0.0,0.0,1,0.0,1,0.0,0.0,0.4,0.0,0.0,0.0,0.0,0.0,0.09410354496187573
1717,0,,,109.00458705944445,110.0,0.9999999997654684,0.0,1.0,0.0,1,1.0,0,0.0,0.0,0.4,109.0,0.0,0.0,0.0,0.0,0.041383268632896666
1718,0,,,3.0,3.0,0.9981149841863164,3.0,0.0,0.0,1,0.0,1,0.0,0.0,0.4,0.0,0.0,0.0,0.0,0.0,0.08784850481710167
1719,0,,,46556.0,46556.0,0.9999624447407786,0.0,1.0,0.0,1,0.0,1,0.0,0.0,0.6,46556.0,0.0,0.0,0.0,0.0,0.3528021347862175
1720,0,,,3.0,3.0,0.9993432334096516,3.0,0.0,0.0,1,0.0,1,0.0,0.0,0.4,0.0,0.0,0.0,0.0,0.0,0.10678198882670707
1721,0,,,26019.000019216724,26020.0,0.999999998578302,1.0,0.0,0.0,1,0.0,1,0.0,0.0,0.4,26019.0,0.0,0.0,0.0,0.0,0.04299228753144679
1722,0,,,23182.00002156846,23183.0,0.999999981309694,1.0,0.0,0.0,1,0.0,1,0.0,0.0,0.4,23182.0,0.0,0.0,0.0,0.0,0.043000563622796195
1723,0,,,17797.000028094622,17798.0,0.9999999992319172,1.0,0.0,0.0,1,0.0,1,0.0,0.0,0.4,17797.0,0.0,0.0,0.0,0.0,0.05113468473614676
1724,0,,,3.0,3.0,0.9987677136415694,3.0,0.0,0.0,1,0.0,1,0.0,0.0,0.4,0.0,0.0,0.0,0.0,0.0,0.04913000720794408
1725,0,,,2.0,2.0,0.9993606137453732,2.0,0.0,0.0,1,0.0,1,0.0,0.0,0.4,0.0,0.0,0.0,0.0,0.0,0.03771984987810026
1726,0,,,2.0,2.0,0.9995437747834997,2.0,0.0,0.0,1,0.0,1,0.0,0.0,0.4,0.0,0.0,0.0,0.0,0.0,0.03766211526578688
1727,0,,,2930.000170648459,2931.0,0.9999999995953072,0.0,1.0,1.0,0,0.0,1,0.0,0.0,0.4,2930.0,0.0,0.0,0.0,0.0,0.08939601653177902
1728,0,,,9.055385138137416,10.0,0.6285393610547089,9.0,0.0,1.0,0,0.0,1,0.0,0.0,0.2,0.0,0.0,0.0,0.0,0.0,0.7586067976111348
1729,0,,,8230.000972053405,8234.0,0.999999990946944,4.0,0.0,0.0,1,0.0,1,0.0,0.0,0.4,8230.0,0.0,0.0,0.0,0.0,0.08541518114822573
1730,0,,,2.0,2.0,0.9710607611177228,2.0,0.0,0.0,1,0.0,1,0.0,0.0,0.4,0.0,0.0,0.0,0.0,0.0,0.07763352318216739
1731,0,,,1091.0018331790282,1093.0,0.9999999997296471,0.0,1.0,2.0,0,0.0,1,0.0,0.0,0.4,1091.0,0.0,0.0,0.0,0.0,0.10223492603701957
1732,0,,,1109.000450856536,1110.0,0.9999999998369664,0.0,1.0,1.0,0,0.0,1,0.0,0.0,0.4,1109.0,0.0,0.0,0.0,0.0,0.08085852780676901
1733,0,,,280.0160709673643,283.0,0.9999996620633052,3.0,0.0,0.0,1,0.0,1,0.0,0.0,0.4,280.0,0.0,0.0,0.0,0.0,0.04214215211802627
1734,0,,,12775.000156555772,12777.0,0.9999999991520534,2.0,0.0,0.0,1,0.0,1,0.0,0.0,0.4,12775.0,0.0,0.0,0.0,0.0,0.03866303232327455
1735,0,,,7111.00063282236,7114.0,0.9999999987918624,3.0,0.0,0.0,1,0.0,1,0.0,0.0,0.4,7111.0,0.0,0.0,0.0,0.0,0.03872188325047215
1736,0,,,3.0,3.0,0.9995044352735956,3.0,0.0,0.0,1,0.0,1,0.0,0.0,0.4,0.0,0.0,0.0,0.0,0.0,0.03823264235710399
1737,0,,,2.0,2.0,0.9997500937109548,2.0,0.0,0.0,1,0.0,1,0.0,0.0,0.4,0.0,0.0,0.0,0.0,0.0,0.03841429086549595
1738,0,,,1.0,1.0,0.9990248656871404,1.0,0.0,0.0,1,0.0,1,0.0,0.0,0.4,0.0,0.0,0.0,0.0,0.0,0.038335218679685173
1739,0,,,2.0,2.0,0.9984038297885895,2.0,0.0,0.0,1,0.0,1,0.0,0.0,0.4,0.0,0.0,0.0,0.0,0.0,0.03796993642794342
1740,0,,,16071.0,16071.0,0.9999999938883516,0.0,1.0,0.0,1,0.0,1,0.0,0.0,0.6,16071.0,0.0,0.0,0.0,0.0,0.08549108966258202
1741,0,,,3.0,3.0,0.9091372900969896,3.0,0.0,0.0,1,0.0,1,0.0,0.0,0.4,0.0,0.0,0.0,0.0,0.0,0.1086952057414462
1742,0,,,2.0,2.0,0.9992990141526302,2.0,0.0,0.0,1,0.0,1,0.0,0.0,0.4,0.0,0.0,0.0,0.0,0.0,0.0779745472731763
1743,0,,,3.0,3.0,0.9128709291752768,3.0,0.0,0.0,1,0.0,1,0.0,0.0,0.4,0.0,0.0,0.0,0.0,0.0,0.10084769524462418
1744,0,,,2.0,2.0,0.9997313633262476,2.0,0.0,0.0,1,0.0,1,0.0,0.0,0.4,0.0,0.0,0.0,0.0,0.0,0.0682249476277352
1745,0,,,2.0,2.0,0.9986054207456784,2.0,0.0,0.0,1,0.0,1,0.0,0.0,0.4,0.0,0.0,0.0,0.0,0.0,0.03749455652083708
1746,0,,,1930.0005181346453,1932.0,0.999999999818758,1.0,0.0,0.0,1,1.0,0,0.0,0.0,0.2,1930.0,0.0,0.0,0.0,0.0,0.15027580654742176
1747,0,,,1262.0003961964512,1263.0,0.999999999924772,0.0,1.0,1.0,0,0.0,1,0.0,0.0,0.4,1262.0,0.0,0.0,0.0,0.0,0.07998715053945556
1748,0,,,2.0,2.0,0.9992990141526302,2.0,0.0,0.0,1,0.0,1,0.0,0.0,0.4,0.0,0.0,0.0,0.0,0.0,0.0779745472731763
1749,0,,,3310.0024169175467,3314.0,0.9999998127914476,4.0,0.0,0.0,1,0.0,1,0.0,0.0,0.4,3310.0,0.0,0.0,0.0,0.0,0.03823015878366884
1750,0,,,0.0,0.0,1.0,0.0,0.0,0.0,1,0.0,1,0.0,0.0,0.4,0.0,0.0,0.0,0.0,0.0,0.07475133151412182
1751,0,,,2.0,2.0,0.9993606137453732,2.0,0.0,0.0,1,0.0,1,0.0,0.0,0.4,0.0,0.0,0.0,0.0,0.0,0.03771984987810026
1752,0,,,34984.00001429225,34985.0,0.9999999962257542,1.0,0.0,0.0,1,0.0,1,0.0,0.0,0.4,34984.0,0.0,0.0,0.0,0.0,0.11478328789673257
1753,0,,,2.0,2.0,0.9870334871066369,2.0,0.0,0.0,1,0.0,1,0.0,0.0,0.4,0.0,0.0,0.0,0.0,0.0,0.04416633454124014
1754,0,,,0.0,0.0,1.0,0.0,1.0,0.0,1,0.0,1,0.0,0.0,0.6,0.0,0.0,0.0,0.0,0.0,0.16319007826771129
1755,0,,,1.0,1.0,0.9979402655783318,1.0,0.0,0.0,1,0.0,1,0.0,0.0,0.4,0.0,0.0,0.0,0.0,0.0,0.03858619509177146
1756,0,,,3598.001250694613,3601.0,0.999999857945314,3.0,0.0,0.0,1,0.0,1,0.0,0.0,0.4,3598.0,0.0,0.0,0.0,0.0,0.038139480139975875
1757,0,,,6884.00079895405,6889.0,0.9999999985808884,1.0,0.0,3.0,0,1.0,0,0.0,0.0,0.0,6884.0,0.0,0.0,0.0,0.0,0.7502497062687525
1758,0,,,2.23606797749979,3.0,0.9999999782089308,2.0,0.0,0.0,1,1.0,0,0.0,0.0,0.4,0.0,1.0,0.0,0.0,0.0,0.07915510208874528
1759,0,,,0.0,0.0,1.0,0.0,0.0,0.0,1,0.0,1,0.0,0.0,0.4,0.0,0.0,0.0,0.0,0.0,0.07475133151412182
1760,0,,,2.0,2.0,0.999608112064896,2.0,0.0,0.0,1,0.0,1,0.0,0.0,0.4,0.0,0.0,0.0,0.0,0.0,0.03821139057298917
1761,0,,,1071.0116712716067,1076.0,0.9999999983682926,5.0,0.0,0.0,1,0.0,1,0.0,0.0,0.4,1071.0,0.0,0.0,0.0,0.0,0.076716151221231
1762,0,,,13218.000340444843,13221.0,0.9999999132887026,3.0,0.0,0.0,1,0.0,1,0.0,0.0,0.4,13218.0,0.0,0.0,0.0,0.0,0.0704565272947258
1763,0,,,0.0,0.0,1.0,0.0,1.0,0.0,1,0.0,1,0.0,0.0,0.6,0.0,0.0,0.0,0.0,0.0,0.16319007826771129
1764,0,,,101.0099005048515,103.0,0.9999999905002028,1.0,0.0,1.0,0,0.0,1,0.0,0.0,0.2,101.0,0.0,0.0,0.0,0.0,0.4432998386948821
1765,0,,,3474.0005757051917,3476.0,0.9999998996860984,2.0,0.0,0.0,1,0.0,1,0.0,0.0,0.4,3474.0,0.0,0.0,0.0,0.0,0.03766700863395316
1766,0,,,17102.000263127116,17105.0,0.9999999982112238,3.0,0.0,0.0,1,0.0,1,0.0,0.0,0.4,17102.0,0.0,0.0,0.0,0.0,0.054557396714735064
1767,0,,,38010.0,38010.0,0.999999878726754,0.0,1.0,0.0,1,0.0,1,0.0,0.0,0.6,38010.0,0.0,0.0,0.0,0.0,0.058045061917989284
1768,0,,,3.0,3.0,0.9993432334096516,3.0,0.0,0.0,1,0.0,1,0.0,0.0,0.4,0.0,0.0,0.0,0.0,0.0,0.10678198882670707
1769,0,,,3.0,3.0,0.999229286976064,3.0,0.0,0.0,1,0.0,1,0.0,0.0,0.4,0.0,0.0,0.0,0.0,0.0,0.045928225904439485
1770,0,,,1.0,1.0,0.997965409896352,1.0,0.0,0.0,1,0.0,1,0.0,0.0,0.4,0.0,0.0,0.0,0.0,0.0,0.03820006813046878
1771,0,,,3.0,3.0,0.9981149841863164,3.0,0.0,0.0,1,0.0,1,0.0,0.0,0.4,0.0,0.0,0.0,0.0,0.0,0.08784850481710167
1772,0,,,0.0,0.0,1.0,0.0,0.0,0.0,1,0.0,1,0.0,0.0,0.4,0.0,0.0,0.0,0.0,0.0,0.07475133151412182
1773,0,,,1.0,1.0,0.9960238411119948,1.0,0.0,0.0,1,0.0,1,0.0,0.0,0.4,0.0,0.0,0.0,0.0,0.0,0.03801677294841116
1774,0,,,2.0,2.0,0.9997313633262476,2.0,0.0,0.0,1,0.0,1,0.0,0.0,0.4,0.0,0.0,0.0,0.0,0.0,0.0682249476277352
1775,0,,,8221.000547378646,8224.0,0.999999999556368,3.0,0.0,0.0,1,0.0,1,0.0,0.0,0.4,8221.0,0.0,0.0,0.0,0.0,0.05055423558942688
1776,0,,,1.0,1.0,0.9972413740548082,1.0,0.0,0.0,1,0.0,1,0.0,0.0,0.4,0.0,0.0,0.0,0.0,0.0,0.04747180846194656
1777,0,,,3.0,3.0,0.9994838709333604,3.0,0.0,0.0,1,0.0,1,0.0,0.0,0.4,0.0,0.0,0.0,0.0,0.0,0.03876465038328342
1778,0,,,3.0,3.0,0.9128709291752768,3.0,0.0,0.0,1,0.0,1,0.0,0.0,0.4,0.0,0.0,0.0,0.0,0.0,0.10084769524462418
1779,0,,,0.0,0.0,1.0,0.0,0.0,0.0,1,0.0,1,0.0,0.0,0.4,0.0,0.0,0.0,0.0,0.0,0.07475133151412182
1780,0,,,12199.00036888269,12202.0,0.9999999998539474,3.0,0.0,0.0,1,0.0,1,0.0,0.0,0.4,12199.0,0.0,0.0,0.0,0.0,0.04417285625183337
1781,0,,,2.0,2.0,0.999611961278529,2.0,0.0,0.0,1,0.0,1,0.0,0.0,0.4,0.0,0.0,0.0,0.0,0.0,0.03806796648916393
1782,0,,,2.0,2.0,0.9978443605023736,2.0,0.0,0.0,1,0.0,1,0.0,0.0,0.4,0.0,0.0,0.0,0.0,0.0,0.29468981550431533
1783,0,,,2.0,2.0,0.9993606137453732,2.0,0.0,0.0,1,0.0,1,0.0,0.0,0.4,0.0,0.0,0.0,0.0,0.0,0.03771984987810026
1784,0,,,2.0,2.0,0.9995437747834997,2.0,0.0,0.0,1,0.0,1,0.0,0.0,0.4,0.0,0.0,0.0,0.0,0.0,0.03766211526578688
1785,0,,,3.0,3.0,0.9991111899408198,3.0,0.0,0.0,1,0.0,1,0.0,0.0,0.4,0.0,0.0,0.0,0.0,0.0,0.039733076489767136
1786,0,,,390.020512281085,394.0,0.9999999989328489,4.0,0.0,0.0,1,0.0,1,0.0,0.0,0.4,390.0,0.0,0.0,0.0,0.0,0.03942662415608619
1787,0,,,35869.0,35869.0,0.9999999935133944,0.0,1.0,0.0,1,0.0,1,0.0,0.0,0.6,35869.0,0.0,0.0,0.0,0.0,0.1284983875248805
1788,0,,,2.0,2.0,0.999611961278529,2.0,0.0,0.0,1,0.0,1,0.0,0.0,0.4,0.0,0.0,0.0,0.0,0.0,0.03806796648916393
1789,0,,,2.0,2.0,0.9986187838711752,2.0,0.0,0.0,1,0.0,1,0.0,0.0,0.4,0.0,0.0,0.0,0.0,0.0,0.03749455652083708
1790,0,,,11596.000172473265,11598.0,0.9999999938697868,2.0,0.0,0.0,1,0.0,1,0.0,0.0,0.4,11596.0,0.0,0.0,0.0,0.0,0.041134085153076004
1791,0,,,33008.000893722725,33019.0,0.999999681074882,7.0,0.0,3.0,0,1.0,0,0.0,0.0,0.0,33008.0,0.0,0.0,0.0,0.0,0.9561327558850891
1792,0,,,3.0,3.0,0.9982683969692436,3.0,0.0,0.0,1,0.0,1,0.0,0.0,0.4,0.0,0.0,0.0,0.0,0.0,0.045344590148808504
1793,0,,,6089.000164230578,6091.0,0.9999999998228272,1.0,0.0,0.0,1,1.0,0,0.0,0.0,0.2,6089.0,0.0,0.0,0.0,0.0,0.3306698015995551
1794,0,,,1.0,1.0,0.9990248656871404,1.0,0.0,0.0,1,0.0,1,0.0,0.0,0.4,0.0,0.0,0.0,0.0,0.0,0.038335218679685173
1795,0,,,2.0,2.0,0.999608112064896,2.0,0.0,0.0,1,0.0,1,0.0,0.0,0.4,0.0,0.0,0.0,0.0,0.0,0.03821139057298917
1796,0,,,2.0,2.0,0.9998098045724798,2.0,0.0,0.0,1,0.0,1,0.0,0.0,0.4,0.0,0.0,0.0,0.0,0.0,0.03938080884155897
1797,0,,,2.0,2.0,0.9997500937109548,2.0,0.0,0.0,1,0.0,1,0.0,0.0,0.4,0.0,0.0,0.0,0.0,0.0,0.03841429086549595
1798,0,,,2.0,2.0,0.9994056463070784,2.0,0.0,0.0,1,0.0,1,0.0,0.0,0.4,0.0,0.0,0.0,0.0,0.0,0.03766211526578688
1799,0,,,12907.000038738668,12908.0,0.9999999994208048,0.0,1.0,0.0,1,1.0,0,0.0,0.0,0.4,12907.0,0.0,0.0,0.0,0.0,0.17765998019106188
1800,0,,,2.0,2.0,0.9986187838711752,2.0,0.0,0.0,1,0.0,1,0.0,0.0,0.4,0.0,0.0,0.0,0.0,0.0,0.03749455652083708
1801,0,,,3.0,3.0,0.9981149841863164,3.0,0.0,0.0,1,0.0,1,0.0,0.0,0.4,0.0,0.0,0.0,0.0,0.0,0.08784850481710167
1802,0,,,1.4142135623730951,2.0,0.8660254037844387,1.0,0.0,1.0,0,0.0,1,0.0,0.0,0.2,0.0,0.0,0.0,0.0,0.0,0.7641350913866655
1803,0,,,3.0,3.0,0.9987677136415694,3.0,0.0,0.0,1,0.0,1,0.0,0.0,0.4,0.0,0.0,0.0,0.0,0.0,0.04913000720794408
1804,0,,,1.0,1.0,0.9990248656871404,1.0,0.0,0.0,1,0.0,1,0.0,0.0,0.4,0.0,0.0,0.0,0.0,0.0,0.038335218679685173
1805,0,,,0.0,0.0,1.0,0.0,0.0,0.0,1,0.0,1,0.0,0.0,0.4,0.0,0.0,0.0,0.0,0.0,0.07475133151412182
1806,0,,,2.0,2.0,0.999611961278529,2.0,0.0,0.0,1,0.0,1,0.0,0.0,0.4,0.0,0.0,0.0,0.0,0.0,0.03806796648916393
1807,0,,,2.0,2.0,0.9995437747834997,2.0,0.0,0.0,1,0.0,1,0.0,0.0,0.4,0.0,0.0,0.0,0.0,0.0,0.03766211526578688
1808,0,,,3.0,3.0,0.9981149841863164,3.0,0.0,0.0,1,0.0,1,0.0,0.0,0.4,0.0,0.0,0.0,0.0,0.0,0.08784850481710167
1809,0,,,2.0,2.0,0.9992990141526302,2.0,0.0,0.0,1,0.0,1,0.0,0.0,0.4,0.0,0.0,0.0,0.0,0.0,0.0779745472731763
1810,0,,,2.0,2.0,0.9986054207456784,2.0,0.0,0.0,1,0.0,1,0.0,0.0,0.4,0.0,0.0,0.0,0.0,0.0,0.03749455652083708
1811,0,,,63380.0,63380.0,0.9999998533075508,0.0,1.0,0.0,1,0.0,1,0.0,0.0,0.6,63380.0,0.0,0.0,0.0,0.0,0.637436263215145
1812,0,,,0.0,0.0,1.0,0.0,1.0,0.0,1,0.0,1,0.0,0.0,0.6,0.0,0.0,0.0,0.0,0.0,0.16319007826771129
1813,0,,,29019.000068920363,29021.0,0.9999999929769848,2.0,0.0,0.0,1,0.0,1,0.0,0.0,0.4,29019.0,0.0,0.0,0.0,0.0,0.1312672635695623
1814,0,,,2.0,2.0,0.9986054207456784,2.0,0.0,0.0,1,0.0,1,0.0,0.0,0.4,0.0,0.0,0.0,0.0,0.0,0.03749455652083708
1815,0,,,5110.000097847357,5111.0,0.999999999910498,0.0,1.0,0.0,1,1.0,0,0.0,0.0,0.4,5110.0,0.0,0.0,0.0,0.0,0.046816912031942125
1816,0,,,3.0,3.0,0.9991111899408198,3.0,0.0,0.0,1,0.0,1,0.0,0.0,0.4,0.0,0.0,0.0,0.0,0.0,0.039733076489767136
1817,0,,,56303.00018649095,56310.0,-0.1888412577695384,2.0,0.0,4.0,0,1.0,0,0.0,0.0,0.0,56303.0,0.0,0.0,0.0,0.0,0.8209708816627158
1818,0,,,1.0,1.0,0.994936676326182,1.0,0.0,0.0,1,0.0,1,0.0,0.0,0.4,0.0,0.0,0.0,0.0,0.0,0.03862441470808545
1819,0,,,0.0,0.0,1.0,0.0,0.0,0.0,1,0.0,1,0.0,0.0,0.4,0.0,0.0,0.0,0.0,0.0,0.07475133151412182
1820,0,,,2.0,2.0,0.9984978774050592,2.0,0.0,0.0,1,0.0,1,0.0,0.0,0.4,0.0,0.0,0.0,0.0,0.0,0.03749455652083708
1821,0,,,1.0,1.0,0.994936676326182,1.0,0.0,0.0,1,0.0,1,0.0,0.0,0.4,0.0,0.0,0.0,0.0,0.0,0.03862441470808545
1822,0,,,901.008878979558,905.0,0.9999999988481754,4.0,0.0,0.0,1,0.0,1,0.0,0.0,0.4,901.0,0.0,0.0,0.0,0.0,0.046042967492485896
1823,0,,,12.041594578792296,13.0,0.9999999997938184,0.0,1.0,1.0,0,0.0,1,0.0,0.0,0.4,12.0,0.0,0.0,0.0,0.0,0.15781435904869023
1824,0,,,23752.0,23752.0,0.9999999773334636,0.0,1.0,0.0,1,0.0,1,0.0,0.0,0.6,23752.0,0.0,0.0,0.0,0.0,0.04739147281287534
1825,0,,,1.0,1.0,0.994936676326182,1.0,0.0,0.0,1,0.0,1,0.0,0.0,0.4,0.0,0.0,0.0,0.0,0.0,0.03862441470808545
1826,0,,,3.0,3.0,0.9994838709333604,3.0,0.0,0.0,1,0.0,1,0.0,0.0,0.4,0.0,0.0,0.0,0.0,0.0,0.03876465038328342
1827,0,,,2.0,2.0,0.9994056463070784,2.0,0.0,0.0,1,0.0,1,0.0,0.0,0.4,0.0,0.0,0.0,0.0,0.0,0.03766211526578688
1828,0,,,2.0,2.0,0.999076724020674,2.0,0.0,0.0,1,0.0,1,0.0,0.0,0.4,0.0,0.0,0.0,0.0,0.0,0.037670018660122394
1829,0,,,7981.001566219618,7986.0,0.9999999985533564,5.0,0.0,0.0,1,0.0,1,0.0,0.0,0.4,7981.0,0.0,0.0,0.0,0.0,0.04927260716534119
1830,0,,,3.0,3.0,0.9981149841863164,3.0,0.0,0.0,1,0.0,1,0.0,0.0,0.4,0.0,0.0,0.0,0.0,0.0,0.08784850481710167
1831,0,,,2701.0016660490974,2704.0,0.9999999986104112,3.0,0.0,0.0,1,0.0,1,0.0,0.0,0.4,2701.0,0.0,0.0,0.0,0.0,0.03780698302567247
1832,0,,,2.0,2.0,0.9870334871066369,2.0,0.0,0.0,1,0.0,1,0.0,0.0,0.4,0.0,0.0,0.0,0.0,0.0,0.04416633454124014
1833,0,,,47998.0,47998.0,0.9999999925994676,0.0,1.0,0.0,1,0.0,1,0.0,0.0,0.6,47998.0,0.0,0.0,0.0,0.0,0.17114756315943983
1834,0,,,0.0,0.0,1.0,0.0,0.0,0.0,1,0.0,1,0.0,0.0,0.4,0.0,0.0,0.0,0.0,0.0,0.07475133151412182
1835,0,,,14099.000141854032,14101.0,0.9999999930084058,2.0,0.0,0.0,1,0.0,1,0.0,0.0,0.4,14099.0,0.0,0.0,0.0,0.0,0.04566339697171489
1836,0,,,39005.00001281887,39006.0,0.9999999978281818,1.0,0.0,0.0,1,0.0,1,0.0,0.0,0.4,39005.0,0.0,0.0,0.0,0.0,0.06495315596722019
1837,0,,,2.0,2.0,0.9998098045724798,2.0,0.0,0.0,1,0.0,1,0.0,0.0,0.4,0.0,0.0,0.0,0.0,0.0,0.03938080884155897
1838,0,,,1.0,1.0,0.994936676326182,1.0,0.0,0.0,1,0.0,1,0.0,0.0,0.4,0.0,0.0,0.0,0.0,0.0,0.03862441470808545
1839,0,,,2109.00379326354,2113.0,0.9999999973276285,4.0,0.0,0.0,1,0.0,1,0.0,0.0,0.4,2109.0,0.0,0.0,0.0,0.0,0.04070822028182492
1840,0,,,13220.000037821485,13221.0,0.9999999983874344,1.0,0.0,0.0,1,0.0,1,0.0,0.0,0.4,13220.0,0.0,0.0,0.0,0.0,0.06444398304420791
1841,0,,,2.0,2.0,0.9986054207456784,2.0,0.0,0.0,1,0.0,1,0.0,0.0,0.4,0.0,0.0,0.0,0.0,0.0,0.03749455652083708
1842,0,,,3.1622776601683795,4.0,0.9990396662382446,3.0,0.0,1.0,0,0.0,1,0.0,0.0,0.2,0.0,0.0,0.0,0.0,0.0,0.7961270726917307
1843,0,,,3.0,3.0,0.9981149841863164,3.0,0.0,0.0,1,0.0,1,0.0,0.0,0.4,0.0,0.0,0.0,0.0,0.0,0.08784850481710167
1844,0,,,2.0,2.0,0.9992990141526302,2.0,0.0,0.0,1,0.0,1,0.0,0.0,0.4,0.0,0.0,0.0,0.0,0.0,0.0779745472731763
1845,0,,,2.0,2.0,0.9986054207456784,2.0,0.0,0.0,1,0.0,1,0.0,0.0,0.4,0.0,0.0,0.0,0.0,0.0,0.03749455652083708
1846,0,,,3.0,3.0,0.9981149841863164,3.0,0.0,0.0,1,0.0,1,0.0,0.0,0.4,0.0,0.0,0.0,0.0,0.0,0.08784850481710167
1847,0,,,3023.000165398606,3024.0,0.9999999996337852,0.0,1.0,0.0,1,1.0,0,0.0,0.0,0.4,3023.0,0.0,0.0,0.0,0.0,0.04366484359349285
1848,0,,,1.0,1.0,0.9914601339836672,1.0,0.0,0.0,1,0.0,1,0.0,0.0,0.4,0.0,0.0,0.0,0.0,0.0,0.12693595952168393
1849,0,,,2.0,2.0,0.9992990141526302,2.0,0.0,0.0,1,0.0,1,0.0,0.0,0.4,0.0,0.0,0.0,0.0,0.0,0.0779745472731763
1850,0,,,1.0,1.0,0.9990248656871404,1.0,0.0,0.0,1,0.0,1,0.0,0.0,0.4,0.0,0.0,0.0,0.0,0.0,0.038335218679685173
1851,0,,,0.0,0.0,1.0,0.0,0.0,0.0,1,0.0,1,0.0,0.0,0.4,0.0,0.0,0.0,0.0,0.0,0.07475133151412182
1852,0,,,18200.0,18200.0,0.9999999992926556,0.0,1.0,0.0,1,0.0,1,0.0,0.0,0.6,18200.0,0.0,0.0,0.0,0.0,0.1114057296125156
1853,0,,,3.0,3.0,0.9994838709333604,3.0,0.0,0.0,1,0.0,1,0.0,0.0,0.4,0.0,0.0,0.0,0.0,0.0,0.03876465038328342
1854,0,,,25.942243542145693,35.0,0.9999993717435574,12.0,0.0,0.0,1,0.0,1,0.0,0.0,0.4,23.0,0.0,0.0,0.0,0.0,0.266138830044566
1855,0,,,2.0,2.0,0.9992990141526302,2.0,0.0,0.0,1,0.0,1,0.0,0.0,0.4,0.0,0.0,0.0,0.0,0.0,0.0779745472731763
1856,0,,,14897.000033563803,14898.0,0.999999999614059,1.0,0.0,0.0,1,0.0,1,0.0,0.0,0.4,14897.0,0.0,0.0,0.0,0.0,0.051463489146774045
1857,0,,,47774.0,47774.0,0.9999999947464804,0.0,1.0,0.0,1,0.0,1,0.0,0.0,0.6,47774.0,0.0,0.0,0.0,0.0,0.17788250775536565
1858,0,,,12.083045973594572,14.0,0.1465486610894623,12.0,0.0,1.0,0,1.0,0,0.0,0.0,0.0,0.0,0.0,0.0,0.0,0.0,0.7946646847624246
1859,0,,,2.0,2.0,0.9970909029271466,2.0,0.0,0.0,1,0.0,1,0.0,0.0,0.4,0.0,0.0,0.0,0.0,0.0,0.06392583010898704
1860,0,,,2.0,2.0,0.9998098045724798,2.0,0.0,0.0,1,0.0,1,0.0,0.0,0.4,0.0,0.0,0.0,0.0,0.0,0.03938080884155897
1861,0,,,2.0,2.0,0.9995437747834997,2.0,0.0,0.0,1,0.0,1,0.0,0.0,0.4,0.0,0.0,0.0,0.0,0.0,0.03766211526578688
1862,0,,,3.0,3.0,0.9981149841863164,3.0,0.0,0.0,1,0.0,1,0.0,0.0,0.4,0.0,0.0,0.0,0.0,0.0,0.08784850481710167
1863,0,,,2.0,2.0,0.9986054207456784,2.0,0.0,0.0,1,0.0,1,0.0,0.0,0.4,0.0,0.0,0.0,0.0,0.0,0.03749455652083708
1864,0,,,2.0,2.0,0.9997313633262476,2.0,0.0,0.0,1,0.0,1,0.0,0.0,0.4,0.0,0.0,0.0,0.0,0.0,0.0682249476277352
1865,0,,,2.0,2.0,0.9992990141526302,2.0,0.0,0.0,1,0.0,1,0.0,0.0,0.4,0.0,0.0,0.0,0.0,0.0,0.0779745472731763
1866,0,,,1.0,1.0,0.9960238411119948,1.0,0.0,0.0,1,0.0,1,0.0,0.0,0.4,0.0,0.0,0.0,0.0,0.0,0.03801677294841116
1867,0,,,3.0,3.0,0.9960238411119948,3.0,0.0,0.0,1,0.0,1,0.0,0.0,0.4,0.0,0.0,0.0,0.0,0.0,0.3506212703340304
1868,0,,,0.0,0.0,1.0,0.0,1.0,0.0,1,0.0,1,0.0,0.0,0.6,0.0,0.0,0.0,0.0,0.0,0.16319007826771129
1869,0,,,2.0,2.0,0.9968410582470292,2.0,0.0,0.0,1,0.0,1,0.0,0.0,0.4,0.0,0.0,0.0,0.0,0.0,0.10631628135445227
1870,0,,,14804.001215887549,14810.0,0.9999999992749126,6.0,0.0,0.0,1,0.0,1,0.0,0.0,0.4,14804.0,0.0,0.0,0.0,0.0,0.06107184965331399
1871,0,,,47921.00001043384,47922.0,0.9999999899339318,1.0,0.0,0.0,1,0.0,1,0.0,0.0,0.4,47921.0,0.0,0.0,0.0,0.0,0.459820296231597
1872,0,,,5.385164807134504,7.0,0.7029594915666377,5.0,0.0,2.0,0,0.0,1,0.0,0.0,0.2,0.0,0.0,0.0,0.0,0.0,0.594743145736539
1873,0,,,38988.00001282446,38989.0,0.999999992791784,1.0,0.0,0.0,1,0.0,1,0.0,0.0,0.4,38988.0,0.0,0.0,0.0,0.0,0.06555908884364514
1874,0,,,19920.0000251004,19921.0,0.9999999795485718,1.0,0.0,0.0,1,0.0,1,0.0,0.0,0.4,19920.0,0.0,0.0,0.0,0.0,0.04170889785921508
1875,0,,,1020.0044117551648,1023.0,0.9999999871220772,3.0,0.0,0.0,1,0.0,1,0.0,0.0,0.4,1020.0,0.0,0.0,0.0,0.0,0.04577636641108534
1876,0,,,2.0,2.0,0.999076724020674,2.0,0.0,0.0,1,0.0,1,0.0,0.0,0.4,0.0,0.0,0.0,0.0,0.0,0.037670018660122394
1877,0,,,5879.000765436249,5882.0,0.9999999993069314,3.0,0.0,0.0,1,0.0,1,0.0,0.0,0.4,5879.0,0.0,0.0,0.0,0.0,0.03804120178426726
1878,0,,,2.0,2.0,0.9997313633262476,2.0,0.0,0.0,1,0.0,1,0.0,0.0,0.4,0.0,0.0,0.0,0.0,0.0,0.0682249476277352
1879,0,,,3.0,3.0,0.9987677136415694,3.0,0.0,0.0,1,0.0,1,0.0,0.0,0.4,0.0,0.0,0.0,0.0,0.0,0.04913000720794408
1880,0,,,34984.00001429225,34985.0,0.9999999962257542,1.0,0.0,0.0,1,0.0,1,0.0,0.0,0.4,34984.0,0.0,0.0,0.0,0.0,0.11478328789673257
1881,0,,,8.306623862918075,11.0,0.9917526275593872,8.0,0.0,2.0,0,1.0,0,0.0,0.0,0.0,0.0,0.0,0.0,0.0,0.0,0.8031044965324642
1882,0,,,2809.000711997062,2811.0,0.999999999362139,0.0,1.0,2.0,0,0.0,1,0.0,0.0,0.4,2809.0,0.0,0.0,0.0,0.0,0.10756539398405295
1883,0,,,4287.001866106429,4291.0,0.9999999971217576,4.0,0.0,0.0,1,0.0,1,0.0,0.0,0.4,4287.0,0.0,0.0,0.0,0.0,0.03858668263748894
1884,0,,,42998.0,42998.0,0.9999999909278384,0.0,1.0,0.0,1,0.0,1,0.0,0.0,0.6,42998.0,0.0,0.0,0.0,0.0,0.09321311882296886
1885,0,,,2.0,2.0,0.9978443605023736,2.0,0.0,0.0,1,0.0,1,0.0,0.0,0.4,0.0,0.0,0.0,0.0,0.0,0.29468981550431533
1886,0,,,28028.00007135721,28030.0,0.9999999989957996,2.0,0.0,0.0,1,0.0,1,0.0,0.0,0.4,28028.0,0.0,0.0,0.0,0.0,0.11592607874629142
1887,0,,,2.0,2.0,0.999608112064896,2.0,0.0,0.0,1,0.0,1,0.0,0.0,0.4,0.0,0.0,0.0,0.0,0.0,0.03821139057298917
1888,0,,,8037.000062212268,8038.0,0.9999999977039724,1.0,0.0,0.0,1,0.0,1,0.0,0.0,0.4,8037.0,0.0,0.0,0.0,0.0,0.04370749336301938
1889,0,,,8.54400374531753,11.0,0.5577733510227171,8.0,0.0,3.0,0,0.0,1,0.0,0.0,0.2,0.0,0.0,0.0,0.0,0.0,0.6327614741242685
1890,0,,,2.0,2.0,0.9986054207456784,2.0,0.0,0.0,1,0.0,1,0.0,0.0,0.4,0.0,0.0,0.0,0.0,0.0,0.03749455652083708
1891,0,,,2.0,2.0,0.9990248656871404,2.0,0.0,0.0,1,0.0,1,0.0,0.0,0.4,0.0,0.0,0.0,0.0,0.0,0.07105733776291641
1892,0,,,1.0,1.0,0.9979402655783318,1.0,0.0,0.0,1,0.0,1,0.0,0.0,0.4,0.0,0.0,0.0,0.0,0.0,0.03858619509177146
1893,0,,,1.0,1.0,0.9990248656871404,1.0,0.0,0.0,1,0.0,1,0.0,0.0,0.4,0.0,0.0,0.0,0.0,0.0,0.038335218679685173
1894,0,,,1.0,1.0,0.9994838709333602,1.0,0.0,0.0,1,0.0,1,0.0,0.0,0.4,0.0,0.0,0.0,0.0,0.0,0.05441642021762194
1895,0,,,3.0,3.0,0.9987677136415694,3.0,0.0,0.0,1,0.0,1,0.0,0.0,0.4,0.0,0.0,0.0,0.0,0.0,0.04913000720794408
1896,0,,,0.0,0.0,1.0,0.0,0.0,0.0,1,0.0,1,0.0,0.0,0.4,0.0,0.0,0.0,0.0,0.0,0.07475133151412182
1897,0,,,2.0,2.0,0.999076724020674,2.0,0.0,0.0,1,0.0,1,0.0,0.0,0.4,0.0,0.0,0.0,0.0,0.0,0.037670018660122394
1898,0,,,2.23606797749979,3.0,0.9999999998353042,0.0,1.0,0.0,1,1.0,0,0.0,0.0,0.4,2.0,0.0,0.0,0.0,0.0,0.08000613740779733
1899,0,,,2.0,2.0,0.9986054207456784,2.0,0.0,0.0,1,0.0,1,0.0,0.0,0.4,0.0,0.0,0.0,0.0,0.0,0.03749455652083708
1900,0,,,0.0,0.0,1.0,0.0,0.0,0.0,1,0.0,1,0.0,0.0,0.4,0.0,0.0,0.0,0.0,0.0,0.07475133151412182
1901,0,,,14082.00014202528,14084.0,0.999999999908978,2.0,0.0,0.0,1,0.0,1,0.0,0.0,0.4,14082.0,0.0,0.0,0.0,0.0,0.04355001576164833
1902,0,,,0.0,0.0,1.0,0.0,1.0,0.0,1,0.0,1,0.0,0.0,0.6,0.0,0.0,0.0,0.0,0.0,0.16319007826771129
1903,0,,,0.0,0.0,1.0,0.0,0.0,0.0,1,0.0,1,0.0,0.0,0.4,0.0,0.0,0.0,0.0,0.0,0.07475133151412182
1904,0,,,2.0,2.0,0.9997500937109548,2.0,0.0,0.0,1,0.0,1,0.0,0.0,0.4,0.0,0.0,0.0,0.0,0.0,0.03841429086549595
1905,0,,,2.0,2.0,0.9990248656871404,2.0,0.0,0.0,1,0.0,1,0.0,0.0,0.4,0.0,0.0,0.0,0.0,0.0,0.07105733776291641
1906,0,,,2.0,2.0,0.999076724020674,2.0,0.0,0.0,1,0.0,1,0.0,0.0,0.4,0.0,0.0,0.0,0.0,0.0,0.037670018660122394
1907,0,,,8219.000547511845,8222.0,0.9999999995561222,3.0,0.0,0.0,1,0.0,1,0.0,0.0,0.4,8219.0,0.0,0.0,0.0,0.0,0.04838397810536599
1908,0,,,2.0,2.0,0.9964589123924024,2.0,0.0,0.0,1,0.0,1,0.0,0.0,0.4,0.0,0.0,0.0,0.0,0.0,0.04261006561642753
1909,0,,,3.0,3.0,0.9987677136415694,3.0,0.0,0.0,1,0.0,1,0.0,0.0,0.4,0.0,0.0,0.0,0.0,0.0,0.04913000720794408
1910,0,,,0.0,0.0,1.0,0.0,0.0,0.0,1,0.0,1,0.0,0.0,0.4,0.0,0.0,0.0,0.0,0.0,0.07475133151412182
1911,0,,,1.0,1.0,0.9938079899999064,1.0,0.0,0.0,1,0.0,1,0.0,0.0,0.4,0.0,0.0,0.0,0.0,0.0,0.03979151804390687
1912,0,,,2.0,2.0,0.9992990141526302,2.0,0.0,0.0,1,0.0,1,0.0,0.0,0.4,0.0,0.0,0.0,0.0,0.0,0.0779745472731763
1913,0,,,1.0,1.0,0.9990248656871404,1.0,0.0,0.0,1,0.0,1,0.0,0.0,0.4,0.0,0.0,0.0,0.0,0.0,0.038335218679685173
1914,0,,,1.0,1.0,0.9972413740548082,1.0,0.0,0.0,1,0.0,1,0.0,0.0,0.4,0.0,0.0,0.0,0.0,0.0,0.04747180846194656
1915,0,,,2.0,2.0,0.9997500937109548,2.0,0.0,0.0,1,0.0,1,0.0,0.0,0.4,0.0,0.0,0.0,0.0,0.0,0.03841429086549595
1916,0,,,2.0,2.0,0.9998098045724798,2.0,0.0,0.0,1,0.0,1,0.0,0.0,0.4,0.0,0.0,0.0,0.0,0.0,0.03938080884155897
1917,0,,,0.0,0.0,1.0,0.0,0.0,0.0,1,0.0,1,0.0,0.0,0.4,0.0,0.0,0.0,0.0,0.0,0.07475133151412182
1918,0,,,4.0,4.0,0.9998058087440576,4.0,0.0,0.0,1,0.0,1,0.0,0.0,0.4,0.0,0.0,0.0,0.0,0.0,0.05825385183559647
1919,0,,,2.0,2.0,0.9995437747834997,2.0,0.0,0.0,1,0.0,1,0.0,0.0,0.4,0.0,0.0,0.0,0.0,0.0,0.03766211526578688
1920,0,,,2.0,2.0,0.9990248656871404,2.0,0.0,0.0,1,0.0,1,0.0,0.0,0.4,0.0,0.0,0.0,0.0,0.0,0.07105733776291641
1921,0,,,4399.001022959645,4402.0,0.9999999987591628,3.0,0.0,0.0,1,0.0,1,0.0,0.0,0.4,4399.0,0.0,0.0,0.0,0.0,0.03841926441675444
1922,0,,,1.0,1.0,0.9847319278346618,1.0,0.0,0.0,1,0.0,1,0.0,0.0,0.4,0.0,0.0,0.0,0.0,0.0,0.04368156813675798
1923,0,,,5305.000848256294,5308.0,0.9999999990919288,3.0,0.0,0.0,1,0.0,1,0.0,0.0,0.4,5305.0,0.0,0.0,0.0,0.0,0.038670258257385494
1924,0,,,2.0,2.0,0.9992990141526302,2.0,0.0,0.0,1,0.0,1,0.0,0.0,0.4,0.0,0.0,0.0,0.0,0.0,0.0779745472731763
1925,0,,,1.0,1.0,0.9486832980505138,0.0,1.0,0.0,1,1.0,0,0.0,0.0,0.4,0.0,0.0,0.0,0.0,0.0,0.37641670334797056
1926,0,,,23199.00002155265,23200.0,0.9999999969403368,1.0,0.0,0.0,1,0.0,1,0.0,0.0,0.4,23199.0,0.0,0.0,0.0,0.0,0.042041922198962724
1927,0,,,3.0,3.0,0.9981149841863164,3.0,0.0,0.0,1,0.0,1,0.0,0.0,0.4,0.0,0.0,0.0,0.0,0.0,0.08784850481710167
1928,0,,,1.0,1.0,0.9999999999293404,0.0,1.0,1.0,0,0.0,1,0.0,0.0,0.6,0.0,1.0,0.0,0.0,0.0,0.21080133982163207
1929,0,,,35796.0,35796.0,0.9999995208892486,0.0,1.0,0.0,1,0.0,1,0.0,0.0,0.6,35796.0,0.0,0.0,0.0,0.0,0.19995368725842946
1930,0,,,0.0,0.0,1.0,0.0,1.0,0.0,1,0.0,1,0.0,0.0,0.6,0.0,0.0,0.0,0.0,0.0,0.16319007826771129
1931,0,,,10772.000742666149,10776.0,0.999999924559952,4.0,0.0,0.0,1,0.0,1,0.0,0.0,0.4,10772.0,0.0,0.0,0.0,0.0,0.06081028932139924
1932,0,,,6110.000736497501,6113.0,0.9999999992387264,3.0,0.0,0.0,1,0.0,1,0.0,0.0,0.4,6110.0,0.0,0.0,0.0,0.0,0.03799394742494159
1933,0,,,2.0,2.0,0.9986054207456784,2.0,0.0,0.0,1,0.0,1,0.0,0.0,0.4,0.0,0.0,0.0,0.0,0.0,0.03749455652083708
1934,0,,,10098.000792236056,10102.0,0.9999999971524068,4.0,0.0,0.0,1,0.0,1,0.0,0.0,0.4,10098.0,0.0,0.0,0.0,0.0,0.061484353674793844
1935,0,,,2.0,2.0,0.9986187838711752,2.0,0.0,0.0,1,0.0,1,0.0,0.0,0.4,0.0,0.0,0.0,0.0,0.0,0.03749455652083708
1936,0,,,3.3166247903554,5.0,0.9999999949622193,1.0,0.0,1.0,0,0.0,1,0.0,0.0,0.2,3.0,0.0,0.0,0.0,0.0,0.4879704716905273
1937,0,,,37989.000013161705,37990.0,0.9999999963311474,1.0,0.0,0.0,1,0.0,1,0.0,0.0,0.4,37989.0,0.0,0.0,0.0,0.0,0.11931557117365704
1938,0,,,4009.0011224742752,4012.0,0.9999999989087404,3.0,0.0,0.0,1,0.0,1,0.0,0.0,0.4,4009.0,0.0,0.0,0.0,0.0,0.040634549478275855
1939,0,,,0.0,0.0,1.0,0.0,0.0,0.0,1,0.0,1,0.0,0.0,0.4,0.0,0.0,0.0,0.0,0.0,0.07475133151412182
1940,0,,,2.0,2.0,0.9870334871066369,2.0,0.0,0.0,1,0.0,1,0.0,0.0,0.4,0.0,0.0,0.0,0.0,0.0,0.04416633454124014
1941,0,,,0.0,0.0,1.0,0.0,0.0,0.0,1,0.0,1,0.0,0.0,0.4,0.0,0.0,0.0,0.0,0.0,0.07475133151412182
1942,0,,,2.0,2.0,0.999608112064896,2.0,0.0,0.0,1,0.0,1,0.0,0.0,0.4,0.0,0.0,0.0,0.0,0.0,0.03821139057298917
1943,0,,,1.0,1.0,0.9428090415820636,0.0,1.0,0.0,1,1.0,0,0.0,0.0,0.4,0.0,0.0,0.0,0.0,0.0,0.3482929442663843
1944,0,,,2.0,2.0,0.9971872527088884,2.0,0.0,0.0,1,0.0,1,0.0,0.0,0.4,0.0,0.0,0.0,0.0,0.0,0.06688322666457618
1945,0,,,15689.00028682516,15692.0,0.9999999938836156,3.0,0.0,0.0,1,0.0,1,0.0,0.0,0.4,15689.0,0.0,0.0,0.0,0.0,0.04650068819250264
1946,0,,,2.0,2.0,0.9981934097892076,2.0,0.0,0.0,1,0.0,1,0.0,0.0,0.4,0.0,0.0,0.0,0.0,0.0,0.04118781574020619
1947,0,,,1291.0015491857475,1293.0,0.9999999989333462,0.0,1.0,2.0,0,0.0,1,0.0,0.0,0.4,1291.0,0.0,0.0,0.0,0.0,0.09985197279861892
1948,0,,,7.681145747868608,11.0,0.8747153082729263,7.0,0.0,3.0,0,1.0,0,0.0,0.0,0.0,0.0,0.0,0.0,0.0,0.0,0.7552639326445947
1949,0,,,6.0,6.0,0.9415544714433868,6.0,0.0,0.0,1,0.0,1,0.0,0.0,0.4,0.0,0.0,0.0,0.0,0.0,0.5693279559813093
1950,0,,,2.0,2.0,0.9990545968106336,2.0,0.0,0.0,1,0.0,1,0.0,0.0,0.4,0.0,0.0,0.0,0.0,0.0,0.037670018660122394
1951,0,,,2.0,2.0,0.9997313633262476,2.0,0.0,0.0,1,0.0,1,0.0,0.0,0.4,0.0,0.0,0.0,0.0,0.0,0.0682249476277352
1952,0,,,9970.000451354052,9973.0,0.9999999998125292,3.0,0.0,0.0,1,0.0,1,0.0,0.0,0.4,9970.0,0.0,0.0,0.0,0.0,0.07954591578420935
1953,0,,,0.0,0.0,1.0,0.0,0.0,0.0,1,0.0,1,0.0,0.0,0.4,0.0,0.0,0.0,0.0,0.0,0.07475133151412182
1954,0,,,3.0,3.0,0.9987677136415694,3.0,0.0,0.0,1,0.0,1,0.0,0.0,0.4,0.0,0.0,0.0,0.0,0.0,0.04913000720794408
1955,0,,,94.00531899844816,95.0,0.999999999932847,0.0,1.0,0.0,1,1.0,0,0.0,0.0,0.4,94.0,0.0,0.0,0.0,0.0,0.041383268632896666
1956,0,,,1.0,1.0,0.9999999997747376,0.0,1.0,0.0,1,1.0,0,0.0,0.0,0.6,0.0,1.0,0.0,0.0,0.0,0.10358039787128633
1957,0,,,3.0,3.0,0.999229286976064,3.0,0.0,0.0,1,0.0,1,0.0,0.0,0.4,0.0,0.0,0.0,0.0,0.0,0.045928225904439485
1958,0,,,4010.003117205771,4015.0,0.9999998685146292,5.0,0.0,0.0,1,0.0,1,0.0,0.0,0.4,4010.0,0.0,0.0,0.0,0.0,0.053884252183316834
1959,0,,,2.0,2.0,0.999076724020674,2.0,0.0,0.0,1,0.0,1,0.0,0.0,0.4,0.0,0.0,0.0,0.0,0.0,0.037670018660122394
1960,0,,,0.0,0.0,1.0,0.0,1.0,0.0,1,0.0,1,0.0,0.0,0.6,0.0,0.0,0.0,0.0,0.0,0.16319007826771129
1961,0,,,3059.0014710686232,3062.0,0.9999999987933448,3.0,0.0,0.0,1,0.0,1,0.0,0.0,0.4,3059.0,0.0,0.0,0.0,0.0,0.037612040548542745
1962,0,,,4.0,4.0,0.9759000729485332,4.0,0.0,0.0,1,0.0,1,0.0,0.0,0.4,0.0,0.0,0.0,0.0,0.0,0.29903211503320754
1963,0,,,17101.000467808895,17105.0,0.9999999959649212,4.0,0.0,0.0,1,0.0,1,0.0,0.0,0.4,17101.0,0.0,0.0,0.0,0.0,0.05263361825982701
1964,0,,,7397.000608354713,7400.0,0.999999970965656,3.0,0.0,0.0,1,0.0,1,0.0,0.0,0.4,7397.0,0.0,0.0,0.0,0.0,0.03865047392986031
1965,0,,,2.0,2.0,0.999666043271478,2.0,0.0,0.0,1,0.0,1,0.0,0.0,0.4,0.0,0.0,0.0,0.0,0.0,0.03827798518449904
1966,0,,,3.0,3.0,0.9994838709333604,3.0,0.0,0.0,1,0.0,1,0.0,0.0,0.4,0.0,0.0,0.0,0.0,0.0,0.03876465038328342
1967,0,,,13797.000144959047,13799.0,0.999999999452597,2.0,0.0,0.0,1,0.0,1,0.0,0.0,0.4,13797.0,0.0,0.0,0.0,0.0,0.052940283349608507
1968,0,,,2.0,2.0,0.9990248656871404,2.0,0.0,0.0,1,0.0,1,0.0,0.0,0.4,0.0,0.0,0.0,0.0,0.0,0.07105733776291641
1969,0,,,3.0,3.0,0.9981149841863164,3.0,0.0,0.0,1,0.0,1,0.0,0.0,0.4,0.0,0.0,0.0,0.0,0.0,0.08784850481710167
1970,0,,,8.0,8.0,0.9999999860046,8.0,0.0,0.0,1,0.0,1,0.0,0.0,0.6,0.0,1.0,0.0,0.0,0.0,0.2043399854323867
1971,0,,,34888.0,34888.0,0.9999999937193892,0.0,1.0,0.0,1,0.0,1,0.0,0.0,0.6,34888.0,0.0,0.0,0.0,0.0,0.07106590046504287
1972,0,,,23189.0,23189.0,0.9999999932465627,0.0,1.0,0.0,1,0.0,1,0.0,0.0,0.6,23189.0,0.0,0.0,0.0,0.0,0.05158953563543412
1973,0,,,1.0,1.0,0.9428090415820636,0.0,1.0,1.0,0,0.0,1,0.0,0.0,0.4,0.0,0.0,0.0,0.0,0.0,0.4760653200370329
1974,0,,,2.0,2.0,0.9993606137453732,2.0,0.0,0.0,1,0.0,1,0.0,0.0,0.4,0.0,0.0,0.0,0.0,0.0,0.03771984987810026
1975,0,,,38818.0,38818.0,0.9999999909728172,0.0,1.0,0.0,1,0.0,1,0.0,0.0,0.6,38818.0,0.0,0.0,0.0,0.0,0.047089403933645725
1976,0,,,10513.00076096259,10517.0,0.9999999992255646,4.0,0.0,0.0,1,0.0,1,0.0,0.0,0.4,10513.0,0.0,0.0,0.0,0.0,0.06390745212954567
1977,0,,,1.0,1.0,0.9999999997026016,0.0,1.0,0.0,1,1.0,0,0.0,0.0,0.6,0.0,1.0,0.0,0.0,0.0,0.10358039787128633
1978,0,,,21990.000022737608,21991.0,0.9999999993401512,1.0,0.0,0.0,1,0.0,1,0.0,0.0,0.4,21990.0,0.0,0.0,0.0,0.0,0.039819961866329585
1979,0,,,2.0,2.0,0.9990545968106336,2.0,0.0,0.0,1,0.0,1,0.0,0.0,0.4,0.0,0.0,0.0,0.0,0.0,0.037670018660122394
1980,0,,,14785.000169090294,14788.0,0.999999998930061,2.0,0.0,1.0,0,0.0,1,0.0,0.0,0.2,14785.0,0.0,0.0,0.0,0.0,0.9520878602454816
1981,0,,,2.0,2.0,0.9997500937109548,2.0,0.0,0.0,1,0.0,1,0.0,0.0,0.4,0.0,0.0,0.0,0.0,0.0,0.03841429086549595
1982,0,,,36297.00005510097,36299.0,0.999999991195204,2.0,0.0,0.0,1,0.0,1,0.0,0.0,0.4,36297.0,0.0,0.0,0.0,0.0,0.674822512168562
1983,0,,,2.0,2.0,0.9960238411119948,2.0,0.0,0.0,1,0.0,1,0.0,0.0,0.4,0.0,0.0,0.0,0.0,0.0,0.03904477199588021
1984,0,,,2.0,2.0,0.9997500937109548,2.0,0.0,0.0,1,0.0,1,0.0,0.0,0.4,0.0,0.0,0.0,0.0,0.0,0.03841429086549595
1985,0,,,6.082762530298219,7.0,0.99999999188987,6.0,0.0,0.0,1,0.0,1,0.0,0.0,0.4,1.0,0.0,0.0,0.0,0.0,0.0638550756037398
1986,0,,,2.0,2.0,0.9986054207456784,2.0,0.0,0.0,1,0.0,1,0.0,0.0,0.4,0.0,0.0,0.0,0.0,0.0,0.03749455652083708
1987,0,,,0.0,0.0,1.0,0.0,1.0,0.0,1,0.0,1,0.0,0.0,0.6,0.0,0.0,0.0,0.0,0.0,0.16319007826771129
1988,0,,,0.0,0.0,1.0,0.0,0.0,0.0,1,0.0,1,0.0,0.0,0.4,0.0,0.0,0.0,0.0,0.0,0.07475133151412182
1989,0,,,2.0,2.0,0.9995437747834997,2.0,0.0,0.0,1,0.0,1,0.0,0.0,0.4,0.0,0.0,0.0,0.0,0.0,0.03766211526578688
1990,0,,,3.0,3.0,0.9981149841863164,3.0,0.0,0.0,1,0.0,1,0.0,0.0,0.4,0.0,0.0,0.0,0.0,0.0,0.08784850481710167
1991,0,,,5306.000094232943,5307.0,0.9999999989549404,0.0,1.0,0.0,1,1.0,0,0.0,0.0,0.4,5306.0,0.0,0.0,0.0,0.0,0.047128681909299745
1992,0,,,6.4031242374328485,9.0,0.8632206622970621,6.0,0.0,2.0,0,1.0,0,0.0,0.0,0.0,0.0,0.0,0.0,0.0,0.0,0.9559850176346153
1993,0,,,1.0,1.0,0.9990248656871404,1.0,0.0,0.0,1,0.0,1,0.0,0.0,0.4,0.0,0.0,0.0,0.0,0.0,0.038335218679685173
1994,0,,,3.0,3.0,0.9981149841863164,3.0,0.0,0.0,1,0.0,1,0.0,0.0,0.4,0.0,0.0,0.0,0.0,0.0,0.08784850481710167
1995,0,,,1.0,1.0,0.9979402655783318,1.0,0.0,0.0,1,0.0,1,0.0,0.0,0.4,0.0,0.0,0.0,0.0,0.0,0.03858619509177146
1996,0,,,6.0,6.0,0.9999999892926116,6.0,0.0,0.0,1,0.0,1,0.0,0.0,0.6,0.0,1.0,0.0,0.0,0.0,0.11086118542979144
1997,0,,,4509.0,4509.0,0.9999999597306556,0.0,1.0,0.0,1,0.0,1,0.0,0.0,0.6,4509.0,0.0,0.0,0.0,0.0,0.3666745854763245
1998,0,,,0.0,0.0,1.0,0.0,0.0,0.0,1,0.0,1,0.0,0.0,0.4,0.0,0.0,0.0,0.0,0.0,0.07475133151412182
1999,0,,,3.0,3.0,0.999229286976064,3.0,0.0,0.0,1,0.0,1,0.0,0.0,0.4,0.0,0.0,0.0,0.0,0.0,0.045928225904439485
