district,sector,month,psu,snumber,hhno,nhh,result,person_serial_no,r2_school_education,type_of_school,grade_this_year,grade_last_year,distance,transport_medium,time_to_school,noschooling_reason,reason_leave_school,when_stop_schooling
11,1,1,PSU_RECODED_103,Grade 3,*,1,Walking,4,House keeping / Family business,_missing_, , , , , , ,7, 
11,1,1,PSU_RECODED_103,Grade 3,*,1,Walking,5,School too far away,_missing_,7,6,14,5,45, , , 
11,1,1,PSU_RECODED_436,Grade 1,*,1,Walking,3,School too far away,_missing_,8,7,5,4,30, , , 
11,1,1,PSU_RECODED_436,Grade 1,*,1,Walking,4,School too far away,_missing_,5,4,5,4,30, , , 
11,1,1,PSU_RECODED_OTHER,Grade 10,*,1,Walking,3,School too far away,_missing_,9,8,2,1,30, , , 
11,1,1,PSU_RECODED_271,Grade 5,*,1,Walking,4,House keeping / Family business,_missing_, , , , , , ,8,2017
11,1,1,PSU_RECODED_271,Grade 9,*,1,Walking,4,School too far away,_missing_,10,9,6,3,30, , , 
11,1,1,PSU_RECODED_271,Grade 9,*,1,Walking,5,School too far away,_missing_,7,6,6,3,30, , , 
11,1,1,PSU_RECODED_OTHER,Grade 3,*,1,Walking,3,School too far away,_missing_,1,19,4,3,10, , , 
11,1,1,PSU_RECODED_72,Grade 5,*,1,Walking,3,School too far away,_missing_,13,12,4,4,20, , , 
11,1,1,PSU_RECODED_72,Grade 5,*,1,Walking,4,School too far away,_missing_,11,10,4,4,20, , , 
11,1,1,PSU_RECODED_72,Grade 5,*,1,Walking,5,School too far away,_missing_,9,8,4,4,20, , , 
11,1,1,PSU_RECODED_72,Grade 10,*,1,Walking,7,School too far away,_missing_,5,4,2,3,15, , , 
11,1,2,PSU_RECODED_OTHER,Grade 5,*,1,Walking,3,School too far away,_missing_,6,5,1,3,10, , , 
11,1,2,PSU_RECODED_OTHER,Grade 5,*,1,Walking,4,School too far away,_missing_,2,1,1,3,10, , , 
11,1,1,PSU_RECODED_OTHER,Grade 2,*,1,Walking,3,House keeping / Family business,_missing_, , , , , , ,9,2018
11,1,2,PSU_RECODED_OTHER,Grade 1,*,1,Walking,3,School too far away,_missing_,10,9,15,5,60, , , 
11,1,2,PSU_RECODED_OTHER,Grade 1,*,1,Walking,4,School too far away,_missing_,8,7,2,6,30, , , 
11,1,2,PSU_RECODED_OTHER,Grade 1,*,1,Walking,5,School too far away,_missing_,2,1,1,3,10, , , 
11,1-2,2,PSU_RECODED_122,Grade 1,*,1,Walking,3,School too far away,_missing_,9,8,1,6,10, , , 
11,1-2,2,PSU_RECODED_122,Grade 1,*,1,Walking,4,School too far away,_missing_,6,5,1,6,10, , , 
11,1-2,2,PSU_RECODED_122,Grade 1,*,1,Walking,5,School too far away,_missing_,2,1,3,5,10, , , 
11,1,2,PSU_RECODED_467,Grade 5,*,1,Walking,3,School too far away,_missing_,13,12,9,3,60, , , 
11,1,2,PSU_RECODED_467,Grade 5,*,1,Walking,4,School too far away,_missing_,11,10,9,3,60, , , 
11,1,2,PSU_RECODED_467,Grade 10,*,1,Walking,3,House keeping / Family business,_missing_, , , , , , ,8,2018
11,1,2,PSU_RECODED_467,Grade 10,*,1,Walking,4,School too far away,_missing_,8,7,9,5,60, , , 
11,1,2,PSU_RECODED_215,Grade 2,*,1,Walking,4,School too far away,_missing_,13,11,3,3,15, , , 
11,1,2,PSU_RECODED_215,Grade 10,*,1,Walking,4,School too far away,_missing_,13,12,13,6,60, , , 
11,1,2,PSU_RECODED_215,Grade 10,*,1,Walking,5,School too far away,_missing_,13,12,13,6,60, , , 
11,1,3,PSU_RECODED_331,Grade 2,*,1,Walking,3,School too far away,_missing_,3,2,1,3,10, , , 
11,1,3,PSU_RECODED_331,Grade 2,*,1,Walking,4,School too far away,_missing_,3,2,1,3,10, , , 
11,1,3,PSU_RECODED_331,Grade 9,*,1,Walking,4,House keeping / Family business,_missing_, , , , , , ,6,2017
11,1,3,PSU_RECODED_459,Grade 6,*,1,Walking,3,School too far away,_missing_,5,4,8,3,30, , , 
11,1,3,PSU_RECODED_459,Grade 10,*,1,Walking,5,School too far away,_missing_,10,9,4,3,20, , , 
11,1,3,PSU_RECODED_459,Grade 10,*,1,Walking,6,School too far away,_missing_,7,6,4,3,20, , , 
11,1,3,PSU_RECODED_88,Grade 7,*,1,Walking,3,School too far away,_missing_,10,9,3,3,20, , , 
11,1,3,PSU_RECODED_88,Grade 7,*,1,Walking,4,School too far away,_missing_,6,5,2,3,15, , , 
11,1,3,PSU_RECODED_88,Grade 7,*,1,Walking,5,School too far away,_missing_,1,19,2,3,15, , , 
11,1-2,3,PSU_RECODED_373,Grade 6,*,1,Walking,4,School too far away,_missing_,12,11,10,5,75, , , 
11,1-2,3,PSU_RECODED_373,Grade 10,*,1,Walking,2,School too far away,_missing_,12,11,20,6,45, , , 
11,1-2,3,PSU_RECODED_100,Grade 7,*,1,Walking,3,School too far away,_missing_,4,3,3,5,20, , , 
11,1-2,3,PSU_RECODED_100,Grade 7,*,1,Walking,4,School too far away,_missing_,3,2,3,5,20, , , 
11,1,3,PSU_RECODED_872,Grade 2,*,1,Walking,3,School too far away,_missing_,6,4,3,4,15, , , 
11,1,3,PSU_RECODED_872,Grade 2,*,1,Walking,4,School too far away,_missing_,3,2,3,4,15, , , 
11,1,3,PSU_RECODED_664,Grade 8,*,1,Walking,3,School too far away,_missing_,7,6,1,3,10, , , 
11,1,3,PSU_RECODED_131,Grade 7,*,1,Walking,4,House keeping / Family business,_missing_, , , , , , ,8,2018
11,1,3,PSU_RECODED_131,Grade 7,*,1,Walking,5,School too far away,_missing_,11,10,15,5,45, , , 
11,1-2,4,PSU_RECODED_662,Grade 1,*,1,Walking,3,Financial problems,_missing_, , , , , ,7, , 
11,1,4,PSU_RECODED_OTHER,Grade 4,*,1,Walking,3,School too far away,_missing_,6,5,2,3,10, , , 
11,1,4,PSU_RECODED_OTHER,Grade 4,*,1,Walking,4,School too far away,_missing_,3,2,2,3,10, , , 
11,1,4,PSU_RECODED_OTHER,Grade 5,*,1,Walking,3,School too far away,_missing_,9,8,3,6,25, , , 
11,1,4,PSU_RECODED_OTHER,Grade 5,*,1,Walking,4,School too far away,_missing_,3,2,0,1,15, , , 
11,1-2,4,PSU_RECODED_OTHER,Grade 5,*,1,Walking,5,School too far away,_missing_,2,1,1,1,20, , , 
11,1,4,PSU_RECODED_492,Grade 1,*,1,Walking,3,School too far away,_missing_,12,11,5,6,30, , , 
11,1,4,PSU_RECODED_492,Grade 5,*,1,Walking,7,School too far away,_missing_,13,12,3,6,15, , , 
11,1,4,PSU_RECODED_492,Grade 5,*,1,Walking,8,School too far away,_missing_,3,2,3,3,5, , , 
11,1,4,PSU_RECODED_414,Grade 6,*,1,Walking,4,School too far away,_missing_,9,8,2,3,10, , , 
11,1,4,PSU_RECODED_806,Grade 10,*,1,Walking,3,School too far away,_missing_,2,1,2,6,15, , , 
11,1,4,PSU_RECODED_386,Grade 1,*,1,Walking,4,School too far away,_missing_,12,11,16,5,60, , , 
11,1,4,PSU_RECODED_386,Grade 5,*,1,Walking,5,House keeping / Family business,_missing_, , , , , , ,7,2018
11,1,1,PSU_RECODED_192,Grade 7,*,1,Walking,3,School too far away,_missing_,12,11,2,3,10, , , 
11,1,1,PSU_RECODED_192,Grade 7,*,1,Walking,4,School too far away,_missing_,6,5,2,3,10, , , 
11,1-2,5,PSU_RECODED_277,Grade 1,*,1,Walking,3,School too far away,_missing_,12,10,2,6,10, , , 
11,1-2,5,PSU_RECODED_277,Grade 1,*,1,Walking,4,School too far away,_missing_,8,7,2,6,10, , , 
11,1-2,5,PSU_RECODED_277,Grade 1,*,1,Walking,5,School too far away,_missing_,4,3,2,1,10, , , 
11,1-2,5,PSU_RECODED_161,Grade 6,*,1,Walking,3,House keeping / Family business,_missing_, , , , , , ,3,2018
11,1-2,5,PSU_RECODED_161,Grade 6,*,1,Walking,4,School too far away,_missing_,6,5,3,5,25, , , 
11,1-2,5,PSU_RECODED_161,Grade 6,*,1,Walking,5,School too far away,_missing_,6,5,3,5,25, , , 
11,1-2,1,PSU_RECODED_460,Grade 1,*,1,Walking,3,School too far away,_missing_,11,10,3,3,15, , , 
11,1-2,1,PSU_RECODED_460,Grade 1,*,1,Walking,4,School too far away,_missing_,9,8,5,5,30, , , 
11,1-2,1,PSU_RECODED_460,Grade 1,*,1,Walking,5,School too far away,_missing_,6,5,3,3,15, , , 
11,1-2,1,PSU_RECODED_460,Grade 5,*,1,Walking,4,School too far away,_missing_,7,6,4,5,20, , , 
11,1-2,1,PSU_RECODED_460,Grade 10,*,1,Walking,3,School too far away,_missing_,3,2,4,3,10, , , 
11,1,1,PSU_RECODED_OTHER,Grade 7,*,1,Walking,2,House keeping / Family business,_missing_, , , , , , ,6,2015
11,1,5,PSU_RECODED_22,Grade 9,*,1,Walking,3,School too far away,_missing_,12,11,7,6,30, , , 
11,1,5,PSU_RECODED_22,Grade 9,*,1,Walking,4,School too far away,_missing_,6,5,1,1,15, , , 
11,1,5,PSU_RECODED_22,Grade 9,*,1,Walking,5,Financial problems,_missing_, , , , , ,7, , 
11,1-2,5,PSU_RECODED_253,Grade 4,*,1,Walking,5,School too far away,_missing_,9,8,5,3,15, , , 
11,1-2,5,PSU_RECODED_253,Grade 4,*,1,Walking,6,School too far away,_missing_,4,3,5,3,15, , , 
11,1,1,PSU_RECODED_748,Grade 3,*,1,Walking,3,House keeping / Family business,_missing_, , , , , , ,99,2014
11,1,1,PSU_RECODED_748,Grade 3,*,1,Walking,4,House keeping / Family business,_missing_, , , , , , ,99,2015
11,1,1,PSU_RECODED_748,Grade 9,*,1,Walking,2,School too far away,_missing_,8,7,0,3,10, , , 
11,1,1,PSU_RECODED_748,Grade 9,*,1,Walking,3,School too far away,_missing_,7,6,0,3,10, , , 
11,1,1,PSU_RECODED_748,Grade 9,*,1,Walking,4,School too far away,_missing_,1,19,0,3,10, , , 
11,1,5,PSU_RECODED_OTHER,Grade 4,*,1,Walking,3,School too far away,_missing_,3,2,2,3,18, , , 
11,1,5,PSU_RECODED_OTHER,Grade 9,*,1,Walking,6,House keeping / Family business,_missing_, , , , , , ,6,2016
11,1,5,PSU_RECODED_OTHER,Grade 9,*,1,Walking,7,School too far away,_missing_,11,10,3,6,20, , , 
11,1,1,PSU_RECODED_OTHER,Grade 9,*,1,Walking,3,School too far away,_missing_,8,6,6,6,30, , , 
11,1,1,PSU_RECODED_OTHER,Grade 9,*,1,Walking,4,School too far away,_missing_,5,3,2,3,10, , , 
11,1,5,PSU_RECODED_OTHER,Grade 4,*,1,Walking,3,House keeping / Family business,_missing_, , , , , , ,99,2018
11,1,5,PSU_RECODED_OTHER,Grade 8,*,1,Walking,5,School too far away,_missing_,3,2,6,2,20, , , 
11,1,5,PSU_RECODED_511,Grade 4,*,1,Walking,4,School too far away,_missing_,6,5,2,5,20, , , 
11,1,6,PSU_RECODED_682,Grade 4,*,1,Walking,3,School too far away,_missing_,4,3,5,5,60, , , 
11,1,6,PSU_RECODED_682,Grade 10,*,1,Walking,3,School too far away,_missing_,1,19,8,5,35, , , 
11,1,2,PSU_RECODED_476,Grade 1,*,1,Walking,3,School too far away,_missing_,6,5,4,3,10, , , 
11,1,2,PSU_RECODED_476,Grade 1,*,1,Walking,4,School too far away,_missing_,2,1,4,3,10, , , 
11,1,2,PSU_RECODED_476,Grade 10,*,1,Walking,3,School too far away,_missing_,6,5,10,6,90, , , 
11,1,2,PSU_RECODED_476,Grade 10,*,1,Walking,4,School too far away,_missing_,1,19,9,6,80, , , 
11,1,6,PSU_RECODED_700,Grade 1,*,1,Walking,3,School too far away,_missing_,2,1,1,3,10, , , 
11,1,6,PSU_RECODED_700,Grade 5,*,1,Walking,5,School too far away,_missing_,10,9,10,5,45, , , 
11,1,2,PSU_RECODED_783,Grade 1,*,1,Walking,3,School too far away,_missing_,11,10,0,1,5, , , 
11,1,2,PSU_RECODED_783,Grade 1,*,1,Walking,4,School too far away,_missing_,4,3,0,1,15, , , 
11,1,2,PSU_RECODED_783,Grade 5,*,1,Walking,7,School too far away,_missing_,2,1,0,1,5, , , 
11,1-2,6,PSU_RECODED_190,Grade 5,*,1,Walking,5,School too far away,_missing_,5,4,5,4,15, , , 
11,1-2,6,PSU_RECODED_190,Grade 5,*,1,Walking,6,School too far away,_missing_,1,19,5,4,15, , , 
11,1,6,PSU_RECODED_OTHER,Grade 2,*,1,Walking,4,School too far away,_missing_,5,5,5,2,20, , , 
11,1,6,PSU_RECODED_OTHER,Grade 2,*,1,Walking,7,School too far away,_missing_,2,1,3,3,10, , , 
11,1,2,PSU_RECODED_563,Grade 2,*,1,Walking,4,School too far away,_missing_,9,8,2,3,15, , , 
11,1,2,PSU_RECODED_563,Grade 2,*,1,Walking,5,School too far away,_missing_,6,5,2,3,15, , , 
11,1,2,PSU_RECODED_876,Grade 1,*,1,Walking,3,School too far away,_missing_,2,1,5,5,30, , , 
11,1,2,PSU_RECODED_876,Grade 7,*,1,Walking,3,School too far away,_missing_,2,1,7,5,40, , , 
11,1,2,PSU_RECODED_876,Grade 7,*,1,Walking,4,School too far away,_missing_,1,19,7,5,40, , , 
11,1,6,PSU_RECODED_OTHER,Grade 1,*,1,Walking,4,School too far away,_missing_,12,11,6,6,30, , , 
11,1,6,PSU_RECODED_OTHER,Grade 1,*,1,Walking,5,School too far away,_missing_,8,7,4,3,15, , , 
11,1,6,PSU_RECODED_244,Grade 8,*,1,Walking,4,School too far away,_missing_,13,12,1,1,15, , , 
11,1,2,PSU_RECODED_832,Grade 2,*,1,Walking,3,School too far away,_missing_,9,8,11,5,60, , , 
11,1,2,PSU_RECODED_832,Grade 2,*,1,Walking,4,School too far away,_missing_,7,6,1,3,15, , , 
11,1,2,PSU_RECODED_832,Grade 7,*,1,Walking,4,School too far away,_missing_,12,11,2,1,20, , , 
11,1,6,PSU_RECODED_505,Grade 1,*,1,Walking,3,School too far away,_missing_,12,11,0,3,40, , , 
11,1,6,PSU_RECODED_505,Grade 1,*,1,Walking,4,School too far away,_missing_,6,5,0,3,40, , , 
11,1,6,PSU_RECODED_505,Grade 6,*,1,Walking,3,School too far away,_missing_,12,11,1,3,10, , , 
11,1,6,PSU_RECODED_505,Grade 6,*,1,Walking,4,School too far away,_missing_,12,11,13,1,10, , , 
11,1,6,PSU_RECODED_505,Grade 6,*,1,Walking,5,School too far away,_missing_,6,5,1,3,10, , , 
11,1,6,PSU_RECODED_131,Grade 2,*,1,Walking,6,School too far away,_missing_,11,10,1,6,10, , , 
11,1,3,PSU_RECODED_485,Grade 3,*,1,Walking,4,House keeping / Family business,_missing_, , , , , , ,7, 
11,1,7,PSU_RECODED_819,Grade 6,*,1,Walking,3,School too far away,_missing_,9,8,2,3,5, , , 
11,1,7,PSU_RECODED_819,Grade 6,*,1,Walking,4,School too far away,_missing_,5,4,2,3,5, , , 
11,1,7,PSU_RECODED_819,Grade 10,*,1,Walking,3,House keeping / Family business,_missing_, , , , , , ,99,2019
11,1,7,PSU_RECODED_819,Grade 10,*,1,Walking,4,School too far away,_missing_,9,8,2,1,20, , , 
11,1-2,3,PSU_RECODED_OTHER,Grade 1,*,1,Walking,2,School too far away,_missing_,8,7,6,5,30, , , 
11,1-2,3,PSU_RECODED_OTHER,Grade 1,*,1,Walking,3,School too far away,_missing_,4,3,6,5,30, , , 
11,1-2,3,PSU_RECODED_OTHER,Grade 5,*,1,Walking,3,School too far away,_missing_,8,7,3,3,15, , , 
11,1,7,PSU_RECODED_OTHER,Grade 8,*,1,Walking,2,School too far away,_missing_,1,19,1,3,5, , , 
11,1,3,PSU_RECODED_OTHER,Grade 4,*,1,Walking,6,School too far away,_missing_,1,19,0,1,20, , , 
11,1,7,PSU_RECODED_OTHER,Grade 8,*,1,Walking,6,School too far away,_missing_,9,8,0,1,10, , , 
11,1,7,PSU_RECODED_274,Grade 3,*,1,Walking,3,School too far away,_missing_,11,10,12,5,45, , , 
11,1,7,PSU_RECODED_274,Grade 3,*,1,Walking,4,School too far away,_missing_,4,3,12,5,45, , , 
11,1,7,PSU_RECODED_274,Grade 8,*,1,Walking,3,School too far away,_missing_,2,1,3,3,15, , , 
11,1,1,PSU_RECODED_OTHER,Grade 8,*,1,Walking,3,School too far away,_missing_,11,10,5,6,30, , , 
11,1,1,PSU_RECODED_OTHER,Grade 8,*,1,Walking,4,School too far away,_missing_,8,7,1,1,15, , , 
11,1,1,PSU_RECODED_OTHER,Grade 8,*,1,Walking,5,School too far away,_missing_,5,4,1,1,15, , , 
11,1,3,PSU_RECODED_601,Grade 7,*,1,Walking,1,House keeping / Family business,_missing_, , , , , , ,9,2017
11,1,3,PSU_RECODED_601,Grade 7,*,1,Walking,2,House keeping / Family business,_missing_, , , , , , ,9,2017
11,1,7,PSU_RECODED_OTHER,Grade 10,*,1,Walking,5,School too far away,_missing_,12,11,5,7,30, , , 
11,1,7,PSU_RECODED_OTHER,Grade 10,*,1,Walking,6,School too far away,_missing_,6,5,3,3,5, , , 
11,1,8,PSU_RECODED_OTHER,Grade 6,*,1,Walking,4,School too far away,_missing_,12,11,1,1,10, , , 
11,1,8,PSU_RECODED_OTHER,Grade 6,*,1,Walking,5,School too far away,_missing_,8,7,12,6,30, , , 
11,1,7,PSU_RECODED_242,Grade 10,*,1,Walking,3,School too far away,_missing_,8,7,9,4,40, , , 
11,1,7,PSU_RECODED_242,Grade 10,*,1,Walking,4,School too far away,_missing_,5,4,9,4,40, , , 
11,1,4,PSU_RECODED_OTHER,Grade 7,*,1,Walking,3,School too far away,_missing_,7,6,0,3,4, , , 
11,1,4,PSU_RECODED_OTHER,Grade 7,*,1,Walking,4,School too far away,_missing_,2,1,0,3,4, , , 
11,1,8,PSU_RECODED_346,Grade 7,*,1,Walking,4,School too far away,_missing_,8,7,0,1,5, , , 
11,1-2,1,PSU_RECODED_565,Grade 7,*,1,Walking,4,School too far away,_missing_,10,9,16,5,30, , , 
11,1-2,4,PSU_RECODED_OTHER,Grade 3,*,1,Walking,3,School too far away,_missing_,2,1,2,5,10, , , 
11,1-2,8,PSU_RECODED_OTHER,Grade 1,*,1,Walking,3,School too far away,_missing_,7,6,5,3,15, , , 
11,1,1,PSU_RECODED_OTHER,Grade 5,*,1,Walking,3,School too far away,_missing_,10,8,0,1,15, , , 
11,1,8,PSU_RECODED_367,Grade 4,*,1,Walking,3,School too far away,_missing_,11,10,3,3,15, , , 
11,1,8,PSU_RECODED_367,Grade 4,*,1,Walking,4,School too far away,_missing_,9,8,3,3,15, , , 
11,1,8,PSU_RECODED_367,Grade 9,*,1,Walking,4,School too far away,_missing_,6,5,12,5,60, , , 
11,1,1,PSU_RECODED_455,Grade 4,*,1,Walking,3,School too far away,_missing_,10,9,2,5,45, , , 
11,1,1,PSU_RECODED_455,Grade 4,*,1,Walking,4,School too far away,_missing_,5,4,2,5,45, , , 
11,1,1,PSU_RECODED_455,Grade 9,*,1,Walking,3,School too far away,_missing_,12,10,2,6,45, , , 
11,1,1,PSU_RECODED_455,Grade 9,*,1,Walking,4,School too far away,_missing_,9,8,2,2,20, , , 
11,1,1,PSU_RECODED_455,Grade 9,*,1,Walking,5,School too far away,_missing_,4,3,6,5,30, , , 
11,1,8,PSU_RECODED_OTHER,Grade 3,*,1,Walking,3,School too far away,_missing_,7,6,5,5,60, , , 
11,1,8,PSU_RECODED_OTHER,Grade 3,*,1,Walking,4,School too far away,_missing_,3,2,5,5,60, , , 
11,1,8,PSU_RECODED_OTHER,Grade 7,*,1,Walking,3,School too far away,_missing_,5,4,0,1,10, , , 
11,1,8,PSU_RECODED_OTHER,Grade 7,*,1,Walking,4,School too far away,_missing_,4,3,0,1,10, , , 
11,1,4,PSU_RECODED_OTHER,Grade 8,*,1,Walking,8,School too far away,_missing_,3,2,3,2,20, , , 
11,1,1,PSU_RECODED_776,Grade 6,*,1,Walking,4,School too far away,_missing_,11,10,3,3,10, , , 
11,1,5,PSU_RECODED_OTHER,Grade 4,*,1,Walking,3,School too far away,_missing_,10,9,1,1,15, , , 
11,1,5,PSU_RECODED_OTHER,Grade 4,*,1,Walking,4,School too far away,_missing_,8,7,1,1,15, , , 
11,1-2,2,PSU_RECODED_OTHER,Grade 7,*,1,Walking,4,School too far away,_missing_,13,12,10,5,45, , , 
11,1-2,5,PSU_RECODED_81,Grade 2,*,1,Walking,5,School too far away,_missing_,6,5,8,4,20, , , 
11,1-2,5,PSU_RECODED_81,Grade 2,*,1,Walking,6,School too far away,_missing_,6,5,8,4,20, , , 
11,1-2,2,PSU_RECODED_OTHER,Grade 8,*,1,Walking,3,Financial problems,_missing_, , , , , ,5, , 
11,1-2,2,PSU_RECODED_OTHER,Grade 8,*,1,Walking,4,School too far away,_missing_,9,8,10,4,30, , , 
11,1-2,2,PSU_RECODED_OTHER,Grade 8,*,1,Walking,5,School too far away,_missing_,6,5,10,4,30, , , 
11,1-2,2,PSU_RECODED_OTHER,Grade 8,*,1,Walking,6,School too far away,_missing_,3,2,10,4,30, , , 
11,1,8,PSU_RECODED_872,Grade 2,*,1,Walking,3,House keeping / Family business,_missing_, , , , , , ,6,2018
11,1,8,PSU_RECODED_872,Grade 2,*,1,Walking,4,School too far away,_missing_,9,8,2,5,20, , , 
11,1,8,PSU_RECODED_872,Grade 2,*,1,Walking,5,School too far away,_missing_,7,6,2,5,20, , , 
11,1,8,PSU_RECODED_872,Grade 8,*,1,Walking,4,House keeping / Family business,_missing_, , , , , , ,9,2018
11,1,8,PSU_RECODED_872,Grade 8,*,1,Walking,5,House keeping / Family business,_missing_, , , , , , ,9,2017
11,1-2,5,PSU_RECODED_OTHER,Grade 8,*,1,Walking,3,School too far away,_missing_,6,5,4,5,20, , , 
11,1,2,PSU_RECODED_2,Grade 1,*,1,Walking,5,School too far away,_missing_,11,10,7,2,30, , , 
11,1,8,PSU_RECODED_390,Grade 10,*,1,Walking,4,School too far away,_missing_,11,10,5,6,45, , , 
11,1-2,5,PSU_RECODED_566,Grade 10,*,1,Walking,5,School too far away,_missing_,10,9,12,5,40, , , 
11,1-2,5,PSU_RECODED_566,Grade 10,*,1,Walking,6,School too far away,_missing_,7,6,4,5,20, , , 
11,1-2,5,PSU_RECODED_566,Grade 10,*,1,Walking,7,School too far away,_missing_,1,19,4,3,20, , , 
11,1-2,9,PSU_RECODED_106,Grade 4,*,1,Walking,4,School too far away,_missing_,13,12,20,6,60, , , 
11,1-2,9,PSU_RECODED_106,Grade 8,*,1,Walking,3,School too far away,_missing_,13,12,8,3,40, , , 
11,1-2,9,PSU_RECODED_106,Grade 8,*,1,Walking,4,School too far away,_missing_,7,6,8,6,40, , , 
11,1,9,PSU_RECODED_OTHER,Grade 1,*,1,Walking,4,School too far away,_missing_,11,10,14,6,35, , , 
11,1,9,PSU_RECODED_OTHER,Grade 5,*,1,Walking,3,School too far away,_missing_,12,11,12,6,90, , , 
11,1,9,PSU_RECODED_OTHER,Grade 5,*,1,Walking,4,School too far away,_missing_,7,6,3,2,10, , , 
11,1,5,PSU_RECODED_822,Grade 5,*,1,Walking,4,School too far away,_missing_,12,11,6,5,30, , , 
11,1,5,PSU_RECODED_822,Grade 5,*,1,Walking,5,School too far away,_missing_,6,5,6,5,30, , , 
11,1,9,PSU_RECODED_477,Grade 5,*,1,Walking,3,School too far away,_missing_,10,9,0,1,1, , , 
11,1,9,PSU_RECODED_477,Grade 10,*,1,Walking,4,School too far away,_missing_,11,10,7,4,20, , , 
11,1,9,PSU_RECODED_477,Grade 10,*,1,Walking,5,School too far away,_missing_,8,7,7,4,20, , , 
11,1,2,PSU_RECODED_OTHER,Grade 10,*,1,Walking,3,House keeping / Family business,_missing_, , , , , , ,6,2010
11,1,2,PSU_RECODED_OTHER,Grade 10,*,1,Walking,4,School too far away,_missing_,11,10,2,1,10, , , 
11,1-2,9,PSU_RECODED_402,Grade 7,*,1,Walking,5,House keeping / Family business,_missing_, , , , , , ,9,2016
11,1-2,9,PSU_RECODED_402,Grade 7,*,1,Walking,6,School too far away,_missing_,7,6,4,5,15, , , 
11,1,5,PSU_RECODED_730,Grade 5,*,1,Walking,4,School too far away,_missing_,3,2,2,3,10, , , 
11,1,5,PSU_RECODED_730,Grade 10,*,1,Walking,3,House keeping / Family business,_missing_, , , , , , ,9,2017
11,1,6,PSU_RECODED_556,Grade 2,*,1,Walking,3,School too far away,_missing_,11,10,2,6,20, , , 
11,1,6,PSU_RECODED_556,Grade 2,*,1,Walking,4,School too far away,_missing_,8,7,2,6,20, , , 
11,1,6,PSU_RECODED_556,Grade 8,*,1,Walking,5,House keeping / Family business,_missing_, , , , , , ,6,2019
11,1,9,PSU_RECODED_OTHER,Grade 1,*,1,Walking,3,School too far away,_missing_,2,1,12,5,35, , , 
11,1,6,PSU_RECODED_OTHER,Grade 6,*,1,Walking,3,Financial problems,_missing_, , , , , ,7, , 
11,1-2,3,PSU_RECODED_OTHER,Grade 10,*,1,Walking,3,School too far away,_missing_,6,5,1,1,15, , , 
11,1,9,PSU_RECODED_863,Grade 3,*,1,Walking,3,School too far away,_missing_,11,10,6,5,20, , , 
11,1,9,PSU_RECODED_863,Grade 3,*,1,Walking,4,School too far away,_missing_,6,5,6,5,20, , , 
11,1,9,PSU_RECODED_863,Grade 7,*,1,Walking,3,School too far away,_missing_,2,1,10,4,30, , , 
11,1,9,PSU_RECODED_863,Grade 7,*,1,Walking,4,School too far away,_missing_,13,12,16,6,50, , , 
11,1-2,10,PSU_RECODED_816,Grade 6,*,1,Walking,4,School too far away,_missing_,11,10,10,4,25, , , 
11,1-2,10,PSU_RECODED_816,Grade 6,*,1,Walking,5,School too far away,_missing_,3,2,1,4,5, , , 
11,1-2,10,PSU_RECODED_271,Grade 7,*,1,Walking,3,House keeping / Family business,_missing_, , , , , , ,6,2019
11,1-2,10,PSU_RECODED_271,Grade 7,*,1,Walking,4,School too far away,_missing_,10,9,11,3,35, , , 
11,1-2,10,PSU_RECODED_271,Grade 7,*,1,Walking,5,School too far away,_missing_,4,3,11,3,35, , , 
11,1-2,10,PSU_RECODED_271,Grade 7,*,1,Walking,6,School too far away,_missing_,9,8,10,3,30, , , 
11,1,10,PSU_RECODED_456,Grade 4,*,1,Walking,4,School too far away,_missing_,13,12,2,6,20, , , 
11,1,3,PSU_RECODED_462,Grade 4,*,1,Walking,5,School too far away,_missing_,13,12,0,1,10, , , 
11,1,3,PSU_RECODED_462,Grade 9,*,1,Walking,3,School too far away,_missing_,8,7,7,5,60, , , 
11,1,3,PSU_RECODED_462,Grade 9,*,1,Walking,4,School too far away,_missing_,4,3,0,1,10, , , 
11,1,3,PSU_RECODED_462,Grade 9,*,1,Walking,5,School too far away,_missing_,2,1,0,1,10, , , 
11,1-2,10,PSU_RECODED_727,Grade 9,*,1,Walking,3,School too far away,_missing_,10,9,2,1,15, , , 
11,1-2,10,PSU_RECODED_727,Grade 9,*,1,Walking,4,School too far away,_missing_,3,2,2,1,15, , , 
11,1,6,PSU_RECODED_252,Grade 2,*,1,Walking,3,School too far away,_missing_,11,10,0,1,3, , , 
11,1,6,PSU_RECODED_252,Grade 2,*,1,Walking,4,School too far away,_missing_,9,8,3,2,15, , , 
11,1,6,PSU_RECODED_252,Grade 2,*,1,Walking,5,School too far away,_missing_,2,1,0,1,3, , , 
11,1,6,PSU_RECODED_252,Grade 9,*,1,Walking,5,School too far away,_missing_,1,19,7,5,45, , , 
11,1-2,4,PSU_RECODED_702,Grade 2,*,1,Walking,3,School too far away,_missing_,9,7,9,3,45, , , 
11,1-2,4,PSU_RECODED_702,Grade 2,*,1,Walking,4,School too far away,_missing_,6,5,3,5,60, , , 
11,1-2,4,PSU_RECODED_702,Grade 2,*,1,Walking,5,School too far away,_missing_,1,19,3,3,30, , , 
11,1-2,4,PSU_RECODED_702,Grade 8,*,1,Walking,2,School too far away,_missing_,8,7,0,3,5, , , 
11,1-2,4,PSU_RECODED_702,Grade 8,*,1,Walking,3,School too far away,_missing_,5,4,0,3,5, , , 
11,1-2,4,PSU_RECODED_702,Grade 8,*,1,Walking,4,School too far away,_missing_,2,1,2,3,20, , , 
11,1,7,PSU_RECODED_296,Grade 3,*,1,Walking,3,School too far away,_missing_,10,9,6,5,30, , , 
11,1,7,PSU_RECODED_296,Grade 3,*,1,Walking,4,School too far away,_missing_,8,7,8,5,45, , , 
11,1,7,PSU_RECODED_296,Grade 7,*,1,Walking,3,School too far away,_missing_,10,9,4,5,45, , , 
11,1-2,7,PSU_RECODED_OTHER,Grade 8,*,1,Walking,1,House keeping / Family business,_missing_, , , , , , ,9,2017
11,1,4,PSU_RECODED_720,Grade 1,*,1,Walking,3,House keeping / Family business,_missing_, , , , , , ,8,2018
11,1,4,PSU_RECODED_720,Grade 1,*,1,Walking,4,School too far away,_missing_,9,8,2,6,30, , , 
11,1,4,PSU_RECODED_720,Grade 5,*,1,Walking,2,House keeping / Family business,_missing_, , , , , , ,6,2014
11,1,10,PSU_RECODED_749,Grade 4,*,1,Walking,3,School too far away,_missing_,13,12,1,6,15, , , 
11,1-2,7,PSU_RECODED_338,Grade 3,*,1,Walking,4,School too far away,_missing_,5,4,22,5,60, , , 
11,1-2,7,PSU_RECODED_338,Grade 3,*,1,Walking,5,School too far away,_missing_,4,3,22,5,60, , , 
11,1-2,11,PSU_RECODED_879,Grade 3,*,1,Walking,4,School too far away,_missing_,11,10,20,5,60, , , 
11,1-2,11,PSU_RECODED_879,Grade 8,*,1,Walking,3,School too far away,_missing_,9,8,12,5,60, , , 
11,1,4,PSU_RECODED_53,Grade 3,*,1,Walking,3,School too far away,_missing_,8,7,0,6,10, , , 
11,1,4,PSU_RECODED_53,Grade 3,*,1,Walking,4,School too far away,_missing_,4,3,0,6,10, , , 
11,1,4,PSU_RECODED_53,Grade 3,*,1,Walking,5,School too far away,_missing_,2,1,0,6,10, , , 
11,1-2,11,PSU_RECODED_792,Grade 3,*,1,Walking,3,School too far away,_missing_,9,8,1,6,15, , , 
11,1-2,11,PSU_RECODED_792,Grade 3,*,1,Walking,4,School too far away,_missing_,9,8,1,6,15, , , 
11,1,7,PSU_RECODED_217,Grade 7,*,1,Walking,5,House keeping / Family business,_missing_, , , , , , ,9,2018
11,1,7,PSU_RECODED_217,Grade 7,*,1,Walking,6,House keeping / Family business,_missing_, , , , , , ,6,2018
11,1,7,PSU_RECODED_217,Grade 7,*,1,Walking,7,School too far away,_missing_,3,2,3,5,20, , , 
11,1,11,PSU_RECODED_764,Grade 4,*,1,Walking,3,School too far away,_missing_,7,6,4,6,25, , , 
11,1,11,PSU_RECODED_764,Grade 4,*,1,Walking,4,School too far away,_missing_,3,2,0,1,5, , , 
11,1,4,PSU_RECODED_OTHER,Grade 1,*,1,Walking,3,School too far away,_missing_,6,5,4,3,10, , , 
11,1-2,11,PSU_RECODED_380,Grade 2,*,1,Walking,3,School too far away,_missing_,8,7,24,3,60, , , 
11,1-2,11,PSU_RECODED_380,Grade 2,*,1,Walking,4,School too far away,_missing_,6,5,22,3,60, , , 
11,1-2,11,PSU_RECODED_380,Grade 8,*,1,Walking,4,School too far away,_missing_,10,9,22,6,60, , , 
11,1,7,PSU_RECODED_493,Grade 4,*,1,Walking,3,School too far away,_missing_,11,10,0,1,15, , , 
11,1,11,PSU_RECODED_41,Grade 2,*,1,Walking,4,House keeping / Family business,_missing_, , , , , , ,7,2019
11,1-2,11,PSU_RECODED_157,Grade 3,*,1,Walking,4,School too far away,_missing_,9,8,25,5,90, , , 
11,1-2,11,PSU_RECODED_157,Grade 3,*,1,Walking,5,School too far away,_missing_,7,6,25,5,90, , , 
11,1-2,11,PSU_RECODED_157,Grade 3,*,1,Walking,6,School too far away,_missing_,4,3,0,1,5, , , 
11,1,7,PSU_RECODED_15,Grade 3,*,1,Walking,10,School too far away,_missing_,10,9,3,5,15, , , 
11,1,7,PSU_RECODED_15,Grade 10,*,1,Walking,3,House keeping / Family business,_missing_, , , , , , ,99,2014
11,1,7,PSU_RECODED_15,Grade 10,*,1,Walking,4,School too far away,_missing_,1,19,0,1,15, , , 
11,1,7,PSU_RECODED_15,Grade 10,*,1,Walking,5,School too far away,_missing_,6,5,3,6,30, , , 
11,1,11,PSU_RECODED_813,Grade 5,*,1,Walking,3,School too far away,_missing_,11,10,5,4,30, , , 
11,1,11,PSU_RECODED_813,Grade 5,*,1,Walking,4,School too far away,_missing_,1,19,3,4,20, , , 
11,1,5,PSU_RECODED_65,Grade 5,*,1,Walking,3,School too far away,_missing_,2,1,5,4,35, , , 
11,1-2,5,PSU_RECODED_OTHER,Grade 10,*,1,Walking,3,House keeping / Family business,_missing_, , , , , , ,7, 
11,1-2,5,PSU_RECODED_OTHER,Grade 10,*,1,Walking,4,School too far away,_missing_,9,8,6,5,30, , , 
11,1-2,8,PSU_RECODED_OTHER,Grade 6,*,1,Walking,3,School too far away,_missing_,9,8,3,3,15, , , 
11,1-2,8,PSU_RECODED_OTHER,Grade 6,*,1,Walking,4,School too far away,_missing_,1,19,7,5,50, , , 
11,1,11,PSU_RECODED_521,Grade 10,*,1,Walking,5,School too far away,_missing_,3,2,3,3,20, , , 
11,1-2,12,PSU_RECODED_OTHER,Grade 6,*,1,Walking,3,House keeping / Family business,_missing_, , , , , , ,1,2018
11,1-2,12,PSU_RECODED_OTHER,Grade 6,*,1,Walking,4,School too far away,_missing_,8,7,3,3,20, , , 
11,1,8,PSU_RECODED_OTHER,Grade 4,*,1,Walking,3,School too far away,_missing_,12,11,12,5,35, , , 
11,1,12,PSU_RECODED_648,Grade 5,*,1,Walking,3,School too far away,_missing_,6,5,12,3,60, , , 
11,1,5,PSU_RECODED_472,Grade 1,*,1,Walking,3,School too far away,_missing_,6,5,1,1,15, , , 
11,1,5,PSU_RECODED_472,Grade 1,*,1,Walking,4,School too far away,_missing_,2,1,6,3,10, , , 
11,1-2,12,PSU_RECODED_63,Grade 5,*,1,Walking,3,School too far away,_missing_,13,12,1,3,10, , , 
11,1-2,12,PSU_RECODED_63,Grade 5,*,1,Walking,4,School too far away,_missing_,3,1,1,3,10, , , 
11,1,8,PSU_RECODED_OTHER,Grade 2,*,1,Walking,3,School too far away,_missing_,4,2,3,4,10, , , 
11,1,8,PSU_RECODED_OTHER,Grade 2,*,1,Walking,4,School too far away,_missing_,1,19,3,4,10, , , 
11,1,8,PSU_RECODED_OTHER,Grade 9,*,1,Walking,4,School too far away,_missing_,1,19,1,3,10, , , 
11,1,12,PSU_RECODED_OTHER,Grade 5,*,1,Walking,3,School too far away,_missing_,12,11,1,6,20, , , 
11,1,12,PSU_RECODED_OTHER,Grade 5,*,1,Walking,4,School too far away,_missing_,9,8,1,1,10, , , 
11,1-2,12,PSU_RECODED_593,Grade 8,*,1,Walking,3,School too far away,_missing_,10,8,2,6,20, , , 
11,1-2,12,PSU_RECODED_593,Grade 8,*,1,Walking,4,School too far away,_missing_,3,1,2,3,20, , , 
11,1,12,PSU_RECODED_392,Grade 2,*,1,Walking,3,School too far away,_missing_,4,3,5,4,30, , , 
11,1,12,PSU_RECODED_392,Grade 7,*,1,Walking,3,School too far away,_missing_,9,8,7,6,60, , , 
11,1-2,6,PSU_RECODED_OTHER,Grade 6,*,1,Walking,4,School too far away,_missing_,13,12,10,2,45, , , 
11,1-2,6,PSU_RECODED_OTHER,Grade 10,*,1,Walking,4,School too far away,_missing_,12,11,5,2,60, , , 
11,1,12,PSU_RECODED_OTHER,Grade 5,*,1,Walking,3,School too far away,_missing_,2,1,2,1,10, , , 
11,1,9,PSU_RECODED_289,Grade 5,*,1,Walking,4,School too far away,_missing_,12,11,8,3,15, , , 
11,1,9,PSU_RECODED_289,Grade 5,*,1,Walking,5,School too far away,_missing_,2,1,2,3,5, , , 
11,1-2,6,PSU_RECODED_379,Grade 5,*,1,Walking,4,School too far away,_missing_,4,3,2,5,15, , , 
11,1-2,6,PSU_RECODED_379,Grade 9,*,1,Walking,5,School too far away,_missing_,1,19,8,4,15, , , 
11,1,9,PSU_RECODED_OTHER,Grade 1,*,1,Walking,3,School too far away,_missing_,3,2,2,5,10, , , 
11,1-2,6,PSU_RECODED_490,Grade 7,*,1,Walking,3,House keeping / Family business,_missing_, , , , , , ,6,2017
11,1-2,6,PSU_RECODED_490,Grade 7,*,1,Walking,4,School too far away,_missing_,7,6,0,5,20, , , 
11,1-2,6,PSU_RECODED_490,Grade 7,*,1,Walking,5,School too far away,_missing_,2,1,0,5,25, , , 
11,1,12,PSU_RECODED_231,Grade 8,*,1,Walking,4,House keeping / Family business,_missing_, , , , , , ,8,2019
11,1-2,9,PSU_RECODED_41,Grade 3,*,1,Walking,3,School too far away,_missing_,13,12,1,1,25, , , 
11,1-2,9,PSU_RECODED_41,Grade 3,*,1,Walking,4,School too far away,_missing_,8,7,1,1,25, , , 
11,1,6,PSU_RECODED_28,Grade 6,*,1,Walking,3,House keeping / Family business,_missing_, , , , , , ,2,2017
11,1,6,PSU_RECODED_28,Grade 6,*,1,Walking,4,School too far away,_missing_,6,5,0,1,10, , , 
11,1,6,PSU_RECODED_28,Grade 6,*,1,Walking,5,School too far away,_missing_,2,1,0,1,10, , , 
11,1,9,PSU_RECODED_135,Grade 1,*,1,Walking,2,School too far away,_missing_,8,7,1,3,10, , , 
11,1,9,PSU_RECODED_135,Grade 9,*,1,Walking,7,School too far away,_missing_,4,3,1,1,3, , , 
11,1,6,PSU_RECODED_201,Grade 8,*,1,Walking,5,School too far away,_missing_,2,1,10,5,20, , , 
11,1,9,PSU_RECODED_840,Grade 2,*,1,Walking,4,School too far away,_missing_,12,11,3,6,15, , , 
11,1,9,PSU_RECODED_840,Grade 7,*,1,Walking,4,House keeping / Family business,_missing_, , , , , , ,6,2016
11,1,10,PSU_RECODED_OTHER,Grade 2,*,1,Walking,3,School too far away,_missing_,3,2,3,3,20, , , 
11,1,7,PSU_RECODED_OTHER,Grade 3,*,1,Walking,4,School too far away,_missing_,4,3,0,2,5, , , 
11,1,7,PSU_RECODED_OTHER,Grade 7,*,1,Walking,3,School too far away,_missing_,12,11,14,5,60, , , 
11,1,7,PSU_RECODED_OTHER,Grade 7,*,1,Walking,4,School too far away,_missing_,9,8,8,5,40, , , 
11,1,10,PSU_RECODED_48,Grade 1,*,1,Walking,4,School too far away,_missing_,11,10,0,3,20, , , 
11,1,10,PSU_RECODED_48,Grade 1,*,1,Walking,5,School too far away,_missing_,8,7,0,3,20, , , 
11,1,10,PSU_RECODED_48,Grade 1,*,1,Walking,6,School too far away,_missing_,2,1,4,5,50, , , 
11,1,10,PSU_RECODED_48,Grade 8,*,1,Walking,4,School too far away,_missing_,11,10,2,1,15, , , 
11,1,10,PSU_RECODED_48,Grade 8,*,1,Walking,5,School too far away,_missing_,9,8,2,1,15, , , 
11,1,10,PSU_RECODED_48,Grade 8,*,1,Walking,6,School too far away,_missing_,6,5,2,6,20, , , 
11,1-2,10,PSU_RECODED_503,Grade 1,*,1,Walking,3,Financial problems,_missing_, , , , , ,7, , 
11,1-2,10,PSU_RECODED_503,Grade 6,*,1,Walking,3,School too far away,_missing_,13,12,15,5,45, , , 
11,1-2,10,PSU_RECODED_503,Grade 6,*,1,Walking,4,School too far away,_missing_,6,5,15,5,45, , , 
11,1-2,10,PSU_RECODED_503,Grade 6,*,1,Walking,5,School too far away,_missing_,4,3,15,5,45, , , 
11,1,7,PSU_RECODED_407,Grade 1,*,1,Walking,3,School too far away,_missing_,7,6,10,5,35, , , 
11,1,7,PSU_RECODED_407,Grade 1,*,1,Walking,4,School too far away,_missing_,4,3,8,5,40, , , 
11,1,10,PSU_RECODED_574,Grade 5,*,1,Walking,3,House keeping / Family business,_missing_, , , , , , ,6,2017
11,1,10,PSU_RECODED_574,Grade 5,*,1,Walking,4,School too far away,_missing_,8,7,1,3,10, , , 
11,1,10,PSU_RECODED_OTHER,Grade 5,*,1,Walking,4,School too far away,_missing_,11,10,1,1,15, , , 
11,1,7,PSU_RECODED_805,Grade 7,*,1,Walking,3,School too far away,_missing_,11,10,8,5,30, , , 
11,1,7,PSU_RECODED_805,Grade 7,*,1,Walking,4,School too far away,_missing_,9,8,11,5,45, , , 
11,1,10,PSU_RECODED_99,Grade 3,*,1,Walking,3,School too far away,_missing_,6,5,0,3,10, , , 
11,1,10,PSU_RECODED_99,Grade 3,*,1,Walking,4,School too far away,_missing_,3,2,0,3,10, , , 
11,1,11,PSU_RECODED_684,Grade 2,*,1,Walking,4,School too far away,_missing_,2,1,1,3,20, , , 
11,1,11,PSU_RECODED_684,Grade 6,*,1,Walking,4,School too far away,_missing_,11,10,0,3,5, , , 
11,1,11,PSU_RECODED_684,Grade 6,*,1,Walking,5,School too far away,_missing_,3,2,2,2,15, , , 
11,1,8,PSU_RECODED_872,Grade 8,*,1,Walking,5,School too far away,_missing_,2,1,6,6,25, , , 
11,1-2,8,PSU_RECODED_726,Grade 5,*,1,Walking,3,School too far away,_missing_,6,5,25,5,60, , , 
11,1-2,11,PSU_RECODED_547,Grade 1,*,1,Walking,3,School too far away,_missing_,6,5,2,2,10, , , 
11,1-2,11,PSU_RECODED_547,Grade 1,*,1,Walking,4,School too far away,_missing_,2,1,2,2,10, , , 
11,1,8,PSU_RECODED_739,Grade 8,*,1,Walking,4,School too far away,_missing_,12,10,15,5,60, , , 
11,1,9,PSU_RECODED_613,Grade 7,*,1,Walking,3,School too far away,_missing_,8,7,3,3,15, , , 
11,1,9,PSU_RECODED_613,Grade 7,*,1,Walking,4,School too far away,_missing_,5,4,3,3,15, , , 
11,1,9,PSU_RECODED_613,Grade 7,*,1,Walking,5,School too far away,_missing_,1,19,3,3,15, , , 
11,1,12,PSU_RECODED_462,Grade 2,*,1,Walking,3,House keeping / Family business,_missing_, , , , , , ,2,2018
11,1,12,PSU_RECODED_462,Grade 2,*,1,Walking,4,School too far away,_missing_,8,7,1,3,10, , , 
11,1,12,PSU_RECODED_462,Grade 7,*,1,Walking,5,School too far away,_missing_,1,19,1,3,15, , , 
11,1,9,PSU_RECODED_OTHER,Grade 3,*,1,Walking,2,School too far away,_missing_,13,12,0,5,5, , , 
11,1-2,12,PSU_RECODED_769,Grade 2,*,1,Walking,4,House keeping / Family business,_missing_, , , , , , ,8,2018
11,1,9,PSU_RECODED_5,Grade 1,*,1,Walking,3,School too far away,_missing_,9,8,2,3,10, , , 
11,1,9,PSU_RECODED_5,Grade 1,*,1,Walking,4,School too far away,_missing_,4,3,2,3,10, , , 
11,1,9,PSU_RECODED_5,Grade 7,*,1,Walking,4,School too far away,_missing_,10,9,1,3,5, , , 
11,1,9,PSU_RECODED_5,Grade 7,*,1,Walking,5,School too far away,_missing_,8,7,1,3,5, , , 
11,1,12,PSU_RECODED_218,Grade 4,*,1,Walking,3,School too far away,_missing_,8,7,3,2,15, , , 
11,1,12,PSU_RECODED_218,Grade 4,*,1,Walking,4,School too far away,_missing_,5,4,3,2,15, , , 
11,1,12,PSU_RECODED_218,Grade 4,*,1,Walking,5,School too far away,_missing_,3,2,3,2,15, , , 
11,1,12,PSU_RECODED_503,Grade 2,*,1,Walking,3,School too far away,_missing_,11,10,2,6,25, , , 
11,1,12,PSU_RECODED_503,Grade 2,*,1,Walking,4,School too far away,_missing_,3,2,2,5,15, , , 
11,1,12,PSU_RECODED_503,Grade 9,*,1,Walking,3,School too far away,_missing_,11,10,0,1,15, , , 
11,1,12,PSU_RECODED_503,Grade 9,*,1,Walking,4,School too far away,_missing_,5,4,0,1,15, , , 
11,1,10,PSU_RECODED_767,Grade 1,*,1,Walking,3,School too far away,_missing_,8,7,1,3,10, , , 
11,1,10,PSU_RECODED_767,Grade 1,*,1,Walking,4,School too far away,_missing_,5,4,1,3,10, , , 
11,1,10,PSU_RECODED_398,Grade 10,*,1,Walking,3,House keeping / Family business,_missing_, , , , , , ,8,2019
11,1,10,PSU_RECODED_398,Grade 10,*,1,Walking,4,School too far away,_missing_,9,8,1,4,5, , , 
11,1,10,PSU_RECODED_398,Grade 10,*,1,Walking,5,School too far away,_missing_,3,2,1,4,5, , , 
11,1,11,PSU_RECODED_OTHER,Grade 7,*,1,Walking,3,Financial problems,_missing_, , , , , ,4, , 
11,1,11,PSU_RECODED_OTHER,Grade 7,*,1,Walking,4,School too far away,_missing_,6,5,10,5,40, , , 
11,1,11,PSU_RECODED_795,Grade 1,*,1,Walking,2,School too far away,_missing_,6,5,4,3,15, , , 
11,1,11,PSU_RECODED_795,Grade 1,*,1,Walking,3,School too far away,_missing_,3,2,4,3,15, , , 
11,1,11,PSU_RECODED_795,Grade 5,*,1,Walking,2,House keeping / Family business,_missing_, , , , , , ,2,2018
11,1,12,PSU_RECODED_393,Grade 1,*,1,Walking,4,School too far away,_missing_,13,12,2,1,20, , , 
11,1,12,PSU_RECODED_393,Grade 9,*,1,Walking,2,House keeping / Family business,_missing_, , , , , , ,6,2018
11,1,12,PSU_RECODED_207,Grade 4,*,1,Walking,3,House keeping / Family business,_missing_, , , , , , ,7, 
11,1,12,PSU_RECODED_207,Grade 4,*,1,Walking,4,School too far away,_missing_,8,7,1,1,25, , , 
11,1-2,12,PSU_RECODED_15,Grade 5,*,1,Walking,3,School too far away,_missing_,6,4,2,6,10, , , 
11,1-2,12,PSU_RECODED_15,Grade 5,*,1,Walking,4,Financial problems,_missing_, , , , , ,7, , 
11,1-2,12,PSU_RECODED_15,Grade 10,*,1,Walking,4,School too far away,_missing_,10,8,2,1,30, , , 
11,1-2,12,PSU_RECODED_15,Grade 10,*,1,Walking,5,House keeping / Family business,_missing_, , , , , , ,9,2018
11,1,12,PSU_RECODED_OTHER,Grade 3,*,1,Walking,2,School too far away,_missing_,11,9,0,1,10, , , 
11,1,12,PSU_RECODED_OTHER,Grade 8,*,1,Walking,3,School too far away,_missing_,4,3,3,4,20, , , 
11,1,12,PSU_RECODED_554,Grade 2,*,1,Walking,3,School too far away,_missing_,1,19,6,3,10, , , 
11,1,12,PSU_RECODED_554,Grade 8,*,1,Walking,4,School too far away,_missing_,6,5,6,3,20, , , 
11,1,12,PSU_RECODED_554,Grade 8,*,1,Walking,5,School too far away,_missing_,6,5,3,3,10, , , 
11,1,12,PSU_RECODED_554,Grade 8,*,1,Walking,6,Financial problems,_missing_, , , , , ,7, , 
12,1-2,1,PSU_RECODED_OTHER,Grade 4,*,1,Walking,4,School too far away,_missing_,8,7,3,3,30, , , 
12,1-2,1,PSU_RECODED_OTHER,Grade 9,*,1,Walking,3,School too far away,_missing_,10,9,2,5,15, , , 
12,1-2,1,PSU_RECODED_OTHER,Grade 9,*,1,Walking,4,School too far away,_missing_,5,4,4,5,30, , , 
12,1-2,1,PSU_RECODED_461,Grade 9,*,1,Walking,3,School too far away,_missing_,5,4,1,3,5, , , 
12,1-2,1,PSU_RECODED_691,Grade 4,*,1,Walking,5,House keeping / Family business,_missing_, , , , , , ,7,2018
12,1-2,1,PSU_RECODED_575,Grade 8,*,1,Walking,2,School too far away,_missing_,10,9,2,5,10, , , 
12,1-2,1,PSU_RECODED_575,Grade 8,*,1,Walking,3,School too far away,_missing_,7,6,2,6,15, , , 
12,1-2,2,PSU_RECODED_864,Grade 4,*,1,Walking,4,House keeping / Family business,_missing_, , , , , , ,8,2018
12,1-2,2,PSU_RECODED_864,Grade 4,*,1,Walking,5,School too far away,_missing_,5,4,0,1,20, , , 
12,1-2,2,PSU_RECODED_OTHER,Grade 1,*,1,Walking,4,House keeping / Family business,_missing_, , , , , , ,99,2015
12,1-2,2,PSU_RECODED_OTHER,Grade 1,*,1,Walking,5,House keeping / Family business,_missing_, , , , , , ,99,2016
12,1-2,2,PSU_RECODED_OTHER,Grade 2,*,1,Walking,3,School too far away,_missing_,8,7,1,3,10, , , 
12,1-2,2,PSU_RECODED_OTHER,Grade 2,*,1,Walking,4,School too far away,_missing_,5,4,1,3,10, , , 
12,1-2,2,PSU_RECODED_564,Grade 2,*,1,Walking,3,School too far away,_missing_,3,2,4,3,15, , , 
12,1-2,2,PSU_RECODED_96,Grade 2,*,1,Walking,3,School too far away,_missing_,10,9,16,5,30, , , 
12,1-2,2,PSU_RECODED_96,Grade 2,*,1,Walking,4,School too far away,_missing_,8,7,2,5,10, , , 
12,1-2,2,PSU_RECODED_96,Grade 10,*,1,Walking,3,School too far away,_missing_,12,11,5,3,20, , , 
12,1-2,2,PSU_RECODED_96,Grade 10,*,1,Walking,4,School too far away,_missing_,8,7,5,3,20, , , 
12,1-2,3,PSU_RECODED_900,Grade 7,*,1,Walking,4,School too far away,_missing_,13,12,8,6,15, , , 
12,1-2,3,PSU_RECODED_734,Grade 7,*,1,Walking,5,School too far away,_missing_,5,4,2,3,20, , , 
12,1-2,3,PSU_RECODED_734,Grade 7,*,1,Walking,6,School too far away,_missing_,9,8,2,3,20, , , 
12,1-2,3,PSU_RECODED_485,Grade 2,*,1,Walking,3,School too far away,_missing_,9,8,6,5,10, , , 
12,1-2,3,PSU_RECODED_407,Grade 6,*,1,Walking,3,School too far away,_missing_,7,6,4,6,30, , , 
12,1-2,3,PSU_RECODED_231,Grade 4,*,1,Walking,4,House keeping / Family business,_missing_, , , , , , ,8,2018
12,1-2,3,PSU_RECODED_231,Grade 8,*,1,Walking,3,School too far away,_missing_,2,1,32,4,60, , , 
12,1-2,3,PSU_RECODED_749,Grade 7,*,1,Walking,3,School too far away,_missing_,9,8,2,1,30, , , 
12,1-2,3,PSU_RECODED_749,Grade 7,*,1,Walking,4,School too far away,_missing_,6,5,2,1,30, , , 
12,1-2,4,PSU_RECODED_655,Grade 3,*,1,Walking,3,School too far away,_missing_,3,2,1,5,15, , , 
12,1-2,4,PSU_RECODED_655,Grade 8,*,1,Walking,3,School too far away,_missing_,5,4,3,2,10, , , 
12,1-2,3,PSU_RECODED_OTHER,Grade 3,*,2,Walking,3,School too far away,_missing_,3,2,2,3,10, , , 
12,1-2,3,PSU_RECODED_OTHER,Grade 7,*,1,Walking,4,House keeping / Family business,_missing_, , , , , , ,3,2017
12,1,4,PSU_RECODED_OTHER,Grade 1,*,1,Walking,3,School too far away,_missing_,5,4,12,5,45, , , 
12,1-2,4,PSU_RECODED_36,Grade 3,*,1,Walking,5,School too far away,_missing_,13,12,0,1,10, , , 
12,1-2,4,PSU_RECODED_36,Grade 8,*,1,Walking,3,School too far away,_missing_,8,7,5,6,45, , , 
12,1-2,4,PSU_RECODED_36,Grade 8,*,1,Walking,4,School too far away,_missing_,3,2,1,3,15, , , 
12,1-2,4,PSU_RECODED_525,Grade 4,*,1,Walking,3,School too far away,_missing_,3,2,1,3,5, , , 
12,1-2,4,PSU_RECODED_525,Grade 4,*,1,Walking,4,School too far away,_missing_,1,19,1,3,5, , , 
12,1-2,4,PSU_RECODED_160,Grade 4,*,1,Walking,3,School too far away,_missing_,5,4,2,5,15, , , 
12,1-2,4,PSU_RECODED_OTHER,Grade 7,*,1,Walking,4,House keeping / Family business,_missing_, , , , , , ,9,2016
12,1-2,4,PSU_RECODED_OTHER,Grade 7,*,1,Walking,5,School too far away,_missing_,8,7,1,1,20, , , 
12,1,5,PSU_RECODED_699,Grade 1,*,2,Walking,3,School too far away,_missing_,12,11,3,3,15, , , 
12,1,5,PSU_RECODED_699,Grade 1,*,2,Walking,4,School too far away,_missing_,9,8,3,6,15, , , 
12,1-2,4,PSU_RECODED_OTHER,Grade 10,*,1,Walking,4,School too far away,_missing_,2,1,0,3,10, , , 
12,1-2,5,PSU_RECODED_86,Grade 6,*,1,Walking,3,School too far away,_missing_,11,10,10,5,30, , , 
12,1-2,5,PSU_RECODED_86,Grade 6,*,1,Walking,4,School too far away,_missing_,7,6,50,5,60, , , 
12,1-2,4,PSU_RECODED_796,Grade 2,*,1,Walking,5,House keeping / Family business,_missing_, , , , , , ,7,2018
12,1-2,4,PSU_RECODED_796,Grade 2,*,1,Walking,6,School too far away,_missing_,8,7,2,3,10, , , 
12,1-2,4,PSU_RECODED_796,Grade 2,*,1,Walking,7,School too far away,_missing_,4,3,2,3,10, , , 
12,1-2,4,PSU_RECODED_796,Grade 10,*,1,Walking,3,School too far away,_missing_,13,12,2,1,15, , , 
12,1-2,4,PSU_RECODED_796,Grade 10,*,1,Walking,4,School too far away,_missing_,7,6,2,2,15, , , 
12,1-2,4,PSU_RECODED_796,Grade 10,*,1,Walking,5,School too far away,_missing_,1,19,2,1,15, , , 
12,1-2,5,PSU_RECODED_OTHER,Grade 4,*,1,Walking,5,School too far away,_missing_,11,10,5,5,40, , , 
12,1,5,PSU_RECODED_682,Grade 3,*,1,Walking,3,School too far away,_missing_,13,12,4,6,30, , , 
12,1-2,5,PSU_RECODED_OTHER,Grade 1,*,1,Walking,5,School too far away,_missing_,11,10,6,5,50, , , 
12,1-2,5,PSU_RECODED_OTHER,Grade 9,*,1,Walking,4,School too far away,_missing_,1,19,1,1,20, , , 
12,1-2,5,PSU_RECODED_OTHER,Grade 9,*,1,Walking,5,School too far away,_missing_,3,2,1,1,20, , , 
12,1,6,PSU_RECODED_574,Grade 6,*,1,Walking,3,School too far away,_missing_,2,1,1,3,5, , , 
12,1-2,6,PSU_RECODED_646,Grade 5,*,1,Walking,3,School too far away,_missing_,5,4,1,3,25, , , 
12,1-2,6,PSU_RECODED_646,Grade 5,*,1,Walking,4,School too far away,_missing_,1,19,1,3,25, , , 
12,1-2,1,PSU_RECODED_796,Grade 9,*,1,Walking,3,School too far away,_missing_,12,11,8,6,40, , , 
12,1-2,1,PSU_RECODED_796,Grade 9,*,1,Walking,4,School too far away,_missing_,10,9,8,6,40, , , 
12,1-2,1,PSU_RECODED_796,Grade 9,*,1,Walking,5,School too far away,_missing_,4,3,8,6,40, , , 
12,1,6,PSU_RECODED_28,Grade 2,*,1,Walking,3,School too far away,_missing_,9,8,2,5,10, , , 
12,1-2,6,PSU_RECODED_620,Grade 5,*,1,Walking,4,School too far away,_missing_,12,11,2,6,10, , , 
12,1-2,6,PSU_RECODED_620,Grade 5,*,1,Walking,5,School too far away,_missing_,11,10,1,1,10, , , 
12,1-2,6,PSU_RECODED_620,Grade 5,*,1,Walking,6,School too far away,_missing_,9,8,1,1,10, , , 
12,1-2,6,PSU_RECODED_556,Grade 9,*,1,Walking,4,School too far away,_missing_,12,11,4,3,10, , , 
12,1-2,6,PSU_RECODED_OTHER,Grade 3,*,1,Walking,3,School too far away,_missing_,11,10,3,5,10, , , 
12,1-2,6,PSU_RECODED_798,Grade 2,*,1,Walking,3,House keeping / Family business,_missing_, , , , , , ,7,2018
12,1-2,6,PSU_RECODED_798,Grade 2,*,1,Walking,4,School too far away,_missing_,7,6,1,5,5, , , 
12,1-2,6,PSU_RECODED_331,Grade 6,*,1,Walking,3,House keeping / Family business,_missing_, , , , , , ,2,2018
12,1-2,6,PSU_RECODED_331,Grade 6,*,1,Walking,4,House keeping / Family business,_missing_, , , , , , ,2,2012
12,1-2,6,PSU_RECODED_331,Grade 10,*,1,Walking,3,School too far away,_missing_,9,8,15,5,90, , , 
12,1-2,6,PSU_RECODED_331,Grade 10,*,1,Walking,4,School too far away,_missing_,3,2,5,2,10, , , 
12,1-2,6,PSU_RECODED_640,Grade 4,*,1,Walking,3,School too far away,_missing_,11,10,5,5,20, , , 
12,1-2,6,PSU_RECODED_640,Grade 4,*,1,Walking,4,School too far away,_missing_,7,6,5,5,20, , , 
12,1-2,7,PSU_RECODED_506,Grade 9,*,1,Walking,3,School too far away,_missing_,10,9,2,3,10, , , 
12,1-2,6,PSU_RECODED_348,Grade 5,*,1,Walking,4,School too far away,_missing_,13,12,4,6,45, , , 
12,1-2,6,PSU_RECODED_348,Grade 5,*,1,Walking,5,School too far away,_missing_,9,8,5,6,45, , , 
12,1,7,PSU_RECODED_473,Grade 8,*,1,Walking,3,School too far away,_missing_,11,10,0,1,10, , , 
12,1,7,PSU_RECODED_473,Grade 8,*,1,Walking,4,School too far away,_missing_,8,7,0,1,10, , , 
12,1,7,PSU_RECODED_231,Grade 4,*,1,Walking,3,House keeping / Family business,_missing_, , , , , , ,6,2016
12,1,7,PSU_RECODED_231,Grade 4,*,1,Walking,4,House keeping / Family business,_missing_, , , , , , ,6,2017
12,1-2,7,PSU_RECODED_190,Grade 1,*,1,Walking,3,House keeping / Family business,_missing_, , , , , , ,8,2018
12,1-2,7,PSU_RECODED_190,Grade 1,*,1,Walking,4,School too far away,_missing_,8,7,3,6,25, , , 
12,1-2,2,PSU_RECODED_225,Grade 7,*,1,Walking,3,School too far away,_missing_,12,11,3,5,20, , , 
12,1-2,2,PSU_RECODED_225,Grade 7,*,1,Walking,4,School too far away,_missing_,9,8,2,5,10, , , 
12,1-2,7,PSU_RECODED_OTHER,Grade 7,*,1,Walking,4,School too far away,_missing_,11,10,0,1,10, , , 
12,1-2,7,PSU_RECODED_377,Grade 3,*,1,Walking,3,School too far away,_missing_,6,5,5,5,60, , , 
12,1-2,7,PSU_RECODED_283,Grade 6,*,1,Walking,4,House keeping / Family business,_missing_, , , , , , ,6,2018
12,1-2,8,PSU_RECODED_OTHER,Grade 5,*,1,Walking,3,School too far away,_missing_,7,6,2,5,20, , , 
12,1-2,7,PSU_RECODED_628,Grade 7,*,1,Walking,3,School too far away,_missing_,13,12,20,7,60, , , 
12,1-2,7,PSU_RECODED_628,Grade 7,*,1,Walking,4,School too far away,_missing_,12,11,20,7,60, , , 
12,1-2,7,PSU_RECODED_628,Grade 7,*,1,Walking,5,School too far away,_missing_,7,6,20,5,90, , , 
12,1-2,8,PSU_RECODED_OTHER,Grade 5,*,1,Walking,3,School too far away,_missing_,9,8,3,5,30, , , 
12,1-2,8,PSU_RECODED_OTHER,Grade 5,*,1,Walking,4,School too far away,_missing_,6,5,25,5,120, , , 
12,1-2,8,PSU_RECODED_259,Grade 4,*,1,Walking,4,School too far away,_missing_,13,12,16,6,50, , , 
12,1-2,8,PSU_RECODED_259,Grade 4,*,1,Walking,5,School too far away,_missing_,8,7,16,6,50, , , 
12,1-2,8,PSU_RECODED_OTHER,Grade 2,*,1,Walking,3,School too far away,_missing_,13,12,1,1,15, , , 
12,1,8,PSU_RECODED_710,Grade 8,*,1,Walking,4,House keeping / Family business,_missing_, , , , , , ,6,2018
12,1-2,8,PSU_RECODED_456,Grade 6,*,1,Walking,3,School too far away,_missing_,8,7,0,1,5, , , 
12,1-2,8,PSU_RECODED_456,Grade 6,*,1,Walking,4,School too far away,_missing_,5,4,0,1,5, , , 
12,1-2,8,PSU_RECODED_456,Grade 10,*,1,Walking,3,School too far away,_missing_,11,10,0,1,10, , , 
12,1-2,8,PSU_RECODED_411,Grade 4,*,1,Walking,3,House keeping / Family business,_missing_, , , , , , ,4,2018
12,1-2,8,PSU_RECODED_411,Grade 4,*,1,Walking,4,School too far away,_missing_,9,8,4,6,15, , , 
12,1-2,8,PSU_RECODED_411,Grade 8,*,1,Walking,5,House keeping / Family business,_missing_, , , , , , ,6,2015
12,1-2,4,PSU_RECODED_OTHER,Grade 5,*,1,Walking,2,House keeping / Family business,_missing_, , , , , , ,7, 
12,1,1,PSU_RECODED_318,Grade 4,*,1,Walking,3,School too far away,_missing_,13,12,1,1,5, , , 
12,1,1,PSU_RECODED_318,Grade 4,*,1,Walking,4,School too far away,_missing_,8,7,3,3,20, , , 
12,1-2,4,PSU_RECODED_OTHER,Grade 5,*,1,Walking,5,School too far away,_missing_,12,11,8,6,40, , , 
12,1-2,9,PSU_RECODED_225,Grade 3,*,1,Walking,3,School too far away,_missing_,10,9,4,5,20, , , 
12,1-2,9,PSU_RECODED_225,Grade 3,*,1,Walking,4,School too far away,_missing_,6,5,4,5,20, , , 
12,1-2,4,PSU_RECODED_819,Grade 3,*,1,Walking,4,School too far away,_missing_,7,6,2,3,15, , , 
12,1-2,4,PSU_RECODED_819,Grade 3,*,1,Walking,5,School too far away,_missing_,4,3,2,3,15, , , 
12,1-2,4,PSU_RECODED_819,Grade 8,*,1,Walking,3,School too far away,_missing_,10,9,3,6,30, , , 
12,1-2,9,PSU_RECODED_OTHER,Grade 7,*,1,Walking,4,Financial problems,_missing_, , , , , ,7, , 
12,1-2,9,PSU_RECODED_684,Grade 4,*,1,Walking,3,School too far away,_missing_,12,11,10,6,20, , , 
12,1-2,9,PSU_RECODED_684,Grade 4,*,1,Walking,4,School too far away,_missing_,3,2,13,5,15, , , 
12,1-2,9,PSU_RECODED_684,Grade 9,*,1,Walking,4,School too far away,_missing_,7,6,0,1,10, , , 
12,1-2,4,PSU_RECODED_664,Grade 4,*,1,Walking,3,School too far away,_missing_,5,4,1,3,5, , , 
12,1-2,4,PSU_RECODED_664,Grade 4,*,1,Walking,4,Financial problems,_missing_, , , , , ,7, , 
12,1-2,4,PSU_RECODED_664,Grade 10,*,1,Walking,3,School too far away,_missing_,8,7,2,3,20, , , 
12,1-2,4,PSU_RECODED_664,Grade 10,*,1,Walking,4,School too far away,_missing_,1,19,3,3,20, , , 
12,1-2,9,PSU_RECODED_OTHER,Grade 6,*,1,Walking,3,Financial problems,_missing_, , , , , ,7, , 
12,1-2,1,PSU_RECODED_374,Grade 3,*,1,Walking,5,School too far away,_missing_,1,19,0,3,5, , , 
12,1-2,5,PSU_RECODED_672,Grade 4,*,1,Walking,5,House keeping / Family business,_missing_, , , , , , ,7, 
12,1-2,5,PSU_RECODED_672,Grade 4,*,1,Walking,6,School too far away,_missing_,11,10,1,1,10, , , 
12,1-2,5,PSU_RECODED_672,Grade 9,*,1,Walking,4,School too far away,_missing_,12,11,10,5,20, , , 
12,1-2,9,PSU_RECODED_608,Grade 3,*,1,Walking,3,School too far away,_missing_,13,12,4,6,20, , , 
12,1-2,9,PSU_RECODED_608,Grade 3,*,1,Walking,4,School too far away,_missing_,11,10,4,6,20, , , 
12,1-2,9,PSU_RECODED_608,Grade 3,*,1,Walking,5,School too far away,_missing_,8,7,4,6,20, , , 
12,1-2,1,PSU_RECODED_472,Grade 6,*,1,Walking,4,School too far away,_missing_,13,12,20,4,45, , , 
12,1-2,1,PSU_RECODED_472,Grade 6,*,1,Walking,5,School too far away,_missing_,9,8,20,4,45, , , 
12,1-2,1,PSU_RECODED_472,Grade 10,*,1,Walking,4,House keeping / Family business,_missing_, , , , , , ,8,2018
12,1-2,9,PSU_RECODED_233,Grade 5,*,1,Walking,5,House keeping / Family business,_missing_, , , , , , ,6,2017
12,1-2,9,PSU_RECODED_233,Grade 5,*,1,Walking,6,School too far away,_missing_,7,6,0,3,10, , , 
12,1-2,5,PSU_RECODED_692,Grade 2,*,1,Walking,4,House keeping / Family business,_missing_, , , , , , ,6,2018
12,1-2,5,PSU_RECODED_692,Grade 6,*,1,Walking,3,House keeping / Family business,_missing_, , , , , , ,6,2018
12,1-2,5,PSU_RECODED_692,Grade 6,*,1,Walking,4,School too far away,_missing_,7,6,1,5,10, , , 
12,1-2,10,PSU_RECODED_113,Grade 4,*,1,Walking,4,School too far away,_missing_,12,11,20,5,45, , , 
12,1-2,10,PSU_RECODED_113,Grade 8,*,1,Walking,3,School too far away,_missing_,4,3,5,5,20, , , 
12,1-2,10,PSU_RECODED_113,Grade 8,*,1,Walking,4,School too far away,_missing_,2,1,5,5,20, , , 
12,1-2,9,PSU_RECODED_830,Grade 3,*,1,Walking,3,House keeping / Family business,_missing_, , , , , , ,8,2018
12,1-2,10,PSU_RECODED_497,Grade 4,*,1,Walking,4,School too far away,_missing_,12,11,4,6,25, , , 
12,1-2,2,PSU_RECODED_442,Grade 5,*,1,Walking,5,School too far away,_missing_,12,11,20,6,75, , , 
12,1-2,2,PSU_RECODED_442,Grade 9,*,1,Walking,4,School too far away,_missing_,5,2,4,3,15, , , 
12,1,10,PSU_RECODED_564,Grade 7,*,1,Walking,4,House keeping / Family business,_missing_, , , , , , ,9,2018
12,1-2,5,PSU_RECODED_268,Grade 4,*,1,Walking,4,School too far away,_missing_,11,10,10,5,20, , , 
12,1-2,5,PSU_RECODED_268,Grade 4,*,1,Walking,5,School too far away,_missing_,5,4,1,5,10, , , 
12,1,10,PSU_RECODED_510,Grade 5,*,1,Walking,4,School too far away,_missing_,12,11,2,6,10, , , 
12,1-2,2,PSU_RECODED_807,Grade 5,*,1,Walking,3,School too far away,_missing_,1,19,6,5,60, , , 
12,1-2,2,PSU_RECODED_807,Grade 9,*,1,Walking,3,School too far away,_missing_,6,5,2,1,20, , , 
12,1-2,2,PSU_RECODED_807,Grade 9,*,1,Walking,4,School too far away,_missing_,1,19,2,1,20, , , 
12,1-2,10,PSU_RECODED_386,Grade 9,*,1,Walking,3,School too far away,_missing_,10,9,1,1,35, , , 
12,1-2,10,PSU_RECODED_OTHER,Grade 1,*,1,Walking,3,Financial problems,_missing_, , , , , ,7, , 
12,1-2,6,PSU_RECODED_113,Grade 9,*,1,Walking,5,School too far away,_missing_,4,3,5,5,40, , , 
12,1-2,10,PSU_RECODED_613,Grade 6,*,1,Walking,2,School too far away,_missing_,2,1,3,3,10, , , 
12,1-2,6,PSU_RECODED_625,Grade 3,*,1,Walking,2,House keeping / Family business,_missing_, , , , , , ,2,2019
12,1-2,6,PSU_RECODED_625,Grade 3,*,1,Walking,3,School too far away,_missing_,10,9,8,6,20, , , 
12,1-2,6,PSU_RECODED_625,Grade 7,*,1,Walking,3,School too far away,_missing_,2,1,3,5,20, , , 
12,1-2,10,PSU_RECODED_81,Grade 9,*,1,Walking,4,School too far away,_missing_,5,4,0,1,10, , , 
12,1-2,10,PSU_RECODED_81,Grade 9,*,1,Walking,5,School too far away,_missing_,2,1,0,1,10, , , 
12,1-2,6,PSU_RECODED_699,Grade 4,*,1,Walking,4,School too far away,_missing_,12,11,2,1,30, , , 
12,1-2,6,PSU_RECODED_699,Grade 4,*,1,Walking,5,School too far away,_missing_,10,9,2,1,30, , , 
12,1-2,6,PSU_RECODED_699,Grade 8,*,1,Walking,4,House keeping / Family business,_missing_, , , , , , ,8,2017
12,1-2,11,PSU_RECODED_113,Grade 4,*,1,Walking,3,School too far away,_missing_,2,1,5,3,10, , , 
12,1-2,3,PSU_RECODED_2,Grade 1,*,1,Walking,2,School too far away,_missing_,13,12,4,6,10, , , 
12,1-2,3,PSU_RECODED_2,Grade 1,*,1,Walking,3,School too far away,_missing_,11,10,0,1,5, , , 
12,1-2,3,PSU_RECODED_2,Grade 8,*,1,Walking,5,School too far away,_missing_,1,19,10,5,20, , , 
12,1-2,11,PSU_RECODED_642,Grade 9,*,1,Walking,3,School too far away,_missing_,10,9,5,5,35, , , 
12,1-2,11,PSU_RECODED_642,Grade 9,*,1,Walking,4,School too far away,_missing_,9,8,5,5,35, , , 
12,1,11,PSU_RECODED_220,Grade 2,*,1,Walking,3,School too far away,_missing_,3,2,4,5,40, , , 
12,1,11,PSU_RECODED_220,Grade 9,*,1,Walking,6,School too far away,_missing_,7,6,6,5,25, , , 
12,1,11,PSU_RECODED_220,Grade 9,*,1,Walking,7,School too far away,_missing_,1,19,2,5,10, , , 
12,1-2,3,PSU_RECODED_566,Grade 1,*,1,Walking,3,School too far away,_missing_,5,4,1,3,45, , , 
12,1-2,3,PSU_RECODED_566,Grade 1,*,1,Walking,4,School too far away,_missing_,1,19,1,3,15, , , 
12,1-2,3,PSU_RECODED_566,Grade 6,*,1,Walking,3,School too far away,_missing_,11,10,1,1,15, , , 
12,1-2,3,PSU_RECODED_566,Grade 6,*,1,Walking,4,School too far away,_missing_,7,6,1,1,15, , , 
12,1-2,3,PSU_RECODED_566,Grade 10,*,1,Walking,4,School too far away,_missing_,7,6,5,5,45, , , 
12,1-2,6,PSU_RECODED_OTHER,Grade 1,*,1,Walking,3,School too far away,_missing_,8,7,0,1,2, , , 
12,1-2,6,PSU_RECODED_OTHER,Grade 7,*,1,Walking,5,School too far away,_missing_,2,1,0,3,5, , , 
12,1-2,11,PSU_RECODED_736,Grade 2,*,1,Walking,4,School too far away,_missing_,10,9,4,5,20, , , 
12,1-2,3,PSU_RECODED_225,Grade 6,*,1,Walking,3,School too far away,_missing_,13,12,5,6,20, , , 
12,1-2,3,PSU_RECODED_225,Grade 6,*,1,Walking,4,School too far away,_missing_,7,6,3,3,10, , , 
12,1-2,3,PSU_RECODED_225,Grade 10,*,1,Walking,3,School too far away,_missing_,3,2,3,3,10, , , 
12,1,11,PSU_RECODED_OTHER,Grade 4,*,1,Walking,2,House keeping / Family business,_missing_, , , , , , ,99,2018
12,1-2,7,PSU_RECODED_403,Grade 5,*,1,Walking,3,School too far away,_missing_,2,1,1,1,10, , , 
12,1-2,7,PSU_RECODED_403,Grade 5,*,1,Walking,4,School too far away,_missing_,1,19,1,1,10, , , 
12,1-2,11,PSU_RECODED_638,Grade 2,*,1,Walking,3,School too far away,_missing_,2,1,4,3,10, , , 
12,1-2,11,PSU_RECODED_638,Grade 2,*,1,Walking,8,House keeping / Family business,_missing_, , , , , , ,6,2018
12,1-2,11,PSU_RECODED_638,Grade 9,*,1,Walking,3,School too far away,_missing_,13,12,20,6,30, , , 
12,1-2,11,PSU_RECODED_638,Grade 9,*,1,Walking,4,School too far away,_missing_,9,8,12,5,30, , , 
12,1-2,3,PSU_RECODED_130,Grade 9,*,1,Walking,4,House keeping / Family business,_missing_, , , , , , ,8,2018
12,1-2,7,PSU_RECODED_53,Grade 1,*,1,Walking,4,School too far away,_missing_,11,10,3,3,25, , , 
12,1-2,7,PSU_RECODED_53,Grade 8,*,1,Walking,3,School too far away,_missing_,13,12,6,6,45, , , 
12,1-2,7,PSU_RECODED_53,Grade 8,*,1,Walking,4,School too far away,_missing_,8,7,2,5,20, , , 
12,1-2,12,PSU_RECODED_684,Grade 6,*,1,Walking,3,School too far away,_missing_,7,6,10,5,30, , , 
12,1,4,PSU_RECODED_730,Grade 9,*,1,Walking,5,School too far away,_missing_,1,19,3,3,10, , , 
12,1,11,PSU_RECODED_672,Grade 4,*,1,Walking,3,Financial problems,_missing_, , , , , ,7, , 
12,1-2,7,PSU_RECODED_710,Grade 6,*,1,Walking,3,School too far away,_missing_,14,14,5,3,30, , , 
12,1-2,7,PSU_RECODED_710,Grade 6,*,1,Walking,4,School too far away,_missing_,8,7,5,6,30, , , 
12,1-2,7,PSU_RECODED_710,Grade 6,*,1,Walking,5,School too far away,_missing_,3,2,3,3,15, , , 
12,1-2,7,PSU_RECODED_710,Grade 6,*,1,Walking,6,School too far away,_missing_,10,9,8,2,30, , , 
12,1-2,12,PSU_RECODED_OTHER,Grade 5,*,1,Walking,3,School too far away,_missing_,11,10,1,1,10, , , 
12,1-2,12,PSU_RECODED_OTHER,Grade 5,*,1,Walking,4,School too far away,_missing_,8,7,1,1,10, , , 
12,1-2,12,PSU_RECODED_OTHER,Grade 5,*,1,Walking,5,Financial problems,_missing_, , , , , ,7, , 
12,1-2,4,PSU_RECODED_247,Grade 4,*,1,Walking,3,House keeping / Family business,_missing_, , , , , , ,7, 
12,1-2,4,PSU_RECODED_247,Grade 4,*,1,Walking,4,School too far away,_missing_,8,7,0,1,10, , , 
12,1-2,4,PSU_RECODED_247,Grade 9,*,1,Walking,3,School too far away,_missing_,12,11,1,1,15, , , 
12,1-2,12,PSU_RECODED_OTHER,Grade 4,*,1,Walking,2,School too far away,_missing_,5,4,1,1,15, , , 
12,1-2,12,PSU_RECODED_439,Grade 2,*,1,Walking,4,School too far away,_missing_,12,11,8,7,45, , , 
12,1-2,12,PSU_RECODED_439,Grade 2,*,1,Walking,5,School too far away,_missing_,10,9,0,1,5, , , 
12,1-2,12,PSU_RECODED_439,Grade 7,*,1,Walking,3,School too far away,_missing_,8,7,2,5,20, , , 
12,1-2,12,PSU_RECODED_439,Grade 7,*,1,Walking,4,School too far away,_missing_,3,2,2,5,20, , , 
12,1-2,12,PSU_RECODED_439,Grade 7,*,1,Walking,5,School too far away,_missing_,1,19,2,5,20, , , 
12,1-2,4,PSU_RECODED_OTHER,Grade 4,*,1,Walking,3,House keeping / Family business,_missing_, , , , , , ,8,2018
12,1-2,4,PSU_RECODED_OTHER,Grade 4,*,1,Walking,4,School too far away,_missing_,11,10,8,5,30, , , 
12,1-2,4,PSU_RECODED_OTHER,Grade 4,*,1,Walking,5,School too far away,_missing_,3,2,8,5,30, , , 
12,1-2,12,PSU_RECODED_OTHER,Grade 2,*,1,Walking,5,School too far away,_missing_,2,1,15,5,30, , , 
12,1-2,7,PSU_RECODED_OTHER,Grade 2,*,1,Walking,3,Financial problems,_missing_, , , , , ,7, , 
12,1-2,7,PSU_RECODED_OTHER,Grade 6,*,1,Walking,3,School too far away,_missing_,12,11,10,5,60, , , 
12,1-2,12,PSU_RECODED_401,Grade 4,*,1,Walking,5,House keeping / Family business,_missing_, , , , , , ,7,2018
12,1-2,12,PSU_RECODED_767,Grade 1,*,1,Walking,4,School too far away,_missing_,9,8,1,3,5, , , 
12,1-2,12,PSU_RECODED_767,Grade 1,*,1,Walking,5,School too far away,_missing_,5,4,1,3,5, , , 
12,1-2,12,PSU_RECODED_OTHER,Grade 5,*,1,Walking,3,School too far away,_missing_,7,6,2,6,20, , , 
12,1-2,12,PSU_RECODED_OTHER,Grade 5,*,1,Walking,4,Financial problems,_missing_, , , , , ,7, , 
12,1-2,12,PSU_RECODED_OTHER,Grade 10,*,1,Walking,4,School too far away,_missing_,5,4,5,2,20, , , 
12,1-2,4,PSU_RECODED_280,Grade 5,*,1,Walking,3,School too far away,_missing_,12,11,3,5,20, , , 
12,1-2,4,PSU_RECODED_280,Grade 5,*,1,Walking,4,School too far away,_missing_,9,8,2,5,15, , , 
12,1-2,12,PSU_RECODED_837,Grade 2,*,1,Walking,3,School too far away,_missing_,3,2,0,1,10, , , 
12,1-2,12,PSU_RECODED_837,Grade 7,*,1,Walking,3,School too far away,_missing_,9,8,0,1,10, , , 
12,1-2,8,PSU_RECODED_OTHER,Grade 5,*,1,Walking,3,School too far away,_missing_,11,10,0,1,10, , , 
12,1-2,8,PSU_RECODED_OTHER,Grade 5,*,1,Walking,4,School too far away,_missing_,2,1,1,3,20, , , 
12,1-2,5,PSU_RECODED_610,Grade 2,*,1,Walking,3,School too far away,_missing_,8,7,1,6,15, , , 
12,1-2,5,PSU_RECODED_610,Grade 6,*,1,Walking,2,School too far away,_missing_,8,7,6,3,10, , , 
12,1-2,12,PSU_RECODED_198,Grade 1,*,1,Walking,2,School too far away,_missing_,3,2,1,3,5, , , 
12,1-2,12,PSU_RECODED_198,Grade 7,*,1,Walking,4,School too far away,_missing_,13,12,1,1,10, , , 
12,1-2,8,PSU_RECODED_OTHER,Grade 2,*,1,Walking,4,School too far away,_missing_,9,8,2,5,15, , , 
12,1-2,5,PSU_RECODED_511,Grade 1,*,1,Walking,3,School too far away,_missing_,5,4,1,1,25, , , 
12,1-2,5,PSU_RECODED_511,Grade 1,*,1,Walking,4,School too far away,_missing_,3,2,1,1,25, , , 
12,1-2,5,PSU_RECODED_511,Grade 10,*,1,Walking,3,School too far away,_missing_,11,10,5,5,30, , , 
12,1-2,5,PSU_RECODED_511,Grade 10,*,1,Walking,4,School too far away,_missing_,6,5,2,3,20, , , 
12,1,5,PSU_RECODED_752,Grade 8,*,1,Walking,3,School too far away,_missing_,11,10,1,3,5, , , 
12,1,5,PSU_RECODED_752,Grade 8,*,1,Walking,4,School too far away,_missing_,10,9,1,3,5, , , 
12,1,5,PSU_RECODED_752,Grade 8,*,1,Walking,5,School too far away,_missing_,1,19,1,3,5, , , 
12,1-2,8,PSU_RECODED_144,Grade 2,*,1,Walking,4,School too far away,_missing_,13,12,8,6,60, , , 
12,1-2,8,PSU_RECODED_144,Grade 7,*,1,Walking,3,House keeping / Family business,_missing_, , , , , , ,9,2018
12,1-2,5,PSU_RECODED_OTHER,Grade 2,*,1,Walking,4,School too far away,_missing_,7,6,4,5,40, , , 
12,1,9,PSU_RECODED_201,Grade 7,*,1,Walking,3,School too far away,_missing_,6,5,4,5,40, , , 
12,1,5,PSU_RECODED_OTHER,Grade 3,*,1,Walking,3,School too far away,_missing_,9,8,0,1,5, , , 
12,1,5,PSU_RECODED_OTHER,Grade 3,*,1,Walking,4,School too far away,_missing_,5,4,0,1,5, , , 
12,1-2,6,PSU_RECODED_OTHER,Grade 7,*,1,Walking,3,House keeping / Family business,_missing_, , , , , , ,8,2018
12,1-2,6,PSU_RECODED_OTHER,Grade 7,*,1,Walking,4,School too far away,_missing_,11,10,6,6,30, , , 
12,1-2,9,PSU_RECODED_326,Grade 7,*,1,Walking,3,School too far away,_missing_,6,5,2,6,15, , , 
12,1-2,9,PSU_RECODED_326,Grade 7,*,1,Walking,4,School too far away,_missing_,2,1,2,6,15, , , 
12,1-2,6,PSU_RECODED_OTHER,Grade 3,*,1,Walking,3,School too far away,_missing_,12,11,5,6,45, , , 
12,1-2,6,PSU_RECODED_OTHER,Grade 3,*,1,Walking,4,School too far away,_missing_,5,4,2,5,20, , , 
12,1-2,9,PSU_RECODED_349,Grade 1,*,1,Walking,3,School too far away,_missing_,4,3,3,5,40, , , 
12,1-2,9,PSU_RECODED_349,Grade 9,*,1,Walking,3,School too far away,_missing_,11,10,2,5,15, , , 
12,1-2,6,PSU_RECODED_771,Grade 4,*,1,Walking,6,School too far away,_missing_,12,11,4,6,30, , , 
12,1-2,6,PSU_RECODED_771,Grade 4,*,1,Walking,8,School too far away,_missing_,7,6,1,6,30, , , 
12,1-2,9,PSU_RECODED_660,Grade 3,*,1,Walking,5,School too far away,_missing_,11,10,3,6,10, , , 
12,1-2,9,PSU_RECODED_660,Grade 3,*,1,Walking,6,School too far away,_missing_,13,12,3,6,10, , , 
12,1-2,9,PSU_RECODED_660,Grade 7,*,1,Walking,3,School too far away,_missing_,1,19,1,3,5, , , 
12,1-2,6,PSU_RECODED_764,Grade 10,*,1,Walking,3,School too far away,_missing_,8,7,8,6,25, , , 
12,1-2,10,PSU_RECODED_403,Grade 6,*,1,Walking,3,School too far away,_missing_,13,12,8,5,60, , , 
12,1-2,10,PSU_RECODED_403,Grade 6,*,1,Walking,4,School too far away,_missing_,7,6,8,5,60, , , 
12,1-2,10,PSU_RECODED_403,Grade 10,*,1,Walking,3,School too far away,_missing_,10,9,5,3,20, , , 
12,1-2,10,PSU_RECODED_403,Grade 10,*,1,Walking,4,School too far away,_missing_,8,7,5,3,20, , , 
12,1-2,10,PSU_RECODED_403,Grade 10,*,1,Walking,5,School too far away,_missing_,1,19,5,3,20, , , 
12,1-2,6,PSU_RECODED_346,Grade 5,*,1,Walking,3,School too far away,_missing_,11,10,7,5,45, , , 
12,1-2,6,PSU_RECODED_346,Grade 5,*,1,Walking,4,School too far away,_missing_,7,6,8,5,90, , , 
12,1-2,6,PSU_RECODED_346,Grade 5,*,1,Walking,5,School too far away,_missing_,4,3,7,5,90, , , 
12,1,7,PSU_RECODED_511,Grade 4,*,1,Walking,3,School too far away,_missing_,7,6,0,3,10, , , 
12,1,7,PSU_RECODED_511,Grade 4,*,1,Walking,4,School too far away,_missing_,3,2,0,3,10, , , 
12,1,7,PSU_RECODED_511,Grade 4,*,1,Walking,5,School too far away,_missing_,1,19,0,3,10, , , 
12,1-2,10,PSU_RECODED_OTHER,Grade 1,*,1,Walking,4,School too far away,_missing_,11,10,4,6,45, , , 
12,1-2,7,PSU_RECODED_148,Grade 2,*,1,Walking,4,School too far away,_missing_,13,12,10,5,45, , , 
12,1-2,7,PSU_RECODED_148,Grade 7,*,1,Walking,3,House keeping / Family business,_missing_, , , , , , ,8,2018
12,1-2,7,PSU_RECODED_148,Grade 7,*,1,Walking,4,House keeping / Family business,_missing_, , , , , , ,8,2018
12,1-2,10,PSU_RECODED_864,Grade 2,*,1,Walking,3,School too far away,_missing_,5,4,0,1,10, , , 
12,1-2,10,PSU_RECODED_864,Grade 2,*,1,Walking,4,School too far away,_missing_,1,19,0,1,10, , , 
12,1-2,10,PSU_RECODED_864,Grade 6,*,1,Walking,4,House keeping / Family business,_missing_, , , , , , ,6,2017
12,1-2,7,PSU_RECODED_OTHER,Grade 10,*,1,Walking,3,School too far away,_missing_,4,3,4,3,30, , , 
12,1-2,10,PSU_RECODED_820,Grade 6,*,1,Walking,3,School too far away,_missing_,12,11,2,3,10, , , 
12,1-2,7,PSU_RECODED_489,Grade 3,*,1,Walking,3,School too far away,_missing_,13,12,8,7,20, , , 
12,1-2,7,PSU_RECODED_489,Grade 3,*,1,Walking,4,School too far away,_missing_,11,10,34,5,70, , , 
12,1-2,7,PSU_RECODED_489,Grade 10,*,1,Walking,5,School too far away,_missing_,9,8,1,5,10, , , 
12,1-2,7,PSU_RECODED_489,Grade 10,*,1,Walking,6,School too far away,_missing_,4,3,1,5,10, , , 
12,1,8,PSU_RECODED_640,Grade 1,*,1,Walking,3,School too far away,_missing_,2,1,2,6,15, , , 
12,1,8,PSU_RECODED_640,Grade 7,*,1,Walking,5,School too far away,_missing_,2,1,6,3,15, , , 
12,1-2,11,PSU_RECODED_551,Grade 1,*,1,Walking,3,School too far away,_missing_,8,7,5,4,20, , , 
12,1-2,11,PSU_RECODED_551,Grade 1,*,1,Walking,4,School too far away,_missing_,5,4,5,4,20, , , 
12,1-2,11,PSU_RECODED_551,Grade 8,*,1,Walking,3,School too far away,_missing_,1,19,0,1,2, , , 
12,1-2,8,PSU_RECODED_338,Grade 2,*,1,Walking,5,School too far away,_missing_,4,3,2,3,30, , , 
12,1-2,8,PSU_RECODED_338,Grade 6,*,1,Walking,4,School too far away,_missing_,9,8,2,3,15, , , 
12,1-2,11,PSU_RECODED_872,Grade 1,*,1,Walking,4,School too far away,_missing_,10,9,1,1,15, , , 
12,1-2,11,PSU_RECODED_872,Grade 1,*,1,Walking,5,School too far away,_missing_,10,9,1,1,15, , , 
12,1-2,11,PSU_RECODED_872,Grade 1,*,1,Walking,6,School too far away,_missing_,9,8,1,1,15, , , 
12,1-2,11,PSU_RECODED_872,Grade 1,*,1,Walking,7,School too far away,_missing_,2,1,1,1,15, , , 
12,1-2,11,PSU_RECODED_872,Grade 6,*,1,Walking,3,School too far away,_missing_,12,11,6,6,90, , , 
12,1-2,11,PSU_RECODED_872,Grade 6,*,1,Walking,4,School too far away,_missing_,11,10,6,5,60, , , 
12,1-2,11,PSU_RECODED_872,Grade 6,*,1,Walking,5,School too far away,_missing_,1,19,6,5,60, , , 
12,1-2,8,PSU_RECODED_641,Grade 2,*,1,Walking,4,School too far away,_missing_,12,11,3,6,10, , , 
12,1-2,8,PSU_RECODED_779,Grade 3,*,1,Walking,4,School too far away,_missing_,13,12,8,6,45, , , 
12,1-2,8,PSU_RECODED_779,Grade 3,*,1,Walking,5,School too far away,_missing_,12,11,8,6,45, , , 
12,1,9,PSU_RECODED_473,Grade 3,*,1,Walking,3,School too far away,_missing_,12,11,2,1,25, , , 
12,1,9,PSU_RECODED_473,Grade 3,*,1,Walking,4,School too far away,_missing_,11,10,2,1,25, , , 
12,1,9,PSU_RECODED_473,Grade 3,*,1,Walking,5,Financial problems,_missing_, , , , , ,7, , 
12,1,9,PSU_RECODED_473,Grade 7,*,1,Walking,3,School too far away,_missing_,9,8,2,2,10, , , 
12,1-2,12,PSU_RECODED_151,Grade 5,*,1,Walking,4,House keeping / Family business,_missing_, , , , , , ,6,2009
12,1-2,9,PSU_RECODED_415,Grade 4,*,1,Walking,3,House keeping / Family business,_missing_, , , , , , ,7, 
12,1-2,9,PSU_RECODED_415,Grade 4,*,1,Walking,4,School too far away,_missing_,10,9,5,6,20, , , 
12,1-2,9,PSU_RECODED_415,Grade 8,*,1,Walking,2,School too far away,_missing_,6,5,5,5,45, , , 
12,1-2,12,PSU_RECODED_OTHER,Grade 3,*,1,Walking,5,School too far away,_missing_,2,1,3,5,15, , , 
12,1-2,12,PSU_RECODED_OTHER,Grade 4,*,1,Walking,4,School too far away,_missing_,2,1,0,2,10, , , 
12,1-2,12,PSU_RECODED_OTHER,Grade 8,*,1,Walking,4,School too far away,_missing_,13,12,0,1,10, , , 
12,1-2,9,PSU_RECODED_OTHER,Grade 7,*,1,Walking,3,School too far away,_missing_,11,10,0,1,10, , , 
12,1-2,9,PSU_RECODED_OTHER,Grade 7,*,1,Walking,4,School too far away,_missing_,5,4,0,1,10, , , 
12,1-2,9,PSU_RECODED_764,Grade 10,*,1,Walking,5,School too far away,_missing_,9,8,0,5,3, , , 
12,1-2,9,PSU_RECODED_764,Grade 10,*,1,Walking,6,School too far away,_missing_,2,1,0,3,3, , , 
12,1-2,10,PSU_RECODED_144,Grade 4,*,1,Walking,4,School too far away,_missing_,13,12,3,6,20, , , 
12,1-2,10,PSU_RECODED_144,Grade 4,*,1,Walking,5,School too far away,_missing_,6,5,3,6,20, , , 
12,1-2,10,PSU_RECODED_144,Grade 9,*,1,Walking,4,School too far away,_missing_,10,9,15,5,30, , , 
12,1-2,10,PSU_RECODED_346,Grade 10,*,1,Walking,4,School too far away,_missing_,13,12,6,6,15, , , 
12,1-2,10,PSU_RECODED_624,Grade 6,*,1,Walking,5,House keeping / Family business,_missing_, , , , , , ,8,2018
12,1,11,PSU_RECODED_572,Grade 4,*,1,Walking,3,School too far away,_missing_,10,9,0,1,10, , , 
12,1,11,PSU_RECODED_572,Grade 8,*,1,Walking,3,School too far away,_missing_,12,11,0,1,10, , , 
12,1,11,PSU_RECODED_572,Grade 8,*,1,Walking,4,School too far away,_missing_,11,10,0,1,10, , , 
12,1-2,12,PSU_RECODED_881,Grade 4,*,1,Walking,3,School too far away,_missing_,13,12,1,1,30, , , 
12,1-2,12,PSU_RECODED_881,Grade 4,*,1,Walking,4,House keeping / Family business,_missing_, , , , , , ,6,2018
12,1-2,12,PSU_RECODED_2,Grade 2,*,1,Walking,3,School too far away,_missing_,6,5,2,3,15, , , 
12,1-2,12,PSU_RECODED_2,Grade 2,*,1,Walking,4,School too far away,_missing_,5,4,3,6,30, , , 
12,1-2,12,PSU_RECODED_2,Grade 2,*,1,Walking,5,Financial problems,_missing_, , , , , ,7, , 
12,1-2,12,PSU_RECODED_2,Grade 6,*,1,Walking,3,House keeping / Family business,_missing_, , , , , , ,6,2019
12,1-2,12,PSU_RECODED_897,Grade 1,*,1,Walking,3,School too far away,_missing_,8,7,0,1,15, , , 
12,1-2,12,PSU_RECODED_897,Grade 1,*,1,Walking,4,School too far away,_missing_,3,2,0,1,15, , , 
12,1-2,12,PSU_RECODED_897,Grade 1,*,1,Walking,5,School too far away,_missing_,9,8,0,1,15, , , 
12,1-2,12,PSU_RECODED_897,Grade 7,*,1,Walking,4,School too far away,_missing_,11,10,0,3,5, , , 
13,1-2,1,PSU_RECODED_OTHER,Grade 4,*,1,Walking,2,School too far away,_missing_,7,6,5,5,30, , , 
13,1-2,1,PSU_RECODED_OTHER,Grade 4,*,1,Walking,3,School too far away,_missing_,3,2,5,5,30, , , 
13,1-2,1,PSU_RECODED_254,Grade 4,*,1,Walking,3,House keeping / Family business,_missing_, , , , , , ,8,2017
13,1-2,1,PSU_RECODED_254,Grade 4,*,1,Walking,4,School too far away,_missing_,10,9,28,7,90, , , 
13,1-2,1,PSU_RECODED_OTHER,Grade 1,*,1,Walking,3,House keeping / Family business,_missing_, , , , , , ,8,2018
13,1-2,1,PSU_RECODED_OTHER,Grade 1,*,1,Walking,4,House keeping / Family business,_missing_, , , , , , ,7,2018
13,1-2,1,PSU_RECODED_453,Grade 4,*,1,Walking,6,School too far away,_missing_,4,3,2,5,10, , , 
13,1-2,1,PSU_RECODED_453,Grade 10,*,1,Walking,3,School too far away,_missing_,2,1,2,5,10, , , 
13,1-2,1,PSU_RECODED_OTHER,Grade 7,*,1,Walking,3,School too far away,_missing_,3,2,1,3,5, , , 
13,1-2,2,PSU_RECODED_160,Grade 3,*,1,Walking,3,House keeping / Family business,_missing_, , , , , , ,7, 
13,1-2,2,PSU_RECODED_160,Grade 3,*,1,Walking,4,School too far away,_missing_,7,6,5,5,40, , , 
13,1-2,2,PSU_RECODED_160,Grade 3,*,1,Walking,5,School too far away,_missing_,3,2,1,1,15, , , 
13,1-2,2,PSU_RECODED_160,Grade 8,*,1,Walking,3,House keeping / Family business,_missing_, , , , , , ,8,2018
13,1-2,2,PSU_RECODED_160,Grade 8,*,1,Walking,4,School too far away,_missing_,11,10,7,6,45, , , 
13,1-2,2,PSU_RECODED_9,Grade 2,*,1,Walking,4,School too far away,_missing_,9,8,2,3,20, , , 
13,1-2,2,PSU_RECODED_233,Grade 5,*,1,Walking,3,House keeping / Family business,_missing_, , , , , , ,9,2018
13,1-2,2,PSU_RECODED_233,Grade 5,*,1,Walking,4,House keeping / Family business,_missing_, , , , , , ,2,2018
13,1-2,2,PSU_RECODED_99,Grade 3,*,1,Walking,3,School too far away,_missing_,11,10,3,3,12, , , 
13,1-2,2,PSU_RECODED_99,Grade 3,*,1,Walking,4,School too far away,_missing_,6,5,3,3,14, , , 
13,1-2,2,PSU_RECODED_99,Grade 9,*,1,Walking,5,School too far away,_missing_,1,19,2,3,10, , , 
13,1-2,3,PSU_RECODED_659,Grade 8,*,1,Walking,3,School too far away,_missing_,13,12,2,2,10, , , 
13,1-2,3,PSU_RECODED_659,Grade 8,*,1,Walking,4,School too far away,_missing_,3,2,0,1,5, , , 
13,1-2,3,PSU_RECODED_816,Grade 8,*,1,Walking,4,School too far away,_missing_,1,19,1,1,15, , , 
13,1-2,3,PSU_RECODED_OTHER,Grade 5,*,1,Walking,3,School too far away,_missing_,13,12,7,6,20, , , 
13,1-2,3,PSU_RECODED_OTHER,Grade 5,*,1,Walking,4,School too far away,_missing_,9,8,7,6,20, , , 
13,1-2,4,PSU_RECODED_131,Grade 4,*,1,Walking,3,School too far away,_missing_,6,5,6,5,20, , , 
13,1-2,3,PSU_RECODED_404,Grade 4,*,1,Walking,3,House keeping / Family business,_missing_, , , , , , ,7, 
13,1-2,3,PSU_RECODED_404,Grade 4,*,1,Walking,4,School too far away,_missing_,8,6,7,5,25, , , 
13,1-2,3,PSU_RECODED_404,Grade 4,*,1,Walking,5,School too far away,_missing_,4,2,3,5,25, , , 
13,1-2,3,PSU_RECODED_404,Grade 10,*,1,Walking,3,School too far away,_missing_,12,11,2,2,15, , , 
13,1-2,3,PSU_RECODED_404,Grade 10,*,1,Walking,4,School too far away,_missing_,7,6,2,6,25, , , 
13,1-2,3,PSU_RECODED_404,Grade 10,*,1,Walking,5,School too far away,_missing_,3,2,2,6,25, , , 
13,1,4,PSU_RECODED_152,Grade 1,*,1,Walking,4,School too far away,_missing_,12,11,1,1,15, , , 
13,1,4,PSU_RECODED_152,Grade 1,*,1,Walking,5,School too far away,_missing_,10,9,1,1,15, , , 
13,1,4,PSU_RECODED_152,Grade 1,*,1,Walking,6,School too far away,_missing_,8,7,1,1,15, , , 
13,1,4,PSU_RECODED_152,Grade 1,*,1,Walking,7,School too far away,_missing_,4,3,1,1,15, , , 
13,1,4,PSU_RECODED_152,Grade 6,*,1,Walking,4,School too far away,_missing_,3,2,1,3,5, , , 
13,1-2,4,PSU_RECODED_54,Grade 1,*,1,Walking,5,School too far away,_missing_,13,12,15,6,90, , , 
13,1-2,4,PSU_RECODED_54,Grade 5,*,1,Walking,3,School too far away,_missing_,2,1,3,3,15, , , 
13,1-2,5,PSU_RECODED_OTHER,Grade 8,*,1,Walking,5,School too far away,_missing_,5,4,2,3,10, , , 
13,1-2,5,PSU_RECODED_OTHER,Grade 8,*,1,Walking,6,School too far away,_missing_,2,1,2,3,10, , , 
13,1-2,4,PSU_RECODED_673,Grade 5,*,1,Walking,3,School too far away,_missing_,13,12,23,6,60, , , 
13,1-2,4,PSU_RECODED_673,Grade 5,*,1,Walking,4,School too far away,_missing_,10,9,0,1,10, , , 
13,1-2,4,PSU_RECODED_673,Grade 10,*,1,Walking,3,School too far away,_missing_,4,3,0,2,10, , , 
13,1-2,5,PSU_RECODED_628,Grade 3,*,1,Walking,3,School too far away,_missing_,5,4,1,5,30, , , 
13,1-2,5,PSU_RECODED_628,Grade 3,*,1,Walking,4,School too far away,_missing_,3,2,1,5,30, , , 
13,1-2,5,PSU_RECODED_628,Grade 9,*,1,Walking,5,School too far away,_missing_,3,2,3,5,35, , , 
13,1-2,5,PSU_RECODED_628,Grade 9,*,1,Walking,6,School too far away,_missing_,2,1,3,5,35, , , 
13,1-2,5,PSU_RECODED_OTHER,Grade 4,*,1,Walking,6,School too far away,_missing_,12,11,0,1,15, , , 
13,1-2,5,PSU_RECODED_625,Grade 7,*,1,Walking,4,School too far away,_missing_,1,19,5,3,20, , , 
13,1-2,5,PSU_RECODED_420,Grade 4,*,1,Walking,3,House keeping / Family business,_missing_, , , , , , ,6,2015
13,1-2,5,PSU_RECODED_420,Grade 4,*,1,Walking,4,House keeping / Family business,_missing_, , , , , , ,5,2015
13,1-2,6,PSU_RECODED_422,Grade 1,*,1,Walking,3,School too far away,_missing_,3,2,14,5,45, , , 
13,1-2,6,PSU_RECODED_422,Grade 5,*,1,Walking,3,School too far away,_missing_,6,5,0,1,5, , , 
13,1-2,6,PSU_RECODED_422,Grade 5,*,1,Walking,4,School too far away,_missing_,4,3,0,1,5, , , 
13,1-2,5,PSU_RECODED_104,Grade 8,*,1,Walking,3,School too far away,_missing_,13,12,0,1,10, , , 
13,1,6,PSU_RECODED_852,Grade 3,*,1,Walking,3,School too far away,_missing_,12,11,0,1,10, , , 
13,1,6,PSU_RECODED_852,Grade 3,*,1,Walking,4,School too far away,_missing_,11,10,0,1,10, , , 
13,1,6,PSU_RECODED_852,Grade 3,*,1,Walking,5,School too far away,_missing_,9,8,0,1,10, , , 
13,1,6,PSU_RECODED_852,Grade 3,*,1,Walking,6,School too far away,_missing_,1,19,0,1,10, , , 
13,1-2,6,PSU_RECODED_254,Grade 10,*,1,Walking,4,School too far away,_missing_,10,9,7,6,25, , , 
13,1-2,6,PSU_RECODED_227,Grade 8,*,1,Walking,5,School too far away,_missing_,13,12,20,6,120, , , 
13,1-2,7,PSU_RECODED_OTHER,Grade 6,*,1,Walking,4,School too far away,_missing_,12,11,7,6,60, , , 
13,1-2,6,PSU_RECODED_510,Grade 5,*,1,Walking,2,School too far away,_missing_,5,4,2,3,15, , , 
13,1-2,6,PSU_RECODED_510,Grade 5,*,1,Walking,3,School too far away,_missing_,4,3,2,3,15, , , 
13,1-2,6,PSU_RECODED_510,Grade 10,*,1,Walking,3,School too far away,_missing_,3,2,2,3,20, , , 
13,1-2,6,PSU_RECODED_510,Grade 10,*,1,Walking,4,Financial problems,_missing_, , , , , ,7, , 
13,1-2,7,PSU_RECODED_473,Grade 10,*,1,Walking,3,School too far away,_missing_,8,7,6,6,35, , , 
13,1-2,8,PSU_RECODED_99,Grade 4,*,1,Walking,5,House keeping / Family business,_missing_, , , , , , ,6,2017
13,1-2,8,PSU_RECODED_99,Grade 4,*,1,Walking,6,School too far away,_missing_,5,4,1,3,10, , , 
13,1-2,7,PSU_RECODED_OTHER,Grade 9,*,1,Walking,4,House keeping / Family business,_missing_, , , , , , ,9,2016
13,1-2,7,PSU_RECODED_OTHER,Grade 9,*,1,Walking,5,School too far away,_missing_,6,5,0,1,10, , , 
13,1-2,1,PSU_RECODED_OTHER,Grade 4,*,1,Walking,3,School too far away,_missing_,12,11,4,3,20, , , 
13,1-2,1,PSU_RECODED_OTHER,Grade 4,*,1,Walking,4,School too far away,_missing_,11,10,3,3,15, , , 
13,1-2,7,PSU_RECODED_896,Grade 2,*,1,Walking,2,School too far away,_missing_,9,8,0,1,10, , , 
13,1-2,7,PSU_RECODED_896,Grade 2,*,1,Walking,3,School too far away,_missing_,2,1,0,1,10, , , 
13,1-2,8,PSU_RECODED_878,Grade 3,*,1,Walking,6,Financial problems,_missing_, , , , , ,9, , 
13,1-2,8,PSU_RECODED_878,Grade 8,*,1,Walking,5,School too far away,_missing_,3,2,2,1,20, , , 
13,1-2,8,PSU_RECODED_338,Grade 10,*,1,Walking,4,School too far away,_missing_,7,6,7,6,25, , , 
13,1-2,8,PSU_RECODED_338,Grade 10,*,1,Walking,5,School too far away,_missing_,5,4,7,6,25, , , 
13,1-2,9,PSU_RECODED_OTHER,Grade 5,*,1,Walking,2,House keeping / Family business,_missing_, , , , , , ,99,2015
13,1-2,9,PSU_RECODED_OTHER,Grade 10,*,1,Walking,4,School too far away,_missing_,13,12,1,3,10, , , 
13,1-2,9,PSU_RECODED_OTHER,Grade 10,*,1,Walking,5,School too far away,_missing_,10,9,1,1,15, , , 
13,1-2,9,PSU_RECODED_OTHER,Grade 10,*,1,Walking,6,School too far away,_missing_,2,1,1,3,10, , , 
13,1-2,9,PSU_RECODED_822,Grade 7,*,1,Walking,3,School too far away,_missing_,6,5,1,1,15, , , 
13,1-2,2,PSU_RECODED_OTHER,Grade 2,*,1,Walking,5,School too far away,_missing_,2,1,3,5,10, , , 
13,1,9,PSU_RECODED_720,Grade 6,*,1,Walking,4,School too far away,_missing_,13,12,1,1,20, , , 
13,1,9,PSU_RECODED_720,Grade 10,*,1,Walking,5,School too far away,_missing_,10,9,2,3,20, , , 
13,1,9,PSU_RECODED_720,Grade 10,*,1,Walking,6,School too far away,_missing_,5,4,2,3,20, , , 
13,1-2,9,PSU_RECODED_OTHER,Grade 3,*,1,Walking,3,School too far away,_missing_,4,3,7,4,30, , , 
13,1-2,9,PSU_RECODED_OTHER,Grade 3,*,1,Walking,4,School too far away,_missing_,2,1,7,4,30, , , 
13,1-2,2,PSU_RECODED_161,Grade 6,*,1,Walking,3,House keeping / Family business,_missing_, , , , , , ,6,2018
13,1-2,9,PSU_RECODED_580,Grade 1,*,1,Walking,4,School too far away,_missing_,12,11,5,6,20, , , 
13,1-2,9,PSU_RECODED_580,Grade 1,*,1,Walking,5,School too far away,_missing_,9,8,5,6,20, , , 
13,1-2,9,PSU_RECODED_580,Grade 1,*,1,Walking,6,Financial problems,_missing_, , , , , ,7, , 
13,1-2,9,PSU_RECODED_580,Grade 6,*,1,Walking,2,School too far away,_missing_,5,4,1,3,5, , , 
13,1-2,9,PSU_RECODED_OTHER,Grade 2,*,1,Walking,5,School too far away,_missing_,1,19,10,3,20, , , 
13,1-2,9,PSU_RECODED_OTHER,Grade 6,*,1,Walking,5,Financial problems,_missing_, , , , , ,7, , 
13,1-2,2,PSU_RECODED_398,Grade 5,*,1,Walking,3,School too far away,_missing_,11,10,4,5,15, , , 
13,1-2,2,PSU_RECODED_398,Grade 9,*,1,Walking,2,School too far away,_missing_,8,7,4,5,15, , , 
13,1-2,3,PSU_RECODED_277,Grade 3,*,1,Walking,3,School too far away,_missing_,7,6,17,5,120, , , 
13,1-2,3,PSU_RECODED_277,Grade 3,*,1,Walking,4,School too far away,_missing_,4,3,17,5,120, , , 
13,1-2,3,PSU_RECODED_277,Grade 9,*,1,Walking,3,School too far away,_missing_,10,9,3,3,10, , , 
13,1-2,3,PSU_RECODED_277,Grade 9,*,1,Walking,4,School too far away,_missing_,4,3,3,3,10, , , 
13,1-2,10,PSU_RECODED_816,Grade 3,*,1,Walking,3,School too far away,_missing_,11,10,6,6,30, , , 
13,1-2,10,PSU_RECODED_816,Grade 3,*,1,Walking,4,School too far away,_missing_,9,8,6,6,30, , , 
13,1-2,10,PSU_RECODED_816,Grade 3,*,1,Walking,5,School too far away,_missing_,4,3,6,6,30, , , 
13,1-2,3,PSU_RECODED_OTHER,Grade 7,*,1,Walking,4,School too far away,_missing_,1,19,0,1,10, , , 
13,1-2,10,PSU_RECODED_896,Grade 2,*,1,Walking,4,School too far away,_missing_,13,12,0,1,10, , , 
13,1-2,10,PSU_RECODED_896,Grade 2,*,1,Walking,5,School too far away,_missing_,11,10,0,1,10, , , 
13,1-2,10,PSU_RECODED_896,Grade 2,*,1,Walking,6,School too far away,_missing_,2,1,0,1,10, , , 
13,1-2,3,PSU_RECODED_392,Grade 2,*,1,Walking,4,House keeping / Family business,_missing_, , , , , , ,9,2017
13,1-2,3,PSU_RECODED_392,Grade 2,*,1,Walking,5,School too far away,_missing_,2,1,0,1,5, , , 
13,1-2,3,PSU_RECODED_392,Grade 6,*,1,Walking,3,House keeping / Family business,_missing_, , , , , , ,7,2018
13,1-2,3,PSU_RECODED_392,Grade 6,*,1,Walking,4,School too far away,_missing_,8,7,3,2,1, , , 
13,1-2,10,PSU_RECODED_135,Grade 1,*,1,Walking,7,School too far away,_missing_,6,5,2,3,10, , , 
13,1-2,10,PSU_RECODED_135,Grade 1,*,1,Walking,8,Financial problems,_missing_, , , , , ,7, , 
13,1-2,10,PSU_RECODED_135,Grade 7,*,1,Walking,4,School too far away,_missing_,13,12,10,6,30, , , 
13,1-2,10,PSU_RECODED_135,Grade 7,*,1,Walking,5,School too far away,_missing_,11,10,3,6,15, , , 
13,1-2,4,PSU_RECODED_195,Grade 1,*,1,Walking,3,School too far away,_missing_,11,10,8,6,60, , , 
13,1-2,4,PSU_RECODED_195,Grade 7,*,1,Walking,5,School too far away,_missing_,11,10,2,3,15, , , 
13,1-2,11,PSU_RECODED_401,Grade 5,*,1,Walking,4,School too far away,_missing_,10,9,4,6,15, , , 
13,1-2,10,PSU_RECODED_640,Grade 5,*,1,Walking,3,School too far away,_missing_,11,10,6,6,25, , , 
13,1-2,10,PSU_RECODED_640,Grade 5,*,1,Walking,4,School too far away,_missing_,7,6,6,6,25, , , 
13,1-2,11,PSU_RECODED_OTHER,Grade 1,*,1,Walking,4,House keeping / Family business,_missing_, , , , , , ,8,2018
13,1-2,4,PSU_RECODED_688,Grade 7,*,1,Walking,4,School too far away,_missing_,13,12,0,1,5, , , 
13,1-2,4,PSU_RECODED_688,Grade 7,*,1,Walking,5,School too far away,_missing_,10,9,0,1,5, , , 
13,1-2,12,PSU_RECODED_460,Grade 1,*,1,Walking,3,School too far away,_missing_,7,6,0,1,8, , , 
13,1-2,12,PSU_RECODED_460,Grade 1,*,1,Walking,4,School too far away,_missing_,6,5,0,1,8, , , 
13,1-2,12,PSU_RECODED_460,Grade 1,*,1,Walking,5,Financial problems,_missing_, , , , , ,7, , 
13,1-2,11,PSU_RECODED_883,Grade 4,*,1,Walking,4,House keeping / Family business,_missing_, , , , , , ,2,2019
13,1,5,PSU_RECODED_OTHER,Grade 1,*,1,Walking,3,School too far away,_missing_,11,10,0,1,10, , , 
13,1,5,PSU_RECODED_OTHER,Grade 1,*,1,Walking,4,School too far away,_missing_,10,9,0,1,10, , , 
13,1-2,12,PSU_RECODED_OTHER,Grade 4,*,1,Walking,4,School too far away,_missing_,7,6,1,5,5, , , 
13,1-2,12,PSU_RECODED_OTHER,Grade 8,*,1,Walking,3,School too far away,_missing_,11,10,1,5,15, , , 
13,1-2,11,PSU_RECODED_22,Grade 3,*,1,Walking,3,School too far away,_missing_,10,9,3,6,35, , , 
13,1-2,11,PSU_RECODED_22,Grade 3,*,1,Walking,4,School too far away,_missing_,7,6,0,1,15, , , 
13,1-2,11,PSU_RECODED_22,Grade 3,*,1,Walking,5,School too far away,_missing_,3,2,0,1,15, , , 
13,1-2,5,PSU_RECODED_750,Grade 3,*,1,Walking,3,School too far away,_missing_,10,9,3,1,30, , , 
13,1-2,5,PSU_RECODED_750,Grade 3,*,1,Walking,4,School too far away,_missing_,7,6,3,1,30, , , 
13,1-2,5,PSU_RECODED_750,Grade 3,*,1,Walking,5,School too far away,_missing_,3,2,3,1,30, , , 
13,1-2,5,PSU_RECODED_750,Grade 3,*,1,Walking,6,School too far away,_missing_,1,19,3,1,30, , , 
13,1-2,5,PSU_RECODED_750,Grade 7,*,1,Walking,3,School too far away,_missing_,3,2,0,1,5, , , 
13,1-2,5,PSU_RECODED_750,Grade 7,*,1,Walking,4,Financial problems,_missing_, , , , , ,7, , 
13,1-2,12,PSU_RECODED_670,Grade 3,*,1,Walking,4,School too far away,_missing_,9,8,7,6,50, , , 
13,1-2,12,PSU_RECODED_670,Grade 7,*,1,Walking,5,School too far away,_missing_,2,1,3,5,20, , , 
13,1-2,12,PSU_RECODED_OTHER,Grade 5,*,1,Walking,5,School too far away,_missing_,10,9,50,5,90, , , 
13,1-2,12,PSU_RECODED_OTHER,Grade 2,*,1,Walking,3,School too far away,_missing_,9,8,22,5,60, , , 
13,1-2,5,PSU_RECODED_365,Grade 4,*,1,Walking,4,School too far away,_missing_,6,5,2,5,30, , , 
13,1-2,12,PSU_RECODED_563,Grade 1,*,1,Walking,3,School too far away,_missing_,13,12,2,6,20, , , 
13,1-2,12,PSU_RECODED_563,Grade 1,*,1,Walking,4,School too far away,_missing_,12,11,2,6,20, , , 
13,1-2,12,PSU_RECODED_563,Grade 5,*,1,Walking,3,School too far away,_missing_,13,12,2,1,25, , , 
13,1-2,12,PSU_RECODED_563,Grade 9,*,1,Walking,4,House keeping / Family business,_missing_, , , , , , ,6,2017
13,1-2,12,PSU_RECODED_563,Grade 9,*,1,Walking,5,School too far away,_missing_,9,8,2,1,20, , , 
13,1-2,6,PSU_RECODED_438,Grade 3,*,1,Walking,3,School too far away,_missing_,13,12,25,6,60, , , 
13,1-2,6,PSU_RECODED_438,Grade 3,*,1,Walking,4,School too far away,_missing_,9,8,9,3,20, , , 
13,1-2,1,PSU_RECODED_776,Grade 1,*,1,Walking,3,School too far away,_missing_,11,10,8,6,30, , , 
13,1-2,1,PSU_RECODED_776,Grade 1,*,1,Walking,4,School too far away,_missing_,3,2,3,6,10, , , 
13,1-2,6,PSU_RECODED_283,Grade 1,*,1,Walking,4,School too far away,_missing_,11,10,4,6,30, , , 
13,1-2,6,PSU_RECODED_283,Grade 1,*,1,Walking,5,School too far away,_missing_,8,7,4,6,30, , , 
13,1-2,6,PSU_RECODED_27,Grade 1,*,1,Walking,3,School too far away,_missing_,4,3,1,1,10, , , 
13,1-2,1,PSU_RECODED_OTHER,Grade 5,*,1,Walking,4,School too far away,_missing_,8,7,1,1,10, , , 
13,1-2,1,PSU_RECODED_OTHER,Grade 9,*,1,Walking,5,House keeping / Family business,_missing_, , , , , , ,7, 
13,1-2,2,PSU_RECODED_277,Grade 1,*,1,Walking,4,House keeping / Family business,_missing_, , , , , , ,7, 
13,1-2,2,PSU_RECODED_277,Grade 6,*,1,Walking,3,School too far away,_missing_,5,4,3,2,10, , , 
13,1-2,7,PSU_RECODED_798,Grade 2,*,1,Walking,3,School too far away,_missing_,13,12,15,6,45, , , 
13,1-2,7,PSU_RECODED_798,Grade 2,*,1,Walking,4,School too far away,_missing_,12,11,15,6,45, , , 
13,1-2,7,PSU_RECODED_798,Grade 2,*,1,Walking,5,School too far away,_missing_,8,7,3,6,15, , , 
13,1-2,2,PSU_RECODED_OTHER,Grade 6,*,1,Walking,4,School too far away,_missing_,10,9,5,6,30, , , 
13,1-2,2,PSU_RECODED_OTHER,Grade 3,*,1,Walking,3,House keeping / Family business,_missing_, , , , , , ,2,2016
13,1-2,2,PSU_RECODED_OTHER,Grade 9,*,1,Walking,3,School too far away,_missing_,11,10,3,6,15, , , 
13,1-2,2,PSU_RECODED_OTHER,Grade 9,*,1,Walking,4,School too far away,_missing_,6,5,5,5,15, , , 
13,1-2,8,PSU_RECODED_879,Grade 3,*,1,Walking,4,School too far away,_missing_,11,10,7,3,10, , , 
13,1-2,8,PSU_RECODED_879,Grade 9,*,1,Walking,3,School too far away,_missing_,8,7,2,5,10, , , 
13,1-2,8,PSU_RECODED_879,Grade 9,*,1,Walking,4,School too far away,_missing_,1,19,0,5,10, , , 
13,1-2,3,PSU_RECODED_OTHER,Grade 4,*,1,Walking,3,School too far away,_missing_,13,12,16,2,90, , , 
13,1-2,8,PSU_RECODED_453,Grade 1,*,1,Walking,2,House keeping / Family business,_missing_, , , , , , ,7, 
13,1-2,8,PSU_RECODED_453,Grade 7,*,1,Walking,3,School too far away,_missing_,13,12,7,6,30, , , 
13,1-2,8,PSU_RECODED_453,Grade 7,*,1,Walking,4,School too far away,_missing_,8,7,7,5,30, , , 
13,1-2,3,PSU_RECODED_829,Grade 1,*,1,Walking,3,School too far away,_missing_,7,6,0,2,5, , , 
13,1-2,3,PSU_RECODED_829,Grade 1,*,1,Walking,4,School too far away,_missing_,8,7,0,3,4, , , 
13,1-2,3,PSU_RECODED_829,Grade 7,*,1,Walking,3,School too far away,_missing_,9,8,3,2,12, , , 
13,1-2,3,PSU_RECODED_829,Grade 7,*,1,Walking,4,School too far away,_missing_,8,7,3,2,12, , , 
13,1-2,3,PSU_RECODED_829,Grade 7,*,1,Walking,5,School too far away,_missing_,6,5,3,5,10, , , 
13,1-2,3,PSU_RECODED_829,Grade 7,*,1,Walking,6,School too far away,_missing_,2,1,3,5,10, , , 
13,1-2,8,PSU_RECODED_816,Grade 6,*,1,Walking,3,School too far away,_missing_,2,1,1,6,10, , , 
13,1-2,4,PSU_RECODED_659,Grade 6,*,1,Walking,4,School too far away,_missing_,10,9,3,5,30, , , 
13,1-2,4,PSU_RECODED_659,Grade 6,*,1,Walking,5,School too far away,_missing_,3,2,3,5,30, , , 
13,1-2,9,PSU_RECODED_516,Grade 1,*,1,Walking,3,School too far away,_missing_,8,7,1,5,20, , , 
13,1-2,9,PSU_RECODED_516,Grade 9,*,1,Walking,3,School too far away,_missing_,2,1,0,1,25, , , 
13,1-2,4,PSU_RECODED_547,Grade 3,*,1,Walking,3,House keeping / Family business,_missing_, , , , , , ,8,2018
13,1-2,4,PSU_RECODED_547,Grade 3,*,1,Walking,4,School too far away,_missing_,12,11,12,5,45, , , 
13,1-2,4,PSU_RECODED_547,Grade 9,*,1,Walking,4,School too far away,_missing_,12,11,36,6,180, , , 
13,1-2,4,PSU_RECODED_547,Grade 9,*,1,Walking,5,School too far away,_missing_,8,7,12,5,120, , , 
13,1-2,9,PSU_RECODED_192,Grade 4,*,1,Walking,2,School too far away,_missing_,11,10,1,1,10, , , 
13,1-2,9,PSU_RECODED_192,Grade 4,*,1,Walking,3,School too far away,_missing_,6,5,7,3,25, , , 
13,1-2,9,PSU_RECODED_192,Grade 9,*,1,Walking,5,School too far away,_missing_,13,12,5,6,30, , , 
13,1-2,4,PSU_RECODED_OTHER,Grade 3,*,1,Walking,4,School too far away,_missing_,10,9,6,5,20, , , 
13,1-2,10,PSU_RECODED_512,Grade 7,*,1,Walking,3,School too far away,_missing_,1,19,6,5,20, , , 
13,1-2,5,PSU_RECODED_17,Grade 7,*,1,Walking,4,School too far away,_missing_,13,12,3,6,30, , , 
13,1-2,10,PSU_RECODED_172,Grade 8,*,1,Walking,5,School too far away,_missing_,2,1,0,1,2, , , 
13,1-2,5,PSU_RECODED_220,Grade 7,*,1,Walking,3,School too far away,_missing_,8,7,4,5,30, , , 
13,1-2,5,PSU_RECODED_220,Grade 7,*,1,Walking,4,School too far away,_missing_,2,1,2,5,10, , , 
13,1-2,11,PSU_RECODED_OTHER,Grade 2,*,1,Walking,3,Financial problems,_missing_, , , , , ,7, , 
13,1-2,6,PSU_RECODED_477,Grade 2,*,1,Walking,5,School too far away,_missing_,9,8,1,5,20, , , 
13,1-2,6,PSU_RECODED_477,Grade 2,*,1,Walking,6,School too far away,_missing_,9,8,1,5,20, , , 
13,1-2,11,PSU_RECODED_OTHER,Grade 4,*,1,Walking,6,School too far away,_missing_,12,11,40,6,90, , , 
13,1-2,11,PSU_RECODED_OTHER,Grade 4,*,1,Walking,7,School too far away,_missing_,12,11,40,6,90, , , 
13,1-2,11,PSU_RECODED_OTHER,Grade 4,*,1,Walking,8,School too far away,_missing_,10,9,40,6,90, , , 
13,1-2,6,PSU_RECODED_373,Grade 3,*,1,Walking,5,School too far away,_missing_,3,2,2,3,10, , , 
13,1-2,6,PSU_RECODED_373,Grade 8,*,1,Walking,5,School too far away,_missing_,1,19,1,3,10, , , 
13,1-2,11,PSU_RECODED_518,Grade 3,*,1,Walking,3,School too far away,_missing_,7,6,9,3,20, , , 
13,1-2,11,PSU_RECODED_518,Grade 9,*,1,Walking,2,School too far away,_missing_,7,6,0,1,10, , , 
13,1-2,11,PSU_RECODED_518,Grade 9,*,1,Walking,3,School too far away,_missing_,3,2,0,1,10, , , 
13,1-2,12,PSU_RECODED_99,Grade 1,*,1,Walking,3,School too far away,_missing_,10,9,3,5,30, , , 
13,1-2,12,PSU_RECODED_99,Grade 1,*,1,Walking,4,School too far away,_missing_,6,5,3,5,30, , , 
13,1-2,7,PSU_RECODED_OTHER,Grade 9,*,1,Walking,3,School too far away,_missing_,10,9,20,6,60, , , 
13,1,12,PSU_RECODED_OTHER,Grade 1,*,1,Walking,3,Financial problems,_missing_, , , , , ,7, , 
13,1-2,12,PSU_RECODED_OTHER,Grade 10,*,1,Walking,3,School too far away,_missing_,4,3,6,6,30, , , 
13,1-2,7,PSU_RECODED_280,Grade 10,*,1,Walking,3,House keeping / Family business,_missing_, , , , , , ,2,2018
13,1-2,7,PSU_RECODED_280,Grade 10,*,1,Walking,4,School too far away,_missing_,7,6,2,6,20, , , 
13,1-2,8,PSU_RECODED_349,Grade 4,*,1,Walking,5,School too far away,_missing_,5,4,2,5,20, , , 
13,1-2,8,PSU_RECODED_349,Grade 4,*,1,Walking,6,School too far away,_missing_,3,2,2,5,25, , , 
13,1-2,8,PSU_RECODED_497,Grade 1,*,1,Walking,4,School too far away,_missing_,13,12,8,6,45, , , 
13,1-2,8,PSU_RECODED_497,Grade 6,*,1,Walking,4,School too far away,_missing_,12,11,1,1,30, , , 
13,1-2,8,PSU_RECODED_497,Grade 6,*,1,Walking,5,School too far away,_missing_,8,7,1,1,30, , , 
13,1-2,9,PSU_RECODED_302,Grade 1,*,1,Walking,4,School too far away,_missing_,8,7,0,6,15, , , 
13,1-2,9,PSU_RECODED_OTHER,Grade 10,*,1,Walking,2,School too far away,_missing_,10,9,0,1,5, , , 
13,1-2,9,PSU_RECODED_607,Grade 2,*,1,Walking,3,School too far away,_missing_,6,5,3,6,30, , , 
13,1-2,9,PSU_RECODED_607,Grade 2,*,1,Walking,4,School too far away,_missing_,5,4,3,6,30, , , 
13,1-2,10,PSU_RECODED_99,Grade 3,*,1,Walking,3,School too far away,_missing_,11,10,1,3,10, , , 
13,1-2,10,PSU_RECODED_99,Grade 3,*,1,Walking,4,School too far away,_missing_,6,5,1,3,10, , , 
13,1-2,10,PSU_RECODED_99,Grade 3,*,1,Walking,5,School too far away,_missing_,1,19,1,3,10, , , 
13,1-2,10,PSU_RECODED_700,Grade 6,*,1,Walking,3,School too far away,_missing_,11,10,6,2,30, , , 
13,1-2,10,PSU_RECODED_116,Grade 2,*,1,Walking,7,School too far away,_missing_,3,2,0,1,5, , , 
13,1-2,10,PSU_RECODED_116,Grade 2,*,1,Walking,8,School too far away,_missing_,1,19,0,1,5, , , 
13,1-2,10,PSU_RECODED_116,Grade 9,*,1,Walking,4,School too far away,_missing_,12,11,3,6,10, , , 
13,1-2,10,PSU_RECODED_116,Grade 9,*,1,Walking,5,School too far away,_missing_,8,7,3,6,10, , , 
13,1-2,10,PSU_RECODED_116,Grade 9,*,1,Walking,6,School too far away,_missing_,5,4,2,5,10, , , 
13,1-2,11,PSU_RECODED_OTHER,Grade 5,*,1,Walking,3,School too far away,_missing_,5,4,3,5,35, , , 
13,1-2,11,PSU_RECODED_OTHER,Grade 5,*,1,Walking,4,School too far away,_missing_,1,19,3,2,20, , , 
13,1-2,11,PSU_RECODED_253,Grade 1,*,1,Walking,3,School too far away,_missing_,5,4,0,1,10, , , 
13,1-2,12,PSU_RECODED_161,Grade 8,*,1,Walking,4,School too far away,_missing_,6,5,1,1,15, , , 
13,1-2,12,PSU_RECODED_256,Grade 5,*,1,Walking,3,School too far away,_missing_,5,4,4,5,10, , , 
13,1-2,12,PSU_RECODED_256,Grade 5,*,1,Walking,4,School too far away,_missing_,3,2,4,5,10, , , 
13,1-2,12,PSU_RECODED_323,Grade 2,*,1,Walking,5,School too far away,_missing_,13,12,7,3,15, , , 
13,1-2,12,PSU_RECODED_323,Grade 9,*,1,Walking,3,School too far away,_missing_,2,1,1,2,15, , , 
21,1-2,1,PSU_RECODED_OTHER,Grade 9,*,1,Walking,3,School too far away,_missing_,11,10,7,5,50, , , 
21,1-2,1,PSU_RECODED_18,Grade 4,*,1,Walking,6,School too far away,_missing_,2,1,4,3,15, , , 
21,1-2,1,PSU_RECODED_18,Grade 4,*,1,Walking,7,School too far away,_missing_,4,3,4,3,15, , , 
21,1-2,1,PSU_RECODED_18,Grade 8,*,1,Walking,3,School too far away,_missing_,12,11,18,6,45, , , 
21,1-2,1,PSU_RECODED_793,Grade 2,*,1,Walking,4,House keeping / Family business,_missing_, , , , , , ,7, 
21,1-2,1,PSU_RECODED_793,Grade 2,*,1,Walking,5,School too far away,_missing_,8,7,5,6,45, , , 
21,1-2,1,PSU_RECODED_793,Grade 2,*,1,Walking,6,School too far away,_missing_,7,6,2,1,30, , , 
21,1-2,1,PSU_RECODED_793,Grade 6,*,1,Walking,4,School too far away,_missing_,13,12,2,1,40, , , 
21,1-2,1,PSU_RECODED_793,Grade 6,*,1,Walking,5,School too far away,_missing_,10,9,2,1,40, , , 
21,1-2,1,PSU_RECODED_793,Grade 10,*,1,Walking,3,House keeping / Family business,_missing_, , , , , , ,8,2018
21,1-2,1,PSU_RECODED_793,Grade 10,*,1,Walking,4,School too far away,_missing_,11,10,8,6,45, , , 
21,1-2,1,PSU_RECODED_793,Grade 10,*,1,Walking,5,School too far away,_missing_,7,6,8,6,45, , , 
21,1-2,2,PSU_RECODED_735,Grade 4,*,1,Walking,4,School too far away,_missing_,4,3,15,5,30, , , 
21,1-2,2,PSU_RECODED_735,Grade 4,*,1,Walking,5,School too far away,_missing_,1,19,15,5,30, , , 
21,1-2,2,PSU_RECODED_735,Grade 8,*,1,Walking,2,School too far away,_missing_,10,9,16,5,35, , , 
21,1-2,2,PSU_RECODED_735,Grade 8,*,1,Walking,3,School too far away,_missing_,6,5,16,5,35, , , 
21,1-2,1,PSU_RECODED_566,Grade 2,*,1,Walking,3,House keeping / Family business,_missing_, , , , , , ,8,2018
21,1,2,PSU_RECODED_OTHER,Grade 3,*,1,Walking,3,School too far away,_missing_,4,3,2,3,10, , , 
21,1,2,PSU_RECODED_OTHER,Grade 3,*,1,Walking,4,School too far away,_missing_,2,1,0,3,5, , , 
21,1,1,PSU_RECODED_323,Grade 2,*,1,Walking,3,School too far away,_missing_,7,6,2,3,10, , , 
21,1,1,PSU_RECODED_323,Grade 2,*,1,Walking,4,School too far away,_missing_,4,3,2,3,10, , , 
21,1,1,PSU_RECODED_323,Grade 7,*,1,Walking,4,School too far away,_missing_,9,8,2,6,10, , , 
21,1-2,2,PSU_RECODED_872,Grade 10,*,1,Walking,5,School too far away,_missing_,1,19,0,1,5, , , 
21,1-2,2,PSU_RECODED_OTHER,Grade 5,*,1,Walking,2,School too far away,_missing_,10,9,0,1,10, , , 
21,1-2,2,PSU_RECODED_OTHER,Grade 5,*,1,Walking,3,School too far away,_missing_,7,6,0,1,10, , , 
21,1-2,2,PSU_RECODED_OTHER,Grade 10,*,1,Walking,3,School too far away,_missing_,7,6,0,1,10, , , 
21,1-2,2,PSU_RECODED_OTHER,Grade 10,*,1,Walking,4,School too far away,_missing_,2,1,5,6,30, , , 
21,1-2,3,PSU_RECODED_792,Grade 5,*,1,Walking,3,School too far away,_missing_,8,7,2,1,25, , , 
21,1-2,3,PSU_RECODED_792,Grade 5,*,1,Walking,4,School too far away,_missing_,4,3,2,1,25, , , 
21,1-2,2,PSU_RECODED_OTHER,Grade 5,*,2,Walking,3,School too far away,_missing_,5,4,6,5,20, , , 
21,1-2,3,PSU_RECODED_288,Grade 6,*,1,Walking,3,House keeping / Family business,_missing_, , , , , , ,6,2017
21,1-2,3,PSU_RECODED_288,Grade 6,*,1,Walking,4,School too far away,_missing_,8,7,1,1,15, , , 
21,1-2,3,PSU_RECODED_854,Grade 10,*,1,Walking,3,School too far away,_missing_,8,7,2,1,25, , , 
21,1-2,4,PSU_RECODED_663,Grade 5,*,1,Walking,3,School too far away,_missing_,4,3,0,1,15, , , 
21,1-2,4,PSU_RECODED_663,Grade 10,*,1,Walking,3,School too far away,_missing_,7,6,5,5,15, , , 
21,1-2,4,PSU_RECODED_663,Grade 10,*,1,Walking,4,School too far away,_missing_,3,2,5,5,15, , , 
21,1-2,4,PSU_RECODED_663,Grade 10,*,1,Walking,5,School too far away,_missing_,1,19,4,3,10, , , 
21,1-2,4,PSU_RECODED_OTHER,Grade 3,*,1,Walking,3,School too far away,_missing_,12,11,10,5,40, , , 
21,1-2,4,PSU_RECODED_OTHER,Grade 3,*,1,Walking,4,School too far away,_missing_,7,6,9,5,30, , , 
21,1-2,4,PSU_RECODED_OTHER,Grade 9,*,1,Walking,6,School too far away,_missing_,2,1,5,3,30, , , 
21,1-2,3,PSU_RECODED_155,Grade 5,*,1,Walking,4,House keeping / Family business,_missing_, , , , , , ,2,2018
21,1-2,3,PSU_RECODED_155,Grade 5,*,1,Walking,5,School too far away,_missing_,11,10,2,1,20, , , 
21,1-2,3,PSU_RECODED_155,Grade 5,*,1,Walking,6,School too far away,_missing_,10,9,2,1,20, , , 
21,1-2,3,PSU_RECODED_155,Grade 5,*,1,Walking,7,School too far away,_missing_,7,6,2,1,20, , , 
21,1-2,3,PSU_RECODED_155,Grade 5,*,1,Walking,8,School too far away,_missing_,4,3,2,1,20, , , 
21,1-2,3,PSU_RECODED_155,Grade 5,*,1,Walking,9,School too far away,_missing_,1,19,2,1,20, , , 
21,1,4,PSU_RECODED_490,Grade 7,*,1,Walking,3,House keeping / Family business,_missing_, , , , , , ,8,2018
21,1-2,4,PSU_RECODED_386,Grade 4,*,1,Walking,3,School too far away,_missing_,7,6,2,3,25, , , 
21,1-2,4,PSU_RECODED_386,Grade 8,*,1,Walking,3,School too far away,_missing_,4,3,3,6,20, , , 
21,1-2,4,PSU_RECODED_386,Grade 8,*,1,Walking,4,Financial problems,_missing_, , , , , ,7, , 
21,1-2,5,PSU_RECODED_785,Grade 9,*,1,Walking,4,School too far away,_missing_,13,12,1,1,10, , , 
21,1-2,4,PSU_RECODED_104,Grade 5,*,1,Walking,3,School too far away,_missing_,8,7,0,1,4, , , 
21,1-2,4,PSU_RECODED_104,Grade 5,*,1,Walking,4,School too far away,_missing_,2,1,0,1,4, , , 
21,1-2,5,PSU_RECODED_393,Grade 3,*,1,Walking,4,School too far away,_missing_,12,11,21,5,90, , , 
21,1-2,5,PSU_RECODED_393,Grade 3,*,1,Walking,5,School too far away,_missing_,8,7,21,5,90, , , 
21,1-2,5,PSU_RECODED_393,Grade 8,*,1,Walking,5,School too far away,_missing_,7,6,7,3,15, , , 
21,1-2,5,PSU_RECODED_393,Grade 8,*,1,Walking,6,School too far away,_missing_,2,1,5,5,35, , , 
21,1-2,5,PSU_RECODED_OTHER,Grade 4,*,1,Walking,2,School too far away,_missing_,11,10,1,6,10, , , 
21,1-2,5,PSU_RECODED_OTHER,Grade 4,*,1,Walking,3,School too far away,_missing_,9,8,0,1,15, , , 
21,1-2,5,PSU_RECODED_OTHER,Grade 4,*,1,Walking,4,School too far away,_missing_,5,4,0,1,15, , , 
21,1-2,5,PSU_RECODED_OTHER,Grade 2,*,1,Walking,9,School too far away,_missing_,13,12,15,5,45, , , 
21,1-2,6,PSU_RECODED_OTHER,Grade 5,*,1,Walking,5,School too far away,_missing_,2,1,2,3,15, , , 
21,1-2,5,PSU_RECODED_39,Grade 6,*,1,Walking,5,School too far away,_missing_,13,12,1,1,20, , , 
21,1-2,5,PSU_RECODED_39,Grade 6,*,1,Walking,6,School too far away,_missing_,9,8,1,1,20, , , 
21,1-2,6,PSU_RECODED_477,Grade 6,*,1,Walking,3,School too far away,_missing_,9,8,8,2,20, , , 
21,1-2,6,PSU_RECODED_477,Grade 6,*,1,Walking,4,School too far away,_missing_,5,4,8,2,20, , , 
21,1-2,6,PSU_RECODED_477,Grade 6,*,1,Walking,5,School too far away,_missing_,1,19,8,2,20, , , 
21,1-2,6,PSU_RECODED_477,Grade 10,*,2,Walking,3,School too far away,_missing_,6,5,0,1,10, , , 
21,1-2,6,PSU_RECODED_477,Grade 10,*,2,Walking,4,School too far away,_missing_,3,2,1,2,20, , , 
21,1-2,6,PSU_RECODED_682,Grade 6,*,1,Walking,3,School too far away,_missing_,12,11,17,6,60, , , 
21,1-2,6,PSU_RECODED_682,Grade 6,*,1,Walking,4,School too far away,_missing_,7,6,3,3,10, , , 
21,1-2,7,PSU_RECODED_759,Grade 5,*,1,Walking,5,School too far away,_missing_,10,9,6,6,30, , , 
21,1-2,6,PSU_RECODED_OTHER,Grade 3,*,1,Walking,4,School too far away,_missing_,4,3,5,5,20, , , 
21,1-2,6,PSU_RECODED_OTHER,Grade 7,*,1,Walking,5,School too far away,_missing_,4,3,5,3,25, , , 
21,1,7,PSU_RECODED_867,Grade 3,*,1,Walking,3,Financial problems,_missing_, , , , , ,7, , 
21,1,7,PSU_RECODED_867,Grade 3,*,1,Walking,4,House keeping / Family business,_missing_, , , , , , ,2,2018
21,1,7,PSU_RECODED_867,Grade 3,*,1,Walking,5,School too far away,_missing_,5,4,2,6,15, , , 
21,1,7,PSU_RECODED_867,Grade 3,*,1,Walking,6,School too far away,_missing_,5,4,2,6,15, , , 
21,1,7,PSU_RECODED_867,Grade 7,*,2,Walking,2,School too far away,_missing_,8,7,4,6,30, , , 
21,1,7,PSU_RECODED_867,Grade 7,*,2,Walking,3,School too far away,_missing_,4,3,0,1,2, , , 
21,1-2,6,PSU_RECODED_OTHER,Grade 1,*,1,Walking,2,School too far away,_missing_,12,11,0,1,15, , , 
21,1-2,6,PSU_RECODED_OTHER,Grade 7,*,1,Walking,3,School too far away,_missing_,11,10,0,1,15, , , 
21,1-2,6,PSU_RECODED_OTHER,Grade 7,*,1,Walking,4,School too far away,_missing_,6,5,0,1,15, , , 
21,1-2,7,PSU_RECODED_408,Grade 1,*,1,Walking,3,School too far away,_missing_,2,1,2,6,30, , , 
21,1-2,7,PSU_RECODED_408,Grade 5,*,1,Walking,4,School too far away,_missing_,13,12,8,6,60, , , 
21,1-2,7,PSU_RECODED_408,Grade 9,*,1,Walking,3,School too far away,_missing_,5,4,0,1,15, , , 
21,1-2,7,PSU_RECODED_408,Grade 9,*,1,Walking,4,School too far away,_missing_,1,19,0,1,15, , , 
21,1-2,7,PSU_RECODED_525,Grade 1,*,1,Walking,5,Financial problems,_missing_, , , , , ,7, , 
21,1-2,7,PSU_RECODED_525,Grade 5,*,1,Walking,5,School too far away,_missing_,10,9,7,5,45, , , 
21,1-2,7,PSU_RECODED_525,Grade 5,*,1,Walking,6,School too far away,_missing_,7,6,7,5,45, , , 
21,1-2,7,PSU_RECODED_525,Grade 5,*,1,Walking,7,School too far away,_missing_,1,19,19,5,30, , , 
21,1-2,8,PSU_RECODED_828,Grade 1,*,1,Walking,2,School too far away,_missing_,3,2,2,5,25, , , 
21,1,7,PSU_RECODED_506,Grade 8,*,1,Walking,3,School too far away,_missing_,12,11,4,6,30, , , 
21,1,7,PSU_RECODED_506,Grade 8,*,1,Walking,4,School too far away,_missing_,9,8,4,6,60, , , 
21,1-2,8,PSU_RECODED_903,Grade 7,*,1,Walking,4,School too far away,_missing_,12,11,16,5,60, , , 
21,1-2,9,PSU_RECODED_825,Grade 8,*,1,Walking,2,School too far away,_missing_,13,12,10,6,45, , , 
21,1-2,9,PSU_RECODED_825,Grade 8,*,1,Walking,3,School too far away,_missing_,7,6,1,1,15, , , 
21,1-2,9,PSU_RECODED_825,Grade 8,*,1,Walking,4,School too far away,_missing_,1,19,12,6,60, , , 
21,1-2,8,PSU_RECODED_36,Grade 4,*,1,Walking,4,School too far away,_missing_,11,10,4,6,20, , , 
21,1-2,8,PSU_RECODED_36,Grade 4,*,1,Walking,5,School too far away,_missing_,6,5,4,6,20, , , 
21,1-2,9,PSU_RECODED_685,Grade 7,*,1,Walking,4,School too far away,_missing_,9,8,2,1,30, , , 
21,1-2,9,PSU_RECODED_685,Grade 7,*,1,Walking,5,School too far away,_missing_,2,1,2,3,10, , , 
21,1-2,8,PSU_RECODED_20,Grade 1,*,1,Walking,4,School too far away,_missing_,13,12,4,1,30, , , 
21,1-2,8,PSU_RECODED_20,Grade 1,*,1,Walking,5,School too far away,_missing_,9,8,4,6,20, , , 
21,1-2,8,PSU_RECODED_20,Grade 5,*,1,Walking,4,House keeping / Family business,_missing_, , , , , , ,99, 
21,1-2,8,PSU_RECODED_20,Grade 9,*,1,Walking,4,School too far away,_missing_,12,11,2,1,20, , , 
21,1-2,8,PSU_RECODED_20,Grade 9,*,1,Walking,5,School too far away,_missing_,3,2,4,5,20, , , 
21,1-2,1,PSU_RECODED_OTHER,Grade 4,*,1,Walking,3,School too far away,_missing_,13,12,6,6,20, , , 
21,1-2,9,PSU_RECODED_776,Grade 3,*,1,Walking,4,School too far away,_missing_,11,10,9,6,55, , , 
21,1-2,9,PSU_RECODED_776,Grade 3,*,1,Walking,5,School too far away,_missing_,7,6,9,6,55, , , 
21,1-2,9,PSU_RECODED_512,Grade 3,*,1,Walking,3,School too far away,_missing_,9,8,1,1,30, , , 
21,1-2,9,PSU_RECODED_512,Grade 3,*,1,Walking,4,School too far away,_missing_,6,5,1,1,30, , , 
21,1-2,9,PSU_RECODED_512,Grade 7,*,1,Walking,4,School too far away,_missing_,13,12,18,6,30, , , 
21,1-2,9,PSU_RECODED_512,Grade 7,*,1,Walking,5,School too far away,_missing_,13,12,3,6,10, , , 
21,1,1,PSU_RECODED_OTHER,Grade 4,*,1,Walking,3,School too far away,_missing_,13,12,22,6,90, , , 
21,1,1,PSU_RECODED_OTHER,Grade 4,*,1,Walking,4,School too far away,_missing_,11,10,20,6,90, , , 
21,1,1,PSU_RECODED_OTHER,Grade 4,*,1,Walking,5,School too far away,_missing_,4,3,1,1,10, , , 
21,1-2,10,PSU_RECODED_654,Grade 1,*,1,Walking,4,School too far away,_missing_,7,6,3,6,45, , , 
21,1-2,10,PSU_RECODED_654,Grade 1,*,1,Walking,5,House keeping / Family business,_missing_, , , , , , ,2,2018
21,1-2,10,PSU_RECODED_654,Grade 5,*,1,Walking,3,School too far away,_missing_,9,8,2,6,30, , , 
21,1-2,10,PSU_RECODED_654,Grade 5,*,1,Walking,4,School too far away,_missing_,5,4,2,6,30, , , 
21,1-2,10,PSU_RECODED_654,Grade 9,*,1,Walking,4,Financial problems,_missing_, , , , , ,7, , 
21,1-2,9,PSU_RECODED_883,Grade 4,*,1,Walking,3,School too far away,_missing_,5,4,4,3,10, , , 
21,1-2,9,PSU_RECODED_883,Grade 4,*,1,Walking,4,School too far away,_missing_,1,19,1,3,5, , , 
21,1-2,9,PSU_RECODED_883,Grade 8,*,1,Walking,3,School too far away,_missing_,12,11,7,2,30, , , 
21,1-2,9,PSU_RECODED_883,Grade 8,*,1,Walking,4,School too far away,_missing_,8,7,2,3,15, , , 
21,1-2,9,PSU_RECODED_883,Grade 8,*,1,Walking,5,School too far away,_missing_,6,5,2,3,15, , , 
21,1-2,1,PSU_RECODED_OTHER,Grade 5,*,1,Walking,3,School too far away,_missing_,4,3,1,5,10, , , 
21,1-2,10,PSU_RECODED_143,Grade 5,*,1,Walking,3,School too far away,_missing_,11,10,10,6,45, , , 
21,1-2,10,PSU_RECODED_143,Grade 5,*,1,Walking,4,School too far away,_missing_,9,8,10,6,45, , , 
21,1-2,10,PSU_RECODED_143,Grade 5,*,1,Walking,5,School too far away,_missing_,3,2,1,2,40, , , 
21,1-2,10,PSU_RECODED_OTHER,Grade 8,*,1,Walking,4,School too far away,_missing_,4,3,4,5,20, , , 
21,1-2,2,PSU_RECODED_354,Grade 3,*,1,Walking,2,House keeping / Family business,_missing_, , , , , , ,99,2015
21,1-2,2,PSU_RECODED_354,Grade 3,*,1,Walking,3,House keeping / Family business,_missing_, , , , , , ,99,2017
21,1-2,2,PSU_RECODED_354,Grade 3,*,1,Walking,4,School too far away,_missing_,2,1,8,5,35, , , 
21,1-2,2,PSU_RECODED_354,Grade 7,*,1,Walking,3,School too far away,_missing_,9,8,2,9,20, , , 
21,1-2,2,PSU_RECODED_354,Grade 7,*,1,Walking,4,School too far away,_missing_,6,5,0,1,20, , , 
21,1-2,2,PSU_RECODED_354,Grade 7,*,1,Walking,5,School too far away,_missing_,2,1,0,1,20, , , 
21,1,10,PSU_RECODED_834,Grade 2,*,1,Walking,3,House keeping / Family business,_missing_, , , , , , ,7, 
21,1,10,PSU_RECODED_834,Grade 2,*,1,Walking,4,School too far away,_missing_,11,10,2,6,20, , , 
21,1,10,PSU_RECODED_834,Grade 2,*,1,Walking,5,School too far away,_missing_,10,9,2,6,20, , , 
21,1,10,PSU_RECODED_834,Grade 2,*,1,Walking,6,School too far away,_missing_,7,6,2,6,20, , , 
21,1-2,2,PSU_RECODED_800,Grade 2,*,1,Walking,3,School too far away,_missing_,3,2,0,1,15, , , 
21,1-2,2,PSU_RECODED_800,Grade 6,*,1,Walking,2,School too far away,_missing_,13,12,6,6,25, , , 
21,1-2,2,PSU_RECODED_800,Grade 6,*,1,Walking,3,School too far away,_missing_,11,10,6,6,25, , , 
21,1-2,2,PSU_RECODED_800,Grade 6,*,1,Walking,4,School too far away,_missing_,8,7,6,6,25, , , 
21,1-2,11,PSU_RECODED_727,Grade 7,*,1,Walking,3,School too far away,_missing_,1,19,4,3,15, , , 
21,1-2,3,PSU_RECODED_854,Grade 1,*,1,Walking,3,School too far away,_missing_,3,2,0,1,5, , , 
21,1-2,3,PSU_RECODED_854,Grade 9,*,1,Walking,3,School too far away,_missing_,6,5,3,6,20, , , 
21,1-2,11,PSU_RECODED_51,Grade 1,*,1,Walking,3,School too far away,_missing_,5,4,12,5,40, , , 
21,1-2,11,PSU_RECODED_51,Grade 1,*,1,Walking,4,School too far away,_missing_,2,1,0,1,10, , , 
21,1-2,3,PSU_RECODED_665,Grade 8,*,1,Walking,4,School too far away,_missing_,13,12,12,6,60, , , 
21,1-2,11,PSU_RECODED_698,Grade 4,*,1,Walking,4,House keeping / Family business,_missing_, , , , , , ,2,2016
21,1-2,11,PSU_RECODED_698,Grade 9,*,1,Walking,3,School too far away,_missing_,9,8,4,1,30, , , 
21,1-2,11,PSU_RECODED_698,Grade 9,*,1,Walking,4,School too far away,_missing_,8,7,4,1,30, , , 
21,1-2,11,PSU_RECODED_698,Grade 9,*,1,Walking,5,School too far away,_missing_,7,6,4,1,30, , , 
21,1-2,11,PSU_RECODED_575,Grade 7,*,1,Walking,3,School too far away,_missing_,1,19,3,3,15, , , 
21,1-2,3,PSU_RECODED_190,Grade 2,*,1,Walking,3,School too far away,_missing_,10,9,5,6,20, , , 
21,1-2,3,PSU_RECODED_190,Grade 2,*,1,Walking,4,School too far away,_missing_,8,7,5,6,20, , , 
21,1-2,3,PSU_RECODED_190,Grade 7,*,1,Walking,5,School too far away,_missing_,12,11,0,1,15, , , 
21,1-2,12,PSU_RECODED_OTHER,Grade 1,*,1,Walking,2,School too far away,_missing_,13,12,5,6,45, , , 
21,1-2,12,PSU_RECODED_OTHER,Grade 1,*,1,Walking,3,School too far away,_missing_,9,8,0,1,15, , , 
21,1-2,12,PSU_RECODED_OTHER,Grade 9,*,1,Walking,5,School too far away,_missing_,2,1,2,1,20, , , 
21,1-2,12,PSU_RECODED_OTHER,Grade 1,*,1,Walking,4,School too far away,_missing_,13,12,4,1,40, , , 
21,1-2,12,PSU_RECODED_OTHER,Grade 7,*,1,Walking,3,School too far away,_missing_,13,12,6,5,30, , , 
21,1-2,12,PSU_RECODED_OTHER,Grade 7,*,1,Walking,4,School too far away,_missing_,9,8,6,5,30, , , 
21,1-2,12,PSU_RECODED_OTHER,Grade 2,*,1,Walking,3,School too far away,_missing_,11,10,2,3,8, , , 
21,1-2,12,PSU_RECODED_OTHER,Grade 2,*,1,Walking,4,School too far away,_missing_,2,1,4,5,15, , , 
21,1-2,12,PSU_RECODED_OTHER,Grade 7,*,1,Walking,2,School too far away,_missing_,2,1,1,3,10, , , 
21,1,4,PSU_RECODED_OTHER,Grade 9,*,1,Walking,3,School too far away,_missing_,9,8,2,4,15, , , 
21,1,4,PSU_RECODED_OTHER,Grade 9,*,1,Walking,4,School too far away,_missing_,6,5,1,4,10, , , 
21,1-2,12,PSU_RECODED_342,Grade 2,*,1,Walking,2,School too far away,_missing_,6,5,5,6,25, , , 
21,1-2,4,PSU_RECODED_305,Grade 1,*,1,Walking,3,School too far away,_missing_,13,12,3,6,20, , , 
21,1-2,4,PSU_RECODED_305,Grade 1,*,1,Walking,4,School too far away,_missing_,7,6,3,6,20, , , 
21,1-2,4,PSU_RECODED_305,Grade 5,*,1,Walking,3,School too far away,_missing_,3,2,1,6,15, , , 
21,1-2,12,PSU_RECODED_692,Grade 10,*,1,Walking,2,School too far away,_missing_,12,11,4,6,20, , , 
21,1-2,12,PSU_RECODED_692,Grade 10,*,1,Walking,3,School too far away,_missing_,11,10,4,6,20, , , 
21,1-2,5,PSU_RECODED_682,Grade 1,*,1,Walking,3,School too far away,_missing_,13,12,19,6,60, , , 
21,1-2,5,PSU_RECODED_682,Grade 1,*,1,Walking,4,School too far away,_missing_,12,11,4,6,30, , , 
21,1-2,5,PSU_RECODED_682,Grade 1,*,1,Walking,5,School too far away,_missing_,8,7,4,5,20, , , 
21,1-2,5,PSU_RECODED_838,Grade 1,*,1,Walking,3,School too far away,_missing_,4,3,2,6,20, , , 
21,1-2,5,PSU_RECODED_838,Grade 1,*,1,Walking,4,School too far away,_missing_,3,2,1,6,20, , , 
21,1-2,5,PSU_RECODED_783,Grade 6,*,1,Walking,5,School too far away,_missing_,4,3,0,1,10, , , 
21,1-2,5,PSU_RECODED_783,Grade 6,*,1,Walking,6,School too far away,_missing_,1,19,0,1,10, , , 
21,1-2,5,PSU_RECODED_783,Grade 10,*,1,Walking,4,School too far away,_missing_,10,9,0,1,20, , , 
21,1-2,5,PSU_RECODED_783,Grade 10,*,1,Walking,5,School too far away,_missing_,3,2,0,1,20, , , 
21,1-2,6,PSU_RECODED_54,Grade 9,*,1,Walking,3,School too far away,_missing_,11,10,2,6,20, , , 
21,1-2,6,PSU_RECODED_OTHER,Grade 6,*,1,Walking,3,House keeping / Family business,_missing_, , , , , , ,6,2018
21,1-2,6,PSU_RECODED_OTHER,Grade 6,*,1,Walking,4,School too far away,_missing_,12,11,1,1,25, , , 
21,1-2,6,PSU_RECODED_OTHER,Grade 6,*,1,Walking,5,School too far away,_missing_,4,3,0,1,20, , , 
21,1-2,6,PSU_RECODED_OTHER,Grade 10,*,1,Walking,2,House keeping / Family business,_missing_, , , , , , ,6,2018
21,1-2,7,PSU_RECODED_613,Grade 8,*,1,Walking,4,House keeping / Family business,_missing_, , , , , , ,6,2017
21,1,1,PSU_RECODED_264,Grade 3,*,1,Walking,3,School too far away,_missing_,13,12,6,6,30, , , 
21,1,1,PSU_RECODED_264,Grade 3,*,1,Walking,4,School too far away,_missing_,8,7,10,5,40, , , 
21,1,1,PSU_RECODED_264,Grade 3,*,1,Walking,5,School too far away,_missing_,7,6,6,5,30, , , 
21,1,1,PSU_RECODED_264,Grade 8,*,1,Walking,3,Financial problems,_missing_, , , , , ,9, , 
21,1-2,7,PSU_RECODED_53,Grade 2,*,1,Walking,3,School too far away,_missing_,13,12,12,5,30, , , 
21,1-2,7,PSU_RECODED_53,Grade 2,*,1,Walking,4,School too far away,_missing_,11,10,12,5,30, , , 
21,1-2,1,PSU_RECODED_572,Grade 2,*,1,Walking,6,School too far away,_missing_,5,4,2,3,15, , , 
21,1-2,1,PSU_RECODED_572,Grade 2,*,1,Walking,7,School too far away,_missing_,1,19,2,3,15, , , 
21,1-2,1,PSU_RECODED_572,Grade 10,*,1,Walking,6,School too far away,_missing_,11,10,1,3,15, , , 
21,1-2,8,PSU_RECODED_620,Grade 8,*,1,Walking,3,School too far away,_missing_,10,9,2,1,20, , , 
21,1-2,8,PSU_RECODED_620,Grade 8,*,1,Walking,4,School too far away,_missing_,7,6,2,1,20, , , 
21,1-2,8,PSU_RECODED_620,Grade 8,*,1,Walking,5,School too far away,_missing_,3,2,2,1,20, , , 
21,1-2,2,PSU_RECODED_5,Grade 3,*,1,Walking,3,School too far away,_missing_,11,10,2,5,10, , , 
21,1-2,2,PSU_RECODED_5,Grade 3,*,1,Walking,4,School too far away,_missing_,5,4,2,5,10, , , 
21,1-2,2,PSU_RECODED_5,Grade 8,*,1,Walking,4,School too far away,_missing_,9,8,3,3,15, , , 
21,1-2,2,PSU_RECODED_5,Grade 8,*,1,Walking,5,School too far away,_missing_,5,4,3,3,15, , , 
21,1-2,8,PSU_RECODED_103,Grade 2,*,1,Walking,4,School too far away,_missing_,7,6,5,5,35, , , 
21,1-2,8,PSU_RECODED_103,Grade 7,*,1,Walking,4,School too far away,_missing_,1,19,5,3,25, , , 
21,1-2,2,PSU_RECODED_196,Grade 10,*,1,Walking,6,House keeping / Family business,_missing_, , , , , , ,9,2015
21,1-2,8,PSU_RECODED_774,Grade 7,*,1,Walking,2,School too far away,_missing_,13,12,8,6,60, , , 
21,1-2,8,PSU_RECODED_774,Grade 7,*,1,Walking,3,School too far away,_missing_,10,9,2,5,15, , , 
21,1-2,8,PSU_RECODED_774,Grade 7,*,1,Walking,4,School too far away,_missing_,7,6,2,5,15, , , 
21,1-2,2,PSU_RECODED_877,Grade 10,*,1,Walking,3,School too far away,_missing_,1,19,5,2,20, , , 
21,1-2,9,PSU_RECODED_OTHER,Grade 4,*,1,Walking,3,School too far away,_missing_,9,8,0,1,20, , , 
21,1-2,9,PSU_RECODED_OTHER,Grade 4,*,1,Walking,4,School too far away,_missing_,4,3,0,1,20, , , 
21,1-2,3,PSU_RECODED_350,Grade 2,*,1,Walking,3,School too far away,_missing_,4,3,0,1,5, , , 
21,1,9,PSU_RECODED_47,Grade 2,*,1,Walking,2,School too far away,_missing_,8,7,3,3,20, , , 
21,1,9,PSU_RECODED_47,Grade 2,*,1,Walking,3,School too far away,_missing_,6,5,3,3,20, , , 
21,1-2,9,PSU_RECODED_867,Grade 4,*,1,Walking,3,School too far away,_missing_,10,9,8,5,30, , , 
21,1-2,9,PSU_RECODED_867,Grade 4,*,1,Walking,4,School too far away,_missing_,5,4,16,5,45, , , 
21,1-2,3,PSU_RECODED_823,Grade 4,*,1,Walking,3,School too far away,_missing_,12,11,6,2,45, , , 
21,1-2,3,PSU_RECODED_823,Grade 4,*,1,Walking,4,School too far away,_missing_,11,10,6,2,45, , , 
21,1-2,3,PSU_RECODED_823,Grade 4,*,1,Walking,5,School too far away,_missing_,5,4,0,1,10, , , 
21,1-2,3,PSU_RECODED_823,Grade 4,*,1,Walking,6,School too far away,_missing_,3,2,0,1,10, , , 
21,1-2,3,PSU_RECODED_823,Grade 8,*,1,Walking,3,School too far away,_missing_,6,5,0,3,10, , , 
21,1-2,3,PSU_RECODED_823,Grade 8,*,1,Walking,4,School too far away,_missing_,2,1,0,3,10, , , 
21,1-2,10,PSU_RECODED_820,Grade 3,*,1,Walking,3,School too far away,_missing_,11,10,1,5,10, , , 
21,1-2,10,PSU_RECODED_820,Grade 3,*,1,Walking,4,School too far away,_missing_,8,7,3,5,15, , , 
21,1-2,10,PSU_RECODED_820,Grade 10,*,1,Walking,3,School too far away,_missing_,12,11,8,5,30, , , 
21,1-2,10,PSU_RECODED_820,Grade 10,*,1,Walking,4,School too far away,_missing_,8,7,8,5,30, , , 
21,1-2,10,PSU_RECODED_656,Grade 5,*,1,Walking,2,School too far away,_missing_,6,5,3,3,15, , , 
21,1-2,10,PSU_RECODED_656,Grade 9,*,1,Walking,4,School too far away,_missing_,7,6,3,3,15, , , 
21,1,4,PSU_RECODED_OTHER,Grade 6,*,1,Walking,3,School too far away,_missing_,1,19,1,3,10, , , 
21,1-2,4,PSU_RECODED_OTHER,Grade 6,*,1,Walking,4,School too far away,_missing_,3,2,4,5,20, , , 
21,1-2,11,PSU_RECODED_OTHER,Grade 2,*,1,Walking,2,School too far away,_missing_,9,8,2,1,10, , , 
21,1-2,11,PSU_RECODED_OTHER,Grade 2,*,1,Walking,3,School too far away,_missing_,3,2,2,1,5, , , 
21,1-2,11,PSU_RECODED_OTHER,Grade 10,*,1,Walking,3,School too far away,_missing_,11,10,1,1,5, , , 
21,1-2,11,PSU_RECODED_OTHER,Grade 10,*,1,Walking,4,School too far away,_missing_,3,2,1,1,5, , , 
21,1-2,5,PSU_RECODED_106,Grade 2,*,1,Walking,5,School too far away,_missing_,4,3,2,3,10, , , 
21,1-2,12,PSU_RECODED_670,Grade 5,*,1,Walking,3,School too far away,_missing_,13,12,25,6,60, , , 
21,1-2,12,PSU_RECODED_670,Grade 5,*,1,Walking,4,School too far away,_missing_,9,8,1,1,20, , , 
21,1-2,12,PSU_RECODED_670,Grade 5,*,1,Walking,5,School too far away,_missing_,6,5,1,1,20, , , 
21,1-2,6,PSU_RECODED_659,Grade 9,*,1,Walking,3,School too far away,_missing_,12,11,4,3,30, , , 
21,1-2,12,PSU_RECODED_OTHER,Grade 4,*,1,Walking,3,School too far away,_missing_,6,5,0,2,10, , , 
21,1-2,12,PSU_RECODED_OTHER,Grade 4,*,1,Walking,4,School too far away,_missing_,2,1,0,2,10, , , 
21,1-2,12,PSU_RECODED_OTHER,Grade 4,*,1,Walking,3,School too far away,_missing_,11,10,8,5,60, , , 
21,1-2,7,PSU_RECODED_831,Grade 3,*,1,Walking,3,School too far away,_missing_,6,5,4,3,20, , , 
21,1,7,PSU_RECODED_787,Grade 1,*,1,Walking,5,School too far away,_missing_,10,9,2,5,10, , , 
21,1,7,PSU_RECODED_787,Grade 1,*,1,Walking,6,School too far away,_missing_,5,4,2,5,10, , , 
21,1-2,8,PSU_RECODED_604,Grade 1,*,1,Walking,3,School too far away,_missing_,3,2,2,1,45, , , 
21,1-2,8,PSU_RECODED_58,Grade 7,*,1,Walking,4,School too far away,_missing_,12,11,6,6,40, , , 
21,1-2,8,PSU_RECODED_58,Grade 7,*,1,Walking,5,School too far away,_missing_,4,3,1,1,15, , , 
21,1-2,8,PSU_RECODED_346,Grade 1,*,1,Walking,3,School too far away,_missing_,7,6,0,1,15, , , 
21,1-2,9,PSU_RECODED_741,Grade 4,*,1,Walking,2,School too far away,_missing_,10,9,1,1,30, , , 
21,1-2,9,PSU_RECODED_741,Grade 7,*,1,Walking,3,School too far away,_missing_,7,6,1,2,20, , , 
21,1-2,9,PSU_RECODED_741,Grade 7,*,1,Walking,4,School too far away,_missing_,1,19,1,1,30, , , 
21,1-2,9,PSU_RECODED_474,Grade 9,*,1,Walking,2,School too far away,_missing_,10,9,1,6,20, , , 
21,1-2,9,PSU_RECODED_117,Grade 7,*,1,Walking,3,School too far away,_missing_,11,10,1,1,18, , , 
21,1-2,9,PSU_RECODED_117,Grade 7,*,1,Walking,4,School too far away,_missing_,3,2,1,1,18, , , 
21,1-2,10,PSU_RECODED_830,Grade 3,*,1,Walking,3,School too far away,_missing_,13,12,2,6,10, , , 
21,1-2,10,PSU_RECODED_791,Grade 3,*,1,Walking,3,School too far away,_missing_,5,4,13,5,45, , , 
21,1-2,10,PSU_RECODED_791,Grade 7,*,1,Walking,3,House keeping / Family business,_missing_, , , , , , ,9,2019
21,1-2,10,PSU_RECODED_791,Grade 7,*,1,Walking,4,School too far away,_missing_,11,10,1,1,15, , , 
21,1-2,10,PSU_RECODED_791,Grade 7,*,1,Walking,5,School too far away,_missing_,9,8,1,1,15, , , 
21,1-2,10,PSU_RECODED_791,Grade 7,*,1,Walking,6,School too far away,_missing_,7,6,1,1,15, , , 
21,1-2,10,PSU_RECODED_791,Grade 7,*,1,Walking,7,School too far away,_missing_,5,4,1,1,15, , , 
21,1-2,11,PSU_RECODED_127,Grade 3,*,1,Walking,5,School too far away,_missing_,6,5,0,1,5, , , 
21,1-2,11,PSU_RECODED_127,Grade 3,*,1,Walking,6,School too far away,_missing_,4,3,0,1,5, , , 
21,1-2,11,PSU_RECODED_127,Grade 3,*,1,Walking,7,Financial problems,_missing_, , , , , ,7, , 
21,1-2,11,PSU_RECODED_393,Grade 1,*,1,Walking,3,School too far away,_missing_,7,6,1,1,10, , , 
21,1-2,11,PSU_RECODED_393,Grade 1,*,1,Walking,4,School too far away,_missing_,4,3,1,1,10, , , 
21,1-2,11,PSU_RECODED_393,Grade 1,*,1,Walking,5,School too far away,_missing_,1,19,1,1,10, , , 
21,1-2,12,PSU_RECODED_908,Grade 3,*,1,Walking,2,School too far away,_missing_,8,7,5,6,20, , , 
21,1-2,12,PSU_RECODED_908,Grade 3,*,1,Walking,3,School too far away,_missing_,3,2,20,5,80, , , 
21,1-2,12,PSU_RECODED_908,Grade 8,*,1,Walking,4,School too far away,_missing_,9,8,8,6,25, , , 
21,1-2,12,PSU_RECODED_908,Grade 8,*,1,Walking,5,School too far away,_missing_,2,1,8,6,25, , , 
21,1,12,PSU_RECODED_641,Grade 1,*,1,Walking,3,School too far away,_missing_,12,11,4,4,15, , , 
21,1,12,PSU_RECODED_641,Grade 1,*,1,Walking,4,School too far away,_missing_,8,7,3,4,15, , , 
21,1,12,PSU_RECODED_641,Grade 5,*,1,Walking,2,School too far away,_missing_,13,12,1,4,10, , , 
21,1,12,PSU_RECODED_641,Grade 5,*,1,Walking,3,School too far away,_missing_,12,11,1,4,10, , , 
21,1,12,PSU_RECODED_641,Grade 9,*,1,Walking,3,School too far away,_missing_,3,2,4,4,15, , , 
22,1-2,1,PSU_RECODED_58,Grade 7,*,1,Walking,2,School too far away,_missing_,4,3,7,5,30, , , 
22,1-2,2,PSU_RECODED_634,Grade 1,*,1,Walking,7,School too far away,_missing_,2,1,3,6,10, , , 
22,1-2,2,PSU_RECODED_634,Grade 6,*,1,Walking,4,School too far away,_missing_,10,9,12,6,45, , , 
22,1-2,2,PSU_RECODED_634,Grade 6,*,1,Walking,5,School too far away,_missing_,6,5,12,6,45, , , 
22,1-2,2,PSU_RECODED_634,Grade 6,*,1,Walking,6,School too far away,_missing_,1,19,4,6,30, , , 
22,1-2,1,PSU_RECODED_513,Grade 1,*,1,Walking,3,School too far away,_missing_,12,11,15,6,40, , , 
22,1-2,1,PSU_RECODED_513,Grade 1,*,1,Walking,4,School too far away,_missing_,5,4,15,6,40, , , 
22,1-2,2,PSU_RECODED_751,Grade 8,*,1,Walking,4,School too far away,_missing_,3,2,3,3,10, , , 
22,1-2,1,PSU_RECODED_OTHER,Grade 2,*,1,Walking,3,House keeping / Family business,_missing_, , , , , , ,9,2013
22,1-2,1,PSU_RECODED_OTHER,Grade 7,*,1,Walking,3,School too far away,_missing_,13,12,4,6,30, , , 
22,1-2,3,PSU_RECODED_96,Grade 5,*,1,Walking,3,School too far away,_missing_,5,4,1,1,30, , , 
22,1-2,3,PSU_RECODED_96,Grade 5,*,1,Walking,4,School too far away,_missing_,2,1,1,3,30, , , 
22,1-2,2,PSU_RECODED_638,Grade 5,*,1,Walking,4,School too far away,_missing_,11,10,20,6,60, , , 
22,1-2,4,PSU_RECODED_118,Grade 3,*,1,Walking,3,School too far away,_missing_,9,8,16,5,40, , , 
22,1-2,4,PSU_RECODED_118,Grade 3,*,1,Walking,4,School too far away,_missing_,8,7,16,5,40, , , 
22,1-2,3,PSU_RECODED_OTHER,Grade 7,*,1,Walking,3,School too far away,_missing_,7,6,18,5,45, , , 
22,1-2,4,PSU_RECODED_601,Grade 9,*,1,Walking,3,School too far away,_missing_,3,2,2,3,15, , , 
22,1-2,5,PSU_RECODED_OTHER,Grade 3,*,1,Walking,2,House keeping / Family business,_missing_, , , , , , ,6,2016
22,1-2,5,PSU_RECODED_OTHER,Grade 7,*,1,Walking,3,School too far away,_missing_,6,5,8,3,20, , , 
22,1-2,4,PSU_RECODED_OTHER,Grade 10,*,1,Walking,4,School too far away,_missing_,10,9,2,6,15, , , 
22,1-2,6,PSU_RECODED_885,Grade 4,*,1,Walking,7,School too far away,_missing_,3,2,0,1,10, , , 
22,1-2,6,PSU_RECODED_885,Grade 8,*,1,Walking,4,School too far away,_missing_,5,4,0,1,10, , , 
22,1-2,7,PSU_RECODED_897,Grade 4,*,1,Walking,3,School too far away,_missing_,4,3,2,5,10, , , 
22,1-2,6,PSU_RECODED_272,Grade 2,*,1,Walking,4,House keeping / Family business,_missing_, , , , , , ,2,2013
22,1-2,6,PSU_RECODED_272,Grade 2,*,1,Walking,5,School too far away,_missing_,6,5,5,2,6, , , 
22,1-2,7,PSU_RECODED_OTHER,Grade 4,*,1,Walking,2,School too far away,_missing_,4,3,1,1,15, , , 
22,1-2,7,PSU_RECODED_OTHER,Grade 8,*,1,Walking,2,House keeping / Family business,_missing_, , , , , , ,6,2018
22,1-2,6,PSU_RECODED_704,Grade 2,*,1,Walking,2,School too far away,_missing_,11,10,2,1,20, , , 
22,1-2,6,PSU_RECODED_704,Grade 2,*,1,Walking,3,School too far away,_missing_,7,6,2,1,20, , , 
22,1,8,PSU_RECODED_OTHER,Grade 10,*,1,Walking,5,School too far away,_missing_,13,12,2,6,10, , , 
22,1-2,7,PSU_RECODED_581,Grade 3,*,1,Walking,2,School too far away,_missing_,9,8,1,5,10, , , 
22,1-2,7,PSU_RECODED_581,Grade 3,*,1,Walking,3,School too far away,_missing_,5,4,1,5,10, , , 
22,1-2,9,PSU_RECODED_OTHER,Grade 4,*,1,Walking,3,School too far away,_missing_,8,7,2,2,15, , , 
22,1-2,9,PSU_RECODED_OTHER,Grade 4,*,1,Walking,4,School too far away,_missing_,2,1,2,3,15, , , 
22,1-2,9,PSU_RECODED_OTHER,Grade 8,*,1,Walking,3,House keeping / Family business,_missing_, , , , , , ,6,2018
22,1-2,8,PSU_RECODED_OTHER,Grade 2,*,1,Walking,3,School too far away,_missing_,5,4,7,6,35, , , 
22,1-2,8,PSU_RECODED_247,Grade 3,*,1,Walking,4,School too far away,_missing_,9,8,0,1,10, , , 
22,1-2,8,PSU_RECODED_247,Grade 7,*,1,Walking,3,School too far away,_missing_,3,2,1,3,10, , , 
22,1-2,10,PSU_RECODED_76,Grade 1,*,1,Walking,3,School too far away,_missing_,10,9,1,3,5, , , 
22,1-2,10,PSU_RECODED_76,Grade 1,*,1,Walking,4,School too far away,_missing_,5,4,1,3,5, , , 
22,1-2,10,PSU_RECODED_76,Grade 1,*,1,Walking,5,School too far away,_missing_,3,2,1,3,5, , , 
22,1-2,10,PSU_RECODED_76,Grade 5,*,1,Walking,2,School too far away,_missing_,2,1,1,3,10, , , 
22,1,9,PSU_RECODED_154,Grade 9,*,1,Walking,3,School too far away,_missing_,12,11,3,4,10, , , 
22,1,9,PSU_RECODED_154,Grade 9,*,1,Walking,4,School too far away,_missing_,8,7,2,4,10, , , 
22,1-2,11,PSU_RECODED_656,Grade 1,*,1,Walking,4,School too far away,_missing_,10,9,1,1,20, , , 
22,1-2,11,PSU_RECODED_656,Grade 1,*,1,Walking,5,School too far away,_missing_,5,4,1,1,20, , , 
22,1-2,11,PSU_RECODED_656,Grade 9,*,1,Walking,3,School too far away,_missing_,10,9,0,1,10, , , 
22,1-2,11,PSU_RECODED_656,Grade 9,*,1,Walking,4,School too far away,_missing_,3,2,0,3,8, , , 
22,1-2,10,PSU_RECODED_435,Grade 9,*,1,Walking,4,School too far away,_missing_,10,9,2,2,15, , , 
22,1-2,12,PSU_RECODED_86,Grade 8,*,1,Walking,3,House keeping / Family business,_missing_, , , , , , ,3,2017
22,1-2,12,PSU_RECODED_86,Grade 8,*,1,Walking,4,School too far away,_missing_,10,9,3,2,10, , , 
22,1-2,10,PSU_RECODED_697,Grade 7,*,1,Walking,3,School too far away,_missing_,10,9,1,6,15, , , 
22,1-2,10,PSU_RECODED_697,Grade 7,*,1,Walking,4,School too far away,_missing_,7,6,1,6,15, , , 
22,1-2,10,PSU_RECODED_697,Grade 7,*,1,Walking,5,School too far away,_missing_,3,2,1,6,15, , , 
22,1-2,12,PSU_RECODED_285,Grade 1,*,1,Walking,3,School too far away,_missing_,12,11,15,6,45, , , 
22,1-2,12,PSU_RECODED_285,Grade 1,*,1,Walking,4,School too far away,_missing_,7,6,1,1,20, , , 
22,1-2,12,PSU_RECODED_285,Grade 1,*,1,Walking,5,School too far away,_missing_,3,2,1,1,20, , , 
22,1-2,11,PSU_RECODED_220,Grade 2,*,1,Walking,4,School too far away,_missing_,3,2,1,3,15, , , 
22,1-2,11,PSU_RECODED_220,Grade 6,*,1,Walking,3,School too far away,_missing_,1,19,0,1,10, , , 
22,1-2,11,PSU_RECODED_220,Grade 10,*,1,Walking,3,School too far away,_missing_,1,19,0,1,10, , , 
22,1-2,12,PSU_RECODED_69,Grade 8,*,1,Walking,3,House keeping / Family business,_missing_, , , , , , ,99,2018
22,1-2,12,PSU_RECODED_69,Grade 8,*,1,Walking,4,House keeping / Family business,_missing_, , , , , , ,9,2018
22,1-2,1,PSU_RECODED_47,Grade 2,*,1,Walking,3,School too far away,_missing_,11,10,2,1,15, , , 
22,1-2,1,PSU_RECODED_47,Grade 2,*,1,Walking,4,School too far away,_missing_,7,6,2,1,15, , , 
22,1-2,1,PSU_RECODED_47,Grade 6,*,1,Walking,3,School too far away,_missing_,10,9,0,1,15, , , 
22,1-2,1,PSU_RECODED_47,Grade 6,*,1,Walking,4,School too far away,_missing_,4,3,0,1,15, , , 
22,1-2,1,PSU_RECODED_47,Grade 10,*,1,Walking,2,School too far away,_missing_,6,5,2,6,15, , , 
22,1-2,2,PSU_RECODED_OTHER,Grade 4,*,1,Walking,3,School too far away,_missing_,3,3,2,3,20, , , 
22,1-2,2,PSU_RECODED_OTHER,Grade 4,*,1,Walking,4,School too far away,_missing_,1,19,2,3,20, , , 
22,1-2,2,PSU_RECODED_OTHER,Grade 8,*,1,Walking,4,School too far away,_missing_,10,9,1,3,10, , , 
22,1-2,2,PSU_RECODED_750,Grade 2,*,1,Walking,3,School too far away,_missing_,3,2,3,5,15, , , 
22,1,3,PSU_RECODED_453,Grade 7,*,1,Walking,5,House keeping / Family business,_missing_, , , , , , ,8,2017
22,1-2,4,PSU_RECODED_OTHER,Grade 1,*,1,Walking,3,School too far away,_missing_,6,5,0,1,10, , , 
22,1-2,4,PSU_RECODED_OTHER,Grade 1,*,1,Walking,4,School too far away,_missing_,3,2,4,5,30, , , 
22,1-2,4,PSU_RECODED_218,Grade 1,*,1,Walking,3,School too far away,_missing_,3,2,6,5,20, , , 
22,1-2,5,PSU_RECODED_474,Grade 5,*,1,Walking,3,Financial problems,_missing_, , , , , ,6, , 
22,1-2,5,PSU_RECODED_474,Grade 10,*,1,Walking,2,House keeping / Family business,_missing_, , , , , , ,9,2019
22,1-2,5,PSU_RECODED_474,Grade 10,*,1,Walking,3,School too far away,_missing_,5,4,1,1,25, , , 
22,1,6,PSU_RECODED_OTHER,Grade 1,*,1,Walking,3,School too far away,_missing_,1,19,3,6,15, , , 
22,1,6,PSU_RECODED_OTHER,Grade 6,*,1,Walking,3,School too far away,_missing_,7,6,2,1,30, , , 
22,1,6,PSU_RECODED_OTHER,Grade 6,*,1,Walking,4,Financial problems,_missing_, , , , , ,7, , 
22,1-2,7,PSU_RECODED_OTHER,Grade 1,*,1,Walking,3,School too far away,_missing_,3,2,3,5,30, , , 
22,1-2,7,PSU_RECODED_OTHER,Grade 10,*,1,Walking,2,House keeping / Family business,_missing_, , , , , , ,99,2018
22,1-2,8,PSU_RECODED_551,Grade 5,*,1,Walking,3,School too far away,_missing_,13,12,30,6,45, , , 
22,1-2,8,PSU_RECODED_551,Grade 5,*,1,Walking,4,School too far away,_missing_,9,8,30,5,60, , , 
22,1-2,9,PSU_RECODED_612,Grade 4,*,1,Walking,3,House keeping / Family business,_missing_, , , , , , ,2,2018
22,1-2,9,PSU_RECODED_612,Grade 4,*,1,Walking,4,School too far away,_missing_,10,9,0,1,1, , , 
22,1-2,9,PSU_RECODED_612,Grade 4,*,1,Walking,5,School too far away,_missing_,7,6,0,1,1, , , 
22,1-2,9,PSU_RECODED_612,Grade 8,*,1,Walking,5,School too far away,_missing_,10,9,1,1,10, , , 
22,1-2,9,PSU_RECODED_612,Grade 8,*,1,Walking,6,School too far away,_missing_,6,5,1,1,10, , , 
22,1-2,9,PSU_RECODED_289,Grade 3,*,1,Walking,5,School too far away,_missing_,13,12,2,2,10, , , 
22,1-2,9,PSU_RECODED_289,Grade 8,*,1,Walking,3,School too far away,_missing_,4,3,0,1,5, , , 
22,1-2,10,PSU_RECODED_254,Grade 8,*,1,Walking,3,School too far away,_missing_,10,9,10,6,45, , , 
22,1-2,10,PSU_RECODED_254,Grade 8,*,1,Walking,4,School too far away,_missing_,2,1,4,5,30, , , 
22,1,11,PSU_RECODED_734,Grade 3,*,1,Walking,5,School too far away,_missing_,8,7,10,3,20, , , 
22,1,11,PSU_RECODED_734,Grade 3,*,1,Walking,6,School too far away,_missing_,2,1,10,3,20, , , 
22,1,11,PSU_RECODED_734,Grade 9,*,1,Walking,3,School too far away,_missing_,9,8,4,6,15, , , 
22,1-2,12,PSU_RECODED_OTHER,Grade 1,*,1,Walking,6,School too far away,_missing_,11,10,2,5,10, , , 
22,1-2,12,PSU_RECODED_OTHER,Grade 5,*,1,Walking,4,School too far away,_missing_,11,10,2,1,20, , , 
22,1-2,12,PSU_RECODED_OTHER,Grade 5,*,1,Walking,5,School too far away,_missing_,5,4,2,1,20, , , 
22,1-2,1,PSU_RECODED_23,Grade 3,*,1,Walking,3,School too far away,_missing_,8,8,40,6,45, , , 
22,1-2,1,PSU_RECODED_23,Grade 3,*,1,Walking,4,School too far away,_missing_,5,4,40,6,45, , , 
22,1-2,1,PSU_RECODED_762,Grade 1,*,1,Walking,4,School too far away,_missing_,1,19,0,3,5, , , 
22,1-2,1,PSU_RECODED_762,Grade 6,*,1,Walking,3,School too far away,_missing_,3,2,0,1,10, , , 
22,1-2,2,PSU_RECODED_522,Grade 8,*,1,Walking,3,House keeping / Family business,_missing_, , , , , , ,5,2016
22,1-2,2,PSU_RECODED_522,Grade 8,*,1,Walking,4,House keeping / Family business,_missing_, , , , , , ,9,2019
22,1,3,PSU_RECODED_758,Grade 6,*,1,Walking,2,House keeping / Family business,_missing_, , , , , , ,99,2018
22,1,3,PSU_RECODED_758,Grade 6,*,1,Walking,3,School too far away,_missing_,11,10,2,1,30, , , 
22,1,3,PSU_RECODED_758,Grade 6,*,1,Walking,4,School too far away,_missing_,5,4,0,1,15, , , 
22,1,3,PSU_RECODED_758,Grade 6,*,1,Walking,5,House keeping / Family business,_missing_, , , , , , ,99,2017
22,1-2,3,PSU_RECODED_837,Grade 2,*,1,Walking,3,School too far away,_missing_,6,5,0,1,10, , , 
22,1-2,3,PSU_RECODED_837,Grade 6,*,1,Walking,2,School too far away,_missing_,8,7,0,1,10, , , 
22,1-2,3,PSU_RECODED_837,Grade 10,*,1,Walking,3,School too far away,_missing_,13,12,12,6,45, , , 
22,1-2,3,PSU_RECODED_837,Grade 10,*,1,Walking,4,School too far away,_missing_,11,10,0,1,1, , , 
22,1-2,3,PSU_RECODED_837,Grade 10,*,1,Walking,5,School too far away,_missing_,8,7,0,1,1, , , 
22,1-2,4,PSU_RECODED_100,Grade 2,*,1,Walking,4,School too far away,_missing_,12,11,30,6,60, , , 
22,1-2,4,PSU_RECODED_100,Grade 2,*,1,Walking,5,School too far away,_missing_,8,7,1,3,10, , , 
22,1-2,4,PSU_RECODED_100,Grade 10,*,1,Walking,6,School too far away,_missing_,13,12,2,1,20, , , 
22,1-2,4,PSU_RECODED_100,Grade 10,*,1,Walking,7,School too far away,_missing_,11,10,2,1,20, , , 
22,1-2,5,PSU_RECODED_OTHER,Grade 5,*,1,Walking,3,School too far away,_missing_,5,4,0,1,10, , , 
22,1-2,5,PSU_RECODED_OTHER,Grade 10,*,1,Walking,3,School too far away,_missing_,10,9,4,6,30, , , 
22,1-2,5,PSU_RECODED_180,Grade 5,*,1,Walking,3,School too far away,_missing_,8,7,6,6,20, , , 
22,1-2,5,PSU_RECODED_180,Grade 5,*,1,Walking,4,School too far away,_missing_,4,3,6,6,20, , , 
22,1-2,5,PSU_RECODED_180,Grade 9,*,1,Walking,4,School too far away,_missing_,7,6,12,5,30, , , 
22,1,6,PSU_RECODED_223,Grade 5,*,1,Walking,2,School too far away,_missing_,12,11,2,6,20, , , 
22,1-2,7,PSU_RECODED_OTHER,Grade 9,*,1,Walking,3,School too far away,_missing_,9,8,1,1,20, , , 
22,1-2,7,PSU_RECODED_762,Grade 5,*,1,Walking,3,School too far away,_missing_,13,12,10,6,25, , , 
22,1-2,7,PSU_RECODED_762,Grade 5,*,1,Walking,4,School too far away,_missing_,9,8,3,1,15, , , 
22,1-2,7,PSU_RECODED_762,Grade 9,*,1,Walking,3,School too far away,_missing_,13,12,12,5,25, , , 
22,1-2,9,PSU_RECODED_659,Grade 3,*,1,Walking,2,School too far away,_missing_,12,11,4,6,20, , , 
22,1-2,10,PSU_RECODED_442,Grade 1,*,1,Walking,3,School too far away,_missing_,11,10,3,3,30, , , 
22,1-2,10,PSU_RECODED_442,Grade 1,*,1,Walking,4,School too far away,_missing_,7,6,3,3,30, , , 
22,1-2,10,PSU_RECODED_442,Grade 9,*,1,Walking,5,School too far away,_missing_,12,11,3,3,15, , , 
22,1-2,10,PSU_RECODED_442,Grade 9,*,1,Walking,6,School too far away,_missing_,7,6,3,3,15, , , 
22,1,11,PSU_RECODED_608,Grade 4,*,1,Walking,3,House keeping / Family business,_missing_, , , , , , ,6,2018
22,1,11,PSU_RECODED_608,Grade 4,*,1,Walking,4,School too far away,_missing_,8,7,1,1,30, , , 
22,1-2,12,PSU_RECODED_769,Grade 2,*,1,Walking,2,School too far away,_missing_,10,9,4,2,15, , , 
22,1-2,12,PSU_RECODED_769,Grade 7,*,1,Walking,3,School too far away,_missing_,4,3,5,6,15, , , 
22,1-2,12,PSU_RECODED_OTHER,Grade 4,*,1,Walking,4,House keeping / Family business,_missing_, , , , , , ,99, 
22,1-2,12,PSU_RECODED_OTHER,Grade 4,*,1,Walking,5,School too far away,_missing_,10,9,4,5,15, , , 
22,1-2,12,PSU_RECODED_OTHER,Grade 8,*,1,Walking,3,School too far away,_missing_,9,8,1,1,15, , , 
22,1-2,12,PSU_RECODED_OTHER,Grade 8,*,1,Walking,4,School too far away,_missing_,6,5,1,1,15, , , 
23,1-2,1,PSU_RECODED_516,Grade 10,*,1,Walking,3,School too far away,_missing_,1,19,1,1,20, , , 
23,1-2,1,PSU_RECODED_16,Grade 5,*,1,Walking,8,School too far away,_missing_,6,5,2,1,10, , , 
23,1-2,1,PSU_RECODED_16,Grade 5,*,1,Walking,9,School too far away,_missing_,4,3,2,1,10, , , 
23,1-2,1,PSU_RECODED_16,Grade 9,*,1,Walking,4,School too far away,_missing_,3,2,2,1,10, , , 
23,1-2,1,PSU_RECODED_16,Grade 9,*,1,Walking,7,School too far away,_missing_,7,6,2,1,10, , , 
23,1-2,1,PSU_RECODED_792,Grade 8,*,1,Walking,5,School too far away,_missing_,13,12,2,6,30, , , 
23,1-2,2,PSU_RECODED_OTHER,Grade 9,*,1,Walking,5,School too far away,_missing_,11,10,3,6,20, , , 
23,1-2,1,PSU_RECODED_759,Grade 7,*,1,Walking,3,School too far away,_missing_,3,2,2,1,30, , , 
23,1-2,1,PSU_RECODED_759,Grade 7,*,1,Walking,4,School too far away,_missing_,2,1,2,5,30, , , 
23,1-2,2,PSU_RECODED_OTHER,Grade 5,*,1,Walking,5,School too far away,_missing_,6,5,1,1,10, , , 
23,1-2,2,PSU_RECODED_OTHER,Grade 5,*,1,Walking,6,School too far away,_missing_,2,1,1,1,10, , , 
23,1-2,2,PSU_RECODED_OTHER,Grade 10,*,1,Walking,7,School too far away,_missing_,1,19,1,1,10, , , 
23,1-2,2,PSU_RECODED_OTHER,Grade 10,*,1,Walking,8,School too far away,_missing_,3,2,1,1,10, , , 
23,1-2,3,PSU_RECODED_497,Grade 8,*,1,Walking,3,School too far away,_missing_,2,1,1,1,20, , , 
23,1-2,3,PSU_RECODED_497,Grade 8,*,1,Walking,7,School too far away,_missing_,11,10,1,1,20, , , 
23,1-2,2,PSU_RECODED_896,Grade 5,*,1,Walking,4,School too far away,_missing_,11,10,5,1,30, , , 
23,1-2,3,PSU_RECODED_160,Grade 2,*,1,Walking,4,House keeping / Family business,_missing_, , , , , , ,6,2018
23,1-2,3,PSU_RECODED_160,Grade 2,*,1,Walking,5,House keeping / Family business,_missing_, , , , , , ,6,2018
23,1-2,3,PSU_RECODED_160,Grade 2,*,1,Walking,6,School too far away,_missing_,9,8,2,1,10, , , 
23,1-2,3,PSU_RECODED_OTHER,Grade 1,*,1,Walking,5,School too far away,_missing_,1,19,3,1,15, , , 
23,1-2,4,PSU_RECODED_852,Grade 5,*,1,Walking,5,School too far away,_missing_,4,3,2,1,15, , , 
23,1-2,4,PSU_RECODED_852,Grade 9,*,1,Walking,3,School too far away,_missing_,13,12,6,6,30, , , 
23,1-2,3,PSU_RECODED_664,Grade 2,*,1,Walking,4,House keeping / Family business,_missing_, , , , , , ,6,2015
23,1-2,3,PSU_RECODED_664,Grade 8,*,1,Walking,3,School too far away,_missing_,4,3,3,6,20, , , 
23,1-2,3,PSU_RECODED_664,Grade 8,*,1,Walking,4,School too far away,_missing_,1,19,3,6,20, , , 
23,1-2,5,PSU_RECODED_908,Grade 3,*,1,Walking,4,School too far away,_missing_,8,7,11,6,30, , , 
23,1-2,5,PSU_RECODED_908,Grade 3,*,1,Walking,5,School too far away,_missing_,7,6,11,6,30, , , 
23,1-2,5,PSU_RECODED_908,Grade 3,*,1,Walking,6,School too far away,_missing_,3,2,2,1,20, , , 
23,1-2,5,PSU_RECODED_690,Grade 2,*,1,Walking,4,House keeping / Family business,_missing_, , , , , , ,6,2015
23,1-2,5,PSU_RECODED_690,Grade 7,*,1,Walking,3,School too far away,_missing_,8,7,2,1,15, , , 
23,1-2,5,PSU_RECODED_690,Grade 7,*,1,Walking,4,School too far away,_missing_,8,7,2,1,15, , , 
23,1-2,4,PSU_RECODED_OTHER,Grade 8,*,1,Walking,4,School too far away,_missing_,13,12,20,6,60, , , 
23,1-2,4,PSU_RECODED_OTHER,Grade 8,*,1,Walking,5,School too far away,_missing_,7,6,20,6,60, , , 
23,1-2,5,PSU_RECODED_380,Grade 9,*,1,Walking,5,School too far away,_missing_,12,11,0,1,15, , , 
23,1-2,6,PSU_RECODED_OTHER,Grade 2,*,1,Walking,5,School too far away,_missing_,6,5,5,1,25, , , 
23,1-2,6,PSU_RECODED_OTHER,Grade 2,*,1,Walking,6,School too far away,_missing_,3,2,5,1,25, , , 
23,1-2,6,PSU_RECODED_OTHER,Grade 9,*,1,Walking,3,House keeping / Family business,_missing_, , , , , , ,6,2018
23,1-2,6,PSU_RECODED_OTHER,Grade 9,*,1,Walking,4,School too far away,_missing_,8,7,6,6,30, , , 
23,1-2,5,PSU_RECODED_691,Grade 4,*,1,Walking,1,School too far away,_missing_,12,11,2,1,10, , , 
23,1-2,5,PSU_RECODED_691,Grade 4,*,1,Walking,5,School too far away,_missing_,10,9,2,1,10, , , 
23,1-2,5,PSU_RECODED_691,Grade 8,*,1,Walking,3,School too far away,_missing_,13,12,3,1,15, , , 
23,1-2,5,PSU_RECODED_691,Grade 8,*,1,Walking,4,School too far away,_missing_,11,10,3,1,15, , , 
23,1-2,5,PSU_RECODED_691,Grade 8,*,1,Walking,5,School too far away,_missing_,8,7,3,1,15, , , 
23,1-2,5,PSU_RECODED_691,Grade 8,*,1,Walking,6,School too far away,_missing_,6,5,3,1,15, , , 
23,1-2,5,PSU_RECODED_691,Grade 8,*,1,Walking,7,School too far away,_missing_,2,1,3,1,15, , , 
23,1-2,7,PSU_RECODED_OTHER,Grade 3,*,1,Walking,4,School too far away,_missing_,11,10,0,1,1, , , 
23,1-2,7,PSU_RECODED_OTHER,Grade 3,*,1,Walking,5,School too far away,_missing_,5,4,0,1,1, , , 
23,1-2,6,PSU_RECODED_613,Grade 10,*,1,Walking,3,House keeping / Family business,_missing_, , , , , , ,3,2017
23,1-2,6,PSU_RECODED_613,Grade 10,*,1,Walking,4,School too far away,_missing_,9,8,0,1,4, , , 
23,1-2,6,PSU_RECODED_268,Grade 5,*,1,Walking,3,School too far away,_missing_,7,6,6,6,30, , , 
23,1-2,6,PSU_RECODED_268,Grade 5,*,1,Walking,4,School too far away,_missing_,3,2,1,1,20, , , 
23,1-2,6,PSU_RECODED_268,Grade 5,*,1,Walking,5,Financial problems,_missing_, , , , , ,7, , 
23,1-2,8,PSU_RECODED_OTHER,Grade 7,*,1,Walking,3,School too far away,_missing_,9,8,6,6,45, , , 
23,1-2,8,PSU_RECODED_OTHER,Grade 7,*,1,Walking,4,School too far away,_missing_,5,4,6,3,40, , , 
23,1-2,8,PSU_RECODED_OTHER,Grade 2,*,1,Walking,4,School too far away,_missing_,4,3,2,1,10, , , 
23,1-2,8,PSU_RECODED_OTHER,Grade 2,*,1,Walking,5,School too far away,_missing_,2,1,2,1,10, , , 
23,1-2,7,PSU_RECODED_OTHER,Grade 8,*,1,Walking,5,School too far away,_missing_,3,2,1,1,10, , , 
23,1-2,9,PSU_RECODED_168,Grade 4,*,1,Walking,4,School too far away,_missing_,11,10,3,6,15, , , 
23,1-2,8,PSU_RECODED_842,Grade 7,*,1,Walking,4,School too far away,_missing_,9,8,3,1,30, , , 
23,1-2,8,PSU_RECODED_842,Grade 7,*,1,Walking,5,School too far away,_missing_,6,5,3,1,30, , , 
23,1-2,8,PSU_RECODED_43,Grade 3,*,1,Walking,5,School too far away,_missing_,3,2,2,3,10, , , 
23,1-2,8,PSU_RECODED_43,Grade 7,*,1,Walking,3,School too far away,_missing_,3,2,1,1,10, , , 
23,1-2,8,PSU_RECODED_43,Grade 7,*,1,Walking,4,School too far away,_missing_,2,1,1,1,10, , , 
23,1-2,10,PSU_RECODED_556,Grade 10,*,1,Walking,5,School too far away,_missing_,4,3,2,1,20, , , 
23,1-2,10,PSU_RECODED_556,Grade 10,*,1,Walking,6,Financial problems,_missing_, , , , , ,7, , 
23,1-2,9,PSU_RECODED_285,Grade 3,*,1,Walking,3,House keeping / Family business,_missing_, , , , , , ,7,2019
23,1-2,9,PSU_RECODED_285,Grade 3,*,1,Walking,4,School too far away,_missing_,12,11,1,1,10, , , 
23,1-2,9,PSU_RECODED_285,Grade 3,*,1,Walking,5,School too far away,_missing_,8,7,1,1,10, , , 
23,1-2,11,PSU_RECODED_397,Grade 3,*,1,Walking,2,School too far away,_missing_,9,8,1,1,30, , , 
23,1-2,11,PSU_RECODED_397,Grade 9,*,1,Walking,5,School too far away,_missing_,1,19,3,3,30, , , 
23,1-2,10,PSU_RECODED_12,Grade 4,*,1,Walking,4,School too far away,_missing_,11,10,8,5,6, , , 
23,1-2,10,PSU_RECODED_12,Grade 9,*,1,Walking,3,House keeping / Family business,_missing_, , , , , , ,6,2017
23,1-2,10,PSU_RECODED_12,Grade 9,*,1,Walking,4,School too far away,_missing_,11,10,4,1,30, , , 
23,1-2,10,PSU_RECODED_12,Grade 9,*,1,Walking,5,School too far away,_missing_,6,5,4,1,30, , , 
23,1-2,11,PSU_RECODED_607,Grade 5,*,1,Walking,5,School too far away,_missing_,9,8,6,6,30, , , 
23,1-2,11,PSU_RECODED_607,Grade 5,*,1,Walking,6,School too far away,_missing_,8,7,6,6,30, , , 
23,1-2,11,PSU_RECODED_607,Grade 5,*,1,Walking,7,School too far away,_missing_,5,4,6,6,30, , , 
23,1,10,PSU_RECODED_302,Grade 7,*,1,Walking,5,School too far away,_missing_,4,3,1,3,10, , , 
23,1-2,12,PSU_RECODED_OTHER,Grade 4,*,1,Walking,3,School too far away,_missing_,6,5,7,6,30, , , 
23,1-2,11,PSU_RECODED_253,Grade 3,*,1,Walking,6,School too far away,_missing_,4,3,8,6,45, , , 
23,1-2,11,PSU_RECODED_OTHER,Grade 7,*,1,Walking,3,School too far away,_missing_,2,1,1,1,20, , , 
23,1-2,12,PSU_RECODED_754,Grade 3,*,1,Walking,3,School too far away,_missing_,10,9,15,6,45, , , 
23,1-2,12,PSU_RECODED_754,Grade 3,*,1,Walking,4,School too far away,_missing_,6,5,1,1,10, , , 
23,1-2,12,PSU_RECODED_754,Grade 8,*,1,Walking,6,School too far away,_missing_,13,12,2,6,25, , , 
23,1-2,1,PSU_RECODED_OTHER,Grade 2,*,1,Walking,4,School too far away,_missing_,11,10,0,1,5, , , 
23,1-2,1,PSU_RECODED_OTHER,Grade 2,*,1,Walking,6,School too far away,_missing_,7,6,0,1,5, , , 
23,1-2,12,PSU_RECODED_727,Grade 1,*,1,Walking,3,School too far away,_missing_,13,12,4,5,20, , , 
23,1-2,12,PSU_RECODED_727,Grade 1,*,1,Walking,4,School too far away,_missing_,9,8,4,5,20, , , 
23,1-2,12,PSU_RECODED_727,Grade 7,*,1,Walking,4,School too far away,_missing_,11,10,4,1,30, , , 
23,1-2,12,PSU_RECODED_727,Grade 7,*,1,Walking,5,School too far away,_missing_,2,1,4,1,30, , , 
23,1-2,2,PSU_RECODED_849,Grade 1,*,1,Walking,4,School too far away,_missing_,8,7,1,1,10, , , 
23,1-2,2,PSU_RECODED_849,Grade 1,*,1,Walking,5,School too far away,_missing_,3,2,1,1,10, , , 
23,1-2,2,PSU_RECODED_849,Grade 9,*,1,Walking,2,School too far away,_missing_,10,9,1,1,15, , , 
23,1-2,2,PSU_RECODED_90,Grade 4,*,1,Walking,2,House keeping / Family business,_missing_, , , , , , ,7, 
23,1-2,2,PSU_RECODED_90,Grade 4,*,1,Walking,3,School too far away,_missing_,10,9,1,1,10, , , 
23,1-2,2,PSU_RECODED_90,Grade 4,*,1,Walking,4,School too far away,_missing_,4,3,1,1,10, , , 
23,1-2,2,PSU_RECODED_90,Grade 10,*,1,Walking,4,House keeping / Family business,_missing_, , , , , , ,3,2018
23,1-2,2,PSU_RECODED_90,Grade 10,*,1,Walking,5,School too far away,_missing_,8,7,1,1,10, , , 
23,1-2,3,PSU_RECODED_776,Grade 4,*,1,Walking,3,School too far away,_missing_,9,8,1,1,10, , , 
23,1-2,4,PSU_RECODED_OTHER,Grade 5,*,1,Walking,3,School too far away,_missing_,1,19,1,1,15, , , 
23,1-2,4,PSU_RECODED_602,Grade 2,*,1,Walking,2,School too far away,_missing_,7,6,1,1,10, , , 
23,1-2,4,PSU_RECODED_602,Grade 9,*,1,Walking,3,School too far away,_missing_,7,6,8,6,30, , , 
23,1-2,4,PSU_RECODED_602,Grade 9,*,1,Walking,4,School too far away,_missing_,5,4,0,1,10, , , 
23,1-2,4,PSU_RECODED_602,Grade 9,*,1,Walking,5,School too far away,_missing_,3,2,0,1,10, , , 
23,1-2,5,PSU_RECODED_418,Grade 5,*,1,Walking,3,School too far away,_missing_,3,2,5,6,20, , , 
23,1-2,5,PSU_RECODED_418,Grade 5,*,1,Walking,4,School too far away,_missing_,1,19,5,6,20, , , 
23,1-2,5,PSU_RECODED_OTHER,Grade 4,*,1,Walking,3,School too far away,_missing_,13,12,3,1,20, , , 
23,1-2,5,PSU_RECODED_OTHER,Grade 4,*,1,Walking,4,School too far away,_missing_,9,8,3,1,20, , , 
23,1-2,6,PSU_RECODED_617,Grade 3,*,1,Walking,3,School too far away,_missing_,6,5,1,1,10, , , 
23,1-2,6,PSU_RECODED_617,Grade 3,*,1,Walking,4,School too far away,_missing_,4,3,1,1,10, , , 
23,1-2,6,PSU_RECODED_617,Grade 3,*,1,Walking,5,Financial problems,_missing_, , , , , ,7, , 
23,1-2,6,PSU_RECODED_617,Grade 8,*,1,Walking,3,School too far away,_missing_,13,12,6,6,30, , , 
23,1-2,6,PSU_RECODED_617,Grade 8,*,1,Walking,4,School too far away,_missing_,12,11,6,6,30, , , 
23,1-2,6,PSU_RECODED_617,Grade 8,*,1,Walking,5,School too far away,_missing_,8,7,6,6,30, , , 
23,1-2,7,PSU_RECODED_903,Grade 2,*,1,Walking,6,School too far away,_missing_,6,5,8,6,30, , , 
23,1-2,7,PSU_RECODED_903,Grade 2,*,1,Walking,7,School too far away,_missing_,4,3,8,6,30, , , 
23,1-2,8,PSU_RECODED_196,Grade 4,*,1,Walking,3,School too far away,_missing_,9,8,6,6,30, , , 
23,1-2,8,PSU_RECODED_196,Grade 4,*,1,Walking,4,School too far away,_missing_,5,4,1,6,30, , , 
23,1-2,8,PSU_RECODED_OTHER,Grade 2,*,1,Walking,3,School too far away,_missing_,11,10,9,6,30, , , 
23,1-2,8,PSU_RECODED_OTHER,Grade 2,*,1,Walking,4,School too far away,_missing_,5,4,9,6,30, , , 
23,1-2,8,PSU_RECODED_OTHER,Grade 9,*,1,Walking,1,House keeping / Family business,_missing_, , , , , , ,7,2018
23,1-2,9,PSU_RECODED_501,Grade 3,*,1,Walking,7,House keeping / Family business,_missing_, , , , , , ,6,2018
23,1-2,9,PSU_RECODED_501,Grade 10,*,1,Walking,3,House keeping / Family business,_missing_, , , , , , ,9,2014
23,1-2,1,PSU_RECODED_OTHER,Grade 4,*,1,Walking,3,School too far away,_missing_,6,5,3,6,20, , , 
23,1-2,9,PSU_RECODED_493,Grade 10,*,1,Walking,3,School too far away,_missing_,11,10,5,6,30, , , 
23,1-2,9,PSU_RECODED_493,Grade 10,*,1,Walking,4,School too far away,_missing_,8,7,5,6,30, , , 
23,1-2,9,PSU_RECODED_493,Grade 10,*,1,Walking,5,School too far away,_missing_,6,5,5,6,30, , , 
23,1,1,PSU_RECODED_75,Grade 5,*,1,Walking,4,School too far away,_missing_,2,1,3,6,30, , , 
23,1-2,10,PSU_RECODED_OTHER,Grade 2,*,1,Walking,5,School too far away,_missing_,1,19,1,1,1, , , 
23,1-2,10,PSU_RECODED_OTHER,Grade 10,*,1,Walking,2,Financial problems,_missing_, , , , , ,4, , 
23,1-2,10,PSU_RECODED_OTHER,Grade 10,*,1,Walking,3,Financial problems,_missing_, , , , , ,4, , 
23,1-2,2,PSU_RECODED_376,Grade 4,*,1,Walking,4,House keeping / Family business,_missing_, , , , , , ,7, 
23,1-2,2,PSU_RECODED_376,Grade 4,*,1,Walking,5,School too far away,_missing_,9,8,0,1,5, , , 
23,1-2,2,PSU_RECODED_376,Grade 8,*,1,Walking,3,House keeping / Family business,_missing_, , , , , , ,7,2018
23,1-2,2,PSU_RECODED_376,Grade 8,*,1,Walking,4,School too far away,_missing_,8,7,0,1,5, , , 
23,1-2,2,PSU_RECODED_376,Grade 8,*,1,Walking,5,School too far away,_missing_,5,4,0,1,5, , , 
23,1-2,2,PSU_RECODED_376,Grade 8,*,1,Walking,6,School too far away,_missing_,2,1,0,1,5, , , 
23,1-2,2,PSU_RECODED_420,Grade 3,*,1,Walking,3,School too far away,_missing_,1,19,2,1,30, , , 
23,1-2,11,PSU_RECODED_OTHER,Grade 4,*,1,Walking,3,School too far away,_missing_,5,4,1,1,10, , , 
23,1-2,11,PSU_RECODED_OTHER,Grade 4,*,1,Walking,4,School too far away,_missing_,2,1,1,1,10, , , 
23,1-2,11,PSU_RECODED_OTHER,Grade 8,*,1,Walking,3,School too far away,_missing_,10,9,1,1,20, , , 
23,1-2,3,PSU_RECODED_277,Grade 4,*,1,Walking,4,School too far away,_missing_,13,12,6,5,30, , , 
23,1-2,4,PSU_RECODED_OTHER,Grade 6,*,1,Walking,5,School too far away,_missing_,2,1,0,1,10, , , 
23,1-2,12,PSU_RECODED_676,Grade 3,*,1,Walking,3,School too far away,_missing_,7,6,6,1,30, , , 
23,1-2,12,PSU_RECODED_676,Grade 3,*,1,Walking,4,School too far away,_missing_,2,1,6,1,30, , , 
23,1-2,12,PSU_RECODED_676,Grade 7,*,1,Walking,3,House keeping / Family business,_missing_, , , , , , ,8, 
23,1-2,12,PSU_RECODED_676,Grade 7,*,1,Walking,4,School too far away,_missing_,12,11,6,1,40, , , 
23,1-2,12,PSU_RECODED_676,Grade 7,*,1,Walking,5,School too far away,_missing_,8,7,6,1,40, , , 
23,1,4,PSU_RECODED_OTHER,Grade 7,*,1,Walking,5,School too far away,_missing_,13,12,3,1,30, , , 
23,1,4,PSU_RECODED_OTHER,Grade 7,*,1,Walking,6,School too far away,_missing_,10,9,3,1,30, , , 
23,1,4,PSU_RECODED_OTHER,Grade 7,*,1,Walking,7,School too far away,_missing_,6,5,3,1,30, , , 
23,1-2,6,PSU_RECODED_OTHER,Grade 3,*,1,Walking,4,School too far away,_missing_,12,11,8,6,45, , , 
23,1-2,6,PSU_RECODED_457,Grade 2,*,1,Walking,5,School too far away,_missing_,5,4,2,2,1, , , 
23,1-2,6,PSU_RECODED_457,Grade 9,*,1,Walking,4,School too far away,_missing_,3,2,3,6,20, , , 
23,1-2,6,PSU_RECODED_457,Grade 9,*,1,Walking,5,School too far away,_missing_,1,19,3,6,20, , , 
23,1-2,7,PSU_RECODED_192,Grade 2,*,1,Walking,3,School too far away,_missing_,11,10,0,1,15, , , 
23,1-2,7,PSU_RECODED_192,Grade 7,*,1,Walking,3,School too far away,_missing_,6,5,2,6,30, , , 
23,1-2,7,PSU_RECODED_739,Grade 4,*,1,Walking,3,School too far away,_missing_,3,2,2,1,15, , , 
23,1-2,7,PSU_RECODED_739,Grade 4,*,1,Walking,4,School too far away,_missing_,2,1,2,1,15, , , 
23,1-2,8,PSU_RECODED_OTHER,Grade 4,*,1,Walking,4,School too far away,_missing_,7,6,0,1,20, , , 
23,1-2,8,PSU_RECODED_99,Grade 9,*,1,Walking,5,Financial problems,_missing_, , , , , ,7, , 
23,1-2,9,PSU_RECODED_548,Grade 4,*,1,Walking,5,School too far away,_missing_,10,9,0,1,15, , , 
23,1-2,10,PSU_RECODED_96,Grade 2,*,1,Walking,3,School too far away,_missing_,5,4,4,6,20, , , 
23,1-2,10,PSU_RECODED_664,Grade 6,*,1,Walking,3,School too far away,_missing_,13,12,3,1,20, , , 
23,1-2,10,PSU_RECODED_664,Grade 6,*,1,Walking,4,School too far away,_missing_,11,10,3,1,20, , , 
23,1-2,10,PSU_RECODED_664,Grade 6,*,1,Walking,5,School too far away,_missing_,7,6,3,1,20, , , 
23,1-2,12,PSU_RECODED_663,Grade 7,*,1,Walking,3,School too far away,_missing_,10,9,5,3,20, , , 
23,1-2,12,PSU_RECODED_663,Grade 7,*,1,Walking,4,School too far away,_missing_,2,1,5,3,20, , , 
31,1-2,1,PSU_RECODED_190,Grade 7,*,1,Walking,3,School too far away,_missing_,2,1,11,3,25, , , 
31,1,1,PSU_RECODED_736,Grade 4,*,1,Walking,3,School too far away,_missing_,11,10,3,3,13, , , 
31,1-2,1,PSU_RECODED_OTHER,Grade 1,*,1,Walking,3,School too far away,_missing_,1,19,1,7,2, , , 
31,1-2,1,PSU_RECODED_OTHER,Grade 10,*,1,Walking,3,School too far away,_missing_,13,12,3,6,15, , , 
31,1-2,2,PSU_RECODED_OTHER,Grade 8,*,1,Walking,3,School too far away,_missing_,8,7,4,3,5, , , 
31,1-2,2,PSU_RECODED_OTHER,Grade 8,*,1,Walking,4,School too far away,_missing_,5,4,4,5,20, , , 
31,1-2,2,PSU_RECODED_OTHER,Grade 8,*,1,Walking,5,School too far away,_missing_,1,19,5,3,15, , , 
31,1,1,PSU_RECODED_369,Grade 2,*,1,Walking,3,School too far away,_missing_,10,9,1,2,5, , , 
31,1,1,PSU_RECODED_369,Grade 2,*,1,Walking,4,School too far away,_missing_,8,7,1,2,5, , , 
31,1,1,PSU_RECODED_369,Grade 10,*,1,Walking,4,School too far away,_missing_,13,12,0,1,10, , , 
31,1-2,2,PSU_RECODED_695,Grade 2,*,1,Walking,4,School too far away,_missing_,6,5,3,5,6, , , 
31,1-2,2,PSU_RECODED_695,Grade 2,*,1,Walking,5,School too far away,_missing_,1,19,3,5,6, , , 
31,1-2,2,PSU_RECODED_695,Grade 6,*,1,Walking,3,School too far away,_missing_,10,9,5,5,30, , , 
31,1-2,2,PSU_RECODED_695,Grade 6,*,1,Walking,4,School too far away,_missing_,5,4,5,5,30, , , 
31,1-2,2,PSU_RECODED_695,Grade 10,*,1,Walking,4,School too far away,_missing_,7,6,3,5,20, , , 
31,1-2,2,PSU_RECODED_695,Grade 10,*,1,Walking,5,School too far away,_missing_,3,2,3,5,20, , , 
31,1-2,2,PSU_RECODED_695,Grade 10,*,1,Walking,6,School too far away,_missing_,3,2,3,5,20, , , 
31,1-2,3,PSU_RECODED_525,Grade 4,*,1,Walking,4,School too far away,_missing_,11,10,6,9,6, , , 
31,1-2,3,PSU_RECODED_525,Grade 4,*,1,Walking,5,School too far away,_missing_,8,7,11,9,6, , , 
31,1-2,3,PSU_RECODED_525,Grade 4,*,1,Walking,6,School too far away,_missing_,8,7,11,9,6, , , 
31,1-2,3,PSU_RECODED_525,Grade 9,*,1,Walking,3,Financial problems,_missing_, , , , , ,7, , 
31,1-2,2,PSU_RECODED_OTHER,Grade 5,*,1,Walking,3,School too far away,_missing_,2,1,7,5,15, , , 
31,1-2,2,PSU_RECODED_OTHER,Grade 10,*,1,Walking,3,School too far away,_missing_,11,10,0,1,10, , , 
31,1-2,2,PSU_RECODED_OTHER,Grade 10,*,1,Walking,4,School too far away,_missing_,6,5,7,6,20, , , 
31,1-2,2,PSU_RECODED_217,Grade 5,*,1,Walking,3,School too far away,_missing_,5,4,1,5,10, , , 
31,1-2,2,PSU_RECODED_217,Grade 10,*,1,Walking,4,School too far away,_missing_,8,7,2,6,10, , , 
31,1-2,3,PSU_RECODED_867,Grade 8,*,1,Walking,3,School too far away,_missing_,3,2,2,3,10, , , 
31,1-2,3,PSU_RECODED_867,Grade 8,*,1,Walking,4,School too far away,_missing_,1,19,2,3,10, , , 
31,1-2,4,PSU_RECODED_OTHER,Grade 1,*,1,Walking,3,School too far away,_missing_,7,6,13,5,25, , , 
31,1-2,3,PSU_RECODED_798,Grade 1,*,1,Walking,2,School too far away,_missing_,10,9,2,5,10, , , 
31,1-2,3,PSU_RECODED_798,Grade 1,*,1,Walking,3,School too far away,_missing_,5,4,10,6,20, , , 
31,1-2,4,PSU_RECODED_273,Grade 2,*,1,Walking,3,School too far away,_missing_,11,10,1,3,10, , , 
31,1-2,4,PSU_RECODED_273,Grade 2,*,1,Walking,4,School too far away,_missing_,7,6,1,3,10, , , 
31,1-2,4,PSU_RECODED_273,Grade 2,*,1,Walking,5,School too far away,_missing_,4,3,1,3,13, , , 
31,1-2,4,PSU_RECODED_881,Grade 1,*,1,Walking,2,House keeping / Family business,_missing_, , , , , , ,6,2008
31,1-2,4,PSU_RECODED_881,Grade 5,*,1,Walking,3,School too far away,_missing_,9,8,7,5,20, , , 
31,1-2,4,PSU_RECODED_881,Grade 5,*,1,Walking,4,School too far away,_missing_,3,2,0,1,10, , , 
31,1-2,4,PSU_RECODED_881,Grade 5,*,1,Walking,5,School too far away,_missing_,2,1,0,1,10, , , 
31,1-2,4,PSU_RECODED_881,Grade 9,*,1,Walking,4,School too far away,_missing_,12,11,6,6,25, , , 
31,1-2,4,PSU_RECODED_881,Grade 9,*,1,Walking,5,School too far away,_missing_,5,4,6,6,25, , , 
31,1-2,5,PSU_RECODED_OTHER,Grade 1,*,1,Walking,3,School too far away,_missing_,3,2,4,3,15, , , 
31,1-2,5,PSU_RECODED_OTHER,Grade 1,*,1,Walking,4,School too far away,_missing_,1,19,4,3,15, , , 
31,1-2,4,PSU_RECODED_OTHER,Grade 1,*,1,Walking,3,School too far away,_missing_,11,10,3,3,10, , , 
31,1-2,5,PSU_RECODED_OTHER,Grade 3,*,1,Walking,4,House keeping / Family business,_missing_, , , , , , ,9,2018
31,1-2,5,PSU_RECODED_OTHER,Grade 3,*,1,Walking,2,School too far away,_missing_,12,11,10,6,70, , , 
31,1-2,6,PSU_RECODED_342,Grade 4,*,1,Walking,3,House keeping / Family business,_missing_, , , , , , ,99,2018
31,1-2,5,PSU_RECODED_397,Grade 2,*,1,Walking,4,School too far away,_missing_,2,1,1,1,15, , , 
31,1-2,5,PSU_RECODED_397,Grade 8,*,1,Walking,4,School too far away,_missing_,12,11,12,6,60, , , 
31,1-2,6,PSU_RECODED_699,Grade 7,*,1,Walking,2,School too far away,_missing_,3,2,5,5,20, , , 
31,1-2,7,PSU_RECODED_19,Grade 3,*,1,Walking,3,School too far away,_missing_,5,4,15,6,80, , , 
31,1-2,7,PSU_RECODED_19,Grade 3,*,1,Walking,4,Financial problems,_missing_, , , , , ,7, , 
31,1-2,7,PSU_RECODED_19,Grade 7,*,1,Walking,3,School too far away,_missing_,12,11,6,6,30, , , 
31,1-2,7,PSU_RECODED_19,Grade 7,*,1,Walking,4,School too far away,_missing_,11,10,6,6,30, , , 
31,1-2,6,PSU_RECODED_177,Grade 2,*,1,Walking,3,School too far away,_missing_,13,12,7,6,15, , , 
31,1-2,6,PSU_RECODED_177,Grade 6,*,1,Walking,3,School too far away,_missing_,8,7,0,1,5, , , 
31,1-2,6,PSU_RECODED_177,Grade 6,*,1,Walking,4,School too far away,_missing_,6,5,0,1,5, , , 
31,1-2,6,PSU_RECODED_177,Grade 6,*,1,Walking,5,School too far away,_missing_,2,1,0,1,5, , , 
31,1-2,6,PSU_RECODED_177,Grade 10,*,1,Walking,4,School too far away,_missing_,3,2,2,3,5, , , 
31,1-2,6,PSU_RECODED_612,Grade 1,*,1,Walking,4,School too far away,_missing_,5,4,7,6,20, , , 
31,1-2,7,PSU_RECODED_396,Grade 4,*,1,Walking,7,House keeping / Family business,_missing_, , , , , , ,9,2018
31,1-2,7,PSU_RECODED_445,Grade 2,*,1,Walking,5,School too far away,_missing_,10,9,4,5,20, , , 
31,1-2,7,PSU_RECODED_445,Grade 2,*,1,Walking,6,School too far away,_missing_,7,6,0,1,6, , , 
31,1-2,7,PSU_RECODED_445,Grade 2,*,1,Walking,7,School too far away,_missing_,4,3,0,1,6, , , 
31,1-2,7,PSU_RECODED_445,Grade 10,*,1,Walking,3,School too far away,_missing_,2,1,4,6,20, , , 
31,1-2,8,PSU_RECODED_233,Grade 7,*,1,Walking,3,School too far away,_missing_,5,4,2,1,15, , , 
31,1-2,8,PSU_RECODED_233,Grade 7,*,1,Walking,4,School too far away,_missing_,2,1,2,1,15, , , 
31,1-2,7,PSU_RECODED_76,Grade 4,*,1,Walking,3,School too far away,_missing_,13,13,9,5,45, , , 
31,1-2,8,PSU_RECODED_265,Grade 1,*,1,Walking,4,School too far away,_missing_,12,11,2,3,10, , , 
31,1-2,8,PSU_RECODED_265,Grade 1,*,1,Walking,5,School too far away,_missing_,10,9,2,3,10, , , 
31,1-2,8,PSU_RECODED_265,Grade 5,*,1,Walking,5,Financial problems,_missing_, , , , , ,7, , 
31,1-2,8,PSU_RECODED_265,Grade 9,*,1,Walking,2,School too far away,_missing_,12,11,2,1,20, , , 
31,1-2,8,PSU_RECODED_265,Grade 9,*,1,Walking,3,School too far away,_missing_,6,5,2,1,20, , , 
31,1-2,8,PSU_RECODED_455,Grade 3,*,1,Walking,3,School too far away,_missing_,11,10,5,2,15, , , 
31,1-2,8,PSU_RECODED_455,Grade 3,*,1,Walking,4,School too far away,_missing_,7,6,1,2,5, , , 
31,1-2,9,PSU_RECODED_796,Grade 1,*,1,Walking,3,School too far away,_missing_,13,12,12,6,45, , , 
31,1-2,8,PSU_RECODED_OTHER,Grade 8,*,1,Walking,3,School too far away,_missing_,9,8,0,1,20, , , 
31,1-2,8,PSU_RECODED_OTHER,Grade 8,*,1,Walking,4,School too far away,_missing_,6,5,0,1,20, , , 
31,1-2,8,PSU_RECODED_OTHER,Grade 8,*,1,Walking,5,School too far away,_missing_,2,1,0,1,20, , , 
31,1-2,9,PSU_RECODED_735,Grade 2,*,1,Walking,3,House keeping / Family business,_missing_, , , , , , ,99,2018
31,1-2,9,PSU_RECODED_735,Grade 2,*,1,Walking,4,School too far away,_missing_,13,12,10,6,25, , , 
31,1-2,9,PSU_RECODED_735,Grade 8,*,1,Walking,4,School too far away,_missing_,11,10,16,5,35, , , 
31,1-2,8,PSU_RECODED_OTHER,Grade 2,*,1,Walking,4,Financial problems,_missing_, , , , , ,4, , 
31,1-2,1,PSU_RECODED_564,Grade 1,*,1,Walking,4,House keeping / Family business,_missing_, , , , , , ,6,2016
31,1-2,1,PSU_RECODED_564,Grade 1,*,1,Walking,5,School too far away,_missing_,11,10,1,1,20, , , 
31,1-2,1,PSU_RECODED_564,Grade 5,*,1,Walking,3,School too far away,_missing_,13,12,7,6,25, , , 
31,1-2,1,PSU_RECODED_564,Grade 5,*,1,Walking,4,School too far away,_missing_,12,11,7,6,25, , , 
31,1-2,9,PSU_RECODED_OTHER,Grade 7,*,1,Walking,3,School too far away,_missing_,10,9,0,1,10, , , 
31,1-2,9,PSU_RECODED_506,Grade 2,*,1,Walking,3,School too far away,_missing_,2,1,9,3,35, , , 
31,1-2,9,PSU_RECODED_506,Grade 8,*,1,Walking,3,School too far away,_missing_,10,9,7,5,40, , , 
31,1,1,PSU_RECODED_367,Grade 4,*,1,Walking,4,House keeping / Family business,_missing_, , , , , , ,2,2011
31,1,1,PSU_RECODED_367,Grade 8,*,1,Walking,2,School too far away,_missing_,13,12,17,6,45, , , 
31,1,1,PSU_RECODED_367,Grade 8,*,1,Walking,3,School too far away,_missing_,7,6,0,1,20, , , 
31,1-2,10,PSU_RECODED_144,Grade 2,*,1,Walking,4,School too far away,_missing_,5,4,20,5,45, , , 
31,1-2,10,PSU_RECODED_144,Grade 10,*,1,Walking,3,School too far away,_missing_,3,2,5,5,25, , , 
31,1-2,10,PSU_RECODED_144,Grade 10,*,1,Walking,4,School too far away,_missing_,1,19,5,5,25, , , 
31,1,9,PSU_RECODED_885,Grade 2,*,1,Walking,3,House keeping / Family business,_missing_, , , , , , ,7, 
31,1,9,PSU_RECODED_885,Grade 5,*,1,Walking,3,School too far away,_missing_,3,2,1,3,10, , , 
31,1,9,PSU_RECODED_885,Grade 5,*,1,Walking,4,School too far away,_missing_,1,19,1,3,10, , , 
31,1,9,PSU_RECODED_885,Grade 10,*,1,Walking,2,School too far away,_missing_,3,2,0,1,10, , , 
31,1-2,1,PSU_RECODED_69,Grade 5,*,1,Walking,6,School too far away,_missing_,1,19,0,1,3, , , 
31,1-2,1,PSU_RECODED_69,Grade 9,*,1,Walking,3,School too far away,_missing_,5,4,5,6,35, , , 
31,1-2,10,PSU_RECODED_99,Grade 2,*,1,Walking,3,School too far away,_missing_,2,1,0,1,10, , , 
31,1-2,2,PSU_RECODED_396,Grade 6,*,1,Walking,5,School too far away,_missing_,6,5,0,3,10, , , 
31,1-2,2,PSU_RECODED_396,Grade 6,*,1,Walking,6,School too far away,_missing_,1,19,0,3,10, , , 
31,1-2,10,PSU_RECODED_25,Grade 2,*,1,Walking,3,School too far away,_missing_,12,11,0,1,10, , , 
31,1-2,10,PSU_RECODED_25,Grade 8,*,1,Walking,4,School too far away,_missing_,1,19,1,1,20, , , 
31,1,2,PSU_RECODED_891,Grade 4,*,1,Walking,3,School too far away,_missing_,6,5,3,3,15, , , 
31,1,2,PSU_RECODED_891,Grade 4,*,1,Walking,4,School too far away,_missing_,2,1,3,3,15, , , 
31,1-2,11,PSU_RECODED_469,Grade 3,*,1,Walking,3,School too far away,_missing_,10,9,3,6,25, , , 
31,1-2,11,PSU_RECODED_469,Grade 3,*,1,Walking,4,School too far away,_missing_,5,4,3,5,20, , , 
31,1-2,11,PSU_RECODED_469,Grade 9,*,1,Walking,3,School too far away,_missing_,3,2,2,2,15, , , 
31,1-2,11,PSU_RECODED_469,Grade 9,*,1,Walking,4,Financial problems,_missing_, , , , , ,7, , 
31,1-2,10,PSU_RECODED_OTHER,Grade 8,*,1,Walking,4,House keeping / Family business,_missing_, , , , , , ,9,2018
31,1-2,10,PSU_RECODED_OTHER,Grade 8,*,1,Walking,5,School too far away,_missing_,7,6,2,6,12, , , 
31,1-2,3,PSU_RECODED_565,Grade 3,*,1,Walking,5,School too far away,_missing_,11,10,0,1,10, , , 
31,1-2,3,PSU_RECODED_565,Grade 3,*,1,Walking,6,School too far away,_missing_,6,5,0,1,10, , , 
31,1-2,3,PSU_RECODED_565,Grade 8,*,1,Walking,3,School too far away,_missing_,12,11,2,3,10, , , 
31,1-2,3,PSU_RECODED_565,Grade 8,*,1,Walking,4,School too far away,_missing_,10,9,2,3,10, , , 
31,1-2,11,PSU_RECODED_151,Grade 10,*,1,Walking,4,House keeping / Family business,_missing_, , , , , , ,6,2017
31,1-2,11,PSU_RECODED_151,Grade 10,*,1,Walking,5,School too far away,_missing_,5,4,0,1,10, , , 
31,1-2,11,PSU_RECODED_144,Grade 4,*,1,Walking,5,Financial problems,_missing_, , , , , ,7, , 
31,1-2,11,PSU_RECODED_OTHER,Grade 4,*,1,Walking,5,School too far away,_missing_,2,1,0,3,5, , , 
31,1-2,11,PSU_RECODED_39,Grade 3,*,1,Walking,3,School too far away,_missing_,3,2,0,1,5, , , 
31,1-2,11,PSU_RECODED_39,Grade 9,*,1,Walking,4,School too far away,_missing_,10,9,2,6,10, , , 
31,1-2,11,PSU_RECODED_39,Grade 9,*,1,Walking,5,School too far away,_missing_,8,7,2,6,10, , , 
31,1-2,3,PSU_RECODED_109,Grade 7,*,1,Walking,3,School too far away,_missing_,6,5,7,3,20, , , 
31,1-2,3,PSU_RECODED_109,Grade 7,*,1,Walking,4,School too far away,_missing_,4,3,8,5,25, , , 
31,1-2,11,PSU_RECODED_693,Grade 1,*,1,Walking,2,School too far away,_missing_,2,1,0,1,10, , , 
31,1-2,11,PSU_RECODED_693,Grade 5,*,1,Walking,3,School too far away,_missing_,4,3,1,3,12, , , 
31,1-2,11,PSU_RECODED_693,Grade 5,*,1,Walking,4,School too far away,_missing_,1,19,1,3,12, , , 
31,1-2,11,PSU_RECODED_693,Grade 10,*,1,Walking,3,School too far away,_missing_,3,2,1,1,10, , , 
31,1-2,4,PSU_RECODED_42,Grade 5,*,1,Walking,4,School too far away,_missing_,11,10,1,5,5, , , 
31,1-2,12,PSU_RECODED_OTHER,Grade 8,*,1,Walking,3,School too far away,_missing_,12,11,4,5,20, , , 
31,1-2,4,PSU_RECODED_398,Grade 2,*,1,Walking,5,School too far away,_missing_,12,11,2,6,5, , , 
31,1,12,PSU_RECODED_223,Grade 1,*,2,Walking,3,School too far away,_missing_,11,10,0,1,20, , , 
31,1,12,PSU_RECODED_223,Grade 1,*,2,Walking,4,School too far away,_missing_,10,9,0,1,20, , , 
31,1,12,PSU_RECODED_223,Grade 1,*,2,Walking,5,School too far away,_missing_,6,5,0,1,20, , , 
31,1,12,PSU_RECODED_223,Grade 1,*,2,Walking,6,School too far away,_missing_,3,2,0,1,20, , , 
31,1-2,4,PSU_RECODED_634,Grade 6,*,1,Walking,4,House keeping / Family business,_missing_, , , , , , ,3,2018
31,1-2,4,PSU_RECODED_634,Grade 6,*,1,Walking,6,School too far away,_missing_,3,2,4,1,20, , , 
31,1-2,12,PSU_RECODED_133,Grade 5,*,1,Walking,3,School too far away,_missing_,10,9,1,1,15, , , 
31,1-2,12,PSU_RECODED_133,Grade 9,*,1,Walking,3,School too far away,_missing_,11,10,1,1,10, , , 
31,1-2,12,PSU_RECODED_133,Grade 9,*,1,Walking,4,School too far away,_missing_,7,6,1,1,10, , , 
31,1-2,5,PSU_RECODED_OTHER,Grade 1,*,1,Walking,3,House keeping / Family business,_missing_, , , , , , ,6,2016
31,1-2,5,PSU_RECODED_OTHER,Grade 1,*,1,Walking,4,School too far away,_missing_,7,6,1,3,10, , , 
31,1-2,5,PSU_RECODED_OTHER,Grade 10,*,1,Walking,5,School too far away,_missing_,4,3,1,1,20, , , 
31,1,6,PSU_RECODED_215,Grade 1,*,1,Walking,4,School too far away,_missing_,11,10,0,2,25, , , 
31,1-2,6,PSU_RECODED_733,Grade 1,*,1,Walking,5,School too far away,_missing_,4,3,9,6,30, , , 
31,1-2,6,PSU_RECODED_733,Grade 1,*,1,Walking,10,School too far away,_missing_,12,11,22,6,40, , , 
31,1-2,6,PSU_RECODED_733,Grade 1,*,1,Walking,11,School too far away,_missing_,10,9,2,6,10, , , 
31,1-2,6,PSU_RECODED_733,Grade 1,*,1,Walking,12,School too far away,_missing_,9,8,2,6,10, , , 
31,1-2,6,PSU_RECODED_733,Grade 1,*,1,Walking,13,School too far away,_missing_,7,6,2,6,10, , , 
31,1-2,6,PSU_RECODED_733,Grade 5,*,1,Walking,2,House keeping / Family business,_missing_, , , , , , ,6,2018
31,1-2,6,PSU_RECODED_733,Grade 5,*,1,Walking,3,School too far away,_missing_,7,6,3,6,10, , , 
31,1-2,6,PSU_RECODED_733,Grade 5,*,1,Walking,4,School too far away,_missing_,1,19,3,5,10, , , 
31,1-2,6,PSU_RECODED_733,Grade 9,*,1,Walking,4,House keeping / Family business,_missing_, , , , , , ,6,2018
31,1-2,7,PSU_RECODED_235,Grade 4,*,1,Walking,3,School too far away,_missing_,12,11,6,5,45, , , 
31,1-2,7,PSU_RECODED_235,Grade 4,*,1,Walking,4,School too far away,_missing_,8,7,4,6,15, , , 
31,1-2,7,PSU_RECODED_235,Grade 8,*,1,Walking,4,School too far away,_missing_,10,9,1,1,20, , , 
31,1,7,PSU_RECODED_OTHER,Grade 4,*,1,Walking,4,House keeping / Family business,_missing_, , , , , , ,6,2015
31,1-2,1,PSU_RECODED_OTHER,Grade 8,*,1,Walking,3,School too far away,_missing_,8,7,2,1,30, , , 
31,1-2,1,PSU_RECODED_OTHER,Grade 8,*,1,Walking,4,School too far away,_missing_,3,2,3,3,30, , , 
31,1-2,8,PSU_RECODED_751,Grade 6,*,1,Walking,6,School too far away,_missing_,11,10,3,3,10, , , 
31,1-2,8,PSU_RECODED_751,Grade 6,*,1,Walking,7,School too far away,_missing_,5,4,3,3,10, , , 
31,1-2,2,PSU_RECODED_588,Grade 1,*,1,Walking,3,School too far away,_missing_,10,9,10,5,50, , , 
31,1-2,2,PSU_RECODED_588,Grade 8,*,1,Walking,3,School too far away,_missing_,12,11,7,6,30, , , 
31,1-2,2,PSU_RECODED_588,Grade 8,*,1,Walking,4,School too far away,_missing_,3,2,1,6,10, , , 
31,1-2,8,PSU_RECODED_9,Grade 2,*,1,Walking,3,School too far away,_missing_,11,10,11,6,40, , , 
31,1-2,8,PSU_RECODED_9,Grade 2,*,1,Walking,4,School too far away,_missing_,7,6,8,6,30, , , 
31,1-2,8,PSU_RECODED_9,Grade 9,*,1,Walking,4,School too far away,_missing_,6,5,0,1,15, , , 
31,1-2,8,PSU_RECODED_9,Grade 9,*,1,Walking,5,School too far away,_missing_,2,1,1,3,15, , , 
31,1-2,2,PSU_RECODED_OTHER,Grade 3,*,1,Walking,4,School too far away,_missing_,13,12,3,6,30, , , 
31,1-2,2,PSU_RECODED_OTHER,Grade 7,*,1,Walking,3,School too far away,_missing_,9,8,4,2,20, , , 
31,1-2,2,PSU_RECODED_OTHER,Grade 7,*,1,Walking,4,School too far away,_missing_,3,2,4,2,20, , , 
31,1,8,PSU_RECODED_492,Grade 2,*,1,Walking,4,School too far away,_missing_,12,11,2,3,10, , , 
31,1,8,PSU_RECODED_492,Grade 7,*,1,Walking,3,School too far away,_missing_,7,6,2,1,3, , , 
31,1,8,PSU_RECODED_492,Grade 7,*,1,Walking,4,School too far away,_missing_,4,3,2,1,3, , , 
31,1-2,2,PSU_RECODED_253,Grade 1,*,1,Walking,4,School too far away,_missing_,6,5,3,2,10, , , 
31,1-2,9,PSU_RECODED_OTHER,Grade 2,*,1,Walking,4,School too far away,_missing_,9,8,3,6,20, , , 
31,1-2,9,PSU_RECODED_OTHER,Grade 2,*,1,Walking,5,School too far away,_missing_,2,1,3,6,20, , , 
31,1-2,3,PSU_RECODED_OTHER,Grade 6,*,1,Walking,5,School too far away,_missing_,1,19,3,5,15, , , 
31,1-2,9,PSU_RECODED_OTHER,Grade 8,*,1,Walking,4,School too far away,_missing_,13,12,20,3,40, , , 
31,1-2,9,PSU_RECODED_653,Grade 2,*,1,Walking,4,School too far away,_missing_,12,11,1,2,10, , , 
31,1-2,9,PSU_RECODED_653,Grade 2,*,1,Walking,5,School too far away,_missing_,6,5,5,5,30, , , 
31,1-2,9,PSU_RECODED_653,Grade 2,*,1,Walking,6,Financial problems,_missing_, , , , , ,7, , 
31,1-2,9,PSU_RECODED_653,Grade 6,*,1,Walking,4,School too far away,_missing_,13,12,1,1,10, , , 
31,1-2,9,PSU_RECODED_653,Grade 10,*,1,Walking,4,School too far away,_missing_,11,10,10,6,45, , , 
31,1-2,3,PSU_RECODED_168,Grade 9,*,1,Walking,6,School too far away,_missing_,5,4,3,3,15, , , 
31,1-2,10,PSU_RECODED_OTHER,Grade 8,*,1,Walking,3,School too far away,_missing_,8,7,10,5,30, , , 
31,1-2,10,PSU_RECODED_OTHER,Grade 8,*,1,Walking,4,School too far away,_missing_,3,2,3,2,10, , , 
31,1,4,PSU_RECODED_393,Grade 5,*,1,Walking,3,School too far away,_missing_,5,4,0,3,5, , , 
31,1,4,PSU_RECODED_393,Grade 5,*,1,Walking,4,School too far away,_missing_,1,19,0,3,5, , , 
31,1,4,PSU_RECODED_393,Grade 9,*,1,Walking,3,House keeping / Family business,_missing_, , , , , , ,7, 
31,1-2,10,PSU_RECODED_795,Grade 3,*,1,Walking,3,House keeping / Family business,_missing_, , , , , , ,9,2019
31,1-2,5,PSU_RECODED_634,Grade 3,*,1,Walking,6,School too far away,_missing_,8,7,1,3,5, , , 
31,1-2,5,PSU_RECODED_634,Grade 3,*,1,Walking,7,School too far away,_missing_,2,1,1,3,5, , , 
31,1-2,5,PSU_RECODED_634,Grade 3,*,1,Walking,8,School too far away,_missing_,1,19,1,3,5, , , 
31,1-2,5,PSU_RECODED_634,Grade 8,*,1,Walking,3,School too far away,_missing_,2,1,24,5,50, , , 
31,1-2,5,PSU_RECODED_634,Grade 8,*,1,Walking,4,School too far away,_missing_,7,6,1,5,20, , , 
31,1-2,11,PSU_RECODED_194,Grade 2,*,1,Walking,3,School too far away,_missing_,6,5,20,5,60, , , 
31,1-2,11,PSU_RECODED_194,Grade 2,*,1,Walking,4,School too far away,_missing_,3,2,1,1,15, , , 
31,1-2,11,PSU_RECODED_194,Grade 6,*,1,Walking,5,Financial problems,_missing_, , , , , ,7, , 
31,1-2,5,PSU_RECODED_OTHER,Grade 2,*,1,Walking,3,School too far away,_missing_,13,12,25,5,45, , , 
31,1-2,5,PSU_RECODED_OTHER,Grade 6,*,1,Walking,4,School too far away,_missing_,13,12,3,6,15, , , 
31,1-2,5,PSU_RECODED_OTHER,Grade 6,*,1,Walking,5,School too far away,_missing_,10,9,0,1,10, , , 
31,1-2,11,PSU_RECODED_29,Grade 7,*,1,Walking,4,School too far away,_missing_,9,8,0,1,5, , , 
31,1-2,6,PSU_RECODED_165,Grade 6,*,1,Walking,3,School too far away,_missing_,9,8,4,3,20, , , 
31,1-2,6,PSU_RECODED_165,Grade 6,*,1,Walking,4,School too far away,_missing_,4,3,4,3,20, , , 
31,1-2,6,PSU_RECODED_165,Grade 6,*,1,Walking,5,School too far away,_missing_,2,1,4,3,20, , , 
31,1,12,PSU_RECODED_422,Grade 5,*,1,Walking,4,House keeping / Family business,_missing_, , , , , , ,7,2019
31,1-2,6,PSU_RECODED_339,Grade 1,*,1,Walking,3,School too far away,_missing_,10,9,1,1,10, , , 
31,1-2,6,PSU_RECODED_339,Grade 1,*,1,Walking,4,School too far away,_missing_,3,2,4,3,25, , , 
31,1-2,6,PSU_RECODED_339,Grade 6,*,1,Walking,2,School too far away,_missing_,12,11,1,1,20, , , 
31,1-2,6,PSU_RECODED_339,Grade 6,*,1,Walking,3,School too far away,_missing_,3,2,1,1,20, , , 
31,1-2,12,PSU_RECODED_648,Grade 8,*,1,Walking,3,School too far away,_missing_,13,12,20,5,40, , , 
31,1-2,7,PSU_RECODED_496,Grade 3,*,1,Walking,2,School too far away,_missing_,9,8,0,1,15, , , 
31,1-2,7,PSU_RECODED_496,Grade 3,*,1,Walking,3,House keeping / Family business,_missing_, , , , , , ,99,2015
31,1-2,7,PSU_RECODED_496,Grade 3,*,1,Walking,4,House keeping / Family business,_missing_, , , , , , ,99,2018
31,1-2,7,PSU_RECODED_496,Grade 8,*,1,Walking,2,School too far away,_missing_,13,12,1,3,10, , , 
31,1-2,7,PSU_RECODED_496,Grade 8,*,1,Walking,3,School too far away,_missing_,11,10,1,3,10, , , 
31,1-2,7,PSU_RECODED_365,Grade 3,*,1,Walking,3,School too far away,_missing_,8,7,5,5,30, , , 
31,1-2,7,PSU_RECODED_365,Grade 3,*,1,Walking,4,Financial problems,_missing_, , , , , ,7, , 
31,1-2,7,PSU_RECODED_365,Grade 7,*,1,Walking,5,School too far away,_missing_,1,19,3,5,40, , , 
31,1-2,7,PSU_RECODED_833,Grade 2,*,1,Walking,3,House keeping / Family business,_missing_, , , , , , ,6,2018
31,1-2,7,PSU_RECODED_833,Grade 2,*,1,Walking,4,School too far away,_missing_,7,6,3,6,10, , , 
31,1-2,8,PSU_RECODED_342,Grade 2,*,1,Walking,3,School too far away,_missing_,6,5,1,1,20, , , 
31,1-2,8,PSU_RECODED_342,Grade 2,*,1,Walking,4,School too far away,_missing_,1,19,1,1,20, , , 
31,1-2,8,PSU_RECODED_342,Grade 8,*,1,Walking,3,School too far away,_missing_,12,11,10,6,50, , , 
31,1-2,8,PSU_RECODED_342,Grade 8,*,1,Walking,4,School too far away,_missing_,7,6,3,6,20, , , 
31,1-2,8,PSU_RECODED_500,Grade 7,*,1,Walking,5,School too far away,_missing_,5,4,7,5,90, , , 
31,1-2,8,PSU_RECODED_500,Grade 7,*,1,Walking,6,School too far away,_missing_,2,1,7,5,90, , , 
31,1-2,8,PSU_RECODED_OTHER,Grade 6,*,1,Walking,5,School too far away,_missing_,10,9,15,5,30, , , 
31,1-2,8,PSU_RECODED_OTHER,Grade 10,*,1,Walking,3,School too far away,_missing_,1,19,10,5,25, , , 
31,1,9,PSU_RECODED_511,Grade 9,*,1,Walking,4,School too far away,_missing_,11,10,0,1,10, , , 
31,1-2,9,PSU_RECODED_OTHER,Grade 1,*,1,Walking,3,School too far away,_missing_,2,1,3,3,10, , , 
31,1-2,10,PSU_RECODED_217,Grade 3,*,1,Walking,3,School too far away,_missing_,9,8,3,5,20, , , 
31,1-2,10,PSU_RECODED_217,Grade 3,*,1,Walking,4,School too far away,_missing_,3,2,3,3,15, , , 
31,1-2,10,PSU_RECODED_217,Grade 9,*,1,Walking,3,School too far away,_missing_,4,3,3,3,20, , , 
31,1-2,11,PSU_RECODED_OTHER,Grade 4,*,1,Walking,4,School too far away,_missing_,9,8,0,1,10, , , 
31,1-2,11,PSU_RECODED_132,Grade 1,*,1,Walking,3,School too far away,_missing_,5,4,3,3,10, , , 
31,1-2,11,PSU_RECODED_132,Grade 1,*,1,Walking,4,School too far away,_missing_,1,19,3,3,10, , , 
31,1-2,11,PSU_RECODED_132,Grade 10,*,1,Walking,6,School too far away,_missing_,5,4,0,1,5, , , 
31,1-2,11,PSU_RECODED_132,Grade 10,*,1,Walking,7,Financial problems,_missing_, , , , , ,7, , 
31,1,11,PSU_RECODED_804,Grade 2,*,1,Walking,3,School too far away,_missing_,6,5,0,1,12, , , 
31,1,11,PSU_RECODED_804,Grade 6,*,1,Walking,3,School too far away,_missing_,13,12,0,1,10, , , 
31,1,11,PSU_RECODED_804,Grade 6,*,1,Walking,4,School too far away,_missing_,12,11,0,1,15, , , 
31,1-2,12,PSU_RECODED_OTHER,Grade 5,*,1,Walking,3,Financial problems,_missing_, , , , , ,7, , 
31,1-2,12,PSU_RECODED_OTHER,Grade 10,*,2,Walking,3,School too far away,_missing_,5,4,0,1,10, , , 
31,1-2,12,PSU_RECODED_252,Grade 1,*,1,Walking,4,School too far away,_missing_,11,10,0,6,1, , , 
31,1-2,12,PSU_RECODED_252,Grade 5,*,1,Walking,5,House keeping / Family business,_missing_, , , , , , ,3,2018
31,1-2,12,PSU_RECODED_252,Grade 10,*,1,Walking,4,School too far away,_missing_,8,7,3,3,20, , , 
32,1-2,1,PSU_RECODED_415,Grade 5,*,1,Walking,3,School too far away,_missing_,9,8,2,5,10, , , 
32,1-2,1,PSU_RECODED_787,Grade 8,*,1,Walking,5,School too far away,_missing_,2,1,8,6,40, , , 
32,1-2,1,PSU_RECODED_787,Grade 8,*,1,Walking,6,School too far away,_missing_,7,6,3,3,20, , , 
32,1-2,1,PSU_RECODED_445,Grade 2,*,1,Walking,5,School too far away,_missing_,13,12,18,6,35, , , 
32,1-2,1,PSU_RECODED_445,Grade 6,*,1,Walking,4,School too far away,_missing_,11,10,2,3,15, , , 
32,1-2,1,PSU_RECODED_445,Grade 6,*,1,Walking,5,School too far away,_missing_,6,5,2,3,15, , , 
32,1-2,1,PSU_RECODED_445,Grade 10,*,1,Walking,3,School too far away,_missing_,8,7,1,2,10, , , 
32,1-2,1,PSU_RECODED_445,Grade 10,*,1,Walking,4,School too far away,_missing_,2,1,0,1,15, , , 
32,1-2,1,PSU_RECODED_876,Grade 5,*,1,Walking,3,School too far away,_missing_,1,19,14,5,30, , , 
32,1-2,2,PSU_RECODED_182,Grade 8,*,1,Walking,4,School too far away,_missing_,2,1,0,5,5, , , 
32,1-2,3,PSU_RECODED_OTHER,Grade 7,*,1,Walking,5,School too far away,_missing_,2,1,2,3,15, , , 
32,1-2,2,PSU_RECODED_OTHER,Grade 2,*,1,Walking,5,School too far away,_missing_,13,12,3,2,15, , , 
32,1-2,2,PSU_RECODED_OTHER,Grade 6,*,1,Walking,3,School too far away,_missing_,7,6,4,3,10, , , 
32,1-2,2,PSU_RECODED_OTHER,Grade 6,*,1,Walking,4,School too far away,_missing_,3,2,4,3,10, , , 
32,1-2,3,PSU_RECODED_714,Grade 2,*,1,Walking,3,School too far away,_missing_,11,10,2,1,10, , , 
32,1-2,4,PSU_RECODED_OTHER,Grade 3,*,1,Walking,3,School too far away,_missing_,6,5,3,3,15, , , 
32,1-2,4,PSU_RECODED_OTHER,Grade 3,*,1,Walking,4,School too far away,_missing_,4,3,3,3,15, , , 
32,1,3,PSU_RECODED_OTHER,Grade 6,*,1,Walking,3,School too far away,_missing_,12,11,3,3,10, , , 
32,1,3,PSU_RECODED_OTHER,Grade 6,*,1,Walking,4,School too far away,_missing_,5,4,3,3,10, , , 
32,1-2,4,PSU_RECODED_39,Grade 1,*,1,Walking,3,House keeping / Family business,_missing_, , , , , , ,9,2018
32,1-2,4,PSU_RECODED_39,Grade 1,*,1,Walking,4,School too far away,_missing_,7,6,4,6,20, , , 
32,1-2,4,PSU_RECODED_39,Grade 10,*,1,Walking,4,School too far away,_missing_,9,8,5,6,30, , , 
32,1-2,4,PSU_RECODED_126,Grade 6,*,1,Walking,3,School too far away,_missing_,9,8,2,1,35, , , 
32,1-2,5,PSU_RECODED_451,Grade 1,*,1,Walking,4,School too far away,_missing_,7,6,0,1,10, , , 
32,1-2,5,PSU_RECODED_451,Grade 6,*,1,Walking,2,School too far away,_missing_,4,3,0,1,10, , , 
32,1-2,5,PSU_RECODED_451,Grade 6,*,1,Walking,3,School too far away,_missing_,2,1,0,1,10, , , 
32,1-2,5,PSU_RECODED_451,Grade 6,*,1,Walking,5,House keeping / Family business,_missing_, , , , , , ,6,2018
32,1-2,5,PSU_RECODED_451,Grade 10,*,1,Walking,3,School too far away,_missing_,12,11,1,2,10, , , 
32,1-2,5,PSU_RECODED_451,Grade 10,*,1,Walking,4,School too far away,_missing_,1,19,1,2,10, , , 
32,1-2,4,PSU_RECODED_173,Grade 10,*,1,Walking,5,Financial problems,_missing_, , , , , ,7, , 
32,1,5,PSU_RECODED_653,Grade 7,*,1,Walking,4,School too far away,_missing_,5,4,5,3,12, , , 
32,1-2,6,PSU_RECODED_754,Grade 9,*,1,Walking,3,School too far away,_missing_,10,9,6,6,30, , , 
32,1-2,6,PSU_RECODED_754,Grade 9,*,1,Walking,4,School too far away,_missing_,5,4,0,1,10, , , 
32,1-2,6,PSU_RECODED_754,Grade 9,*,1,Walking,5,Financial problems,_missing_, , , , , ,7, , 
32,1-2,5,PSU_RECODED_220,Grade 7,*,1,Walking,5,School too far away,_missing_,5,4,3,5,20, , , 
32,1-2,5,PSU_RECODED_220,Grade 7,*,1,Walking,6,School too far away,_missing_,1,19,2,5,15, , , 
32,1-2,6,PSU_RECODED_638,Grade 9,*,1,Walking,2,School too far away,_missing_,1,19,15,6,35, , , 
32,1-2,6,PSU_RECODED_58,Grade 4,*,1,Walking,3,School too far away,_missing_,13,12,6,6,30, , , 
32,1-2,6,PSU_RECODED_58,Grade 4,*,1,Walking,4,School too far away,_missing_,9,8,6,6,30, , , 
32,1-2,6,PSU_RECODED_660,Grade 6,*,1,Walking,5,School too far away,_missing_,2,1,8,3,20, , , 
32,1-2,6,PSU_RECODED_660,Grade 10,*,1,Walking,3,School too far away,_missing_,7,1,3,6,12, , , 
32,1-2,6,PSU_RECODED_660,Grade 10,*,1,Walking,4,School too far away,_missing_,3,2,3,6,12, , , 
32,1-2,6,PSU_RECODED_476,Grade 4,*,1,Walking,7,School too far away,_missing_,10,9,7,5,20, , , 
32,1-2,6,PSU_RECODED_476,Grade 4,*,1,Walking,8,School too far away,_missing_,5,4,2,1,20, , , 
32,1-2,7,PSU_RECODED_456,Grade 5,*,1,Walking,4,School too far away,_missing_,2,1,4,5,20, , , 
32,1,6,PSU_RECODED_829,Grade 2,*,1,Walking,4,School too far away,_missing_,11,10,0,1,6, , , 
32,1-2,7,PSU_RECODED_OTHER,Grade 5,*,1,Walking,6,School too far away,_missing_,9,8,8,3,35, , , 
32,1-2,7,PSU_RECODED_OTHER,Grade 9,*,1,Walking,3,School too far away,_missing_,7,6,2,6,2, , , 
32,1-2,7,PSU_RECODED_OTHER,Grade 9,*,1,Walking,4,School too far away,_missing_,3,2,2,3,2, , , 
32,1-2,7,PSU_RECODED_361,Grade 1,*,1,Walking,3,School too far away,_missing_,6,5,4,5,45, , , 
32,1-2,7,PSU_RECODED_361,Grade 1,*,1,Walking,4,School too far away,_missing_,1,19,4,5,45, , , 
32,1-2,7,PSU_RECODED_361,Grade 10,*,1,Walking,3,School too far away,_missing_,4,3,3,6,15, , , 
32,1-2,7,PSU_RECODED_361,Grade 10,*,1,Walking,4,School too far away,_missing_,2,1,3,6,15, , , 
32,1-2,8,PSU_RECODED_1,Grade 3,*,1,Walking,4,House keeping / Family business,_missing_, , , , , , ,6,2010
32,1-2,8,PSU_RECODED_1,Grade 3,*,1,Walking,5,House keeping / Family business,_missing_, , , , , , ,6,2014
32,1-2,8,PSU_RECODED_OTHER,Grade 1,*,1,Walking,3,School too far away,_missing_,19,13,15,6,25, , , 
32,1-2,8,PSU_RECODED_OTHER,Grade 10,*,1,Walking,2,School too far away,_missing_,3,2,8,3,10, , , 
32,1-2,8,PSU_RECODED_348,Grade 4,*,1,Walking,4,School too far away,_missing_,4,3,0,3,5, , , 
32,1-2,8,PSU_RECODED_348,Grade 4,*,1,Walking,5,School too far away,_missing_,12,11,30,6,70, , , 
32,1-2,8,PSU_RECODED_348,Grade 8,*,1,Walking,3,School too far away,_missing_,12,11,1,2,10, , , 
32,1-2,8,PSU_RECODED_348,Grade 8,*,1,Walking,4,School too far away,_missing_,7,6,6,6,25, , , 
32,1-2,8,PSU_RECODED_348,Grade 8,*,1,Walking,5,School too far away,_missing_,3,2,1,5,8, , , 
32,1-2,9,PSU_RECODED_190,Grade 2,*,1,Walking,5,House keeping / Family business,_missing_, , , , , , ,6,2016
32,1-2,8,PSU_RECODED_505,Grade 3,*,1,Walking,3,School too far away,_missing_,2,1,9,3,25, , , 
32,1-2,9,PSU_RECODED_OTHER,Grade 2,*,1,Walking,3,School too far away,_missing_,12,11,30,6,50, , , 
32,1-2,9,PSU_RECODED_OTHER,Grade 9,*,1,Walking,5,School too far away,_missing_,1,19,0,2,5, , , 
32,1-2,10,PSU_RECODED_508,Grade 2,*,1,Walking,3,School too far away,_missing_,12,11,25,5,55, , , 
32,1-2,10,PSU_RECODED_508,Grade 2,*,1,Walking,4,School too far away,_missing_,8,7,0,1,7, , , 
32,1,9,PSU_RECODED_369,Grade 6,*,1,Walking,2,School too far away,_missing_,13,12,1,2,10, , , 
32,1,9,PSU_RECODED_369,Grade 6,*,1,Walking,3,School too far away,_missing_,10,9,1,2,10, , , 
32,1,9,PSU_RECODED_369,Grade 6,*,1,Walking,4,School too far away,_missing_,7,6,0,5,3, , , 
32,1,9,PSU_RECODED_369,Grade 10,*,1,Walking,5,School too far away,_missing_,3,2,10,4,5, , , 
32,1,9,PSU_RECODED_369,Grade 10,*,1,Walking,6,Financial problems,_missing_, , , , , ,7, , 
32,1-2,1,PSU_RECODED_OTHER,Grade 5,*,1,Walking,4,School too far away,_missing_,11,10,0,1,10, , , 
32,1-2,1,PSU_RECODED_OTHER,Grade 9,*,1,Walking,4,School too far away,_missing_,7,6,2,3,10, , , 
32,1-2,10,PSU_RECODED_824,Grade 7,*,1,Walking,4,School too far away,_missing_,9,8,1,1,15, , , 
32,1-2,1,PSU_RECODED_117,Grade 1,*,1,Walking,5,House keeping / Family business,_missing_, , , , , , ,9,2018
32,1-2,1,PSU_RECODED_117,Grade 5,*,1,Walking,4,School too far away,_missing_,7,6,3,5,20, , , 
32,1-2,1,PSU_RECODED_117,Grade 5,*,1,Walking,5,School too far away,_missing_,5,4,3,5,20, , , 
32,1-2,10,PSU_RECODED_134,Grade 4,*,1,Walking,2,School too far away,_missing_,6,5,6,5,15, , , 
32,1-2,10,PSU_RECODED_134,Grade 4,*,1,Walking,3,School too far away,_missing_,1,19,6,5,15, , , 
32,1-2,10,PSU_RECODED_134,Grade 8,*,1,Walking,4,School too far away,_missing_,6,5,4,6,15, , , 
32,1-2,2,PSU_RECODED_58,Grade 2,*,1,Walking,3,School too far away,_missing_,11,10,4,5,12, , , 
32,1-2,2,PSU_RECODED_58,Grade 2,*,1,Walking,4,School too far away,_missing_,3,2,1,3,5, , , 
32,1-2,11,PSU_RECODED_556,Grade 7,*,1,Walking,3,School too far away,_missing_,4,3,2,2,15, , , 
32,1-2,10,PSU_RECODED_685,Grade 1,*,1,Walking,3,School too far away,_missing_,8,7,6,5,40, , , 
32,1-2,10,PSU_RECODED_685,Grade 1,*,1,Walking,4,School too far away,_missing_,4,3,1,1,5, , , 
32,1-2,10,PSU_RECODED_685,Grade 5,*,1,Walking,3,School too far away,_missing_,11,10,2,6,40, , , 
32,1-2,10,PSU_RECODED_685,Grade 5,*,1,Walking,4,School too far away,_missing_,11,10,2,6,40, , , 
32,1-2,10,PSU_RECODED_685,Grade 5,*,1,Walking,5,School too far away,_missing_,6,5,2,6,40, , , 
32,1-2,10,PSU_RECODED_685,Grade 5,*,1,Walking,6,School too far away,_missing_,1,19,2,6,40, , , 
32,1-2,2,PSU_RECODED_672,Grade 1,*,1,Walking,5,School too far away,_missing_,3,2,1,6,15, , , 
32,1-2,2,PSU_RECODED_672,Grade 9,*,1,Walking,3,School too far away,_missing_,8,7,2,3,10, , , 
32,1-2,2,PSU_RECODED_672,Grade 9,*,1,Walking,4,School too far away,_missing_,2,1,2,3,10, , , 
32,1-2,12,PSU_RECODED_173,Grade 2,*,1,Walking,3,School too far away,_missing_,6,5,3,5,30, , , 
32,1-2,12,PSU_RECODED_173,Grade 2,*,1,Walking,4,School too far away,_missing_,2,1,3,5,30, , , 
32,1-2,12,PSU_RECODED_173,Grade 6,*,1,Walking,3,School too far away,_missing_,11,10,2,5,20, , , 
32,1-2,12,PSU_RECODED_173,Grade 6,*,1,Walking,4,School too far away,_missing_,4,3,2,5,20, , , 
32,1-2,11,PSU_RECODED_829,Grade 2,*,1,Walking,3,School too far away,_missing_,6,5,0,1,6, , , 
32,1-2,3,PSU_RECODED_815,Grade 2,*,1,Walking,2,School too far away,_missing_,3,2,3,5,30, , , 
32,1-2,12,PSU_RECODED_149,Grade 9,*,1,Walking,3,School too far away,_missing_,12,11,2,3,10, , , 
32,1-2,12,PSU_RECODED_149,Grade 9,*,1,Walking,4,School too far away,_missing_,9,8,2,3,10, , , 
32,1-2,12,PSU_RECODED_149,Grade 9,*,1,Walking,5,School too far away,_missing_,5,4,2,3,10, , , 
32,1-2,12,PSU_RECODED_OTHER,Grade 3,*,1,Walking,4,School too far away,_missing_,3,2,0,1,10, , , 
32,1-2,3,PSU_RECODED_886,Grade 5,*,1,Walking,3,School too far away,_missing_,10,9,10,3,15, , , 
32,1-2,3,PSU_RECODED_886,Grade 5,*,1,Walking,4,School too far away,_missing_,4,3,10,3,15, , , 
32,1-2,12,PSU_RECODED_OTHER,Grade 9,*,1,Walking,3,School too far away,_missing_,11,10,3,6,15, , , 
32,1-2,12,PSU_RECODED_OTHER,Grade 4,*,1,Walking,3,Financial problems,_missing_, , , , , ,7, , 
32,1-2,4,PSU_RECODED_764,Grade 3,*,1,Walking,3,School too far away,_missing_,9,8,2,5,10, , , 
32,1-2,4,PSU_RECODED_764,Grade 3,*,1,Walking,4,School too far away,_missing_,7,6,2,5,10, , , 
32,1-2,4,PSU_RECODED_764,Grade 7,*,1,Walking,3,School too far away,_missing_,12,11,9,3,25, , , 
32,1-2,4,PSU_RECODED_764,Grade 7,*,1,Walking,4,School too far away,_missing_,8,7,2,6,10, , , 
32,1-2,4,PSU_RECODED_229,Grade 5,*,1,Walking,4,School too far away,_missing_,5,4,3,5,20, , , 
32,1-2,4,PSU_RECODED_229,Grade 9,*,1,Walking,3,House keeping / Family business,_missing_, , , , , , ,8,2018
32,1-2,5,PSU_RECODED_676,Grade 3,*,1,Walking,3,School too far away,_missing_,11,10,7,6,40, , , 
32,1-2,5,PSU_RECODED_676,Grade 7,*,1,Walking,3,School too far away,_missing_,8,7,7,3,16, , , 
32,1-2,5,PSU_RECODED_676,Grade 7,*,1,Walking,4,School too far away,_missing_,3,2,2,3,5, , , 
32,1-2,5,PSU_RECODED_227,Grade 5,*,1,Walking,3,School too far away,_missing_,3,2,14,5,45, , , 
32,1-2,6,PSU_RECODED_659,Grade 1,*,1,Walking,3,School too far away,_missing_,7,6,3,2,10, , , 
32,1-2,6,PSU_RECODED_659,Grade 6,*,1,Walking,3,School too far away,_missing_,3,2,4,5,20, , , 
32,1-2,6,PSU_RECODED_659,Grade 6,*,1,Walking,4,School too far away,_missing_,2,1,4,5,20, , , 
32,1-2,6,PSU_RECODED_532,Grade 1,*,1,Walking,3,House keeping / Family business,_missing_, , , , , , ,8,2018
32,1-2,6,PSU_RECODED_532,Grade 1,*,1,Walking,4,House keeping / Family business,_missing_, , , , , , ,8,2018
32,1-2,6,PSU_RECODED_441,Grade 1,*,1,Walking,3,School too far away,_missing_,4,3,0,3,1, , , 
32,1-2,6,PSU_RECODED_441,Grade 1,*,1,Walking,4,School too far away,_missing_,3,2,0,3,1, , , 
32,1-2,6,PSU_RECODED_441,Grade 5,*,1,Walking,2,School too far away,_missing_,12,11,30,6,90, , , 
32,1-2,6,PSU_RECODED_441,Grade 5,*,1,Walking,3,School too far away,_missing_,9,8,0,1,6, , , 
32,1-2,6,PSU_RECODED_441,Grade 9,*,1,Walking,5,School too far away,_missing_,12,11,9,6,30, , , 
32,1-2,7,PSU_RECODED_402,Grade 8,*,1,Walking,3,School too far away,_missing_,9,8,4,5,30, , , 
32,1-2,1,PSU_RECODED_47,Grade 3,*,1,Walking,3,House keeping / Family business,_missing_, , , , , , ,8,2017
32,1-2,1,PSU_RECODED_47,Grade 3,*,1,Walking,4,School too far away,_missing_,10,9,3,1,25, , , 
32,1-2,7,PSU_RECODED_233,Grade 6,*,1,Walking,3,School too far away,_missing_,7,6,3,6,20, , , 
32,1-2,7,PSU_RECODED_233,Grade 6,*,1,Walking,4,School too far away,_missing_,4,3,3,6,20, , , 
32,1,1,PSU_RECODED_305,Grade 5,*,1,Walking,4,School too far away,_missing_,11,10,1,3,5, , , 
32,1,1,PSU_RECODED_305,Grade 5,*,1,Walking,5,School too far away,_missing_,8,7,0,1,10, , , 
32,1,1,PSU_RECODED_305,Grade 10,*,1,Walking,8,School too far away,_missing_,13,12,1,1,10, , , 
32,1-2,8,PSU_RECODED_526,Grade 9,*,1,Walking,4,School too far away,_missing_,8,7,1,3,5, , , 
32,1-2,8,PSU_RECODED_526,Grade 9,*,1,Walking,5,School too far away,_missing_,2,1,1,3,5, , , 
32,1-2,2,PSU_RECODED_143,Grade 7,*,1,Walking,3,School too far away,_missing_,5,4,3,3,10, , , 
32,1-2,9,PSU_RECODED_415,Grade 10,*,1,Walking,3,School too far away,_missing_,5,4,2,5,20, , , 
32,1-2,2,PSU_RECODED_513,Grade 5,*,1,Walking,3,House keeping / Family business,_missing_, , , , , , ,6,2016
32,1-2,2,PSU_RECODED_513,Grade 5,*,1,Walking,4,School too far away,_missing_,8,7,0,1,10, , , 
32,1-2,2,PSU_RECODED_513,Grade 9,*,1,Walking,4,School too far away,_missing_,2,1,2,6,20, , , 
32,1-2,3,PSU_RECODED_373,Grade 3,*,1,Walking,2,School too far away,_missing_,11,10,0,1,10, , , 
32,1-2,3,PSU_RECODED_373,Grade 3,*,1,Walking,3,School too far away,_missing_,9,8,0,1,10, , , 
32,1-2,3,PSU_RECODED_373,Grade 3,*,1,Walking,4,School too far away,_missing_,1,19,0,1,10, , , 
32,1-2,3,PSU_RECODED_373,Grade 8,*,1,Walking,2,House keeping / Family business,_missing_, , , , , , ,6,2019
32,1-2,3,PSU_RECODED_373,Grade 8,*,1,Walking,3,School too far away,_missing_,10,9,1,1,45, , , 
32,1-2,3,PSU_RECODED_373,Grade 8,*,1,Walking,4,School too far away,_missing_,1,19,1,3,10, , , 
32,1-2,9,PSU_RECODED_566,Grade 2,*,1,Walking,3,School too far away,_missing_,8,7,8,6,20, , , 
32,1-2,9,PSU_RECODED_566,Grade 2,*,1,Walking,4,School too far away,_missing_,7,6,8,6,20, , , 
32,1-2,9,PSU_RECODED_566,Grade 7,*,1,Walking,3,School too far away,_missing_,9,8,10,6,15, , , 
32,1-2,9,PSU_RECODED_566,Grade 7,*,1,Walking,4,School too far away,_missing_,5,4,5,5,15, , , 
32,1-2,9,PSU_RECODED_566,Grade 7,*,1,Walking,5,School too far away,_missing_,4,3,5,5,15, , , 
32,1-2,10,PSU_RECODED_886,Grade 1,*,1,Walking,3,School too far away,_missing_,10,9,8,5,30, , , 
32,1-2,10,PSU_RECODED_886,Grade 1,*,1,Walking,4,School too far away,_missing_,8,7,28,5,90, , , 
32,1-2,10,PSU_RECODED_886,Grade 1,*,1,Walking,5,School too far away,_missing_,2,1,2,3,10, , , 
32,1-2,4,PSU_RECODED_259,Grade 6,*,1,Walking,4,School too far away,_missing_,7,6,1,1,20, , , 
32,1-2,4,PSU_RECODED_259,Grade 6,*,1,Walking,5,School too far away,_missing_,3,2,1,1,20, , , 
32,1-2,10,PSU_RECODED_656,Grade 8,*,1,Walking,3,School too far away,_missing_,4,3,1,1,15, , , 
32,1-2,10,PSU_RECODED_OTHER,Grade 6,*,1,Walking,3,School too far away,_missing_,7,6,7,5,20, , , 
32,1-2,11,PSU_RECODED_12,Grade 1,*,1,Walking,4,School too far away,_missing_,12,11,11,5,30, , , 
32,1-2,5,PSU_RECODED_330,Grade 2,*,1,Walking,3,School too far away,_missing_,10,9,1,5,10, , , 
32,1-2,5,PSU_RECODED_330,Grade 9,*,1,Walking,4,House keeping / Family business,_missing_, , , , , , ,99,2017
32,1-2,5,PSU_RECODED_330,Grade 9,*,1,Walking,5,School too far away,_missing_,7,6,3,5,20, , , 
32,1-2,11,PSU_RECODED_736,Grade 8,*,1,Walking,2,School too far away,_missing_,1,19,0,1,4, , , 
32,1-2,12,PSU_RECODED_OTHER,Grade 1,*,1,Walking,3,School too far away,_missing_,13,12,3,6,15, , , 
32,1-2,5,PSU_RECODED_OTHER,Grade 2,*,1,Walking,4,House keeping / Family business,_missing_, , , , , , ,99,2015
32,1-2,12,PSU_RECODED_408,Grade 1,*,1,Walking,3,House keeping / Family business,_missing_, , , , , , ,8,2019
32,1-2,12,PSU_RECODED_408,Grade 1,*,1,Walking,4,School too far away,_missing_,13,12,8,6,20, , , 
32,1-2,12,PSU_RECODED_408,Grade 5,*,1,Walking,3,School too far away,_missing_,9,8,2,6,10, , , 
32,1-2,12,PSU_RECODED_408,Grade 5,*,1,Walking,4,School too far away,_missing_,2,1,8,3,20, , , 
32,1-2,12,PSU_RECODED_408,Grade 10,*,1,Walking,2,House keeping / Family business,_missing_, , , , , , ,8,2019
32,1-2,12,PSU_RECODED_408,Grade 10,*,1,Walking,3,School too far away,_missing_,10,9,5,6,30, , , 
32,1-2,12,PSU_RECODED_OTHER,Grade 9,*,1,Walking,3,School too far away,_missing_,11,10,2,2,10, , , 
32,1-2,12,PSU_RECODED_OTHER,Grade 9,*,1,Walking,4,School too far away,_missing_,7,6,2,2,10, , , 
32,1,6,PSU_RECODED_373,Grade 7,*,1,Walking,3,School too far away,_missing_,6,5,1,3,15, , , 
32,1-2,7,PSU_RECODED_8,Grade 4,*,1,Walking,3,School too far away,_missing_,11,10,2,1,25, , , 
32,1-2,7,PSU_RECODED_8,Grade 4,*,1,Walking,4,School too far away,_missing_,8,7,2,3,10, , , 
32,1-2,7,PSU_RECODED_8,Grade 4,*,1,Walking,5,School too far away,_missing_,3,2,2,3,10, , , 
32,1-2,7,PSU_RECODED_8,Grade 9,*,1,Walking,3,School too far away,_missing_,7,6,2,3,10, , , 
32,1-2,7,PSU_RECODED_8,Grade 9,*,1,Walking,4,School too far away,_missing_,4,3,2,3,10, , , 
32,1-2,7,PSU_RECODED_122,Grade 3,*,1,Walking,3,School too far away,_missing_,12,11,5,6,20, , , 
32,1-2,7,PSU_RECODED_122,Grade 7,*,1,Walking,5,School too far away,_missing_,10,9,1,1,15, , , 
32,1,7,PSU_RECODED_348,Grade 6,*,1,Walking,4,School too far away,_missing_,10,9,3,3,10, , , 
32,1,7,PSU_RECODED_348,Grade 6,*,1,Walking,5,School too far away,_missing_,5,4,3,3,10, , , 
32,1,7,PSU_RECODED_348,Grade 10,*,1,Walking,4,School too far away,_missing_,13,12,1,3,15, , , 
32,1-2,8,PSU_RECODED_676,Grade 4,*,1,Walking,2,School too far away,_missing_,13,12,3,6,15, , , 
32,1-2,8,PSU_RECODED_676,Grade 4,*,1,Walking,3,School too far away,_missing_,12,11,3,6,15, , , 
32,1-2,8,PSU_RECODED_676,Grade 10,*,1,Walking,3,School too far away,_missing_,8,7,2,6,15, , , 
32,1-2,8,PSU_RECODED_676,Grade 10,*,1,Walking,4,School too far away,_missing_,6,5,2,6,15, , , 
32,1-2,8,PSU_RECODED_90,Grade 10,*,1,Walking,2,School too far away,_missing_,3,2,3,5,15, , , 
32,1-2,8,PSU_RECODED_648,Grade 4,*,1,Walking,5,School too far away,_missing_,4,3,0,1,5, , , 
32,1-2,8,PSU_RECODED_648,Grade 4,*,1,Walking,6,School too far away,_missing_,1,19,0,1,5, , , 
32,1-2,8,PSU_RECODED_648,Grade 10,*,1,Walking,3,House keeping / Family business,_missing_, , , , , , ,2,2017
32,1-2,8,PSU_RECODED_648,Grade 10,*,1,Walking,4,School too far away,_missing_,9,8,0,1,10, , , 
32,1-2,8,PSU_RECODED_648,Grade 10,*,1,Walking,5,School too far away,_missing_,9,8,0,1,10, , , 
32,1-2,8,PSU_RECODED_648,Grade 10,*,1,Walking,6,School too far away,_missing_,5,4,0,1,10, , , 
32,1-2,9,PSU_RECODED_698,Grade 6,*,1,Walking,5,House keeping / Family business,_missing_, , , , , , ,7, 
32,1-2,9,PSU_RECODED_698,Grade 6,*,1,Walking,6,School too far away,_missing_,10,9,16,5,30, , , 
32,1-2,9,PSU_RECODED_698,Grade 6,*,1,Walking,7,School too far away,_missing_,4,3,2,3,5, , , 
32,1,9,PSU_RECODED_OTHER,Grade 4,*,1,Walking,4,School too far away,_missing_,10,9,2,3,20, , , 
32,1-2,11,PSU_RECODED_OTHER,Grade 2,*,1,Walking,3,School too far away,_missing_,7,6,6,6,20, , , 
32,1-2,11,PSU_RECODED_OTHER,Grade 2,*,1,Walking,4,Financial problems,_missing_, , , , , ,7, , 
32,1-2,11,PSU_RECODED_OTHER,Grade 9,*,1,Walking,3,School too far away,_missing_,13,12,8,5,30, , , 
32,1-2,11,PSU_RECODED_OTHER,Grade 9,*,1,Walking,4,School too far away,_missing_,8,7,8,5,30, , , 
32,1-2,12,PSU_RECODED_732,Grade 3,*,1,Walking,2,School too far away,_missing_,13,12,18,5,45, , , 
32,1-2,12,PSU_RECODED_732,Grade 3,*,1,Walking,3,School too far away,_missing_,10,9,1,1,20, , , 
32,1-2,12,PSU_RECODED_OTHER,Grade 2,*,1,Walking,3,School too far away,_missing_,11,10,1,6,15, , , 
33,1-2,1,PSU_RECODED_41,Grade 1,*,1,Walking,5,School too far away,_missing_,1,19,0,1,5, , , 
33,1-2,1,PSU_RECODED_41,Grade 6,*,1,Walking,3,School too far away,_missing_,12,11,0,3,10, , , 
33,1-2,2,PSU_RECODED_OTHER,Grade 10,*,1,Walking,3,School too far away,_missing_,12,11,4,3,45, , , 
33,1-2,1,PSU_RECODED_704,Grade 6,*,1,Walking,3,House keeping / Family business,_missing_, , , , , , ,9,2017
33,1-2,2,PSU_RECODED_502,Grade 1,*,1,Walking,3,School too far away,_missing_,13,12,12,5,20, , , 
33,1-2,2,PSU_RECODED_502,Grade 1,*,1,Walking,4,School too far away,_missing_,3,2,6,2,20, , , 
33,1-2,2,PSU_RECODED_502,Grade 6,*,1,Walking,2,School too far away,_missing_,11,10,7,5,20, , , 
33,1-2,2,PSU_RECODED_502,Grade 6,*,1,Walking,3,School too far away,_missing_,7,6,7,5,15, , , 
33,1-2,1,PSU_RECODED_145,Grade 5,*,1,Walking,3,School too far away,_missing_,12,11,14,5,40, , , 
33,1-2,1,PSU_RECODED_145,Grade 5,*,1,Walking,4,School too far away,_missing_,9,3,14,5,40, , , 
33,1-2,1,PSU_RECODED_145,Grade 5,*,1,Walking,5,School too far away,_missing_,3,2,9,5,30, , , 
33,1-2,3,PSU_RECODED_201,Grade 3,*,1,Walking,4,House keeping / Family business,_missing_, , , , , , ,7, 
33,1-2,3,PSU_RECODED_201,Grade 3,*,1,Walking,5,School too far away,_missing_,10,9,4,3,15, , , 
33,1-2,2,PSU_RECODED_OTHER,Grade 7,*,1,Walking,3,School too far away,_missing_,4,3,3,5,15, , , 
33,1-2,3,PSU_RECODED_461,Grade 7,*,1,Walking,3,School too far away,_missing_,3,2,0,3,10, , , 
33,1-2,3,PSU_RECODED_461,Grade 7,*,1,Walking,4,School too far away,_missing_,3,2,0,3,10, , , 
33,1-2,2,PSU_RECODED_732,Grade 6,*,1,Walking,4,School too far away,_missing_,8,7,30,5,60, , , 
33,1-2,2,PSU_RECODED_732,Grade 10,*,1,Walking,3,School too far away,_missing_,12,11,0,1,15, , , 
33,1,4,PSU_RECODED_752,Grade 3,*,1,Walking,3,School too far away,_missing_,12,11,1,1,15, , , 
33,1,4,PSU_RECODED_752,Grade 3,*,1,Walking,4,School too far away,_missing_,10,9,1,1,15, , , 
33,1,4,PSU_RECODED_752,Grade 3,*,1,Walking,5,School too far away,_missing_,9,8,1,1,15, , , 
33,1-2,3,PSU_RECODED_OTHER,Grade 7,*,1,Walking,4,House keeping / Family business,_missing_, , , , , , ,7, 
33,1-2,4,PSU_RECODED_OTHER,Grade 2,*,1,Walking,3,House keeping / Family business,_missing_, , , , , , ,6,2018
33,1-2,3,PSU_RECODED_547,Grade 1,*,1,Walking,4,School too far away,_missing_,13,12,8,6,40, , , 
33,1-2,3,PSU_RECODED_547,Grade 1,*,1,Walking,5,House keeping / Family business,_missing_, , , , , , ,7,2018
33,1-2,5,PSU_RECODED_253,Grade 1,*,1,Walking,4,School too far away,_missing_,6,5,2,6,10, , , 
33,1-2,5,PSU_RECODED_253,Grade 1,*,1,Walking,5,School too far away,_missing_,4,3,2,6,10, , , 
33,1-2,4,PSU_RECODED_390,Grade 2,*,1,Walking,3,House keeping / Family business,_missing_, , , , , , ,6,2016
33,1-2,4,PSU_RECODED_390,Grade 2,*,1,Walking,4,House keeping / Family business,_missing_, , , , , , ,6,2017
33,1-2,4,PSU_RECODED_390,Grade 2,*,1,Walking,5,School too far away,_missing_,9,8,1,1,15, , , 
33,1-2,4,PSU_RECODED_390,Grade 8,*,1,Walking,3,School too far away,_missing_,9,8,1,3,10, , , 
33,1-2,4,PSU_RECODED_390,Grade 8,*,1,Walking,4,Financial problems,_missing_, , , , , ,7, , 
33,1-2,5,PSU_RECODED_594,Grade 2,*,1,Walking,6,School too far away,_missing_,11,10,1,3,5, , , 
33,1-2,5,PSU_RECODED_594,Grade 6,*,1,Walking,2,School too far away,_missing_,11,10,10,5,30, , , 
33,1-2,5,PSU_RECODED_594,Grade 6,*,1,Walking,3,School too far away,_missing_,9,8,10,5,30, , , 
33,1-2,5,PSU_RECODED_594,Grade 6,*,1,Walking,4,Financial problems,_missing_, , , , , ,4, , 
33,1-2,5,PSU_RECODED_883,Grade 5,*,1,Walking,3,School too far away,_missing_,5,4,3,5,20, , , 
33,1-2,6,PSU_RECODED_256,Grade 9,*,1,Walking,3,School too far away,_missing_,2,1,0,3,10, , , 
33,1-2,5,PSU_RECODED_709,Grade 7,*,1,Walking,4,School too far away,_missing_,13,12,5,5,20, , , 
33,1-2,5,PSU_RECODED_709,Grade 7,*,1,Walking,5,School too far away,_missing_,12,11,5,5,20, , , 
33,1-2,7,PSU_RECODED_815,Grade 10,*,1,Walking,5,School too far away,_missing_,6,5,12,5,40, , , 
33,1-2,6,PSU_RECODED_450,Grade 5,*,1,Walking,4,House keeping / Family business,_missing_, , , , , , ,9,2018
33,1-2,6,PSU_RECODED_450,Grade 5,*,1,Walking,5,School too far away,_missing_,7,6,3,6,15, , , 
33,1-2,6,PSU_RECODED_450,Grade 5,*,1,Walking,6,School too far away,_missing_,6,5,3,6,15, , , 
33,1-2,6,PSU_RECODED_450,Grade 5,*,1,Walking,7,Financial problems,_missing_, , , , , ,7, , 
33,1-2,7,PSU_RECODED_10,Grade 1,*,1,Walking,3,School too far away,_missing_,6,5,1,6,5, , , 
33,1-2,7,PSU_RECODED_10,Grade 5,*,1,Walking,4,House keeping / Family business,_missing_, , , , , , ,6,2017
33,1-2,7,PSU_RECODED_10,Grade 5,*,1,Walking,6,School too far away,_missing_,7,6,4,2,10, , , 
33,1-2,6,PSU_RECODED_824,Grade 4,*,1,Walking,3,House keeping / Family business,_missing_, , , , , , ,9,2015
33,1-2,6,PSU_RECODED_824,Grade 4,*,1,Walking,4,School too far away,_missing_,11,10,2,6,15, , , 
33,1-2,6,PSU_RECODED_824,Grade 4,*,1,Walking,5,School too far away,_missing_,6,5,2,3,10, , , 
33,1-2,6,PSU_RECODED_824,Grade 4,*,1,Walking,6,School too far away,_missing_,3,2,2,3,10, , , 
33,1-2,8,PSU_RECODED_798,Grade 4,*,1,Walking,5,School too far away,_missing_,7,6,0,1,10, , , 
33,1-2,8,PSU_RECODED_798,Grade 4,*,1,Walking,6,School too far away,_missing_,3,2,0,1,10, , , 
33,1-2,8,PSU_RECODED_798,Grade 9,*,1,Walking,4,House keeping / Family business,_missing_, , , , , , ,6,2016
33,1-2,7,PSU_RECODED_242,Grade 4,*,1,Walking,3,School too far away,_missing_,12,11,4,6,60, , , 
33,1-2,7,PSU_RECODED_242,Grade 4,*,1,Walking,4,School too far away,_missing_,4,3,1,2,15, , , 
33,1-2,7,PSU_RECODED_242,Grade 8,*,1,Walking,3,School too far away,_missing_,6,5,60,5,90, , , 
33,1-2,8,PSU_RECODED_251,Grade 6,*,1,Walking,5,School too far away,_missing_,11,10,1,6,10, , , 
33,1-2,8,PSU_RECODED_251,Grade 6,*,1,Walking,6,School too far away,_missing_,8,7,1,6,10, , , 
33,1-2,8,PSU_RECODED_251,Grade 6,*,1,Walking,7,School too far away,_missing_,5,4,1,6,10, , , 
33,1-2,7,PSU_RECODED_877,Grade 4,*,1,Walking,3,School too far away,_missing_,5,4,0,3,5, , , 
33,1-2,7,PSU_RECODED_877,Grade 4,*,1,Walking,4,Financial problems,_missing_, , , , , ,7, , 
33,1-2,7,PSU_RECODED_877,Grade 9,*,1,Walking,4,School too far away,_missing_,12,11,3,6,20, , , 
33,1-2,9,PSU_RECODED_5,Grade 5,*,1,Walking,3,School too far away,_missing_,4,3,14,5,55, , , 
33,1-2,9,PSU_RECODED_5,Grade 9,*,1,Walking,4,School too far away,_missing_,7,6,1,1,5, , , 
33,1-2,8,PSU_RECODED_119,Grade 3,*,1,Walking,3,School too far away,_missing_,11,10,15,5,45, , , 
33,1-2,8,PSU_RECODED_119,Grade 3,*,1,Walking,4,School too far away,_missing_,7,6,0,1,5, , , 
33,1-2,9,PSU_RECODED_OTHER,Grade 4,*,1,Walking,4,School too far away,_missing_,10,9,2,5,15, , , 
33,1-2,9,PSU_RECODED_374,Grade 3,*,1,Walking,3,School too far away,_missing_,8,7,17,6,40, , , 
33,1-2,9,PSU_RECODED_374,Grade 3,*,1,Walking,4,School too far away,_missing_,6,5,17,6,40, , , 
33,1-2,9,PSU_RECODED_374,Grade 3,*,1,Walking,5,Financial problems,_missing_, , , , , ,7, , 
33,1-2,9,PSU_RECODED_374,Grade 8,*,1,Walking,3,House keeping / Family business,_missing_, , , , , , ,6,2018
33,1-2,9,PSU_RECODED_374,Grade 8,*,1,Walking,4,School too far away,_missing_,9,8,2,1,35, , , 
33,1-2,11,PSU_RECODED_65,Grade 1,*,1,Walking,3,School too far away,_missing_,10,9,0,5,5, , , 
33,1-2,11,PSU_RECODED_65,Grade 1,*,1,Walking,4,School too far away,_missing_,5,4,0,5,5, , , 
33,1-2,11,PSU_RECODED_65,Grade 6,*,1,Walking,3,School too far away,_missing_,5,4,0,3,5, , , 
33,1-2,11,PSU_RECODED_65,Grade 6,*,1,Walking,4,School too far away,_missing_,2,1,0,3,5, , , 
33,1-2,11,PSU_RECODED_65,Grade 10,*,1,Walking,4,House keeping / Family business,_missing_, , , , , , ,7,2019
33,1-2,11,PSU_RECODED_65,Grade 10,*,1,Walking,5,School too far away,_missing_,6,5,0,1,10, , , 
33,1-2,11,PSU_RECODED_65,Grade 10,*,1,Walking,6,School too far away,_missing_,6,5,0,1,10, , , 
33,1-2,10,PSU_RECODED_146,Grade 4,*,1,Walking,2,House keeping / Family business,_missing_, , , , , , ,2,2015
33,1-2,10,PSU_RECODED_146,Grade 10,*,1,Walking,3,School too far away,_missing_,10,9,0,1,20, , , 
33,1-2,11,PSU_RECODED_224,Grade 5,*,1,Walking,2,House keeping / Family business,_missing_, , , , , , ,7,2019
33,1-2,11,PSU_RECODED_224,Grade 5,*,1,Walking,3,School too far away,_missing_,9,8,8,6,30, , , 
33,1-2,11,PSU_RECODED_224,Grade 9,*,1,Walking,3,School too far away,_missing_,9,8,8,6,30, , , 
33,1-2,11,PSU_RECODED_224,Grade 9,*,1,Walking,4,School too far away,_missing_,5,4,7,6,30, , , 
33,1-2,11,PSU_RECODED_224,Grade 9,*,1,Walking,5,School too far away,_missing_,1,19,5,6,25, , , 
33,1-2,10,PSU_RECODED_239,Grade 7,*,1,Walking,5,School too far away,_missing_,9,8,1,1,15, , , 
33,1-2,10,PSU_RECODED_239,Grade 7,*,1,Walking,6,School too far away,_missing_,6,5,1,1,15, , , 
33,1-2,10,PSU_RECODED_239,Grade 7,*,1,Walking,7,School too far away,_missing_,3,2,1,1,15, , , 
33,1-2,12,PSU_RECODED_177,Grade 9,*,1,Walking,2,House keeping / Family business,_missing_, , , , , , ,7,2018
33,1-2,12,PSU_RECODED_177,Grade 9,*,1,Walking,3,School too far away,_missing_,7,6,1,6,15, , , 
33,1-2,12,PSU_RECODED_779,Grade 1,*,1,Walking,3,School too far away,_missing_,6,5,13,5,45, , , 
33,1-2,12,PSU_RECODED_779,Grade 1,*,1,Walking,4,School too far away,_missing_,2,1,6,6,15, , , 
33,1-2,12,PSU_RECODED_779,Grade 9,*,1,Walking,3,School too far away,_missing_,11,10,1,1,30, , , 
33,1-2,12,PSU_RECODED_779,Grade 9,*,1,Walking,4,School too far away,_missing_,8,7,1,1,30, , , 
33,1-2,12,PSU_RECODED_779,Grade 9,*,1,Walking,5,School too far away,_missing_,3,2,1,1,30, , , 
33,1-2,1,PSU_RECODED_OTHER,Grade 3,*,1,Walking,5,School too far away,_missing_,11,10,1,3,5, , , 
33,1-2,1,PSU_RECODED_OTHER,Grade 9,*,1,Walking,2,Financial problems,_missing_, , , , , ,9, , 
33,1-2,2,PSU_RECODED_63,Grade 4,*,1,Walking,3,School too far away,_missing_,10,9,25,5,60, , , 
33,1-2,2,PSU_RECODED_63,Grade 4,*,1,Walking,4,School too far away,_missing_,6,5,3,3,15, , , 
33,1-2,2,PSU_RECODED_63,Grade 4,*,1,Walking,5,School too far away,_missing_,4,3,3,3,15, , , 
33,1-2,2,PSU_RECODED_217,Grade 9,*,1,Walking,3,School too far away,_missing_,2,1,1,1,15, , , 
33,1-2,3,PSU_RECODED_854,Grade 3,*,1,Walking,3,School too far away,_missing_,7,6,5,6,15, , , 
33,1-2,5,PSU_RECODED_OTHER,Grade 7,*,1,Walking,4,School too far away,_missing_,9,8,3,6,10, , , 
33,1-2,5,PSU_RECODED_795,Grade 1,*,1,Walking,4,School too far away,_missing_,13,12,3,1,20, , , 
33,1-2,5,PSU_RECODED_795,Grade 1,*,1,Walking,5,School too far away,_missing_,9,8,0,1,2, , , 
33,1-2,5,PSU_RECODED_795,Grade 6,*,1,Walking,5,School too far away,_missing_,8,7,3,6,10, , , 
33,1-2,5,PSU_RECODED_795,Grade 6,*,1,Walking,6,School too far away,_missing_,6,5,3,6,10, , , 
33,1-2,6,PSU_RECODED_OTHER,Grade 3,*,1,Walking,3,House keeping / Family business,_missing_, , , , , , ,8,2018
33,1-2,6,PSU_RECODED_461,Grade 9,*,1,Walking,3,School too far away,_missing_,11,10,1,6,30, , , 
33,1-2,6,PSU_RECODED_461,Grade 9,*,1,Walking,4,School too far away,_missing_,7,6,1,6,30, , , 
33,1-2,8,PSU_RECODED_610,Grade 4,*,1,Walking,3,School too far away,_missing_,13,12,0,1,10, , , 
33,1-2,8,PSU_RECODED_OTHER,Grade 7,*,1,Walking,3,School too far away,_missing_,9,8,5,5,15, , , 
33,1-2,9,PSU_RECODED_99,Grade 3,*,1,Walking,3,School too far away,_missing_,13,11,12,3,10, , , 
33,1-2,9,PSU_RECODED_99,Grade 3,*,1,Walking,4,School too far away,_missing_,9,8,12,6,15, , , 
33,1-2,9,PSU_RECODED_99,Grade 7,*,1,Walking,3,House keeping / Family business,_missing_, , , , , , ,6,2017
33,1-2,10,PSU_RECODED_511,Grade 1,*,1,Walking,5,School too far away,_missing_,5,4,3,3,10, , , 
33,1-2,10,PSU_RECODED_511,Grade 1,*,1,Walking,6,Financial problems,_missing_, , , , , ,7, , 
33,1-2,10,PSU_RECODED_511,Grade 8,*,1,Walking,3,School too far away,_missing_,8,7,2,3,15, , , 
33,1-2,10,PSU_RECODED_511,Grade 8,*,1,Walking,4,School too far away,_missing_,3,2,2,3,15, , , 
33,1-2,1,PSU_RECODED_OTHER,Grade 7,*,1,Walking,4,School too far away,_missing_,11,10,2,2,15, , , 
33,1-2,10,PSU_RECODED_405,Grade 1,*,1,Walking,3,School too far away,_missing_,1,19,6,6,12, , , 
33,1-2,10,PSU_RECODED_405,Grade 7,*,1,Walking,3,House keeping / Family business,_missing_, , , , , , ,6,2017
33,1-2,10,PSU_RECODED_405,Grade 7,*,1,Walking,4,School too far away,_missing_,4,3,1,1,10, , , 
33,1-2,1,PSU_RECODED_823,Grade 1,*,1,Walking,2,School too far away,_missing_,6,5,0,1,15, , , 
33,1-2,1,PSU_RECODED_823,Grade 1,*,1,Walking,3,School too far away,_missing_,4,3,0,1,15, , , 
33,1-2,1,PSU_RECODED_823,Grade 1,*,1,Walking,4,School too far away,_missing_,1,19,0,1,15, , , 
33,1-2,1,PSU_RECODED_823,Grade 5,*,1,Walking,3,School too far away,_missing_,9,8,1,3,25, , , 
33,1-2,1,PSU_RECODED_823,Grade 9,*,1,Walking,4,School too far away,_missing_,11,10,1,1,25, , , 
33,1-2,1,PSU_RECODED_823,Grade 9,*,1,Walking,5,School too far away,_missing_,9,8,1,1,25, , , 
33,1-2,2,PSU_RECODED_518,Grade 8,*,1,Walking,4,School too far away,_missing_,8,7,1,1,15, , , 
33,1-2,2,PSU_RECODED_518,Grade 8,*,1,Walking,5,School too far away,_missing_,5,4,1,1,15, , , 
33,1-2,12,PSU_RECODED_476,Grade 4,*,1,Walking,3,School too far away,_missing_,7,6,12,6,40, , , 
33,1-2,2,PSU_RECODED_709,Grade 5,*,1,Walking,3,School too far away,_missing_,13,12,10,6,75, , , 
33,1-2,2,PSU_RECODED_709,Grade 5,*,1,Walking,4,School too far away,_missing_,8,7,3,6,45, , , 
33,1-2,12,PSU_RECODED_863,Grade 5,*,1,Walking,4,House keeping / Family business,_missing_, , , , , , ,7,2019
33,1-2,3,PSU_RECODED_645,Grade 1,*,1,Walking,3,School too far away,_missing_,7,6,1,3,10, , , 
33,1-2,3,PSU_RECODED_645,Grade 1,*,1,Walking,4,School too far away,_missing_,2,1,1,3,10, , , 
33,1-2,3,PSU_RECODED_645,Grade 10,*,1,Walking,2,School too far away,_missing_,13,12,1,6,5, , , 
33,1-2,3,PSU_RECODED_645,Grade 10,*,1,Walking,3,School too far away,_missing_,6,5,4,6,10, , , 
33,1-2,4,PSU_RECODED_OTHER,Grade 5,*,1,Walking,3,School too far away,_missing_,12,11,1,3,10, , , 
33,1-2,5,PSU_RECODED_771,Grade 5,*,1,Walking,3,School too far away,_missing_,4,3,0,1,5, , , 
33,1-2,6,PSU_RECODED_437,Grade 6,*,1,Walking,3,School too far away,_missing_,12,11,8,6,45, , , 
33,1-2,6,PSU_RECODED_437,Grade 6,*,1,Walking,4,School too far away,_missing_,10,9,1,3,15, , , 
33,1-2,6,PSU_RECODED_437,Grade 10,*,1,Walking,4,School too far away,_missing_,9,8,4,3,20, , , 
33,1-2,6,PSU_RECODED_437,Grade 10,*,1,Walking,5,School too far away,_missing_,7,6,0,1,10, , , 
33,1-2,6,PSU_RECODED_23,Grade 5,*,1,Walking,2,School too far away,_missing_,6,5,1,3,10, , , 
33,1-2,6,PSU_RECODED_23,Grade 9,*,1,Walking,3,School too far away,_missing_,4,3,1,3,10, , , 
33,1,7,PSU_RECODED_565,Grade 1,*,1,Walking,4,School too far away,_missing_,2,1,4,5,5, , , 
33,1,7,PSU_RECODED_565,Grade 10,*,2,Walking,3,School too far away,_missing_,10,9,1,6,10, , , 
33,1,7,PSU_RECODED_565,Grade 10,*,2,Walking,4,School too far away,_missing_,5,4,1,6,10, , , 
33,1-2,7,PSU_RECODED_OTHER,Grade 8,*,1,Walking,4,School too far away,_missing_,8,7,2,3,15, , , 
33,1-2,8,PSU_RECODED_714,Grade 4,*,1,Walking,3,School too far away,_missing_,9,8,1,3,5, , , 
33,1-2,8,PSU_RECODED_714,Grade 4,*,1,Walking,4,School too far away,_missing_,1,19,1,3,5, , , 
33,1-2,8,PSU_RECODED_714,Grade 9,*,1,Walking,3,Financial problems,_missing_, , , , , ,4, , 
33,1-2,8,PSU_RECODED_714,Grade 9,*,1,Walking,4,School too far away,_missing_,7,6,1,6,10, , , 
33,1-2,8,PSU_RECODED_714,Grade 9,*,1,Walking,5,Financial problems,_missing_, , , , , ,7, , 
33,1,8,PSU_RECODED_458,Grade 9,*,1,Walking,5,School too far away,_missing_,10,9,2,3,8, , , 
33,1,8,PSU_RECODED_458,Grade 9,*,1,Walking,6,School too far away,_missing_,3,2,2,3,8, , , 
33,1-2,10,PSU_RECODED_83,Grade 3,*,1,Walking,3,School too far away,_missing_,9,8,0,1,15, , , 
33,1-2,10,PSU_RECODED_83,Grade 10,*,1,Walking,3,House keeping / Family business,_missing_, , , , , , ,6,2016
33,1-2,10,PSU_RECODED_83,Grade 10,*,1,Walking,4,School too far away,_missing_,9,8,0,1,10, , , 
33,1-2,10,PSU_RECODED_83,Grade 10,*,1,Walking,5,School too far away,_missing_,7,6,0,1,10, , , 
33,1-2,10,PSU_RECODED_83,Grade 10,*,1,Walking,6,Financial problems,_missing_, , , , , ,7, , 
33,1-2,10,PSU_RECODED_145,Grade 6,*,1,Walking,4,School too far away,_missing_,12,11,7,6,10, , , 
33,1-2,11,PSU_RECODED_OTHER,Grade 8,*,1,Walking,12,School too far away,_missing_,11,10,0,1,15, , , 
33,1-2,11,PSU_RECODED_78,Grade 4,*,1,Walking,4,School too far away,_missing_,8,7,3,2,10, , , 
33,1-2,11,PSU_RECODED_78,Grade 8,*,1,Walking,4,School too far away,_missing_,5,4,2,2,10, , , 
33,1-2,11,PSU_RECODED_78,Grade 8,*,1,Walking,5,School too far away,_missing_,2,1,13,2,40, , , 
33,1-2,12,PSU_RECODED_457,Grade 3,*,1,Walking,3,School too far away,_missing_,2,1,7,3,10, , , 
33,1-2,12,PSU_RECODED_457,Grade 3,*,1,Walking,4,School too far away,_missing_,1,19,10,3,15, , , 
33,1-2,12,PSU_RECODED_457,Grade 8,*,1,Walking,3,School too far away,_missing_,12,11,7,6,60, , , 
33,1-2,12,PSU_RECODED_457,Grade 8,*,1,Walking,4,School too far away,_missing_,8,7,7,6,60, , , 
33,1-2,12,PSU_RECODED_878,Grade 3,*,1,Walking,4,House keeping / Family business,_missing_, , , , , , ,6,2018
33,1-2,12,PSU_RECODED_878,Grade 3,*,1,Walking,5,School too far away,_missing_,8,7,2,6,15, , , 
33,1-2,12,PSU_RECODED_878,Grade 3,*,1,Walking,6,School too far away,_missing_,5,4,2,6,15, , , 
33,1-2,12,PSU_RECODED_878,Grade 7,*,1,Walking,4,House keeping / Family business,_missing_, , , , , , ,7,2019
41,1,1,PSU_RECODED_1,Grade 5,*,1,Walking,3,House keeping / Family business,_missing_, , , , , , ,8,2017
41,1,1,PSU_RECODED_1,Grade 5,*,1,Walking,4,House keeping / Family business,_missing_, , , , , , ,7,2018
41,1-2,2,PSU_RECODED_51,Grade 9,*,1,Walking,4,School too far away,_missing_,10,9,0,2,5, , , 
41,1-2,1,PSU_RECODED_685,Grade 7,*,1,Walking,5,House keeping / Family business,_missing_, , , , , , ,6,2017
41,1,2,PSU_RECODED_OTHER,Grade 7,*,1,Walking,3,School too far away,_missing_,11,10,0,1,15, , , 
41,1,2,PSU_RECODED_OTHER,Grade 7,*,1,Walking,4,School too far away,_missing_,9,8,0,1,15, , , 
41,1,2,PSU_RECODED_OTHER,Grade 7,*,1,Walking,5,School too far away,_missing_,5,4,0,1,15, , , 
41,1,2,PSU_RECODED_OTHER,Grade 7,*,1,Walking,6,School too far away,_missing_,2,1,0,1,15, , , 
41,1,1,PSU_RECODED_OTHER,Grade 1,*,1,Walking,3,House keeping / Family business,_missing_, , , , , , ,5,2015
41,1-2,3,PSU_RECODED_OTHER,Grade 1,*,1,Walking,3,School too far away,_missing_,2,1,0,1,10, , , 
41,1-2,2,PSU_RECODED_OTHER,Grade 1,*,1,Walking,4,House keeping / Family business,_missing_, , , , , , ,6,2018
41,1-2,4,PSU_RECODED_881,Grade 5,*,1,Walking,3,School too far away,_missing_,8,7,0,1,5, , , 
41,1-2,4,PSU_RECODED_881,Grade 5,*,1,Walking,4,School too far away,_missing_,6,5,0,1,5, , , 
41,1-2,4,PSU_RECODED_881,Grade 5,*,1,Walking,5,School too far away,_missing_,1,19,0,3,5, , , 
41,1-2,3,PSU_RECODED_OTHER,Grade 7,*,1,Walking,5,School too far away,_missing_,10,9,2,1,15, , , 
41,1-2,5,PSU_RECODED_800,Grade 10,*,1,Walking,3,School too far away,_missing_,13,12,5,5,20, , , 
41,1,4,PSU_RECODED_34,Grade 4,*,1,Walking,3,School too far away,_missing_,11,10,2,2,15, , , 
41,1,4,PSU_RECODED_34,Grade 4,*,1,Walking,4,School too far away,_missing_,8,7,0,1,5, , , 
41,1,4,PSU_RECODED_34,Grade 4,*,1,Walking,5,School too far away,_missing_,3,2,0,1,5, , , 
41,1,4,PSU_RECODED_34,Grade 9,*,1,Walking,4,School too far away,_missing_,10,9,1,2,10, , , 
41,1-2,6,PSU_RECODED_348,Grade 9,*,1,Walking,5,House keeping / Family business,_missing_, , , , , , ,3,2016
41,1-2,5,PSU_RECODED_95,Grade 3,*,1,Walking,5,House keeping / Family business,_missing_, , , , , , ,9,2015
41,1-2,5,PSU_RECODED_95,Grade 3,*,1,Walking,6,School too far away,_missing_,8,7,0,1,10, , , 
41,1-2,5,PSU_RECODED_95,Grade 7,*,1,Walking,3,School too far away,_missing_,3,2,0,3,5, , , 
41,1-2,6,PSU_RECODED_72,Grade 6,*,1,Walking,4,School too far away,_missing_,10,9,4,2,25, , , 
41,1,5,PSU_RECODED_551,Grade 3,*,1,Walking,2,School too far away,_missing_,3,2,2,2,10, , , 
41,1,5,PSU_RECODED_551,Grade 7,*,1,Walking,4,School too far away,_missing_,11,10,0,2,10, , , 
41,1-2,7,PSU_RECODED_154,Grade 4,*,1,Walking,4,School too far away,_missing_,13,12,1,2,10, , , 
41,1-2,7,PSU_RECODED_154,Grade 4,*,1,Walking,5,School too far away,_missing_,12,11,0,2,5, , , 
41,1-2,8,PSU_RECODED_OTHER,Grade 1,*,2,Walking,2,School too far away,_missing_,12,11,2,2,12, , , 
41,1-2,8,PSU_RECODED_OTHER,Grade 1,*,2,Walking,3,School too far away,_missing_,11,10,2,2,12, , , 
41,1-2,8,PSU_RECODED_OTHER,Grade 1,*,2,Walking,4,School too far away,_missing_,6,5,0,1,10, , , 
41,1-2,7,PSU_RECODED_674,Grade 1,*,1,Walking,4,House keeping / Family business,_missing_, , , , , , ,6,2015
41,1-2,7,PSU_RECODED_674,Grade 1,*,1,Walking,5,House keeping / Family business,_missing_, , , , , , ,6,2019
41,1-2,7,PSU_RECODED_674,Grade 1,*,1,Walking,6,School too far away,_missing_,9,8,0,1,15, , , 
41,1-2,7,PSU_RECODED_674,Grade 1,*,1,Walking,7,School too far away,_missing_,7,6,0,1,15, , , 
41,1-2,7,PSU_RECODED_674,Grade 1,*,1,Walking,8,School too far away,_missing_,3,2,0,1,15, , , 
41,1-2,7,PSU_RECODED_674,Grade 1,*,1,Walking,9,School too far away,_missing_,1,19,0,2,10, , , 
41,1-2,7,PSU_RECODED_674,Grade 5,*,1,Walking,3,School too far away,_missing_,4,3,1,2,10, , , 
41,1,8,PSU_RECODED_438,Grade 2,*,1,Walking,4,School too far away,_missing_,13,12,5,2,30, , , 
41,1,8,PSU_RECODED_438,Grade 2,*,1,Walking,5,School too far away,_missing_,12,11,5,2,30, , , 
41,1,8,PSU_RECODED_438,Grade 2,*,1,Walking,6,School too far away,_missing_,3,2,5,2,30, , , 
41,1-2,9,PSU_RECODED_118,Grade 10,*,1,Walking,3,School too far away,_missing_,7,6,3,3,15, , , 
41,1-2,9,PSU_RECODED_118,Grade 10,*,1,Walking,4,School too far away,_missing_,5,4,1,3,10, , , 
41,1-2,9,PSU_RECODED_118,Grade 10,*,1,Walking,5,School too far away,_missing_,4,3,1,3,10, , , 
41,1-2,8,PSU_RECODED_771,Grade 4,*,1,Walking,2,House keeping / Family business,_missing_, , , , , , ,6,2019
41,1-2,8,PSU_RECODED_771,Grade 4,*,1,Walking,3,School too far away,_missing_,9,8,4,6,30, , , 
41,1-2,8,PSU_RECODED_771,Grade 4,*,1,Walking,4,School too far away,_missing_,6,5,4,6,30, , , 
41,1-2,8,PSU_RECODED_771,Grade 8,*,1,Walking,3,School too far away,_missing_,4,3,1,1,30, , , 
41,1-2,8,PSU_RECODED_771,Grade 8,*,1,Walking,4,School too far away,_missing_,2,1,1,1,30, , , 
41,1-2,10,PSU_RECODED_891,Grade 2,*,1,Walking,5,School too far away,_missing_,10,9,4,2,30, , , 
41,1-2,10,PSU_RECODED_891,Grade 6,*,1,Walking,3,School too far away,_missing_,1,19,0,3,4, , , 
41,1-2,10,PSU_RECODED_891,Grade 10,*,1,Walking,3,House keeping / Family business,_missing_, , , , , , ,7, 
41,1-2,10,PSU_RECODED_891,Grade 10,*,1,Walking,4,School too far away,_missing_,11,10,4,2,25, , , 
41,1-2,10,PSU_RECODED_891,Grade 10,*,1,Walking,5,School too far away,_missing_,9,8,4,2,25, , , 
41,1-2,10,PSU_RECODED_891,Grade 10,*,1,Walking,6,School too far away,_missing_,2,1,1,2,5, , , 
41,1-2,9,PSU_RECODED_OTHER,Grade 6,*,1,Walking,4,School too far away,_missing_,12,11,8,6,30, , , 
41,1-2,11,PSU_RECODED_268,Grade 1,*,1,Walking,3,School too far away,_missing_,6,5,8,5,30, , , 
41,1-2,10,PSU_RECODED_54,Grade 4,*,1,Walking,6,School too far away,_missing_,13,12,0,1,5, , , 
41,1,10,PSU_RECODED_OTHER,Grade 4,*,1,Walking,3,School too far away,_missing_,12,11,2,3,10, , , 
41,1,10,PSU_RECODED_OTHER,Grade 4,*,1,Walking,4,School too far away,_missing_,7,6,2,3,10, , , 
41,1-2,12,PSU_RECODED_OTHER,Grade 1,*,1,Walking,2,School too far away,_missing_,12,11,10,6,60, , , 
41,1-2,12,PSU_RECODED_OTHER,Grade 10,*,1,Walking,4,School too far away,_missing_,11,10,1,1,30, , , 
41,1-2,12,PSU_RECODED_OTHER,Grade 10,*,1,Walking,5,School too far away,_missing_,8,7,1,1,30, , , 
41,1-2,11,PSU_RECODED_734,Grade 5,*,1,Walking,3,School too far away,_missing_,5,4,0,2,5, , , 
41,1-2,11,PSU_RECODED_734,Grade 9,*,1,Walking,4,School too far away,_missing_,13,12,0,1,10, , , 
41,1-2,12,PSU_RECODED_OTHER,Grade 3,*,1,Walking,3,School too far away,_missing_,6,5,1,2,15, , , 
41,1-2,1,PSU_RECODED_825,Grade 2,*,1,Walking,3,School too far away,_missing_,3,2,2,1,15, , , 
41,1-2,1,PSU_RECODED_825,Grade 2,*,1,Walking,4,School too far away,_missing_,2,1,2,1,15, , , 
41,1-2,2,PSU_RECODED_401,Grade 10,*,1,Walking,3,School too far away,_missing_,6,5,7,3,20, , , 
41,1-2,2,PSU_RECODED_401,Grade 10,*,1,Walking,4,School too far away,_missing_,2,1,0,3,5, , , 
41,1,2,PSU_RECODED_624,Grade 2,*,1,Walking,3,School too far away,_missing_,9,8,1,2,15, , , 
41,1,2,PSU_RECODED_624,Grade 2,*,1,Walking,4,School too far away,_missing_,8,7,1,2,15, , , 
41,1,2,PSU_RECODED_624,Grade 2,*,1,Walking,5,School too far away,_missing_,4,3,1,3,10, , , 
41,1-2,4,PSU_RECODED_767,Grade 6,*,1,Walking,2,School too far away,_missing_,5,4,1,2,20, , , 
41,1-2,4,PSU_RECODED_767,Grade 6,*,1,Walking,3,School too far away,_missing_,1,19,4,6,25, , , 
41,1-2,4,PSU_RECODED_303,Grade 5,*,1,Walking,3,School too far away,_missing_,4,3,1,2,15, , , 
41,1-2,4,PSU_RECODED_303,Grade 10,*,1,Walking,2,House keeping / Family business,_missing_, , , , , , ,3,2017
41,1-2,4,PSU_RECODED_303,Grade 10,*,1,Walking,3,School too far away,_missing_,7,6,12,6,75, , , 
41,1-2,5,PSU_RECODED_207,Grade 9,*,1,Walking,3,School too far away,_missing_,4,3,0,2,5, , , 
41,1-2,5,PSU_RECODED_207,Grade 9,*,1,Walking,4,School too far away,_missing_,2,2,0,2,5, , , 
41,1-2,5,PSU_RECODED_207,Grade 9,*,1,Walking,8,School too far away,_missing_,13,12,6,2,25, , , 
41,1-2,6,PSU_RECODED_229,Grade 1,*,1,Walking,3,School too far away,_missing_,7,6,2,3,15, , , 
41,1-2,7,PSU_RECODED_OTHER,Grade 10,*,1,Walking,4,School too far away,_missing_,2,1,0,2,5, , , 
41,1,7,PSU_RECODED_OTHER,Grade 1,*,1,Walking,3,School too far away,_missing_,2,1,0,1,5, , , 
41,1-2,8,PSU_RECODED_OTHER,Grade 5,*,1,Walking,6,School too far away,_missing_,13,12,1,2,10, , , 
41,1-2,9,PSU_RECODED_75,Grade 5,*,1,Walking,3,School too far away,_missing_,9,8,1,2,10, , , 
41,1-2,9,PSU_RECODED_75,Grade 5,*,1,Walking,4,School too far away,_missing_,3,2,1,2,10, , , 
41,1-2,9,PSU_RECODED_75,Grade 9,*,1,Walking,3,School too far away,_missing_,11,10,2,2,10, , , 
41,1-2,9,PSU_RECODED_75,Grade 9,*,1,Walking,4,School too far away,_missing_,7,6,2,2,10, , , 
41,1-2,9,PSU_RECODED_435,Grade 3,*,1,Walking,4,School too far away,_missing_,11,10,3,2,15, , , 
41,1-2,1,PSU_RECODED_103,Grade 7,*,1,Walking,3,School too far away,_missing_,6,5,4,5,20, , , 
41,1-2,12,PSU_RECODED_422,Grade 8,*,1,Walking,3,School too far away,_missing_,5,4,4,3,25, , , 
41,1-2,12,PSU_RECODED_422,Grade 8,*,1,Walking,4,Financial problems,_missing_, , , , , ,7, , 
41,1-2,1,PSU_RECODED_704,Grade 2,*,1,Walking,3,School too far away,_missing_,11,10,2,2,20, , , 
41,1-2,1,PSU_RECODED_704,Grade 2,*,1,Walking,4,School too far away,_missing_,9,8,13,6,40, , , 
41,1-2,1,PSU_RECODED_704,Grade 2,*,1,Walking,5,School too far away,_missing_,7,6,13,6,40, , , 
41,1-2,2,PSU_RECODED_764,Grade 2,*,1,Walking,5,House keeping / Family business,_missing_, , , , , , ,6,2010
41,1-2,2,PSU_RECODED_764,Grade 2,*,1,Walking,6,School too far away,_missing_,13,12,5,6,30, , , 
41,1-2,2,PSU_RECODED_764,Grade 2,*,1,Walking,7,School too far away,_missing_,1,19,1,3,5, , , 
41,1-2,2,PSU_RECODED_764,Grade 6,*,1,Walking,6,House keeping / Family business,_missing_, , , , , , ,8,2013
41,1-2,4,PSU_RECODED_738,Grade 1,*,1,Walking,3,School too far away,_missing_,10,9,2,1,15, , , 
41,1-2,4,PSU_RECODED_738,Grade 1,*,1,Walking,4,School too far away,_missing_,9,8,2,1,15, , , 
41,1-2,5,PSU_RECODED_806,Grade 4,*,1,Walking,7,House keeping / Family business,_missing_, , , , , , ,3,2017
41,1-2,5,PSU_RECODED_806,Grade 8,*,1,Walking,3,House keeping / Family business,_missing_, , , , , , ,9,2015
41,1-2,5,PSU_RECODED_OTHER,Grade 8,*,1,Walking,4,School too far away,_missing_,1,19,2,2,10, , , 
41,1-2,6,PSU_RECODED_98,Grade 6,*,1,Walking,4,School too far away,_missing_,10,9,0,2,10, , , 
41,1-2,6,PSU_RECODED_98,Grade 10,*,1,Walking,3,School too far away,_missing_,10,9,2,2,10, , , 
41,1-2,6,PSU_RECODED_98,Grade 10,*,1,Walking,4,School too far away,_missing_,8,7,2,2,10, , , 
41,1-2,6,PSU_RECODED_OTHER,Grade 8,*,1,Walking,3,School too far away,_missing_,4,3,4,3,10, , , 
41,1-2,6,PSU_RECODED_OTHER,Grade 8,*,1,Walking,4,School too far away,_missing_,3,2,4,3,10, , , 
41,1,7,PSU_RECODED_798,Grade 1,*,1,Walking,6,School too far away,_missing_,12,11,0,2,5, , , 
41,1,7,PSU_RECODED_798,Grade 5,*,1,Walking,4,House keeping / Family business,_missing_, , , , , , ,8,2018
41,1,7,PSU_RECODED_798,Grade 5,*,1,Walking,5,School too far away,_missing_,13,12,1,2,10, , , 
41,1-2,8,PSU_RECODED_335,Grade 7,*,1,Walking,3,School too far away,_missing_,10,9,0,2,5, , , 
41,1-2,8,PSU_RECODED_335,Grade 7,*,1,Walking,4,School too far away,_missing_,4,3,2,2,25, , , 
41,1-2,9,PSU_RECODED_OTHER,Grade 7,*,1,Walking,3,House keeping / Family business,_missing_, , , , , , ,6,2017
41,1-2,9,PSU_RECODED_OTHER,Grade 7,*,1,Walking,4,School too far away,_missing_,9,8,5,2,30, , , 
41,1-2,9,PSU_RECODED_OTHER,Grade 7,*,1,Walking,5,School too far away,_missing_,7,6,5,2,30, , , 
41,1-2,9,PSU_RECODED_OTHER,Grade 7,*,1,Walking,6,School too far away,_missing_,4,3,2,2,15, , , 
41,1,10,PSU_RECODED_435,Grade 1,*,1,Walking,3,School too far away,_missing_,7,6,6,3,30, , , 
41,1,10,PSU_RECODED_435,Grade 1,*,1,Walking,4,School too far away,_missing_,4,3,2,2,20, , , 
41,1,10,PSU_RECODED_435,Grade 5,*,1,Walking,3,School too far away,_missing_,8,7,10,6,45, , , 
41,1,10,PSU_RECODED_435,Grade 5,*,1,Walking,4,School too far away,_missing_,7,6,10,6,45, , , 
41,1-2,11,PSU_RECODED_OTHER,Grade 4,*,1,Walking,3,School too far away,_missing_,13,12,2,2,15, , , 
41,1-2,11,PSU_RECODED_OTHER,Grade 4,*,1,Walking,4,School too far away,_missing_,10,9,0,1,10, , , 
41,1-2,11,PSU_RECODED_OTHER,Grade 4,*,1,Walking,5,School too far away,_missing_,5,4,0,1,10, , , 
41,1-2,12,PSU_RECODED_OTHER,Grade 2,*,1,Walking,2,School too far away,_missing_,12,11,5,6,25, , , 
41,1-2,12,PSU_RECODED_OTHER,Grade 2,*,1,Walking,3,School too far away,_missing_,10,9,5,6,25, , , 
41,1-2,12,PSU_RECODED_OTHER,Grade 6,*,1,Walking,3,School too far away,_missing_,12,11,4,6,30, , , 
41,1-2,12,PSU_RECODED_OTHER,Grade 6,*,1,Walking,4,School too far away,_missing_,8,7,4,6,30, , , 
42,1-2,2,PSU_RECODED_OTHER,Grade 2,*,1,Walking,3,House keeping / Family business,_missing_, , , , , , ,6,2017
42,1-2,2,PSU_RECODED_OTHER,Grade 6,*,1,Walking,6,House keeping / Family business,_missing_, , , , , , ,9,2017
42,1,3,PSU_RECODED_OTHER,Grade 8,*,1,Walking,2,School too far away,_missing_,8,7,0,3,4, , , 
42,1-2,4,PSU_RECODED_OTHER,Grade 5,*,1,Walking,4,School too far away,_missing_,13,12,1,2,15, , , 
42,1-2,2,PSU_RECODED_335,Grade 4,*,1,Walking,6,School too far away,_missing_,2,1,1,3,10, , , 
42,1-2,2,PSU_RECODED_335,Grade 8,*,1,Walking,4,House keeping / Family business,_missing_, , , , , , ,3,2015
42,1-2,6,PSU_RECODED_OTHER,Grade 6,*,1,Walking,2,School too far away,_missing_,9,8,1,1,10, , , 
42,1-2,6,PSU_RECODED_OTHER,Grade 6,*,1,Walking,3,School too far away,_missing_,7,6,1,1,10, , , 
42,1-2,6,PSU_RECODED_OTHER,Grade 10,*,1,Walking,3,School too far away,_missing_,1,19,1,1,10, , , 
42,1,4,PSU_RECODED_759,Grade 6,*,1,Walking,2,School too far away,_missing_,8,7,0,3,3, , , 
42,1,4,PSU_RECODED_759,Grade 6,*,1,Walking,3,School too far away,_missing_,5,4,0,3,3, , , 
42,1,4,PSU_RECODED_759,Grade 10,*,1,Walking,3,House keeping / Family business,_missing_, , , , , , ,2,2017
42,1,4,PSU_RECODED_759,Grade 10,*,1,Walking,4,School too far away,_missing_,7,6,0,2,5, , , 
42,1-2,7,PSU_RECODED_106,Grade 7,*,1,Walking,3,School too far away,_missing_,6,5,2,3,5, , , 
42,1-2,7,PSU_RECODED_106,Grade 7,*,1,Walking,4,School too far away,_missing_,5,4,2,3,5, , , 
42,1-2,7,PSU_RECODED_106,Grade 7,*,1,Walking,5,School too far away,_missing_,1,19,2,3,5, , , 
42,1-2,5,PSU_RECODED_563,Grade 3,*,1,Walking,3,School too far away,_missing_,6,5,1,2,5, , , 
42,1-2,5,PSU_RECODED_563,Grade 3,*,1,Walking,4,School too far away,_missing_,1,19,1,2,5, , , 
42,1-2,8,PSU_RECODED_81,Grade 2,*,1,Walking,3,School too far away,_missing_,2,1,0,1,5, , , 
42,1-2,6,PSU_RECODED_133,Grade 3,*,1,Walking,3,School too far away,_missing_,11,10,3,2,20, , , 
42,1-2,6,PSU_RECODED_133,Grade 3,*,1,Walking,4,School too far away,_missing_,9,8,2,1,20, , , 
42,1-2,6,PSU_RECODED_133,Grade 10,*,1,Walking,3,School too far away,_missing_,3,2,0,1,5, , , 
42,1-2,11,PSU_RECODED_OTHER,Grade 10,*,1,Walking,3,School too far away,_missing_,10,9,2,6,20, , , 
42,1-2,12,PSU_RECODED_900,Grade 6,*,1,Walking,5,School too far away,_missing_,1,19,0,1,10, , , 
42,1-2,10,PSU_RECODED_OTHER,Grade 1,*,1,Walking,3,School too far away,_missing_,8,7,7,6,25, , , 
42,1-2,10,PSU_RECODED_OTHER,Grade 1,*,1,Walking,4,School too far away,_missing_,6,5,7,6,25, , , 
42,1-2,12,PSU_RECODED_OTHER,Grade 5,*,1,Walking,3,School too far away,_missing_,10,9,3,6,15, , , 
42,1-2,12,PSU_RECODED_OTHER,Grade 5,*,1,Walking,4,School too far away,_missing_,6,5,3,6,15, , , 
42,1-2,12,PSU_RECODED_OTHER,Grade 5,*,1,Walking,5,School too far away,_missing_,3,2,3,6,15, , , 
42,1-2,3,PSU_RECODED_401,Grade 7,*,1,Walking,3,School too far away,_missing_,8,7,0,1,5, , , 
42,1-2,3,PSU_RECODED_401,Grade 7,*,1,Walking,4,School too far away,_missing_,2,1,0,1,5, , , 
42,1-2,4,PSU_RECODED_330,Grade 1,*,1,Walking,5,School too far away,_missing_,1,19,3,3,15, , , 
42,1-2,4,PSU_RECODED_330,Grade 6,*,1,Walking,5,House keeping / Family business,_missing_, , , , , , ,6,2017
42,1,7,PSU_RECODED_785,Grade 5,*,1,Walking,8,School too far away,_missing_,2,1,0,3,5, , , 
42,1,7,PSU_RECODED_785,Grade 10,*,1,Walking,4,School too far away,_missing_,2,1,0,1,5, , , 
42,1-2,9,PSU_RECODED_508,Grade 3,*,1,Walking,3,School too far away,_missing_,7,6,0,1,15, , , 
42,1-2,9,PSU_RECODED_508,Grade 3,*,1,Walking,4,School too far away,_missing_,3,2,0,1,15, , , 
42,1-2,11,PSU_RECODED_852,Grade 5,*,1,Walking,4,School too far away,_missing_,7,6,0,2,5, , , 
42,1-2,2,PSU_RECODED_69,Grade 1,*,1,Walking,4,House keeping / Family business,_missing_, , , , , , ,8,2018
42,1-2,2,PSU_RECODED_69,Grade 1,*,1,Walking,5,School too far away,_missing_,12,11,3,1,30, , , 
42,1-2,2,PSU_RECODED_69,Grade 6,*,1,Walking,3,School too far away,_missing_,12,12,6,6,15, , , 
42,1-2,2,PSU_RECODED_69,Grade 6,*,1,Walking,4,School too far away,_missing_,11,10,3,1,30, , , 
42,1-2,2,PSU_RECODED_69,Grade 6,*,1,Walking,5,School too far away,_missing_,10,9,3,1,30, , , 
42,1-2,2,PSU_RECODED_69,Grade 6,*,1,Walking,6,School too far away,_missing_,7,6,3,1,30, , , 
42,1-2,3,PSU_RECODED_546,Grade 4,*,1,Walking,3,School too far away,_missing_,2,1,1,2,20, , , 
42,1-2,3,PSU_RECODED_546,Grade 8,*,1,Walking,2,School too far away,_missing_,12,11,2,2,20, , , 
42,1-2,3,PSU_RECODED_546,Grade 8,*,1,Walking,3,School too far away,_missing_,8,7,2,2,20, , , 
42,1-2,5,PSU_RECODED_774,Grade 8,*,1,Walking,3,House keeping / Family business,_missing_, , , , , , ,2,2016
42,1-2,5,PSU_RECODED_774,Grade 8,*,1,Walking,4,School too far away,_missing_,10,9,7,6,8, , , 
42,1-2,5,PSU_RECODED_774,Grade 8,*,1,Walking,5,School too far away,_missing_,7,6,3,6,8, , , 
42,1,6,PSU_RECODED_53,Grade 3,*,1,Walking,4,School too far away,_missing_,13,12,2,1,20, , , 
42,1,6,PSU_RECODED_53,Grade 3,*,1,Walking,5,School too far away,_missing_,10,9,2,1,20, , , 
42,1,6,PSU_RECODED_53,Grade 9,*,1,Walking,3,School too far away,_missing_,9,8,2,2,15, , , 
42,1-2,7,PSU_RECODED_450,Grade 2,*,1,Walking,3,School too far away,_missing_,6,5,0,1,15, , , 
42,1-2,7,PSU_RECODED_450,Grade 2,*,1,Walking,4,School too far away,_missing_,4,3,0,1,15, , , 
42,1-2,7,PSU_RECODED_450,Grade 2,*,1,Walking,5,Financial problems,_missing_, , , , , ,7, , 
42,1-2,7,PSU_RECODED_450,Grade 10,*,1,Walking,3,School too far away,_missing_,11,10,4,2,30, , , 
42,1-2,7,PSU_RECODED_450,Grade 10,*,1,Walking,4,School too far away,_missing_,8,7,4,6,15, , , 
42,1-2,7,PSU_RECODED_450,Grade 10,*,1,Walking,5,School too far away,_missing_,5,4,2,1,30, , , 
42,1-2,9,PSU_RECODED_OTHER,Grade 5,*,1,Walking,3,School too far away,_missing_,7,6,0,1,5, , , 
42,1-2,9,PSU_RECODED_OTHER,Grade 5,*,1,Walking,4,School too far away,_missing_,5,4,0,1,5, , , 
42,1-2,9,PSU_RECODED_OTHER,Grade 5,*,1,Walking,5,School too far away,_missing_,2,1,0,1,5, , , 
42,1-2,9,PSU_RECODED_OTHER,Grade 9,*,1,Walking,5,School too far away,_missing_,7,6,0,1,5, , , 
42,1-2,10,PSU_RECODED_126,Grade 8,*,1,Walking,3,House keeping / Family business,_missing_, , , , , , ,99,2017
42,1-2,10,PSU_RECODED_126,Grade 8,*,1,Walking,4,School too far away,_missing_,10,9,2,1,30, , , 
42,1-2,10,PSU_RECODED_126,Grade 8,*,1,Walking,5,School too far away,_missing_,6,5,2,1,30, , , 
42,1-2,10,PSU_RECODED_126,Grade 8,*,1,Walking,6,Financial problems,_missing_, , , , , ,7, , 
42,1-2,11,PSU_RECODED_OTHER,Grade 4,*,1,Walking,3,School too far away,_missing_,13,12,1,3,10, , , 
43,1-2,2,PSU_RECODED_43,Grade 4,*,1,Walking,3,School too far away,_missing_,4,3,1,3,6, , , 
43,1-2,2,PSU_RECODED_43,Grade 4,*,1,Walking,4,Financial problems,_missing_, , , , , ,7, , 
43,1-2,2,PSU_RECODED_43,Grade 8,*,1,Walking,3,School too far away,_missing_,11,10,4,3,20, , , 
43,1-2,2,PSU_RECODED_43,Grade 8,*,1,Walking,4,School too far away,_missing_,11,10,0,1,5, , , 
43,1-2,3,PSU_RECODED_752,Grade 2,*,1,Walking,3,School too far away,_missing_,7,6,2,6,15, , , 
43,1-2,3,PSU_RECODED_752,Grade 2,*,1,Walking,4,School too far away,_missing_,3,2,0,1,6, , , 
43,1-2,1,PSU_RECODED_883,Grade 4,*,1,Walking,3,School too far away,_missing_,10,9,2,3,10, , , 
43,1-2,1,PSU_RECODED_883,Grade 4,*,1,Walking,4,School too far away,_missing_,6,5,2,3,10, , , 
43,1-2,1,PSU_RECODED_883,Grade 4,*,1,Walking,5,School too far away,_missing_,2,1,2,3,10, , , 
43,1-2,1,PSU_RECODED_883,Grade 8,*,1,Walking,4,House keeping / Family business,_missing_, , , , , , ,6,2017
43,1-2,1,PSU_RECODED_883,Grade 8,*,1,Walking,5,House keeping / Family business,_missing_, , , , , , ,99,2017
43,1-2,4,PSU_RECODED_111,Grade 6,*,1,Walking,3,School too far away,_missing_,5,4,4,3,10, , , 
43,1-2,4,PSU_RECODED_111,Grade 6,*,1,Walking,4,School too far away,_missing_,1,19,4,3,10, , , 
43,1-2,4,PSU_RECODED_111,Grade 10,*,1,Walking,5,School too far away,_missing_,1,19,4,3,15, , , 
43,1-2,2,PSU_RECODED_OTHER,Grade 4,*,1,Walking,4,House keeping / Family business,_missing_, , , , , , ,8,2018
43,1-2,5,PSU_RECODED_663,Grade 2,*,1,Walking,3,House keeping / Family business,_missing_, , , , , , ,9,2017
43,1-2,5,PSU_RECODED_663,Grade 2,*,1,Walking,4,School too far away,_missing_,10,9,2,1,15, , , 
43,1-2,5,PSU_RECODED_663,Grade 2,*,1,Walking,5,School too far away,_missing_,8,7,2,1,15, , , 
43,1-2,5,PSU_RECODED_663,Grade 6,*,1,Walking,2,House keeping / Family business,_missing_, , , , , , ,2,2017
43,1-2,5,PSU_RECODED_663,Grade 6,*,1,Walking,3,School too far away,_missing_,8,7,9,6,40, , , 
43,1-2,6,PSU_RECODED_183,Grade 2,*,1,Walking,3,School too far away,_missing_,8,7,5,3,10, , , 
43,1-2,6,PSU_RECODED_183,Grade 10,*,1,Walking,3,School too far away,_missing_,10,9,3,3,10, , , 
43,1-2,6,PSU_RECODED_183,Grade 10,*,1,Walking,4,School too far away,_missing_,5,4,3,3,10, , , 
43,1,5,PSU_RECODED_OTHER,Grade 6,*,1,Walking,2,School too far away,_missing_,7,6,0,3,2, , , 
43,1,5,PSU_RECODED_OTHER,Grade 6,*,1,Walking,3,School too far away,_missing_,2,1,0,3,5, , , 
43,1-2,8,PSU_RECODED_95,Grade 4,*,1,Walking,5,School too far away,_missing_,13,12,0,1,4, , , 
43,1-2,8,PSU_RECODED_95,Grade 4,*,1,Walking,7,School too far away,_missing_,9,8,0,1,4, , , 
43,1-2,8,PSU_RECODED_95,Grade 4,*,1,Walking,8,School too far away,_missing_,4,3,0,1,4, , , 
43,1-2,8,PSU_RECODED_95,Grade 8,*,1,Walking,4,House keeping / Family business,_missing_, , , , , , ,6,2017
43,1-2,6,PSU_RECODED_374,Grade 2,*,1,Walking,4,School too far away,_missing_,6,5,2,3,10, , , 
43,1-2,6,PSU_RECODED_374,Grade 2,*,1,Walking,5,School too far away,_missing_,3,1,2,3,10, , , 
43,1-2,9,PSU_RECODED_OTHER,Grade 10,*,1,Walking,3,School too far away,_missing_,11,10,0,1,3, , , 
43,1-2,9,PSU_RECODED_OTHER,Grade 10,*,1,Walking,4,School too far away,_missing_,9,8,0,1,3, , , 
43,1-2,9,PSU_RECODED_OTHER,Grade 10,*,1,Walking,5,School too far away,_missing_,6,5,0,1,3, , , 
43,1-2,7,PSU_RECODED_900,Grade 8,*,1,Walking,4,House keeping / Family business,_missing_, , , , , , ,99,2018
43,1-2,7,PSU_RECODED_900,Grade 8,*,1,Walking,5,House keeping / Family business,_missing_, , , , , , ,99,2018
43,1-2,7,PSU_RECODED_900,Grade 8,*,1,Walking,6,School too far away,_missing_,9,8,1,1,10, , , 
43,1-2,7,PSU_RECODED_900,Grade 8,*,1,Walking,7,School too far away,_missing_,6,5,1,2,10, , , 
43,1-2,7,PSU_RECODED_900,Grade 8,*,1,Walking,8,School too far away,_missing_,1,19,0,2,4, , , 
43,1-2,10,PSU_RECODED_OTHER,Grade 3,*,1,Walking,3,School too far away,_missing_,9,8,2,2,10, , , 
43,1-2,10,PSU_RECODED_OTHER,Grade 7,*,1,Walking,3,School too far away,_missing_,4,3,1,2,4, , , 
43,1-2,10,PSU_RECODED_OTHER,Grade 7,*,1,Walking,4,School too far away,_missing_,1,19,1,2,4, , , 
43,1-2,8,PSU_RECODED_900,Grade 6,*,1,Walking,4,School too far away,_missing_,8,7,8,6,40, , , 
43,1-2,8,PSU_RECODED_900,Grade 10,*,1,Walking,3,School too far away,_missing_,3,2,2,2,10, , , 
43,1-2,11,PSU_RECODED_OTHER,Grade 4,*,1,Walking,4,House keeping / Family business,_missing_, , , , , , ,99,2018
43,1-2,11,PSU_RECODED_OTHER,Grade 8,*,1,Walking,4,School too far away,_missing_,12,11,4,2,30, , , 
43,1-2,9,PSU_RECODED_OTHER,Grade 2,*,1,Walking,3,School too far away,_missing_,10,9,7,6,30, , , 
43,1-2,9,PSU_RECODED_OTHER,Grade 2,*,1,Walking,4,School too far away,_missing_,1,19,2,1,15, , , 
43,1-2,9,PSU_RECODED_OTHER,Grade 6,*,1,Walking,3,House keeping / Family business,_missing_, , , , , , ,9,2017
43,1-2,11,PSU_RECODED_195,Grade 4,*,1,Walking,3,School too far away,_missing_,12,11,9,6,25, , , 
43,1-2,12,PSU_RECODED_864,Grade 2,*,1,Walking,3,School too far away,_missing_,5,4,0,1,5, , , 
43,1-2,12,PSU_RECODED_864,Grade 2,*,1,Walking,4,School too far away,_missing_,4,3,0,1,5, , , 
43,1-2,12,PSU_RECODED_864,Grade 2,*,1,Walking,5,Financial problems,_missing_, , , , , ,7, , 
43,1-2,3,PSU_RECODED_195,Grade 2,*,1,Walking,3,School too far away,_missing_,5,4,3,6,10, , , 
43,1-2,3,PSU_RECODED_195,Grade 2,*,1,Walking,4,School too far away,_missing_,1,19,3,6,10, , , 
43,1-2,4,PSU_RECODED_667,Grade 4,*,1,Walking,3,School too far away,_missing_,11,10,3,5,30, , , 
43,1-2,4,PSU_RECODED_667,Grade 4,*,1,Walking,4,School too far away,_missing_,8,7,3,5,30, , , 
43,1-2,4,PSU_RECODED_667,Grade 4,*,1,Walking,5,School too far away,_missing_,6,5,3,5,30, , , 
43,1-2,4,PSU_RECODED_667,Grade 4,*,1,Walking,6,School too far away,_missing_,3,2,0,1,10, , , 
43,1-2,4,PSU_RECODED_667,Grade 8,*,1,Walking,2,School too far away,_missing_,11,10,4,5,30, , , 
43,1-2,4,PSU_RECODED_667,Grade 8,*,1,Walking,3,School too far away,_missing_,3,2,0,1,10, , , 
43,1-2,5,PSU_RECODED_OTHER,Grade 5,*,1,Walking,3,School too far away,_missing_,9,8,0,2,5, , , 
43,1-2,5,PSU_RECODED_OTHER,Grade 5,*,1,Walking,5,School too far away,_missing_,12,11,0,2,5, , , 
43,1-2,5,PSU_RECODED_OTHER,Grade 9,*,1,Walking,3,House keeping / Family business,_missing_, , , , , , ,8,2019
43,1,6,PSU_RECODED_672,Grade 5,*,1,Walking,2,School too far away,_missing_,6,5,1,3,8, , , 
43,1,6,PSU_RECODED_672,Grade 5,*,1,Walking,3,School too far away,_missing_,2,1,1,3,8, , , 
43,1-2,7,PSU_RECODED_61,Grade 3,*,1,Walking,4,School too far away,_missing_,8,7,4,3,15, , , 
43,1-2,7,PSU_RECODED_61,Grade 3,*,1,Walking,5,School too far away,_missing_,2,1,1,3,5, , , 
43,1-2,7,PSU_RECODED_61,Grade 3,*,1,Walking,6,School too far away,_missing_,7,6,4,3,15, , , 
43,1-2,7,PSU_RECODED_61,Grade 7,*,1,Walking,3,School too far away,_missing_,3,2,1,3,5, , , 
43,1-2,9,PSU_RECODED_634,Grade 3,*,1,Walking,3,School too far away,_missing_,10,9,0,1,5, , , 
43,1-2,9,PSU_RECODED_634,Grade 3,*,1,Walking,4,School too far away,_missing_,6,5,0,1,5, , , 
43,1-2,9,PSU_RECODED_634,Grade 7,*,1,Walking,3,School too far away,_missing_,10,9,0,1,5, , , 
43,1,10,PSU_RECODED_51,Grade 4,*,1,Walking,4,School too far away,_missing_,11,10,2,6,15, , , 
43,1,10,PSU_RECODED_51,Grade 9,*,1,Walking,3,School too far away,_missing_,1,19,3,3,15, , , 
43,1-2,12,PSU_RECODED_403,Grade 1,*,1,Walking,3,School too far away,_missing_,2,1,2,3,10, , , 
43,1-2,12,PSU_RECODED_403,Grade 6,*,1,Walking,3,School too far away,_missing_,9,8,4,5,15, , , 
43,1-2,12,PSU_RECODED_403,Grade 6,*,1,Walking,4,School too far away,_missing_,6,5,1,2,12, , , 
43,1-2,12,PSU_RECODED_403,Grade 6,*,1,Walking,5,School too far away,_missing_,1,19,1,2,12, , , 
43,1-2,1,PSU_RECODED_OTHER,Grade 5,*,1,Walking,3,School too far away,_missing_,13,12,0,5,10, , , 
43,1-2,1,PSU_RECODED_OTHER,Grade 5,*,1,Walking,4,School too far away,_missing_,11,10,0,5,10, , , 
43,1,2,PSU_RECODED_5,Grade 2,*,1,Walking,3,School too far away,_missing_,6,5,1,3,5, , , 
43,1,2,PSU_RECODED_5,Grade 2,*,1,Walking,4,School too far away,_missing_,3,2,1,3,5, , , 
43,1,3,PSU_RECODED_OTHER,Grade 4,*,1,Walking,3,House keeping / Family business,_missing_, , , , , , ,8,2018
43,1-2,4,PSU_RECODED_604,Grade 2,*,1,Walking,3,School too far away,_missing_,13,12,2,3,10, , , 
43,1-2,4,PSU_RECODED_604,Grade 2,*,1,Walking,4,School too far away,_missing_,11,10,2,3,10, , , 
43,1-2,4,PSU_RECODED_604,Grade 7,*,1,Walking,3,School too far away,_missing_,1,19,2,3,10, , , 
43,1-2,6,PSU_RECODED_682,Grade 2,*,1,Walking,3,School too far away,_missing_,2,1,3,2,30, , , 
43,1-2,6,PSU_RECODED_682,Grade 10,*,1,Walking,5,House keeping / Family business,_missing_, , , , , , ,6,2016
43,1-2,6,PSU_RECODED_682,Grade 10,*,1,Walking,6,School too far away,_missing_,11,10,4,1,30, , , 
43,1-2,7,PSU_RECODED_829,Grade 5,*,1,Walking,3,School too far away,_missing_,2,1,0,1,10, , , 
43,1,8,PSU_RECODED_OTHER,Grade 4,*,1,Walking,3,School too far away,_missing_,7,6,0,1,10, , , 
43,1,8,PSU_RECODED_OTHER,Grade 8,*,1,Walking,2,School too far away,_missing_,7,6,3,6,20, , , 
43,1,8,PSU_RECODED_OTHER,Grade 8,*,1,Walking,3,School too far away,_missing_,2,1,1,2,10, , , 
43,1,9,PSU_RECODED_405,Grade 7,*,1,Walking,5,School too far away,_missing_,6,5,0,1,8, , , 
43,1-2,10,PSU_RECODED_838,Grade 5,*,1,Walking,3,School too far away,_missing_,3,2,1,1,20, , , 
43,1-2,10,PSU_RECODED_838,Grade 5,*,1,Walking,4,School too far away,_missing_,1,19,1,1,20, , , 
43,1-2,12,PSU_RECODED_513,Grade 10,*,1,Walking,4,School too far away,_missing_,10,9,6,5,45, , , 
44,1-2,2,PSU_RECODED_645,Grade 2,*,1,Walking,3,School too far away,_missing_,12,11,3,2,45, , , 
44,1-2,2,PSU_RECODED_645,Grade 2,*,1,Walking,4,School too far away,_missing_,11,10,3,2,45, , , 
44,1-2,2,PSU_RECODED_645,Grade 2,*,1,Walking,5,School too far away,_missing_,6,5,0,2,10, , , 
44,1-2,2,PSU_RECODED_645,Grade 10,*,1,Walking,3,School too far away,_missing_,6,5,3,2,40, , , 
44,1-2,2,PSU_RECODED_645,Grade 10,*,1,Walking,4,School too far away,_missing_,13,12,4,2,55, , , 
44,1-2,1,PSU_RECODED_233,Grade 6,*,1,Walking,3,School too far away,_missing_,8,7,0,2,15, , , 
44,1-2,1,PSU_RECODED_233,Grade 6,*,1,Walking,4,School too far away,_missing_,6,5,0,2,15, , , 
44,1-2,2,PSU_RECODED_524,Grade 1,*,1,Walking,2,School too far away,_missing_,11,10,1,2,6, , , 
44,1-2,2,PSU_RECODED_524,Grade 1,*,1,Walking,3,School too far away,_missing_,9,8,1,2,6, , , 
44,1-2,2,PSU_RECODED_524,Grade 5,*,1,Walking,3,School too far away,_missing_,4,3,1,3,5, , , 
44,1-2,2,PSU_RECODED_524,Grade 9,*,1,Walking,5,School too far away,_missing_,12,11,2,2,15, , , 
44,1-2,7,PSU_RECODED_346,Grade 9,*,1,Walking,3,School too far away,_missing_,5,4,0,1,10, , , 
44,1-2,7,PSU_RECODED_346,Grade 9,*,1,Walking,4,School too far away,_missing_,4,3,0,1,10, , , 
44,1-2,5,PSU_RECODED_OTHER,Grade 4,*,1,Walking,4,House keeping / Family business,_missing_, , , , , , ,7, 
44,1-2,8,PSU_RECODED_546,Grade 4,*,1,Walking,4,House keeping / Family business,_missing_, , , , , , ,6,2017
44,1-2,8,PSU_RECODED_546,Grade 4,*,1,Walking,5,School too far away,_missing_,11,10,0,1,5, , , 
44,1-2,6,PSU_RECODED_78,Grade 5,*,1,Walking,3,School too far away,_missing_,11,10,4,2,20, , , 
44,1-2,6,PSU_RECODED_78,Grade 5,*,1,Walking,4,School too far away,_missing_,6,5,4,2,20, , , 
44,1-2,10,PSU_RECODED_730,Grade 2,*,1,Walking,2,School too far away,_missing_,8,7,0,3,3, , , 
44,1-2,10,PSU_RECODED_730,Grade 8,*,1,Walking,3,House keeping / Family business,_missing_, , , , , , ,7, 
44,1-2,10,PSU_RECODED_730,Grade 8,*,1,Walking,4,School too far away,_missing_,11,10,0,2,10, , , 
44,1-2,10,PSU_RECODED_730,Grade 8,*,1,Walking,5,School too far away,_missing_,4,3,20,3,15, , , 
44,1-2,10,PSU_RECODED_730,Grade 8,*,1,Walking,6,House keeping / Family business,_missing_, , , , , , ,7, 
44,1-2,8,PSU_RECODED_813,Grade 6,*,1,Walking,2,School too far away,_missing_,5,4,0,2,7, , , 
44,1-2,11,PSU_RECODED_OTHER,Grade 4,*,1,Walking,3,School too far away,_missing_,5,4,2,3,15, , , 
44,1-2,9,PSU_RECODED_794,Grade 5,*,1,Walking,5,School too far away,_missing_,13,12,1,2,15, , , 
44,1-2,9,PSU_RECODED_794,Grade 9,*,1,Walking,4,School too far away,_missing_,11,10,0,2,10, , , 
44,1-2,12,PSU_RECODED_OTHER,Grade 3,*,1,Walking,3,School too far away,_missing_,5,4,3,3,20, , , 
44,1-2,12,PSU_RECODED_OTHER,Grade 3,*,1,Walking,4,Financial problems,_missing_, , , , , ,7, , 
44,1-2,10,PSU_RECODED_47,Grade 1,*,1,Walking,3,School too far away,_missing_,13,12,3,2,15, , , 
44,1-2,10,PSU_RECODED_47,Grade 9,*,1,Walking,3,School too far away,_missing_,2,1,0,1,5, , , 
44,1-2,12,PSU_RECODED_OTHER,Grade 4,*,1,Walking,3,School too far away,_missing_,8,7,0,1,10, , , 
44,1-2,12,PSU_RECODED_OTHER,Grade 10,*,1,Walking,3,School too far away,_missing_,3,2,0,2,5, , , 
44,1-2,3,PSU_RECODED_214,Grade 4,*,1,Walking,3,School too far away,_missing_,11,10,0,1,10, , , 
44,1-2,3,PSU_RECODED_214,Grade 4,*,1,Walking,4,School too far away,_missing_,9,8,0,1,10, , , 
44,1-2,3,PSU_RECODED_214,Grade 9,*,1,Walking,3,House keeping / Family business,_missing_, , , , , , ,6,2015
44,1-2,3,PSU_RECODED_214,Grade 9,*,1,Walking,4,House keeping / Family business,_missing_, , , , , , ,6,2017
44,1-2,3,PSU_RECODED_214,Grade 9,*,1,Walking,5,School too far away,_missing_,11,10,0,1,15, , , 
44,1-2,3,PSU_RECODED_214,Grade 9,*,1,Walking,6,School too far away,_missing_,8,7,0,1,15, , , 
44,1-2,4,PSU_RECODED_239,Grade 5,*,1,Walking,3,House keeping / Family business,_missing_, , , , , , ,8,2018
44,1-2,4,PSU_RECODED_239,Grade 5,*,1,Walking,4,House keeping / Family business,_missing_, , , , , , ,6,2017
44,1-2,4,PSU_RECODED_239,Grade 5,*,1,Walking,5,School too far away,_missing_,11,10,0,1,15, , , 
44,1-2,4,PSU_RECODED_239,Grade 5,*,1,Walking,6,School too far away,_missing_,9,8,0,1,15, , , 
44,1-2,5,PSU_RECODED_OTHER,Grade 6,*,1,Walking,3,School too far away,_missing_,5,4,0,1,5, , , 
44,1-2,5,PSU_RECODED_OTHER,Grade 6,*,1,Walking,4,Financial problems,_missing_, , , , , ,7, , 
44,1-2,8,PSU_RECODED_350,Grade 2,*,1,Walking,5,House keeping / Family business,_missing_, , , , , , ,9,2016
44,1-2,8,PSU_RECODED_350,Grade 8,*,1,Walking,3,House keeping / Family business,_missing_, , , , , , ,6,2016
44,1-2,8,PSU_RECODED_350,Grade 8,*,1,Walking,4,School too far away,_missing_,10,9,1,2,15, , , 
44,1-2,8,PSU_RECODED_350,Grade 8,*,1,Walking,5,School too far away,_missing_,8,7,1,2,15, , , 
44,1-2,8,PSU_RECODED_350,Grade 8,*,1,Walking,6,School too far away,_missing_,3,2,1,2,15, , , 
44,1-2,9,PSU_RECODED_OTHER,Grade 4,*,1,Walking,3,School too far away,_missing_,9,8,0,1,5, , , 
44,1-2,9,PSU_RECODED_OTHER,Grade 4,*,1,Walking,4,School too far away,_missing_,2,1,0,1,5, , , 
44,1-2,9,PSU_RECODED_OTHER,Grade 9,*,1,Walking,5,School too far away,_missing_,8,7,0,2,5, , , 
44,1-2,11,PSU_RECODED_831,Grade 6,*,1,Walking,3,School too far away,_missing_,9,8,0,2,10, , , 
44,1-2,11,PSU_RECODED_831,Grade 10,*,1,Walking,3,School too far away,_missing_,7,6,0,2,8, , , 
44,1-2,1,PSU_RECODED_48,Grade 2,*,1,Walking,3,School too far away,_missing_,11,10,4,2,30, , , 
44,1-2,1,PSU_RECODED_48,Grade 2,*,1,Walking,4,School too far away,_missing_,8,7,4,2,30, , , 
44,1-2,1,PSU_RECODED_48,Grade 2,*,1,Walking,5,School too far away,_missing_,3,2,0,1,15, , , 
44,1-2,2,PSU_RECODED_573,Grade 2,*,1,Walking,3,House keeping / Family business,_missing_, , , , , , ,6,2016
44,1-2,2,PSU_RECODED_573,Grade 2,*,1,Walking,4,School too far away,_missing_,12,11,4,2,25, , , 
44,1-2,2,PSU_RECODED_573,Grade 2,*,1,Walking,5,School too far away,_missing_,9,8,4,2,25, , , 
44,1-2,2,PSU_RECODED_573,Grade 6,*,1,Walking,4,School too far away,_missing_,4,3,4,2,15, , , 
44,1-2,2,PSU_RECODED_573,Grade 6,*,1,Walking,5,School too far away,_missing_,2,1,4,2,15, , , 
44,1-2,3,PSU_RECODED_OTHER,Grade 1,*,1,Walking,3,School too far away,_missing_,13,12,3,2,18, , , 
44,1-2,3,PSU_RECODED_OTHER,Grade 5,*,1,Walking,5,House keeping / Family business,_missing_, , , , , , ,6,2017
44,1-2,3,PSU_RECODED_OTHER,Grade 9,*,1,Walking,2,School too far away,_missing_,13,12,0,2,10, , , 
44,1-2,5,PSU_RECODED_26,Grade 6,*,1,Walking,5,School too far away,_missing_,13,12,2,2,10, , , 
44,1-2,5,PSU_RECODED_26,Grade 6,*,1,Walking,6,School too far away,_missing_,13,12,2,2,10, , , 
44,1-2,6,PSU_RECODED_804,Grade 4,*,1,Walking,5,School too far away,_missing_,13,12,0,2,7, , , 
44,1-2,6,PSU_RECODED_804,Grade 8,*,1,Walking,3,School too far away,_missing_,3,2,0,1,10, , , 
44,1-2,7,PSU_RECODED_OTHER,Grade 3,*,1,Walking,3,School too far away,_missing_,13,12,12,3,45, , , 
44,1-2,7,PSU_RECODED_OTHER,Grade 3,*,1,Walking,4,School too far away,_missing_,4,3,12,3,45, , , 
44,1-2,7,PSU_RECODED_OTHER,Grade 8,*,1,Walking,3,School too far away,_missing_,7,6,2,3,6, , , 
44,1-2,7,PSU_RECODED_OTHER,Grade 8,*,1,Walking,4,School too far away,_missing_,3,2,2,3,6, , , 
44,1-2,9,PSU_RECODED_8,Grade 7,*,1,Walking,3,School too far away,_missing_,13,12,0,1,15, , , 
44,1-2,9,PSU_RECODED_8,Grade 7,*,1,Walking,4,School too far away,_missing_,7,6,0,1,15, , , 
44,1-2,9,PSU_RECODED_8,Grade 7,*,1,Walking,6,School too far away,_missing_,2,1,0,1,15, , , 
44,1-2,10,PSU_RECODED_625,Grade 9,*,1,Walking,2,School too far away,_missing_,12,11,1,2,15, , , 
44,1-2,10,PSU_RECODED_625,Grade 9,*,1,Walking,3,School too far away,_missing_,8,7,1,2,15, , , 
44,1-2,11,PSU_RECODED_867,Grade 3,*,1,Walking,3,School too far away,_missing_,10,9,0,2,5, , , 
44,1-2,11,PSU_RECODED_867,Grade 3,*,1,Walking,4,School too far away,_missing_,4,3,1,3,5, , , 
45,1-2,3,PSU_RECODED_253,Grade 9,*,1,Walking,3,School too far away,_missing_,10,8,2,2,15, , , 
45,1-2,3,PSU_RECODED_253,Grade 9,*,1,Walking,4,School too far away,_missing_,8,6,2,2,15, , , 
45,1-2,3,PSU_RECODED_253,Grade 9,*,1,Walking,5,School too far away,_missing_,6,4,2,2,15, , , 
45,1-2,1,PSU_RECODED_692,Grade 3,*,1,Walking,5,House keeping / Family business,_missing_, , , , , , ,8,2016
45,1-2,1,PSU_RECODED_692,Grade 3,*,1,Walking,6,School too far away,_missing_,2,1,3,2,10, , , 
45,1-2,1,PSU_RECODED_692,Grade 7,*,1,Walking,3,School too far away,_missing_,7,6,6,3,20, , , 
45,1-2,1,PSU_RECODED_692,Grade 7,*,1,Walking,4,School too far away,_missing_,5,4,6,3,20, , , 
45,1-2,4,PSU_RECODED_OTHER,Grade 3,*,1,Walking,3,Financial problems,_missing_, , , , , ,5, , 
45,1-2,4,PSU_RECODED_OTHER,Grade 3,*,1,Walking,4,School too far away,_missing_,9,8,5,3,10, , , 
45,1-2,4,PSU_RECODED_OTHER,Grade 3,*,1,Walking,5,School too far away,_missing_,5,4,5,3,10, , , 
45,1-2,2,PSU_RECODED_303,Grade 5,*,1,Walking,3,School too far away,_missing_,5,4,3,3,10, , , 
45,1-2,2,PSU_RECODED_303,Grade 5,*,1,Walking,4,School too far away,_missing_,3,2,3,3,10, , , 
45,1-2,2,PSU_RECODED_303,Grade 9,*,1,Walking,3,School too far away,_missing_,5,4,4,3,10, , , 
45,1-2,2,PSU_RECODED_303,Grade 9,*,1,Walking,4,School too far away,_missing_,3,2,4,3,10, , , 
45,1-2,5,PSU_RECODED_OTHER,Grade 8,*,1,Walking,3,School too far away,_missing_,1,19,0,3,10, , , 
45,1-2,3,PSU_RECODED_OTHER,Grade 6,*,1,Walking,3,School too far away,_missing_,7,6,1,1,10, , , 
45,1-2,6,PSU_RECODED_726,Grade 4,*,1,Walking,3,School too far away,_missing_,6,5,2,2,15, , , 
45,1-2,6,PSU_RECODED_726,Grade 4,*,1,Walking,4,School too far away,_missing_,2,1,2,2,15, , , 
45,1-2,4,PSU_RECODED_526,Grade 7,*,1,Walking,3,House keeping / Family business,_missing_, , , , , , ,6,2016
45,1-2,4,PSU_RECODED_526,Grade 7,*,1,Walking,4,House keeping / Family business,_missing_, , , , , , ,6,2017
45,1-2,7,PSU_RECODED_474,Grade 2,*,1,Walking,3,School too far away,_missing_,2,1,2,2,15, , , 
45,1-2,7,PSU_RECODED_474,Grade 6,*,1,Walking,2,School too far away,_missing_,2,1,2,1,10, , , 
45,1-2,7,PSU_RECODED_474,Grade 6,*,1,Walking,3,Financial problems,_missing_, , , , , ,7, , 
45,1-2,7,PSU_RECODED_474,Grade 10,*,1,Walking,3,School too far away,_missing_,5,4,5,2,10, , , 
45,1-2,7,PSU_RECODED_474,Grade 10,*,1,Walking,4,School too far away,_missing_,2,1,5,2,10, , , 
45,1-2,6,PSU_RECODED_28,Grade 4,*,1,Walking,3,House keeping / Family business,_missing_, , , , , , ,6,2018
45,1-2,6,PSU_RECODED_28,Grade 4,*,1,Walking,4,School too far away,_missing_,8,7,3,1,30, , , 
45,1-2,6,PSU_RECODED_28,Grade 9,*,1,Walking,3,School too far away,_missing_,7,6,1,2,20, , , 
45,1-2,6,PSU_RECODED_28,Grade 9,*,1,Walking,4,School too far away,_missing_,3,2,1,1,20, , , 
45,1-2,9,PSU_RECODED_78,Grade 8,*,1,Walking,2,School too far away,_missing_,13,12,0,1,15, , , 
45,1-2,9,PSU_RECODED_78,Grade 8,*,1,Walking,3,Financial problems,_missing_, , , , , ,5, , 
45,1-2,9,PSU_RECODED_78,Grade 8,*,1,Walking,4,School too far away,_missing_,5,4,2,1,30, , , 
45,1-2,10,PSU_RECODED_216,Grade 1,*,1,Walking,3,School too far away,_missing_,10,9,1,2,10, , , 
45,1-2,10,PSU_RECODED_216,Grade 1,*,1,Walking,4,School too far away,_missing_,3,2,1,2,10, , , 
45,1-2,8,PSU_RECODED_386,Grade 4,*,1,Walking,3,School too far away,_missing_,9,8,2,3,10, , , 
45,1-2,8,PSU_RECODED_386,Grade 4,*,1,Walking,4,School too far away,_missing_,5,4,2,3,10, , , 
45,1-2,8,PSU_RECODED_386,Grade 8,*,1,Walking,3,School too far away,_missing_,13,12,3,2,10, , , 
45,1-2,11,PSU_RECODED_365,Grade 6,*,1,Walking,3,School too far away,_missing_,10,9,2,2,10, , , 
45,1-2,11,PSU_RECODED_365,Grade 6,*,1,Walking,4,School too far away,_missing_,4,3,1,1,10, , , 
45,1-2,11,PSU_RECODED_365,Grade 10,*,1,Walking,5,School too far away,_missing_,6,5,3,1,10, , , 
45,1-2,9,PSU_RECODED_666,Grade 9,*,1,Walking,5,School too far away,_missing_,10,9,2,2,15, , , 
45,1-2,9,PSU_RECODED_666,Grade 9,*,1,Walking,6,School too far away,_missing_,9,8,2,2,15, , , 
45,1-2,9,PSU_RECODED_666,Grade 9,*,1,Walking,7,School too far away,_missing_,7,6,2,2,15, , , 
45,1-2,12,PSU_RECODED_526,Grade 3,*,1,Walking,3,School too far away,_missing_,11,10,1,2,5, , , 
45,1-2,12,PSU_RECODED_526,Grade 3,*,1,Walking,4,School too far away,_missing_,7,6,1,2,5, , , 
45,1-2,12,PSU_RECODED_526,Grade 3,*,1,Walking,5,School too far away,_missing_,2,1,1,2,5, , , 
45,1-2,10,PSU_RECODED_699,Grade 1,*,1,Walking,3,School too far away,_missing_,7,6,1,6,10, , , 
45,1-2,10,PSU_RECODED_699,Grade 1,*,1,Walking,4,School too far away,_missing_,3,2,1,2,15, , , 
45,1-2,10,PSU_RECODED_699,Grade 7,*,1,Walking,3,School too far away,_missing_,9,8,1,2,15, , , 
45,1-2,10,PSU_RECODED_699,Grade 7,*,1,Walking,4,School too far away,_missing_,6,5,1,2,15, , , 
45,1-2,10,PSU_RECODED_699,Grade 7,*,1,Walking,5,Financial problems,_missing_, , , , , ,7, , 
45,1-2,12,PSU_RECODED_312,Grade 1,*,1,Walking,5,School too far away,_missing_,8,7,3,2,10, , , 
45,1-2,12,PSU_RECODED_312,Grade 5,*,1,Walking,2,School too far away,_missing_,8,7,2,2,10, , , 
45,1-2,12,PSU_RECODED_312,Grade 5,*,1,Walking,3,School too far away,_missing_,6,5,2,2,10, , , 
45,1-2,12,PSU_RECODED_312,Grade 5,*,1,Walking,4,School too far away,_missing_,3,2,2,2,10, , , 
45,1-2,12,PSU_RECODED_312,Grade 9,*,1,Walking,5,Financial problems,_missing_, , , , , ,7, , 
45,1-2,1,PSU_RECODED_883,Grade 4,*,1,Walking,3,School too far away,_missing_,10,9,1,2,10, , , 
45,1-2,1,PSU_RECODED_883,Grade 8,*,1,Walking,5,House keeping / Family business,_missing_, , , , , , ,8,2015
45,1-2,2,PSU_RECODED_7,Grade 2,*,1,Walking,3,House keeping / Family business,_missing_, , , , , , ,6,2016
45,1-2,2,PSU_RECODED_7,Grade 2,*,1,Walking,4,School too far away,_missing_,11,10,1,2,5, , , 
45,1-2,2,PSU_RECODED_7,Grade 10,*,1,Walking,4,School too far away,_missing_,7,6,0,1,5, , , 
45,1-2,2,PSU_RECODED_7,Grade 10,*,1,Walking,5,School too far away,_missing_,5,4,0,1,5, , , 
45,1-2,5,PSU_RECODED_OTHER,Grade 3,*,1,Walking,3,School too far away,_missing_,6,5,4,2,30, , , 
45,1-2,5,PSU_RECODED_OTHER,Grade 3,*,1,Walking,4,School too far away,_missing_,3,2,1,1,30, , , 
45,1-2,5,PSU_RECODED_OTHER,Grade 7,*,1,Walking,3,School too far away,_missing_,2,1,5,2,20, , , 
45,1-2,6,PSU_RECODED_623,Grade 1,*,1,Walking,3,School too far away,_missing_,13,12,2,2,10, , , 
45,1-2,6,PSU_RECODED_623,Grade 1,*,1,Walking,4,School too far away,_missing_,10,9,2,2,10, , , 
45,1-2,6,PSU_RECODED_623,Grade 1,*,1,Walking,5,School too far away,_missing_,9,8,2,2,10, , , 
45,1-2,6,PSU_RECODED_623,Grade 9,*,1,Walking,3,House keeping / Family business,_missing_, , , , , , ,6,2016
45,1-2,6,PSU_RECODED_623,Grade 9,*,1,Walking,4,House keeping / Family business,_missing_, , , , , , ,6,2018
45,1-2,7,PSU_RECODED_750,Grade 3,*,1,Walking,3,School too far away,_missing_,8,7,6,2,10, , , 
45,1-2,7,PSU_RECODED_750,Grade 3,*,1,Walking,4,School too far away,_missing_,6,5,6,2,10, , , 
45,1-2,7,PSU_RECODED_750,Grade 7,*,1,Walking,2,House keeping / Family business,_missing_, , , , , , ,6,2017
45,1-2,7,PSU_RECODED_750,Grade 7,*,1,Walking,3,School too far away,_missing_,9,8,3,1,15, , , 
45,1-2,7,PSU_RECODED_750,Grade 7,*,1,Walking,4,School too far away,_missing_,6,5,3,1,15, , , 
45,1-2,7,PSU_RECODED_750,Grade 7,*,1,Walking,5,School too far away,_missing_,2,1,3,1,15, , , 
45,1-2,8,PSU_RECODED_363,Grade 1,*,1,Walking,3,School too far away,_missing_,11,10,3,2,10, , , 
45,1-2,8,PSU_RECODED_363,Grade 1,*,1,Walking,4,School too far away,_missing_,5,4,3,2,10, , , 
45,1-2,8,PSU_RECODED_363,Grade 1,*,1,Walking,5,School too far away,_missing_,3,2,3,2,10, , , 
45,1-2,8,PSU_RECODED_363,Grade 5,*,1,Walking,5,School too far away,_missing_,12,11,4,2,15, , , 
45,1-2,8,PSU_RECODED_363,Grade 5,*,1,Walking,6,School too far away,_missing_,12,11,4,2,15, , , 
45,1-2,8,PSU_RECODED_363,Grade 9,*,1,Walking,3,School too far away,_missing_,7,6,4,3,10, , , 
45,1-2,8,PSU_RECODED_363,Grade 9,*,1,Walking,4,School too far away,_missing_,2,1,4,3,10, , , 
45,1-2,10,PSU_RECODED_751,Grade 7,*,1,Walking,3,School too far away,_missing_,9,8,1,2,10, , , 
45,1-2,10,PSU_RECODED_751,Grade 7,*,1,Walking,4,School too far away,_missing_,4,3,1,2,10, , , 
45,1-2,11,PSU_RECODED_508,Grade 1,*,1,Walking,3,School too far away,_missing_,9,8,2,2,15, , , 
45,1-2,11,PSU_RECODED_508,Grade 1,*,1,Walking,4,School too far away,_missing_,5,4,2,2,15, , , 
45,1-2,11,PSU_RECODED_508,Grade 6,*,1,Walking,6,School too far away,_missing_,4,3,7,3,30, , , 
45,1-2,12,PSU_RECODED_274,Grade 4,*,1,Walking,4,School too far away,_missing_,6,5,5,3,10, , , 
45,1-2,12,PSU_RECODED_274,Grade 4,*,1,Walking,5,School too far away,_missing_,4,3,5,3,10, , , 
45,1-2,12,PSU_RECODED_274,Grade 4,*,1,Walking,6,School too far away,_missing_,1,19,5,3,10, , , 
45,1-2,12,PSU_RECODED_274,Grade 8,*,1,Walking,3,School too far away,_missing_,7,6,8,3,15, , , 
45,1-2,12,PSU_RECODED_274,Grade 8,*,1,Walking,4,Financial problems,_missing_, , , , , ,7, , 
45,1-2,1,PSU_RECODED_506,Grade 6,*,1,Walking,5,School too far away,_missing_,3,2,2,2,60, , , 
45,1-2,1,PSU_RECODED_506,Grade 10,*,1,Walking,3,School too far away,_missing_,8,7,2,2,30, , , 
45,1-2,1,PSU_RECODED_506,Grade 10,*,1,Walking,4,School too far away,_missing_,6,5,2,2,30, , , 
45,1-2,1,PSU_RECODED_506,Grade 10,*,1,Walking,5,School too far away,_missing_,4,3,2,2,30, , , 
45,1-2,2,PSU_RECODED_806,Grade 4,*,1,Walking,4,School too far away,_missing_,11,10,5,2,15, , , 
45,1-2,2,PSU_RECODED_806,Grade 8,*,1,Walking,3,School too far away,_missing_,10,9,1,2,15, , , 
45,1-2,2,PSU_RECODED_806,Grade 8,*,1,Walking,4,School too far away,_missing_,4,3,1,1,45, , , 
45,1-2,2,PSU_RECODED_806,Grade 8,*,1,Walking,5,School too far away,_missing_,1,19,1,1,45, , , 
45,1-2,3,PSU_RECODED_739,Grade 6,*,1,Walking,3,School too far away,_missing_,6,5,3,2,10, , , 
45,1-2,3,PSU_RECODED_739,Grade 6,*,1,Walking,4,School too far away,_missing_,3,2,3,2,10, , , 
45,1-2,3,PSU_RECODED_739,Grade 10,*,1,Walking,5,House keeping / Family business,_missing_, , , , , , ,6,2016
45,1-2,3,PSU_RECODED_739,Grade 10,*,1,Walking,6,School too far away,_missing_,9,8,0,1,10, , , 
45,1-2,3,PSU_RECODED_739,Grade 10,*,1,Walking,7,School too far away,_missing_,5,4,0,1,10, , , 
45,1-2,5,PSU_RECODED_883,Grade 3,*,1,Walking,5,School too far away,_missing_,3,2,5,2,10, , , 
45,1-2,5,PSU_RECODED_883,Grade 8,*,1,Walking,3,School too far away,_missing_,2,1,2,3,10, , , 
45,1-2,7,PSU_RECODED_15,Grade 6,*,1,Walking,3,School too far away,_missing_,8,7,1,1,10, , , 
45,1-2,7,PSU_RECODED_15,Grade 6,*,1,Walking,4,School too far away,_missing_,6,5,1,1,10, , , 
45,1-2,7,PSU_RECODED_15,Grade 10,*,1,Walking,3,School too far away,_missing_,11,10,0,2,5, , , 
45,1-2,7,PSU_RECODED_15,Grade 10,*,1,Walking,4,School too far away,_missing_,2,1,0,2,5, , , 
45,1-2,8,PSU_RECODED_192,Grade 4,*,1,Walking,3,School too far away,_missing_,1,19,1,2,10, , , 
45,1-2,9,PSU_RECODED_OTHER,Grade 7,*,1,Walking,3,School too far away,_missing_,9,8,4,3,10, , , 
45,1-2,9,PSU_RECODED_OTHER,Grade 7,*,1,Walking,4,School too far away,_missing_,6,5,4,3,10, , , 
45,1-2,10,PSU_RECODED_485,Grade 5,*,1,Walking,3,House keeping / Family business,_missing_, , , , , , ,9,2018
45,1-2,10,PSU_RECODED_485,Grade 5,*,1,Walking,4,School too far away,_missing_,12,11,3,2,10, , , 
45,1-2,10,PSU_RECODED_485,Grade 5,*,1,Walking,5,School too far away,_missing_,8,7,3,2,10, , , 
45,1-2,10,PSU_RECODED_485,Grade 5,*,1,Walking,6,School too far away,_missing_,3,2,3,2,10, , , 
45,1-2,11,PSU_RECODED_28,Grade 3,*,1,Walking,3,School too far away,_missing_,9,8,1,1,10, , , 
45,1-2,11,PSU_RECODED_28,Grade 3,*,1,Walking,4,School too far away,_missing_,7,6,1,1,10, , , 
45,1-2,11,PSU_RECODED_28,Grade 3,*,1,Walking,5,School too far away,_missing_,3,2,1,1,10, , , 
45,1-2,11,PSU_RECODED_28,Grade 3,*,1,Walking,6,School too far away,_missing_,1,19,1,1,10, , , 
45,1-2,11,PSU_RECODED_28,Grade 7,*,1,Walking,3,House keeping / Family business,_missing_, , , , , , ,6,2018
45,1-2,11,PSU_RECODED_28,Grade 7,*,1,Walking,4,School too far away,_missing_,10,9,2,1,10, , , 
45,1-2,11,PSU_RECODED_28,Grade 7,*,1,Walking,5,School too far away,_missing_,6,5,2,1,10, , , 
45,1-2,11,PSU_RECODED_28,Grade 7,*,1,Walking,6,Financial problems,_missing_, , , , , ,7, , 
51,1-2,1,PSU_RECODED_714,Grade 2,*,1,Walking,3,School too far away,_missing_,6,5,1,1,10, , , 
51,1-2,1,PSU_RECODED_714,Grade 2,*,1,Walking,4,School too far away,_missing_,1,19,1,1,15, , , 
51,1-2,1,PSU_RECODED_714,Grade 6,*,1,Walking,3,School too far away,_missing_,4,3,1,1,15, , , 
51,1-2,1,PSU_RECODED_714,Grade 6,*,1,Walking,4,School too far away,_missing_,1,19,1,1,15, , , 
51,1-2,2,PSU_RECODED_39,Grade 4,*,1,Walking,3,School too far away,_missing_,7,6,2,2,15, , , 
51,1-2,2,PSU_RECODED_39,Grade 4,*,1,Walking,4,School too far away,_missing_,4,3,2,3,15, , , 
51,1-2,2,PSU_RECODED_39,Grade 9,*,1,Walking,3,School too far away,_missing_,9,8,2,3,15, , , 
51,1-2,2,PSU_RECODED_39,Grade 9,*,1,Walking,4,School too far away,_missing_,3,2,2,3,15, , , 
51,1-2,2,PSU_RECODED_273,Grade 3,*,1,Walking,3,School too far away,_missing_,11,10,1,1,10, , , 
51,1-2,2,PSU_RECODED_273,Grade 3,*,1,Walking,4,School too far away,_missing_,7,6,1,1,10, , , 
51,1-2,2,PSU_RECODED_273,Grade 3,*,1,Walking,5,School too far away,_missing_,1,19,1,1,10, , , 
51,1-2,2,PSU_RECODED_273,Grade 7,*,1,Walking,5,House keeping / Family business,_missing_, , , , , , ,6,2017
51,1-2,2,PSU_RECODED_273,Grade 7,*,1,Walking,6,House keeping / Family business,_missing_, , , , , , ,7,2019
51,1-2,2,PSU_RECODED_273,Grade 7,*,1,Walking,7,School too far away,_missing_,7,6,0,1,10, , , 
51,1-2,3,PSU_RECODED_231,Grade 4,*,1,Walking,3,School too far away,_missing_,11,10,1,2,10, , , 
51,1-2,3,PSU_RECODED_231,Grade 4,*,1,Walking,5,House keeping / Family business,_missing_, , , , , , ,6,2017
51,1-2,3,PSU_RECODED_231,Grade 8,*,1,Walking,3,School too far away,_missing_,2,1,0,1,10, , , 
51,1,2,PSU_RECODED_86,Grade 4,*,1,Walking,3,School too far away,_missing_,12,11,5,3,10, , , 
51,1,2,PSU_RECODED_86,Grade 4,*,1,Walking,4,School too far away,_missing_,9,8,5,3,10, , , 
51,1-2,3,PSU_RECODED_474,Grade 2,*,1,Walking,6,School too far away,_missing_,10,9,0,1,10, , , 
51,1-2,3,PSU_RECODED_126,Grade 9,*,1,Walking,3,School too far away,_missing_,11,10,0,2,5, , , 
51,1-2,3,PSU_RECODED_126,Grade 9,*,1,Walking,4,School too far away,_missing_,6,5,0,3,5, , , 
51,1-2,4,PSU_RECODED_OTHER,Grade 3,*,1,Walking,3,School too far away,_missing_,6,5,5,2,20, , , 
51,1-2,4,PSU_RECODED_OTHER,Grade 7,*,1,Walking,2,School too far away,_missing_,12,11,5,2,20, , , 
51,1-2,4,PSU_RECODED_OTHER,Grade 7,*,1,Walking,3,School too far away,_missing_,9,8,5,2,20, , , 
51,1-2,4,PSU_RECODED_OTHER,Grade 7,*,1,Walking,4,School too far away,_missing_,6,5,5,2,20, , , 
51,1,3,PSU_RECODED_537,Grade 5,*,1,Walking,3,School too far away,_missing_,9,8,0,1,10, , , 
51,1,3,PSU_RECODED_537,Grade 5,*,1,Walking,4,School too far away,_missing_,6,5,0,1,10, , , 
51,1,3,PSU_RECODED_537,Grade 5,*,1,Walking,5,School too far away,_missing_,2,1,0,1,10, , , 
51,1-2,5,PSU_RECODED_145,Grade 1,*,1,Walking,3,School too far away,_missing_,7,6,1,1,30, , , 
51,1-2,5,PSU_RECODED_145,Grade 1,*,1,Walking,4,School too far away,_missing_,1,19,1,1,30, , , 
51,1-2,4,PSU_RECODED_525,Grade 3,*,1,Walking,3,School too far away,_missing_,10,9,0,1,10, , , 
51,1-2,4,PSU_RECODED_525,Grade 3,*,1,Walking,4,School too far away,_missing_,8,7,0,1,10, , , 
51,1-2,5,PSU_RECODED_OTHER,Grade 7,*,1,Walking,3,School too far away,_missing_,2,1,0,2,10, , , 
51,1,6,PSU_RECODED_25,Grade 7,*,1,Walking,2,School too far away,_missing_,5,4,0,1,5, , , 
51,1,5,PSU_RECODED_580,Grade 1,*,1,Walking,3,House keeping / Family business,_missing_, , , , , , ,9,2015
51,1,5,PSU_RECODED_580,Grade 10,*,1,Walking,5,House keeping / Family business,_missing_, , , , , , ,6,2017
51,1,5,PSU_RECODED_580,Grade 10,*,1,Walking,6,School too far away,_missing_,11,10,0,1,4, , , 
51,1-2,7,PSU_RECODED_OTHER,Grade 3,*,1,Walking,3,School too far away,_missing_,1,19,1,1,10, , , 
51,1-2,6,PSU_RECODED_67,Grade 1,*,1,Walking,3,School too far away,_missing_,1,19,0,3,5, , , 
51,1-2,6,PSU_RECODED_67,Grade 5,*,1,Walking,3,House keeping / Family business,_missing_, , , , , , ,8,2017
51,1-2,6,PSU_RECODED_67,Grade 5,*,1,Walking,4,School too far away,_missing_,9,8,0,1,10, , , 
51,1-2,6,PSU_RECODED_67,Grade 5,*,1,Walking,5,School too far away,_missing_,1,19,0,1,10, , , 
51,1-2,6,PSU_RECODED_67,Grade 9,*,1,Walking,3,School too far away,_missing_,12,11,0,2,5, , , 
51,1-2,6,PSU_RECODED_67,Grade 9,*,1,Walking,4,School too far away,_missing_,9,8,0,2,5, , , 
51,1,6,PSU_RECODED_233,Grade 7,*,1,Walking,3,School too far away,_missing_,8,7,0,2,10, , , 
51,1,6,PSU_RECODED_233,Grade 7,*,1,Walking,4,School too far away,_missing_,6,5,0,2,10, , , 
51,1,6,PSU_RECODED_233,Grade 7,*,1,Walking,5,School too far away,_missing_,2,1,0,3,10, , , 
51,1-2,8,PSU_RECODED_109,Grade 2,*,1,Walking,2,House keeping / Family business,_missing_, , , , , , ,6,2018
51,1-2,8,PSU_RECODED_109,Grade 2,*,1,Walking,3,School too far away,_missing_,11,10,1,2,10, , , 
51,1-2,8,PSU_RECODED_109,Grade 6,*,1,Walking,4,School too far away,_missing_,3,2,0,1,10, , , 
51,1,7,PSU_RECODED_146,Grade 8,*,1,Walking,3,House keeping / Family business,_missing_, , , , , , ,6,2016
51,1,7,PSU_RECODED_146,Grade 8,*,1,Walking,4,School too far away,_missing_,9,8,2,1,10, , , 
51,1,7,PSU_RECODED_146,Grade 8,*,1,Walking,5,School too far away,_missing_,5,4,2,1,10, , , 
51,1-2,8,PSU_RECODED_111,Grade 1,*,1,Walking,3,Financial problems,_missing_, , , , , ,5, , 
51,1-2,8,PSU_RECODED_111,Grade 1,*,1,Walking,4,School too far away,_missing_,8,7,0,1,15, , , 
51,1-2,8,PSU_RECODED_111,Grade 5,*,1,Walking,2,School too far away,_missing_,11,10,0,1,10, , , 
51,1-2,8,PSU_RECODED_111,Grade 9,*,1,Walking,2,School too far away,_missing_,12,11,0,1,10, , , 
51,1-2,8,PSU_RECODED_111,Grade 9,*,1,Walking,3,School too far away,_missing_,9,8,0,1,10, , , 
51,1-2,8,PSU_RECODED_OTHER,Grade 3,*,1,Walking,4,School too far away,_missing_,9,8,3,3,30, , , 
51,1,8,PSU_RECODED_111,Grade 9,*,1,Walking,4,School too far away,_missing_,12,11,0,3,10, , , 
51,1-2,10,PSU_RECODED_OTHER,Grade 2,*,1,Walking,3,School too far away,_missing_,1,19,0,1,5, , , 
51,1-2,10,PSU_RECODED_OTHER,Grade 6,*,1,Walking,3,School too far away,_missing_,5,4,0,1,5, , , 
51,1-2,9,PSU_RECODED_34,Grade 1,*,1,Walking,3,House keeping / Family business,_missing_, , , , , , ,8,2017
51,1-2,9,PSU_RECODED_34,Grade 1,*,1,Walking,4,School too far away,_missing_,9,8,0,1,10, , , 
51,1-2,10,PSU_RECODED_623,Grade 10,*,1,Walking,3,School too far away,_missing_,7,6,2,1,10, , , 
51,1-2,12,PSU_RECODED_776,Grade 4,*,1,Walking,3,School too far away,_missing_,2,1,0,1,6, , , 
51,1-2,12,PSU_RECODED_776,Grade 8,*,1,Walking,3,School too far away,_missing_,10,9,0,1,10, , , 
51,1-2,12,PSU_RECODED_776,Grade 8,*,1,Walking,4,School too far away,_missing_,5,4,0,1,10, , , 
51,1-2,11,PSU_RECODED_369,Grade 3,*,1,Walking,3,School too far away,_missing_,11,10,0,1,10, , , 
51,1-2,11,PSU_RECODED_369,Grade 3,*,1,Walking,4,School too far away,_missing_,2,1,0,1,10, , , 
51,1-2,12,PSU_RECODED_748,Grade 3,*,1,Walking,3,School too far away,_missing_,8,7,0,2,5, , , 
51,1-2,12,PSU_RECODED_748,Grade 3,*,1,Walking,4,School too far away,_missing_,3,2,0,3,5, , , 
51,1-2,12,PSU_RECODED_748,Grade 7,*,1,Walking,2,House keeping / Family business,_missing_, , , , , , ,99,2018
51,1-2,12,PSU_RECODED_748,Grade 7,*,1,Walking,3,School too far away,_missing_,11,10,0,2,5, , , 
51,1-2,12,PSU_RECODED_748,Grade 7,*,1,Walking,4,School too far away,_missing_,4,3,0,2,5, , , 
51,1-2,11,PSU_RECODED_OTHER,Grade 2,*,1,Walking,3,School too far away,_missing_,4,3,0,1,10, , , 
51,1-2,11,PSU_RECODED_OTHER,Grade 2,*,1,Walking,4,School too far away,_missing_,8,7,0,1,10, , , 
51,1-2,11,PSU_RECODED_OTHER,Grade 9,*,1,Walking,6,School too far away,_missing_,9,8,0,1,5, , , 
51,1,12,PSU_RECODED_554,Grade 4,*,1,Walking,3,School too far away,_missing_,8,7,0,1,10, , , 
51,1,12,PSU_RECODED_554,Grade 4,*,1,Walking,4,School too far away,_missing_,2,1,0,1,10, , , 
51,1,1,PSU_RECODED_OTHER,Grade 2,*,1,Walking,2,School too far away,_missing_,11,10,5,3,5, , , 
51,1-2,2,PSU_RECODED_613,Grade 7,*,1,Walking,2,School too far away,_missing_,10,9,1,2,10, , , 
51,1,2,PSU_RECODED_518,Grade 4,*,1,Walking,4,School too far away,_missing_,11,10,1,1,15, , , 
51,1,2,PSU_RECODED_518,Grade 4,*,1,Walking,5,School too far away,_missing_,7,6,1,1,15, , , 
51,1,2,PSU_RECODED_518,Grade 9,*,1,Walking,3,House keeping / Family business,_missing_, , , , , , ,3,2017
51,1,2,PSU_RECODED_518,Grade 9,*,1,Walking,4,School too far away,_missing_,7,6,1,1,15, , , 
51,1-2,3,PSU_RECODED_692,Grade 1,*,1,Walking,2,House keeping / Family business,_missing_, , , , , , ,6,2017
51,1-2,3,PSU_RECODED_692,Grade 1,*,1,Walking,3,School too far away,_missing_,3,2,0,1,5, , , 
51,1-2,3,PSU_RECODED_OTHER,Grade 5,*,1,Walking,4,School too far away,_missing_,11,10,1,3,10, , , 
51,1,4,PSU_RECODED_320,Grade 3,*,1,Walking,3,School too far away,_missing_,8,7,0,1,4, , , 
51,1,4,PSU_RECODED_320,Grade 3,*,1,Walking,4,School too far away,_missing_,5,4,0,1,4, , , 
51,1,4,PSU_RECODED_320,Grade 8,*,1,Walking,3,School too far away,_missing_,9,8,0,2,2, , , 
51,1,4,PSU_RECODED_320,Grade 8,*,1,Walking,4,School too far away,_missing_,6,5,0,2,2, , , 
51,1,4,PSU_RECODED_320,Grade 8,*,1,Walking,5,School too far away,_missing_,3,2,0,3,2, , , 
51,1-2,5,PSU_RECODED_738,Grade 1,*,1,Walking,2,School too far away,_missing_,7,6,0,2,5, , , 
51,1-2,5,PSU_RECODED_738,Grade 5,*,1,Walking,3,School too far away,_missing_,11,10,0,1,5, , , 
51,1-2,5,PSU_RECODED_738,Grade 5,*,1,Walking,4,School too far away,_missing_,3,2,0,1,5, , , 
51,1-2,5,PSU_RECODED_738,Grade 9,*,1,Walking,3,House keeping / Family business,_missing_, , , , , , ,6,2017
51,1-2,5,PSU_RECODED_738,Grade 9,*,1,Walking,4,School too far away,_missing_,6,5,1,1,8, , , 
51,1-2,6,PSU_RECODED_443,Grade 3,*,1,Walking,3,School too far away,_missing_,10,9,0,1,10, , , 
51,1-2,6,PSU_RECODED_443,Grade 3,*,1,Walking,4,School too far away,_missing_,8,7,0,1,10, , , 
51,1-2,6,PSU_RECODED_443,Grade 3,*,1,Walking,5,School too far away,_missing_,5,4,0,1,10, , , 
51,1-2,6,PSU_RECODED_443,Grade 8,*,1,Walking,5,House keeping / Family business,_missing_, , , , , , ,1,2015
51,1-2,6,PSU_RECODED_443,Grade 8,*,1,Walking,6,House keeping / Family business,_missing_, , , , , , ,1,2016
51,1-2,6,PSU_RECODED_443,Grade 8,*,1,Walking,7,House keeping / Family business,_missing_, , , , , , ,5,2015
51,1-2,6,PSU_RECODED_OTHER,Grade 3,*,1,Walking,3,School too far away,_missing_,11,10,0,1,5, , , 
51,1-2,6,PSU_RECODED_OTHER,Grade 3,*,1,Walking,4,School too far away,_missing_,8,7,0,1,5, , , 
51,1-2,7,PSU_RECODED_877,Grade 5,*,1,Walking,3,School too far away,_missing_,11,10,5,2,15, , , 
51,1-2,7,PSU_RECODED_877,Grade 9,*,1,Walking,3,School too far away,_missing_,11,10,3,1,15, , , 
51,1-2,7,PSU_RECODED_877,Grade 9,*,1,Walking,4,School too far away,_missing_,8,7,3,1,15, , , 
51,1-2,7,PSU_RECODED_877,Grade 9,*,1,Walking,5,School too far away,_missing_,6,5,3,1,15, , , 
51,1-2,8,PSU_RECODED_741,Grade 1,*,1,Walking,4,School too far away,_missing_,12,11,0,2,10, , , 
51,1-2,8,PSU_RECODED_741,Grade 10,*,1,Walking,2,School too far away,_missing_,11,10,5,2,20, , , 
51,1,9,PSU_RECODED_377,Grade 10,*,1,Walking,3,School too far away,_missing_,11,10,0,2,8, , , 
51,1,9,PSU_RECODED_377,Grade 10,*,1,Walking,4,School too far away,_missing_,9,8,1,2,12, , , 
51,1,9,PSU_RECODED_377,Grade 10,*,1,Walking,5,School too far away,_missing_,7,6,0,1,5, , , 
51,1-2,10,PSU_RECODED_289,Grade 9,*,1,Walking,3,School too far away,_missing_,8,7,2,2,10, , , 
51,1-2,10,PSU_RECODED_437,Grade 10,*,1,Walking,4,School too far away,_missing_,6,5,0,1,10, , , 
51,1-2,10,PSU_RECODED_437,Grade 10,*,1,Walking,5,Financial problems,_missing_, , , , , ,5, , 
51,1-2,11,PSU_RECODED_662,Grade 4,*,1,Walking,3,School too far away,_missing_,8,7,0,1,10, , , 
51,1-2,11,PSU_RECODED_662,Grade 8,*,1,Walking,3,House keeping / Family business,_missing_, , , , , , ,6,2017
51,1-2,11,PSU_RECODED_662,Grade 8,*,1,Walking,4,School too far away,_missing_,3,2,0,1,10, , , 
51,1-2,1,PSU_RECODED_277,Grade 10,*,1,Walking,2,School too far away,_missing_,11,10,0,2,3, , , 
51,1-2,1,PSU_RECODED_277,Grade 10,*,1,Walking,3,School too far away,_missing_,3,2,0,3,4, , , 
51,1-2,11,PSU_RECODED_710,Grade 8,*,1,Walking,3,School too far away,_missing_,12,11,0,2,10, , , 
51,1-2,1,PSU_RECODED_OTHER,Grade 4,*,1,Walking,3,School too far away,_missing_,2,1,0,3,5, , , 
51,1-2,1,PSU_RECODED_OTHER,Grade 8,*,1,Walking,3,School too far away,_missing_,4,3,0,1,7, , , 
51,1-2,1,PSU_RECODED_OTHER,Grade 8,*,1,Walking,4,School too far away,_missing_,1,19,0,1,7, , , 
51,1,12,PSU_RECODED_503,Grade 4,*,1,Walking,3,School too far away,_missing_,9,8,2,2,10, , , 
51,1,12,PSU_RECODED_503,Grade 4,*,1,Walking,4,School too far away,_missing_,7,6,2,2,10, , , 
51,1-2,2,PSU_RECODED_624,Grade 2,*,1,Walking,2,School too far away,_missing_,3,2,0,1,15, , , 
51,1-2,2,PSU_RECODED_624,Grade 2,*,1,Walking,3,School too far away,_missing_,1,19,0,1,15, , , 
51,1-2,2,PSU_RECODED_624,Grade 6,*,1,Walking,4,School too far away,_missing_,11,10,0,1,10, , , 
51,1-2,2,PSU_RECODED_624,Grade 10,*,1,Walking,3,School too far away,_missing_,9,8,0,1,8, , , 
51,1-2,2,PSU_RECODED_516,Grade 8,*,1,Walking,4,House keeping / Family business,_missing_, , , , , , ,5,2012
51,1-2,2,PSU_RECODED_516,Grade 8,*,1,Walking,5,School too far away,_missing_,10,9,0,1,10, , , 
51,1-2,2,PSU_RECODED_516,Grade 8,*,1,Walking,6,School too far away,_missing_,8,7,0,1,10, , , 
51,1-2,4,PSU_RECODED_350,Grade 3,*,1,Walking,3,School too far away,_missing_,2,1,0,1,5, , , 
51,1-2,4,PSU_RECODED_350,Grade 7,*,1,Walking,3,School too far away,_missing_,12,11,0,1,5, , , 
51,1-2,4,PSU_RECODED_350,Grade 7,*,1,Walking,4,School too far away,_missing_,6,5,0,1,5, , , 
51,1-2,4,PSU_RECODED_OTHER,Grade 1,*,1,Walking,3,School too far away,_missing_,2,1,0,3,3, , , 
51,1-2,4,PSU_RECODED_OTHER,Grade 6,*,1,Walking,4,School too far away,_missing_,7,6,0,5,1, , , 
51,1-2,4,PSU_RECODED_OTHER,Grade 10,*,1,Walking,3,School too far away,_missing_,2,1,0,1,3, , , 
51,1-2,5,PSU_RECODED_OTHER,Grade 5,*,1,Walking,3,House keeping / Family business,_missing_, , , , , , ,2,2015
51,1-2,5,PSU_RECODED_830,Grade 3,*,1,Walking,3,House keeping / Family business,_missing_, , , , , , ,6,2017
51,1-2,5,PSU_RECODED_830,Grade 3,*,1,Walking,4,School too far away,_missing_,11,10,0,1,15, , , 
51,1-2,5,PSU_RECODED_830,Grade 3,*,1,Walking,5,School too far away,_missing_,5,4,0,1,15, , , 
51,1-2,5,PSU_RECODED_830,Grade 7,*,1,Walking,2,School too far away,_missing_,6,5,0,1,15, , , 
51,1,6,PSU_RECODED_350,Grade 2,*,1,Walking,3,School too far away,_missing_,6,5,0,3,2, , , 
51,1,6,PSU_RECODED_350,Grade 2,*,1,Walking,4,School too far away,_missing_,3,2,0,3,2, , , 
51,1-2,7,PSU_RECODED_607,Grade 2,*,1,Walking,4,School too far away,_missing_,10,9,15,2,90, , , 
51,1-2,7,PSU_RECODED_607,Grade 2,*,1,Walking,5,House keeping / Family business,_missing_, , , , , , ,1,2012
51,1-2,7,PSU_RECODED_607,Grade 2,*,1,Walking,6,School too far away,_missing_,4,3,15,2,90, , , 
51,1-2,7,PSU_RECODED_607,Grade 6,*,1,Walking,3,School too far away,_missing_,9,8,15,2,90, , , 
51,1-2,7,PSU_RECODED_607,Grade 6,*,1,Walking,4,School too far away,_missing_,7,6,15,2,90, , , 
51,1-2,7,PSU_RECODED_607,Grade 6,*,1,Walking,5,School too far away,_missing_,1,19,0,1,5, , , 
51,1-2,7,PSU_RECODED_664,Grade 5,*,1,Walking,3,School too far away,_missing_,2,1,0,1,15, , , 
51,1-2,7,PSU_RECODED_664,Grade 10,*,1,Walking,4,House keeping / Family business,_missing_, , , , , , ,8,2018
51,1-2,7,PSU_RECODED_664,Grade 10,*,1,Walking,5,School too far away,_missing_,8,7,0,2,10, , , 
51,1,8,PSU_RECODED_823,Grade 1,*,1,Walking,3,School too far away,_missing_,13,12,2,2,5, , , 
51,1-2,9,PSU_RECODED_137,Grade 4,*,1,Walking,6,School too far away,_missing_,3,2,0,3,5, , , 
51,1,9,PSU_RECODED_759,Grade 5,*,1,Walking,3,School too far away,_missing_,9,8,0,3,5, , , 
51,1,9,PSU_RECODED_759,Grade 9,*,1,Walking,4,School too far away,_missing_,11,10,0,2,15, , , 
51,1,9,PSU_RECODED_759,Grade 9,*,1,Walking,5,School too far away,_missing_,6,5,0,2,10, , , 
51,1,10,PSU_RECODED_OTHER,Grade 8,*,1,Walking,3,House keeping / Family business,_missing_, , , , , , ,6,2017
51,1,10,PSU_RECODED_OTHER,Grade 8,*,1,Walking,4,House keeping / Family business,_missing_, , , , , , ,6,2017
51,1-2,11,PSU_RECODED_OTHER,Grade 6,*,1,Walking,4,House keeping / Family business,_missing_, , , , , , ,2,2017
51,1,11,PSU_RECODED_543,Grade 5,*,1,Walking,5,School too far away,_missing_,12,11,0,1,10, , , 
51,1,11,PSU_RECODED_543,Grade 5,*,1,Walking,6,School too far away,_missing_,11,10,0,1,10, , , 
51,1,11,PSU_RECODED_543,Grade 5,*,1,Walking,7,School too far away,_missing_,9,8,0,1,10, , , 
51,1,11,PSU_RECODED_543,Grade 10,*,1,Walking,3,School too far away,_missing_,8,7,0,1,10, , , 
51,1,11,PSU_RECODED_543,Grade 10,*,1,Walking,4,School too far away,_missing_,3,2,0,1,10, , , 
51,1,11,PSU_RECODED_543,Grade 10,*,1,Walking,5,School too far away,_missing_,1,19,0,3,10, , , 
51,1-2,12,PSU_RECODED_OTHER,Grade 4,*,1,Walking,3,School too far away,_missing_,10,9,0,1,10, , , 
51,1-2,12,PSU_RECODED_OTHER,Grade 4,*,1,Walking,4,School too far away,_missing_,5,4,0,1,10, , , 
51,1-2,12,PSU_RECODED_OTHER,Grade 10,*,1,Walking,2,School too far away,_missing_,2,1,0,1,5, , , 
52,1,1,PSU_RECODED_229,Grade 2,*,1,Walking,3,School too far away,_missing_,13,12,1,3,10, , , 
52,1,1,PSU_RECODED_229,Grade 2,*,1,Walking,4,School too far away,_missing_,10,9,2,2,15, , , 
52,1-2,1,PSU_RECODED_548,Grade 3,*,1,Walking,3,School too far away,_missing_,8,7,0,1,10, , , 
52,1-2,1,PSU_RECODED_548,Grade 3,*,1,Walking,4,School too far away,_missing_,5,4,0,1,10, , , 
52,1-2,1,PSU_RECODED_548,Grade 7,*,1,Walking,2,School too far away,_missing_,9,8,0,1,10, , , 
52,1-2,2,PSU_RECODED_223,Grade 1,*,1,Walking,2,School too far away,_missing_,5,4,0,2,5, , , 
52,1-2,2,PSU_RECODED_223,Grade 5,*,1,Walking,2,School too far away,_missing_,2,1,1,3,10, , , 
52,1-2,2,PSU_RECODED_223,Grade 9,*,1,Walking,2,House keeping / Family business,_missing_, , , , , , ,2,2018
52,1,1,PSU_RECODED_6,Grade 4,*,1,Walking,3,House keeping / Family business,_missing_, , , , , , ,5,2018
52,1,1,PSU_RECODED_6,Grade 4,*,1,Walking,4,School too far away,_missing_,9,8,0,2,10, , , 
52,1,1,PSU_RECODED_6,Grade 8,*,1,Walking,3,School too far away,_missing_,11,10,1,3,10, , , 
52,1,1,PSU_RECODED_6,Grade 8,*,1,Walking,4,School too far away,_missing_,9,8,1,3,10, , , 
52,1,1,PSU_RECODED_6,Grade 8,*,1,Walking,5,School too far away,_missing_,3,2,1,3,10, , , 
52,1,1,PSU_RECODED_6,Grade 8,*,1,Walking,6,School too far away,_missing_,1,19,1,3,10, , , 
52,1,3,PSU_RECODED_OTHER,Grade 2,*,1,Walking,6,School too far away,_missing_,6,5,0,3,5, , , 
52,1,3,PSU_RECODED_OTHER,Grade 9,*,1,Walking,4,House keeping / Family business,_missing_, , , , , , ,8,2018
52,1-2,2,PSU_RECODED_OTHER,Grade 7,*,1,Walking,2,School too far away,_missing_,12,11,2,2,15, , , 
52,1-2,2,PSU_RECODED_OTHER,Grade 7,*,1,Walking,3,School too far away,_missing_,8,7,2,2,15, , , 
52,1-2,3,PSU_RECODED_732,Grade 6,*,1,Walking,3,School too far away,_missing_,5,4,7,6,20, , , 
52,1-2,4,PSU_RECODED_75,Grade 3,*,1,Walking,3,School too far away,_missing_,5,4,0,1,5, , , 
52,1-2,4,PSU_RECODED_75,Grade 7,*,1,Walking,3,House keeping / Family business,_missing_, , , , , , ,6,2015
52,1,3,PSU_RECODED_4,Grade 7,*,1,Walking,3,School too far away,_missing_,7,6,0,1,10, , , 
52,1,3,PSU_RECODED_4,Grade 7,*,1,Walking,4,School too far away,_missing_,1,19,0,1,10, , , 
52,1-2,4,PSU_RECODED_847,Grade 2,*,1,Walking,2,House keeping / Family business,_missing_, , , , , , ,6,2017
52,1-2,4,PSU_RECODED_847,Grade 6,*,1,Walking,2,School too far away,_missing_,3,2,0,3,5, , , 
52,1-2,4,PSU_RECODED_847,Grade 10,*,1,Walking,3,School too far away,_missing_,3,2,0,3,5, , , 
52,1,5,PSU_RECODED_646,Grade 1,*,1,Walking,4,House keeping / Family business,_missing_, , , , , , ,99,2018
52,1,5,PSU_RECODED_646,Grade 1,*,1,Walking,5,School too far away,_missing_,10,9,0,5,10, , , 
52,1,5,PSU_RECODED_646,Grade 1,*,1,Walking,6,School too far away,_missing_,4,3,0,3,10, , , 
52,1,5,PSU_RECODED_646,Grade 9,*,1,Walking,6,House keeping / Family business,_missing_, , , , , , ,9,2017
52,1,5,PSU_RECODED_646,Grade 9,*,1,Walking,7,House keeping / Family business,_missing_, , , , , , ,9,2017
52,1-2,4,PSU_RECODED_118,Grade 4,*,1,Walking,3,School too far away,_missing_,3,2,0,1,10, , , 
52,1-2,4,PSU_RECODED_118,Grade 4,*,1,Walking,4,School too far away,_missing_,2,1,0,1,10, , , 
52,1-2,5,PSU_RECODED_881,Grade 3,*,1,Walking,3,School too far away,_missing_,7,6,13,6,40, , , 
52,1-2,5,PSU_RECODED_881,Grade 8,*,1,Walking,5,School too far away,_missing_,3,2,1,2,15, , , 
52,1-2,5,PSU_RECODED_881,Grade 8,*,1,Walking,6,School too far away,_missing_,1,19,1,2,15, , , 
52,1,6,PSU_RECODED_606,Grade 8,*,1,Walking,3,School too far away,_missing_,7,6,0,1,3, , , 
52,1,6,PSU_RECODED_606,Grade 8,*,1,Walking,4,School too far away,_missing_,1,19,0,1,3, , , 
52,1-2,7,PSU_RECODED_OTHER,Grade 1,*,1,Walking,3,School too far away,_missing_,11,10,1,1,15, , , 
52,1-2,7,PSU_RECODED_OTHER,Grade 1,*,1,Walking,4,School too far away,_missing_,7,6,1,1,15, , , 
52,1-2,7,PSU_RECODED_OTHER,Grade 1,*,1,Walking,5,School too far away,_missing_,3,2,1,3,15, , , 
52,1,6,PSU_RECODED_574,Grade 3,*,1,Walking,3,School too far away,_missing_,11,10,0,1,15, , , 
52,1,6,PSU_RECODED_574,Grade 3,*,1,Walking,4,School too far away,_missing_,8,7,0,1,15, , , 
52,1-2,7,PSU_RECODED_441,Grade 5,*,1,Walking,3,School too far away,_missing_,7,6,0,1,5, , , 
52,1-2,6,PSU_RECODED_194,Grade 7,*,1,Walking,3,School too far away,_missing_,2,1,0,1,10, , , 
52,1-2,8,PSU_RECODED_847,Grade 1,*,1,Walking,3,School too far away,_missing_,11,10,2,6,15, , , 
52,1-2,8,PSU_RECODED_847,Grade 1,*,1,Walking,4,School too far away,_missing_,5,4,2,6,15, , , 
52,1-2,8,PSU_RECODED_847,Grade 5,*,1,Walking,4,School too far away,_missing_,11,10,2,6,15, , , 
52,1-2,8,PSU_RECODED_847,Grade 5,*,1,Walking,5,School too far away,_missing_,6,5,2,6,15, , , 
52,1-2,7,PSU_RECODED_OTHER,Grade 8,*,1,Walking,2,School too far away,_missing_,10,9,0,1,10, , , 
52,1-2,7,PSU_RECODED_OTHER,Grade 8,*,1,Walking,3,School too far away,_missing_,6,5,0,1,10, , , 
52,1-2,7,PSU_RECODED_OTHER,Grade 8,*,1,Walking,4,School too far away,_missing_,4,3,0,1,10, , , 
52,1-2,8,PSU_RECODED_392,Grade 2,*,1,Walking,3,School too far away,_missing_,2,1,1,3,6, , , 
52,1-2,7,PSU_RECODED_26,Grade 4,*,1,Walking,4,School too far away,_missing_,9,8,0,1,10, , , 
52,1-2,7,PSU_RECODED_26,Grade 8,*,1,Walking,3,School too far away,_missing_,12,11,0,1,5, , , 
52,1-2,7,PSU_RECODED_26,Grade 8,*,1,Walking,4,School too far away,_missing_,11,10,0,1,10, , , 
52,1-2,7,PSU_RECODED_26,Grade 8,*,1,Walking,5,School too far away,_missing_,5,4,0,1,10, , , 
52,1,8,PSU_RECODED_435,Grade 2,*,1,Walking,5,School too far away,_missing_,8,7,3,3,8, , , 
52,1,8,PSU_RECODED_435,Grade 2,*,1,Walking,6,School too far away,_missing_,6,5,3,3,8, , , 
52,1,8,PSU_RECODED_435,Grade 2,*,1,Walking,7,School too far away,_missing_,3,2,0,1,4, , , 
52,1,8,PSU_RECODED_435,Grade 2,*,1,Walking,8,School too far away,_missing_,1,19,0,1,4, , , 
52,1,8,PSU_RECODED_435,Grade 7,*,1,Walking,2,School too far away,_missing_,4,3,0,1,4, , , 
52,1,8,PSU_RECODED_435,Grade 7,*,1,Walking,3,School too far away,_missing_,2,1,0,1,4, , , 
52,1-2,9,PSU_RECODED_173,Grade 10,*,1,Walking,3,School too far away,_missing_,10,9,3,6,10, , , 
52,1-2,9,PSU_RECODED_173,Grade 10,*,1,Walking,4,School too far away,_missing_,5,4,3,6,10, , , 
52,1-2,9,PSU_RECODED_OTHER,Grade 10,*,1,Walking,3,School too far away,_missing_,7,6,4,1,30, , , 
52,1-2,9,PSU_RECODED_OTHER,Grade 10,*,1,Walking,4,Financial problems,_missing_, , , , , ,7, , 
52,1,10,PSU_RECODED_645,Grade 1,*,1,Walking,2,School too far away,_missing_,5,4,0,2,3, , , 
52,1,10,PSU_RECODED_645,Grade 1,*,1,Walking,3,School too far away,_missing_,1,19,0,1,4, , , 
52,1,10,PSU_RECODED_645,Grade 9,*,1,Walking,3,School too far away,_missing_,3,2,0,2,5, , , 
52,1,10,PSU_RECODED_645,Grade 9,*,1,Walking,4,School too far away,_missing_,1,19,0,3,3, , , 
52,1,9,PSU_RECODED_326,Grade 3,*,1,Walking,4,School too far away,_missing_,12,11,0,2,15, , , 
52,1,9,PSU_RECODED_326,Grade 3,*,1,Walking,5,School too far away,_missing_,10,8,0,3,15, , , 
52,1,9,PSU_RECODED_326,Grade 3,*,1,Walking,6,School too far away,_missing_,8,7,0,2,9, , , 
52,1,9,PSU_RECODED_326,Grade 3,*,1,Walking,7,School too far away,_missing_,3,2,0,3,9, , , 
52,1-2,11,PSU_RECODED_410,Grade 6,*,1,Walking,4,School too far away,_missing_,11,10,6,6,70, , , 
52,1-2,11,PSU_RECODED_410,Grade 6,*,1,Walking,5,School too far away,_missing_,9,8,6,6,70, , , 
52,1-2,11,PSU_RECODED_410,Grade 10,*,1,Walking,3,School too far away,_missing_,8,7,2,6,20, , , 
52,1-2,11,PSU_RECODED_410,Grade 10,*,1,Walking,4,School too far away,_missing_,6,5,2,6,20, , , 
52,1-2,10,PSU_RECODED_118,Grade 5,*,1,Walking,4,House keeping / Family business,_missing_, , , , , , ,99,2016
52,1-2,10,PSU_RECODED_118,Grade 9,*,1,Walking,6,School too far away,_missing_,1,19,5,3,10, , , 
52,1-2,11,PSU_RECODED_OTHER,Grade 3,*,1,Walking,5,School too far away,_missing_,11,10,2,2,10, , , 
52,1-2,11,PSU_RECODED_OTHER,Grade 10,*,1,Walking,4,House keeping / Family business,_missing_, , , , , , ,7, 
52,1,10,PSU_RECODED_787,Grade 7,*,1,Walking,3,House keeping / Family business,_missing_, , , , , , ,9,2018
52,1,10,PSU_RECODED_787,Grade 7,*,1,Walking,4,School too far away,_missing_,11,10,0,2,10, , , 
52,1,10,PSU_RECODED_787,Grade 7,*,1,Walking,5,School too far away,_missing_,8,7,2,3,10, , , 
52,1-2,11,PSU_RECODED_OTHER,Grade 1,*,1,Walking,4,School too far away,_missing_,9,8,1,3,15, , , 
52,1-2,11,PSU_RECODED_OTHER,Grade 6,*,1,Walking,3,School too far away,_missing_,3,2,0,1,10, , , 
52,1-2,11,PSU_RECODED_OTHER,Grade 6,*,1,Walking,4,School too far away,_missing_,1,19,0,1,10, , , 
52,1-2,12,PSU_RECODED_225,Grade 4,*,1,Walking,3,School too far away,_missing_,6,5,1,1,15, , , 
52,1,12,PSU_RECODED_532,Grade 5,*,1,Walking,3,School too far away,_missing_,9,8,1,2,15, , , 
52,1,12,PSU_RECODED_532,Grade 5,*,1,Walking,4,School too far away,_missing_,7,6,1,1,15, , , 
52,1,12,PSU_RECODED_532,Grade 5,*,1,Walking,5,School too far away,_missing_,3,2,1,1,15, , , 
52,1,12,PSU_RECODED_532,Grade 9,*,1,Walking,4,School too far away,_missing_,10,9,1,1,10, , , 
52,1,12,PSU_RECODED_532,Grade 9,*,1,Walking,5,School too far away,_missing_,9,8,1,1,10, , , 
52,1,12,PSU_RECODED_532,Grade 9,*,1,Walking,6,School too far away,_missing_,7,6,1,3,10, , , 
52,1-2,1,PSU_RECODED_113,Grade 1,*,1,Walking,4,School too far away,_missing_,10,9,5,6,30, , , 
52,1-2,1,PSU_RECODED_113,Grade 1,*,1,Walking,5,School too far away,_missing_,4,3,5,3,30, , , 
52,1-2,1,PSU_RECODED_113,Grade 7,*,1,Walking,3,School too far away,_missing_,11,10,15,6,30, , , 
52,1-2,3,PSU_RECODED_OTHER,Grade 3,*,1,Walking,3,School too far away,_missing_,13,12,2,2,10, , , 
52,1-2,3,PSU_RECODED_OTHER,Grade 3,*,1,Walking,4,School too far away,_missing_,5,4,0,1,10, , , 
52,1,4,PSU_RECODED_OTHER,Grade 5,*,1,Walking,3,School too far away,_missing_,12,11,0,3,10, , , 
52,1,4,PSU_RECODED_OTHER,Grade 5,*,1,Walking,4,School too far away,_missing_,5,4,0,1,5, , , 
52,1,4,PSU_RECODED_OTHER,Grade 9,*,1,Walking,2,School too far away,_missing_,7,6,0,2,6, , , 
52,1,4,PSU_RECODED_OTHER,Grade 9,*,1,Walking,3,School too far away,_missing_,1,19,0,2,6, , , 
52,1-2,5,PSU_RECODED_1,Grade 8,*,1,Walking,3,School too far away,_missing_,12,11,1,3,15, , , 
52,1-2,5,PSU_RECODED_1,Grade 8,*,1,Walking,4,School too far away,_missing_,10,9,1,3,15, , , 
52,1-2,5,PSU_RECODED_1,Grade 8,*,1,Walking,5,School too far away,_missing_,8,7,1,3,15, , , 
52,1-2,5,PSU_RECODED_1,Grade 8,*,1,Walking,6,School too far away,_missing_,6,5,1,2,15, , , 
52,1-2,5,PSU_RECODED_90,Grade 6,*,1,Walking,3,House keeping / Family business,_missing_, , , , , , ,3,2017
52,1-2,5,PSU_RECODED_90,Grade 6,*,1,Walking,4,School too far away,_missing_,12,11,2,2,15, , , 
52,1-2,5,PSU_RECODED_90,Grade 6,*,1,Walking,5,School too far away,_missing_,8,7,0,1,5, , , 
52,1-2,5,PSU_RECODED_90,Grade 6,*,1,Walking,6,School too far away,_missing_,4,3,0,1,5, , , 
52,1-2,6,PSU_RECODED_654,Grade 1,*,1,Walking,3,School too far away,_missing_,7,6,0,1,15, , , 
52,1-2,6,PSU_RECODED_654,Grade 1,*,1,Walking,4,School too far away,_missing_,3,2,0,1,15, , , 
52,1-2,6,PSU_RECODED_654,Grade 1,*,1,Walking,5,School too far away,_missing_,2,1,0,1,15, , , 
52,1-2,6,PSU_RECODED_654,Grade 5,*,1,Walking,3,School too far away,_missing_,1,19,0,1,15, , , 
52,1-2,6,PSU_RECODED_654,Grade 10,*,1,Walking,3,School too far away,_missing_,10,9,0,1,15, , , 
52,1-2,6,PSU_RECODED_654,Grade 10,*,1,Walking,4,School too far away,_missing_,6,5,0,1,15, , , 
52,1-2,6,PSU_RECODED_654,Grade 10,*,1,Walking,5,School too far away,_missing_,3,2,0,1,15, , , 
52,1-2,6,PSU_RECODED_320,Grade 9,*,1,Walking,2,House keeping / Family business,_missing_, , , , , , ,6,2015
52,1-2,6,PSU_RECODED_320,Grade 9,*,1,Walking,3,House keeping / Family business,_missing_, , , , , , ,6,2016
52,1,7,PSU_RECODED_550,Grade 3,*,1,Walking,4,School too far away,_missing_,12,11,0,1,5, , , 
52,1,7,PSU_RECODED_550,Grade 3,*,1,Walking,5,School too far away,_missing_,8,7,0,1,5, , , 
52,1,7,PSU_RECODED_550,Grade 3,*,1,Walking,6,School too far away,_missing_,3,2,0,2,7, , , 
52,1,7,PSU_RECODED_550,Grade 8,*,1,Walking,4,School too far away,_missing_,13,12,0,3,10, , , 
52,1-2,8,PSU_RECODED_805,Grade 1,*,1,Walking,3,House keeping / Family business,_missing_, , , , , , ,2,2017
52,1-2,8,PSU_RECODED_805,Grade 6,*,1,Walking,4,House keeping / Family business,_missing_, , , , , , ,6,2018
52,1-2,8,PSU_RECODED_805,Grade 6,*,1,Walking,5,School too far away,_missing_,9,8,0,1,10, , , 
52,1-2,8,PSU_RECODED_805,Grade 6,*,1,Walking,6,School too far away,_missing_,7,6,0,1,10, , , 
52,1-2,9,PSU_RECODED_894,Grade 2,*,1,Walking,3,School too far away,_missing_,12,11,2,6,25, , , 
52,1-2,9,PSU_RECODED_OTHER,Grade 2,*,1,Walking,3,Financial problems,_missing_, , , , , ,7, , 
52,1-2,10,PSU_RECODED_511,Grade 1,*,1,Walking,3,School too far away,_missing_,7,6,0,1,5, , , 
52,1-2,10,PSU_RECODED_511,Grade 6,*,1,Walking,3,School too far away,_missing_,8,7,0,1,15, , , 
52,1-2,10,PSU_RECODED_511,Grade 6,*,1,Walking,4,School too far away,_missing_,6,5,0,1,15, , , 
52,1-2,10,PSU_RECODED_511,Grade 10,*,1,Walking,5,School too far away,_missing_,12,11,0,1,10, , , 
52,1-2,10,PSU_RECODED_OTHER,Grade 8,*,1,Walking,4,House keeping / Family business,_missing_, , , , , , ,6,2015
52,1,11,PSU_RECODED_OTHER,Grade 7,*,1,Walking,4,School too far away,_missing_,7,6,0,3,2, , , 
52,1-2,2,PSU_RECODED_259,Grade 5,*,1,Walking,4,School too far away,_missing_,12,11,0,2,10, , , 
52,1-2,12,PSU_RECODED_673,Grade 3,*,1,Walking,3,School too far away,_missing_,2,1,2,5,10, , , 
52,1-2,2,PSU_RECODED_902,Grade 2,*,1,Walking,3,School too far away,_missing_,3,2,0,3,10, , , 
52,1-2,2,PSU_RECODED_902,Grade 10,*,1,Walking,2,School too far away,_missing_,9,8,0,1,10, , , 
52,1-2,2,PSU_RECODED_902,Grade 10,*,1,Walking,3,School too far away,_missing_,9,8,0,1,10, , , 
52,1-2,2,PSU_RECODED_902,Grade 10,*,1,Walking,4,School too far away,_missing_,7,6,0,1,5, , , 
52,1-2,2,PSU_RECODED_902,Grade 10,*,1,Walking,5,School too far away,_missing_,6,5,0,1,10, , , 
52,1-2,2,PSU_RECODED_902,Grade 10,*,1,Walking,6,School too far away,_missing_,3,2,0,2,5, , , 
52,1-2,12,PSU_RECODED_690,Grade 4,*,1,Walking,3,School too far away,_missing_,10,9,0,1,10, , , 
52,1-2,12,PSU_RECODED_690,Grade 4,*,1,Walking,4,School too far away,_missing_,9,8,0,1,10, , , 
52,1-2,12,PSU_RECODED_690,Grade 4,*,1,Walking,5,School too far away,_missing_,5,4,0,1,10, , , 
52,1-2,12,PSU_RECODED_690,Grade 9,*,1,Walking,2,School too far away,_missing_,1,19,0,1,10, , , 
52,1-2,3,PSU_RECODED_10,Grade 3,*,1,Walking,3,School too far away,_missing_,5,4,0,5,10, , , 
52,1-2,3,PSU_RECODED_10,Grade 3,*,1,Walking,4,School too far away,_missing_,3,2,0,5,10, , , 
52,1-2,3,PSU_RECODED_261,Grade 2,*,1,Walking,3,School too far away,_missing_,11,10,0,1,5, , , 
52,1-2,3,PSU_RECODED_261,Grade 2,*,1,Walking,4,School too far away,_missing_,5,4,0,1,5, , , 
52,1-2,3,PSU_RECODED_261,Grade 7,*,1,Walking,3,School too far away,_missing_,2,1,0,1,10, , , 
52,1,4,PSU_RECODED_650,Grade 1,*,1,Walking,3,School too far away,_missing_,3,2,3,3,15, , , 
52,1,4,PSU_RECODED_650,Grade 1,*,1,Walking,4,Financial problems,_missing_, , , , , ,7, , 
52,1,4,PSU_RECODED_650,Grade 5,*,1,Walking,3,School too far away,_missing_,8,7,2,5,15, , , 
52,1,4,PSU_RECODED_650,Grade 5,*,1,Walking,4,School too far away,_missing_,5,4,2,5,15, , , 
52,1,4,PSU_RECODED_650,Grade 5,*,1,Walking,5,School too far away,_missing_,2,1,1,5,15, , , 
52,1,4,PSU_RECODED_650,Grade 9,*,1,Walking,3,School too far away,_missing_,13,12,0,1,10, , , 
52,1,4,PSU_RECODED_650,Grade 9,*,1,Walking,4,School too far away,_missing_,10,9,0,1,10, , , 
52,1-2,5,PSU_RECODED_172,Grade 6,*,1,Walking,2,School too far away,_missing_,2,1,0,1,10, , , 
52,1-2,6,PSU_RECODED_OTHER,Grade 8,*,1,Walking,3,School too far away,_missing_,11,10,0,1,20, , , 
52,1-2,6,PSU_RECODED_OTHER,Grade 8,*,1,Walking,4,School too far away,_missing_,4,3,0,1,20, , , 
52,1-2,6,PSU_RECODED_OTHER,Grade 8,*,1,Walking,3,School too far away,_missing_,12,11,2,3,10, , , 
52,1-2,6,PSU_RECODED_OTHER,Grade 8,*,1,Walking,4,School too far away,_missing_,11,10,2,3,10, , , 
52,1-2,7,PSU_RECODED_168,Grade 3,*,1,Walking,5,School too far away,_missing_,8,7,7,6,30, , , 
52,1-2,7,PSU_RECODED_168,Grade 7,*,1,Walking,4,School too far away,_missing_,9,8,5,2,30, , , 
52,1-2,8,PSU_RECODED_642,Grade 1,*,1,Walking,6,School too far away,_missing_,7,6,5,5,30, , , 
52,1-2,8,PSU_RECODED_642,Grade 1,*,1,Walking,7,School too far away,_missing_,2,1,5,5,30, , , 
52,1-2,8,PSU_RECODED_642,Grade 5,*,1,Walking,3,School too far away,_missing_,11,10,0,2,10, , , 
52,1-2,8,PSU_RECODED_642,Grade 5,*,1,Walking,4,School too far away,_missing_,3,2,0,2,10, , , 
52,1-2,8,PSU_RECODED_OTHER,Grade 8,*,1,Walking,4,School too far away,_missing_,10,9,0,3,5, , , 
52,1-2,9,PSU_RECODED_OTHER,Grade 6,*,1,Walking,3,School too far away,_missing_,8,7,0,1,10, , , 
52,1-2,9,PSU_RECODED_OTHER,Grade 6,*,1,Walking,4,School too far away,_missing_,2,1,0,1,10, , , 
52,1-2,10,PSU_RECODED_OTHER,Grade 1,*,1,Walking,3,School too far away,_missing_,8,7,0,2,1, , , 
52,1-2,10,PSU_RECODED_OTHER,Grade 5,*,1,Walking,2,School too far away,_missing_,5,4,0,1,10, , , 
52,1-2,10,PSU_RECODED_OTHER,Grade 5,*,1,Walking,3,School too far away,_missing_,2,1,0,1,10, , , 
52,1-2,10,PSU_RECODED_OTHER,Grade 9,*,1,Walking,3,School too far away,_missing_,2,1,0,1,10, , , 
52,1-2,12,PSU_RECODED_613,Grade 8,*,1,Walking,3,School too far away,_missing_,11,10,1,2,40, , , 
52,1-2,12,PSU_RECODED_613,Grade 8,*,1,Walking,4,School too far away,_missing_,11,10,1,2,40, , , 
52,1-2,12,PSU_RECODED_613,Grade 8,*,1,Walking,5,School too far away,_missing_,8,7,1,5,40, , , 
52,1-2,12,PSU_RECODED_OTHER,Grade 2,*,1,Walking,5,House keeping / Family business,_missing_, , , , , , ,3,2018
52,1-2,12,PSU_RECODED_OTHER,Grade 2,*,1,Walking,6,School too far away,_missing_,11,10,4,3,20, , , 
52,1-2,12,PSU_RECODED_OTHER,Grade 2,*,1,Walking,7,School too far away,_missing_,5,4,2,3,10, , , 
53,1,1,PSU_RECODED_785,Grade 8,*,1,Walking,3,School too far away,_missing_,3,2,0,3,10, , , 
53,1,1,PSU_RECODED_785,Grade 8,*,1,Walking,4,School too far away,_missing_,1,19,0,3,10, , , 
53,1-2,3,PSU_RECODED_OTHER,Grade 9,*,1,Walking,3,School too far away,_missing_,11,10,12,3,30, , , 
53,1-2,2,PSU_RECODED_550,Grade 3,*,1,Walking,3,School too far away,_missing_,4,3,1,1,10, , , 
53,1-2,2,PSU_RECODED_550,Grade 3,*,1,Walking,4,School too far away,_missing_,2,1,1,1,10, , , 
53,1-2,4,PSU_RECODED_OTHER,Grade 5,*,1,Walking,4,School too far away,_missing_,12,11,2,1,20, , , 
53,1-2,4,PSU_RECODED_OTHER,Grade 5,*,1,Walking,5,School too far away,_missing_,11,10,2,1,20, , , 
53,1-2,4,PSU_RECODED_OTHER,Grade 5,*,1,Walking,6,School too far away,_missing_,2,1,2,1,20, , , 
53,1-2,3,PSU_RECODED_606,Grade 4,*,1,Walking,3,School too far away,_missing_,8,7,0,1,5, , , 
53,1-2,3,PSU_RECODED_606,Grade 4,*,1,Walking,4,School too far away,_missing_,5,4,0,1,5, , , 
53,1-2,3,PSU_RECODED_606,Grade 4,*,1,Walking,6,School too far away,_missing_,3,2,0,1,5, , , 
53,1-2,3,PSU_RECODED_606,Grade 8,*,1,Walking,3,School too far away,_missing_,9,8,2,1,2, , , 
53,1-2,3,PSU_RECODED_606,Grade 8,*,1,Walking,4,School too far away,_missing_,5,4,0,5,1, , , 
53,1-2,5,PSU_RECODED_95,Grade 6,*,1,Walking,4,House keeping / Family business,_missing_, , , , , , ,6,2015
53,1-2,5,PSU_RECODED_95,Grade 6,*,1,Walking,5,School too far away,_missing_,8,7,1,2,10, , , 
53,1-2,5,PSU_RECODED_95,Grade 6,*,1,Walking,6,School too far away,_missing_,6,5,1,2,10, , , 
53,1-2,4,PSU_RECODED_OTHER,Grade 1,*,1,Walking,3,School too far away,_missing_,4,3,1,2,10, , , 
53,1-2,4,PSU_RECODED_OTHER,Grade 10,*,1,Walking,3,School too far away,_missing_,8,7,0,1,30, , , 
53,1-2,6,PSU_RECODED_581,Grade 4,*,1,Walking,3,House keeping / Family business,_missing_, , , , , , ,9,2018
53,1-2,6,PSU_RECODED_581,Grade 4,*,1,Walking,4,School too far away,_missing_,10,9,2,1,20, , , 
53,1-2,6,PSU_RECODED_581,Grade 4,*,1,Walking,5,School too far away,_missing_,6,5,2,1,20, , , 
53,1-2,5,PSU_RECODED_318,Grade 10,*,1,Walking,3,School too far away,_missing_,11,10,8,6,80, , , 
53,1-2,5,PSU_RECODED_318,Grade 10,*,1,Walking,4,School too far away,_missing_,7,6,8,6,80, , , 
53,1-2,5,PSU_RECODED_318,Grade 10,*,1,Walking,5,School too far away,_missing_,5,4,2,1,30, , , 
53,1-2,5,PSU_RECODED_318,Grade 10,*,1,Walking,6,School too far away,_missing_,1,19,2,1,30, , , 
53,1,7,PSU_RECODED_OTHER,Grade 2,*,1,Walking,3,School too far away,_missing_,13,12,1,1,15, , , 
53,1,7,PSU_RECODED_OTHER,Grade 2,*,1,Walking,4,School too far away,_missing_,9,8,1,2,15, , , 
53,1,6,PSU_RECODED_OTHER,Grade 3,*,1,Walking,3,School too far away,_missing_,8,7,5,3,10, , , 
53,1,6,PSU_RECODED_OTHER,Grade 3,*,1,Walking,4,School too far away,_missing_,2,1,5,3,10, , , 
53,1,6,PSU_RECODED_OTHER,Grade 7,*,1,Walking,4,School too far away,_missing_,11,10,1,3,10, , , 
53,1-2,8,PSU_RECODED_885,Grade 8,*,1,Walking,3,School too far away,_missing_,9,8,1,5,15, , , 
53,1-2,8,PSU_RECODED_885,Grade 8,*,1,Walking,4,Financial problems,_missing_, , , , , ,7, , 
53,1-2,6,PSU_RECODED_376,Grade 2,*,1,Walking,3,School too far away,_missing_,4,3,2,1,20, , , 
53,1-2,6,PSU_RECODED_376,Grade 6,*,1,Walking,3,School too far away,_missing_,7,6,0,1,5, , , 
53,1-2,8,PSU_RECODED_459,Grade 4,*,1,Walking,5,School too far away,_missing_,5,4,6,5,12, , , 
53,1-2,8,PSU_RECODED_459,Grade 4,*,1,Walking,6,School too far away,_missing_,2,1,6,5,12, , , 
53,1-2,8,PSU_RECODED_459,Grade 8,*,1,Walking,3,School too far away,_missing_,9,8,7,5,13, , , 
53,1-2,8,PSU_RECODED_459,Grade 8,*,1,Walking,4,School too far away,_missing_,5,4,7,5,13, , , 
53,1,7,PSU_RECODED_137,Grade 5,*,1,Walking,3,School too far away,_missing_,6,5,1,2,20, , , 
53,1,7,PSU_RECODED_137,Grade 5,*,1,Walking,4,School too far away,_missing_,2,1,1,3,10, , , 
53,1,7,PSU_RECODED_137,Grade 10,*,1,Walking,3,House keeping / Family business,_missing_, , , , , , ,5,2018
53,1,7,PSU_RECODED_137,Grade 10,*,1,Walking,4,School too far away,_missing_,11,10,2,2,20, , , 
53,1,7,PSU_RECODED_137,Grade 10,*,1,Walking,5,School too far away,_missing_,7,6,2,2,20, , , 
53,1-2,9,PSU_RECODED_588,Grade 3,*,1,Walking,3,House keeping / Family business,_missing_, , , , , , ,3,2017
53,1-2,8,PSU_RECODED_547,Grade 9,*,1,Walking,3,School too far away,_missing_,13,12,4,6,20, , , 
53,1,9,PSU_RECODED_513,Grade 5,*,1,Walking,3,House keeping / Family business,_missing_, , , , , , ,7,2018
53,1,9,PSU_RECODED_513,Grade 5,*,1,Walking,4,School too far away,_missing_,12,11,6,3,15, , , 
53,1-2,11,PSU_RECODED_296,Grade 5,*,1,Walking,3,School too far away,_missing_,11,10,1,1,20, , , 
53,1-2,11,PSU_RECODED_296,Grade 5,*,1,Walking,4,School too far away,_missing_,6,5,1,1,20, , , 
53,1-2,11,PSU_RECODED_296,Grade 9,*,1,Walking,3,School too far away,_missing_,10,9,2,3,20, , , 
53,1-2,11,PSU_RECODED_296,Grade 9,*,1,Walking,4,Financial problems,_missing_, , , , , ,7, , 
53,1-2,10,PSU_RECODED_320,Grade 3,*,1,Walking,3,School too far away,_missing_,8,7,2,1,30, , , 
53,1-2,10,PSU_RECODED_320,Grade 3,*,1,Walking,4,School too far away,_missing_,3,2,2,1,30, , , 
53,1-2,10,PSU_RECODED_320,Grade 3,*,1,Walking,5,School too far away,_missing_,3,2,2,1,30, , , 
53,1-2,10,PSU_RECODED_320,Grade 7,*,1,Walking,4,House keeping / Family business,_missing_, , , , , , ,6,2017
53,1-2,10,PSU_RECODED_320,Grade 7,*,1,Walking,5,School too far away,_missing_,10,9,2,6,15, , , 
53,1-2,12,PSU_RECODED_572,Grade 1,*,1,Walking,5,School too far away,_missing_,3,2,4,3,20, , , 
53,1-2,12,PSU_RECODED_572,Grade 6,*,1,Walking,5,School too far away,_missing_,12,11,4,2,15, , , 
53,1-2,12,PSU_RECODED_572,Grade 6,*,1,Walking,6,School too far away,_missing_,4,3,4,2,15, , , 
53,1-2,12,PSU_RECODED_832,Grade 1,*,1,Walking,3,School too far away,_missing_,13,12,2,2,15, , , 
53,1-2,12,PSU_RECODED_832,Grade 1,*,1,Walking,4,School too far away,_missing_,10,9,1,2,15, , , 
53,1-2,12,PSU_RECODED_832,Grade 5,*,1,Walking,3,School too far away,_missing_,10,9,0,1,5, , , 
53,1-2,12,PSU_RECODED_832,Grade 9,*,1,Walking,4,School too far away,_missing_,9,8,0,1,10, , , 
53,1-2,11,PSU_RECODED_349,Grade 7,*,1,Walking,3,School too far away,_missing_,8,7,0,1,15, , , 
53,1-2,11,PSU_RECODED_349,Grade 7,*,1,Walking,4,House keeping / Family business,_missing_, , , , , , ,6,2019
53,1-2,11,PSU_RECODED_349,Grade 7,*,1,Walking,5,School too far away,_missing_,10,9,0,1,15, , , 
53,1-2,12,PSU_RECODED_840,Grade 1,*,1,Walking,4,School too far away,_missing_,11,10,3,2,30, , , 
53,1-2,12,PSU_RECODED_840,Grade 1,*,1,Walking,5,School too far away,_missing_,9,8,3,2,30, , , 
53,1-2,12,PSU_RECODED_840,Grade 5,*,1,Walking,3,School too far away,_missing_,13,12,3,2,30, , , 
53,1-2,12,PSU_RECODED_840,Grade 5,*,1,Walking,4,School too far away,_missing_,7,6,3,2,30, , , 
53,1-2,12,PSU_RECODED_840,Grade 5,*,1,Walking,5,School too far away,_missing_,1,19,3,2,30, , , 
53,1-2,1,PSU_RECODED_779,Grade 1,*,2,Walking,3,School too far away,_missing_,6,5,11,6,30, , , 
53,1-2,1,PSU_RECODED_779,Grade 1,*,2,Walking,4,School too far away,_missing_,4,3,0,1,5, , , 
53,1-2,1,PSU_RECODED_779,Grade 9,*,1,Walking,4,House keeping / Family business,_missing_, , , , , , ,3,2010
53,1-2,1,PSU_RECODED_779,Grade 9,*,1,Walking,5,House keeping / Family business,_missing_, , , , , , ,3,2014
53,1-2,1,PSU_RECODED_779,Grade 9,*,1,Walking,6,School too far away,_missing_,8,7,0,1,5, , , 
53,1-2,2,PSU_RECODED_OTHER,Grade 3,*,1,Walking,5,School too far away,_missing_,12,11,3,3,10, , , 
53,1-2,2,PSU_RECODED_OTHER,Grade 3,*,1,Walking,6,School too far away,_missing_,7,6,3,3,10, , , 
53,1-2,2,PSU_RECODED_OTHER,Grade 7,*,1,Walking,3,School too far away,_missing_,4,3,4,3,25, , , 
53,1-2,3,PSU_RECODED_229,Grade 2,*,1,Walking,3,School too far away,_missing_,11,10,1,1,12, , , 
53,1-2,3,PSU_RECODED_229,Grade 2,*,1,Walking,4,School too far away,_missing_,2,1,1,1,12, , , 
53,1,4,PSU_RECODED_OTHER,Grade 6,*,1,Walking,3,School too far away,_missing_,2,1,0,1,5, , , 
53,1,4,PSU_RECODED_OTHER,Grade 10,*,1,Walking,3,School too far away,_missing_,13,12,0,1,5, , , 
53,1,4,PSU_RECODED_OTHER,Grade 10,*,1,Walking,4,School too far away,_missing_,7,6,0,1,5, , , 
53,1-2,5,PSU_RECODED_828,Grade 1,*,1,Walking,2,School too far away,_missing_,12,11,10,2,45, , , 
53,1-2,5,PSU_RECODED_828,Grade 5,*,1,Walking,4,School too far away,_missing_,12,11,2,2,10, , , 
53,1-2,5,PSU_RECODED_828,Grade 5,*,1,Walking,5,School too far away,_missing_,9,8,2,2,10, , , 
53,1-2,6,PSU_RECODED_798,Grade 3,*,1,Walking,4,House keeping / Family business,_missing_, , , , , , ,6,2017
53,1-2,6,PSU_RECODED_798,Grade 3,*,1,Walking,5,School too far away,_missing_,11,10,3,5,60, , , 
53,1-2,6,PSU_RECODED_798,Grade 3,*,1,Walking,6,School too far away,_missing_,6,5,2,5,30, , , 
53,1-2,6,PSU_RECODED_798,Grade 8,*,1,Walking,3,School too far away,_missing_,8,7,4,6,30, , , 
53,1-2,6,PSU_RECODED_798,Grade 8,*,1,Walking,4,School too far away,_missing_,5,4,4,6,30, , , 
53,1-2,7,PSU_RECODED_OTHER,Grade 3,*,1,Walking,5,School too far away,_missing_,5,4,1,1,10, , , 
53,1-2,7,PSU_RECODED_OTHER,Grade 7,*,1,Walking,4,School too far away,_missing_,10,9,2,1,10, , , 
53,1-2,7,PSU_RECODED_OTHER,Grade 1,*,1,Walking,3,School too far away,_missing_,11,10,0,1,10, , , 
53,1-2,7,PSU_RECODED_OTHER,Grade 1,*,1,Walking,4,School too far away,_missing_,6,5,0,1,10, , , 
53,1-2,7,PSU_RECODED_OTHER,Grade 1,*,1,Walking,5,School too far away,_missing_,2,1,0,1,10, , , 
53,1-2,8,PSU_RECODED_165,Grade 1,*,1,Walking,3,School too far away,_missing_,9,8,0,1,15, , , 
53,1-2,8,PSU_RECODED_165,Grade 1,*,1,Walking,4,School too far away,_missing_,6,5,0,1,15, , , 
53,1-2,8,PSU_RECODED_165,Grade 1,*,1,Walking,5,School too far away,_missing_,4,3,0,1,15, , , 
53,1-2,8,PSU_RECODED_165,Grade 5,*,1,Walking,3,School too far away,_missing_,10,9,1,2,15, , , 
53,1-2,8,PSU_RECODED_165,Grade 9,*,1,Walking,3,School too far away,_missing_,12,11,1,2,15, , , 
53,1-2,8,PSU_RECODED_165,Grade 9,*,1,Walking,4,School too far away,_missing_,3,2,1,2,15, , , 
53,1-2,9,PSU_RECODED_5,Grade 4,*,1,Walking,2,School too far away,_missing_,4,3,6,5,20, , , 
53,1-2,9,PSU_RECODED_5,Grade 9,*,1,Walking,3,School too far away,_missing_,1,19,8,4,15, , , 
53,1-2,10,PSU_RECODED_OTHER,Grade 4,*,1,Walking,4,School too far away,_missing_,10,9,2,1,30, , , 
53,1-2,11,PSU_RECODED_379,Grade 4,*,1,Walking,3,Financial problems,_missing_, , , , , ,7, , 
53,1-2,11,PSU_RECODED_379,Grade 9,*,1,Walking,3,School too far away,_missing_,11,10,4,5,20, , , 
53,1-2,11,PSU_RECODED_379,Grade 9,*,1,Walking,4,School too far away,_missing_,8,7,3,2,15, , , 
53,1,12,PSU_RECODED_78,Grade 5,*,1,Walking,3,Financial problems,_missing_, , , , , ,7, , 
53,1,12,PSU_RECODED_78,Grade 9,*,1,Walking,5,House keeping / Family business,_missing_, , , , , , ,9,2015
53,1,12,PSU_RECODED_78,Grade 9,*,1,Walking,6,House keeping / Family business,_missing_, , , , , , ,7, 
53,1,12,PSU_RECODED_78,Grade 9,*,1,Walking,7,School too far away,_missing_,8,7,0,1,15, , , 
53,1,12,PSU_RECODED_78,Grade 9,*,1,Walking,8,School too far away,_missing_,6,5,0,1,15, , , 
53,1,12,PSU_RECODED_78,Grade 9,*,1,Walking,9,School too far away,_missing_,2,1,0,1,15, , , 
53,1-2,1,PSU_RECODED_410,Grade 3,*,1,Walking,3,School too far away,_missing_,8,7,1,1,20, , , 
53,1-2,1,PSU_RECODED_410,Grade 3,*,1,Walking,4,School too far away,_missing_,3,2,1,1,20, , , 
53,1-2,1,PSU_RECODED_410,Grade 8,*,1,Walking,3,School too far away,_missing_,3,2,1,1,20, , , 
53,1-2,1,PSU_RECODED_574,Grade 6,*,1,Walking,5,School too far away,_missing_,8,7,0,1,5, , , 
53,1-2,2,PSU_RECODED_132,Grade 6,*,1,Walking,2,School too far away,_missing_,1,19,0,1,20, , , 
53,1-2,2,PSU_RECODED_132,Grade 10,*,1,Walking,5,School too far away,_missing_,9,8,0,1,15, , , 
53,1-2,3,PSU_RECODED_601,Grade 4,*,1,Walking,3,School too far away,_missing_,4,3,0,1,3, , , 
53,1-2,3,PSU_RECODED_601,Grade 4,*,1,Walking,4,School too far away,_missing_,2,1,0,1,3, , , 
53,1,4,PSU_RECODED_749,Grade 3,*,1,Walking,4,School too far away,_missing_,14,13,1,2,10, , , 
53,1,4,PSU_RECODED_749,Grade 3,*,1,Walking,5,School too far away,_missing_,8,7,1,2,10, , , 
53,1,4,PSU_RECODED_749,Grade 6,*,1,Walking,3,School too far away,_missing_,10,9,1,2,10, , , 
53,1,4,PSU_RECODED_749,Grade 6,*,1,Walking,4,School too far away,_missing_,8,7,1,2,10, , , 
53,1,4,PSU_RECODED_749,Grade 6,*,1,Walking,5,School too far away,_missing_,6,5,1,3,10, , , 
53,1,4,PSU_RECODED_749,Grade 6,*,1,Walking,6,School too far away,_missing_,3,2,1,3,10, , , 
53,1,4,PSU_RECODED_749,Grade 10,*,1,Walking,5,School too far away,_missing_,11,10,1,1,15, , , 
53,1,4,PSU_RECODED_749,Grade 10,*,1,Walking,6,School too far away,_missing_,5,4,1,1,15, , , 
53,1-2,5,PSU_RECODED_42,Grade 2,*,1,Walking,4,School too far away,_missing_,11,10,3,2,20, , , 
53,1-2,5,PSU_RECODED_42,Grade 6,*,1,Walking,4,School too far away,_missing_,11,10,3,2,25, , , 
53,1-2,5,PSU_RECODED_42,Grade 6,*,1,Walking,5,School too far away,_missing_,7,6,3,2,25, , , 
53,1-2,5,PSU_RECODED_42,Grade 6,*,1,Walking,6,School too far away,_missing_,1,19,0,1,10, , , 
53,1-2,6,PSU_RECODED_89,Grade 8,*,1,Walking,4,School too far away,_missing_,12,11,0,1,5, , , 
53,1-2,6,PSU_RECODED_89,Grade 8,*,1,Walking,5,School too far away,_missing_,10,9,0,1,5, , , 
53,1-2,6,PSU_RECODED_89,Grade 8,*,1,Walking,6,School too far away,_missing_,6,5,0,1,5, , , 
53,1-2,7,PSU_RECODED_402,Grade 3,*,1,Walking,3,School too far away,_missing_,13,12,1,2,30, , , 
53,1-2,7,PSU_RECODED_402,Grade 3,*,1,Walking,4,School too far away,_missing_,9,8,1,2,30, , , 
53,1-2,7,PSU_RECODED_402,Grade 3,*,1,Walking,5,School too far away,_missing_,1,19,1,3,15, , , 
53,1-2,8,PSU_RECODED_296,Grade 1,*,1,Walking,3,School too far away,_missing_,5,4,0,1,15, , , 
53,1-2,8,PSU_RECODED_296,Grade 1,*,1,Walking,4,Financial problems,_missing_, , , , , ,7, , 
53,1-2,8,PSU_RECODED_296,Grade 5,*,1,Walking,2,House keeping / Family business,_missing_, , , , , , ,6,2011
53,1-2,8,PSU_RECODED_296,Grade 5,*,1,Walking,3,School too far away,_missing_,5,4,0,1,10, , , 
53,1-2,8,PSU_RECODED_296,Grade 9,*,1,Walking,3,School too far away,_missing_,13,12,0,1,10, , , 
53,1-2,8,PSU_RECODED_296,Grade 9,*,1,Walking,4,School too far away,_missing_,9,8,0,1,10, , , 
53,1-2,8,PSU_RECODED_296,Grade 9,*,1,Walking,5,School too far away,_missing_,2,1,0,1,15, , , 
53,1-2,9,PSU_RECODED_840,Grade 3,*,1,Walking,3,School too far away,_missing_,12,11,5,6,25, , , 
53,1-2,9,PSU_RECODED_840,Grade 3,*,1,Walking,4,School too far away,_missing_,7,6,5,6,25, , , 
53,1-2,9,PSU_RECODED_840,Grade 3,*,1,Walking,5,School too far away,_missing_,1,19,5,6,25, , , 
53,1-2,9,PSU_RECODED_840,Grade 10,*,1,Walking,3,School too far away,_missing_,11,10,3,3,15, , , 
53,1-2,9,PSU_RECODED_840,Grade 10,*,1,Walking,4,School too far away,_missing_,7,6,3,3,15, , , 
53,1-2,9,PSU_RECODED_OTHER,Grade 4,*,1,Walking,4,School too far away,_missing_,10,9,0,2,10, , , 
53,1-2,9,PSU_RECODED_OTHER,Grade 4,*,1,Walking,5,School too far away,_missing_,5,4,0,2,10, , , 
53,1-2,9,PSU_RECODED_OTHER,Grade 4,*,1,Walking,6,School too far away,_missing_,3,2,0,3,10, , , 
53,1,10,PSU_RECODED_616,Grade 4,*,1,Walking,3,School too far away,_missing_,7,6,0,3,10, , , 
53,1,10,PSU_RECODED_616,Grade 4,*,1,Walking,4,School too far away,_missing_,2,1,0,1,15, , , 
53,1,10,PSU_RECODED_616,Grade 4,*,1,Walking,5,Financial problems,_missing_, , , , , ,7, , 
53,1,10,PSU_RECODED_616,Grade 9,*,1,Walking,3,School too far away,_missing_,5,4,0,2,10, , , 
53,1,10,PSU_RECODED_616,Grade 9,*,1,Walking,4,Financial problems,_missing_, , , , , ,7, , 
53,1-2,11,PSU_RECODED_526,Grade 4,*,1,Walking,4,School too far away,_missing_,13,12,0,1,20, , , 
53,1-2,11,PSU_RECODED_526,Grade 4,*,1,Walking,5,School too far away,_missing_,9,8,0,1,20, , , 
53,1-2,11,PSU_RECODED_526,Grade 4,*,1,Walking,6,School too far away,_missing_,4,3,0,1,20, , , 
53,1-2,11,PSU_RECODED_526,Grade 10,*,1,Walking,5,School too far away,_missing_,6,5,0,1,20, , , 
53,1,12,PSU_RECODED_800,Grade 8,*,1,Walking,2,School too far away,_missing_,12,11,1,1,20, , , 
61,1-2,1,PSU_RECODED_691,Grade 1,*,1,Walking,3,School too far away,_missing_,12,11,15,6,45, , , 
61,1-2,1,PSU_RECODED_691,Grade 1,*,1,Walking,4,School too far away,_missing_,11,10,15,6,45, , , 
61,1-2,1,PSU_RECODED_691,Grade 1,*,1,Walking,5,School too far away,_missing_,8,7,8,5,30, , , 
61,1-2,1,PSU_RECODED_691,Grade 9,*,1,Walking,4,School too far away,_missing_,10,9,2,2,15, , , 
61,1-2,1,PSU_RECODED_OTHER,Grade 7,*,1,Walking,5,School too far away,_missing_,8,7,6,6,30, , , 
61,1-2,1,PSU_RECODED_422,Grade 7,*,1,Walking,5,School too far away,_missing_,11,10,16,6,30, , , 
61,1-2,1,PSU_RECODED_422,Grade 7,*,1,Walking,6,School too far away,_missing_,4,3,0,1,10, , , 
61,1-2,1,PSU_RECODED_865,Grade 1,*,1,Walking,1,House keeping / Family business,_missing_, , , , , , ,8,2018
61,1-2,1,PSU_RECODED_865,Grade 1,*,1,Walking,2,House keeping / Family business,_missing_, , , , , , ,6,2017
61,1-2,1,PSU_RECODED_865,Grade 10,*,1,Walking,3,School too far away,_missing_,10,8,5,5,20, , , 
61,1-2,1,PSU_RECODED_865,Grade 10,*,1,Walking,4,School too far away,_missing_,5,3,5,5,20, , , 
61,1-2,1,PSU_RECODED_23,Grade 5,*,1,Walking,3,School too far away,_missing_,10,9,2,2,20, , , 
61,1-2,2,PSU_RECODED_575,Grade 5,*,1,Walking,5,School too far away,_missing_,5,3,5,3,15, , , 
61,1-2,2,PSU_RECODED_575,Grade 10,*,1,Walking,5,School too far away,_missing_,3,2,4,3,10, , , 
61,1-2,2,PSU_RECODED_575,Grade 10,*,1,Walking,6,Financial problems,_missing_, , , , , ,7, , 
61,1,1,PSU_RECODED_143,Grade 6,*,1,Walking,3,School too far away,_missing_,3,2,1,1,20, , , 
61,1-2,2,PSU_RECODED_665,Grade 3,*,1,Walking,2,School too far away,_missing_,9,8,3,2,12, , , 
61,1-2,2,PSU_RECODED_665,Grade 3,*,1,Walking,3,School too far away,_missing_,7,6,3,2,12, , , 
61,1-2,2,PSU_RECODED_665,Grade 7,*,1,Walking,2,School too far away,_missing_,12,11,30,6,60, , , 
61,1-2,2,PSU_RECODED_665,Grade 7,*,1,Walking,3,School too far away,_missing_,9,8,30,6,60, , , 
61,1-2,2,PSU_RECODED_145,Grade 3,*,1,Walking,3,School too far away,_missing_,7,6,0,3,3, , , 
61,1-2,2,PSU_RECODED_145,Grade 3,*,1,Walking,4,School too far away,_missing_,2,1,0,3,3, , , 
61,1-2,2,PSU_RECODED_225,Grade 5,*,1,Walking,3,School too far away,_missing_,7,6,30,3,25, , , 
61,1-2,2,PSU_RECODED_225,Grade 5,*,1,Walking,4,Financial problems,_missing_, , , , , ,7, , 
61,1-2,3,PSU_RECODED_503,Grade 2,*,1,Walking,3,House keeping / Family business,_missing_, , , , , , ,9,2018
61,1-2,3,PSU_RECODED_503,Grade 2,*,1,Walking,4,House keeping / Family business,_missing_, , , , , , ,9,2018
61,1-2,3,PSU_RECODED_503,Grade 2,*,1,Walking,5,School too far away,_missing_,7,6,3,5,15, , , 
61,1-2,3,PSU_RECODED_503,Grade 10,*,1,Walking,3,School too far away,_missing_,11,10,6,6,10, , , 
61,1-2,3,PSU_RECODED_503,Grade 10,*,1,Walking,4,School too far away,_missing_,6,5,2,6,10, , , 
61,1-2,3,PSU_RECODED_503,Grade 10,*,1,Walking,5,School too far away,_missing_,1,19,2,5,20, , , 
61,1-2,3,PSU_RECODED_OTHER,Grade 10,*,1,Walking,3,School too far away,_missing_,7,6,14,5,50, , , 
61,1-2,3,PSU_RECODED_OTHER,Grade 10,*,1,Walking,4,School too far away,_missing_,3,2,14,5,50, , , 
61,1-2,3,PSU_RECODED_616,Grade 2,*,1,Walking,3,School too far away,_missing_,8,7,1,3,10, , , 
61,1-2,3,PSU_RECODED_616,Grade 2,*,1,Walking,4,School too far away,_missing_,3,2,1,3,10, , , 
61,1-2,3,PSU_RECODED_616,Grade 2,*,1,Walking,5,School too far away,_missing_,2,1,1,3,10, , , 
61,1-2,3,PSU_RECODED_104,Grade 2,*,1,Walking,5,School too far away,_missing_,10,9,2,1,10, , , 
61,1-2,3,PSU_RECODED_104,Grade 2,*,1,Walking,6,School too far away,_missing_,6,5,2,1,10, , , 
61,1-2,3,PSU_RECODED_104,Grade 2,*,1,Walking,7,House keeping / Family business,_missing_, , , , , , ,6,2017
61,1-2,4,PSU_RECODED_39,Grade 1,*,1,Walking,2,School too far away,_missing_,3,2,2,3,10, , , 
61,1-2,4,PSU_RECODED_39,Grade 1,*,1,Walking,3,School too far away,_missing_,3,2,2,3,10, , , 
61,1-2,4,PSU_RECODED_39,Grade 6,*,1,Walking,3,School too far away,_missing_,8,7,2,2,20, , , 
61,1-2,4,PSU_RECODED_39,Grade 6,*,1,Walking,4,School too far away,_missing_,4,4,2,2,10, , , 
61,1-2,4,PSU_RECODED_39,Grade 6,*,1,Walking,5,School too far away,_missing_,2,1,2,2,10, , , 
61,1-2,4,PSU_RECODED_39,Grade 10,*,1,Walking,3,School too far away,_missing_,11,10,15,6,30, , , 
61,1-2,4,PSU_RECODED_39,Grade 10,*,1,Walking,4,School too far away,_missing_,5,4,2,3,10, , , 
61,1-2,3,PSU_RECODED_198,Grade 5,*,1,Walking,3,School too far away,_missing_,11,10,1,2,10, , , 
61,1-2,3,PSU_RECODED_198,Grade 5,*,1,Walking,4,School too far away,_missing_,8,7,1,2,10, , , 
61,1-2,3,PSU_RECODED_198,Grade 5,*,1,Walking,5,School too far away,_missing_,3,2,1,3,8, , , 
61,1-2,4,PSU_RECODED_646,Grade 1,*,1,Walking,3,House keeping / Family business,_missing_, , , , , , ,9,2018
61,1-2,4,PSU_RECODED_646,Grade 1,*,1,Walking,4,School too far away,_missing_,11,10,4,2,10, , , 
61,1-2,4,PSU_RECODED_646,Grade 1,*,1,Walking,5,School too far away,_missing_,4,3,4,2,10, , , 
61,1-2,4,PSU_RECODED_646,Grade 5,*,1,Walking,3,School too far away,_missing_,8,6,11,5,20, , , 
61,1-2,4,PSU_RECODED_579,Grade 1,*,1,Walking,4,School too far away,_missing_,9,8,12,5,40, , , 
61,1-2,4,PSU_RECODED_579,Grade 5,*,1,Walking,5,School too far away,_missing_,9,8,11,5,30, , , 
61,1-2,4,PSU_RECODED_579,Grade 5,*,1,Walking,6,School too far away,_missing_,6,5,11,5,30, , , 
61,1-2,5,PSU_RECODED_391,Grade 9,*,1,Walking,4,School too far away,_missing_,12,10,10,5,25, , , 
61,1-2,4,PSU_RECODED_OTHER,Grade 3,*,1,Walking,5,School too far away,_missing_,10,8,2,6,15, , , 
61,1-2,4,PSU_RECODED_OTHER,Grade 7,*,1,Walking,6,School too far away,_missing_,3,1,20,5,60, , , 
61,1-2,5,PSU_RECODED_554,Grade 2,*,1,Walking,3,School too far away,_missing_,13,12,3,3,10, , , 
61,1-2,5,PSU_RECODED_554,Grade 2,*,1,Walking,4,School too far away,_missing_,5,3,3,3,10, , , 
61,1-2,5,PSU_RECODED_OTHER,Grade 4,*,1,Walking,3,School too far away,_missing_,4,3,1,3,5, , , 
61,1-2,5,PSU_RECODED_OTHER,Grade 8,*,1,Walking,4,School too far away,_missing_,12,10,5,6,20, , , 
61,1-2,5,PSU_RECODED_OTHER,Grade 8,*,1,Walking,5,School too far away,_missing_,5,4,2,3,10, , , 
61,1-2,5,PSU_RECODED_500,Grade 2,*,1,Walking,3,School too far away,_missing_,8,7,1,3,3, , , 
61,1-2,5,PSU_RECODED_500,Grade 6,*,1,Walking,3,School too far away,_missing_,13,13,1,9,5, , , 
61,1-2,5,PSU_RECODED_500,Grade 6,*,1,Walking,4,School too far away,_missing_,12,11,1,9,5, , , 
61,1-2,5,PSU_RECODED_500,Grade 10,*,1,Walking,2,School too far away,_missing_,10,9,0,3,2, , , 
61,1-2,5,PSU_RECODED_500,Grade 10,*,1,Walking,3,School too far away,_missing_,6,5,0,3,2, , , 
61,1-2,5,PSU_RECODED_15,Grade 1,*,1,Walking,3,School too far away,_missing_,2,1,8,6,30, , , 
61,1-2,5,PSU_RECODED_15,Grade 6,*,1,Walking,3,School too far away,_missing_,12,11,16,5,60, , , 
61,1-2,5,PSU_RECODED_623,Grade 1,*,1,Walking,3,School too far away,_missing_,2,1,2,1,15, , , 
61,1-2,5,PSU_RECODED_623,Grade 5,*,1,Walking,4,House keeping / Family business,_missing_, , , , , , ,3,2016
61,1-2,5,PSU_RECODED_623,Grade 10,*,1,Walking,5,School too far away,_missing_,1,19,3,3,10, , , 
61,1-2,6,PSU_RECODED_OTHER,Grade 4,*,1,Walking,2,School too far away,_missing_,2,1,12,5,30, , , 
61,1-2,6,PSU_RECODED_289,Grade 6,*,1,Walking,2,School too far away,_missing_,1,19,1,3,5, , , 
61,1-2,6,PSU_RECODED_289,Grade 10,*,1,Walking,5,School too far away,_missing_,3,2,2,1,20, , , 
61,1-2,7,PSU_RECODED_OTHER,Grade 9,*,1,Walking,3,School too far away,_missing_,9,8,3,1,30, , , 
61,1-2,6,PSU_RECODED_231,Grade 3,*,1,Walking,3,School too far away,_missing_,10,9,3,5,15, , , 
61,1-2,6,PSU_RECODED_231,Grade 3,*,1,Walking,4,School too far away,_missing_,4,2,3,5,15, , , 
61,1-2,6,PSU_RECODED_231,Grade 7,*,1,Walking,4,School too far away,_missing_,9,7,4,6,15, , , 
61,1-2,7,PSU_RECODED_420,Grade 2,*,1,Walking,3,School too far away,_missing_,13,12,4,6,15, , , 
61,1-2,7,PSU_RECODED_420,Grade 2,*,1,Walking,4,School too far away,_missing_,8,7,2,6,5, , , 
61,1-2,7,PSU_RECODED_420,Grade 6,*,1,Walking,2,School too far away,_missing_,10,9,2,6,10, , , 
61,1-2,7,PSU_RECODED_420,Grade 10,*,1,Walking,3,School too far away,_missing_,2,1,0,3,5, , , 
61,1-2,6,PSU_RECODED_157,Grade 5,*,1,Walking,3,School too far away,_missing_,7,6,15,5,20, , , 
61,1-2,6,PSU_RECODED_157,Grade 5,*,1,Walking,4,School too far away,_missing_,2,1,3,3,10, , , 
61,1-2,6,PSU_RECODED_157,Grade 9,*,1,Walking,3,School too far away,_missing_,10,9,2,1,15, , , 
61,1-2,6,PSU_RECODED_157,Grade 9,*,1,Walking,4,School too far away,_missing_,2,1,5,5,20, , , 
61,1-2,7,PSU_RECODED_550,Grade 4,*,1,Walking,3,School too far away,_missing_,5,4,2,3,10, , , 
61,1-2,7,PSU_RECODED_550,Grade 4,*,1,Walking,4,School too far away,_missing_,1,19,2,3,10, , , 
61,1-2,8,PSU_RECODED_441,Grade 3,*,1,Walking,3,School too far away,_missing_,5,4,0,2,5, , , 
61,1-2,7,PSU_RECODED_OTHER,Grade 3,*,1,Walking,4,School too far away,_missing_,5,4,3,2,15, , , 
61,1-2,7,PSU_RECODED_OTHER,Grade 3,*,1,Walking,5,School too far away,_missing_,4,3,3,2,15, , , 
61,1-2,7,PSU_RECODED_OTHER,Grade 9,*,1,Walking,3,School too far away,_missing_,7,6,4,5,15, , , 
61,1-2,7,PSU_RECODED_OTHER,Grade 9,*,1,Walking,4,School too far away,_missing_,4,3,3,5,10, , , 
61,1-2,8,PSU_RECODED_411,Grade 3,*,1,Walking,3,School too far away,_missing_,11,10,1,1,5, , , 
61,1-2,8,PSU_RECODED_411,Grade 3,*,1,Walking,4,School too far away,_missing_,8,7,1,1,5, , , 
61,1-2,8,PSU_RECODED_411,Grade 3,*,1,Walking,5,School too far away,_missing_,3,2,1,1,5, , , 
61,1-2,8,PSU_RECODED_411,Grade 3,*,1,Walking,6,School too far away,_missing_,10,9,1,1,5, , , 
61,1-2,7,PSU_RECODED_289,Grade 2,*,1,Walking,3,School too far away,_missing_,12,11,15,6,45, , , 
61,1-2,7,PSU_RECODED_289,Grade 2,*,1,Walking,4,School too far away,_missing_,6,5,0,3,15, , , 
61,1-2,8,PSU_RECODED_254,Grade 4,*,1,Walking,3,School too far away,_missing_,7,6,3,6,15, , , 
61,1-2,8,PSU_RECODED_254,Grade 4,*,1,Walking,4,School too far away,_missing_,5,4,3,6,15, , , 
61,1-2,8,PSU_RECODED_254,Grade 9,*,1,Walking,3,School too far away,_missing_,11,10,3,5,20, , , 
61,1-2,8,PSU_RECODED_254,Grade 9,*,1,Walking,4,School too far away,_missing_,4,3,2,5,15, , , 
61,1-2,8,PSU_RECODED_196,Grade 3,*,1,Walking,3,School too far away,_missing_,2,1,3,2,20, , , 
61,1-2,8,PSU_RECODED_196,Grade 8,*,1,Walking,5,School too far away,_missing_,6,5,3,3,10, , , 
61,1-2,1,PSU_RECODED_OTHER,Grade 9,*,1,Walking,2,School too far away,_missing_,3,2,0,2,5, , , 
61,1-2,9,PSU_RECODED_834,Grade 7,*,1,Walking,3,School too far away,_missing_,13,11,3,3,10, , , 
61,1-2,9,PSU_RECODED_834,Grade 7,*,1,Walking,4,School too far away,_missing_,6,5,3,2,10, , , 
61,1-2,8,PSU_RECODED_522,Grade 6,*,1,Walking,6,School too far away,_missing_,11,10,3,6,20, , , 
61,1-2,8,PSU_RECODED_522,Grade 10,*,1,Walking,4,House keeping / Family business,_missing_, , , , , , ,6,2018
61,1-2,8,PSU_RECODED_522,Grade 10,*,1,Walking,5,School too far away,_missing_,8,7,1,3,10, , , 
61,1-2,1,PSU_RECODED_OTHER,Grade 8,*,1,Walking,3,School too far away,_missing_,1,19,2,2,10, , , 
61,1-2,9,PSU_RECODED_OTHER,Grade 2,*,1,Walking,4,School too far away,_missing_,3,2,6,5,15, , , 
61,1-2,9,PSU_RECODED_OTHER,Grade 2,*,1,Walking,5,Financial problems,_missing_, , , , , ,7, , 
61,1-2,8,PSU_RECODED_842,Grade 1,*,1,Walking,4,School too far away,_missing_,12,11,5,6,15, , , 
61,1-2,8,PSU_RECODED_842,Grade 6,*,1,Walking,2,School too far away,_missing_,10,9,3,2,15, , , 
61,1-2,8,PSU_RECODED_842,Grade 6,*,1,Walking,3,School too far away,_missing_,7,6,3,2,15, , , 
61,1-2,8,PSU_RECODED_842,Grade 6,*,1,Walking,4,School too far away,_missing_,2,1,3,2,15, , , 
61,1-2,8,PSU_RECODED_842,Grade 10,*,1,Walking,4,House keeping / Family business,_missing_, , , , , , ,7,2019
61,1-2,8,PSU_RECODED_842,Grade 10,*,1,Walking,5,House keeping / Family business,_missing_, , , , , , ,7,2019
61,1-2,1,PSU_RECODED_865,Grade 4,*,1,Walking,3,School too far away,_missing_,12,11,12,6,30, , , 
61,1-2,1,PSU_RECODED_865,Grade 4,*,1,Walking,4,School too far away,_missing_,8,7,12,6,30, , , 
61,1-2,9,PSU_RECODED_118,Grade 3,*,1,Walking,2,School too far away,_missing_,7,6,10,6,30, , , 
61,1-2,9,PSU_RECODED_118,Grade 9,*,1,Walking,4,School too far away,_missing_,5,3,2,2,10, , , 
61,1-2,9,PSU_RECODED_118,Grade 9,*,1,Walking,5,Financial problems,_missing_, , , , , ,7, , 
61,1-2,9,PSU_RECODED_806,Grade 10,*,1,Walking,5,School too far away,_missing_,3,2,3,3,15, , , 
61,1-2,9,PSU_RECODED_806,Grade 10,*,1,Walking,6,Financial problems,_missing_, , , , , ,7, , 
61,1-2,2,PSU_RECODED_OTHER,Grade 8,*,1,Walking,2,House keeping / Family business,_missing_, , , , , , ,6,2017
61,1-2,10,PSU_RECODED_OTHER,Grade 3,*,1,Walking,3,School too far away,_missing_,2,1,2,5,5, , , 
61,1-2,9,PSU_RECODED_815,Grade 3,*,1,Walking,3,School too far away,_missing_,6,5,2,3,10, , , 
61,1-2,9,PSU_RECODED_815,Grade 3,*,1,Walking,4,School too far away,_missing_,1,19,2,3,10, , , 
61,1-2,9,PSU_RECODED_815,Grade 7,*,1,Walking,3,School too far away,_missing_,9,8,5,6,20, , , 
61,1-2,2,PSU_RECODED_OTHER,Grade 2,*,1,Walking,4,School too far away,_missing_,13,12,4,6,20, , , 
61,1-2,2,PSU_RECODED_OTHER,Grade 2,*,1,Walking,5,School too far away,_missing_,12,11,4,6,20, , , 
61,1-2,2,PSU_RECODED_OTHER,Grade 6,*,1,Walking,3,School too far away,_missing_,12,11,9,5,30, , , 
61,1-2,10,PSU_RECODED_877,Grade 4,*,1,Walking,3,School too far away,_missing_,9,8,1,3,10, , , 
61,1-2,10,PSU_RECODED_877,Grade 4,*,1,Walking,4,School too far away,_missing_,7,6,1,3,10, , , 
61,1-2,10,PSU_RECODED_877,Grade 4,*,1,Walking,5,School too far away,_missing_,5,4,1,2,10, , , 
61,1-2,10,PSU_RECODED_877,Grade 9,*,1,Walking,3,School too far away,_missing_,1,19,3,3,20, , , 
61,1-2,10,PSU_RECODED_216,Grade 9,*,1,Walking,3,School too far away,_missing_,11,10,9,6,15, , , 
61,1-2,10,PSU_RECODED_216,Grade 9,*,1,Walking,4,School too far away,_missing_,6,3,9,6,15, , , 
61,1-2,10,PSU_RECODED_216,Grade 9,*,1,Walking,5,Financial problems,_missing_, , , , , ,7, , 
61,1-2,3,PSU_RECODED_OTHER,Grade 4,*,1,Walking,3,House keeping / Family business,_missing_, , , , , , ,3,2018
61,1-2,3,PSU_RECODED_OTHER,Grade 4,*,1,Walking,4,School too far away,_missing_,10,9,2,5,15, , , 
61,1-2,10,PSU_RECODED_15,Grade 5,*,1,Walking,2,House keeping / Family business,_missing_, , , , , , ,3,2017
61,1-2,10,PSU_RECODED_15,Grade 5,*,1,Walking,3,School too far away,_missing_,10,9,0,1,10, , , 
61,1-2,10,PSU_RECODED_15,Grade 5,*,1,Walking,4,School too far away,_missing_,6,5,0,1,10, , , 
61,1-2,10,PSU_RECODED_15,Grade 9,*,1,Walking,3,School too far away,_missing_,13,12,1,3,10, , , 
61,1-2,10,PSU_RECODED_15,Grade 9,*,1,Walking,4,School too far away,_missing_,7,5,1,3,10, , , 
61,1-2,3,PSU_RECODED_157,Grade 1,*,1,Walking,3,School too far away,_missing_,7,6,0,1,10, , , 
61,1-2,3,PSU_RECODED_157,Grade 1,*,1,Walking,4,School too far away,_missing_,3,2,0,1,10, , , 
61,1-2,3,PSU_RECODED_157,Grade 9,*,1,Walking,3,School too far away,_missing_,12,11,8,5,15, , , 
61,1-2,11,PSU_RECODED_648,Grade 5,*,1,Walking,3,School too far away,_missing_,9,8,7,6,30, , , 
61,1-2,11,PSU_RECODED_648,Grade 10,*,1,Walking,4,School too far away,_missing_,2,1,6,5,10, , , 
61,1-2,10,PSU_RECODED_261,Grade 8,*,1,Walking,2,School too far away,_missing_,13,12,2,3,10, , , 
61,1-2,10,PSU_RECODED_261,Grade 8,*,1,Walking,3,School too far away,_missing_,8,7,2,3,10, , , 
61,1-2,3,PSU_RECODED_157,Grade 6,*,1,Walking,3,School too far away,_missing_,2,1,1,6,15, , , 
61,1-2,3,PSU_RECODED_157,Grade 10,*,1,Walking,5,School too far away,_missing_,8,7,3,6,15, , , 
61,1-2,11,PSU_RECODED_47,Grade 9,*,1,Walking,2,School too far away,_missing_,8,7,4,6,15, , , 
61,1-2,11,PSU_RECODED_47,Grade 9,*,1,Walking,3,School too far away,_missing_,7,6,11,6,45, , , 
61,1-2,11,PSU_RECODED_47,Grade 9,*,1,Walking,4,School too far away,_missing_,4,3,11,6,45, , , 
61,1-2,4,PSU_RECODED_OTHER,Grade 8,*,1,Walking,3,School too far away,_missing_,3,2,0,3,5, , , 
61,1-2,11,PSU_RECODED_OTHER,Grade 3,*,1,Walking,4,School too far away,_missing_,12,11,8,6,15, , , 
61,1-2,11,PSU_RECODED_OTHER,Grade 3,*,1,Walking,5,School too far away,_missing_,4,3,0,2,5, , , 
61,1-2,11,PSU_RECODED_OTHER,Grade 7,*,1,Walking,5,School too far away,_missing_,10,9,1,3,3, , , 
61,1-2,11,PSU_RECODED_OTHER,Grade 7,*,1,Walking,6,School too far away,_missing_,3,2,1,3,3, , , 
61,1-2,9,PSU_RECODED_685,Grade 1,*,1,Walking,3,School too far away,_missing_,9,8,1,1,5, , , 
61,1-2,9,PSU_RECODED_685,Grade 5,*,1,Walking,4,School too far away,_missing_,3,2,1,1,10, , , 
61,1-2,9,PSU_RECODED_685,Grade 9,*,1,Walking,3,House keeping / Family business,_missing_, , , , , , ,2,2018
61,1-2,9,PSU_RECODED_685,Grade 9,*,1,Walking,4,School too far away,_missing_,5,4,0,2,10, , , 
61,1-2,12,PSU_RECODED_130,Grade 4,*,1,Walking,4,School too far away,_missing_,10,8,55,5,90, , , 
61,1-2,12,PSU_RECODED_130,Grade 4,*,1,Walking,5,School too far away,_missing_,9,7,4,1,15, , , 
61,1-2,11,PSU_RECODED_411,Grade 1,*,1,Walking,5,School too far away,_missing_,1,19,2,3,10, , , 
61,1-2,11,PSU_RECODED_411,Grade 6,*,1,Walking,3,School too far away,_missing_,9,8,3,2,20, , , 
61,1-2,4,PSU_RECODED_95,Grade 6,*,1,Walking,3,School too far away,_missing_,12,11,3,2,10, , , 
61,1-2,4,PSU_RECODED_95,Grade 6,*,1,Walking,4,School too far away,_missing_,7,6,3,2,10, , , 
61,1-2,5,PSU_RECODED_OTHER,Grade 6,*,1,Walking,4,School too far away,_missing_,10,9,1,1,15, , , 
61,1-2,5,PSU_RECODED_OTHER,Grade 6,*,1,Walking,5,School too far away,_missing_,4,3,1,1,15, , , 
61,1-2,12,PSU_RECODED_OTHER,Grade 10,*,1,Walking,3,School too far away,_missing_,10,8,0,2,15, , , 
61,1-2,12,PSU_RECODED_OTHER,Grade 10,*,1,Walking,4,School too far away,_missing_,8,6,0,2,15, , , 
61,1-2,12,PSU_RECODED_OTHER,Grade 10,*,1,Walking,5,School too far away,_missing_,5,3,0,2,15, , , 
61,1-2,5,PSU_RECODED_292,Grade 2,*,1,Walking,3,School too far away,_missing_,11,10,2,2,10, , , 
61,1-2,5,PSU_RECODED_292,Grade 2,*,1,Walking,4,School too far away,_missing_,8,7,2,2,10, , , 
61,1-2,5,PSU_RECODED_292,Grade 6,*,1,Walking,3,School too far away,_missing_,1,19,1,1,10, , , 
61,1-2,5,PSU_RECODED_292,Grade 10,*,1,Walking,5,School too far away,_missing_,8,7,1,2,5, , , 
61,1-2,5,PSU_RECODED_292,Grade 10,*,1,Walking,6,School too far away,_missing_,3,1,1,2,5, , , 
61,1-2,12,PSU_RECODED_794,Grade 4,*,1,Walking,3,School too far away,_missing_,13,12,0,1,10, , , 
61,1-2,12,PSU_RECODED_794,Grade 4,*,1,Walking,4,School too far away,_missing_,11,9,0,1,10, , , 
61,1-2,12,PSU_RECODED_794,Grade 8,*,1,Walking,4,School too far away,_missing_,13,11,1,1,10, , , 
61,1-2,12,PSU_RECODED_794,Grade 8,*,1,Walking,5,School too far away,_missing_,10,8,1,1,10, , , 
61,1-2,5,PSU_RECODED_OTHER,Grade 7,*,1,Walking,4,School too far away,_missing_,1,19,3,3,15, , , 
61,1-2,12,PSU_RECODED_283,Grade 6,*,1,Walking,3,School too far away,_missing_,7,6,1,6,15, , , 
61,1-2,12,PSU_RECODED_283,Grade 10,*,1,Walking,5,School too far away,_missing_,8,7,2,3,15, , , 
61,1-2,12,PSU_RECODED_283,Grade 10,*,1,Walking,6,School too far away,_missing_,5,4,2,3,15, , , 
61,1-2,12,PSU_RECODED_283,Grade 10,*,1,Walking,7,Financial problems,_missing_, , , , , ,7, , 
61,1-2,6,PSU_RECODED_69,Grade 4,*,1,Walking,3,School too far away,_missing_,6,4,3,3,10, , , 
61,1-2,6,PSU_RECODED_69,Grade 4,*,1,Walking,4,School too far away,_missing_,3,1,3,3,10, , , 
61,1-2,6,PSU_RECODED_660,Grade 6,*,1,Walking,3,School too far away,_missing_,9,8,2,3,10, , , 
61,1-2,6,PSU_RECODED_660,Grade 6,*,1,Walking,4,School too far away,_missing_,2,1,2,3,10, , , 
61,1-2,6,PSU_RECODED_660,Grade 10,*,1,Walking,3,House keeping / Family business,_missing_, , , , , , ,6,2017
61,1-2,1,PSU_RECODED_OTHER,Grade 4,*,1,Walking,3,House keeping / Family business,_missing_, , , , , , ,9,2016
61,1-2,1,PSU_RECODED_OTHER,Grade 4,*,1,Walking,4,School too far away,_missing_,9,8,6,3,20, , , 
61,1-2,6,PSU_RECODED_254,Grade 3,*,1,Walking,3,House keeping / Family business,_missing_, , , , , , ,9,2018
61,1-2,6,PSU_RECODED_254,Grade 3,*,1,Walking,4,School too far away,_missing_,8,7,4,6,20, , , 
61,1-2,6,PSU_RECODED_254,Grade 8,*,1,Walking,4,School too far away,_missing_,2,1,3,3,10, , , 
61,1-2,7,PSU_RECODED_842,Grade 2,*,1,Walking,4,School too far away,_missing_,5,4,20,6,30, , , 
61,1-2,7,PSU_RECODED_842,Grade 8,*,1,Walking,4,School too far away,_missing_,4,3,1,6,10, , , 
61,1-2,1,PSU_RECODED_872,Grade 3,*,1,Walking,3,School too far away,_missing_,11,9,3,1,60, , , 
61,1-2,1,PSU_RECODED_872,Grade 3,*,1,Walking,4,School too far away,_missing_,7,5,12,6,60, , , 
61,1-2,1,PSU_RECODED_872,Grade 3,*,1,Walking,5,School too far away,_missing_,4,2,1,1,15, , , 
61,1-2,1,PSU_RECODED_872,Grade 8,*,1,Walking,3,House keeping / Family business,_missing_, , , , , , ,6,2015
61,1-2,1,PSU_RECODED_872,Grade 8,*,1,Walking,4,School too far away,_missing_,5,4,0,3,2, , , 
61,1-2,7,PSU_RECODED_550,Grade 2,*,1,Walking,5,School too far away,_missing_,1,19,5,3,15, , , 
61,1-2,7,PSU_RECODED_550,Grade 7,*,1,Walking,3,School too far away,_missing_,2,1,2,5,15, , , 
61,1-2,7,PSU_RECODED_550,Grade 7,*,1,Walking,4,School too far away,_missing_,9,7,2,5,15, , , 
61,1-2,2,PSU_RECODED_134,Grade 1,*,1,Walking,3,School too far away,_missing_,13,12,20,6,70, , , 
61,1-2,2,PSU_RECODED_134,Grade 6,*,1,Walking,2,School too far away,_missing_,3,2,2,1,40, , , 
61,1-2,7,PSU_RECODED_OTHER,Grade 6,*,1,Walking,5,School too far away,_missing_,11,10,20,5,60, , , 
61,1-2,7,PSU_RECODED_OTHER,Grade 6,*,1,Walking,6,School too far away,_missing_,10,9,20,5,60, , , 
61,1-2,2,PSU_RECODED_23,Grade 4,*,1,Walking,3,School too far away,_missing_,11,9,0,6,10, , , 
61,1-2,2,PSU_RECODED_23,Grade 4,*,1,Walking,4,School too far away,_missing_,8,6,5,6,20, , , 
61,1-2,2,PSU_RECODED_23,Grade 4,*,1,Walking,5,School too far away,_missing_,5,3,2,6,15, , , 
61,1-2,8,PSU_RECODED_815,Grade 1,*,1,Walking,3,School too far away,_missing_,1,19,3,5,5, , , 
61,1-2,8,PSU_RECODED_815,Grade 5,*,1,Walking,3,School too far away,_missing_,10,9,3,3,10, , , 
61,1-2,8,PSU_RECODED_815,Grade 5,*,1,Walking,4,School too far away,_missing_,3,2,3,3,10, , , 
61,1-2,2,PSU_RECODED_346,Grade 7,*,1,Walking,3,School too far away,_missing_,12,11,20,6,30, , , 
61,1-2,3,PSU_RECODED_302,Grade 3,*,1,Walking,5,School too far away,_missing_,12,11,12,6,30, , , 
61,1-2,3,PSU_RECODED_302,Grade 3,*,1,Walking,6,School too far away,_missing_,10,9,12,6,30, , , 
61,1-2,3,PSU_RECODED_302,Grade 3,*,1,Walking,7,School too far away,_missing_,5,4,3,3,10, , , 
61,1-2,8,PSU_RECODED_363,Grade 1,*,1,Walking,5,School too far away,_missing_,13,12,14,6,45, , , 
61,1-2,3,PSU_RECODED_396,Grade 5,*,1,Walking,4,School too far away,_missing_,12,11,1,1,5, , , 
61,1-2,3,PSU_RECODED_218,Grade 1,*,1,Walking,5,Financial problems,_missing_, , , , , ,7, , 
61,1-2,3,PSU_RECODED_218,Grade 9,*,1,Walking,2,School too far away,_missing_,13,12,0,1,10, , , 
61,1-2,3,PSU_RECODED_218,Grade 9,*,1,Walking,4,House keeping / Family business,_missing_, , , , , , ,6,2013
61,1-2,9,PSU_RECODED_OTHER,Grade 3,*,1,Walking,4,School too far away,_missing_,10,9,6,6,40, , , 
61,1-2,4,PSU_RECODED_616,Grade 1,*,1,Walking,3,School too far away,_missing_,9,8,12,5,30, , , 
61,1-2,4,PSU_RECODED_616,Grade 1,*,1,Walking,4,School too far away,_missing_,7,6,13,5,30, , , 
61,1-2,4,PSU_RECODED_616,Grade 6,*,1,Walking,5,School too far away,_missing_,13,12,1,1,20, , , 
61,1-2,4,PSU_RECODED_616,Grade 10,*,1,Walking,3,School too far away,_missing_,2,1,0,1,5, , , 
61,1-2,4,PSU_RECODED_OTHER,Grade 1,*,1,Walking,4,School too far away,_missing_,6,5,9,5,50, , , 
61,1-2,4,PSU_RECODED_OTHER,Grade 1,*,1,Walking,5,School too far away,_missing_,2,1,9,5,50, , , 
61,1-2,10,PSU_RECODED_623,Grade 3,*,1,Walking,4,House keeping / Family business,_missing_, , , , , , ,6,2017
61,1-2,4,PSU_RECODED_616,Grade 2,*,1,Walking,4,School too far away,_missing_,2,1,1,3,10, , , 
61,1-2,4,PSU_RECODED_616,Grade 7,*,1,Walking,3,School too far away,_missing_,11,10,2,6,15, , , 
61,1-2,4,PSU_RECODED_616,Grade 7,*,1,Walking,4,School too far away,_missing_,9,8,2,6,15, , , 
61,1,10,PSU_RECODED_828,Grade 4,*,1,Walking,6,School too far away,_missing_,3,2,25,6,50, , , 
61,1-2,5,PSU_RECODED_OTHER,Grade 5,*,1,Walking,3,School too far away,_missing_,11,10,20,5,40, , , 
61,1-2,5,PSU_RECODED_OTHER,Grade 10,*,1,Walking,3,School too far away,_missing_,8,7,2,6,10, , , 
61,1-2,5,PSU_RECODED_460,Grade 2,*,1,Walking,3,School too far away,_missing_,7,6,1,3,10, , , 
61,1-2,11,PSU_RECODED_OTHER,Grade 2,*,1,Walking,4,School too far away,_missing_,4,3,1,1,5, , , 
61,1-2,5,PSU_RECODED_OTHER,Grade 10,*,1,Walking,4,School too far away,_missing_,5,4,1,1,20, , , 
61,1-2,6,PSU_RECODED_133,Grade 1,*,1,Walking,3,School too far away,_missing_,6,5,4,5,30, , , 
61,1-2,6,PSU_RECODED_133,Grade 1,*,1,Walking,4,Financial problems,_missing_, , , , , ,7, , 
61,1-2,11,PSU_RECODED_OTHER,Grade 3,*,1,Walking,3,School too far away,_missing_,11,10,3,3,10, , , 
61,1-2,6,PSU_RECODED_805,Grade 8,*,1,Walking,5,School too far away,_missing_,2,1,2,3,5, , , 
61,1-2,6,PSU_RECODED_840,Grade 1,*,1,Walking,3,School too far away,_missing_,12,11,1,6,10, , , 
61,1-2,6,PSU_RECODED_840,Grade 5,*,1,Walking,3,House keeping / Family business,_missing_, , , , , , ,6,2017
61,1-2,6,PSU_RECODED_840,Grade 5,*,1,Walking,4,School too far away,_missing_,8,7,1,6,10, , , 
61,1-2,12,PSU_RECODED_127,Grade 1,*,1,Walking,3,School too far away,_missing_,7,5,2,3,10, , , 
61,1-2,12,PSU_RECODED_127,Grade 1,*,1,Walking,4,School too far away,_missing_,3,1,2,3,10, , , 
61,1-2,12,PSU_RECODED_127,Grade 9,*,1,Walking,3,School too far away,_missing_,9,7,2,6,15, , , 
61,1-2,7,PSU_RECODED_106,Grade 3,*,1,Walking,4,School too far away,_missing_,11,10,5,3,25, , , 
61,1-2,7,PSU_RECODED_106,Grade 3,*,1,Walking,5,School too far away,_missing_,6,5,5,3,25, , , 
61,1-2,7,PSU_RECODED_604,Grade 2,*,1,Walking,3,School too far away,_missing_,4,2,4,3,10, , , 
61,1-2,7,PSU_RECODED_604,Grade 2,*,1,Walking,4,School too far away,_missing_,1,19,4,3,10, , , 
61,1-2,7,PSU_RECODED_604,Grade 7,*,1,Walking,3,School too far away,_missing_,10,8,4,6,20, , , 
61,1-2,7,PSU_RECODED_604,Grade 7,*,1,Walking,4,School too far away,_missing_,5,3,4,6,20, , , 
61,1-2,7,PSU_RECODED_604,Grade 7,*,1,Walking,5,School too far away,_missing_,3,1,4,6,20, , , 
61,1-2,7,PSU_RECODED_OTHER,Grade 10,*,1,Walking,3,House keeping / Family business,_missing_, , , , , , ,9,2017
61,1-2,9,PSU_RECODED_378,Grade 4,*,1,Walking,3,School too far away,_missing_,12,11,25,9,35, , , 
61,1-2,9,PSU_RECODED_378,Grade 9,*,1,Walking,3,School too far away,_missing_,11,10,20,5,100, , , 
61,1-2,9,PSU_RECODED_378,Grade 9,*,1,Walking,4,School too far away,_missing_,7,6,20,5,100, , , 
61,1-2,9,PSU_RECODED_378,Grade 9,*,1,Walking,5,Financial problems,_missing_, , , , , ,7, , 
61,1-2,9,PSU_RECODED_905,Grade 3,*,1,Walking,5,School too far away,_missing_,4,3,0,2,5, , , 
61,1-2,9,PSU_RECODED_905,Grade 3,*,1,Walking,6,School too far away,_missing_,2,1,0,2,5, , , 
61,1-2,9,PSU_RECODED_51,Grade 2,*,1,Walking,5,School too far away,_missing_,12,10,15,6,40, , , 
61,1-2,9,PSU_RECODED_51,Grade 6,*,1,Walking,4,School too far away,_missing_,5,4,0,1,8, , , 
61,1-2,9,PSU_RECODED_51,Grade 6,*,1,Walking,5,School too far away,_missing_,1,19,0,1,8, , , 
61,1-2,10,PSU_RECODED_29,Grade 5,*,1,Walking,3,School too far away,_missing_,12,11,3,3,10, , , 
61,1-2,10,PSU_RECODED_29,Grade 5,*,1,Walking,4,School too far away,_missing_,12,11,3,3,10, , , 
61,1-2,10,PSU_RECODED_29,Grade 5,*,1,Walking,5,School too far away,_missing_,7,6,3,3,10, , , 
61,1-2,10,PSU_RECODED_462,Grade 7,*,1,Walking,3,School too far away,_missing_,10,9,0,1,10, , , 
61,1-2,10,PSU_RECODED_462,Grade 7,*,1,Walking,4,School too far away,_missing_,8,7,0,1,10, , , 
61,1-2,10,PSU_RECODED_296,Grade 5,*,1,Walking,3,House keeping / Family business,_missing_, , , , , , ,8,2019
61,1-2,10,PSU_RECODED_296,Grade 9,*,1,Walking,3,House keeping / Family business,_missing_, , , , , , ,6,2018
61,1-2,10,PSU_RECODED_296,Grade 9,*,1,Walking,4,School too far away,_missing_,8,7,3,5,30, , , 
61,1-2,10,PSU_RECODED_296,Grade 9,*,1,Walking,5,School too far away,_missing_,6,5,3,5,30, , , 
61,1-2,11,PSU_RECODED_OTHER,Grade 3,*,1,Walking,5,School too far away,_missing_,13,12,15,3,60, , , 
61,1-2,11,PSU_RECODED_OTHER,Grade 3,*,1,Walking,6,School too far away,_missing_,8,7,3,3,30, , , 
61,1-2,11,PSU_RECODED_726,Grade 1,*,1,Walking,3,House keeping / Family business,_missing_, , , , , , ,2,2017
61,1-2,11,PSU_RECODED_726,Grade 1,*,1,Walking,4,House keeping / Family business,_missing_, , , , , , ,2,2019
61,1-2,11,PSU_RECODED_726,Grade 1,*,1,Walking,5,School too far away,_missing_,7,6,1,1,20, , , 
61,1-2,11,PSU_RECODED_726,Grade 7,*,1,Walking,4,School too far away,_missing_,5,4,1,3,10, , , 
61,1-2,11,PSU_RECODED_726,Grade 7,*,1,Walking,5,School too far away,_missing_,3,2,1,3,10, , , 
61,1-2,12,PSU_RECODED_779,Grade 1,*,1,Walking,5,School too far away,_missing_,11,10,20,6,45, , , 
61,1-2,12,PSU_RECODED_779,Grade 1,*,1,Walking,6,School too far away,_missing_,8,6,20,6,45, , , 
61,1-2,12,PSU_RECODED_407,Grade 3,*,1,Walking,3,School too far away,_missing_,4,2,6,3,10, , , 
61,1-2,12,PSU_RECODED_407,Grade 7,*,1,Walking,3,School too far away,_missing_,7,5,5,3,30, , , 
61,1-2,12,PSU_RECODED_407,Grade 7,*,1,Walking,4,School too far away,_missing_,3,1,5,3,30, , , 
62,1-2,1,PSU_RECODED_769,Grade 3,*,1,Walking,3,House keeping / Family business,_missing_, , , , , , ,6,2016
62,1-2,1,PSU_RECODED_769,Grade 3,*,1,Walking,4,House keeping / Family business,_missing_, , , , , , ,6,2018
62,1-2,1,PSU_RECODED_769,Grade 3,*,1,Walking,5,School too far away,_missing_,10,9,0,1,5, , , 
62,1-2,1,PSU_RECODED_769,Grade 7,*,1,Walking,5,School too far away,_missing_,4,3,4,3,15, , , 
62,1-2,1,PSU_RECODED_769,Grade 7,*,1,Walking,6,School too far away,_missing_,2,1,4,3,15, , , 
62,1-2,2,PSU_RECODED_OTHER,Grade 2,*,1,Walking,2,House keeping / Family business,_missing_, , , , , , ,99,2019
62,1-2,1,PSU_RECODED_613,Grade 1,*,1,Walking,3,School too far away,_missing_,11,10,4,3,10, , , 
62,1-2,1,PSU_RECODED_613,Grade 1,*,1,Walking,4,School too far away,_missing_,6,5,1,3,10, , , 
62,1-2,2,PSU_RECODED_405,Grade 2,*,1,Walking,3,House keeping / Family business,_missing_, , , , , , ,6,2016
62,1-2,2,PSU_RECODED_405,Grade 2,*,1,Walking,4,School too far away,_missing_,11,10,2,2,10, , , 
62,1-2,2,PSU_RECODED_405,Grade 6,*,1,Walking,3,School too far away,_missing_,6,5,1,1,20, , , 
62,1-2,2,PSU_RECODED_405,Grade 6,*,1,Walking,4,School too far away,_missing_,4,3,1,1,20, , , 
62,1-2,2,PSU_RECODED_405,Grade 10,*,1,Walking,3,School too far away,_missing_,1,19,1,2,15, , , 
62,1-2,4,PSU_RECODED_346,Grade 8,*,1,Walking,4,School too far away,_missing_,13,12,0,1,10, , , 
62,1-2,4,PSU_RECODED_346,Grade 8,*,1,Walking,5,School too far away,_missing_,10,9,0,1,10, , , 
62,1-2,3,PSU_RECODED_OTHER,Grade 2,*,1,Walking,3,School too far away,_missing_,8,7,3,3,30, , , 
62,1-2,3,PSU_RECODED_OTHER,Grade 2,*,1,Walking,4,School too far away,_missing_,5,4,3,3,30, , , 
62,1-2,3,PSU_RECODED_OTHER,Grade 6,*,1,Walking,3,School too far away,_missing_,2,1,4,3,30, , , 
62,1-2,3,PSU_RECODED_OTHER,Grade 6,*,1,Walking,4,School too far away,_missing_,1,19,4,3,30, , , 
62,1-2,4,PSU_RECODED_420,Grade 4,*,1,Walking,5,School too far away,_missing_,9,8,0,5,30, , , 
62,1-2,3,PSU_RECODED_182,Grade 3,*,1,Walking,3,School too far away,_missing_,10,9,4,2,15, , , 
62,1-2,3,PSU_RECODED_182,Grade 8,*,1,Walking,4,House keeping / Family business,_missing_, , , , , , ,9,2015
62,1-2,4,PSU_RECODED_825,Grade 6,*,1,Walking,3,School too far away,_missing_,1,19,0,2,5, , , 
62,1-2,5,PSU_RECODED_1,Grade 1,*,1,Walking,3,School too far away,_missing_,11,10,1,3,10, , , 
62,1-2,5,PSU_RECODED_1,Grade 1,*,1,Walking,4,School too far away,_missing_,5,4,1,3,10, , , 
62,1-2,5,PSU_RECODED_831,Grade 2,*,1,Walking,4,House keeping / Family business,_missing_, , , , , , ,6,2015
62,1-2,5,PSU_RECODED_831,Grade 2,*,1,Walking,5,School too far away,_missing_,8,7,2,1,30, , , 
62,1-2,5,PSU_RECODED_831,Grade 2,*,1,Walking,6,School too far away,_missing_,6,5,2,1,30, , , 
62,1-2,5,PSU_RECODED_831,Grade 6,*,1,Walking,4,House keeping / Family business,_missing_, , , , , , ,9,2004
62,1-2,5,PSU_RECODED_831,Grade 6,*,1,Walking,5,School too far away,_missing_,12,11,1,1,30, , , 
62,1-2,5,PSU_RECODED_831,Grade 6,*,1,Walking,6,School too far away,_missing_,9,8,1,1,30, , , 
62,1-2,5,PSU_RECODED_831,Grade 6,*,1,Walking,7,School too far away,_missing_,7,6,1,1,30, , , 
62,1-2,5,PSU_RECODED_831,Grade 10,*,1,Walking,3,School too far away,_missing_,3,2,1,1,15, , , 
62,1-2,6,PSU_RECODED_OTHER,Grade 4,*,1,Walking,4,School too far away,_missing_,8,7,1,3,10, , , 
62,1-2,7,PSU_RECODED_371,Grade 2,*,1,Walking,2,House keeping / Family business,_missing_, , , , , , ,2,2019
62,1-2,7,PSU_RECODED_371,Grade 2,*,1,Walking,3,School too far away,_missing_,8,7,0,1,15, , , 
62,1-2,7,PSU_RECODED_371,Grade 6,*,1,Walking,3,School too far away,_missing_,6,5,0,1,10, , , 
62,1-2,7,PSU_RECODED_371,Grade 6,*,1,Walking,4,School too far away,_missing_,5,4,0,1,15, , , 
62,1-2,7,PSU_RECODED_371,Grade 6,*,1,Walking,5,School too far away,_missing_,3,2,0,1,15, , , 
62,1-2,7,PSU_RECODED_371,Grade 6,*,1,Walking,6,School too far away,_missing_,1,19,0,1,15, , , 
62,1-2,7,PSU_RECODED_371,Grade 10,*,1,Walking,3,School too far away,_missing_,6,6,3,3,30, , , 
62,1-2,7,PSU_RECODED_371,Grade 10,*,1,Walking,4,School too far away,_missing_,1,19,3,3,30, , , 
62,1-2,7,PSU_RECODED_OTHER,Grade 6,*,1,Walking,4,School too far away,_missing_,12,11,1,3,10, , , 
62,1-2,6,PSU_RECODED_OTHER,Grade 1,*,1,Walking,3,School too far away,_missing_,11,10,1,2,10, , , 
62,1-2,6,PSU_RECODED_OTHER,Grade 1,*,1,Walking,4,School too far away,_missing_,10,9,1,2,10, , , 
62,1-2,6,PSU_RECODED_OTHER,Grade 1,*,1,Walking,5,School too far away,_missing_,4,3,1,2,10, , , 
62,1-2,6,PSU_RECODED_OTHER,Grade 1,*,1,Walking,6,School too far away,_missing_,4,3,1,2,10, , , 
62,1,8,PSU_RECODED_OTHER,Grade 3,*,1,Walking,4,School too far away,_missing_,8,7,0,2,5, , , 
62,1-2,9,PSU_RECODED_137,Grade 3,*,1,Walking,3,House keeping / Family business,_missing_, , , , , , ,6,2016
62,1-2,9,PSU_RECODED_137,Grade 7,*,1,Walking,3,House keeping / Family business,_missing_, , , , , , ,6,2017
62,1-2,9,PSU_RECODED_137,Grade 7,*,1,Walking,4,School too far away,_missing_,7,6,7,3,10, , , 
62,1-2,9,PSU_RECODED_137,Grade 7,*,1,Walking,5,Financial problems,_missing_, , , , , ,7, , 
62,1,8,PSU_RECODED_OTHER,Grade 10,*,1,Walking,6,School too far away,_missing_,11,10,2,3,10, , , 
62,1-2,9,PSU_RECODED_436,Grade 2,*,1,Walking,3,House keeping / Family business,_missing_, , , , , , ,8,2019
62,1-2,9,PSU_RECODED_436,Grade 2,*,1,Walking,4,School too far away,_missing_,9,8,12,5,30, , , 
62,1-2,9,PSU_RECODED_436,Grade 10,*,1,Walking,3,School too far away,_missing_,6,5,1,3,5, , , 
62,1-2,8,PSU_RECODED_OTHER,Grade 4,*,1,Walking,3,School too far away,_missing_,12,11,2,6,15, , , 
62,1-2,8,PSU_RECODED_OTHER,Grade 4,*,1,Walking,4,School too far away,_missing_,7,6,2,6,15, , , 
62,1-2,8,PSU_RECODED_OTHER,Grade 8,*,1,Walking,4,School too far away,_missing_,5,4,2,3,10, , , 
62,1-2,11,PSU_RECODED_117,Grade 1,*,1,Walking,4,School too far away,_missing_,5,4,0,1,10, , , 
62,1-2,11,PSU_RECODED_117,Grade 6,*,1,Walking,2,House keeping / Family business,_missing_, , , , , , ,6,2013
62,1-2,10,PSU_RECODED_666,Grade 6,*,1,Walking,2,School too far away,_missing_,5,4,1,3,5, , , 
62,1-2,10,PSU_RECODED_666,Grade 6,*,1,Walking,3,School too far away,_missing_,2,1,1,3,5, , , 
62,1-2,10,PSU_RECODED_666,Grade 6,*,1,Walking,4,Financial problems,_missing_, , , , , ,7, , 
62,1-2,11,PSU_RECODED_803,Grade 1,*,1,Walking,3,School too far away,_missing_,3,2,0,1,10, , , 
62,1-2,10,PSU_RECODED_575,Grade 6,*,1,Walking,3,School too far away,_missing_,12,11,15,6,30, , , 
62,1-2,12,PSU_RECODED_244,Grade 2,*,1,Walking,3,School too far away,_missing_,11,10,25,5,60, , , 
62,1-2,12,PSU_RECODED_244,Grade 2,*,1,Walking,4,School too far away,_missing_,8,7,25,5,60, , , 
62,1-2,12,PSU_RECODED_244,Grade 6,*,1,Walking,3,Financial problems,_missing_, , , , , ,7, , 
62,1-2,12,PSU_RECODED_537,Grade 2,*,1,Walking,3,School too far away,_missing_,13,12,3,2,10, , , 
62,1-2,12,PSU_RECODED_537,Grade 2,*,1,Walking,4,School too far away,_missing_,10,9,3,6,20, , , 
62,1-2,11,PSU_RECODED_602,Grade 2,*,1,Walking,3,School too far away,_missing_,11,10,3,2,15, , , 
62,1-2,11,PSU_RECODED_602,Grade 6,*,1,Walking,3,School too far away,_missing_,6,5,10,5,35, , , 
62,1-2,11,PSU_RECODED_602,Grade 6,*,1,Walking,4,School too far away,_missing_,1,19,10,5,35, , , 
62,1-2,1,PSU_RECODED_75,Grade 1,*,1,Walking,3,School too far away,_missing_,8,7,20,2,40, , , 
62,1-2,1,PSU_RECODED_75,Grade 1,*,1,Walking,4,School too far away,_missing_,2,1,20,2,40, , , 
62,1-2,1,PSU_RECODED_75,Grade 1,*,1,Walking,8,House keeping / Family business,_missing_, , , , , , ,7, 
62,1-2,1,PSU_RECODED_75,Grade 9,*,1,Walking,3,House keeping / Family business,_missing_, , , , , , ,6,2017
62,1-2,1,PSU_RECODED_75,Grade 9,*,1,Walking,4,School too far away,_missing_,8,7,0,1,5, , , 
62,1-2,2,PSU_RECODED_806,Grade 9,*,1,Walking,3,House keeping / Family business,_missing_, , , , , , ,6,2016
62,1-2,2,PSU_RECODED_806,Grade 9,*,1,Walking,4,House keeping / Family business,_missing_, , , , , , ,6,2018
62,1-2,2,PSU_RECODED_386,Grade 3,*,1,Walking,3,School too far away,_missing_,11,10,0,2,10, , , 
62,1-2,3,PSU_RECODED_903,Grade 3,*,1,Walking,3,House keeping / Family business,_missing_, , , , , , ,6,2014
62,1-2,3,PSU_RECODED_903,Grade 3,*,1,Walking,4,School too far away,_missing_,12,11,3,6,15, , , 
62,1-2,4,PSU_RECODED_OTHER,Grade 2,*,1,Walking,7,House keeping / Family business,_missing_, , , , , , ,5,2013
62,1-2,5,PSU_RECODED_OTHER,Grade 7,*,1,Walking,4,School too far away,_missing_,5,4,1,1,10, , , 
62,1-2,6,PSU_RECODED_418,Grade 2,*,1,Walking,3,House keeping / Family business,_missing_, , , , , , ,6,2017
62,1-2,6,PSU_RECODED_418,Grade 6,*,1,Walking,3,House keeping / Family business,_missing_, , , , , , ,6,2018
62,1-2,6,PSU_RECODED_418,Grade 6,*,1,Walking,4,School too far away,_missing_,7,6,3,2,15, , , 
62,1-2,7,PSU_RECODED_OTHER,Grade 2,*,1,Walking,5,School too far away,_missing_,4,3,8,5,15, , , 
62,1-2,7,PSU_RECODED_OTHER,Grade 10,*,1,Walking,4,House keeping / Family business,_missing_, , , , , , ,9,2018
62,1-2,7,PSU_RECODED_OTHER,Grade 10,*,1,Walking,5,Financial problems,_missing_, , , , , ,7, , 
62,1-2,9,PSU_RECODED_OTHER,Grade 1,*,1,Walking,3,School too far away,_missing_,6,5,4,3,20, , , 
62,1-2,10,PSU_RECODED_640,Grade 2,*,1,Walking,3,School too far away,_missing_,2,1,4,2,30, , , 
62,1-2,10,PSU_RECODED_640,Grade 8,*,1,Walking,3,School too far away,_missing_,4,3,1,3,5, , , 
62,1-2,10,PSU_RECODED_640,Grade 8,*,1,Walking,4,School too far away,_missing_,2,1,1,3,5, , , 
62,1-2,10,PSU_RECODED_876,Grade 2,*,1,Walking,2,School too far away,_missing_,4,3,7,3,25, , , 
62,1,11,PSU_RECODED_OTHER,Grade 4,*,1,Walking,4,School too far away,_missing_,12,11,1,3,10, , , 
62,1,11,PSU_RECODED_OTHER,Grade 4,*,1,Walking,5,School too far away,_missing_,9,8,1,3,10, , , 
62,1-2,1,PSU_RECODED_OTHER,Grade 7,*,1,Walking,3,School too far away,_missing_,7,6,1,2,15, , , 
62,1-2,1,PSU_RECODED_OTHER,Grade 7,*,1,Walking,4,School too far away,_missing_,1,19,1,3,10, , , 
62,1-2,12,PSU_RECODED_182,Grade 3,*,1,Walking,3,School too far away,_missing_,7,6,3,6,10, , , 
62,1-2,12,PSU_RECODED_182,Grade 3,*,1,Walking,4,School too far away,_missing_,2,1,3,6,10, , , 
62,1-2,1,PSU_RECODED_664,Grade 7,*,1,Walking,3,School too far away,_missing_,13,12,6,6,15, , , 
62,1-2,2,PSU_RECODED_25,Grade 4,*,1,Walking,3,School too far away,_missing_,12,11,0,1,10, , , 
62,1-2,2,PSU_RECODED_25,Grade 4,*,1,Walking,4,School too far away,_missing_,7,6,11,1,10, , , 
62,1-2,2,PSU_RECODED_25,Grade 10,*,1,Walking,5,School too far away,_missing_,1,19,4,3,15, , , 
62,1-2,2,PSU_RECODED_180,Grade 9,*,1,Walking,3,School too far away,_missing_,6,5,4,3,15, , , 
62,1-2,2,PSU_RECODED_180,Grade 9,*,1,Walking,4,School too far away,_missing_,2,1,2,3,10, , , 
62,1,3,PSU_RECODED_710,Grade 5,*,1,Walking,2,School too far away,_missing_,8,7,5,3,20, , , 
62,1-2,4,PSU_RECODED_501,Grade 4,*,1,Walking,4,School too far away,_missing_,3,2,6,6,35, , , 
62,1-2,4,PSU_RECODED_501,Grade 10,*,1,Walking,3,Financial problems,_missing_, , , , , ,9, , 
62,1-2,4,PSU_RECODED_OTHER,Grade 7,*,1,Walking,4,School too far away,_missing_,12,11,1,3,10, , , 
62,1-2,4,PSU_RECODED_OTHER,Grade 7,*,1,Walking,5,School too far away,_missing_,8,7,6,5,30, , , 
62,1-2,5,PSU_RECODED_161,Grade 1,*,1,Walking,3,School too far away,_missing_,4,3,7,3,30, , , 
62,1-2,5,PSU_RECODED_161,Grade 1,*,1,Walking,4,School too far away,_missing_,3,2,7,3,30, , , 
62,1-2,5,PSU_RECODED_161,Grade 5,*,1,Walking,3,School too far away,_missing_,3,2,2,3,10, , , 
62,1-2,5,PSU_RECODED_161,Grade 5,*,1,Walking,4,School too far away,_missing_,1,19,2,3,10, , , 
62,1-2,6,PSU_RECODED_177,Grade 4,*,1,Walking,3,School too far away,_missing_,7,6,1,2,10, , , 
62,1-2,6,PSU_RECODED_177,Grade 4,*,1,Walking,4,School too far away,_missing_,2,1,1,2,10, , , 
62,1-2,6,PSU_RECODED_177,Grade 8,*,1,Walking,5,House keeping / Family business,_missing_, , , , , , ,9,2016
62,1-2,6,PSU_RECODED_177,Grade 8,*,1,Walking,6,House keeping / Family business,_missing_, , , , , , ,6,2017
62,1-2,6,PSU_RECODED_177,Grade 8,*,1,Walking,7,School too far away,_missing_,2,1,0,1,20, , , 
62,1-2,6,PSU_RECODED_285,Grade 3,*,1,Walking,3,School too far away,_missing_,8,7,3,5,35, , , 
62,1-2,6,PSU_RECODED_285,Grade 3,*,1,Walking,4,Financial problems,_missing_, , , , , ,7, , 
62,1-2,6,PSU_RECODED_285,Grade 10,*,1,Walking,2,House keeping / Family business,_missing_, , , , , , ,2,2018
62,1-2,7,PSU_RECODED_63,Grade 4,*,1,Walking,4,School too far away,_missing_,2,1,2,3,25, , , 
62,1-2,7,PSU_RECODED_63,Grade 8,*,1,Walking,3,School too far away,_missing_,10,9,20,6,45, , , 
62,1-2,7,PSU_RECODED_63,Grade 8,*,1,Walking,4,School too far away,_missing_,8,7,20,6,45, , , 
62,1-2,8,PSU_RECODED_662,Grade 2,*,1,Walking,4,House keeping / Family business,_missing_, , , , , , ,6,2011
62,1-2,8,PSU_RECODED_662,Grade 2,*,1,Walking,5,School too far away,_missing_,9,8,0,1,30, , , 
62,1-2,8,PSU_RECODED_662,Grade 2,*,1,Walking,6,School too far away,_missing_,7,6,0,1,30, , , 
62,1-2,8,PSU_RECODED_666,Grade 6,*,1,Walking,4,School too far away,_missing_,10,9,1,3,10, , , 
62,1-2,8,PSU_RECODED_666,Grade 6,*,1,Walking,5,School too far away,_missing_,4,3,3,3,15, , , 
62,1-2,8,PSU_RECODED_666,Grade 6,*,1,Walking,6,School too far away,_missing_,7,6,1,3,10, , , 
62,1-2,9,PSU_RECODED_OTHER,Grade 9,*,1,Walking,2,School too far away,_missing_,11,10,3,2,15, , , 
62,1-2,9,PSU_RECODED_OTHER,Grade 9,*,1,Walking,3,School too far away,_missing_,8,7,3,2,15, , , 
62,1-2,11,PSU_RECODED_OTHER,Grade 5,*,1,Walking,3,School too far away,_missing_,3,2,0,3,15, , , 
62,1-2,11,PSU_RECODED_OTHER,Grade 10,*,1,Walking,2,School too far away,_missing_,4,3,2,3,10, , , 
62,1-2,12,PSU_RECODED_469,Grade 4,*,1,Walking,2,House keeping / Family business,_missing_, , , , , , ,99,2016
62,1-2,12,PSU_RECODED_469,Grade 9,*,1,Walking,5,School too far away,_missing_,5,4,12,6,30, , , 
71,1-2,1,PSU_RECODED_OTHER,Grade 2,*,1,Walking,3,School too far away,_missing_,10,9,7,5,20, , , 
71,1-2,1,PSU_RECODED_OTHER,Grade 2,*,1,Walking,4,School too far away,_missing_,8,7,7,2,20, , , 
71,1-2,2,PSU_RECODED_849,Grade 1,*,1,Walking,3,School too far away,_missing_,13,12,31,6,40, , , 
71,1-2,2,PSU_RECODED_849,Grade 1,*,1,Walking,4,School too far away,_missing_,6,5,31,6,40, , , 
71,1-2,2,PSU_RECODED_OTHER,Grade 3,*,1,Walking,3,School too far away,_missing_,12,11,4,2,30, , , 
71,1-2,2,PSU_RECODED_OTHER,Grade 3,*,1,Walking,4,School too far away,_missing_,9,8,4,2,30, , , 
71,1-2,2,PSU_RECODED_OTHER,Grade 3,*,1,Walking,5,School too far away,_missing_,3,2,1,3,5, , , 
71,1-2,1,PSU_RECODED_361,Grade 7,*,1,Walking,4,School too far away,_missing_,9,8,25,6,45, , , 
71,1-2,1,PSU_RECODED_361,Grade 7,*,1,Walking,5,School too far away,_missing_,4,3,5,2,10, , , 
71,1,2,PSU_RECODED_OTHER,Grade 4,*,1,Walking,5,House keeping / Family business,_missing_, , , , , , ,7, 
71,1-2,2,PSU_RECODED_148,Grade 4,*,1,Walking,2,House keeping / Family business,_missing_, , , , , , ,7,2018
71,1-2,2,PSU_RECODED_148,Grade 10,*,1,Walking,2,House keeping / Family business,_missing_, , , , , , ,6,2016
71,1-2,4,PSU_RECODED_OTHER,Grade 4,*,1,Walking,3,School too far away,_missing_,12,11,1,3,10, , , 
71,1-2,4,PSU_RECODED_OTHER,Grade 4,*,1,Walking,4,School too far away,_missing_,9,8,1,3,10, , , 
71,1-2,4,PSU_RECODED_OTHER,Grade 4,*,1,Walking,5,School too far away,_missing_,1,19,1,3,10, , , 
71,1-2,4,PSU_RECODED_342,Grade 6,*,1,Walking,3,School too far away,_missing_,13,12,0,1,10, , , 
71,1-2,4,PSU_RECODED_342,Grade 6,*,1,Walking,4,School too far away,_missing_,2,1,0,1,10, , , 
71,1-2,5,PSU_RECODED_476,Grade 6,*,1,Walking,3,School too far away,_missing_,3,2,0,6,3, , , 
71,1-2,5,PSU_RECODED_476,Grade 6,*,1,Walking,4,School too far away,_missing_,1,19,0,6,3, , , 
71,1-2,4,PSU_RECODED_63,Grade 5,*,1,Walking,3,School too far away,_missing_,6,5,3,3,10, , , 
71,1-2,4,PSU_RECODED_63,Grade 9,*,1,Walking,4,School too far away,_missing_,8,7,1,2,5, , , 
71,1-2,6,PSU_RECODED_OTHER,Grade 3,*,1,Walking,3,School too far away,_missing_,9,8,0,2,10, , , 
71,1-2,6,PSU_RECODED_OTHER,Grade 6,*,1,Walking,3,School too far away,_missing_,4,3,6,3,20, , , 
71,1-2,5,PSU_RECODED_OTHER,Grade 1,*,1,Walking,4,School too far away,_missing_,10,9,0,1,2, , , 
71,1-2,5,PSU_RECODED_OTHER,Grade 9,*,1,Walking,4,School too far away,_missing_,12,11,10,6,25, , , 
71,1-2,7,PSU_RECODED_OTHER,Grade 8,*,1,Walking,5,School too far away,_missing_,13,12,13,6,40, , , 
71,1-2,6,PSU_RECODED_769,Grade 2,*,1,Walking,3,House keeping / Family business,_missing_, , , , , , ,6,2018
71,1-2,6,PSU_RECODED_769,Grade 6,*,1,Walking,3,School too far away,_missing_,3,2,1,3,10, , , 
71,1-2,7,PSU_RECODED_736,Grade 9,*,1,Walking,5,School too far away,_missing_,1,19,3,2,10, , , 
71,1-2,6,PSU_RECODED_OTHER,Grade 3,*,1,Walking,5,School too far away,_missing_,3,2,2,6,15, , , 
71,1-2,8,PSU_RECODED_215,Grade 4,*,1,Walking,4,House keeping / Family business,_missing_, , , , , , ,6,2016
71,1-2,7,PSU_RECODED_435,Grade 3,*,1,Walking,3,School too far away,_missing_,9,8,1,1,20, , , 
71,1-2,9,PSU_RECODED_891,Grade 3,*,1,Walking,3,School too far away,_missing_,9,8,18,6,50, , , 
71,1-2,9,PSU_RECODED_891,Grade 3,*,1,Walking,4,School too far away,_missing_,6,5,18,6,50, , , 
71,1-2,9,PSU_RECODED_891,Grade 3,*,1,Walking,5,School too far away,_missing_,1,19,0,1,5, , , 
71,1-2,8,PSU_RECODED_OTHER,Grade 10,*,1,Walking,3,School too far away,_missing_,13,12,42,5,90, , , 
71,1-2,8,PSU_RECODED_OTHER,Grade 10,*,1,Walking,4,School too far away,_missing_,9,8,3,2,20, , , 
71,1-2,8,PSU_RECODED_OTHER,Grade 10,*,1,Walking,5,School too far away,_missing_,4,3,3,3,20, , , 
71,1-2,9,PSU_RECODED_318,Grade 4,*,1,Walking,4,School too far away,_missing_,9,8,4,6,20, , , 
71,1-2,9,PSU_RECODED_318,Grade 4,*,1,Walking,5,School too far away,_missing_,6,5,4,6,20, , , 
71,1-2,9,PSU_RECODED_318,Grade 4,*,1,Walking,6,School too far away,_missing_,2,1,3,3,15, , , 
71,1-2,8,PSU_RECODED_OTHER,Grade 3,*,1,Walking,3,School too far away,_missing_,13,12,2,5,15, , , 
71,1-2,9,PSU_RECODED_670,Grade 1,*,1,Walking,2,School too far away,_missing_,12,11,9,6,15, , , 
71,1-2,9,PSU_RECODED_670,Grade 1,*,1,Walking,3,School too far away,_missing_,10,9,0,1,3, , , 
71,1-2,9,PSU_RECODED_670,Grade 5,*,1,Walking,2,School too far away,_missing_,13,12,55,5,90, , , 
71,1-2,9,PSU_RECODED_670,Grade 5,*,1,Walking,3,School too far away,_missing_,9,8,6,5,15, , , 
71,1-2,9,PSU_RECODED_670,Grade 5,*,1,Walking,4,School too far away,_missing_,4,3,7,5,15, , , 
71,1-2,9,PSU_RECODED_670,Grade 9,*,1,Walking,2,School too far away,_missing_,8,7,1,6,5, , , 
71,1-2,10,PSU_RECODED_285,Grade 3,*,1,Walking,4,School too far away,_missing_,3,2,0,5,2, , , 
71,1-2,10,PSU_RECODED_285,Grade 3,*,1,Walking,5,School too far away,_missing_,2,1,0,5,2, , , 
71,1-2,10,PSU_RECODED_285,Grade 8,*,1,Walking,4,House keeping / Family business,_missing_, , , , , , ,7,2019
71,1-2,10,PSU_RECODED_285,Grade 8,*,1,Walking,5,School too far away,_missing_,9,8,11,5,60, , , 
71,1-2,9,PSU_RECODED_305,Grade 8,*,1,Walking,2,School too far away,_missing_,11,10,1,2,10, , , 
71,1-2,9,PSU_RECODED_305,Grade 8,*,1,Walking,3,School too far away,_missing_,7,6,1,2,10, , , 
71,1-2,11,PSU_RECODED_OTHER,Grade 3,*,1,Walking,5,School too far away,_missing_,11,11,0,1,10, , , 
71,1-2,11,PSU_RECODED_OTHER,Grade 7,*,1,Walking,3,School too far away,_missing_,10,9,0,1,10, , , 
71,1-2,10,PSU_RECODED_477,Grade 5,*,1,Walking,3,School too far away,_missing_,5,4,1,3,5, , , 
71,1-2,10,PSU_RECODED_477,Grade 5,*,1,Walking,4,Financial problems,_missing_, , , , , ,7, , 
71,1-2,12,PSU_RECODED_OTHER,Grade 1,*,1,Walking,3,School too far away,_missing_,11,10,7,6,20, , , 
71,1-2,12,PSU_RECODED_144,Grade 5,*,1,Walking,2,School too far away,_missing_,9,8,1,2,15, , , 
71,1-2,12,PSU_RECODED_144,Grade 9,*,1,Walking,3,School too far away,_missing_,7,6,1,3,20, , , 
71,1-2,12,PSU_RECODED_144,Grade 9,*,1,Walking,4,School too far away,_missing_,3,2,1,3,20, , , 
71,1-2,11,PSU_RECODED_OTHER,Grade 4,*,1,Walking,3,School too far away,_missing_,4,3,2,3,10, , , 
71,1-2,12,PSU_RECODED_19,Grade 1,*,1,Walking,3,School too far away,_missing_,7,6,1,3,5, , , 
71,1-2,12,PSU_RECODED_19,Grade 1,*,1,Walking,4,School too far away,_missing_,3,2,1,3,5, , , 
71,1-2,12,PSU_RECODED_19,Grade 10,*,1,Walking,3,House keeping / Family business,_missing_, , , , , , ,7,2019
71,1-2,12,PSU_RECODED_19,Grade 10,*,1,Walking,4,School too far away,_missing_,3,2,5,3,20, , , 
71,1-2,1,PSU_RECODED_18,Grade 9,*,1,Walking,3,House keeping / Family business,_missing_, , , , , , ,8,2018
71,1-2,1,PSU_RECODED_18,Grade 9,*,1,Walking,4,School too far away,_missing_,7,6,0,1,5, , , 
71,1-2,1,PSU_RECODED_18,Grade 9,*,1,Walking,5,School too far away,_missing_,3,2,0,1,5, , , 
71,1-2,1,PSU_RECODED_769,Grade 4,*,1,Walking,5,School too far away,_missing_,1,19,2,2,5, , , 
71,1-2,1,PSU_RECODED_769,Grade 8,*,1,Walking,5,School too far away,_missing_,6,5,4,5,15, , , 
71,1-2,2,PSU_RECODED_590,Grade 3,*,1,Walking,2,School too far away,_missing_,4,3,2,3,10, , , 
71,1-2,2,PSU_RECODED_590,Grade 3,*,1,Walking,3,School too far away,_missing_,1,19,2,3,10, , , 
71,1-2,2,PSU_RECODED_590,Grade 7,*,1,Walking,3,School too far away,_missing_,11,10,3,3,15, , , 
71,1-2,2,PSU_RECODED_590,Grade 7,*,1,Walking,4,School too far away,_missing_,10,9,3,2,15, , , 
71,1-2,2,PSU_RECODED_590,Grade 7,*,1,Walking,5,School too far away,_missing_,5,4,3,3,15, , , 
71,1-2,2,PSU_RECODED_590,Grade 7,*,1,Walking,6,School too far away,_missing_,2,1,3,3,15, , , 
71,1-2,3,PSU_RECODED_371,Grade 1,*,1,Walking,4,School too far away,_missing_,12,11,3,2,10, , , 
71,1-2,3,PSU_RECODED_371,Grade 1,*,1,Walking,5,School too far away,_missing_,7,6,3,2,10, , , 
71,1-2,3,PSU_RECODED_371,Grade 5,*,1,Walking,4,School too far away,_missing_,11,10,4,2,15, , , 
71,1-2,3,PSU_RECODED_371,Grade 10,*,1,Walking,4,School too far away,_missing_,3,2,3,2,10, , , 
71,1-2,3,PSU_RECODED_OTHER,Grade 5,*,1,Walking,6,School too far away,_missing_,1,19,1,2,30, , , 
71,1-2,3,PSU_RECODED_OTHER,Grade 10,*,1,Walking,5,School too far away,_missing_,8,7,1,2,20, , , 
71,1-2,3,PSU_RECODED_OTHER,Grade 10,*,1,Walking,6,School too far away,_missing_,4,3,1,3,20, , , 
71,1-2,3,PSU_RECODED_OTHER,Grade 10,*,1,Walking,7,School too far away,_missing_,2,1,1,3,20, , , 
71,1-2,4,PSU_RECODED_194,Grade 4,*,1,Walking,4,School too far away,_missing_,8,7,7,5,60, , , 
71,1-2,4,PSU_RECODED_194,Grade 9,*,1,Walking,2,House keeping / Family business,_missing_, , , , , , ,2,2018
71,1-2,4,PSU_RECODED_194,Grade 9,*,1,Walking,3,School too far away,_missing_,11,10,7,6,30, , , 
71,1-2,4,PSU_RECODED_194,Grade 9,*,1,Walking,4,School too far away,_missing_,10,9,7,6,30, , , 
71,1-2,4,PSU_RECODED_502,Grade 3,*,1,Walking,2,School too far away,_missing_,2,1,1,2,5, , , 
71,1-2,5,PSU_RECODED_113,Grade 1,*,1,Walking,3,School too far away,_missing_,9,8,12,5,40, , , 
71,1-2,5,PSU_RECODED_113,Grade 1,*,1,Walking,4,School too far away,_missing_,5,4,0,3,8, , , 
71,1-2,5,PSU_RECODED_113,Grade 1,*,1,Walking,5,School too far away,_missing_,3,2,0,3,8, , , 
71,1-2,5,PSU_RECODED_113,Grade 5,*,1,Walking,3,School too far away,_missing_,5,4,20,5,20, , , 
71,1-2,5,PSU_RECODED_113,Grade 5,*,1,Walking,4,School too far away,_missing_,1,19,20,5,20, , , 
71,1-2,5,PSU_RECODED_113,Grade 9,*,1,Walking,5,School too far away,_missing_,6,5,15,5,20, , , 
71,1-2,5,PSU_RECODED_113,Grade 9,*,1,Walking,6,School too far away,_missing_,4,3,15,5,20, , , 
71,1-2,5,PSU_RECODED_OTHER,Grade 10,*,1,Walking,3,House keeping / Family business,_missing_, , , , , , ,8,2018
71,1,6,PSU_RECODED_OTHER,Grade 1,*,1,Walking,4,School too far away,_missing_,3,2,7,3,20, , , 
71,1,6,PSU_RECODED_OTHER,Grade 6,*,1,Walking,3,School too far away,_missing_,2,1,2,2,10, , , 
71,1-2,7,PSU_RECODED_OTHER,Grade 8,*,1,Walking,3,School too far away,_missing_,10,9,0,2,10, , , 
71,1-2,8,PSU_RECODED_831,Grade 2,*,1,Walking,3,School too far away,_missing_,10,9,0,3,2, , , 
71,1-2,8,PSU_RECODED_831,Grade 2,*,1,Walking,4,School too far away,_missing_,6,5,0,3,2, , , 
71,1-2,8,PSU_RECODED_831,Grade 7,*,1,Walking,2,School too far away,_missing_,13,12,1,3,5, , , 
71,1-2,8,PSU_RECODED_831,Grade 7,*,1,Walking,3,School too far away,_missing_,5,4,1,3,5, , , 
71,1-2,8,PSU_RECODED_OTHER,Grade 1,*,1,Walking,4,House keeping / Family business,_missing_, , , , , , ,6,2016
71,1-2,8,PSU_RECODED_OTHER,Grade 9,*,1,Walking,3,School too far away,_missing_,10,9,20,5,45, , , 
71,1-2,9,PSU_RECODED_897,Grade 7,*,1,Walking,4,School too far away,_missing_,1,19,10,3,20, , , 
71,1-2,10,PSU_RECODED_264,Grade 5,*,1,Walking,3,School too far away,_missing_,13,12,2,1,10, , , 
71,1-2,10,PSU_RECODED_264,Grade 5,*,1,Walking,4,School too far away,_missing_,7,6,2,1,10, , , 
71,1-2,1,PSU_RECODED_55,Grade 1,*,1,Walking,3,School too far away,_missing_,8,6,2,3,5, , , 
71,1-2,1,PSU_RECODED_55,Grade 1,*,1,Walking,4,School too far away,_missing_,3,2,2,3,5, , , 
71,1-2,1,PSU_RECODED_55,Grade 9,*,1,Walking,3,School too far away,_missing_,12,11,2,2,10, , , 
71,1-2,1,PSU_RECODED_55,Grade 9,*,1,Walking,4,School too far away,_missing_,9,8,2,2,10, , , 
71,1-2,1,PSU_RECODED_OTHER,Grade 2,*,1,Walking,4,School too far away,_missing_,9,8,1,2,10, , , 
71,1-2,11,PSU_RECODED_OTHER,Grade 9,*,1,Walking,2,Financial problems,_missing_, , , , , ,7, , 
71,1-2,2,PSU_RECODED_800,Grade 4,*,1,Walking,2,School too far away,_missing_,2,1,0,3,5, , , 
71,1-2,2,PSU_RECODED_800,Grade 4,*,1,Walking,5,School too far away,_missing_,3,2,0,3,5, , , 
71,1-2,12,PSU_RECODED_OTHER,Grade 3,*,1,Walking,4,School too far away,_missing_,11,10,2,6,20, , , 
71,1-2,2,PSU_RECODED_458,Grade 2,*,1,Walking,3,School too far away,_missing_,4,3,1,1,30, , , 
71,1-2,2,PSU_RECODED_458,Grade 2,*,1,Walking,4,School too far away,_missing_,2,1,1,1,30, , , 
71,1-2,2,PSU_RECODED_458,Grade 6,*,1,Walking,3,School too far away,_missing_,7,6,1,2,20, , , 
71,1-2,2,PSU_RECODED_458,Grade 6,*,1,Walking,4,School too far away,_missing_,4,3,1,2,20, , , 
71,1-2,2,PSU_RECODED_458,Grade 6,*,1,Walking,5,School too far away,_missing_,2,1,1,3,10, , , 
71,1-2,2,PSU_RECODED_458,Grade 10,*,1,Walking,5,School too far away,_missing_,7,6,8,2,30, , , 
71,1-2,2,PSU_RECODED_458,Grade 10,*,1,Walking,6,School too far away,_missing_,3,2,8,5,30, , , 
71,1-2,3,PSU_RECODED_878,Grade 4,*,1,Walking,4,School too far away,_missing_,8,7,24,6,45, , , 
71,1-2,3,PSU_RECODED_878,Grade 9,*,1,Walking,3,School too far away,_missing_,11,10,23,6,45, , , 
71,1-2,3,PSU_RECODED_OTHER,Grade 3,*,1,Walking,2,School too far away,_missing_,1,19,4,2,20, , , 
71,1-2,3,PSU_RECODED_OTHER,Grade 8,*,1,Walking,3,School too far away,_missing_,13,12,4,2,30, , , 
71,1-2,3,PSU_RECODED_OTHER,Grade 8,*,1,Walking,4,School too far away,_missing_,8,7,4,2,30, , , 
71,1-2,4,PSU_RECODED_380,Grade 10,*,1,Walking,5,School too far away,_missing_,9,8,0,1,10, , , 
71,1-2,5,PSU_RECODED_OTHER,Grade 4,*,1,Walking,3,School too far away,_missing_,9,8,18,6,30, , , 
71,1-2,5,PSU_RECODED_OTHER,Grade 4,*,1,Walking,4,School too far away,_missing_,3,2,18,6,30, , , 
71,1-2,5,PSU_RECODED_OTHER,Grade 9,*,1,Walking,3,School too far away,_missing_,3,2,7,5,45, , , 
71,1-2,5,PSU_RECODED_55,Grade 8,*,1,Walking,3,School too far away,_missing_,7,6,1,5,10, , , 
71,1-2,5,PSU_RECODED_55,Grade 8,*,1,Walking,4,School too far away,_missing_,3,2,1,5,10, , , 
71,1-2,6,PSU_RECODED_476,Grade 3,*,1,Walking,3,School too far away,_missing_,10,9,15,5,60, , , 
71,1-2,6,PSU_RECODED_476,Grade 3,*,1,Walking,4,School too far away,_missing_,4,3,15,5,60, , , 
71,1-2,6,PSU_RECODED_476,Grade 7,*,1,Walking,3,School too far away,_missing_,1,19,0,3,5, , , 
71,1-2,6,PSU_RECODED_800,Grade 5,*,1,Walking,4,School too far away,_missing_,11,10,40,5,60, , , 
71,1-2,7,PSU_RECODED_OTHER,Grade 5,*,1,Walking,3,School too far away,_missing_,13,12,10,6,15, , , 
71,1-2,7,PSU_RECODED_391,Grade 4,*,1,Walking,2,School too far away,_missing_,5,4,0,1,15, , , 
71,1-2,8,PSU_RECODED_349,Grade 10,*,1,Walking,3,School too far away,_missing_,2,1,0,1,5, , , 
71,1-2,9,PSU_RECODED_8,Grade 5,*,1,Walking,3,School too far away,_missing_,11,11,1,6,10, , , 
71,1-2,9,PSU_RECODED_833,Grade 1,*,1,Walking,4,School too far away,_missing_,10,9,0,1,5, , , 
71,1-2,9,PSU_RECODED_833,Grade 1,*,1,Walking,5,School too far away,_missing_,6,5,0,1,5, , , 
71,1-2,9,PSU_RECODED_833,Grade 5,*,1,Walking,3,School too far away,_missing_,8,7,0,1,5, , , 
71,1-2,9,PSU_RECODED_833,Grade 5,*,1,Walking,4,School too far away,_missing_,3,2,0,1,5, , , 
71,1-2,9,PSU_RECODED_833,Grade 9,*,1,Walking,4,School too far away,_missing_,11,10,5,3,10, , , 
71,1-2,10,PSU_RECODED_OTHER,Grade 8,*,1,Walking,3,School too far away,_missing_,5,4,4,3,10, , , 
71,1-2,11,PSU_RECODED_759,Grade 3,*,1,Walking,3,School too far away,_missing_,13,12,1,2,10, , , 
71,1-2,11,PSU_RECODED_759,Grade 3,*,1,Walking,4,School too far away,_missing_,3,2,1,3,5, , , 
72,1-2,1,PSU_RECODED_OTHER,Grade 10,*,1,Walking,3,School too far away,_missing_,13,12,2,6,30, , , 
72,1-2,1,PSU_RECODED_OTHER,Grade 10,*,1,Walking,4,School too far away,_missing_,6,5,2,6,30, , , 
72,1-2,2,PSU_RECODED_443,Grade 4,*,1,Walking,3,School too far away,_missing_,9,8,0,1,15, , , 
72,1-2,2,PSU_RECODED_443,Grade 8,*,1,Walking,4,House keeping / Family business,_missing_, , , , , , ,8,2016
72,1-2,1,PSU_RECODED_767,Grade 2,*,1,Walking,4,School too far away,_missing_,5,4,3,3,10, , , 
72,1-2,3,PSU_RECODED_OTHER,Grade 3,*,1,Walking,3,House keeping / Family business,_missing_, , , , , , ,7, 
72,1-2,3,PSU_RECODED_OTHER,Grade 3,*,1,Walking,4,School too far away,_missing_,6,5,2,5,20, , , 
72,1-2,3,PSU_RECODED_OTHER,Grade 7,*,1,Walking,3,School too far away,_missing_,9,8,2,5,15, , , 
72,1-2,1,PSU_RECODED_54,Grade 1,*,1,Walking,6,School too far away,_missing_,11,10,5,1,10, , , 
72,1-2,1,PSU_RECODED_54,Grade 9,*,1,Walking,3,School too far away,_missing_,5,4,4,3,15, , , 
72,1-2,1,PSU_RECODED_54,Grade 9,*,1,Walking,4,School too far away,_missing_,2,1,4,3,15, , , 
72,1-2,3,PSU_RECODED_OTHER,Grade 5,*,1,Walking,3,House keeping / Family business,_missing_, , , , , , ,9,2018
72,1-2,5,PSU_RECODED_239,Grade 5,*,1,Walking,4,School too far away,_missing_,6,5,0,1,5, , , 
72,1-2,4,PSU_RECODED_229,Grade 5,*,1,Walking,3,School too far away,_missing_,4,3,1,1,10, , , 
72,1-2,4,PSU_RECODED_229,Grade 9,*,1,Walking,3,School too far away,_missing_,6,5,5,5,20, , , 
72,1-2,5,PSU_RECODED_579,Grade 3,*,1,Walking,3,School too far away,_missing_,12,11,4,6,40, , , 
72,1-2,5,PSU_RECODED_579,Grade 3,*,1,Walking,4,School too far away,_missing_,6,5,0,1,10, , , 
72,1-2,5,PSU_RECODED_579,Grade 10,*,1,Walking,3,House keeping / Family business,_missing_, , , , , , ,9,2018
72,1-2,5,PSU_RECODED_579,Grade 10,*,1,Walking,4,School too far away,_missing_,11,10,7,9,10, , , 
72,1-2,4,PSU_RECODED_51,Grade 4,*,1,Walking,3,School too far away,_missing_,6,5,0,1,5, , , 
72,1-2,4,PSU_RECODED_51,Grade 4,*,1,Walking,4,School too far away,_missing_,4,3,0,1,5, , , 
72,1-2,4,PSU_RECODED_51,Grade 4,*,1,Walking,5,Financial problems,_missing_, , , , , ,7, , 
72,1-2,6,PSU_RECODED_OTHER,Grade 5,*,1,Walking,3,School too far away,_missing_,12,11,5,2,25, , , 
72,1-2,7,PSU_RECODED_604,Grade 7,*,1,Walking,4,School too far away,_missing_,12,11,3,2,10, , , 
72,1-2,8,PSU_RECODED_264,Grade 9,*,1,Walking,3,School too far away,_missing_,7,6,5,6,40, , , 
72,1-2,8,PSU_RECODED_264,Grade 9,*,1,Walking,4,School too far away,_missing_,5,4,2,6,40, , , 
72,1-2,6,PSU_RECODED_418,Grade 4,*,1,Walking,4,House keeping / Family business,_missing_, , , , , , ,8,2018
72,1-2,6,PSU_RECODED_418,Grade 4,*,1,Walking,7,School too far away,_missing_,1,19,0,1,5, , , 
72,1-2,6,PSU_RECODED_418,Grade 9,*,1,Walking,3,School too far away,_missing_,5,4,10,6,45, , , 
72,1-2,8,PSU_RECODED_803,Grade 4,*,1,Walking,3,School too far away,_missing_,10,9,3,1,3, , , 
72,1-2,8,PSU_RECODED_803,Grade 4,*,1,Walking,4,School too far away,_missing_,6,5,3,1,3, , , 
72,1-2,8,PSU_RECODED_803,Grade 4,*,1,Walking,5,School too far away,_missing_,1,19,3,1,3, , , 
72,1-2,7,PSU_RECODED_96,Grade 7,*,1,Walking,4,House keeping / Family business,_missing_, , , , , , ,8,2018
72,1-2,9,PSU_RECODED_88,Grade 2,*,1,Walking,4,School too far away,_missing_,13,12,0,1,10, , , 
72,1-2,9,PSU_RECODED_88,Grade 2,*,1,Walking,5,School too far away,_missing_,4,3,0,1,10, , , 
72,1-2,9,PSU_RECODED_88,Grade 10,*,1,Walking,3,School too far away,_missing_,5,4,0,1,15, , , 
72,1-2,9,PSU_RECODED_88,Grade 10,*,1,Walking,4,School too far away,_missing_,1,19,0,1,15, , , 
72,1-2,10,PSU_RECODED_78,Grade 5,*,1,Walking,3,School too far away,_missing_,12,11,3,2,25, , , 
72,1-2,10,PSU_RECODED_78,Grade 5,*,1,Walking,4,School too far away,_missing_,7,6,3,2,25, , , 
72,1-2,10,PSU_RECODED_78,Grade 5,*,1,Walking,5,School too far away,_missing_,3,2,12,5,40, , , 
72,1-2,10,PSU_RECODED_78,Grade 9,*,1,Walking,3,School too far away,_missing_,4,3,1,3,10, , , 
72,1-2,10,PSU_RECODED_78,Grade 9,*,1,Walking,4,Financial problems,_missing_, , , , , ,7, , 
72,1-2,9,PSU_RECODED_288,Grade 3,*,1,Walking,4,School too far away,_missing_,10,9,2,3,10, , , 
72,1-2,9,PSU_RECODED_288,Grade 3,*,1,Walking,5,School too far away,_missing_,6,5,2,3,20, , , 
72,1-2,10,PSU_RECODED_OTHER,Grade 5,*,1,Walking,5,Financial problems,_missing_, , , , , ,7, , 
72,1-2,9,PSU_RECODED_OTHER,Grade 7,*,1,Walking,3,House keeping / Family business,_missing_, , , , , , ,6,2016
72,1-2,11,PSU_RECODED_OTHER,Grade 4,*,1,Walking,5,School too far away,_missing_,5,4,1,3,10, , , 
72,1-2,11,PSU_RECODED_OTHER,Grade 4,*,1,Walking,6,Financial problems,_missing_, , , , , ,7, , 
72,1-2,11,PSU_RECODED_OTHER,Grade 8,*,1,Walking,4,School too far away,_missing_,1,19,1,3,10, , , 
72,1-2,12,PSU_RECODED_OTHER,Grade 1,*,1,Walking,3,School too far away,_missing_,8,7,5,2,10, , , 
72,1-2,12,PSU_RECODED_OTHER,Grade 1,*,1,Walking,4,School too far away,_missing_,3,2,1,2,7, , , 
72,1-2,12,PSU_RECODED_OTHER,Grade 8,*,1,Walking,4,School too far away,_missing_,12,11,3,3,10, , , 
72,1-2,12,PSU_RECODED_OTHER,Grade 8,*,1,Walking,5,School too far away,_missing_,8,7,2,3,5, , , 
72,1-2,12,PSU_RECODED_500,Grade 2,*,1,Walking,3,School too far away,_missing_,4,3,2,2,20, , , 
72,1-2,12,PSU_RECODED_500,Grade 6,*,1,Walking,3,School too far away,_missing_,8,7,4,6,20, , , 
72,1-2,12,PSU_RECODED_500,Grade 10,*,1,Walking,2,School too far away,_missing_,10,9,5,6,10, , , 
72,1-2,11,PSU_RECODED_165,Grade 9,*,1,Walking,5,School too far away,_missing_,1,19,0,1,10, , , 
72,1-2,12,PSU_RECODED_182,Grade 4,*,1,Walking,4,House keeping / Family business,_missing_, , , , , , ,6,2017
72,1-2,12,PSU_RECODED_182,Grade 4,*,1,Walking,5,School too far away,_missing_,9,8,6,6,30, , , 
72,1-2,12,PSU_RECODED_182,Grade 4,*,1,Walking,6,School too far away,_missing_,4,3,1,2,15, , , 
72,1-2,12,PSU_RECODED_182,Grade 4,*,1,Walking,7,School too far away,_missing_,4,3,1,2,15, , , 
72,1-2,3,PSU_RECODED_469,Grade 3,*,1,Walking,4,House keeping / Family business,_missing_, , , , , , ,7, 
72,1-2,3,PSU_RECODED_469,Grade 3,*,1,Walking,5,School too far away,_missing_,6,5,1,5,15, , , 
72,1-2,4,PSU_RECODED_OTHER,Grade 8,*,1,Walking,5,House keeping / Family business,_missing_, , , , , , ,9,2016
72,1-2,4,PSU_RECODED_OTHER,Grade 8,*,1,Walking,6,School too far away,_missing_,7,6,8,6,30, , , 
72,1-2,7,PSU_RECODED_735,Grade 5,*,1,Walking,3,School too far away,_missing_,6,5,4,2,40, , , 
72,1-2,7,PSU_RECODED_735,Grade 5,*,1,Walking,4,School too far away,_missing_,1,19,42,4,40, , , 
72,1-2,7,PSU_RECODED_823,Grade 4,*,1,Walking,3,School too far away,_missing_,9,8,5,6,20, , , 
72,1-2,7,PSU_RECODED_823,Grade 4,*,1,Walking,4,School too far away,_missing_,4,3,1,4,5, , , 
72,1-2,7,PSU_RECODED_823,Grade 4,*,1,Walking,5,School too far away,_missing_,1,19,1,4,5, , , 
72,1-2,7,PSU_RECODED_823,Grade 9,*,1,Walking,4,School too far away,_missing_,10,9,4,6,20, , , 
72,1-2,8,PSU_RECODED_7,Grade 5,*,1,Walking,3,School too far away,_missing_,12,11,8,6,20, , , 
72,1-2,9,PSU_RECODED_330,Grade 8,*,1,Walking,5,Financial problems,_missing_, , , , , ,7, , 
72,1-2,10,PSU_RECODED_OTHER,Grade 10,*,1,Walking,3,School too far away,_missing_,9,8,4,6,30, , , 
72,1-2,11,PSU_RECODED_673,Grade 9,*,1,Walking,3,School too far away,_missing_,13,12,0,1,10, , , 
72,1-2,1,PSU_RECODED_151,Grade 3,*,1,Walking,4,School too far away,_missing_,13,12,4,6,15, , , 
72,1-2,1,PSU_RECODED_151,Grade 3,*,1,Walking,5,School too far away,_missing_,10,9,4,6,15, , , 
72,1-2,1,PSU_RECODED_OTHER,Grade 1,*,1,Walking,3,School too far away,_missing_,5,4,0,1,5, , , 
72,1-2,1,PSU_RECODED_OTHER,Grade 6,*,1,Walking,3,School too far away,_missing_,7,6,0,1,15, , , 
72,1-2,1,PSU_RECODED_OTHER,Grade 6,*,1,Walking,4,School too far away,_missing_,3,2,0,1,15, , , 
72,1-2,2,PSU_RECODED_OTHER,Grade 2,*,1,Walking,3,School too far away,_missing_,3,2,4,5,30, , , 
72,1-2,2,PSU_RECODED_OTHER,Grade 10,*,1,Walking,4,School too far away,_missing_,10,9,8,6,20, , , 
72,1-2,3,PSU_RECODED_624,Grade 5,*,1,Walking,3,School too far away,_missing_,9,8,7,6,30, , , 
72,1-2,3,PSU_RECODED_624,Grade 5,*,1,Walking,4,School too far away,_missing_,2,1,3,2,10, , , 
72,1-2,3,PSU_RECODED_OTHER,Grade 2,*,1,Walking,5,School too far away,_missing_,5,4,3,3,25, , , 
72,1-2,4,PSU_RECODED_548,Grade 1,*,1,Walking,4,House keeping / Family business,_missing_, , , , , , ,6,2017
72,1-2,4,PSU_RECODED_548,Grade 5,*,1,Walking,4,School too far away,_missing_,11,10,8,6,30, , , 
72,1-2,6,PSU_RECODED_285,Grade 3,*,1,Walking,5,School too far away,_missing_,10,9,1,1,20, , , 
72,1-2,6,PSU_RECODED_285,Grade 3,*,1,Walking,6,School too far away,_missing_,7,6,1,1,20, , , 
72,1-2,6,PSU_RECODED_285,Grade 7,*,1,Walking,3,School too far away,_missing_,2,1,8,3,15, , , 
72,1-2,6,PSU_RECODED_700,Grade 1,*,1,Walking,2,School too far away,_missing_,13,12,3,6,20, , , 
72,1-2,6,PSU_RECODED_700,Grade 1,*,1,Walking,3,School too far away,_missing_,12,11,3,6,20, , , 
72,1-2,6,PSU_RECODED_700,Grade 1,*,1,Walking,4,School too far away,_missing_,12,11,3,6,20, , , 
72,1-2,6,PSU_RECODED_700,Grade 5,*,1,Walking,3,House keeping / Family business,_missing_, , , , , , ,8,2018
72,1-2,7,PSU_RECODED_OTHER,Grade 4,*,1,Walking,3,School too far away,_missing_,1,19,1,2,15, , , 
72,1-2,8,PSU_RECODED_OTHER,Grade 4,*,1,Walking,4,School too far away,_missing_,12,11,0,1,10, , , 
72,1-2,8,PSU_RECODED_897,Grade 4,*,1,Walking,4,School too far away,_missing_,12,11,4,2,30, , , 
72,1-2,8,PSU_RECODED_897,Grade 8,*,1,Walking,3,School too far away,_missing_,8,7,4,2,30, , , 
72,1-2,8,PSU_RECODED_897,Grade 8,*,1,Walking,4,School too far away,_missing_,3,2,1,2,10, , , 
72,1-2,11,PSU_RECODED_815,Grade 1,*,1,Walking,4,School too far away,_missing_,12,11,14,5,30, , , 
72,1-2,11,PSU_RECODED_815,Grade 1,*,1,Walking,5,School too far away,_missing_,11,10,12,5,30, , , 
72,1-2,11,PSU_RECODED_815,Grade 7,*,1,Walking,5,School too far away,_missing_,4,3,1,3,5, , , 
72,1-2,12,PSU_RECODED_709,Grade 2,*,1,Walking,3,School too far away,_missing_,9,8,0,1,10, , , 
72,1-2,12,PSU_RECODED_709,Grade 2,*,1,Walking,4,School too far away,_missing_,5,4,0,1,10, , , 
72,1-2,12,PSU_RECODED_709,Grade 7,*,1,Walking,3,School too far away,_missing_,12,11,1,9,2, , , 
72,1-2,12,PSU_RECODED_709,Grade 7,*,1,Walking,4,School too far away,_missing_,9,8,1,9,2, , , 
81,1-2,2,PSU_RECODED_OTHER,Grade 9,*,1,Walking,3,School too far away,_missing_,10,9,1,1,20, , , 
81,1-2,2,PSU_RECODED_OTHER,Grade 9,*,1,Walking,4,School too far away,_missing_,4,3,0,1,15, , , 
81,1-2,1,PSU_RECODED_OTHER,Grade 7,*,1,Walking,4,House keeping / Family business,_missing_, , , , , , ,6,2018
81,1-2,1,PSU_RECODED_OTHER,Grade 7,*,1,Walking,5,School too far away,_missing_,6,5,2,3,1, , , 
81,1-2,2,PSU_RECODED_386,Grade 2,*,1,Walking,3,School too far away,_missing_,13,12,10,6,90, , , 
81,1-2,2,PSU_RECODED_386,Grade 8,*,1,Walking,5,School too far away,_missing_,10,9,7,6,20, , , 
81,1-2,1,PSU_RECODED_OTHER,Grade 2,*,1,Walking,4,School too far away,_missing_,13,12,6,6,20, , , 
81,1-2,1,PSU_RECODED_OTHER,Grade 2,*,1,Walking,5,School too far away,_missing_,10,9,6,6,20, , , 
81,1-2,1,PSU_RECODED_OTHER,Grade 6,*,1,Walking,5,School too far away,_missing_,5,4,3,1,45, , , 
81,1-2,1,PSU_RECODED_OTHER,Grade 6,*,1,Walking,6,School too far away,_missing_,1,19,3,1,45, , , 
81,1-2,3,PSU_RECODED_OTHER,Grade 5,*,1,Walking,3,School too far away,_missing_,8,7,7,1,40, , , 
81,1-2,3,PSU_RECODED_OTHER,Grade 10,*,1,Walking,5,School too far away,_missing_,2,1,11,1,60, , , 
81,1-2,2,PSU_RECODED_119,Grade 4,*,1,Walking,5,School too far away,_missing_,12,11,17,6,30, , , 
81,1-2,2,PSU_RECODED_119,Grade 4,*,1,Walking,6,School too far away,_missing_,3,2,2,1,10, , , 
81,1-2,2,PSU_RECODED_119,Grade 8,*,1,Walking,3,School too far away,_missing_,13,12,17,6,35, , , 
81,1-2,3,PSU_RECODED_396,Grade 8,*,1,Walking,3,School too far away,_missing_,8,7,1,6,10, , , 
81,1-2,2,PSU_RECODED_532,Grade 3,*,1,Walking,3,School too far away,_missing_,8,7,2,1,20, , , 
81,1-2,2,PSU_RECODED_532,Grade 3,*,1,Walking,4,School too far away,_missing_,5,4,3,1,35, , , 
81,1-2,2,PSU_RECODED_532,Grade 3,*,1,Walking,5,School too far away,_missing_,11,10,8,6,40, , , 
81,1-2,4,PSU_RECODED_261,Grade 3,*,1,Walking,3,School too far away,_missing_,8,7,1,1,10, , , 
81,1-2,4,PSU_RECODED_261,Grade 3,*,1,Walking,4,School too far away,_missing_,3,2,1,1,10, , , 
81,1-2,4,PSU_RECODED_261,Grade 9,*,1,Walking,2,House keeping / Family business,_missing_, , , , , , ,2,2018
81,1-2,4,PSU_RECODED_261,Grade 9,*,1,Walking,3,School too far away,_missing_,11,10,4,6,30, , , 
81,1-2,3,PSU_RECODED_805,Grade 4,*,1,Walking,3,House keeping / Family business,_missing_, , , , , , ,6,2016
81,1-2,3,PSU_RECODED_805,Grade 4,*,1,Walking,4,School too far away,_missing_,10,9,1,1,20, , , 
81,1-2,4,PSU_RECODED_256,Grade 1,*,1,Walking,3,School too far away,_missing_,11,10,8,6,15, , , 
81,1-2,4,PSU_RECODED_256,Grade 5,*,1,Walking,3,School too far away,_missing_,10,9,8,6,15, , , 
81,1-2,4,PSU_RECODED_256,Grade 9,*,1,Walking,4,House keeping / Family business,_missing_, , , , , , ,8,2018
81,1-2,4,PSU_RECODED_734,Grade 4,*,1,Walking,3,School too far away,_missing_,6,5,6,2,15, , , 
81,1-2,4,PSU_RECODED_734,Grade 4,*,1,Walking,4,School too far away,_missing_,1,19,1,1,15, , , 
81,1-2,5,PSU_RECODED_905,Grade 2,*,1,Walking,3,School too far away,_missing_,6,5,1,3,5, , , 
81,1-2,5,PSU_RECODED_905,Grade 6,*,1,Walking,2,House keeping / Family business,_missing_, , , , , , ,6,2012
81,1-2,5,PSU_RECODED_905,Grade 6,*,1,Walking,3,School too far away,_missing_,6,5,0,1,10, , , 
81,1-2,5,PSU_RECODED_905,Grade 9,*,1,Walking,2,Financial problems,_missing_, , , , , ,7, , 
81,1-2,4,PSU_RECODED_OTHER,Grade 5,*,1,Walking,4,School too far away,_missing_,13,12,20,6,45, , , 
81,1-2,4,PSU_RECODED_OTHER,Grade 5,*,1,Walking,5,School too far away,_missing_,11,10,10,6,30, , , 
81,1-2,6,PSU_RECODED_53,Grade 10,*,1,Walking,5,House keeping / Family business,_missing_, , , , , , ,6,2018
81,1-2,6,PSU_RECODED_867,Grade 1,*,1,Walking,4,School too far away,_missing_,12,11,4,2,30, , , 
81,1-2,6,PSU_RECODED_867,Grade 1,*,1,Walking,5,School too far away,_missing_,10,9,4,2,30, , , 
81,1-2,6,PSU_RECODED_867,Grade 6,*,1,Walking,3,School too far away,_missing_,13,12,4,6,30, , , 
81,1-2,6,PSU_RECODED_867,Grade 6,*,1,Walking,4,School too far away,_missing_,12,11,4,6,30, , , 
81,1-2,6,PSU_RECODED_867,Grade 6,*,1,Walking,5,School too far away,_missing_,10,9,4,6,30, , , 
81,1-2,5,PSU_RECODED_500,Grade 3,*,1,Walking,4,School too far away,_missing_,13,12,2,1,30, , , 
81,1-2,5,PSU_RECODED_500,Grade 3,*,1,Walking,5,School too far away,_missing_,10,9,2,1,30, , , 
81,1-2,7,PSU_RECODED_506,Grade 6,*,1,Walking,3,School too far away,_missing_,8,7,3,2,25, , , 
81,1-2,7,PSU_RECODED_506,Grade 6,*,1,Walking,4,School too far away,_missing_,4,3,1,1,5, , , 
81,1,6,PSU_RECODED_854,Grade 4,*,1,Walking,5,School too far away,_missing_,4,3,1,4,10, , , 
81,1,6,PSU_RECODED_854,Grade 4,*,1,Walking,6,School too far away,_missing_,2,1,1,4,10, , , 
81,1,6,PSU_RECODED_854,Grade 4,*,1,Walking,7,Financial problems,_missing_, , , , , ,7, , 
81,1-2,7,PSU_RECODED_OTHER,Grade 1,*,1,Walking,3,School too far away,_missing_,13,12,3,6,30, , , 
81,1-2,6,PSU_RECODED_280,Grade 10,*,1,Walking,6,School too far away,_missing_,5,4,2,1,25, , , 
81,1-2,8,PSU_RECODED_593,Grade 5,*,1,Walking,3,School too far away,_missing_,12,11,0,1,20, , , 
81,1-2,8,PSU_RECODED_593,Grade 5,*,1,Walking,4,School too far away,_missing_,10,9,0,1,20, , , 
81,1-2,8,PSU_RECODED_593,Grade 5,*,1,Walking,5,School too far away,_missing_,8,7,0,1,20, , , 
81,1-2,8,PSU_RECODED_593,Grade 5,*,1,Walking,6,School too far away,_missing_,4,3,0,1,20, , , 
81,1-2,7,PSU_RECODED_714,Grade 3,*,1,Walking,4,House keeping / Family business,_missing_, , , , , , ,2,2016
81,1-2,7,PSU_RECODED_714,Grade 3,*,1,Walking,5,School too far away,_missing_,9,8,0,1,10, , , 
81,1-2,7,PSU_RECODED_714,Grade 3,*,1,Walking,6,School too far away,_missing_,6,5,0,1,10, , , 
81,1-2,7,PSU_RECODED_714,Grade 7,*,2,Walking,3,School too far away,_missing_,3,2,0,5,1, , , 
81,1-2,7,PSU_RECODED_714,Grade 7,*,2,Walking,4,Financial problems,_missing_, , , , , ,7, , 
81,1-2,8,PSU_RECODED_OTHER,Grade 5,*,1,Walking,3,School too far away,_missing_,9,8,4,6,20, , , 
81,1-2,8,PSU_RECODED_OTHER,Grade 5,*,1,Walking,4,School too far away,_missing_,6,5,4,6,20, , , 
81,1-2,9,PSU_RECODED_OTHER,Grade 7,*,1,Walking,3,House keeping / Family business,_missing_, , , , , , ,7,2019
81,1-2,8,PSU_RECODED_OTHER,Grade 7,*,1,Walking,3,School too far away,_missing_,6,5,0,1,10, , , 
81,1-2,10,PSU_RECODED_727,Grade 1,*,1,Walking,3,School too far away,_missing_,12,11,13,6,45, , , 
81,1-2,10,PSU_RECODED_727,Grade 1,*,1,Walking,4,School too far away,_missing_,6,5,4,6,10, , , 
81,1-2,10,PSU_RECODED_727,Grade 1,*,1,Walking,5,School too far away,_missing_,2,1,4,6,10, , , 
81,1-2,10,PSU_RECODED_727,Grade 6,*,1,Walking,3,School too far away,_missing_,11,10,3,6,10, , , 
81,1-2,10,PSU_RECODED_727,Grade 6,*,1,Walking,4,School too far away,_missing_,7,6,3,6,10, , , 
81,1-2,10,PSU_RECODED_727,Grade 6,*,1,Walking,5,Financial problems,_missing_, , , , , ,7, , 
81,1-2,9,PSU_RECODED_OTHER,Grade 1,*,1,Walking,3,School too far away,_missing_,13,12,84,6,150, , , 
81,1-2,10,PSU_RECODED_736,Grade 4,*,1,Walking,4,School too far away,_missing_,11,10,1,1,20, , , 
81,1-2,9,PSU_RECODED_OTHER,Grade 4,*,1,Walking,4,School too far away,_missing_,11,10,3,6,35, , , 
81,1-2,9,PSU_RECODED_OTHER,Grade 9,*,1,Walking,3,School too far away,_missing_,6,5,0,6,10, , , 
81,1-2,11,PSU_RECODED_OTHER,Grade 4,*,1,Walking,4,House keeping / Family business,_missing_, , , , , , ,7,2019
81,1-2,11,PSU_RECODED_OTHER,Grade 4,*,1,Walking,5,School too far away,_missing_,10,9,16,5,11, , , 
81,1-2,10,PSU_RECODED_OTHER,Grade 9,*,1,Walking,3,School too far away,_missing_,13,12,1,1,15, , , 
81,1,11,PSU_RECODED_OTHER,Grade 8,*,1,Walking,4,House keeping / Family business,_missing_, , , , , , ,3,2018
81,1,11,PSU_RECODED_OTHER,Grade 8,*,1,Walking,5,School too far away,_missing_,9,8,0,1,10, , , 
81,1-2,10,PSU_RECODED_526,Grade 9,*,1,Walking,5,House keeping / Family business,_missing_, , , , , , ,6,2017
81,1,12,PSU_RECODED_521,Grade 3,*,1,Walking,3,School too far away,_missing_,10,9,3,6,20, , , 
81,1,12,PSU_RECODED_521,Grade 3,*,1,Walking,4,School too far away,_missing_,7,6,3,6,20, , , 
81,1,12,PSU_RECODED_521,Grade 9,*,1,Walking,3,School too far away,_missing_,8,7,2,4,10, , , 
81,1,12,PSU_RECODED_521,Grade 9,*,1,Walking,4,School too far away,_missing_,5,4,2,4,10, , , 
81,1-2,11,PSU_RECODED_OTHER,Grade 3,*,1,Walking,3,House keeping / Family business,_missing_, , , , , , ,6,2016
81,1-2,11,PSU_RECODED_OTHER,Grade 3,*,1,Walking,4,School too far away,_missing_,9,8,1,1,20, , , 
81,1-2,12,PSU_RECODED_OTHER,Grade 2,*,1,Walking,3,School too far away,_missing_,10,9,4,5,10, , , 
81,1-2,12,PSU_RECODED_OTHER,Grade 2,*,1,Walking,4,School too far away,_missing_,6,5,4,5,10, , , 
81,1-2,12,PSU_RECODED_OTHER,Grade 3,*,1,Walking,6,School too far away,_missing_,4,3,3,2,50, , , 
81,1-2,12,PSU_RECODED_OTHER,Grade 3,*,1,Walking,3,School too far away,_missing_,9,8,2,1,30, , , 
81,1-2,12,PSU_RECODED_OTHER,Grade 8,*,1,Walking,3,School too far away,_missing_,11,10,3,1,30, , , 
81,1-2,12,PSU_RECODED_OTHER,Grade 8,*,1,Walking,4,School too far away,_missing_,9,8,3,1,30, , , 
81,1-2,1,PSU_RECODED_201,Grade 4,*,1,Walking,2,School too far away,_missing_,6,5,1,1,15, , , 
81,1-2,1,PSU_RECODED_201,Grade 4,*,1,Walking,3,School too far away,_missing_,1,19,1,1,15, , , 
81,1-2,1,PSU_RECODED_201,Grade 9,*,1,Walking,3,School too far away,_missing_,3,2,1,5,5, , , 
81,1-2,2,PSU_RECODED_758,Grade 7,*,1,Walking,3,School too far away,_missing_,8,7,5,5,30, , , 
81,1-2,3,PSU_RECODED_OTHER,Grade 8,*,1,Walking,4,School too far away,_missing_,9,8,1,6,10, , , 
81,1-2,3,PSU_RECODED_235,Grade 3,*,1,Walking,3,School too far away,_missing_,13,12,2,1,20, , , 
81,1-2,3,PSU_RECODED_235,Grade 3,*,1,Walking,4,School too far away,_missing_,11,10,2,1,20, , , 
81,1-2,3,PSU_RECODED_235,Grade 7,*,1,Walking,3,School too far away,_missing_,13,12,3,1,30, , , 
81,1-2,3,PSU_RECODED_235,Grade 7,*,1,Walking,4,School too far away,_missing_,10,9,3,1,30, , , 
81,1-2,4,PSU_RECODED_OTHER,Grade 3,*,1,Walking,6,Financial problems,_missing_, , , , , ,5, , 
81,1-2,4,PSU_RECODED_OTHER,Grade 7,*,1,Walking,3,School too far away,_missing_,13,12,10,6,15, , , 
81,1-2,4,PSU_RECODED_4,Grade 2,*,1,Walking,5,School too far away,_missing_,5,4,1,1,5, , , 
81,1-2,4,PSU_RECODED_4,Grade 10,*,1,Walking,2,School too far away,_missing_,11,10,5,6,20, , , 
81,1-2,4,PSU_RECODED_4,Grade 10,*,1,Walking,3,School too far away,_missing_,5,4,1,1,10, , , 
81,1-2,4,PSU_RECODED_4,Grade 10,*,1,Walking,4,School too far away,_missing_,4,3,1,1,10, , , 
81,1-2,5,PSU_RECODED_666,Grade 9,*,1,Walking,3,School too far away,_missing_,10,9,1,1,25, , , 
81,1-2,5,PSU_RECODED_666,Grade 9,*,1,Walking,4,School too far away,_missing_,6,5,1,1,25, , , 
81,1-2,7,PSU_RECODED_442,Grade 2,*,1,Walking,3,School too far away,_missing_,13,12,7,6,30, , , 
81,1-2,7,PSU_RECODED_442,Grade 2,*,1,Walking,4,School too far away,_missing_,11,10,0,1,5, , , 
81,1-2,8,PSU_RECODED_29,Grade 3,*,1,Walking,4,School too far away,_missing_,2,1,1,1,7, , , 
81,1-2,8,PSU_RECODED_29,Grade 3,*,1,Walking,5,Financial problems,_missing_, , , , , ,7, , 
81,1-2,8,PSU_RECODED_29,Grade 8,*,1,Walking,5,School too far away,_missing_,11,10,1,1,15, , , 
81,1,8,PSU_RECODED_109,Grade 3,*,1,Walking,3,School too far away,_missing_,12,11,3,5,30, , , 
81,1,8,PSU_RECODED_109,Grade 3,*,1,Walking,4,School too far away,_missing_,6,5,3,5,30, , , 
81,1,8,PSU_RECODED_109,Grade 7,*,1,Walking,3,School too far away,_missing_,11,10,3,6,30, , , 
81,1,9,PSU_RECODED_610,Grade 5,*,1,Walking,4,House keeping / Family business,_missing_, , , , , , ,8,2019
81,1-2,9,PSU_RECODED_727,Grade 3,*,1,Walking,3,School too far away,_missing_,10,9,4,6,30, , , 
81,1-2,9,PSU_RECODED_727,Grade 9,*,1,Walking,3,School too far away,_missing_,10,9,2,1,30, , , 
81,1-2,9,PSU_RECODED_727,Grade 9,*,1,Walking,4,School too far away,_missing_,9,8,2,1,30, , , 
81,1-2,9,PSU_RECODED_727,Grade 9,*,1,Walking,5,School too far away,_missing_,5,4,10,6,45, , , 
81,1-2,10,PSU_RECODED_805,Grade 6,*,1,Walking,4,School too far away,_missing_,11,10,2,6,10, , , 
81,1-2,11,PSU_RECODED_75,Grade 3,*,1,Walking,3,School too far away,_missing_,6,5,2,5,30, , , 
81,1-2,11,PSU_RECODED_75,Grade 3,*,1,Walking,4,School too far away,_missing_,1,19,2,5,30, , , 
81,1-2,1,PSU_RECODED_838,Grade 4,*,1,Walking,3,School too far away,_missing_,13,12,2,1,30, , , 
81,1-2,1,PSU_RECODED_838,Grade 4,*,1,Walking,4,School too far away,_missing_,11,10,2,1,30, , , 
81,1-2,1,PSU_RECODED_838,Grade 4,*,1,Walking,5,School too far away,_missing_,3,2,2,1,30, , , 
81,1-2,1,PSU_RECODED_838,Grade 9,*,1,Walking,3,House keeping / Family business,_missing_, , , , , , ,9,2017
81,1-2,1,PSU_RECODED_838,Grade 9,*,1,Walking,4,School too far away,_missing_,10,9,2,6,30, , , 
81,1-2,1,PSU_RECODED_838,Grade 9,*,1,Walking,5,School too far away,_missing_,3,2,1,1,10, , , 
81,1-2,11,PSU_RECODED_146,Grade 4,*,1,Walking,3,School too far away,_missing_,6,5,1,1,15, , , 
81,1-2,11,PSU_RECODED_146,Grade 4,*,1,Walking,4,School too far away,_missing_,4,3,1,1,15, , , 
81,1-2,2,PSU_RECODED_OTHER,Grade 1,*,1,Walking,5,School too far away,_missing_,1,19,1,1,20, , , 
81,1,3,PSU_RECODED_OTHER,Grade 3,*,1,Walking,3,School too far away,_missing_,11,10,0,1,10, , , 
81,1,3,PSU_RECODED_OTHER,Grade 3,*,1,Walking,4,School too far away,_missing_,5,4,0,1,10, , , 
81,1-2,3,PSU_RECODED_42,Grade 5,*,1,Walking,3,School too far away,_missing_,2,1,4,5,15, , , 
81,1-2,4,PSU_RECODED_OTHER,Grade 5,*,1,Walking,4,School too far away,_missing_,8,7,2,5,20, , , 
81,1-2,4,PSU_RECODED_OTHER,Grade 5,*,1,Walking,5,School too far away,_missing_,2,1,2,5,20, , , 
81,1-2,5,PSU_RECODED_41,Grade 3,*,1,Walking,3,House keeping / Family business,_missing_, , , , , , ,8,2018
81,1-2,5,PSU_RECODED_41,Grade 8,*,1,Walking,3,School too far away,_missing_,10,9,2,1,20, , , 
81,1-2,5,PSU_RECODED_41,Grade 8,*,1,Walking,4,School too far away,_missing_,7,6,2,1,20, , , 
81,1-2,6,PSU_RECODED_34,Grade 10,*,1,Walking,2,School too far away,_missing_,4,3,1,1,20, , , 
81,1-2,6,PSU_RECODED_17,Grade 4,*,1,Walking,2,School too far away,_missing_,12,11,2,6,10, , , 
81,1-2,6,PSU_RECODED_17,Grade 4,*,1,Walking,3,School too far away,_missing_,11,10,2,6,10, , , 
81,1-2,7,PSU_RECODED_OTHER,Grade 7,*,1,Walking,2,School too far away,_missing_,7,6,4,3,15, , , 
81,1-2,7,PSU_RECODED_OTHER,Grade 7,*,1,Walking,3,School too far away,_missing_,2,1,4,3,15, , , 
81,1-2,7,PSU_RECODED_OTHER,Grade 3,*,1,Walking,3,School too far away,_missing_,11,10,2,6,10, , , 
81,1-2,7,PSU_RECODED_OTHER,Grade 3,*,1,Walking,4,School too far away,_missing_,7,6,11,6,40, , , 
81,1-2,8,PSU_RECODED_378,Grade 2,*,1,Walking,2,School too far away,_missing_,4,3,3,6,10, , , 
81,1-2,9,PSU_RECODED_588,Grade 8,*,1,Walking,4,School too far away,_missing_,13,12,4,3,15, , , 
81,1-2,9,PSU_RECODED_588,Grade 8,*,1,Walking,5,School too far away,_missing_,10,9,4,3,15, , , 
81,1-2,9,PSU_RECODED_OTHER,Grade 2,*,1,Walking,4,School too far away,_missing_,3,2,2,1,30, , , 
81,1-2,10,PSU_RECODED_OTHER,Grade 7,*,1,Walking,3,House keeping / Family business,_missing_, , , , , , ,6,2019
81,1-2,10,PSU_RECODED_OTHER,Grade 7,*,1,Walking,4,School too far away,_missing_,4,3,7,1,55, , , 
81,1-2,10,PSU_RECODED_OTHER,Grade 2,*,1,Walking,4,School too far away,_missing_,4,3,1,1,20, , , 
81,1-2,10,PSU_RECODED_OTHER,Grade 2,*,1,Walking,5,School too far away,_missing_,2,1,1,1,20, , , 
81,1-2,10,PSU_RECODED_OTHER,Grade 6,*,1,Walking,5,School too far away,_missing_,5,4,2,1,20, , , 
81,1-2,10,PSU_RECODED_OTHER,Grade 10,*,1,Walking,4,School too far away,_missing_,10,9,2,1,20, , , 
81,1-2,11,PSU_RECODED_342,Grade 2,*,1,Walking,4,School too far away,_missing_,11,10,1,1,20, , , 
81,1-2,11,PSU_RECODED_342,Grade 2,*,1,Walking,5,School too far away,_missing_,8,7,1,1,20, , , 
81,1-2,11,PSU_RECODED_342,Grade 6,*,1,Walking,4,House keeping / Family business,_missing_, , , , , , ,6,2018
81,1-2,11,PSU_RECODED_27,Grade 4,*,1,Walking,3,School too far away,_missing_,8,7,3,3,15, , , 
81,1-2,11,PSU_RECODED_27,Grade 4,*,1,Walking,4,School too far away,_missing_,6,5,3,3,15, , , 
81,1-2,11,PSU_RECODED_27,Grade 10,*,1,Walking,4,School too far away,_missing_,12,11,3,6,30, , , 
81,1-2,11,PSU_RECODED_27,Grade 10,*,1,Walking,5,School too far away,_missing_,5,4,0,1,15, , , 
81,1-2,12,PSU_RECODED_825,Grade 5,*,1,Walking,2,School too far away,_missing_,1,19,11,6,20, , , 
81,1-2,12,PSU_RECODED_825,Grade 9,*,1,Walking,4,School too far away,_missing_,11,10,5,6,30, , , 
81,1-2,12,PSU_RECODED_825,Grade 9,*,1,Walking,5,School too far away,_missing_,8,7,5,6,30, , , 
82,1-2,1,PSU_RECODED_OTHER,Grade 10,*,1,Walking,3,House keeping / Family business,_missing_, , , , , , ,8,2018
82,1-2,1,PSU_RECODED_646,Grade 3,*,1,Walking,3,School too far away,_missing_,6,5,1,6,20, , , 
82,1-2,2,PSU_RECODED_OTHER,Grade 1,*,1,Walking,4,House keeping / Family business,_missing_, , , , , , ,7, 
82,1-2,2,PSU_RECODED_OTHER,Grade 1,*,1,Walking,5,School too far away,_missing_,7,6,0,1,10, , , 
82,1-2,2,PSU_RECODED_OTHER,Grade 1,*,1,Walking,6,Financial problems,_missing_, , , , , ,7, , 
82,1-2,1,PSU_RECODED_168,Grade 4,*,1,Walking,4,House keeping / Family business,_missing_, , , , , , ,6,2016
82,1-2,1,PSU_RECODED_168,Grade 8,*,1,Walking,3,School too far away,_missing_,13,12,3,3,10, , , 
82,1-2,1,PSU_RECODED_168,Grade 8,*,1,Walking,4,School too far away,_missing_,9,8,3,3,10, , , 
82,1-2,1,PSU_RECODED_168,Grade 8,*,1,Walking,5,Financial problems,_missing_, , , , , ,4, , 
82,1-2,2,PSU_RECODED_610,Grade 5,*,1,Walking,3,House keeping / Family business,_missing_, , , , , , ,8,2017
82,1-2,2,PSU_RECODED_610,Grade 5,*,1,Walking,4,House keeping / Family business,_missing_, , , , , , ,8,2017
82,1-2,4,PSU_RECODED_268,Grade 4,*,1,Walking,2,House keeping / Family business,_missing_, , , , , , ,99,2016
82,1-2,4,PSU_RECODED_268,Grade 4,*,1,Walking,3,School too far away,_missing_,11,10,3,1,45, , , 
82,1-2,4,PSU_RECODED_268,Grade 4,*,1,Walking,4,School too far away,_missing_,5,4,3,2,20, , , 
82,1-2,4,PSU_RECODED_268,Grade 4,*,1,Walking,5,School too far away,_missing_,1,19,3,3,10, , , 
82,1-2,3,PSU_RECODED_749,Grade 2,*,1,Walking,3,School too far away,_missing_,10,9,1,2,10, , , 
82,1-2,3,PSU_RECODED_749,Grade 2,*,1,Walking,4,School too far away,_missing_,6,5,1,2,10, , , 
82,1-2,3,PSU_RECODED_749,Grade 6,*,1,Walking,4,School too far away,_missing_,11,10,4,6,30, , , 
82,1-2,4,PSU_RECODED_OTHER,Grade 5,*,1,Walking,3,School too far away,_missing_,11,10,3,6,30, , , 
82,1-2,3,PSU_RECODED_455,Grade 5,*,1,Walking,4,School too far away,_missing_,10,9,3,3,10, , , 
82,1-2,3,PSU_RECODED_455,Grade 5,*,1,Walking,5,School too far away,_missing_,6,5,3,3,10, , , 
82,1-2,3,PSU_RECODED_455,Grade 9,*,1,Walking,2,School too far away,_missing_,2,1,2,3,8, , , 
82,1-2,5,PSU_RECODED_OTHER,Grade 3,*,1,Walking,4,School too far away,_missing_,4,3,0,1,20, , , 
82,1-2,5,PSU_RECODED_OTHER,Grade 8,*,1,Walking,3,School too far away,_missing_,5,4,2,1,25, , , 
82,1-2,5,PSU_RECODED_OTHER,Grade 8,*,1,Walking,4,School too far away,_missing_,2,1,2,1,25, , , 
82,1-2,4,PSU_RECODED_685,Grade 4,*,1,Walking,3,School too far away,_missing_,8,7,1,2,20, , , 
82,1-2,4,PSU_RECODED_685,Grade 4,*,1,Walking,4,School too far away,_missing_,2,1,1,5,20, , , 
82,1-2,4,PSU_RECODED_685,Grade 9,*,1,Walking,3,School too far away,_missing_,8,7,4,5,30, , , 
82,1-2,4,PSU_RECODED_685,Grade 9,*,1,Walking,4,School too far away,_missing_,4,3,4,5,30, , , 
82,1-2,6,PSU_RECODED_401,Grade 3,*,1,Walking,3,School too far away,_missing_,11,10,6,5,20, , , 
82,1-2,6,PSU_RECODED_401,Grade 3,*,1,Walking,4,School too far away,_missing_,5,4,6,5,20, , , 
82,1-2,5,PSU_RECODED_476,Grade 4,*,1,Walking,4,School too far away,_missing_,11,10,12,6,35, , , 
82,1-2,5,PSU_RECODED_476,Grade 8,*,1,Walking,5,School too far away,_missing_,7,6,12,6,35, , , 
82,1-2,6,PSU_RECODED_702,Grade 7,*,1,Walking,3,House keeping / Family business,_missing_, , , , , , ,6,2016
82,1-2,5,PSU_RECODED_634,Grade 1,*,1,Walking,5,House keeping / Family business,_missing_, , , , , , ,99,2019
82,1-2,7,PSU_RECODED_OTHER,Grade 3,*,1,Walking,3,School too far away,_missing_,5,4,0,5,10, , , 
82,1-2,6,PSU_RECODED_OTHER,Grade 4,*,1,Walking,3,School too far away,_missing_,12,11,1,5,10, , , 
82,1-2,6,PSU_RECODED_OTHER,Grade 9,*,1,Walking,4,School too far away,_missing_,11,10,2,3,25, , , 
82,1-2,8,PSU_RECODED_130,Grade 4,*,1,Walking,3,School too far away,_missing_,6,5,10,6,25, , , 
82,1-2,8,PSU_RECODED_130,Grade 4,*,1,Walking,4,School too far away,_missing_,1,19,10,6,25, , , 
82,1-2,8,PSU_RECODED_130,Grade 10,*,1,Walking,3,School too far away,_missing_,6,5,3,3,15, , , 
82,1-2,8,PSU_RECODED_130,Grade 10,*,1,Walking,4,School too far away,_missing_,2,1,3,3,15, , , 
82,1-2,7,PSU_RECODED_822,Grade 8,*,1,Walking,3,House keeping / Family business,_missing_, , , , , , ,7, 
82,1-2,7,PSU_RECODED_822,Grade 8,*,1,Walking,4,Financial problems,_missing_, , , , , ,7, , 
82,1-2,8,PSU_RECODED_363,Grade 9,*,1,Walking,5,School too far away,_missing_,4,3,0,1,15, , , 
82,1-2,7,PSU_RECODED_OTHER,Grade 9,*,1,Walking,4,School too far away,_missing_,10,9,2,6,20, , , 
82,1-2,7,PSU_RECODED_OTHER,Grade 9,*,1,Walking,5,School too far away,_missing_,5,4,2,6,20, , , 
82,1-2,9,PSU_RECODED_819,Grade 5,*,1,Walking,4,School too far away,_missing_,8,7,1,1,15, , , 
82,1-2,9,PSU_RECODED_819,Grade 5,*,1,Walking,5,School too far away,_missing_,3,2,1,1,15, , , 
82,1-2,10,PSU_RECODED_693,Grade 5,*,1,Walking,3,School too far away,_missing_,7,6,4,6,50, , , 
82,1-2,10,PSU_RECODED_693,Grade 5,*,1,Walking,5,School too far away,_missing_,2,1,4,6,50, , , 
82,1-2,9,PSU_RECODED_292,Grade 7,*,1,Walking,3,School too far away,_missing_,13,12,6,5,20, , , 
82,1-2,9,PSU_RECODED_292,Grade 7,*,1,Walking,4,School too far away,_missing_,9,8,1,1,5, , , 
82,1-2,9,PSU_RECODED_292,Grade 7,*,1,Walking,5,School too far away,_missing_,1,19,1,1,5, , , 
82,1-2,12,PSU_RECODED_371,Grade 5,*,1,Walking,3,School too far away,_missing_,8,7,0,1,10, , , 
82,1-2,12,PSU_RECODED_371,Grade 5,*,1,Walking,4,School too far away,_missing_,2,1,0,1,10, , , 
82,1-2,11,PSU_RECODED_794,Grade 5,*,1,Walking,3,School too far away,_missing_,8,7,4,6,20, , , 
82,1-2,11,PSU_RECODED_794,Grade 5,*,1,Walking,4,School too far away,_missing_,6,5,4,6,20, , , 
82,1-2,11,PSU_RECODED_794,Grade 5,*,1,Walking,5,School too far away,_missing_,3,2,4,6,20, , , 
82,1-2,12,PSU_RECODED_29,Grade 1,*,1,Walking,3,School too far away,_missing_,12,11,0,1,3, , , 
82,1-2,12,PSU_RECODED_29,Grade 1,*,1,Walking,4,School too far away,_missing_,6,5,0,1,3, , , 
82,1-2,12,PSU_RECODED_29,Grade 1,*,1,Walking,5,School too far away,_missing_,2,1,0,1,3, , , 
82,1-2,11,PSU_RECODED_149,Grade 3,*,1,Walking,3,School too far away,_missing_,7,6,3,5,15, , , 
82,1-2,11,PSU_RECODED_149,Grade 7,*,1,Walking,3,School too far away,_missing_,8,7,3,2,15, , , 
82,1-2,11,PSU_RECODED_149,Grade 7,*,1,Walking,4,School too far away,_missing_,1,19,3,5,10, , , 
82,1-2,1,PSU_RECODED_779,Grade 10,*,1,Walking,3,School too far away,_missing_,6,5,0,1,1, , , 
82,1-2,2,PSU_RECODED_296,Grade 1,*,1,Walking,3,School too far away,_missing_,4,3,8,3,20, , , 
82,1-2,2,PSU_RECODED_296,Grade 6,*,1,Walking,3,House keeping / Family business,_missing_, , , , , , ,7, 
82,1-2,2,PSU_RECODED_296,Grade 6,*,1,Walking,4,School too far away,_missing_,7,6,8,6,35, , , 
82,1-2,2,PSU_RECODED_296,Grade 10,*,1,Walking,3,School too far away,_missing_,4,3,6,3,20, , , 
82,1-2,3,PSU_RECODED_OTHER,Grade 9,*,1,Walking,3,School too far away,_missing_,1,19,3,1,30, , , 
82,1-2,4,PSU_RECODED_512,Grade 3,*,1,Walking,3,School too far away,_missing_,8,7,4,6,4, , , 
82,1-2,4,PSU_RECODED_512,Grade 3,*,1,Walking,4,School too far away,_missing_,7,6,4,6,4, , , 
82,1-2,4,PSU_RECODED_512,Grade 8,*,1,Walking,3,School too far away,_missing_,6,5,2,2,10, , , 
82,1-2,4,PSU_RECODED_512,Grade 8,*,1,Walking,4,School too far away,_missing_,4,3,2,2,10, , , 
82,1-2,4,PSU_RECODED_676,Grade 6,*,1,Walking,3,School too far away,_missing_,1,19,2,9,5, , , 
82,1-2,5,PSU_RECODED_113,Grade 4,*,1,Walking,4,School too far away,_missing_,13,12,1,5,5, , , 
82,1-2,5,PSU_RECODED_113,Grade 4,*,1,Walking,5,School too far away,_missing_,10,9,1,5,5, , , 
82,1-2,5,PSU_RECODED_113,Grade 4,*,1,Walking,7,School too far away,_missing_,1,19,1,5,5, , , 
82,1-2,6,PSU_RECODED_OTHER,Grade 2,*,1,Walking,3,School too far away,_missing_,10,9,3,2,15, , , 
82,1-2,6,PSU_RECODED_OTHER,Grade 2,*,1,Walking,4,House keeping / Family business,_missing_, , , , , , ,6,2017
82,1-2,6,PSU_RECODED_807,Grade 1,*,1,Walking,3,School too far away,_missing_,6,5,3,3,20, , , 
82,1-2,6,PSU_RECODED_807,Grade 1,*,1,Walking,4,School too far away,_missing_,2,1,3,3,20, , , 
82,1-2,6,PSU_RECODED_807,Grade 6,*,1,Walking,5,School too far away,_missing_,3,2,2,3,15, , , 
82,1-2,6,PSU_RECODED_807,Grade 6,*,1,Walking,6,School too far away,_missing_,1,19,2,3,15, , , 
82,1-2,6,PSU_RECODED_807,Grade 10,*,1,Walking,3,School too far away,_missing_,10,9,2,6,20, , , 
82,1-2,6,PSU_RECODED_807,Grade 10,*,1,Walking,4,School too far away,_missing_,6,5,2,6,20, , , 
82,1-2,6,PSU_RECODED_807,Grade 10,*,1,Walking,5,School too far away,_missing_,3,2,2,2,15, , , 
82,1-2,7,PSU_RECODED_OTHER,Grade 4,*,1,Walking,4,School too far away,_missing_,2,1,2,1,30, , , 
82,1-2,8,PSU_RECODED_227,Grade 2,*,1,Walking,3,School too far away,_missing_,11,10,2,1,30, , , 
82,1-2,8,PSU_RECODED_227,Grade 2,*,1,Walking,4,School too far away,_missing_,2,1,2,1,30, , , 
82,1-2,8,PSU_RECODED_227,Grade 6,*,1,Walking,4,School too far away,_missing_,10,9,3,1,60, , , 
82,1-2,8,PSU_RECODED_OTHER,Grade 10,*,1,Walking,3,School too far away,_missing_,6,5,1,1,15, , , 
82,1-2,9,PSU_RECODED_98,Grade 7,*,1,Walking,3,School too far away,_missing_,8,7,2,6,10, , , 
82,1-2,9,PSU_RECODED_98,Grade 7,*,1,Walking,4,School too far away,_missing_,6,5,2,6,10, , , 
82,1-2,10,PSU_RECODED_55,Grade 7,*,1,Walking,2,School too far away,_missing_,6,5,5,6,40, , , 
82,1-2,12,PSU_RECODED_623,Grade 9,*,1,Walking,4,School too far away,_missing_,5,5,4,2,3, , , 
82,1-2,12,PSU_RECODED_664,Grade 4,*,1,Walking,3,School too far away,_missing_,3,2,1,1,20, , , 
82,1-2,12,PSU_RECODED_664,Grade 10,*,1,Walking,5,School too far away,_missing_,4,3,12,6,60, , , 
82,1-2,1,PSU_RECODED_758,Grade 9,*,1,Walking,3,School too far away,_missing_,5,4,2,2,20, , , 
82,1-2,1,PSU_RECODED_758,Grade 9,*,1,Walking,4,Financial problems,_missing_, , , , , ,9, , 
82,1-2,2,PSU_RECODED_OTHER,Grade 3,*,1,Walking,3,School too far away,_missing_,12,11,3,3,10, , , 
82,1-2,2,PSU_RECODED_OTHER,Grade 3,*,1,Walking,4,School too far away,_missing_,6,5,3,3,10, , , 
82,1-2,3,PSU_RECODED_69,Grade 1,*,1,Walking,4,School too far away,_missing_,4,3,18,5,35, , , 
82,1-2,3,PSU_RECODED_69,Grade 10,*,1,Walking,3,School too far away,_missing_,9,8,0,1,20, , , 
82,1-2,3,PSU_RECODED_312,Grade 5,*,1,Walking,3,House keeping / Family business,_missing_, , , , , , ,6,2017
82,1-2,3,PSU_RECODED_312,Grade 5,*,1,Walking,4,School too far away,_missing_,10,9,4,3,30, , , 
82,1-2,3,PSU_RECODED_312,Grade 9,*,1,Walking,3,House keeping / Family business,_missing_, , , , , , ,4,2012
82,1-2,5,PSU_RECODED_289,Grade 3,*,1,Walking,3,School too far away,_missing_,7,6,1,1,30, , , 
82,1-2,5,PSU_RECODED_289,Grade 7,*,1,Walking,3,Financial problems,_missing_, , , , , ,7, , 
82,1-2,5,PSU_RECODED_762,Grade 5,*,1,Walking,3,School too far away,_missing_,9,8,4,6,25, , , 
82,1-2,5,PSU_RECODED_762,Grade 5,*,1,Walking,4,School too far away,_missing_,4,3,4,6,25, , , 
82,1-2,6,PSU_RECODED_548,Grade 1,*,1,Walking,5,School too far away,_missing_,6,5,0,2,25, , , 
82,1-2,6,PSU_RECODED_548,Grade 1,*,1,Walking,6,School too far away,_missing_,2,1,0,2,25, , , 
82,1-2,7,PSU_RECODED_751,Grade 6,*,1,Walking,3,School too far away,_missing_,8,7,1,3,10, , , 
82,1-2,7,PSU_RECODED_148,Grade 8,*,1,Walking,2,House keeping / Family business,_missing_, , , , , , ,6,2018
82,1-2,7,PSU_RECODED_148,Grade 8,*,1,Walking,3,School too far away,_missing_,11,10,0,1,5, , , 
82,1-2,8,PSU_RECODED_467,Grade 3,*,1,Walking,3,School too far away,_missing_,6,5,2,2,20, , , 
82,1-2,8,PSU_RECODED_467,Grade 3,*,1,Walking,4,School too far away,_missing_,2,1,2,2,20, , , 
82,1-2,8,PSU_RECODED_467,Grade 3,*,1,Walking,5,Financial problems,_missing_, , , , , ,7, , 
82,1-2,8,PSU_RECODED_467,Grade 7,*,1,Walking,4,School too far away,_missing_,13,12,1,6,20, , , 
82,1-2,8,PSU_RECODED_467,Grade 7,*,1,Walking,5,School too far away,_missing_,8,7,1,6,20, , , 
82,1-2,9,PSU_RECODED_739,Grade 5,*,1,Walking,4,School too far away,_missing_,13,12,1,1,20, , , 
82,1-2,9,PSU_RECODED_739,Grade 5,*,1,Walking,5,School too far away,_missing_,6,5,1,1,20, , , 
82,1-2,9,PSU_RECODED_244,Grade 1,*,1,Walking,4,School too far away,_missing_,13,12,15,6,45, , , 
82,1-2,9,PSU_RECODED_244,Grade 5,*,1,Walking,3,House keeping / Family business,_missing_, , , , , , ,7, 
82,1-2,9,PSU_RECODED_244,Grade 5,*,1,Walking,4,School too far away,_missing_,6,5,7,6,30, , , 
82,1-2,9,PSU_RECODED_244,Grade 5,*,1,Walking,5,School too far away,_missing_,1,19,7,6,30, , , 
82,1-2,10,PSU_RECODED_OTHER,Grade 7,*,1,Walking,5,School too far away,_missing_,2,1,3,6,35, , , 
82,1-2,11,PSU_RECODED_849,Grade 2,*,1,Walking,4,School too far away,_missing_,9,8,1,1,20, , , 
82,1-2,11,PSU_RECODED_849,Grade 8,*,1,Walking,2,School too far away,_missing_,12,11,1,1,30, , , 
82,1-2,11,PSU_RECODED_OTHER,Grade 4,*,1,Walking,5,School too far away,_missing_,1,19,3,6,30, , , 
82,1-2,11,PSU_RECODED_OTHER,Grade 8,*,1,Walking,3,School too far away,_missing_,4,3,2,3,15, , , 
82,1-2,12,PSU_RECODED_365,Grade 2,*,1,Walking,4,School too far away,_missing_,11,10,5,3,30, , , 
82,1-2,12,PSU_RECODED_365,Grade 2,*,1,Walking,5,School too far away,_missing_,4,3,0,3,8, , , 
91,1-2,1,PSU_RECODED_OTHER,Grade 4,*,1,Walking,3,House keeping / Family business,_missing_, , , , , , ,8,2018
91,1-2,1,PSU_RECODED_201,Grade 1,*,1,Walking,4,School too far away,_missing_,13,12,32,6,75, , , 
91,1-2,1,PSU_RECODED_201,Grade 7,*,1,Walking,3,School too far away,_missing_,1,19,1,1,20, , , 
91,1-2,1,PSU_RECODED_154,Grade 1,*,1,Walking,3,School too far away,_missing_,8,7,15,5,65, , , 
91,1-2,1,PSU_RECODED_154,Grade 10,*,1,Walking,3,House keeping / Family business,_missing_, , , , , , ,7, 
91,1-2,1,PSU_RECODED_154,Grade 10,*,1,Walking,4,School too far away,_missing_,4,3,8,5,45, , , 
91,1-2,2,PSU_RECODED_450,Grade 5,*,1,Walking,3,House keeping / Family business,_missing_, , , , , , ,7, 
91,1-2,2,PSU_RECODED_450,Grade 5,*,1,Walking,4,School too far away,_missing_,7,6,2,3,10, , , 
91,1-2,1,PSU_RECODED_501,Grade 8,*,1,Walking,3,School too far away,_missing_,12,12,12,5,30, , , 
91,1-2,1,PSU_RECODED_501,Grade 8,*,1,Walking,4,School too far away,_missing_,9,8,12,5,30, , , 
91,1-2,2,PSU_RECODED_OTHER,Grade 2,*,1,Walking,3,School too far away,_missing_,3,2,6,6,60, , , 
91,1-2,2,PSU_RECODED_OTHER,Grade 2,*,1,Walking,4,School too far away,_missing_,9,8,2,1,40, , , 
91,1-2,2,PSU_RECODED_OTHER,Grade 3,*,1,Walking,3,School too far away,_missing_,13,11,2,3,10, , , 
91,1-2,2,PSU_RECODED_OTHER,Grade 3,*,1,Walking,4,School too far away,_missing_,8,7,2,3,10, , , 
91,1-2,2,PSU_RECODED_OTHER,Grade 7,*,1,Walking,3,School too far away,_missing_,13,12,20,6,45, , , 
91,1-2,2,PSU_RECODED_OTHER,Grade 7,*,1,Walking,4,School too far away,_missing_,8,7,3,6,25, , , 
91,1-2,3,PSU_RECODED_296,Grade 3,*,1,Walking,5,School too far away,_missing_,1,19,1,5,5, , , 
91,1-2,3,PSU_RECODED_296,Grade 7,*,1,Walking,3,School too far away,_missing_,5,4,2,5,10, , , 
91,1-2,3,PSU_RECODED_296,Grade 7,*,1,Walking,4,School too far away,_missing_,3,2,2,5,10, , , 
91,1-2,2,PSU_RECODED_17,Grade 6,*,1,Walking,5,School too far away,_missing_,8,7,20,5,60, , , 
91,1,3,PSU_RECODED_641,Grade 2,*,1,Walking,3,School too far away,_missing_,7,6,0,3,5, , , 
91,1,3,PSU_RECODED_641,Grade 2,*,1,Walking,4,School too far away,_missing_,2,1,7,5,30, , , 
91,1,3,PSU_RECODED_641,Grade 6,*,1,Walking,3,School too far away,_missing_,1,19,6,3,25, , , 
91,1-2,4,PSU_RECODED_217,Grade 1,*,1,Walking,3,School too far away,_missing_,9,8,0,1,20, , , 
91,1-2,4,PSU_RECODED_217,Grade 1,*,1,Walking,4,School too far away,_missing_,7,6,0,1,20, , , 
91,1-2,4,PSU_RECODED_217,Grade 1,*,1,Walking,5,School too far away,_missing_,7,6,0,1,20, , , 
91,1-2,4,PSU_RECODED_217,Grade 10,*,1,Walking,3,School too far away,_missing_,7,6,0,3,20, , , 
91,1-2,3,PSU_RECODED_61,Grade 8,*,1,Walking,3,School too far away,_missing_,10,9,1,1,15, , , 
91,1-2,3,PSU_RECODED_61,Grade 8,*,1,Walking,4,School too far away,_missing_,7,6,1,1,15, , , 
91,1-2,3,PSU_RECODED_61,Grade 8,*,1,Walking,5,School too far away,_missing_,4,3,1,1,15, , , 
91,1-2,4,PSU_RECODED_616,Grade 2,*,1,Walking,3,School too far away,_missing_,11,10,1,5,15, , , 
91,1-2,4,PSU_RECODED_616,Grade 2,*,1,Walking,4,School too far away,_missing_,8,7,6,6,30, , , 
91,1-2,4,PSU_RECODED_42,Grade 4,*,1,Walking,5,School too far away,_missing_,9,8,2,5,15, , , 
91,1-2,5,PSU_RECODED_25,Grade 4,*,1,Walking,4,School too far away,_missing_,13,12,3,6,15, , , 
91,1-2,5,PSU_RECODED_25,Grade 4,*,1,Walking,5,School too far away,_missing_,4,3,3,5,15, , , 
91,1-2,5,PSU_RECODED_25,Grade 8,*,1,Walking,3,School too far away,_missing_,3,2,0,1,15, , , 
91,1-2,4,PSU_RECODED_39,Grade 2,*,1,Walking,3,School too far away,_missing_,10,9,23,5,60, , , 
91,1-2,5,PSU_RECODED_803,Grade 2,*,1,Walking,4,House keeping / Family business,_missing_, , , , , , ,7, 
91,1-2,5,PSU_RECODED_803,Grade 2,*,1,Walking,5,School too far away,_missing_,8,7,0,1,5, , , 
91,1-2,5,PSU_RECODED_803,Grade 7,*,1,Walking,5,School too far away,_missing_,12,11,0,1,5, , , 
91,1-2,6,PSU_RECODED_131,Grade 1,*,1,Walking,4,School too far away,_missing_,7,6,10,6,45, , , 
91,1-2,6,PSU_RECODED_131,Grade 5,*,1,Walking,5,School too far away,_missing_,11,10,2,1,30, , , 
91,1-2,6,PSU_RECODED_131,Grade 9,*,1,Walking,4,School too far away,_missing_,3,2,3,1,30, , , 
91,1-2,5,PSU_RECODED_498,Grade 3,*,1,Walking,3,School too far away,_missing_,13,12,2,6,10, , , 
91,1-2,5,PSU_RECODED_498,Grade 3,*,1,Walking,4,School too far away,_missing_,11,10,2,6,10, , , 
91,1-2,5,PSU_RECODED_498,Grade 7,*,1,Walking,3,School too far away,_missing_,10,9,23,5,40, , , 
91,1-2,6,PSU_RECODED_229,Grade 5,*,1,Walking,3,School too far away,_missing_,2,1,2,5,15, , , 
91,1-2,6,PSU_RECODED_229,Grade 10,*,1,Walking,3,House keeping / Family business,_missing_, , , , , , ,6,2018
91,1-2,6,PSU_RECODED_229,Grade 10,*,1,Walking,4,School too far away,_missing_,11,10,1,1,15, , , 
91,1-2,7,PSU_RECODED_108,Grade 5,*,1,Walking,2,School too far away,_missing_,6,5,0,1,10, , , 
91,1-2,7,PSU_RECODED_108,Grade 5,*,1,Walking,3,School too far away,_missing_,6,5,0,1,10, , , 
91,1-2,7,PSU_RECODED_108,Grade 5,*,1,Walking,4,School too far away,_missing_,1,19,0,1,10, , , 
91,1-2,6,PSU_RECODED_172,Grade 5,*,1,Walking,2,School too far away,_missing_,9,8,6,1,50, , , 
91,1-2,6,PSU_RECODED_172,Grade 5,*,1,Walking,3,School too far away,_missing_,7,6,6,1,50, , , 
91,1-2,6,PSU_RECODED_172,Grade 5,*,1,Walking,4,School too far away,_missing_,3,2,6,5,30, , , 
91,1-2,6,PSU_RECODED_172,Grade 5,*,1,Walking,5,School too far away,_missing_,2,1,6,5,30, , , 
91,1-2,6,PSU_RECODED_172,Grade 9,*,1,Walking,3,School too far away,_missing_,10,9,6,3,30, , , 
91,1-2,6,PSU_RECODED_172,Grade 9,*,1,Walking,4,School too far away,_missing_,9,8,6,3,30, , , 
91,1-2,6,PSU_RECODED_172,Grade 9,*,1,Walking,5,School too far away,_missing_,2,1,6,3,30, , , 
91,1-2,7,PSU_RECODED_435,Grade 9,*,1,Walking,3,School too far away,_missing_,11,10,2,6,30, , , 
91,1-2,8,PSU_RECODED_OTHER,Grade 9,*,1,Walking,3,School too far away,_missing_,4,3,0,1,10, , , 
91,1-2,7,PSU_RECODED_OTHER,Grade 8,*,1,Walking,4,School too far away,_missing_,11,10,0,1,15, , , 
91,1-2,7,PSU_RECODED_OTHER,Grade 8,*,1,Walking,5,School too far away,_missing_,4,3,7,5,40, , , 
91,1-2,8,PSU_RECODED_OTHER,Grade 2,*,1,Walking,2,School too far away,_missing_,9,8,25,5,50, , , 
91,1-2,8,PSU_RECODED_OTHER,Grade 2,*,1,Walking,3,School too far away,_missing_,6,5,3,3,20, , , 
91,1-2,8,PSU_RECODED_524,Grade 4,*,1,Walking,3,School too far away,_missing_,12,11,2,5,20, , , 
91,1-2,8,PSU_RECODED_524,Grade 4,*,1,Walking,4,School too far away,_missing_,9,8,2,5,20, , , 
91,1-2,8,PSU_RECODED_524,Grade 4,*,1,Walking,5,School too far away,_missing_,4,3,2,5,20, , , 
91,1-2,9,PSU_RECODED_OTHER,Grade 3,*,1,Walking,3,School too far away,_missing_,2,1,0,1,15, , , 
91,1-2,8,PSU_RECODED_613,Grade 9,*,1,Walking,3,School too far away,_missing_,12,11,15,5,60, , , 
91,1-2,9,PSU_RECODED_OTHER,Grade 5,*,1,Walking,3,School too far away,_missing_,10,9,15,5,30, , , 
91,1-2,9,PSU_RECODED_OTHER,Grade 1,*,1,Walking,3,School too far away,_missing_,9,8,29,5,45, , , 
91,1-2,9,PSU_RECODED_OTHER,Grade 1,*,1,Walking,4,School too far away,_missing_,6,5,29,5,45, , , 
91,1-2,10,PSU_RECODED_17,Grade 1,*,1,Walking,3,House keeping / Family business,_missing_, , , , , , ,6,2016
91,1-2,9,PSU_RECODED_330,Grade 1,*,1,Walking,3,School too far away,_missing_,13,12,40,6,120, , , 
91,1-2,9,PSU_RECODED_330,Grade 1,*,1,Walking,4,School too far away,_missing_,2,1,4,3,20, , , 
91,1-2,10,PSU_RECODED_OTHER,Grade 9,*,1,Walking,4,School too far away,_missing_,7,6,6,5,30, , , 
91,1-2,11,PSU_RECODED_823,Grade 9,*,1,Walking,4,School too far away,_missing_,10,9,13,6,45, , , 
91,1-2,10,PSU_RECODED_497,Grade 3,*,1,Walking,3,School too far away,_missing_,1,19,4,2,15, , , 
91,1-2,11,PSU_RECODED_815,Grade 9,*,1,Walking,3,School too far away,_missing_,4,3,4,5,40, , , 
91,1-2,11,PSU_RECODED_815,Grade 9,*,1,Walking,4,School too far away,_missing_,3,2,4,5,40, , , 
91,1-2,11,PSU_RECODED_12,Grade 1,*,1,Walking,3,School too far away,_missing_,9,8,15,5,30, , , 
91,1-2,11,PSU_RECODED_12,Grade 1,*,1,Walking,4,School too far away,_missing_,3,2,0,1,10, , , 
91,1-2,11,PSU_RECODED_318,Grade 6,*,1,Walking,3,School too far away,_missing_,9,8,5,6,20, , , 
91,1,12,PSU_RECODED_OTHER,Grade 1,*,1,Walking,3,Financial problems,_missing_, , , , , ,7, , 
91,1-2,12,PSU_RECODED_216,Grade 4,*,1,Walking,3,House keeping / Family business,_missing_, , , , , , ,6,2017
91,1-2,12,PSU_RECODED_216,Grade 8,*,1,Walking,4,School too far away,_missing_,13,13,13,6,30, , , 
91,1,1,PSU_RECODED_339,Grade 2,*,1,Walking,3,School too far away,_missing_,12,11,1,6,10, , , 
91,1,1,PSU_RECODED_339,Grade 7,*,1,Walking,4,School too far away,_missing_,13,12,0,1,5, , , 
91,1-2,12,PSU_RECODED_776,Grade 7,*,1,Walking,3,School too far away,_missing_,3,2,8,3,30, , , 
91,1,1,PSU_RECODED_OTHER,Grade 6,*,1,Walking,4,School too far away,_missing_,6,5,2,1,30, , , 
91,1,1,PSU_RECODED_OTHER,Grade 6,*,1,Walking,5,School too far away,_missing_,1,19,2,1,30, , , 
91,1-2,2,PSU_RECODED_81,Grade 9,*,1,Walking,3,School too far away,_missing_,9,8,1,3,6, , , 
91,1-2,2,PSU_RECODED_81,Grade 9,*,1,Walking,4,School too far away,_missing_,5,4,1,3,6, , , 
91,1-2,2,PSU_RECODED_727,Grade 3,*,1,Walking,2,School too far away,_missing_,9,8,0,1,5, , , 
91,1-2,2,PSU_RECODED_727,Grade 7,*,1,Walking,3,House keeping / Family business,_missing_, , , , , , ,6,2016
91,1-2,3,PSU_RECODED_485,Grade 5,*,1,Walking,3,School too far away,_missing_,10,9,7,6,30, , , 
91,1-2,5,PSU_RECODED_374,Grade 1,*,1,Walking,8,School too far away,_missing_,1,19,6,1,45, , , 
91,1-2,5,PSU_RECODED_374,Grade 5,*,1,Walking,3,House keeping / Family business,_missing_, , , , , , ,6,2016
91,1-2,5,PSU_RECODED_710,Grade 6,*,1,Walking,3,School too far away,_missing_,4,3,0,1,18, , , 
91,1-2,6,PSU_RECODED_OTHER,Grade 7,*,1,Walking,2,School too far away,_missing_,2,1,5,3,20, , , 
91,1-2,7,PSU_RECODED_537,Grade 3,*,1,Walking,3,School too far away,_missing_,1,19,1,3,10, , , 
91,1-2,7,PSU_RECODED_537,Grade 7,*,1,Walking,4,School too far away,_missing_,4,3,6,3,10, , , 
91,1-2,7,PSU_RECODED_537,Grade 7,*,1,Walking,5,Financial problems,_missing_, , , , , ,7, , 
91,1-2,7,PSU_RECODED_OTHER,Grade 6,*,1,Walking,4,School too far away,_missing_,4,3,0,1,15, , , 
91,1-2,8,PSU_RECODED_89,Grade 5,*,1,Walking,3,School too far away,_missing_,12,11,24,6,80, , , 
91,1-2,8,PSU_RECODED_89,Grade 5,*,1,Walking,4,School too far away,_missing_,6,5,4,3,3, , , 
91,1-2,8,PSU_RECODED_89,Grade 10,*,1,Walking,4,School too far away,_missing_,12,11,13,6,40, , , 
91,1-2,8,PSU_RECODED_89,Grade 10,*,1,Walking,5,School too far away,_missing_,12,11,10,6,40, , , 
91,1-2,8,PSU_RECODED_268,Grade 4,*,1,Walking,5,School too far away,_missing_,2,1,2,6,20, , , 
91,1-2,8,PSU_RECODED_268,Grade 8,*,1,Walking,3,School too far away,_missing_,8,7,1,6,10, , , 
91,1,9,PSU_RECODED_655,Grade 5,*,1,Walking,3,School too far away,_missing_,8,7,2,5,20, , , 
91,1,9,PSU_RECODED_655,Grade 5,*,1,Walking,4,School too far away,_missing_,7,6,2,5,20, , , 
91,1,9,PSU_RECODED_655,Grade 5,*,1,Walking,5,School too far away,_missing_,5,4,2,5,20, , , 
91,1-2,1,PSU_RECODED_OTHER,Grade 3,*,1,Walking,4,House keeping / Family business,_missing_, , , , , , ,8,2017
91,1-2,9,PSU_RECODED_489,Grade 3,*,1,Walking,4,School too far away,_missing_,12,11,15,6,45, , , 
91,1-2,1,PSU_RECODED_877,Grade 5,*,1,Walking,3,School too far away,_missing_,11,10,5,6,40, , , 
91,1-2,10,PSU_RECODED_OTHER,Grade 6,*,1,Walking,3,School too far away,_missing_,6,5,2,5,10, , , 
91,1-2,2,PSU_RECODED_47,Grade 4,*,1,Walking,4,School too far away,_missing_,10,9,2,3,5, , , 
91,1-2,2,PSU_RECODED_47,Grade 8,*,1,Walking,4,School too far away,_missing_,3,2,0,1,5, , , 
91,1-2,10,PSU_RECODED_288,Grade 2,*,1,Walking,4,School too far away,_missing_,5,4,2,6,30, , , 
91,1-2,10,PSU_RECODED_288,Grade 7,*,1,Walking,4,House keeping / Family business,_missing_, , , , , , ,6,2013
91,1-2,2,PSU_RECODED_OTHER,Grade 9,*,1,Walking,3,School too far away,_missing_,12,11,35,6,60, , , 
91,1-2,2,PSU_RECODED_OTHER,Grade 9,*,1,Walking,4,House keeping / Family business,_missing_, , , , , , ,99,2016
91,1-2,11,PSU_RECODED_16,Grade 1,*,1,Walking,4,School too far away,_missing_,12,11,9,6,20, , , 
91,1-2,11,PSU_RECODED_16,Grade 6,*,1,Walking,4,School too far away,_missing_,10,9,12,6,20, , , 
91,1-2,3,PSU_RECODED_OTHER,Grade 7,*,1,Walking,3,School too far away,_missing_,7,6,4,6,30, , , 
91,1-2,11,PSU_RECODED_401,Grade 1,*,1,Walking,3,School too far away,_missing_,9,8,4,6,20, , , 
91,1-2,11,PSU_RECODED_401,Grade 1,*,1,Walking,4,School too far away,_missing_,2,1,1,1,15, , , 
91,1-2,11,PSU_RECODED_401,Grade 5,*,1,Walking,5,School too far away,_missing_,7,6,6,6,30, , , 
91,1,12,PSU_RECODED_794,Grade 8,*,1,Walking,2,School too far away,_missing_,6,5,1,1,15, , , 
91,1,12,PSU_RECODED_794,Grade 8,*,1,Walking,3,Financial problems,_missing_, , , , , ,7, , 
91,1-2,4,PSU_RECODED_86,Grade 9,*,1,Walking,3,School too far away,_missing_,10,9,10,6,20, , , 
91,1-2,4,PSU_RECODED_86,Grade 9,*,1,Walking,4,School too far away,_missing_,8,7,10,6,20, , , 
91,1-2,4,PSU_RECODED_OTHER,Grade 6,*,1,Walking,3,School too far away,_missing_,11,10,6,6,25, , , 
91,1-2,6,PSU_RECODED_391,Grade 1,*,1,Walking,4,School too far away,_missing_,8,7,3,3,15, , , 
91,1-2,6,PSU_RECODED_391,Grade 9,*,1,Walking,2,School too far away,_missing_,9,8,2,6,20, , , 
91,1-2,6,PSU_RECODED_391,Grade 9,*,1,Walking,3,School too far away,_missing_,5,4,2,6,20, , , 
91,1-2,7,PSU_RECODED_OTHER,Grade 5,*,1,Walking,3,House keeping / Family business,_missing_, , , , , , ,6,2017
91,1-2,7,PSU_RECODED_OTHER,Grade 5,*,1,Walking,4,House keeping / Family business,_missing_, , , , , , ,6,2015
91,1-2,7,PSU_RECODED_OTHER,Grade 5,*,1,Walking,6,School too far away,_missing_,4,3,2,1,20, , , 
91,1-2,7,PSU_RECODED_335,Grade 1,*,1,Walking,4,School too far away,_missing_,7,6,5,6,45, , , 
91,1-2,7,PSU_RECODED_335,Grade 5,*,1,Walking,3,School too far away,_missing_,8,7,2,2,20, , , 
91,1-2,8,PSU_RECODED_OTHER,Grade 5,*,1,Walking,3,School too far away,_missing_,3,2,5,1,60, , , 
91,1-2,9,PSU_RECODED_OTHER,Grade 3,*,1,Walking,5,School too far away,_missing_,3,2,3,2,20, , , 
91,1-2,10,PSU_RECODED_137,Grade 4,*,1,Walking,3,School too far away,_missing_,6,5,2,1,10, , , 
91,1-2,10,PSU_RECODED_137,Grade 4,*,1,Walking,4,School too far away,_missing_,1,19,0,1,10, , , 
91,1-2,10,PSU_RECODED_137,Grade 9,*,1,Walking,4,School too far away,_missing_,13,12,0,1,10, , , 
91,1-2,10,PSU_RECODED_137,Grade 9,*,1,Walking,5,School too far away,_missing_,10,9,0,1,10, , , 
91,1-2,10,PSU_RECODED_137,Grade 9,*,1,Walking,6,School too far away,_missing_,7,6,0,1,10, , , 
91,1-2,10,PSU_RECODED_883,Grade 4,*,1,Walking,3,School too far away,_missing_,10,9,0,1,10, , , 
91,1-2,10,PSU_RECODED_883,Grade 4,*,1,Walking,4,School too far away,_missing_,6,5,0,1,10, , , 
91,1-2,11,PSU_RECODED_688,Grade 1,*,1,Walking,3,School too far away,_missing_,7,6,27,5,60, , , 
91,1-2,11,PSU_RECODED_688,Grade 5,*,1,Walking,3,School too far away,_missing_,12,11,27,5,75, , , 
91,1-2,11,PSU_RECODED_688,Grade 10,*,1,Walking,2,School too far away,_missing_,12,11,15,6,40, , , 
91,1-2,11,PSU_RECODED_840,Grade 4,*,1,Walking,3,House keeping / Family business,_missing_, , , , , , ,6,2017
91,1-2,11,PSU_RECODED_840,Grade 4,*,1,Walking,4,School too far away,_missing_,8,7,4,6,35, , , 
91,1-2,11,PSU_RECODED_840,Grade 4,*,1,Walking,5,School too far away,_missing_,3,2,4,6,35, , , 
91,1-2,12,PSU_RECODED_498,Grade 1,*,1,Walking,3,House keeping / Family business,_missing_, , , , , , ,3,2019
91,1-2,12,PSU_RECODED_498,Grade 1,*,1,Walking,4,School too far away,_missing_,13,12,3,1,20, , , 
91,1-2,12,PSU_RECODED_498,Grade 5,*,1,Walking,3,School too far away,_missing_,4,3,3,5,1, , , 
91,1-2,12,PSU_RECODED_498,Grade 5,*,1,Walking,4,Financial problems,_missing_, , , , , ,7, , 
91,1-2,12,PSU_RECODED_OTHER,Grade 5,*,1,Walking,5,School too far away,_missing_,2,1,1,6,10, , , 
92,1-2,1,PSU_RECODED_727,Grade 2,*,1,Walking,3,House keeping / Family business,_missing_, , , , , , ,4,2013
92,1-2,1,PSU_RECODED_727,Grade 7,*,1,Walking,3,House keeping / Family business,_missing_, , , , , , ,9,2018
92,1-2,1,PSU_RECODED_727,Grade 7,*,1,Walking,4,School too far away,_missing_,12,11,4,6,35, , , 
92,1-2,2,PSU_RECODED_477,Grade 7,*,1,Walking,2,School too far away,_missing_,4,3,3,3,10, , , 
92,1-2,2,PSU_RECODED_477,Grade 7,*,1,Walking,3,School too far away,_missing_,1,19,3,3,10, , , 
92,1-2,1,PSU_RECODED_594,Grade 1,*,1,Walking,3,School too far away,_missing_,9,8,5,5,60, , , 
92,1-2,2,PSU_RECODED_223,Grade 1,*,1,Walking,2,School too far away,_missing_,13,12,0,1,5, , , 
92,1-2,2,PSU_RECODED_223,Grade 1,*,1,Walking,3,School too far away,_missing_,11,11,0,1,5, , , 
92,1-2,2,PSU_RECODED_223,Grade 1,*,1,Walking,4,School too far away,_missing_,8,7,0,1,5, , , 
92,1-2,1,PSU_RECODED_OTHER,Grade 4,*,1,Walking,6,School too far away,_missing_,9,8,7,6,45, , , 
92,1-2,3,PSU_RECODED_402,Grade 4,*,1,Walking,2,School too far away,_missing_,13,12,2,6,10, , , 
92,1-2,3,PSU_RECODED_402,Grade 4,*,1,Walking,3,School too far away,_missing_,7,6,2,6,10, , , 
92,1-2,3,PSU_RECODED_402,Grade 8,*,1,Walking,3,School too far away,_missing_,10,9,3,6,10, , , 
92,1-2,2,PSU_RECODED_443,Grade 2,*,1,Walking,5,School too far away,_missing_,7,6,16,5,70, , , 
92,1-2,2,PSU_RECODED_443,Grade 7,*,1,Walking,4,School too far away,_missing_,10,9,8,5,60, , , 
92,1-2,3,PSU_RECODED_490,Grade 4,*,1,Walking,3,School too far away,_missing_,13,12,2,1,60, , , 
92,1-2,3,PSU_RECODED_490,Grade 4,*,1,Walking,4,School too far away,_missing_,10,9,2,1,60, , , 
92,1-2,3,PSU_RECODED_490,Grade 4,*,1,Walking,5,School too far away,_missing_,1,19,2,1,60, , , 
92,1-2,2,PSU_RECODED_OTHER,Grade 7,*,1,Walking,5,School too far away,_missing_,2,1,2,6,28, , , 
92,1-2,4,PSU_RECODED_273,Grade 8,*,1,Walking,3,School too far away,_missing_,12,11,12,6,40, , , 
92,1-2,3,PSU_RECODED_526,Grade 3,*,1,Walking,3,School too far away,_missing_,2,1,8,5,20, , , 
92,1-2,4,PSU_RECODED_OTHER,Grade 5,*,1,Walking,3,School too far away,_missing_,3,2,0,1,10, , , 
92,1-2,4,PSU_RECODED_OTHER,Grade 5,*,1,Walking,4,School too far away,_missing_,1,19,0,1,10, , , 
92,1-2,4,PSU_RECODED_152,Grade 5,*,1,Walking,5,School too far away,_missing_,9,8,3,6,30, , , 
92,1-2,4,PSU_RECODED_152,Grade 5,*,1,Walking,6,School too far away,_missing_,2,1,3,6,30, , , 
92,1-2,4,PSU_RECODED_620,Grade 2,*,1,Walking,3,School too far away,_missing_,13,12,12,3,5, , , 
92,1-2,4,PSU_RECODED_620,Grade 2,*,1,Walking,4,School too far away,_missing_,6,5,5,3,5, , , 
92,1-2,4,PSU_RECODED_620,Grade 2,*,1,Walking,5,School too far away,_missing_,3,2,2,3,5, , , 
92,1-2,6,PSU_RECODED_OTHER,Grade 4,*,1,Walking,3,School too far away,_missing_,11,10,1,1,10, , , 
92,1-2,6,PSU_RECODED_OTHER,Grade 4,*,1,Walking,4,School too far away,_missing_,8,7,1,1,10, , , 
92,1-2,6,PSU_RECODED_OTHER,Grade 10,*,1,Walking,5,School too far away,_missing_,1,19,2,5,10, , , 
92,1-2,6,PSU_RECODED_813,Grade 5,*,1,Walking,3,School too far away,_missing_,6,5,3,6,30, , , 
92,1-2,6,PSU_RECODED_813,Grade 5,*,1,Walking,4,School too far away,_missing_,2,1,3,6,20, , , 
92,1-2,5,PSU_RECODED_98,Grade 1,*,1,Walking,3,School too far away,_missing_,12,11,3,5,90, , , 
92,1-2,5,PSU_RECODED_98,Grade 5,*,1,Walking,7,House keeping / Family business,_missing_, , , , , , ,6,2018
92,1-2,7,PSU_RECODED_131,Grade 2,*,1,Walking,4,House keeping / Family business,_missing_, , , , , , ,6,2018
92,1-2,7,PSU_RECODED_131,Grade 2,*,1,Walking,5,School too far away,_missing_,8,7,0,1,3, , , 
92,1-2,7,PSU_RECODED_805,Grade 3,*,1,Walking,3,School too far away,_missing_,7,6,1,1,20, , , 
92,1-2,6,PSU_RECODED_OTHER,Grade 6,*,1,Walking,4,House keeping / Family business,_missing_, , , , , , ,9,2017
92,1-2,8,PSU_RECODED_183,Grade 1,*,1,Walking,3,House keeping / Family business,_missing_, , , , , , ,9,2018
92,1-2,8,PSU_RECODED_183,Grade 10,*,1,Walking,3,School too far away,_missing_,9,8,15,6,40, , , 
92,1-2,8,PSU_RECODED_183,Grade 10,*,1,Walking,4,School too far away,_missing_,4,3,4,5,35, , , 
92,1-2,9,PSU_RECODED_OTHER,Grade 1,*,1,Walking,5,School too far away,_missing_,6,5,21,5,40, , , 
92,1-2,9,PSU_RECODED_OTHER,Grade 1,*,1,Walking,6,School too far away,_missing_,2,1,3,3,25, , , 
92,1-2,8,PSU_RECODED_39,Grade 2,*,1,Walking,3,School too far away,_missing_,9,8,2,6,20, , , 
92,1-2,8,PSU_RECODED_39,Grade 6,*,1,Walking,4,School too far away,_missing_,10,9,12,5,60, , , 
92,1-2,10,PSU_RECODED_OTHER,Grade 10,*,1,Walking,3,School too far away,_missing_,5,4,8,5,45, , , 
92,1-2,9,PSU_RECODED_OTHER,Grade 10,*,1,Walking,3,School too far away,_missing_,7,6,5,5,20, , , 
92,1-2,10,PSU_RECODED_497,Grade 9,*,1,Walking,4,School too far away,_missing_,12,11,0,1,10, , , 
92,1-2,9,PSU_RECODED_516,Grade 7,*,1,Walking,3,House keeping / Family business,_missing_, , , , , , ,7,2019
92,1-2,9,PSU_RECODED_516,Grade 7,*,1,Walking,4,School too far away,_missing_,9,8,5,6,20, , , 
92,1-2,11,PSU_RECODED_349,Grade 1,*,1,Walking,3,School too far away,_missing_,6,5,7,5,30, , , 
92,1-2,11,PSU_RECODED_349,Grade 1,*,1,Walking,4,Financial problems,_missing_, , , , , ,7, , 
92,1-2,11,PSU_RECODED_349,Grade 9,*,1,Walking,3,School too far away,_missing_,5,4,6,5,45, , , 
92,1-2,11,PSU_RECODED_349,Grade 9,*,1,Walking,4,School too far away,_missing_,3,2,6,5,45, , , 
92,1-2,10,PSU_RECODED_397,Grade 8,*,1,Walking,3,School too far away,_missing_,10,9,1,1,15, , , 
92,1-2,11,PSU_RECODED_OTHER,Grade 10,*,1,Walking,2,School too far away,_missing_,11,10,1,6,25, , , 
92,1-2,10,PSU_RECODED_161,Grade 4,*,1,Walking,4,School too far away,_missing_,11,10,2,1,30, , , 
92,1-2,10,PSU_RECODED_161,Grade 4,*,1,Walking,5,School too far away,_missing_,7,6,2,1,30, , , 
92,1-2,12,PSU_RECODED_16,Grade 3,*,1,Walking,3,School too far away,_missing_,11,10,1,1,15, , , 
92,1-2,12,PSU_RECODED_16,Grade 3,*,1,Walking,4,School too far away,_missing_,4,3,1,1,15, , , 
92,1-2,12,PSU_RECODED_16,Grade 3,*,1,Walking,5,School too far away,_missing_,2,1,1,1,15, , , 
92,1-2,12,PSU_RECODED_16,Grade 8,*,1,Walking,7,House keeping / Family business,_missing_, , , , , , ,6,2019
92,1-2,11,PSU_RECODED_493,Grade 3,*,1,Walking,5,School too far away,_missing_,5,4,0,1,20, , , 
92,1-2,11,PSU_RECODED_493,Grade 3,*,1,Walking,6,School too far away,_missing_,1,19,0,1,20, , , 
92,1-2,12,PSU_RECODED_OTHER,Grade 3,*,1,Walking,2,School too far away,_missing_,3,2,2,1,35, , , 
92,1-2,12,PSU_RECODED_OTHER,Grade 7,*,1,Walking,6,School too far away,_missing_,1,19,17,5,50, , , 
92,1-2,11,PSU_RECODED_108,Grade 3,*,1,Walking,3,House keeping / Family business,_missing_, , , , , , ,9,2018
92,1-2,11,PSU_RECODED_108,Grade 3,*,1,Walking,4,School too far away,_missing_,9,8,2,6,20, , , 
92,1-2,11,PSU_RECODED_108,Grade 10,*,1,Walking,3,School too far away,_missing_,7,6,2,5,30, , , 
92,1-2,11,PSU_RECODED_108,Grade 10,*,1,Walking,4,Financial problems,_missing_, , , , , ,7, , 
92,1-2,12,PSU_RECODED_894,Grade 5,*,1,Walking,4,School too far away,_missing_,6,5,1,5,30, , , 
92,1-2,12,PSU_RECODED_894,Grade 5,*,1,Walking,5,School too far away,_missing_,1,19,1,5,30, , , 
92,1-2,12,PSU_RECODED_894,Grade 10,*,1,Walking,4,School too far away,_missing_,11,10,5,6,40, , , 
92,1-2,12,PSU_RECODED_894,Grade 10,*,1,Walking,5,School too far away,_missing_,11,10,3,1,25, , , 
92,1-2,2,PSU_RECODED_450,Grade 7,*,1,Walking,4,House keeping / Family business,_missing_, , , , , , ,6,2015
92,1-2,4,PSU_RECODED_OTHER,Grade 8,*,1,Walking,3,School too far away,_missing_,9,8,0,1,5, , , 
92,1,5,PSU_RECODED_739,Grade 5,*,1,Walking,4,House keeping / Family business,_missing_, , , , , , ,8,2018
92,1,5,PSU_RECODED_739,Grade 9,*,1,Walking,2,School too far away,_missing_,5,4,2,1,10, , , 
92,1-2,5,PSU_RECODED_OTHER,Grade 7,*,1,Walking,3,School too far away,_missing_,13,12,44,6,80, , , 
92,1-2,6,PSU_RECODED_546,Grade 5,*,1,Walking,3,House keeping / Family business,_missing_, , , , , , ,6,2018
92,1-2,6,PSU_RECODED_546,Grade 9,*,1,Walking,2,House keeping / Family business,_missing_, , , , , , ,8,2018
92,1-2,7,PSU_RECODED_414,Grade 6,*,1,Walking,6,School too far away,_missing_,11,10,1,5,5, , , 
92,1-2,7,PSU_RECODED_414,Grade 10,*,1,Walking,3,House keeping / Family business,_missing_, , , , , , ,8,2018
92,1-2,7,PSU_RECODED_414,Grade 10,*,1,Walking,4,School too far away,_missing_,4,3,1,1,5, , , 
92,1-2,7,PSU_RECODED_414,Grade 10,*,1,Walking,5,School too far away,_missing_,12,11,1,1,5, , , 
92,1-2,8,PSU_RECODED_251,Grade 4,*,1,Walking,3,School too far away,_missing_,14,14,4,3,15, , , 
92,1-2,8,PSU_RECODED_251,Grade 8,*,1,Walking,5,School too far away,_missing_,12,11,0,1,8, , , 
92,1-2,8,PSU_RECODED_251,Grade 8,*,1,Walking,6,School too far away,_missing_,10,9,0,1,8, , , 
92,1-2,9,PSU_RECODED_759,Grade 9,*,1,Walking,4,School too far away,_missing_,3,2,1,5,20, , , 
92,1-2,10,PSU_RECODED_OTHER,Grade 2,*,1,Walking,3,School too far away,_missing_,7,6,5,6,90, , , 
92,1-2,10,PSU_RECODED_OTHER,Grade 6,*,1,Walking,4,House keeping / Family business,_missing_, , , , , , ,9,2017
92,1-2,1,PSU_RECODED_OTHER,Grade 6,*,1,Walking,3,School too far away,_missing_,8,7,10,5,20, , , 
92,1-2,1,PSU_RECODED_OTHER,Grade 6,*,1,Walking,4,School too far away,_missing_,3,2,0,1,5, , , 
92,1-2,10,PSU_RECODED_274,Grade 6,*,1,Walking,3,School too far away,_missing_,7,6,2,1,20, , , 
92,1-2,10,PSU_RECODED_274,Grade 6,*,1,Walking,4,School too far away,_missing_,2,1,2,1,20, , , 
92,1-2,1,PSU_RECODED_OTHER,Grade 1,*,1,Walking,2,School too far away,_missing_,13,12,36,6,60, , , 
92,1-2,11,PSU_RECODED_608,Grade 4,*,1,Walking,3,School too far away,_missing_,13,12,7,6,30, , , 
92,1-2,2,PSU_RECODED_739,Grade 3,*,1,Walking,3,School too far away,_missing_,11,10,5,5,30, , , 
92,1-2,2,PSU_RECODED_739,Grade 9,*,1,Walking,3,School too far away,_missing_,11,10,5,5,30, , , 
92,1-2,2,PSU_RECODED_739,Grade 9,*,1,Walking,4,School too far away,_missing_,5,4,5,5,30, , , 
92,1-2,12,PSU_RECODED_891,Grade 6,*,1,Walking,4,School too far away,_missing_,11,10,0,1,5, , , 
92,1-2,3,PSU_RECODED_39,Grade 1,*,1,Walking,3,School too far away,_missing_,2,1,0,1,10, , , 
92,1-2,3,PSU_RECODED_39,Grade 6,*,1,Walking,4,School too far away,_missing_,4,3,0,1,10, , , 
92,1-2,3,PSU_RECODED_OTHER,Grade 2,*,1,Walking,4,School too far away,_missing_,11,10,2,6,10, , , 
92,1-2,3,PSU_RECODED_OTHER,Grade 2,*,1,Walking,5,School too far away,_missing_,3,2,2,6,10, , , 
92,1-2,4,PSU_RECODED_29,Grade 8,*,1,Walking,3,School too far away,_missing_,13,12,17,5,50, , , 
92,1-2,4,PSU_RECODED_29,Grade 8,*,1,Walking,4,School too far away,_missing_,6,5,25,5,75, , , 
92,1-2,4,PSU_RECODED_29,Grade 8,*,1,Walking,5,School too far away,_missing_,9,8,5,5,20, , , 
92,1-2,5,PSU_RECODED_477,Grade 8,*,1,Walking,2,School too far away,_missing_,8,7,0,3,5, , , 
92,1-2,5,PSU_RECODED_477,Grade 8,*,1,Walking,3,School too far away,_missing_,5,4,0,3,5, , , 
92,1-2,6,PSU_RECODED_318,Grade 1,*,1,Walking,3,School too far away,_missing_,13,12,3,6,25, , , 
92,1-2,6,PSU_RECODED_318,Grade 1,*,1,Walking,4,School too far away,_missing_,9,8,0,1,20, , , 
92,1-2,6,PSU_RECODED_318,Grade 1,*,1,Walking,5,School too far away,_missing_,2,1,0,1,20, , , 
92,1-2,6,PSU_RECODED_318,Grade 6,*,1,Walking,3,School too far away,_missing_,10,9,3,6,30, , , 
92,1-2,6,PSU_RECODED_318,Grade 6,*,1,Walking,4,School too far away,_missing_,7,6,3,5,45, , , 
92,1-2,6,PSU_RECODED_318,Grade 6,*,1,Walking,5,School too far away,_missing_,1,19,6,5,45, , , 
92,1-2,6,PSU_RECODED_318,Grade 10,*,1,Walking,3,School too far away,_missing_,2,1,2,3,15, , , 
92,1-2,6,PSU_RECODED_OTHER,Grade 6,*,1,Walking,5,School too far away,_missing_,12,11,6,6,30, , , 
92,1-2,6,PSU_RECODED_OTHER,Grade 6,*,1,Walking,6,School too far away,_missing_,6,5,6,5,30, , , 
92,1-2,7,PSU_RECODED_748,Grade 2,*,1,Walking,4,School too far away,_missing_,7,6,3,3,20, , , 
92,1-2,7,PSU_RECODED_748,Grade 2,*,1,Walking,5,School too far away,_missing_,2,1,3,3,20, , , 
92,1-2,9,PSU_RECODED_697,Grade 7,*,1,Walking,3,School too far away,_missing_,9,8,2,1,10, , , 
92,1-2,9,PSU_RECODED_697,Grade 7,*,1,Walking,4,School too far away,_missing_,5,4,2,1,10, , , 
92,1-2,9,PSU_RECODED_272,Grade 1,*,1,Walking,5,School too far away,_missing_,6,5,2,6,10, , , 
92,1-2,9,PSU_RECODED_272,Grade 1,*,1,Walking,6,School too far away,_missing_,1,19,2,6,10, , , 
92,1-2,9,PSU_RECODED_272,Grade 5,*,1,Walking,3,School too far away,_missing_,6,5,1,3,5, , , 
92,1-2,9,PSU_RECODED_272,Grade 5,*,1,Walking,4,Financial problems,_missing_, , , , , ,7, , 
92,1-2,10,PSU_RECODED_OTHER,Grade 8,*,1,Walking,3,School too far away,_missing_,5,4,0,1,5, , , 
92,1-2,10,PSU_RECODED_748,Grade 8,*,1,Walking,4,House keeping / Family business,_missing_, , , , , , ,6,2016
92,1-2,11,PSU_RECODED_239,Grade 4,*,1,Walking,3,School too far away,_missing_,10,9,15,6,80, , , 
92,1-2,11,PSU_RECODED_239,Grade 10,*,1,Walking,3,House keeping / Family business,_missing_, , , , , , ,7,2019
92,1-2,11,PSU_RECODED_239,Grade 10,*,1,Walking,4,School too far away,_missing_,9,8,2,6,15, , , 
92,1-2,12,PSU_RECODED_377,Grade 6,*,1,Walking,3,School too far away,_missing_,10,9,28,5,80, , , 
92,1-2,12,PSU_RECODED_377,Grade 6,*,1,Walking,4,House keeping / Family business,_missing_, , , , , , ,6,2016
