district,sector,month,strata,psu,snumber,hhno,nhh,result,person_serial_no,residence,relationship,sex,birth_year,birth_month,age,registration,ethnicity,religion,marital_status,curr_educ,education,main_activity,is_active,finalweight,B_year
11,1,1,111,111001,2,1,1,1,1,Yes,Head of the household,Male,58,3,60,1,Sri Lankan Moors/Muslim,Islam,Currently Married (Registered),Does not attend,Passed Grade 12,"Retired (Private, no pension)",No,298.0423127,1958
11,1,1,111,111001,2,1,1,1,2,Yes,Wife/Husband,Female,60,9,58,1,Sri Lankan Moors/Muslim,Islam,Currently Married (Registered),Does not attend,Passed Grade 10,Student,No,298.0423127,1960
11,1,1,111,111001,2,1,1,1,3,Yes,Son/Daughter,Female,91,1,28,1,Sri Lankan Moors/Muslim,Islam,Currently Married (Registered),Does not attend,Passed G.C.E (A/L) or equivalent,Engaged in economic activity,Yes,298.0423127,1991
11,1,1,111,111001,2,1,1,1,4,Yes,Son/Daughter,Female,92,8,26,1,Sri Lankan Moors/Muslim,Islam,Never Married,University,Passed G.C.E (A/L) or equivalent,Too old / Disabled,No,298.0423127,1992
11,1,1,111,111001,2,1,1,1,5,Yes,Other Relative,Female,16,1,3,1,Sri Lankan Moors/Muslim,Islam,Never Married,Pre School,Passed Grade 10,Engaged in economic activity,No,298.0423127,2016
11,1,1,111,111001,6,1,1,1,1,Yes,Head of the household,Female,42,6,76,1,Sinhala,Buddhist,Currently Married (Registered),Does not attend,Passed G.C.E (O/L) or equivalent,Other,No,298.0423127,1942
11,1,1,111,111001,6,1,1,1,2,Yes,Wife/Husband,Male,40,3,78,1,Sinhala,Buddhist,Currently Married (Registered),Does not attend,Passed Grade 5,Other,No,298.0423127,1940
11,1,1,111,111001,6,1,1,1,3,Yes,Son/Daughter,Female,70,4,48,1,Sinhala,Buddhist,Never Married,Does not attend,Passed Grade 10,Engaged in economic activity,Yes,298.0423127,1970
11,1,1,111,111002,3,1,1,1,1,Yes,Head of the household,Female,62,3,56,1,Sinhala,Buddhist,Currently Married (Registered),Does not attend,Passed Grade 10,Student,No,436.4627395,1962
11,1,1,111,111002,3,1,1,1,2,Yes,Son/Daughter,Female,82,3,36,1,Sinhala,Buddhist,Never Married,Does not attend,Passed G.C.E (A/L) or equivalent,Engaged in economic activity,Yes,436.4627395,1982
11,1,1,111,111002,3,1,1,1,3,Yes,Son/Daughter,Male,92,4,26,1,Sinhala,Buddhist,Never Married,Does not attend,Passed G.C.E (A/L) or equivalent,Engaged in economic activity,Yes,436.4627395,1992
11,1,1,111,111002,3,1,1,1,4,Yes,Son/Daughter,Male,96,11,22,1,Sinhala,Buddhist,Never Married,Does not attend,Passed G.C.E (O/L) or equivalent,Engaged in economic activity,Yes,436.4627395,1996
11,1,1,111,111002,3,1,1,1,5,Now,Wife/Husband,Male,60,3,58,1,Sinhala,Buddhist,Currently Married (Registered),Does not attend,Passed Grade 8,Engaged in economic activity,No,436.4627395,1960
11,1,1,111,111002,9,1,1,1,1,Yes,Head of the household,Male,46,2,72,1,Sinhala,Buddhist,Currently Married (Registered),Does not attend,Passed Grade 7,Other,No,436.4627395,1946
11,1,1,111,111002,9,1,1,1,2,Yes,Wife/Husband,Female,57,11,61,1,Sinhala,Buddhist,Currently Married (Registered),Does not attend,Passed Grade 4,Student,No,436.4627395,1957
11,1,1,111,111002,9,1,1,1,3,Yes,Son/Daughter,Male,88,3,30,1,Sinhala,Buddhist,Never Married,Does not attend,Passed Grade 10,Engaged in economic activity,Yes,436.4627395,1988
11,1,1,111,111002,9,1,1,1,4,Yes,Son/Daughter,Male,89,7,29,1,Sinhala,Buddhist,Never Married,Does not attend,Passed G.C.E (A/L) or equivalent,Engaged in economic activity,Yes,436.4627395,1989
11,2,1,112,111003,6,1,1,1,1,Yes,Head of the household,Female,50,4,68,1,Sinhala,Buddhist,Widowed,Does not attend,Passed G.C.E (O/L) or equivalent,Engaged in economic activity,Yes,285.6012832,1950
11,1,1,111,111004,3,1,1,1,1,Yes,Head of the household,Male,70,1,49,1,Sinhala,Buddhist,Currently Married (Registered),Does not attend,Passed G.C.E (A/L) or equivalent,Engaged in economic activity,Yes,271.9852019,1970
11,1,1,111,111004,3,1,1,1,2,Yes,Wife/Husband,Female,70,8,48,1,Sinhala,Buddhist,Currently Married (Registered),Does not attend,Passed G.C.E (O/L) or equivalent,Engaged in economic activity,Yes,271.9852019,1970
11,1,1,111,111004,3,1,1,1,3,Yes,Son/Daughter,Male,97,11,21,1,Sinhala,Buddhist,Never Married,Other educational institution,Passed G.C.E (A/L) or equivalent,Engaged in economic activity,Yes,271.9852019,1997
11,1,1,111,111004,3,1,1,1,4,Yes,Son/Daughter,Female,3,1,16,1,Sinhala,Buddhist,Never Married,Pending G.C.E.(O/L or A/L),Passed Grade 10,Too old / Disabled,No,271.9852019,2003
11,1,1,111,111004,3,1,1,1,5,Yes,Son/Daughter,Female,7,3,11,1,Sinhala,Buddhist,Never Married,School,Passed Grade 6,Engaged in economic activity,No,271.9852019,2007
11,1,1,111,111004,3,1,1,1,6,Yes,Parent of head/spouse,Female,43,9,75,1,Sinhala,Buddhist,Widowed,Does not attend,Passed G.C.E (A/L) or equivalent,Other,No,271.9852019,1943
11,1,1,111,111004,7,1,1,1,1,Yes,Head of the household,Female,64,11,54,1,Sinhala,Buddhist,Currently Married (Registered),Does not attend,Passed G.C.E (O/L) or equivalent,Engaged in economic activity,Yes,271.9852019,1964
11,1,1,111,111004,7,1,1,1,2,Now,Wife/Husband,Male,61,10,57,1,Sinhala,Buddhist,Currently Married (Registered),Does not attend,Passed Grade 10,Engaged in economic activity,No,271.9852019,1961
11,1,1,111,111004,7,1,1,1,3,Yes,Son/Daughter,Male,93,10,25,1,Sinhala,Buddhist,Never Married,Vocational/Technical institution,Passed G.C.E (A/L) or equivalent,Engaged in economic activity,Yes,271.9852019,1993
11,1,1,111,111004,7,1,1,1,4,Yes,Son/Daughter,Female,94,10,24,1,Sinhala,Buddhist,Never Married,Does not attend,Passed Grade 12,Seeking work,No,271.9852019,1994
11,1,1,111,111005,1,1,1,1,1,Yes,Head of the household,Male,79,4,39,1,Sinhala,Buddhist,Currently Married (Registered),Does not attend,Passed Post Graduate Degree/Diploma,Engaged in economic activity,Yes,495.0953281,1979
11,1,1,111,111005,1,1,1,1,2,Yes,Wife/Husband,Female,80,4,38,1,Sinhala,Roman Catholic,Currently Married (Registered),Does not attend,PhD,Student,No,495.0953281,1980
11,1,1,111,111005,1,1,1,1,3,Yes,Son/Daughter,Male,6,7,12,1,Sinhala,Buddhist,Never Married,School,Passed Grade 7,Engaged in economic activity,No,495.0953281,2006
11,1,1,111,111005,1,1,1,1,4,Yes,Son/Daughter,Male,9,4,9,1,Sinhala,Buddhist,Never Married,School,Passed Grade 4,Engaged in economic activity,No,495.0953281,2009
11,1,1,111,111005,7,1,1,1,1,Yes,Head of the household,Male,91,4,27,1,Sinhala,Roman Catholic,Currently Married (Registered),Does not attend,Passed Degree,Engaged in economic activity,Yes,495.0953281,1991
11,1,1,111,111005,7,1,1,1,2,Yes,Wife/Husband,Female,92,1,27,1,Sinhala,Buddhist,Currently Married (Registered),Does not attend,Passed Degree,Student,No,495.0953281,1992
11,2,1,112,111006,1,1,1,1,1,Yes,Head of the household,Female,60,6,58,1,Sinhala,Buddhist,Widowed,Does not attend,Passed Grade 8,Engaged in economic activity,Yes,305.2323975,1960
11,2,1,112,111006,1,1,1,1,2,Yes,Son/Daughter,Male,89,9,29,1,Sinhala,Buddhist,Currently Married (Registered),Does not attend,Passed Grade 9,Engaged in economic activity,Yes,305.2323975,1989
11,2,1,112,111006,1,1,1,1,3,Yes,Other Relative,Female,97,1,22,1,Sinhala,Buddhist,Currently Married (Registered),Does not attend,Passed Grade 10,Student,No,305.2323975,1997
11,2,1,112,111006,6,1,1,1,1,Yes,Head of the household,Male,51,11,67,1,Sinhala,Buddhist,Currently Married (Registered),Does not attend,Passed G.C.E (A/L) or equivalent,"Retired (Private, no pension)",No,305.2323975,1951
11,2,1,112,111006,6,1,1,1,2,Yes,Wife/Husband,Female,57,10,61,1,Sinhala,Buddhist,Currently Married (Registered),Does not attend,Passed G.C.E (O/L) or equivalent,Student,No,305.2323975,1957
11,1,1,111,111007,1,1,1,1,1,Yes,Head of the household,Male,60,2,58,1,Sinhala,Buddhist,Currently Married (Registered),Does not attend,Passed Grade 7,Engaged in economic activity,Yes,248.4349316,1960
11,1,1,111,111007,1,1,1,1,2,Yes,Wife/Husband,Female,63,3,55,1,Sinhala,Buddhist,Currently Married (Registered),Does not attend,Passed Grade 7,Student,No,248.4349316,1963
11,1,1,111,111007,6,1,1,1,1,Yes,Head of the household,Male,61,2,57,1,Sri Lankan Moors/Muslim,Islam,Currently Married (Registered),Does not attend,Passed Grade 7,Engaged in economic activity,Yes,248.4349316,1961
11,1,1,111,111007,6,1,1,1,2,Yes,Wife/Husband,Female,67,10,51,1,Sri Lankan Moors/Muslim,Islam,Currently Married (Registered),Does not attend,Passed Grade 7,Engaged in economic activity,Yes,248.4349316,1967
11,1,1,111,111007,6,1,1,1,3,Yes,Son/Daughter,Female,97,10,21,1,Sri Lankan Moors/Muslim,Islam,Never Married,Does not attend,Passed G.C.E (O/L) or equivalent,Student,No,248.4349316,1997
11,1,1,111,111007,10,1,1,1,1,Yes,Head of the household,Female,64,7,54,1,Sinhala,Buddhist,Currently Married (Registered),Does not attend,Passed Grade 9,Student,No,248.4349316,1964
11,1,1,111,111007,10,1,1,1,2,Now,Wife/Husband,Male,59,3,59,4,Sinhala,Buddhist,Currently Married (Registered),Does not attend,Passed Grade 4,Engaged in economic activity,No,248.4349316,1959
11,1,1,111,111007,10,1,1,1,3,Yes,Son/Daughter,Male,5,12,13,1,Sinhala,Buddhist,Never Married,School,Passed Grade 8,Engaged in economic activity,No,248.4349316,2005
11,1,1,111,111008,5,1,1,1,1,Yes,Head of the household,Male,57,5,61,1,Sinhala,Buddhist,Currently Married (Registered),Does not attend,Passed Degree,Retired (Government pension),Yes,236.536206,1957
11,1,1,111,111008,5,1,1,1,2,Yes,Wife/Husband,Female,65,7,53,1,Sinhala,Buddhist,Currently Married (Registered),Does not attend,Passed Post Graduate Degree/Diploma,Retired (Government pension),Yes,236.536206,1965
11,1,1,111,111008,5,1,1,1,3,Yes,Son/Daughter,Male,95,2,23,1,Sinhala,Buddhist,Never Married,University,Passed G.C.E (A/L) or equivalent,Too old / Disabled,No,236.536206,1995
11,1,1,111,111008,5,1,1,1,4,Yes,Son/Daughter,Female,0,1,19,1,Sinhala,Buddhist,Never Married,Other educational institution,Passed G.C.E (A/L) or equivalent,Too old / Disabled,No,236.536206,2000
11,1,1,111,111008,9,1,1,1,1,Yes,Head of the household,Male,52,10,66,1,Sinhala,Buddhist,Widowed,Does not attend,Passed Grade 10,Engaged in economic activity,Yes,236.536206,1952
11,1,1,111,111008,9,1,1,1,2,Yes,Son/Daughter,Male,76,10,42,1,Sinhala,Buddhist,Currently Married (Registered),Does not attend,Passed G.C.E (O/L) or equivalent,Engaged in economic activity,Yes,236.536206,1976
11,1,1,111,111008,9,1,1,1,3,Yes,Other Relative,Female,83,4,35,1,Sinhala,Buddhist,Currently Married (Registered),Does not attend,Passed G.C.E (O/L) or equivalent,Engaged in economic activity,Yes,236.536206,1983
11,1,1,111,111008,9,1,1,1,4,Yes,Other Relative,Female,4,10,14,1,Sinhala,Buddhist,Never Married,School,Passed Grade 9,Engaged in economic activity,No,236.536206,2004
11,1,1,111,111008,9,1,1,1,5,Yes,Other Relative,Female,7,5,11,1,Sinhala,Buddhist,Never Married,School,Passed Grade 6,Engaged in economic activity,No,236.536206,2007
11,1,1,111,111008,9,1,1,1,6,Yes,Other Relative,Male,15,11,3,1,Sinhala,Buddhist,Never Married,Pre School,Passed Grade 10,Engaged in economic activity,No,236.536206,2015
11,1,1,111,111009,3,1,1,1,1,Yes,Head of the household,Male,88,5,30,1,Sinhala,Buddhist,Currently Married (Registered),Does not attend,Passed Grade 10,Engaged in economic activity,Yes,384.6734425,1988
11,1,1,111,111009,3,1,1,1,2,Yes,Wife/Husband,Female,88,4,30,1,Sinhala,Buddhist,Currently Married (Registered),Does not attend,Passed G.C.E (A/L) or equivalent,Student,Yes,384.6734425,1988
11,1,1,111,111009,3,1,1,1,3,Yes,Son/Daughter,Male,13,9,5,1,Sinhala,Buddhist,Never Married,School,Studying/Studied Grade 1,Engaged in economic activity,No,384.6734425,2013
11,1,1,111,111009,7,1,1,1,1,Yes,Head of the household,Female,35,2,83,1,Sinhala,Buddhist,Widowed,Does not attend,No Schooling,Other,No,384.6734425,1935
11,1,1,111,111009,7,1,1,1,2,Yes,Son/Daughter,Male,76,6,42,1,Sinhala,Buddhist,Never Married,Does not attend,Passed Grade 7,Engaged in economic activity,Yes,384.6734425,1976
11,1,1,111,111010,5,1,1,1,1,Yes,Head of the household,Male,78,10,40,1,Sri Lankan Moors/Muslim,Islam,Currently Married (Registered),Does not attend,Passed G.C.E (A/L) or equivalent,Engaged in economic activity,Yes,520.4915453,1978
11,1,1,111,111010,5,1,1,1,2,Yes,Wife/Husband,Female,79,12,39,1,Sri Lankan Moors/Muslim,Islam,Currently Married (Registered),Does not attend,Passed G.C.E (A/L) or equivalent,Student,No,520.4915453,1979
11,1,1,111,111010,5,1,1,1,3,Yes,Son/Daughter,Female,0,1,19,1,Sri Lankan Moors/Muslim,Islam,Never Married,School,Passed Grade 12,Too old / Disabled,No,520.4915453,2000
11,1,1,111,111010,5,1,1,1,4,Yes,Son/Daughter,Male,2,7,16,1,Sri Lankan Moors/Muslim,Islam,Never Married,School,Passed Grade 10,Too old / Disabled,No,520.4915453,2002
11,1,1,111,111010,5,1,1,1,5,Yes,Son/Daughter,Male,4,4,14,1,Sri Lankan Moors/Muslim,Islam,Never Married,School,Passed Grade 8,Engaged in economic activity,No,520.4915453,2004
11,1,1,111,111010,10,1,1,1,1,Yes,Head of the household,Male,52,9,66,1,Sinhala,Buddhist,Currently Married (Registered),Does not attend,Passed Grade 10,Engaged in economic activity,Yes,520.4915453,1952
11,1,1,111,111010,10,1,1,1,2,Yes,Wife/Husband,Female,58,10,60,1,Sinhala,Buddhist,Currently Married (Registered),Does not attend,Passed Grade 10,Student,No,520.4915453,1958
11,1,1,111,111010,10,1,1,1,3,Yes,Son/Daughter,Female,77,11,41,1,Sinhala,Buddhist,Currently Married (Registered),Does not attend,Passed G.C.E (A/L) or equivalent,Engaged in economic activity,Yes,520.4915453,1977
11,1,1,111,111010,10,1,1,1,4,Yes,Son/Daughter,Male,84,7,34,1,Sinhala,Buddhist,Currently Married (Registered),Does not attend,Passed Grade 10,Engaged in economic activity,Yes,520.4915453,1984
11,1,1,111,111010,10,1,1,1,5,Yes,Other Relative,Male,76,4,42,1,Sinhala,Roman Catholic,Currently Married (Registered),Does not attend,Passed G.C.E (A/L) or equivalent,Engaged in economic activity,Yes,520.4915453,1976
11,1,1,111,111010,10,1,1,1,6,Yes,Other Relative,Female,91,7,27,1,Sinhala,Buddhist,Currently Married (Registered),Does not attend,Passed G.C.E (A/L) or equivalent,Student,No,520.4915453,1991
11,1,1,111,111010,10,1,1,1,7,Yes,Other Relative,Male,8,4,10,1,Sinhala,Roman Catholic,Never Married,School,Passed Grade 4,Engaged in economic activity,No,520.4915453,2008
11,1,1,111,111010,10,1,1,1,8,Yes,Other Relative,Female,15,11,3,1,Sinhala,Buddhist,Never Married,Pre School,Passed Grade 10,Engaged in economic activity,No,520.4915453,2015
11,1,2,111,111011,5,1,1,1,1,Yes,Head of the household,Male,82,11,36,1,Sri Lankan Moors/Muslim,Islam,Currently Married (Registered),Does not attend,Passed Grade 12,Engaged in economic activity,Yes,329.3981013,1982
11,1,2,111,111011,5,1,1,1,2,Yes,Wife/Husband,Female,83,11,35,1,Sri Lankan Moors/Muslim,Islam,Currently Married (Registered),Does not attend,Passed G.C.E (O/L) or equivalent,Student,No,329.3981013,1983
11,1,2,111,111011,5,1,1,1,3,Yes,Son/Daughter,Male,8,9,10,1,Sri Lankan Moors/Muslim,Islam,Never Married,School,Passed Grade 5,Engaged in economic activity,No,329.3981013,2008
11,1,2,111,111011,5,1,1,1,4,Yes,Son/Daughter,Female,11,6,7,1,Sri Lankan Moors/Muslim,Islam,Never Married,School,Passed Grade 1,Engaged in economic activity,No,329.3981013,2011
11,1,2,111,111011,5,1,1,1,5,Yes,Other Relative,Male,98,8,20,1,Sri Lankan Moors/Muslim,Islam,Never Married,Does not attend,Passed Grade 12,Engaged in economic activity,Yes,329.3981013,1998
11,1,1,111,111012,2,1,1,1,1,Yes,Head of the household,Male,74,7,44,1,Sinhala,Roman Catholic,Currently Married (Registered),Does not attend,Passed Grade 8,Engaged in economic activity,Yes,416.3426786,1974
11,1,1,111,111012,2,1,1,1,2,Yes,Wife/Husband,Female,68,10,50,1,Sinhala,Roman Catholic,Currently Married (Registered),Does not attend,Passed Grade 10,Engaged in economic activity,Yes,416.3426786,1968
11,1,1,111,111012,2,1,1,1,3,Yes,Son/Daughter,Female,99,3,19,1,Sinhala,Roman Catholic,Never Married,Does not attend,Passed G.C.E (A/L) or equivalent,Engaged in economic activity,Yes,416.3426786,1999
11,1,1,111,111012,8,1,1,1,1,Yes,Head of the household,Male,61,7,57,1,Sinhala,Other Christian,Currently Married (Registered),Does not attend,Passed G.C.E (A/L) or equivalent,Engaged in economic activity,Yes,416.3426786,1961
11,1,1,111,111012,8,1,1,1,2,Yes,Wife/Husband,Female,66,7,52,1,Sinhala,Other Christian,Currently Married (Registered),Does not attend,Passed G.C.E (A/L) or equivalent,Student,Yes,416.3426786,1966
11,1,1,111,111012,8,1,1,1,3,Yes,Son/Daughter,Female,89,11,29,1,Sinhala,Other Christian,Never Married,Does not attend,Passed Degree,Engaged in economic activity,Yes,416.3426786,1989
11,1,1,111,111012,8,1,1,1,4,Yes,Son/Daughter,Female,93,5,25,1,Sinhala,Other Christian,Never Married,Does not attend,Passed G.C.E (A/L) or equivalent,Engaged in economic activity,Yes,416.3426786,1993
11,1,1,111,111012,8,1,1,1,5,Yes,Son/Daughter,Female,95,6,23,1,Sinhala,Other Christian,Never Married,Does not attend,Passed G.C.E (A/L) or equivalent,Engaged in economic activity,Yes,416.3426786,1995
11,1,2,111,111013,5,1,1,1,1,Yes,Head of the household,Male,28,7,90,1,Sinhala,Buddhist,Currently Married (Registered),Does not attend,Passed Post Graduate Degree/Diploma,"Retired (Private, no pension)",No,377.492039,1928
11,1,2,111,111013,5,1,1,1,2,Yes,Wife/Husband,Female,43,2,76,1,Sinhala,Buddhist,Currently Married (Registered),Does not attend,Passed Grade 10,Student,No,377.492039,1943
11,1,2,111,111014,1,1,1,1,1,Yes,Head of the household,Female,81,8,37,1,Sri Lankan Tamil,Hindu,Currently Married (Registered),Does not attend,Passed Grade 5,Student,No,302.930336,1981
11,1,2,111,111014,1,1,1,1,2,Now,Wife/Husband,Male,70,2,49,1,Sri Lankan Tamil,Hindu,Currently Married (Registered),Does not attend,Passed Grade 10,Engaged in economic activity,No,302.930336,1970
11,1,2,111,111014,1,1,1,1,3,Yes,Son/Daughter,Female,4,8,14,1,Sri Lankan Tamil,Hindu,Never Married,School,Passed Grade 9,Engaged in economic activity,No,302.930336,2004
11,1,2,111,111014,1,1,1,1,4,Yes,Son/Daughter,Male,6,10,12,1,Sri Lankan Tamil,Hindu,Never Married,School,Passed Grade 7,Engaged in economic activity,No,302.930336,2006
11,1,2,111,111014,1,1,1,1,5,Yes,Son/Daughter,Male,12,10,6,1,Sri Lankan Tamil,Hindu,Never Married,School,Passed Grade 1,Engaged in economic activity,No,302.930336,2012
11,1,2,111,111014,6,1,1,1,1,Yes,Head of the household,Male,54,4,64,1,Sri Lankan Moors/Muslim,Islam,Currently Married (Registered),Does not attend,Passed Grade 8,Engaged in economic activity,Yes,302.930336,1954
11,1,2,111,111014,6,1,1,1,2,Yes,Wife/Husband,Female,67,4,51,1,Sri Lankan Moors/Muslim,Islam,Currently Married (Registered),Does not attend,Passed Grade 7,Student,No,302.930336,1967
11,1,2,111,111014,6,1,1,1,3,Yes,Son/Daughter,Male,91,3,27,1,Sri Lankan Moors/Muslim,Islam,Never Married,Does not attend,Passed Grade 10,Seeking work,No,302.930336,1991
11,1,2,111,111014,6,1,1,1,4,Now,Son/Daughter,Male,94,4,24,1,Sri Lankan Moors/Muslim,Islam,Never Married,Does not attend,Passed G.C.E (O/L) or equivalent,Engaged in economic activity,No,302.930336,1994
11,1,2,111,111014,6,1,1,1,5,Yes,Son/Daughter,Female,97,12,21,1,Sri Lankan Moors/Muslim,Islam,Currently Married (Registered),Does not attend,Passed G.C.E (O/L) or equivalent,Student,No,302.930336,1997
11,1,2,111,111014,6,1,1,1,6,Yes,Other Relative,Male,90,1,29,1,Sri Lankan Moors/Muslim,Islam,Currently Married (Registered),Does not attend,Passed Grade 7,Engaged in economic activity,Yes,302.930336,1990
11,2,2,112,111015,1,1,1,1,1,Yes,Head of the household,Male,76,2,43,1,Sinhala,Buddhist,Currently Married (Registered),Does not attend,Passed Grade 10,Engaged in economic activity,Yes,282.8495883,1976
11,2,2,112,111015,1,1,1,1,2,Yes,Wife/Husband,Female,76,3,42,1,Sinhala,Buddhist,Currently Married (Registered),Does not attend,Passed Grade 10,Engaged in economic activity,Yes,282.8495883,1976
11,2,2,112,111015,1,1,1,1,3,Yes,Son/Daughter,Female,5,3,13,1,Sinhala,Buddhist,Never Married,School,Passed Grade 8,Engaged in economic activity,No,282.8495883,2005
11,2,2,112,111015,1,1,1,1,4,Yes,Son/Daughter,Female,8,3,10,1,Sinhala,Buddhist,Never Married,School,Passed Grade 5,Engaged in economic activity,No,282.8495883,2008
11,2,2,112,111015,1,1,1,1,5,Yes,Son/Daughter,Female,12,9,6,1,Sinhala,Buddhist,Never Married,School,Passed Grade 1,Engaged in economic activity,No,282.8495883,2012
11,2,2,112,111015,1,1,1,1,6,Yes,Parent of head/spouse,Female,42,5,76,1,Sinhala,Buddhist,Divorced,Does not attend,Passed Grade 7,Engaged in economic activity,Yes,282.8495883,1942
11,2,2,112,111015,5,1,1,1,1,Yes,Head of the household,Female,39,11,79,1,Sinhala,Buddhist,Widowed,Does not attend,Passed Grade 2,Other,No,282.8495883,1939
11,2,2,112,111015,5,1,1,1,2,Yes,Son/Daughter,Male,64,2,55,1,Sinhala,Buddhist,Currently Married (Registered),Does not attend,Passed Grade 10,Engaged in economic activity,Yes,282.8495883,1964
11,2,2,112,111015,5,1,1,1,3,Yes,Other Relative,Female,71,11,47,1,Sinhala,Buddhist,Currently Married (Registered),Does not attend,Passed Grade 10,Student,No,282.8495883,1971
11,2,2,112,111015,5,1,1,1,4,Yes,Other Relative,Female,93,7,25,1,Sinhala,Buddhist,Never Married,Does not attend,Passed G.C.E (A/L) or equivalent,Seeking work,No,282.8495883,1993
11,1,2,111,111016,1,1,1,1,1,Yes,Head of the household,Male,72,8,46,1,Sinhala,Buddhist,Currently Married (Registered),Does not attend,Passed G.C.E (O/L) or equivalent,Engaged in economic activity,Yes,359.9276815,1972
11,1,2,111,111016,1,1,1,1,2,Yes,Wife/Husband,Female,76,4,42,1,Sinhala,Buddhist,Currently Married (Registered),Does not attend,Passed G.C.E (A/L) or equivalent,"Retired (Private, no pension)",No,359.9276815,1976
11,1,2,111,111016,1,1,1,1,3,Yes,Parent of head/spouse,Female,37,12,81,1,Sinhala,Buddhist,Widowed,Does not attend,Passed Grade 2,Other,No,359.9276815,1937
11,1,2,111,111016,1,1,1,1,4,Yes,Other Relative,Female,57,9,61,1,Sinhala,Buddhist,Never Married,Does not attend,Passed G.C.E (O/L) or equivalent,Student,No,359.9276815,1957
11,1,2,111,111016,5,1,1,1,1,Yes,Head of the household,Male,65,5,53,1,Sinhala,Buddhist,Currently Married (Registered),Does not attend,Passed G.C.E (O/L) or equivalent,Engaged in economic activity,Yes,359.9276815,1965
11,1,2,111,111016,5,1,1,1,2,Yes,Wife/Husband,Female,71,12,47,1,Sinhala,Buddhist,Currently Married (Registered),Does not attend,Passed G.C.E (A/L) or equivalent,Engaged in economic activity,Yes,359.9276815,1971
11,1,2,111,111016,5,1,1,1,3,Yes,Son/Daughter,Female,99,4,19,1,Sinhala,Buddhist,Never Married,School,Passed Grade 12,Too old / Disabled,No,359.9276815,1999
11,1,2,111,111016,5,1,1,1,4,Yes,Son/Daughter,Male,3,9,15,1,Sinhala,Buddhist,Never Married,School,Passed Grade 10,Too old / Disabled,No,359.9276815,2003
11,1,2,111,111016,10,1,1,1,1,Yes,Head of the household,Male,71,9,47,1,Sinhala,Buddhist,Currently Married (Registered),Does not attend,Passed Grade 10,Retired (Government pension),Yes,359.9276815,1971
11,1,2,111,111016,10,1,1,1,2,Yes,Wife/Husband,Female,75,9,43,1,Sinhala,Buddhist,Currently Married (Registered),Does not attend,Passed Grade 10,Student,No,359.9276815,1975
11,1,2,111,111016,10,1,1,1,3,Yes,Son/Daughter,Female,99,10,19,1,Sinhala,Buddhist,Never Married,Other educational institution,Passed Grade 12,Too old / Disabled,No,359.9276815,1999
11,1,2,111,111016,10,1,1,1,4,Yes,Son/Daughter,Female,6,6,12,1,Sinhala,Buddhist,Never Married,School,Passed Grade 7,Engaged in economic activity,No,359.9276815,2006
11,2,2,112,111017,2,1,1,1,1,Yes,Head of the household,Male,66,10,52,1,Sinhala,Buddhist,Currently Married (Registered),Does not attend,Passed G.C.E (O/L) or equivalent,Engaged in economic activity,Yes,253.0556124,1966
11,2,2,112,111017,2,1,1,1,2,Yes,Wife/Husband,Female,71,4,47,1,Sinhala,Buddhist,Currently Married (Registered),Does not attend,Passed G.C.E (O/L) or equivalent,Engaged in economic activity,Yes,253.0556124,1971
11,2,2,112,111017,2,1,1,1,3,Yes,Son/Daughter,Male,90,6,28,1,Sinhala,Buddhist,Currently Married (Registered),Does not attend,Passed G.C.E (A/L) or equivalent,Engaged in economic activity,Yes,253.0556124,1990
11,2,2,112,111017,2,1,1,1,4,Yes,Other Relative,Female,94,12,24,1,Sinhala,Buddhist,Currently Married (Registered),Does not attend,Passed G.C.E (A/L) or equivalent,Engaged in economic activity,Yes,253.0556124,1994
11,2,2,112,111017,2,1,1,1,5,Yes,Other Relative,Male,92,2,27,1,Sinhala,Buddhist,Currently Married (Registered),Does not attend,Passed G.C.E (A/L) or equivalent,Engaged in economic activity,Yes,253.0556124,1992
11,2,2,112,111017,2,1,1,1,6,Yes,Other Relative,Female,94,4,24,1,Sinhala,Buddhist,Currently Married (Registered),Does not attend,Passed G.C.E (A/L) or equivalent,Engaged in economic activity,Yes,253.0556124,1994
11,2,2,112,111017,6,1,1,1,1,Yes,Head of the household,Female,65,1,54,1,Sinhala,Buddhist,Widowed,Does not attend,Passed G.C.E (O/L) or equivalent,Student,No,253.0556124,1965
11,2,2,112,111017,6,1,1,1,2,Yes,Son/Daughter,Female,90,4,28,1,Sinhala,Buddhist,Never Married,Does not attend,Passed G.C.E (O/L) or equivalent,Engaged in economic activity,Yes,253.0556124,1990
11,2,2,112,111017,6,1,1,1,3,Yes,Son/Daughter,Male,93,4,25,1,Sinhala,Buddhist,Never Married,Does not attend,Passed G.C.E (O/L) or equivalent,Engaged in economic activity,Yes,253.0556124,1993
11,2,2,112,111017,6,1,1,1,4,Yes,Son/Daughter,Male,95,8,23,1,Sinhala,Buddhist,Never Married,Does not attend,Passed G.C.E (O/L) or equivalent,Engaged in economic activity,Yes,253.0556124,1995
11,1,2,111,111018,4,1,1,1,1,Yes,Head of the household,Male,89,2,30,1,Sinhala,Buddhist,Currently Married (Registered),Does not attend,Passed G.C.E (A/L) or equivalent,Engaged in economic activity,Yes,363.8841058,1989
11,1,2,111,111018,4,1,1,1,2,Yes,Wife/Husband,Female,89,12,29,1,Sinhala,Buddhist,Currently Married (Registered),Does not attend,Passed G.C.E (A/L) or equivalent,Engaged in economic activity,Yes,363.8841058,1989
11,1,2,111,111018,4,1,1,1,3,Yes,Son/Daughter,Female,16,5,2,1,Sinhala,Buddhist,Never Married,Does not attend,Passed Grade 10,Engaged in economic activity,No,363.8841058,2016
11,1,2,111,111019,2,1,1,1,1,Yes,Head of the household,Male,64,10,54,1,Sinhala,Buddhist,Currently Married (Registered),Does not attend,Passed G.C.E (A/L) or equivalent,Engaged in economic activity,Yes,264.779335,1964
11,1,2,111,111019,2,1,1,1,2,Yes,Wife/Husband,Female,72,2,47,1,Sinhala,Buddhist,Currently Married (Registered),Does not attend,Passed Degree,Engaged in economic activity,Yes,264.779335,1972
11,1,2,111,111019,2,1,1,1,3,Yes,Son/Daughter,Male,95,11,23,1,Sinhala,Buddhist,Never Married,Does not attend,Passed Degree,Too old / Disabled,No,264.779335,1995
11,1,2,111,111019,2,1,1,1,4,Yes,Son/Daughter,Female,1,8,17,1,Sinhala,Buddhist,Never Married,School,Passed Grade 12,Too old / Disabled,No,264.779335,2001
11,1,2,111,111019,6,1,1,1,1,Yes,Head of the household,Male,35,9,83,1,Malay,Islam,Widowed,Does not attend,Passed G.C.E (O/L) or equivalent,Other,No,264.779335,1935
11,1,2,111,111019,6,1,1,1,2,Yes,Son/Daughter,Male,86,11,32,1,Malay,Islam,Currently Married (Registered),Does not attend,Passed G.C.E (O/L) or equivalent,Engaged in economic activity,Yes,264.779335,1986
11,1,2,111,111019,6,1,1,1,3,Now,Other Relative,Female,92,11,26,1,Malay,Islam,Currently Married (Registered),Does not attend,Passed G.C.E (O/L) or equivalent,Engaged in economic activity,No,264.779335,1992
11,1,2,111,111019,10,1,1,1,1,Yes,Head of the household,Female,67,2,52,1,Sinhala,Buddhist,Currently Married (Registered),Does not attend,Passed G.C.E (O/L) or equivalent,Engaged in economic activity,Yes,264.779335,1967
11,1,2,111,111019,10,1,1,1,2,Now,Wife/Husband,Male,65,11,53,1,Sinhala,Buddhist,Currently Married (Registered),Does not attend,Passed G.C.E (O/L) or equivalent,Engaged in economic activity,No,264.779335,1965
11,1,2,111,111019,10,1,1,1,3,Yes,Son/Daughter,Male,98,6,20,1,Sinhala,Buddhist,Never Married,Does not attend,Passed G.C.E (O/L) or equivalent,Engaged in economic activity,Yes,264.779335,1998
11,1,2,111,111019,10,1,1,1,4,Yes,Son/Daughter,Female,1,1,18,1,Sinhala,Buddhist,Never Married,School,Passed Grade 12,Too old / Disabled,No,264.779335,2001
11,1,2,111,111019,10,1,1,1,5,Yes,Son/Daughter,Female,1,1,18,1,Sinhala,Buddhist,Never Married,School,Passed Grade 12,Too old / Disabled,No,264.779335,2001
11,1,2,111,111019,10,1,1,1,6,Yes,Other Relative,Female,36,9,82,1,Sinhala,Buddhist,Never Married,Does not attend,Passed Grade 10,Engaged in economic activity,Yes,264.779335,1936
11,1,2,111,111020,5,1,1,1,1,Yes,Head of the household,Female,56,5,62,1,Sri Lankan Tamil,Hindu,Widowed,Does not attend,Passed Grade 6,Retired (Government pension),No,345.785179,1956
11,1,3,111,111021,2,1,1,1,1,Yes,Head of the household,Female,85,6,33,1,Sri Lankan Moors/Muslim,Islam,Currently Married (Registered),Does not attend,Passed G.C.E (A/L) or equivalent,Student,No,470.1153322,1985
11,1,3,111,111021,2,1,1,1,2,Now,Wife/Husband,Male,84,9,34,1,Sri Lankan Moors/Muslim,Islam,Currently Married (Registered),Does not attend,Passed Degree,Engaged in economic activity,No,470.1153322,1984
11,1,3,111,111021,2,1,1,1,3,Yes,Son/Daughter,Male,11,8,7,1,Sri Lankan Moors/Muslim,Islam,Never Married,School,Passed Grade 2,Engaged in economic activity,No,470.1153322,2011
11,1,3,111,111021,2,1,1,1,4,Yes,Son/Daughter,Male,11,8,7,1,Sri Lankan Moors/Muslim,Islam,Never Married,School,Passed Grade 2,Engaged in economic activity,No,470.1153322,2011
11,1,3,111,111021,2,1,1,1,5,Yes,Other Relative,Female,57,6,61,1,Sri Lankan Moors/Muslim,Islam,Widowed,Does not attend,Passed G.C.E (O/L) or equivalent,Other,No,470.1153322,1957
11,1,3,111,111021,9,1,1,1,1,Yes,Head of the household,Male,64,1,55,1,Sri Lankan Tamil,Hindu,Currently Married (Registered),Does not attend,Passed Grade 4,Engaged in economic activity,Yes,470.1153322,1964
11,1,3,111,111021,9,1,1,1,2,Yes,Wife/Husband,Female,75,3,44,1,Sri Lankan Tamil,Hindu,Currently Married (Registered),Does not attend,Passed Grade 10,Student,No,470.1153322,1975
11,1,3,111,111021,9,1,1,1,3,Yes,Son/Daughter,Female,92,9,26,1,Sri Lankan Tamil,Hindu,Never Married,Does not attend,Passed G.C.E (O/L) or equivalent,Engaged in economic activity,Yes,470.1153322,1992
11,1,3,111,111021,9,1,1,1,4,Yes,Son/Daughter,Male,1,5,17,1,Sri Lankan Tamil,Hindu,Never Married,Does not attend,Passed Grade 10,Seeking work,No,470.1153322,2001
11,1,3,111,111021,9,1,1,1,5,Yes,Other Relative,Male,48,6,70,1,Sri Lankan Tamil,Hindu,Currently Married (Registered),Does not attend,Passed Grade 5,Other,No,470.1153322,1948
11,1,3,111,111021,9,1,1,1,6,Yes,Other Relative,Female,47,5,71,1,Sri Lankan Tamil,Hindu,Currently Married (Registered),Does not attend,Passed Grade 5,Other,No,470.1153322,1947
11,1,2,111,111022,3,1,1,1,1,Yes,Head of the household,Female,44,2,75,1,Sinhala,Buddhist,Widowed,Does not attend,Passed Grade 4,"Retired (Private, no pension)",No,356.6815804,1944
11,1,2,111,111022,3,1,1,1,2,Yes,Son/Daughter,Female,85,2,34,1,Sinhala,Buddhist,Never Married,Does not attend,Passed Grade 12,Engaged in economic activity,Yes,356.6815804,1985
11,1,2,111,111022,9,1,1,1,1,Yes,Head of the household,Male,51,7,67,1,Sinhala,Buddhist,Currently Married (Registered),Does not attend,Passed Grade 12,Engaged in economic activity,Yes,356.6815804,1951
11,1,2,111,111022,9,1,1,1,2,Yes,Wife/Husband,Female,57,6,61,1,Sinhala,Buddhist,Currently Married (Registered),Does not attend,Passed G.C.E (O/L) or equivalent,Engaged in economic activity,Yes,356.6815804,1957
11,1,2,111,111022,9,1,1,1,3,Yes,Son/Daughter,Male,96,7,22,1,Sinhala,Buddhist,Never Married,Does not attend,Passed G.C.E (A/L) or equivalent,Engaged in economic activity,Yes,356.6815804,1996
11,1,2,111,111022,9,1,1,1,4,Yes,Other Relative,Female,50,3,68,1,Sinhala,Buddhist,Never Married,Does not attend,Passed G.C.E (O/L) or equivalent,Student,No,356.6815804,1950
11,1,2,111,111022,9,1,1,1,5,Yes,Parent of head/spouse,Female,26,7,92,3,Sinhala,Buddhist,Widowed,Does not attend,Passed Grade 5,Other,No,356.6815804,1926
11,1,3,111,111023,6,1,1,1,1,Yes,Head of the household,Male,80,5,38,1,Sinhala,Buddhist,Currently Married (Registered),Does not attend,Passed G.C.E (A/L) or equivalent,Engaged in economic activity,Yes,409.9176372,1980
11,1,3,111,111023,6,1,1,1,2,Yes,Wife/Husband,Female,84,8,34,1,Sinhala,Buddhist,Currently Married (Registered),Does not attend,Passed G.C.E (A/L) or equivalent,Student,No,409.9176372,1984
11,1,3,111,111023,6,1,1,1,3,Yes,Son/Daughter,Female,9,7,9,1,Sinhala,Buddhist,Never Married,School,Passed Grade 4,Engaged in economic activity,No,409.9176372,2009
11,1,3,111,111023,10,1,1,1,1,Yes,Head of the household,Female,48,1,71,1,Sinhala,Buddhist,Currently Married (Registered),Does not attend,Passed Grade 10,Student,No,409.9176372,1948
11,1,3,111,111023,10,1,1,1,2,Yes,Wife/Husband,Male,50,2,69,1,Sinhala,Buddhist,Currently Married (Registered),Does not attend,Passed Degree,"Retired (Private, no pension)",No,409.9176372,1950
11,1,3,111,111023,10,1,1,1,3,Yes,Son/Daughter,Male,74,12,44,1,Sinhala,Buddhist,Currently Married (Registered),Does not attend,Passed G.C.E (O/L) or equivalent,Engaged in economic activity,Yes,409.9176372,1974
11,1,3,111,111023,10,1,1,1,4,Yes,Other Relative,Female,85,10,33,1,Sinhala,Buddhist,Currently Married (Registered),Does not attend,Passed G.C.E (O/L) or equivalent,Student,No,409.9176372,1985
11,1,3,111,111023,10,1,1,1,5,Yes,Other Relative,Male,4,5,14,1,Sinhala,Buddhist,Never Married,School,Passed Grade 9,Engaged in economic activity,No,409.9176372,2004
11,1,3,111,111023,10,1,1,1,6,Yes,Other Relative,Female,7,7,11,1,Sinhala,Buddhist,Never Married,School,Passed Grade 6,Engaged in economic activity,No,409.9176372,2007
11,1,3,111,111023,10,1,1,1,7,Yes,Other Relative,Female,17,1,2,1,Sinhala,Buddhist,Never Married,Does not attend,Passed Grade 10,Engaged in economic activity,No,409.9176372,2017
11,1,3,111,111024,7,1,1,1,1,Yes,Head of the household,Male,75,8,43,1,Sinhala,Buddhist,Currently Married (Registered),Does not attend,Passed G.C.E (O/L) or equivalent,Engaged in economic activity,Yes,470.7188179,1975
11,1,3,111,111024,7,1,1,1,2,Yes,Wife/Husband,Female,81,1,38,1,Sinhala,Buddhist,Currently Married (Registered),Does not attend,Passed G.C.E (A/L) or equivalent,Student,No,470.7188179,1981
11,1,3,111,111024,7,1,1,1,3,Yes,Son/Daughter,Female,4,8,14,1,Sinhala,Buddhist,Never Married,School,Passed Grade 9,Engaged in economic activity,No,470.7188179,2004
11,1,3,111,111024,7,1,1,1,4,Yes,Son/Daughter,Male,8,4,10,1,Sinhala,Buddhist,Never Married,School,Passed Grade 5,Engaged in economic activity,No,470.7188179,2008
11,1,3,111,111024,7,1,1,1,5,Yes,Son/Daughter,Male,13,5,5,1,Sinhala,Buddhist,Never Married,School,Studying/Studied Grade 1,Engaged in economic activity,No,470.7188179,2013
11,1,3,111,111024,7,1,1,1,6,Yes,Parent of head/spouse,Female,53,2,66,1,Sinhala,Buddhist,Widowed,Does not attend,Passed Grade 4,Other,No,470.7188179,1953
11,2,3,112,111025,2,1,1,1,1,Yes,Head of the household,Male,66,4,52,1,Sinhala,Buddhist,Currently Married (Registered),Does not attend,Passed Grade 10,"Retired (Private, no pension)",No,277.1805896,1966
11,2,3,112,111025,2,1,1,1,2,Yes,Wife/Husband,Female,66,5,52,1,Sinhala,Buddhist,Currently Married (Registered),Does not attend,Passed Grade 10,Student,No,277.1805896,1966
11,2,3,112,111025,2,1,1,1,3,Yes,Son/Daughter,Male,98,2,21,1,Sinhala,Buddhist,Never Married,Does not attend,Passed G.C.E (A/L) or equivalent,Seeking work,No,277.1805896,1998
11,2,3,112,111025,2,1,1,1,4,Yes,Other Relative,Female,25,8,93,1,Sinhala,Buddhist,Widowed,Does not attend,Passed Grade 10,Other,No,277.1805896,1925
11,2,3,112,111025,6,1,1,1,1,Yes,Head of the household,Male,65,7,53,1,Sinhala,Buddhist,Currently Married (Registered),Does not attend,Passed G.C.E (A/L) or equivalent,Engaged in economic activity,Yes,277.1805896,1965
11,2,3,112,111025,6,1,1,1,2,Yes,Wife/Husband,Female,64,10,54,1,Sinhala,Buddhist,Currently Married (Registered),Does not attend,Passed G.C.E (A/L) or equivalent,Student,No,277.1805896,1964
11,2,3,112,111025,6,1,1,1,3,Yes,Son/Daughter,Female,97,7,21,1,Sinhala,Buddhist,Never Married,University,Passed G.C.E (A/L) or equivalent,Too old / Disabled,No,277.1805896,1997
11,2,3,112,111025,6,1,1,1,4,Yes,Son/Daughter,Male,1,1,18,1,Sinhala,Buddhist,Never Married,School,Passed G.C.E (O/L) or equivalent,Too old / Disabled,No,277.1805896,2001
11,2,3,112,111025,10,1,1,1,1,Yes,Head of the household,Female,74,8,44,1,Sinhala,Buddhist,Currently Married (Registered),Does not attend,Passed G.C.E (A/L) or equivalent,Student,No,277.1805896,1974
11,2,3,112,111025,10,1,1,1,2,Yes,Son/Daughter,Male,1,9,17,1,Sinhala,Buddhist,Never Married,School,Passed G.C.E (O/L) or equivalent,Too old / Disabled,No,277.1805896,2001
11,2,3,112,111025,10,1,1,1,3,Yes,Son/Daughter,Male,90,4,28,1,Sinhala,Buddhist,Currently Married (Registered),Does not attend,Passed G.C.E (A/L) or equivalent,Engaged in economic activity,Yes,277.1805896,1990
11,2,3,112,111025,10,1,1,1,4,Yes,Other Relative,Female,92,12,26,1,Sinhala,Buddhist,Currently Married (Registered),Does not attend,Passed G.C.E (A/L) or equivalent,Student,No,277.1805896,1992
11,2,3,112,111025,10,1,1,1,5,Yes,Parent of head/spouse,Female,42,11,76,1,Sinhala,Buddhist,Widowed,Does not attend,Passed Grade 5,Other,No,277.1805896,1942
11,2,3,112,111025,10,1,1,1,6,Now,Wife/Husband,Male,61,8,57,1,Sinhala,Buddhist,Currently Married (Registered),Does not attend,Passed G.C.E (A/L) or equivalent,Engaged in economic activity,No,277.1805896,1961
11,2,3,112,111025,10,1,1,1,7,Now,Son/Daughter,Male,94,10,24,1,Sinhala,Buddhist,Never Married,Does not attend,Passed G.C.E (A/L) or equivalent,Engaged in economic activity,No,277.1805896,1994
11,2,3,112,111026,7,1,1,1,1,Yes,Head of the household,Male,56,10,62,1,Sinhala,Buddhist,Currently Married (Registered),Does not attend,Passed Grade 10,Engaged in economic activity,Yes,234.4820265,1956
11,2,3,112,111026,7,1,1,1,2,Yes,Wife/Husband,Female,55,7,63,1,Sinhala,Buddhist,Currently Married (Registered),Does not attend,Passed Grade 10,Student,No,234.4820265,1955
11,2,3,112,111026,7,1,1,1,3,Yes,Son/Daughter,Female,78,9,40,1,Sinhala,Buddhist,Currently Married (Registered),Does not attend,Passed Grade 12,Engaged in economic activity,Yes,234.4820265,1978
11,2,3,112,111026,7,1,1,1,4,Yes,Son/Daughter,Male,85,5,33,1,Sinhala,Buddhist,Currently Married (Registered),Does not attend,Passed Grade 12,Engaged in economic activity,Yes,234.4820265,1985
11,2,3,112,111026,7,1,1,1,5,Yes,Son/Daughter,Male,94,3,25,1,Sinhala,Buddhist,Never Married,Does not attend,Passed Degree,Engaged in economic activity,Yes,234.4820265,1994
11,2,3,112,111026,7,1,1,1,6,Yes,Other Relative,Male,74,8,44,1,Sinhala,Buddhist,Currently Married (Registered),Does not attend,Passed Grade 12,Engaged in economic activity,Yes,234.4820265,1974
11,2,3,112,111026,7,1,1,1,7,Yes,Other Relative,Female,88,3,31,1,Sinhala,Buddhist,Currently Married (Registered),Does not attend,Passed Degree,Engaged in economic activity,Yes,234.4820265,1988
11,2,3,112,111026,7,1,1,1,8,Yes,Other Relative,Female,16,6,2,1,Sinhala,Buddhist,Never Married,Does not attend,Passed Grade 10,Engaged in economic activity,No,234.4820265,2016
11,2,3,112,111027,1,1,1,1,1,Yes,Head of the household,Male,83,2,36,1,Sinhala,Buddhist,Currently Married (Registered),Does not attend,Passed G.C.E (A/L) or equivalent,Engaged in economic activity,Yes,344.7330607,1983
11,2,3,112,111027,1,1,1,1,2,Yes,Wife/Husband,Female,88,10,30,1,Sinhala,Buddhist,Currently Married (Registered),Does not attend,Passed G.C.E (A/L) or equivalent,Engaged in economic activity,Yes,344.7330607,1988
11,2,3,112,111027,1,1,1,1,3,Yes,Son/Daughter,Male,14,8,4,1,Sinhala,Buddhist,Never Married,Pre School,Passed Grade 10,Engaged in economic activity,No,344.7330607,2014
11,2,3,112,111027,1,1,1,1,4,Yes,Son/Daughter,Female,17,2,2,1,Sinhala,Buddhist,Never Married,Does not attend,Passed Grade 10,Engaged in economic activity,No,344.7330607,2017
11,2,3,112,111027,1,1,1,1,5,Yes,Parent of head/spouse,Female,54,1,65,1,Sinhala,Buddhist,Widowed,Does not attend,Passed Grade 7,Student,No,344.7330607,1954
11,2,3,112,111027,7,1,1,1,1,Yes,Head of the household,Male,80,9,38,1,Sinhala,Buddhist,Currently Married (Registered),Does not attend,Passed G.C.E (O/L) or equivalent,Engaged in economic activity,Yes,344.7330607,1980
11,2,3,112,111027,7,1,1,1,2,Yes,Wife/Husband,Female,82,9,36,1,Sinhala,Buddhist,Currently Married (Registered),Does not attend,Passed G.C.E (O/L) or equivalent,Student,No,344.7330607,1982
11,2,3,112,111027,7,1,1,1,3,Yes,Son/Daughter,Female,10,6,8,1,Sinhala,Buddhist,Never Married,School,Passed Grade 3,Engaged in economic activity,No,344.7330607,2010
11,2,3,112,111027,7,1,1,1,4,Yes,Son/Daughter,Male,12,1,7,1,Sinhala,Buddhist,Never Married,School,Passed Grade 2,Engaged in economic activity,No,344.7330607,2012
11,1,3,111,111028,2,1,1,1,1,Yes,Head of the household,Male,82,2,37,1,Sri Lankan Moors/Muslim,Islam,Currently Married (Registered),Does not attend,Passed G.C.E (O/L) or equivalent,Engaged in economic activity,Yes,411.9575235,1982
11,1,3,111,111028,2,1,1,1,2,Yes,Wife/Husband,Female,82,5,36,1,Sri Lankan Moors/Muslim,Islam,Currently Married (Registered),Does not attend,Passed Degree,Engaged in economic activity,Yes,411.9575235,1982
11,1,3,111,111028,2,1,1,1,3,Yes,Son/Daughter,Female,8,8,10,1,Sri Lankan Moors/Muslim,Islam,Never Married,School,Passed Grade 5,Engaged in economic activity,No,411.9575235,2008
11,1,3,111,111028,2,1,1,1,4,Yes,Son/Daughter,Female,12,8,6,1,Sri Lankan Moors/Muslim,Islam,Never Married,School,Passed Grade 2,Engaged in economic activity,No,411.9575235,2012
11,1,3,111,111028,2,1,1,1,5,Yes,Son/Daughter,Male,16,4,2,1,Sri Lankan Moors/Muslim,Islam,Never Married,Does not attend,Passed Grade 10,Engaged in economic activity,No,411.9575235,2016
11,1,3,111,111028,2,1,1,1,6,Yes,Domestic Servant/Driver/Watcher,Female,86,2,33,1,Sri Lankan Tamil,Hindu,Currently Married (Registered),Does not attend,Passed Grade 10,Engaged in economic activity,Yes,411.9575235,1986
11,1,3,111,111028,2,1,1,1,7,Yes,Domestic Servant/Driver/Watcher,Female,83,2,36,1,Sinhala,Buddhist,Currently Married (Registered),Does not attend,Passed Grade 10,Engaged in economic activity,Yes,411.9575235,1983
11,1,3,111,111028,8,1,1,1,1,Yes,Head of the household,Male,53,11,65,1,Sinhala,Buddhist,Currently Married (Registered),Does not attend,Passed Grade 8,Household activities,No,411.9575235,1953
11,1,3,111,111028,8,1,1,1,2,Yes,Wife/Husband,Female,56,10,62,1,Sinhala,Buddhist,Currently Married (Registered),Does not attend,Passed Grade 7,Engaged in economic activity,Yes,411.9575235,1956
11,1,3,111,111028,8,1,1,1,3,Yes,Son/Daughter,Female,85,3,34,1,Sinhala,Buddhist,Never Married,Does not attend,Passed G.C.E (A/L) or equivalent,Engaged in economic activity,Yes,411.9575235,1985
11,1,3,111,111028,8,1,1,1,4,Now,Son/Daughter,Male,97,3,22,1,Sinhala,Buddhist,Never Married,Does not attend,Passed G.C.E (A/L) or equivalent,Engaged in economic activity,No,411.9575235,1997
11,2,3,112,111029,1,1,1,1,1,Yes,Head of the household,Male,92,3,27,1,Sinhala,Buddhist,Currently Married (Registered),Does not attend,Passed Grade 10,Engaged in economic activity,Yes,287.0910067,1992
11,2,3,112,111029,1,1,1,1,2,Now,Wife/Husband,Female,93,8,25,1,Sinhala,Buddhist,Currently Married (Registered),Does not attend,Passed G.C.E (A/L) or equivalent,Engaged in economic activity,No,287.0910067,1993
11,2,3,112,111029,1,1,1,1,3,Now,Son/Daughter,Male,16,11,2,1,Sinhala,Buddhist,Never Married,Does not attend,Passed Grade 10,Engaged in economic activity,No,287.0910067,2016
11,2,3,112,111029,5,1,1,1,1,Yes,Head of the household,Male,59,3,60,1,Sinhala,Buddhist,Widowed,Does not attend,Passed Grade 7,Student,No,287.0910067,1959
11,2,3,112,111029,5,1,1,1,2,Yes,Son/Daughter,Female,98,9,21,1,Sinhala,Buddhist,Never Married,Does not attend,Passed G.C.E (A/L) or equivalent,Engaged in economic activity,Yes,287.0910067,1998
11,1,3,111,111030,3,1,1,1,1,Yes,Head of the household,Female,41,4,77,1,Sinhala,Buddhist,Widowed,Does not attend,Passed Grade 8,Student,No,257.1301543,1941
11,1,3,111,111030,3,1,1,1,2,Yes,Son/Daughter,Female,66,7,52,1,Sinhala,Buddhist,Never Married,Does not attend,Passed G.C.E (A/L) or equivalent,Engaged in economic activity,Yes,257.1301543,1966
11,1,3,111,111030,8,1,1,1,1,Yes,Head of the household,Male,82,11,36,1,Sinhala,Buddhist,Currently Married (Registered),Does not attend,Passed Grade 8,Engaged in economic activity,Yes,257.1301543,1982
11,1,3,111,111030,8,1,1,1,2,Yes,Wife/Husband,Female,86,7,32,1,Sinhala,Buddhist,Currently Married (Registered),Does not attend,Passed Grade 10,Student,No,257.1301543,1986
11,1,3,111,111030,8,1,1,1,3,Yes,Son/Daughter,Female,7,7,11,1,Sinhala,Buddhist,Never Married,School,Passed Grade 6,Engaged in economic activity,No,257.1301543,2007
11,1,3,111,111031,2,1,1,1,1,Yes,Head of the household,Female,66,9,52,1,Sri Lankan Tamil,Other Christian,Widowed,Does not attend,Passed Grade 9,Engaged in economic activity,Yes,461.6081311,1966
11,1,3,111,111031,2,1,1,1,2,Yes,Son/Daughter,Male,96,5,22,1,Sri Lankan Tamil,Other Christian,Never Married,Does not attend,Passed Grade 10,Other,No,461.6081311,1996
11,1,3,111,111031,9,1,1,1,1,Yes,Head of the household,Male,62,8,56,1,Sinhala,Buddhist,Widowed,Does not attend,Passed Grade 9,Engaged in economic activity,Yes,461.6081311,1962
11,1,3,111,111031,9,1,1,1,2,Yes,Son/Daughter,Male,81,7,37,1,Sinhala,Buddhist,Never Married,Does not attend,Passed Grade 10,Engaged in economic activity,Yes,461.6081311,1981
11,1,3,111,111031,9,1,1,1,3,Yes,Son/Daughter,Male,88,4,30,1,Sinhala,Buddhist,Never Married,Does not attend,Passed Grade 9,Engaged in economic activity,Yes,461.6081311,1988
11,1,3,111,111031,9,1,1,1,4,Yes,Son/Daughter,Male,85,3,34,1,Sinhala,Buddhist,Never Married,Does not attend,Passed Grade 9,Engaged in economic activity,Yes,461.6081311,1985
11,1,4,111,111032,5,1,1,1,1,Yes,Head of the household,Male,76,9,42,1,Sinhala,Buddhist,Never Married,Does not attend,Passed Grade 7,Engaged in economic activity,No,226.7406137,1976
11,1,4,111,111032,10,1,1,1,1,Yes,Head of the household,Male,89,8,29,1,Sinhala,Buddhist,Currently Married (Registered),Does not attend,Passed Grade 9,Engaged in economic activity,Yes,226.7406137,1989
11,1,4,111,111032,10,1,1,1,2,Yes,Wife/Husband,Female,93,11,25,1,Sri Lankan Tamil,Hindu,Currently Married (Registered),Does not attend,Passed Grade 10,Student,No,226.7406137,1993
11,1,4,111,111032,10,1,1,1,3,Yes,Son/Daughter,Female,15,6,3,1,Sri Lankan Tamil,Hindu,Never Married,Pre School,Passed Grade 10,Engaged in economic activity,No,226.7406137,2015
11,1,3,111,111033,7,1,1,1,1,Yes,Head of the household,Male,62,12,56,1,Sinhala,Other Christian,Currently Married (Registered),Does not attend,Passed G.C.E (A/L) or equivalent,Engaged in economic activity,Yes,212.828732,1962
11,1,3,111,111033,7,1,1,1,2,Yes,Wife/Husband,Female,66,6,52,1,Sinhala,Roman Catholic,Currently Married (Registered),Does not attend,Passed G.C.E (A/L) or equivalent,Student,No,212.828732,1966
11,1,3,111,111033,7,1,1,1,3,Yes,Son/Daughter,Female,95,5,23,1,Sinhala,Roman Catholic,Never Married,Does not attend,Passed G.C.E (A/L) or equivalent,Engaged in economic activity,Yes,212.828732,1995
11,1,3,111,111033,7,1,1,1,4,Yes,Son/Daughter,Female,99,12,19,1,Sinhala,Roman Catholic,Never Married,Does not attend,Passed G.C.E (A/L) or equivalent,Engaged in economic activity,Yes,212.828732,1999
11,1,3,111,111033,7,1,1,1,5,Yes,Son/Daughter,Female,3,8,15,1,Sinhala,Roman Catholic,Never Married,School,Passed Grade 10,Too old / Disabled,No,212.828732,2003
11,2,4,112,111034,1,1,1,1,1,Yes,Head of the household,Male,73,4,46,1,Sinhala,Buddhist,Currently Married (Registered),Does not attend,Passed G.C.E (O/L) or equivalent,Engaged in economic activity,Yes,240.081953,1973
11,2,4,112,111034,1,1,1,1,2,Yes,Wife/Husband,Female,76,3,43,1,Sinhala,Buddhist,Currently Married (Registered),Does not attend,Passed G.C.E (A/L) or equivalent,Student,No,240.081953,1976
11,2,4,112,111034,1,1,1,1,3,Yes,Son/Daughter,Male,14,4,5,1,Sinhala,Buddhist,Never Married,Pre School,No Schooling,Engaged in economic activity,No,240.081953,2014
11,2,4,112,111034,5,1,1,1,1,Yes,Head of the household,Female,47,8,71,1,Sinhala,Buddhist,Widowed,Does not attend,Passed G.C.E (O/L) or equivalent,"Retired (Private, no pension)",No,240.081953,1947
11,2,4,112,111034,5,1,1,1,2,Yes,Son/Daughter,Male,75,11,43,1,Sinhala,Buddhist,Never Married,Does not attend,Passed Grade 10,Engaged in economic activity,Yes,240.081953,1975
11,1,4,111,111035,4,1,1,1,1,Yes,Head of the household,Male,71,12,47,1,Sri Lankan Tamil,Hindu,Currently Married (Registered),Does not attend,Passed G.C.E (O/L) or equivalent,Engaged in economic activity,Yes,306.7169652,1971
11,1,4,111,111035,4,1,1,1,2,Yes,Wife/Husband,Female,85,3,34,1,Sri Lankan Tamil,Hindu,Currently Married (Registered),Does not attend,Passed G.C.E (O/L) or equivalent,Student,No,306.7169652,1985
11,1,4,111,111035,4,1,1,1,3,Yes,Son/Daughter,Female,8,6,10,1,Sri Lankan Tamil,Hindu,Never Married,School,Passed Grade 5,Engaged in economic activity,No,306.7169652,2008
11,1,4,111,111035,4,1,1,1,4,Yes,Son/Daughter,Female,11,11,7,1,Sri Lankan Tamil,Hindu,Never Married,School,Passed Grade 2,Engaged in economic activity,No,306.7169652,2011
11,1,4,111,111035,9,1,1,1,1,Yes,Head of the household,Male,86,4,33,1,Sri Lankan Tamil,Hindu,Currently Married (Registered),Does not attend,Passed G.C.E (A/L) or equivalent,Engaged in economic activity,Yes,306.7169652,1986
11,1,4,111,111035,9,1,1,1,2,Yes,Wife/Husband,Female,91,10,27,1,Sri Lankan Tamil,Hindu,Currently Married (Registered),Does not attend,Passed G.C.E (A/L) or equivalent,Student,No,306.7169652,1991
11,1,4,111,111035,9,1,1,1,3,Yes,Son/Daughter,Male,15,3,4,1,Sri Lankan Tamil,Hindu,Never Married,Pre School,Passed Grade 10,Engaged in economic activity,No,306.7169652,2015
11,1,4,111,111035,9,1,1,1,4,Yes,Parent of head/spouse,Male,59,4,60,1,Sri Lankan Tamil,Hindu,Currently Married (Registered),Does not attend,Passed Grade 8,Received pension payments,No,306.7169652,1959
11,1,4,111,111035,9,1,1,1,5,Yes,Parent of head/spouse,Female,63,10,55,1,Sri Lankan Tamil,Hindu,Currently Married (Registered),Does not attend,Passed G.C.E (A/L) or equivalent,Student,No,306.7169652,1963
11,1,4,111,111036,3,1,1,1,1,Yes,Head of the household,Female,59,7,59,1,Sinhala,Buddhist,Widowed,Does not attend,Passed Grade 8,Engaged in economic activity,Yes,349.4790551,1959
11,1,4,111,111036,3,1,1,1,2,Yes,Son/Daughter,Male,79,1,40,1,Sinhala,Buddhist,Never Married,Does not attend,Passed Grade 10,Engaged in economic activity,Yes,349.4790551,1979
11,1,4,111,111036,3,1,1,1,3,Yes,Other Relative,Male,69,2,50,1,Sinhala,Buddhist,Currently Married (Registered),Does not attend,Passed Grade 6,Engaged in economic activity,No,349.4790551,1969
11,1,4,111,111036,3,1,1,1,4,Yes,Other Relative,Male,71,3,48,1,Sinhala,Buddhist,Currently Married (Registered),Does not attend,Passed Grade 5,Engaged in economic activity,No,349.4790551,1971
11,1,4,111,111036,3,1,1,1,5,Yes,Other Relative,Female,24,4,95,1,Sinhala,Buddhist,Widowed,Does not attend,Passed Grade 2,Other,No,349.4790551,1924
11,1,4,111,111036,8,1,1,1,1,Yes,Head of the household,Male,58,2,61,1,Sinhala,Buddhist,Currently Married (Registered),Does not attend,Passed Post Graduate Degree/Diploma,Retired (Government pension),Yes,349.4790551,1958
11,1,4,111,111036,8,1,1,1,2,Yes,Wife/Husband,Female,57,4,62,1,Sinhala,Buddhist,Currently Married (Registered),Does not attend,Passed G.C.E (A/L) or equivalent,Engaged in economic activity,Yes,349.4790551,1957
11,1,4,111,111036,8,1,1,1,3,Yes,Other Relative,Female,96,1,23,1,Sinhala,Buddhist,Never Married,University,Passed G.C.E (A/L) or equivalent,Too old / Disabled,No,349.4790551,1996
11,1,4,111,111037,5,1,1,1,1,Yes,Head of the household,Male,75,9,43,1,Sinhala,Buddhist,Currently Married (Registered),Does not attend,Passed G.C.E (O/L) or equivalent,Engaged in economic activity,Yes,302.708409,1975
11,1,4,111,111037,5,1,1,1,2,Yes,Wife/Husband,Female,77,7,41,1,Sinhala,Buddhist,Currently Married (Registered),Does not attend,Passed G.C.E (O/L) or equivalent,Engaged in economic activity,Yes,302.708409,1977
11,1,4,111,111037,5,1,1,1,3,Yes,Son/Daughter,Male,6,1,13,1,Sinhala,Buddhist,Never Married,School,Passed Grade 8,Engaged in economic activity,No,302.708409,2006
11,1,4,111,111037,5,1,1,1,4,Yes,Son/Daughter,Male,12,1,7,1,Sinhala,Buddhist,Never Married,School,Passed Grade 2,Engaged in economic activity,No,302.708409,2012
11,1,4,111,111037,9,1,1,1,1,Yes,Head of the household,Female,42,5,76,1,Sinhala,Buddhist,Widowed,Does not attend,Passed Grade 5,Other,No,302.708409,1942
11,1,4,111,111037,9,1,1,1,2,Yes,Other Relative,Male,84,6,34,1,Sinhala,Buddhist,Never Married,Does not attend,Passed Grade 10,Engaged in economic activity,Yes,302.708409,1984
11,1,4,111,111037,9,1,1,1,3,Yes,Other Relative,Male,87,4,32,1,Sinhala,Buddhist,Never Married,Does not attend,Passed Grade 10,Engaged in economic activity,Yes,302.708409,1987
11,1,4,111,111038,3,1,1,1,1,Yes,Head of the household,Female,60,5,58,1,Sinhala,Other Christian,Widowed,Does not attend,Passed G.C.E (A/L) or equivalent,"Retired (Private, no pension)",No,379.0407243,1960
11,1,4,111,111038,3,1,1,1,2,Yes,Son/Daughter,Female,90,3,29,1,Sinhala,Other Christian,Never Married,Does not attend,Passed Degree,Engaged in economic activity,Yes,379.0407243,1990
11,1,4,111,111038,3,1,1,1,3,Yes,Son/Daughter,Female,93,12,25,1,Sinhala,Other Christian,Never Married,Does not attend,Passed Degree,Engaged in economic activity,Yes,379.0407243,1993
11,1,4,111,111038,3,1,1,1,4,Yes,Parent of head/spouse,Female,38,3,81,1,Sinhala,Roman Catholic,Widowed,Does not attend,Passed Grade 10,Other,No,379.0407243,1938
11,2,4,112,111039,1,1,1,1,1,Yes,Head of the household,Female,56,12,62,1,Sinhala,Buddhist,Never Married,Does not attend,No Schooling,Other,No,301.5425941,1956
11,2,4,112,111039,5,1,1,1,1,Yes,Head of the household,Male,59,9,59,1,Sinhala,Buddhist,Currently Married (Registered),Does not attend,Passed Grade 8,Other,No,301.5425941,1959
11,2,4,112,111039,5,1,1,1,2,Yes,Wife/Husband,Female,62,2,57,1,Sinhala,Buddhist,Currently Married (Registered),Does not attend,Passed Grade 3,Engaged in economic activity,Yes,301.5425941,1962
11,2,4,112,111039,5,1,1,1,3,Yes,Son/Daughter,Male,87,8,31,1,Sinhala,Buddhist,Currently Married (Registered),Does not attend,Passed G.C.E (O/L) or equivalent,Engaged in economic activity,Yes,301.5425941,1987
11,2,4,112,111039,5,1,1,1,4,Yes,Other Relative,Female,85,3,34,1,Sinhala,Buddhist,Currently Married (Registered),Does not attend,Passed G.C.E (O/L) or equivalent,Student,No,301.5425941,1985
11,2,4,112,111039,5,1,1,1,5,Yes,Other Relative,Female,12,8,6,1,Sinhala,Buddhist,Never Married,School,Passed Grade 1,Engaged in economic activity,No,301.5425941,2012
11,2,4,112,111039,5,1,1,1,6,Yes,Other Relative,Male,16,3,3,1,Sinhala,Buddhist,Never Married,Does not attend,Passed Grade 10,Engaged in economic activity,No,301.5425941,2016
11,2,4,112,111039,5,1,1,1,7,Now,Son/Daughter,Male,83,3,36,1,Sinhala,Buddhist,Never Married,Does not attend,Passed Grade 10,Engaged in economic activity,No,301.5425941,1983
11,1,4,111,111040,1,1,1,1,1,Yes,Head of the household,Male,80,12,38,1,Sinhala,Other Christian,Currently Married (Registered),Does not attend,Passed Grade 4,Engaged in economic activity,Yes,303.9446117,1980
11,1,4,111,111040,1,1,1,1,2,Yes,Wife/Husband,Female,85,3,34,1,Sinhala,Buddhist,Currently Married (Registered),Does not attend,Passed Grade 9,Student,No,303.9446117,1985
11,1,4,111,111040,1,1,1,1,3,Yes,Son/Daughter,Male,1,11,17,1,Sinhala,Other Christian,Never Married,School,Passed G.C.E (O/L) or equivalent,Too old / Disabled,No,303.9446117,2001
11,1,4,111,111040,1,1,1,1,4,Now,Son/Daughter,Male,9,4,10,1,Sinhala,Other Christian,Never Married,School,Passed Grade 3,Engaged in economic activity,No,303.9446117,2009
11,1,4,111,111040,1,1,1,1,5,Yes,Son/Daughter,Female,15,2,4,1,Sinhala,Other Christian,Never Married,Pre School,Passed Grade 10,Engaged in economic activity,No,303.9446117,2015
11,1,4,111,111040,5,1,1,1,1,Yes,Head of the household,Male,55,1,64,1,Sinhala,Buddhist,Currently Married (Registered),Does not attend,Passed Grade 1,Engaged in economic activity,Yes,303.9446117,1955
11,1,4,111,111040,5,1,1,1,2,Yes,Wife/Husband,Female,57,12,61,1,Sinhala,Other Christian,Currently Married (Registered),Does not attend,Passed Grade 7,Student,No,303.9446117,1957
11,1,4,111,111040,5,1,1,1,3,Yes,Other Relative,Male,81,3,38,1,Sinhala,Buddhist,Currently Married (Registered),Does not attend,Passed Grade 10,Engaged in economic activity,Yes,303.9446117,1981
11,1,4,111,111040,5,1,1,1,4,Yes,Son/Daughter,Female,79,7,39,1,Sinhala,Buddhist,Currently Married (Registered),Does not attend,Passed Grade 10,Student,No,303.9446117,1979
11,1,4,111,111040,5,1,1,1,5,Yes,Son/Daughter,Male,91,12,27,1,Sinhala,Buddhist,Currently Married (Registered),Does not attend,Passed Grade 10,Engaged in economic activity,Yes,303.9446117,1991
11,1,4,111,111040,5,1,1,1,6,Yes,Other Relative,Female,93,9,25,1,Sinhala,Buddhist,Currently Married (Registered),Does not attend,Passed Grade 10,Student,No,303.9446117,1993
11,1,4,111,111040,5,1,1,1,7,Yes,Other Relative,Male,0,12,18,1,Sinhala,Buddhist,Never Married,School,Passed Grade 12,Too old / Disabled,No,303.9446117,2000
11,1,4,111,111040,5,1,1,1,8,Yes,Other Relative,Male,11,6,7,1,Sinhala,Buddhist,Never Married,School,Passed Grade 2,Engaged in economic activity,No,303.9446117,2011
11,1,4,111,111041,2,1,1,1,1,Yes,Head of the household,Male,57,4,62,1,Sinhala,Roman Catholic,Currently Married (Registered),Does not attend,Passed G.C.E (A/L) or equivalent,Engaged in economic activity,Yes,303.9446117,1957
11,1,4,111,111041,2,1,1,1,2,Yes,Wife/Husband,Female,62,5,56,1,Sinhala,Roman Catholic,Currently Married (Registered),Does not attend,Passed Degree,Engaged in economic activity,Yes,303.9446117,1962
11,1,4,111,111041,2,1,1,1,3,Yes,Son/Daughter,Female,90,6,28,1,Sinhala,Roman Catholic,Never Married,University,Passed Post Graduate Degree/Diploma,Seeking work,No,303.9446117,1990
11,1,4,111,111041,2,1,1,1,4,Yes,Son/Daughter,Female,92,12,26,1,Sinhala,Roman Catholic,Never Married,Does not attend,Passed Degree,Engaged in economic activity,Yes,303.9446117,1992
11,1,4,111,111041,2,1,1,1,5,Yes,Domestic Servant/Driver/Watcher,Female,83,4,36,1,Sri Lankan Tamil,Hindu,Never Married,Does not attend,Passed Grade 10,Engaged in economic activity,Yes,303.9446117,1983
11,1,4,111,111041,2,1,1,1,6,Now,Son/Daughter,Female,99,4,20,1,Sinhala,Roman Catholic,Never Married,University,Passed G.C.E (A/L) or equivalent,Engaged in economic activity,No,303.9446117,1999
11,1,4,111,111041,6,1,1,1,1,Yes,Head of the household,Male,69,12,49,1,Sinhala,Buddhist,Currently Married (Registered),Does not attend,Passed G.C.E (A/L) or equivalent,Engaged in economic activity,Yes,303.9446117,1969
11,1,4,111,111041,6,1,1,1,2,Yes,Wife/Husband,Female,70,6,48,1,Sinhala,Buddhist,Currently Married (Registered),Does not attend,Passed G.C.E (A/L) or equivalent,Student,No,303.9446117,1970
11,1,4,111,111041,6,1,1,1,3,Yes,Son/Daughter,Female,95,12,23,1,Sinhala,Buddhist,Never Married,Does not attend,Passed G.C.E (A/L) or equivalent,Engaged in economic activity,Yes,303.9446117,1995
11,1,4,111,111041,6,1,1,1,4,Yes,Son/Daughter,Male,5,9,13,1,Sinhala,Buddhist,Never Married,School,Passed Grade 8,Engaged in economic activity,No,303.9446117,2005
11,1,4,111,111041,6,1,1,1,5,Yes,Other Relative,Female,44,11,74,1,Sinhala,Buddhist,Widowed,Does not attend,Passed G.C.E (O/L) or equivalent,Student,No,303.9446117,1944
11,1,4,111,111042,1,1,1,1,1,Yes,Head of the household,Male,62,10,56,1,Sinhala,Buddhist,Currently Married (Registered),Does not attend,Passed Degree,Engaged in economic activity,Yes,347.2243515,1962
11,1,4,111,111042,1,1,1,1,2,Yes,Wife/Husband,Female,62,6,56,1,Sinhala,Buddhist,Currently Married (Registered),Does not attend,Passed G.C.E (A/L) or equivalent,Engaged in economic activity,Yes,347.2243515,1962
11,1,4,111,111042,1,1,1,1,3,Yes,Son/Daughter,Female,86,12,32,1,Sinhala,Buddhist,Never Married,Other educational institution,Passed Degree,Engaged in economic activity,Yes,347.2243515,1986
11,1,4,111,111042,1,1,1,1,4,Yes,Domestic Servant/Driver/Watcher,Male,74,3,45,1,Sinhala,Buddhist,Currently Married (Registered),Does not attend,Passed Grade 10,Engaged in economic activity,Yes,347.2243515,1974
11,1,4,111,111042,10,1,1,1,1,Yes,Head of the household,Male,87,8,31,1,Sinhala,Buddhist,Currently Married (Registered),Does not attend,Passed Grade 10,Student,No,347.2243515,1987
11,1,4,111,111042,10,1,1,1,2,Yes,Wife/Husband,Female,85,10,33,1,Sinhala,Buddhist,Currently Married (Registered),Does not attend,Passed Grade 10,Engaged in economic activity,Yes,347.2243515,1985
11,1,4,111,111042,10,1,1,1,3,Yes,Son/Daughter,Male,13,7,5,1,Sinhala,Buddhist,Never Married,School,Passed Grade 1,Engaged in economic activity,No,347.2243515,2013
11,1,5,111,111043,6,1,1,1,1,Yes,Head of the household,Male,61,8,57,1,Sinhala,Buddhist,Currently Married (Registered),Does not attend,Passed G.C.E (A/L) or equivalent,"Retired (Private, no pension)",No,392.42579,1961
11,1,5,111,111043,6,1,1,1,2,Yes,Wife/Husband,Female,53,10,65,1,Sinhala,Buddhist,Currently Married (Registered),Does not attend,Passed G.C.E (O/L) or equivalent,Engaged in economic activity,Yes,392.42579,1953
11,1,5,111,111043,6,1,1,1,3,Yes,Son/Daughter,Male,79,5,40,1,Sinhala,Buddhist,Currently Married (Registered),Does not attend,Passed G.C.E (A/L) or equivalent,Engaged in economic activity,Yes,392.42579,1979
11,1,5,111,111043,6,1,1,1,4,Yes,Other Relative,Female,83,11,35,1,Sinhala,Buddhist,Currently Married (Registered),Does not attend,Passed Degree,Engaged in economic activity,Yes,392.42579,1983
11,1,5,111,111043,6,1,1,1,5,Yes,Other Relative,Female,17,10,1,1,Sinhala,Buddhist,Never Married,Does not attend,Passed Grade 10,Engaged in economic activity,No,392.42579,2017
11,1,4,111,111044,1,1,1,1,1,Yes,Head of the household,Male,62,12,56,1,Sinhala,Buddhist,Currently Married (Registered),Does not attend,Passed G.C.E (A/L) or equivalent,Engaged in economic activity,Yes,315.1831121,1962
11,1,4,111,111044,1,1,1,1,2,Yes,Wife/Husband,Female,65,7,53,1,Sinhala,Buddhist,Currently Married (Registered),Does not attend,Passed G.C.E (A/L) or equivalent,Student,No,315.1831121,1965
11,1,4,111,111044,1,1,1,1,3,Yes,Son/Daughter,Female,96,7,22,1,Sinhala,Buddhist,Never Married,Does not attend,Passed G.C.E (A/L) or equivalent,Too old / Disabled,No,315.1831121,1996
11,1,4,111,111044,1,1,1,1,4,Yes,Son/Daughter,Female,1,8,17,1,Sinhala,Buddhist,Never Married,School,Passed G.C.E (O/L) or equivalent,Too old / Disabled,No,315.1831121,2001
11,1,4,111,111044,5,1,1,1,1,Yes,Head of the household,Male,58,12,60,1,Sinhala,Roman Catholic,Currently Married (Registered),Does not attend,Passed Degree,Student,No,315.1831121,1958
11,1,4,111,111044,5,1,1,1,2,Yes,Wife/Husband,Female,64,8,54,1,Sinhala,Buddhist,Currently Married (Registered),Does not attend,Passed Degree,Student,No,315.1831121,1964
11,1,4,111,111044,5,1,1,1,3,Now,Son/Daughter,Male,87,10,31,1,Sinhala,Roman Catholic,Never Married,Does not attend,Passed Degree,Engaged in economic activity,No,315.1831121,1987
11,1,4,111,111044,5,1,1,1,4,Yes,Son/Daughter,Female,91,4,28,1,Sinhala,Roman Catholic,Never Married,Does not attend,Passed G.C.E (A/L) or equivalent,Engaged in economic activity,Yes,315.1831121,1991
11,1,4,111,111044,5,1,1,1,5,Yes,Other Relative,Male,3,4,16,1,Sinhala,Buddhist,Never Married,Pending G.C.E.(O/L or A/L),Passed G.C.E (O/L) or equivalent,Too old / Disabled,No,315.1831121,2003
11,1,1,111,111045,1,1,1,1,1,Yes,Head of the household,Male,76,3,42,1,Sinhala,Buddhist,Currently Married (Registered),Does not attend,Passed Degree,Engaged in economic activity,Yes,361.6920328,1976
11,1,1,111,111045,1,1,1,1,2,Yes,Wife/Husband,Female,77,7,41,1,Sinhala,Buddhist,Currently Married (Registered),Does not attend,Passed G.C.E (A/L) or equivalent,Engaged in economic activity,Yes,361.6920328,1977
11,1,1,111,111045,1,1,1,1,3,Yes,Son/Daughter,Male,17,11,1,1,Sinhala,Buddhist,Never Married,Does not attend,Passed Grade 10,Engaged in economic activity,No,361.6920328,2017
11,1,1,111,111045,7,1,1,1,1,Yes,Head of the household,Male,75,12,43,1,Sinhala,Buddhist,Currently Married (Registered),Does not attend,Passed Grade 10,Engaged in economic activity,Yes,361.6920328,1975
11,1,1,111,111045,7,1,1,1,2,Yes,Wife/Husband,Female,76,5,42,1,Sinhala,Buddhist,Currently Married (Registered),Does not attend,Passed Grade 10,Student,No,361.6920328,1976
11,1,1,111,111045,7,1,1,1,3,Yes,Son/Daughter,Male,1,8,17,1,Sinhala,Buddhist,Never Married,School,Passed G.C.E (O/L) or equivalent,Too old / Disabled,No,361.6920328,2001
11,1,1,111,111045,7,1,1,1,4,Yes,Son/Daughter,Male,8,10,10,1,Sinhala,Buddhist,Never Married,School,Passed Grade 5,Engaged in economic activity,No,361.6920328,2008
11,2,5,112,111046,1,1,1,1,1,Yes,Head of the household,Male,68,5,51,1,Sinhala,Buddhist,Currently Married (Registered),Does not attend,Passed G.C.E (O/L) or equivalent,Other,No,316.0053057,1968
11,2,5,112,111046,1,1,1,1,2,Yes,Wife/Husband,Female,73,11,45,1,Sinhala,Buddhist,Currently Married (Registered),Does not attend,Passed G.C.E (O/L) or equivalent,Engaged in economic activity,Yes,316.0053057,1973
11,2,5,112,111046,1,1,1,1,3,Yes,Son/Daughter,Male,2,10,16,1,Sinhala,Buddhist,Never Married,School,Passed G.C.E (O/L) or equivalent,Too old / Disabled,No,316.0053057,2002
11,2,5,112,111046,1,1,1,1,4,Yes,Son/Daughter,Male,6,11,12,1,Sinhala,Buddhist,Never Married,School,Passed Grade 7,Engaged in economic activity,No,316.0053057,2006
11,2,5,112,111046,1,1,1,1,5,Yes,Son/Daughter,Male,10,9,8,1,Sinhala,Buddhist,Never Married,School,Passed Grade 3,Engaged in economic activity,No,316.0053057,2010
11,2,5,112,111046,6,1,1,1,1,Yes,Head of the household,Male,53,9,65,1,Sinhala,Buddhist,Currently Married (Registered),Does not attend,Passed G.C.E (O/L) or equivalent,Engaged in economic activity,Yes,316.0053057,1953
11,2,5,112,111046,6,1,1,1,2,Yes,Wife/Husband,Female,65,6,53,1,Sinhala,Buddhist,Currently Married (Registered),Does not attend,Passed G.C.E (O/L) or equivalent,Student,No,316.0053057,1965
11,2,5,112,111046,6,1,1,1,3,Yes,Son/Daughter,Male,87,3,32,1,Sinhala,Buddhist,Currently Married (Registered),Does not attend,Passed G.C.E (O/L) or equivalent,Engaged in economic activity,Yes,316.0053057,1987
11,2,5,112,111046,6,1,1,1,4,Yes,Other Relative,Female,87,11,31,1,Sinhala,Buddhist,Currently Married (Registered),Does not attend,Passed Grade 12,Student,No,316.0053057,1987
11,2,5,112,111046,6,1,1,1,5,Yes,Other Relative,Female,19,5,0,1,Sinhala,Buddhist,Never Married,Does not attend,Passed Grade 10,Engaged in economic activity,No,316.0053057,2019
11,2,5,112,111047,1,1,1,1,1,Yes,Head of the household,Male,52,2,67,1,Sinhala,Buddhist,Currently Married (Registered),Does not attend,Passed Grade 5,Engaged in economic activity,Yes,259.1374087,1952
11,2,5,112,111047,1,1,1,1,2,Yes,Wife/Husband,Female,51,2,68,1,Sinhala,Buddhist,Currently Married (Registered),Does not attend,Passed Grade 12,Student,No,259.1374087,1951
11,2,5,112,111047,1,1,1,1,3,Yes,Son/Daughter,Female,78,12,40,1,Sinhala,Buddhist,Divorced,Does not attend,Passed G.C.E (A/L) or equivalent,Engaged in economic activity,Yes,259.1374087,1978
11,2,5,112,111047,6,1,1,1,1,Yes,Head of the household,Male,79,8,39,1,Sri Lankan Moors/Muslim,Islam,Currently Married (Registered),Does not attend,No Schooling,Engaged in economic activity,Yes,259.1374087,1979
11,2,5,112,111047,6,1,1,1,2,Yes,Wife/Husband,Female,78,6,40,1,Sri Lankan Moors/Muslim,Islam,Currently Married (Registered),Does not attend,Passed Grade 10,Engaged in economic activity,Yes,259.1374087,1978
11,2,5,112,111047,6,1,1,1,3,Yes,Son/Daughter,Male,2,5,17,1,Sri Lankan Moors/Muslim,Islam,Never Married,Does not attend,Passed Grade 10,Engaged in economic activity,Yes,259.1374087,2002
11,2,5,112,111047,6,1,1,1,4,Yes,Son/Daughter,Female,8,10,10,1,Sri Lankan Moors/Muslim,Islam,Never Married,School,Passed Grade 5,Engaged in economic activity,No,259.1374087,2008
11,2,5,112,111047,6,1,1,1,5,Yes,Other Relative,Female,8,10,10,1,Sri Lankan Moors/Muslim,Islam,Never Married,School,Passed Grade 5,Engaged in economic activity,No,259.1374087,2008
11,2,1,112,111048,1,1,1,1,1,Yes,Head of the household,Male,71,8,47,1,Sinhala,Buddhist,Currently Married (Registered),Does not attend,Passed G.C.E (O/L) or equivalent,Engaged in economic activity,Yes,293.2803651,1971
11,2,1,112,111048,1,1,1,1,2,Yes,Wife/Husband,Female,72,1,47,1,Sinhala,Buddhist,Currently Married (Registered),Does not attend,Passed G.C.E (O/L) or equivalent,Student,No,293.2803651,1972
11,2,1,112,111048,1,1,1,1,3,Yes,Son/Daughter,Female,3,9,15,1,Sinhala,Buddhist,Never Married,School,Passed Grade 10,Too old / Disabled,No,293.2803651,2003
11,2,1,112,111048,1,1,1,1,4,Yes,Son/Daughter,Male,5,2,13,1,Sinhala,Buddhist,Never Married,School,Passed Grade 8,Engaged in economic activity,No,293.2803651,2005
11,2,1,112,111048,1,1,1,1,5,Yes,Son/Daughter,Male,8,5,10,1,Sinhala,Buddhist,Never Married,School,Passed Grade 5,Engaged in economic activity,No,293.2803651,2008
11,2,1,112,111048,5,1,1,1,1,Yes,Head of the household,Male,75,10,43,1,Sinhala,Buddhist,Currently Married (Registered),Does not attend,Passed Grade 10,Engaged in economic activity,Yes,293.2803651,1975
11,2,1,112,111048,5,1,1,1,2,Yes,Wife/Husband,Female,77,8,41,1,Sinhala,Buddhist,Currently Married (Registered),Does not attend,Passed Grade 10,Engaged in economic activity,Yes,293.2803651,1977
11,2,1,112,111048,5,1,1,1,3,Yes,Son/Daughter,Female,98,2,20,1,Sinhala,Buddhist,Never Married,Does not attend,Passed Grade 12,Too old / Disabled,No,293.2803651,1998
11,2,1,112,111048,5,1,1,1,4,Yes,Son/Daughter,Female,7,4,11,1,Sinhala,Buddhist,Never Married,School,Passed Grade 6,Engaged in economic activity,No,293.2803651,2007
11,2,1,112,111048,10,1,1,1,1,Yes,Head of the household,Male,82,2,36,1,Sinhala,Buddhist,Currently Married (Registered),Does not attend,Passed G.C.E (A/L) or equivalent,Engaged in economic activity,Yes,293.2803651,1982
11,2,1,112,111048,10,1,1,1,2,Yes,Wife/Husband,Female,90,1,29,1,Sinhala,Buddhist,Currently Married (Registered),Does not attend,Passed G.C.E (A/L) or equivalent,Student,No,293.2803651,1990
11,2,1,112,111048,10,1,1,1,3,Yes,Son/Daughter,Female,11,9,7,1,Sinhala,Buddhist,Never Married,School,Passed Grade 2,Engaged in economic activity,No,293.2803651,2011
11,1,5,111,111049,1,1,1,1,1,Yes,Head of the household,Male,50,9,68,1,Sinhala,Buddhist,Currently Married (Registered),Does not attend,Passed Post Graduate Degree/Diploma,Engaged in economic activity,Yes,395.2777216,1950
11,1,5,111,111049,1,1,1,1,2,Yes,Wife/Husband,Female,75,2,44,1,Sinhala,Buddhist,Currently Married (Registered),Does not attend,Passed G.C.E (A/L) or equivalent,Student,No,395.2777216,1975
11,1,5,111,111049,7,1,1,1,1,Yes,Head of the household,Male,63,12,55,1,Sinhala,Buddhist,Currently Married (Registered),Does not attend,Passed Grade 10,Other,No,395.2777216,1963
11,1,5,111,111049,7,1,1,1,2,Yes,Wife/Husband,Female,64,1,55,1,Sinhala,Buddhist,Currently Married (Registered),Does not attend,Passed Grade 6,Engaged in economic activity,Yes,395.2777216,1964
11,1,1,111,111050,2,1,1,1,1,Yes,Head of the household,Male,63,12,55,1,Sinhala,Buddhist,Currently Married (Registered),Does not attend,Passed Grade 10,Other,No,244.2228303,1963
11,1,1,111,111050,2,1,1,1,2,Yes,Wife/Husband,Female,67,8,51,1,Sinhala,Buddhist,Currently Married (Registered),Does not attend,Passed Grade 10,Engaged in economic activity,Yes,244.2228303,1967
11,1,1,111,111050,2,1,1,1,3,Yes,Son/Daughter,Male,95,5,23,1,Sinhala,Buddhist,Never Married,Does not attend,Passed G.C.E (O/L) or equivalent,Engaged in economic activity,Yes,244.2228303,1995
11,1,1,111,111050,2,1,1,1,4,Yes,Son/Daughter,Female,97,6,21,1,Sinhala,Buddhist,Never Married,Does not attend,Passed G.C.E (O/L) or equivalent,Engaged in economic activity,Yes,244.2228303,1997
11,1,1,111,111050,7,1,1,1,1,Yes,Head of the household,Female,66,3,52,1,Sinhala,Buddhist,Widowed,Does not attend,Passed Grade 9,Engaged in economic activity,Yes,244.2228303,1966
11,1,1,111,111050,7,1,1,1,2,Yes,Son/Daughter,Male,99,3,19,1,Sinhala,Buddhist,Never Married,Does not attend,Passed Grade 10,Engaged in economic activity,Yes,244.2228303,1999
11,1,1,111,111050,7,1,1,1,3,Yes,Son/Daughter,Male,95,9,23,1,Sinhala,Buddhist,Currently Married (Registered),Does not attend,Passed Grade 10,Engaged in economic activity,Yes,244.2228303,1995
11,1,1,111,111050,7,1,1,1,4,Yes,Other Relative,Female,96,8,22,1,Sinhala,Buddhist,Currently Married (Registered),Does not attend,Passed Grade 12,Engaged in economic activity,Yes,244.2228303,1996
11,1,5,111,111051,5,1,1,1,1,Yes,Head of the household,Male,61,8,57,1,Sinhala,Buddhist,Currently Married (Registered),Does not attend,Passed Grade 9,Engaged in economic activity,Yes,364.1346284,1961
11,1,5,111,111051,5,1,1,1,2,Yes,Wife/Husband,Female,64,2,55,1,Sinhala,Buddhist,Currently Married (Registered),Does not attend,Passed Grade 9,Student,No,364.1346284,1964
11,1,5,111,111051,5,1,1,1,3,Yes,Son/Daughter,Male,94,12,24,1,Sinhala,Buddhist,Currently Married (Registered),Does not attend,Passed G.C.E (A/L) or equivalent,Engaged in economic activity,Yes,364.1346284,1994
11,1,5,111,111051,5,1,1,1,4,Yes,Son/Daughter,Female,96,12,22,1,Sinhala,Buddhist,Currently Married (Registered),Does not attend,Passed Grade 10,Student,No,364.1346284,1996
11,1,5,111,111051,5,1,1,1,5,Yes,Son/Daughter,Female,17,8,1,1,Sinhala,Buddhist,Never Married,Does not attend,Passed Grade 10,Engaged in economic activity,No,364.1346284,2017
11,1,5,111,111051,9,1,1,1,1,Yes,Head of the household,Female,63,9,55,1,Sinhala,Buddhist,Widowed,Does not attend,Passed Grade 5,Engaged in economic activity,Yes,364.1346284,1963
11,1,5,111,111051,9,1,1,1,2,Now,Son/Daughter,Female,83,7,35,1,Sinhala,Buddhist,Widowed,Does not attend,Passed Grade 10,Engaged in economic activity,No,364.1346284,1983
11,1,5,111,111051,9,1,1,1,3,Yes,Other Relative,Female,1,3,18,1,Sinhala,Buddhist,Never Married,School,Passed G.C.E (O/L) or equivalent,Too old / Disabled,No,364.1346284,2001
11,1,5,111,111051,9,1,1,1,4,Yes,Other Relative,Female,8,7,10,1,Sinhala,Buddhist,Never Married,School,Passed Grade 5,Engaged in economic activity,No,364.1346284,2008
11,1,5,111,111051,9,1,1,1,5,Yes,Other Relative,Female,14,5,5,1,Sinhala,Buddhist,Never Married,Does not attend,No Schooling,Engaged in economic activity,No,364.1346284,2014
11,1,5,111,111051,9,1,1,1,6,Yes,Other Relative,Female,85,1,34,1,Sinhala,Buddhist,Never Married,Does not attend,Passed G.C.E (O/L) or equivalent,Student,No,364.1346284,1985
11,2,5,112,111052,4,1,1,1,1,Yes,Head of the household,Female,49,11,69,1,Sinhala,Buddhist,Currently Married (Registered),Does not attend,Passed Grade 10,Student,No,279.2337792,1949
11,2,5,112,111052,4,1,1,1,2,Yes,Wife/Husband,Male,38,1,81,1,Sinhala,Buddhist,Currently Married (Registered),Does not attend,Passed Grade 8,Other,No,279.2337792,1938
11,2,5,112,111052,4,1,1,1,3,Yes,Son/Daughter,Male,76,7,42,1,Sinhala,Buddhist,Currently Married (Registered),Does not attend,Passed G.C.E (O/L) or equivalent,Engaged in economic activity,Yes,279.2337792,1976
11,2,5,112,111052,4,1,1,1,4,Yes,Other Relative,Female,79,6,39,1,Sinhala,Buddhist,Currently Married (Registered),Does not attend,Passed G.C.E (O/L) or equivalent,Engaged in economic activity,Yes,279.2337792,1979
11,2,5,112,111052,4,1,1,1,5,Yes,Other Relative,Female,5,2,14,1,Sinhala,Buddhist,Never Married,School,Passed Grade 8,Engaged in economic activity,No,279.2337792,2005
11,2,5,112,111052,4,1,1,1,6,Yes,Other Relative,Female,10,7,8,1,Sinhala,Buddhist,Never Married,School,Passed Grade 3,Engaged in economic activity,No,279.2337792,2010
11,2,5,112,111052,4,1,1,1,7,Yes,Other Relative,Male,16,3,3,1,Sinhala,Buddhist,Never Married,Does not attend,Passed Grade 10,Engaged in economic activity,No,279.2337792,2016
11,2,5,112,111052,9,1,1,1,1,Yes,Head of the household,Male,47,5,72,1,Sinhala,Buddhist,Currently Married (Registered),Does not attend,Passed Grade 9,Engaged in economic activity,Yes,279.2337792,1947
11,2,5,112,111052,9,1,1,1,2,Yes,Wife/Husband,Female,48,2,71,1,Sinhala,Buddhist,Currently Married (Registered),Does not attend,Passed Grade 3,Engaged in economic activity,Yes,279.2337792,1948
11,2,5,112,111052,9,1,1,1,3,Yes,Son/Daughter,Male,81,10,37,1,Sinhala,Buddhist,Never Married,Does not attend,Passed Grade 10,Engaged in economic activity,Yes,279.2337792,1981
11,1,1,111,111053,3,1,1,1,1,Yes,Head of the household,Male,64,2,54,1,Sri Lankan Moors/Muslim,Islam,Currently Married (Registered),Does not attend,Passed Grade 10,"Retired (Private, no pension)",Yes,512.4403782,1964
11,1,1,111,111053,3,1,1,1,2,Yes,Wife/Husband,Female,64,8,54,1,Sri Lankan Moors/Muslim,Islam,Currently Married (Registered),Does not attend,Passed G.C.E (A/L) or equivalent,Student,No,512.4403782,1964
11,1,1,111,111053,3,1,1,1,3,Yes,Son/Daughter,Male,1,10,17,1,Sri Lankan Moors/Muslim,Islam,Never Married,Does not attend,Passed G.C.E (O/L) or equivalent,"Retired (Private, no pension)",No,512.4403782,2001
11,1,1,111,111053,3,1,1,1,4,Yes,Other Relative,Female,1,3,17,1,Sri Lankan Moors/Muslim,Islam,Never Married,Does not attend,Passed G.C.E (O/L) or equivalent,"Retired (Private, no pension)",No,512.4403782,2001
11,1,1,111,111053,9,1,1,1,1,Yes,Head of the household,Female,83,6,35,1,Sri Lankan Moors/Muslim,Islam,Currently Married (Registered),Does not attend,Passed G.C.E (A/L) or equivalent,Student,No,512.4403782,1983
11,1,1,111,111053,9,1,1,1,2,Yes,Son/Daughter,Male,6,11,12,1,Sri Lankan Moors/Muslim,Islam,Never Married,School,Passed Grade 7,Engaged in economic activity,No,512.4403782,2006
11,1,1,111,111053,9,1,1,1,3,Yes,Son/Daughter,Female,9,1,10,1,Sri Lankan Moors/Muslim,Islam,Never Married,School,Passed Grade 6,Engaged in economic activity,No,512.4403782,2009
11,1,1,111,111053,9,1,1,1,4,Yes,Son/Daughter,Male,13,11,5,1,Sri Lankan Moors/Muslim,Islam,Never Married,School,Studying/Studied Grade 1,Engaged in economic activity,No,512.4403782,2013
11,1,1,111,111053,9,1,1,1,5,Now,Wife/Husband,Male,78,4,40,1,Sri Lankan Moors/Muslim,Islam,Currently Married (Registered),Does not attend,Passed Grade 10,Engaged in economic activity,No,512.4403782,1978
11,1,5,111,111054,4,1,1,1,1,Yes,Head of the household,Male,80,10,38,1,Sinhala,Buddhist,Currently Married (Registered),Does not attend,Passed G.C.E (A/L) or equivalent,Engaged in economic activity,Yes,240.8689587,1980
11,1,5,111,111054,4,1,1,1,2,Yes,Wife/Husband,Female,82,3,37,1,Sinhala,Buddhist,Currently Married (Registered),Does not attend,Passed G.C.E (A/L) or equivalent,Engaged in economic activity,Yes,240.8689587,1982
11,1,5,111,111054,4,1,1,1,3,Yes,Son/Daughter,Female,11,4,8,1,Sinhala,Buddhist,Never Married,School,Passed Grade 2,Engaged in economic activity,No,240.8689587,2011
11,1,5,111,111054,4,1,1,1,4,Yes,Son/Daughter,Male,17,3,2,1,Sinhala,Buddhist,Never Married,Does not attend,Passed Grade 10,Engaged in economic activity,No,240.8689587,2017
11,1,5,111,111054,8,1,1,1,1,Yes,Head of the household,Female,49,8,69,1,Sinhala,Buddhist,Widowed,Does not attend,Passed Grade 8,Engaged in economic activity,Yes,240.8689587,1949
11,1,5,111,111055,4,1,1,1,1,Yes,Head of the household,Male,55,3,64,1,Sinhala,Buddhist,Currently Married (Registered),Does not attend,Passed Grade 7,99,No,288.0889688,1955
11,1,5,111,111055,4,1,1,1,2,Yes,Wife/Husband,Female,59,5,60,1,Sinhala,Buddhist,Currently Married (Registered),Does not attend,Passed Grade 6,Student,No,288.0889688,1959
11,1,5,111,111055,9,1,1,1,1,Yes,Head of the household,Female,67,10,51,1,Sinhala,Buddhist,Widowed,Does not attend,Passed Grade 10,Engaged in economic activity,Yes,288.0889688,1967
11,1,5,111,111055,9,1,1,1,2,Yes,Son/Daughter,Male,90,12,28,1,Sinhala,Buddhist,Currently Married (Registered),Does not attend,Passed Grade 10,Engaged in economic activity,Yes,288.0889688,1990
11,1,5,111,111055,9,1,1,1,3,Yes,Other Relative,Female,88,9,30,1,Sinhala,Buddhist,Currently Married (Registered),Does not attend,Passed G.C.E (A/L) or equivalent,Student,No,288.0889688,1988
11,1,5,111,111055,9,1,1,1,4,Yes,Other Relative,Male,18,7,0,1,Sinhala,Buddhist,Never Married,Does not attend,Passed Grade 10,Engaged in economic activity,No,288.0889688,2018
11,1,5,111,111055,9,1,1,1,5,Yes,Son/Daughter,Female,95,1,24,1,Sinhala,Buddhist,Never Married,Does not attend,Passed G.C.E (O/L) or equivalent,Student,No,288.0889688,1995
11,1,5,111,111055,9,1,1,1,6,Yes,Son/Daughter,Female,1,3,18,1,Sinhala,Buddhist,Never Married,Does not attend,Passed Grade 10,Student,No,288.0889688,2001
11,1,5,111,111055,9,1,1,1,7,Yes,Son/Daughter,Male,3,8,15,1,Sinhala,Buddhist,Never Married,School,Passed Grade 10,Too old / Disabled,No,288.0889688,2003
11,1,1,111,111056,4,1,1,1,1,Yes,Head of the household,Male,64,5,54,1,Sinhala,Buddhist,Never Married,Does not attend,Passed Grade 5,Other,No,296.258656,1964
11,1,1,111,111056,4,1,1,1,2,Yes,Other Relative,Male,58,1,61,1,Sinhala,Buddhist,Never Married,Does not attend,Passed Grade 4,Other,No,296.258656,1958
11,1,1,111,111056,4,1,1,1,3,Yes,Other Relative,Male,67,2,51,1,Sinhala,Buddhist,Never Married,Does not attend,Passed Grade 5,Engaged in economic activity,Yes,296.258656,1967
11,1,1,111,111056,9,1,1,1,1,Yes,Head of the household,Male,73,6,45,1,Sinhala,Buddhist,Currently Married (Registered),Does not attend,Passed G.C.E (O/L) or equivalent,Engaged in economic activity,Yes,296.258656,1973
11,1,1,111,111056,9,1,1,1,2,Yes,Wife/Husband,Female,82,10,36,1,Sinhala,Buddhist,Currently Married (Registered),Does not attend,Passed G.C.E (O/L) or equivalent,Student,No,296.258656,1982
11,1,1,111,111056,9,1,1,1,3,Yes,Son/Daughter,Female,7,10,11,1,Sinhala,Buddhist,Never Married,School,Passed Grade 7,Engaged in economic activity,No,296.258656,2007
11,1,1,111,111056,9,1,1,1,4,Yes,Son/Daughter,Male,10,10,8,1,Sinhala,Buddhist,Never Married,School,Passed Grade 4,Engaged in economic activity,No,296.258656,2010
11,1,5,111,111057,4,1,1,1,1,Yes,Head of the household,Male,56,5,63,1,Sinhala,Buddhist,Currently Married (Registered),Does not attend,Passed G.C.E (O/L) or equivalent,Engaged in economic activity,Yes,344.2131356,1956
11,1,5,111,111057,4,1,1,1,2,Yes,Wife/Husband,Female,59,11,59,1,Sinhala,Buddhist,Currently Married (Registered),Does not attend,Passed G.C.E (A/L) or equivalent,Engaged in economic activity,Yes,344.2131356,1959
11,1,5,111,111057,4,1,1,1,3,Yes,Son/Daughter,Male,2,11,16,1,Sinhala,Buddhist,Never Married,Other educational institution,Passed G.C.E (O/L) or equivalent,Too old / Disabled,No,344.2131356,2002
11,1,5,111,111057,4,1,1,1,4,Yes,Parent of head/spouse,Female,28,5,91,1,Sinhala,Buddhist,Widowed,Does not attend,Passed Grade 5,"Retired (Private, no pension)",No,344.2131356,1928
11,1,5,111,111057,8,1,1,1,1,Yes,Head of the household,Male,45,3,74,1,Sinhala,Buddhist,Currently Married (Registered),Does not attend,Passed Degree,Engaged in economic activity,Yes,344.2131356,1945
11,1,5,111,111057,8,1,1,1,2,Yes,Wife/Husband,Female,47,2,72,1,Sinhala,Buddhist,Currently Married (Registered),Does not attend,Passed Degree,"Retired (Private, no pension)",No,344.2131356,1947
11,1,5,111,111057,8,1,1,1,3,Yes,Other Relative,Male,80,10,38,1,Sinhala,Buddhist,Currently Married (Registered),Does not attend,Passed Degree,Engaged in economic activity,Yes,344.2131356,1980
11,1,5,111,111057,8,1,1,1,4,Yes,Son/Daughter,Female,81,8,37,1,Sinhala,Buddhist,Currently Married (Registered),Does not attend,Passed Degree,Engaged in economic activity,Yes,344.2131356,1981
11,1,5,111,111057,8,1,1,1,5,Yes,Other Relative,Male,11,8,7,1,Sinhala,Buddhist,Never Married,School,Passed Grade 2,Engaged in economic activity,No,344.2131356,2011
11,1,5,111,111057,8,1,1,1,6,Yes,Other Relative,Female,16,7,2,1,Sinhala,Buddhist,Never Married,Does not attend,Passed Grade 10,Engaged in economic activity,No,344.2131356,2016
11,1,5,111,111058,4,1,1,1,1,Yes,Head of the household,Male,64,7,54,1,Sri Lankan Moors/Muslim,Islam,Currently Married (Registered),Does not attend,Passed Grade 10,Engaged in economic activity,Yes,454.395504,1964
11,1,5,111,111058,4,1,1,1,2,Yes,Wife/Husband,Female,75,12,43,1,Sri Lankan Moors/Muslim,Islam,Currently Married (Registered),Does not attend,Passed Grade 10,Student,No,454.395504,1975
11,1,5,111,111058,4,1,1,1,3,Yes,Son/Daughter,Male,99,5,20,1,Sri Lankan Moors/Muslim,Islam,Never Married,Vocational/Technical institution,Passed Grade 10,Too old / Disabled,No,454.395504,1999
11,1,5,111,111058,4,1,1,1,4,Yes,Son/Daughter,Male,8,9,10,1,Sri Lankan Moors/Muslim,Islam,Never Married,School,Passed Grade 5,Engaged in economic activity,No,454.395504,2008
11,1,5,111,111058,4,1,1,1,5,Yes,Other Relative,Female,36,4,83,1,Sri Lankan Moors/Muslim,Islam,Currently Married (Customary),Does not attend,Passed Grade 9,Other,No,454.395504,1936
11,1,5,111,111058,9,1,1,1,1,Yes,Head of the household,Female,37,9,81,1,Sri Lankan Moors/Muslim,Islam,Widowed,Does not attend,Passed Grade 5,Other,No,454.395504,1937
11,1,2,111,111059,4,1,1,1,1,Yes,Head of the household,Female,55,5,63,1,Sinhala,Buddhist,Widowed,Does not attend,Passed Grade 12,Engaged in economic activity,Yes,251.5403683,1955
11,1,2,111,111059,4,1,1,1,2,Yes,Son/Daughter,Male,89,3,29,1,Sinhala,Buddhist,Never Married,Other educational institution,Passed Degree,Engaged in economic activity,Yes,251.5403683,1989
11,1,2,111,111059,4,1,1,1,3,Yes,Son/Daughter,Female,91,1,28,1,Sinhala,Buddhist,Currently Married (Registered),Other educational institution,Passed G.C.E (A/L) or equivalent,Engaged in economic activity,Yes,251.5403683,1991
11,1,2,111,111059,4,1,1,1,4,Yes,Other Relative,Male,90,12,28,1,Sinhala,Buddhist,Currently Married (Registered),Does not attend,Passed Degree,Engaged in economic activity,Yes,251.5403683,1990
11,1,2,111,111059,4,1,1,1,5,Yes,Other Relative,Female,92,9,26,1,Sinhala,Buddhist,Never Married,Does not attend,Passed Degree,Student,No,251.5403683,1992
11,1,2,111,111059,9,1,1,1,1,Yes,Head of the household,Male,79,11,39,1,Sri Lankan Tamil,Hindu,Currently Married (Registered),Does not attend,Passed Grade 10,Engaged in economic activity,Yes,251.5403683,1979
11,1,2,111,111059,9,1,1,1,2,Yes,Wife/Husband,Female,80,6,38,1,Sri Lankan Tamil,Hindu,Currently Married (Registered),Does not attend,Passed G.C.E (A/L) or equivalent,Engaged in economic activity,Yes,251.5403683,1980
11,1,6,111,111060,4,1,1,1,1,Yes,Head of the household,Male,82,7,36,1,Sri Lankan Tamil,Hindu,Currently Married (Registered),Does not attend,Passed G.C.E (O/L) or equivalent,Engaged in economic activity,Yes,428.3936805,1982
11,1,6,111,111060,4,1,1,1,2,Yes,Wife/Husband,Female,86,3,33,1,Sri Lankan Tamil,Hindu,Currently Married (Registered),Does not attend,Passed Grade 10,Student,No,428.3936805,1986
11,1,6,111,111060,4,1,1,1,3,Yes,Son/Daughter,Male,10,9,8,1,Sri Lankan Tamil,Hindu,Never Married,School,Passed Grade 3,Engaged in economic activity,No,428.3936805,2010
11,1,6,111,111060,4,1,1,1,4,Yes,Son/Daughter,Female,14,12,4,1,Sri Lankan Tamil,Hindu,Never Married,Pre School,Passed Grade 10,Engaged in economic activity,No,428.3936805,2014
11,1,6,111,111060,10,1,1,1,1,Yes,Head of the household,Female,83,1,36,1,Sri Lankan Tamil,Hindu,Currently Married (Registered),Does not attend,Passed Grade 10,Engaged in economic activity,Yes,428.3936805,1983
11,1,6,111,111060,10,1,1,1,2,Now,Wife/Husband,Male,83,3,36,1,Sri Lankan Tamil,Hindu,Currently Married (Registered),Does not attend,Passed Grade 12,Engaged in economic activity,No,428.3936805,1983
11,1,6,111,111060,10,1,1,1,3,Yes,Son/Daughter,Female,14,3,5,1,Sri Lankan Tamil,Hindu,Never Married,School,Studying/Studied Grade 1,Engaged in economic activity,No,428.3936805,2014
11,1,5,111,111061,4,1,1,1,1,Yes,Head of the household,Male,61,6,57,1,Sinhala,Buddhist,Currently Married (Registered),Does not attend,Passed G.C.E (A/L) or equivalent,Other,No,355.9210653,1961
11,1,5,111,111061,4,1,1,1,2,Yes,Wife/Husband,Female,71,7,47,1,Sinhala,Buddhist,Currently Married (Registered),Does not attend,Passed G.C.E (A/L) or equivalent,Student,No,355.9210653,1971
11,1,5,111,111061,4,1,1,1,3,Yes,Son/Daughter,Male,94,12,24,1,Sinhala,Buddhist,Never Married,Does not attend,Passed G.C.E (A/L) or equivalent,Engaged in economic activity,Yes,355.9210653,1994
11,1,2,111,111062,1,1,1,1,1,Yes,Head of the household,Male,71,5,47,1,Sinhala,Buddhist,Currently Married (Registered),Does not attend,Passed G.C.E (A/L) or equivalent,Engaged in economic activity,Yes,254.4943202,1971
11,1,2,111,111062,1,1,1,1,2,Yes,Wife/Husband,Female,84,2,35,1,Sinhala,Buddhist,Currently Married (Registered),Does not attend,Passed G.C.E (A/L) or equivalent,Student,No,254.4943202,1984
11,1,2,111,111062,1,1,1,1,3,Yes,Son/Daughter,Female,8,7,10,1,Sinhala,Buddhist,Never Married,School,Passed Grade 5,Engaged in economic activity,No,254.4943202,2008
11,1,2,111,111062,1,1,1,1,4,Yes,Son/Daughter,Male,12,9,6,1,Sinhala,Buddhist,Never Married,School,Passed Grade 1,Engaged in economic activity,No,254.4943202,2012
11,1,2,111,111062,5,1,1,1,1,Yes,Head of the household,Male,64,8,54,1,Sinhala,Buddhist,Currently Married (Registered),Does not attend,Passed Grade 10,Engaged in economic activity,Yes,254.4943202,1964
11,1,2,111,111062,5,1,1,1,2,Yes,Wife/Husband,Female,67,4,51,1,Sinhala,Buddhist,Currently Married (Registered),Does not attend,Passed Grade 10,Student,No,254.4943202,1967
11,1,2,111,111062,5,1,1,1,3,Yes,Son/Daughter,Female,96,8,22,1,Sinhala,Buddhist,Never Married,Other educational institution,Passed G.C.E (A/L) or equivalent,Engaged in economic activity,Yes,254.4943202,1996
11,1,2,111,111062,5,1,1,1,4,Yes,Son/Daughter,Female,98,5,20,1,Sinhala,Buddhist,Never Married,Other educational institution,Passed G.C.E (A/L) or equivalent,Seeking work,No,254.4943202,1998
11,1,2,111,111062,10,1,1,1,1,Yes,Head of the household,Male,78,10,40,1,Sinhala,Buddhist,Currently Married (Registered),Does not attend,Passed Grade 12,Engaged in economic activity,Yes,254.4943202,1978
11,1,2,111,111062,10,1,1,1,2,Yes,Wife/Husband,Female,80,8,38,1,Sinhala,Buddhist,Currently Married (Registered),Does not attend,Passed Grade 12,Student,No,254.4943202,1980
11,1,2,111,111062,10,1,1,1,3,Yes,Son/Daughter,Female,8,9,10,1,Sinhala,Buddhist,Never Married,School,Passed Grade 5,Engaged in economic activity,No,254.4943202,2008
11,1,2,111,111062,10,1,1,1,4,Yes,Son/Daughter,Male,13,11,5,1,Sinhala,Buddhist,Never Married,School,Studying/Studied Grade 1,Engaged in economic activity,No,254.4943202,2013
11,1,6,111,111063,5,1,1,1,1,Yes,Head of the household,Male,61,5,58,1,Sinhala,Buddhist,Currently Married (Registered),Does not attend,Passed G.C.E (O/L) or equivalent,Received pension payments,No,216.1383905,1961
11,1,6,111,111063,5,1,1,1,2,Now,Wife/Husband,Female,66,10,52,1,Sinhala,Buddhist,Currently Married (Registered),Does not attend,Passed Post Graduate Degree/Diploma,Engaged in economic activity,No,216.1383905,1966
11,1,6,111,111063,5,1,1,1,3,Yes,Son/Daughter,Female,93,5,26,1,Sinhala,Buddhist,Never Married,Does not attend,Passed G.C.E (A/L) or equivalent,Engaged in economic activity,Yes,216.1383905,1993
11,1,6,111,111064,1,1,1,1,1,Yes,Head of the household,Male,81,4,38,1,Sri Lankan Tamil,Hindu,Currently Married (Registered),Does not attend,Passed G.C.E (A/L) or equivalent,Engaged in economic activity,Yes,317.3555901,1981
11,1,6,111,111064,1,1,1,1,2,Yes,Wife/Husband,Female,82,4,37,1,Sri Lankan Tamil,Hindu,Currently Married (Registered),Does not attend,Passed Degree,Engaged in economic activity,Yes,317.3555901,1982
11,1,6,111,111064,1,1,1,1,3,Yes,Son/Daughter,Female,12,3,7,1,Sri Lankan Tamil,Hindu,Never Married,School,Passed Grade 1,Engaged in economic activity,No,317.3555901,2012
11,1,6,111,111064,1,1,1,1,4,Yes,Other Relative,Male,47,11,71,1,Sri Lankan Tamil,Hindu,Currently Married (Registered),Does not attend,Passed G.C.E (O/L) or equivalent,Received pension payments,No,317.3555901,1947
11,1,6,111,111064,1,1,1,1,5,Yes,Other Relative,Female,46,2,73,1,Sri Lankan Tamil,Hindu,Currently Married (Registered),Does not attend,Passed G.C.E (O/L) or equivalent,Student,No,317.3555901,1946
11,1,6,111,111064,5,1,1,1,1,Yes,Head of the household,Female,38,9,80,1,Sri Lankan Tamil,Hindu,Widowed,Does not attend,Passed Grade 9,Other,No,317.3555901,1938
11,1,6,111,111064,5,1,1,1,2,Yes,Son/Daughter,Male,65,12,53,1,Sri Lankan Tamil,Hindu,Currently Married (Registered),Does not attend,Passed G.C.E (A/L) or equivalent,Engaged in economic activity,Yes,317.3555901,1965
11,1,6,111,111064,5,1,1,1,3,Yes,Other Relative,Female,71,4,48,1,Sri Lankan Tamil,Hindu,Currently Married (Registered),Does not attend,Passed G.C.E (A/L) or equivalent,Engaged in economic activity,Yes,317.3555901,1971
11,1,6,111,111064,5,1,1,1,4,Yes,Other Relative,Female,99,5,20,1,Sri Lankan Tamil,Hindu,Never Married,Other educational institution,Passed G.C.E (A/L) or equivalent,Too old / Disabled,No,317.3555901,1999
11,1,6,111,111064,5,1,1,1,5,Yes,Other Relative,Male,4,10,14,1,Sri Lankan Tamil,Hindu,Never Married,School,Passed Grade 9,Engaged in economic activity,No,317.3555901,2004
11,1,2,111,111065,1,1,1,1,1,Yes,Head of the household,Male,77,12,41,1,Sri Lankan Tamil,Buddhist,Currently Married (Registered),Does not attend,Passed Grade 6,Engaged in economic activity,Yes,394.3563283,1977
11,1,2,111,111065,1,1,1,1,2,Yes,Wife/Husband,Female,81,6,37,1,Sinhala,Buddhist,Currently Married (Registered),Does not attend,Passed Grade 12,Student,No,394.3563283,1981
11,1,2,111,111065,1,1,1,1,3,Yes,Son/Daughter,Male,3,4,15,1,Sri Lankan Tamil,Buddhist,Never Married,School,Passed Grade 10,Too old / Disabled,No,394.3563283,2003
11,1,2,111,111065,1,1,1,1,4,Yes,Son/Daughter,Female,10,10,8,1,Sri Lankan Tamil,Buddhist,Never Married,School,Passed Grade 3,Engaged in economic activity,No,394.3563283,2010
11,1,2,111,111065,1,1,1,1,5,Now,Parent of head/spouse,Female,42,11,76,1,Sri Lankan Tamil,Hindu,Widowed,Does not attend,Passed Grade 5,Engaged in economic activity,No,394.3563283,1942
11,1,2,111,111065,5,1,1,1,1,Yes,Head of the household,Male,60,6,58,1,Sri Lankan Tamil,Roman Catholic,Currently Married (Registered),Does not attend,Passed Grade 3,Engaged in economic activity,Yes,394.3563283,1960
11,1,2,111,111065,5,1,1,1,2,Yes,Wife/Husband,Female,60,8,58,1,Sri Lankan Tamil,Roman Catholic,Currently Married (Registered),Does not attend,Passed Grade 6,Student,No,394.3563283,1960
11,1,2,111,111065,5,1,1,1,3,Yes,Son/Daughter,Male,83,7,35,1,Sri Lankan Tamil,Roman Catholic,Currently Married (Registered),Does not attend,Passed Grade 12,Engaged in economic activity,Yes,394.3563283,1983
11,1,2,111,111065,5,1,1,1,4,Yes,Son/Daughter,Male,85,11,33,1,Sri Lankan Tamil,Roman Catholic,Currently Married (Registered),Does not attend,Passed Grade 8,Engaged in economic activity,Yes,394.3563283,1985
11,1,2,111,111065,5,1,1,1,5,Yes,Other Relative,Female,87,11,31,1,Sri Lankan Tamil,Roman Catholic,Currently Married (Registered),Does not attend,Passed G.C.E (O/L) or equivalent,Student,No,394.3563283,1987
11,1,2,111,111065,5,1,1,1,6,Yes,Other Relative,Female,86,8,32,1,Sri Lankan Tamil,Roman Catholic,Currently Married (Registered),Does not attend,Passed Grade 9,Engaged in economic activity,Yes,394.3563283,1986
11,1,2,111,111065,5,1,1,1,7,Yes,Other Relative,Male,12,8,6,1,Sri Lankan Tamil,Roman Catholic,Never Married,School,Passed Grade 1,Engaged in economic activity,No,394.3563283,2012
11,1,2,111,111065,5,1,1,1,8,Yes,Other Relative,Female,18,2,1,1,Sri Lankan Tamil,Roman Catholic,Never Married,Does not attend,Passed Grade 10,Engaged in economic activity,No,394.3563283,2018
11,1,2,111,111065,5,1,1,1,9,Yes,Other Relative,Male,15,3,3,1,Sri Lankan Tamil,Roman Catholic,Never Married,Does not attend,Passed Grade 10,Engaged in economic activity,No,394.3563283,2015
11,2,6,112,111066,5,1,1,1,1,Yes,Head of the household,Male,58,9,60,1,Sinhala,Buddhist,Currently Married (Registered),Does not attend,Passed G.C.E (A/L) or equivalent,"Retired (Private, no pension)",No,317.3111127,1958
11,2,6,112,111066,5,1,1,1,2,Yes,Wife/Husband,Female,54,10,64,1,Sinhala,Buddhist,Currently Married (Registered),Does not attend,Passed G.C.E (O/L) or equivalent,"Retired (Private, no pension)",No,317.3111127,1954
11,2,6,112,111066,5,1,1,1,3,Yes,Son/Daughter,Female,83,9,35,1,Sinhala,Buddhist,Currently Married (Registered),Does not attend,Passed G.C.E (A/L) or equivalent,Student,No,317.3111127,1983
11,2,6,112,111066,5,1,1,1,4,Yes,Other Relative,Male,80,7,38,1,Sinhala,Buddhist,Currently Married (Registered),Does not attend,Passed Degree,Engaged in economic activity,Yes,317.3111127,1980
11,2,6,112,111066,5,1,1,1,5,Yes,Other Relative,Female,9,7,9,1,Sinhala,Buddhist,Never Married,School,Passed Grade 4,Engaged in economic activity,No,317.3111127,2009
11,2,6,112,111066,5,1,1,1,6,Yes,Other Relative,Male,13,7,5,1,Sinhala,Buddhist,Never Married,School,Studying/Studied Grade 1,Engaged in economic activity,No,317.3111127,2013
11,2,6,112,111066,10,1,1,1,1,Yes,Head of the household,Male,56,10,62,1,Sinhala,Buddhist,Currently Married (Registered),Does not attend,Passed Grade 8,Engaged in economic activity,Yes,317.3111127,1956
11,2,6,112,111066,10,1,1,1,2,Yes,Wife/Husband,Female,57,6,62,1,Sinhala,Buddhist,Currently Married (Registered),Does not attend,Passed Grade 8,Student,No,317.3111127,1957
11,2,6,112,111066,10,1,1,1,3,Yes,Son/Daughter,Male,91,9,27,1,Sinhala,Buddhist,Never Married,Does not attend,Passed Grade 12,Engaged in economic activity,Yes,317.3111127,1991
11,1,6,111,111067,2,1,1,1,1,Yes,Head of the household,Male,63,1,56,1,Sri Lankan Moors/Muslim,Islam,Currently Married (Registered),Does not attend,Passed Grade 10,Engaged in economic activity,Yes,317.8092144,1963
11,1,6,111,111067,2,1,1,1,2,Yes,Wife/Husband,Female,65,1,54,1,Sri Lankan Moors/Muslim,Islam,Currently Married (Registered),Does not attend,Passed Grade 8,Student,No,317.8092144,1965
11,1,6,111,111067,2,1,1,1,3,Yes,Son/Daughter,Male,97,12,21,1,Sri Lankan Moors/Muslim,Islam,Never Married,Does not attend,Passed Grade 10,Engaged in economic activity,Yes,317.8092144,1997
11,1,6,111,111067,2,1,1,1,4,Yes,Son/Daughter,Male,5,3,14,1,Sri Lankan Moors/Muslim,Islam,Never Married,School,Passed Grade 4,Engaged in economic activity,No,317.8092144,2005
11,1,6,111,111067,2,1,1,1,5,Yes,Son/Daughter,Female,92,8,26,1,Sri Lankan Moors/Muslim,Islam,Currently Married (Registered),Does not attend,Passed Grade 8,Student,No,317.8092144,1992
11,1,6,111,111067,2,1,1,1,6,Yes,Other Relative,Male,85,12,33,1,Sri Lankan Moors/Muslim,Islam,Currently Married (Registered),Does not attend,Passed G.C.E (A/L) or equivalent,Engaged in economic activity,Yes,317.8092144,1985
11,1,6,111,111067,2,1,1,1,7,Yes,Other Relative,Male,12,12,6,1,Sri Lankan Moors/Muslim,Hindu,Never Married,School,Passed Grade 1,Engaged in economic activity,No,317.8092144,2012
11,1,6,111,111067,7,1,1,1,1,Yes,Head of the household,Male,60,4,59,1,Sinhala,Roman Catholic,Currently Married (Registered),Does not attend,Passed Grade 6,Engaged in economic activity,Yes,317.8092144,1960
11,1,6,111,111067,7,1,1,1,2,Yes,Wife/Husband,Female,55,5,64,1,Sinhala,Roman Catholic,Currently Married (Registered),Does not attend,Passed Grade 10,Other,No,317.8092144,1955
11,1,6,111,111067,7,1,1,1,3,Yes,Son/Daughter,Male,97,8,21,1,Sinhala,Roman Catholic,Never Married,Does not attend,Passed G.C.E (O/L) or equivalent,Engaged in economic activity,Yes,317.8092144,1997
11,1,6,111,111067,7,1,1,1,4,Yes,Son/Daughter,Female,88,11,30,1,Sinhala,Roman Catholic,Currently Married (Registered),Does not attend,Passed Grade 10,Student,No,317.8092144,1988
11,1,6,111,111067,7,1,1,1,5,Yes,Other Relative,Male,92,4,27,1,Sinhala,Roman Catholic,Currently Married (Registered),Does not attend,Passed G.C.E (O/L) or equivalent,Engaged in economic activity,Yes,317.8092144,1992
11,1,6,111,111067,7,1,1,1,6,Yes,Other Relative,Male,16,5,3,1,Sinhala,Roman Catholic,Never Married,Does not attend,Passed Grade 10,Engaged in economic activity,No,317.8092144,2016
11,1,2,111,111068,2,1,1,1,1,Yes,Head of the household,Male,77,4,41,1,Sinhala,Buddhist,Currently Married (Registered),Does not attend,Passed Grade 8,Engaged in economic activity,Yes,300.6919345,1977
11,1,2,111,111068,2,1,1,1,2,Yes,Wife/Husband,Female,83,7,35,1,Sinhala,Buddhist,Currently Married (Registered),Does not attend,Passed Grade 10,Student,No,300.6919345,1983
11,1,2,111,111068,2,1,1,1,3,Yes,Son/Daughter,Male,99,1,20,1,Sinhala,Buddhist,Never Married,Other educational institution,Passed Grade 12,Too old / Disabled,No,300.6919345,1999
11,1,2,111,111068,2,1,1,1,4,Yes,Son/Daughter,Male,5,8,13,1,Sinhala,Buddhist,Never Married,School,Passed Grade 8,Engaged in economic activity,No,300.6919345,2005
11,1,2,111,111068,2,1,1,1,5,Yes,Son/Daughter,Female,8,11,10,1,Sinhala,Buddhist,Never Married,School,Passed Grade 5,Engaged in economic activity,No,300.6919345,2008
11,1,2,111,111068,2,1,1,1,6,Yes,Parent of head/spouse,Female,52,4,66,1,Sinhala,Buddhist,Widowed,Does not attend,Passed Grade 5,Other,No,300.6919345,1952
11,1,2,111,111068,2,1,1,1,7,Yes,Other Relative,Female,65,11,53,1,Sinhala,Buddhist,Widowed,Does not attend,Passed Grade 5,Student,No,300.6919345,1965
11,1,2,111,111068,6,1,1,1,1,Yes,Head of the household,Male,51,2,68,1,Sinhala,Buddhist,Currently Married (Registered),Does not attend,Passed Grade 9,99,No,300.6919345,1951
11,1,2,111,111068,6,1,1,1,2,Yes,Wife/Husband,Female,57,2,62,1,Sinhala,Buddhist,Currently Married (Registered),Does not attend,Passed Grade 8,Student,No,300.6919345,1957
11,1,6,111,111069,1,1,1,1,1,Yes,Head of the household,Male,63,10,55,1,Sinhala,Buddhist,Currently Married (Registered),Does not attend,Passed G.C.E (O/L) or equivalent,Engaged in economic activity,Yes,275.2147559,1963
11,1,6,111,111069,1,1,1,1,2,Yes,Wife/Husband,Female,65,9,53,1,Sinhala,Buddhist,Currently Married (Registered),Does not attend,Passed G.C.E (A/L) or equivalent,Student,No,275.2147559,1965
11,1,6,111,111069,1,1,1,1,3,Yes,Son/Daughter,Male,95,4,24,1,Sinhala,Buddhist,Never Married,Vocational/Technical institution,Passed G.C.E (A/L) or equivalent,Too old / Disabled,No,275.2147559,1995
11,1,6,111,111069,1,1,1,1,4,Yes,Son/Daughter,Female,93,6,26,1,Sinhala,Buddhist,Currently Married (Registered),Does not attend,Passed Degree,Student,No,275.2147559,1993
11,1,6,111,111069,1,1,1,1,5,Yes,Other Relative,Male,19,3,0,1,Sinhala,Buddhist,Never Married,Does not attend,Passed Grade 10,Engaged in economic activity,No,275.2147559,2019
11,1,6,111,111069,5,1,1,1,1,Yes,Head of the household,Female,54,3,65,1,Sinhala,Buddhist,Widowed,Does not attend,Passed Grade 8,Student,No,275.2147559,1954
11,1,6,111,111069,5,1,1,1,2,Yes,Son/Daughter,Male,87,4,32,1,Sinhala,Buddhist,Never Married,Does not attend,Passed Grade 12,Engaged in economic activity,Yes,275.2147559,1987
11,1,6,111,111069,5,1,1,1,3,Yes,Son/Daughter,Male,89,1,30,1,Sinhala,Buddhist,Never Married,Does not attend,Passed Grade 12,Seeking work,No,275.2147559,1989
11,2,6,112,111070,5,1,1,1,1,Yes,Head of the household,Male,58,3,61,1,Sinhala,Buddhist,Currently Married (Registered),Does not attend,Passed G.C.E (A/L) or equivalent,Engaged in economic activity,Yes,267.026838,1958
11,2,6,112,111070,5,1,1,1,2,Yes,Wife/Husband,Female,63,3,56,1,Sinhala,Buddhist,Currently Married (Registered),Does not attend,Passed Post Graduate Degree/Diploma,Student,No,267.026838,1963
11,2,6,112,111070,5,1,1,1,3,Yes,Son/Daughter,Female,88,6,31,1,Sinhala,Buddhist,Never Married,Does not attend,Passed Degree,Engaged in economic activity,Yes,267.026838,1988
11,2,6,112,111070,5,1,1,1,4,Yes,Son/Daughter,Female,91,6,28,1,Sinhala,Buddhist,Never Married,Does not attend,Passed Degree,Engaged in economic activity,Yes,267.026838,1991
11,1,2,111,111071,1,1,1,1,1,Yes,Head of the household,Female,48,3,70,1,Sinhala,Buddhist,Widowed,Does not attend,Passed G.C.E (A/L) or equivalent,"Retired (Private, no pension)",No,280.3235945,1948
11,1,2,111,111071,1,1,1,1,2,Yes,Son/Daughter,Female,80,6,38,1,Sinhala,Buddhist,Currently Married (Registered),Does not attend,Passed Degree,Engaged in economic activity,Yes,280.3235945,1980
11,1,2,111,111071,1,1,1,1,3,Yes,Other Relative,Female,12,5,6,1,Sinhala,Buddhist,Never Married,School,Passed Grade 1,Engaged in economic activity,No,280.3235945,2012
11,1,2,111,111071,1,1,1,1,4,Now,Other Relative,Male,77,7,41,1,Sinhala,Buddhist,Currently Married (Registered),Does not attend,Passed G.C.E (A/L) or equivalent,Engaged in economic activity,No,280.3235945,1977
11,1,2,111,111071,7,1,1,1,1,Yes,Head of the household,Male,77,7,41,1,Sinhala,Buddhist,Currently Married (Registered),Does not attend,Passed Grade 12,Student,No,280.3235945,1977
11,1,2,111,111071,7,1,1,1,2,Yes,Wife/Husband,Female,85,5,33,1,Sinhala,Buddhist,Currently Married (Registered),Does not attend,Passed Grade 12,Engaged in economic activity,Yes,280.3235945,1985
11,1,2,111,111071,7,1,1,1,3,Yes,Son/Daughter,Female,12,4,6,1,Sinhala,Buddhist,Never Married,School,Passed Grade 1,Engaged in economic activity,No,280.3235945,2012
11,1,2,111,111071,7,1,1,1,4,Yes,Son/Daughter,Female,13,8,5,1,Sinhala,Buddhist,Never Married,School,Studying/Studied Grade 1,Engaged in economic activity,No,280.3235945,2013
11,1,6,111,111072,1,1,1,1,1,Yes,Head of the household,Male,69,10,49,1,Sinhala,Roman Catholic,Currently Married (Registered),Does not attend,Passed G.C.E (O/L) or equivalent,Retired (Government pension),Yes,370.810071,1969
11,1,6,111,111072,1,1,1,1,2,Yes,Wife/Husband,Female,72,1,47,1,Sinhala,Buddhist,Currently Married (Registered),Does not attend,Passed G.C.E (O/L) or equivalent,Student,No,370.810071,1972
11,1,6,111,111072,1,1,1,1,3,Yes,Son/Daughter,Female,97,11,21,1,Sinhala,Roman Catholic,Never Married,Does not attend,Passed G.C.E (A/L) or equivalent,Engaged in economic activity,Yes,370.810071,1997
11,1,6,111,111072,1,1,1,1,4,Yes,Son/Daughter,Female,2,1,17,1,Sinhala,Roman Catholic,Never Married,School,Passed G.C.E (O/L) or equivalent,Too old / Disabled,No,370.810071,2002
11,1,6,111,111072,1,1,1,1,5,Yes,Son/Daughter,Male,6,10,12,1,Sinhala,Roman Catholic,Never Married,School,Passed Grade 7,Engaged in economic activity,No,370.810071,2006
11,1,6,111,111072,1,1,1,1,6,Yes,Other Relative,Female,98,6,21,1,Sinhala,Buddhist,Never Married,Does not attend,Passed G.C.E (A/L) or equivalent,Student,No,370.810071,1998
11,1,6,111,111072,9,1,1,1,1,Yes,Head of the household,Male,67,7,51,1,Sinhala,Buddhist,Currently Married (Registered),Does not attend,Passed Grade 8,Engaged in economic activity,Yes,370.810071,1967
11,1,6,111,111072,9,1,1,1,2,Yes,Wife/Husband,Female,74,5,45,1,Sinhala,Roman Catholic,Currently Married (Registered),Does not attend,Passed Grade 5,Student,No,370.810071,1974
11,1,6,111,111072,9,1,1,1,3,Yes,Son/Daughter,Female,94,9,24,1,Sinhala,Roman Catholic,Never Married,Does not attend,Passed G.C.E (A/L) or equivalent,Engaged in economic activity,Yes,370.810071,1994
11,1,6,111,111073,4,1,1,1,1,Yes,Head of the household,Male,55,1,64,1,Sinhala,Buddhist,Currently Married (Registered),Does not attend,Passed Degree,"Retired (Private, no pension)",No,237.8275975,1955
11,1,6,111,111073,4,1,1,1,2,Yes,Wife/Husband,Female,63,10,55,1,Sinhala,Buddhist,Currently Married (Registered),Does not attend,Passed G.C.E (A/L) or equivalent,Student,No,237.8275975,1963
11,1,6,111,111073,8,1,1,1,1,Yes,Head of the household,Male,67,1,52,1,Sinhala,Buddhist,Currently Married (Registered),Does not attend,Passed Grade 7,Engaged in economic activity,Yes,237.8275975,1967
11,1,6,111,111073,8,1,1,1,2,Yes,Wife/Husband,Female,69,11,49,1,Sinhala,Buddhist,Currently Married (Registered),Does not attend,Passed Grade 8,Student,No,237.8275975,1969
11,1,6,111,111073,8,1,1,1,3,Yes,Son/Daughter,Female,95,10,23,1,Sinhala,Buddhist,Never Married,University,Passed GAQ / GSQ,Too old / Disabled,No,237.8275975,1995
11,1,6,111,111073,8,1,1,1,4,Yes,Son/Daughter,Male,1,2,18,1,Sinhala,Buddhist,Never Married,School,Passed Grade 12,Too old / Disabled,No,237.8275975,2001
11,1,6,111,111073,8,1,1,1,5,Yes,Parent of head/spouse,Female,47,4,72,1,Sinhala,Buddhist,Widowed,Does not attend,No Schooling,Other,No,237.8275975,1947
11,1,2,111,111074,2,1,1,1,1,Yes,Head of the household,Male,69,10,49,1,Sinhala,Buddhist,Currently Married (Registered),Does not attend,Passed G.C.E (A/L) or equivalent,Engaged in economic activity,Yes,352.5864991,1969
11,1,2,111,111074,2,1,1,1,2,Yes,Wife/Husband,Female,73,11,45,1,Sinhala,Buddhist,Currently Married (Registered),Does not attend,Passed G.C.E (A/L) or equivalent,Engaged in economic activity,Yes,352.5864991,1973
11,1,2,111,111074,2,1,1,1,3,Yes,Son/Daughter,Male,5,5,13,1,Sinhala,Buddhist,Never Married,School,Passed Grade 8,Engaged in economic activity,No,352.5864991,2005
11,1,2,111,111074,2,1,1,1,4,Yes,Son/Daughter,Female,7,5,11,1,Sinhala,Buddhist,Never Married,School,Passed Grade 6,Engaged in economic activity,No,352.5864991,2007
11,1,2,111,111074,7,1,1,1,1,Yes,Head of the household,Male,62,7,56,1,Sinhala,Buddhist,Currently Married (Registered),Does not attend,Passed G.C.E (A/L) or equivalent,Other,No,352.5864991,1962
11,1,2,111,111074,7,1,1,1,2,Yes,Wife/Husband,Female,66,11,52,1,Sinhala,Buddhist,Currently Married (Registered),Does not attend,Passed G.C.E (O/L) or equivalent,Engaged in economic activity,Yes,352.5864991,1966
11,1,2,111,111074,7,1,1,1,3,Yes,Parent of head/spouse,Female,37,1,82,1,Sinhala,Buddhist,Widowed,Does not attend,Passed Grade 6,Other,No,352.5864991,1937
11,1,2,111,111074,7,1,1,1,4,Yes,Son/Daughter,Female,2,1,17,1,Sinhala,Buddhist,Never Married,School,Passed G.C.E (O/L) or equivalent,Too old / Disabled,No,352.5864991,2002
11,1,6,111,111075,2,1,1,1,1,Yes,Head of the household,Male,51,5,68,1,Sinhala,Buddhist,Currently Married (Registered),Does not attend,Passed G.C.E (A/L) or equivalent,"Retired (Private, no pension)",No,246.6281321,1951
11,1,6,111,111075,2,1,1,1,2,Yes,Wife/Husband,Female,58,12,60,1,Sinhala,Buddhist,Currently Married (Registered),Does not attend,Passed G.C.E (A/L) or equivalent,"Retired (Private, no pension)",No,246.6281321,1958
11,1,6,111,111075,2,1,1,1,3,Yes,Son/Daughter,Female,92,5,27,1,Sinhala,Buddhist,Never Married,Does not attend,Passed Degree,Seeking work,No,246.6281321,1992
11,1,6,111,111075,2,1,1,1,4,Now,Son/Daughter,Female,95,4,24,1,Sinhala,Buddhist,Never Married,University,Passed GAQ / GSQ,Engaged in economic activity,No,246.6281321,1995
11,1,6,111,111075,6,1,1,1,1,Yes,Head of the household,Female,47,4,72,1,Burgher,Other Christian,Widowed,Does not attend,Passed Degree,Engaged in economic activity,Yes,246.6281321,1947
11,1,6,111,111076,1,1,1,1,1,Yes,Head of the household,Male,75,9,43,1,Sri Lankan Tamil,Hindu,Currently Married (Registered),Does not attend,Passed Grade 10,Engaged in economic activity,Yes,393.800968,1975
11,1,6,111,111076,1,1,1,1,2,Yes,Wife/Husband,Female,83,9,35,1,Sri Lankan Tamil,Hindu,Currently Married (Registered),Does not attend,Passed Grade 6,Student,No,393.800968,1983
11,1,6,111,111076,1,1,1,1,3,Yes,Son/Daughter,Male,2,11,16,1,Sri Lankan Tamil,Hindu,Never Married,School,Passed G.C.E (O/L) or equivalent,Too old / Disabled,No,393.800968,2002
11,1,6,111,111076,1,1,1,1,4,Yes,Son/Daughter,Female,8,6,11,1,Sri Lankan Tamil,Hindu,Never Married,School,Passed Grade 5,Engaged in economic activity,No,393.800968,2008
11,1,6,111,111076,6,1,1,1,1,Yes,Head of the household,Male,76,3,43,1,Sinhala,Buddhist,Currently Married (Registered),Does not attend,Passed Grade 12,Engaged in economic activity,Yes,393.800968,1976
11,1,6,111,111076,6,1,1,1,2,Yes,Wife/Husband,Female,79,10,39,1,Sinhala,Buddhist,Currently Married (Registered),Does not attend,Passed Grade 10,Engaged in economic activity,Yes,393.800968,1979
11,1,6,111,111076,6,1,1,1,3,Yes,Son/Daughter,Male,1,5,18,1,Sinhala,Buddhist,Never Married,School,Passed G.C.E (O/L) or equivalent,Too old / Disabled,No,393.800968,2001
11,1,6,111,111076,6,1,1,1,4,Yes,Son/Daughter,Female,1,5,18,1,Sinhala,Buddhist,Never Married,School,Passed G.C.E (O/L) or equivalent,Too old / Disabled,No,393.800968,2001
11,1,6,111,111076,6,1,1,1,5,Yes,Son/Daughter,Female,8,9,10,1,Sinhala,Buddhist,Never Married,School,Passed Grade 5,Engaged in economic activity,No,393.800968,2008
11,1,3,111,111077,2,1,1,1,1,Yes,Head of the household,Male,62,5,56,1,Sinhala,Buddhist,Currently Married (Registered),Does not attend,Passed G.C.E (O/L) or equivalent,Retired (Government pension),Yes,352.0677888,1962
11,1,3,111,111077,2,1,1,1,2,Yes,Wife/Husband,Female,63,2,56,1,Sinhala,Buddhist,Currently Married (Registered),Does not attend,Passed Grade 6,Engaged in economic activity,Yes,352.0677888,1963
11,1,3,111,111077,2,1,1,1,3,Yes,Son/Daughter,Male,98,5,20,1,Sinhala,Buddhist,Never Married,Does not attend,Passed Grade 10,Seeking work,No,352.0677888,1998
11,1,3,111,111077,7,1,1,1,1,Yes,Head of the household,Male,59,8,59,1,Sinhala,Roman Catholic,Currently Married (Registered),Does not attend,Passed Grade 9,Engaged in economic activity,Yes,352.0677888,1959
11,1,3,111,111077,7,1,1,1,2,Yes,Wife/Husband,Female,66,3,53,1,Sinhala,Roman Catholic,Currently Married (Registered),Does not attend,Passed Grade 9,Other,No,352.0677888,1966
11,1,3,111,111077,7,1,1,1,3,Yes,Son/Daughter,Male,92,3,27,1,Sinhala,Roman Catholic,Currently Married (Registered),Does not attend,Passed Grade 10,Engaged in economic activity,Yes,352.0677888,1992
11,1,3,111,111077,7,1,1,1,4,Yes,Other Relative,Female,93,11,25,1,Sinhala,Roman Catholic,Currently Married (Registered),Does not attend,Passed G.C.E (A/L) or equivalent,Student,No,352.0677888,1993
11,1,6,111,111078,2,1,1,1,1,Yes,Head of the household,Male,33,4,86,1,Sinhala,Buddhist,Currently Married (Registered),Does not attend,Passed Grade 8,"Retired (Private, no pension)",No,265.0614244,1933
11,1,6,111,111078,2,1,1,1,2,Yes,Wife/Husband,Female,40,9,78,1,Sinhala,Buddhist,Currently Married (Registered),Does not attend,Passed Grade 7,Student,No,265.0614244,1940
11,1,6,111,111078,2,1,1,1,3,Yes,Son/Daughter,Female,68,6,51,1,Sinhala,Buddhist,Widowed,Does not attend,Passed Grade 7,Student,No,265.0614244,1968
11,1,6,111,111078,2,1,1,1,4,Yes,Other Relative,Male,89,7,29,1,Sinhala,Buddhist,Never Married,Does not attend,Passed Grade 10,Engaged in economic activity,Yes,265.0614244,1989
11,1,6,111,111078,2,1,1,1,5,Yes,Other Relative,Male,94,9,24,1,Sinhala,Buddhist,Never Married,Does not attend,Passed G.C.E (A/L) or equivalent,Engaged in economic activity,Yes,265.0614244,1994
11,1,6,111,111078,2,1,1,1,6,Yes,Other Relative,Female,3,10,15,1,Sinhala,Buddhist,Never Married,School,Passed Grade 10,Too old / Disabled,No,265.0614244,2003
11,1,6,111,111078,8,1,1,1,1,Yes,Head of the household,Male,54,5,65,1,Sinhala,Buddhist,Currently Married (Registered),Does not attend,Passed G.C.E (A/L) or equivalent,Engaged in economic activity,Yes,265.0614244,1954
11,1,6,111,111078,8,1,1,1,2,Yes,Wife/Husband,Female,56,4,63,1,Sinhala,Buddhist,Currently Married (Registered),Does not attend,Passed Grade 12,Student,No,265.0614244,1956
11,1,6,111,111078,8,1,1,1,3,Yes,Son/Daughter,Male,94,4,25,1,Sinhala,Buddhist,Never Married,Does not attend,Passed G.C.E (A/L) or equivalent,Engaged in economic activity,Yes,265.0614244,1994
11,1,3,111,111079,3,1,1,1,1,Yes,Head of the household,Male,70,12,48,1,Sinhala,Buddhist,Currently Married (Registered),Does not attend,Passed G.C.E (O/L) or equivalent,Engaged in economic activity,Yes,385.6952314,1970
11,1,3,111,111079,3,1,1,1,2,Yes,Wife/Husband,Female,76,12,42,1,Sinhala,Buddhist,Currently Married (Registered),Does not attend,Passed G.C.E (O/L) or equivalent,Student,No,385.6952314,1976
11,1,3,111,111079,3,1,1,1,3,Yes,Son/Daughter,Female,97,2,22,1,Sinhala,Buddhist,Never Married,University,Passed G.C.E (A/L) or equivalent,Too old / Disabled,No,385.6952314,1997
11,1,3,111,111079,3,1,1,1,4,Yes,Son/Daughter,Male,2,11,16,1,Sinhala,Buddhist,Never Married,Pending G.C.E.(O/L or A/L),Passed Grade 10,Too old / Disabled,No,385.6952314,2002
11,1,3,111,111079,8,1,1,1,1,Yes,Head of the household,Male,46,2,73,1,Sinhala,Buddhist,Currently Married (Registered),Does not attend,Passed Grade 8,Engaged in economic activity,Yes,385.6952314,1946
11,1,3,111,111079,8,1,1,1,2,Yes,Wife/Husband,Female,46,10,72,1,Sinhala,Buddhist,Currently Married (Registered),Does not attend,Passed Grade 6,Student,No,385.6952314,1946
11,1,7,111,111080,2,1,1,1,1,Yes,Head of the household,Female,62,9,56,1,Sinhala,Buddhist,Currently Married (Registered),Does not attend,Passed G.C.E (O/L) or equivalent,Student,No,286.6035711,1962
11,1,7,111,111080,2,1,1,1,2,Now,Wife/Husband,Male,56,11,62,1,Sinhala,Buddhist,Currently Married (Registered),Does not attend,Passed G.C.E (O/L) or equivalent,Engaged in economic activity,No,286.6035711,1956
11,1,7,111,111080,6,1,1,1,1,Yes,Head of the household,Male,76,10,42,1,Sinhala,Buddhist,Currently Married (Registered),Does not attend,Passed Grade 10,Engaged in economic activity,Yes,286.6035711,1976
11,1,7,111,111080,6,1,1,1,2,Yes,Wife/Husband,Female,80,9,38,1,Sinhala,Buddhist,Currently Married (Registered),Does not attend,Passed Grade 10,Student,No,286.6035711,1980
11,1,7,111,111080,6,1,1,1,3,Yes,Son/Daughter,Male,5,5,14,1,Sinhala,Buddhist,Never Married,School,Passed Grade 8,Engaged in economic activity,No,286.6035711,2005
11,1,7,111,111080,6,1,1,1,4,Yes,Son/Daughter,Male,9,9,9,1,Sinhala,Buddhist,Never Married,School,Passed Grade 4,Engaged in economic activity,No,286.6035711,2009
11,1,7,111,111080,6,1,1,1,5,Yes,Other Relative,Female,45,2,74,1,Sinhala,Buddhist,Widowed,Does not attend,Passed Grade 3,Other,No,286.6035711,1945
11,1,7,111,111080,10,1,1,1,1,Yes,Head of the household,Female,83,1,36,1,Sinhala,Buddhist,Currently Married (Registered),Does not attend,Passed Grade 10,Engaged in economic activity,Yes,286.6035711,1983
11,1,7,111,111080,10,1,1,1,2,Now,Wife/Husband,Male,81,6,38,1,Sinhala,Buddhist,Currently Married (Registered),Does not attend,Passed Grade 10,Engaged in economic activity,No,286.6035711,1981
11,1,7,111,111080,10,1,1,1,3,Yes,Son/Daughter,Female,1,5,18,1,Sinhala,Buddhist,Never Married,Other educational institution,Passed Grade 10,Too old / Disabled,No,286.6035711,2001
11,1,7,111,111080,10,1,1,1,4,Yes,Son/Daughter,Female,5,11,13,1,Sinhala,Buddhist,Never Married,School,Passed Grade 8,Engaged in economic activity,No,286.6035711,2005
11,1,7,111,111080,10,1,1,1,5,Yes,Other Relative,Male,52,2,67,1,Sinhala,Roman Catholic,Currently Married (Registered),Does not attend,Passed Grade 6,Student,No,286.6035711,1952
11,1,6,111,111081,4,1,1,1,1,Yes,Head of the household,Male,60,4,59,1,Sinhala,Buddhist,Currently Married (Registered),Does not attend,Passed G.C.E (A/L) or equivalent,Engaged in economic activity,Yes,349.7608931,1960
11,1,6,111,111081,4,1,1,1,2,Yes,Wife/Husband,Female,60,4,59,1,Sinhala,Buddhist,Currently Married (Registered),Does not attend,Passed G.C.E (A/L) or equivalent,Student,No,349.7608931,1960
11,1,6,111,111081,4,1,1,1,3,Yes,Other Relative,Female,65,7,53,1,Sinhala,Buddhist,Never Married,Does not attend,Passed G.C.E (A/L) or equivalent,Engaged in economic activity,Yes,349.7608931,1965
11,1,6,111,111081,10,1,1,1,1,Yes,Head of the household,Male,51,11,67,1,Sinhala,Buddhist,Currently Married (Registered),Does not attend,Passed G.C.E (A/L) or equivalent,"Retired (Private, no pension)",No,349.7608931,1951
11,1,6,111,111081,10,1,1,1,2,Yes,Wife/Husband,Female,56,12,62,1,Sinhala,Buddhist,Currently Married (Registered),Does not attend,Passed Degree,"Retired (Private, no pension)",No,349.7608931,1956
11,1,6,111,111081,10,1,1,1,3,Yes,Son/Daughter,Female,91,11,27,1,Sinhala,Buddhist,Never Married,Does not attend,Passed Degree,Engaged in economic activity,Yes,349.7608931,1991
11,2,3,112,111082,1,1,1,1,1,Yes,Head of the household,Female,77,11,41,1,Sinhala,Buddhist,Currently Married (Registered),Does not attend,Passed G.C.E (A/L) or equivalent,Engaged in economic activity,Yes,280.0956118,1977
11,2,3,112,111082,1,1,1,1,2,Yes,Son/Daughter,Male,6,4,12,1,Sinhala,Buddhist,Never Married,School,Passed Grade 7,Engaged in economic activity,No,280.0956118,2006
11,2,3,112,111082,1,1,1,1,3,Yes,Son/Daughter,Female,10,5,8,1,Sinhala,Buddhist,Never Married,School,Passed Grade 3,Engaged in economic activity,No,280.0956118,2010
11,2,3,112,111082,1,1,1,1,4,Yes,Son/Daughter,Female,15,4,3,1,Sinhala,Buddhist,Never Married,Pre School,Passed Grade 10,Engaged in economic activity,No,280.0956118,2015
11,2,3,112,111082,1,1,1,1,5,Now,Wife/Husband,Male,75,7,43,1,Sinhala,Buddhist,Currently Married (Registered),Does not attend,Passed G.C.E (O/L) or equivalent,Engaged in economic activity,No,280.0956118,1975
11,2,3,112,111082,5,1,1,1,1,Yes,Head of the household,Male,71,12,47,1,Sinhala,Buddhist,Currently Married (Registered),Does not attend,Passed G.C.E (O/L) or equivalent,Engaged in economic activity,Yes,280.0956118,1971
11,2,3,112,111082,5,1,1,1,2,Yes,Wife/Husband,Female,71,11,47,1,Sinhala,Buddhist,Currently Married (Registered),Does not attend,Passed G.C.E (A/L) or equivalent,Engaged in economic activity,Yes,280.0956118,1971
11,2,3,112,111082,5,1,1,1,3,Yes,Son/Daughter,Female,6,8,12,1,Sinhala,Buddhist,Never Married,School,Passed Grade 7,Engaged in economic activity,No,280.0956118,2006
11,2,3,112,111082,5,1,1,1,4,Yes,Parent of head/spouse,Female,45,3,74,1,Sinhala,Buddhist,Widowed,Does not attend,Passed Grade 8,Student,No,280.0956118,1945
11,2,3,112,111082,9,1,1,1,1,Yes,Head of the household,Male,52,10,66,1,Sinhala,Buddhist,Currently Married (Registered),Does not attend,Passed Grade 6,Received pension payments,No,280.0956118,1952
11,2,3,112,111082,9,1,1,1,2,Yes,Wife/Husband,Female,57,4,61,1,Sinhala,Buddhist,Currently Married (Registered),Does not attend,Passed G.C.E (O/L) or equivalent,Student,No,280.0956118,1957
11,2,3,112,111082,9,1,1,1,3,Yes,Son/Daughter,Male,85,3,34,1,Sinhala,Buddhist,Never Married,Does not attend,Passed G.C.E (A/L) or equivalent,Engaged in economic activity,Yes,280.0956118,1985
11,2,7,112,111083,4,1,1,1,1,Yes,Head of the household,Male,60,5,59,1,Sinhala,Buddhist,Currently Married (Registered),Does not attend,Passed Grade 6,Other,No,262.5274847,1960
11,2,7,112,111083,4,1,1,1,2,Yes,Wife/Husband,Female,60,12,58,1,Sinhala,Buddhist,Currently Married (Registered),Does not attend,Passed Grade 6,Engaged in economic activity,Yes,262.5274847,1960
11,2,7,112,111083,4,1,1,1,3,Yes,Son/Daughter,Female,85,2,34,1,Sinhala,Buddhist,Separated (Not legal),Does not attend,Passed Grade 12,Student,No,262.5274847,1985
11,2,7,112,111083,4,1,1,1,4,Yes,Other Relative,Male,16,3,3,1,Sinhala,Buddhist,Never Married,Pre School,Passed Grade 10,Engaged in economic activity,No,262.5274847,2016
11,2,7,112,111083,8,1,1,1,1,Yes,Head of the household,Male,56,3,63,1,Sinhala,Buddhist,Currently Married (Registered),Does not attend,Passed Grade 9,Engaged in economic activity,Yes,262.5274847,1956
11,2,7,112,111083,8,1,1,1,2,Yes,Wife/Husband,Female,59,2,60,1,Sinhala,Buddhist,Currently Married (Registered),Does not attend,Passed Grade 9,Student,No,262.5274847,1959
11,1,7,111,111084,4,1,1,1,1,Yes,Head of the household,Male,61,2,58,1,Sinhala,Buddhist,Currently Married (Registered),Does not attend,Passed Grade 9,Engaged in economic activity,Yes,178.8731508,1961
11,1,7,111,111084,4,1,1,1,2,Yes,Wife/Husband,Female,64,5,55,1,Sinhala,Buddhist,Currently Married (Registered),Does not attend,Passed Grade 10,Engaged in economic activity,Yes,178.8731508,1964
11,1,7,111,111084,4,1,1,1,3,Yes,Son/Daughter,Female,97,12,21,1,Sinhala,Buddhist,Never Married,Does not attend,Passed G.C.E (A/L) or equivalent,Engaged in economic activity,Yes,178.8731508,1997
11,1,7,111,111084,8,1,1,1,1,Yes,Head of the household,Female,85,4,34,1,Sri Lankan Moors/Muslim,Islam,Widowed,Does not attend,Passed Grade 10,Engaged in economic activity,Yes,178.8731508,1985
11,1,7,111,111084,8,1,1,1,2,Yes,Son/Daughter,Female,13,6,6,1,Sri Lankan Moors/Muslim,Islam,Never Married,School,Studying/Studied Grade 1,Engaged in economic activity,No,178.8731508,2013
11,1,7,111,111084,8,1,1,1,3,Yes,Parent of head/spouse,Male,55,10,63,1,Sri Lankan Moors/Muslim,Islam,Currently Married (Registered),Does not attend,Passed Grade 3,Engaged in economic activity,Yes,178.8731508,1955
11,1,7,111,111084,8,1,1,1,4,Yes,Parent of head/spouse,Female,63,4,56,1,Sri Lankan Moors/Muslim,Islam,Currently Married (Registered),Does not attend,Passed Grade 5,Student,No,178.8731508,1963
11,1,3,111,111085,4,1,1,1,1,Yes,Head of the household,Male,44,10,74,1,Sinhala,Buddhist,Currently Married (Registered),Does not attend,Passed Grade 8,Engaged in economic activity,Yes,425.6318949,1944
11,1,3,111,111085,4,1,1,1,2,Yes,Wife/Husband,Female,55,11,63,1,Sinhala,Buddhist,Currently Married (Registered),Does not attend,Passed Grade 4,Student,No,425.6318949,1955
11,1,3,111,111085,4,1,1,1,3,Yes,Son/Daughter,Male,89,12,29,1,Sinhala,Buddhist,Never Married,Does not attend,Passed Grade 6,Engaged in economic activity,Yes,425.6318949,1989
11,1,3,111,111085,4,1,1,1,4,Yes,Son/Daughter,Female,83,6,35,1,Sinhala,Buddhist,Currently Married (Registered),Does not attend,Passed Grade 8,Student,No,425.6318949,1983
11,1,3,111,111085,4,1,1,1,5,Yes,Other Relative,Male,81,8,37,1,Sinhala,Buddhist,Currently Married (Registered),Does not attend,Passed Grade 10,Engaged in economic activity,Yes,425.6318949,1981
11,1,3,111,111085,4,1,1,1,6,Yes,Other Relative,Female,12,6,6,1,Sinhala,Buddhist,Never Married,School,Studying/Studied Grade 1,Engaged in economic activity,No,425.6318949,2012
11,1,7,111,111086,2,1,1,1,1,Yes,Head of the household,Female,63,4,56,1,Sinhala,Buddhist,Widowed,Does not attend,Passed Grade 10,Student,No,219.9260051,1963
11,1,7,111,111086,2,1,1,1,2,Yes,Son/Daughter,Female,88,9,30,1,Sinhala,Buddhist,Never Married,Does not attend,Passed G.C.E (A/L) or equivalent,Engaged in economic activity,Yes,219.9260051,1988
11,1,7,111,111086,8,1,1,1,1,Yes,Head of the household,Female,41,11,77,1,Sinhala,Buddhist,Widowed,Does not attend,Passed Grade 10,Other,No,219.9260051,1941
11,1,7,111,111086,8,1,1,1,2,Yes,Son/Daughter,Female,71,9,47,1,Sinhala,Buddhist,Never Married,Does not attend,Passed Grade 10,Engaged in economic activity,Yes,219.9260051,1971
11,1,7,111,111086,8,1,1,1,3,Yes,Son/Daughter,Male,69,7,50,1,Sinhala,Buddhist,Currently Married (Registered),Does not attend,Passed Grade 10,Engaged in economic activity,Yes,219.9260051,1969
11,1,7,111,111086,8,1,1,1,4,Now,Son/Daughter,Female,67,11,51,1,Sinhala,Buddhist,Currently Married (Registered),Does not attend,Passed Grade 10,Engaged in economic activity,No,219.9260051,1967
11,1,7,111,111086,8,1,1,1,5,Yes,Other Relative,Male,98,10,20,1,Sinhala,Buddhist,Never Married,Other educational institution,Passed G.C.E (A/L) or equivalent,Too old / Disabled,No,219.9260051,1998
11,1,7,111,111086,8,1,1,1,6,Yes,Other Relative,Male,5,12,13,1,Sinhala,Buddhist,Never Married,School,Passed Grade 8,Engaged in economic activity,No,219.9260051,2005
11,1,7,111,111087,3,1,1,1,1,Yes,Head of the household,Male,70,6,49,1,Sinhala,Buddhist,Currently Married (Registered),Does not attend,Passed G.C.E (A/L) or equivalent,Engaged in economic activity,Yes,306.2230571,1970
11,1,7,111,111087,3,1,1,1,2,Yes,Wife/Husband,Female,77,1,42,1,Sinhala,Buddhist,Currently Married (Registered),Does not attend,Passed G.C.E (A/L) or equivalent,Engaged in economic activity,Yes,306.2230571,1977
11,1,7,111,111087,3,1,1,1,3,Yes,Son/Daughter,Male,3,9,15,1,Sinhala,Buddhist,Never Married,School,Passed Grade 10,Too old / Disabled,No,306.2230571,2003
11,1,7,111,111087,3,1,1,1,4,Yes,Son/Daughter,Male,10,3,9,1,Sinhala,Buddhist,Never Married,School,Passed Grade 3,Engaged in economic activity,No,306.2230571,2010
11,1,7,111,111087,8,1,1,1,1,Yes,Head of the household,Male,72,9,46,1,Malay,Roman Catholic,Currently Married (Registered),Does not attend,Passed G.C.E (A/L) or equivalent,Engaged in economic activity,Yes,306.2230571,1972
11,1,7,111,111087,8,1,1,1,2,Yes,Wife/Husband,Female,82,6,37,1,Sinhala,Buddhist,Currently Married (Registered),Does not attend,Passed G.C.E (O/L) or equivalent,Student,No,306.2230571,1982
11,1,7,111,111087,8,1,1,1,3,Yes,Son/Daughter,Male,12,11,6,1,Malay,Buddhist,Never Married,School,Passed Grade 1,Engaged in economic activity,No,306.2230571,2012
11,1,1,111,111088,3,1,1,1,1,Yes,Head of the household,Female,60,10,58,1,Sinhala,Roman Catholic,Currently Married (Registered),Does not attend,Passed Grade 4,Engaged in economic activity,Yes,392.4425353,1960
11,1,1,111,111088,3,1,1,1,2,Yes,Son/Daughter,Female,91,4,27,1,Sinhala,Roman Catholic,Currently Married (Registered),Does not attend,Passed G.C.E (A/L) or equivalent,Engaged in economic activity,Yes,392.4425353,1991
11,1,1,111,111088,3,1,1,1,3,Yes,Other Relative,Male,88,9,30,1,Sinhala,Roman Catholic,Currently Married (Registered),Does not attend,Passed Grade 10,Engaged in economic activity,Yes,392.4425353,1988
11,1,1,111,111088,3,1,1,1,4,Yes,Other Relative,Female,15,3,3,1,Sinhala,Roman Catholic,Never Married,Pre School,Passed Grade 10,Engaged in economic activity,No,392.4425353,2015
11,1,1,111,111088,3,1,1,1,5,Yes,Other Relative,Female,18,4,0,1,Sinhala,Roman Catholic,Never Married,Does not attend,Passed Grade 10,Engaged in economic activity,No,392.4425353,2018
11,1,1,111,111088,3,1,1,1,6,Now,Other Relative,Female,37,6,81,1,Sinhala,Roman Catholic,Widowed,Does not attend,Passed Grade 5,Engaged in economic activity,No,392.4425353,1937
11,1,1,111,111088,3,1,1,1,7,Yes,Wife/Husband,Male,60,12,58,1,Sinhala,Roman Catholic,Currently Married (Registered),Does not attend,Passed Grade 8,Engaged in economic activity,Yes,392.4425353,1960
11,1,1,111,111088,8,1,1,1,1,Yes,Head of the household,Male,75,11,43,1,Sri Lankan Tamil,Hindu,Currently Married (Registered),Does not attend,Passed Grade 9,Engaged in economic activity,Yes,392.4425353,1975
11,1,1,111,111088,8,1,1,1,2,Yes,Wife/Husband,Female,78,6,40,1,Sri Lankan Tamil,Hindu,Currently Married (Registered),Does not attend,Passed Grade 4,Engaged in economic activity,Yes,392.4425353,1978
11,1,1,111,111088,8,1,1,1,3,Yes,Son/Daughter,Male,2,2,16,1,Sri Lankan Tamil,Hindu,Never Married,School,Passed Grade 10,Too old / Disabled,No,392.4425353,2002
11,1,1,111,111088,8,1,1,1,4,Yes,Son/Daughter,Male,6,4,12,1,Sri Lankan Tamil,Hindu,Never Married,School,Passed Grade 7,Engaged in economic activity,No,392.4425353,2006
11,1,1,111,111088,8,1,1,1,5,Yes,Son/Daughter,Female,9,8,9,1,Sri Lankan Tamil,Hindu,Never Married,School,Passed Grade 4,Engaged in economic activity,No,392.4425353,2009
11,1,3,111,111089,3,1,1,1,1,Yes,Head of the household,Male,53,6,65,1,Sinhala,Buddhist,Currently Married (Registered),Does not attend,Passed G.C.E (A/L) or equivalent,Engaged in economic activity,Yes,230.6962132,1953
11,1,3,111,111089,3,1,1,1,2,Yes,Wife/Husband,Female,53,5,65,1,Sinhala,Buddhist,Currently Married (Registered),Does not attend,Passed G.C.E (A/L) or equivalent,"Retired (Private, no pension)",No,230.6962132,1953
11,1,3,111,111089,3,1,1,1,3,Yes,Son/Daughter,Female,81,7,37,1,Sinhala,Buddhist,Never Married,Does not attend,Passed Degree,Engaged in economic activity,Yes,230.6962132,1981
11,1,3,111,111089,7,1,1,1,1,Yes,Head of the household,Male,99,10,19,1,Sri Lankan Tamil,Hindu,Currently Married (Registered),Does not attend,Passed G.C.E (O/L) or equivalent,Engaged in economic activity,Yes,230.6962132,1999
11,1,3,111,111089,7,1,1,1,2,Yes,Wife/Husband,Female,99,8,19,1,Sinhala,Buddhist,Currently Married (Registered),Does not attend,Passed G.C.E (O/L) or equivalent,Engaged in economic activity,Yes,230.6962132,1999
11,1,7,111,111090,3,1,1,1,1,Yes,Head of the household,Male,50,12,68,1,Sinhala,Buddhist,Currently Married (Registered),Does not attend,Passed Degree,"Retired (Private, no pension)",No,476.2207261,1950
11,1,7,111,111090,3,1,1,1,2,Yes,Wife/Husband,Female,58,6,61,1,Sinhala,Buddhist,Currently Married (Registered),Does not attend,Passed G.C.E (A/L) or equivalent,Student,No,476.2207261,1958
11,1,7,111,111090,3,1,1,1,3,Yes,Son/Daughter,Female,92,6,27,1,Sinhala,Buddhist,Never Married,Does not attend,Passed Degree,Engaged in economic activity,Yes,476.2207261,1992
11,1,7,111,111090,8,1,1,1,1,Yes,Head of the household,Female,70,11,48,1,Sri Lankan Tamil,Hindu,Currently Married (Registered),Does not attend,No Schooling,Student,No,476.2207261,1970
11,1,7,111,111090,8,1,1,1,2,Yes,Wife/Husband,Male,74,4,45,1,Sri Lankan Tamil,Hindu,Currently Married (Registered),Does not attend,Passed Grade 3,Engaged in economic activity,Yes,476.2207261,1974
11,1,7,111,111090,8,1,1,1,3,Yes,Son/Daughter,Male,99,3,20,1,Sri Lankan Tamil,Hindu,Never Married,Does not attend,Passed Grade 10,Seeking work,No,476.2207261,1999
11,1,7,111,111091,5,1,1,1,1,Yes,Head of the household,Male,59,7,60,1,Sinhala,Buddhist,Currently Married (Registered),Does not attend,Passed G.C.E (A/L) or equivalent,Received pension payments,No,293.8630334,1959
11,1,7,111,111091,5,1,1,1,2,Yes,Wife/Husband,Female,64,9,54,1,Sinhala,Buddhist,Currently Married (Registered),Does not attend,Passed Grade 12,"Retired (Private, no pension)",No,293.8630334,1964
11,1,7,111,111091,5,1,1,1,3,Yes,Son/Daughter,Female,93,5,26,1,Sinhala,Buddhist,Never Married,Vocational/Technical institution,Passed G.C.E (O/L) or equivalent,Too old / Disabled,No,293.8630334,1993
11,1,7,111,111091,5,1,1,1,4,Yes,Parent of head/spouse,Female,30,7,89,1,Sinhala,Buddhist,Widowed,Does not attend,Passed G.C.E (O/L) or equivalent,Other,No,293.8630334,1930
11,1,7,111,111091,10,1,1,1,1,Yes,Head of the household,Female,69,11,49,1,Sinhala,Buddhist,Never Married,Does not attend,Passed Degree,Engaged in economic activity,Yes,293.8630334,1969
11,1,7,111,111091,10,1,1,1,2,Yes,Other,Male,66,5,53,1,Sinhala,Buddhist,Currently Married (Registered),Does not attend,Passed G.C.E (A/L) or equivalent,Engaged in economic activity,Yes,293.8630334,1966
11,1,7,111,111091,10,1,1,1,3,Yes,Other,Female,70,6,49,1,Sinhala,Buddhist,Currently Married (Registered),Does not attend,Passed Grade 12,Student,No,293.8630334,1970
11,1,7,111,111091,10,1,1,1,4,Yes,Other,Male,98,6,21,1,Sinhala,Buddhist,Never Married,Other educational institution,Passed G.C.E (A/L) or equivalent,Too old / Disabled,No,293.8630334,1998
11,1,7,111,111091,10,1,1,1,5,Yes,Other,Male,1,10,17,1,Sinhala,Buddhist,Never Married,School,Passed G.C.E (O/L) or equivalent,Too old / Disabled,No,293.8630334,2001
11,1,7,111,111091,10,1,1,1,6,Yes,Other,Female,8,3,11,1,Sinhala,Buddhist,Never Married,School,Passed Grade 5,Engaged in economic activity,No,293.8630334,2008
11,1,8,111,111092,6,1,1,1,1,Yes,Head of the household,Male,72,11,46,1,Sri Lankan Tamil,Hindu,Currently Married (Registered),Does not attend,Passed Grade 10,Engaged in economic activity,Yes,482.9575071,1972
11,1,8,111,111092,6,1,1,1,2,Yes,Wife/Husband,Female,75,7,44,1,Sri Lankan Tamil,Hindu,Currently Married (Registered),Does not attend,Passed Grade 10,Student,No,482.9575071,1975
11,1,8,111,111092,6,1,1,1,3,Yes,Son/Daughter,Female,99,3,20,1,Sri Lankan Tamil,Hindu,Never Married,Does not attend,Passed G.C.E (A/L) or equivalent,Engaged in economic activity,Yes,482.9575071,1999
11,1,8,111,111092,6,1,1,1,4,Yes,Son/Daughter,Female,1,12,17,1,Sri Lankan Tamil,Hindu,Never Married,School,Passed G.C.E (O/L) or equivalent,Too old / Disabled,No,482.9575071,2001
11,1,8,111,111092,6,1,1,1,5,Yes,Son/Daughter,Male,6,8,13,1,Sri Lankan Tamil,Hindu,Never Married,School,Passed Grade 7,Engaged in economic activity,No,482.9575071,2006
11,2,1,112,111093,3,1,1,1,1,Yes,Head of the household,Male,73,5,45,1,Sinhala,Buddhist,Currently Married (Registered),Does not attend,Passed Grade 10,Engaged in economic activity,Yes,223.5695291,1973
11,2,1,112,111093,3,1,1,1,2,Yes,Son/Daughter,Male,95,7,23,1,Sinhala,Buddhist,Never Married,Other educational institution,Passed G.C.E (A/L) or equivalent,Too old / Disabled,No,223.5695291,1995
11,2,1,112,111093,3,1,1,1,3,Yes,Son/Daughter,Female,95,7,23,1,Sinhala,Buddhist,Never Married,Does not attend,Passed G.C.E (O/L) or equivalent,Other,No,223.5695291,1995
11,2,1,112,111093,3,1,1,1,4,Now,Wife/Husband,Female,72,9,46,1,Sinhala,Buddhist,Currently Married (Registered),Does not attend,Passed Grade 12,Engaged in economic activity,No,223.5695291,1972
11,2,1,112,111093,7,1,1,1,1,Yes,Head of the household,Male,85,6,33,1,Sri Lankan Tamil,Hindu,Currently Married (Registered),Does not attend,Passed Grade 6,Engaged in economic activity,Yes,223.5695291,1985
11,2,1,112,111093,7,1,1,1,2,Yes,Wife/Husband,Female,89,4,29,1,Sri Lankan Tamil,Hindu,Currently Married (Registered),Does not attend,Passed Grade 3,Student,No,223.5695291,1989
11,2,1,112,111093,7,1,1,1,3,Yes,Son/Daughter,Female,18,11,0,1,Sri Lankan Tamil,Hindu,Never Married,Does not attend,Passed Grade 10,Engaged in economic activity,No,223.5695291,2018
11,1,7,111,111094,5,1,1,1,1,Yes,Head of the household,Male,43,9,75,1,Sinhala,Buddhist,Currently Married (Registered),Does not attend,Passed G.C.E (A/L) or equivalent,"Retired (Private, no pension)",No,495.0953281,1943
11,1,7,111,111094,5,1,1,1,2,Yes,Wife/Husband,Female,42,10,76,1,Sinhala,Buddhist,Currently Married (Registered),Does not attend,Passed G.C.E (O/L) or equivalent,"Retired (Private, no pension)",No,495.0953281,1942
11,1,7,111,111094,10,1,1,1,1,Yes,Head of the household,Male,75,9,43,1,Sinhala,Buddhist,Currently Married (Registered),Does not attend,Passed Degree,Engaged in economic activity,Yes,495.0953281,1975
11,1,7,111,111094,10,1,1,1,2,Yes,Wife/Husband,Female,75,12,43,1,Sinhala,Buddhist,Currently Married (Registered),Does not attend,Passed Post Graduate Degree/Diploma,Engaged in economic activity,Yes,495.0953281,1975
11,1,7,111,111094,10,1,1,1,3,Yes,Son/Daughter,Female,6,2,13,1,Sinhala,Buddhist,Never Married,School,Passed Grade 7,Engaged in economic activity,No,495.0953281,2006
11,1,7,111,111094,10,1,1,1,4,Yes,Son/Daughter,Female,9,12,9,1,Sinhala,Buddhist,Never Married,School,Passed Grade 4,Engaged in economic activity,No,495.0953281,2009
11,1,4,111,111095,7,1,1,1,1,Yes,Head of the household,Male,77,4,42,1,Sinhala,Buddhist,Currently Married (Registered),Does not attend,Passed Grade 9,Engaged in economic activity,Yes,314.4254604,1977
11,1,4,111,111095,7,1,1,1,2,Yes,Wife/Husband,Female,77,4,42,1,Sinhala,Buddhist,Currently Married (Registered),Does not attend,Passed Grade 10,Engaged in economic activity,Yes,314.4254604,1977
11,1,4,111,111095,7,1,1,1,3,Yes,Son/Daughter,Male,7,7,11,1,Sinhala,Buddhist,Never Married,School,Passed Grade 6,Engaged in economic activity,No,314.4254604,2007
11,1,4,111,111095,7,1,1,1,4,Yes,Son/Daughter,Male,12,2,7,1,Sinhala,Buddhist,Never Married,School,Passed Grade 1,Engaged in economic activity,No,314.4254604,2012
11,1,4,111,111095,7,1,1,1,5,Yes,Parent of head/spouse,Female,51,10,67,1,Sinhala,Buddhist,Currently Married (Registered),Does not attend,No Schooling,Other,No,314.4254604,1951
11,1,4,111,111095,7,1,1,1,6,Yes,Other Relative,Female,78,11,40,1,Sinhala,Buddhist,Never Married,Does not attend,Passed Grade 6,Engaged in economic activity,Yes,314.4254604,1978
11,1,8,111,111096,2,1,1,1,1,Yes,Head of the household,Male,60,3,59,1,Sinhala,Buddhist,Currently Married (Registered),Does not attend,Passed Grade 10,Engaged in economic activity,Yes,346.7948842,1960
11,1,8,111,111096,2,1,1,1,2,Yes,Wife/Husband,Female,60,4,59,1,Sinhala,Buddhist,Currently Married (Registered),Does not attend,Passed Grade 12,Student,No,346.7948842,1960
11,1,8,111,111096,2,1,1,1,3,Yes,Son/Daughter,Female,91,11,27,1,Sinhala,Buddhist,Never Married,Does not attend,Passed G.C.E (A/L) or equivalent,Engaged in economic activity,Yes,346.7948842,1991
11,1,8,111,111096,2,1,1,1,4,Yes,Son/Daughter,Male,95,10,23,1,Sinhala,Buddhist,Never Married,Does not attend,Passed G.C.E (O/L) or equivalent,Engaged in economic activity,Yes,346.7948842,1995
11,1,8,111,111096,7,1,1,1,1,Yes,Head of the household,Female,56,7,63,1,Sri Lankan Moors/Muslim,Buddhist,Widowed,Does not attend,Passed Grade 7,Student,Yes,346.7948842,1956
11,1,8,111,111096,7,1,1,1,2,Yes,Other Relative,Male,75,11,43,1,Sinhala,Buddhist,Never Married,Does not attend,Passed Grade 12,Engaged in economic activity,Yes,346.7948842,1975
11,1,8,111,111096,7,1,1,1,3,Yes,Other Relative,Male,96,8,23,1,Sinhala,Buddhist,Never Married,Other educational institution,Passed Grade 12,Too old / Disabled,No,346.7948842,1996
11,1,8,111,111096,7,1,1,1,4,Yes,Other Relative,Male,6,12,12,1,Sinhala,Buddhist,Never Married,School,Passed Grade 7,Engaged in economic activity,No,346.7948842,2006
11,2,1,112,111097,2,1,1,1,1,Yes,Head of the household,Male,47,12,71,1,Sinhala,Buddhist,Currently Married (Registered),Does not attend,Passed Grade 7,Other,No,281.9643816,1947
11,2,1,112,111097,2,1,1,1,2,Yes,Wife/Husband,Female,55,10,63,1,Sinhala,Buddhist,Currently Married (Registered),Does not attend,Passed Grade 10,Student,No,281.9643816,1955
11,2,1,112,111097,2,1,1,1,3,Yes,Son/Daughter,Male,79,10,39,1,Sinhala,Buddhist,Never Married,Does not attend,Passed Grade 4,Engaged in economic activity,Yes,281.9643816,1979
11,2,1,112,111097,7,1,1,1,1,Yes,Head of the household,Male,61,12,57,1,Sinhala,Buddhist,Currently Married (Registered),Does not attend,Passed Grade 3,Engaged in economic activity,Yes,281.9643816,1961
11,2,1,112,111097,7,1,1,1,2,Yes,Wife/Husband,Female,70,9,48,1,Sinhala,Buddhist,Currently Married (Registered),Does not attend,Passed Grade 1,Engaged in economic activity,Yes,281.9643816,1970
11,2,1,112,111097,7,1,1,1,3,Yes,Son/Daughter,Male,91,8,27,1,Sinhala,Buddhist,Never Married,Does not attend,Passed G.C.E (A/L) or equivalent,Engaged in economic activity,Yes,281.9643816,1991
11,2,1,112,111097,7,1,1,1,4,Yes,Son/Daughter,Female,4,8,14,1,Sinhala,Buddhist,Never Married,School,Passed Grade 9,Engaged in economic activity,No,281.9643816,2004
11,1,7,111,111098,4,1,1,1,1,Yes,Head of the household,Male,59,6,60,1,Sinhala,Buddhist,Currently Married (Registered),Does not attend,Passed G.C.E (A/L) or equivalent,Retired (Government pension),Yes,295.0164813,1959
11,1,7,111,111098,4,1,1,1,2,Yes,Wife/Husband,Female,56,10,62,1,Sinhala,Buddhist,Currently Married (Registered),Does not attend,Passed G.C.E (A/L) or equivalent,"Retired (Private, no pension)",No,295.0164813,1956
11,1,7,111,111098,4,1,1,1,3,Yes,Other Relative,Male,95,3,24,1,Sinhala,Buddhist,Never Married,Other educational institution,Passed G.C.E (A/L) or equivalent,Engaged in economic activity,Yes,295.0164813,1995
11,1,7,111,111098,4,1,1,1,4,Yes,Other Relative,Male,69,7,50,1,Sinhala,Buddhist,Currently Married (Registered),Does not attend,Passed G.C.E (O/L) or equivalent,Engaged in economic activity,Yes,295.0164813,1969
11,1,7,111,111098,4,1,1,1,5,Now,Other Relative,Female,74,12,44,1,Sinhala,Buddhist,Currently Married (Registered),Does not attend,Passed G.C.E (O/L) or equivalent,Engaged in economic activity,No,295.0164813,1974
11,1,7,111,111098,9,1,1,1,1,Yes,Head of the household,Male,45,5,74,1,Sinhala,Buddhist,Widowed,Does not attend,Passed Grade 2,Other,No,295.0164813,1945
11,3,4,113,111099,3,1,1,1,1,Yes,Head of the household,Male,77,4,42,1,Sinhala,Buddhist,Currently Married (Registered),Does not attend,Passed G.C.E (A/L) or equivalent,Engaged in economic activity,Yes,468.3412237,1977
11,3,4,113,111099,3,1,1,1,2,Yes,Wife/Husband,Female,85,3,34,1,Sinhala,Buddhist,Currently Married (Registered),Does not attend,Passed G.C.E (O/L) or equivalent,Student,No,468.3412237,1985
11,3,4,113,111099,3,1,1,1,3,Yes,Son/Daughter,Female,12,11,6,1,Sinhala,Buddhist,Never Married,School,Passed Grade 1,Engaged in economic activity,No,468.3412237,2012
11,3,4,113,111099,3,1,1,1,4,Yes,Parent of head/spouse,Female,51,2,68,1,Sinhala,Buddhist,Currently Married (Registered),Does not attend,Passed Grade 9,Other,No,468.3412237,1951
11,3,4,113,111099,3,1,1,1,5,Now,Other,Male,91,10,27,1,Sri Lankan Tamil,Hindu,Currently Married (Registered),Does not attend,Passed Grade 10,Engaged in economic activity,No,468.3412237,1991
11,3,4,113,111099,3,1,1,1,6,Now,Other,Female,92,7,26,1,Sri Lankan Tamil,Hindu,Currently Married (Registered),Does not attend,Passed Grade 8,Engaged in economic activity,No,468.3412237,1992
11,3,4,113,111099,3,1,1,1,7,Now,Other,Male,16,10,2,1,Sri Lankan Tamil,Hindu,Never Married,Does not attend,Passed Grade 10,Engaged in economic activity,No,468.3412237,2016
11,3,4,113,111099,3,1,1,1,8,Now,Other,Male,18,7,0,1,Sri Lankan Tamil,Hindu,Never Married,Does not attend,Passed Grade 10,Engaged in economic activity,No,468.3412237,2018
11,2,8,112,111100,1,1,1,1,1,Yes,Head of the household,Male,79,10,39,1,Sinhala,Buddhist,Currently Married (Registered),Does not attend,Passed G.C.E (O/L) or equivalent,Engaged in economic activity,Yes,277.7957775,1979
11,2,8,112,111100,1,1,1,1,2,Yes,Wife/Husband,Female,79,11,39,1,Sinhala,Buddhist,Currently Married (Registered),Does not attend,Passed G.C.E (O/L) or equivalent,Student,No,277.7957775,1979
11,2,8,112,111100,1,1,1,1,3,Yes,Son/Daughter,Male,7,6,12,1,Sinhala,Buddhist,Never Married,School,Passed Grade 6,Engaged in economic activity,No,277.7957775,2007
11,2,8,112,111100,6,1,1,1,1,Yes,Head of the household,Male,44,1,75,1,Sinhala,Buddhist,Currently Married (Registered),Does not attend,Passed Grade 8,Engaged in economic activity,Yes,277.7957775,1944
11,2,8,112,111100,6,1,1,1,2,Yes,Wife/Husband,Female,59,9,59,1,Sinhala,Buddhist,Currently Married (Registered),Does not attend,Passed Grade 2,Engaged in economic activity,Yes,277.7957775,1959
11,1,1,111,111101,5,1,1,1,1,Yes,Head of the household,Male,72,2,46,1,Sri Lankan Tamil,Roman Catholic,Currently Married (Registered),Does not attend,Passed G.C.E (O/L) or equivalent,Engaged in economic activity,Yes,553.9297573,1972
11,1,1,111,111101,5,1,1,1,2,Yes,Wife/Husband,Female,78,3,40,1,Sri Lankan Tamil,Roman Catholic,Currently Married (Registered),Does not attend,Passed Grade 9,Student,No,553.9297573,1978
11,1,1,111,111101,5,1,1,1,3,Yes,Son/Daughter,Male,4,10,14,1,Sri Lankan Tamil,Roman Catholic,Never Married,School,Passed Grade 9,Engaged in economic activity,No,553.9297573,2004
11,2,8,112,111102,1,1,1,1,1,Yes,Head of the household,Male,95,8,24,1,Sri Lankan Moors/Muslim,Islam,Currently Married (Registered),Does not attend,Passed G.C.E (A/L) or equivalent,Engaged in economic activity,Yes,287.18664,1995
11,2,8,112,111102,1,1,1,1,2,Yes,Wife/Husband,Female,91,10,27,1,Sri Lankan Moors/Muslim,Islam,Currently Married (Registered),Does not attend,Passed G.C.E (O/L) or equivalent,Engaged in economic activity,Yes,287.18664,1991
11,2,8,112,111102,1,1,1,1,3,Yes,Son/Daughter,Female,18,3,1,1,Sri Lankan Moors/Muslim,Islam,Never Married,Does not attend,Passed Grade 10,Engaged in economic activity,No,287.18664,2018
11,2,8,112,111102,1,1,1,1,4,Yes,Other Relative,Female,98,10,20,1,Sri Lankan Moors/Muslim,Islam,Currently Married (Registered),Does not attend,Passed Grade 12,Student,No,287.18664,1998
11,2,8,112,111102,1,1,1,1,5,Yes,Other Relative,Male,92,2,27,1,Sri Lankan Moors/Muslim,Islam,Currently Married (Registered),Does not attend,Passed G.C.E (A/L) or equivalent,Engaged in economic activity,Yes,287.18664,1992
11,2,8,112,111102,1,1,1,1,6,Yes,Other Relative,Male,19,3,0,1,Sri Lankan Moors/Muslim,Islam,Never Married,Does not attend,Passed Grade 10,Engaged in economic activity,No,287.18664,2019
11,2,8,112,111102,5,1,1,1,1,Yes,Head of the household,Male,43,10,75,1,Sinhala,Buddhist,Currently Married (Registered),Does not attend,Passed Grade 10,"Retired (Private, no pension)",No,287.18664,1943
11,2,8,112,111102,5,1,1,1,2,Yes,Wife/Husband,Female,48,12,70,1,Sinhala,Buddhist,Currently Married (Registered),Does not attend,Passed Grade 10,Student,No,287.18664,1948
11,2,8,112,111102,5,1,1,1,3,Yes,Son/Daughter,Female,76,3,43,1,Sinhala,Buddhist,Never Married,Does not attend,Passed G.C.E (A/L) or equivalent,Student,No,287.18664,1976
11,1,4,111,111103,2,1,1,1,1,Yes,Head of the household,Female,38,11,80,1,Sinhala,Buddhist,Widowed,Does not attend,Passed Grade 9,"Retired (Private, no pension)",No,491.9011647,1938
11,1,4,111,111103,10,1,1,1,1,Yes,Head of the household,Male,66,5,52,1,Sinhala,Buddhist,Currently Married (Registered),Does not attend,Passed Grade 12,Engaged in economic activity,Yes,491.9011647,1966
11,1,4,111,111103,10,1,1,1,2,Yes,Wife/Husband,Female,67,9,51,1,Sinhala,Buddhist,Currently Married (Registered),Does not attend,Passed Grade 12,Student,No,491.9011647,1967
11,1,4,111,111103,10,1,1,1,3,Now,Son/Daughter,Female,89,9,29,1,Sinhala,Buddhist,Currently Married (Registered),Does not attend,Passed Grade 12,Engaged in economic activity,No,491.9011647,1989
11,1,4,111,111103,10,1,1,1,4,Now,Son/Daughter,Female,90,11,28,1,Sinhala,Buddhist,Currently Married (Registered),Does not attend,Passed Grade 12,Engaged in economic activity,No,491.9011647,1990
11,1,8,111,111104,4,1,1,1,1,Yes,Head of the household,Male,72,8,47,1,Sinhala,Buddhist,Currently Married (Registered),Does not attend,Passed Grade 10,Engaged in economic activity,Yes,279.4892981,1972
11,1,8,111,111104,4,1,1,1,2,Yes,Wife/Husband,Female,73,4,46,1,Sinhala,Buddhist,Currently Married (Registered),Does not attend,Passed Degree,Engaged in economic activity,Yes,279.4892981,1973
11,1,8,111,111104,4,1,1,1,3,Yes,Son/Daughter,Male,3,6,16,1,Sinhala,Buddhist,Never Married,School,Passed Grade 10,Too old / Disabled,No,279.4892981,2003
11,1,8,111,111104,4,1,1,1,4,Yes,Son/Daughter,Male,5,9,13,1,Sinhala,Buddhist,Never Married,School,Passed Grade 8,Engaged in economic activity,No,279.4892981,2005
11,1,8,111,111104,9,1,1,1,1,Yes,Head of the household,Female,50,2,69,1,Sinhala,Buddhist,Widowed,Does not attend,Passed Grade 10,Student,No,279.4892981,1950
11,1,8,111,111104,9,1,1,1,2,Yes,Son/Daughter,Female,79,1,40,1,Sinhala,Buddhist,Currently Married (Registered),Does not attend,Passed Grade 12,Student,No,279.4892981,1979
11,1,8,111,111104,9,1,1,1,3,Yes,Other Relative,Male,78,10,40,1,Sinhala,Buddhist,Currently Married (Registered),Does not attend,Passed Grade 12,Engaged in economic activity,Yes,279.4892981,1978
11,1,8,111,111104,9,1,1,1,4,Yes,Other Relative,Male,8,12,10,1,Sinhala,Buddhist,Never Married,School,Passed Grade 5,Engaged in economic activity,No,279.4892981,2008
11,1,8,111,111104,9,1,1,1,5,Yes,Other Relative,Male,14,9,4,1,Sinhala,Buddhist,Never Married,Does not attend,Passed Grade 10,Engaged in economic activity,No,279.4892981,2014
11,1,8,111,111104,9,1,1,1,6,Yes,Son/Daughter,Female,82,7,37,1,Sinhala,Buddhist,Never Married,Does not attend,Passed G.C.E (O/L) or equivalent,Student,No,279.4892981,1982
11,1,1,111,111105,4,1,1,1,1,Yes,Head of the household,Female,73,2,45,1,Sinhala,Buddhist,Currently Married (Registered),Does not attend,Passed Grade 10,Engaged in economic activity,Yes,281.9626547,1973
11,1,1,111,111105,4,1,1,1,2,Yes,Wife/Husband,Male,69,12,49,1,Sinhala,Buddhist,Currently Married (Registered),Does not attend,Passed Grade 10,Engaged in economic activity,Yes,281.9626547,1969
11,1,1,111,111105,4,1,1,1,3,Yes,Son/Daughter,Male,4,8,14,1,Sinhala,Buddhist,Never Married,School,Passed Grade 9,Engaged in economic activity,No,281.9626547,2004
11,1,1,111,111105,4,1,1,1,4,Yes,Son/Daughter,Female,9,5,9,1,Sinhala,Buddhist,Never Married,School,Passed Grade 4,Engaged in economic activity,No,281.9626547,2009
11,1,1,111,111105,9,1,1,1,1,Yes,Head of the household,Male,78,5,40,1,Sinhala,Buddhist,Currently Married (Registered),Does not attend,Passed Grade 10,Engaged in economic activity,Yes,281.9626547,1978
11,1,1,111,111105,9,1,1,1,2,Yes,Wife/Husband,Female,77,3,41,1,Sinhala,Buddhist,Currently Married (Registered),Does not attend,Passed Grade 10,Student,Yes,281.9626547,1977
11,1,1,111,111105,9,1,1,1,3,Yes,Son/Daughter,Male,1,2,17,1,Sinhala,Buddhist,Never Married,School,Passed G.C.E (O/L) or equivalent,Too old / Disabled,No,281.9626547,2001
11,1,1,111,111105,9,1,1,1,4,Yes,Son/Daughter,Male,5,4,13,1,Sinhala,Buddhist,Never Married,School,Passed Grade 8,Engaged in economic activity,No,281.9626547,2005
11,1,1,111,111105,9,1,1,1,5,Yes,Son/Daughter,Male,10,3,8,1,Sinhala,Buddhist,Never Married,School,Passed Grade 3,Engaged in economic activity,No,281.9626547,2010
11,1,1,111,111105,9,1,1,1,6,Yes,Son/Daughter,Male,17,3,1,1,Sinhala,Buddhist,Never Married,Does not attend,Passed Grade 10,Engaged in economic activity,No,281.9626547,2017
11,1,8,111,111106,3,1,1,1,1,Yes,Head of the household,Male,80,7,39,1,Sinhala,Roman Catholic,Currently Married (Registered),Does not attend,Passed G.C.E (O/L) or equivalent,Engaged in economic activity,Yes,367.3287918,1980
11,1,8,111,111106,3,1,1,1,2,Yes,Wife/Husband,Female,81,1,38,1,Sinhala,Roman Catholic,Currently Married (Registered),Does not attend,Passed G.C.E (O/L) or equivalent,Engaged in economic activity,Yes,367.3287918,1981
11,1,8,111,111106,3,1,1,1,3,Yes,Son/Daughter,Male,7,6,12,1,Sinhala,Roman Catholic,Never Married,School,Passed Grade 6,Engaged in economic activity,No,367.3287918,2007
11,1,8,111,111106,3,1,1,1,4,Yes,Son/Daughter,Male,12,1,7,1,Sinhala,Roman Catholic,Never Married,School,Passed Grade 2,Engaged in economic activity,No,367.3287918,2012
11,1,8,111,111106,7,1,1,1,1,Yes,Head of the household,Male,86,1,33,1,Sinhala,Buddhist,Currently Married (Registered),Does not attend,Passed G.C.E (O/L) or equivalent,Engaged in economic activity,Yes,367.3287918,1986
11,1,8,111,111106,7,1,1,1,2,Yes,Wife/Husband,Female,86,10,32,1,Sinhala,Buddhist,Currently Married (Registered),Does not attend,Passed G.C.E (A/L) or equivalent,Student,No,367.3287918,1986
11,1,8,111,111106,7,1,1,1,3,Yes,Son/Daughter,Female,9,5,10,1,Sinhala,Buddhist,Never Married,School,Passed Grade 4,Engaged in economic activity,No,367.3287918,2009
11,1,8,111,111106,7,1,1,1,4,Yes,Son/Daughter,Female,10,11,8,1,Sinhala,Buddhist,Never Married,School,Passed Grade 3,Engaged in economic activity,No,367.3287918,2010
11,1,8,111,111106,7,1,1,1,5,Yes,Son/Daughter,Male,18,1,1,1,Sinhala,Buddhist,Never Married,Does not attend,Passed Grade 10,Engaged in economic activity,No,367.3287918,2018
11,1,8,111,111106,7,1,1,1,6,Yes,Parent of head/spouse,Male,50,10,68,1,Sinhala,Buddhist,Currently Married (Customary),Does not attend,Passed G.C.E (O/L) or equivalent,Other,No,367.3287918,1950
11,1,4,111,111107,3,1,1,1,1,Yes,Head of the household,Male,60,10,58,1,Sinhala,Buddhist,Currently Married (Registered),Does not attend,Passed Grade 10,Engaged in economic activity,Yes,379.3723587,1960
11,1,4,111,111107,3,1,1,1,2,Yes,Wife/Husband,Female,66,7,52,1,Sinhala,Buddhist,Currently Married (Registered),Does not attend,Passed G.C.E (O/L) or equivalent,Student,No,379.3723587,1966
11,1,4,111,111107,8,1,1,1,1,Yes,Head of the household,Male,53,10,65,1,Sinhala,Other Christian,Currently Married (Registered),Does not attend,Passed G.C.E (O/L) or equivalent,Engaged in economic activity,Yes,379.3723587,1953
11,1,4,111,111107,8,1,1,1,2,Yes,Wife/Husband,Female,45,11,73,1,Sinhala,Buddhist,Currently Married (Registered),Does not attend,Passed G.C.E (A/L) or equivalent,Student,No,379.3723587,1945
11,1,4,111,111107,8,1,1,1,3,Yes,Son/Daughter,Female,86,9,32,1,Sinhala,Buddhist,Currently Married (Registered),Does not attend,Passed G.C.E (A/L) or equivalent,Engaged in economic activity,Yes,379.3723587,1986
11,1,4,111,111107,8,1,1,1,4,Yes,Other Relative,Male,84,5,34,1,Sinhala,Buddhist,Currently Married (Registered),Does not attend,Passed G.C.E (A/L) or equivalent,Engaged in economic activity,Yes,379.3723587,1984
11,1,4,111,111107,8,1,1,1,5,Yes,Other Relative,Female,15,5,3,1,Sinhala,Buddhist,Never Married,Does not attend,Passed Grade 10,Engaged in economic activity,No,379.3723587,2015
11,1,4,111,111107,8,1,1,1,6,Yes,Son/Daughter,Male,83,2,36,1,Sinhala,Buddhist,Currently Married (Registered),Does not attend,Passed G.C.E (A/L) or equivalent,Engaged in economic activity,Yes,379.3723587,1983
11,1,4,111,111107,8,1,1,1,7,Yes,Other Relative,Female,83,12,35,1,Sinhala,Buddhist,Currently Married (Registered),Does not attend,Passed G.C.E (A/L) or equivalent,Engaged in economic activity,Yes,379.3723587,1983
11,1,4,111,111107,8,1,1,1,8,Yes,Other Relative,Male,12,3,7,1,Sinhala,Buddhist,Never Married,School,Passed Grade 2,Engaged in economic activity,No,379.3723587,2012
11,1,4,111,111107,8,1,1,1,9,Yes,Other Relative,Male,15,10,3,1,Sinhala,Buddhist,Never Married,Does not attend,Passed Grade 10,Engaged in economic activity,No,379.3723587,2015
11,1,1,111,111108,2,1,1,1,1,Yes,Head of the household,Male,69,3,49,1,Sinhala,Buddhist,Currently Married (Registered),Does not attend,Passed G.C.E (A/L) or equivalent,Engaged in economic activity,Yes,264.530716,1969
11,1,1,111,111108,2,1,1,1,2,Yes,Wife/Husband,Female,69,12,49,1,Sinhala,Buddhist,Currently Married (Registered),Does not attend,Passed G.C.E (O/L) or equivalent,Engaged in economic activity,Yes,264.530716,1969
11,1,1,111,111108,2,1,1,1,3,Yes,Other Relative,Male,67,6,51,1,Sinhala,Buddhist,Currently Married (Registered),Does not attend,Passed Grade 10,Engaged in economic activity,Yes,264.530716,1967
11,1,1,111,111108,2,1,1,1,4,Yes,Other Relative,Female,53,4,65,1,Sinhala,Buddhist,Widowed,Does not attend,Passed Grade 10,Student,No,264.530716,1953
11,1,1,111,111108,2,1,1,1,5,Yes,Other Relative,Female,32,2,86,1,Sinhala,Buddhist,Never Married,Does not attend,Passed Grade 8,Other,No,264.530716,1932
11,1,1,111,111108,2,1,1,1,6,Yes,Son/Daughter,Female,94,3,24,1,Sinhala,Buddhist,Never Married,University,Passed G.C.E (A/L) or equivalent,Too old / Disabled,No,264.530716,1994
11,1,1,111,111108,6,1,1,1,1,Yes,Head of the household,Female,52,1,67,1,Sinhala,Buddhist,Widowed,Does not attend,Passed Grade 6,Student,No,264.530716,1952
11,1,1,111,111108,6,1,1,1,2,Yes,Son/Daughter,Male,75,11,43,1,Sinhala,Buddhist,Currently Married (Registered),Does not attend,Passed Grade 9,Engaged in economic activity,Yes,264.530716,1975
11,1,1,111,111108,6,1,1,1,3,Yes,Other Relative,Female,80,10,38,1,Sinhala,Buddhist,Currently Married (Registered),Does not attend,Passed G.C.E (O/L) or equivalent,Engaged in economic activity,Yes,264.530716,1980
11,1,1,111,111108,6,1,1,1,4,Yes,Other Relative,Female,3,6,15,1,Sinhala,Buddhist,Never Married,School,Passed Grade 10,Too old / Disabled,No,264.530716,2003
11,1,1,111,111108,10,1,1,1,1,Yes,Head of the household,Male,58,11,60,1,Sinhala,Buddhist,Currently Married (Registered),Does not attend,Passed Grade 10,Engaged in economic activity,Yes,264.530716,1958
11,1,1,111,111108,10,1,1,1,2,Yes,Wife/Husband,Female,64,3,54,1,Sinhala,Buddhist,Currently Married (Registered),Does not attend,Passed Grade 10,Engaged in economic activity,Yes,264.530716,1964
11,1,1,111,111108,10,1,1,1,3,Yes,Son/Daughter,Male,93,3,25,1,Sinhala,Buddhist,Never Married,Does not attend,Passed Grade 12,Too old / Disabled,No,264.530716,1993
11,2,8,112,111109,1,1,1,1,1,Yes,Head of the household,Female,60,4,59,1,Sinhala,Buddhist,Widowed,Does not attend,Passed Grade 10,Student,No,256.1379504,1960
11,2,8,112,111109,1,1,1,1,2,Yes,Son/Daughter,Male,87,12,31,1,Sinhala,Buddhist,Never Married,Does not attend,Passed G.C.E (A/L) or equivalent,Engaged in economic activity,Yes,256.1379504,1987
11,2,8,112,111109,1,1,1,1,3,Now,Son/Daughter,Female,91,5,28,1,Sinhala,Buddhist,Currently Married (Registered),Does not attend,Passed G.C.E (A/L) or equivalent,Engaged in economic activity,No,256.1379504,1991
11,2,8,112,111109,1,1,1,1,4,Yes,Other Relative,Female,17,12,1,1,Sinhala,Buddhist,Never Married,Does not attend,Passed Grade 10,Engaged in economic activity,No,256.1379504,2017
11,2,8,112,111109,1,1,1,1,5,Yes,Parent of head/spouse,Male,22,3,97,1,Sinhala,Buddhist,Widowed,Does not attend,No Schooling,Other,No,256.1379504,1922
11,2,8,112,111109,6,1,1,1,1,Yes,Head of the household,Male,78,10,40,1,Sinhala,Buddhist,Currently Married (Registered),Does not attend,Passed G.C.E (A/L) or equivalent,Engaged in economic activity,Yes,256.1379504,1978
11,2,8,112,111109,6,1,1,1,2,Yes,Wife/Husband,Female,83,10,35,1,Sinhala,Buddhist,Currently Married (Registered),Does not attend,Passed G.C.E (A/L) or equivalent,Engaged in economic activity,Yes,256.1379504,1983
11,2,8,112,111109,6,1,1,1,3,Yes,Son/Daughter,Female,16,12,2,1,Sinhala,Buddhist,Never Married,Does not attend,Passed Grade 10,Engaged in economic activity,No,256.1379504,2016
11,1,5,111,111110,4,1,1,1,1,Yes,Head of the household,Male,69,11,49,1,Sri Lankan Tamil,Hindu,Currently Married (Registered),Does not attend,Passed Grade 5,Engaged in economic activity,Yes,365.5720019,1969
11,1,5,111,111110,4,1,1,1,2,Yes,Wife/Husband,Female,69,10,49,1,Sri Lankan Tamil,Hindu,Currently Married (Registered),Does not attend,Passed Grade 8,Engaged in economic activity,Yes,365.5720019,1969
11,1,5,111,111110,4,1,1,1,3,Yes,Son/Daughter,Female,4,4,15,1,Sri Lankan Tamil,Hindu,Never Married,School,Passed Grade 9,Too old / Disabled,No,365.5720019,2004
11,1,5,111,111110,4,1,1,1,4,Yes,Son/Daughter,Female,6,3,13,1,Sri Lankan Tamil,Hindu,Never Married,School,Passed Grade 7,Engaged in economic activity,No,365.5720019,2006
11,1,5,111,111110,9,1,1,1,1,Yes,Head of the household,Male,59,2,60,1,Sinhala,Buddhist,Currently Married (Registered),Does not attend,Passed Grade 7,Received pension payments,No,365.5720019,1959
11,1,5,111,111110,9,1,1,1,2,Yes,Wife/Husband,Female,57,9,61,1,Sinhala,Buddhist,Currently Married (Registered),Does not attend,Passed Grade 3,Student,No,365.5720019,1957
11,1,8,111,111111,6,1,1,1,1,Yes,Head of the household,Male,57,6,62,1,Sinhala,Buddhist,Currently Married (Registered),Does not attend,Passed G.C.E (A/L) or equivalent,Engaged in economic activity,Yes,418.5631728,1957
11,1,8,111,111111,6,1,1,1,2,Yes,Wife/Husband,Female,72,9,46,1,Sinhala,Buddhist,Currently Married (Registered),Does not attend,Passed G.C.E (O/L) or equivalent,Student,No,418.5631728,1972
11,1,8,111,111111,6,1,1,1,3,Yes,Son/Daughter,Female,92,11,26,1,Sinhala,Buddhist,Never Married,Does not attend,Passed G.C.E (O/L) or equivalent,Other,No,418.5631728,1992
11,2,2,112,111112,1,1,1,1,1,Yes,Head of the household,Male,43,5,75,1,Sinhala,Buddhist,Currently Married (Registered),Does not attend,Passed Grade 10,Other,No,337.1700395,1943
11,2,2,112,111112,1,1,1,1,2,Yes,Wife/Husband,Female,50,8,68,1,Sinhala,Buddhist,Currently Married (Registered),Does not attend,Passed Grade 10,Student,No,337.1700395,1950
11,2,2,112,111112,1,1,1,1,3,Yes,Son/Daughter,Male,87,3,31,1,Sinhala,Buddhist,Currently Married (Registered),Does not attend,Passed Grade 12,Student,No,337.1700395,1987
11,2,2,112,111112,7,1,1,1,1,Yes,Head of the household,Male,49,11,69,1,Sinhala,Buddhist,Currently Married (Registered),Does not attend,Passed Post Graduate Degree/Diploma,Other,No,337.1700395,1949
11,2,2,112,111112,7,1,1,1,2,Yes,Wife/Husband,Female,58,2,61,1,Sinhala,Buddhist,Currently Married (Registered),Does not attend,Passed Post Graduate Degree/Diploma,Retired (Government pension),Yes,337.1700395,1958
11,2,2,112,111112,7,1,1,1,3,Yes,Son/Daughter,Female,97,4,21,1,Sinhala,Buddhist,Never Married,University,Passed G.C.E (A/L) or equivalent,Too old / Disabled,No,337.1700395,1997
11,2,2,112,111112,7,1,1,1,4,Yes,Son/Daughter,Male,0,6,18,1,Sinhala,Buddhist,Never Married,School,Passed Grade 12,Too old / Disabled,No,337.1700395,2000
11,2,5,112,111113,2,1,1,1,1,Yes,Head of the household,Male,36,10,82,1,Sinhala,Buddhist,Currently Married (Registered),Does not attend,Passed Grade 12,"Retired (Private, no pension)",No,332.4211657,1936
11,2,5,112,111113,2,1,1,1,2,Yes,Wife/Husband,Female,40,2,79,1,Sinhala,Buddhist,Currently Married (Registered),Does not attend,Passed Grade 12,Other,No,332.4211657,1940
11,2,5,112,111113,2,1,1,1,3,Now,Son/Daughter,Male,72,6,46,1,Sinhala,Buddhist,Currently Married (Registered),Does not attend,Passed Degree,Engaged in economic activity,No,332.4211657,1972
11,2,5,112,111113,2,1,1,1,4,Yes,Other Relative,Female,78,6,40,1,Sinhala,Buddhist,Currently Married (Registered),Does not attend,Passed Degree,Engaged in economic activity,Yes,332.4211657,1978
11,2,5,112,111113,2,1,1,1,5,Yes,Other Relative,Male,8,6,10,1,Sinhala,Buddhist,Never Married,School,Passed Grade 5,Engaged in economic activity,No,332.4211657,2008
11,2,5,112,111113,2,1,1,1,6,Yes,Other Relative,Male,8,6,10,1,Sinhala,Buddhist,Never Married,School,Passed Grade 5,Engaged in economic activity,No,332.4211657,2008
11,2,5,112,111113,8,1,1,1,1,Yes,Head of the household,Male,59,7,59,1,Sinhala,Buddhist,Currently Married (Registered),Does not attend,Passed Grade 8,Engaged in economic activity,Yes,332.4211657,1959
11,2,5,112,111113,8,1,1,1,2,Yes,Wife/Husband,Female,59,11,59,1,Sinhala,Buddhist,Currently Married (Registered),Does not attend,Passed Grade 12,Student,No,332.4211657,1959
11,2,5,112,111113,8,1,1,1,3,Yes,Son/Daughter,Male,85,11,33,1,Sinhala,Buddhist,Currently Married (Registered),Does not attend,Passed Post Graduate Degree/Diploma,Engaged in economic activity,Yes,332.4211657,1985
11,2,5,112,111113,8,1,1,1,4,Yes,Other Relative,Female,89,9,29,1,Sinhala,Buddhist,Currently Married (Registered),Does not attend,Passed G.C.E (A/L) or equivalent,Student,No,332.4211657,1989
11,2,5,112,111113,8,1,1,1,5,Now,Son/Daughter,Male,89,5,30,1,Sinhala,Buddhist,Never Married,Does not attend,Passed Grade 12,Engaged in economic activity,No,332.4211657,1989
11,2,5,112,111113,8,1,1,1,6,Yes,Son/Daughter,Female,93,6,25,1,Sinhala,Buddhist,Currently Married (Registered),Does not attend,Passed Grade 12,Student,No,332.4211657,1993
11,2,5,112,111113,8,1,1,1,7,Yes,Other Relative,Male,93,8,25,1,Sinhala,Buddhist,Currently Married (Registered),Does not attend,Passed Grade 12,Engaged in economic activity,Yes,332.4211657,1993
11,2,5,112,111113,8,1,1,1,8,Yes,Other Relative,Male,17,5,2,1,Sinhala,Buddhist,Never Married,Does not attend,Passed Grade 10,Engaged in economic activity,No,332.4211657,2017
11,2,2,112,111114,3,1,1,1,1,Yes,Head of the household,Male,45,5,73,1,Sinhala,Buddhist,Currently Married (Registered),Does not attend,Passed Grade 12,"Retired (Private, no pension)",No,281.9187194,1945
11,2,2,112,111114,3,1,1,1,2,Yes,Wife/Husband,Female,54,4,64,1,Sinhala,Buddhist,Currently Married (Registered),Does not attend,Passed Grade 10,Student,No,281.9187194,1954
11,2,2,112,111114,8,1,1,1,1,Yes,Head of the household,Male,76,2,43,1,Sinhala,Other Christian,Currently Married (Registered),Does not attend,Passed G.C.E (O/L) or equivalent,Engaged in economic activity,Yes,281.9187194,1976
11,2,2,112,111114,8,1,1,1,2,Yes,Wife/Husband,Female,76,8,42,1,Sinhala,Other Christian,Currently Married (Registered),Does not attend,Passed G.C.E (A/L) or equivalent,Engaged in economic activity,Yes,281.9187194,1976
11,2,2,112,111114,8,1,1,1,3,Yes,Son/Daughter,Male,2,4,16,1,Sinhala,Other Christian,Never Married,Does not attend,No Schooling,Other,No,281.9187194,2002
11,2,2,112,111114,8,1,1,1,4,Yes,Son/Daughter,Female,5,9,13,1,Sinhala,Other Christian,Never Married,School,Passed Grade 8,Engaged in economic activity,No,281.9187194,2005
11,2,2,112,111114,8,1,1,1,5,Yes,Son/Daughter,Female,8,9,10,1,Sinhala,Other Christian,Never Married,School,Passed Grade 5,Engaged in economic activity,No,281.9187194,2008
11,2,2,112,111114,8,1,1,1,6,Yes,Son/Daughter,Male,11,3,7,1,Sinhala,Other Christian,Never Married,School,Passed Grade 2,Engaged in economic activity,No,281.9187194,2011
11,2,2,112,111114,8,1,1,1,7,Yes,Parent of head/spouse,Female,52,2,67,1,Sinhala,Buddhist,Separated (Not legal),Does not attend,Passed Grade 10,Student,No,281.9187194,1952
11,1,8,111,111115,2,1,1,1,1,Yes,Head of the household,Female,75,10,43,1,Sinhala,Buddhist,Currently Married (Registered),Does not attend,Passed G.C.E (O/L) or equivalent,Engaged in economic activity,Yes,359.3433833,1975
11,1,8,111,111115,2,1,1,1,2,Now,Wife/Husband,Male,77,10,41,1,Sinhala,Buddhist,Currently Married (Registered),Does not attend,Passed Grade 10,Engaged in economic activity,No,359.3433833,1977
11,1,8,111,111115,2,1,1,1,3,Yes,Son/Daughter,Male,1,10,17,1,Sinhala,Buddhist,Never Married,Does not attend,Passed Grade 10,Seeking work,No,359.3433833,2001
11,1,8,111,111115,2,1,1,1,4,Yes,Son/Daughter,Male,5,10,13,1,Sinhala,Buddhist,Never Married,School,Passed Grade 8,Engaged in economic activity,No,359.3433833,2005
11,1,8,111,111115,2,1,1,1,5,Yes,Son/Daughter,Male,7,7,12,1,Sinhala,Buddhist,Never Married,School,Passed Grade 6,Engaged in economic activity,No,359.3433833,2007
11,1,8,111,111115,8,1,1,1,1,Yes,Head of the household,Male,69,6,50,1,Sinhala,Buddhist,Currently Married (Registered),Does not attend,Passed Grade 8,Engaged in economic activity,Yes,359.3433833,1969
11,1,8,111,111115,8,1,1,1,2,Yes,Wife/Husband,Female,68,11,50,1,Sinhala,Buddhist,Currently Married (Registered),Does not attend,Passed Grade 8,Student,No,359.3433833,1968
11,1,8,111,111115,8,1,1,1,3,Yes,Son/Daughter,Male,94,12,24,1,Sinhala,Buddhist,Currently Married (Registered),Does not attend,Passed Grade 10,Engaged in economic activity,Yes,359.3433833,1994
11,1,8,111,111115,8,1,1,1,4,Yes,Other Relative,Female,1,4,18,1,Sinhala,Buddhist,Currently Married (Registered),Does not attend,Passed Grade 10,Student,No,359.3433833,2001
11,1,8,111,111115,8,1,1,1,5,Yes,Son/Daughter,Male,0,4,19,1,Sinhala,Buddhist,Never Married,Does not attend,Passed Grade 10,Seeking work,No,359.3433833,2000
11,2,5,112,111116,4,1,1,1,1,Yes,Head of the household,Male,61,3,58,1,Sinhala,Buddhist,Currently Married (Registered),Does not attend,Passed Grade 7,Engaged in economic activity,Yes,251.5619632,1961
11,2,5,112,111116,4,1,1,1,2,Yes,Wife/Husband,Female,66,8,52,1,Sinhala,Buddhist,Currently Married (Registered),Does not attend,Passed Grade 10,Engaged in economic activity,Yes,251.5619632,1966
11,2,5,112,111116,8,1,1,1,1,Yes,Head of the household,Male,81,8,37,1,Sinhala,Buddhist,Currently Married (Registered),Does not attend,Passed Grade 10,Engaged in economic activity,Yes,251.5619632,1981
11,2,5,112,111116,8,1,1,1,2,Yes,Wife/Husband,Female,80,9,38,1,Sinhala,Buddhist,Currently Married (Registered),Does not attend,Passed Grade 10,Engaged in economic activity,Yes,251.5619632,1980
11,2,5,112,111116,8,1,1,1,3,Yes,Son/Daughter,Female,8,12,10,1,Sinhala,Buddhist,Never Married,School,Passed Grade 5,Engaged in economic activity,No,251.5619632,2008
11,2,5,112,111116,8,1,1,1,4,Yes,Parent of head/spouse,Female,61,1,58,1,Sinhala,Buddhist,Currently Married (Customary),Does not attend,Passed Grade 10,Student,No,251.5619632,1961
11,1,9,111,111117,4,1,1,1,1,Yes,Head of the household,Male,60,9,59,1,Sri Lankan Moors/Muslim,Islam,Currently Married (Registered),Does not attend,Passed G.C.E (A/L) or equivalent,Engaged in economic activity,Yes,293.3216498,1960
11,1,9,111,111117,4,1,1,1,2,Yes,Wife/Husband,Female,59,10,59,1,Sri Lankan Moors/Muslim,Islam,Currently Married (Registered),Does not attend,Passed Grade 5,Student,No,293.3216498,1959
11,1,9,111,111117,4,1,1,1,3,Yes,Son/Daughter,Female,94,10,24,1,Sri Lankan Moors/Muslim,Islam,Never Married,Does not attend,Passed Grade 12,Engaged in economic activity,Yes,293.3216498,1994
11,1,9,111,111117,4,1,1,1,4,Yes,Son/Daughter,Male,96,6,23,1,Sri Lankan Moors/Muslim,Islam,Never Married,Does not attend,Passed G.C.E (O/L) or equivalent,Seeking work,No,293.3216498,1996
11,1,2,111,111118,1,1,1,1,1,Yes,Head of the household,Male,35,11,83,1,Sinhala,Buddhist,Currently Married (Registered),Does not attend,Passed Grade 7,Other,No,272.9040708,1935
11,1,2,111,111118,1,1,1,1,2,Yes,Wife/Husband,Female,41,5,77,1,Sinhala,Buddhist,Currently Married (Registered),Does not attend,Passed Grade 7,Other,No,272.9040708,1941
11,1,2,111,111118,1,1,1,1,3,Yes,Son/Daughter,Male,63,4,55,1,Sinhala,Buddhist,Currently Married (Registered),Does not attend,Passed G.C.E (O/L) or equivalent,Engaged in economic activity,Yes,272.9040708,1963
11,1,2,111,111118,1,1,1,1,4,Yes,Other Relative,Female,69,10,49,1,Sinhala,Buddhist,Currently Married (Registered),Does not attend,Passed G.C.E (A/L) or equivalent,Student,No,272.9040708,1969
11,1,2,111,111118,1,1,1,1,5,Yes,Other Relative,Female,2,2,17,1,Sinhala,Buddhist,Never Married,School,Passed Grade 10,Too old / Disabled,No,272.9040708,2002
11,1,2,111,111118,5,1,1,1,1,Yes,Head of the household,Male,63,6,55,1,Sinhala,Roman Catholic,Currently Married (Registered),Does not attend,Passed G.C.E (A/L) or equivalent,Engaged in economic activity,Yes,272.9040708,1963
11,1,2,111,111118,5,1,1,1,2,Yes,Wife/Husband,Female,64,7,54,1,Sinhala,Buddhist,Currently Married (Registered),Does not attend,Passed Grade 12,Student,No,272.9040708,1964
11,1,2,111,111118,5,1,1,1,3,Yes,Son/Daughter,Female,93,12,25,1,Sinhala,Buddhist,Never Married,Does not attend,Passed G.C.E (A/L) or equivalent,Engaged in economic activity,Yes,272.9040708,1993
11,1,2,111,111118,5,1,1,1,4,Yes,Son/Daughter,Male,97,3,21,1,Sinhala,Buddhist,Never Married,Other educational institution,Passed G.C.E (A/L) or equivalent,Too old / Disabled,No,272.9040708,1997
11,1,8,111,111119,1,1,1,1,1,Yes,Head of the household,Male,48,9,70,1,Sinhala,Buddhist,Currently Married (Registered),Does not attend,Passed G.C.E (A/L) or equivalent,"Retired (Private, no pension)",No,292.8917089,1948
11,1,8,111,111119,1,1,1,1,2,Yes,Wife/Husband,Female,56,2,63,1,Sinhala,Buddhist,Currently Married (Registered),Does not attend,Passed G.C.E (O/L) or equivalent,Student,No,292.8917089,1956
11,1,8,111,111119,1,1,1,1,3,Yes,Son/Daughter,Female,83,7,36,1,Sinhala,Buddhist,Currently Married (Registered),Does not attend,Passed Degree,Engaged in economic activity,Yes,292.8917089,1983
11,1,8,111,111119,1,1,1,1,4,Yes,Other Relative,Male,81,6,38,1,Sinhala,Buddhist,Currently Married (Registered),Does not attend,Passed Degree,Engaged in economic activity,Yes,292.8917089,1981
11,1,8,111,111119,1,1,1,1,5,Yes,Son/Daughter,Female,88,9,30,1,Sinhala,Buddhist,Never Married,University,Passed G.C.E (A/L) or equivalent,Too old / Disabled,No,292.8917089,1988
11,1,8,111,111119,6,1,1,1,1,Yes,Head of the household,Male,46,1,73,1,Sinhala,Buddhist,Currently Married (Registered),Does not attend,Passed Grade 10,"Retired (Private, no pension)",No,292.8917089,1946
11,1,8,111,111119,6,1,1,1,2,Yes,Wife/Husband,Female,50,2,69,1,Sinhala,Buddhist,Currently Married (Registered),Does not attend,Passed G.C.E (O/L) or equivalent,Student,No,292.8917089,1950
11,1,8,111,111119,6,1,1,1,3,Yes,Other Relative,Female,44,6,75,1,Sinhala,Buddhist,Never Married,Does not attend,Passed G.C.E (O/L) or equivalent,Student,No,292.8917089,1944
11,1,8,111,111119,10,1,1,1,1,Yes,Head of the household,Male,63,6,56,1,Sinhala,Buddhist,Currently Married (Registered),Does not attend,Passed G.C.E (A/L) or equivalent,Engaged in economic activity,Yes,292.8917089,1963
11,1,8,111,111119,10,1,1,1,2,Yes,Wife/Husband,Female,64,4,55,1,Sinhala,Buddhist,Currently Married (Registered),Does not attend,Passed G.C.E (A/L) or equivalent,Student,No,292.8917089,1964
11,1,8,111,111119,10,1,1,1,3,Yes,Son/Daughter,Male,97,7,22,1,Sinhala,Buddhist,Never Married,Does not attend,Passed G.C.E (A/L) or equivalent,Seeking work,No,292.8917089,1997
11,1,8,111,111119,10,1,1,1,4,Yes,Son/Daughter,Male,3,8,16,1,Sinhala,Buddhist,Never Married,School,Passed Grade 10,Too old / Disabled,No,292.8917089,2003
11,1,8,111,111119,10,1,1,1,5,Yes,Other Relative,Male,87,9,31,1,Sinhala,Buddhist,Never Married,Does not attend,Passed Degree,Engaged in economic activity,Yes,292.8917089,1987
11,1,8,111,111119,10,1,1,1,6,Yes,Parent of head/spouse,Female,26,5,93,1,Sinhala,Buddhist,Widowed,Does not attend,Passed Grade 5,Other,No,292.8917089,1926
11,2,5,112,111120,5,1,1,1,1,Yes,Head of the household,Male,64,1,55,1,Sinhala,Buddhist,Currently Married (Registered),Does not attend,Passed G.C.E (A/L) or equivalent,Engaged in economic activity,Yes,321.9236552,1964
11,2,5,112,111120,5,1,1,1,2,Yes,Wife/Husband,Female,70,7,48,1,Sinhala,Buddhist,Currently Married (Registered),Does not attend,Passed G.C.E (O/L) or equivalent,Engaged in economic activity,Yes,321.9236552,1970
11,2,5,112,111120,5,1,1,1,3,Yes,Son/Daughter,Female,98,7,20,1,Sinhala,Buddhist,Never Married,University,Passed G.C.E (A/L) or equivalent,Too old / Disabled,No,321.9236552,1998
11,2,5,112,111120,10,1,1,1,1,Yes,Head of the household,Male,42,11,76,1,Sinhala,Buddhist,Currently Married (Registered),Does not attend,Passed Grade 8,Other,No,321.9236552,1942
11,2,5,112,111120,10,1,1,1,2,Yes,Wife/Husband,Female,42,12,76,1,Sinhala,Buddhist,Currently Married (Registered),Does not attend,Passed Grade 10,Student,No,321.9236552,1942
11,2,5,112,111120,10,1,1,1,3,Yes,Son/Daughter,Male,70,7,48,1,Sinhala,Buddhist,Currently Married (Registered),Does not attend,Passed Grade 10,Engaged in economic activity,Yes,321.9236552,1970
11,2,5,112,111120,10,1,1,1,4,Yes,Other Relative,Female,80,8,38,1,Sinhala,Buddhist,Currently Married (Registered),Does not attend,Passed Grade 12,Engaged in economic activity,Yes,321.9236552,1980
11,2,5,112,111120,10,1,1,1,5,Yes,Other Relative,Female,4,10,14,1,Sinhala,Buddhist,Never Married,School,Passed Grade 9,Engaged in economic activity,No,321.9236552,2004
11,2,5,112,111120,10,1,1,1,6,Yes,Other Relative,Male,8,1,11,1,Sinhala,Buddhist,Never Married,School,Passed Grade 6,Engaged in economic activity,No,321.9236552,2008
11,2,5,112,111120,10,1,1,1,7,Yes,Other Relative,Male,13,5,6,1,Sinhala,Buddhist,Never Married,School,Studying/Studied Grade 1,Engaged in economic activity,No,321.9236552,2013
11,2,9,112,111121,4,1,1,1,1,Yes,Head of the household,Male,42,10,76,1,Sinhala,Buddhist,Widowed,Does not attend,Passed Grade 6,Other,No,307.0278822,1942
11,2,9,112,111121,4,1,1,1,2,Yes,Son/Daughter,Male,74,12,44,1,Sinhala,Buddhist,Currently Married (Registered),Does not attend,Passed Grade 10,Engaged in economic activity,Yes,307.0278822,1974
11,2,9,112,111121,4,1,1,1,3,Yes,Other Relative,Female,75,7,44,1,Sinhala,Buddhist,Currently Married (Registered),Does not attend,Passed Grade 10,Engaged in economic activity,Yes,307.0278822,1975
11,2,9,112,111121,4,1,1,1,4,Yes,Other Relative,Male,1,5,18,1,Sinhala,Buddhist,Never Married,School,Passed Grade 12,Too old / Disabled,No,307.0278822,2001
11,2,9,112,111121,8,1,1,1,1,Yes,Head of the household,Male,78,12,40,1,Sinhala,Buddhist,Currently Married (Registered),Does not attend,Passed G.C.E (O/L) or equivalent,Retired (Government pension),Yes,307.0278822,1978
11,2,9,112,111121,8,1,1,1,2,Yes,Wife/Husband,Female,79,12,39,1,Sinhala,Buddhist,Currently Married (Registered),Does not attend,Passed G.C.E (O/L) or equivalent,Student,No,307.0278822,1979
11,2,9,112,111121,8,1,1,1,3,Yes,Son/Daughter,Male,1,12,17,1,Sinhala,Buddhist,Never Married,School,Passed Grade 12,Too old / Disabled,No,307.0278822,2001
11,2,9,112,111121,8,1,1,1,4,Yes,Son/Daughter,Male,7,10,11,1,Sinhala,Buddhist,Never Married,School,Passed Grade 6,Engaged in economic activity,No,307.0278822,2007
11,2,9,112,111121,8,1,1,1,5,Yes,Parent of head/spouse,Male,50,6,69,1,Sinhala,Buddhist,Currently Married (Registered),Does not attend,Passed Grade 10,Other,No,307.0278822,1950
11,1,2,111,111122,8,1,1,1,1,Yes,Head of the household,Female,47,2,72,1,Sri Lankan Moors/Muslim,Islam,Currently Married (Registered),Does not attend,Passed Grade 2,Engaged in economic activity,Yes,279.4892981,1947
11,2,9,112,111123,5,1,1,1,1,Yes,Head of the household,Male,60,5,59,1,Sinhala,Buddhist,Currently Married (Registered),Does not attend,Passed Grade 10,Engaged in economic activity,Yes,311.3818514,1960
11,2,9,112,111123,5,1,1,1,2,Yes,Wife/Husband,Female,64,7,55,1,Sinhala,Buddhist,Currently Married (Registered),Does not attend,Passed Grade 10,Student,No,311.3818514,1964
11,2,9,112,111123,5,1,1,1,3,Yes,Son/Daughter,Male,89,2,30,1,Sinhala,Buddhist,Currently Married (Registered),Does not attend,Passed Grade 12,Engaged in economic activity,Yes,311.3818514,1989
11,2,9,112,111123,5,1,1,1,4,Yes,Other Relative,Female,90,11,28,1,Sinhala,Buddhist,Currently Married (Registered),Does not attend,Passed Grade 12,Student,No,311.3818514,1990
11,2,9,112,111123,5,1,1,1,5,Yes,Other Relative,Female,19,2,0,1,Sinhala,Buddhist,Never Married,Does not attend,Passed Grade 10,Engaged in economic activity,No,311.3818514,2019
11,2,9,112,111123,10,1,1,1,1,Yes,Head of the household,Female,51,1,68,1,Sinhala,Buddhist,Widowed,Does not attend,Passed Grade 10,Other,No,311.3818514,1951
11,2,9,112,111123,10,1,1,1,2,Yes,Other Relative,Female,56,12,62,1,Sinhala,Buddhist,Never Married,Does not attend,Passed Grade 10,Engaged in economic activity,Yes,311.3818514,1956
11,2,9,112,111123,10,1,1,1,3,Yes,Other Relative,Male,92,4,27,1,Sinhala,Buddhist,Currently Married (Registered),Does not attend,Passed Grade 12,Engaged in economic activity,Yes,311.3818514,1992
11,2,9,112,111123,10,1,1,1,4,Yes,Son/Daughter,Female,91,4,28,1,Sinhala,Buddhist,Currently Married (Registered),Does not attend,Passed Grade 10,Engaged in economic activity,Yes,311.3818514,1991
11,1,5,111,111124,2,1,1,1,1,Yes,Head of the household,Male,87,11,31,1,Sinhala,Roman Catholic,Never Married,Does not attend,Passed Degree,Engaged in economic activity,Yes,191.2092302,1987
11,1,5,111,111124,2,1,1,1,2,Yes,Parent of head/spouse,Female,56,11,62,1,Sinhala,Roman Catholic,Widowed,Does not attend,Passed G.C.E (A/L) or equivalent,Received pension payments,No,191.2092302,1956
11,1,5,111,111124,2,1,1,1,3,Yes,Other Relative,Male,98,10,20,1,Sinhala,Roman Catholic,Never Married,University,Passed G.C.E (A/L) or equivalent,Too old / Disabled,No,191.2092302,1998
11,1,5,111,111124,7,1,1,1,1,Yes,Head of the household,Male,55,5,64,1,Sinhala,Buddhist,Currently Married (Registered),Does not attend,Passed Grade 12,Engaged in economic activity,Yes,191.2092302,1955
11,1,5,111,111124,7,1,1,1,2,Yes,Wife/Husband,Female,57,6,61,1,Sinhala,Buddhist,Currently Married (Registered),Does not attend,Passed Grade 12,Student,No,191.2092302,1957
11,1,5,111,111124,7,1,1,1,3,Yes,Son/Daughter,Female,93,10,25,1,Sinhala,Buddhist,Never Married,Does not attend,Passed Degree,Engaged in economic activity,Yes,191.2092302,1993
11,1,5,111,111124,7,1,1,1,4,Yes,Son/Daughter,Female,95,3,24,1,Sinhala,Buddhist,Never Married,Does not attend,Passed Degree,Engaged in economic activity,Yes,191.2092302,1995
11,1,9,111,111125,1,1,1,1,1,Yes,Head of the household,Male,42,3,77,1,Sinhala,Buddhist,Widowed,Does not attend,Passed Grade 10,"Retired (Private, no pension)",No,274.4076745,1942
11,1,9,111,111125,1,1,1,1,2,Yes,Son/Daughter,Female,74,10,44,1,Sinhala,Buddhist,Currently Married (Registered),Does not attend,Passed Grade 12,Engaged in economic activity,Yes,274.4076745,1974
11,1,9,111,111125,1,1,1,1,3,Now,Other Relative,Male,70,1,49,1,Sinhala,Buddhist,Currently Married (Registered),Does not attend,Passed GAQ / GSQ,Engaged in economic activity,No,274.4076745,1970
11,1,9,111,111125,1,1,1,1,4,Yes,Other Relative,Female,3,9,16,1,Sinhala,Buddhist,Never Married,School,Passed Grade 10,Too old / Disabled,No,274.4076745,2003
11,1,9,111,111125,5,1,1,1,1,Yes,Head of the household,Male,75,8,44,1,Sinhala,Buddhist,Currently Married (Registered),Does not attend,Passed G.C.E (A/L) or equivalent,Engaged in economic activity,Yes,274.4076745,1975
11,1,9,111,111125,5,1,1,1,2,Yes,Wife/Husband,Female,78,4,41,1,Sinhala,Buddhist,Currently Married (Registered),Does not attend,Passed G.C.E (A/L) or equivalent,Engaged in economic activity,Yes,274.4076745,1978
11,1,9,111,111125,5,1,1,1,3,Yes,Son/Daughter,Female,2,12,16,1,Sinhala,Buddhist,Never Married,School,Passed G.C.E (O/L) or equivalent,Too old / Disabled,No,274.4076745,2002
11,1,9,111,111125,5,1,1,1,4,Yes,Son/Daughter,Male,7,4,12,1,Sinhala,Buddhist,Never Married,School,Passed Grade 6,Engaged in economic activity,No,274.4076745,2007
11,1,9,111,111125,10,1,1,1,1,Yes,Head of the household,Male,50,11,68,1,Sinhala,Buddhist,Currently Married (Registered),Does not attend,Passed Degree,Engaged in economic activity,Yes,274.4076745,1950
11,1,9,111,111125,10,1,1,1,2,Yes,Wife/Husband,Female,54,11,64,1,Sinhala,Buddhist,Currently Married (Registered),Does not attend,Passed G.C.E (A/L) or equivalent,"Retired (Private, no pension)",No,274.4076745,1954
11,1,9,111,111125,10,1,1,1,3,Yes,Son/Daughter,Female,90,7,29,1,Sinhala,Buddhist,Currently Married (Registered),Does not attend,Passed GAQ / GSQ,Engaged in economic activity,Yes,274.4076745,1990
11,1,9,111,111125,10,1,1,1,4,Yes,Other Relative,Male,90,5,29,1,Sinhala,Buddhist,Currently Married (Registered),Does not attend,Passed G.C.E (A/L) or equivalent,Engaged in economic activity,Yes,274.4076745,1990
11,2,9,112,111126,6,1,1,1,1,Yes,Head of the household,Male,71,8,48,1,Sinhala,Buddhist,Currently Married (Registered),Does not attend,Passed G.C.E (O/L) or equivalent,Engaged in economic activity,Yes,373.9738114,1971
11,2,9,112,111126,6,1,1,1,2,Yes,Wife/Husband,Female,63,5,56,1,Sinhala,Buddhist,Currently Married (Registered),Does not attend,Passed Grade 10,Student,No,373.9738114,1963
11,2,9,112,111126,6,1,1,1,3,Yes,Son/Daughter,Female,92,2,27,1,Sinhala,Buddhist,Never Married,Does not attend,Passed G.C.E (A/L) or equivalent,Engaged in economic activity,Yes,373.9738114,1992
11,2,9,112,111126,6,1,1,1,4,Yes,Son/Daughter,Male,97,7,22,1,Sinhala,Buddhist,Never Married,Does not attend,Passed G.C.E (O/L) or equivalent,Engaged in economic activity,Yes,373.9738114,1997
11,2,9,112,111126,6,1,1,1,5,Now,Son/Daughter,Female,88,11,30,1,Sinhala,Buddhist,Never Married,Does not attend,Passed Degree,Engaged in economic activity,No,373.9738114,1988
11,1,5,111,111127,5,1,1,1,1,Yes,Head of the household,Male,70,3,49,1,Sinhala,Buddhist,Currently Married (Registered),Does not attend,Passed G.C.E (A/L) or equivalent,Engaged in economic activity,Yes,305.5749659,1970
11,1,5,111,111127,5,1,1,1,2,Yes,Wife/Husband,Female,73,5,46,1,Sinhala,Buddhist,Currently Married (Registered),Does not attend,Passed G.C.E (A/L) or equivalent,Student,No,305.5749659,1973
11,1,5,111,111127,5,1,1,1,3,Yes,Son/Daughter,Female,97,5,22,1,Sinhala,Buddhist,Never Married,Other educational institution,Passed G.C.E (A/L) or equivalent,Too old / Disabled,No,305.5749659,1997
11,1,5,111,111127,5,1,1,1,4,Yes,Son/Daughter,Male,1,12,17,1,Sinhala,Buddhist,Never Married,School,Passed G.C.E (O/L) or equivalent,Too old / Disabled,No,305.5749659,2001
11,1,5,111,111127,5,1,1,1,5,Yes,Son/Daughter,Male,6,11,12,1,Sinhala,Buddhist,Never Married,School,Passed Grade 5,Engaged in economic activity,No,305.5749659,2006
11,1,5,111,111127,5,1,1,1,6,Yes,Parent of head/spouse,Female,33,10,85,1,Sinhala,Buddhist,Currently Married (Customary),Does not attend,Passed Grade 7,Other,No,305.5749659,1933
11,1,9,111,111128,5,1,1,1,1,Yes,Head of the household,Male,76,11,42,1,Sinhala,Buddhist,Currently Married (Registered),Does not attend,Passed Grade 10,Engaged in economic activity,Yes,372.6523975,1976
11,1,9,111,111128,5,1,1,1,2,Yes,Wife/Husband,Female,85,3,34,1,Sinhala,Buddhist,Currently Married (Registered),Does not attend,Passed G.C.E (A/L) or equivalent,Student,No,372.6523975,1985
11,1,9,111,111128,5,1,1,1,3,Yes,Son/Daughter,Female,4,12,14,1,Sinhala,Buddhist,Never Married,School,Passed Grade 9,Engaged in economic activity,No,372.6523975,2004
11,1,9,111,111128,5,1,1,1,4,Yes,Son/Daughter,Female,17,8,2,1,Sinhala,Buddhist,Never Married,Does not attend,Passed Grade 10,Engaged in economic activity,No,372.6523975,2017
