district,sector,month,psu,snumber,hhno,nhh,result,person_serial_no,r2_school_education,type_of_school,grade_this_year,grade_last_year,distance,transport_medium,time_to_school,noschooling_reason,reason_leave_school,when_stop_schooling
11,1,1,111004,Grade 3,Grade 1,1,Walking,4,House keeping / Family business,_missing_, , , , , , ,7, 
11,1,1,111004,Grade 3,Grade 1,1,Walking,5,School too far away,_missing_,7,6,14,5,45, , , 
11,1,1,111005,Grade 1,Grade 1,1,Walking,3,School too far away,_missing_,8,7,5,4,30, , , 
11,1,1,111005,Grade 1,Grade 1,1,Walking,4,School too far away,_missing_,5,4,5,4,30, , , 
11,1,1,111007,Grade 10,Grade 1,1,Walking,3,School too far away,_missing_,9,8,2,1,30, , , 
11,1,1,111008,Grade 5,Grade 1,1,Walking,4,House keeping / Family business,_missing_, , , , , , ,8,2017
11,1,1,111008,Grade 9,Grade 1,1,Walking,4,School too far away,_missing_,10,9,6,3,30, , , 
11,1,1,111008,Grade 9,Grade 1,1,Walking,5,School too far away,_missing_,7,6,6,3,30, , , 
11,1,1,111009,Grade 3,Grade 1,1,Walking,3,School too far away,_missing_,1,19,4,3,10, , , 
11,1,1,111010,Grade 5,Grade 1,1,Walking,3,School too far away,_missing_,13,12,4,4,20, , , 
11,1,1,111010,Grade 5,Grade 1,1,Walking,4,School too far away,_missing_,11,10,4,4,20, , , 
11,1,1,111010,Grade 5,Grade 1,1,Walking,5,School too far away,_missing_,9,8,4,4,20, , , 
11,1,1,111010,Grade 10,Grade 1,1,Walking,7,School too far away,_missing_,5,4,2,3,15, , , 
11,1,2,111011,Grade 5,Grade 1,1,Walking,3,School too far away,_missing_,6,5,1,3,10, , , 
11,1,2,111011,Grade 5,Grade 1,1,Walking,4,School too far away,_missing_,2,1,1,3,10, , , 
11,1,1,111012,Grade 2,Grade 1,1,Walking,3,House keeping / Family business,_missing_, , , , , , ,9,2018
11,1,2,111014,Grade 1,Grade 1,1,Walking,3,School too far away,_missing_,10,9,15,5,60, , , 
11,1,2,111014,Grade 1,Grade 1,1,Walking,4,School too far away,_missing_,8,7,2,6,30, , , 
11,1,2,111014,Grade 1,Grade 1,1,Walking,5,School too far away,_missing_,2,1,1,3,10, , , 
11,2,2,111015,Grade 1,Grade 1,1,Walking,3,School too far away,_missing_,9,8,1,6,10, , , 
11,2,2,111015,Grade 1,Grade 1,1,Walking,4,School too far away,_missing_,6,5,1,6,10, , , 
11,2,2,111015,Grade 1,Grade 1,1,Walking,5,School too far away,_missing_,2,1,3,5,10, , , 
11,1,2,111016,Grade 5,Grade 1,1,Walking,3,School too far away,_missing_,13,12,9,3,60, , , 
11,1,2,111016,Grade 5,Grade 1,1,Walking,4,School too far away,_missing_,11,10,9,3,60, , , 
11,1,2,111016,Grade 10,Grade 1,1,Walking,3,House keeping / Family business,_missing_, , , , , , ,8,2018
11,1,2,111016,Grade 10,Grade 1,1,Walking,4,School too far away,_missing_,8,7,9,5,60, , , 
11,1,2,111019,Grade 2,Grade 1,1,Walking,4,School too far away,_missing_,13,11,3,3,15, , , 
11,1,2,111019,Grade 10,Grade 1,1,Walking,4,School too far away,_missing_,13,12,13,6,60, , , 
11,1,2,111019,Grade 10,Grade 1,1,Walking,5,School too far away,_missing_,13,12,13,6,60, , , 
11,1,3,111021,Grade 2,Grade 1,1,Walking,3,School too far away,_missing_,3,2,1,3,10, , , 
11,1,3,111021,Grade 2,Grade 1,1,Walking,4,School too far away,_missing_,3,2,1,3,10, , , 
11,1,3,111021,Grade 9,Grade 1,1,Walking,4,House keeping / Family business,_missing_, , , , , , ,6,2017
11,1,3,111023,Grade 6,Grade 1,1,Walking,3,School too far away,_missing_,5,4,8,3,30, , , 
11,1,3,111023,Grade 10,Grade 1,1,Walking,5,School too far away,_missing_,10,9,4,3,20, , , 
11,1,3,111023,Grade 10,Grade 1,1,Walking,6,School too far away,_missing_,7,6,4,3,20, , , 
11,1,3,111024,Grade 7,Grade 1,1,Walking,3,School too far away,_missing_,10,9,3,3,20, , , 
11,1,3,111024,Grade 7,Grade 1,1,Walking,4,School too far away,_missing_,6,5,2,3,15, , , 
11,1,3,111024,Grade 7,Grade 1,1,Walking,5,School too far away,_missing_,1,19,2,3,15, , , 
11,2,3,111025,Grade 6,Grade 1,1,Walking,4,School too far away,_missing_,12,11,10,5,75, , , 
11,2,3,111025,Grade 10,Grade 1,1,Walking,2,School too far away,_missing_,12,11,20,6,45, , , 
11,2,3,111027,Grade 7,Grade 1,1,Walking,3,School too far away,_missing_,4,3,3,5,20, , , 
11,2,3,111027,Grade 7,Grade 1,1,Walking,4,School too far away,_missing_,3,2,3,5,20, , , 
11,1,3,111028,Grade 2,Grade 1,1,Walking,3,School too far away,_missing_,6,4,3,4,15, , , 
11,1,3,111028,Grade 2,Grade 1,1,Walking,4,School too far away,_missing_,3,2,3,4,15, , , 
11,1,3,111030,Grade 8,Grade 1,1,Walking,3,School too far away,_missing_,7,6,1,3,10, , , 
11,1,3,111033,Grade 7,Grade 1,1,Walking,4,House keeping / Family business,_missing_, , , , , , ,8,2018
11,1,3,111033,Grade 7,Grade 1,1,Walking,5,School too far away,_missing_,11,10,15,5,45, , , 
11,2,4,111034,Grade 1,Grade 1,1,Walking,3,Financial problems,_missing_, , , , , ,7, , 
11,1,4,111035,Grade 4,Grade 1,1,Walking,3,School too far away,_missing_,6,5,2,3,10, , , 
11,1,4,111035,Grade 4,Grade 1,1,Walking,4,School too far away,_missing_,3,2,2,3,10, , , 
11,1,4,111037,Grade 5,Grade 1,1,Walking,3,School too far away,_missing_,9,8,3,6,25, , , 
11,1,4,111037,Grade 5,Grade 1,1,Walking,4,School too far away,_missing_,3,2,0,1,15, , , 
11,2,4,111039,Grade 5,Grade 1,1,Walking,5,School too far away,_missing_,2,1,1,1,20, , , 
11,1,4,111040,Grade 1,Grade 1,1,Walking,3,School too far away,_missing_,12,11,5,6,30, , , 
11,1,4,111040,Grade 5,Grade 1,1,Walking,7,School too far away,_missing_,13,12,3,6,15, , , 
11,1,4,111040,Grade 5,Grade 1,1,Walking,8,School too far away,_missing_,3,2,3,3,5, , , 
11,1,4,111041,Grade 6,Grade 1,1,Walking,4,School too far away,_missing_,9,8,2,3,10, , , 
11,1,4,111042,Grade 10,Grade 1,1,Walking,3,School too far away,_missing_,2,1,2,6,15, , , 
11,1,4,111044,Grade 1,Grade 1,1,Walking,4,School too far away,_missing_,12,11,16,5,60, , , 
11,1,4,111044,Grade 5,Grade 1,1,Walking,5,House keeping / Family business,_missing_, , , , , , ,7,2018
11,1,1,111045,Grade 7,Grade 1,1,Walking,3,School too far away,_missing_,12,11,2,3,10, , , 
11,1,1,111045,Grade 7,Grade 1,1,Walking,4,School too far away,_missing_,6,5,2,3,10, , , 
11,2,5,111046,Grade 1,Grade 1,1,Walking,3,School too far away,_missing_,12,10,2,6,10, , , 
11,2,5,111046,Grade 1,Grade 1,1,Walking,4,School too far away,_missing_,8,7,2,6,10, , , 
11,2,5,111046,Grade 1,Grade 1,1,Walking,5,School too far away,_missing_,4,3,2,1,10, , , 
11,2,5,111047,Grade 6,Grade 1,1,Walking,3,House keeping / Family business,_missing_, , , , , , ,3,2018
11,2,5,111047,Grade 6,Grade 1,1,Walking,4,School too far away,_missing_,6,5,3,5,25, , , 
11,2,5,111047,Grade 6,Grade 1,1,Walking,5,School too far away,_missing_,6,5,3,5,25, , , 
11,2,1,111048,Grade 1,Grade 1,1,Walking,3,School too far away,_missing_,11,10,3,3,15, , , 
11,2,1,111048,Grade 1,Grade 1,1,Walking,4,School too far away,_missing_,9,8,5,5,30, , , 
11,2,1,111048,Grade 1,Grade 1,1,Walking,5,School too far away,_missing_,6,5,3,3,15, , , 
11,2,1,111048,Grade 5,Grade 1,1,Walking,4,School too far away,_missing_,7,6,4,5,20, , , 
11,2,1,111048,Grade 10,Grade 1,1,Walking,3,School too far away,_missing_,3,2,4,3,10, , , 
11,1,1,111050,Grade 7,Grade 1,1,Walking,2,House keeping / Family business,_missing_, , , , , , ,6,2015
11,1,5,111051,Grade 9,Grade 1,1,Walking,3,School too far away,_missing_,12,11,7,6,30, , , 
11,1,5,111051,Grade 9,Grade 1,1,Walking,4,School too far away,_missing_,6,5,1,1,15, , , 
11,1,5,111051,Grade 9,Grade 1,1,Walking,5,Financial problems,_missing_, , , , , ,7, , 
11,2,5,111052,Grade 4,Grade 1,1,Walking,5,School too far away,_missing_,9,8,5,3,15, , , 
11,2,5,111052,Grade 4,Grade 1,1,Walking,6,School too far away,_missing_,4,3,5,3,15, , , 
11,1,1,111053,Grade 3,Grade 1,1,Walking,3,House keeping / Family business,_missing_, , , , , , ,99,2014
11,1,1,111053,Grade 3,Grade 1,1,Walking,4,House keeping / Family business,_missing_, , , , , , ,99,2015
11,1,1,111053,Grade 9,Grade 1,1,Walking,2,School too far away,_missing_,8,7,0,3,10, , , 
11,1,1,111053,Grade 9,Grade 1,1,Walking,3,School too far away,_missing_,7,6,0,3,10, , , 
11,1,1,111053,Grade 9,Grade 1,1,Walking,4,School too far away,_missing_,1,19,0,3,10, , , 
11,1,5,111054,Grade 4,Grade 1,1,Walking,3,School too far away,_missing_,3,2,2,3,18, , , 
11,1,5,111055,Grade 9,Grade 1,1,Walking,6,House keeping / Family business,_missing_, , , , , , ,6,2016
11,1,5,111055,Grade 9,Grade 1,1,Walking,7,School too far away,_missing_,11,10,3,6,20, , , 
11,1,1,111056,Grade 9,Grade 1,1,Walking,3,School too far away,_missing_,8,6,6,6,30, , , 
11,1,1,111056,Grade 9,Grade 1,1,Walking,4,School too far away,_missing_,5,3,2,3,10, , , 
11,1,5,111057,Grade 4,Grade 1,1,Walking,3,House keeping / Family business,_missing_, , , , , , ,99,2018
11,1,5,111057,Grade 8,Grade 1,1,Walking,5,School too far away,_missing_,3,2,6,2,20, , , 
11,1,5,111058,Grade 4,Grade 1,1,Walking,4,School too far away,_missing_,6,5,2,5,20, , , 
11,1,6,111060,Grade 4,Grade 1,1,Walking,3,School too far away,_missing_,4,3,5,5,60, , , 
11,1,6,111060,Grade 10,Grade 1,1,Walking,3,School too far away,_missing_,1,19,8,5,35, , , 
11,1,2,111062,Grade 1,Grade 1,1,Walking,3,School too far away,_missing_,6,5,4,3,10, , , 
11,1,2,111062,Grade 1,Grade 1,1,Walking,4,School too far away,_missing_,2,1,4,3,10, , , 
11,1,2,111062,Grade 10,Grade 1,1,Walking,3,School too far away,_missing_,6,5,10,6,90, , , 
11,1,2,111062,Grade 10,Grade 1,1,Walking,4,School too far away,_missing_,1,19,9,6,80, , , 
11,1,6,111064,Grade 1,Grade 1,1,Walking,3,School too far away,_missing_,2,1,1,3,10, , , 
11,1,6,111064,Grade 5,Grade 1,1,Walking,5,School too far away,_missing_,10,9,10,5,45, , , 
11,1,2,111065,Grade 1,Grade 1,1,Walking,3,School too far away,_missing_,11,10,0,1,5, , , 
11,1,2,111065,Grade 1,Grade 1,1,Walking,4,School too far away,_missing_,4,3,0,1,15, , , 
11,1,2,111065,Grade 5,Grade 1,1,Walking,7,School too far away,_missing_,2,1,0,1,5, , , 
11,2,6,111066,Grade 5,Grade 1,1,Walking,5,School too far away,_missing_,5,4,5,4,15, , , 
11,2,6,111066,Grade 5,Grade 1,1,Walking,6,School too far away,_missing_,1,19,5,4,15, , , 
11,1,6,111067,Grade 2,Grade 1,1,Walking,4,School too far away,_missing_,5,5,5,2,20, , , 
11,1,6,111067,Grade 2,Grade 1,1,Walking,7,School too far away,_missing_,2,1,3,3,10, , , 
11,1,2,111068,Grade 2,Grade 1,1,Walking,4,School too far away,_missing_,9,8,2,3,15, , , 
11,1,2,111068,Grade 2,Grade 1,1,Walking,5,School too far away,_missing_,6,5,2,3,15, , , 
11,1,2,111071,Grade 1,Grade 1,1,Walking,3,School too far away,_missing_,2,1,5,5,30, , , 
11,1,2,111071,Grade 7,Grade 1,1,Walking,3,School too far away,_missing_,2,1,7,5,40, , , 
11,1,2,111071,Grade 7,Grade 1,1,Walking,4,School too far away,_missing_,1,19,7,5,40, , , 
11,1,6,111072,Grade 1,Grade 1,1,Walking,4,School too far away,_missing_,12,11,6,6,30, , , 
11,1,6,111072,Grade 1,Grade 1,1,Walking,5,School too far away,_missing_,8,7,4,3,15, , , 
11,1,6,111073,Grade 8,Grade 1,1,Walking,4,School too far away,_missing_,13,12,1,1,15, , , 
11,1,2,111074,Grade 2,Grade 1,1,Walking,3,School too far away,_missing_,9,8,11,5,60, , , 
11,1,2,111074,Grade 2,Grade 1,1,Walking,4,School too far away,_missing_,7,6,1,3,15, , , 
11,1,2,111074,Grade 7,Grade 1,1,Walking,4,School too far away,_missing_,12,11,2,1,20, , , 
11,1,6,111076,Grade 1,Grade 1,1,Walking,3,School too far away,_missing_,12,11,0,3,40, , , 
11,1,6,111076,Grade 1,Grade 1,1,Walking,4,School too far away,_missing_,6,5,0,3,40, , , 
11,1,6,111076,Grade 6,Grade 1,1,Walking,3,School too far away,_missing_,12,11,1,3,10, , , 
11,1,6,111076,Grade 6,Grade 1,1,Walking,4,School too far away,_missing_,12,11,13,1,10, , , 
11,1,6,111076,Grade 6,Grade 1,1,Walking,5,School too far away,_missing_,6,5,1,3,10, , , 
11,1,6,111078,Grade 2,Grade 1,1,Walking,6,School too far away,_missing_,11,10,1,6,10, , , 
11,1,3,111079,Grade 3,Grade 1,1,Walking,4,House keeping / Family business,_missing_, , , , , , ,7, 
11,1,7,111080,Grade 6,Grade 1,1,Walking,3,School too far away,_missing_,9,8,2,3,5, , , 
11,1,7,111080,Grade 6,Grade 1,1,Walking,4,School too far away,_missing_,5,4,2,3,5, , , 
11,1,7,111080,Grade 10,Grade 1,1,Walking,3,House keeping / Family business,_missing_, , , , , , ,99,2019
11,1,7,111080,Grade 10,Grade 1,1,Walking,4,School too far away,_missing_,9,8,2,1,20, , , 
11,2,3,111082,Grade 1,Grade 1,1,Walking,2,School too far away,_missing_,8,7,6,5,30, , , 
11,2,3,111082,Grade 1,Grade 1,1,Walking,3,School too far away,_missing_,4,3,6,5,30, , , 
11,2,3,111082,Grade 5,Grade 1,1,Walking,3,School too far away,_missing_,8,7,3,3,15, , , 
11,1,7,111084,Grade 8,Grade 1,1,Walking,2,School too far away,_missing_,1,19,1,3,5, , , 
11,1,3,111085,Grade 4,Grade 1,1,Walking,6,School too far away,_missing_,1,19,0,1,20, , , 
11,1,7,111086,Grade 8,Grade 1,1,Walking,6,School too far away,_missing_,9,8,0,1,10, , , 
11,1,7,111087,Grade 3,Grade 1,1,Walking,3,School too far away,_missing_,11,10,12,5,45, , , 
11,1,7,111087,Grade 3,Grade 1,1,Walking,4,School too far away,_missing_,4,3,12,5,45, , , 
11,1,7,111087,Grade 8,Grade 1,1,Walking,3,School too far away,_missing_,2,1,3,3,15, , , 
11,1,1,111088,Grade 8,Grade 1,1,Walking,3,School too far away,_missing_,11,10,5,6,30, , , 
11,1,1,111088,Grade 8,Grade 1,1,Walking,4,School too far away,_missing_,8,7,1,1,15, , , 
11,1,1,111088,Grade 8,Grade 1,1,Walking,5,School too far away,_missing_,5,4,1,1,15, , , 
11,1,3,111089,Grade 7,Grade 1,1,Walking,1,House keeping / Family business,_missing_, , , , , , ,9,2017
11,1,3,111089,Grade 7,Grade 1,1,Walking,2,House keeping / Family business,_missing_, , , , , , ,9,2017
11,1,7,111091,Grade 10,Grade 1,1,Walking,5,School too far away,_missing_,12,11,5,7,30, , , 
11,1,7,111091,Grade 10,Grade 1,1,Walking,6,School too far away,_missing_,6,5,3,3,5, , , 
11,1,8,111092,Grade 6,Grade 1,1,Walking,4,School too far away,_missing_,12,11,1,1,10, , , 
11,1,8,111092,Grade 6,Grade 1,1,Walking,5,School too far away,_missing_,8,7,12,6,30, , , 
11,1,7,111094,Grade 10,Grade 1,1,Walking,3,School too far away,_missing_,8,7,9,4,40, , , 
11,1,7,111094,Grade 10,Grade 1,1,Walking,4,School too far away,_missing_,5,4,9,4,40, , , 
11,1,4,111095,Grade 7,Grade 1,1,Walking,3,School too far away,_missing_,7,6,0,3,4, , , 
11,1,4,111095,Grade 7,Grade 1,1,Walking,4,School too far away,_missing_,2,1,0,3,4, , , 
11,1,8,111096,Grade 7,Grade 1,1,Walking,4,School too far away,_missing_,8,7,0,1,5, , , 
11,2,1,111097,Grade 7,Grade 1,1,Walking,4,School too far away,_missing_,10,9,16,5,30, , , 
11,3,4,111099,Grade 3,Grade 1,1,Walking,3,School too far away,_missing_,2,1,2,5,10, , , 
11,2,8,111100,Grade 1,Grade 1,1,Walking,3,School too far away,_missing_,7,6,5,3,15, , , 
11,1,1,111101,Grade 5,Grade 1,1,Walking,3,School too far away,_missing_,10,8,0,1,15, , , 
11,1,8,111104,Grade 4,Grade 1,1,Walking,3,School too far away,_missing_,11,10,3,3,15, , , 
11,1,8,111104,Grade 4,Grade 1,1,Walking,4,School too far away,_missing_,9,8,3,3,15, , , 
11,1,8,111104,Grade 9,Grade 1,1,Walking,4,School too far away,_missing_,6,5,12,5,60, , , 
11,1,1,111105,Grade 4,Grade 1,1,Walking,3,School too far away,_missing_,10,9,2,5,45, , , 
11,1,1,111105,Grade 4,Grade 1,1,Walking,4,School too far away,_missing_,5,4,2,5,45, , , 
11,1,1,111105,Grade 9,Grade 1,1,Walking,3,School too far away,_missing_,12,10,2,6,45, , , 
11,1,1,111105,Grade 9,Grade 1,1,Walking,4,School too far away,_missing_,9,8,2,2,20, , , 
11,1,1,111105,Grade 9,Grade 1,1,Walking,5,School too far away,_missing_,4,3,6,5,30, , , 
11,1,8,111106,Grade 3,Grade 1,1,Walking,3,School too far away,_missing_,7,6,5,5,60, , , 
11,1,8,111106,Grade 3,Grade 1,1,Walking,4,School too far away,_missing_,3,2,5,5,60, , , 
11,1,8,111106,Grade 7,Grade 1,1,Walking,3,School too far away,_missing_,5,4,0,1,10, , , 
11,1,8,111106,Grade 7,Grade 1,1,Walking,4,School too far away,_missing_,4,3,0,1,10, , , 
11,1,4,111107,Grade 8,Grade 1,1,Walking,8,School too far away,_missing_,3,2,3,2,20, , , 
11,1,1,111108,Grade 6,Grade 1,1,Walking,4,School too far away,_missing_,11,10,3,3,10, , , 
11,1,5,111110,Grade 4,Grade 1,1,Walking,3,School too far away,_missing_,10,9,1,1,15, , , 
11,1,5,111110,Grade 4,Grade 1,1,Walking,4,School too far away,_missing_,8,7,1,1,15, , , 
11,2,2,111112,Grade 7,Grade 1,1,Walking,4,School too far away,_missing_,13,12,10,5,45, , , 
11,2,5,111113,Grade 2,Grade 1,1,Walking,5,School too far away,_missing_,6,5,8,4,20, , , 
11,2,5,111113,Grade 2,Grade 1,1,Walking,6,School too far away,_missing_,6,5,8,4,20, , , 
11,2,2,111114,Grade 8,Grade 1,1,Walking,3,Financial problems,_missing_, , , , , ,5, , 
11,2,2,111114,Grade 8,Grade 1,1,Walking,4,School too far away,_missing_,9,8,10,4,30, , , 
11,2,2,111114,Grade 8,Grade 1,1,Walking,5,School too far away,_missing_,6,5,10,4,30, , , 
11,2,2,111114,Grade 8,Grade 1,1,Walking,6,School too far away,_missing_,3,2,10,4,30, , , 
11,1,8,111115,Grade 2,Grade 1,1,Walking,3,House keeping / Family business,_missing_, , , , , , ,6,2018
11,1,8,111115,Grade 2,Grade 1,1,Walking,4,School too far away,_missing_,9,8,2,5,20, , , 
11,1,8,111115,Grade 2,Grade 1,1,Walking,5,School too far away,_missing_,7,6,2,5,20, , , 
11,1,8,111115,Grade 8,Grade 1,1,Walking,4,House keeping / Family business,_missing_, , , , , , ,9,2018
11,1,8,111115,Grade 8,Grade 1,1,Walking,5,House keeping / Family business,_missing_, , , , , , ,9,2017
11,2,5,111116,Grade 8,Grade 1,1,Walking,3,School too far away,_missing_,6,5,4,5,20, , , 
11,1,2,111118,Grade 1,Grade 1,1,Walking,5,School too far away,_missing_,11,10,7,2,30, , , 
11,1,8,111119,Grade 10,Grade 1,1,Walking,4,School too far away,_missing_,11,10,5,6,45, , , 
11,2,5,111120,Grade 10,Grade 1,1,Walking,5,School too far away,_missing_,10,9,12,5,40, , , 
11,2,5,111120,Grade 10,Grade 1,1,Walking,6,School too far away,_missing_,7,6,4,5,20, , , 
11,2,5,111120,Grade 10,Grade 1,1,Walking,7,School too far away,_missing_,1,19,4,3,20, , , 
11,2,9,111121,Grade 4,Grade 1,1,Walking,4,School too far away,_missing_,13,12,20,6,60, , , 
11,2,9,111121,Grade 8,Grade 1,1,Walking,3,School too far away,_missing_,13,12,8,3,40, , , 
11,2,9,111121,Grade 8,Grade 1,1,Walking,4,School too far away,_missing_,7,6,8,6,40, , , 
11,1,9,111125,Grade 1,Grade 1,1,Walking,4,School too far away,_missing_,11,10,14,6,35, , , 
11,1,9,111125,Grade 5,Grade 1,1,Walking,3,School too far away,_missing_,12,11,12,6,90, , , 
11,1,9,111125,Grade 5,Grade 1,1,Walking,4,School too far away,_missing_,7,6,3,2,10, , , 
11,1,5,111127,Grade 5,Grade 1,1,Walking,4,School too far away,_missing_,12,11,6,5,30, , , 
11,1,5,111127,Grade 5,Grade 1,1,Walking,5,School too far away,_missing_,6,5,6,5,30, , , 
11,1,9,111128,Grade 5,Grade 1,1,Walking,3,School too far away,_missing_,10,9,0,1,1, , , 
11,1,9,111128,Grade 10,Grade 1,1,Walking,4,School too far away,_missing_,11,10,7,4,20, , , 
11,1,9,111128,Grade 10,Grade 1,1,Walking,5,School too far away,_missing_,8,7,7,4,20, , , 
11,1,2,111129,Grade 10,Grade 1,1,Walking,3,House keeping / Family business,_missing_, , , , , , ,6,2010
11,1,2,111129,Grade 10,Grade 1,1,Walking,4,School too far away,_missing_,11,10,2,1,10, , , 
11,2,9,111130,Grade 7,Grade 1,1,Walking,5,House keeping / Family business,_missing_, , , , , , ,9,2016
11,2,9,111130,Grade 7,Grade 1,1,Walking,6,School too far away,_missing_,7,6,4,5,15, , , 
11,1,5,111131,Grade 5,Grade 1,1,Walking,4,School too far away,_missing_,3,2,2,3,10, , , 
11,1,5,111131,Grade 10,Grade 1,1,Walking,3,House keeping / Family business,_missing_, , , , , , ,9,2017
11,1,6,111134,Grade 2,Grade 1,1,Walking,3,School too far away,_missing_,11,10,2,6,20, , , 
11,1,6,111134,Grade 2,Grade 1,1,Walking,4,School too far away,_missing_,8,7,2,6,20, , , 
11,1,6,111134,Grade 8,Grade 1,1,Walking,5,House keeping / Family business,_missing_, , , , , , ,6,2019
11,1,9,111136,Grade 1,Grade 1,1,Walking,3,School too far away,_missing_,2,1,12,5,35, , , 
11,1,6,111137,Grade 6,Grade 1,1,Walking,3,Financial problems,_missing_, , , , , ,7, , 
11,2,3,111139,Grade 10,Grade 1,1,Walking,3,School too far away,_missing_,6,5,1,1,15, , , 
11,1,9,111140,Grade 3,Grade 1,1,Walking,3,School too far away,_missing_,11,10,6,5,20, , , 
11,1,9,111140,Grade 3,Grade 1,1,Walking,4,School too far away,_missing_,6,5,6,5,20, , , 
11,1,9,111140,Grade 7,Grade 1,1,Walking,3,School too far away,_missing_,2,1,10,4,30, , , 
11,1,9,111140,Grade 7,Grade 1,1,Walking,4,School too far away,_missing_,13,12,16,6,50, , , 
11,2,10,111142,Grade 6,Grade 1,1,Walking,4,School too far away,_missing_,11,10,10,4,25, , , 
11,2,10,111142,Grade 6,Grade 1,1,Walking,5,School too far away,_missing_,3,2,1,4,5, , , 
11,2,10,111144,Grade 7,Grade 1,1,Walking,3,House keeping / Family business,_missing_, , , , , , ,6,2019
11,2,10,111144,Grade 7,Grade 1,1,Walking,4,School too far away,_missing_,10,9,11,3,35, , , 
11,2,10,111144,Grade 7,Grade 1,1,Walking,5,School too far away,_missing_,4,3,11,3,35, , , 
11,2,10,111144,Grade 7,Grade 1,1,Walking,6,School too far away,_missing_,9,8,10,3,30, , , 
11,1,10,111146,Grade 4,Grade 1,1,Walking,4,School too far away,_missing_,13,12,2,6,20, , , 
11,1,3,111147,Grade 4,Grade 1,1,Walking,5,School too far away,_missing_,13,12,0,1,10, , , 
11,1,3,111147,Grade 9,Grade 1,1,Walking,3,School too far away,_missing_,8,7,7,5,60, , , 
11,1,3,111147,Grade 9,Grade 1,1,Walking,4,School too far away,_missing_,4,3,0,1,10, , , 
11,1,3,111147,Grade 9,Grade 1,1,Walking,5,School too far away,_missing_,2,1,0,1,10, , , 
11,3,10,111151,Grade 9,Grade 1,1,Walking,3,School too far away,_missing_,10,9,2,1,15, , , 
11,3,10,111151,Grade 9,Grade 1,1,Walking,4,School too far away,_missing_,3,2,2,1,15, , , 
11,1,6,111152,Grade 2,Grade 1,1,Walking,3,School too far away,_missing_,11,10,0,1,3, , , 
11,1,6,111152,Grade 2,Grade 1,1,Walking,4,School too far away,_missing_,9,8,3,2,15, , , 
11,1,6,111152,Grade 2,Grade 1,1,Walking,5,School too far away,_missing_,2,1,0,1,3, , , 
11,1,6,111152,Grade 9,Grade 1,1,Walking,5,School too far away,_missing_,1,19,7,5,45, , , 
11,2,4,111154,Grade 2,Grade 1,1,Walking,3,School too far away,_missing_,9,7,9,3,45, , , 
11,2,4,111154,Grade 2,Grade 1,1,Walking,4,School too far away,_missing_,6,5,3,5,60, , , 
11,2,4,111154,Grade 2,Grade 1,1,Walking,5,School too far away,_missing_,1,19,3,3,30, , , 
11,2,4,111154,Grade 8,Grade 1,1,Walking,2,School too far away,_missing_,8,7,0,3,5, , , 
11,2,4,111154,Grade 8,Grade 1,1,Walking,3,School too far away,_missing_,5,4,0,3,5, , , 
11,2,4,111154,Grade 8,Grade 1,1,Walking,4,School too far away,_missing_,2,1,2,3,20, , , 
11,1,7,111156,Grade 3,Grade 1,1,Walking,3,School too far away,_missing_,10,9,6,5,30, , , 
11,1,7,111156,Grade 3,Grade 1,1,Walking,4,School too far away,_missing_,8,7,8,5,45, , , 
11,1,7,111156,Grade 7,Grade 1,1,Walking,3,School too far away,_missing_,10,9,4,5,45, , , 
11,2,7,111160,Grade 8,Grade 1,1,Walking,1,House keeping / Family business,_missing_, , , , , , ,9,2017
11,1,4,111162,Grade 1,Grade 1,1,Walking,3,House keeping / Family business,_missing_, , , , , , ,8,2018
11,1,4,111162,Grade 1,Grade 1,1,Walking,4,School too far away,_missing_,9,8,2,6,30, , , 
11,1,4,111162,Grade 5,Grade 1,1,Walking,2,House keeping / Family business,_missing_, , , , , , ,6,2014
11,1,10,111163,Grade 4,Grade 1,1,Walking,3,School too far away,_missing_,13,12,1,6,15, , , 
11,2,7,111164,Grade 3,Grade 1,1,Walking,4,School too far away,_missing_,5,4,22,5,60, , , 
11,2,7,111164,Grade 3,Grade 1,1,Walking,5,School too far away,_missing_,4,3,22,5,60, , , 
11,2,11,111165,Grade 3,Grade 1,1,Walking,4,School too far away,_missing_,11,10,20,5,60, , , 
11,2,11,111165,Grade 8,Grade 1,1,Walking,3,School too far away,_missing_,9,8,12,5,60, , , 
11,1,4,111166,Grade 3,Grade 1,1,Walking,3,School too far away,_missing_,8,7,0,6,10, , , 
11,1,4,111166,Grade 3,Grade 1,1,Walking,4,School too far away,_missing_,4,3,0,6,10, , , 
11,1,4,111166,Grade 3,Grade 1,1,Walking,5,School too far away,_missing_,2,1,0,6,10, , , 
11,2,11,111167,Grade 3,Grade 1,1,Walking,3,School too far away,_missing_,9,8,1,6,15, , , 
11,2,11,111167,Grade 3,Grade 1,1,Walking,4,School too far away,_missing_,9,8,1,6,15, , , 
11,1,7,111168,Grade 7,Grade 1,1,Walking,5,House keeping / Family business,_missing_, , , , , , ,9,2018
11,1,7,111168,Grade 7,Grade 1,1,Walking,6,House keeping / Family business,_missing_, , , , , , ,6,2018
11,1,7,111168,Grade 7,Grade 1,1,Walking,7,School too far away,_missing_,3,2,3,5,20, , , 
11,1,11,111169,Grade 4,Grade 1,1,Walking,3,School too far away,_missing_,7,6,4,6,25, , , 
11,1,11,111169,Grade 4,Grade 1,1,Walking,4,School too far away,_missing_,3,2,0,1,5, , , 
11,1,4,111170,Grade 1,Grade 1,1,Walking,3,School too far away,_missing_,6,5,4,3,10, , , 
11,2,11,111171,Grade 2,Grade 1,1,Walking,3,School too far away,_missing_,8,7,24,3,60, , , 
11,2,11,111171,Grade 2,Grade 1,1,Walking,4,School too far away,_missing_,6,5,22,3,60, , , 
11,2,11,111171,Grade 8,Grade 1,1,Walking,4,School too far away,_missing_,10,9,22,6,60, , , 
11,1,7,111172,Grade 4,Grade 1,1,Walking,3,School too far away,_missing_,11,10,0,1,15, , , 
11,1,11,111173,Grade 2,Grade 1,1,Walking,4,House keeping / Family business,_missing_, , , , , , ,7,2019
11,2,11,111174,Grade 3,Grade 1,1,Walking,4,School too far away,_missing_,9,8,25,5,90, , , 
11,2,11,111174,Grade 3,Grade 1,1,Walking,5,School too far away,_missing_,7,6,25,5,90, , , 
11,2,11,111174,Grade 3,Grade 1,1,Walking,6,School too far away,_missing_,4,3,0,1,5, , , 
11,1,7,111175,Grade 3,Grade 1,1,Walking,10,School too far away,_missing_,10,9,3,5,15, , , 
11,1,7,111175,Grade 10,Grade 1,1,Walking,3,House keeping / Family business,_missing_, , , , , , ,99,2014
11,1,7,111175,Grade 10,Grade 1,1,Walking,4,School too far away,_missing_,1,19,0,1,15, , , 
11,1,7,111175,Grade 10,Grade 1,1,Walking,5,School too far away,_missing_,6,5,3,6,30, , , 
11,1,11,111176,Grade 5,Grade 1,1,Walking,3,School too far away,_missing_,11,10,5,4,30, , , 
11,1,11,111176,Grade 5,Grade 1,1,Walking,4,School too far away,_missing_,1,19,3,4,20, , , 
11,1,5,111177,Grade 5,Grade 1,1,Walking,3,School too far away,_missing_,2,1,5,4,35, , , 
11,2,5,111178,Grade 10,Grade 1,1,Walking,3,House keeping / Family business,_missing_, , , , , , ,7, 
11,2,5,111178,Grade 10,Grade 1,1,Walking,4,School too far away,_missing_,9,8,6,5,30, , , 
11,2,8,111180,Grade 6,Grade 1,1,Walking,3,School too far away,_missing_,9,8,3,3,15, , , 
11,2,8,111180,Grade 6,Grade 1,1,Walking,4,School too far away,_missing_,1,19,7,5,50, , , 
11,1,11,111182,Grade 10,Grade 1,1,Walking,5,School too far away,_missing_,3,2,3,3,20, , , 
11,2,12,111184,Grade 6,Grade 1,1,Walking,3,House keeping / Family business,_missing_, , , , , , ,1,2018
11,2,12,111184,Grade 6,Grade 1,1,Walking,4,School too far away,_missing_,8,7,3,3,20, , , 
11,1,8,111185,Grade 4,Grade 1,1,Walking,3,School too far away,_missing_,12,11,12,5,35, , , 
11,1,12,111186,Grade 5,Grade 1,1,Walking,3,School too far away,_missing_,6,5,12,3,60, , , 
11,1,5,111187,Grade 1,Grade 1,1,Walking,3,School too far away,_missing_,6,5,1,1,15, , , 
11,1,5,111187,Grade 1,Grade 1,1,Walking,4,School too far away,_missing_,2,1,6,3,10, , , 
11,2,12,111188,Grade 5,Grade 1,1,Walking,3,School too far away,_missing_,13,12,1,3,10, , , 
11,2,12,111188,Grade 5,Grade 1,1,Walking,4,School too far away,_missing_,3,1,1,3,10, , , 
11,1,8,111189,Grade 2,Grade 1,1,Walking,3,School too far away,_missing_,4,2,3,4,10, , , 
11,1,8,111189,Grade 2,Grade 1,1,Walking,4,School too far away,_missing_,1,19,3,4,10, , , 
11,1,8,111189,Grade 9,Grade 1,1,Walking,4,School too far away,_missing_,1,19,1,3,10, , , 
11,1,12,111190,Grade 5,Grade 1,1,Walking,3,School too far away,_missing_,12,11,1,6,20, , , 
11,1,12,111190,Grade 5,Grade 1,1,Walking,4,School too far away,_missing_,9,8,1,1,10, , , 
11,2,12,111191,Grade 8,Grade 1,1,Walking,3,School too far away,_missing_,10,8,2,6,20, , , 
11,2,12,111191,Grade 8,Grade 1,1,Walking,4,School too far away,_missing_,3,1,2,3,20, , , 
11,1,12,111193,Grade 2,Grade 1,1,Walking,3,School too far away,_missing_,4,3,5,4,30, , , 
11,1,12,111193,Grade 7,Grade 1,1,Walking,3,School too far away,_missing_,9,8,7,6,60, , , 
11,2,6,111194,Grade 6,Grade 1,1,Walking,4,School too far away,_missing_,13,12,10,2,45, , , 
11,2,6,111194,Grade 10,Grade 1,1,Walking,4,School too far away,_missing_,12,11,5,2,60, , , 
11,1,12,111195,Grade 5,Grade 1,1,Walking,3,School too far away,_missing_,2,1,2,1,10, , , 
11,1,9,111196,Grade 5,Grade 1,1,Walking,4,School too far away,_missing_,12,11,8,3,15, , , 
11,1,9,111196,Grade 5,Grade 1,1,Walking,5,School too far away,_missing_,2,1,2,3,5, , , 
11,2,6,111197,Grade 5,Grade 1,1,Walking,4,School too far away,_missing_,4,3,2,5,15, , , 
11,2,6,111197,Grade 9,Grade 1,1,Walking,5,School too far away,_missing_,1,19,8,4,15, , , 
11,1,9,111198,Grade 1,Grade 1,1,Walking,3,School too far away,_missing_,3,2,2,5,10, , , 
11,2,6,111199,Grade 7,Grade 1,1,Walking,3,House keeping / Family business,_missing_, , , , , , ,6,2017
11,2,6,111199,Grade 7,Grade 1,1,Walking,4,School too far away,_missing_,7,6,0,5,20, , , 
11,2,6,111199,Grade 7,Grade 1,1,Walking,5,School too far away,_missing_,2,1,0,5,25, , , 
11,1,12,111200,Grade 8,Grade 1,1,Walking,4,House keeping / Family business,_missing_, , , , , , ,8,2019
11,2,9,111201,Grade 3,Grade 1,1,Walking,3,School too far away,_missing_,13,12,1,1,25, , , 
11,2,9,111201,Grade 3,Grade 1,1,Walking,4,School too far away,_missing_,8,7,1,1,25, , , 
11,1,6,111203,Grade 6,Grade 1,1,Walking,3,House keeping / Family business,_missing_, , , , , , ,2,2017
11,1,6,111203,Grade 6,Grade 1,1,Walking,4,School too far away,_missing_,6,5,0,1,10, , , 
11,1,6,111203,Grade 6,Grade 1,1,Walking,5,School too far away,_missing_,2,1,0,1,10, , , 
11,1,9,111204,Grade 1,Grade 1,1,Walking,2,School too far away,_missing_,8,7,1,3,10, , , 
11,1,9,111204,Grade 9,Grade 1,1,Walking,7,School too far away,_missing_,4,3,1,1,3, , , 
11,1,6,111205,Grade 8,Grade 1,1,Walking,5,School too far away,_missing_,2,1,10,5,20, , , 
11,1,9,111206,Grade 2,Grade 1,1,Walking,4,School too far away,_missing_,12,11,3,6,15, , , 
11,1,9,111206,Grade 7,Grade 1,1,Walking,4,House keeping / Family business,_missing_, , , , , , ,6,2016
11,1,10,111207,Grade 2,Grade 1,1,Walking,3,School too far away,_missing_,3,2,3,3,20, , , 
11,1,7,111208,Grade 3,Grade 1,1,Walking,4,School too far away,_missing_,4,3,0,2,5, , , 
11,1,7,111208,Grade 7,Grade 1,1,Walking,3,School too far away,_missing_,12,11,14,5,60, , , 
11,1,7,111208,Grade 7,Grade 1,1,Walking,4,School too far away,_missing_,9,8,8,5,40, , , 
11,1,10,111209,Grade 1,Grade 1,1,Walking,4,School too far away,_missing_,11,10,0,3,20, , , 
11,1,10,111209,Grade 1,Grade 1,1,Walking,5,School too far away,_missing_,8,7,0,3,20, , , 
11,1,10,111209,Grade 1,Grade 1,1,Walking,6,School too far away,_missing_,2,1,4,5,50, , , 
11,1,10,111209,Grade 8,Grade 1,1,Walking,4,School too far away,_missing_,11,10,2,1,15, , , 
11,1,10,111209,Grade 8,Grade 1,1,Walking,5,School too far away,_missing_,9,8,2,1,15, , , 
11,1,10,111209,Grade 8,Grade 1,1,Walking,6,School too far away,_missing_,6,5,2,6,20, , , 
11,2,10,111211,Grade 1,Grade 1,1,Walking,3,Financial problems,_missing_, , , , , ,7, , 
11,2,10,111211,Grade 6,Grade 1,1,Walking,3,School too far away,_missing_,13,12,15,5,45, , , 
11,2,10,111211,Grade 6,Grade 1,1,Walking,4,School too far away,_missing_,6,5,15,5,45, , , 
11,2,10,111211,Grade 6,Grade 1,1,Walking,5,School too far away,_missing_,4,3,15,5,45, , , 
11,1,7,111212,Grade 1,Grade 1,1,Walking,3,School too far away,_missing_,7,6,10,5,35, , , 
11,1,7,111212,Grade 1,Grade 1,1,Walking,4,School too far away,_missing_,4,3,8,5,40, , , 
11,1,10,111213,Grade 5,Grade 1,1,Walking,3,House keeping / Family business,_missing_, , , , , , ,6,2017
11,1,10,111213,Grade 5,Grade 1,1,Walking,4,School too far away,_missing_,8,7,1,3,10, , , 
11,1,10,111215,Grade 5,Grade 1,1,Walking,4,School too far away,_missing_,11,10,1,1,15, , , 
11,1,7,111216,Grade 7,Grade 1,1,Walking,3,School too far away,_missing_,11,10,8,5,30, , , 
11,1,7,111216,Grade 7,Grade 1,1,Walking,4,School too far away,_missing_,9,8,11,5,45, , , 
11,1,10,111217,Grade 3,Grade 1,1,Walking,3,School too far away,_missing_,6,5,0,3,10, , , 
11,1,10,111217,Grade 3,Grade 1,1,Walking,4,School too far away,_missing_,3,2,0,3,10, , , 
11,1,11,111218,Grade 2,Grade 1,1,Walking,4,School too far away,_missing_,2,1,1,3,20, , , 
11,1,11,111218,Grade 6,Grade 1,1,Walking,4,School too far away,_missing_,11,10,0,3,5, , , 
11,1,11,111218,Grade 6,Grade 1,1,Walking,5,School too far away,_missing_,3,2,2,2,15, , , 
11,1,8,111219,Grade 8,Grade 1,1,Walking,5,School too far away,_missing_,2,1,6,6,25, , , 
11,2,8,111221,Grade 5,Grade 1,1,Walking,3,School too far away,_missing_,6,5,25,5,60, , , 
11,2,11,111222,Grade 1,Grade 1,1,Walking,3,School too far away,_missing_,6,5,2,2,10, , , 
11,2,11,111222,Grade 1,Grade 1,1,Walking,4,School too far away,_missing_,2,1,2,2,10, , , 
11,1,8,111226,Grade 8,Grade 1,1,Walking,4,School too far away,_missing_,12,10,15,5,60, , , 
11,1,9,111228,Grade 7,Grade 1,1,Walking,3,School too far away,_missing_,8,7,3,3,15, , , 
11,1,9,111228,Grade 7,Grade 1,1,Walking,4,School too far away,_missing_,5,4,3,3,15, , , 
11,1,9,111228,Grade 7,Grade 1,1,Walking,5,School too far away,_missing_,1,19,3,3,15, , , 
11,1,12,111229,Grade 2,Grade 1,1,Walking,3,House keeping / Family business,_missing_, , , , , , ,2,2018
11,1,12,111229,Grade 2,Grade 1,1,Walking,4,School too far away,_missing_,8,7,1,3,10, , , 
11,1,12,111229,Grade 7,Grade 1,1,Walking,5,School too far away,_missing_,1,19,1,3,15, , , 
11,1,9,111230,Grade 3,Grade 1,1,Walking,2,School too far away,_missing_,13,12,0,5,5, , , 
11,2,12,111232,Grade 2,Grade 1,1,Walking,4,House keeping / Family business,_missing_, , , , , , ,8,2018
11,1,9,111233,Grade 1,Grade 1,1,Walking,3,School too far away,_missing_,9,8,2,3,10, , , 
11,1,9,111233,Grade 1,Grade 1,1,Walking,4,School too far away,_missing_,4,3,2,3,10, , , 
11,1,9,111233,Grade 7,Grade 1,1,Walking,4,School too far away,_missing_,10,9,1,3,5, , , 
11,1,9,111233,Grade 7,Grade 1,1,Walking,5,School too far away,_missing_,8,7,1,3,5, , , 
11,1,12,111235,Grade 4,Grade 1,1,Walking,3,School too far away,_missing_,8,7,3,2,15, , , 
11,1,12,111235,Grade 4,Grade 1,1,Walking,4,School too far away,_missing_,5,4,3,2,15, , , 
11,1,12,111235,Grade 4,Grade 1,1,Walking,5,School too far away,_missing_,3,2,3,2,15, , , 
11,1,12,111237,Grade 2,Grade 1,1,Walking,3,School too far away,_missing_,11,10,2,6,25, , , 
11,1,12,111237,Grade 2,Grade 1,1,Walking,4,School too far away,_missing_,3,2,2,5,15, , , 
11,1,12,111237,Grade 9,Grade 1,1,Walking,3,School too far away,_missing_,11,10,0,1,15, , , 
11,1,12,111237,Grade 9,Grade 1,1,Walking,4,School too far away,_missing_,5,4,0,1,15, , , 
11,1,10,111239,Grade 1,Grade 1,1,Walking,3,School too far away,_missing_,8,7,1,3,10, , , 
11,1,10,111239,Grade 1,Grade 1,1,Walking,4,School too far away,_missing_,5,4,1,3,10, , , 
11,1,10,111241,Grade 10,Grade 1,1,Walking,3,House keeping / Family business,_missing_, , , , , , ,8,2019
11,1,10,111241,Grade 10,Grade 1,1,Walking,4,School too far away,_missing_,9,8,1,4,5, , , 
11,1,10,111241,Grade 10,Grade 1,1,Walking,5,School too far away,_missing_,3,2,1,4,5, , , 
11,1,11,111244,Grade 7,Grade 1,1,Walking,3,Financial problems,_missing_, , , , , ,4, , 
11,1,11,111244,Grade 7,Grade 1,1,Walking,4,School too far away,_missing_,6,5,10,5,40, , , 
11,1,11,111245,Grade 1,Grade 1,1,Walking,2,School too far away,_missing_,6,5,4,3,15, , , 
11,1,11,111245,Grade 1,Grade 1,1,Walking,3,School too far away,_missing_,3,2,4,3,15, , , 
11,1,11,111245,Grade 5,Grade 1,1,Walking,2,House keeping / Family business,_missing_, , , , , , ,2,2018
11,1,12,111246,Grade 1,Grade 1,1,Walking,4,School too far away,_missing_,13,12,2,1,20, , , 
11,1,12,111246,Grade 9,Grade 1,1,Walking,2,House keeping / Family business,_missing_, , , , , , ,6,2018
11,1,12,111247,Grade 4,Grade 1,1,Walking,3,House keeping / Family business,_missing_, , , , , , ,7, 
11,1,12,111247,Grade 4,Grade 1,1,Walking,4,School too far away,_missing_,8,7,1,1,25, , , 
11,2,12,111248,Grade 5,Grade 1,1,Walking,3,School too far away,_missing_,6,4,2,6,10, , , 
11,2,12,111248,Grade 5,Grade 1,1,Walking,4,Financial problems,_missing_, , , , , ,7, , 
11,2,12,111248,Grade 10,Grade 1,1,Walking,4,School too far away,_missing_,10,8,2,1,30, , , 
11,2,12,111248,Grade 10,Grade 1,1,Walking,5,House keeping / Family business,_missing_, , , , , , ,9,2018
11,1,12,111249,Grade 3,Grade 1,1,Walking,2,School too far away,_missing_,11,9,0,1,10, , , 
11,1,12,111249,Grade 8,Grade 1,1,Walking,3,School too far away,_missing_,4,3,3,4,20, , , 
11,1,12,111251,Grade 2,Grade 1,1,Walking,3,School too far away,_missing_,1,19,6,3,10, , , 
11,1,12,111251,Grade 8,Grade 1,1,Walking,4,School too far away,_missing_,6,5,6,3,20, , , 
11,1,12,111251,Grade 8,Grade 1,1,Walking,5,School too far away,_missing_,6,5,3,3,10, , , 
11,1,12,111251,Grade 8,Grade 1,1,Walking,6,Financial problems,_missing_, , , , , ,7, , 
12,2,1,112001,Grade 4,Grade 1,1,Walking,4,School too far away,_missing_,8,7,3,3,30, , , 
12,2,1,112001,Grade 9,Grade 1,1,Walking,3,School too far away,_missing_,10,9,2,5,15, , , 
12,2,1,112001,Grade 9,Grade 1,1,Walking,4,School too far away,_missing_,5,4,4,5,30, , , 
12,2,1,112004,Grade 9,Grade 1,1,Walking,3,School too far away,_missing_,5,4,1,3,5, , , 
12,2,1,112005,Grade 4,Grade 1,1,Walking,5,House keeping / Family business,_missing_, , , , , , ,7,2018
12,2,1,112006,Grade 8,Grade 1,1,Walking,2,School too far away,_missing_,10,9,2,5,10, , , 
12,2,1,112006,Grade 8,Grade 1,1,Walking,3,School too far away,_missing_,7,6,2,6,15, , , 
12,2,2,112007,Grade 4,Grade 1,1,Walking,4,House keeping / Family business,_missing_, , , , , , ,8,2018
12,2,2,112007,Grade 4,Grade 1,1,Walking,5,School too far away,_missing_,5,4,0,1,20, , , 
12,2,2,112008,Grade 1,Grade 1,1,Walking,4,House keeping / Family business,_missing_, , , , , , ,99,2015
12,2,2,112008,Grade 1,Grade 1,1,Walking,5,House keeping / Family business,_missing_, , , , , , ,99,2016
12,2,2,112010,Grade 2,Grade 1,1,Walking,3,School too far away,_missing_,8,7,1,3,10, , , 
12,2,2,112010,Grade 2,Grade 1,1,Walking,4,School too far away,_missing_,5,4,1,3,10, , , 
12,2,2,112011,Grade 2,Grade 1,1,Walking,3,School too far away,_missing_,3,2,4,3,15, , , 
12,2,2,112014,Grade 2,Grade 1,1,Walking,3,School too far away,_missing_,10,9,16,5,30, , , 
12,2,2,112014,Grade 2,Grade 1,1,Walking,4,School too far away,_missing_,8,7,2,5,10, , , 
12,2,2,112014,Grade 10,Grade 1,1,Walking,3,School too far away,_missing_,12,11,5,3,20, , , 
12,2,2,112014,Grade 10,Grade 1,1,Walking,4,School too far away,_missing_,8,7,5,3,20, , , 
12,2,3,112015,Grade 7,Grade 1,1,Walking,4,School too far away,_missing_,13,12,8,6,15, , , 
12,2,3,112017,Grade 7,Grade 1,1,Walking,5,School too far away,_missing_,5,4,2,3,20, , , 
12,2,3,112017,Grade 7,Grade 1,1,Walking,6,School too far away,_missing_,9,8,2,3,20, , , 
12,2,3,112018,Grade 2,Grade 1,1,Walking,3,School too far away,_missing_,9,8,6,5,10, , , 
12,2,3,112020,Grade 6,Grade 1,1,Walking,3,School too far away,_missing_,7,6,4,6,30, , , 
12,2,3,112022,Grade 4,Grade 1,1,Walking,4,House keeping / Family business,_missing_, , , , , , ,8,2018
12,2,3,112022,Grade 8,Grade 1,1,Walking,3,School too far away,_missing_,2,1,32,4,60, , , 
12,2,3,112023,Grade 7,Grade 1,1,Walking,3,School too far away,_missing_,9,8,2,1,30, , , 
12,2,3,112023,Grade 7,Grade 1,1,Walking,4,School too far away,_missing_,6,5,2,1,30, , , 
12,2,4,112025,Grade 3,Grade 1,1,Walking,3,School too far away,_missing_,3,2,1,5,15, , , 
12,2,4,112025,Grade 8,Grade 1,1,Walking,3,School too far away,_missing_,5,4,3,2,10, , , 
12,2,3,112026,Grade 3,Grade 1,2,Walking,3,School too far away,_missing_,3,2,2,3,10, , , 
12,2,3,112026,Grade 7,Grade 1,1,Walking,4,House keeping / Family business,_missing_, , , , , , ,3,2017
12,1,4,112027,Grade 1,Grade 1,1,Walking,3,School too far away,_missing_,5,4,12,5,45, , , 
12,2,4,112028,Grade 3,Grade 1,1,Walking,5,School too far away,_missing_,13,12,0,1,10, , , 
12,2,4,112028,Grade 8,Grade 1,1,Walking,3,School too far away,_missing_,8,7,5,6,45, , , 
12,2,4,112028,Grade 8,Grade 1,1,Walking,4,School too far away,_missing_,3,2,1,3,15, , , 
12,2,4,112029,Grade 4,Grade 1,1,Walking,3,School too far away,_missing_,3,2,1,3,5, , , 
12,2,4,112029,Grade 4,Grade 1,1,Walking,4,School too far away,_missing_,1,19,1,3,5, , , 
12,2,4,112030,Grade 4,Grade 1,1,Walking,3,School too far away,_missing_,5,4,2,5,15, , , 
12,2,4,112032,Grade 7,Grade 1,1,Walking,4,House keeping / Family business,_missing_, , , , , , ,9,2016
12,2,4,112032,Grade 7,Grade 1,1,Walking,5,School too far away,_missing_,8,7,1,1,20, , , 
12,1,5,112033,Grade 1,Grade 1,2,Walking,3,School too far away,_missing_,12,11,3,3,15, , , 
12,1,5,112033,Grade 1,Grade 1,2,Walking,4,School too far away,_missing_,9,8,3,6,15, , , 
12,2,4,112034,Grade 10,Grade 1,1,Walking,4,School too far away,_missing_,2,1,0,3,10, , , 
12,2,5,112035,Grade 6,Grade 1,1,Walking,3,School too far away,_missing_,11,10,10,5,30, , , 
12,2,5,112035,Grade 6,Grade 1,1,Walking,4,School too far away,_missing_,7,6,50,5,60, , , 
12,2,4,112036,Grade 2,Grade 1,1,Walking,5,House keeping / Family business,_missing_, , , , , , ,7,2018
12,2,4,112036,Grade 2,Grade 1,1,Walking,6,School too far away,_missing_,8,7,2,3,10, , , 
12,2,4,112036,Grade 2,Grade 1,1,Walking,7,School too far away,_missing_,4,3,2,3,10, , , 
12,2,4,112036,Grade 10,Grade 1,1,Walking,3,School too far away,_missing_,13,12,2,1,15, , , 
12,2,4,112036,Grade 10,Grade 1,1,Walking,4,School too far away,_missing_,7,6,2,2,15, , , 
12,2,4,112036,Grade 10,Grade 1,1,Walking,5,School too far away,_missing_,1,19,2,1,15, , , 
12,2,5,112037,Grade 4,Grade 1,1,Walking,5,School too far away,_missing_,11,10,5,5,40, , , 
12,1,5,112038,Grade 3,Grade 1,1,Walking,3,School too far away,_missing_,13,12,4,6,30, , , 
12,2,5,112040,Grade 1,Grade 1,1,Walking,5,School too far away,_missing_,11,10,6,5,50, , , 
12,2,5,112040,Grade 9,Grade 1,1,Walking,4,School too far away,_missing_,1,19,1,1,20, , , 
12,2,5,112040,Grade 9,Grade 1,1,Walking,5,School too far away,_missing_,3,2,1,1,20, , , 
12,1,6,112044,Grade 6,Grade 1,1,Walking,3,School too far away,_missing_,2,1,1,3,5, , , 
12,2,6,112047,Grade 5,Grade 1,1,Walking,3,School too far away,_missing_,5,4,1,3,25, , , 
12,2,6,112047,Grade 5,Grade 1,1,Walking,4,School too far away,_missing_,1,19,1,3,25, , , 
12,2,1,112049,Grade 9,Grade 1,1,Walking,3,School too far away,_missing_,12,11,8,6,40, , , 
12,2,1,112049,Grade 9,Grade 1,1,Walking,4,School too far away,_missing_,10,9,8,6,40, , , 
12,2,1,112049,Grade 9,Grade 1,1,Walking,5,School too far away,_missing_,4,3,8,6,40, , , 
12,1,6,112051,Grade 2,Grade 1,1,Walking,3,School too far away,_missing_,9,8,2,5,10, , , 
12,2,6,112053,Grade 5,Grade 1,1,Walking,4,School too far away,_missing_,12,11,2,6,10, , , 
12,2,6,112053,Grade 5,Grade 1,1,Walking,5,School too far away,_missing_,11,10,1,1,10, , , 
12,2,6,112053,Grade 5,Grade 1,1,Walking,6,School too far away,_missing_,9,8,1,1,10, , , 
12,2,6,112054,Grade 9,Grade 1,1,Walking,4,School too far away,_missing_,12,11,4,3,10, , , 
12,2,6,112055,Grade 3,Grade 1,1,Walking,3,School too far away,_missing_,11,10,3,5,10, , , 
12,2,6,112056,Grade 2,Grade 1,1,Walking,3,House keeping / Family business,_missing_, , , , , , ,7,2018
12,2,6,112056,Grade 2,Grade 1,1,Walking,4,School too far away,_missing_,7,6,1,5,5, , , 
12,2,6,112058,Grade 6,Grade 1,1,Walking,3,House keeping / Family business,_missing_, , , , , , ,2,2018
12,2,6,112058,Grade 6,Grade 1,1,Walking,4,House keeping / Family business,_missing_, , , , , , ,2,2012
12,2,6,112058,Grade 10,Grade 1,1,Walking,3,School too far away,_missing_,9,8,15,5,90, , , 
12,2,6,112058,Grade 10,Grade 1,1,Walking,4,School too far away,_missing_,3,2,5,2,10, , , 
12,2,6,112059,Grade 4,Grade 1,1,Walking,3,School too far away,_missing_,11,10,5,5,20, , , 
12,2,6,112059,Grade 4,Grade 1,1,Walking,4,School too far away,_missing_,7,6,5,5,20, , , 
12,2,7,112061,Grade 9,Grade 1,1,Walking,3,School too far away,_missing_,10,9,2,3,10, , , 
12,2,6,112062,Grade 5,Grade 1,1,Walking,4,School too far away,_missing_,13,12,4,6,45, , , 
12,2,6,112062,Grade 5,Grade 1,1,Walking,5,School too far away,_missing_,9,8,5,6,45, , , 
12,1,7,112064,Grade 8,Grade 1,1,Walking,3,School too far away,_missing_,11,10,0,1,10, , , 
12,1,7,112064,Grade 8,Grade 1,1,Walking,4,School too far away,_missing_,8,7,0,1,10, , , 
12,1,7,112066,Grade 4,Grade 1,1,Walking,3,House keeping / Family business,_missing_, , , , , , ,6,2016
12,1,7,112066,Grade 4,Grade 1,1,Walking,4,House keeping / Family business,_missing_, , , , , , ,6,2017
12,2,7,112067,Grade 1,Grade 1,1,Walking,3,House keeping / Family business,_missing_, , , , , , ,8,2018
12,2,7,112067,Grade 1,Grade 1,1,Walking,4,School too far away,_missing_,8,7,3,6,25, , , 
12,2,2,112068,Grade 7,Grade 1,1,Walking,3,School too far away,_missing_,12,11,3,5,20, , , 
12,2,2,112068,Grade 7,Grade 1,1,Walking,4,School too far away,_missing_,9,8,2,5,10, , , 
12,2,7,112069,Grade 7,Grade 1,1,Walking,4,School too far away,_missing_,11,10,0,1,10, , , 
12,2,7,112070,Grade 3,Grade 1,1,Walking,3,School too far away,_missing_,6,5,5,5,60, , , 
12,2,7,112072,Grade 6,Grade 1,1,Walking,4,House keeping / Family business,_missing_, , , , , , ,6,2018
12,2,8,112074,Grade 5,Grade 1,1,Walking,3,School too far away,_missing_,7,6,2,5,20, , , 
12,2,7,112075,Grade 7,Grade 1,1,Walking,3,School too far away,_missing_,13,12,20,7,60, , , 
12,2,7,112075,Grade 7,Grade 1,1,Walking,4,School too far away,_missing_,12,11,20,7,60, , , 
12,2,7,112075,Grade 7,Grade 1,1,Walking,5,School too far away,_missing_,7,6,20,5,90, , , 
12,2,8,112077,Grade 5,Grade 1,1,Walking,3,School too far away,_missing_,9,8,3,5,30, , , 
12,2,8,112077,Grade 5,Grade 1,1,Walking,4,School too far away,_missing_,6,5,25,5,120, , , 
12,2,8,112081,Grade 4,Grade 1,1,Walking,4,School too far away,_missing_,13,12,16,6,50, , , 
12,2,8,112081,Grade 4,Grade 1,1,Walking,5,School too far away,_missing_,8,7,16,6,50, , , 
12,2,8,112083,Grade 2,Grade 1,1,Walking,3,School too far away,_missing_,13,12,1,1,15, , , 
12,1,8,112084,Grade 8,Grade 1,1,Walking,4,House keeping / Family business,_missing_, , , , , , ,6,2018
12,2,8,112086,Grade 6,Grade 1,1,Walking,3,School too far away,_missing_,8,7,0,1,5, , , 
12,2,8,112086,Grade 6,Grade 1,1,Walking,4,School too far away,_missing_,5,4,0,1,5, , , 
12,2,8,112086,Grade 10,Grade 1,1,Walking,3,School too far away,_missing_,11,10,0,1,10, , , 
12,2,8,112087,Grade 4,Grade 1,1,Walking,3,House keeping / Family business,_missing_, , , , , , ,4,2018
12,2,8,112087,Grade 4,Grade 1,1,Walking,4,School too far away,_missing_,9,8,4,6,15, , , 
12,2,8,112087,Grade 8,Grade 1,1,Walking,5,House keeping / Family business,_missing_, , , , , , ,6,2015
12,2,4,112088,Grade 5,Grade 1,1,Walking,2,House keeping / Family business,_missing_, , , , , , ,7, 
12,1,1,112090,Grade 4,Grade 1,1,Walking,3,School too far away,_missing_,13,12,1,1,5, , , 
12,1,1,112090,Grade 4,Grade 1,1,Walking,4,School too far away,_missing_,8,7,3,3,20, , , 
12,2,4,112092,Grade 5,Grade 1,1,Walking,5,School too far away,_missing_,12,11,8,6,40, , , 
12,2,9,112094,Grade 3,Grade 1,1,Walking,3,School too far away,_missing_,10,9,4,5,20, , , 
12,2,9,112094,Grade 3,Grade 1,1,Walking,4,School too far away,_missing_,6,5,4,5,20, , , 
12,2,4,112095,Grade 3,Grade 1,1,Walking,4,School too far away,_missing_,7,6,2,3,15, , , 
12,2,4,112095,Grade 3,Grade 1,1,Walking,5,School too far away,_missing_,4,3,2,3,15, , , 
12,2,4,112095,Grade 8,Grade 1,1,Walking,3,School too far away,_missing_,10,9,3,6,30, , , 
12,2,9,112096,Grade 7,Grade 1,1,Walking,4,Financial problems,_missing_, , , , , ,7, , 
12,2,9,112097,Grade 4,Grade 1,1,Walking,3,School too far away,_missing_,12,11,10,6,20, , , 
12,2,9,112097,Grade 4,Grade 1,1,Walking,4,School too far away,_missing_,3,2,13,5,15, , , 
12,2,9,112097,Grade 9,Grade 1,1,Walking,4,School too far away,_missing_,7,6,0,1,10, , , 
12,2,4,112098,Grade 4,Grade 1,1,Walking,3,School too far away,_missing_,5,4,1,3,5, , , 
12,2,4,112098,Grade 4,Grade 1,1,Walking,4,Financial problems,_missing_, , , , , ,7, , 
12,2,4,112098,Grade 10,Grade 1,1,Walking,3,School too far away,_missing_,8,7,2,3,20, , , 
12,2,4,112098,Grade 10,Grade 1,1,Walking,4,School too far away,_missing_,1,19,3,3,20, , , 
12,2,9,112099,Grade 6,Grade 2,1,Walking,3,Financial problems,_missing_, , , , , ,7, , 
12,2,1,112100,Grade 3,Grade 1,1,Walking,5,School too far away,_missing_,1,19,0,3,5, , , 
12,2,5,112102,Grade 4,Grade 1,1,Walking,5,House keeping / Family business,_missing_, , , , , , ,7, 
12,2,5,112102,Grade 4,Grade 1,1,Walking,6,School too far away,_missing_,11,10,1,1,10, , , 
12,2,5,112102,Grade 9,Grade 1,1,Walking,4,School too far away,_missing_,12,11,10,5,20, , , 
12,2,9,112103,Grade 3,Grade 1,1,Walking,3,School too far away,_missing_,13,12,4,6,20, , , 
12,2,9,112103,Grade 3,Grade 1,1,Walking,4,School too far away,_missing_,11,10,4,6,20, , , 
12,2,9,112103,Grade 3,Grade 1,1,Walking,5,School too far away,_missing_,8,7,4,6,20, , , 
12,2,1,112104,Grade 6,Grade 1,1,Walking,4,School too far away,_missing_,13,12,20,4,45, , , 
12,2,1,112104,Grade 6,Grade 1,1,Walking,5,School too far away,_missing_,9,8,20,4,45, , , 
12,2,1,112104,Grade 10,Grade 1,1,Walking,4,House keeping / Family business,_missing_, , , , , , ,8,2018
12,2,9,112105,Grade 5,Grade 1,1,Walking,5,House keeping / Family business,_missing_, , , , , , ,6,2017
12,2,9,112105,Grade 5,Grade 1,1,Walking,6,School too far away,_missing_,7,6,0,3,10, , , 
12,2,5,112106,Grade 2,Grade 1,1,Walking,4,House keeping / Family business,_missing_, , , , , , ,6,2018
12,2,5,112106,Grade 6,Grade 1,1,Walking,3,House keeping / Family business,_missing_, , , , , , ,6,2018
12,2,5,112106,Grade 6,Grade 1,1,Walking,4,School too far away,_missing_,7,6,1,5,10, , , 
12,2,10,112107,Grade 4,Grade 1,1,Walking,4,School too far away,_missing_,12,11,20,5,45, , , 
12,2,10,112107,Grade 8,Grade 1,1,Walking,3,School too far away,_missing_,4,3,5,5,20, , , 
12,2,10,112107,Grade 8,Grade 1,1,Walking,4,School too far away,_missing_,2,1,5,5,20, , , 
12,2,9,112109,Grade 3,Grade 1,1,Walking,3,House keeping / Family business,_missing_, , , , , , ,8,2018
12,2,10,112111,Grade 4,Grade 1,1,Walking,4,School too far away,_missing_,12,11,4,6,25, , , 
12,2,2,112112,Grade 5,Grade 1,1,Walking,5,School too far away,_missing_,12,11,20,6,75, , , 
12,2,2,112112,Grade 9,Grade 1,1,Walking,4,School too far away,_missing_,5,2,4,3,15, , , 
12,1,10,112113,Grade 7,Grade 1,1,Walking,4,House keeping / Family business,_missing_, , , , , , ,9,2018
12,2,5,112114,Grade 4,Grade 1,1,Walking,4,School too far away,_missing_,11,10,10,5,20, , , 
12,2,5,112114,Grade 4,Grade 1,1,Walking,5,School too far away,_missing_,5,4,1,5,10, , , 
12,1,10,112115,Grade 5,Grade 1,1,Walking,4,School too far away,_missing_,12,11,2,6,10, , , 
12,2,2,112116,Grade 5,Grade 1,1,Walking,3,School too far away,_missing_,1,19,6,5,60, , , 
12,2,2,112116,Grade 9,Grade 1,1,Walking,3,School too far away,_missing_,6,5,2,1,20, , , 
12,2,2,112116,Grade 9,Grade 1,1,Walking,4,School too far away,_missing_,1,19,2,1,20, , , 
12,2,10,112117,Grade 9,Grade 1,1,Walking,3,School too far away,_missing_,10,9,1,1,35, , , 
12,2,10,112121,Grade 1,Grade 1,1,Walking,3,Financial problems,_missing_, , , , , ,7, , 
12,2,6,112122,Grade 9,Grade 1,1,Walking,5,School too far away,_missing_,4,3,5,5,40, , , 
12,2,10,112123,Grade 6,Grade 1,1,Walking,2,School too far away,_missing_,2,1,3,3,10, , , 
12,2,6,112125,Grade 3,Grade 1,1,Walking,2,House keeping / Family business,_missing_, , , , , , ,2,2019
12,2,6,112125,Grade 3,Grade 1,1,Walking,3,School too far away,_missing_,10,9,8,6,20, , , 
12,2,6,112125,Grade 7,Grade 1,1,Walking,3,School too far away,_missing_,2,1,3,5,20, , , 
12,2,10,112128,Grade 9,Grade 1,1,Walking,4,School too far away,_missing_,5,4,0,1,10, , , 
12,2,10,112128,Grade 9,Grade 1,1,Walking,5,School too far away,_missing_,2,1,0,1,10, , , 
12,2,6,112129,Grade 4,Grade 1,1,Walking,4,School too far away,_missing_,12,11,2,1,30, , , 
12,2,6,112129,Grade 4,Grade 1,1,Walking,5,School too far away,_missing_,10,9,2,1,30, , , 
12,2,6,112129,Grade 8,Grade 1,1,Walking,4,House keeping / Family business,_missing_, , , , , , ,8,2017
12,2,11,112130,Grade 4,Grade 1,1,Walking,3,School too far away,_missing_,2,1,5,3,10, , , 
12,2,3,112131,Grade 1,Grade 1,1,Walking,2,School too far away,_missing_,13,12,4,6,10, , , 
12,2,3,112131,Grade 1,Grade 1,1,Walking,3,School too far away,_missing_,11,10,0,1,5, , , 
12,2,3,112131,Grade 8,Grade 1,1,Walking,5,School too far away,_missing_,1,19,10,5,20, , , 
12,2,11,112132,Grade 9,Grade 1,1,Walking,3,School too far away,_missing_,10,9,5,5,35, , , 
12,2,11,112132,Grade 9,Grade 1,1,Walking,4,School too far away,_missing_,9,8,5,5,35, , , 
12,1,11,112134,Grade 2,Grade 1,1,Walking,3,School too far away,_missing_,3,2,4,5,40, , , 
12,1,11,112134,Grade 9,Grade 1,1,Walking,6,School too far away,_missing_,7,6,6,5,25, , , 
12,1,11,112134,Grade 9,Grade 1,1,Walking,7,School too far away,_missing_,1,19,2,5,10, , , 
12,2,3,112135,Grade 1,Grade 1,1,Walking,3,School too far away,_missing_,5,4,1,3,45, , , 
12,2,3,112135,Grade 1,Grade 1,1,Walking,4,School too far away,_missing_,1,19,1,3,15, , , 
12,2,3,112135,Grade 6,Grade 1,1,Walking,3,School too far away,_missing_,11,10,1,1,15, , , 
12,2,3,112135,Grade 6,Grade 1,1,Walking,4,School too far away,_missing_,7,6,1,1,15, , , 
12,2,3,112135,Grade 10,Grade 1,1,Walking,4,School too far away,_missing_,7,6,5,5,45, , , 
12,2,6,112137,Grade 1,Grade 1,1,Walking,3,School too far away,_missing_,8,7,0,1,2, , , 
12,2,6,112137,Grade 7,Grade 1,1,Walking,5,School too far away,_missing_,2,1,0,3,5, , , 
12,2,11,112138,Grade 2,Grade 1,1,Walking,4,School too far away,_missing_,10,9,4,5,20, , , 
12,2,3,112139,Grade 6,Grade 1,1,Walking,3,School too far away,_missing_,13,12,5,6,20, , , 
12,2,3,112139,Grade 6,Grade 1,1,Walking,4,School too far away,_missing_,7,6,3,3,10, , , 
12,2,3,112139,Grade 10,Grade 1,1,Walking,3,School too far away,_missing_,3,2,3,3,10, , , 
12,1,11,112140,Grade 4,Grade 1,1,Walking,2,House keeping / Family business,_missing_, , , , , , ,99,2018
12,2,7,112141,Grade 5,Grade 1,1,Walking,3,School too far away,_missing_,2,1,1,1,10, , , 
12,2,7,112141,Grade 5,Grade 1,1,Walking,4,School too far away,_missing_,1,19,1,1,10, , , 
12,2,11,112142,Grade 2,Grade 1,1,Walking,3,School too far away,_missing_,2,1,4,3,10, , , 
12,2,11,112142,Grade 2,Grade 1,1,Walking,8,House keeping / Family business,_missing_, , , , , , ,6,2018
12,2,11,112142,Grade 9,Grade 1,1,Walking,3,School too far away,_missing_,13,12,20,6,30, , , 
12,2,11,112142,Grade 9,Grade 1,1,Walking,4,School too far away,_missing_,9,8,12,5,30, , , 
12,2,3,112143,Grade 9,Grade 1,1,Walking,4,House keeping / Family business,_missing_, , , , , , ,8,2018
12,2,7,112145,Grade 1,Grade 1,1,Walking,4,School too far away,_missing_,11,10,3,3,25, , , 
12,2,7,112145,Grade 8,Grade 1,1,Walking,3,School too far away,_missing_,13,12,6,6,45, , , 
12,2,7,112145,Grade 8,Grade 1,1,Walking,4,School too far away,_missing_,8,7,2,5,20, , , 
12,2,12,112146,Grade 6,Grade 1,1,Walking,3,School too far away,_missing_,7,6,10,5,30, , , 
12,1,4,112147,Grade 9,Grade 1,1,Walking,5,School too far away,_missing_,1,19,3,3,10, , , 
12,1,11,112148,Grade 4,Grade 1,1,Walking,3,Financial problems,_missing_, , , , , ,7, , 
12,2,7,112149,Grade 6,Grade 1,1,Walking,3,School too far away,_missing_,14,14,5,3,30, , , 
12,2,7,112149,Grade 6,Grade 1,1,Walking,4,School too far away,_missing_,8,7,5,6,30, , , 
12,2,7,112149,Grade 6,Grade 1,1,Walking,5,School too far away,_missing_,3,2,3,3,15, , , 
12,2,7,112149,Grade 6,Grade 1,1,Walking,6,School too far away,_missing_,10,9,8,2,30, , , 
12,2,12,112150,Grade 5,Grade 1,1,Walking,3,School too far away,_missing_,11,10,1,1,10, , , 
12,2,12,112150,Grade 5,Grade 1,1,Walking,4,School too far away,_missing_,8,7,1,1,10, , , 
12,2,12,112150,Grade 5,Grade 1,1,Walking,5,Financial problems,_missing_, , , , , ,7, , 
12,2,4,112151,Grade 4,Grade 1,1,Walking,3,House keeping / Family business,_missing_, , , , , , ,7, 
12,2,4,112151,Grade 4,Grade 1,1,Walking,4,School too far away,_missing_,8,7,0,1,10, , , 
12,2,4,112151,Grade 9,Grade 1,1,Walking,3,School too far away,_missing_,12,11,1,1,15, , , 
12,2,12,112152,Grade 4,Grade 1,1,Walking,2,School too far away,_missing_,5,4,1,1,15, , , 
12,2,12,112154,Grade 2,Grade 1,1,Walking,4,School too far away,_missing_,12,11,8,7,45, , , 
12,2,12,112154,Grade 2,Grade 1,1,Walking,5,School too far away,_missing_,10,9,0,1,5, , , 
12,2,12,112154,Grade 7,Grade 1,1,Walking,3,School too far away,_missing_,8,7,2,5,20, , , 
12,2,12,112154,Grade 7,Grade 1,1,Walking,4,School too far away,_missing_,3,2,2,5,20, , , 
12,2,12,112154,Grade 7,Grade 1,1,Walking,5,School too far away,_missing_,1,19,2,5,20, , , 
12,2,4,112155,Grade 4,Grade 1,1,Walking,3,House keeping / Family business,_missing_, , , , , , ,8,2018
12,2,4,112155,Grade 4,Grade 1,1,Walking,4,School too far away,_missing_,11,10,8,5,30, , , 
12,2,4,112155,Grade 4,Grade 1,1,Walking,5,School too far away,_missing_,3,2,8,5,30, , , 
12,2,12,112156,Grade 2,Grade 1,1,Walking,5,School too far away,_missing_,2,1,15,5,30, , , 
12,2,7,112157,Grade 2,Grade 1,1,Walking,3,Financial problems,_missing_, , , , , ,7, , 
12,2,7,112157,Grade 6,Grade 1,1,Walking,3,School too far away,_missing_,12,11,10,5,60, , , 
12,2,12,112158,Grade 4,Grade 1,1,Walking,5,House keeping / Family business,_missing_, , , , , , ,7,2018
12,2,12,112159,Grade 1,Grade 1,1,Walking,4,School too far away,_missing_,9,8,1,3,5, , , 
12,2,12,112159,Grade 1,Grade 1,1,Walking,5,School too far away,_missing_,5,4,1,3,5, , , 
12,2,12,112161,Grade 5,Grade 1,1,Walking,3,School too far away,_missing_,7,6,2,6,20, , , 
12,2,12,112161,Grade 5,Grade 1,1,Walking,4,Financial problems,_missing_, , , , , ,7, , 
12,2,12,112161,Grade 10,Grade 1,1,Walking,4,School too far away,_missing_,5,4,5,2,20, , , 
12,2,4,112162,Grade 5,Grade 1,1,Walking,3,School too far away,_missing_,12,11,3,5,20, , , 
12,2,4,112162,Grade 5,Grade 1,1,Walking,4,School too far away,_missing_,9,8,2,5,15, , , 
12,2,12,112163,Grade 2,Grade 1,1,Walking,3,School too far away,_missing_,3,2,0,1,10, , , 
12,2,12,112163,Grade 7,Grade 1,1,Walking,3,School too far away,_missing_,9,8,0,1,10, , , 
12,2,8,112164,Grade 5,Grade 1,1,Walking,3,School too far away,_missing_,11,10,0,1,10, , , 
12,2,8,112164,Grade 5,Grade 1,1,Walking,4,School too far away,_missing_,2,1,1,3,20, , , 
12,2,5,112165,Grade 2,Grade 1,1,Walking,3,School too far away,_missing_,8,7,1,6,15, , , 
12,2,5,112165,Grade 6,Grade 1,1,Walking,2,School too far away,_missing_,8,7,6,3,10, , , 
12,2,12,112166,Grade 1,Grade 1,1,Walking,2,School too far away,_missing_,3,2,1,3,5, , , 
12,2,12,112166,Grade 7,Grade 1,1,Walking,4,School too far away,_missing_,13,12,1,1,10, , , 
12,2,8,112167,Grade 2,Grade 1,1,Walking,4,School too far away,_missing_,9,8,2,5,15, , , 
12,2,5,112168,Grade 1,Grade 1,1,Walking,3,School too far away,_missing_,5,4,1,1,25, , , 
12,2,5,112168,Grade 1,Grade 1,1,Walking,4,School too far away,_missing_,3,2,1,1,25, , , 
12,2,5,112168,Grade 10,Grade 1,1,Walking,3,School too far away,_missing_,11,10,5,5,30, , , 
12,2,5,112168,Grade 10,Grade 1,1,Walking,4,School too far away,_missing_,6,5,2,3,20, , , 
12,1,5,112170,Grade 8,Grade 1,1,Walking,3,School too far away,_missing_,11,10,1,3,5, , , 
12,1,5,112170,Grade 8,Grade 1,1,Walking,4,School too far away,_missing_,10,9,1,3,5, , , 
12,1,5,112170,Grade 8,Grade 1,1,Walking,5,School too far away,_missing_,1,19,1,3,5, , , 
12,2,8,112171,Grade 2,Grade 1,1,Walking,4,School too far away,_missing_,13,12,8,6,60, , , 
12,2,8,112171,Grade 7,Grade 1,1,Walking,3,House keeping / Family business,_missing_, , , , , , ,9,2018
12,2,5,112172,Grade 2,Grade 1,1,Walking,4,School too far away,_missing_,7,6,4,5,40, , , 
12,1,9,112173,Grade 7,Grade 1,1,Walking,3,School too far away,_missing_,6,5,4,5,40, , , 
12,1,5,112174,Grade 3,Grade 1,1,Walking,3,School too far away,_missing_,9,8,0,1,5, , , 
12,1,5,112174,Grade 3,Grade 1,1,Walking,4,School too far away,_missing_,5,4,0,1,5, , , 
12,2,6,112176,Grade 7,Grade 1,1,Walking,3,House keeping / Family business,_missing_, , , , , , ,8,2018
12,2,6,112176,Grade 7,Grade 1,1,Walking,4,School too far away,_missing_,11,10,6,6,30, , , 
12,2,9,112177,Grade 7,Grade 1,1,Walking,3,School too far away,_missing_,6,5,2,6,15, , , 
12,2,9,112177,Grade 7,Grade 1,1,Walking,4,School too far away,_missing_,2,1,2,6,15, , , 
12,2,6,112178,Grade 3,Grade 1,1,Walking,3,School too far away,_missing_,12,11,5,6,45, , , 
12,2,6,112178,Grade 3,Grade 1,1,Walking,4,School too far away,_missing_,5,4,2,5,20, , , 
12,2,9,112179,Grade 1,Grade 1,1,Walking,3,School too far away,_missing_,4,3,3,5,40, , , 
12,2,9,112179,Grade 9,Grade 1,1,Walking,3,School too far away,_missing_,11,10,2,5,15, , , 
12,2,6,112180,Grade 4,Grade 1,1,Walking,6,School too far away,_missing_,12,11,4,6,30, , , 
12,2,6,112180,Grade 4,Grade 1,1,Walking,8,School too far away,_missing_,7,6,1,6,30, , , 
12,2,9,112181,Grade 3,Grade 1,1,Walking,5,School too far away,_missing_,11,10,3,6,10, , , 
12,2,9,112181,Grade 3,Grade 1,1,Walking,6,School too far away,_missing_,13,12,3,6,10, , , 
12,2,9,112181,Grade 7,Grade 1,1,Walking,3,School too far away,_missing_,1,19,1,3,5, , , 
12,2,6,112182,Grade 10,Grade 1,1,Walking,3,School too far away,_missing_,8,7,8,6,25, , , 
12,2,10,112183,Grade 6,Grade 1,1,Walking,3,School too far away,_missing_,13,12,8,5,60, , , 
12,2,10,112183,Grade 6,Grade 1,1,Walking,4,School too far away,_missing_,7,6,8,5,60, , , 
12,2,10,112183,Grade 10,Grade 1,1,Walking,3,School too far away,_missing_,10,9,5,3,20, , , 
12,2,10,112183,Grade 10,Grade 1,1,Walking,4,School too far away,_missing_,8,7,5,3,20, , , 
12,2,10,112183,Grade 10,Grade 1,1,Walking,5,School too far away,_missing_,1,19,5,3,20, , , 
12,2,6,112184,Grade 5,Grade 1,1,Walking,3,School too far away,_missing_,11,10,7,5,45, , , 
12,2,6,112184,Grade 5,Grade 1,1,Walking,4,School too far away,_missing_,7,6,8,5,90, , , 
12,2,6,112184,Grade 5,Grade 1,1,Walking,5,School too far away,_missing_,4,3,7,5,90, , , 
12,1,7,112186,Grade 4,Grade 1,1,Walking,3,School too far away,_missing_,7,6,0,3,10, , , 
12,1,7,112186,Grade 4,Grade 1,1,Walking,4,School too far away,_missing_,3,2,0,3,10, , , 
12,1,7,112186,Grade 4,Grade 1,1,Walking,5,School too far away,_missing_,1,19,0,3,10, , , 
12,2,10,112187,Grade 1,Grade 1,1,Walking,4,School too far away,_missing_,11,10,4,6,45, , , 
12,2,7,112188,Grade 2,Grade 1,1,Walking,4,School too far away,_missing_,13,12,10,5,45, , , 
12,2,7,112188,Grade 7,Grade 1,1,Walking,3,House keeping / Family business,_missing_, , , , , , ,8,2018
12,2,7,112188,Grade 7,Grade 1,1,Walking,4,House keeping / Family business,_missing_, , , , , , ,8,2018
12,2,10,112189,Grade 2,Grade 1,1,Walking,3,School too far away,_missing_,5,4,0,1,10, , , 
12,2,10,112189,Grade 2,Grade 1,1,Walking,4,School too far away,_missing_,1,19,0,1,10, , , 
12,2,10,112189,Grade 6,Grade 1,1,Walking,4,House keeping / Family business,_missing_, , , , , , ,6,2017
12,2,7,112190,Grade 10,Grade 1,1,Walking,3,School too far away,_missing_,4,3,4,3,30, , , 
12,2,10,112191,Grade 6,Grade 1,1,Walking,3,School too far away,_missing_,12,11,2,3,10, , , 
12,2,7,112192,Grade 3,Grade 1,1,Walking,3,School too far away,_missing_,13,12,8,7,20, , , 
12,2,7,112192,Grade 3,Grade 1,1,Walking,4,School too far away,_missing_,11,10,34,5,70, , , 
12,2,7,112192,Grade 10,Grade 1,1,Walking,5,School too far away,_missing_,9,8,1,5,10, , , 
12,2,7,112192,Grade 10,Grade 1,1,Walking,6,School too far away,_missing_,4,3,1,5,10, , , 
12,1,8,112196,Grade 1,Grade 1,1,Walking,3,School too far away,_missing_,2,1,2,6,15, , , 
12,1,8,112196,Grade 7,Grade 1,1,Walking,5,School too far away,_missing_,2,1,6,3,15, , , 
12,2,11,112197,Grade 1,Grade 1,1,Walking,3,School too far away,_missing_,8,7,5,4,20, , , 
12,2,11,112197,Grade 1,Grade 1,1,Walking,4,School too far away,_missing_,5,4,5,4,20, , , 
12,2,11,112197,Grade 8,Grade 1,1,Walking,3,School too far away,_missing_,1,19,0,1,2, , , 
12,2,8,112200,Grade 2,Grade 1,1,Walking,5,School too far away,_missing_,4,3,2,3,30, , , 
12,2,8,112200,Grade 6,Grade 1,1,Walking,4,School too far away,_missing_,9,8,2,3,15, , , 
12,2,11,112201,Grade 1,Grade 1,1,Walking,4,School too far away,_missing_,10,9,1,1,15, , , 
12,2,11,112201,Grade 1,Grade 1,1,Walking,5,School too far away,_missing_,10,9,1,1,15, , , 
12,2,11,112201,Grade 1,Grade 1,1,Walking,6,School too far away,_missing_,9,8,1,1,15, , , 
12,2,11,112201,Grade 1,Grade 1,1,Walking,7,School too far away,_missing_,2,1,1,1,15, , , 
12,2,11,112201,Grade 6,Grade 1,1,Walking,3,School too far away,_missing_,12,11,6,6,90, , , 
12,2,11,112201,Grade 6,Grade 1,1,Walking,4,School too far away,_missing_,11,10,6,5,60, , , 
12,2,11,112201,Grade 6,Grade 1,1,Walking,5,School too far away,_missing_,1,19,6,5,60, , , 
12,2,8,112202,Grade 2,Grade 1,1,Walking,4,School too far away,_missing_,12,11,3,6,10, , , 
12,2,8,112203,Grade 3,Grade 1,1,Walking,4,School too far away,_missing_,13,12,8,6,45, , , 
12,2,8,112203,Grade 3,Grade 1,1,Walking,5,School too far away,_missing_,12,11,8,6,45, , , 
12,1,9,112204,Grade 3,Grade 1,1,Walking,3,School too far away,_missing_,12,11,2,1,25, , , 
12,1,9,112204,Grade 3,Grade 1,1,Walking,4,School too far away,_missing_,11,10,2,1,25, , , 
12,1,9,112204,Grade 3,Grade 1,1,Walking,5,Financial problems,_missing_, , , , , ,7, , 
12,1,9,112204,Grade 7,Grade 1,1,Walking,3,School too far away,_missing_,9,8,2,2,10, , , 
12,2,12,112205,Grade 5,Grade 1,1,Walking,4,House keeping / Family business,_missing_, , , , , , ,6,2009
12,2,9,112206,Grade 4,Grade 1,1,Walking,3,House keeping / Family business,_missing_, , , , , , ,7, 
12,2,9,112206,Grade 4,Grade 1,1,Walking,4,School too far away,_missing_,10,9,5,6,20, , , 
12,2,9,112206,Grade 8,Grade 1,1,Walking,2,School too far away,_missing_,6,5,5,5,45, , , 
12,2,12,112207,Grade 3,Grade 1,1,Walking,5,School too far away,_missing_,2,1,3,5,15, , , 
12,2,12,112208,Grade 4,Grade 1,1,Walking,4,School too far away,_missing_,2,1,0,2,10, , , 
12,2,12,112208,Grade 8,Grade 1,1,Walking,4,School too far away,_missing_,13,12,0,1,10, , , 
12,2,9,112209,Grade 7,Grade 1,1,Walking,3,School too far away,_missing_,11,10,0,1,10, , , 
12,2,9,112209,Grade 7,Grade 1,1,Walking,4,School too far away,_missing_,5,4,0,1,10, , , 
12,2,9,112210,Grade 10,Grade 1,1,Walking,5,School too far away,_missing_,9,8,0,5,3, , , 
12,2,9,112210,Grade 10,Grade 1,1,Walking,6,School too far away,_missing_,2,1,0,3,3, , , 
12,2,10,112212,Grade 4,Grade 1,1,Walking,4,School too far away,_missing_,13,12,3,6,20, , , 
12,2,10,112212,Grade 4,Grade 1,1,Walking,5,School too far away,_missing_,6,5,3,6,20, , , 
12,2,10,112212,Grade 9,Grade 1,1,Walking,4,School too far away,_missing_,10,9,15,5,30, , , 
12,2,10,112214,Grade 10,Grade 1,1,Walking,4,School too far away,_missing_,13,12,6,6,15, , , 
12,2,10,112215,Grade 6,Grade 1,1,Walking,5,House keeping / Family business,_missing_, , , , , , ,8,2018
12,1,11,112216,Grade 4,Grade 1,1,Walking,3,School too far away,_missing_,10,9,0,1,10, , , 
12,1,11,112216,Grade 8,Grade 1,1,Walking,3,School too far away,_missing_,12,11,0,1,10, , , 
12,1,11,112216,Grade 8,Grade 1,1,Walking,4,School too far away,_missing_,11,10,0,1,10, , , 
12,2,12,112221,Grade 4,Grade 1,1,Walking,3,School too far away,_missing_,13,12,1,1,30, , , 
12,2,12,112221,Grade 4,Grade 1,1,Walking,4,House keeping / Family business,_missing_, , , , , , ,6,2018
12,2,12,112222,Grade 2,Grade 1,1,Walking,3,School too far away,_missing_,6,5,2,3,15, , , 
12,2,12,112222,Grade 2,Grade 1,1,Walking,4,School too far away,_missing_,5,4,3,6,30, , , 
12,2,12,112222,Grade 2,Grade 1,1,Walking,5,Financial problems,_missing_, , , , , ,7, , 
12,2,12,112222,Grade 6,Grade 1,1,Walking,3,House keeping / Family business,_missing_, , , , , , ,6,2019
12,2,12,112224,Grade 1,Grade 1,1,Walking,3,School too far away,_missing_,8,7,0,1,15, , , 
12,2,12,112224,Grade 1,Grade 1,1,Walking,4,School too far away,_missing_,3,2,0,1,15, , , 
12,2,12,112224,Grade 1,Grade 1,1,Walking,5,School too far away,_missing_,9,8,0,1,15, , , 
12,2,12,112224,Grade 7,Grade 1,1,Walking,4,School too far away,_missing_,11,10,0,3,5, , , 
13,2,1,113001,Grade 4,Grade 1,1,Walking,2,School too far away,_missing_,7,6,5,5,30, , , 
13,2,1,113001,Grade 4,Grade 1,1,Walking,3,School too far away,_missing_,3,2,5,5,30, , , 
13,2,1,113003,Grade 4,Grade 1,1,Walking,3,House keeping / Family business,_missing_, , , , , , ,8,2017
13,2,1,113003,Grade 4,Grade 1,1,Walking,4,School too far away,_missing_,10,9,28,7,90, , , 
13,2,1,113004,Grade 1,Grade 1,1,Walking,3,House keeping / Family business,_missing_, , , , , , ,8,2018
13,2,1,113004,Grade 1,Grade 1,1,Walking,4,House keeping / Family business,_missing_, , , , , , ,7,2018
13,2,1,113005,Grade 4,Grade 1,1,Walking,6,School too far away,_missing_,4,3,2,5,10, , , 
13,2,1,113005,Grade 10,Grade 1,1,Walking,3,School too far away,_missing_,2,1,2,5,10, , , 
13,2,1,113007,Grade 7,Grade 1,1,Walking,3,School too far away,_missing_,3,2,1,3,5, , , 
13,2,2,113008,Grade 3,Grade 1,1,Walking,3,House keeping / Family business,_missing_, , , , , , ,7, 
13,2,2,113008,Grade 3,Grade 1,1,Walking,4,School too far away,_missing_,7,6,5,5,40, , , 
13,2,2,113008,Grade 3,Grade 1,1,Walking,5,School too far away,_missing_,3,2,1,1,15, , , 
13,2,2,113008,Grade 8,Grade 1,1,Walking,3,House keeping / Family business,_missing_, , , , , , ,8,2018
13,2,2,113008,Grade 8,Grade 1,1,Walking,4,School too far away,_missing_,11,10,7,6,45, , , 
13,2,2,113009,Grade 2,Grade 1,1,Walking,4,School too far away,_missing_,9,8,2,3,20, , , 
13,2,2,113010,Grade 5,Grade 1,1,Walking,3,House keeping / Family business,_missing_, , , , , , ,9,2018
13,2,2,113010,Grade 5,Grade 1,1,Walking,4,House keeping / Family business,_missing_, , , , , , ,2,2018
13,2,2,113013,Grade 3,Grade 1,1,Walking,3,School too far away,_missing_,11,10,3,3,12, , , 
13,2,2,113013,Grade 3,Grade 1,1,Walking,4,School too far away,_missing_,6,5,3,3,14, , , 
13,2,2,113013,Grade 9,Grade 1,1,Walking,5,School too far away,_missing_,1,19,2,3,10, , , 
13,2,3,113014,Grade 8,Grade 1,1,Walking,3,School too far away,_missing_,13,12,2,2,10, , , 
13,2,3,113014,Grade 8,Grade 1,1,Walking,4,School too far away,_missing_,3,2,0,1,5, , , 
13,2,3,113017,Grade 8,Grade 1,1,Walking,4,School too far away,_missing_,1,19,1,1,15, , , 
13,2,3,113018,Grade 5,Grade 1,1,Walking,3,School too far away,_missing_,13,12,7,6,20, , , 
13,2,3,113018,Grade 5,Grade 1,1,Walking,4,School too far away,_missing_,9,8,7,6,20, , , 
13,2,4,113020,Grade 4,Grade 1,1,Walking,3,School too far away,_missing_,6,5,6,5,20, , , 
13,2,3,113021,Grade 4,Grade 1,1,Walking,3,House keeping / Family business,_missing_, , , , , , ,7, 
13,2,3,113021,Grade 4,Grade 1,1,Walking,4,School too far away,_missing_,8,6,7,5,25, , , 
13,2,3,113021,Grade 4,Grade 1,1,Walking,5,School too far away,_missing_,4,2,3,5,25, , , 
13,2,3,113021,Grade 10,Grade 1,1,Walking,3,School too far away,_missing_,12,11,2,2,15, , , 
13,2,3,113021,Grade 10,Grade 1,1,Walking,4,School too far away,_missing_,7,6,2,6,25, , , 
13,2,3,113021,Grade 10,Grade 1,1,Walking,5,School too far away,_missing_,3,2,2,6,25, , , 
13,1,4,113022,Grade 1,Grade 1,1,Walking,4,School too far away,_missing_,12,11,1,1,15, , , 
13,1,4,113022,Grade 1,Grade 1,1,Walking,5,School too far away,_missing_,10,9,1,1,15, , , 
13,1,4,113022,Grade 1,Grade 1,1,Walking,6,School too far away,_missing_,8,7,1,1,15, , , 
13,1,4,113022,Grade 1,Grade 1,1,Walking,7,School too far away,_missing_,4,3,1,1,15, , , 
13,1,4,113022,Grade 6,Grade 1,1,Walking,4,School too far away,_missing_,3,2,1,3,5, , , 
13,2,4,113024,Grade 1,Grade 1,1,Walking,5,School too far away,_missing_,13,12,15,6,90, , , 
13,2,4,113024,Grade 5,Grade 1,1,Walking,3,School too far away,_missing_,2,1,3,3,15, , , 
13,2,5,113026,Grade 8,Grade 1,1,Walking,5,School too far away,_missing_,5,4,2,3,10, , , 
13,2,5,113026,Grade 8,Grade 1,1,Walking,6,School too far away,_missing_,2,1,2,3,10, , , 
13,2,4,113027,Grade 5,Grade 1,1,Walking,3,School too far away,_missing_,13,12,23,6,60, , , 
13,2,4,113027,Grade 5,Grade 1,1,Walking,4,School too far away,_missing_,10,9,0,1,10, , , 
13,2,4,113027,Grade 10,Grade 1,1,Walking,3,School too far away,_missing_,4,3,0,2,10, , , 
13,2,5,113029,Grade 3,Grade 1,1,Walking,3,School too far away,_missing_,5,4,1,5,30, , , 
13,2,5,113029,Grade 3,Grade 1,1,Walking,4,School too far away,_missing_,3,2,1,5,30, , , 
13,2,5,113029,Grade 9,Grade 1,1,Walking,5,School too far away,_missing_,3,2,3,5,35, , , 
13,2,5,113029,Grade 9,Grade 1,1,Walking,6,School too far away,_missing_,2,1,3,5,35, , , 
13,2,5,113030,Grade 4,Grade 1,1,Walking,6,School too far away,_missing_,12,11,0,1,15, , , 
13,2,5,113031,Grade 7,Grade 1,1,Walking,4,School too far away,_missing_,1,19,5,3,20, , , 
13,2,5,113032,Grade 4,Grade 1,1,Walking,3,House keeping / Family business,_missing_, , , , , , ,6,2015
13,2,5,113032,Grade 4,Grade 1,1,Walking,4,House keeping / Family business,_missing_, , , , , , ,5,2015
13,2,6,113033,Grade 1,Grade 1,1,Walking,3,School too far away,_missing_,3,2,14,5,45, , , 
13,2,6,113033,Grade 5,Grade 1,1,Walking,3,School too far away,_missing_,6,5,0,1,5, , , 
13,2,6,113033,Grade 5,Grade 1,1,Walking,4,School too far away,_missing_,4,3,0,1,5, , , 
13,2,5,113034,Grade 8,Grade 1,1,Walking,3,School too far away,_missing_,13,12,0,1,10, , , 
13,1,6,113035,Grade 3,Grade 1,1,Walking,3,School too far away,_missing_,12,11,0,1,10, , , 
13,1,6,113035,Grade 3,Grade 1,1,Walking,4,School too far away,_missing_,11,10,0,1,10, , , 
13,1,6,113035,Grade 3,Grade 1,1,Walking,5,School too far away,_missing_,9,8,0,1,10, , , 
13,1,6,113035,Grade 3,Grade 1,1,Walking,6,School too far away,_missing_,1,19,0,1,10, , , 
13,2,6,113036,Grade 10,Grade 1,1,Walking,4,School too far away,_missing_,10,9,7,6,25, , , 
13,3,6,113037,Grade 8,Grade 1,1,Walking,5,School too far away,_missing_,13,12,20,6,120, , , 
13,2,7,113039,Grade 6,Grade 1,1,Walking,4,School too far away,_missing_,12,11,7,6,60, , , 
13,2,6,113040,Grade 5,Grade 1,1,Walking,2,School too far away,_missing_,5,4,2,3,15, , , 
13,2,6,113040,Grade 5,Grade 1,1,Walking,3,School too far away,_missing_,4,3,2,3,15, , , 
13,2,6,113040,Grade 10,Grade 1,1,Walking,3,School too far away,_missing_,3,2,2,3,20, , , 
13,2,6,113040,Grade 10,Grade 1,1,Walking,4,Financial problems,_missing_, , , , , ,7, , 
13,2,7,113041,Grade 10,Grade 1,1,Walking,3,School too far away,_missing_,8,7,6,6,35, , , 
13,2,8,113045,Grade 4,Grade 1,1,Walking,5,House keeping / Family business,_missing_, , , , , , ,6,2017
13,2,8,113045,Grade 4,Grade 1,1,Walking,6,School too far away,_missing_,5,4,1,3,10, , , 
13,2,7,113046,Grade 9,Grade 1,1,Walking,4,House keeping / Family business,_missing_, , , , , , ,9,2016
13,2,7,113046,Grade 9,Grade 1,1,Walking,5,School too far away,_missing_,6,5,0,1,10, , , 
13,2,1,113047,Grade 4,Grade 1,1,Walking,3,School too far away,_missing_,12,11,4,3,20, , , 
13,2,1,113047,Grade 4,Grade 1,1,Walking,4,School too far away,_missing_,11,10,3,3,15, , , 
13,2,7,113049,Grade 2,Grade 1,1,Walking,2,School too far away,_missing_,9,8,0,1,10, , , 
13,2,7,113049,Grade 2,Grade 1,1,Walking,3,School too far away,_missing_,2,1,0,1,10, , , 
13,2,8,113051,Grade 3,Grade 1,1,Walking,6,Financial problems,_missing_, , , , , ,9, , 
13,2,8,113051,Grade 8,Grade 1,1,Walking,5,School too far away,_missing_,3,2,2,1,20, , , 
13,2,8,113052,Grade 10,Grade 1,1,Walking,4,School too far away,_missing_,7,6,7,6,25, , , 
13,2,8,113052,Grade 10,Grade 1,1,Walking,5,School too far away,_missing_,5,4,7,6,25, , , 
13,2,9,113054,Grade 5,Grade 1,1,Walking,2,House keeping / Family business,_missing_, , , , , , ,99,2015
13,2,9,113054,Grade 10,Grade 1,1,Walking,4,School too far away,_missing_,13,12,1,3,10, , , 
13,2,9,113054,Grade 10,Grade 1,1,Walking,5,School too far away,_missing_,10,9,1,1,15, , , 
13,2,9,113054,Grade 10,Grade 1,1,Walking,6,School too far away,_missing_,2,1,1,3,10, , , 
13,2,9,113057,Grade 7,Grade 1,1,Walking,3,School too far away,_missing_,6,5,1,1,15, , , 
13,2,2,113059,Grade 2,Grade 1,1,Walking,5,School too far away,_missing_,2,1,3,5,10, , , 
13,1,9,113060,Grade 6,Grade 1,1,Walking,4,School too far away,_missing_,13,12,1,1,20, , , 
13,1,9,113060,Grade 10,Grade 1,1,Walking,5,School too far away,_missing_,10,9,2,3,20, , , 
13,1,9,113060,Grade 10,Grade 1,1,Walking,6,School too far away,_missing_,5,4,2,3,20, , , 
13,2,9,113061,Grade 3,Grade 1,1,Walking,3,School too far away,_missing_,4,3,7,4,30, , , 
13,2,9,113061,Grade 3,Grade 1,1,Walking,4,School too far away,_missing_,2,1,7,4,30, , , 
13,2,2,113062,Grade 6,Grade 1,1,Walking,3,House keeping / Family business,_missing_, , , , , , ,6,2018
13,2,9,113063,Grade 1,Grade 1,1,Walking,4,School too far away,_missing_,12,11,5,6,20, , , 
13,2,9,113063,Grade 1,Grade 1,1,Walking,5,School too far away,_missing_,9,8,5,6,20, , , 
13,2,9,113063,Grade 1,Grade 1,1,Walking,6,Financial problems,_missing_, , , , , ,7, , 
13,2,9,113063,Grade 6,Grade 1,1,Walking,2,School too far away,_missing_,5,4,1,3,5, , , 
13,3,9,113064,Grade 2,Grade 1,1,Walking,5,School too far away,_missing_,1,19,10,3,20, , , 
13,3,9,113064,Grade 6,Grade 1,1,Walking,5,Financial problems,_missing_, , , , , ,7, , 
13,2,2,113065,Grade 5,Grade 1,1,Walking,3,School too far away,_missing_,11,10,4,5,15, , , 
13,2,2,113065,Grade 9,Grade 1,1,Walking,2,School too far away,_missing_,8,7,4,5,15, , , 
13,2,3,113068,Grade 3,Grade 1,1,Walking,3,School too far away,_missing_,7,6,17,5,120, , , 
13,2,3,113068,Grade 3,Grade 1,1,Walking,4,School too far away,_missing_,4,3,17,5,120, , , 
13,2,3,113068,Grade 9,Grade 1,1,Walking,3,School too far away,_missing_,10,9,3,3,10, , , 
13,2,3,113068,Grade 9,Grade 1,1,Walking,4,School too far away,_missing_,4,3,3,3,10, , , 
13,2,10,113069,Grade 3,Grade 1,1,Walking,3,School too far away,_missing_,11,10,6,6,30, , , 
13,2,10,113069,Grade 3,Grade 1,1,Walking,4,School too far away,_missing_,9,8,6,6,30, , , 
13,2,10,113069,Grade 3,Grade 1,1,Walking,5,School too far away,_missing_,4,3,6,6,30, , , 
13,2,3,113071,Grade 7,Grade 1,1,Walking,4,School too far away,_missing_,1,19,0,1,10, , , 
13,2,10,113072,Grade 2,Grade 1,1,Walking,4,School too far away,_missing_,13,12,0,1,10, , , 
13,2,10,113072,Grade 2,Grade 1,1,Walking,5,School too far away,_missing_,11,10,0,1,10, , , 
13,2,10,113072,Grade 2,Grade 1,1,Walking,6,School too far away,_missing_,2,1,0,1,10, , , 
13,2,3,113074,Grade 2,Grade 1,1,Walking,4,House keeping / Family business,_missing_, , , , , , ,9,2017
13,2,3,113074,Grade 2,Grade 1,1,Walking,5,School too far away,_missing_,2,1,0,1,5, , , 
13,2,3,113074,Grade 6,Grade 1,1,Walking,3,House keeping / Family business,_missing_, , , , , , ,7,2018
13,2,3,113074,Grade 6,Grade 1,1,Walking,4,School too far away,_missing_,8,7,3,2,1, , , 
13,2,10,113076,Grade 1,Grade 1,1,Walking,7,School too far away,_missing_,6,5,2,3,10, , , 
13,2,10,113076,Grade 1,Grade 1,1,Walking,8,Financial problems,_missing_, , , , , ,7, , 
13,2,10,113076,Grade 7,Grade 1,1,Walking,4,School too far away,_missing_,13,12,10,6,30, , , 
13,2,10,113076,Grade 7,Grade 1,1,Walking,5,School too far away,_missing_,11,10,3,6,15, , , 
13,2,4,113077,Grade 1,Grade 1,1,Walking,3,School too far away,_missing_,11,10,8,6,60, , , 
13,2,4,113077,Grade 7,Grade 1,1,Walking,5,School too far away,_missing_,11,10,2,3,15, , , 
13,2,11,113078,Grade 5,Grade 1,1,Walking,4,School too far away,_missing_,10,9,4,6,15, , , 
13,2,10,113079,Grade 5,Grade 1,1,Walking,3,School too far away,_missing_,11,10,6,6,25, , , 
13,2,10,113079,Grade 5,Grade 1,1,Walking,4,School too far away,_missing_,7,6,6,6,25, , , 
13,2,11,113082,Grade 1,Grade 1,1,Walking,4,House keeping / Family business,_missing_, , , , , , ,8,2018
13,2,4,113083,Grade 7,Grade 1,1,Walking,4,School too far away,_missing_,13,12,0,1,5, , , 
13,2,4,113083,Grade 7,Grade 1,1,Walking,5,School too far away,_missing_,10,9,0,1,5, , , 
13,2,12,113084,Grade 1,Grade 1,1,Walking,3,School too far away,_missing_,7,6,0,1,8, , , 
13,2,12,113084,Grade 1,Grade 1,1,Walking,4,School too far away,_missing_,6,5,0,1,8, , , 
13,2,12,113084,Grade 1,Grade 1,1,Walking,5,Financial problems,_missing_, , , , , ,7, , 
13,2,11,113085,Grade 4,Grade 1,1,Walking,4,House keeping / Family business,_missing_, , , , , , ,2,2019
13,1,5,113086,Grade 1,Grade 1,1,Walking,3,School too far away,_missing_,11,10,0,1,10, , , 
13,1,5,113086,Grade 1,Grade 1,1,Walking,4,School too far away,_missing_,10,9,0,1,10, , , 
13,2,12,113087,Grade 4,Grade 1,1,Walking,4,School too far away,_missing_,7,6,1,5,5, , , 
13,2,12,113087,Grade 8,Grade 1,1,Walking,3,School too far away,_missing_,11,10,1,5,15, , , 
13,2,11,113088,Grade 3,Grade 1,1,Walking,3,School too far away,_missing_,10,9,3,6,35, , , 
13,2,11,113088,Grade 3,Grade 1,1,Walking,4,School too far away,_missing_,7,6,0,1,15, , , 
13,2,11,113088,Grade 3,Grade 1,1,Walking,5,School too far away,_missing_,3,2,0,1,15, , , 
13,2,5,113089,Grade 3,Grade 1,1,Walking,3,School too far away,_missing_,10,9,3,1,30, , , 
13,2,5,113089,Grade 3,Grade 1,1,Walking,4,School too far away,_missing_,7,6,3,1,30, , , 
13,2,5,113089,Grade 3,Grade 1,1,Walking,5,School too far away,_missing_,3,2,3,1,30, , , 
13,2,5,113089,Grade 3,Grade 1,1,Walking,6,School too far away,_missing_,1,19,3,1,30, , , 
13,2,5,113089,Grade 7,Grade 1,1,Walking,3,School too far away,_missing_,3,2,0,1,5, , , 
13,2,5,113089,Grade 7,Grade 1,1,Walking,4,Financial problems,_missing_, , , , , ,7, , 
13,2,12,113090,Grade 3,Grade 1,1,Walking,4,School too far away,_missing_,9,8,7,6,50, , , 
13,2,12,113090,Grade 7,Grade 1,1,Walking,5,School too far away,_missing_,2,1,3,5,20, , , 
13,2,12,113091,Grade 5,Grade 1,1,Walking,5,School too far away,_missing_,10,9,50,5,90, , , 
13,2,12,113093,Grade 2,Grade 1,1,Walking,3,School too far away,_missing_,9,8,22,5,60, , , 
13,3,5,113095,Grade 4,Grade 1,1,Walking,4,School too far away,_missing_,6,5,2,5,30, , , 
13,2,12,113097,Grade 1,Grade 1,1,Walking,3,School too far away,_missing_,13,12,2,6,20, , , 
13,2,12,113097,Grade 1,Grade 1,1,Walking,4,School too far away,_missing_,12,11,2,6,20, , , 
13,2,12,113097,Grade 5,Grade 1,1,Walking,3,School too far away,_missing_,13,12,2,1,25, , , 
13,2,12,113097,Grade 9,Grade 1,1,Walking,4,House keeping / Family business,_missing_, , , , , , ,6,2017
13,2,12,113097,Grade 9,Grade 1,1,Walking,5,School too far away,_missing_,9,8,2,1,20, , , 
13,2,6,113098,Grade 3,Grade 1,1,Walking,3,School too far away,_missing_,13,12,25,6,60, , , 
13,2,6,113098,Grade 3,Grade 1,1,Walking,4,School too far away,_missing_,9,8,9,3,20, , , 
13,2,1,113099,Grade 1,Grade 1,1,Walking,3,School too far away,_missing_,11,10,8,6,30, , , 
13,2,1,113099,Grade 1,Grade 1,1,Walking,4,School too far away,_missing_,3,2,3,6,10, , , 
13,2,6,113100,Grade 1,Grade 1,1,Walking,4,School too far away,_missing_,11,10,4,6,30, , , 
13,2,6,113100,Grade 1,Grade 1,1,Walking,5,School too far away,_missing_,8,7,4,6,30, , , 
13,2,6,113102,Grade 1,Grade 1,1,Walking,3,School too far away,_missing_,4,3,1,1,10, , , 
13,2,1,113103,Grade 5,Grade 1,1,Walking,4,School too far away,_missing_,8,7,1,1,10, , , 
13,2,1,113103,Grade 9,Grade 1,1,Walking,5,House keeping / Family business,_missing_, , , , , , ,7, 
13,2,2,113105,Grade 1,Grade 1,1,Walking,4,House keeping / Family business,_missing_, , , , , , ,7, 
13,2,2,113105,Grade 6,Grade 1,1,Walking,3,School too far away,_missing_,5,4,3,2,10, , , 
13,2,7,113106,Grade 2,Grade 1,1,Walking,3,School too far away,_missing_,13,12,15,6,45, , , 
13,2,7,113106,Grade 2,Grade 1,1,Walking,4,School too far away,_missing_,12,11,15,6,45, , , 
13,2,7,113106,Grade 2,Grade 1,1,Walking,5,School too far away,_missing_,8,7,3,6,15, , , 
13,2,2,113107,Grade 6,Grade 1,1,Walking,4,School too far away,_missing_,10,9,5,6,30, , , 
13,2,2,113109,Grade 3,Grade 1,1,Walking,3,House keeping / Family business,_missing_, , , , , , ,2,2016
13,2,2,113109,Grade 9,Grade 1,1,Walking,3,School too far away,_missing_,11,10,3,6,15, , , 
13,2,2,113109,Grade 9,Grade 1,1,Walking,4,School too far away,_missing_,6,5,5,5,15, , , 
13,2,8,113112,Grade 3,Grade 1,1,Walking,4,School too far away,_missing_,11,10,7,3,10, , , 
13,2,8,113112,Grade 9,Grade 1,1,Walking,3,School too far away,_missing_,8,7,2,5,10, , , 
13,2,8,113112,Grade 9,Grade 1,1,Walking,4,School too far away,_missing_,1,19,0,5,10, , , 
13,2,3,113113,Grade 4,Grade 1,1,Walking,3,School too far away,_missing_,13,12,16,2,90, , , 
13,2,8,113114,Grade 1,Grade 1,1,Walking,2,House keeping / Family business,_missing_, , , , , , ,7, 
13,2,8,113114,Grade 7,Grade 1,1,Walking,3,School too far away,_missing_,13,12,7,6,30, , , 
13,2,8,113114,Grade 7,Grade 1,1,Walking,4,School too far away,_missing_,8,7,7,5,30, , , 
13,2,3,113115,Grade 1,Grade 1,1,Walking,3,School too far away,_missing_,7,6,0,2,5, , , 
13,2,3,113115,Grade 1,Grade 1,1,Walking,4,School too far away,_missing_,8,7,0,3,4, , , 
13,2,3,113115,Grade 7,Grade 1,1,Walking,3,School too far away,_missing_,9,8,3,2,12, , , 
13,2,3,113115,Grade 7,Grade 1,1,Walking,4,School too far away,_missing_,8,7,3,2,12, , , 
13,2,3,113115,Grade 7,Grade 1,1,Walking,5,School too far away,_missing_,6,5,3,5,10, , , 
13,2,3,113115,Grade 7,Grade 1,1,Walking,6,School too far away,_missing_,2,1,3,5,10, , , 
13,2,8,113116,Grade 6,Grade 1,1,Walking,3,School too far away,_missing_,2,1,1,6,10, , , 
13,2,4,113117,Grade 6,Grade 1,1,Walking,4,School too far away,_missing_,10,9,3,5,30, , , 
13,2,4,113117,Grade 6,Grade 1,1,Walking,5,School too far away,_missing_,3,2,3,5,30, , , 
13,2,9,113118,Grade 1,Grade 1,1,Walking,3,School too far away,_missing_,8,7,1,5,20, , , 
13,2,9,113118,Grade 9,Grade 1,1,Walking,3,School too far away,_missing_,2,1,0,1,25, , , 
13,2,4,113119,Grade 3,Grade 1,1,Walking,3,House keeping / Family business,_missing_, , , , , , ,8,2018
13,2,4,113119,Grade 3,Grade 1,1,Walking,4,School too far away,_missing_,12,11,12,5,45, , , 
13,2,4,113119,Grade 9,Grade 1,1,Walking,4,School too far away,_missing_,12,11,36,6,180, , , 
13,2,4,113119,Grade 9,Grade 1,1,Walking,5,School too far away,_missing_,8,7,12,5,120, , , 
13,2,9,113122,Grade 4,Grade 1,1,Walking,2,School too far away,_missing_,11,10,1,1,10, , , 
13,2,9,113122,Grade 4,Grade 1,1,Walking,3,School too far away,_missing_,6,5,7,3,25, , , 
13,2,9,113122,Grade 9,Grade 1,1,Walking,5,School too far away,_missing_,13,12,5,6,30, , , 
13,2,4,113123,Grade 3,Grade 1,1,Walking,4,School too far away,_missing_,10,9,6,5,20, , , 
13,2,10,113126,Grade 7,Grade 1,1,Walking,3,School too far away,_missing_,1,19,6,5,20, , , 
13,2,5,113127,Grade 7,Grade 1,1,Walking,4,School too far away,_missing_,13,12,3,6,30, , , 
13,2,10,113128,Grade 8,Grade 1,1,Walking,5,School too far away,_missing_,2,1,0,1,2, , , 
13,2,5,113129,Grade 7,Grade 1,1,Walking,3,School too far away,_missing_,8,7,4,5,30, , , 
13,2,5,113129,Grade 7,Grade 1,1,Walking,4,School too far away,_missing_,2,1,2,5,10, , , 
13,2,11,113130,Grade 2,Grade 1,1,Walking,3,Financial problems,_missing_, , , , , ,7, , 
13,2,6,113131,Grade 2,Grade 1,1,Walking,5,School too far away,_missing_,9,8,1,5,20, , , 
13,2,6,113131,Grade 2,Grade 1,1,Walking,6,School too far away,_missing_,9,8,1,5,20, , , 
13,2,11,113132,Grade 4,Grade 1,1,Walking,6,School too far away,_missing_,12,11,40,6,90, , , 
13,2,11,113132,Grade 4,Grade 1,1,Walking,7,School too far away,_missing_,12,11,40,6,90, , , 
13,2,11,113132,Grade 4,Grade 1,1,Walking,8,School too far away,_missing_,10,9,40,6,90, , , 
13,2,6,113134,Grade 3,Grade 1,1,Walking,5,School too far away,_missing_,3,2,2,3,10, , , 
13,2,6,113134,Grade 8,Grade 1,1,Walking,5,School too far away,_missing_,1,19,1,3,10, , , 
13,2,11,113135,Grade 3,Grade 1,1,Walking,3,School too far away,_missing_,7,6,9,3,20, , , 
13,2,11,113135,Grade 9,Grade 1,1,Walking,2,School too far away,_missing_,7,6,0,1,10, , , 
13,2,11,113135,Grade 9,Grade 1,1,Walking,3,School too far away,_missing_,3,2,0,1,10, , , 
13,2,12,113137,Grade 1,Grade 1,1,Walking,3,School too far away,_missing_,10,9,3,5,30, , , 
13,2,12,113137,Grade 1,Grade 1,1,Walking,4,School too far away,_missing_,6,5,3,5,30, , , 
13,2,7,113138,Grade 9,Grade 1,1,Walking,3,School too far away,_missing_,10,9,20,6,60, , , 
13,1,12,113139,Grade 1,Grade 1,1,Walking,3,Financial problems,_missing_, , , , , ,7, , 
13,2,12,113141,Grade 10,Grade 1,1,Walking,3,School too far away,_missing_,4,3,6,6,30, , , 
13,2,7,113142,Grade 10,Grade 1,1,Walking,3,House keeping / Family business,_missing_, , , , , , ,2,2018
13,2,7,113142,Grade 10,Grade 1,1,Walking,4,School too far away,_missing_,7,6,2,6,20, , , 
13,2,8,113143,Grade 4,Grade 1,1,Walking,5,School too far away,_missing_,5,4,2,5,20, , , 
13,2,8,113143,Grade 4,Grade 1,1,Walking,6,School too far away,_missing_,3,2,2,5,25, , , 
13,2,8,113144,Grade 1,Grade 1,1,Walking,4,School too far away,_missing_,13,12,8,6,45, , , 
13,2,8,113144,Grade 6,Grade 1,1,Walking,4,School too far away,_missing_,12,11,1,1,30, , , 
13,2,8,113144,Grade 6,Grade 1,1,Walking,5,School too far away,_missing_,8,7,1,1,30, , , 
13,2,9,113146,Grade 1,Grade 1,1,Walking,4,School too far away,_missing_,8,7,0,6,15, , , 
13,3,9,113147,Grade 10,Grade 1,1,Walking,2,School too far away,_missing_,10,9,0,1,5, , , 
13,2,9,113148,Grade 2,Grade 1,1,Walking,3,School too far away,_missing_,6,5,3,6,30, , , 
13,2,9,113148,Grade 2,Grade 1,1,Walking,4,School too far away,_missing_,5,4,3,6,30, , , 
13,2,10,113149,Grade 3,Grade 1,1,Walking,3,School too far away,_missing_,11,10,1,3,10, , , 
13,2,10,113149,Grade 3,Grade 1,1,Walking,4,School too far away,_missing_,6,5,1,3,10, , , 
13,2,10,113149,Grade 3,Grade 1,1,Walking,5,School too far away,_missing_,1,19,1,3,10, , , 
13,2,10,113151,Grade 6,Grade 1,1,Walking,3,School too far away,_missing_,11,10,6,2,30, , , 
13,2,10,113152,Grade 2,Grade 1,1,Walking,7,School too far away,_missing_,3,2,0,1,5, , , 
13,2,10,113152,Grade 2,Grade 1,1,Walking,8,School too far away,_missing_,1,19,0,1,5, , , 
13,2,10,113152,Grade 9,Grade 1,1,Walking,4,School too far away,_missing_,12,11,3,6,10, , , 
13,2,10,113152,Grade 9,Grade 1,1,Walking,5,School too far away,_missing_,8,7,3,6,10, , , 
13,2,10,113152,Grade 9,Grade 1,1,Walking,6,School too far away,_missing_,5,4,2,5,10, , , 
13,2,11,113153,Grade 5,Grade 1,1,Walking,3,School too far away,_missing_,5,4,3,5,35, , , 
13,2,11,113153,Grade 5,Grade 1,1,Walking,4,School too far away,_missing_,1,19,3,2,20, , , 
13,2,11,113154,Grade 1,Grade 1,1,Walking,3,School too far away,_missing_,5,4,0,1,10, , , 
13,2,12,113156,Grade 8,Grade 1,1,Walking,4,School too far away,_missing_,6,5,1,1,15, , , 
13,2,12,113157,Grade 5,Grade 1,1,Walking,3,School too far away,_missing_,5,4,4,5,10, , , 
13,2,12,113157,Grade 5,Grade 1,1,Walking,4,School too far away,_missing_,3,2,4,5,10, , , 
13,2,12,113158,Grade 2,Grade 1,1,Walking,5,School too far away,_missing_,13,12,7,3,15, , , 
13,2,12,113158,Grade 9,Grade 1,1,Walking,3,School too far away,_missing_,2,1,1,2,15, , , 
21,2,1,121001,Grade 9,Grade 1,1,Walking,3,School too far away,_missing_,11,10,7,5,50, , , 
21,2,1,121002,Grade 4,Grade 1,1,Walking,6,School too far away,_missing_,2,1,4,3,15, , , 
21,2,1,121002,Grade 4,Grade 1,1,Walking,7,School too far away,_missing_,4,3,4,3,15, , , 
21,2,1,121002,Grade 8,Grade 1,1,Walking,3,School too far away,_missing_,12,11,18,6,45, , , 
21,2,1,121003,Grade 2,Grade 1,1,Walking,4,House keeping / Family business,_missing_, , , , , , ,7, 
21,2,1,121003,Grade 2,Grade 1,1,Walking,5,School too far away,_missing_,8,7,5,6,45, , , 
21,2,1,121003,Grade 2,Grade 1,1,Walking,6,School too far away,_missing_,7,6,2,1,30, , , 
21,2,1,121003,Grade 6,Grade 1,1,Walking,4,School too far away,_missing_,13,12,2,1,40, , , 
21,2,1,121003,Grade 6,Grade 1,1,Walking,5,School too far away,_missing_,10,9,2,1,40, , , 
21,2,1,121003,Grade 10,Grade 1,1,Walking,3,House keeping / Family business,_missing_, , , , , , ,8,2018
21,2,1,121003,Grade 10,Grade 1,1,Walking,4,School too far away,_missing_,11,10,8,6,45, , , 
21,2,1,121003,Grade 10,Grade 1,1,Walking,5,School too far away,_missing_,7,6,8,6,45, , , 
21,2,2,121004,Grade 4,Grade 1,1,Walking,4,School too far away,_missing_,4,3,15,5,30, , , 
21,2,2,121004,Grade 4,Grade 1,1,Walking,5,School too far away,_missing_,1,19,15,5,30, , , 
21,2,2,121004,Grade 8,Grade 1,1,Walking,2,School too far away,_missing_,10,9,16,5,35, , , 
21,2,2,121004,Grade 8,Grade 1,1,Walking,3,School too far away,_missing_,6,5,16,5,35, , , 
21,2,1,121005,Grade 2,Grade 1,1,Walking,3,House keeping / Family business,_missing_, , , , , , ,8,2018
21,1,2,121006,Grade 3,Grade 1,1,Walking,3,School too far away,_missing_,4,3,2,3,10, , , 
21,1,2,121006,Grade 3,Grade 1,1,Walking,4,School too far away,_missing_,2,1,0,3,5, , , 
21,1,1,121007,Grade 2,Grade 1,1,Walking,3,School too far away,_missing_,7,6,2,3,10, , , 
21,1,1,121007,Grade 2,Grade 1,1,Walking,4,School too far away,_missing_,4,3,2,3,10, , , 
21,1,1,121007,Grade 7,Grade 1,1,Walking,4,School too far away,_missing_,9,8,2,6,10, , , 
21,2,2,121008,Grade 10,Grade 1,1,Walking,5,School too far away,_missing_,1,19,0,1,5, , , 
21,2,2,121009,Grade 5,Grade 1,1,Walking,2,School too far away,_missing_,10,9,0,1,10, , , 
21,2,2,121009,Grade 5,Grade 1,1,Walking,3,School too far away,_missing_,7,6,0,1,10, , , 
21,2,2,121009,Grade 10,Grade 1,1,Walking,3,School too far away,_missing_,7,6,0,1,10, , , 
21,2,2,121009,Grade 10,Grade 1,1,Walking,4,School too far away,_missing_,2,1,5,6,30, , , 
21,2,3,121012,Grade 5,Grade 1,1,Walking,3,School too far away,_missing_,8,7,2,1,25, , , 
21,2,3,121012,Grade 5,Grade 1,1,Walking,4,School too far away,_missing_,4,3,2,1,25, , , 
21,2,2,121013,Grade 5,Grade 2,2,Walking,3,School too far away,_missing_,5,4,6,5,20, , , 
21,2,3,121014,Grade 6,Grade 1,1,Walking,3,House keeping / Family business,_missing_, , , , , , ,6,2017
21,2,3,121014,Grade 6,Grade 1,1,Walking,4,School too far away,_missing_,8,7,1,1,15, , , 
21,2,3,121015,Grade 10,Grade 1,1,Walking,3,School too far away,_missing_,8,7,2,1,25, , , 
21,2,4,121016,Grade 5,Grade 1,1,Walking,3,School too far away,_missing_,4,3,0,1,15, , , 
21,2,4,121016,Grade 10,Grade 1,1,Walking,3,School too far away,_missing_,7,6,5,5,15, , , 
21,2,4,121016,Grade 10,Grade 1,1,Walking,4,School too far away,_missing_,3,2,5,5,15, , , 
21,2,4,121016,Grade 10,Grade 1,1,Walking,5,School too far away,_missing_,1,19,4,3,10, , , 
21,2,4,121018,Grade 3,Grade 1,1,Walking,3,School too far away,_missing_,12,11,10,5,40, , , 
21,2,4,121018,Grade 3,Grade 1,1,Walking,4,School too far away,_missing_,7,6,9,5,30, , , 
21,2,4,121018,Grade 9,Grade 1,1,Walking,6,School too far away,_missing_,2,1,5,3,30, , , 
21,3,3,121019,Grade 5,Grade 1,1,Walking,4,House keeping / Family business,_missing_, , , , , , ,2,2018
21,3,3,121019,Grade 5,Grade 1,1,Walking,5,School too far away,_missing_,11,10,2,1,20, , , 
21,3,3,121019,Grade 5,Grade 1,1,Walking,6,School too far away,_missing_,10,9,2,1,20, , , 
21,3,3,121019,Grade 5,Grade 1,1,Walking,7,School too far away,_missing_,7,6,2,1,20, , , 
21,3,3,121019,Grade 5,Grade 1,1,Walking,8,School too far away,_missing_,4,3,2,1,20, , , 
21,3,3,121019,Grade 5,Grade 1,1,Walking,9,School too far away,_missing_,1,19,2,1,20, , , 
21,1,4,121020,Grade 7,Grade 1,1,Walking,3,House keeping / Family business,_missing_, , , , , , ,8,2018
21,2,4,121021,Grade 4,Grade 1,1,Walking,3,School too far away,_missing_,7,6,2,3,25, , , 
21,2,4,121021,Grade 8,Grade 1,1,Walking,3,School too far away,_missing_,4,3,3,6,20, , , 
21,2,4,121021,Grade 8,Grade 1,1,Walking,4,Financial problems,_missing_, , , , , ,7, , 
21,2,5,121022,Grade 9,Grade 1,1,Walking,4,School too far away,_missing_,13,12,1,1,10, , , 
21,2,4,121023,Grade 5,Grade 1,1,Walking,3,School too far away,_missing_,8,7,0,1,4, , , 
21,2,4,121023,Grade 5,Grade 1,1,Walking,4,School too far away,_missing_,2,1,0,1,4, , , 
21,2,5,121024,Grade 3,Grade 1,1,Walking,4,School too far away,_missing_,12,11,21,5,90, , , 
21,2,5,121024,Grade 3,Grade 1,1,Walking,5,School too far away,_missing_,8,7,21,5,90, , , 
21,2,5,121024,Grade 8,Grade 1,1,Walking,5,School too far away,_missing_,7,6,7,3,15, , , 
21,2,5,121024,Grade 8,Grade 1,1,Walking,6,School too far away,_missing_,2,1,5,5,35, , , 
21,2,5,121025,Grade 4,Grade 1,1,Walking,2,School too far away,_missing_,11,10,1,6,10, , , 
21,2,5,121025,Grade 4,Grade 1,1,Walking,3,School too far away,_missing_,9,8,0,1,15, , , 
21,2,5,121025,Grade 4,Grade 1,1,Walking,4,School too far away,_missing_,5,4,0,1,15, , , 
21,2,5,121026,Grade 2,Grade 1,1,Walking,9,School too far away,_missing_,13,12,15,5,45, , , 
21,3,6,121028,Grade 5,Grade 1,1,Walking,5,School too far away,_missing_,2,1,2,3,15, , , 
21,2,5,121029,Grade 6,Grade 1,1,Walking,5,School too far away,_missing_,13,12,1,1,20, , , 
21,2,5,121029,Grade 6,Grade 1,1,Walking,6,School too far away,_missing_,9,8,1,1,20, , , 
21,2,6,121030,Grade 6,Grade 1,1,Walking,3,School too far away,_missing_,9,8,8,2,20, , , 
21,2,6,121030,Grade 6,Grade 1,1,Walking,4,School too far away,_missing_,5,4,8,2,20, , , 
21,2,6,121030,Grade 6,Grade 1,1,Walking,5,School too far away,_missing_,1,19,8,2,20, , , 
21,2,6,121030,Grade 10,Grade 2,2,Walking,3,School too far away,_missing_,6,5,0,1,10, , , 
21,2,6,121030,Grade 10,Grade 2,2,Walking,4,School too far away,_missing_,3,2,1,2,20, , , 
21,2,6,121031,Grade 6,Grade 1,1,Walking,3,School too far away,_missing_,12,11,17,6,60, , , 
21,2,6,121031,Grade 6,Grade 1,1,Walking,4,School too far away,_missing_,7,6,3,3,10, , , 
21,2,7,121032,Grade 5,Grade 1,1,Walking,5,School too far away,_missing_,10,9,6,6,30, , , 
21,2,6,121033,Grade 3,Grade 1,1,Walking,4,School too far away,_missing_,4,3,5,5,20, , , 
21,2,6,121033,Grade 7,Grade 1,1,Walking,5,School too far away,_missing_,4,3,5,3,25, , , 
21,1,7,121034,Grade 3,Grade 1,1,Walking,3,Financial problems,_missing_, , , , , ,7, , 
21,1,7,121034,Grade 3,Grade 1,1,Walking,4,House keeping / Family business,_missing_, , , , , , ,2,2018
21,1,7,121034,Grade 3,Grade 1,1,Walking,5,School too far away,_missing_,5,4,2,6,15, , , 
21,1,7,121034,Grade 3,Grade 1,1,Walking,6,School too far away,_missing_,5,4,2,6,15, , , 
21,1,7,121034,Grade 7,Grade 1,2,Walking,2,School too far away,_missing_,8,7,4,6,30, , , 
21,1,7,121034,Grade 7,Grade 1,2,Walking,3,School too far away,_missing_,4,3,0,1,2, , , 
21,2,6,121035,Grade 1,Grade 1,1,Walking,2,School too far away,_missing_,12,11,0,1,15, , , 
21,2,6,121035,Grade 7,Grade 1,1,Walking,3,School too far away,_missing_,11,10,0,1,15, , , 
21,2,6,121035,Grade 7,Grade 1,1,Walking,4,School too far away,_missing_,6,5,0,1,15, , , 
21,2,7,121037,Grade 1,Grade 1,1,Walking,3,School too far away,_missing_,2,1,2,6,30, , , 
21,2,7,121037,Grade 5,Grade 1,1,Walking,4,School too far away,_missing_,13,12,8,6,60, , , 
21,2,7,121037,Grade 9,Grade 1,1,Walking,3,School too far away,_missing_,5,4,0,1,15, , , 
21,2,7,121037,Grade 9,Grade 1,1,Walking,4,School too far away,_missing_,1,19,0,1,15, , , 
21,2,7,121039,Grade 1,Grade 1,1,Walking,5,Financial problems,_missing_, , , , , ,7, , 
21,2,7,121039,Grade 5,Grade 1,1,Walking,5,School too far away,_missing_,10,9,7,5,45, , , 
21,2,7,121039,Grade 5,Grade 1,1,Walking,6,School too far away,_missing_,7,6,7,5,45, , , 
21,2,7,121039,Grade 5,Grade 1,1,Walking,7,School too far away,_missing_,1,19,19,5,30, , , 
21,2,8,121040,Grade 1,Grade 1,1,Walking,2,School too far away,_missing_,3,2,2,5,25, , , 
21,1,7,121041,Grade 8,Grade 1,1,Walking,3,School too far away,_missing_,12,11,4,6,30, , , 
21,1,7,121041,Grade 8,Grade 1,1,Walking,4,School too far away,_missing_,9,8,4,6,60, , , 
21,2,8,121042,Grade 7,Grade 1,1,Walking,4,School too far away,_missing_,12,11,16,5,60, , , 
21,2,9,121044,Grade 8,Grade 1,1,Walking,2,School too far away,_missing_,13,12,10,6,45, , , 
21,2,9,121044,Grade 8,Grade 1,1,Walking,3,School too far away,_missing_,7,6,1,1,15, , , 
21,2,9,121044,Grade 8,Grade 1,1,Walking,4,School too far away,_missing_,1,19,12,6,60, , , 
21,2,8,121045,Grade 4,Grade 1,1,Walking,4,School too far away,_missing_,11,10,4,6,20, , , 
21,2,8,121045,Grade 4,Grade 1,1,Walking,5,School too far away,_missing_,6,5,4,6,20, , , 
21,2,9,121046,Grade 7,Grade 1,1,Walking,4,School too far away,_missing_,9,8,2,1,30, , , 
21,2,9,121046,Grade 7,Grade 1,1,Walking,5,School too far away,_missing_,2,1,2,3,10, , , 
21,2,8,121047,Grade 1,Grade 1,1,Walking,4,School too far away,_missing_,13,12,4,1,30, , , 
21,2,8,121047,Grade 1,Grade 1,1,Walking,5,School too far away,_missing_,9,8,4,6,20, , , 
21,2,8,121047,Grade 5,Grade 1,1,Walking,4,House keeping / Family business,_missing_, , , , , , ,99, 
21,2,8,121047,Grade 9,Grade 1,1,Walking,4,School too far away,_missing_,12,11,2,1,20, , , 
21,2,8,121047,Grade 9,Grade 1,1,Walking,5,School too far away,_missing_,3,2,4,5,20, , , 
21,2,1,121048,Grade 4,Grade 1,1,Walking,3,School too far away,_missing_,13,12,6,6,20, , , 
21,2,9,121049,Grade 3,Grade 1,1,Walking,4,School too far away,_missing_,11,10,9,6,55, , , 
21,2,9,121049,Grade 3,Grade 1,1,Walking,5,School too far away,_missing_,7,6,9,6,55, , , 
21,2,9,121050,Grade 3,Grade 1,1,Walking,3,School too far away,_missing_,9,8,1,1,30, , , 
21,2,9,121050,Grade 3,Grade 1,1,Walking,4,School too far away,_missing_,6,5,1,1,30, , , 
21,2,9,121050,Grade 7,Grade 1,1,Walking,4,School too far away,_missing_,13,12,18,6,30, , , 
21,2,9,121050,Grade 7,Grade 1,1,Walking,5,School too far away,_missing_,13,12,3,6,10, , , 
21,1,1,121051,Grade 4,Grade 1,1,Walking,3,School too far away,_missing_,13,12,22,6,90, , , 
21,1,1,121051,Grade 4,Grade 1,1,Walking,4,School too far away,_missing_,11,10,20,6,90, , , 
21,1,1,121051,Grade 4,Grade 1,1,Walking,5,School too far away,_missing_,4,3,1,1,10, , , 
21,2,10,121052,Grade 1,Grade 1,1,Walking,4,School too far away,_missing_,7,6,3,6,45, , , 
21,2,10,121052,Grade 1,Grade 1,1,Walking,5,House keeping / Family business,_missing_, , , , , , ,2,2018
21,2,10,121052,Grade 5,Grade 1,1,Walking,3,School too far away,_missing_,9,8,2,6,30, , , 
21,2,10,121052,Grade 5,Grade 1,1,Walking,4,School too far away,_missing_,5,4,2,6,30, , , 
21,2,10,121052,Grade 9,Grade 1,1,Walking,4,Financial problems,_missing_, , , , , ,7, , 
21,2,9,121053,Grade 4,Grade 1,1,Walking,3,School too far away,_missing_,5,4,4,3,10, , , 
21,2,9,121053,Grade 4,Grade 1,1,Walking,4,School too far away,_missing_,1,19,1,3,5, , , 
21,2,9,121053,Grade 8,Grade 1,1,Walking,3,School too far away,_missing_,12,11,7,2,30, , , 
21,2,9,121053,Grade 8,Grade 1,1,Walking,4,School too far away,_missing_,8,7,2,3,15, , , 
21,2,9,121053,Grade 8,Grade 1,1,Walking,5,School too far away,_missing_,6,5,2,3,15, , , 
21,2,1,121054,Grade 5,Grade 1,1,Walking,3,School too far away,_missing_,4,3,1,5,10, , , 
21,2,10,121055,Grade 5,Grade 1,1,Walking,3,School too far away,_missing_,11,10,10,6,45, , , 
21,2,10,121055,Grade 5,Grade 1,1,Walking,4,School too far away,_missing_,9,8,10,6,45, , , 
21,2,10,121055,Grade 5,Grade 1,1,Walking,5,School too far away,_missing_,3,2,1,2,40, , , 
21,2,10,121056,Grade 8,Grade 1,1,Walking,4,School too far away,_missing_,4,3,4,5,20, , , 
21,2,2,121057,Grade 3,Grade 1,1,Walking,2,House keeping / Family business,_missing_, , , , , , ,99,2015
21,2,2,121057,Grade 3,Grade 1,1,Walking,3,House keeping / Family business,_missing_, , , , , , ,99,2017
21,2,2,121057,Grade 3,Grade 1,1,Walking,4,School too far away,_missing_,2,1,8,5,35, , , 
21,2,2,121057,Grade 7,Grade 1,1,Walking,3,School too far away,_missing_,9,8,2,9,20, , , 
21,2,2,121057,Grade 7,Grade 1,1,Walking,4,School too far away,_missing_,6,5,0,1,20, , , 
21,2,2,121057,Grade 7,Grade 1,1,Walking,5,School too far away,_missing_,2,1,0,1,20, , , 
21,1,10,121058,Grade 2,Grade 1,1,Walking,3,House keeping / Family business,_missing_, , , , , , ,7, 
21,1,10,121058,Grade 2,Grade 1,1,Walking,4,School too far away,_missing_,11,10,2,6,20, , , 
21,1,10,121058,Grade 2,Grade 1,1,Walking,5,School too far away,_missing_,10,9,2,6,20, , , 
21,1,10,121058,Grade 2,Grade 1,1,Walking,6,School too far away,_missing_,7,6,2,6,20, , , 
21,2,2,121060,Grade 2,Grade 1,1,Walking,3,School too far away,_missing_,3,2,0,1,15, , , 
21,2,2,121060,Grade 6,Grade 1,1,Walking,2,School too far away,_missing_,13,12,6,6,25, , , 
21,2,2,121060,Grade 6,Grade 1,1,Walking,3,School too far away,_missing_,11,10,6,6,25, , , 
21,2,2,121060,Grade 6,Grade 1,1,Walking,4,School too far away,_missing_,8,7,6,6,25, , , 
21,2,11,121061,Grade 7,Grade 1,1,Walking,3,School too far away,_missing_,1,19,4,3,15, , , 
21,2,3,121063,Grade 1,Grade 1,1,Walking,3,School too far away,_missing_,3,2,0,1,5, , , 
21,2,3,121063,Grade 9,Grade 1,1,Walking,3,School too far away,_missing_,6,5,3,6,20, , , 
21,2,11,121065,Grade 1,Grade 1,1,Walking,3,School too far away,_missing_,5,4,12,5,40, , , 
21,2,11,121065,Grade 1,Grade 1,1,Walking,4,School too far away,_missing_,2,1,0,1,10, , , 
21,2,3,121066,Grade 8,Grade 1,1,Walking,4,School too far away,_missing_,13,12,12,6,60, , , 
21,3,11,121067,Grade 4,Grade 1,1,Walking,4,House keeping / Family business,_missing_, , , , , , ,2,2016
21,3,11,121067,Grade 9,Grade 1,1,Walking,3,School too far away,_missing_,9,8,4,1,30, , , 
21,3,11,121067,Grade 9,Grade 1,1,Walking,4,School too far away,_missing_,8,7,4,1,30, , , 
21,3,11,121067,Grade 9,Grade 1,1,Walking,5,School too far away,_missing_,7,6,4,1,30, , , 
21,2,11,121068,Grade 7,Grade 1,1,Walking,3,School too far away,_missing_,1,19,3,3,15, , , 
21,2,3,121069,Grade 2,Grade 1,1,Walking,3,School too far away,_missing_,10,9,5,6,20, , , 
21,2,3,121069,Grade 2,Grade 1,1,Walking,4,School too far away,_missing_,8,7,5,6,20, , , 
21,2,3,121069,Grade 7,Grade 1,1,Walking,5,School too far away,_missing_,12,11,0,1,15, , , 
21,2,12,121070,Grade 1,Grade 1,1,Walking,2,School too far away,_missing_,13,12,5,6,45, , , 
21,2,12,121070,Grade 1,Grade 1,1,Walking,3,School too far away,_missing_,9,8,0,1,15, , , 
21,2,12,121070,Grade 9,Grade 1,1,Walking,5,School too far away,_missing_,2,1,2,1,20, , , 
21,2,12,121073,Grade 1,Grade 1,1,Walking,4,School too far away,_missing_,13,12,4,1,40, , , 
21,2,12,121073,Grade 7,Grade 1,1,Walking,3,School too far away,_missing_,13,12,6,5,30, , , 
21,2,12,121073,Grade 7,Grade 1,1,Walking,4,School too far away,_missing_,9,8,6,5,30, , , 
21,2,12,121074,Grade 2,Grade 1,1,Walking,3,School too far away,_missing_,11,10,2,3,8, , , 
21,2,12,121074,Grade 2,Grade 1,1,Walking,4,School too far away,_missing_,2,1,4,5,15, , , 
21,2,12,121074,Grade 7,Grade 1,1,Walking,2,School too far away,_missing_,2,1,1,3,10, , , 
21,1,4,121075,Grade 9,Grade 1,1,Walking,3,School too far away,_missing_,9,8,2,4,15, , , 
21,1,4,121075,Grade 9,Grade 1,1,Walking,4,School too far away,_missing_,6,5,1,4,10, , , 
21,2,12,121076,Grade 2,Grade 1,1,Walking,2,School too far away,_missing_,6,5,5,6,25, , , 
21,2,4,121077,Grade 1,Grade 1,1,Walking,3,School too far away,_missing_,13,12,3,6,20, , , 
21,2,4,121077,Grade 1,Grade 1,1,Walking,4,School too far away,_missing_,7,6,3,6,20, , , 
21,2,4,121077,Grade 5,Grade 1,1,Walking,3,School too far away,_missing_,3,2,1,6,15, , , 
21,3,12,121078,Grade 10,Grade 1,1,Walking,2,School too far away,_missing_,12,11,4,6,20, , , 
21,3,12,121078,Grade 10,Grade 1,1,Walking,3,School too far away,_missing_,11,10,4,6,20, , , 
21,2,5,121079,Grade 1,Grade 1,1,Walking,3,School too far away,_missing_,13,12,19,6,60, , , 
21,2,5,121079,Grade 1,Grade 1,1,Walking,4,School too far away,_missing_,12,11,4,6,30, , , 
21,2,5,121079,Grade 1,Grade 1,1,Walking,5,School too far away,_missing_,8,7,4,5,20, , , 
21,2,5,121080,Grade 1,Grade 1,1,Walking,3,School too far away,_missing_,4,3,2,6,20, , , 
21,2,5,121080,Grade 1,Grade 1,1,Walking,4,School too far away,_missing_,3,2,1,6,20, , , 
21,2,5,121081,Grade 6,Grade 1,1,Walking,5,School too far away,_missing_,4,3,0,1,10, , , 
21,2,5,121081,Grade 6,Grade 1,1,Walking,6,School too far away,_missing_,1,19,0,1,10, , , 
21,2,5,121081,Grade 10,Grade 1,1,Walking,4,School too far away,_missing_,10,9,0,1,20, , , 
21,2,5,121081,Grade 10,Grade 1,1,Walking,5,School too far away,_missing_,3,2,0,1,20, , , 
21,2,6,121083,Grade 9,Grade 1,1,Walking,3,School too far away,_missing_,11,10,2,6,20, , , 
21,2,6,121084,Grade 6,Grade 1,1,Walking,3,House keeping / Family business,_missing_, , , , , , ,6,2018
21,2,6,121084,Grade 6,Grade 1,1,Walking,4,School too far away,_missing_,12,11,1,1,25, , , 
21,2,6,121084,Grade 6,Grade 1,1,Walking,5,School too far away,_missing_,4,3,0,1,20, , , 
21,2,6,121084,Grade 10,Grade 1,1,Walking,2,House keeping / Family business,_missing_, , , , , , ,6,2018
21,2,7,121086,Grade 8,Grade 1,1,Walking,4,House keeping / Family business,_missing_, , , , , , ,6,2017
21,1,1,121087,Grade 3,Grade 1,1,Walking,3,School too far away,_missing_,13,12,6,6,30, , , 
21,1,1,121087,Grade 3,Grade 1,1,Walking,4,School too far away,_missing_,8,7,10,5,40, , , 
21,1,1,121087,Grade 3,Grade 1,1,Walking,5,School too far away,_missing_,7,6,6,5,30, , , 
21,1,1,121087,Grade 8,Grade 1,1,Walking,3,Financial problems,_missing_, , , , , ,9, , 
21,2,7,121088,Grade 2,Grade 1,1,Walking,3,School too far away,_missing_,13,12,12,5,30, , , 
21,2,7,121088,Grade 2,Grade 1,1,Walking,4,School too far away,_missing_,11,10,12,5,30, , , 
21,2,1,121089,Grade 2,Grade 1,1,Walking,6,School too far away,_missing_,5,4,2,3,15, , , 
21,2,1,121089,Grade 2,Grade 1,1,Walking,7,School too far away,_missing_,1,19,2,3,15, , , 
21,2,1,121089,Grade 10,Grade 1,1,Walking,6,School too far away,_missing_,11,10,1,3,15, , , 
21,2,8,121090,Grade 8,Grade 1,1,Walking,3,School too far away,_missing_,10,9,2,1,20, , , 
21,2,8,121090,Grade 8,Grade 1,1,Walking,4,School too far away,_missing_,7,6,2,1,20, , , 
21,2,8,121090,Grade 8,Grade 1,1,Walking,5,School too far away,_missing_,3,2,2,1,20, , , 
21,2,2,121091,Grade 3,Grade 1,1,Walking,3,School too far away,_missing_,11,10,2,5,10, , , 
21,2,2,121091,Grade 3,Grade 1,1,Walking,4,School too far away,_missing_,5,4,2,5,10, , , 
21,2,2,121091,Grade 8,Grade 1,1,Walking,4,School too far away,_missing_,9,8,3,3,15, , , 
21,2,2,121091,Grade 8,Grade 1,1,Walking,5,School too far away,_missing_,5,4,3,3,15, , , 
21,2,8,121092,Grade 2,Grade 1,1,Walking,4,School too far away,_missing_,7,6,5,5,35, , , 
21,2,8,121092,Grade 7,Grade 1,1,Walking,4,School too far away,_missing_,1,19,5,3,25, , , 
21,2,2,121093,Grade 10,Grade 1,1,Walking,6,House keeping / Family business,_missing_, , , , , , ,9,2015
21,2,8,121094,Grade 7,Grade 1,1,Walking,2,School too far away,_missing_,13,12,8,6,60, , , 
21,2,8,121094,Grade 7,Grade 1,1,Walking,3,School too far away,_missing_,10,9,2,5,15, , , 
21,2,8,121094,Grade 7,Grade 1,1,Walking,4,School too far away,_missing_,7,6,2,5,15, , , 
21,2,2,121095,Grade 10,Grade 1,1,Walking,3,School too far away,_missing_,1,19,5,2,20, , , 
21,2,9,121096,Grade 4,Grade 1,1,Walking,3,School too far away,_missing_,9,8,0,1,20, , , 
21,2,9,121096,Grade 4,Grade 1,1,Walking,4,School too far away,_missing_,4,3,0,1,20, , , 
21,2,3,121097,Grade 2,Grade 1,1,Walking,3,School too far away,_missing_,4,3,0,1,5, , , 
21,1,9,121098,Grade 2,Grade 1,1,Walking,2,School too far away,_missing_,8,7,3,3,20, , , 
21,1,9,121098,Grade 2,Grade 1,1,Walking,3,School too far away,_missing_,6,5,3,3,20, , , 
21,2,9,121100,Grade 4,Grade 1,1,Walking,3,School too far away,_missing_,10,9,8,5,30, , , 
21,2,9,121100,Grade 4,Grade 1,1,Walking,4,School too far away,_missing_,5,4,16,5,45, , , 
21,3,3,121101,Grade 4,Grade 1,1,Walking,3,School too far away,_missing_,12,11,6,2,45, , , 
21,3,3,121101,Grade 4,Grade 1,1,Walking,4,School too far away,_missing_,11,10,6,2,45, , , 
21,3,3,121101,Grade 4,Grade 1,1,Walking,5,School too far away,_missing_,5,4,0,1,10, , , 
21,3,3,121101,Grade 4,Grade 1,1,Walking,6,School too far away,_missing_,3,2,0,1,10, , , 
21,3,3,121101,Grade 8,Grade 1,1,Walking,3,School too far away,_missing_,6,5,0,3,10, , , 
21,3,3,121101,Grade 8,Grade 1,1,Walking,4,School too far away,_missing_,2,1,0,3,10, , , 
21,2,10,121102,Grade 3,Grade 1,1,Walking,3,School too far away,_missing_,11,10,1,5,10, , , 
21,2,10,121102,Grade 3,Grade 1,1,Walking,4,School too far away,_missing_,8,7,3,5,15, , , 
21,2,10,121102,Grade 10,Grade 1,1,Walking,3,School too far away,_missing_,12,11,8,5,30, , , 
21,2,10,121102,Grade 10,Grade 1,1,Walking,4,School too far away,_missing_,8,7,8,5,30, , , 
21,2,10,121104,Grade 5,Grade 1,1,Walking,2,School too far away,_missing_,6,5,3,3,15, , , 
21,2,10,121104,Grade 9,Grade 1,1,Walking,4,School too far away,_missing_,7,6,3,3,15, , , 
21,1,4,121105,Grade 6,Grade 1,1,Walking,3,School too far away,_missing_,1,19,1,3,10, , , 
21,2,4,121107,Grade 6,Grade 1,1,Walking,4,School too far away,_missing_,3,2,4,5,20, , , 
21,2,11,121108,Grade 2,Grade 1,1,Walking,2,School too far away,_missing_,9,8,2,1,10, , , 
21,2,11,121108,Grade 2,Grade 1,1,Walking,3,School too far away,_missing_,3,2,2,1,5, , , 
21,2,11,121108,Grade 10,Grade 1,1,Walking,3,School too far away,_missing_,11,10,1,1,5, , , 
21,2,11,121108,Grade 10,Grade 1,1,Walking,4,School too far away,_missing_,3,2,1,1,5, , , 
21,2,5,121111,Grade 2,Grade 1,1,Walking,5,School too far away,_missing_,4,3,2,3,10, , , 
21,2,12,121114,Grade 5,Grade 1,1,Walking,3,School too far away,_missing_,13,12,25,6,60, , , 
21,2,12,121114,Grade 5,Grade 1,1,Walking,4,School too far away,_missing_,9,8,1,1,20, , , 
21,2,12,121114,Grade 5,Grade 1,1,Walking,5,School too far away,_missing_,6,5,1,1,20, , , 
21,2,6,121115,Grade 9,Grade 1,1,Walking,3,School too far away,_missing_,12,11,4,3,30, , , 
21,2,12,121116,Grade 4,Grade 1,1,Walking,3,School too far away,_missing_,6,5,0,2,10, , , 
21,2,12,121116,Grade 4,Grade 1,1,Walking,4,School too far away,_missing_,2,1,0,2,10, , , 
21,2,12,121118,Grade 4,Grade 1,1,Walking,3,School too far away,_missing_,11,10,8,5,60, , , 
21,2,7,121120,Grade 3,Grade 1,1,Walking,3,School too far away,_missing_,6,5,4,3,20, , , 
21,1,7,121121,Grade 1,Grade 1,1,Walking,5,School too far away,_missing_,10,9,2,5,10, , , 
21,1,7,121121,Grade 1,Grade 1,1,Walking,6,School too far away,_missing_,5,4,2,5,10, , , 
21,3,8,121122,Grade 1,Grade 1,1,Walking,3,School too far away,_missing_,3,2,2,1,45, , , 
21,2,8,121123,Grade 7,Grade 1,1,Walking,4,School too far away,_missing_,12,11,6,6,40, , , 
21,2,8,121123,Grade 7,Grade 1,1,Walking,5,School too far away,_missing_,4,3,1,1,15, , , 
21,2,8,121124,Grade 1,Grade 1,1,Walking,3,School too far away,_missing_,7,6,0,1,15, , , 
21,2,9,121125,Grade 4,Grade 1,1,Walking,2,School too far away,_missing_,10,9,1,1,30, , , 
21,2,9,121125,Grade 7,Grade 1,1,Walking,3,School too far away,_missing_,7,6,1,2,20, , , 
21,2,9,121125,Grade 7,Grade 1,1,Walking,4,School too far away,_missing_,1,19,1,1,30, , , 
21,2,9,121126,Grade 9,Grade 1,1,Walking,2,School too far away,_missing_,10,9,1,6,20, , , 
21,2,9,121127,Grade 7,Grade 1,1,Walking,3,School too far away,_missing_,11,10,1,1,18, , , 
21,2,9,121127,Grade 7,Grade 1,1,Walking,4,School too far away,_missing_,3,2,1,1,18, , , 
21,2,10,121128,Grade 3,Grade 1,1,Walking,3,School too far away,_missing_,13,12,2,6,10, , , 
21,2,10,121129,Grade 3,Grade 1,1,Walking,3,School too far away,_missing_,5,4,13,5,45, , , 
21,2,10,121129,Grade 7,Grade 1,1,Walking,3,House keeping / Family business,_missing_, , , , , , ,9,2019
21,2,10,121129,Grade 7,Grade 1,1,Walking,4,School too far away,_missing_,11,10,1,1,15, , , 
21,2,10,121129,Grade 7,Grade 1,1,Walking,5,School too far away,_missing_,9,8,1,1,15, , , 
21,2,10,121129,Grade 7,Grade 1,1,Walking,6,School too far away,_missing_,7,6,1,1,15, , , 
21,2,10,121129,Grade 7,Grade 1,1,Walking,7,School too far away,_missing_,5,4,1,1,15, , , 
21,2,11,121130,Grade 3,Grade 1,1,Walking,5,School too far away,_missing_,6,5,0,1,5, , , 
21,2,11,121130,Grade 3,Grade 1,1,Walking,6,School too far away,_missing_,4,3,0,1,5, , , 
21,2,11,121130,Grade 3,Grade 1,1,Walking,7,Financial problems,_missing_, , , , , ,7, , 
21,2,11,121132,Grade 1,Grade 1,1,Walking,3,School too far away,_missing_,7,6,1,1,10, , , 
21,2,11,121132,Grade 1,Grade 1,1,Walking,4,School too far away,_missing_,4,3,1,1,10, , , 
21,2,11,121132,Grade 1,Grade 1,1,Walking,5,School too far away,_missing_,1,19,1,1,10, , , 
21,2,12,121133,Grade 3,Grade 1,1,Walking,2,School too far away,_missing_,8,7,5,6,20, , , 
21,2,12,121133,Grade 3,Grade 1,1,Walking,3,School too far away,_missing_,3,2,20,5,80, , , 
21,2,12,121133,Grade 8,Grade 1,1,Walking,4,School too far away,_missing_,9,8,8,6,25, , , 
21,2,12,121133,Grade 8,Grade 1,1,Walking,5,School too far away,_missing_,2,1,8,6,25, , , 
21,1,12,121134,Grade 1,Grade 1,1,Walking,3,School too far away,_missing_,12,11,4,4,15, , , 
21,1,12,121134,Grade 1,Grade 1,1,Walking,4,School too far away,_missing_,8,7,3,4,15, , , 
21,1,12,121134,Grade 5,Grade 1,1,Walking,2,School too far away,_missing_,13,12,1,4,10, , , 
21,1,12,121134,Grade 5,Grade 1,1,Walking,3,School too far away,_missing_,12,11,1,4,10, , , 
21,1,12,121134,Grade 9,Grade 1,1,Walking,3,School too far away,_missing_,3,2,4,4,15, , , 
22,2,1,122001,Grade 7,Grade 1,1,Walking,2,School too far away,_missing_,4,3,7,5,30, , , 
22,2,2,122002,Grade 1,Grade 1,1,Walking,7,School too far away,_missing_,2,1,3,6,10, , , 
22,2,2,122002,Grade 6,Grade 1,1,Walking,4,School too far away,_missing_,10,9,12,6,45, , , 
22,2,2,122002,Grade 6,Grade 1,1,Walking,5,School too far away,_missing_,6,5,12,6,45, , , 
22,2,2,122002,Grade 6,Grade 1,1,Walking,6,School too far away,_missing_,1,19,4,6,30, , , 
22,2,1,122003,Grade 1,Grade 1,1,Walking,3,School too far away,_missing_,12,11,15,6,40, , , 
22,2,1,122003,Grade 1,Grade 1,1,Walking,4,School too far away,_missing_,5,4,15,6,40, , , 
22,2,2,122004,Grade 8,Grade 1,1,Walking,4,School too far away,_missing_,3,2,3,3,10, , , 
22,2,1,122005,Grade 2,Grade 1,1,Walking,3,House keeping / Family business,_missing_, , , , , , ,9,2013
22,2,1,122005,Grade 7,Grade 1,1,Walking,3,School too far away,_missing_,13,12,4,6,30, , , 
22,2,3,122006,Grade 5,Grade 1,1,Walking,3,School too far away,_missing_,5,4,1,1,30, , , 
22,2,3,122006,Grade 5,Grade 1,1,Walking,4,School too far away,_missing_,2,1,1,3,30, , , 
22,2,2,122007,Grade 5,Grade 1,1,Walking,4,School too far away,_missing_,11,10,20,6,60, , , 
22,2,4,122008,Grade 3,Grade 1,1,Walking,3,School too far away,_missing_,9,8,16,5,40, , , 
22,2,4,122008,Grade 3,Grade 1,1,Walking,4,School too far away,_missing_,8,7,16,5,40, , , 
22,2,3,122009,Grade 7,Grade 1,1,Walking,3,School too far away,_missing_,7,6,18,5,45, , , 
22,2,4,122011,Grade 9,Grade 1,1,Walking,3,School too far away,_missing_,3,2,2,3,15, , , 
22,2,5,122012,Grade 3,Grade 1,1,Walking,2,House keeping / Family business,_missing_, , , , , , ,6,2016
22,2,5,122012,Grade 7,Grade 1,1,Walking,3,School too far away,_missing_,6,5,8,3,20, , , 
22,2,4,122013,Grade 10,Grade 1,1,Walking,4,School too far away,_missing_,10,9,2,6,15, , , 
22,2,6,122014,Grade 4,Grade 1,1,Walking,7,School too far away,_missing_,3,2,0,1,10, , , 
22,2,6,122014,Grade 8,Grade 1,1,Walking,4,School too far away,_missing_,5,4,0,1,10, , , 
22,2,7,122015,Grade 4,Grade 1,1,Walking,3,School too far away,_missing_,4,3,2,5,10, , , 
22,2,6,122016,Grade 2,Grade 1,1,Walking,4,House keeping / Family business,_missing_, , , , , , ,2,2013
22,2,6,122016,Grade 2,Grade 1,1,Walking,5,School too far away,_missing_,6,5,5,2,6, , , 
22,2,7,122017,Grade 4,Grade 1,1,Walking,2,School too far away,_missing_,4,3,1,1,15, , , 
22,2,7,122017,Grade 8,Grade 1,1,Walking,2,House keeping / Family business,_missing_, , , , , , ,6,2018
22,2,6,122018,Grade 2,Grade 1,1,Walking,2,School too far away,_missing_,11,10,2,1,20, , , 
22,2,6,122018,Grade 2,Grade 1,1,Walking,3,School too far away,_missing_,7,6,2,1,20, , , 
22,1,8,122019,Grade 10,Grade 1,1,Walking,5,School too far away,_missing_,13,12,2,6,10, , , 
22,2,7,122020,Grade 3,Grade 1,1,Walking,2,School too far away,_missing_,9,8,1,5,10, , , 
22,2,7,122020,Grade 3,Grade 1,1,Walking,3,School too far away,_missing_,5,4,1,5,10, , , 
22,2,9,122021,Grade 4,Grade 1,1,Walking,3,School too far away,_missing_,8,7,2,2,15, , , 
22,2,9,122021,Grade 4,Grade 1,1,Walking,4,School too far away,_missing_,2,1,2,3,15, , , 
22,2,9,122021,Grade 8,Grade 1,1,Walking,3,House keeping / Family business,_missing_, , , , , , ,6,2018
22,2,8,122022,Grade 2,Grade 1,1,Walking,3,School too far away,_missing_,5,4,7,6,35, , , 
22,2,8,122024,Grade 3,Grade 1,1,Walking,4,School too far away,_missing_,9,8,0,1,10, , , 
22,2,8,122024,Grade 7,Grade 1,1,Walking,3,School too far away,_missing_,3,2,1,3,10, , , 
22,2,10,122025,Grade 1,Grade 1,1,Walking,3,School too far away,_missing_,10,9,1,3,5, , , 
22,2,10,122025,Grade 1,Grade 1,1,Walking,4,School too far away,_missing_,5,4,1,3,5, , , 
22,2,10,122025,Grade 1,Grade 1,1,Walking,5,School too far away,_missing_,3,2,1,3,5, , , 
22,2,10,122025,Grade 5,Grade 1,1,Walking,2,School too far away,_missing_,2,1,1,3,10, , , 
22,1,9,122026,Grade 9,Grade 1,1,Walking,3,School too far away,_missing_,12,11,3,4,10, , , 
22,1,9,122026,Grade 9,Grade 1,1,Walking,4,School too far away,_missing_,8,7,2,4,10, , , 
22,2,11,122027,Grade 1,Grade 1,1,Walking,4,School too far away,_missing_,10,9,1,1,20, , , 
22,2,11,122027,Grade 1,Grade 1,1,Walking,5,School too far away,_missing_,5,4,1,1,20, , , 
22,2,11,122027,Grade 9,Grade 1,1,Walking,3,School too far away,_missing_,10,9,0,1,10, , , 
22,2,11,122027,Grade 9,Grade 1,1,Walking,4,School too far away,_missing_,3,2,0,3,8, , , 
22,2,10,122028,Grade 9,Grade 1,1,Walking,4,School too far away,_missing_,10,9,2,2,15, , , 
22,2,12,122029,Grade 8,Grade 1,1,Walking,3,House keeping / Family business,_missing_, , , , , , ,3,2017
22,2,12,122029,Grade 8,Grade 1,1,Walking,4,School too far away,_missing_,10,9,3,2,10, , , 
22,2,10,122030,Grade 7,Grade 1,1,Walking,3,School too far away,_missing_,10,9,1,6,15, , , 
22,2,10,122030,Grade 7,Grade 1,1,Walking,4,School too far away,_missing_,7,6,1,6,15, , , 
22,2,10,122030,Grade 7,Grade 1,1,Walking,5,School too far away,_missing_,3,2,1,6,15, , , 
22,2,12,122031,Grade 1,Grade 1,1,Walking,3,School too far away,_missing_,12,11,15,6,45, , , 
22,2,12,122031,Grade 1,Grade 1,1,Walking,4,School too far away,_missing_,7,6,1,1,20, , , 
22,2,12,122031,Grade 1,Grade 1,1,Walking,5,School too far away,_missing_,3,2,1,1,20, , , 
22,2,11,122032,Grade 2,Grade 1,1,Walking,4,School too far away,_missing_,3,2,1,3,15, , , 
22,2,11,122032,Grade 6,Grade 1,1,Walking,3,School too far away,_missing_,1,19,0,1,10, , , 
22,2,11,122032,Grade 10,Grade 1,1,Walking,3,School too far away,_missing_,1,19,0,1,10, , , 
22,2,12,122033,Grade 8,Grade 1,1,Walking,3,House keeping / Family business,_missing_, , , , , , ,99,2018
22,2,12,122033,Grade 8,Grade 1,1,Walking,4,House keeping / Family business,_missing_, , , , , , ,9,2018
22,2,1,122034,Grade 2,Grade 1,1,Walking,3,School too far away,_missing_,11,10,2,1,15, , , 
22,2,1,122034,Grade 2,Grade 1,1,Walking,4,School too far away,_missing_,7,6,2,1,15, , , 
22,2,1,122034,Grade 6,Grade 1,1,Walking,3,School too far away,_missing_,10,9,0,1,15, , , 
22,2,1,122034,Grade 6,Grade 1,1,Walking,4,School too far away,_missing_,4,3,0,1,15, , , 
22,2,1,122034,Grade 10,Grade 1,1,Walking,2,School too far away,_missing_,6,5,2,6,15, , , 
22,2,2,122035,Grade 4,Grade 1,1,Walking,3,School too far away,_missing_,3,3,2,3,20, , , 
22,2,2,122035,Grade 4,Grade 1,1,Walking,4,School too far away,_missing_,1,19,2,3,20, , , 
22,2,2,122035,Grade 8,Grade 1,1,Walking,4,School too far away,_missing_,10,9,1,3,10, , , 
22,2,2,122036,Grade 2,Grade 1,1,Walking,3,School too far away,_missing_,3,2,3,5,15, , , 
22,1,3,122037,Grade 7,Grade 1,1,Walking,5,House keeping / Family business,_missing_, , , , , , ,8,2017
22,2,4,122038,Grade 1,Grade 1,1,Walking,3,School too far away,_missing_,6,5,0,1,10, , , 
22,2,4,122038,Grade 1,Grade 1,1,Walking,4,School too far away,_missing_,3,2,4,5,30, , , 
22,2,4,122039,Grade 1,Grade 1,1,Walking,3,School too far away,_missing_,3,2,6,5,20, , , 
22,2,5,122040,Grade 5,Grade 1,1,Walking,3,Financial problems,_missing_, , , , , ,6, , 
22,2,5,122040,Grade 10,Grade 1,1,Walking,2,House keeping / Family business,_missing_, , , , , , ,9,2019
22,2,5,122040,Grade 10,Grade 1,1,Walking,3,School too far away,_missing_,5,4,1,1,25, , , 
22,1,6,122041,Grade 1,Grade 1,1,Walking,3,School too far away,_missing_,1,19,3,6,15, , , 
22,1,6,122041,Grade 6,Grade 1,1,Walking,3,School too far away,_missing_,7,6,2,1,30, , , 
22,1,6,122041,Grade 6,Grade 1,1,Walking,4,Financial problems,_missing_, , , , , ,7, , 
22,2,7,122043,Grade 1,Grade 1,1,Walking,3,School too far away,_missing_,3,2,3,5,30, , , 
22,2,7,122043,Grade 10,Grade 1,1,Walking,2,House keeping / Family business,_missing_, , , , , , ,99,2018
22,2,8,122044,Grade 5,Grade 1,1,Walking,3,School too far away,_missing_,13,12,30,6,45, , , 
22,2,8,122044,Grade 5,Grade 1,1,Walking,4,School too far away,_missing_,9,8,30,5,60, , , 
22,2,9,122045,Grade 4,Grade 1,1,Walking,3,House keeping / Family business,_missing_, , , , , , ,2,2018
22,2,9,122045,Grade 4,Grade 1,1,Walking,4,School too far away,_missing_,10,9,0,1,1, , , 
22,2,9,122045,Grade 4,Grade 1,1,Walking,5,School too far away,_missing_,7,6,0,1,1, , , 
22,2,9,122045,Grade 8,Grade 1,1,Walking,5,School too far away,_missing_,10,9,1,1,10, , , 
22,2,9,122045,Grade 8,Grade 1,1,Walking,6,School too far away,_missing_,6,5,1,1,10, , , 
22,2,9,122046,Grade 3,Grade 1,1,Walking,5,School too far away,_missing_,13,12,2,2,10, , , 
22,2,9,122046,Grade 8,Grade 1,1,Walking,3,School too far away,_missing_,4,3,0,1,5, , , 
22,2,10,122047,Grade 8,Grade 1,1,Walking,3,School too far away,_missing_,10,9,10,6,45, , , 
22,2,10,122047,Grade 8,Grade 1,1,Walking,4,School too far away,_missing_,2,1,4,5,30, , , 
22,1,11,122048,Grade 3,Grade 1,1,Walking,5,School too far away,_missing_,8,7,10,3,20, , , 
22,1,11,122048,Grade 3,Grade 1,1,Walking,6,School too far away,_missing_,2,1,10,3,20, , , 
22,1,11,122048,Grade 9,Grade 1,1,Walking,3,School too far away,_missing_,9,8,4,6,15, , , 
22,2,12,122050,Grade 1,Grade 1,1,Walking,6,School too far away,_missing_,11,10,2,5,10, , , 
22,2,12,122050,Grade 5,Grade 1,1,Walking,4,School too far away,_missing_,11,10,2,1,20, , , 
22,2,12,122050,Grade 5,Grade 1,1,Walking,5,School too far away,_missing_,5,4,2,1,20, , , 
22,2,1,122051,Grade 3,Grade 1,1,Walking,3,School too far away,_missing_,8,8,40,6,45, , , 
22,2,1,122051,Grade 3,Grade 1,1,Walking,4,School too far away,_missing_,5,4,40,6,45, , , 
22,2,1,122052,Grade 1,Grade 1,1,Walking,4,School too far away,_missing_,1,19,0,3,5, , , 
22,2,1,122052,Grade 6,Grade 1,1,Walking,3,School too far away,_missing_,3,2,0,1,10, , , 
22,2,2,122053,Grade 8,Grade 1,1,Walking,3,House keeping / Family business,_missing_, , , , , , ,5,2016
22,2,2,122053,Grade 8,Grade 1,1,Walking,4,House keeping / Family business,_missing_, , , , , , ,9,2019
22,1,3,122054,Grade 6,Grade 1,1,Walking,2,House keeping / Family business,_missing_, , , , , , ,99,2018
22,1,3,122054,Grade 6,Grade 1,1,Walking,3,School too far away,_missing_,11,10,2,1,30, , , 
22,1,3,122054,Grade 6,Grade 1,1,Walking,4,School too far away,_missing_,5,4,0,1,15, , , 
22,1,3,122054,Grade 6,Grade 1,1,Walking,5,House keeping / Family business,_missing_, , , , , , ,99,2017
22,3,3,122055,Grade 2,Grade 1,1,Walking,3,School too far away,_missing_,6,5,0,1,10, , , 
22,3,3,122055,Grade 6,Grade 1,1,Walking,2,School too far away,_missing_,8,7,0,1,10, , , 
22,3,3,122055,Grade 10,Grade 1,1,Walking,3,School too far away,_missing_,13,12,12,6,45, , , 
22,3,3,122055,Grade 10,Grade 1,1,Walking,4,School too far away,_missing_,11,10,0,1,1, , , 
22,3,3,122055,Grade 10,Grade 1,1,Walking,5,School too far away,_missing_,8,7,0,1,1, , , 
22,2,4,122056,Grade 2,Grade 1,1,Walking,4,School too far away,_missing_,12,11,30,6,60, , , 
22,2,4,122056,Grade 2,Grade 1,1,Walking,5,School too far away,_missing_,8,7,1,3,10, , , 
22,2,4,122056,Grade 10,Grade 1,1,Walking,6,School too far away,_missing_,13,12,2,1,20, , , 
22,2,4,122056,Grade 10,Grade 1,1,Walking,7,School too far away,_missing_,11,10,2,1,20, , , 
22,2,5,122057,Grade 5,Grade 1,1,Walking,3,School too far away,_missing_,5,4,0,1,10, , , 
22,2,5,122057,Grade 10,Grade 1,1,Walking,3,School too far away,_missing_,10,9,4,6,30, , , 
22,3,5,122058,Grade 5,Grade 1,1,Walking,3,School too far away,_missing_,8,7,6,6,20, , , 
22,3,5,122058,Grade 5,Grade 1,1,Walking,4,School too far away,_missing_,4,3,6,6,20, , , 
22,3,5,122058,Grade 9,Grade 1,1,Walking,4,School too far away,_missing_,7,6,12,5,30, , , 
22,1,6,122059,Grade 5,Grade 1,1,Walking,2,School too far away,_missing_,12,11,2,6,20, , , 
22,2,7,122060,Grade 9,Grade 1,1,Walking,3,School too far away,_missing_,9,8,1,1,20, , , 
22,2,7,122061,Grade 5,Grade 1,1,Walking,3,School too far away,_missing_,13,12,10,6,25, , , 
22,2,7,122061,Grade 5,Grade 1,1,Walking,4,School too far away,_missing_,9,8,3,1,15, , , 
22,2,7,122061,Grade 9,Grade 1,1,Walking,3,School too far away,_missing_,13,12,12,5,25, , , 
22,2,9,122063,Grade 3,Grade 1,1,Walking,2,School too far away,_missing_,12,11,4,6,20, , , 
22,2,10,122064,Grade 1,Grade 1,1,Walking,3,School too far away,_missing_,11,10,3,3,30, , , 
22,2,10,122064,Grade 1,Grade 1,1,Walking,4,School too far away,_missing_,7,6,3,3,30, , , 
22,2,10,122064,Grade 9,Grade 1,1,Walking,5,School too far away,_missing_,12,11,3,3,15, , , 
22,2,10,122064,Grade 9,Grade 1,1,Walking,6,School too far away,_missing_,7,6,3,3,15, , , 
22,1,11,122066,Grade 4,Grade 1,1,Walking,3,House keeping / Family business,_missing_, , , , , , ,6,2018
22,1,11,122066,Grade 4,Grade 1,1,Walking,4,School too far away,_missing_,8,7,1,1,30, , , 
22,2,12,122067,Grade 2,Grade 1,1,Walking,2,School too far away,_missing_,10,9,4,2,15, , , 
22,2,12,122067,Grade 7,Grade 1,1,Walking,3,School too far away,_missing_,4,3,5,6,15, , , 
22,2,12,122068,Grade 4,Grade 1,1,Walking,4,House keeping / Family business,_missing_, , , , , , ,99, 
22,2,12,122068,Grade 4,Grade 1,1,Walking,5,School too far away,_missing_,10,9,4,5,15, , , 
22,2,12,122068,Grade 8,Grade 1,1,Walking,3,School too far away,_missing_,9,8,1,1,15, , , 
22,2,12,122068,Grade 8,Grade 1,1,Walking,4,School too far away,_missing_,6,5,1,1,15, , , 
23,3,1,123001,Grade 10,Grade 1,1,Walking,3,School too far away,_missing_,1,19,1,1,20, , , 
23,3,1,123002,Grade 5,Grade 1,1,Walking,8,School too far away,_missing_,6,5,2,1,10, , , 
23,3,1,123002,Grade 5,Grade 1,1,Walking,9,School too far away,_missing_,4,3,2,1,10, , , 
23,3,1,123002,Grade 9,Grade 1,1,Walking,4,School too far away,_missing_,3,2,2,1,10, , , 
23,3,1,123002,Grade 9,Grade 1,1,Walking,7,School too far away,_missing_,7,6,2,1,10, , , 
23,2,1,123003,Grade 8,Grade 1,1,Walking,5,School too far away,_missing_,13,12,2,6,30, , , 
23,2,2,123004,Grade 9,Grade 1,1,Walking,5,School too far away,_missing_,11,10,3,6,20, , , 
23,3,1,123005,Grade 7,Grade 1,1,Walking,3,School too far away,_missing_,3,2,2,1,30, , , 
23,3,1,123005,Grade 7,Grade 1,1,Walking,4,School too far away,_missing_,2,1,2,5,30, , , 
23,3,2,123006,Grade 5,Grade 1,1,Walking,5,School too far away,_missing_,6,5,1,1,10, , , 
23,3,2,123006,Grade 5,Grade 1,1,Walking,6,School too far away,_missing_,2,1,1,1,10, , , 
23,3,2,123006,Grade 10,Grade 1,1,Walking,7,School too far away,_missing_,1,19,1,1,10, , , 
23,3,2,123006,Grade 10,Grade 1,1,Walking,8,School too far away,_missing_,3,2,1,1,10, , , 
23,3,3,123008,Grade 8,Grade 1,1,Walking,3,School too far away,_missing_,2,1,1,1,20, , , 
23,3,3,123008,Grade 8,Grade 1,1,Walking,7,School too far away,_missing_,11,10,1,1,20, , , 
23,2,2,123009,Grade 5,Grade 1,1,Walking,4,School too far away,_missing_,11,10,5,1,30, , , 
23,3,3,123010,Grade 2,Grade 1,1,Walking,4,House keeping / Family business,_missing_, , , , , , ,6,2018
23,3,3,123010,Grade 2,Grade 1,1,Walking,5,House keeping / Family business,_missing_, , , , , , ,6,2018
23,3,3,123010,Grade 2,Grade 1,1,Walking,6,School too far away,_missing_,9,8,2,1,10, , , 
23,2,3,123011,Grade 1,Grade 1,1,Walking,5,School too far away,_missing_,1,19,3,1,15, , , 
23,3,4,123012,Grade 5,Grade 1,1,Walking,5,School too far away,_missing_,4,3,2,1,15, , , 
23,3,4,123012,Grade 9,Grade 1,1,Walking,3,School too far away,_missing_,13,12,6,6,30, , , 
23,2,3,123013,Grade 2,Grade 1,1,Walking,4,House keeping / Family business,_missing_, , , , , , ,6,2015
23,2,3,123013,Grade 8,Grade 1,1,Walking,3,School too far away,_missing_,4,3,3,6,20, , , 
23,2,3,123013,Grade 8,Grade 1,1,Walking,4,School too far away,_missing_,1,19,3,6,20, , , 
23,3,5,123014,Grade 3,Grade 1,1,Walking,4,School too far away,_missing_,8,7,11,6,30, , , 
23,3,5,123014,Grade 3,Grade 1,1,Walking,5,School too far away,_missing_,7,6,11,6,30, , , 
23,3,5,123014,Grade 3,Grade 1,1,Walking,6,School too far away,_missing_,3,2,2,1,20, , , 
23,3,5,123016,Grade 2,Grade 1,1,Walking,4,House keeping / Family business,_missing_, , , , , , ,6,2015
23,3,5,123016,Grade 7,Grade 1,1,Walking,3,School too far away,_missing_,8,7,2,1,15, , , 
23,3,5,123016,Grade 7,Grade 1,1,Walking,4,School too far away,_missing_,8,7,2,1,15, , , 
23,3,4,123017,Grade 8,Grade 1,1,Walking,4,School too far away,_missing_,13,12,20,6,60, , , 
23,3,4,123017,Grade 8,Grade 1,1,Walking,5,School too far away,_missing_,7,6,20,6,60, , , 
23,2,5,123019,Grade 9,Grade 1,1,Walking,5,School too far away,_missing_,12,11,0,1,15, , , 
23,3,6,123020,Grade 2,Grade 1,1,Walking,5,School too far away,_missing_,6,5,5,1,25, , , 
23,3,6,123020,Grade 2,Grade 1,1,Walking,6,School too far away,_missing_,3,2,5,1,25, , , 
23,3,6,123020,Grade 9,Grade 1,1,Walking,3,House keeping / Family business,_missing_, , , , , , ,6,2018
23,3,6,123020,Grade 9,Grade 1,1,Walking,4,School too far away,_missing_,8,7,6,6,30, , , 
23,3,5,123021,Grade 4,Grade 1,1,Walking,1,School too far away,_missing_,12,11,2,1,10, , , 
23,3,5,123021,Grade 4,Grade 1,1,Walking,5,School too far away,_missing_,10,9,2,1,10, , , 
23,3,5,123021,Grade 8,Grade 1,1,Walking,3,School too far away,_missing_,13,12,3,1,15, , , 
23,3,5,123021,Grade 8,Grade 1,1,Walking,4,School too far away,_missing_,11,10,3,1,15, , , 
23,3,5,123021,Grade 8,Grade 1,1,Walking,5,School too far away,_missing_,8,7,3,1,15, , , 
23,3,5,123021,Grade 8,Grade 1,1,Walking,6,School too far away,_missing_,6,5,3,1,15, , , 
23,3,5,123021,Grade 8,Grade 1,1,Walking,7,School too far away,_missing_,2,1,3,1,15, , , 
23,2,7,123022,Grade 3,Grade 1,1,Walking,4,School too far away,_missing_,11,10,0,1,1, , , 
23,2,7,123022,Grade 3,Grade 1,1,Walking,5,School too far away,_missing_,5,4,0,1,1, , , 
23,2,6,123023,Grade 10,Grade 1,1,Walking,3,House keeping / Family business,_missing_, , , , , , ,3,2017
23,2,6,123023,Grade 10,Grade 1,1,Walking,4,School too far away,_missing_,9,8,0,1,4, , , 
23,2,6,123025,Grade 5,Grade 1,1,Walking,3,School too far away,_missing_,7,6,6,6,30, , , 
23,2,6,123025,Grade 5,Grade 1,1,Walking,4,School too far away,_missing_,3,2,1,1,20, , , 
23,2,6,123025,Grade 5,Grade 1,1,Walking,5,Financial problems,_missing_, , , , , ,7, , 
23,2,8,123026,Grade 7,Grade 1,1,Walking,3,School too far away,_missing_,9,8,6,6,45, , , 
23,2,8,123026,Grade 7,Grade 1,1,Walking,4,School too far away,_missing_,5,4,6,3,40, , , 
23,3,8,123028,Grade 2,Grade 1,1,Walking,4,School too far away,_missing_,4,3,2,1,10, , , 
23,3,8,123028,Grade 2,Grade 1,1,Walking,5,School too far away,_missing_,2,1,2,1,10, , , 
23,3,7,123029,Grade 8,Grade 1,1,Walking,5,School too far away,_missing_,3,2,1,1,10, , , 
23,2,9,123030,Grade 4,Grade 1,1,Walking,4,School too far away,_missing_,11,10,3,6,15, , , 
23,2,8,123031,Grade 7,Grade 1,1,Walking,4,School too far away,_missing_,9,8,3,1,30, , , 
23,2,8,123031,Grade 7,Grade 1,1,Walking,5,School too far away,_missing_,6,5,3,1,30, , , 
23,2,8,123033,Grade 3,Grade 1,1,Walking,5,School too far away,_missing_,3,2,2,3,10, , , 
23,2,8,123033,Grade 7,Grade 1,1,Walking,3,School too far away,_missing_,3,2,1,1,10, , , 
23,2,8,123033,Grade 7,Grade 1,1,Walking,4,School too far away,_missing_,2,1,1,1,10, , , 
23,3,10,123036,Grade 10,Grade 1,1,Walking,5,School too far away,_missing_,4,3,2,1,20, , , 
23,3,10,123036,Grade 10,Grade 1,1,Walking,6,Financial problems,_missing_, , , , , ,7, , 
23,2,9,123037,Grade 3,Grade 1,1,Walking,3,House keeping / Family business,_missing_, , , , , , ,7,2019
23,2,9,123037,Grade 3,Grade 1,1,Walking,4,School too far away,_missing_,12,11,1,1,10, , , 
23,2,9,123037,Grade 3,Grade 1,1,Walking,5,School too far away,_missing_,8,7,1,1,10, , , 
23,2,11,123038,Grade 3,Grade 1,1,Walking,2,School too far away,_missing_,9,8,1,1,30, , , 
23,2,11,123038,Grade 9,Grade 1,1,Walking,5,School too far away,_missing_,1,19,3,3,30, , , 
23,2,10,123039,Grade 4,Grade 1,1,Walking,4,School too far away,_missing_,11,10,8,5,6, , , 
23,2,10,123039,Grade 9,Grade 1,1,Walking,3,House keeping / Family business,_missing_, , , , , , ,6,2017
23,2,10,123039,Grade 9,Grade 1,1,Walking,4,School too far away,_missing_,11,10,4,1,30, , , 
23,2,10,123039,Grade 9,Grade 1,1,Walking,5,School too far away,_missing_,6,5,4,1,30, , , 
23,3,11,123040,Grade 5,Grade 1,1,Walking,5,School too far away,_missing_,9,8,6,6,30, , , 
23,3,11,123040,Grade 5,Grade 1,1,Walking,6,School too far away,_missing_,8,7,6,6,30, , , 
23,3,11,123040,Grade 5,Grade 1,1,Walking,7,School too far away,_missing_,5,4,6,6,30, , , 
23,1,10,123041,Grade 7,Grade 1,1,Walking,5,School too far away,_missing_,4,3,1,3,10, , , 
23,2,12,123042,Grade 4,Grade 1,1,Walking,3,School too far away,_missing_,6,5,7,6,30, , , 
23,3,11,123043,Grade 3,Grade 1,1,Walking,6,School too far away,_missing_,4,3,8,6,45, , , 
23,2,11,123045,Grade 7,Grade 1,1,Walking,3,School too far away,_missing_,2,1,1,1,20, , , 
23,2,12,123046,Grade 3,Grade 1,1,Walking,3,School too far away,_missing_,10,9,15,6,45, , , 
23,2,12,123046,Grade 3,Grade 1,1,Walking,4,School too far away,_missing_,6,5,1,1,10, , , 
23,2,12,123046,Grade 8,Grade 1,1,Walking,6,School too far away,_missing_,13,12,2,6,25, , , 
23,2,1,123047,Grade 2,Grade 1,1,Walking,4,School too far away,_missing_,11,10,0,1,5, , , 
23,2,1,123047,Grade 2,Grade 1,1,Walking,6,School too far away,_missing_,7,6,0,1,5, , , 
23,3,12,123048,Grade 1,Grade 1,1,Walking,3,School too far away,_missing_,13,12,4,5,20, , , 
23,3,12,123048,Grade 1,Grade 1,1,Walking,4,School too far away,_missing_,9,8,4,5,20, , , 
23,3,12,123048,Grade 7,Grade 1,1,Walking,4,School too far away,_missing_,11,10,4,1,30, , , 
23,3,12,123048,Grade 7,Grade 1,1,Walking,5,School too far away,_missing_,2,1,4,1,30, , , 
23,2,2,123050,Grade 1,Grade 1,1,Walking,4,School too far away,_missing_,8,7,1,1,10, , , 
23,2,2,123050,Grade 1,Grade 1,1,Walking,5,School too far away,_missing_,3,2,1,1,10, , , 
23,2,2,123050,Grade 9,Grade 1,1,Walking,2,School too far away,_missing_,10,9,1,1,15, , , 
23,3,2,123051,Grade 4,Grade 1,1,Walking,2,House keeping / Family business,_missing_, , , , , , ,7, 
23,3,2,123051,Grade 4,Grade 1,1,Walking,3,School too far away,_missing_,10,9,1,1,10, , , 
23,3,2,123051,Grade 4,Grade 1,1,Walking,4,School too far away,_missing_,4,3,1,1,10, , , 
23,3,2,123051,Grade 10,Grade 1,1,Walking,4,House keeping / Family business,_missing_, , , , , , ,3,2018
23,3,2,123051,Grade 10,Grade 1,1,Walking,5,School too far away,_missing_,8,7,1,1,10, , , 
23,2,3,123053,Grade 4,Grade 1,1,Walking,3,School too far away,_missing_,9,8,1,1,10, , , 
23,2,4,123054,Grade 5,Grade 1,1,Walking,3,School too far away,_missing_,1,19,1,1,15, , , 
23,3,4,123055,Grade 2,Grade 1,1,Walking,2,School too far away,_missing_,7,6,1,1,10, , , 
23,3,4,123055,Grade 9,Grade 1,1,Walking,3,School too far away,_missing_,7,6,8,6,30, , , 
23,3,4,123055,Grade 9,Grade 1,1,Walking,4,School too far away,_missing_,5,4,0,1,10, , , 
23,3,4,123055,Grade 9,Grade 1,1,Walking,5,School too far away,_missing_,3,2,0,1,10, , , 
23,2,5,123056,Grade 5,Grade 1,1,Walking,3,School too far away,_missing_,3,2,5,6,20, , , 
23,2,5,123056,Grade 5,Grade 1,1,Walking,4,School too far away,_missing_,1,19,5,6,20, , , 
23,3,5,123057,Grade 4,Grade 1,1,Walking,3,School too far away,_missing_,13,12,3,1,20, , , 
23,3,5,123057,Grade 4,Grade 1,1,Walking,4,School too far away,_missing_,9,8,3,1,20, , , 
23,3,6,123059,Grade 3,Grade 1,1,Walking,3,School too far away,_missing_,6,5,1,1,10, , , 
23,3,6,123059,Grade 3,Grade 1,1,Walking,4,School too far away,_missing_,4,3,1,1,10, , , 
23,3,6,123059,Grade 3,Grade 1,1,Walking,5,Financial problems,_missing_, , , , , ,7, , 
23,3,6,123059,Grade 8,Grade 1,1,Walking,3,School too far away,_missing_,13,12,6,6,30, , , 
23,3,6,123059,Grade 8,Grade 1,1,Walking,4,School too far away,_missing_,12,11,6,6,30, , , 
23,3,6,123059,Grade 8,Grade 1,1,Walking,5,School too far away,_missing_,8,7,6,6,30, , , 
23,3,7,123060,Grade 2,Grade 1,1,Walking,6,School too far away,_missing_,6,5,8,6,30, , , 
23,3,7,123060,Grade 2,Grade 1,1,Walking,7,School too far away,_missing_,4,3,8,6,30, , , 
23,3,8,123062,Grade 4,Grade 1,1,Walking,3,School too far away,_missing_,9,8,6,6,30, , , 
23,3,8,123062,Grade 4,Grade 1,1,Walking,4,School too far away,_missing_,5,4,1,6,30, , , 
23,3,8,123063,Grade 2,Grade 1,1,Walking,3,School too far away,_missing_,11,10,9,6,30, , , 
23,3,8,123063,Grade 2,Grade 1,1,Walking,4,School too far away,_missing_,5,4,9,6,30, , , 
23,3,8,123063,Grade 9,Grade 1,1,Walking,1,House keeping / Family business,_missing_, , , , , , ,7,2018
23,3,9,123064,Grade 3,Grade 1,1,Walking,7,House keeping / Family business,_missing_, , , , , , ,6,2018
23,3,9,123064,Grade 10,Grade 1,1,Walking,3,House keeping / Family business,_missing_, , , , , , ,9,2014
23,2,1,123065,Grade 4,Grade 1,1,Walking,3,School too far away,_missing_,6,5,3,6,20, , , 
23,3,9,123066,Grade 10,Grade 1,1,Walking,3,School too far away,_missing_,11,10,5,6,30, , , 
23,3,9,123066,Grade 10,Grade 1,1,Walking,4,School too far away,_missing_,8,7,5,6,30, , , 
23,3,9,123066,Grade 10,Grade 1,1,Walking,5,School too far away,_missing_,6,5,5,6,30, , , 
23,1,1,123067,Grade 5,Grade 1,1,Walking,4,School too far away,_missing_,2,1,3,6,30, , , 
23,2,10,123068,Grade 2,Grade 1,1,Walking,5,School too far away,_missing_,1,19,1,1,1, , , 
23,2,10,123068,Grade 10,Grade 1,1,Walking,2,Financial problems,_missing_, , , , , ,4, , 
23,2,10,123068,Grade 10,Grade 1,1,Walking,3,Financial problems,_missing_, , , , , ,4, , 
23,3,2,123069,Grade 4,Grade 1,1,Walking,4,House keeping / Family business,_missing_, , , , , , ,7, 
23,3,2,123069,Grade 4,Grade 1,1,Walking,5,School too far away,_missing_,9,8,0,1,5, , , 
23,3,2,123069,Grade 8,Grade 1,1,Walking,3,House keeping / Family business,_missing_, , , , , , ,7,2018
23,3,2,123069,Grade 8,Grade 1,1,Walking,4,School too far away,_missing_,8,7,0,1,5, , , 
23,3,2,123069,Grade 8,Grade 1,1,Walking,5,School too far away,_missing_,5,4,0,1,5, , , 
23,3,2,123069,Grade 8,Grade 1,1,Walking,6,School too far away,_missing_,2,1,0,1,5, , , 
23,3,2,123071,Grade 3,Grade 1,1,Walking,3,School too far away,_missing_,1,19,2,1,30, , , 
23,3,11,123072,Grade 4,Grade 1,1,Walking,3,School too far away,_missing_,5,4,1,1,10, , , 
23,3,11,123072,Grade 4,Grade 1,1,Walking,4,School too far away,_missing_,2,1,1,1,10, , , 
23,3,11,123072,Grade 8,Grade 1,1,Walking,3,School too far away,_missing_,10,9,1,1,20, , , 
23,2,3,123073,Grade 4,Grade 1,1,Walking,4,School too far away,_missing_,13,12,6,5,30, , , 
23,2,4,123077,Grade 6,Grade 1,1,Walking,5,School too far away,_missing_,2,1,0,1,10, , , 
23,3,12,123078,Grade 3,Grade 1,1,Walking,3,School too far away,_missing_,7,6,6,1,30, , , 
23,3,12,123078,Grade 3,Grade 1,1,Walking,4,School too far away,_missing_,2,1,6,1,30, , , 
23,3,12,123078,Grade 7,Grade 1,1,Walking,3,House keeping / Family business,_missing_, , , , , , ,8, 
23,3,12,123078,Grade 7,Grade 1,1,Walking,4,School too far away,_missing_,12,11,6,1,40, , , 
23,3,12,123078,Grade 7,Grade 1,1,Walking,5,School too far away,_missing_,8,7,6,1,40, , , 
23,1,4,123079,Grade 7,Grade 1,1,Walking,5,School too far away,_missing_,13,12,3,1,30, , , 
23,1,4,123079,Grade 7,Grade 1,1,Walking,6,School too far away,_missing_,10,9,3,1,30, , , 
23,1,4,123079,Grade 7,Grade 1,1,Walking,7,School too far away,_missing_,6,5,3,1,30, , , 
23,2,6,123082,Grade 3,Grade 1,1,Walking,4,School too far away,_missing_,12,11,8,6,45, , , 
23,3,6,123083,Grade 2,Grade 1,1,Walking,5,School too far away,_missing_,5,4,2,2,1, , , 
23,3,6,123083,Grade 9,Grade 1,1,Walking,4,School too far away,_missing_,3,2,3,6,20, , , 
23,3,6,123083,Grade 9,Grade 1,1,Walking,5,School too far away,_missing_,1,19,3,6,20, , , 
23,2,7,123084,Grade 2,Grade 1,1,Walking,3,School too far away,_missing_,11,10,0,1,15, , , 
23,2,7,123084,Grade 7,Grade 1,1,Walking,3,School too far away,_missing_,6,5,2,6,30, , , 
23,3,7,123085,Grade 4,Grade 1,1,Walking,3,School too far away,_missing_,3,2,2,1,15, , , 
23,3,7,123085,Grade 4,Grade 1,1,Walking,4,School too far away,_missing_,2,1,2,1,15, , , 
23,3,8,123086,Grade 4,Grade 1,1,Walking,4,School too far away,_missing_,7,6,0,1,20, , , 
23,2,8,123087,Grade 9,Grade 1,1,Walking,5,Financial problems,_missing_, , , , , ,7, , 
23,2,9,123088,Grade 4,Grade 1,1,Walking,5,School too far away,_missing_,10,9,0,1,15, , , 
23,2,10,123090,Grade 2,Grade 1,1,Walking,3,School too far away,_missing_,5,4,4,6,20, , , 
23,3,10,123091,Grade 6,Grade 1,1,Walking,3,School too far away,_missing_,13,12,3,1,20, , , 
23,3,10,123091,Grade 6,Grade 1,1,Walking,4,School too far away,_missing_,11,10,3,1,20, , , 
23,3,10,123091,Grade 6,Grade 1,1,Walking,5,School too far away,_missing_,7,6,3,1,20, , , 
23,2,12,123094,Grade 7,Grade 1,1,Walking,3,School too far away,_missing_,10,9,5,3,20, , , 
23,2,12,123094,Grade 7,Grade 1,1,Walking,4,School too far away,_missing_,2,1,5,3,20, , , 
31,2,1,131001,Grade 7,Grade 1,1,Walking,3,School too far away,_missing_,2,1,11,3,25, , , 
31,1,1,131002,Grade 4,Grade 1,1,Walking,3,School too far away,_missing_,11,10,3,3,13, , , 
31,2,1,131003,Grade 1,Grade 1,1,Walking,3,School too far away,_missing_,1,19,1,7,2, , , 
31,2,1,131003,Grade 10,Grade 1,1,Walking,3,School too far away,_missing_,13,12,3,6,15, , , 
31,2,2,131004,Grade 8,Grade 1,1,Walking,3,School too far away,_missing_,8,7,4,3,5, , , 
31,2,2,131004,Grade 8,Grade 1,1,Walking,4,School too far away,_missing_,5,4,4,5,20, , , 
31,2,2,131004,Grade 8,Grade 1,1,Walking,5,School too far away,_missing_,1,19,5,3,15, , , 
31,1,1,131005,Grade 2,Grade 1,1,Walking,3,School too far away,_missing_,10,9,1,2,5, , , 
31,1,1,131005,Grade 2,Grade 1,1,Walking,4,School too far away,_missing_,8,7,1,2,5, , , 
31,1,1,131005,Grade 10,Grade 1,1,Walking,4,School too far away,_missing_,13,12,0,1,10, , , 
31,2,2,131008,Grade 2,Grade 1,1,Walking,4,School too far away,_missing_,6,5,3,5,6, , , 
31,2,2,131008,Grade 2,Grade 1,1,Walking,5,School too far away,_missing_,1,19,3,5,6, , , 
31,2,2,131008,Grade 6,Grade 1,1,Walking,3,School too far away,_missing_,10,9,5,5,30, , , 
31,2,2,131008,Grade 6,Grade 1,1,Walking,4,School too far away,_missing_,5,4,5,5,30, , , 
31,2,2,131008,Grade 10,Grade 1,1,Walking,4,School too far away,_missing_,7,6,3,5,20, , , 
31,2,2,131008,Grade 10,Grade 1,1,Walking,5,School too far away,_missing_,3,2,3,5,20, , , 
31,2,2,131008,Grade 10,Grade 1,1,Walking,6,School too far away,_missing_,3,2,3,5,20, , , 
31,2,3,131010,Grade 4,Grade 1,1,Walking,4,School too far away,_missing_,11,10,6,9,6, , , 
31,2,3,131010,Grade 4,Grade 1,1,Walking,5,School too far away,_missing_,8,7,11,9,6, , , 
31,2,3,131010,Grade 4,Grade 1,1,Walking,6,School too far away,_missing_,8,7,11,9,6, , , 
31,2,3,131010,Grade 9,Grade 1,1,Walking,3,Financial problems,_missing_, , , , , ,7, , 
31,2,2,131011,Grade 5,Grade 1,1,Walking,3,School too far away,_missing_,2,1,7,5,15, , , 
31,2,2,131011,Grade 10,Grade 1,1,Walking,3,School too far away,_missing_,11,10,0,1,10, , , 
31,2,2,131011,Grade 10,Grade 1,1,Walking,4,School too far away,_missing_,6,5,7,6,20, , , 
31,2,2,131013,Grade 5,Grade 1,1,Walking,3,School too far away,_missing_,5,4,1,5,10, , , 
31,2,2,131013,Grade 10,Grade 1,1,Walking,4,School too far away,_missing_,8,7,2,6,10, , , 
31,2,3,131014,Grade 8,Grade 1,1,Walking,3,School too far away,_missing_,3,2,2,3,10, , , 
31,2,3,131014,Grade 8,Grade 1,1,Walking,4,School too far away,_missing_,1,19,2,3,10, , , 
31,2,4,131016,Grade 1,Grade 1,1,Walking,3,School too far away,_missing_,7,6,13,5,25, , , 
31,2,3,131017,Grade 1,Grade 1,1,Walking,2,School too far away,_missing_,10,9,2,5,10, , , 
31,2,3,131017,Grade 1,Grade 1,1,Walking,3,School too far away,_missing_,5,4,10,6,20, , , 
31,2,4,131018,Grade 2,Grade 1,1,Walking,3,School too far away,_missing_,11,10,1,3,10, , , 
31,2,4,131018,Grade 2,Grade 1,1,Walking,4,School too far away,_missing_,7,6,1,3,10, , , 
31,2,4,131018,Grade 2,Grade 1,1,Walking,5,School too far away,_missing_,4,3,1,3,13, , , 
31,2,4,131019,Grade 1,Grade 1,1,Walking,2,House keeping / Family business,_missing_, , , , , , ,6,2008
31,2,4,131019,Grade 5,Grade 1,1,Walking,3,School too far away,_missing_,9,8,7,5,20, , , 
31,2,4,131019,Grade 5,Grade 1,1,Walking,4,School too far away,_missing_,3,2,0,1,10, , , 
31,2,4,131019,Grade 5,Grade 1,1,Walking,5,School too far away,_missing_,2,1,0,1,10, , , 
31,2,4,131019,Grade 9,Grade 1,1,Walking,4,School too far away,_missing_,12,11,6,6,25, , , 
31,2,4,131019,Grade 9,Grade 1,1,Walking,5,School too far away,_missing_,5,4,6,6,25, , , 
31,2,5,131022,Grade 1,Grade 1,1,Walking,3,School too far away,_missing_,3,2,4,3,15, , , 
31,2,5,131022,Grade 1,Grade 1,1,Walking,4,School too far away,_missing_,1,19,4,3,15, , , 
31,2,4,131023,Grade 1,Grade 1,1,Walking,3,School too far away,_missing_,11,10,3,3,10, , , 
31,2,5,131024,Grade 3,Grade 1,1,Walking,4,House keeping / Family business,_missing_, , , , , , ,9,2018
31,2,5,131026,Grade 3,Grade 1,1,Walking,2,School too far away,_missing_,12,11,10,6,70, , , 
31,2,6,131028,Grade 4,Grade 1,1,Walking,3,House keeping / Family business,_missing_, , , , , , ,99,2018
31,2,5,131029,Grade 2,Grade 1,1,Walking,4,School too far away,_missing_,2,1,1,1,15, , , 
31,2,5,131029,Grade 8,Grade 1,1,Walking,4,School too far away,_missing_,12,11,12,6,60, , , 
31,2,6,131031,Grade 7,Grade 1,1,Walking,2,School too far away,_missing_,3,2,5,5,20, , , 
31,2,7,131032,Grade 3,Grade 1,1,Walking,3,School too far away,_missing_,5,4,15,6,80, , , 
31,2,7,131032,Grade 3,Grade 1,1,Walking,4,Financial problems,_missing_, , , , , ,7, , 
31,2,7,131032,Grade 7,Grade 1,1,Walking,3,School too far away,_missing_,12,11,6,6,30, , , 
31,2,7,131032,Grade 7,Grade 1,1,Walking,4,School too far away,_missing_,11,10,6,6,30, , , 
31,2,6,131033,Grade 2,Grade 1,1,Walking,3,School too far away,_missing_,13,12,7,6,15, , , 
31,2,6,131033,Grade 6,Grade 1,1,Walking,3,School too far away,_missing_,8,7,0,1,5, , , 
31,2,6,131033,Grade 6,Grade 1,1,Walking,4,School too far away,_missing_,6,5,0,1,5, , , 
31,2,6,131033,Grade 6,Grade 1,1,Walking,5,School too far away,_missing_,2,1,0,1,5, , , 
31,2,6,131033,Grade 10,Grade 1,1,Walking,4,School too far away,_missing_,3,2,2,3,5, , , 
31,2,6,131035,Grade 1,Grade 1,1,Walking,4,School too far away,_missing_,5,4,7,6,20, , , 
31,2,7,131036,Grade 4,Grade 1,1,Walking,7,House keeping / Family business,_missing_, , , , , , ,9,2018
31,2,7,131039,Grade 2,Grade 1,1,Walking,5,School too far away,_missing_,10,9,4,5,20, , , 
31,2,7,131039,Grade 2,Grade 1,1,Walking,6,School too far away,_missing_,7,6,0,1,6, , , 
31,2,7,131039,Grade 2,Grade 1,1,Walking,7,School too far away,_missing_,4,3,0,1,6, , , 
31,2,7,131039,Grade 10,Grade 1,1,Walking,3,School too far away,_missing_,2,1,4,6,20, , , 
31,3,8,131040,Grade 7,Grade 1,1,Walking,3,School too far away,_missing_,5,4,2,1,15, , , 
31,3,8,131040,Grade 7,Grade 1,1,Walking,4,School too far away,_missing_,2,1,2,1,15, , , 
31,2,7,131041,Grade 4,Grade 1,1,Walking,3,School too far away,_missing_,13,13,9,5,45, , , 
31,2,8,131042,Grade 1,Grade 1,1,Walking,4,School too far away,_missing_,12,11,2,3,10, , , 
31,2,8,131042,Grade 1,Grade 1,1,Walking,5,School too far away,_missing_,10,9,2,3,10, , , 
31,2,8,131042,Grade 5,Grade 1,1,Walking,5,Financial problems,_missing_, , , , , ,7, , 
31,2,8,131042,Grade 9,Grade 1,1,Walking,2,School too far away,_missing_,12,11,2,1,20, , , 
31,2,8,131042,Grade 9,Grade 1,1,Walking,3,School too far away,_missing_,6,5,2,1,20, , , 
31,2,8,131043,Grade 3,Grade 1,1,Walking,3,School too far away,_missing_,11,10,5,2,15, , , 
31,2,8,131043,Grade 3,Grade 1,1,Walking,4,School too far away,_missing_,7,6,1,2,5, , , 
31,2,9,131044,Grade 1,Grade 1,1,Walking,3,School too far away,_missing_,13,12,12,6,45, , , 
31,2,8,131045,Grade 8,Grade 1,1,Walking,3,School too far away,_missing_,9,8,0,1,20, , , 
31,2,8,131045,Grade 8,Grade 1,1,Walking,4,School too far away,_missing_,6,5,0,1,20, , , 
31,2,8,131045,Grade 8,Grade 1,1,Walking,5,School too far away,_missing_,2,1,0,1,20, , , 
31,2,9,131046,Grade 2,Grade 1,1,Walking,3,House keeping / Family business,_missing_, , , , , , ,99,2018
31,2,9,131046,Grade 2,Grade 1,1,Walking,4,School too far away,_missing_,13,12,10,6,25, , , 
31,2,9,131046,Grade 8,Grade 1,1,Walking,4,School too far away,_missing_,11,10,16,5,35, , , 
31,2,8,131047,Grade 2,Grade 1,1,Walking,4,Financial problems,_missing_, , , , , ,4, , 
31,3,1,131048,Grade 1,Grade 1,1,Walking,4,House keeping / Family business,_missing_, , , , , , ,6,2016
31,3,1,131048,Grade 1,Grade 1,1,Walking,5,School too far away,_missing_,11,10,1,1,20, , , 
31,3,1,131048,Grade 5,Grade 1,1,Walking,3,School too far away,_missing_,13,12,7,6,25, , , 
31,3,1,131048,Grade 5,Grade 1,1,Walking,4,School too far away,_missing_,12,11,7,6,25, , , 
31,2,9,131049,Grade 7,Grade 1,1,Walking,3,School too far away,_missing_,10,9,0,1,10, , , 
31,2,9,131050,Grade 2,Grade 1,1,Walking,3,School too far away,_missing_,2,1,9,3,35, , , 
31,2,9,131050,Grade 8,Grade 1,1,Walking,3,School too far away,_missing_,10,9,7,5,40, , , 
31,1,1,131051,Grade 4,Grade 1,1,Walking,4,House keeping / Family business,_missing_, , , , , , ,2,2011
31,1,1,131051,Grade 8,Grade 1,1,Walking,2,School too far away,_missing_,13,12,17,6,45, , , 
31,1,1,131051,Grade 8,Grade 1,1,Walking,3,School too far away,_missing_,7,6,0,1,20, , , 
31,2,10,131052,Grade 2,Grade 1,1,Walking,4,School too far away,_missing_,5,4,20,5,45, , , 
31,2,10,131052,Grade 10,Grade 1,1,Walking,3,School too far away,_missing_,3,2,5,5,25, , , 
31,2,10,131052,Grade 10,Grade 1,1,Walking,4,School too far away,_missing_,1,19,5,5,25, , , 
31,1,9,131053,Grade 2,Grade 1,1,Walking,3,House keeping / Family business,_missing_, , , , , , ,7, 
31,1,9,131053,Grade 5,Grade 1,1,Walking,3,School too far away,_missing_,3,2,1,3,10, , , 
31,1,9,131053,Grade 5,Grade 1,1,Walking,4,School too far away,_missing_,1,19,1,3,10, , , 
31,1,9,131053,Grade 10,Grade 1,1,Walking,2,School too far away,_missing_,3,2,0,1,10, , , 
31,2,1,131054,Grade 5,Grade 1,1,Walking,6,School too far away,_missing_,1,19,0,1,3, , , 
31,2,1,131054,Grade 9,Grade 1,1,Walking,3,School too far away,_missing_,5,4,5,6,35, , , 
31,2,10,131056,Grade 2,Grade 1,1,Walking,3,School too far away,_missing_,2,1,0,1,10, , , 
31,2,2,131057,Grade 6,Grade 1,1,Walking,5,School too far away,_missing_,6,5,0,3,10, , , 
31,2,2,131057,Grade 6,Grade 1,1,Walking,6,School too far away,_missing_,1,19,0,3,10, , , 
31,2,10,131058,Grade 2,Grade 1,1,Walking,3,School too far away,_missing_,12,11,0,1,10, , , 
31,2,10,131058,Grade 8,Grade 1,1,Walking,4,School too far away,_missing_,1,19,1,1,20, , , 
31,1,2,131060,Grade 4,Grade 1,1,Walking,3,School too far away,_missing_,6,5,3,3,15, , , 
31,1,2,131060,Grade 4,Grade 1,1,Walking,4,School too far away,_missing_,2,1,3,3,15, , , 
31,2,11,131061,Grade 3,Grade 1,1,Walking,3,School too far away,_missing_,10,9,3,6,25, , , 
31,2,11,131061,Grade 3,Grade 1,1,Walking,4,School too far away,_missing_,5,4,3,5,20, , , 
31,2,11,131061,Grade 9,Grade 1,1,Walking,3,School too far away,_missing_,3,2,2,2,15, , , 
31,2,11,131061,Grade 9,Grade 1,1,Walking,4,Financial problems,_missing_, , , , , ,7, , 
31,2,10,131062,Grade 8,Grade 1,1,Walking,4,House keeping / Family business,_missing_, , , , , , ,9,2018
31,2,10,131062,Grade 8,Grade 1,1,Walking,5,School too far away,_missing_,7,6,2,6,12, , , 
31,2,3,131063,Grade 3,Grade 1,1,Walking,5,School too far away,_missing_,11,10,0,1,10, , , 
31,2,3,131063,Grade 3,Grade 1,1,Walking,6,School too far away,_missing_,6,5,0,1,10, , , 
31,2,3,131063,Grade 8,Grade 1,1,Walking,3,School too far away,_missing_,12,11,2,3,10, , , 
31,2,3,131063,Grade 8,Grade 1,1,Walking,4,School too far away,_missing_,10,9,2,3,10, , , 
31,2,11,131064,Grade 10,Grade 1,1,Walking,4,House keeping / Family business,_missing_, , , , , , ,6,2017
31,2,11,131064,Grade 10,Grade 1,1,Walking,5,School too far away,_missing_,5,4,0,1,10, , , 
31,2,11,131065,Grade 4,Grade 1,1,Walking,5,Financial problems,_missing_, , , , , ,7, , 
31,2,11,131067,Grade 4,Grade 1,1,Walking,5,School too far away,_missing_,2,1,0,3,5, , , 
31,2,11,131068,Grade 3,Grade 1,1,Walking,3,School too far away,_missing_,3,2,0,1,5, , , 
31,2,11,131068,Grade 9,Grade 1,1,Walking,4,School too far away,_missing_,10,9,2,6,10, , , 
31,2,11,131068,Grade 9,Grade 1,1,Walking,5,School too far away,_missing_,8,7,2,6,10, , , 
31,2,3,131069,Grade 7,Grade 1,1,Walking,3,School too far away,_missing_,6,5,7,3,20, , , 
31,2,3,131069,Grade 7,Grade 1,1,Walking,4,School too far away,_missing_,4,3,8,5,25, , , 
31,2,11,131071,Grade 1,Grade 1,1,Walking,2,School too far away,_missing_,2,1,0,1,10, , , 
31,2,11,131071,Grade 5,Grade 1,1,Walking,3,School too far away,_missing_,4,3,1,3,12, , , 
31,2,11,131071,Grade 5,Grade 1,1,Walking,4,School too far away,_missing_,1,19,1,3,12, , , 
31,2,11,131071,Grade 10,Grade 1,1,Walking,3,School too far away,_missing_,3,2,1,1,10, , , 
31,2,4,131072,Grade 5,Grade 1,1,Walking,4,School too far away,_missing_,11,10,1,5,5, , , 
31,2,12,131074,Grade 8,Grade 1,1,Walking,3,School too far away,_missing_,12,11,4,5,20, , , 
31,2,4,131075,Grade 2,Grade 1,1,Walking,5,School too far away,_missing_,12,11,2,6,5, , , 
31,1,12,131076,Grade 1,Grade 2,2,Walking,3,School too far away,_missing_,11,10,0,1,20, , , 
31,1,12,131076,Grade 1,Grade 2,2,Walking,4,School too far away,_missing_,10,9,0,1,20, , , 
31,1,12,131076,Grade 1,Grade 2,2,Walking,5,School too far away,_missing_,6,5,0,1,20, , , 
31,1,12,131076,Grade 1,Grade 2,2,Walking,6,School too far away,_missing_,3,2,0,1,20, , , 
31,2,4,131077,Grade 6,Grade 1,1,Walking,4,House keeping / Family business,_missing_, , , , , , ,3,2018
31,2,4,131077,Grade 6,Grade 1,1,Walking,6,School too far away,_missing_,3,2,4,1,20, , , 
31,2,12,131078,Grade 5,Grade 1,1,Walking,3,School too far away,_missing_,10,9,1,1,15, , , 
31,2,12,131078,Grade 9,Grade 1,1,Walking,3,School too far away,_missing_,11,10,1,1,10, , , 
31,2,12,131078,Grade 9,Grade 1,1,Walking,4,School too far away,_missing_,7,6,1,1,10, , , 
31,2,5,131080,Grade 1,Grade 1,1,Walking,3,House keeping / Family business,_missing_, , , , , , ,6,2016
31,2,5,131080,Grade 1,Grade 1,1,Walking,4,School too far away,_missing_,7,6,1,3,10, , , 
31,2,5,131080,Grade 10,Grade 1,1,Walking,5,School too far away,_missing_,4,3,1,1,20, , , 
31,1,6,131083,Grade 1,Grade 1,1,Walking,4,School too far away,_missing_,11,10,0,2,25, , , 
31,2,6,131084,Grade 1,Grade 1,1,Walking,5,School too far away,_missing_,4,3,9,6,30, , , 
31,2,6,131084,Grade 1,Grade 1,1,Walking,10,School too far away,_missing_,12,11,22,6,40, , , 
31,2,6,131084,Grade 1,Grade 1,1,Walking,11,School too far away,_missing_,10,9,2,6,10, , , 
31,2,6,131084,Grade 1,Grade 1,1,Walking,12,School too far away,_missing_,9,8,2,6,10, , , 
31,2,6,131084,Grade 1,Grade 1,1,Walking,13,School too far away,_missing_,7,6,2,6,10, , , 
31,2,6,131084,Grade 5,Grade 1,1,Walking,2,House keeping / Family business,_missing_, , , , , , ,6,2018
31,2,6,131084,Grade 5,Grade 1,1,Walking,3,School too far away,_missing_,7,6,3,6,10, , , 
31,2,6,131084,Grade 5,Grade 1,1,Walking,4,School too far away,_missing_,1,19,3,5,10, , , 
31,2,6,131084,Grade 9,Grade 1,1,Walking,4,House keeping / Family business,_missing_, , , , , , ,6,2018
31,2,7,131086,Grade 4,Grade 1,1,Walking,3,School too far away,_missing_,12,11,6,5,45, , , 
31,2,7,131086,Grade 4,Grade 1,1,Walking,4,School too far away,_missing_,8,7,4,6,15, , , 
31,2,7,131086,Grade 8,Grade 1,1,Walking,4,School too far away,_missing_,10,9,1,1,20, , , 
31,1,7,131088,Grade 4,Grade 1,1,Walking,4,House keeping / Family business,_missing_, , , , , , ,6,2015
31,2,1,131089,Grade 8,Grade 1,1,Walking,3,School too far away,_missing_,8,7,2,1,30, , , 
31,2,1,131089,Grade 8,Grade 1,1,Walking,4,School too far away,_missing_,3,2,3,3,30, , , 
31,2,8,131090,Grade 6,Grade 1,1,Walking,6,School too far away,_missing_,11,10,3,3,10, , , 
31,2,8,131090,Grade 6,Grade 1,1,Walking,7,School too far away,_missing_,5,4,3,3,10, , , 
31,2,2,131091,Grade 1,Grade 1,1,Walking,3,School too far away,_missing_,10,9,10,5,50, , , 
31,2,2,131091,Grade 8,Grade 1,1,Walking,3,School too far away,_missing_,12,11,7,6,30, , , 
31,2,2,131091,Grade 8,Grade 1,1,Walking,4,School too far away,_missing_,3,2,1,6,10, , , 
31,2,8,131092,Grade 2,Grade 1,1,Walking,3,School too far away,_missing_,11,10,11,6,40, , , 
31,2,8,131092,Grade 2,Grade 1,1,Walking,4,School too far away,_missing_,7,6,8,6,30, , , 
31,2,8,131092,Grade 9,Grade 1,1,Walking,4,School too far away,_missing_,6,5,0,1,15, , , 
31,2,8,131092,Grade 9,Grade 1,1,Walking,5,School too far away,_missing_,2,1,1,3,15, , , 
31,2,2,131093,Grade 3,Grade 1,1,Walking,4,School too far away,_missing_,13,12,3,6,30, , , 
31,2,2,131093,Grade 7,Grade 1,1,Walking,3,School too far away,_missing_,9,8,4,2,20, , , 
31,2,2,131093,Grade 7,Grade 1,1,Walking,4,School too far away,_missing_,3,2,4,2,20, , , 
31,1,8,131094,Grade 2,Grade 1,1,Walking,4,School too far away,_missing_,12,11,2,3,10, , , 
31,1,8,131094,Grade 7,Grade 1,1,Walking,3,School too far away,_missing_,7,6,2,1,3, , , 
31,1,8,131094,Grade 7,Grade 1,1,Walking,4,School too far away,_missing_,4,3,2,1,3, , , 
31,2,2,131095,Grade 1,Grade 1,1,Walking,4,School too far away,_missing_,6,5,3,2,10, , , 
31,2,9,131096,Grade 2,Grade 1,1,Walking,4,School too far away,_missing_,9,8,3,6,20, , , 
31,2,9,131096,Grade 2,Grade 1,1,Walking,5,School too far away,_missing_,2,1,3,6,20, , , 
31,2,3,131097,Grade 6,Grade 1,1,Walking,5,School too far away,_missing_,1,19,3,5,15, , , 
31,2,9,131098,Grade 8,Grade 1,1,Walking,4,School too far away,_missing_,13,12,20,3,40, , , 
31,2,9,131100,Grade 2,Grade 1,1,Walking,4,School too far away,_missing_,12,11,1,2,10, , , 
31,2,9,131100,Grade 2,Grade 1,1,Walking,5,School too far away,_missing_,6,5,5,5,30, , , 
31,2,9,131100,Grade 2,Grade 1,1,Walking,6,Financial problems,_missing_, , , , , ,7, , 
31,2,9,131100,Grade 6,Grade 1,1,Walking,4,School too far away,_missing_,13,12,1,1,10, , , 
31,2,9,131100,Grade 10,Grade 1,1,Walking,4,School too far away,_missing_,11,10,10,6,45, , , 
31,2,3,131101,Grade 9,Grade 1,1,Walking,6,School too far away,_missing_,5,4,3,3,15, , , 
31,2,10,131104,Grade 8,Grade 1,1,Walking,3,School too far away,_missing_,8,7,10,5,30, , , 
31,2,10,131104,Grade 8,Grade 1,1,Walking,4,School too far away,_missing_,3,2,3,2,10, , , 
31,1,4,131105,Grade 5,Grade 1,1,Walking,3,School too far away,_missing_,5,4,0,3,5, , , 
31,1,4,131105,Grade 5,Grade 1,1,Walking,4,School too far away,_missing_,1,19,0,3,5, , , 
31,1,4,131105,Grade 9,Grade 1,1,Walking,3,House keeping / Family business,_missing_, , , , , , ,7, 
31,2,10,131106,Grade 3,Grade 1,1,Walking,3,House keeping / Family business,_missing_, , , , , , ,9,2019
31,2,5,131107,Grade 3,Grade 1,1,Walking,6,School too far away,_missing_,8,7,1,3,5, , , 
31,2,5,131107,Grade 3,Grade 1,1,Walking,7,School too far away,_missing_,2,1,1,3,5, , , 
31,2,5,131107,Grade 3,Grade 1,1,Walking,8,School too far away,_missing_,1,19,1,3,5, , , 
31,2,5,131107,Grade 8,Grade 1,1,Walking,3,School too far away,_missing_,2,1,24,5,50, , , 
31,2,5,131107,Grade 8,Grade 1,1,Walking,4,School too far away,_missing_,7,6,1,5,20, , , 
31,2,11,131108,Grade 2,Grade 1,1,Walking,3,School too far away,_missing_,6,5,20,5,60, , , 
31,2,11,131108,Grade 2,Grade 1,1,Walking,4,School too far away,_missing_,3,2,1,1,15, , , 
31,2,11,131108,Grade 6,Grade 1,1,Walking,5,Financial problems,_missing_, , , , , ,7, , 
31,2,5,131109,Grade 2,Grade 1,1,Walking,3,School too far away,_missing_,13,12,25,5,45, , , 
31,2,5,131109,Grade 6,Grade 1,1,Walking,4,School too far away,_missing_,13,12,3,6,15, , , 
31,2,5,131109,Grade 6,Grade 1,1,Walking,5,School too far away,_missing_,10,9,0,1,10, , , 
31,2,11,131112,Grade 7,Grade 1,1,Walking,4,School too far away,_missing_,9,8,0,1,5, , , 
31,2,6,131115,Grade 6,Grade 1,1,Walking,3,School too far away,_missing_,9,8,4,3,20, , , 
31,2,6,131115,Grade 6,Grade 1,1,Walking,4,School too far away,_missing_,4,3,4,3,20, , , 
31,2,6,131115,Grade 6,Grade 1,1,Walking,5,School too far away,_missing_,2,1,4,3,20, , , 
31,1,12,131116,Grade 5,Grade 1,1,Walking,4,House keeping / Family business,_missing_, , , , , , ,7,2019
31,2,6,131117,Grade 1,Grade 1,1,Walking,3,School too far away,_missing_,10,9,1,1,10, , , 
31,2,6,131117,Grade 1,Grade 1,1,Walking,4,School too far away,_missing_,3,2,4,3,25, , , 
31,2,6,131117,Grade 6,Grade 1,1,Walking,2,School too far away,_missing_,12,11,1,1,20, , , 
31,2,6,131117,Grade 6,Grade 1,1,Walking,3,School too far away,_missing_,3,2,1,1,20, , , 
31,2,12,131118,Grade 8,Grade 1,1,Walking,3,School too far away,_missing_,13,12,20,5,40, , , 
31,2,7,131119,Grade 3,Grade 1,1,Walking,2,School too far away,_missing_,9,8,0,1,15, , , 
31,2,7,131119,Grade 3,Grade 1,1,Walking,3,House keeping / Family business,_missing_, , , , , , ,99,2015
31,2,7,131119,Grade 3,Grade 1,1,Walking,4,House keeping / Family business,_missing_, , , , , , ,99,2018
31,2,7,131119,Grade 8,Grade 1,1,Walking,2,School too far away,_missing_,13,12,1,3,10, , , 
31,2,7,131119,Grade 8,Grade 1,1,Walking,3,School too far away,_missing_,11,10,1,3,10, , , 
31,2,7,131120,Grade 3,Grade 1,1,Walking,3,School too far away,_missing_,8,7,5,5,30, , , 
31,2,7,131120,Grade 3,Grade 1,1,Walking,4,Financial problems,_missing_, , , , , ,7, , 
31,2,7,131120,Grade 7,Grade 1,1,Walking,5,School too far away,_missing_,1,19,3,5,40, , , 
31,2,7,131121,Grade 2,Grade 1,1,Walking,3,House keeping / Family business,_missing_, , , , , , ,6,2018
31,2,7,131121,Grade 2,Grade 1,1,Walking,4,School too far away,_missing_,7,6,3,6,10, , , 
31,2,8,131122,Grade 2,Grade 1,1,Walking,3,School too far away,_missing_,6,5,1,1,20, , , 
31,2,8,131122,Grade 2,Grade 1,1,Walking,4,School too far away,_missing_,1,19,1,1,20, , , 
31,2,8,131122,Grade 8,Grade 1,1,Walking,3,School too far away,_missing_,12,11,10,6,50, , , 
31,2,8,131122,Grade 8,Grade 1,1,Walking,4,School too far away,_missing_,7,6,3,6,20, , , 
31,2,8,131123,Grade 7,Grade 1,1,Walking,5,School too far away,_missing_,5,4,7,5,90, , , 
31,2,8,131123,Grade 7,Grade 1,1,Walking,6,School too far away,_missing_,2,1,7,5,90, , , 
31,2,8,131124,Grade 6,Grade 1,1,Walking,5,School too far away,_missing_,10,9,15,5,30, , , 
31,2,8,131124,Grade 10,Grade 1,1,Walking,3,School too far away,_missing_,1,19,10,5,25, , , 
31,1,9,131126,Grade 9,Grade 1,1,Walking,4,School too far away,_missing_,11,10,0,1,10, , , 
31,2,9,131127,Grade 1,Grade 1,1,Walking,3,School too far away,_missing_,2,1,3,3,10, , , 
31,2,10,131128,Grade 3,Grade 1,1,Walking,3,School too far away,_missing_,9,8,3,5,20, , , 
31,2,10,131128,Grade 3,Grade 1,1,Walking,4,School too far away,_missing_,3,2,3,3,15, , , 
31,2,10,131128,Grade 9,Grade 1,1,Walking,3,School too far away,_missing_,4,3,3,3,20, , , 
31,2,11,131130,Grade 4,Grade 1,1,Walking,4,School too far away,_missing_,9,8,0,1,10, , , 
31,2,11,131131,Grade 1,Grade 1,1,Walking,3,School too far away,_missing_,5,4,3,3,10, , , 
31,2,11,131131,Grade 1,Grade 1,1,Walking,4,School too far away,_missing_,1,19,3,3,10, , , 
31,2,11,131131,Grade 10,Grade 1,1,Walking,6,School too far away,_missing_,5,4,0,1,5, , , 
31,2,11,131131,Grade 10,Grade 1,1,Walking,7,Financial problems,_missing_, , , , , ,7, , 
31,1,11,131132,Grade 2,Grade 1,1,Walking,3,School too far away,_missing_,6,5,0,1,12, , , 
31,1,11,131132,Grade 6,Grade 1,1,Walking,3,School too far away,_missing_,13,12,0,1,10, , , 
31,1,11,131132,Grade 6,Grade 1,1,Walking,4,School too far away,_missing_,12,11,0,1,15, , , 
31,2,12,131133,Grade 5,Grade 1,1,Walking,3,Financial problems,_missing_, , , , , ,7, , 
31,2,12,131133,Grade 10,Grade 2,2,Walking,3,School too far away,_missing_,5,4,0,1,10, , , 
31,2,12,131135,Grade 1,Grade 1,1,Walking,4,School too far away,_missing_,11,10,0,6,1, , , 
31,2,12,131135,Grade 5,Grade 1,1,Walking,5,House keeping / Family business,_missing_, , , , , , ,3,2018
31,2,12,131135,Grade 10,Grade 1,1,Walking,4,School too far away,_missing_,8,7,3,3,20, , , 
32,2,1,132001,Grade 5,Grade 1,1,Walking,3,School too far away,_missing_,9,8,2,5,10, , , 
32,2,1,132002,Grade 8,Grade 1,1,Walking,5,School too far away,_missing_,2,1,8,6,40, , , 
32,2,1,132002,Grade 8,Grade 1,1,Walking,6,School too far away,_missing_,7,6,3,3,20, , , 
32,2,1,132005,Grade 2,Grade 1,1,Walking,5,School too far away,_missing_,13,12,18,6,35, , , 
32,2,1,132005,Grade 6,Grade 1,1,Walking,4,School too far away,_missing_,11,10,2,3,15, , , 
32,2,1,132005,Grade 6,Grade 1,1,Walking,5,School too far away,_missing_,6,5,2,3,15, , , 
32,2,1,132005,Grade 10,Grade 1,1,Walking,3,School too far away,_missing_,8,7,1,2,10, , , 
32,2,1,132005,Grade 10,Grade 1,1,Walking,4,School too far away,_missing_,2,1,0,1,15, , , 
32,2,1,132007,Grade 5,Grade 1,1,Walking,3,School too far away,_missing_,1,19,14,5,30, , , 
32,2,2,132009,Grade 8,Grade 1,1,Walking,4,School too far away,_missing_,2,1,0,5,5, , , 
32,2,3,132010,Grade 7,Grade 1,1,Walking,5,School too far away,_missing_,2,1,2,3,15, , , 
32,2,2,132011,Grade 2,Grade 1,1,Walking,5,School too far away,_missing_,13,12,3,2,15, , , 
32,2,2,132011,Grade 6,Grade 1,1,Walking,3,School too far away,_missing_,7,6,4,3,10, , , 
32,2,2,132011,Grade 6,Grade 1,1,Walking,4,School too far away,_missing_,3,2,4,3,10, , , 
32,2,3,132015,Grade 2,Grade 1,1,Walking,3,School too far away,_missing_,11,10,2,1,10, , , 
32,2,4,132016,Grade 3,Grade 1,1,Walking,3,School too far away,_missing_,6,5,3,3,15, , , 
32,2,4,132016,Grade 3,Grade 1,1,Walking,4,School too far away,_missing_,4,3,3,3,15, , , 
32,1,3,132017,Grade 6,Grade 1,1,Walking,3,School too far away,_missing_,12,11,3,3,10, , , 
32,1,3,132017,Grade 6,Grade 1,1,Walking,4,School too far away,_missing_,5,4,3,3,10, , , 
32,2,4,132018,Grade 1,Grade 1,1,Walking,3,House keeping / Family business,_missing_, , , , , , ,9,2018
32,2,4,132018,Grade 1,Grade 1,1,Walking,4,School too far away,_missing_,7,6,4,6,20, , , 
32,2,4,132018,Grade 10,Grade 1,1,Walking,4,School too far away,_missing_,9,8,5,6,30, , , 
32,3,4,132019,Grade 6,Grade 1,1,Walking,3,School too far away,_missing_,9,8,2,1,35, , , 
32,2,5,132022,Grade 1,Grade 1,1,Walking,4,School too far away,_missing_,7,6,0,1,10, , , 
32,2,5,132022,Grade 6,Grade 1,1,Walking,2,School too far away,_missing_,4,3,0,1,10, , , 
32,2,5,132022,Grade 6,Grade 1,1,Walking,3,School too far away,_missing_,2,1,0,1,10, , , 
32,2,5,132022,Grade 6,Grade 1,1,Walking,5,House keeping / Family business,_missing_, , , , , , ,6,2018
32,2,5,132022,Grade 10,Grade 1,1,Walking,3,School too far away,_missing_,12,11,1,2,10, , , 
32,2,5,132022,Grade 10,Grade 1,1,Walking,4,School too far away,_missing_,1,19,1,2,10, , , 
32,2,4,132023,Grade 10,Grade 1,1,Walking,5,Financial problems,_missing_, , , , , ,7, , 
32,1,5,132024,Grade 7,Grade 1,1,Walking,4,School too far away,_missing_,5,4,5,3,12, , , 
32,2,6,132026,Grade 9,Grade 1,1,Walking,3,School too far away,_missing_,10,9,6,6,30, , , 
32,2,6,132026,Grade 9,Grade 1,1,Walking,4,School too far away,_missing_,5,4,0,1,10, , , 
32,2,6,132026,Grade 9,Grade 1,1,Walking,5,Financial problems,_missing_, , , , , ,7, , 
32,2,5,132027,Grade 7,Grade 1,1,Walking,5,School too far away,_missing_,5,4,3,5,20, , , 
32,2,5,132027,Grade 7,Grade 1,1,Walking,6,School too far away,_missing_,1,19,2,5,15, , , 
32,2,6,132028,Grade 9,Grade 1,1,Walking,2,School too far away,_missing_,1,19,15,6,35, , , 
32,2,6,132029,Grade 4,Grade 1,1,Walking,3,School too far away,_missing_,13,12,6,6,30, , , 
32,2,6,132029,Grade 4,Grade 1,1,Walking,4,School too far away,_missing_,9,8,6,6,30, , , 
32,2,6,132030,Grade 6,Grade 1,1,Walking,5,School too far away,_missing_,2,1,8,3,20, , , 
32,2,6,132030,Grade 10,Grade 1,1,Walking,3,School too far away,_missing_,7,1,3,6,12, , , 
32,2,6,132030,Grade 10,Grade 1,1,Walking,4,School too far away,_missing_,3,2,3,6,12, , , 
32,2,6,132031,Grade 4,Grade 1,1,Walking,7,School too far away,_missing_,10,9,7,5,20, , , 
32,2,6,132031,Grade 4,Grade 1,1,Walking,8,School too far away,_missing_,5,4,2,1,20, , , 
32,2,7,132032,Grade 5,Grade 1,1,Walking,4,School too far away,_missing_,2,1,4,5,20, , , 
32,1,6,132033,Grade 2,Grade 1,1,Walking,4,School too far away,_missing_,11,10,0,1,6, , , 
32,2,7,132034,Grade 5,Grade 1,1,Walking,6,School too far away,_missing_,9,8,8,3,35, , , 
32,2,7,132034,Grade 9,Grade 1,1,Walking,3,School too far away,_missing_,7,6,2,6,2, , , 
32,2,7,132034,Grade 9,Grade 1,1,Walking,4,School too far away,_missing_,3,2,2,3,2, , , 
32,3,7,132035,Grade 1,Grade 1,1,Walking,3,School too far away,_missing_,6,5,4,5,45, , , 
32,3,7,132035,Grade 1,Grade 1,1,Walking,4,School too far away,_missing_,1,19,4,5,45, , , 
32,3,7,132035,Grade 10,Grade 1,1,Walking,3,School too far away,_missing_,4,3,3,6,15, , , 
32,3,7,132035,Grade 10,Grade 1,1,Walking,4,School too far away,_missing_,2,1,3,6,15, , , 
32,2,8,132036,Grade 3,Grade 1,1,Walking,4,House keeping / Family business,_missing_, , , , , , ,6,2010
32,2,8,132036,Grade 3,Grade 1,1,Walking,5,House keeping / Family business,_missing_, , , , , , ,6,2014
32,2,8,132040,Grade 1,Grade 1,1,Walking,3,School too far away,_missing_,19,13,15,6,25, , , 
32,2,8,132040,Grade 10,Grade 1,1,Walking,2,School too far away,_missing_,3,2,8,3,10, , , 
32,2,8,132041,Grade 4,Grade 1,1,Walking,4,School too far away,_missing_,4,3,0,3,5, , , 
32,2,8,132041,Grade 4,Grade 1,1,Walking,5,School too far away,_missing_,12,11,30,6,70, , , 
32,2,8,132041,Grade 8,Grade 1,1,Walking,3,School too far away,_missing_,12,11,1,2,10, , , 
32,2,8,132041,Grade 8,Grade 1,1,Walking,4,School too far away,_missing_,7,6,6,6,25, , , 
32,2,8,132041,Grade 8,Grade 1,1,Walking,5,School too far away,_missing_,3,2,1,5,8, , , 
32,2,9,132042,Grade 2,Grade 1,1,Walking,5,House keeping / Family business,_missing_, , , , , , ,6,2016
32,2,8,132043,Grade 3,Grade 1,1,Walking,3,School too far away,_missing_,2,1,9,3,25, , , 
32,2,9,132044,Grade 2,Grade 1,1,Walking,3,School too far away,_missing_,12,11,30,6,50, , , 
32,2,9,132044,Grade 9,Grade 1,1,Walking,5,School too far away,_missing_,1,19,0,2,5, , , 
32,2,10,132049,Grade 2,Grade 1,1,Walking,3,School too far away,_missing_,12,11,25,5,55, , , 
32,2,10,132049,Grade 2,Grade 1,1,Walking,4,School too far away,_missing_,8,7,0,1,7, , , 
32,1,9,132050,Grade 6,Grade 1,1,Walking,2,School too far away,_missing_,13,12,1,2,10, , , 
32,1,9,132050,Grade 6,Grade 1,1,Walking,3,School too far away,_missing_,10,9,1,2,10, , , 
32,1,9,132050,Grade 6,Grade 1,1,Walking,4,School too far away,_missing_,7,6,0,5,3, , , 
32,1,9,132050,Grade 10,Grade 1,1,Walking,5,School too far away,_missing_,3,2,10,4,5, , , 
32,1,9,132050,Grade 10,Grade 1,1,Walking,6,Financial problems,_missing_, , , , , ,7, , 
32,2,1,132051,Grade 5,Grade 1,1,Walking,4,School too far away,_missing_,11,10,0,1,10, , , 
32,2,1,132051,Grade 9,Grade 1,1,Walking,4,School too far away,_missing_,7,6,2,3,10, , , 
32,2,10,132052,Grade 7,Grade 1,1,Walking,4,School too far away,_missing_,9,8,1,1,15, , , 
32,2,1,132054,Grade 1,Grade 1,1,Walking,5,House keeping / Family business,_missing_, , , , , , ,9,2018
32,2,1,132054,Grade 5,Grade 1,1,Walking,4,School too far away,_missing_,7,6,3,5,20, , , 
32,2,1,132054,Grade 5,Grade 1,1,Walking,5,School too far away,_missing_,5,4,3,5,20, , , 
32,2,10,132056,Grade 4,Grade 1,1,Walking,2,School too far away,_missing_,6,5,6,5,15, , , 
32,2,10,132056,Grade 4,Grade 1,1,Walking,3,School too far away,_missing_,1,19,6,5,15, , , 
32,2,10,132056,Grade 8,Grade 1,1,Walking,4,School too far away,_missing_,6,5,4,6,15, , , 
32,2,2,132057,Grade 2,Grade 1,1,Walking,3,School too far away,_missing_,11,10,4,5,12, , , 
32,2,2,132057,Grade 2,Grade 1,1,Walking,4,School too far away,_missing_,3,2,1,3,5, , , 
32,2,11,132058,Grade 7,Grade 1,1,Walking,3,School too far away,_missing_,4,3,2,2,15, , , 
32,2,10,132059,Grade 1,Grade 1,1,Walking,3,School too far away,_missing_,8,7,6,5,40, , , 
32,2,10,132059,Grade 1,Grade 1,1,Walking,4,School too far away,_missing_,4,3,1,1,5, , , 
32,2,10,132059,Grade 5,Grade 1,1,Walking,3,School too far away,_missing_,11,10,2,6,40, , , 
32,2,10,132059,Grade 5,Grade 1,1,Walking,4,School too far away,_missing_,11,10,2,6,40, , , 
32,2,10,132059,Grade 5,Grade 1,1,Walking,5,School too far away,_missing_,6,5,2,6,40, , , 
32,2,10,132059,Grade 5,Grade 1,1,Walking,6,School too far away,_missing_,1,19,2,6,40, , , 
32,2,2,132060,Grade 1,Grade 1,1,Walking,5,School too far away,_missing_,3,2,1,6,15, , , 
32,2,2,132060,Grade 9,Grade 1,1,Walking,3,School too far away,_missing_,8,7,2,3,10, , , 
32,2,2,132060,Grade 9,Grade 1,1,Walking,4,School too far away,_missing_,2,1,2,3,10, , , 
32,2,12,132064,Grade 2,Grade 1,1,Walking,3,School too far away,_missing_,6,5,3,5,30, , , 
32,2,12,132064,Grade 2,Grade 1,1,Walking,4,School too far away,_missing_,2,1,3,5,30, , , 
32,2,12,132064,Grade 6,Grade 1,1,Walking,3,School too far away,_missing_,11,10,2,5,20, , , 
32,2,12,132064,Grade 6,Grade 1,1,Walking,4,School too far away,_missing_,4,3,2,5,20, , , 
32,2,11,132065,Grade 2,Grade 1,1,Walking,3,School too far away,_missing_,6,5,0,1,6, , , 
32,2,3,132066,Grade 2,Grade 1,1,Walking,2,School too far away,_missing_,3,2,3,5,30, , , 
32,2,12,132067,Grade 9,Grade 1,1,Walking,3,School too far away,_missing_,12,11,2,3,10, , , 
32,2,12,132067,Grade 9,Grade 1,1,Walking,4,School too far away,_missing_,9,8,2,3,10, , , 
32,2,12,132067,Grade 9,Grade 1,1,Walking,5,School too far away,_missing_,5,4,2,3,10, , , 
32,2,12,132068,Grade 3,Grade 1,1,Walking,4,School too far away,_missing_,3,2,0,1,10, , , 
32,2,3,132069,Grade 5,Grade 1,1,Walking,3,School too far away,_missing_,10,9,10,3,15, , , 
32,2,3,132069,Grade 5,Grade 1,1,Walking,4,School too far away,_missing_,4,3,10,3,15, , , 
32,2,12,132070,Grade 9,Grade 1,1,Walking,3,School too far away,_missing_,11,10,3,6,15, , , 
32,2,12,132071,Grade 4,Grade 1,1,Walking,3,Financial problems,_missing_, , , , , ,7, , 
32,2,4,132072,Grade 3,Grade 1,1,Walking,3,School too far away,_missing_,9,8,2,5,10, , , 
32,2,4,132072,Grade 3,Grade 1,1,Walking,4,School too far away,_missing_,7,6,2,5,10, , , 
32,2,4,132072,Grade 7,Grade 1,1,Walking,3,School too far away,_missing_,12,11,9,3,25, , , 
32,2,4,132072,Grade 7,Grade 1,1,Walking,4,School too far away,_missing_,8,7,2,6,10, , , 
32,2,4,132074,Grade 5,Grade 1,1,Walking,4,School too far away,_missing_,5,4,3,5,20, , , 
32,2,4,132074,Grade 9,Grade 1,1,Walking,3,House keeping / Family business,_missing_, , , , , , ,8,2018
32,2,5,132076,Grade 3,Grade 1,1,Walking,3,School too far away,_missing_,11,10,7,6,40, , , 
32,2,5,132076,Grade 7,Grade 1,1,Walking,3,School too far away,_missing_,8,7,7,3,16, , , 
32,2,5,132076,Grade 7,Grade 1,1,Walking,4,School too far away,_missing_,3,2,2,3,5, , , 
32,2,5,132077,Grade 5,Grade 1,1,Walking,3,School too far away,_missing_,3,2,14,5,45, , , 
32,2,6,132078,Grade 1,Grade 1,1,Walking,3,School too far away,_missing_,7,6,3,2,10, , , 
32,2,6,132078,Grade 6,Grade 1,1,Walking,3,School too far away,_missing_,3,2,4,5,20, , , 
32,2,6,132078,Grade 6,Grade 1,1,Walking,4,School too far away,_missing_,2,1,4,5,20, , , 
32,2,6,132079,Grade 1,Grade 1,1,Walking,3,House keeping / Family business,_missing_, , , , , , ,8,2018
32,2,6,132079,Grade 1,Grade 1,1,Walking,4,House keeping / Family business,_missing_, , , , , , ,8,2018
32,2,6,132080,Grade 1,Grade 1,1,Walking,3,School too far away,_missing_,4,3,0,3,1, , , 
32,2,6,132080,Grade 1,Grade 1,1,Walking,4,School too far away,_missing_,3,2,0,3,1, , , 
32,2,6,132080,Grade 5,Grade 1,1,Walking,2,School too far away,_missing_,12,11,30,6,90, , , 
32,2,6,132080,Grade 5,Grade 1,1,Walking,3,School too far away,_missing_,9,8,0,1,6, , , 
32,2,6,132080,Grade 9,Grade 1,1,Walking,5,School too far away,_missing_,12,11,9,6,30, , , 
32,2,7,132083,Grade 8,Grade 1,1,Walking,3,School too far away,_missing_,9,8,4,5,30, , , 
32,2,1,132084,Grade 3,Grade 1,1,Walking,3,House keeping / Family business,_missing_, , , , , , ,8,2017
32,2,1,132084,Grade 3,Grade 1,1,Walking,4,School too far away,_missing_,10,9,3,1,25, , , 
32,2,7,132085,Grade 6,Grade 1,1,Walking,3,School too far away,_missing_,7,6,3,6,20, , , 
32,2,7,132085,Grade 6,Grade 1,1,Walking,4,School too far away,_missing_,4,3,3,6,20, , , 
32,1,1,132086,Grade 5,Grade 1,1,Walking,4,School too far away,_missing_,11,10,1,3,5, , , 
32,1,1,132086,Grade 5,Grade 1,1,Walking,5,School too far away,_missing_,8,7,0,1,10, , , 
32,1,1,132086,Grade 10,Grade 1,1,Walking,8,School too far away,_missing_,13,12,1,1,10, , , 
32,2,8,132087,Grade 9,Grade 1,1,Walking,4,School too far away,_missing_,8,7,1,3,5, , , 
32,2,8,132087,Grade 9,Grade 1,1,Walking,5,School too far away,_missing_,2,1,1,3,5, , , 
32,2,2,132090,Grade 7,Grade 1,1,Walking,3,School too far away,_missing_,5,4,3,3,10, , , 
32,2,9,132091,Grade 10,Grade 1,1,Walking,3,School too far away,_missing_,5,4,2,5,20, , , 
32,2,2,132092,Grade 5,Grade 1,1,Walking,3,House keeping / Family business,_missing_, , , , , , ,6,2016
32,2,2,132092,Grade 5,Grade 1,1,Walking,4,School too far away,_missing_,8,7,0,1,10, , , 
32,2,2,132092,Grade 9,Grade 1,1,Walking,4,School too far away,_missing_,2,1,2,6,20, , , 
32,2,3,132094,Grade 3,Grade 1,1,Walking,2,School too far away,_missing_,11,10,0,1,10, , , 
32,2,3,132094,Grade 3,Grade 1,1,Walking,3,School too far away,_missing_,9,8,0,1,10, , , 
32,2,3,132094,Grade 3,Grade 1,1,Walking,4,School too far away,_missing_,1,19,0,1,10, , , 
32,2,3,132094,Grade 8,Grade 1,1,Walking,2,House keeping / Family business,_missing_, , , , , , ,6,2019
32,2,3,132094,Grade 8,Grade 1,1,Walking,3,School too far away,_missing_,10,9,1,1,45, , , 
32,2,3,132094,Grade 8,Grade 1,1,Walking,4,School too far away,_missing_,1,19,1,3,10, , , 
32,2,9,132095,Grade 2,Grade 1,1,Walking,3,School too far away,_missing_,8,7,8,6,20, , , 
32,2,9,132095,Grade 2,Grade 1,1,Walking,4,School too far away,_missing_,7,6,8,6,20, , , 
32,2,9,132095,Grade 7,Grade 1,1,Walking,3,School too far away,_missing_,9,8,10,6,15, , , 
32,2,9,132095,Grade 7,Grade 1,1,Walking,4,School too far away,_missing_,5,4,5,5,15, , , 
32,2,9,132095,Grade 7,Grade 1,1,Walking,5,School too far away,_missing_,4,3,5,5,15, , , 
32,2,10,132097,Grade 1,Grade 1,1,Walking,3,School too far away,_missing_,10,9,8,5,30, , , 
32,2,10,132097,Grade 1,Grade 1,1,Walking,4,School too far away,_missing_,8,7,28,5,90, , , 
32,2,10,132097,Grade 1,Grade 1,1,Walking,5,School too far away,_missing_,2,1,2,3,10, , , 
32,2,4,132098,Grade 6,Grade 1,1,Walking,4,School too far away,_missing_,7,6,1,1,20, , , 
32,2,4,132098,Grade 6,Grade 1,1,Walking,5,School too far away,_missing_,3,2,1,1,20, , , 
32,2,10,132099,Grade 8,Grade 1,1,Walking,3,School too far away,_missing_,4,3,1,1,15, , , 
32,2,10,132101,Grade 6,Grade 1,1,Walking,3,School too far away,_missing_,7,6,7,5,20, , , 
32,2,11,132103,Grade 1,Grade 1,1,Walking,4,School too far away,_missing_,12,11,11,5,30, , , 
32,2,5,132104,Grade 2,Grade 1,1,Walking,3,School too far away,_missing_,10,9,1,5,10, , , 
32,2,5,132104,Grade 9,Grade 1,1,Walking,4,House keeping / Family business,_missing_, , , , , , ,99,2017
32,2,5,132104,Grade 9,Grade 1,1,Walking,5,School too far away,_missing_,7,6,3,5,20, , , 
32,2,11,132105,Grade 8,Grade 1,1,Walking,2,School too far away,_missing_,1,19,0,1,4, , , 
32,2,12,132107,Grade 1,Grade 1,1,Walking,3,School too far away,_missing_,13,12,3,6,15, , , 
32,2,5,132108,Grade 2,Grade 1,1,Walking,4,House keeping / Family business,_missing_, , , , , , ,99,2015
32,2,12,132109,Grade 1,Grade 1,1,Walking,3,House keeping / Family business,_missing_, , , , , , ,8,2019
32,2,12,132109,Grade 1,Grade 1,1,Walking,4,School too far away,_missing_,13,12,8,6,20, , , 
32,2,12,132109,Grade 5,Grade 1,1,Walking,3,School too far away,_missing_,9,8,2,6,10, , , 
32,2,12,132109,Grade 5,Grade 1,1,Walking,4,School too far away,_missing_,2,1,8,3,20, , , 
32,2,12,132109,Grade 10,Grade 1,1,Walking,2,House keeping / Family business,_missing_, , , , , , ,8,2019
32,2,12,132109,Grade 10,Grade 1,1,Walking,3,School too far away,_missing_,10,9,5,6,30, , , 
32,2,12,132111,Grade 9,Grade 1,1,Walking,3,School too far away,_missing_,11,10,2,2,10, , , 
32,2,12,132111,Grade 9,Grade 1,1,Walking,4,School too far away,_missing_,7,6,2,2,10, , , 
32,1,6,132112,Grade 7,Grade 1,1,Walking,3,School too far away,_missing_,6,5,1,3,15, , , 
32,2,7,132113,Grade 4,Grade 1,1,Walking,3,School too far away,_missing_,11,10,2,1,25, , , 
32,2,7,132113,Grade 4,Grade 1,1,Walking,4,School too far away,_missing_,8,7,2,3,10, , , 
32,2,7,132113,Grade 4,Grade 1,1,Walking,5,School too far away,_missing_,3,2,2,3,10, , , 
32,2,7,132113,Grade 9,Grade 1,1,Walking,3,School too far away,_missing_,7,6,2,3,10, , , 
32,2,7,132113,Grade 9,Grade 1,1,Walking,4,School too far away,_missing_,4,3,2,3,10, , , 
32,2,7,132114,Grade 3,Grade 1,1,Walking,3,School too far away,_missing_,12,11,5,6,20, , , 
32,2,7,132114,Grade 7,Grade 1,1,Walking,5,School too far away,_missing_,10,9,1,1,15, , , 
32,1,7,132115,Grade 6,Grade 1,1,Walking,4,School too far away,_missing_,10,9,3,3,10, , , 
32,1,7,132115,Grade 6,Grade 1,1,Walking,5,School too far away,_missing_,5,4,3,3,10, , , 
32,1,7,132115,Grade 10,Grade 1,1,Walking,4,School too far away,_missing_,13,12,1,3,15, , , 
32,2,8,132116,Grade 4,Grade 1,1,Walking,2,School too far away,_missing_,13,12,3,6,15, , , 
32,2,8,132116,Grade 4,Grade 1,1,Walking,3,School too far away,_missing_,12,11,3,6,15, , , 
32,2,8,132116,Grade 10,Grade 1,1,Walking,3,School too far away,_missing_,8,7,2,6,15, , , 
32,2,8,132116,Grade 10,Grade 1,1,Walking,4,School too far away,_missing_,6,5,2,6,15, , , 
32,2,8,132117,Grade 10,Grade 1,1,Walking,2,School too far away,_missing_,3,2,3,5,15, , , 
32,2,8,132118,Grade 4,Grade 1,1,Walking,5,School too far away,_missing_,4,3,0,1,5, , , 
32,2,8,132118,Grade 4,Grade 1,1,Walking,6,School too far away,_missing_,1,19,0,1,5, , , 
32,2,8,132118,Grade 10,Grade 1,1,Walking,3,House keeping / Family business,_missing_, , , , , , ,2,2017
32,2,8,132118,Grade 10,Grade 1,1,Walking,4,School too far away,_missing_,9,8,0,1,10, , , 
32,2,8,132118,Grade 10,Grade 1,1,Walking,5,School too far away,_missing_,9,8,0,1,10, , , 
32,2,8,132118,Grade 10,Grade 1,1,Walking,6,School too far away,_missing_,5,4,0,1,10, , , 
32,2,9,132119,Grade 6,Grade 1,1,Walking,5,House keeping / Family business,_missing_, , , , , , ,7, 
32,2,9,132119,Grade 6,Grade 1,1,Walking,6,School too far away,_missing_,10,9,16,5,30, , , 
32,2,9,132119,Grade 6,Grade 1,1,Walking,7,School too far away,_missing_,4,3,2,3,5, , , 
32,1,9,132120,Grade 4,Grade 1,1,Walking,4,School too far away,_missing_,10,9,2,3,20, , , 
32,2,11,132124,Grade 2,Grade 1,1,Walking,3,School too far away,_missing_,7,6,6,6,20, , , 
32,2,11,132124,Grade 2,Grade 1,1,Walking,4,Financial problems,_missing_, , , , , ,7, , 
32,2,11,132126,Grade 9,Grade 1,1,Walking,3,School too far away,_missing_,13,12,8,5,30, , , 
32,2,11,132126,Grade 9,Grade 1,1,Walking,4,School too far away,_missing_,8,7,8,5,30, , , 
32,2,12,132127,Grade 3,Grade 1,1,Walking,2,School too far away,_missing_,13,12,18,5,45, , , 
32,2,12,132127,Grade 3,Grade 1,1,Walking,3,School too far away,_missing_,10,9,1,1,20, , , 
32,2,12,132128,Grade 2,Grade 1,1,Walking,3,School too far away,_missing_,11,10,1,6,15, , , 
33,2,1,133001,Grade 1,Grade 1,1,Walking,5,School too far away,_missing_,1,19,0,1,5, , , 
33,2,1,133001,Grade 6,Grade 1,1,Walking,3,School too far away,_missing_,12,11,0,3,10, , , 
33,2,2,133002,Grade 10,Grade 1,1,Walking,3,School too far away,_missing_,12,11,4,3,45, , , 
33,2,1,133003,Grade 6,Grade 1,1,Walking,3,House keeping / Family business,_missing_, , , , , , ,9,2017
33,2,2,133004,Grade 1,Grade 1,1,Walking,3,School too far away,_missing_,13,12,12,5,20, , , 
33,2,2,133004,Grade 1,Grade 1,1,Walking,4,School too far away,_missing_,3,2,6,2,20, , , 
33,2,2,133004,Grade 6,Grade 1,1,Walking,2,School too far away,_missing_,11,10,7,5,20, , , 
33,2,2,133004,Grade 6,Grade 1,1,Walking,3,School too far away,_missing_,7,6,7,5,15, , , 
33,2,1,133005,Grade 5,Grade 1,1,Walking,3,School too far away,_missing_,12,11,14,5,40, , , 
33,2,1,133005,Grade 5,Grade 1,1,Walking,4,School too far away,_missing_,9,3,14,5,40, , , 
33,2,1,133005,Grade 5,Grade 1,1,Walking,5,School too far away,_missing_,3,2,9,5,30, , , 
33,2,3,133006,Grade 3,Grade 1,1,Walking,4,House keeping / Family business,_missing_, , , , , , ,7, 
33,2,3,133006,Grade 3,Grade 1,1,Walking,5,School too far away,_missing_,10,9,4,3,15, , , 
33,2,2,133007,Grade 7,Grade 1,1,Walking,3,School too far away,_missing_,4,3,3,5,15, , , 
33,2,3,133008,Grade 7,Grade 1,1,Walking,3,School too far away,_missing_,3,2,0,3,10, , , 
33,2,3,133008,Grade 7,Grade 1,1,Walking,4,School too far away,_missing_,3,2,0,3,10, , , 
33,2,2,133009,Grade 6,Grade 1,1,Walking,4,School too far away,_missing_,8,7,30,5,60, , , 
33,2,2,133009,Grade 10,Grade 1,1,Walking,3,School too far away,_missing_,12,11,0,1,15, , , 
33,1,4,133010,Grade 3,Grade 1,1,Walking,3,School too far away,_missing_,12,11,1,1,15, , , 
33,1,4,133010,Grade 3,Grade 1,1,Walking,4,School too far away,_missing_,10,9,1,1,15, , , 
33,1,4,133010,Grade 3,Grade 1,1,Walking,5,School too far away,_missing_,9,8,1,1,15, , , 
33,2,3,133011,Grade 7,Grade 1,1,Walking,4,House keeping / Family business,_missing_, , , , , , ,7, 
33,2,4,133012,Grade 2,Grade 1,1,Walking,3,House keeping / Family business,_missing_, , , , , , ,6,2018
33,2,3,133013,Grade 1,Grade 1,1,Walking,4,School too far away,_missing_,13,12,8,6,40, , , 
33,2,3,133013,Grade 1,Grade 1,1,Walking,5,House keeping / Family business,_missing_, , , , , , ,7,2018
33,2,5,133014,Grade 1,Grade 1,1,Walking,4,School too far away,_missing_,6,5,2,6,10, , , 
33,2,5,133014,Grade 1,Grade 1,1,Walking,5,School too far away,_missing_,4,3,2,6,10, , , 
33,2,4,133015,Grade 2,Grade 1,1,Walking,3,House keeping / Family business,_missing_, , , , , , ,6,2016
33,2,4,133015,Grade 2,Grade 1,1,Walking,4,House keeping / Family business,_missing_, , , , , , ,6,2017
33,2,4,133015,Grade 2,Grade 1,1,Walking,5,School too far away,_missing_,9,8,1,1,15, , , 
33,2,4,133015,Grade 8,Grade 1,1,Walking,3,School too far away,_missing_,9,8,1,3,10, , , 
33,2,4,133015,Grade 8,Grade 1,1,Walking,4,Financial problems,_missing_, , , , , ,7, , 
33,2,5,133016,Grade 2,Grade 1,1,Walking,6,School too far away,_missing_,11,10,1,3,5, , , 
33,2,5,133016,Grade 6,Grade 1,1,Walking,2,School too far away,_missing_,11,10,10,5,30, , , 
33,2,5,133016,Grade 6,Grade 1,1,Walking,3,School too far away,_missing_,9,8,10,5,30, , , 
33,2,5,133016,Grade 6,Grade 1,1,Walking,4,Financial problems,_missing_, , , , , ,4, , 
33,2,5,133017,Grade 5,Grade 1,1,Walking,3,School too far away,_missing_,5,4,3,5,20, , , 
33,2,6,133018,Grade 9,Grade 1,1,Walking,3,School too far away,_missing_,2,1,0,3,10, , , 
33,2,5,133019,Grade 7,Grade 1,1,Walking,4,School too far away,_missing_,13,12,5,5,20, , , 
33,2,5,133019,Grade 7,Grade 1,1,Walking,5,School too far away,_missing_,12,11,5,5,20, , , 
33,2,7,133020,Grade 10,Grade 1,1,Walking,5,School too far away,_missing_,6,5,12,5,40, , , 
33,2,6,133021,Grade 5,Grade 1,1,Walking,4,House keeping / Family business,_missing_, , , , , , ,9,2018
33,2,6,133021,Grade 5,Grade 1,1,Walking,5,School too far away,_missing_,7,6,3,6,15, , , 
33,2,6,133021,Grade 5,Grade 1,1,Walking,6,School too far away,_missing_,6,5,3,6,15, , , 
33,2,6,133021,Grade 5,Grade 1,1,Walking,7,Financial problems,_missing_, , , , , ,7, , 
33,2,7,133022,Grade 1,Grade 1,1,Walking,3,School too far away,_missing_,6,5,1,6,5, , , 
33,2,7,133022,Grade 5,Grade 1,1,Walking,4,House keeping / Family business,_missing_, , , , , , ,6,2017
33,2,7,133022,Grade 5,Grade 1,1,Walking,6,School too far away,_missing_,7,6,4,2,10, , , 
33,2,6,133023,Grade 4,Grade 1,1,Walking,3,House keeping / Family business,_missing_, , , , , , ,9,2015
33,2,6,133023,Grade 4,Grade 1,1,Walking,4,School too far away,_missing_,11,10,2,6,15, , , 
33,2,6,133023,Grade 4,Grade 1,1,Walking,5,School too far away,_missing_,6,5,2,3,10, , , 
33,2,6,133023,Grade 4,Grade 1,1,Walking,6,School too far away,_missing_,3,2,2,3,10, , , 
33,2,8,133024,Grade 4,Grade 1,1,Walking,5,School too far away,_missing_,7,6,0,1,10, , , 
33,2,8,133024,Grade 4,Grade 1,1,Walking,6,School too far away,_missing_,3,2,0,1,10, , , 
33,2,8,133024,Grade 9,Grade 1,1,Walking,4,House keeping / Family business,_missing_, , , , , , ,6,2016
33,2,7,133025,Grade 4,Grade 1,1,Walking,3,School too far away,_missing_,12,11,4,6,60, , , 
33,2,7,133025,Grade 4,Grade 1,1,Walking,4,School too far away,_missing_,4,3,1,2,15, , , 
33,2,7,133025,Grade 8,Grade 1,1,Walking,3,School too far away,_missing_,6,5,60,5,90, , , 
33,2,8,133026,Grade 6,Grade 1,1,Walking,5,School too far away,_missing_,11,10,1,6,10, , , 
33,2,8,133026,Grade 6,Grade 1,1,Walking,6,School too far away,_missing_,8,7,1,6,10, , , 
33,2,8,133026,Grade 6,Grade 1,1,Walking,7,School too far away,_missing_,5,4,1,6,10, , , 
33,2,7,133027,Grade 4,Grade 1,1,Walking,3,School too far away,_missing_,5,4,0,3,5, , , 
33,2,7,133027,Grade 4,Grade 1,1,Walking,4,Financial problems,_missing_, , , , , ,7, , 
33,2,7,133027,Grade 9,Grade 1,1,Walking,4,School too far away,_missing_,12,11,3,6,20, , , 
33,2,9,133028,Grade 5,Grade 1,1,Walking,3,School too far away,_missing_,4,3,14,5,55, , , 
33,2,9,133028,Grade 9,Grade 1,1,Walking,4,School too far away,_missing_,7,6,1,1,5, , , 
33,2,8,133029,Grade 3,Grade 1,1,Walking,3,School too far away,_missing_,11,10,15,5,45, , , 
33,2,8,133029,Grade 3,Grade 1,1,Walking,4,School too far away,_missing_,7,6,0,1,5, , , 
33,2,9,133030,Grade 4,Grade 1,1,Walking,4,School too far away,_missing_,10,9,2,5,15, , , 
33,2,9,133031,Grade 3,Grade 1,1,Walking,3,School too far away,_missing_,8,7,17,6,40, , , 
33,2,9,133031,Grade 3,Grade 1,1,Walking,4,School too far away,_missing_,6,5,17,6,40, , , 
33,2,9,133031,Grade 3,Grade 1,1,Walking,5,Financial problems,_missing_, , , , , ,7, , 
33,2,9,133031,Grade 8,Grade 1,1,Walking,3,House keeping / Family business,_missing_, , , , , , ,6,2018
33,2,9,133031,Grade 8,Grade 1,1,Walking,4,School too far away,_missing_,9,8,2,1,35, , , 
33,2,11,133034,Grade 1,Grade 1,1,Walking,3,School too far away,_missing_,10,9,0,5,5, , , 
33,2,11,133034,Grade 1,Grade 1,1,Walking,4,School too far away,_missing_,5,4,0,5,5, , , 
33,2,11,133034,Grade 6,Grade 1,1,Walking,3,School too far away,_missing_,5,4,0,3,5, , , 
33,2,11,133034,Grade 6,Grade 1,1,Walking,4,School too far away,_missing_,2,1,0,3,5, , , 
33,2,11,133034,Grade 10,Grade 1,1,Walking,4,House keeping / Family business,_missing_, , , , , , ,7,2019
33,2,11,133034,Grade 10,Grade 1,1,Walking,5,School too far away,_missing_,6,5,0,1,10, , , 
33,2,11,133034,Grade 10,Grade 1,1,Walking,6,School too far away,_missing_,6,5,0,1,10, , , 
33,2,10,133035,Grade 4,Grade 1,1,Walking,2,House keeping / Family business,_missing_, , , , , , ,2,2015
33,2,10,133035,Grade 10,Grade 1,1,Walking,3,School too far away,_missing_,10,9,0,1,20, , , 
33,2,11,133036,Grade 5,Grade 1,1,Walking,2,House keeping / Family business,_missing_, , , , , , ,7,2019
33,2,11,133036,Grade 5,Grade 1,1,Walking,3,School too far away,_missing_,9,8,8,6,30, , , 
33,2,11,133036,Grade 9,Grade 1,1,Walking,3,School too far away,_missing_,9,8,8,6,30, , , 
33,2,11,133036,Grade 9,Grade 1,1,Walking,4,School too far away,_missing_,5,4,7,6,30, , , 
33,2,11,133036,Grade 9,Grade 1,1,Walking,5,School too far away,_missing_,1,19,5,6,25, , , 
33,2,10,133037,Grade 7,Grade 1,1,Walking,5,School too far away,_missing_,9,8,1,1,15, , , 
33,2,10,133037,Grade 7,Grade 1,1,Walking,6,School too far away,_missing_,6,5,1,1,15, , , 
33,2,10,133037,Grade 7,Grade 1,1,Walking,7,School too far away,_missing_,3,2,1,1,15, , , 
33,2,12,133038,Grade 9,Grade 1,1,Walking,2,House keeping / Family business,_missing_, , , , , , ,7,2018
33,2,12,133038,Grade 9,Grade 1,1,Walking,3,School too far away,_missing_,7,6,1,6,15, , , 
33,2,12,133040,Grade 1,Grade 1,1,Walking,3,School too far away,_missing_,6,5,13,5,45, , , 
33,2,12,133040,Grade 1,Grade 1,1,Walking,4,School too far away,_missing_,2,1,6,6,15, , , 
33,2,12,133040,Grade 9,Grade 1,1,Walking,3,School too far away,_missing_,11,10,1,1,30, , , 
33,2,12,133040,Grade 9,Grade 1,1,Walking,4,School too far away,_missing_,8,7,1,1,30, , , 
33,2,12,133040,Grade 9,Grade 1,1,Walking,5,School too far away,_missing_,3,2,1,1,30, , , 
33,2,1,133042,Grade 3,Grade 1,1,Walking,5,School too far away,_missing_,11,10,1,3,5, , , 
33,2,1,133043,Grade 9,Grade 1,1,Walking,2,Financial problems,_missing_, , , , , ,9, , 
33,2,2,133044,Grade 4,Grade 1,1,Walking,3,School too far away,_missing_,10,9,25,5,60, , , 
33,2,2,133044,Grade 4,Grade 1,1,Walking,4,School too far away,_missing_,6,5,3,3,15, , , 
33,2,2,133044,Grade 4,Grade 1,1,Walking,5,School too far away,_missing_,4,3,3,3,15, , , 
33,2,2,133045,Grade 9,Grade 1,1,Walking,3,School too far away,_missing_,2,1,1,1,15, , , 
33,2,3,133046,Grade 3,Grade 1,1,Walking,3,School too far away,_missing_,7,6,5,6,15, , , 
33,2,5,133049,Grade 7,Grade 1,1,Walking,4,School too far away,_missing_,9,8,3,6,10, , , 
33,2,5,133050,Grade 1,Grade 1,1,Walking,4,School too far away,_missing_,13,12,3,1,20, , , 
33,2,5,133050,Grade 1,Grade 1,1,Walking,5,School too far away,_missing_,9,8,0,1,2, , , 
33,2,5,133050,Grade 6,Grade 1,1,Walking,5,School too far away,_missing_,8,7,3,6,10, , , 
33,2,5,133050,Grade 6,Grade 1,1,Walking,6,School too far away,_missing_,6,5,3,6,10, , , 
33,2,6,133051,Grade 3,Grade 1,1,Walking,3,House keeping / Family business,_missing_, , , , , , ,8,2018
33,2,6,133052,Grade 9,Grade 1,1,Walking,3,School too far away,_missing_,11,10,1,6,30, , , 
33,2,6,133052,Grade 9,Grade 1,1,Walking,4,School too far away,_missing_,7,6,1,6,30, , , 
33,2,8,133054,Grade 4,Grade 1,1,Walking,3,School too far away,_missing_,13,12,0,1,10, , , 
33,2,8,133055,Grade 7,Grade 1,1,Walking,3,School too far away,_missing_,9,8,5,5,15, , , 
33,2,9,133057,Grade 3,Grade 1,1,Walking,3,School too far away,_missing_,13,11,12,3,10, , , 
33,2,9,133057,Grade 3,Grade 1,1,Walking,4,School too far away,_missing_,9,8,12,6,15, , , 
33,2,9,133057,Grade 7,Grade 1,1,Walking,3,House keeping / Family business,_missing_, , , , , , ,6,2017
33,2,10,133058,Grade 1,Grade 1,1,Walking,5,School too far away,_missing_,5,4,3,3,10, , , 
33,2,10,133058,Grade 1,Grade 1,1,Walking,6,Financial problems,_missing_, , , , , ,7, , 
33,2,10,133058,Grade 8,Grade 1,1,Walking,3,School too far away,_missing_,8,7,2,3,15, , , 
33,2,10,133058,Grade 8,Grade 1,1,Walking,4,School too far away,_missing_,3,2,2,3,15, , , 
33,2,1,133059,Grade 7,Grade 1,1,Walking,4,School too far away,_missing_,11,10,2,2,15, , , 
33,2,10,133060,Grade 1,Grade 1,1,Walking,3,School too far away,_missing_,1,19,6,6,12, , , 
33,2,10,133060,Grade 7,Grade 1,1,Walking,3,House keeping / Family business,_missing_, , , , , , ,6,2017
33,2,10,133060,Grade 7,Grade 1,1,Walking,4,School too far away,_missing_,4,3,1,1,10, , , 
33,2,1,133061,Grade 1,Grade 1,1,Walking,2,School too far away,_missing_,6,5,0,1,15, , , 
33,2,1,133061,Grade 1,Grade 1,1,Walking,3,School too far away,_missing_,4,3,0,1,15, , , 
33,2,1,133061,Grade 1,Grade 1,1,Walking,4,School too far away,_missing_,1,19,0,1,15, , , 
33,2,1,133061,Grade 5,Grade 1,1,Walking,3,School too far away,_missing_,9,8,1,3,25, , , 
33,2,1,133061,Grade 9,Grade 1,1,Walking,4,School too far away,_missing_,11,10,1,1,25, , , 
33,2,1,133061,Grade 9,Grade 1,1,Walking,5,School too far away,_missing_,9,8,1,1,25, , , 
33,2,2,133063,Grade 8,Grade 1,1,Walking,4,School too far away,_missing_,8,7,1,1,15, , , 
33,2,2,133063,Grade 8,Grade 1,1,Walking,5,School too far away,_missing_,5,4,1,1,15, , , 
33,2,12,133064,Grade 4,Grade 1,1,Walking,3,School too far away,_missing_,7,6,12,6,40, , , 
33,2,2,133065,Grade 5,Grade 1,1,Walking,3,School too far away,_missing_,13,12,10,6,75, , , 
33,2,2,133065,Grade 5,Grade 1,1,Walking,4,School too far away,_missing_,8,7,3,6,45, , , 
33,2,12,133066,Grade 5,Grade 1,1,Walking,4,House keeping / Family business,_missing_, , , , , , ,7,2019
33,2,3,133068,Grade 1,Grade 1,1,Walking,3,School too far away,_missing_,7,6,1,3,10, , , 
33,2,3,133068,Grade 1,Grade 1,1,Walking,4,School too far away,_missing_,2,1,1,3,10, , , 
33,2,3,133068,Grade 10,Grade 1,1,Walking,2,School too far away,_missing_,13,12,1,6,5, , , 
33,2,3,133068,Grade 10,Grade 1,1,Walking,3,School too far away,_missing_,6,5,4,6,10, , , 
33,2,4,133069,Grade 5,Grade 1,1,Walking,3,School too far away,_missing_,12,11,1,3,10, , , 
33,2,5,133071,Grade 5,Grade 1,1,Walking,3,School too far away,_missing_,4,3,0,1,5, , , 
33,2,6,133072,Grade 6,Grade 1,1,Walking,3,School too far away,_missing_,12,11,8,6,45, , , 
33,2,6,133072,Grade 6,Grade 1,1,Walking,4,School too far away,_missing_,10,9,1,3,15, , , 
33,2,6,133072,Grade 10,Grade 1,1,Walking,4,School too far away,_missing_,9,8,4,3,20, , , 
33,2,6,133072,Grade 10,Grade 1,1,Walking,5,School too far away,_missing_,7,6,0,1,10, , , 
33,2,6,133073,Grade 5,Grade 1,1,Walking,2,School too far away,_missing_,6,5,1,3,10, , , 
33,2,6,133073,Grade 9,Grade 1,1,Walking,3,School too far away,_missing_,4,3,1,3,10, , , 
33,1,7,133074,Grade 1,Grade 1,1,Walking,4,School too far away,_missing_,2,1,4,5,5, , , 
33,1,7,133074,Grade 10,Grade 2,2,Walking,3,School too far away,_missing_,10,9,1,6,10, , , 
33,1,7,133074,Grade 10,Grade 2,2,Walking,4,School too far away,_missing_,5,4,1,6,10, , , 
33,2,7,133075,Grade 8,Grade 1,1,Walking,4,School too far away,_missing_,8,7,2,3,15, , , 
33,2,8,133076,Grade 4,Grade 1,1,Walking,3,School too far away,_missing_,9,8,1,3,5, , , 
33,2,8,133076,Grade 4,Grade 1,1,Walking,4,School too far away,_missing_,1,19,1,3,5, , , 
33,2,8,133076,Grade 9,Grade 1,1,Walking,3,Financial problems,_missing_, , , , , ,4, , 
33,2,8,133076,Grade 9,Grade 1,1,Walking,4,School too far away,_missing_,7,6,1,6,10, , , 
33,2,8,133076,Grade 9,Grade 1,1,Walking,5,Financial problems,_missing_, , , , , ,7, , 
33,1,8,133077,Grade 9,Grade 1,1,Walking,5,School too far away,_missing_,10,9,2,3,8, , , 
33,1,8,133077,Grade 9,Grade 1,1,Walking,6,School too far away,_missing_,3,2,2,3,8, , , 
33,2,10,133079,Grade 3,Grade 1,1,Walking,3,School too far away,_missing_,9,8,0,1,15, , , 
33,2,10,133079,Grade 10,Grade 1,1,Walking,3,House keeping / Family business,_missing_, , , , , , ,6,2016
33,2,10,133079,Grade 10,Grade 1,1,Walking,4,School too far away,_missing_,9,8,0,1,10, , , 
33,2,10,133079,Grade 10,Grade 1,1,Walking,5,School too far away,_missing_,7,6,0,1,10, , , 
33,2,10,133079,Grade 10,Grade 1,1,Walking,6,Financial problems,_missing_, , , , , ,7, , 
33,2,10,133080,Grade 6,Grade 1,1,Walking,4,School too far away,_missing_,12,11,7,6,10, , , 
33,2,11,133081,Grade 8,Grade 1,1,Walking,12,School too far away,_missing_,11,10,0,1,15, , , 
33,2,11,133082,Grade 4,Grade 1,1,Walking,4,School too far away,_missing_,8,7,3,2,10, , , 
33,2,11,133082,Grade 8,Grade 1,1,Walking,4,School too far away,_missing_,5,4,2,2,10, , , 
33,2,11,133082,Grade 8,Grade 1,1,Walking,5,School too far away,_missing_,2,1,13,2,40, , , 
33,2,12,133083,Grade 3,Grade 1,1,Walking,3,School too far away,_missing_,2,1,7,3,10, , , 
33,2,12,133083,Grade 3,Grade 1,1,Walking,4,School too far away,_missing_,1,19,10,3,15, , , 
33,2,12,133083,Grade 8,Grade 1,1,Walking,3,School too far away,_missing_,12,11,7,6,60, , , 
33,2,12,133083,Grade 8,Grade 1,1,Walking,4,School too far away,_missing_,8,7,7,6,60, , , 
33,2,12,133084,Grade 3,Grade 1,1,Walking,4,House keeping / Family business,_missing_, , , , , , ,6,2018
33,2,12,133084,Grade 3,Grade 1,1,Walking,5,School too far away,_missing_,8,7,2,6,15, , , 
33,2,12,133084,Grade 3,Grade 1,1,Walking,6,School too far away,_missing_,5,4,2,6,15, , , 
33,2,12,133084,Grade 7,Grade 1,1,Walking,4,House keeping / Family business,_missing_, , , , , , ,7,2019
41,1,1,141001,Grade 5,Grade 1,1,Walking,3,House keeping / Family business,_missing_, , , , , , ,8,2017
41,1,1,141001,Grade 5,Grade 1,1,Walking,4,House keeping / Family business,_missing_, , , , , , ,7,2018
41,2,2,141002,Grade 9,Grade 1,1,Walking,4,School too far away,_missing_,10,9,0,2,5, , , 
41,2,1,141003,Grade 7,Grade 1,1,Walking,5,House keeping / Family business,_missing_, , , , , , ,6,2017
41,1,2,141004,Grade 7,Grade 1,1,Walking,3,School too far away,_missing_,11,10,0,1,15, , , 
41,1,2,141004,Grade 7,Grade 1,1,Walking,4,School too far away,_missing_,9,8,0,1,15, , , 
41,1,2,141004,Grade 7,Grade 1,1,Walking,5,School too far away,_missing_,5,4,0,1,15, , , 
41,1,2,141004,Grade 7,Grade 1,1,Walking,6,School too far away,_missing_,2,1,0,1,15, , , 
41,1,1,141005,Grade 1,Grade 1,1,Walking,3,House keeping / Family business,_missing_, , , , , , ,5,2015
41,2,3,141006,Grade 1,Grade 1,1,Walking,3,School too far away,_missing_,2,1,0,1,10, , , 
41,2,2,141007,Grade 1,Grade 1,1,Walking,4,House keeping / Family business,_missing_, , , , , , ,6,2018
41,2,4,141008,Grade 5,Grade 1,1,Walking,3,School too far away,_missing_,8,7,0,1,5, , , 
41,2,4,141008,Grade 5,Grade 1,1,Walking,4,School too far away,_missing_,6,5,0,1,5, , , 
41,2,4,141008,Grade 5,Grade 1,1,Walking,5,School too far away,_missing_,1,19,0,3,5, , , 
41,2,3,141011,Grade 7,Grade 1,1,Walking,5,School too far away,_missing_,10,9,2,1,15, , , 
41,2,5,141012,Grade 10,Grade 1,1,Walking,3,School too far away,_missing_,13,12,5,5,20, , , 
41,1,4,141013,Grade 4,Grade 1,1,Walking,3,School too far away,_missing_,11,10,2,2,15, , , 
41,1,4,141013,Grade 4,Grade 1,1,Walking,4,School too far away,_missing_,8,7,0,1,5, , , 
41,1,4,141013,Grade 4,Grade 1,1,Walking,5,School too far away,_missing_,3,2,0,1,5, , , 
41,1,4,141013,Grade 9,Grade 1,1,Walking,4,School too far away,_missing_,10,9,1,2,10, , , 
41,2,6,141014,Grade 9,Grade 1,1,Walking,5,House keeping / Family business,_missing_, , , , , , ,3,2016
41,2,5,141015,Grade 3,Grade 1,1,Walking,5,House keeping / Family business,_missing_, , , , , , ,9,2015
41,2,5,141015,Grade 3,Grade 1,1,Walking,6,School too far away,_missing_,8,7,0,1,10, , , 
41,2,5,141015,Grade 7,Grade 1,1,Walking,3,School too far away,_missing_,3,2,0,3,5, , , 
41,2,6,141016,Grade 6,Grade 1,1,Walking,4,School too far away,_missing_,10,9,4,2,25, , , 
41,1,5,141017,Grade 3,Grade 1,1,Walking,2,School too far away,_missing_,3,2,2,2,10, , , 
41,1,5,141017,Grade 7,Grade 1,1,Walking,4,School too far away,_missing_,11,10,0,2,10, , , 
41,2,7,141018,Grade 4,Grade 1,1,Walking,4,School too far away,_missing_,13,12,1,2,10, , , 
41,2,7,141018,Grade 4,Grade 1,1,Walking,5,School too far away,_missing_,12,11,0,2,5, , , 
41,2,8,141020,Grade 1,Grade 2,2,Walking,2,School too far away,_missing_,12,11,2,2,12, , , 
41,2,8,141020,Grade 1,Grade 2,2,Walking,3,School too far away,_missing_,11,10,2,2,12, , , 
41,2,8,141020,Grade 1,Grade 2,2,Walking,4,School too far away,_missing_,6,5,0,1,10, , , 
41,2,7,141021,Grade 1,Grade 1,1,Walking,4,House keeping / Family business,_missing_, , , , , , ,6,2015
41,2,7,141021,Grade 1,Grade 1,1,Walking,5,House keeping / Family business,_missing_, , , , , , ,6,2019
41,2,7,141021,Grade 1,Grade 1,1,Walking,6,School too far away,_missing_,9,8,0,1,15, , , 
41,2,7,141021,Grade 1,Grade 1,1,Walking,7,School too far away,_missing_,7,6,0,1,15, , , 
41,2,7,141021,Grade 1,Grade 1,1,Walking,8,School too far away,_missing_,3,2,0,1,15, , , 
41,2,7,141021,Grade 1,Grade 1,1,Walking,9,School too far away,_missing_,1,19,0,2,10, , , 
41,2,7,141021,Grade 5,Grade 1,1,Walking,3,School too far away,_missing_,4,3,1,2,10, , , 
41,1,8,141022,Grade 2,Grade 1,1,Walking,4,School too far away,_missing_,13,12,5,2,30, , , 
41,1,8,141022,Grade 2,Grade 1,1,Walking,5,School too far away,_missing_,12,11,5,2,30, , , 
41,1,8,141022,Grade 2,Grade 1,1,Walking,6,School too far away,_missing_,3,2,5,2,30, , , 
41,2,9,141026,Grade 10,Grade 1,1,Walking,3,School too far away,_missing_,7,6,3,3,15, , , 
41,2,9,141026,Grade 10,Grade 1,1,Walking,4,School too far away,_missing_,5,4,1,3,10, , , 
41,2,9,141026,Grade 10,Grade 1,1,Walking,5,School too far away,_missing_,4,3,1,3,10, , , 
41,2,8,141027,Grade 4,Grade 1,1,Walking,2,House keeping / Family business,_missing_, , , , , , ,6,2019
41,2,8,141027,Grade 4,Grade 1,1,Walking,3,School too far away,_missing_,9,8,4,6,30, , , 
41,2,8,141027,Grade 4,Grade 1,1,Walking,4,School too far away,_missing_,6,5,4,6,30, , , 
41,2,8,141027,Grade 8,Grade 1,1,Walking,3,School too far away,_missing_,4,3,1,1,30, , , 
41,2,8,141027,Grade 8,Grade 1,1,Walking,4,School too far away,_missing_,2,1,1,1,30, , , 
41,2,10,141028,Grade 2,Grade 1,1,Walking,5,School too far away,_missing_,10,9,4,2,30, , , 
41,2,10,141028,Grade 6,Grade 1,1,Walking,3,School too far away,_missing_,1,19,0,3,4, , , 
41,2,10,141028,Grade 10,Grade 1,1,Walking,3,House keeping / Family business,_missing_, , , , , , ,7, 
41,2,10,141028,Grade 10,Grade 1,1,Walking,4,School too far away,_missing_,11,10,4,2,25, , , 
41,2,10,141028,Grade 10,Grade 1,1,Walking,5,School too far away,_missing_,9,8,4,2,25, , , 
41,2,10,141028,Grade 10,Grade 1,1,Walking,6,School too far away,_missing_,2,1,1,2,5, , , 
41,2,9,141029,Grade 6,Grade 1,1,Walking,4,School too far away,_missing_,12,11,8,6,30, , , 
41,2,11,141030,Grade 1,Grade 1,1,Walking,3,School too far away,_missing_,6,5,8,5,30, , , 
41,2,10,141031,Grade 4,Grade 1,1,Walking,6,School too far away,_missing_,13,12,0,1,5, , , 
41,1,10,141033,Grade 4,Grade 1,1,Walking,3,School too far away,_missing_,12,11,2,3,10, , , 
41,1,10,141033,Grade 4,Grade 1,1,Walking,4,School too far away,_missing_,7,6,2,3,10, , , 
41,2,12,141034,Grade 1,Grade 1,1,Walking,2,School too far away,_missing_,12,11,10,6,60, , , 
41,2,12,141034,Grade 10,Grade 1,1,Walking,4,School too far away,_missing_,11,10,1,1,30, , , 
41,2,12,141034,Grade 10,Grade 1,1,Walking,5,School too far away,_missing_,8,7,1,1,30, , , 
41,2,11,141035,Grade 5,Grade 1,1,Walking,3,School too far away,_missing_,5,4,0,2,5, , , 
41,2,11,141035,Grade 9,Grade 1,1,Walking,4,School too far away,_missing_,13,12,0,1,10, , , 
41,2,12,141036,Grade 3,Grade 1,1,Walking,3,School too far away,_missing_,6,5,1,2,15, , , 
41,2,1,141038,Grade 2,Grade 1,1,Walking,3,School too far away,_missing_,3,2,2,1,15, , , 
41,2,1,141038,Grade 2,Grade 1,1,Walking,4,School too far away,_missing_,2,1,2,1,15, , , 
41,2,2,141039,Grade 10,Grade 1,1,Walking,3,School too far away,_missing_,6,5,7,3,20, , , 
41,2,2,141039,Grade 10,Grade 1,1,Walking,4,School too far away,_missing_,2,1,0,3,5, , , 
41,1,2,141040,Grade 2,Grade 1,1,Walking,3,School too far away,_missing_,9,8,1,2,15, , , 
41,1,2,141040,Grade 2,Grade 1,1,Walking,4,School too far away,_missing_,8,7,1,2,15, , , 
41,1,2,141040,Grade 2,Grade 1,1,Walking,5,School too far away,_missing_,4,3,1,3,10, , , 
41,2,4,141042,Grade 6,Grade 1,1,Walking,2,School too far away,_missing_,5,4,1,2,20, , , 
41,2,4,141042,Grade 6,Grade 1,1,Walking,3,School too far away,_missing_,1,19,4,6,25, , , 
41,2,4,141043,Grade 5,Grade 1,1,Walking,3,School too far away,_missing_,4,3,1,2,15, , , 
41,2,4,141043,Grade 10,Grade 1,1,Walking,2,House keeping / Family business,_missing_, , , , , , ,3,2017
41,2,4,141043,Grade 10,Grade 1,1,Walking,3,School too far away,_missing_,7,6,12,6,75, , , 
41,2,5,141044,Grade 9,Grade 1,1,Walking,3,School too far away,_missing_,4,3,0,2,5, , , 
41,2,5,141044,Grade 9,Grade 1,1,Walking,4,School too far away,_missing_,2,2,0,2,5, , , 
41,2,5,141044,Grade 9,Grade 1,1,Walking,8,School too far away,_missing_,13,12,6,2,25, , , 
41,2,6,141046,Grade 1,Grade 1,1,Walking,3,School too far away,_missing_,7,6,2,3,15, , , 
41,2,7,141047,Grade 10,Grade 1,1,Walking,4,School too far away,_missing_,2,1,0,2,5, , , 
41,1,7,141048,Grade 1,Grade 1,1,Walking,3,School too far away,_missing_,2,1,0,1,5, , , 
41,2,8,141049,Grade 5,Grade 1,1,Walking,6,School too far away,_missing_,13,12,1,2,10, , , 
41,2,9,141050,Grade 5,Grade 1,1,Walking,3,School too far away,_missing_,9,8,1,2,10, , , 
41,2,9,141050,Grade 5,Grade 1,1,Walking,4,School too far away,_missing_,3,2,1,2,10, , , 
41,2,9,141050,Grade 9,Grade 1,1,Walking,3,School too far away,_missing_,11,10,2,2,10, , , 
41,2,9,141050,Grade 9,Grade 1,1,Walking,4,School too far away,_missing_,7,6,2,2,10, , , 
41,2,9,141051,Grade 3,Grade 1,1,Walking,4,School too far away,_missing_,11,10,3,2,15, , , 
41,2,1,141055,Grade 7,Grade 1,1,Walking,3,School too far away,_missing_,6,5,4,5,20, , , 
41,2,12,141056,Grade 8,Grade 1,1,Walking,3,School too far away,_missing_,5,4,4,3,25, , , 
41,2,12,141056,Grade 8,Grade 1,1,Walking,4,Financial problems,_missing_, , , , , ,7, , 
41,2,1,141057,Grade 2,Grade 1,1,Walking,3,School too far away,_missing_,11,10,2,2,20, , , 
41,2,1,141057,Grade 2,Grade 1,1,Walking,4,School too far away,_missing_,9,8,13,6,40, , , 
41,2,1,141057,Grade 2,Grade 1,1,Walking,5,School too far away,_missing_,7,6,13,6,40, , , 
41,2,2,141059,Grade 2,Grade 1,1,Walking,5,House keeping / Family business,_missing_, , , , , , ,6,2010
41,2,2,141059,Grade 2,Grade 1,1,Walking,6,School too far away,_missing_,13,12,5,6,30, , , 
41,2,2,141059,Grade 2,Grade 1,1,Walking,7,School too far away,_missing_,1,19,1,3,5, , , 
41,2,2,141059,Grade 6,Grade 1,1,Walking,6,House keeping / Family business,_missing_, , , , , , ,8,2013
41,2,4,141062,Grade 1,Grade 1,1,Walking,3,School too far away,_missing_,10,9,2,1,15, , , 
41,2,4,141062,Grade 1,Grade 1,1,Walking,4,School too far away,_missing_,9,8,2,1,15, , , 
41,2,5,141063,Grade 4,Grade 1,1,Walking,7,House keeping / Family business,_missing_, , , , , , ,3,2017
41,2,5,141063,Grade 8,Grade 1,1,Walking,3,House keeping / Family business,_missing_, , , , , , ,9,2015
41,2,5,141064,Grade 8,Grade 1,1,Walking,4,School too far away,_missing_,1,19,2,2,10, , , 
41,2,6,141065,Grade 6,Grade 1,1,Walking,4,School too far away,_missing_,10,9,0,2,10, , , 
41,2,6,141065,Grade 10,Grade 1,1,Walking,3,School too far away,_missing_,10,9,2,2,10, , , 
41,2,6,141065,Grade 10,Grade 1,1,Walking,4,School too far away,_missing_,8,7,2,2,10, , , 
41,2,6,141066,Grade 8,Grade 1,1,Walking,3,School too far away,_missing_,4,3,4,3,10, , , 
41,2,6,141066,Grade 8,Grade 1,1,Walking,4,School too far away,_missing_,3,2,4,3,10, , , 
41,1,7,141067,Grade 1,Grade 1,1,Walking,6,School too far away,_missing_,12,11,0,2,5, , , 
41,1,7,141067,Grade 5,Grade 1,1,Walking,4,House keeping / Family business,_missing_, , , , , , ,8,2018
41,1,7,141067,Grade 5,Grade 1,1,Walking,5,School too far away,_missing_,13,12,1,2,10, , , 
41,2,8,141068,Grade 7,Grade 1,1,Walking,3,School too far away,_missing_,10,9,0,2,5, , , 
41,2,8,141068,Grade 7,Grade 1,1,Walking,4,School too far away,_missing_,4,3,2,2,25, , , 
41,2,9,141070,Grade 7,Grade 1,1,Walking,3,House keeping / Family business,_missing_, , , , , , ,6,2017
41,2,9,141070,Grade 7,Grade 1,1,Walking,4,School too far away,_missing_,9,8,5,2,30, , , 
41,2,9,141070,Grade 7,Grade 1,1,Walking,5,School too far away,_missing_,7,6,5,2,30, , , 
41,2,9,141070,Grade 7,Grade 1,1,Walking,6,School too far away,_missing_,4,3,2,2,15, , , 
41,1,10,141072,Grade 1,Grade 1,1,Walking,3,School too far away,_missing_,7,6,6,3,30, , , 
41,1,10,141072,Grade 1,Grade 1,1,Walking,4,School too far away,_missing_,4,3,2,2,20, , , 
41,1,10,141072,Grade 5,Grade 1,1,Walking,3,School too far away,_missing_,8,7,10,6,45, , , 
41,1,10,141072,Grade 5,Grade 1,1,Walking,4,School too far away,_missing_,7,6,10,6,45, , , 
41,2,11,141074,Grade 4,Grade 1,1,Walking,3,School too far away,_missing_,13,12,2,2,15, , , 
41,2,11,141074,Grade 4,Grade 1,1,Walking,4,School too far away,_missing_,10,9,0,1,10, , , 
41,2,11,141074,Grade 4,Grade 1,1,Walking,5,School too far away,_missing_,5,4,0,1,10, , , 
41,2,12,141075,Grade 2,Grade 1,1,Walking,2,School too far away,_missing_,12,11,5,6,25, , , 
41,2,12,141075,Grade 2,Grade 1,1,Walking,3,School too far away,_missing_,10,9,5,6,25, , , 
41,2,12,141075,Grade 6,Grade 1,1,Walking,3,School too far away,_missing_,12,11,4,6,30, , , 
41,2,12,141075,Grade 6,Grade 1,1,Walking,4,School too far away,_missing_,8,7,4,6,30, , , 
42,2,2,142001,Grade 2,Grade 1,1,Walking,3,House keeping / Family business,_missing_, , , , , , ,6,2017
42,2,2,142001,Grade 6,Grade 1,1,Walking,6,House keeping / Family business,_missing_, , , , , , ,9,2017
42,1,3,142002,Grade 8,Grade 1,1,Walking,2,School too far away,_missing_,8,7,0,3,4, , , 
42,2,4,142004,Grade 5,Grade 1,1,Walking,4,School too far away,_missing_,13,12,1,2,15, , , 
42,2,2,142005,Grade 4,Grade 1,1,Walking,6,School too far away,_missing_,2,1,1,3,10, , , 
42,2,2,142005,Grade 8,Grade 1,1,Walking,4,House keeping / Family business,_missing_, , , , , , ,3,2015
42,2,6,142006,Grade 6,Grade 1,1,Walking,2,School too far away,_missing_,9,8,1,1,10, , , 
42,2,6,142006,Grade 6,Grade 1,1,Walking,3,School too far away,_missing_,7,6,1,1,10, , , 
42,2,6,142006,Grade 10,Grade 1,1,Walking,3,School too far away,_missing_,1,19,1,1,10, , , 
42,1,4,142007,Grade 6,Grade 1,1,Walking,2,School too far away,_missing_,8,7,0,3,3, , , 
42,1,4,142007,Grade 6,Grade 1,1,Walking,3,School too far away,_missing_,5,4,0,3,3, , , 
42,1,4,142007,Grade 10,Grade 1,1,Walking,3,House keeping / Family business,_missing_, , , , , , ,2,2017
42,1,4,142007,Grade 10,Grade 1,1,Walking,4,School too far away,_missing_,7,6,0,2,5, , , 
42,2,7,142008,Grade 7,Grade 1,1,Walking,3,School too far away,_missing_,6,5,2,3,5, , , 
42,2,7,142008,Grade 7,Grade 1,1,Walking,4,School too far away,_missing_,5,4,2,3,5, , , 
42,2,7,142008,Grade 7,Grade 1,1,Walking,5,School too far away,_missing_,1,19,2,3,5, , , 
42,2,5,142009,Grade 3,Grade 1,1,Walking,3,School too far away,_missing_,6,5,1,2,5, , , 
42,2,5,142009,Grade 3,Grade 1,1,Walking,4,School too far away,_missing_,1,19,1,2,5, , , 
42,2,8,142010,Grade 2,Grade 1,1,Walking,3,School too far away,_missing_,2,1,0,1,5, , , 
42,2,6,142011,Grade 3,Grade 1,1,Walking,3,School too far away,_missing_,11,10,3,2,20, , , 
42,2,6,142011,Grade 3,Grade 1,1,Walking,4,School too far away,_missing_,9,8,2,1,20, , , 
42,2,6,142011,Grade 10,Grade 1,1,Walking,3,School too far away,_missing_,3,2,0,1,5, , , 
42,2,11,142014,Grade 10,Grade 1,1,Walking,3,School too far away,_missing_,10,9,2,6,20, , , 
42,2,12,142016,Grade 6,Grade 1,1,Walking,5,School too far away,_missing_,1,19,0,1,10, , , 
42,2,10,142017,Grade 1,Grade 1,1,Walking,3,School too far away,_missing_,8,7,7,6,25, , , 
42,2,10,142017,Grade 1,Grade 1,1,Walking,4,School too far away,_missing_,6,5,7,6,25, , , 
42,2,12,142018,Grade 5,Grade 1,1,Walking,3,School too far away,_missing_,10,9,3,6,15, , , 
42,2,12,142018,Grade 5,Grade 1,1,Walking,4,School too far away,_missing_,6,5,3,6,15, , , 
42,2,12,142018,Grade 5,Grade 1,1,Walking,5,School too far away,_missing_,3,2,3,6,15, , , 
42,2,3,142020,Grade 7,Grade 1,1,Walking,3,School too far away,_missing_,8,7,0,1,5, , , 
42,2,3,142020,Grade 7,Grade 1,1,Walking,4,School too far away,_missing_,2,1,0,1,5, , , 
42,2,4,142021,Grade 1,Grade 1,1,Walking,5,School too far away,_missing_,1,19,3,3,15, , , 
42,2,4,142021,Grade 6,Grade 1,1,Walking,5,House keeping / Family business,_missing_, , , , , , ,6,2017
42,1,7,142023,Grade 5,Grade 1,1,Walking,8,School too far away,_missing_,2,1,0,3,5, , , 
42,1,7,142023,Grade 10,Grade 1,1,Walking,4,School too far away,_missing_,2,1,0,1,5, , , 
42,2,9,142025,Grade 3,Grade 1,1,Walking,3,School too far away,_missing_,7,6,0,1,15, , , 
42,2,9,142025,Grade 3,Grade 1,1,Walking,4,School too far away,_missing_,3,2,0,1,15, , , 
42,2,11,142026,Grade 5,Grade 1,1,Walking,4,School too far away,_missing_,7,6,0,2,5, , , 
42,2,2,142029,Grade 1,Grade 1,1,Walking,4,House keeping / Family business,_missing_, , , , , , ,8,2018
42,2,2,142029,Grade 1,Grade 1,1,Walking,5,School too far away,_missing_,12,11,3,1,30, , , 
42,2,2,142029,Grade 6,Grade 1,1,Walking,3,School too far away,_missing_,12,12,6,6,15, , , 
42,2,2,142029,Grade 6,Grade 1,1,Walking,4,School too far away,_missing_,11,10,3,1,30, , , 
42,2,2,142029,Grade 6,Grade 1,1,Walking,5,School too far away,_missing_,10,9,3,1,30, , , 
42,2,2,142029,Grade 6,Grade 1,1,Walking,6,School too far away,_missing_,7,6,3,1,30, , , 
42,2,3,142030,Grade 4,Grade 1,1,Walking,3,School too far away,_missing_,2,1,1,2,20, , , 
42,2,3,142030,Grade 8,Grade 1,1,Walking,2,School too far away,_missing_,12,11,2,2,20, , , 
42,2,3,142030,Grade 8,Grade 1,1,Walking,3,School too far away,_missing_,8,7,2,2,20, , , 
42,2,5,142031,Grade 8,Grade 1,1,Walking,3,House keeping / Family business,_missing_, , , , , , ,2,2016
42,2,5,142031,Grade 8,Grade 1,1,Walking,4,School too far away,_missing_,10,9,7,6,8, , , 
42,2,5,142031,Grade 8,Grade 1,1,Walking,5,School too far away,_missing_,7,6,3,6,8, , , 
42,1,6,142032,Grade 3,Grade 1,1,Walking,4,School too far away,_missing_,13,12,2,1,20, , , 
42,1,6,142032,Grade 3,Grade 1,1,Walking,5,School too far away,_missing_,10,9,2,1,20, , , 
42,1,6,142032,Grade 9,Grade 1,1,Walking,3,School too far away,_missing_,9,8,2,2,15, , , 
42,2,7,142033,Grade 2,Grade 1,1,Walking,3,School too far away,_missing_,6,5,0,1,15, , , 
42,2,7,142033,Grade 2,Grade 1,1,Walking,4,School too far away,_missing_,4,3,0,1,15, , , 
42,2,7,142033,Grade 2,Grade 1,1,Walking,5,Financial problems,_missing_, , , , , ,7, , 
42,2,7,142033,Grade 10,Grade 1,1,Walking,3,School too far away,_missing_,11,10,4,2,30, , , 
42,2,7,142033,Grade 10,Grade 1,1,Walking,4,School too far away,_missing_,8,7,4,6,15, , , 
42,2,7,142033,Grade 10,Grade 1,1,Walking,5,School too far away,_missing_,5,4,2,1,30, , , 
42,2,9,142034,Grade 5,Grade 1,1,Walking,3,School too far away,_missing_,7,6,0,1,5, , , 
42,2,9,142034,Grade 5,Grade 1,1,Walking,4,School too far away,_missing_,5,4,0,1,5, , , 
42,2,9,142034,Grade 5,Grade 1,1,Walking,5,School too far away,_missing_,2,1,0,1,5, , , 
42,2,9,142034,Grade 9,Grade 1,1,Walking,5,School too far away,_missing_,7,6,0,1,5, , , 
42,2,10,142035,Grade 8,Grade 1,1,Walking,3,House keeping / Family business,_missing_, , , , , , ,99,2017
42,2,10,142035,Grade 8,Grade 1,1,Walking,4,School too far away,_missing_,10,9,2,1,30, , , 
42,2,10,142035,Grade 8,Grade 1,1,Walking,5,School too far away,_missing_,6,5,2,1,30, , , 
42,2,10,142035,Grade 8,Grade 1,1,Walking,6,Financial problems,_missing_, , , , , ,7, , 
42,2,11,142036,Grade 4,Grade 1,1,Walking,3,School too far away,_missing_,13,12,1,3,10, , , 
43,2,2,143001,Grade 4,Grade 1,1,Walking,3,School too far away,_missing_,4,3,1,3,6, , , 
43,2,2,143001,Grade 4,Grade 1,1,Walking,4,Financial problems,_missing_, , , , , ,7, , 
43,2,2,143001,Grade 8,Grade 1,1,Walking,3,School too far away,_missing_,11,10,4,3,20, , , 
43,2,2,143001,Grade 8,Grade 1,1,Walking,4,School too far away,_missing_,11,10,0,1,5, , , 
43,2,3,143002,Grade 2,Grade 1,1,Walking,3,School too far away,_missing_,7,6,2,6,15, , , 
43,2,3,143002,Grade 2,Grade 1,1,Walking,4,School too far away,_missing_,3,2,0,1,6, , , 
43,2,1,143003,Grade 4,Grade 1,1,Walking,3,School too far away,_missing_,10,9,2,3,10, , , 
43,2,1,143003,Grade 4,Grade 1,1,Walking,4,School too far away,_missing_,6,5,2,3,10, , , 
43,2,1,143003,Grade 4,Grade 1,1,Walking,5,School too far away,_missing_,2,1,2,3,10, , , 
43,2,1,143003,Grade 8,Grade 1,1,Walking,4,House keeping / Family business,_missing_, , , , , , ,6,2017
43,2,1,143003,Grade 8,Grade 1,1,Walking,5,House keeping / Family business,_missing_, , , , , , ,99,2017
43,2,4,143004,Grade 6,Grade 1,1,Walking,3,School too far away,_missing_,5,4,4,3,10, , , 
43,2,4,143004,Grade 6,Grade 1,1,Walking,4,School too far away,_missing_,1,19,4,3,10, , , 
43,2,4,143004,Grade 10,Grade 1,1,Walking,5,School too far away,_missing_,1,19,4,3,15, , , 
43,2,2,143005,Grade 4,Grade 1,1,Walking,4,House keeping / Family business,_missing_, , , , , , ,8,2018
43,2,5,143006,Grade 2,Grade 1,1,Walking,3,House keeping / Family business,_missing_, , , , , , ,9,2017
43,2,5,143006,Grade 2,Grade 1,1,Walking,4,School too far away,_missing_,10,9,2,1,15, , , 
43,2,5,143006,Grade 2,Grade 1,1,Walking,5,School too far away,_missing_,8,7,2,1,15, , , 
43,2,5,143006,Grade 6,Grade 1,1,Walking,2,House keeping / Family business,_missing_, , , , , , ,2,2017
43,2,5,143006,Grade 6,Grade 1,1,Walking,3,School too far away,_missing_,8,7,9,6,40, , , 
43,2,6,143008,Grade 2,Grade 1,1,Walking,3,School too far away,_missing_,8,7,5,3,10, , , 
43,2,6,143008,Grade 10,Grade 1,1,Walking,3,School too far away,_missing_,10,9,3,3,10, , , 
43,2,6,143008,Grade 10,Grade 1,1,Walking,4,School too far away,_missing_,5,4,3,3,10, , , 
43,1,5,143009,Grade 6,Grade 1,1,Walking,2,School too far away,_missing_,7,6,0,3,2, , , 
43,1,5,143009,Grade 6,Grade 1,1,Walking,3,School too far away,_missing_,2,1,0,3,5, , , 
43,2,8,143010,Grade 4,Grade 1,1,Walking,5,School too far away,_missing_,13,12,0,1,4, , , 
43,2,8,143010,Grade 4,Grade 1,1,Walking,7,School too far away,_missing_,9,8,0,1,4, , , 
43,2,8,143010,Grade 4,Grade 1,1,Walking,8,School too far away,_missing_,4,3,0,1,4, , , 
43,2,8,143010,Grade 8,Grade 1,1,Walking,4,House keeping / Family business,_missing_, , , , , , ,6,2017
43,2,6,143011,Grade 2,Grade 1,1,Walking,4,School too far away,_missing_,6,5,2,3,10, , , 
43,2,6,143011,Grade 2,Grade 1,1,Walking,5,School too far away,_missing_,3,1,2,3,10, , , 
43,2,9,143012,Grade 10,Grade 1,1,Walking,3,School too far away,_missing_,11,10,0,1,3, , , 
43,2,9,143012,Grade 10,Grade 1,1,Walking,4,School too far away,_missing_,9,8,0,1,3, , , 
43,2,9,143012,Grade 10,Grade 1,1,Walking,5,School too far away,_missing_,6,5,0,1,3, , , 
43,2,7,143013,Grade 8,Grade 1,1,Walking,4,House keeping / Family business,_missing_, , , , , , ,99,2018
43,2,7,143013,Grade 8,Grade 1,1,Walking,5,House keeping / Family business,_missing_, , , , , , ,99,2018
43,2,7,143013,Grade 8,Grade 1,1,Walking,6,School too far away,_missing_,9,8,1,1,10, , , 
43,2,7,143013,Grade 8,Grade 1,1,Walking,7,School too far away,_missing_,6,5,1,2,10, , , 
43,2,7,143013,Grade 8,Grade 1,1,Walking,8,School too far away,_missing_,1,19,0,2,4, , , 
43,2,10,143014,Grade 3,Grade 1,1,Walking,3,School too far away,_missing_,9,8,2,2,10, , , 
43,2,10,143014,Grade 7,Grade 1,1,Walking,3,School too far away,_missing_,4,3,1,2,4, , , 
43,2,10,143014,Grade 7,Grade 1,1,Walking,4,School too far away,_missing_,1,19,1,2,4, , , 
43,2,8,143015,Grade 6,Grade 1,1,Walking,4,School too far away,_missing_,8,7,8,6,40, , , 
43,2,8,143015,Grade 10,Grade 1,1,Walking,3,School too far away,_missing_,3,2,2,2,10, , , 
43,2,11,143016,Grade 4,Grade 1,1,Walking,4,House keeping / Family business,_missing_, , , , , , ,99,2018
43,2,11,143016,Grade 8,Grade 1,1,Walking,4,School too far away,_missing_,12,11,4,2,30, , , 
43,2,9,143017,Grade 2,Grade 1,1,Walking,3,School too far away,_missing_,10,9,7,6,30, , , 
43,2,9,143017,Grade 2,Grade 1,1,Walking,4,School too far away,_missing_,1,19,2,1,15, , , 
43,2,9,143017,Grade 6,Grade 1,1,Walking,3,House keeping / Family business,_missing_, , , , , , ,9,2017
43,2,11,143018,Grade 4,Grade 1,1,Walking,3,School too far away,_missing_,12,11,9,6,25, , , 
43,2,12,143019,Grade 2,Grade 1,1,Walking,3,School too far away,_missing_,5,4,0,1,5, , , 
43,2,12,143019,Grade 2,Grade 1,1,Walking,4,School too far away,_missing_,4,3,0,1,5, , , 
43,2,12,143019,Grade 2,Grade 1,1,Walking,5,Financial problems,_missing_, , , , , ,7, , 
43,2,3,143021,Grade 2,Grade 1,1,Walking,3,School too far away,_missing_,5,4,3,6,10, , , 
43,2,3,143021,Grade 2,Grade 1,1,Walking,4,School too far away,_missing_,1,19,3,6,10, , , 
43,2,4,143022,Grade 4,Grade 1,1,Walking,3,School too far away,_missing_,11,10,3,5,30, , , 
43,2,4,143022,Grade 4,Grade 1,1,Walking,4,School too far away,_missing_,8,7,3,5,30, , , 
43,2,4,143022,Grade 4,Grade 1,1,Walking,5,School too far away,_missing_,6,5,3,5,30, , , 
43,2,4,143022,Grade 4,Grade 1,1,Walking,6,School too far away,_missing_,3,2,0,1,10, , , 
43,2,4,143022,Grade 8,Grade 1,1,Walking,2,School too far away,_missing_,11,10,4,5,30, , , 
43,2,4,143022,Grade 8,Grade 1,1,Walking,3,School too far away,_missing_,3,2,0,1,10, , , 
43,2,5,143023,Grade 5,Grade 1,1,Walking,3,School too far away,_missing_,9,8,0,2,5, , , 
43,2,5,143023,Grade 5,Grade 1,1,Walking,5,School too far away,_missing_,12,11,0,2,5, , , 
43,2,5,143023,Grade 9,Grade 1,1,Walking,3,House keeping / Family business,_missing_, , , , , , ,8,2019
43,1,6,143024,Grade 5,Grade 1,1,Walking,2,School too far away,_missing_,6,5,1,3,8, , , 
43,1,6,143024,Grade 5,Grade 1,1,Walking,3,School too far away,_missing_,2,1,1,3,8, , , 
43,2,7,143025,Grade 3,Grade 1,1,Walking,4,School too far away,_missing_,8,7,4,3,15, , , 
43,2,7,143025,Grade 3,Grade 1,1,Walking,5,School too far away,_missing_,2,1,1,3,5, , , 
43,2,7,143025,Grade 3,Grade 1,1,Walking,6,School too far away,_missing_,7,6,4,3,15, , , 
43,2,7,143025,Grade 7,Grade 1,1,Walking,3,School too far away,_missing_,3,2,1,3,5, , , 
43,2,9,143026,Grade 3,Grade 1,1,Walking,3,School too far away,_missing_,10,9,0,1,5, , , 
43,2,9,143026,Grade 3,Grade 1,1,Walking,4,School too far away,_missing_,6,5,0,1,5, , , 
43,2,9,143026,Grade 7,Grade 1,1,Walking,3,School too far away,_missing_,10,9,0,1,5, , , 
43,1,10,143027,Grade 4,Grade 1,1,Walking,4,School too far away,_missing_,11,10,2,6,15, , , 
43,1,10,143027,Grade 9,Grade 1,1,Walking,3,School too far away,_missing_,1,19,3,3,15, , , 
43,2,12,143029,Grade 1,Grade 1,1,Walking,3,School too far away,_missing_,2,1,2,3,10, , , 
43,2,12,143029,Grade 6,Grade 1,1,Walking,3,School too far away,_missing_,9,8,4,5,15, , , 
43,2,12,143029,Grade 6,Grade 1,1,Walking,4,School too far away,_missing_,6,5,1,2,12, , , 
43,2,12,143029,Grade 6,Grade 1,1,Walking,5,School too far away,_missing_,1,19,1,2,12, , , 
43,2,1,143030,Grade 5,Grade 1,1,Walking,3,School too far away,_missing_,13,12,0,5,10, , , 
43,2,1,143030,Grade 5,Grade 1,1,Walking,4,School too far away,_missing_,11,10,0,5,10, , , 
43,1,2,143031,Grade 2,Grade 1,1,Walking,3,School too far away,_missing_,6,5,1,3,5, , , 
43,1,2,143031,Grade 2,Grade 1,1,Walking,4,School too far away,_missing_,3,2,1,3,5, , , 
43,1,3,143032,Grade 4,Grade 1,1,Walking,3,House keeping / Family business,_missing_, , , , , , ,8,2018
43,2,4,143033,Grade 2,Grade 1,1,Walking,3,School too far away,_missing_,13,12,2,3,10, , , 
43,2,4,143033,Grade 2,Grade 1,1,Walking,4,School too far away,_missing_,11,10,2,3,10, , , 
43,2,4,143033,Grade 7,Grade 1,1,Walking,3,School too far away,_missing_,1,19,2,3,10, , , 
43,2,6,143034,Grade 2,Grade 1,1,Walking,3,School too far away,_missing_,2,1,3,2,30, , , 
43,2,6,143034,Grade 10,Grade 1,1,Walking,5,House keeping / Family business,_missing_, , , , , , ,6,2016
43,2,6,143034,Grade 10,Grade 1,1,Walking,6,School too far away,_missing_,11,10,4,1,30, , , 
43,2,7,143035,Grade 5,Grade 1,1,Walking,3,School too far away,_missing_,2,1,0,1,10, , , 
43,1,8,143036,Grade 4,Grade 1,1,Walking,3,School too far away,_missing_,7,6,0,1,10, , , 
43,1,8,143036,Grade 8,Grade 1,1,Walking,2,School too far away,_missing_,7,6,3,6,20, , , 
43,1,8,143036,Grade 8,Grade 1,1,Walking,3,School too far away,_missing_,2,1,1,2,10, , , 
43,1,9,143037,Grade 7,Grade 1,1,Walking,5,School too far away,_missing_,6,5,0,1,8, , , 
43,2,10,143038,Grade 5,Grade 1,1,Walking,3,School too far away,_missing_,3,2,1,1,20, , , 
43,2,10,143038,Grade 5,Grade 1,1,Walking,4,School too far away,_missing_,1,19,1,1,20, , , 
43,2,12,143039,Grade 10,Grade 1,1,Walking,4,School too far away,_missing_,10,9,6,5,45, , , 
44,2,2,144001,Grade 2,Grade 1,1,Walking,3,School too far away,_missing_,12,11,3,2,45, , , 
44,2,2,144001,Grade 2,Grade 1,1,Walking,4,School too far away,_missing_,11,10,3,2,45, , , 
44,2,2,144001,Grade 2,Grade 1,1,Walking,5,School too far away,_missing_,6,5,0,2,10, , , 
44,2,2,144001,Grade 10,Grade 1,1,Walking,3,School too far away,_missing_,6,5,3,2,40, , , 
44,2,2,144001,Grade 10,Grade 1,1,Walking,4,School too far away,_missing_,13,12,4,2,55, , , 
44,2,1,144003,Grade 6,Grade 1,1,Walking,3,School too far away,_missing_,8,7,0,2,15, , , 
44,2,1,144003,Grade 6,Grade 1,1,Walking,4,School too far away,_missing_,6,5,0,2,15, , , 
44,2,2,144004,Grade 1,Grade 1,1,Walking,2,School too far away,_missing_,11,10,1,2,6, , , 
44,2,2,144004,Grade 1,Grade 1,1,Walking,3,School too far away,_missing_,9,8,1,2,6, , , 
44,2,2,144004,Grade 5,Grade 1,1,Walking,3,School too far away,_missing_,4,3,1,3,5, , , 
44,2,2,144004,Grade 9,Grade 1,1,Walking,5,School too far away,_missing_,12,11,2,2,15, , , 
44,2,7,144006,Grade 9,Grade 1,1,Walking,3,School too far away,_missing_,5,4,0,1,10, , , 
44,2,7,144006,Grade 9,Grade 1,1,Walking,4,School too far away,_missing_,4,3,0,1,10, , , 
44,2,5,144007,Grade 4,Grade 1,1,Walking,4,House keeping / Family business,_missing_, , , , , , ,7, 
44,2,8,144008,Grade 4,Grade 1,1,Walking,4,House keeping / Family business,_missing_, , , , , , ,6,2017
44,2,8,144008,Grade 4,Grade 1,1,Walking,5,School too far away,_missing_,11,10,0,1,5, , , 
44,2,6,144009,Grade 5,Grade 1,1,Walking,3,School too far away,_missing_,11,10,4,2,20, , , 
44,2,6,144009,Grade 5,Grade 1,1,Walking,4,School too far away,_missing_,6,5,4,2,20, , , 
44,2,10,144010,Grade 2,Grade 1,1,Walking,2,School too far away,_missing_,8,7,0,3,3, , , 
44,2,10,144010,Grade 8,Grade 1,1,Walking,3,House keeping / Family business,_missing_, , , , , , ,7, 
44,2,10,144010,Grade 8,Grade 1,1,Walking,4,School too far away,_missing_,11,10,0,2,10, , , 
44,2,10,144010,Grade 8,Grade 1,1,Walking,5,School too far away,_missing_,4,3,20,3,15, , , 
44,2,10,144010,Grade 8,Grade 1,1,Walking,6,House keeping / Family business,_missing_, , , , , , ,7, 
44,2,8,144011,Grade 6,Grade 1,1,Walking,2,School too far away,_missing_,5,4,0,2,7, , , 
44,2,11,144012,Grade 4,Grade 1,1,Walking,3,School too far away,_missing_,5,4,2,3,15, , , 
44,2,9,144013,Grade 5,Grade 1,1,Walking,5,School too far away,_missing_,13,12,1,2,15, , , 
44,2,9,144013,Grade 9,Grade 1,1,Walking,4,School too far away,_missing_,11,10,0,2,10, , , 
44,2,12,144014,Grade 3,Grade 1,1,Walking,3,School too far away,_missing_,5,4,3,3,20, , , 
44,2,12,144014,Grade 3,Grade 1,1,Walking,4,Financial problems,_missing_, , , , , ,7, , 
44,2,10,144015,Grade 1,Grade 1,1,Walking,3,School too far away,_missing_,13,12,3,2,15, , , 
44,2,10,144015,Grade 9,Grade 1,1,Walking,3,School too far away,_missing_,2,1,0,1,5, , , 
44,2,12,144016,Grade 4,Grade 1,1,Walking,3,School too far away,_missing_,8,7,0,1,10, , , 
44,2,12,144016,Grade 10,Grade 1,1,Walking,3,School too far away,_missing_,3,2,0,2,5, , , 
44,2,3,144018,Grade 4,Grade 1,1,Walking,3,School too far away,_missing_,11,10,0,1,10, , , 
44,2,3,144018,Grade 4,Grade 1,1,Walking,4,School too far away,_missing_,9,8,0,1,10, , , 
44,2,3,144018,Grade 9,Grade 1,1,Walking,3,House keeping / Family business,_missing_, , , , , , ,6,2015
44,2,3,144018,Grade 9,Grade 1,1,Walking,4,House keeping / Family business,_missing_, , , , , , ,6,2017
44,2,3,144018,Grade 9,Grade 1,1,Walking,5,School too far away,_missing_,11,10,0,1,15, , , 
44,2,3,144018,Grade 9,Grade 1,1,Walking,6,School too far away,_missing_,8,7,0,1,15, , , 
44,2,4,144019,Grade 5,Grade 1,1,Walking,3,House keeping / Family business,_missing_, , , , , , ,8,2018
44,2,4,144019,Grade 5,Grade 1,1,Walking,4,House keeping / Family business,_missing_, , , , , , ,6,2017
44,2,4,144019,Grade 5,Grade 1,1,Walking,5,School too far away,_missing_,11,10,0,1,15, , , 
44,2,4,144019,Grade 5,Grade 1,1,Walking,6,School too far away,_missing_,9,8,0,1,15, , , 
44,2,5,144020,Grade 6,Grade 1,1,Walking,3,School too far away,_missing_,5,4,0,1,5, , , 
44,2,5,144020,Grade 6,Grade 1,1,Walking,4,Financial problems,_missing_, , , , , ,7, , 
44,2,8,144022,Grade 2,Grade 1,1,Walking,5,House keeping / Family business,_missing_, , , , , , ,9,2016
44,2,8,144022,Grade 8,Grade 1,1,Walking,3,House keeping / Family business,_missing_, , , , , , ,6,2016
44,2,8,144022,Grade 8,Grade 1,1,Walking,4,School too far away,_missing_,10,9,1,2,15, , , 
44,2,8,144022,Grade 8,Grade 1,1,Walking,5,School too far away,_missing_,8,7,1,2,15, , , 
44,2,8,144022,Grade 8,Grade 1,1,Walking,6,School too far away,_missing_,3,2,1,2,15, , , 
44,2,9,144023,Grade 4,Grade 1,1,Walking,3,School too far away,_missing_,9,8,0,1,5, , , 
44,2,9,144023,Grade 4,Grade 1,1,Walking,4,School too far away,_missing_,2,1,0,1,5, , , 
44,2,9,144023,Grade 9,Grade 1,1,Walking,5,School too far away,_missing_,8,7,0,2,5, , , 
44,2,11,144024,Grade 6,Grade 1,1,Walking,3,School too far away,_missing_,9,8,0,2,10, , , 
44,2,11,144024,Grade 10,Grade 1,1,Walking,3,School too far away,_missing_,7,6,0,2,8, , , 
44,2,1,144026,Grade 2,Grade 1,1,Walking,3,School too far away,_missing_,11,10,4,2,30, , , 
44,2,1,144026,Grade 2,Grade 1,1,Walking,4,School too far away,_missing_,8,7,4,2,30, , , 
44,2,1,144026,Grade 2,Grade 1,1,Walking,5,School too far away,_missing_,3,2,0,1,15, , , 
44,2,2,144027,Grade 2,Grade 1,1,Walking,3,House keeping / Family business,_missing_, , , , , , ,6,2016
44,2,2,144027,Grade 2,Grade 1,1,Walking,4,School too far away,_missing_,12,11,4,2,25, , , 
44,2,2,144027,Grade 2,Grade 1,1,Walking,5,School too far away,_missing_,9,8,4,2,25, , , 
44,2,2,144027,Grade 6,Grade 1,1,Walking,4,School too far away,_missing_,4,3,4,2,15, , , 
44,2,2,144027,Grade 6,Grade 1,1,Walking,5,School too far away,_missing_,2,1,4,2,15, , , 
44,2,3,144028,Grade 1,Grade 1,1,Walking,3,School too far away,_missing_,13,12,3,2,18, , , 
44,2,3,144028,Grade 5,Grade 1,1,Walking,5,House keeping / Family business,_missing_, , , , , , ,6,2017
44,2,3,144028,Grade 9,Grade 1,1,Walking,2,School too far away,_missing_,13,12,0,2,10, , , 
44,2,5,144029,Grade 6,Grade 1,1,Walking,5,School too far away,_missing_,13,12,2,2,10, , , 
44,2,5,144029,Grade 6,Grade 1,1,Walking,6,School too far away,_missing_,13,12,2,2,10, , , 
44,2,6,144030,Grade 4,Grade 1,1,Walking,5,School too far away,_missing_,13,12,0,2,7, , , 
44,2,6,144030,Grade 8,Grade 1,1,Walking,3,School too far away,_missing_,3,2,0,1,10, , , 
44,2,7,144031,Grade 3,Grade 1,1,Walking,3,School too far away,_missing_,13,12,12,3,45, , , 
44,2,7,144031,Grade 3,Grade 1,1,Walking,4,School too far away,_missing_,4,3,12,3,45, , , 
44,2,7,144031,Grade 8,Grade 1,1,Walking,3,School too far away,_missing_,7,6,2,3,6, , , 
44,2,7,144031,Grade 8,Grade 1,1,Walking,4,School too far away,_missing_,3,2,2,3,6, , , 
44,2,9,144032,Grade 7,Grade 1,1,Walking,3,School too far away,_missing_,13,12,0,1,15, , , 
44,2,9,144032,Grade 7,Grade 1,1,Walking,4,School too far away,_missing_,7,6,0,1,15, , , 
44,2,9,144032,Grade 7,Grade 1,1,Walking,6,School too far away,_missing_,2,1,0,1,15, , , 
44,2,10,144033,Grade 9,Grade 1,1,Walking,2,School too far away,_missing_,12,11,1,2,15, , , 
44,2,10,144033,Grade 9,Grade 1,1,Walking,3,School too far away,_missing_,8,7,1,2,15, , , 
44,2,11,144034,Grade 3,Grade 1,1,Walking,3,School too far away,_missing_,10,9,0,2,5, , , 
44,2,11,144034,Grade 3,Grade 1,1,Walking,4,School too far away,_missing_,4,3,1,3,5, , , 
45,2,3,145002,Grade 9,Grade 1,1,Walking,3,School too far away,_missing_,10,8,2,2,15, , , 
45,2,3,145002,Grade 9,Grade 1,1,Walking,4,School too far away,_missing_,8,6,2,2,15, , , 
45,2,3,145002,Grade 9,Grade 1,1,Walking,5,School too far away,_missing_,6,4,2,2,15, , , 
45,2,1,145003,Grade 3,Grade 1,1,Walking,5,House keeping / Family business,_missing_, , , , , , ,8,2016
45,2,1,145003,Grade 3,Grade 1,1,Walking,6,School too far away,_missing_,2,1,3,2,10, , , 
45,2,1,145003,Grade 7,Grade 1,1,Walking,3,School too far away,_missing_,7,6,6,3,20, , , 
45,2,1,145003,Grade 7,Grade 1,1,Walking,4,School too far away,_missing_,5,4,6,3,20, , , 
45,2,4,145004,Grade 3,Grade 1,1,Walking,3,Financial problems,_missing_, , , , , ,5, , 
45,2,4,145004,Grade 3,Grade 1,1,Walking,4,School too far away,_missing_,9,8,5,3,10, , , 
45,2,4,145004,Grade 3,Grade 1,1,Walking,5,School too far away,_missing_,5,4,5,3,10, , , 
45,2,2,145005,Grade 5,Grade 1,1,Walking,3,School too far away,_missing_,5,4,3,3,10, , , 
45,2,2,145005,Grade 5,Grade 1,1,Walking,4,School too far away,_missing_,3,2,3,3,10, , , 
45,2,2,145005,Grade 9,Grade 1,1,Walking,3,School too far away,_missing_,5,4,4,3,10, , , 
45,2,2,145005,Grade 9,Grade 1,1,Walking,4,School too far away,_missing_,3,2,4,3,10, , , 
45,2,5,145006,Grade 8,Grade 1,1,Walking,3,School too far away,_missing_,1,19,0,3,10, , , 
45,2,3,145007,Grade 6,Grade 1,1,Walking,3,School too far away,_missing_,7,6,1,1,10, , , 
45,2,6,145008,Grade 4,Grade 1,1,Walking,3,School too far away,_missing_,6,5,2,2,15, , , 
45,2,6,145008,Grade 4,Grade 1,1,Walking,4,School too far away,_missing_,2,1,2,2,15, , , 
45,2,4,145009,Grade 7,Grade 1,1,Walking,3,House keeping / Family business,_missing_, , , , , , ,6,2016
45,2,4,145009,Grade 7,Grade 1,1,Walking,4,House keeping / Family business,_missing_, , , , , , ,6,2017
45,2,7,145010,Grade 2,Grade 1,1,Walking,3,School too far away,_missing_,2,1,2,2,15, , , 
45,2,7,145010,Grade 6,Grade 1,1,Walking,2,School too far away,_missing_,2,1,2,1,10, , , 
45,2,7,145010,Grade 6,Grade 1,1,Walking,3,Financial problems,_missing_, , , , , ,7, , 
45,2,7,145010,Grade 10,Grade 1,1,Walking,3,School too far away,_missing_,5,4,5,2,10, , , 
45,2,7,145010,Grade 10,Grade 1,1,Walking,4,School too far away,_missing_,2,1,5,2,10, , , 
45,2,6,145011,Grade 4,Grade 1,1,Walking,3,House keeping / Family business,_missing_, , , , , , ,6,2018
45,2,6,145011,Grade 4,Grade 1,1,Walking,4,School too far away,_missing_,8,7,3,1,30, , , 
45,2,6,145011,Grade 9,Grade 1,1,Walking,3,School too far away,_missing_,7,6,1,2,20, , , 
45,2,6,145011,Grade 9,Grade 1,1,Walking,4,School too far away,_missing_,3,2,1,1,20, , , 
45,2,9,145012,Grade 8,Grade 1,1,Walking,2,School too far away,_missing_,13,12,0,1,15, , , 
45,2,9,145012,Grade 8,Grade 1,1,Walking,3,Financial problems,_missing_, , , , , ,5, , 
45,2,9,145012,Grade 8,Grade 1,1,Walking,4,School too far away,_missing_,5,4,2,1,30, , , 
45,2,10,145014,Grade 1,Grade 1,1,Walking,3,School too far away,_missing_,10,9,1,2,10, , , 
45,2,10,145014,Grade 1,Grade 1,1,Walking,4,School too far away,_missing_,3,2,1,2,10, , , 
45,2,8,145015,Grade 4,Grade 1,1,Walking,3,School too far away,_missing_,9,8,2,3,10, , , 
45,2,8,145015,Grade 4,Grade 1,1,Walking,4,School too far away,_missing_,5,4,2,3,10, , , 
45,2,8,145015,Grade 8,Grade 1,1,Walking,3,School too far away,_missing_,13,12,3,2,10, , , 
45,2,11,145016,Grade 6,Grade 1,1,Walking,3,School too far away,_missing_,10,9,2,2,10, , , 
45,2,11,145016,Grade 6,Grade 1,1,Walking,4,School too far away,_missing_,4,3,1,1,10, , , 
45,2,11,145016,Grade 10,Grade 1,1,Walking,5,School too far away,_missing_,6,5,3,1,10, , , 
45,2,9,145017,Grade 9,Grade 1,1,Walking,5,School too far away,_missing_,10,9,2,2,15, , , 
45,2,9,145017,Grade 9,Grade 1,1,Walking,6,School too far away,_missing_,9,8,2,2,15, , , 
45,2,9,145017,Grade 9,Grade 1,1,Walking,7,School too far away,_missing_,7,6,2,2,15, , , 
45,2,12,145018,Grade 3,Grade 1,1,Walking,3,School too far away,_missing_,11,10,1,2,5, , , 
45,2,12,145018,Grade 3,Grade 1,1,Walking,4,School too far away,_missing_,7,6,1,2,5, , , 
45,2,12,145018,Grade 3,Grade 1,1,Walking,5,School too far away,_missing_,2,1,1,2,5, , , 
45,2,10,145019,Grade 1,Grade 1,1,Walking,3,School too far away,_missing_,7,6,1,6,10, , , 
45,2,10,145019,Grade 1,Grade 1,1,Walking,4,School too far away,_missing_,3,2,1,2,15, , , 
45,2,10,145019,Grade 7,Grade 1,1,Walking,3,School too far away,_missing_,9,8,1,2,15, , , 
45,2,10,145019,Grade 7,Grade 1,1,Walking,4,School too far away,_missing_,6,5,1,2,15, , , 
45,2,10,145019,Grade 7,Grade 1,1,Walking,5,Financial problems,_missing_, , , , , ,7, , 
45,2,12,145020,Grade 1,Grade 1,1,Walking,5,School too far away,_missing_,8,7,3,2,10, , , 
45,2,12,145020,Grade 5,Grade 1,1,Walking,2,School too far away,_missing_,8,7,2,2,10, , , 
45,2,12,145020,Grade 5,Grade 1,1,Walking,3,School too far away,_missing_,6,5,2,2,10, , , 
45,2,12,145020,Grade 5,Grade 1,1,Walking,4,School too far away,_missing_,3,2,2,2,10, , , 
45,2,12,145020,Grade 9,Grade 1,1,Walking,5,Financial problems,_missing_, , , , , ,7, , 
45,2,1,145021,Grade 4,Grade 1,1,Walking,3,School too far away,_missing_,10,9,1,2,10, , , 
45,2,1,145021,Grade 8,Grade 1,1,Walking,5,House keeping / Family business,_missing_, , , , , , ,8,2015
45,2,2,145022,Grade 2,Grade 1,1,Walking,3,House keeping / Family business,_missing_, , , , , , ,6,2016
45,2,2,145022,Grade 2,Grade 1,1,Walking,4,School too far away,_missing_,11,10,1,2,5, , , 
45,2,2,145022,Grade 10,Grade 1,1,Walking,4,School too far away,_missing_,7,6,0,1,5, , , 
45,2,2,145022,Grade 10,Grade 1,1,Walking,5,School too far away,_missing_,5,4,0,1,5, , , 
45,2,5,145024,Grade 3,Grade 1,1,Walking,3,School too far away,_missing_,6,5,4,2,30, , , 
45,2,5,145024,Grade 3,Grade 1,1,Walking,4,School too far away,_missing_,3,2,1,1,30, , , 
45,2,5,145024,Grade 7,Grade 1,1,Walking,3,School too far away,_missing_,2,1,5,2,20, , , 
45,2,6,145025,Grade 1,Grade 1,1,Walking,3,School too far away,_missing_,13,12,2,2,10, , , 
45,2,6,145025,Grade 1,Grade 1,1,Walking,4,School too far away,_missing_,10,9,2,2,10, , , 
45,2,6,145025,Grade 1,Grade 1,1,Walking,5,School too far away,_missing_,9,8,2,2,10, , , 
45,2,6,145025,Grade 9,Grade 1,1,Walking,3,House keeping / Family business,_missing_, , , , , , ,6,2016
45,2,6,145025,Grade 9,Grade 1,1,Walking,4,House keeping / Family business,_missing_, , , , , , ,6,2018
45,2,7,145026,Grade 3,Grade 1,1,Walking,3,School too far away,_missing_,8,7,6,2,10, , , 
45,2,7,145026,Grade 3,Grade 1,1,Walking,4,School too far away,_missing_,6,5,6,2,10, , , 
45,2,7,145026,Grade 7,Grade 1,1,Walking,2,House keeping / Family business,_missing_, , , , , , ,6,2017
45,2,7,145026,Grade 7,Grade 1,1,Walking,3,School too far away,_missing_,9,8,3,1,15, , , 
45,2,7,145026,Grade 7,Grade 1,1,Walking,4,School too far away,_missing_,6,5,3,1,15, , , 
45,2,7,145026,Grade 7,Grade 1,1,Walking,5,School too far away,_missing_,2,1,3,1,15, , , 
45,2,8,145027,Grade 1,Grade 1,1,Walking,3,School too far away,_missing_,11,10,3,2,10, , , 
45,2,8,145027,Grade 1,Grade 1,1,Walking,4,School too far away,_missing_,5,4,3,2,10, , , 
45,2,8,145027,Grade 1,Grade 1,1,Walking,5,School too far away,_missing_,3,2,3,2,10, , , 
45,2,8,145027,Grade 5,Grade 1,1,Walking,5,School too far away,_missing_,12,11,4,2,15, , , 
45,2,8,145027,Grade 5,Grade 1,1,Walking,6,School too far away,_missing_,12,11,4,2,15, , , 
45,2,8,145027,Grade 9,Grade 1,1,Walking,3,School too far away,_missing_,7,6,4,3,10, , , 
45,2,8,145027,Grade 9,Grade 1,1,Walking,4,School too far away,_missing_,2,1,4,3,10, , , 
45,2,10,145028,Grade 7,Grade 1,1,Walking,3,School too far away,_missing_,9,8,1,2,10, , , 
45,2,10,145028,Grade 7,Grade 1,1,Walking,4,School too far away,_missing_,4,3,1,2,10, , , 
45,2,11,145029,Grade 1,Grade 1,1,Walking,3,School too far away,_missing_,9,8,2,2,15, , , 
45,2,11,145029,Grade 1,Grade 1,1,Walking,4,School too far away,_missing_,5,4,2,2,15, , , 
45,2,11,145029,Grade 6,Grade 1,1,Walking,6,School too far away,_missing_,4,3,7,3,30, , , 
45,2,12,145030,Grade 4,Grade 1,1,Walking,4,School too far away,_missing_,6,5,5,3,10, , , 
45,2,12,145030,Grade 4,Grade 1,1,Walking,5,School too far away,_missing_,4,3,5,3,10, , , 
45,2,12,145030,Grade 4,Grade 1,1,Walking,6,School too far away,_missing_,1,19,5,3,10, , , 
45,2,12,145030,Grade 8,Grade 1,1,Walking,3,School too far away,_missing_,7,6,8,3,15, , , 
45,2,12,145030,Grade 8,Grade 1,1,Walking,4,Financial problems,_missing_, , , , , ,7, , 
45,2,1,145031,Grade 6,Grade 1,1,Walking,5,School too far away,_missing_,3,2,2,2,60, , , 
45,2,1,145031,Grade 10,Grade 1,1,Walking,3,School too far away,_missing_,8,7,2,2,30, , , 
45,2,1,145031,Grade 10,Grade 1,1,Walking,4,School too far away,_missing_,6,5,2,2,30, , , 
45,2,1,145031,Grade 10,Grade 1,1,Walking,5,School too far away,_missing_,4,3,2,2,30, , , 
45,2,2,145032,Grade 4,Grade 1,1,Walking,4,School too far away,_missing_,11,10,5,2,15, , , 
45,2,2,145032,Grade 8,Grade 1,1,Walking,3,School too far away,_missing_,10,9,1,2,15, , , 
45,2,2,145032,Grade 8,Grade 1,1,Walking,4,School too far away,_missing_,4,3,1,1,45, , , 
45,2,2,145032,Grade 8,Grade 1,1,Walking,5,School too far away,_missing_,1,19,1,1,45, , , 
45,2,3,145033,Grade 6,Grade 1,1,Walking,3,School too far away,_missing_,6,5,3,2,10, , , 
45,2,3,145033,Grade 6,Grade 1,1,Walking,4,School too far away,_missing_,3,2,3,2,10, , , 
45,2,3,145033,Grade 10,Grade 1,1,Walking,5,House keeping / Family business,_missing_, , , , , , ,6,2016
45,2,3,145033,Grade 10,Grade 1,1,Walking,6,School too far away,_missing_,9,8,0,1,10, , , 
45,2,3,145033,Grade 10,Grade 1,1,Walking,7,School too far away,_missing_,5,4,0,1,10, , , 
45,2,5,145035,Grade 3,Grade 1,1,Walking,5,School too far away,_missing_,3,2,5,2,10, , , 
45,2,5,145035,Grade 8,Grade 1,1,Walking,3,School too far away,_missing_,2,1,2,3,10, , , 
45,2,7,145036,Grade 6,Grade 1,1,Walking,3,School too far away,_missing_,8,7,1,1,10, , , 
45,2,7,145036,Grade 6,Grade 1,1,Walking,4,School too far away,_missing_,6,5,1,1,10, , , 
45,2,7,145036,Grade 10,Grade 1,1,Walking,3,School too far away,_missing_,11,10,0,2,5, , , 
45,2,7,145036,Grade 10,Grade 1,1,Walking,4,School too far away,_missing_,2,1,0,2,5, , , 
45,2,8,145037,Grade 4,Grade 1,1,Walking,3,School too far away,_missing_,1,19,1,2,10, , , 
45,2,9,145038,Grade 7,Grade 1,1,Walking,3,School too far away,_missing_,9,8,4,3,10, , , 
45,2,9,145038,Grade 7,Grade 1,1,Walking,4,School too far away,_missing_,6,5,4,3,10, , , 
45,2,10,145039,Grade 5,Grade 1,1,Walking,3,House keeping / Family business,_missing_, , , , , , ,9,2018
45,2,10,145039,Grade 5,Grade 1,1,Walking,4,School too far away,_missing_,12,11,3,2,10, , , 
45,2,10,145039,Grade 5,Grade 1,1,Walking,5,School too far away,_missing_,8,7,3,2,10, , , 
45,2,10,145039,Grade 5,Grade 1,1,Walking,6,School too far away,_missing_,3,2,3,2,10, , , 
45,2,11,145040,Grade 3,Grade 1,1,Walking,3,School too far away,_missing_,9,8,1,1,10, , , 
45,2,11,145040,Grade 3,Grade 1,1,Walking,4,School too far away,_missing_,7,6,1,1,10, , , 
45,2,11,145040,Grade 3,Grade 1,1,Walking,5,School too far away,_missing_,3,2,1,1,10, , , 
45,2,11,145040,Grade 3,Grade 1,1,Walking,6,School too far away,_missing_,1,19,1,1,10, , , 
45,2,11,145040,Grade 7,Grade 1,1,Walking,3,House keeping / Family business,_missing_, , , , , , ,6,2018
45,2,11,145040,Grade 7,Grade 1,1,Walking,4,School too far away,_missing_,10,9,2,1,10, , , 
45,2,11,145040,Grade 7,Grade 1,1,Walking,5,School too far away,_missing_,6,5,2,1,10, , , 
45,2,11,145040,Grade 7,Grade 1,1,Walking,6,Financial problems,_missing_, , , , , ,7, , 
51,2,1,151001,Grade 2,Grade 1,1,Walking,3,School too far away,_missing_,6,5,1,1,10, , , 
51,2,1,151001,Grade 2,Grade 1,1,Walking,4,School too far away,_missing_,1,19,1,1,15, , , 
51,2,1,151001,Grade 6,Grade 1,1,Walking,3,School too far away,_missing_,4,3,1,1,15, , , 
51,2,1,151001,Grade 6,Grade 1,1,Walking,4,School too far away,_missing_,1,19,1,1,15, , , 
51,2,2,151002,Grade 4,Grade 1,1,Walking,3,School too far away,_missing_,7,6,2,2,15, , , 
51,2,2,151002,Grade 4,Grade 1,1,Walking,4,School too far away,_missing_,4,3,2,3,15, , , 
51,2,2,151002,Grade 9,Grade 1,1,Walking,3,School too far away,_missing_,9,8,2,3,15, , , 
51,2,2,151002,Grade 9,Grade 1,1,Walking,4,School too far away,_missing_,3,2,2,3,15, , , 
51,2,2,151004,Grade 3,Grade 1,1,Walking,3,School too far away,_missing_,11,10,1,1,10, , , 
51,2,2,151004,Grade 3,Grade 1,1,Walking,4,School too far away,_missing_,7,6,1,1,10, , , 
51,2,2,151004,Grade 3,Grade 1,1,Walking,5,School too far away,_missing_,1,19,1,1,10, , , 
51,2,2,151004,Grade 7,Grade 1,1,Walking,5,House keeping / Family business,_missing_, , , , , , ,6,2017
51,2,2,151004,Grade 7,Grade 1,1,Walking,6,House keeping / Family business,_missing_, , , , , , ,7,2019
51,2,2,151004,Grade 7,Grade 1,1,Walking,7,School too far away,_missing_,7,6,0,1,10, , , 
51,2,3,151006,Grade 4,Grade 1,1,Walking,3,School too far away,_missing_,11,10,1,2,10, , , 
51,2,3,151006,Grade 4,Grade 1,1,Walking,5,House keeping / Family business,_missing_, , , , , , ,6,2017
51,2,3,151006,Grade 8,Grade 1,1,Walking,3,School too far away,_missing_,2,1,0,1,10, , , 
51,1,2,151007,Grade 4,Grade 1,1,Walking,3,School too far away,_missing_,12,11,5,3,10, , , 
51,1,2,151007,Grade 4,Grade 1,1,Walking,4,School too far away,_missing_,9,8,5,3,10, , , 
51,2,3,151008,Grade 2,Grade 1,1,Walking,6,School too far away,_missing_,10,9,0,1,10, , , 
51,2,3,151009,Grade 9,Grade 1,1,Walking,3,School too far away,_missing_,11,10,0,2,5, , , 
51,2,3,151009,Grade 9,Grade 1,1,Walking,4,School too far away,_missing_,6,5,0,3,5, , , 
51,2,4,151010,Grade 3,Grade 1,1,Walking,3,School too far away,_missing_,6,5,5,2,20, , , 
51,2,4,151010,Grade 7,Grade 1,1,Walking,2,School too far away,_missing_,12,11,5,2,20, , , 
51,2,4,151010,Grade 7,Grade 1,1,Walking,3,School too far away,_missing_,9,8,5,2,20, , , 
51,2,4,151010,Grade 7,Grade 1,1,Walking,4,School too far away,_missing_,6,5,5,2,20, , , 
51,1,3,151011,Grade 5,Grade 1,1,Walking,3,School too far away,_missing_,9,8,0,1,10, , , 
51,1,3,151011,Grade 5,Grade 1,1,Walking,4,School too far away,_missing_,6,5,0,1,10, , , 
51,1,3,151011,Grade 5,Grade 1,1,Walking,5,School too far away,_missing_,2,1,0,1,10, , , 
51,2,5,151012,Grade 1,Grade 1,1,Walking,3,School too far away,_missing_,7,6,1,1,30, , , 
51,2,5,151012,Grade 1,Grade 1,1,Walking,4,School too far away,_missing_,1,19,1,1,30, , , 
51,2,4,151013,Grade 3,Grade 1,1,Walking,3,School too far away,_missing_,10,9,0,1,10, , , 
51,2,4,151013,Grade 3,Grade 1,1,Walking,4,School too far away,_missing_,8,7,0,1,10, , , 
51,2,5,151014,Grade 7,Grade 1,1,Walking,3,School too far away,_missing_,2,1,0,2,10, , , 
51,1,6,151016,Grade 7,Grade 1,1,Walking,2,School too far away,_missing_,5,4,0,1,5, , , 
51,1,5,151017,Grade 1,Grade 1,1,Walking,3,House keeping / Family business,_missing_, , , , , , ,9,2015
51,1,5,151017,Grade 10,Grade 1,1,Walking,5,House keeping / Family business,_missing_, , , , , , ,6,2017
51,1,5,151017,Grade 10,Grade 1,1,Walking,6,School too far away,_missing_,11,10,0,1,4, , , 
51,2,7,151018,Grade 3,Grade 1,1,Walking,3,School too far away,_missing_,1,19,1,1,10, , , 
51,2,6,151019,Grade 1,Grade 1,1,Walking,3,School too far away,_missing_,1,19,0,3,5, , , 
51,2,6,151019,Grade 5,Grade 1,1,Walking,3,House keeping / Family business,_missing_, , , , , , ,8,2017
51,2,6,151019,Grade 5,Grade 1,1,Walking,4,School too far away,_missing_,9,8,0,1,10, , , 
51,2,6,151019,Grade 5,Grade 1,1,Walking,5,School too far away,_missing_,1,19,0,1,10, , , 
51,2,6,151019,Grade 9,Grade 1,1,Walking,3,School too far away,_missing_,12,11,0,2,5, , , 
51,2,6,151019,Grade 9,Grade 1,1,Walking,4,School too far away,_missing_,9,8,0,2,5, , , 
51,1,6,151021,Grade 7,Grade 1,1,Walking,3,School too far away,_missing_,8,7,0,2,10, , , 
51,1,6,151021,Grade 7,Grade 1,1,Walking,4,School too far away,_missing_,6,5,0,2,10, , , 
51,1,6,151021,Grade 7,Grade 1,1,Walking,5,School too far away,_missing_,2,1,0,3,10, , , 
51,2,8,151022,Grade 2,Grade 1,1,Walking,2,House keeping / Family business,_missing_, , , , , , ,6,2018
51,2,8,151022,Grade 2,Grade 1,1,Walking,3,School too far away,_missing_,11,10,1,2,10, , , 
51,2,8,151022,Grade 6,Grade 1,1,Walking,4,School too far away,_missing_,3,2,0,1,10, , , 
51,1,7,151023,Grade 8,Grade 1,1,Walking,3,House keeping / Family business,_missing_, , , , , , ,6,2016
51,1,7,151023,Grade 8,Grade 1,1,Walking,4,School too far away,_missing_,9,8,2,1,10, , , 
51,1,7,151023,Grade 8,Grade 1,1,Walking,5,School too far away,_missing_,5,4,2,1,10, , , 
51,2,8,151024,Grade 1,Grade 1,1,Walking,3,Financial problems,_missing_, , , , , ,5, , 
51,2,8,151024,Grade 1,Grade 1,1,Walking,4,School too far away,_missing_,8,7,0,1,15, , , 
51,2,8,151024,Grade 5,Grade 1,1,Walking,2,School too far away,_missing_,11,10,0,1,10, , , 
51,2,8,151024,Grade 9,Grade 1,1,Walking,2,School too far away,_missing_,12,11,0,1,10, , , 
51,2,8,151024,Grade 9,Grade 1,1,Walking,3,School too far away,_missing_,9,8,0,1,10, , , 
51,2,8,151025,Grade 3,Grade 1,1,Walking,4,School too far away,_missing_,9,8,3,3,30, , , 
51,1,8,151027,Grade 9,Grade 1,1,Walking,4,School too far away,_missing_,12,11,0,3,10, , , 
51,2,10,151028,Grade 2,Grade 1,1,Walking,3,School too far away,_missing_,1,19,0,1,5, , , 
51,2,10,151028,Grade 6,Grade 1,1,Walking,3,School too far away,_missing_,5,4,0,1,5, , , 
51,2,9,151029,Grade 1,Grade 1,1,Walking,3,House keeping / Family business,_missing_, , , , , , ,8,2017
51,2,9,151029,Grade 1,Grade 1,1,Walking,4,School too far away,_missing_,9,8,0,1,10, , , 
51,2,10,151033,Grade 10,Grade 1,1,Walking,3,School too far away,_missing_,7,6,2,1,10, , , 
51,2,12,151034,Grade 4,Grade 1,1,Walking,3,School too far away,_missing_,2,1,0,1,6, , , 
51,2,12,151034,Grade 8,Grade 1,1,Walking,3,School too far away,_missing_,10,9,0,1,10, , , 
51,2,12,151034,Grade 8,Grade 1,1,Walking,4,School too far away,_missing_,5,4,0,1,10, , , 
51,2,11,151035,Grade 3,Grade 1,1,Walking,3,School too far away,_missing_,11,10,0,1,10, , , 
51,2,11,151035,Grade 3,Grade 1,1,Walking,4,School too far away,_missing_,2,1,0,1,10, , , 
51,2,12,151036,Grade 3,Grade 1,1,Walking,3,School too far away,_missing_,8,7,0,2,5, , , 
51,2,12,151036,Grade 3,Grade 1,1,Walking,4,School too far away,_missing_,3,2,0,3,5, , , 
51,2,12,151036,Grade 7,Grade 1,1,Walking,2,House keeping / Family business,_missing_, , , , , , ,99,2018
51,2,12,151036,Grade 7,Grade 1,1,Walking,3,School too far away,_missing_,11,10,0,2,5, , , 
51,2,12,151036,Grade 7,Grade 1,1,Walking,4,School too far away,_missing_,4,3,0,2,5, , , 
51,2,11,151037,Grade 2,Grade 1,1,Walking,3,School too far away,_missing_,4,3,0,1,10, , , 
51,2,11,151037,Grade 2,Grade 1,1,Walking,4,School too far away,_missing_,8,7,0,1,10, , , 
51,2,11,151037,Grade 9,Grade 1,1,Walking,6,School too far away,_missing_,9,8,0,1,5, , , 
51,1,12,151038,Grade 4,Grade 1,1,Walking,3,School too far away,_missing_,8,7,0,1,10, , , 
51,1,12,151038,Grade 4,Grade 1,1,Walking,4,School too far away,_missing_,2,1,0,1,10, , , 
51,1,1,151039,Grade 2,Grade 1,1,Walking,2,School too far away,_missing_,11,10,5,3,5, , , 
51,2,2,151040,Grade 7,Grade 1,1,Walking,2,School too far away,_missing_,10,9,1,2,10, , , 
51,1,2,151041,Grade 4,Grade 1,1,Walking,4,School too far away,_missing_,11,10,1,1,15, , , 
51,1,2,151041,Grade 4,Grade 1,1,Walking,5,School too far away,_missing_,7,6,1,1,15, , , 
51,1,2,151041,Grade 9,Grade 1,1,Walking,3,House keeping / Family business,_missing_, , , , , , ,3,2017
51,1,2,151041,Grade 9,Grade 1,1,Walking,4,School too far away,_missing_,7,6,1,1,15, , , 
51,2,3,151042,Grade 1,Grade 1,1,Walking,2,House keeping / Family business,_missing_, , , , , , ,6,2017
51,2,3,151042,Grade 1,Grade 1,1,Walking,3,School too far away,_missing_,3,2,0,1,5, , , 
51,2,3,151043,Grade 5,Grade 1,1,Walking,4,School too far away,_missing_,11,10,1,3,10, , , 
51,1,4,151044,Grade 3,Grade 1,1,Walking,3,School too far away,_missing_,8,7,0,1,4, , , 
51,1,4,151044,Grade 3,Grade 1,1,Walking,4,School too far away,_missing_,5,4,0,1,4, , , 
51,1,4,151044,Grade 8,Grade 1,1,Walking,3,School too far away,_missing_,9,8,0,2,2, , , 
51,1,4,151044,Grade 8,Grade 1,1,Walking,4,School too far away,_missing_,6,5,0,2,2, , , 
51,1,4,151044,Grade 8,Grade 1,1,Walking,5,School too far away,_missing_,3,2,0,3,2, , , 
51,2,5,151045,Grade 1,Grade 1,1,Walking,2,School too far away,_missing_,7,6,0,2,5, , , 
51,2,5,151045,Grade 5,Grade 1,1,Walking,3,School too far away,_missing_,11,10,0,1,5, , , 
51,2,5,151045,Grade 5,Grade 1,1,Walking,4,School too far away,_missing_,3,2,0,1,5, , , 
51,2,5,151045,Grade 9,Grade 1,1,Walking,3,House keeping / Family business,_missing_, , , , , , ,6,2017
51,2,5,151045,Grade 9,Grade 1,1,Walking,4,School too far away,_missing_,6,5,1,1,8, , , 
51,2,6,151046,Grade 3,Grade 1,1,Walking,3,School too far away,_missing_,10,9,0,1,10, , , 
51,2,6,151046,Grade 3,Grade 1,1,Walking,4,School too far away,_missing_,8,7,0,1,10, , , 
51,2,6,151046,Grade 3,Grade 1,1,Walking,5,School too far away,_missing_,5,4,0,1,10, , , 
51,2,6,151046,Grade 8,Grade 1,1,Walking,5,House keeping / Family business,_missing_, , , , , , ,1,2015
51,2,6,151046,Grade 8,Grade 1,1,Walking,6,House keeping / Family business,_missing_, , , , , , ,1,2016
51,2,6,151046,Grade 8,Grade 1,1,Walking,7,House keeping / Family business,_missing_, , , , , , ,5,2015
51,2,6,151047,Grade 3,Grade 1,1,Walking,3,School too far away,_missing_,11,10,0,1,5, , , 
51,2,6,151047,Grade 3,Grade 1,1,Walking,4,School too far away,_missing_,8,7,0,1,5, , , 
51,2,7,151048,Grade 5,Grade 1,1,Walking,3,School too far away,_missing_,11,10,5,2,15, , , 
51,2,7,151048,Grade 9,Grade 1,1,Walking,3,School too far away,_missing_,11,10,3,1,15, , , 
51,2,7,151048,Grade 9,Grade 1,1,Walking,4,School too far away,_missing_,8,7,3,1,15, , , 
51,2,7,151048,Grade 9,Grade 1,1,Walking,5,School too far away,_missing_,6,5,3,1,15, , , 
51,2,8,151050,Grade 1,Grade 1,1,Walking,4,School too far away,_missing_,12,11,0,2,10, , , 
51,2,8,151050,Grade 10,Grade 1,1,Walking,2,School too far away,_missing_,11,10,5,2,20, , , 
51,1,9,151051,Grade 10,Grade 1,1,Walking,3,School too far away,_missing_,11,10,0,2,8, , , 
51,1,9,151051,Grade 10,Grade 1,1,Walking,4,School too far away,_missing_,9,8,1,2,12, , , 
51,1,9,151051,Grade 10,Grade 1,1,Walking,5,School too far away,_missing_,7,6,0,1,5, , , 
51,2,10,151052,Grade 9,Grade 1,1,Walking,3,School too far away,_missing_,8,7,2,2,10, , , 
51,2,10,151053,Grade 10,Grade 1,1,Walking,4,School too far away,_missing_,6,5,0,1,10, , , 
51,2,10,151053,Grade 10,Grade 1,1,Walking,5,Financial problems,_missing_, , , , , ,5, , 
51,2,11,151054,Grade 4,Grade 1,1,Walking,3,School too far away,_missing_,8,7,0,1,10, , , 
51,2,11,151054,Grade 8,Grade 1,1,Walking,3,House keeping / Family business,_missing_, , , , , , ,6,2017
51,2,11,151054,Grade 8,Grade 1,1,Walking,4,School too far away,_missing_,3,2,0,1,10, , , 
51,2,1,151055,Grade 10,Grade 1,1,Walking,2,School too far away,_missing_,11,10,0,2,3, , , 
51,2,1,151055,Grade 10,Grade 1,1,Walking,3,School too far away,_missing_,3,2,0,3,4, , , 
51,2,11,151056,Grade 8,Grade 1,1,Walking,3,School too far away,_missing_,12,11,0,2,10, , , 
51,2,1,151057,Grade 4,Grade 1,1,Walking,3,School too far away,_missing_,2,1,0,3,5, , , 
51,2,1,151057,Grade 8,Grade 1,1,Walking,3,School too far away,_missing_,4,3,0,1,7, , , 
51,2,1,151057,Grade 8,Grade 1,1,Walking,4,School too far away,_missing_,1,19,0,1,7, , , 
51,1,12,151058,Grade 4,Grade 1,1,Walking,3,School too far away,_missing_,9,8,2,2,10, , , 
51,1,12,151058,Grade 4,Grade 1,1,Walking,4,School too far away,_missing_,7,6,2,2,10, , , 
51,2,2,151059,Grade 2,Grade 1,1,Walking,2,School too far away,_missing_,3,2,0,1,15, , , 
51,2,2,151059,Grade 2,Grade 1,1,Walking,3,School too far away,_missing_,1,19,0,1,15, , , 
51,2,2,151059,Grade 6,Grade 1,1,Walking,4,School too far away,_missing_,11,10,0,1,10, , , 
51,2,2,151059,Grade 10,Grade 1,1,Walking,3,School too far away,_missing_,9,8,0,1,8, , , 
51,2,2,151060,Grade 8,Grade 1,1,Walking,4,House keeping / Family business,_missing_, , , , , , ,5,2012
51,2,2,151060,Grade 8,Grade 1,1,Walking,5,School too far away,_missing_,10,9,0,1,10, , , 
51,2,2,151060,Grade 8,Grade 1,1,Walking,6,School too far away,_missing_,8,7,0,1,10, , , 
51,2,4,151062,Grade 3,Grade 1,1,Walking,3,School too far away,_missing_,2,1,0,1,5, , , 
51,2,4,151062,Grade 7,Grade 1,1,Walking,3,School too far away,_missing_,12,11,0,1,5, , , 
51,2,4,151062,Grade 7,Grade 1,1,Walking,4,School too far away,_missing_,6,5,0,1,5, , , 
51,2,4,151063,Grade 1,Grade 1,1,Walking,3,School too far away,_missing_,2,1,0,3,3, , , 
51,2,4,151063,Grade 6,Grade 1,1,Walking,4,School too far away,_missing_,7,6,0,5,1, , , 
51,2,4,151063,Grade 10,Grade 1,1,Walking,3,School too far away,_missing_,2,1,0,1,3, , , 
51,2,5,151064,Grade 5,Grade 1,1,Walking,3,House keeping / Family business,_missing_, , , , , , ,2,2015
51,2,5,151065,Grade 3,Grade 1,1,Walking,3,House keeping / Family business,_missing_, , , , , , ,6,2017
51,2,5,151065,Grade 3,Grade 1,1,Walking,4,School too far away,_missing_,11,10,0,1,15, , , 
51,2,5,151065,Grade 3,Grade 1,1,Walking,5,School too far away,_missing_,5,4,0,1,15, , , 
51,2,5,151065,Grade 7,Grade 1,1,Walking,2,School too far away,_missing_,6,5,0,1,15, , , 
51,1,6,151066,Grade 2,Grade 1,1,Walking,3,School too far away,_missing_,6,5,0,3,2, , , 
51,1,6,151066,Grade 2,Grade 1,1,Walking,4,School too far away,_missing_,3,2,0,3,2, , , 
51,2,7,151067,Grade 2,Grade 1,1,Walking,4,School too far away,_missing_,10,9,15,2,90, , , 
51,2,7,151067,Grade 2,Grade 1,1,Walking,5,House keeping / Family business,_missing_, , , , , , ,1,2012
51,2,7,151067,Grade 2,Grade 1,1,Walking,6,School too far away,_missing_,4,3,15,2,90, , , 
51,2,7,151067,Grade 6,Grade 1,1,Walking,3,School too far away,_missing_,9,8,15,2,90, , , 
51,2,7,151067,Grade 6,Grade 1,1,Walking,4,School too far away,_missing_,7,6,15,2,90, , , 
51,2,7,151067,Grade 6,Grade 1,1,Walking,5,School too far away,_missing_,1,19,0,1,5, , , 
51,2,7,151068,Grade 5,Grade 1,1,Walking,3,School too far away,_missing_,2,1,0,1,15, , , 
51,2,7,151068,Grade 10,Grade 1,1,Walking,4,House keeping / Family business,_missing_, , , , , , ,8,2018
51,2,7,151068,Grade 10,Grade 1,1,Walking,5,School too far away,_missing_,8,7,0,2,10, , , 
51,1,8,151069,Grade 1,Grade 1,1,Walking,3,School too far away,_missing_,13,12,2,2,5, , , 
51,2,9,151070,Grade 4,Grade 1,1,Walking,6,School too far away,_missing_,3,2,0,3,5, , , 
51,1,9,151071,Grade 5,Grade 1,1,Walking,3,School too far away,_missing_,9,8,0,3,5, , , 
51,1,9,151071,Grade 9,Grade 1,1,Walking,4,School too far away,_missing_,11,10,0,2,15, , , 
51,1,9,151071,Grade 9,Grade 1,1,Walking,5,School too far away,_missing_,6,5,0,2,10, , , 
51,1,10,151072,Grade 8,Grade 1,1,Walking,3,House keeping / Family business,_missing_, , , , , , ,6,2017
51,1,10,151072,Grade 8,Grade 1,1,Walking,4,House keeping / Family business,_missing_, , , , , , ,6,2017
51,2,11,151073,Grade 6,Grade 1,1,Walking,4,House keeping / Family business,_missing_, , , , , , ,2,2017
51,1,11,151074,Grade 5,Grade 1,1,Walking,5,School too far away,_missing_,12,11,0,1,10, , , 
51,1,11,151074,Grade 5,Grade 1,1,Walking,6,School too far away,_missing_,11,10,0,1,10, , , 
51,1,11,151074,Grade 5,Grade 1,1,Walking,7,School too far away,_missing_,9,8,0,1,10, , , 
51,1,11,151074,Grade 10,Grade 1,1,Walking,3,School too far away,_missing_,8,7,0,1,10, , , 
51,1,11,151074,Grade 10,Grade 1,1,Walking,4,School too far away,_missing_,3,2,0,1,10, , , 
51,1,11,151074,Grade 10,Grade 1,1,Walking,5,School too far away,_missing_,1,19,0,3,10, , , 
51,2,12,151075,Grade 4,Grade 1,1,Walking,3,School too far away,_missing_,10,9,0,1,10, , , 
51,2,12,151075,Grade 4,Grade 1,1,Walking,4,School too far away,_missing_,5,4,0,1,10, , , 
51,2,12,151075,Grade 10,Grade 1,1,Walking,2,School too far away,_missing_,2,1,0,1,5, , , 
52,1,1,152001,Grade 2,Grade 1,1,Walking,3,School too far away,_missing_,13,12,1,3,10, , , 
52,1,1,152001,Grade 2,Grade 1,1,Walking,4,School too far away,_missing_,10,9,2,2,15, , , 
52,2,1,152002,Grade 3,Grade 1,1,Walking,3,School too far away,_missing_,8,7,0,1,10, , , 
52,2,1,152002,Grade 3,Grade 1,1,Walking,4,School too far away,_missing_,5,4,0,1,10, , , 
52,2,1,152002,Grade 7,Grade 1,1,Walking,2,School too far away,_missing_,9,8,0,1,10, , , 
52,2,2,152003,Grade 1,Grade 1,1,Walking,2,School too far away,_missing_,5,4,0,2,5, , , 
52,2,2,152003,Grade 5,Grade 1,1,Walking,2,School too far away,_missing_,2,1,1,3,10, , , 
52,2,2,152003,Grade 9,Grade 1,1,Walking,2,House keeping / Family business,_missing_, , , , , , ,2,2018
52,1,1,152004,Grade 4,Grade 1,1,Walking,3,House keeping / Family business,_missing_, , , , , , ,5,2018
52,1,1,152004,Grade 4,Grade 1,1,Walking,4,School too far away,_missing_,9,8,0,2,10, , , 
52,1,1,152004,Grade 8,Grade 1,1,Walking,3,School too far away,_missing_,11,10,1,3,10, , , 
52,1,1,152004,Grade 8,Grade 1,1,Walking,4,School too far away,_missing_,9,8,1,3,10, , , 
52,1,1,152004,Grade 8,Grade 1,1,Walking,5,School too far away,_missing_,3,2,1,3,10, , , 
52,1,1,152004,Grade 8,Grade 1,1,Walking,6,School too far away,_missing_,1,19,1,3,10, , , 
52,1,3,152005,Grade 2,Grade 1,1,Walking,6,School too far away,_missing_,6,5,0,3,5, , , 
52,1,3,152005,Grade 9,Grade 1,1,Walking,4,House keeping / Family business,_missing_, , , , , , ,8,2018
52,2,2,152006,Grade 7,Grade 1,1,Walking,2,School too far away,_missing_,12,11,2,2,15, , , 
52,2,2,152006,Grade 7,Grade 1,1,Walking,3,School too far away,_missing_,8,7,2,2,15, , , 
52,2,3,152007,Grade 6,Grade 1,1,Walking,3,School too far away,_missing_,5,4,7,6,20, , , 
52,2,4,152009,Grade 3,Grade 1,1,Walking,3,School too far away,_missing_,5,4,0,1,5, , , 
52,2,4,152009,Grade 7,Grade 1,1,Walking,3,House keeping / Family business,_missing_, , , , , , ,6,2015
52,1,3,152010,Grade 7,Grade 1,1,Walking,3,School too far away,_missing_,7,6,0,1,10, , , 
52,1,3,152010,Grade 7,Grade 1,1,Walking,4,School too far away,_missing_,1,19,0,1,10, , , 
52,2,4,152011,Grade 2,Grade 1,1,Walking,2,House keeping / Family business,_missing_, , , , , , ,6,2017
52,2,4,152011,Grade 6,Grade 1,1,Walking,2,School too far away,_missing_,3,2,0,3,5, , , 
52,2,4,152011,Grade 10,Grade 1,1,Walking,3,School too far away,_missing_,3,2,0,3,5, , , 
52,1,5,152012,Grade 1,Grade 1,1,Walking,4,House keeping / Family business,_missing_, , , , , , ,99,2018
52,1,5,152012,Grade 1,Grade 1,1,Walking,5,School too far away,_missing_,10,9,0,5,10, , , 
52,1,5,152012,Grade 1,Grade 1,1,Walking,6,School too far away,_missing_,4,3,0,3,10, , , 
52,1,5,152012,Grade 9,Grade 1,1,Walking,6,House keeping / Family business,_missing_, , , , , , ,9,2017
52,1,5,152012,Grade 9,Grade 1,1,Walking,7,House keeping / Family business,_missing_, , , , , , ,9,2017
52,2,4,152013,Grade 4,Grade 1,1,Walking,3,School too far away,_missing_,3,2,0,1,10, , , 
52,2,4,152013,Grade 4,Grade 1,1,Walking,4,School too far away,_missing_,2,1,0,1,10, , , 
52,2,5,152014,Grade 3,Grade 1,1,Walking,3,School too far away,_missing_,7,6,13,6,40, , , 
52,2,5,152014,Grade 8,Grade 1,1,Walking,5,School too far away,_missing_,3,2,1,2,15, , , 
52,2,5,152014,Grade 8,Grade 1,1,Walking,6,School too far away,_missing_,1,19,1,2,15, , , 
52,1,6,152015,Grade 8,Grade 1,1,Walking,3,School too far away,_missing_,7,6,0,1,3, , , 
52,1,6,152015,Grade 8,Grade 1,1,Walking,4,School too far away,_missing_,1,19,0,1,3, , , 
52,2,7,152017,Grade 1,Grade 1,1,Walking,3,School too far away,_missing_,11,10,1,1,15, , , 
52,2,7,152017,Grade 1,Grade 1,1,Walking,4,School too far away,_missing_,7,6,1,1,15, , , 
52,2,7,152017,Grade 1,Grade 1,1,Walking,5,School too far away,_missing_,3,2,1,3,15, , , 
52,1,6,152018,Grade 3,Grade 1,1,Walking,3,School too far away,_missing_,11,10,0,1,15, , , 
52,1,6,152018,Grade 3,Grade 1,1,Walking,4,School too far away,_missing_,8,7,0,1,15, , , 
52,2,7,152019,Grade 5,Grade 1,1,Walking,3,School too far away,_missing_,7,6,0,1,5, , , 
52,2,6,152020,Grade 7,Grade 1,1,Walking,3,School too far away,_missing_,2,1,0,1,10, , , 
52,2,8,152021,Grade 1,Grade 1,1,Walking,3,School too far away,_missing_,11,10,2,6,15, , , 
52,2,8,152021,Grade 1,Grade 1,1,Walking,4,School too far away,_missing_,5,4,2,6,15, , , 
52,2,8,152021,Grade 5,Grade 1,1,Walking,4,School too far away,_missing_,11,10,2,6,15, , , 
52,2,8,152021,Grade 5,Grade 1,1,Walking,5,School too far away,_missing_,6,5,2,6,15, , , 
52,2,7,152022,Grade 8,Grade 1,1,Walking,2,School too far away,_missing_,10,9,0,1,10, , , 
52,2,7,152022,Grade 8,Grade 1,1,Walking,3,School too far away,_missing_,6,5,0,1,10, , , 
52,2,7,152022,Grade 8,Grade 1,1,Walking,4,School too far away,_missing_,4,3,0,1,10, , , 
52,2,8,152023,Grade 2,Grade 1,1,Walking,3,School too far away,_missing_,2,1,1,3,6, , , 
52,2,7,152024,Grade 4,Grade 1,1,Walking,4,School too far away,_missing_,9,8,0,1,10, , , 
52,2,7,152024,Grade 8,Grade 1,1,Walking,3,School too far away,_missing_,12,11,0,1,5, , , 
52,2,7,152024,Grade 8,Grade 1,1,Walking,4,School too far away,_missing_,11,10,0,1,10, , , 
52,2,7,152024,Grade 8,Grade 1,1,Walking,5,School too far away,_missing_,5,4,0,1,10, , , 
52,1,8,152026,Grade 2,Grade 1,1,Walking,5,School too far away,_missing_,8,7,3,3,8, , , 
52,1,8,152026,Grade 2,Grade 1,1,Walking,6,School too far away,_missing_,6,5,3,3,8, , , 
52,1,8,152026,Grade 2,Grade 1,1,Walking,7,School too far away,_missing_,3,2,0,1,4, , , 
52,1,8,152026,Grade 2,Grade 1,1,Walking,8,School too far away,_missing_,1,19,0,1,4, , , 
52,1,8,152026,Grade 7,Grade 1,1,Walking,2,School too far away,_missing_,4,3,0,1,4, , , 
52,1,8,152026,Grade 7,Grade 1,1,Walking,3,School too far away,_missing_,2,1,0,1,4, , , 
52,2,9,152027,Grade 10,Grade 1,1,Walking,3,School too far away,_missing_,10,9,3,6,10, , , 
52,2,9,152027,Grade 10,Grade 1,1,Walking,4,School too far away,_missing_,5,4,3,6,10, , , 
52,2,9,152028,Grade 10,Grade 1,1,Walking,3,School too far away,_missing_,7,6,4,1,30, , , 
52,2,9,152028,Grade 10,Grade 1,1,Walking,4,Financial problems,_missing_, , , , , ,7, , 
52,1,10,152029,Grade 1,Grade 1,1,Walking,2,School too far away,_missing_,5,4,0,2,3, , , 
52,1,10,152029,Grade 1,Grade 1,1,Walking,3,School too far away,_missing_,1,19,0,1,4, , , 
52,1,10,152029,Grade 9,Grade 1,1,Walking,3,School too far away,_missing_,3,2,0,2,5, , , 
52,1,10,152029,Grade 9,Grade 1,1,Walking,4,School too far away,_missing_,1,19,0,3,3, , , 
52,1,9,152030,Grade 3,Grade 1,1,Walking,4,School too far away,_missing_,12,11,0,2,15, , , 
52,1,9,152030,Grade 3,Grade 1,1,Walking,5,School too far away,_missing_,10,8,0,3,15, , , 
52,1,9,152030,Grade 3,Grade 1,1,Walking,6,School too far away,_missing_,8,7,0,2,9, , , 
52,1,9,152030,Grade 3,Grade 1,1,Walking,7,School too far away,_missing_,3,2,0,3,9, , , 
52,2,11,152031,Grade 6,Grade 1,1,Walking,4,School too far away,_missing_,11,10,6,6,70, , , 
52,2,11,152031,Grade 6,Grade 1,1,Walking,5,School too far away,_missing_,9,8,6,6,70, , , 
52,2,11,152031,Grade 10,Grade 1,1,Walking,3,School too far away,_missing_,8,7,2,6,20, , , 
52,2,11,152031,Grade 10,Grade 1,1,Walking,4,School too far away,_missing_,6,5,2,6,20, , , 
52,2,10,152032,Grade 5,Grade 1,1,Walking,4,House keeping / Family business,_missing_, , , , , , ,99,2016
52,2,10,152032,Grade 9,Grade 1,1,Walking,6,School too far away,_missing_,1,19,5,3,10, , , 
52,2,11,152033,Grade 3,Grade 1,1,Walking,5,School too far away,_missing_,11,10,2,2,10, , , 
52,2,11,152033,Grade 10,Grade 1,1,Walking,4,House keeping / Family business,_missing_, , , , , , ,7, 
52,1,10,152034,Grade 7,Grade 1,1,Walking,3,House keeping / Family business,_missing_, , , , , , ,9,2018
52,1,10,152034,Grade 7,Grade 1,1,Walking,4,School too far away,_missing_,11,10,0,2,10, , , 
52,1,10,152034,Grade 7,Grade 1,1,Walking,5,School too far away,_missing_,8,7,2,3,10, , , 
52,2,11,152036,Grade 1,Grade 1,1,Walking,4,School too far away,_missing_,9,8,1,3,15, , , 
52,2,11,152036,Grade 6,Grade 1,1,Walking,3,School too far away,_missing_,3,2,0,1,10, , , 
52,2,11,152036,Grade 6,Grade 1,1,Walking,4,School too far away,_missing_,1,19,0,1,10, , , 
52,2,12,152037,Grade 4,Grade 1,1,Walking,3,School too far away,_missing_,6,5,1,1,15, , , 
52,1,12,152039,Grade 5,Grade 1,1,Walking,3,School too far away,_missing_,9,8,1,2,15, , , 
52,1,12,152039,Grade 5,Grade 1,1,Walking,4,School too far away,_missing_,7,6,1,1,15, , , 
52,1,12,152039,Grade 5,Grade 1,1,Walking,5,School too far away,_missing_,3,2,1,1,15, , , 
52,1,12,152039,Grade 9,Grade 1,1,Walking,4,School too far away,_missing_,10,9,1,1,10, , , 
52,1,12,152039,Grade 9,Grade 1,1,Walking,5,School too far away,_missing_,9,8,1,1,10, , , 
52,1,12,152039,Grade 9,Grade 1,1,Walking,6,School too far away,_missing_,7,6,1,3,10, , , 
52,2,1,152040,Grade 1,Grade 1,1,Walking,4,School too far away,_missing_,10,9,5,6,30, , , 
52,2,1,152040,Grade 1,Grade 1,1,Walking,5,School too far away,_missing_,4,3,5,3,30, , , 
52,2,1,152040,Grade 7,Grade 1,1,Walking,3,School too far away,_missing_,11,10,15,6,30, , , 
52,2,3,152044,Grade 3,Grade 1,1,Walking,3,School too far away,_missing_,13,12,2,2,10, , , 
52,2,3,152044,Grade 3,Grade 1,1,Walking,4,School too far away,_missing_,5,4,0,1,10, , , 
52,1,4,152046,Grade 5,Grade 1,1,Walking,3,School too far away,_missing_,12,11,0,3,10, , , 
52,1,4,152046,Grade 5,Grade 1,1,Walking,4,School too far away,_missing_,5,4,0,1,5, , , 
52,1,4,152046,Grade 9,Grade 1,1,Walking,2,School too far away,_missing_,7,6,0,2,6, , , 
52,1,4,152046,Grade 9,Grade 1,1,Walking,3,School too far away,_missing_,1,19,0,2,6, , , 
52,2,5,152047,Grade 8,Grade 1,1,Walking,3,School too far away,_missing_,12,11,1,3,15, , , 
52,2,5,152047,Grade 8,Grade 1,1,Walking,4,School too far away,_missing_,10,9,1,3,15, , , 
52,2,5,152047,Grade 8,Grade 1,1,Walking,5,School too far away,_missing_,8,7,1,3,15, , , 
52,2,5,152047,Grade 8,Grade 1,1,Walking,6,School too far away,_missing_,6,5,1,2,15, , , 
52,2,5,152048,Grade 6,Grade 1,1,Walking,3,House keeping / Family business,_missing_, , , , , , ,3,2017
52,2,5,152048,Grade 6,Grade 1,1,Walking,4,School too far away,_missing_,12,11,2,2,15, , , 
52,2,5,152048,Grade 6,Grade 1,1,Walking,5,School too far away,_missing_,8,7,0,1,5, , , 
52,2,5,152048,Grade 6,Grade 1,1,Walking,6,School too far away,_missing_,4,3,0,1,5, , , 
52,2,6,152049,Grade 1,Grade 1,1,Walking,3,School too far away,_missing_,7,6,0,1,15, , , 
52,2,6,152049,Grade 1,Grade 1,1,Walking,4,School too far away,_missing_,3,2,0,1,15, , , 
52,2,6,152049,Grade 1,Grade 1,1,Walking,5,School too far away,_missing_,2,1,0,1,15, , , 
52,2,6,152049,Grade 5,Grade 1,1,Walking,3,School too far away,_missing_,1,19,0,1,15, , , 
52,2,6,152049,Grade 10,Grade 1,1,Walking,3,School too far away,_missing_,10,9,0,1,15, , , 
52,2,6,152049,Grade 10,Grade 1,1,Walking,4,School too far away,_missing_,6,5,0,1,15, , , 
52,2,6,152049,Grade 10,Grade 1,1,Walking,5,School too far away,_missing_,3,2,0,1,15, , , 
52,2,6,152050,Grade 9,Grade 1,1,Walking,2,House keeping / Family business,_missing_, , , , , , ,6,2015
52,2,6,152050,Grade 9,Grade 1,1,Walking,3,House keeping / Family business,_missing_, , , , , , ,6,2016
52,1,7,152051,Grade 3,Grade 1,1,Walking,4,School too far away,_missing_,12,11,0,1,5, , , 
52,1,7,152051,Grade 3,Grade 1,1,Walking,5,School too far away,_missing_,8,7,0,1,5, , , 
52,1,7,152051,Grade 3,Grade 1,1,Walking,6,School too far away,_missing_,3,2,0,2,7, , , 
52,1,7,152051,Grade 8,Grade 1,1,Walking,4,School too far away,_missing_,13,12,0,3,10, , , 
52,2,8,152053,Grade 1,Grade 1,1,Walking,3,House keeping / Family business,_missing_, , , , , , ,2,2017
52,2,8,152053,Grade 6,Grade 1,1,Walking,4,House keeping / Family business,_missing_, , , , , , ,6,2018
52,2,8,152053,Grade 6,Grade 1,1,Walking,5,School too far away,_missing_,9,8,0,1,10, , , 
52,2,8,152053,Grade 6,Grade 1,1,Walking,6,School too far away,_missing_,7,6,0,1,10, , , 
52,2,9,152054,Grade 2,Grade 1,1,Walking,3,School too far away,_missing_,12,11,2,6,25, , , 
52,2,9,152055,Grade 2,Grade 1,1,Walking,3,Financial problems,_missing_, , , , , ,7, , 
52,2,10,152056,Grade 1,Grade 1,1,Walking,3,School too far away,_missing_,7,6,0,1,5, , , 
52,2,10,152056,Grade 6,Grade 1,1,Walking,3,School too far away,_missing_,8,7,0,1,15, , , 
52,2,10,152056,Grade 6,Grade 1,1,Walking,4,School too far away,_missing_,6,5,0,1,15, , , 
52,2,10,152056,Grade 10,Grade 1,1,Walking,5,School too far away,_missing_,12,11,0,1,10, , , 
52,2,10,152057,Grade 8,Grade 1,1,Walking,4,House keeping / Family business,_missing_, , , , , , ,6,2015
52,1,11,152059,Grade 7,Grade 1,1,Walking,4,School too far away,_missing_,7,6,0,3,2, , , 
52,2,2,152060,Grade 5,Grade 1,1,Walking,4,School too far away,_missing_,12,11,0,2,10, , , 
52,2,12,152061,Grade 3,Grade 1,1,Walking,3,School too far away,_missing_,2,1,2,5,10, , , 
52,2,2,152062,Grade 2,Grade 1,1,Walking,3,School too far away,_missing_,3,2,0,3,10, , , 
52,2,2,152062,Grade 10,Grade 1,1,Walking,2,School too far away,_missing_,9,8,0,1,10, , , 
52,2,2,152062,Grade 10,Grade 1,1,Walking,3,School too far away,_missing_,9,8,0,1,10, , , 
52,2,2,152062,Grade 10,Grade 1,1,Walking,4,School too far away,_missing_,7,6,0,1,5, , , 
52,2,2,152062,Grade 10,Grade 1,1,Walking,5,School too far away,_missing_,6,5,0,1,10, , , 
52,2,2,152062,Grade 10,Grade 1,1,Walking,6,School too far away,_missing_,3,2,0,2,5, , , 
52,2,12,152063,Grade 4,Grade 1,1,Walking,3,School too far away,_missing_,10,9,0,1,10, , , 
52,2,12,152063,Grade 4,Grade 1,1,Walking,4,School too far away,_missing_,9,8,0,1,10, , , 
52,2,12,152063,Grade 4,Grade 1,1,Walking,5,School too far away,_missing_,5,4,0,1,10, , , 
52,2,12,152063,Grade 9,Grade 1,1,Walking,2,School too far away,_missing_,1,19,0,1,10, , , 
52,2,3,152064,Grade 3,Grade 1,1,Walking,3,School too far away,_missing_,5,4,0,5,10, , , 
52,2,3,152064,Grade 3,Grade 1,1,Walking,4,School too far away,_missing_,3,2,0,5,10, , , 
52,2,3,152065,Grade 2,Grade 1,1,Walking,3,School too far away,_missing_,11,10,0,1,5, , , 
52,2,3,152065,Grade 2,Grade 1,1,Walking,4,School too far away,_missing_,5,4,0,1,5, , , 
52,2,3,152065,Grade 7,Grade 1,1,Walking,3,School too far away,_missing_,2,1,0,1,10, , , 
52,1,4,152066,Grade 1,Grade 1,1,Walking,3,School too far away,_missing_,3,2,3,3,15, , , 
52,1,4,152066,Grade 1,Grade 1,1,Walking,4,Financial problems,_missing_, , , , , ,7, , 
52,1,4,152066,Grade 5,Grade 1,1,Walking,3,School too far away,_missing_,8,7,2,5,15, , , 
52,1,4,152066,Grade 5,Grade 1,1,Walking,4,School too far away,_missing_,5,4,2,5,15, , , 
52,1,4,152066,Grade 5,Grade 1,1,Walking,5,School too far away,_missing_,2,1,1,5,15, , , 
52,1,4,152066,Grade 9,Grade 1,1,Walking,3,School too far away,_missing_,13,12,0,1,10, , , 
52,1,4,152066,Grade 9,Grade 1,1,Walking,4,School too far away,_missing_,10,9,0,1,10, , , 
52,2,5,152067,Grade 6,Grade 1,1,Walking,2,School too far away,_missing_,2,1,0,1,10, , , 
52,2,6,152068,Grade 8,Grade 1,1,Walking,3,School too far away,_missing_,11,10,0,1,20, , , 
52,2,6,152068,Grade 8,Grade 1,1,Walking,4,School too far away,_missing_,4,3,0,1,20, , , 
52,2,6,152069,Grade 8,Grade 1,1,Walking,3,School too far away,_missing_,12,11,2,3,10, , , 
52,2,6,152069,Grade 8,Grade 1,1,Walking,4,School too far away,_missing_,11,10,2,3,10, , , 
52,2,7,152070,Grade 3,Grade 1,1,Walking,5,School too far away,_missing_,8,7,7,6,30, , , 
52,2,7,152070,Grade 7,Grade 1,1,Walking,4,School too far away,_missing_,9,8,5,2,30, , , 
52,2,8,152072,Grade 1,Grade 1,1,Walking,6,School too far away,_missing_,7,6,5,5,30, , , 
52,2,8,152072,Grade 1,Grade 1,1,Walking,7,School too far away,_missing_,2,1,5,5,30, , , 
52,2,8,152072,Grade 5,Grade 1,1,Walking,3,School too far away,_missing_,11,10,0,2,10, , , 
52,2,8,152072,Grade 5,Grade 1,1,Walking,4,School too far away,_missing_,3,2,0,2,10, , , 
52,2,8,152073,Grade 8,Grade 1,1,Walking,4,School too far away,_missing_,10,9,0,3,5, , , 
52,2,9,152074,Grade 6,Grade 1,1,Walking,3,School too far away,_missing_,8,7,0,1,10, , , 
52,2,9,152074,Grade 6,Grade 1,1,Walking,4,School too far away,_missing_,2,1,0,1,10, , , 
52,2,10,152075,Grade 1,Grade 1,1,Walking,3,School too far away,_missing_,8,7,0,2,1, , , 
52,2,10,152075,Grade 5,Grade 1,1,Walking,2,School too far away,_missing_,5,4,0,1,10, , , 
52,2,10,152075,Grade 5,Grade 1,1,Walking,3,School too far away,_missing_,2,1,0,1,10, , , 
52,2,10,152075,Grade 9,Grade 1,1,Walking,3,School too far away,_missing_,2,1,0,1,10, , , 
52,2,12,152078,Grade 8,Grade 1,1,Walking,3,School too far away,_missing_,11,10,1,2,40, , , 
52,2,12,152078,Grade 8,Grade 1,1,Walking,4,School too far away,_missing_,11,10,1,2,40, , , 
52,2,12,152078,Grade 8,Grade 1,1,Walking,5,School too far away,_missing_,8,7,1,5,40, , , 
52,2,12,152079,Grade 2,Grade 1,1,Walking,5,House keeping / Family business,_missing_, , , , , , ,3,2018
52,2,12,152079,Grade 2,Grade 1,1,Walking,6,School too far away,_missing_,11,10,4,3,20, , , 
52,2,12,152079,Grade 2,Grade 1,1,Walking,7,School too far away,_missing_,5,4,2,3,10, , , 
53,1,1,153003,Grade 8,Grade 1,1,Walking,3,School too far away,_missing_,3,2,0,3,10, , , 
53,1,1,153003,Grade 8,Grade 1,1,Walking,4,School too far away,_missing_,1,19,0,3,10, , , 
53,2,3,153004,Grade 9,Grade 1,1,Walking,3,School too far away,_missing_,11,10,12,3,30, , , 
53,2,2,153005,Grade 3,Grade 1,1,Walking,3,School too far away,_missing_,4,3,1,1,10, , , 
53,2,2,153005,Grade 3,Grade 1,1,Walking,4,School too far away,_missing_,2,1,1,1,10, , , 
53,2,4,153006,Grade 5,Grade 1,1,Walking,4,School too far away,_missing_,12,11,2,1,20, , , 
53,2,4,153006,Grade 5,Grade 1,1,Walking,5,School too far away,_missing_,11,10,2,1,20, , , 
53,2,4,153006,Grade 5,Grade 1,1,Walking,6,School too far away,_missing_,2,1,2,1,20, , , 
53,2,3,153009,Grade 4,Grade 1,1,Walking,3,School too far away,_missing_,8,7,0,1,5, , , 
53,2,3,153009,Grade 4,Grade 1,1,Walking,4,School too far away,_missing_,5,4,0,1,5, , , 
53,2,3,153009,Grade 4,Grade 1,1,Walking,6,School too far away,_missing_,3,2,0,1,5, , , 
53,2,3,153009,Grade 8,Grade 1,1,Walking,3,School too far away,_missing_,9,8,2,1,2, , , 
53,2,3,153009,Grade 8,Grade 1,1,Walking,4,School too far away,_missing_,5,4,0,5,1, , , 
53,2,5,153010,Grade 6,Grade 1,1,Walking,4,House keeping / Family business,_missing_, , , , , , ,6,2015
53,2,5,153010,Grade 6,Grade 1,1,Walking,5,School too far away,_missing_,8,7,1,2,10, , , 
53,2,5,153010,Grade 6,Grade 1,1,Walking,6,School too far away,_missing_,6,5,1,2,10, , , 
53,2,4,153011,Grade 1,Grade 1,1,Walking,3,School too far away,_missing_,4,3,1,2,10, , , 
53,2,4,153011,Grade 10,Grade 1,1,Walking,3,School too far away,_missing_,8,7,0,1,30, , , 
53,2,6,153012,Grade 4,Grade 1,1,Walking,3,House keeping / Family business,_missing_, , , , , , ,9,2018
53,2,6,153012,Grade 4,Grade 1,1,Walking,4,School too far away,_missing_,10,9,2,1,20, , , 
53,2,6,153012,Grade 4,Grade 1,1,Walking,5,School too far away,_missing_,6,5,2,1,20, , , 
53,2,5,153013,Grade 10,Grade 1,1,Walking,3,School too far away,_missing_,11,10,8,6,80, , , 
53,2,5,153013,Grade 10,Grade 1,1,Walking,4,School too far away,_missing_,7,6,8,6,80, , , 
53,2,5,153013,Grade 10,Grade 1,1,Walking,5,School too far away,_missing_,5,4,2,1,30, , , 
53,2,5,153013,Grade 10,Grade 1,1,Walking,6,School too far away,_missing_,1,19,2,1,30, , , 
53,1,7,153014,Grade 2,Grade 1,1,Walking,3,School too far away,_missing_,13,12,1,1,15, , , 
53,1,7,153014,Grade 2,Grade 1,1,Walking,4,School too far away,_missing_,9,8,1,2,15, , , 
53,1,6,153015,Grade 3,Grade 1,1,Walking,3,School too far away,_missing_,8,7,5,3,10, , , 
53,1,6,153015,Grade 3,Grade 1,1,Walking,4,School too far away,_missing_,2,1,5,3,10, , , 
53,1,6,153015,Grade 7,Grade 1,1,Walking,4,School too far away,_missing_,11,10,1,3,10, , , 
53,2,8,153016,Grade 8,Grade 1,1,Walking,3,School too far away,_missing_,9,8,1,5,15, , , 
53,2,8,153016,Grade 8,Grade 1,1,Walking,4,Financial problems,_missing_, , , , , ,7, , 
53,2,6,153017,Grade 2,Grade 1,1,Walking,3,School too far away,_missing_,4,3,2,1,20, , , 
53,2,6,153017,Grade 6,Grade 1,1,Walking,3,School too far away,_missing_,7,6,0,1,5, , , 
53,2,8,153018,Grade 4,Grade 1,1,Walking,5,School too far away,_missing_,5,4,6,5,12, , , 
53,2,8,153018,Grade 4,Grade 1,1,Walking,6,School too far away,_missing_,2,1,6,5,12, , , 
53,2,8,153018,Grade 8,Grade 1,1,Walking,3,School too far away,_missing_,9,8,7,5,13, , , 
53,2,8,153018,Grade 8,Grade 1,1,Walking,4,School too far away,_missing_,5,4,7,5,13, , , 
53,1,7,153019,Grade 5,Grade 1,1,Walking,3,School too far away,_missing_,6,5,1,2,20, , , 
53,1,7,153019,Grade 5,Grade 1,1,Walking,4,School too far away,_missing_,2,1,1,3,10, , , 
53,1,7,153019,Grade 10,Grade 1,1,Walking,3,House keeping / Family business,_missing_, , , , , , ,5,2018
53,1,7,153019,Grade 10,Grade 1,1,Walking,4,School too far away,_missing_,11,10,2,2,20, , , 
53,1,7,153019,Grade 10,Grade 1,1,Walking,5,School too far away,_missing_,7,6,2,2,20, , , 
53,2,9,153020,Grade 3,Grade 1,1,Walking,3,House keeping / Family business,_missing_, , , , , , ,3,2017
53,2,8,153021,Grade 9,Grade 1,1,Walking,3,School too far away,_missing_,13,12,4,6,20, , , 
53,1,9,153023,Grade 5,Grade 1,1,Walking,3,House keeping / Family business,_missing_, , , , , , ,7,2018
53,1,9,153023,Grade 5,Grade 1,1,Walking,4,School too far away,_missing_,12,11,6,3,15, , , 
53,2,11,153024,Grade 5,Grade 1,1,Walking,3,School too far away,_missing_,11,10,1,1,20, , , 
53,2,11,153024,Grade 5,Grade 1,1,Walking,4,School too far away,_missing_,6,5,1,1,20, , , 
53,2,11,153024,Grade 9,Grade 1,1,Walking,3,School too far away,_missing_,10,9,2,3,20, , , 
53,2,11,153024,Grade 9,Grade 1,1,Walking,4,Financial problems,_missing_, , , , , ,7, , 
53,2,10,153025,Grade 3,Grade 1,1,Walking,3,School too far away,_missing_,8,7,2,1,30, , , 
53,2,10,153025,Grade 3,Grade 1,1,Walking,4,School too far away,_missing_,3,2,2,1,30, , , 
53,2,10,153025,Grade 3,Grade 1,1,Walking,5,School too far away,_missing_,3,2,2,1,30, , , 
53,2,10,153025,Grade 7,Grade 1,1,Walking,4,House keeping / Family business,_missing_, , , , , , ,6,2017
53,2,10,153025,Grade 7,Grade 1,1,Walking,5,School too far away,_missing_,10,9,2,6,15, , , 
53,2,12,153026,Grade 1,Grade 1,1,Walking,5,School too far away,_missing_,3,2,4,3,20, , , 
53,2,12,153026,Grade 6,Grade 1,1,Walking,5,School too far away,_missing_,12,11,4,2,15, , , 
53,2,12,153026,Grade 6,Grade 1,1,Walking,6,School too far away,_missing_,4,3,4,2,15, , , 
53,2,12,153028,Grade 1,Grade 1,1,Walking,3,School too far away,_missing_,13,12,2,2,15, , , 
53,2,12,153028,Grade 1,Grade 1,1,Walking,4,School too far away,_missing_,10,9,1,2,15, , , 
53,2,12,153028,Grade 5,Grade 1,1,Walking,3,School too far away,_missing_,10,9,0,1,5, , , 
53,2,12,153028,Grade 9,Grade 1,1,Walking,4,School too far away,_missing_,9,8,0,1,10, , , 
53,2,11,153029,Grade 7,Grade 1,1,Walking,3,School too far away,_missing_,8,7,0,1,15, , , 
53,2,11,153029,Grade 7,Grade 1,1,Walking,4,House keeping / Family business,_missing_, , , , , , ,6,2019
53,2,11,153029,Grade 7,Grade 1,1,Walking,5,School too far away,_missing_,10,9,0,1,15, , , 
53,2,12,153030,Grade 1,Grade 1,1,Walking,4,School too far away,_missing_,11,10,3,2,30, , , 
53,2,12,153030,Grade 1,Grade 1,1,Walking,5,School too far away,_missing_,9,8,3,2,30, , , 
53,2,12,153030,Grade 5,Grade 1,1,Walking,3,School too far away,_missing_,13,12,3,2,30, , , 
53,2,12,153030,Grade 5,Grade 1,1,Walking,4,School too far away,_missing_,7,6,3,2,30, , , 
53,2,12,153030,Grade 5,Grade 1,1,Walking,5,School too far away,_missing_,1,19,3,2,30, , , 
53,2,1,153031,Grade 1,Grade 2,2,Walking,3,School too far away,_missing_,6,5,11,6,30, , , 
53,2,1,153031,Grade 1,Grade 2,2,Walking,4,School too far away,_missing_,4,3,0,1,5, , , 
53,2,1,153031,Grade 9,Grade 1,1,Walking,4,House keeping / Family business,_missing_, , , , , , ,3,2010
53,2,1,153031,Grade 9,Grade 1,1,Walking,5,House keeping / Family business,_missing_, , , , , , ,3,2014
53,2,1,153031,Grade 9,Grade 1,1,Walking,6,School too far away,_missing_,8,7,0,1,5, , , 
53,2,2,153032,Grade 3,Grade 1,1,Walking,5,School too far away,_missing_,12,11,3,3,10, , , 
53,2,2,153032,Grade 3,Grade 1,1,Walking,6,School too far away,_missing_,7,6,3,3,10, , , 
53,2,2,153032,Grade 7,Grade 1,1,Walking,3,School too far away,_missing_,4,3,4,3,25, , , 
53,2,3,153034,Grade 2,Grade 1,1,Walking,3,School too far away,_missing_,11,10,1,1,12, , , 
53,2,3,153034,Grade 2,Grade 1,1,Walking,4,School too far away,_missing_,2,1,1,1,12, , , 
53,1,4,153035,Grade 6,Grade 1,1,Walking,3,School too far away,_missing_,2,1,0,1,5, , , 
53,1,4,153035,Grade 10,Grade 1,1,Walking,3,School too far away,_missing_,13,12,0,1,5, , , 
53,1,4,153035,Grade 10,Grade 1,1,Walking,4,School too far away,_missing_,7,6,0,1,5, , , 
53,2,5,153036,Grade 1,Grade 1,1,Walking,2,School too far away,_missing_,12,11,10,2,45, , , 
53,2,5,153036,Grade 5,Grade 1,1,Walking,4,School too far away,_missing_,12,11,2,2,10, , , 
53,2,5,153036,Grade 5,Grade 1,1,Walking,5,School too far away,_missing_,9,8,2,2,10, , , 
53,2,6,153037,Grade 3,Grade 1,1,Walking,4,House keeping / Family business,_missing_, , , , , , ,6,2017
53,2,6,153037,Grade 3,Grade 1,1,Walking,5,School too far away,_missing_,11,10,3,5,60, , , 
53,2,6,153037,Grade 3,Grade 1,1,Walking,6,School too far away,_missing_,6,5,2,5,30, , , 
53,2,6,153037,Grade 8,Grade 1,1,Walking,3,School too far away,_missing_,8,7,4,6,30, , , 
53,2,6,153037,Grade 8,Grade 1,1,Walking,4,School too far away,_missing_,5,4,4,6,30, , , 
53,2,7,153038,Grade 3,Grade 1,1,Walking,5,School too far away,_missing_,5,4,1,1,10, , , 
53,2,7,153038,Grade 7,Grade 1,1,Walking,4,School too far away,_missing_,10,9,2,1,10, , , 
53,2,7,153039,Grade 1,Grade 1,1,Walking,3,School too far away,_missing_,11,10,0,1,10, , , 
53,2,7,153039,Grade 1,Grade 1,1,Walking,4,School too far away,_missing_,6,5,0,1,10, , , 
53,2,7,153039,Grade 1,Grade 1,1,Walking,5,School too far away,_missing_,2,1,0,1,10, , , 
53,2,8,153040,Grade 1,Grade 1,1,Walking,3,School too far away,_missing_,9,8,0,1,15, , , 
53,2,8,153040,Grade 1,Grade 1,1,Walking,4,School too far away,_missing_,6,5,0,1,15, , , 
53,2,8,153040,Grade 1,Grade 1,1,Walking,5,School too far away,_missing_,4,3,0,1,15, , , 
53,2,8,153040,Grade 5,Grade 1,1,Walking,3,School too far away,_missing_,10,9,1,2,15, , , 
53,2,8,153040,Grade 9,Grade 1,1,Walking,3,School too far away,_missing_,12,11,1,2,15, , , 
53,2,8,153040,Grade 9,Grade 1,1,Walking,4,School too far away,_missing_,3,2,1,2,15, , , 
53,2,9,153041,Grade 4,Grade 1,1,Walking,2,School too far away,_missing_,4,3,6,5,20, , , 
53,2,9,153041,Grade 9,Grade 1,1,Walking,3,School too far away,_missing_,1,19,8,4,15, , , 
53,2,10,153042,Grade 4,Grade 1,1,Walking,4,School too far away,_missing_,10,9,2,1,30, , , 
53,2,11,153044,Grade 4,Grade 1,1,Walking,3,Financial problems,_missing_, , , , , ,7, , 
53,2,11,153044,Grade 9,Grade 1,1,Walking,3,School too far away,_missing_,11,10,4,5,20, , , 
53,2,11,153044,Grade 9,Grade 1,1,Walking,4,School too far away,_missing_,8,7,3,2,15, , , 
53,1,12,153045,Grade 5,Grade 1,1,Walking,3,Financial problems,_missing_, , , , , ,7, , 
53,1,12,153045,Grade 9,Grade 1,1,Walking,5,House keeping / Family business,_missing_, , , , , , ,9,2015
53,1,12,153045,Grade 9,Grade 1,1,Walking,6,House keeping / Family business,_missing_, , , , , , ,7, 
53,1,12,153045,Grade 9,Grade 1,1,Walking,7,School too far away,_missing_,8,7,0,1,15, , , 
53,1,12,153045,Grade 9,Grade 1,1,Walking,8,School too far away,_missing_,6,5,0,1,15, , , 
53,1,12,153045,Grade 9,Grade 1,1,Walking,9,School too far away,_missing_,2,1,0,1,15, , , 
53,2,1,153046,Grade 3,Grade 1,1,Walking,3,School too far away,_missing_,8,7,1,1,20, , , 
53,2,1,153046,Grade 3,Grade 1,1,Walking,4,School too far away,_missing_,3,2,1,1,20, , , 
53,2,1,153046,Grade 8,Grade 1,1,Walking,3,School too far away,_missing_,3,2,1,1,20, , , 
53,2,1,153047,Grade 6,Grade 1,1,Walking,5,School too far away,_missing_,8,7,0,1,5, , , 
53,2,2,153048,Grade 6,Grade 1,1,Walking,2,School too far away,_missing_,1,19,0,1,20, , , 
53,2,2,153048,Grade 10,Grade 1,1,Walking,5,School too far away,_missing_,9,8,0,1,15, , , 
53,2,3,153049,Grade 4,Grade 1,1,Walking,3,School too far away,_missing_,4,3,0,1,3, , , 
53,2,3,153049,Grade 4,Grade 1,1,Walking,4,School too far away,_missing_,2,1,0,1,3, , , 
53,1,4,153050,Grade 3,Grade 1,1,Walking,4,School too far away,_missing_,14,13,1,2,10, , , 
53,1,4,153050,Grade 3,Grade 1,1,Walking,5,School too far away,_missing_,8,7,1,2,10, , , 
53,1,4,153050,Grade 6,Grade 1,1,Walking,3,School too far away,_missing_,10,9,1,2,10, , , 
53,1,4,153050,Grade 6,Grade 1,1,Walking,4,School too far away,_missing_,8,7,1,2,10, , , 
53,1,4,153050,Grade 6,Grade 1,1,Walking,5,School too far away,_missing_,6,5,1,3,10, , , 
53,1,4,153050,Grade 6,Grade 1,1,Walking,6,School too far away,_missing_,3,2,1,3,10, , , 
53,1,4,153050,Grade 10,Grade 1,1,Walking,5,School too far away,_missing_,11,10,1,1,15, , , 
53,1,4,153050,Grade 10,Grade 1,1,Walking,6,School too far away,_missing_,5,4,1,1,15, , , 
53,2,5,153051,Grade 2,Grade 1,1,Walking,4,School too far away,_missing_,11,10,3,2,20, , , 
53,2,5,153051,Grade 6,Grade 1,1,Walking,4,School too far away,_missing_,11,10,3,2,25, , , 
53,2,5,153051,Grade 6,Grade 1,1,Walking,5,School too far away,_missing_,7,6,3,2,25, , , 
53,2,5,153051,Grade 6,Grade 1,1,Walking,6,School too far away,_missing_,1,19,0,1,10, , , 
53,2,6,153053,Grade 8,Grade 1,1,Walking,4,School too far away,_missing_,12,11,0,1,5, , , 
53,2,6,153053,Grade 8,Grade 1,1,Walking,5,School too far away,_missing_,10,9,0,1,5, , , 
53,2,6,153053,Grade 8,Grade 1,1,Walking,6,School too far away,_missing_,6,5,0,1,5, , , 
53,2,7,153054,Grade 3,Grade 1,1,Walking,3,School too far away,_missing_,13,12,1,2,30, , , 
53,2,7,153054,Grade 3,Grade 1,1,Walking,4,School too far away,_missing_,9,8,1,2,30, , , 
53,2,7,153054,Grade 3,Grade 1,1,Walking,5,School too far away,_missing_,1,19,1,3,15, , , 
53,2,8,153055,Grade 1,Grade 1,1,Walking,3,School too far away,_missing_,5,4,0,1,15, , , 
53,2,8,153055,Grade 1,Grade 1,1,Walking,4,Financial problems,_missing_, , , , , ,7, , 
53,2,8,153055,Grade 5,Grade 1,1,Walking,2,House keeping / Family business,_missing_, , , , , , ,6,2011
53,2,8,153055,Grade 5,Grade 1,1,Walking,3,School too far away,_missing_,5,4,0,1,10, , , 
53,2,8,153055,Grade 9,Grade 1,1,Walking,3,School too far away,_missing_,13,12,0,1,10, , , 
53,2,8,153055,Grade 9,Grade 1,1,Walking,4,School too far away,_missing_,9,8,0,1,10, , , 
53,2,8,153055,Grade 9,Grade 1,1,Walking,5,School too far away,_missing_,2,1,0,1,15, , , 
53,2,9,153056,Grade 3,Grade 1,1,Walking,3,School too far away,_missing_,12,11,5,6,25, , , 
53,2,9,153056,Grade 3,Grade 1,1,Walking,4,School too far away,_missing_,7,6,5,6,25, , , 
53,2,9,153056,Grade 3,Grade 1,1,Walking,5,School too far away,_missing_,1,19,5,6,25, , , 
53,2,9,153056,Grade 10,Grade 1,1,Walking,3,School too far away,_missing_,11,10,3,3,15, , , 
53,2,9,153056,Grade 10,Grade 1,1,Walking,4,School too far away,_missing_,7,6,3,3,15, , , 
53,2,9,153057,Grade 4,Grade 1,1,Walking,4,School too far away,_missing_,10,9,0,2,10, , , 
53,2,9,153057,Grade 4,Grade 1,1,Walking,5,School too far away,_missing_,5,4,0,2,10, , , 
53,2,9,153057,Grade 4,Grade 1,1,Walking,6,School too far away,_missing_,3,2,0,3,10, , , 
53,1,10,153058,Grade 4,Grade 1,1,Walking,3,School too far away,_missing_,7,6,0,3,10, , , 
53,1,10,153058,Grade 4,Grade 1,1,Walking,4,School too far away,_missing_,2,1,0,1,15, , , 
53,1,10,153058,Grade 4,Grade 1,1,Walking,5,Financial problems,_missing_, , , , , ,7, , 
53,1,10,153058,Grade 9,Grade 1,1,Walking,3,School too far away,_missing_,5,4,0,2,10, , , 
53,1,10,153058,Grade 9,Grade 1,1,Walking,4,Financial problems,_missing_, , , , , ,7, , 
53,2,11,153059,Grade 4,Grade 1,1,Walking,4,School too far away,_missing_,13,12,0,1,20, , , 
53,2,11,153059,Grade 4,Grade 1,1,Walking,5,School too far away,_missing_,9,8,0,1,20, , , 
53,2,11,153059,Grade 4,Grade 1,1,Walking,6,School too far away,_missing_,4,3,0,1,20, , , 
53,2,11,153059,Grade 10,Grade 1,1,Walking,5,School too far away,_missing_,6,5,0,1,20, , , 
53,1,12,153060,Grade 8,Grade 1,1,Walking,2,School too far away,_missing_,12,11,1,1,20, , , 
61,2,1,161001,Grade 1,Grade 1,1,Walking,3,School too far away,_missing_,12,11,15,6,45, , , 
61,2,1,161001,Grade 1,Grade 1,1,Walking,4,School too far away,_missing_,11,10,15,6,45, , , 
61,2,1,161001,Grade 1,Grade 1,1,Walking,5,School too far away,_missing_,8,7,8,5,30, , , 
61,2,1,161001,Grade 9,Grade 1,1,Walking,4,School too far away,_missing_,10,9,2,2,15, , , 
61,2,1,161002,Grade 7,Grade 1,1,Walking,5,School too far away,_missing_,8,7,6,6,30, , , 
61,2,1,161003,Grade 7,Grade 1,1,Walking,5,School too far away,_missing_,11,10,16,6,30, , , 
61,2,1,161003,Grade 7,Grade 1,1,Walking,6,School too far away,_missing_,4,3,0,1,10, , , 
61,2,1,161004,Grade 1,Grade 1,1,Walking,1,House keeping / Family business,_missing_, , , , , , ,8,2018
61,2,1,161004,Grade 1,Grade 1,1,Walking,2,House keeping / Family business,_missing_, , , , , , ,6,2017
61,2,1,161004,Grade 10,Grade 1,1,Walking,3,School too far away,_missing_,10,8,5,5,20, , , 
61,2,1,161004,Grade 10,Grade 1,1,Walking,4,School too far away,_missing_,5,3,5,5,20, , , 
61,2,1,161005,Grade 5,Grade 1,1,Walking,3,School too far away,_missing_,10,9,2,2,20, , , 
61,2,2,161006,Grade 5,Grade 1,1,Walking,5,School too far away,_missing_,5,3,5,3,15, , , 
61,2,2,161006,Grade 10,Grade 1,1,Walking,5,School too far away,_missing_,3,2,4,3,10, , , 
61,2,2,161006,Grade 10,Grade 1,1,Walking,6,Financial problems,_missing_, , , , , ,7, , 
61,1,1,161007,Grade 6,Grade 1,1,Walking,3,School too far away,_missing_,3,2,1,1,20, , , 
61,2,2,161009,Grade 3,Grade 1,1,Walking,2,School too far away,_missing_,9,8,3,2,12, , , 
61,2,2,161009,Grade 3,Grade 1,1,Walking,3,School too far away,_missing_,7,6,3,2,12, , , 
61,2,2,161009,Grade 7,Grade 1,1,Walking,2,School too far away,_missing_,12,11,30,6,60, , , 
61,2,2,161009,Grade 7,Grade 1,1,Walking,3,School too far away,_missing_,9,8,30,6,60, , , 
61,2,2,161010,Grade 3,Grade 1,1,Walking,3,School too far away,_missing_,7,6,0,3,3, , , 
61,2,2,161010,Grade 3,Grade 1,1,Walking,4,School too far away,_missing_,2,1,0,3,3, , , 
61,2,2,161011,Grade 5,Grade 1,1,Walking,3,School too far away,_missing_,7,6,30,3,25, , , 
61,2,2,161011,Grade 5,Grade 1,1,Walking,4,Financial problems,_missing_, , , , , ,7, , 
61,2,3,161012,Grade 2,Grade 1,1,Walking,3,House keeping / Family business,_missing_, , , , , , ,9,2018
61,2,3,161012,Grade 2,Grade 1,1,Walking,4,House keeping / Family business,_missing_, , , , , , ,9,2018
61,2,3,161012,Grade 2,Grade 1,1,Walking,5,School too far away,_missing_,7,6,3,5,15, , , 
61,2,3,161012,Grade 10,Grade 1,1,Walking,3,School too far away,_missing_,11,10,6,6,10, , , 
61,2,3,161012,Grade 10,Grade 1,1,Walking,4,School too far away,_missing_,6,5,2,6,10, , , 
61,2,3,161012,Grade 10,Grade 1,1,Walking,5,School too far away,_missing_,1,19,2,5,20, , , 
61,2,3,161014,Grade 10,Grade 1,1,Walking,3,School too far away,_missing_,7,6,14,5,50, , , 
61,2,3,161014,Grade 10,Grade 1,1,Walking,4,School too far away,_missing_,3,2,14,5,50, , , 
61,2,3,161016,Grade 2,Grade 1,1,Walking,3,School too far away,_missing_,8,7,1,3,10, , , 
61,2,3,161016,Grade 2,Grade 1,1,Walking,4,School too far away,_missing_,3,2,1,3,10, , , 
61,2,3,161016,Grade 2,Grade 1,1,Walking,5,School too far away,_missing_,2,1,1,3,10, , , 
61,2,3,161017,Grade 2,Grade 1,1,Walking,5,School too far away,_missing_,10,9,2,1,10, , , 
61,2,3,161017,Grade 2,Grade 1,1,Walking,6,School too far away,_missing_,6,5,2,1,10, , , 
61,2,3,161017,Grade 2,Grade 1,1,Walking,7,House keeping / Family business,_missing_, , , , , , ,6,2017
61,2,4,161018,Grade 1,Grade 1,1,Walking,2,School too far away,_missing_,3,2,2,3,10, , , 
61,2,4,161018,Grade 1,Grade 1,1,Walking,3,School too far away,_missing_,3,2,2,3,10, , , 
61,2,4,161018,Grade 6,Grade 1,1,Walking,3,School too far away,_missing_,8,7,2,2,20, , , 
61,2,4,161018,Grade 6,Grade 1,1,Walking,4,School too far away,_missing_,4,4,2,2,10, , , 
61,2,4,161018,Grade 6,Grade 1,1,Walking,5,School too far away,_missing_,2,1,2,2,10, , , 
61,2,4,161018,Grade 10,Grade 1,1,Walking,3,School too far away,_missing_,11,10,15,6,30, , , 
61,2,4,161018,Grade 10,Grade 1,1,Walking,4,School too far away,_missing_,5,4,2,3,10, , , 
61,2,3,161019,Grade 5,Grade 1,1,Walking,3,School too far away,_missing_,11,10,1,2,10, , , 
61,2,3,161019,Grade 5,Grade 1,1,Walking,4,School too far away,_missing_,8,7,1,2,10, , , 
61,2,3,161019,Grade 5,Grade 1,1,Walking,5,School too far away,_missing_,3,2,1,3,8, , , 
61,2,4,161020,Grade 1,Grade 1,1,Walking,3,House keeping / Family business,_missing_, , , , , , ,9,2018
61,2,4,161020,Grade 1,Grade 1,1,Walking,4,School too far away,_missing_,11,10,4,2,10, , , 
61,2,4,161020,Grade 1,Grade 1,1,Walking,5,School too far away,_missing_,4,3,4,2,10, , , 
61,2,4,161020,Grade 5,Grade 1,1,Walking,3,School too far away,_missing_,8,6,11,5,20, , , 
61,2,4,161022,Grade 1,Grade 1,1,Walking,4,School too far away,_missing_,9,8,12,5,40, , , 
61,2,4,161022,Grade 5,Grade 1,1,Walking,5,School too far away,_missing_,9,8,11,5,30, , , 
61,2,4,161022,Grade 5,Grade 1,1,Walking,6,School too far away,_missing_,6,5,11,5,30, , , 
61,2,5,161024,Grade 9,Grade 1,1,Walking,4,School too far away,_missing_,12,10,10,5,25, , , 
61,2,4,161025,Grade 3,Grade 1,1,Walking,5,School too far away,_missing_,10,8,2,6,15, , , 
61,2,4,161025,Grade 7,Grade 1,1,Walking,6,School too far away,_missing_,3,1,20,5,60, , , 
61,2,5,161026,Grade 2,Grade 1,1,Walking,3,School too far away,_missing_,13,12,3,3,10, , , 
61,2,5,161026,Grade 2,Grade 1,1,Walking,4,School too far away,_missing_,5,3,3,3,10, , , 
61,2,5,161028,Grade 4,Grade 1,1,Walking,3,School too far away,_missing_,4,3,1,3,5, , , 
61,2,5,161028,Grade 8,Grade 1,1,Walking,4,School too far away,_missing_,12,10,5,6,20, , , 
61,2,5,161028,Grade 8,Grade 1,1,Walking,5,School too far away,_missing_,5,4,2,3,10, , , 
61,2,5,161029,Grade 2,Grade 1,1,Walking,3,School too far away,_missing_,8,7,1,3,3, , , 
61,2,5,161029,Grade 6,Grade 1,1,Walking,3,School too far away,_missing_,13,13,1,9,5, , , 
61,2,5,161029,Grade 6,Grade 1,1,Walking,4,School too far away,_missing_,12,11,1,9,5, , , 
61,2,5,161029,Grade 10,Grade 1,1,Walking,2,School too far away,_missing_,10,9,0,3,2, , , 
61,2,5,161029,Grade 10,Grade 1,1,Walking,3,School too far away,_missing_,6,5,0,3,2, , , 
61,2,5,161031,Grade 1,Grade 1,1,Walking,3,School too far away,_missing_,2,1,8,6,30, , , 
61,2,5,161031,Grade 6,Grade 1,1,Walking,3,School too far away,_missing_,12,11,16,5,60, , , 
61,2,5,161033,Grade 1,Grade 1,1,Walking,3,School too far away,_missing_,2,1,2,1,15, , , 
61,2,5,161033,Grade 5,Grade 1,1,Walking,4,House keeping / Family business,_missing_, , , , , , ,3,2016
61,2,5,161033,Grade 10,Grade 1,1,Walking,5,School too far away,_missing_,1,19,3,3,10, , , 
61,2,6,161034,Grade 4,Grade 1,1,Walking,2,School too far away,_missing_,2,1,12,5,30, , , 
61,2,6,161035,Grade 6,Grade 1,1,Walking,2,School too far away,_missing_,1,19,1,3,5, , , 
61,2,6,161035,Grade 10,Grade 1,1,Walking,5,School too far away,_missing_,3,2,2,1,20, , , 
61,2,7,161036,Grade 9,Grade 1,1,Walking,3,School too far away,_missing_,9,8,3,1,30, , , 
61,2,6,161037,Grade 3,Grade 1,1,Walking,3,School too far away,_missing_,10,9,3,5,15, , , 
61,2,6,161037,Grade 3,Grade 1,1,Walking,4,School too far away,_missing_,4,2,3,5,15, , , 
61,2,6,161037,Grade 7,Grade 1,1,Walking,4,School too far away,_missing_,9,7,4,6,15, , , 
61,2,7,161038,Grade 2,Grade 1,1,Walking,3,School too far away,_missing_,13,12,4,6,15, , , 
61,2,7,161038,Grade 2,Grade 1,1,Walking,4,School too far away,_missing_,8,7,2,6,5, , , 
61,2,7,161038,Grade 6,Grade 1,1,Walking,2,School too far away,_missing_,10,9,2,6,10, , , 
61,2,7,161038,Grade 10,Grade 1,1,Walking,3,School too far away,_missing_,2,1,0,3,5, , , 
61,2,6,161039,Grade 5,Grade 1,1,Walking,3,School too far away,_missing_,7,6,15,5,20, , , 
61,2,6,161039,Grade 5,Grade 1,1,Walking,4,School too far away,_missing_,2,1,3,3,10, , , 
61,2,6,161039,Grade 9,Grade 1,1,Walking,3,School too far away,_missing_,10,9,2,1,15, , , 
61,2,6,161039,Grade 9,Grade 1,1,Walking,4,School too far away,_missing_,2,1,5,5,20, , , 
61,2,7,161041,Grade 4,Grade 1,1,Walking,3,School too far away,_missing_,5,4,2,3,10, , , 
61,2,7,161041,Grade 4,Grade 1,1,Walking,4,School too far away,_missing_,1,19,2,3,10, , , 
61,2,8,161042,Grade 3,Grade 1,1,Walking,3,School too far away,_missing_,5,4,0,2,5, , , 
61,2,7,161043,Grade 3,Grade 1,1,Walking,4,School too far away,_missing_,5,4,3,2,15, , , 
61,2,7,161043,Grade 3,Grade 1,1,Walking,5,School too far away,_missing_,4,3,3,2,15, , , 
61,2,7,161043,Grade 9,Grade 1,1,Walking,3,School too far away,_missing_,7,6,4,5,15, , , 
61,2,7,161043,Grade 9,Grade 1,1,Walking,4,School too far away,_missing_,4,3,3,5,10, , , 
61,2,8,161044,Grade 3,Grade 1,1,Walking,3,School too far away,_missing_,11,10,1,1,5, , , 
61,2,8,161044,Grade 3,Grade 1,1,Walking,4,School too far away,_missing_,8,7,1,1,5, , , 
61,2,8,161044,Grade 3,Grade 1,1,Walking,5,School too far away,_missing_,3,2,1,1,5, , , 
61,2,8,161044,Grade 3,Grade 1,1,Walking,6,School too far away,_missing_,10,9,1,1,5, , , 
61,2,7,161045,Grade 2,Grade 1,1,Walking,3,School too far away,_missing_,12,11,15,6,45, , , 
61,2,7,161045,Grade 2,Grade 1,1,Walking,4,School too far away,_missing_,6,5,0,3,15, , , 
61,2,8,161046,Grade 4,Grade 1,1,Walking,3,School too far away,_missing_,7,6,3,6,15, , , 
61,2,8,161046,Grade 4,Grade 1,1,Walking,4,School too far away,_missing_,5,4,3,6,15, , , 
61,2,8,161046,Grade 9,Grade 1,1,Walking,3,School too far away,_missing_,11,10,3,5,20, , , 
61,2,8,161046,Grade 9,Grade 1,1,Walking,4,School too far away,_missing_,4,3,2,5,15, , , 
61,2,8,161047,Grade 3,Grade 1,1,Walking,3,School too far away,_missing_,2,1,3,2,20, , , 
61,2,8,161047,Grade 8,Grade 1,1,Walking,5,School too far away,_missing_,6,5,3,3,10, , , 
61,2,1,161048,Grade 9,Grade 1,1,Walking,2,School too far away,_missing_,3,2,0,2,5, , , 
61,2,9,161049,Grade 7,Grade 1,1,Walking,3,School too far away,_missing_,13,11,3,3,10, , , 
61,2,9,161049,Grade 7,Grade 1,1,Walking,4,School too far away,_missing_,6,5,3,2,10, , , 
61,2,8,161050,Grade 6,Grade 1,1,Walking,6,School too far away,_missing_,11,10,3,6,20, , , 
61,2,8,161050,Grade 10,Grade 1,1,Walking,4,House keeping / Family business,_missing_, , , , , , ,6,2018
61,2,8,161050,Grade 10,Grade 1,1,Walking,5,School too far away,_missing_,8,7,1,3,10, , , 
61,2,1,161051,Grade 8,Grade 1,1,Walking,3,School too far away,_missing_,1,19,2,2,10, , , 
61,2,9,161052,Grade 2,Grade 1,1,Walking,4,School too far away,_missing_,3,2,6,5,15, , , 
61,2,9,161052,Grade 2,Grade 1,1,Walking,5,Financial problems,_missing_, , , , , ,7, , 
61,2,8,161053,Grade 1,Grade 1,1,Walking,4,School too far away,_missing_,12,11,5,6,15, , , 
61,2,8,161053,Grade 6,Grade 1,1,Walking,2,School too far away,_missing_,10,9,3,2,15, , , 
61,2,8,161053,Grade 6,Grade 1,1,Walking,3,School too far away,_missing_,7,6,3,2,15, , , 
61,2,8,161053,Grade 6,Grade 1,1,Walking,4,School too far away,_missing_,2,1,3,2,15, , , 
61,2,8,161053,Grade 10,Grade 1,1,Walking,4,House keeping / Family business,_missing_, , , , , , ,7,2019
61,2,8,161053,Grade 10,Grade 1,1,Walking,5,House keeping / Family business,_missing_, , , , , , ,7,2019
61,2,1,161054,Grade 4,Grade 1,1,Walking,3,School too far away,_missing_,12,11,12,6,30, , , 
61,2,1,161054,Grade 4,Grade 1,1,Walking,4,School too far away,_missing_,8,7,12,6,30, , , 
61,2,9,161055,Grade 3,Grade 1,1,Walking,2,School too far away,_missing_,7,6,10,6,30, , , 
61,2,9,161055,Grade 9,Grade 1,1,Walking,4,School too far away,_missing_,5,3,2,2,10, , , 
61,2,9,161055,Grade 9,Grade 1,1,Walking,5,Financial problems,_missing_, , , , , ,7, , 
61,2,9,161058,Grade 10,Grade 1,1,Walking,5,School too far away,_missing_,3,2,3,3,15, , , 
61,2,9,161058,Grade 10,Grade 1,1,Walking,6,Financial problems,_missing_, , , , , ,7, , 
61,2,2,161059,Grade 8,Grade 1,1,Walking,2,House keeping / Family business,_missing_, , , , , , ,6,2017
61,2,10,161060,Grade 3,Grade 1,1,Walking,3,School too far away,_missing_,2,1,2,5,5, , , 
61,2,9,161061,Grade 3,Grade 1,1,Walking,3,School too far away,_missing_,6,5,2,3,10, , , 
61,2,9,161061,Grade 3,Grade 1,1,Walking,4,School too far away,_missing_,1,19,2,3,10, , , 
61,2,9,161061,Grade 7,Grade 1,1,Walking,3,School too far away,_missing_,9,8,5,6,20, , , 
61,2,2,161062,Grade 2,Grade 1,1,Walking,4,School too far away,_missing_,13,12,4,6,20, , , 
61,2,2,161062,Grade 2,Grade 1,1,Walking,5,School too far away,_missing_,12,11,4,6,20, , , 
61,2,2,161062,Grade 6,Grade 1,1,Walking,3,School too far away,_missing_,12,11,9,5,30, , , 
61,2,10,161063,Grade 4,Grade 1,1,Walking,3,School too far away,_missing_,9,8,1,3,10, , , 
61,2,10,161063,Grade 4,Grade 1,1,Walking,4,School too far away,_missing_,7,6,1,3,10, , , 
61,2,10,161063,Grade 4,Grade 1,1,Walking,5,School too far away,_missing_,5,4,1,2,10, , , 
61,2,10,161063,Grade 9,Grade 1,1,Walking,3,School too far away,_missing_,1,19,3,3,20, , , 
61,2,10,161064,Grade 9,Grade 1,1,Walking,3,School too far away,_missing_,11,10,9,6,15, , , 
61,2,10,161064,Grade 9,Grade 1,1,Walking,4,School too far away,_missing_,6,3,9,6,15, , , 
61,2,10,161064,Grade 9,Grade 1,1,Walking,5,Financial problems,_missing_, , , , , ,7, , 
61,2,3,161065,Grade 4,Grade 1,1,Walking,3,House keeping / Family business,_missing_, , , , , , ,3,2018
61,2,3,161065,Grade 4,Grade 1,1,Walking,4,School too far away,_missing_,10,9,2,5,15, , , 
61,2,10,161066,Grade 5,Grade 1,1,Walking,2,House keeping / Family business,_missing_, , , , , , ,3,2017
61,2,10,161066,Grade 5,Grade 1,1,Walking,3,School too far away,_missing_,10,9,0,1,10, , , 
61,2,10,161066,Grade 5,Grade 1,1,Walking,4,School too far away,_missing_,6,5,0,1,10, , , 
61,2,10,161066,Grade 9,Grade 1,1,Walking,3,School too far away,_missing_,13,12,1,3,10, , , 
61,2,10,161066,Grade 9,Grade 1,1,Walking,4,School too far away,_missing_,7,5,1,3,10, , , 
61,2,3,161068,Grade 1,Grade 1,1,Walking,3,School too far away,_missing_,7,6,0,1,10, , , 
61,2,3,161068,Grade 1,Grade 1,1,Walking,4,School too far away,_missing_,3,2,0,1,10, , , 
61,2,3,161068,Grade 9,Grade 1,1,Walking,3,School too far away,_missing_,12,11,8,5,15, , , 
61,2,11,161069,Grade 5,Grade 1,1,Walking,3,School too far away,_missing_,9,8,7,6,30, , , 
61,2,11,161069,Grade 10,Grade 1,1,Walking,4,School too far away,_missing_,2,1,6,5,10, , , 
61,2,10,161070,Grade 8,Grade 1,1,Walking,2,School too far away,_missing_,13,12,2,3,10, , , 
61,2,10,161070,Grade 8,Grade 1,1,Walking,3,School too far away,_missing_,8,7,2,3,10, , , 
61,2,3,161071,Grade 6,Grade 1,1,Walking,3,School too far away,_missing_,2,1,1,6,15, , , 
61,2,3,161071,Grade 10,Grade 1,1,Walking,5,School too far away,_missing_,8,7,3,6,15, , , 
61,2,11,161072,Grade 9,Grade 1,1,Walking,2,School too far away,_missing_,8,7,4,6,15, , , 
61,2,11,161072,Grade 9,Grade 1,1,Walking,3,School too far away,_missing_,7,6,11,6,45, , , 
61,2,11,161072,Grade 9,Grade 1,1,Walking,4,School too far away,_missing_,4,3,11,6,45, , , 
61,2,4,161073,Grade 8,Grade 1,1,Walking,3,School too far away,_missing_,3,2,0,3,5, , , 
61,2,11,161074,Grade 3,Grade 1,1,Walking,4,School too far away,_missing_,12,11,8,6,15, , , 
61,2,11,161074,Grade 3,Grade 1,1,Walking,5,School too far away,_missing_,4,3,0,2,5, , , 
61,2,11,161074,Grade 7,Grade 1,1,Walking,5,School too far away,_missing_,10,9,1,3,3, , , 
61,2,11,161074,Grade 7,Grade 1,1,Walking,6,School too far away,_missing_,3,2,1,3,3, , , 
61,2,9,161075,Grade 1,Grade 1,1,Walking,3,School too far away,_missing_,9,8,1,1,5, , , 
61,2,9,161075,Grade 5,Grade 1,1,Walking,4,School too far away,_missing_,3,2,1,1,10, , , 
61,2,9,161075,Grade 9,Grade 1,1,Walking,3,House keeping / Family business,_missing_, , , , , , ,2,2018
61,2,9,161075,Grade 9,Grade 1,1,Walking,4,School too far away,_missing_,5,4,0,2,10, , , 
61,2,12,161076,Grade 4,Grade 1,1,Walking,4,School too far away,_missing_,10,8,55,5,90, , , 
61,2,12,161076,Grade 4,Grade 1,1,Walking,5,School too far away,_missing_,9,7,4,1,15, , , 
61,2,11,161077,Grade 1,Grade 1,1,Walking,5,School too far away,_missing_,1,19,2,3,10, , , 
61,2,11,161077,Grade 6,Grade 1,1,Walking,3,School too far away,_missing_,9,8,3,2,20, , , 
61,2,4,161078,Grade 6,Grade 1,1,Walking,3,School too far away,_missing_,12,11,3,2,10, , , 
61,2,4,161078,Grade 6,Grade 1,1,Walking,4,School too far away,_missing_,7,6,3,2,10, , , 
61,2,5,161081,Grade 6,Grade 1,1,Walking,4,School too far away,_missing_,10,9,1,1,15, , , 
61,2,5,161081,Grade 6,Grade 1,1,Walking,5,School too far away,_missing_,4,3,1,1,15, , , 
61,2,12,161082,Grade 10,Grade 1,1,Walking,3,School too far away,_missing_,10,8,0,2,15, , , 
61,2,12,161082,Grade 10,Grade 1,1,Walking,4,School too far away,_missing_,8,6,0,2,15, , , 
61,2,12,161082,Grade 10,Grade 1,1,Walking,5,School too far away,_missing_,5,3,0,2,15, , , 
61,2,5,161084,Grade 2,Grade 1,1,Walking,3,School too far away,_missing_,11,10,2,2,10, , , 
61,2,5,161084,Grade 2,Grade 1,1,Walking,4,School too far away,_missing_,8,7,2,2,10, , , 
61,2,5,161084,Grade 6,Grade 1,1,Walking,3,School too far away,_missing_,1,19,1,1,10, , , 
61,2,5,161084,Grade 10,Grade 1,1,Walking,5,School too far away,_missing_,8,7,1,2,5, , , 
61,2,5,161084,Grade 10,Grade 1,1,Walking,6,School too far away,_missing_,3,1,1,2,5, , , 
61,2,12,161085,Grade 4,Grade 1,1,Walking,3,School too far away,_missing_,13,12,0,1,10, , , 
61,2,12,161085,Grade 4,Grade 1,1,Walking,4,School too far away,_missing_,11,9,0,1,10, , , 
61,2,12,161085,Grade 8,Grade 1,1,Walking,4,School too far away,_missing_,13,11,1,1,10, , , 
61,2,12,161085,Grade 8,Grade 1,1,Walking,5,School too far away,_missing_,10,8,1,1,10, , , 
61,2,5,161086,Grade 7,Grade 1,1,Walking,4,School too far away,_missing_,1,19,3,3,15, , , 
61,2,12,161087,Grade 6,Grade 1,1,Walking,3,School too far away,_missing_,7,6,1,6,15, , , 
61,2,12,161087,Grade 10,Grade 1,1,Walking,5,School too far away,_missing_,8,7,2,3,15, , , 
61,2,12,161087,Grade 10,Grade 1,1,Walking,6,School too far away,_missing_,5,4,2,3,15, , , 
61,2,12,161087,Grade 10,Grade 1,1,Walking,7,Financial problems,_missing_, , , , , ,7, , 
61,2,6,161088,Grade 4,Grade 1,1,Walking,3,School too far away,_missing_,6,4,3,3,10, , , 
61,2,6,161088,Grade 4,Grade 1,1,Walking,4,School too far away,_missing_,3,1,3,3,10, , , 
61,2,6,161089,Grade 6,Grade 1,1,Walking,3,School too far away,_missing_,9,8,2,3,10, , , 
61,2,6,161089,Grade 6,Grade 1,1,Walking,4,School too far away,_missing_,2,1,2,3,10, , , 
61,2,6,161089,Grade 10,Grade 1,1,Walking,3,House keeping / Family business,_missing_, , , , , , ,6,2017
61,2,1,161090,Grade 4,Grade 1,1,Walking,3,House keeping / Family business,_missing_, , , , , , ,9,2016
61,2,1,161090,Grade 4,Grade 1,1,Walking,4,School too far away,_missing_,9,8,6,3,20, , , 
61,2,6,161091,Grade 3,Grade 1,1,Walking,3,House keeping / Family business,_missing_, , , , , , ,9,2018
61,2,6,161091,Grade 3,Grade 1,1,Walking,4,School too far away,_missing_,8,7,4,6,20, , , 
61,2,6,161091,Grade 8,Grade 1,1,Walking,4,School too far away,_missing_,2,1,3,3,10, , , 
61,2,7,161093,Grade 2,Grade 1,1,Walking,4,School too far away,_missing_,5,4,20,6,30, , , 
61,2,7,161093,Grade 8,Grade 1,1,Walking,4,School too far away,_missing_,4,3,1,6,10, , , 
61,2,1,161096,Grade 3,Grade 1,1,Walking,3,School too far away,_missing_,11,9,3,1,60, , , 
61,2,1,161096,Grade 3,Grade 1,1,Walking,4,School too far away,_missing_,7,5,12,6,60, , , 
61,2,1,161096,Grade 3,Grade 1,1,Walking,5,School too far away,_missing_,4,2,1,1,15, , , 
61,2,1,161096,Grade 8,Grade 1,1,Walking,3,House keeping / Family business,_missing_, , , , , , ,6,2015
61,2,1,161096,Grade 8,Grade 1,1,Walking,4,School too far away,_missing_,5,4,0,3,2, , , 
61,2,7,161097,Grade 2,Grade 1,1,Walking,5,School too far away,_missing_,1,19,5,3,15, , , 
61,2,7,161097,Grade 7,Grade 1,1,Walking,3,School too far away,_missing_,2,1,2,5,15, , , 
61,2,7,161097,Grade 7,Grade 1,1,Walking,4,School too far away,_missing_,9,7,2,5,15, , , 
61,2,2,161098,Grade 1,Grade 1,1,Walking,3,School too far away,_missing_,13,12,20,6,70, , , 
61,2,2,161098,Grade 6,Grade 1,1,Walking,2,School too far away,_missing_,3,2,2,1,40, , , 
61,2,7,161099,Grade 6,Grade 1,1,Walking,5,School too far away,_missing_,11,10,20,5,60, , , 
61,2,7,161099,Grade 6,Grade 1,1,Walking,6,School too far away,_missing_,10,9,20,5,60, , , 
61,2,2,161100,Grade 4,Grade 1,1,Walking,3,School too far away,_missing_,11,9,0,6,10, , , 
61,2,2,161100,Grade 4,Grade 1,1,Walking,4,School too far away,_missing_,8,6,5,6,20, , , 
61,2,2,161100,Grade 4,Grade 1,1,Walking,5,School too far away,_missing_,5,3,2,6,15, , , 
61,2,8,161101,Grade 1,Grade 1,1,Walking,3,School too far away,_missing_,1,19,3,5,5, , , 
61,2,8,161101,Grade 5,Grade 1,1,Walking,3,School too far away,_missing_,10,9,3,3,10, , , 
61,2,8,161101,Grade 5,Grade 1,1,Walking,4,School too far away,_missing_,3,2,3,3,10, , , 
61,2,2,161102,Grade 7,Grade 1,1,Walking,3,School too far away,_missing_,12,11,20,6,30, , , 
61,2,3,161104,Grade 3,Grade 1,1,Walking,5,School too far away,_missing_,12,11,12,6,30, , , 
61,2,3,161104,Grade 3,Grade 1,1,Walking,6,School too far away,_missing_,10,9,12,6,30, , , 
61,2,3,161104,Grade 3,Grade 1,1,Walking,7,School too far away,_missing_,5,4,3,3,10, , , 
61,2,8,161105,Grade 1,Grade 1,1,Walking,5,School too far away,_missing_,13,12,14,6,45, , , 
61,2,3,161106,Grade 5,Grade 1,1,Walking,4,School too far away,_missing_,12,11,1,1,5, , , 
61,2,3,161108,Grade 1,Grade 1,1,Walking,5,Financial problems,_missing_, , , , , ,7, , 
61,2,3,161108,Grade 9,Grade 1,1,Walking,2,School too far away,_missing_,13,12,0,1,10, , , 
61,2,3,161108,Grade 9,Grade 1,1,Walking,4,House keeping / Family business,_missing_, , , , , , ,6,2013
61,2,9,161109,Grade 3,Grade 1,1,Walking,4,School too far away,_missing_,10,9,6,6,40, , , 
61,2,4,161110,Grade 1,Grade 1,1,Walking,3,School too far away,_missing_,9,8,12,5,30, , , 
61,2,4,161110,Grade 1,Grade 1,1,Walking,4,School too far away,_missing_,7,6,13,5,30, , , 
61,2,4,161110,Grade 6,Grade 1,1,Walking,5,School too far away,_missing_,13,12,1,1,20, , , 
61,2,4,161110,Grade 10,Grade 1,1,Walking,3,School too far away,_missing_,2,1,0,1,5, , , 
61,2,4,161112,Grade 1,Grade 1,1,Walking,4,School too far away,_missing_,6,5,9,5,50, , , 
61,2,4,161112,Grade 1,Grade 1,1,Walking,5,School too far away,_missing_,2,1,9,5,50, , , 
61,2,10,161113,Grade 3,Grade 1,1,Walking,4,House keeping / Family business,_missing_, , , , , , ,6,2017
61,2,4,161114,Grade 2,Grade 1,1,Walking,4,School too far away,_missing_,2,1,1,3,10, , , 
61,2,4,161114,Grade 7,Grade 1,1,Walking,3,School too far away,_missing_,11,10,2,6,15, , , 
61,2,4,161114,Grade 7,Grade 1,1,Walking,4,School too far away,_missing_,9,8,2,6,15, , , 
61,1,10,161115,Grade 4,Grade 1,1,Walking,6,School too far away,_missing_,3,2,25,6,50, , , 
61,2,5,161116,Grade 5,Grade 1,1,Walking,3,School too far away,_missing_,11,10,20,5,40, , , 
61,2,5,161116,Grade 10,Grade 1,1,Walking,3,School too far away,_missing_,8,7,2,6,10, , , 
61,2,5,161118,Grade 2,Grade 1,1,Walking,3,School too far away,_missing_,7,6,1,3,10, , , 
61,2,11,161119,Grade 2,Grade 1,1,Walking,4,School too far away,_missing_,4,3,1,1,5, , , 
61,2,5,161120,Grade 10,Grade 1,1,Walking,4,School too far away,_missing_,5,4,1,1,20, , , 
61,2,6,161122,Grade 1,Grade 1,1,Walking,3,School too far away,_missing_,6,5,4,5,30, , , 
61,2,6,161122,Grade 1,Grade 1,1,Walking,4,Financial problems,_missing_, , , , , ,7, , 
61,2,11,161123,Grade 3,Grade 1,1,Walking,3,School too far away,_missing_,11,10,3,3,10, , , 
61,2,6,161124,Grade 8,Grade 1,1,Walking,5,School too far away,_missing_,2,1,2,3,5, , , 
61,2,6,161126,Grade 1,Grade 1,1,Walking,3,School too far away,_missing_,12,11,1,6,10, , , 
61,2,6,161126,Grade 5,Grade 1,1,Walking,3,House keeping / Family business,_missing_, , , , , , ,6,2017
61,2,6,161126,Grade 5,Grade 1,1,Walking,4,School too far away,_missing_,8,7,1,6,10, , , 
61,2,12,161127,Grade 1,Grade 1,1,Walking,3,School too far away,_missing_,7,5,2,3,10, , , 
61,2,12,161127,Grade 1,Grade 1,1,Walking,4,School too far away,_missing_,3,1,2,3,10, , , 
61,2,12,161127,Grade 9,Grade 1,1,Walking,3,School too far away,_missing_,9,7,2,6,15, , , 
61,2,7,161128,Grade 3,Grade 1,1,Walking,4,School too far away,_missing_,11,10,5,3,25, , , 
61,2,7,161128,Grade 3,Grade 1,1,Walking,5,School too far away,_missing_,6,5,5,3,25, , , 
61,2,7,161130,Grade 2,Grade 1,1,Walking,3,School too far away,_missing_,4,2,4,3,10, , , 
61,2,7,161130,Grade 2,Grade 1,1,Walking,4,School too far away,_missing_,1,19,4,3,10, , , 
61,2,7,161130,Grade 7,Grade 1,1,Walking,3,School too far away,_missing_,10,8,4,6,20, , , 
61,2,7,161130,Grade 7,Grade 1,1,Walking,4,School too far away,_missing_,5,3,4,6,20, , , 
61,2,7,161130,Grade 7,Grade 1,1,Walking,5,School too far away,_missing_,3,1,4,6,20, , , 
61,2,7,161131,Grade 10,Grade 1,1,Walking,3,House keeping / Family business,_missing_, , , , , , ,9,2017
61,2,9,161135,Grade 4,Grade 1,1,Walking,3,School too far away,_missing_,12,11,25,9,35, , , 
61,2,9,161135,Grade 9,Grade 1,1,Walking,3,School too far away,_missing_,11,10,20,5,100, , , 
61,2,9,161135,Grade 9,Grade 1,1,Walking,4,School too far away,_missing_,7,6,20,5,100, , , 
61,2,9,161135,Grade 9,Grade 1,1,Walking,5,Financial problems,_missing_, , , , , ,7, , 
61,2,9,161136,Grade 3,Grade 1,1,Walking,5,School too far away,_missing_,4,3,0,2,5, , , 
61,2,9,161136,Grade 3,Grade 1,1,Walking,6,School too far away,_missing_,2,1,0,2,5, , , 
61,2,9,161137,Grade 2,Grade 1,1,Walking,5,School too far away,_missing_,12,10,15,6,40, , , 
61,2,9,161137,Grade 6,Grade 1,1,Walking,4,School too far away,_missing_,5,4,0,1,8, , , 
61,2,9,161137,Grade 6,Grade 1,1,Walking,5,School too far away,_missing_,1,19,0,1,8, , , 
61,2,10,161138,Grade 5,Grade 1,1,Walking,3,School too far away,_missing_,12,11,3,3,10, , , 
61,2,10,161138,Grade 5,Grade 1,1,Walking,4,School too far away,_missing_,12,11,3,3,10, , , 
61,2,10,161138,Grade 5,Grade 1,1,Walking,5,School too far away,_missing_,7,6,3,3,10, , , 
61,2,10,161139,Grade 7,Grade 1,1,Walking,3,School too far away,_missing_,10,9,0,1,10, , , 
61,2,10,161139,Grade 7,Grade 1,1,Walking,4,School too far away,_missing_,8,7,0,1,10, , , 
61,2,10,161140,Grade 5,Grade 1,1,Walking,3,House keeping / Family business,_missing_, , , , , , ,8,2019
61,2,10,161140,Grade 9,Grade 1,1,Walking,3,House keeping / Family business,_missing_, , , , , , ,6,2018
61,2,10,161140,Grade 9,Grade 1,1,Walking,4,School too far away,_missing_,8,7,3,5,30, , , 
61,2,10,161140,Grade 9,Grade 1,1,Walking,5,School too far away,_missing_,6,5,3,5,30, , , 
61,2,11,161141,Grade 3,Grade 1,1,Walking,5,School too far away,_missing_,13,12,15,3,60, , , 
61,2,11,161141,Grade 3,Grade 1,1,Walking,6,School too far away,_missing_,8,7,3,3,30, , , 
61,2,11,161143,Grade 1,Grade 1,1,Walking,3,House keeping / Family business,_missing_, , , , , , ,2,2017
61,2,11,161143,Grade 1,Grade 1,1,Walking,4,House keeping / Family business,_missing_, , , , , , ,2,2019
61,2,11,161143,Grade 1,Grade 1,1,Walking,5,School too far away,_missing_,7,6,1,1,20, , , 
61,2,11,161143,Grade 7,Grade 1,1,Walking,4,School too far away,_missing_,5,4,1,3,10, , , 
61,2,11,161143,Grade 7,Grade 1,1,Walking,5,School too far away,_missing_,3,2,1,3,10, , , 
61,2,12,161144,Grade 1,Grade 1,1,Walking,5,School too far away,_missing_,11,10,20,6,45, , , 
61,2,12,161144,Grade 1,Grade 1,1,Walking,6,School too far away,_missing_,8,6,20,6,45, , , 
61,2,12,161145,Grade 3,Grade 1,1,Walking,3,School too far away,_missing_,4,2,6,3,10, , , 
61,2,12,161145,Grade 7,Grade 1,1,Walking,3,School too far away,_missing_,7,5,5,3,30, , , 
61,2,12,161145,Grade 7,Grade 1,1,Walking,4,School too far away,_missing_,3,1,5,3,30, , , 
62,2,1,162001,Grade 3,Grade 1,1,Walking,3,House keeping / Family business,_missing_, , , , , , ,6,2016
62,2,1,162001,Grade 3,Grade 1,1,Walking,4,House keeping / Family business,_missing_, , , , , , ,6,2018
62,2,1,162001,Grade 3,Grade 1,1,Walking,5,School too far away,_missing_,10,9,0,1,5, , , 
62,2,1,162001,Grade 7,Grade 1,1,Walking,5,School too far away,_missing_,4,3,4,3,15, , , 
62,2,1,162001,Grade 7,Grade 1,1,Walking,6,School too far away,_missing_,2,1,4,3,15, , , 
62,2,2,162002,Grade 2,Grade 1,1,Walking,2,House keeping / Family business,_missing_, , , , , , ,99,2019
62,2,1,162003,Grade 1,Grade 1,1,Walking,3,School too far away,_missing_,11,10,4,3,10, , , 
62,2,1,162003,Grade 1,Grade 1,1,Walking,4,School too far away,_missing_,6,5,1,3,10, , , 
62,2,2,162005,Grade 2,Grade 1,1,Walking,3,House keeping / Family business,_missing_, , , , , , ,6,2016
62,2,2,162005,Grade 2,Grade 1,1,Walking,4,School too far away,_missing_,11,10,2,2,10, , , 
62,2,2,162005,Grade 6,Grade 1,1,Walking,3,School too far away,_missing_,6,5,1,1,20, , , 
62,2,2,162005,Grade 6,Grade 1,1,Walking,4,School too far away,_missing_,4,3,1,1,20, , , 
62,2,2,162005,Grade 10,Grade 1,1,Walking,3,School too far away,_missing_,1,19,1,2,15, , , 
62,2,4,162006,Grade 8,Grade 1,1,Walking,4,School too far away,_missing_,13,12,0,1,10, , , 
62,2,4,162006,Grade 8,Grade 1,1,Walking,5,School too far away,_missing_,10,9,0,1,10, , , 
62,2,3,162007,Grade 2,Grade 1,1,Walking,3,School too far away,_missing_,8,7,3,3,30, , , 
62,2,3,162007,Grade 2,Grade 1,1,Walking,4,School too far away,_missing_,5,4,3,3,30, , , 
62,2,3,162007,Grade 6,Grade 1,1,Walking,3,School too far away,_missing_,2,1,4,3,30, , , 
62,2,3,162007,Grade 6,Grade 1,1,Walking,4,School too far away,_missing_,1,19,4,3,30, , , 
62,2,4,162008,Grade 4,Grade 1,1,Walking,5,School too far away,_missing_,9,8,0,5,30, , , 
62,2,3,162009,Grade 3,Grade 1,1,Walking,3,School too far away,_missing_,10,9,4,2,15, , , 
62,2,3,162009,Grade 8,Grade 1,1,Walking,4,House keeping / Family business,_missing_, , , , , , ,9,2015
62,2,4,162011,Grade 6,Grade 1,1,Walking,3,School too far away,_missing_,1,19,0,2,5, , , 
62,2,5,162012,Grade 1,Grade 1,1,Walking,3,School too far away,_missing_,11,10,1,3,10, , , 
62,2,5,162012,Grade 1,Grade 1,1,Walking,4,School too far away,_missing_,5,4,1,3,10, , , 
62,2,5,162013,Grade 2,Grade 1,1,Walking,4,House keeping / Family business,_missing_, , , , , , ,6,2015
62,2,5,162013,Grade 2,Grade 1,1,Walking,5,School too far away,_missing_,8,7,2,1,30, , , 
62,2,5,162013,Grade 2,Grade 1,1,Walking,6,School too far away,_missing_,6,5,2,1,30, , , 
62,2,5,162013,Grade 6,Grade 1,1,Walking,4,House keeping / Family business,_missing_, , , , , , ,9,2004
62,2,5,162013,Grade 6,Grade 1,1,Walking,5,School too far away,_missing_,12,11,1,1,30, , , 
62,2,5,162013,Grade 6,Grade 1,1,Walking,6,School too far away,_missing_,9,8,1,1,30, , , 
62,2,5,162013,Grade 6,Grade 1,1,Walking,7,School too far away,_missing_,7,6,1,1,30, , , 
62,2,5,162013,Grade 10,Grade 1,1,Walking,3,School too far away,_missing_,3,2,1,1,15, , , 
62,2,6,162014,Grade 4,Grade 1,1,Walking,4,School too far away,_missing_,8,7,1,3,10, , , 
62,2,7,162016,Grade 2,Grade 1,1,Walking,2,House keeping / Family business,_missing_, , , , , , ,2,2019
62,2,7,162016,Grade 2,Grade 1,1,Walking,3,School too far away,_missing_,8,7,0,1,15, , , 
62,2,7,162016,Grade 6,Grade 1,1,Walking,3,School too far away,_missing_,6,5,0,1,10, , , 
62,2,7,162016,Grade 6,Grade 1,1,Walking,4,School too far away,_missing_,5,4,0,1,15, , , 
62,2,7,162016,Grade 6,Grade 1,1,Walking,5,School too far away,_missing_,3,2,0,1,15, , , 
62,2,7,162016,Grade 6,Grade 1,1,Walking,6,School too far away,_missing_,1,19,0,1,15, , , 
62,2,7,162016,Grade 10,Grade 1,1,Walking,3,School too far away,_missing_,6,6,3,3,30, , , 
62,2,7,162016,Grade 10,Grade 1,1,Walking,4,School too far away,_missing_,1,19,3,3,30, , , 
62,2,7,162018,Grade 6,Grade 1,1,Walking,4,School too far away,_missing_,12,11,1,3,10, , , 
62,2,6,162019,Grade 1,Grade 1,1,Walking,3,School too far away,_missing_,11,10,1,2,10, , , 
62,2,6,162019,Grade 1,Grade 1,1,Walking,4,School too far away,_missing_,10,9,1,2,10, , , 
62,2,6,162019,Grade 1,Grade 1,1,Walking,5,School too far away,_missing_,4,3,1,2,10, , , 
62,2,6,162019,Grade 1,Grade 1,1,Walking,6,School too far away,_missing_,4,3,1,2,10, , , 
62,1,8,162020,Grade 3,Grade 1,1,Walking,4,School too far away,_missing_,8,7,0,2,5, , , 
62,2,9,162022,Grade 3,Grade 1,1,Walking,3,House keeping / Family business,_missing_, , , , , , ,6,2016
62,2,9,162022,Grade 7,Grade 1,1,Walking,3,House keeping / Family business,_missing_, , , , , , ,6,2017
62,2,9,162022,Grade 7,Grade 1,1,Walking,4,School too far away,_missing_,7,6,7,3,10, , , 
62,2,9,162022,Grade 7,Grade 1,1,Walking,5,Financial problems,_missing_, , , , , ,7, , 
62,1,8,162023,Grade 10,Grade 1,1,Walking,6,School too far away,_missing_,11,10,2,3,10, , , 
62,2,9,162024,Grade 2,Grade 1,1,Walking,3,House keeping / Family business,_missing_, , , , , , ,8,2019
62,2,9,162024,Grade 2,Grade 1,1,Walking,4,School too far away,_missing_,9,8,12,5,30, , , 
62,2,9,162024,Grade 10,Grade 1,1,Walking,3,School too far away,_missing_,6,5,1,3,5, , , 
62,2,8,162025,Grade 4,Grade 1,1,Walking,3,School too far away,_missing_,12,11,2,6,15, , , 
62,2,8,162025,Grade 4,Grade 1,1,Walking,4,School too far away,_missing_,7,6,2,6,15, , , 
62,2,8,162025,Grade 8,Grade 1,1,Walking,4,School too far away,_missing_,5,4,2,3,10, , , 
62,2,11,162028,Grade 1,Grade 1,1,Walking,4,School too far away,_missing_,5,4,0,1,10, , , 
62,2,11,162028,Grade 6,Grade 1,1,Walking,2,House keeping / Family business,_missing_, , , , , , ,6,2013
62,2,10,162029,Grade 6,Grade 1,1,Walking,2,School too far away,_missing_,5,4,1,3,5, , , 
62,2,10,162029,Grade 6,Grade 1,1,Walking,3,School too far away,_missing_,2,1,1,3,5, , , 
62,2,10,162029,Grade 6,Grade 1,1,Walking,4,Financial problems,_missing_, , , , , ,7, , 
62,2,11,162030,Grade 1,Grade 1,1,Walking,3,School too far away,_missing_,3,2,0,1,10, , , 
62,2,10,162031,Grade 6,Grade 1,1,Walking,3,School too far away,_missing_,12,11,15,6,30, , , 
62,2,12,162032,Grade 2,Grade 1,1,Walking,3,School too far away,_missing_,11,10,25,5,60, , , 
62,2,12,162032,Grade 2,Grade 1,1,Walking,4,School too far away,_missing_,8,7,25,5,60, , , 
62,2,12,162032,Grade 6,Grade 1,1,Walking,3,Financial problems,_missing_, , , , , ,7, , 
62,2,12,162034,Grade 2,Grade 1,1,Walking,3,School too far away,_missing_,13,12,3,2,10, , , 
62,2,12,162034,Grade 2,Grade 1,1,Walking,4,School too far away,_missing_,10,9,3,6,20, , , 
62,2,11,162035,Grade 2,Grade 1,1,Walking,3,School too far away,_missing_,11,10,3,2,15, , , 
62,2,11,162035,Grade 6,Grade 1,1,Walking,3,School too far away,_missing_,6,5,10,5,35, , , 
62,2,11,162035,Grade 6,Grade 1,1,Walking,4,School too far away,_missing_,1,19,10,5,35, , , 
62,2,1,162037,Grade 1,Grade 1,1,Walking,3,School too far away,_missing_,8,7,20,2,40, , , 
62,2,1,162037,Grade 1,Grade 1,1,Walking,4,School too far away,_missing_,2,1,20,2,40, , , 
62,2,1,162037,Grade 1,Grade 1,1,Walking,8,House keeping / Family business,_missing_, , , , , , ,7, 
62,2,1,162037,Grade 9,Grade 1,1,Walking,3,House keeping / Family business,_missing_, , , , , , ,6,2017
62,2,1,162037,Grade 9,Grade 1,1,Walking,4,School too far away,_missing_,8,7,0,1,5, , , 
62,2,2,162038,Grade 9,Grade 1,1,Walking,3,House keeping / Family business,_missing_, , , , , , ,6,2016
62,2,2,162038,Grade 9,Grade 1,1,Walking,4,House keeping / Family business,_missing_, , , , , , ,6,2018
62,2,2,162039,Grade 3,Grade 1,1,Walking,3,School too far away,_missing_,11,10,0,2,10, , , 
62,2,3,162040,Grade 3,Grade 1,1,Walking,3,House keeping / Family business,_missing_, , , , , , ,6,2014
62,2,3,162040,Grade 3,Grade 1,1,Walking,4,School too far away,_missing_,12,11,3,6,15, , , 
62,2,4,162041,Grade 2,Grade 1,1,Walking,7,House keeping / Family business,_missing_, , , , , , ,5,2013
62,2,5,162043,Grade 7,Grade 1,1,Walking,4,School too far away,_missing_,5,4,1,1,10, , , 
62,2,6,162044,Grade 2,Grade 1,1,Walking,3,House keeping / Family business,_missing_, , , , , , ,6,2017
62,2,6,162044,Grade 6,Grade 1,1,Walking,3,House keeping / Family business,_missing_, , , , , , ,6,2018
62,2,6,162044,Grade 6,Grade 1,1,Walking,4,School too far away,_missing_,7,6,3,2,15, , , 
62,2,7,162046,Grade 2,Grade 1,1,Walking,5,School too far away,_missing_,4,3,8,5,15, , , 
62,2,7,162046,Grade 10,Grade 1,1,Walking,4,House keeping / Family business,_missing_, , , , , , ,9,2018
62,2,7,162046,Grade 10,Grade 1,1,Walking,5,Financial problems,_missing_, , , , , ,7, , 
62,2,9,162049,Grade 1,Grade 1,1,Walking,3,School too far away,_missing_,6,5,4,3,20, , , 
62,2,10,162050,Grade 2,Grade 1,1,Walking,3,School too far away,_missing_,2,1,4,2,30, , , 
62,2,10,162050,Grade 8,Grade 1,1,Walking,3,School too far away,_missing_,4,3,1,3,5, , , 
62,2,10,162050,Grade 8,Grade 1,1,Walking,4,School too far away,_missing_,2,1,1,3,5, , , 
62,2,10,162051,Grade 2,Grade 1,1,Walking,2,School too far away,_missing_,4,3,7,3,25, , , 
62,1,11,162052,Grade 4,Grade 1,1,Walking,4,School too far away,_missing_,12,11,1,3,10, , , 
62,1,11,162052,Grade 4,Grade 1,1,Walking,5,School too far away,_missing_,9,8,1,3,10, , , 
62,2,1,162053,Grade 7,Grade 1,1,Walking,3,School too far away,_missing_,7,6,1,2,15, , , 
62,2,1,162053,Grade 7,Grade 1,1,Walking,4,School too far away,_missing_,1,19,1,3,10, , , 
62,2,12,162054,Grade 3,Grade 1,1,Walking,3,School too far away,_missing_,7,6,3,6,10, , , 
62,2,12,162054,Grade 3,Grade 1,1,Walking,4,School too far away,_missing_,2,1,3,6,10, , , 
62,2,1,162055,Grade 7,Grade 1,1,Walking,3,School too far away,_missing_,13,12,6,6,15, , , 
62,2,2,162057,Grade 4,Grade 1,1,Walking,3,School too far away,_missing_,12,11,0,1,10, , , 
62,2,2,162057,Grade 4,Grade 1,1,Walking,4,School too far away,_missing_,7,6,11,1,10, , , 
62,2,2,162057,Grade 10,Grade 1,1,Walking,5,School too far away,_missing_,1,19,4,3,15, , , 
62,2,2,162058,Grade 9,Grade 1,1,Walking,3,School too far away,_missing_,6,5,4,3,15, , , 
62,2,2,162058,Grade 9,Grade 1,1,Walking,4,School too far away,_missing_,2,1,2,3,10, , , 
62,1,3,162059,Grade 5,Grade 1,1,Walking,2,School too far away,_missing_,8,7,5,3,20, , , 
62,2,4,162060,Grade 4,Grade 1,1,Walking,4,School too far away,_missing_,3,2,6,6,35, , , 
62,2,4,162060,Grade 10,Grade 1,1,Walking,3,Financial problems,_missing_, , , , , ,9, , 
62,2,4,162061,Grade 7,Grade 1,1,Walking,4,School too far away,_missing_,12,11,1,3,10, , , 
62,2,4,162061,Grade 7,Grade 1,1,Walking,5,School too far away,_missing_,8,7,6,5,30, , , 
62,2,5,162062,Grade 1,Grade 1,1,Walking,3,School too far away,_missing_,4,3,7,3,30, , , 
62,2,5,162062,Grade 1,Grade 1,1,Walking,4,School too far away,_missing_,3,2,7,3,30, , , 
62,2,5,162062,Grade 5,Grade 1,1,Walking,3,School too far away,_missing_,3,2,2,3,10, , , 
62,2,5,162062,Grade 5,Grade 1,1,Walking,4,School too far away,_missing_,1,19,2,3,10, , , 
62,2,6,162063,Grade 4,Grade 1,1,Walking,3,School too far away,_missing_,7,6,1,2,10, , , 
62,2,6,162063,Grade 4,Grade 1,1,Walking,4,School too far away,_missing_,2,1,1,2,10, , , 
62,2,6,162063,Grade 8,Grade 1,1,Walking,5,House keeping / Family business,_missing_, , , , , , ,9,2016
62,2,6,162063,Grade 8,Grade 1,1,Walking,6,House keeping / Family business,_missing_, , , , , , ,6,2017
62,2,6,162063,Grade 8,Grade 1,1,Walking,7,School too far away,_missing_,2,1,0,1,20, , , 
62,2,6,162064,Grade 3,Grade 1,1,Walking,3,School too far away,_missing_,8,7,3,5,35, , , 
62,2,6,162064,Grade 3,Grade 1,1,Walking,4,Financial problems,_missing_, , , , , ,7, , 
62,2,6,162064,Grade 10,Grade 1,1,Walking,2,House keeping / Family business,_missing_, , , , , , ,2,2018
62,2,7,162065,Grade 4,Grade 1,1,Walking,4,School too far away,_missing_,2,1,2,3,25, , , 
62,2,7,162065,Grade 8,Grade 1,1,Walking,3,School too far away,_missing_,10,9,20,6,45, , , 
62,2,7,162065,Grade 8,Grade 1,1,Walking,4,School too far away,_missing_,8,7,20,6,45, , , 
62,2,8,162066,Grade 2,Grade 1,1,Walking,4,House keeping / Family business,_missing_, , , , , , ,6,2011
62,2,8,162066,Grade 2,Grade 1,1,Walking,5,School too far away,_missing_,9,8,0,1,30, , , 
62,2,8,162066,Grade 2,Grade 1,1,Walking,6,School too far away,_missing_,7,6,0,1,30, , , 
62,2,8,162067,Grade 6,Grade 1,1,Walking,4,School too far away,_missing_,10,9,1,3,10, , , 
62,2,8,162067,Grade 6,Grade 1,1,Walking,5,School too far away,_missing_,4,3,3,3,15, , , 
62,2,8,162067,Grade 6,Grade 1,1,Walking,6,School too far away,_missing_,7,6,1,3,10, , , 
62,2,9,162068,Grade 9,Grade 1,1,Walking,2,School too far away,_missing_,11,10,3,2,15, , , 
62,2,9,162068,Grade 9,Grade 1,1,Walking,3,School too far away,_missing_,8,7,3,2,15, , , 
62,2,11,162072,Grade 5,Grade 1,1,Walking,3,School too far away,_missing_,3,2,0,3,15, , , 
62,2,11,162072,Grade 10,Grade 1,1,Walking,2,School too far away,_missing_,4,3,2,3,10, , , 
62,2,12,162073,Grade 4,Grade 1,1,Walking,2,House keeping / Family business,_missing_, , , , , , ,99,2016
62,2,12,162073,Grade 9,Grade 1,1,Walking,5,School too far away,_missing_,5,4,12,6,30, , , 
71,2,1,171001,Grade 2,Grade 1,1,Walking,3,School too far away,_missing_,10,9,7,5,20, , , 
71,2,1,171001,Grade 2,Grade 1,1,Walking,4,School too far away,_missing_,8,7,7,2,20, , , 
71,2,2,171002,Grade 1,Grade 1,1,Walking,3,School too far away,_missing_,13,12,31,6,40, , , 
71,2,2,171002,Grade 1,Grade 1,1,Walking,4,School too far away,_missing_,6,5,31,6,40, , , 
71,2,2,171004,Grade 3,Grade 1,1,Walking,3,School too far away,_missing_,12,11,4,2,30, , , 
71,2,2,171004,Grade 3,Grade 1,1,Walking,4,School too far away,_missing_,9,8,4,2,30, , , 
71,2,2,171004,Grade 3,Grade 1,1,Walking,5,School too far away,_missing_,3,2,1,3,5, , , 
71,2,1,171005,Grade 7,Grade 1,1,Walking,4,School too far away,_missing_,9,8,25,6,45, , , 
71,2,1,171005,Grade 7,Grade 1,1,Walking,5,School too far away,_missing_,4,3,5,2,10, , , 
71,1,2,171007,Grade 4,Grade 1,1,Walking,5,House keeping / Family business,_missing_, , , , , , ,7, 
71,2,2,171009,Grade 4,Grade 1,1,Walking,2,House keeping / Family business,_missing_, , , , , , ,7,2018
71,2,2,171009,Grade 10,Grade 1,1,Walking,2,House keeping / Family business,_missing_, , , , , , ,6,2016
71,2,4,171010,Grade 4,Grade 1,1,Walking,3,School too far away,_missing_,12,11,1,3,10, , , 
71,2,4,171010,Grade 4,Grade 1,1,Walking,4,School too far away,_missing_,9,8,1,3,10, , , 
71,2,4,171010,Grade 4,Grade 1,1,Walking,5,School too far away,_missing_,1,19,1,3,10, , , 
71,2,4,171012,Grade 6,Grade 1,1,Walking,3,School too far away,_missing_,13,12,0,1,10, , , 
71,2,4,171012,Grade 6,Grade 1,1,Walking,4,School too far away,_missing_,2,1,0,1,10, , , 
71,2,5,171013,Grade 6,Grade 1,1,Walking,3,School too far away,_missing_,3,2,0,6,3, , , 
71,2,5,171013,Grade 6,Grade 1,1,Walking,4,School too far away,_missing_,1,19,0,6,3, , , 
71,2,4,171014,Grade 5,Grade 1,1,Walking,3,School too far away,_missing_,6,5,3,3,10, , , 
71,2,4,171014,Grade 9,Grade 1,1,Walking,4,School too far away,_missing_,8,7,1,2,5, , , 
71,2,6,171015,Grade 3,Grade 1,1,Walking,3,School too far away,_missing_,9,8,0,2,10, , , 
71,2,6,171016,Grade 6,Grade 1,1,Walking,3,School too far away,_missing_,4,3,6,3,20, , , 
71,2,5,171017,Grade 1,Grade 1,1,Walking,4,School too far away,_missing_,10,9,0,1,2, , , 
71,2,5,171017,Grade 9,Grade 1,1,Walking,4,School too far away,_missing_,12,11,10,6,25, , , 
71,2,7,171018,Grade 8,Grade 1,1,Walking,5,School too far away,_missing_,13,12,13,6,40, , , 
71,2,6,171019,Grade 2,Grade 1,1,Walking,3,House keeping / Family business,_missing_, , , , , , ,6,2018
71,2,6,171019,Grade 6,Grade 1,1,Walking,3,School too far away,_missing_,3,2,1,3,10, , , 
71,2,7,171020,Grade 9,Grade 1,1,Walking,5,School too far away,_missing_,1,19,3,2,10, , , 
71,2,6,171021,Grade 3,Grade 1,1,Walking,5,School too far away,_missing_,3,2,2,6,15, , , 
71,2,8,171022,Grade 4,Grade 1,1,Walking,4,House keeping / Family business,_missing_, , , , , , ,6,2016
71,2,7,171023,Grade 3,Grade 1,1,Walking,3,School too far away,_missing_,9,8,1,1,20, , , 
71,2,9,171024,Grade 3,Grade 1,1,Walking,3,School too far away,_missing_,9,8,18,6,50, , , 
71,2,9,171024,Grade 3,Grade 1,1,Walking,4,School too far away,_missing_,6,5,18,6,50, , , 
71,2,9,171024,Grade 3,Grade 1,1,Walking,5,School too far away,_missing_,1,19,0,1,5, , , 
71,2,8,171025,Grade 10,Grade 1,1,Walking,3,School too far away,_missing_,13,12,42,5,90, , , 
71,2,8,171025,Grade 10,Grade 1,1,Walking,4,School too far away,_missing_,9,8,3,2,20, , , 
71,2,8,171025,Grade 10,Grade 1,1,Walking,5,School too far away,_missing_,4,3,3,3,20, , , 
71,2,9,171026,Grade 4,Grade 1,1,Walking,4,School too far away,_missing_,9,8,4,6,20, , , 
71,2,9,171026,Grade 4,Grade 1,1,Walking,5,School too far away,_missing_,6,5,4,6,20, , , 
71,2,9,171026,Grade 4,Grade 1,1,Walking,6,School too far away,_missing_,2,1,3,3,15, , , 
71,2,8,171027,Grade 3,Grade 1,1,Walking,3,School too far away,_missing_,13,12,2,5,15, , , 
71,2,9,171029,Grade 1,Grade 1,1,Walking,2,School too far away,_missing_,12,11,9,6,15, , , 
71,2,9,171029,Grade 1,Grade 1,1,Walking,3,School too far away,_missing_,10,9,0,1,3, , , 
71,2,9,171029,Grade 5,Grade 1,1,Walking,2,School too far away,_missing_,13,12,55,5,90, , , 
71,2,9,171029,Grade 5,Grade 1,1,Walking,3,School too far away,_missing_,9,8,6,5,15, , , 
71,2,9,171029,Grade 5,Grade 1,1,Walking,4,School too far away,_missing_,4,3,7,5,15, , , 
71,2,9,171029,Grade 9,Grade 1,1,Walking,2,School too far away,_missing_,8,7,1,6,5, , , 
71,2,10,171030,Grade 3,Grade 1,1,Walking,4,School too far away,_missing_,3,2,0,5,2, , , 
71,2,10,171030,Grade 3,Grade 1,1,Walking,5,School too far away,_missing_,2,1,0,5,2, , , 
71,2,10,171030,Grade 8,Grade 1,1,Walking,4,House keeping / Family business,_missing_, , , , , , ,7,2019
71,2,10,171030,Grade 8,Grade 1,1,Walking,5,School too far away,_missing_,9,8,11,5,60, , , 
71,2,9,171031,Grade 8,Grade 1,1,Walking,2,School too far away,_missing_,11,10,1,2,10, , , 
71,2,9,171031,Grade 8,Grade 1,1,Walking,3,School too far away,_missing_,7,6,1,2,10, , , 
71,2,11,171032,Grade 3,Grade 1,1,Walking,5,School too far away,_missing_,11,11,0,1,10, , , 
71,2,11,171032,Grade 7,Grade 1,1,Walking,3,School too far away,_missing_,10,9,0,1,10, , , 
71,2,10,171033,Grade 5,Grade 1,1,Walking,3,School too far away,_missing_,5,4,1,3,5, , , 
71,2,10,171033,Grade 5,Grade 1,1,Walking,4,Financial problems,_missing_, , , , , ,7, , 
71,2,12,171034,Grade 1,Grade 1,1,Walking,3,School too far away,_missing_,11,10,7,6,20, , , 
71,2,12,171035,Grade 5,Grade 1,1,Walking,2,School too far away,_missing_,9,8,1,2,15, , , 
71,2,12,171035,Grade 9,Grade 1,1,Walking,3,School too far away,_missing_,7,6,1,3,20, , , 
71,2,12,171035,Grade 9,Grade 1,1,Walking,4,School too far away,_missing_,3,2,1,3,20, , , 
71,2,11,171036,Grade 4,Grade 1,1,Walking,3,School too far away,_missing_,4,3,2,3,10, , , 
71,2,12,171038,Grade 1,Grade 1,1,Walking,3,School too far away,_missing_,7,6,1,3,5, , , 
71,2,12,171038,Grade 1,Grade 1,1,Walking,4,School too far away,_missing_,3,2,1,3,5, , , 
71,2,12,171038,Grade 10,Grade 1,1,Walking,3,House keeping / Family business,_missing_, , , , , , ,7,2019
71,2,12,171038,Grade 10,Grade 1,1,Walking,4,School too far away,_missing_,3,2,5,3,20, , , 
71,2,1,171039,Grade 9,Grade 1,1,Walking,3,House keeping / Family business,_missing_, , , , , , ,8,2018
71,2,1,171039,Grade 9,Grade 1,1,Walking,4,School too far away,_missing_,7,6,0,1,5, , , 
71,2,1,171039,Grade 9,Grade 1,1,Walking,5,School too far away,_missing_,3,2,0,1,5, , , 
71,2,1,171040,Grade 4,Grade 1,1,Walking,5,School too far away,_missing_,1,19,2,2,5, , , 
71,2,1,171040,Grade 8,Grade 1,1,Walking,5,School too far away,_missing_,6,5,4,5,15, , , 
71,2,2,171041,Grade 3,Grade 1,1,Walking,2,School too far away,_missing_,4,3,2,3,10, , , 
71,2,2,171041,Grade 3,Grade 1,1,Walking,3,School too far away,_missing_,1,19,2,3,10, , , 
71,2,2,171041,Grade 7,Grade 1,1,Walking,3,School too far away,_missing_,11,10,3,3,15, , , 
71,2,2,171041,Grade 7,Grade 1,1,Walking,4,School too far away,_missing_,10,9,3,2,15, , , 
71,2,2,171041,Grade 7,Grade 1,1,Walking,5,School too far away,_missing_,5,4,3,3,15, , , 
71,2,2,171041,Grade 7,Grade 1,1,Walking,6,School too far away,_missing_,2,1,3,3,15, , , 
71,2,3,171042,Grade 1,Grade 1,1,Walking,4,School too far away,_missing_,12,11,3,2,10, , , 
71,2,3,171042,Grade 1,Grade 1,1,Walking,5,School too far away,_missing_,7,6,3,2,10, , , 
71,2,3,171042,Grade 5,Grade 1,1,Walking,4,School too far away,_missing_,11,10,4,2,15, , , 
71,2,3,171042,Grade 10,Grade 1,1,Walking,4,School too far away,_missing_,3,2,3,2,10, , , 
71,2,3,171043,Grade 5,Grade 1,1,Walking,6,School too far away,_missing_,1,19,1,2,30, , , 
71,2,3,171043,Grade 10,Grade 1,1,Walking,5,School too far away,_missing_,8,7,1,2,20, , , 
71,2,3,171043,Grade 10,Grade 1,1,Walking,6,School too far away,_missing_,4,3,1,3,20, , , 
71,2,3,171043,Grade 10,Grade 1,1,Walking,7,School too far away,_missing_,2,1,1,3,20, , , 
71,2,4,171044,Grade 4,Grade 1,1,Walking,4,School too far away,_missing_,8,7,7,5,60, , , 
71,2,4,171044,Grade 9,Grade 1,1,Walking,2,House keeping / Family business,_missing_, , , , , , ,2,2018
71,2,4,171044,Grade 9,Grade 1,1,Walking,3,School too far away,_missing_,11,10,7,6,30, , , 
71,2,4,171044,Grade 9,Grade 1,1,Walking,4,School too far away,_missing_,10,9,7,6,30, , , 
71,2,4,171045,Grade 3,Grade 1,1,Walking,2,School too far away,_missing_,2,1,1,2,5, , , 
71,2,5,171046,Grade 1,Grade 1,1,Walking,3,School too far away,_missing_,9,8,12,5,40, , , 
71,2,5,171046,Grade 1,Grade 1,1,Walking,4,School too far away,_missing_,5,4,0,3,8, , , 
71,2,5,171046,Grade 1,Grade 1,1,Walking,5,School too far away,_missing_,3,2,0,3,8, , , 
71,2,5,171046,Grade 5,Grade 1,1,Walking,3,School too far away,_missing_,5,4,20,5,20, , , 
71,2,5,171046,Grade 5,Grade 1,1,Walking,4,School too far away,_missing_,1,19,20,5,20, , , 
71,2,5,171046,Grade 9,Grade 1,1,Walking,5,School too far away,_missing_,6,5,15,5,20, , , 
71,2,5,171046,Grade 9,Grade 1,1,Walking,6,School too far away,_missing_,4,3,15,5,20, , , 
71,2,5,171047,Grade 10,Grade 1,1,Walking,3,House keeping / Family business,_missing_, , , , , , ,8,2018
71,1,6,171048,Grade 1,Grade 1,1,Walking,4,School too far away,_missing_,3,2,7,3,20, , , 
71,1,6,171048,Grade 6,Grade 1,1,Walking,3,School too far away,_missing_,2,1,2,2,10, , , 
71,2,7,171050,Grade 8,Grade 1,1,Walking,3,School too far away,_missing_,10,9,0,2,10, , , 
71,2,8,171051,Grade 2,Grade 1,1,Walking,3,School too far away,_missing_,10,9,0,3,2, , , 
71,2,8,171051,Grade 2,Grade 1,1,Walking,4,School too far away,_missing_,6,5,0,3,2, , , 
71,2,8,171051,Grade 7,Grade 1,1,Walking,2,School too far away,_missing_,13,12,1,3,5, , , 
71,2,8,171051,Grade 7,Grade 1,1,Walking,3,School too far away,_missing_,5,4,1,3,5, , , 
71,2,8,171052,Grade 1,Grade 1,1,Walking,4,House keeping / Family business,_missing_, , , , , , ,6,2016
71,2,8,171052,Grade 9,Grade 1,1,Walking,3,School too far away,_missing_,10,9,20,5,45, , , 
71,2,9,171053,Grade 7,Grade 1,1,Walking,4,School too far away,_missing_,1,19,10,3,20, , , 
71,2,10,171054,Grade 5,Grade 1,1,Walking,3,School too far away,_missing_,13,12,2,1,10, , , 
71,2,10,171054,Grade 5,Grade 1,1,Walking,4,School too far away,_missing_,7,6,2,1,10, , , 
71,2,1,171055,Grade 1,Grade 1,1,Walking,3,School too far away,_missing_,8,6,2,3,5, , , 
71,2,1,171055,Grade 1,Grade 1,1,Walking,4,School too far away,_missing_,3,2,2,3,5, , , 
71,2,1,171055,Grade 9,Grade 1,1,Walking,3,School too far away,_missing_,12,11,2,2,10, , , 
71,2,1,171055,Grade 9,Grade 1,1,Walking,4,School too far away,_missing_,9,8,2,2,10, , , 
71,2,1,171057,Grade 2,Grade 1,1,Walking,4,School too far away,_missing_,9,8,1,2,10, , , 
71,2,11,171058,Grade 9,Grade 1,1,Walking,2,Financial problems,_missing_, , , , , ,7, , 
71,2,2,171059,Grade 4,Grade 1,1,Walking,2,School too far away,_missing_,2,1,0,3,5, , , 
71,2,2,171059,Grade 4,Grade 1,1,Walking,5,School too far away,_missing_,3,2,0,3,5, , , 
71,2,12,171060,Grade 3,Grade 1,1,Walking,4,School too far away,_missing_,11,10,2,6,20, , , 
71,2,2,171061,Grade 2,Grade 1,1,Walking,3,School too far away,_missing_,4,3,1,1,30, , , 
71,2,2,171061,Grade 2,Grade 1,1,Walking,4,School too far away,_missing_,2,1,1,1,30, , , 
71,2,2,171061,Grade 6,Grade 1,1,Walking,3,School too far away,_missing_,7,6,1,2,20, , , 
71,2,2,171061,Grade 6,Grade 1,1,Walking,4,School too far away,_missing_,4,3,1,2,20, , , 
71,2,2,171061,Grade 6,Grade 1,1,Walking,5,School too far away,_missing_,2,1,1,3,10, , , 
71,2,2,171061,Grade 10,Grade 1,1,Walking,5,School too far away,_missing_,7,6,8,2,30, , , 
71,2,2,171061,Grade 10,Grade 1,1,Walking,6,School too far away,_missing_,3,2,8,5,30, , , 
71,2,3,171062,Grade 4,Grade 1,1,Walking,4,School too far away,_missing_,8,7,24,6,45, , , 
71,2,3,171062,Grade 9,Grade 1,1,Walking,3,School too far away,_missing_,11,10,23,6,45, , , 
71,2,3,171063,Grade 3,Grade 1,1,Walking,2,School too far away,_missing_,1,19,4,2,20, , , 
71,2,3,171063,Grade 8,Grade 1,1,Walking,3,School too far away,_missing_,13,12,4,2,30, , , 
71,2,3,171063,Grade 8,Grade 1,1,Walking,4,School too far away,_missing_,8,7,4,2,30, , , 
71,2,4,171064,Grade 10,Grade 1,1,Walking,5,School too far away,_missing_,9,8,0,1,10, , , 
71,2,5,171065,Grade 4,Grade 1,1,Walking,3,School too far away,_missing_,9,8,18,6,30, , , 
71,2,5,171065,Grade 4,Grade 1,1,Walking,4,School too far away,_missing_,3,2,18,6,30, , , 
71,2,5,171065,Grade 9,Grade 1,1,Walking,3,School too far away,_missing_,3,2,7,5,45, , , 
71,2,5,171066,Grade 8,Grade 1,1,Walking,3,School too far away,_missing_,7,6,1,5,10, , , 
71,2,5,171066,Grade 8,Grade 1,1,Walking,4,School too far away,_missing_,3,2,1,5,10, , , 
71,2,6,171067,Grade 3,Grade 1,1,Walking,3,School too far away,_missing_,10,9,15,5,60, , , 
71,2,6,171067,Grade 3,Grade 1,1,Walking,4,School too far away,_missing_,4,3,15,5,60, , , 
71,2,6,171067,Grade 7,Grade 1,1,Walking,3,School too far away,_missing_,1,19,0,3,5, , , 
71,2,6,171068,Grade 5,Grade 1,1,Walking,4,School too far away,_missing_,11,10,40,5,60, , , 
71,2,7,171069,Grade 5,Grade 1,1,Walking,3,School too far away,_missing_,13,12,10,6,15, , , 
71,2,7,171070,Grade 4,Grade 1,1,Walking,2,School too far away,_missing_,5,4,0,1,15, , , 
71,2,8,171071,Grade 10,Grade 1,1,Walking,3,School too far away,_missing_,2,1,0,1,5, , , 
71,2,9,171072,Grade 5,Grade 1,1,Walking,3,School too far away,_missing_,11,11,1,6,10, , , 
71,2,9,171073,Grade 1,Grade 1,1,Walking,4,School too far away,_missing_,10,9,0,1,5, , , 
71,2,9,171073,Grade 1,Grade 1,1,Walking,5,School too far away,_missing_,6,5,0,1,5, , , 
71,2,9,171073,Grade 5,Grade 1,1,Walking,3,School too far away,_missing_,8,7,0,1,5, , , 
71,2,9,171073,Grade 5,Grade 1,1,Walking,4,School too far away,_missing_,3,2,0,1,5, , , 
71,2,9,171073,Grade 9,Grade 1,1,Walking,4,School too far away,_missing_,11,10,5,3,10, , , 
71,2,10,171075,Grade 8,Grade 1,1,Walking,3,School too far away,_missing_,5,4,4,3,10, , , 
71,2,11,171076,Grade 3,Grade 1,1,Walking,3,School too far away,_missing_,13,12,1,2,10, , , 
71,2,11,171076,Grade 3,Grade 1,1,Walking,4,School too far away,_missing_,3,2,1,3,5, , , 
72,2,1,172001,Grade 10,Grade 1,1,Walking,3,School too far away,_missing_,13,12,2,6,30, , , 
72,2,1,172001,Grade 10,Grade 1,1,Walking,4,School too far away,_missing_,6,5,2,6,30, , , 
72,2,2,172002,Grade 4,Grade 1,1,Walking,3,School too far away,_missing_,9,8,0,1,15, , , 
72,2,2,172002,Grade 8,Grade 1,1,Walking,4,House keeping / Family business,_missing_, , , , , , ,8,2016
72,2,1,172003,Grade 2,Grade 1,1,Walking,4,School too far away,_missing_,5,4,3,3,10, , , 
72,2,3,172004,Grade 3,Grade 1,1,Walking,3,House keeping / Family business,_missing_, , , , , , ,7, 
72,2,3,172004,Grade 3,Grade 1,1,Walking,4,School too far away,_missing_,6,5,2,5,20, , , 
72,2,3,172004,Grade 7,Grade 1,1,Walking,3,School too far away,_missing_,9,8,2,5,15, , , 
72,2,1,172005,Grade 1,Grade 1,1,Walking,6,School too far away,_missing_,11,10,5,1,10, , , 
72,2,1,172005,Grade 9,Grade 1,1,Walking,3,School too far away,_missing_,5,4,4,3,15, , , 
72,2,1,172005,Grade 9,Grade 1,1,Walking,4,School too far away,_missing_,2,1,4,3,15, , , 
72,2,3,172006,Grade 5,Grade 1,1,Walking,3,House keeping / Family business,_missing_, , , , , , ,9,2018
72,2,5,172009,Grade 5,Grade 1,1,Walking,4,School too far away,_missing_,6,5,0,1,5, , , 
72,2,4,172010,Grade 5,Grade 1,1,Walking,3,School too far away,_missing_,4,3,1,1,10, , , 
72,2,4,172010,Grade 9,Grade 1,1,Walking,3,School too far away,_missing_,6,5,5,5,20, , , 
72,2,5,172011,Grade 3,Grade 1,1,Walking,3,School too far away,_missing_,12,11,4,6,40, , , 
72,2,5,172011,Grade 3,Grade 1,1,Walking,4,School too far away,_missing_,6,5,0,1,10, , , 
72,2,5,172011,Grade 10,Grade 1,1,Walking,3,House keeping / Family business,_missing_, , , , , , ,9,2018
72,2,5,172011,Grade 10,Grade 1,1,Walking,4,School too far away,_missing_,11,10,7,9,10, , , 
72,2,4,172012,Grade 4,Grade 1,1,Walking,3,School too far away,_missing_,6,5,0,1,5, , , 
72,2,4,172012,Grade 4,Grade 1,1,Walking,4,School too far away,_missing_,4,3,0,1,5, , , 
72,2,4,172012,Grade 4,Grade 1,1,Walking,5,Financial problems,_missing_, , , , , ,7, , 
72,2,6,172013,Grade 5,Grade 1,1,Walking,3,School too far away,_missing_,12,11,5,2,25, , , 
72,2,7,172015,Grade 7,Grade 1,1,Walking,4,School too far away,_missing_,12,11,3,2,10, , , 
72,2,8,172017,Grade 9,Grade 1,1,Walking,3,School too far away,_missing_,7,6,5,6,40, , , 
72,2,8,172017,Grade 9,Grade 1,1,Walking,4,School too far away,_missing_,5,4,2,6,40, , , 
72,2,6,172018,Grade 4,Grade 1,1,Walking,4,House keeping / Family business,_missing_, , , , , , ,8,2018
72,2,6,172018,Grade 4,Grade 1,1,Walking,7,School too far away,_missing_,1,19,0,1,5, , , 
72,2,6,172018,Grade 9,Grade 1,1,Walking,3,School too far away,_missing_,5,4,10,6,45, , , 
72,2,8,172019,Grade 4,Grade 1,1,Walking,3,School too far away,_missing_,10,9,3,1,3, , , 
72,2,8,172019,Grade 4,Grade 1,1,Walking,4,School too far away,_missing_,6,5,3,1,3, , , 
72,2,8,172019,Grade 4,Grade 1,1,Walking,5,School too far away,_missing_,1,19,3,1,3, , , 
72,2,7,172020,Grade 7,Grade 1,1,Walking,4,House keeping / Family business,_missing_, , , , , , ,8,2018
72,2,9,172021,Grade 2,Grade 1,1,Walking,4,School too far away,_missing_,13,12,0,1,10, , , 
72,2,9,172021,Grade 2,Grade 1,1,Walking,5,School too far away,_missing_,4,3,0,1,10, , , 
72,2,9,172021,Grade 10,Grade 1,1,Walking,3,School too far away,_missing_,5,4,0,1,15, , , 
72,2,9,172021,Grade 10,Grade 1,1,Walking,4,School too far away,_missing_,1,19,0,1,15, , , 
72,2,10,172023,Grade 5,Grade 1,1,Walking,3,School too far away,_missing_,12,11,3,2,25, , , 
72,2,10,172023,Grade 5,Grade 1,1,Walking,4,School too far away,_missing_,7,6,3,2,25, , , 
72,2,10,172023,Grade 5,Grade 1,1,Walking,5,School too far away,_missing_,3,2,12,5,40, , , 
72,2,10,172023,Grade 9,Grade 1,1,Walking,3,School too far away,_missing_,4,3,1,3,10, , , 
72,2,10,172023,Grade 9,Grade 1,1,Walking,4,Financial problems,_missing_, , , , , ,7, , 
72,2,9,172024,Grade 3,Grade 1,1,Walking,4,School too far away,_missing_,10,9,2,3,10, , , 
72,2,9,172024,Grade 3,Grade 1,1,Walking,5,School too far away,_missing_,6,5,2,3,20, , , 
72,2,10,172025,Grade 5,Grade 1,1,Walking,5,Financial problems,_missing_, , , , , ,7, , 
72,2,9,172026,Grade 7,Grade 1,1,Walking,3,House keeping / Family business,_missing_, , , , , , ,6,2016
72,2,11,172027,Grade 4,Grade 1,1,Walking,5,School too far away,_missing_,5,4,1,3,10, , , 
72,2,11,172027,Grade 4,Grade 1,1,Walking,6,Financial problems,_missing_, , , , , ,7, , 
72,2,11,172027,Grade 8,Grade 1,1,Walking,4,School too far away,_missing_,1,19,1,3,10, , , 
72,2,12,172029,Grade 1,Grade 1,1,Walking,3,School too far away,_missing_,8,7,5,2,10, , , 
72,2,12,172029,Grade 1,Grade 1,1,Walking,4,School too far away,_missing_,3,2,1,2,7, , , 
72,2,12,172029,Grade 8,Grade 1,1,Walking,4,School too far away,_missing_,12,11,3,3,10, , , 
72,2,12,172029,Grade 8,Grade 1,1,Walking,5,School too far away,_missing_,8,7,2,3,5, , , 
72,2,12,172031,Grade 2,Grade 1,1,Walking,3,School too far away,_missing_,4,3,2,2,20, , , 
72,2,12,172031,Grade 6,Grade 1,1,Walking,3,School too far away,_missing_,8,7,4,6,20, , , 
72,2,12,172031,Grade 10,Grade 1,1,Walking,2,School too far away,_missing_,10,9,5,6,10, , , 
72,2,11,172032,Grade 9,Grade 1,1,Walking,5,School too far away,_missing_,1,19,0,1,10, , , 
72,2,12,172033,Grade 4,Grade 1,1,Walking,4,House keeping / Family business,_missing_, , , , , , ,6,2017
72,2,12,172033,Grade 4,Grade 1,1,Walking,5,School too far away,_missing_,9,8,6,6,30, , , 
72,2,12,172033,Grade 4,Grade 1,1,Walking,6,School too far away,_missing_,4,3,1,2,15, , , 
72,2,12,172033,Grade 4,Grade 1,1,Walking,7,School too far away,_missing_,4,3,1,2,15, , , 
72,2,3,172037,Grade 3,Grade 1,1,Walking,4,House keeping / Family business,_missing_, , , , , , ,7, 
72,2,3,172037,Grade 3,Grade 1,1,Walking,5,School too far away,_missing_,6,5,1,5,15, , , 
72,2,4,172039,Grade 8,Grade 1,1,Walking,5,House keeping / Family business,_missing_, , , , , , ,9,2016
72,2,4,172039,Grade 8,Grade 1,1,Walking,6,School too far away,_missing_,7,6,8,6,30, , , 
72,2,7,172042,Grade 5,Grade 1,1,Walking,3,School too far away,_missing_,6,5,4,2,40, , , 
72,2,7,172042,Grade 5,Grade 1,1,Walking,4,School too far away,_missing_,1,19,42,4,40, , , 
72,2,7,172043,Grade 4,Grade 1,1,Walking,3,School too far away,_missing_,9,8,5,6,20, , , 
72,2,7,172043,Grade 4,Grade 1,1,Walking,4,School too far away,_missing_,4,3,1,4,5, , , 
72,2,7,172043,Grade 4,Grade 1,1,Walking,5,School too far away,_missing_,1,19,1,4,5, , , 
72,2,7,172043,Grade 9,Grade 1,1,Walking,4,School too far away,_missing_,10,9,4,6,20, , , 
72,2,8,172044,Grade 5,Grade 1,1,Walking,3,School too far away,_missing_,12,11,8,6,20, , , 
72,2,9,172046,Grade 8,Grade 1,1,Walking,5,Financial problems,_missing_, , , , , ,7, , 
72,2,10,172047,Grade 10,Grade 1,1,Walking,3,School too far away,_missing_,9,8,4,6,30, , , 
72,2,11,172048,Grade 9,Grade 1,1,Walking,3,School too far away,_missing_,13,12,0,1,10, , , 
72,2,1,172050,Grade 3,Grade 1,1,Walking,4,School too far away,_missing_,13,12,4,6,15, , , 
72,2,1,172050,Grade 3,Grade 1,1,Walking,5,School too far away,_missing_,10,9,4,6,15, , , 
72,2,1,172051,Grade 1,Grade 1,1,Walking,3,School too far away,_missing_,5,4,0,1,5, , , 
72,2,1,172051,Grade 6,Grade 1,1,Walking,3,School too far away,_missing_,7,6,0,1,15, , , 
72,2,1,172051,Grade 6,Grade 1,1,Walking,4,School too far away,_missing_,3,2,0,1,15, , , 
72,2,2,172052,Grade 2,Grade 1,1,Walking,3,School too far away,_missing_,3,2,4,5,30, , , 
72,2,2,172052,Grade 10,Grade 1,1,Walking,4,School too far away,_missing_,10,9,8,6,20, , , 
72,2,3,172053,Grade 5,Grade 1,1,Walking,3,School too far away,_missing_,9,8,7,6,30, , , 
72,2,3,172053,Grade 5,Grade 1,1,Walking,4,School too far away,_missing_,2,1,3,2,10, , , 
72,2,3,172054,Grade 2,Grade 1,1,Walking,5,School too far away,_missing_,5,4,3,3,25, , , 
72,2,4,172055,Grade 1,Grade 1,1,Walking,4,House keeping / Family business,_missing_, , , , , , ,6,2017
72,2,4,172055,Grade 5,Grade 1,1,Walking,4,School too far away,_missing_,11,10,8,6,30, , , 
72,2,6,172057,Grade 3,Grade 1,1,Walking,5,School too far away,_missing_,10,9,1,1,20, , , 
72,2,6,172057,Grade 3,Grade 1,1,Walking,6,School too far away,_missing_,7,6,1,1,20, , , 
72,2,6,172057,Grade 7,Grade 1,1,Walking,3,School too far away,_missing_,2,1,8,3,15, , , 
72,2,6,172058,Grade 1,Grade 1,1,Walking,2,School too far away,_missing_,13,12,3,6,20, , , 
72,2,6,172058,Grade 1,Grade 1,1,Walking,3,School too far away,_missing_,12,11,3,6,20, , , 
72,2,6,172058,Grade 1,Grade 1,1,Walking,4,School too far away,_missing_,12,11,3,6,20, , , 
72,2,6,172058,Grade 5,Grade 1,1,Walking,3,House keeping / Family business,_missing_, , , , , , ,8,2018
72,2,7,172059,Grade 4,Grade 1,1,Walking,3,School too far away,_missing_,1,19,1,2,15, , , 
72,2,8,172060,Grade 4,Grade 1,1,Walking,4,School too far away,_missing_,12,11,0,1,10, , , 
72,2,8,172061,Grade 4,Grade 1,1,Walking,4,School too far away,_missing_,12,11,4,2,30, , , 
72,2,8,172061,Grade 8,Grade 1,1,Walking,3,School too far away,_missing_,8,7,4,2,30, , , 
72,2,8,172061,Grade 8,Grade 1,1,Walking,4,School too far away,_missing_,3,2,1,2,10, , , 
72,2,11,172064,Grade 1,Grade 1,1,Walking,4,School too far away,_missing_,12,11,14,5,30, , , 
72,2,11,172064,Grade 1,Grade 1,1,Walking,5,School too far away,_missing_,11,10,12,5,30, , , 
72,2,11,172064,Grade 7,Grade 1,1,Walking,5,School too far away,_missing_,4,3,1,3,5, , , 
72,2,12,172065,Grade 2,Grade 1,1,Walking,3,School too far away,_missing_,9,8,0,1,10, , , 
72,2,12,172065,Grade 2,Grade 1,1,Walking,4,School too far away,_missing_,5,4,0,1,10, , , 
72,2,12,172065,Grade 7,Grade 1,1,Walking,3,School too far away,_missing_,12,11,1,9,2, , , 
72,2,12,172065,Grade 7,Grade 1,1,Walking,4,School too far away,_missing_,9,8,1,9,2, , , 
81,2,2,181002,Grade 9,Grade 1,1,Walking,3,School too far away,_missing_,10,9,1,1,20, , , 
81,2,2,181002,Grade 9,Grade 1,1,Walking,4,School too far away,_missing_,4,3,0,1,15, , , 
81,2,1,181003,Grade 7,Grade 1,1,Walking,4,House keeping / Family business,_missing_, , , , , , ,6,2018
81,2,1,181003,Grade 7,Grade 1,1,Walking,5,School too far away,_missing_,6,5,2,3,1, , , 
81,2,2,181004,Grade 2,Grade 1,1,Walking,3,School too far away,_missing_,13,12,10,6,90, , , 
81,2,2,181004,Grade 8,Grade 1,1,Walking,5,School too far away,_missing_,10,9,7,6,20, , , 
81,2,1,181005,Grade 2,Grade 1,1,Walking,4,School too far away,_missing_,13,12,6,6,20, , , 
81,2,1,181005,Grade 2,Grade 1,1,Walking,5,School too far away,_missing_,10,9,6,6,20, , , 
81,2,1,181005,Grade 6,Grade 1,1,Walking,5,School too far away,_missing_,5,4,3,1,45, , , 
81,2,1,181005,Grade 6,Grade 1,1,Walking,6,School too far away,_missing_,1,19,3,1,45, , , 
81,2,3,181006,Grade 5,Grade 1,1,Walking,3,School too far away,_missing_,8,7,7,1,40, , , 
81,2,3,181006,Grade 10,Grade 1,1,Walking,5,School too far away,_missing_,2,1,11,1,60, , , 
81,2,2,181007,Grade 4,Grade 1,1,Walking,5,School too far away,_missing_,12,11,17,6,30, , , 
81,2,2,181007,Grade 4,Grade 1,1,Walking,6,School too far away,_missing_,3,2,2,1,10, , , 
81,2,2,181007,Grade 8,Grade 1,1,Walking,3,School too far away,_missing_,13,12,17,6,35, , , 
81,2,3,181008,Grade 8,Grade 1,1,Walking,3,School too far away,_missing_,8,7,1,6,10, , , 
81,3,2,181009,Grade 3,Grade 1,1,Walking,3,School too far away,_missing_,8,7,2,1,20, , , 
81,3,2,181009,Grade 3,Grade 1,1,Walking,4,School too far away,_missing_,5,4,3,1,35, , , 
81,3,2,181009,Grade 3,Grade 1,1,Walking,5,School too far away,_missing_,11,10,8,6,40, , , 
81,2,4,181010,Grade 3,Grade 1,1,Walking,3,School too far away,_missing_,8,7,1,1,10, , , 
81,2,4,181010,Grade 3,Grade 1,1,Walking,4,School too far away,_missing_,3,2,1,1,10, , , 
81,2,4,181010,Grade 9,Grade 1,1,Walking,2,House keeping / Family business,_missing_, , , , , , ,2,2018
81,2,4,181010,Grade 9,Grade 1,1,Walking,3,School too far away,_missing_,11,10,4,6,30, , , 
81,2,3,181011,Grade 4,Grade 1,1,Walking,3,House keeping / Family business,_missing_, , , , , , ,6,2016
81,2,3,181011,Grade 4,Grade 1,1,Walking,4,School too far away,_missing_,10,9,1,1,20, , , 
81,3,4,181012,Grade 1,Grade 1,1,Walking,3,School too far away,_missing_,11,10,8,6,15, , , 
81,3,4,181012,Grade 5,Grade 1,1,Walking,3,School too far away,_missing_,10,9,8,6,15, , , 
81,3,4,181012,Grade 9,Grade 1,1,Walking,4,House keeping / Family business,_missing_, , , , , , ,8,2018
81,2,4,181013,Grade 4,Grade 1,1,Walking,3,School too far away,_missing_,6,5,6,2,15, , , 
81,2,4,181013,Grade 4,Grade 1,1,Walking,4,School too far away,_missing_,1,19,1,1,15, , , 
81,2,5,181014,Grade 2,Grade 1,1,Walking,3,School too far away,_missing_,6,5,1,3,5, , , 
81,2,5,181014,Grade 6,Grade 1,1,Walking,2,House keeping / Family business,_missing_, , , , , , ,6,2012
81,2,5,181014,Grade 6,Grade 1,1,Walking,3,School too far away,_missing_,6,5,0,1,10, , , 
81,2,5,181014,Grade 9,Grade 1,1,Walking,2,Financial problems,_missing_, , , , , ,7, , 
81,2,4,181015,Grade 5,Grade 1,1,Walking,4,School too far away,_missing_,13,12,20,6,45, , , 
81,2,4,181015,Grade 5,Grade 1,1,Walking,5,School too far away,_missing_,11,10,10,6,30, , , 
81,2,6,181016,Grade 10,Grade 1,1,Walking,5,House keeping / Family business,_missing_, , , , , , ,6,2018
81,2,6,181018,Grade 1,Grade 1,1,Walking,4,School too far away,_missing_,12,11,4,2,30, , , 
81,2,6,181018,Grade 1,Grade 1,1,Walking,5,School too far away,_missing_,10,9,4,2,30, , , 
81,2,6,181018,Grade 6,Grade 1,1,Walking,3,School too far away,_missing_,13,12,4,6,30, , , 
81,2,6,181018,Grade 6,Grade 1,1,Walking,4,School too far away,_missing_,12,11,4,6,30, , , 
81,2,6,181018,Grade 6,Grade 1,1,Walking,5,School too far away,_missing_,10,9,4,6,30, , , 
81,3,5,181019,Grade 3,Grade 1,1,Walking,4,School too far away,_missing_,13,12,2,1,30, , , 
81,3,5,181019,Grade 3,Grade 1,1,Walking,5,School too far away,_missing_,10,9,2,1,30, , , 
81,2,7,181020,Grade 6,Grade 1,1,Walking,3,School too far away,_missing_,8,7,3,2,25, , , 
81,2,7,181020,Grade 6,Grade 1,1,Walking,4,School too far away,_missing_,4,3,1,1,5, , , 
81,1,6,181021,Grade 4,Grade 1,1,Walking,5,School too far away,_missing_,4,3,1,4,10, , , 
81,1,6,181021,Grade 4,Grade 1,1,Walking,6,School too far away,_missing_,2,1,1,4,10, , , 
81,1,6,181021,Grade 4,Grade 1,1,Walking,7,Financial problems,_missing_, , , , , ,7, , 
81,2,7,181022,Grade 1,Grade 1,1,Walking,3,School too far away,_missing_,13,12,3,6,30, , , 
81,3,6,181023,Grade 10,Grade 1,1,Walking,6,School too far away,_missing_,5,4,2,1,25, , , 
81,3,8,181024,Grade 5,Grade 1,1,Walking,3,School too far away,_missing_,12,11,0,1,20, , , 
81,3,8,181024,Grade 5,Grade 1,1,Walking,4,School too far away,_missing_,10,9,0,1,20, , , 
81,3,8,181024,Grade 5,Grade 1,1,Walking,5,School too far away,_missing_,8,7,0,1,20, , , 
81,3,8,181024,Grade 5,Grade 1,1,Walking,6,School too far away,_missing_,4,3,0,1,20, , , 
81,3,7,181025,Grade 3,Grade 1,1,Walking,4,House keeping / Family business,_missing_, , , , , , ,2,2016
81,3,7,181025,Grade 3,Grade 1,1,Walking,5,School too far away,_missing_,9,8,0,1,10, , , 
81,3,7,181025,Grade 3,Grade 1,1,Walking,6,School too far away,_missing_,6,5,0,1,10, , , 
81,3,7,181025,Grade 7,Grade 2,2,Walking,3,School too far away,_missing_,3,2,0,5,1, , , 
81,3,7,181025,Grade 7,Grade 2,2,Walking,4,Financial problems,_missing_, , , , , ,7, , 
81,2,8,181027,Grade 5,Grade 1,1,Walking,3,School too far away,_missing_,9,8,4,6,20, , , 
81,2,8,181027,Grade 5,Grade 1,1,Walking,4,School too far away,_missing_,6,5,4,6,20, , , 
81,3,9,181028,Grade 7,Grade 1,1,Walking,3,House keeping / Family business,_missing_, , , , , , ,7,2019
81,2,8,181029,Grade 7,Grade 1,1,Walking,3,School too far away,_missing_,6,5,0,1,10, , , 
81,2,10,181030,Grade 1,Grade 1,1,Walking,3,School too far away,_missing_,12,11,13,6,45, , , 
81,2,10,181030,Grade 1,Grade 1,1,Walking,4,School too far away,_missing_,6,5,4,6,10, , , 
81,2,10,181030,Grade 1,Grade 1,1,Walking,5,School too far away,_missing_,2,1,4,6,10, , , 
81,2,10,181030,Grade 6,Grade 1,1,Walking,3,School too far away,_missing_,11,10,3,6,10, , , 
81,2,10,181030,Grade 6,Grade 1,1,Walking,4,School too far away,_missing_,7,6,3,6,10, , , 
81,2,10,181030,Grade 6,Grade 1,1,Walking,5,Financial problems,_missing_, , , , , ,7, , 
81,2,9,181031,Grade 1,Grade 1,1,Walking,3,School too far away,_missing_,13,12,84,6,150, , , 
81,2,10,181032,Grade 4,Grade 1,1,Walking,4,School too far away,_missing_,11,10,1,1,20, , , 
81,2,9,181033,Grade 4,Grade 1,1,Walking,4,School too far away,_missing_,11,10,3,6,35, , , 
81,2,9,181033,Grade 9,Grade 1,1,Walking,3,School too far away,_missing_,6,5,0,6,10, , , 
81,2,11,181034,Grade 4,Grade 1,1,Walking,4,House keeping / Family business,_missing_, , , , , , ,7,2019
81,2,11,181034,Grade 4,Grade 1,1,Walking,5,School too far away,_missing_,10,9,16,5,11, , , 
81,3,10,181035,Grade 9,Grade 1,1,Walking,3,School too far away,_missing_,13,12,1,1,15, , , 
81,1,11,181036,Grade 8,Grade 1,1,Walking,4,House keeping / Family business,_missing_, , , , , , ,3,2018
81,1,11,181036,Grade 8,Grade 1,1,Walking,5,School too far away,_missing_,9,8,0,1,10, , , 
81,2,10,181037,Grade 9,Grade 1,1,Walking,5,House keeping / Family business,_missing_, , , , , , ,6,2017
81,1,12,181038,Grade 3,Grade 1,1,Walking,3,School too far away,_missing_,10,9,3,6,20, , , 
81,1,12,181038,Grade 3,Grade 1,1,Walking,4,School too far away,_missing_,7,6,3,6,20, , , 
81,1,12,181038,Grade 9,Grade 1,1,Walking,3,School too far away,_missing_,8,7,2,4,10, , , 
81,1,12,181038,Grade 9,Grade 1,1,Walking,4,School too far away,_missing_,5,4,2,4,10, , , 
81,2,11,181039,Grade 3,Grade 1,1,Walking,3,House keeping / Family business,_missing_, , , , , , ,6,2016
81,2,11,181039,Grade 3,Grade 1,1,Walking,4,School too far away,_missing_,9,8,1,1,20, , , 
81,2,12,181040,Grade 2,Grade 1,1,Walking,3,School too far away,_missing_,10,9,4,5,10, , , 
81,2,12,181040,Grade 2,Grade 1,1,Walking,4,School too far away,_missing_,6,5,4,5,10, , , 
81,2,12,181041,Grade 3,Grade 1,1,Walking,6,School too far away,_missing_,4,3,3,2,50, , , 
81,2,12,181042,Grade 3,Grade 1,1,Walking,3,School too far away,_missing_,9,8,2,1,30, , , 
81,2,12,181042,Grade 8,Grade 1,1,Walking,3,School too far away,_missing_,11,10,3,1,30, , , 
81,2,12,181042,Grade 8,Grade 1,1,Walking,4,School too far away,_missing_,9,8,3,1,30, , , 
81,2,1,181044,Grade 4,Grade 1,1,Walking,2,School too far away,_missing_,6,5,1,1,15, , , 
81,2,1,181044,Grade 4,Grade 1,1,Walking,3,School too far away,_missing_,1,19,1,1,15, , , 
81,2,1,181044,Grade 9,Grade 1,1,Walking,3,School too far away,_missing_,3,2,1,5,5, , , 
81,2,2,181045,Grade 7,Grade 1,1,Walking,3,School too far away,_missing_,8,7,5,5,30, , , 
81,2,3,181046,Grade 8,Grade 1,1,Walking,4,School too far away,_missing_,9,8,1,6,10, , , 
81,2,3,181047,Grade 3,Grade 1,1,Walking,3,School too far away,_missing_,13,12,2,1,20, , , 
81,2,3,181047,Grade 3,Grade 1,1,Walking,4,School too far away,_missing_,11,10,2,1,20, , , 
81,2,3,181047,Grade 7,Grade 1,1,Walking,3,School too far away,_missing_,13,12,3,1,30, , , 
81,2,3,181047,Grade 7,Grade 1,1,Walking,4,School too far away,_missing_,10,9,3,1,30, , , 
81,2,4,181048,Grade 3,Grade 1,1,Walking,6,Financial problems,_missing_, , , , , ,5, , 
81,2,4,181048,Grade 7,Grade 1,1,Walking,3,School too far away,_missing_,13,12,10,6,15, , , 
81,2,4,181049,Grade 2,Grade 1,1,Walking,5,School too far away,_missing_,5,4,1,1,5, , , 
81,2,4,181049,Grade 10,Grade 1,1,Walking,2,School too far away,_missing_,11,10,5,6,20, , , 
81,2,4,181049,Grade 10,Grade 1,1,Walking,3,School too far away,_missing_,5,4,1,1,10, , , 
81,2,4,181049,Grade 10,Grade 1,1,Walking,4,School too far away,_missing_,4,3,1,1,10, , , 
81,2,5,181050,Grade 9,Grade 1,1,Walking,3,School too far away,_missing_,10,9,1,1,25, , , 
81,2,5,181050,Grade 9,Grade 1,1,Walking,4,School too far away,_missing_,6,5,1,1,25, , , 
81,2,7,181053,Grade 2,Grade 1,1,Walking,3,School too far away,_missing_,13,12,7,6,30, , , 
81,2,7,181053,Grade 2,Grade 1,1,Walking,4,School too far away,_missing_,11,10,0,1,5, , , 
81,3,8,181054,Grade 3,Grade 1,1,Walking,4,School too far away,_missing_,2,1,1,1,7, , , 
81,3,8,181054,Grade 3,Grade 1,1,Walking,5,Financial problems,_missing_, , , , , ,7, , 
81,3,8,181054,Grade 8,Grade 1,1,Walking,5,School too far away,_missing_,11,10,1,1,15, , , 
81,1,8,181055,Grade 3,Grade 1,1,Walking,3,School too far away,_missing_,12,11,3,5,30, , , 
81,1,8,181055,Grade 3,Grade 1,1,Walking,4,School too far away,_missing_,6,5,3,5,30, , , 
81,1,8,181055,Grade 7,Grade 1,1,Walking,3,School too far away,_missing_,11,10,3,6,30, , , 
81,1,9,181056,Grade 5,Grade 1,1,Walking,4,House keeping / Family business,_missing_, , , , , , ,8,2019
81,3,9,181057,Grade 3,Grade 1,1,Walking,3,School too far away,_missing_,10,9,4,6,30, , , 
81,3,9,181057,Grade 9,Grade 1,1,Walking,3,School too far away,_missing_,10,9,2,1,30, , , 
81,3,9,181057,Grade 9,Grade 1,1,Walking,4,School too far away,_missing_,9,8,2,1,30, , , 
81,3,9,181057,Grade 9,Grade 1,1,Walking,5,School too far away,_missing_,5,4,10,6,45, , , 
81,2,10,181058,Grade 6,Grade 1,1,Walking,4,School too far away,_missing_,11,10,2,6,10, , , 
81,2,11,181060,Grade 3,Grade 1,1,Walking,3,School too far away,_missing_,6,5,2,5,30, , , 
81,2,11,181060,Grade 3,Grade 1,1,Walking,4,School too far away,_missing_,1,19,2,5,30, , , 
81,2,1,181061,Grade 4,Grade 1,1,Walking,3,School too far away,_missing_,13,12,2,1,30, , , 
81,2,1,181061,Grade 4,Grade 1,1,Walking,4,School too far away,_missing_,11,10,2,1,30, , , 
81,2,1,181061,Grade 4,Grade 1,1,Walking,5,School too far away,_missing_,3,2,2,1,30, , , 
81,2,1,181061,Grade 9,Grade 1,1,Walking,3,House keeping / Family business,_missing_, , , , , , ,9,2017
81,2,1,181061,Grade 9,Grade 1,1,Walking,4,School too far away,_missing_,10,9,2,6,30, , , 
81,2,1,181061,Grade 9,Grade 1,1,Walking,5,School too far away,_missing_,3,2,1,1,10, , , 
81,3,11,181062,Grade 4,Grade 1,1,Walking,3,School too far away,_missing_,6,5,1,1,15, , , 
81,3,11,181062,Grade 4,Grade 1,1,Walking,4,School too far away,_missing_,4,3,1,1,15, , , 
81,2,2,181064,Grade 1,Grade 1,1,Walking,5,School too far away,_missing_,1,19,1,1,20, , , 
81,1,3,181066,Grade 3,Grade 1,1,Walking,3,School too far away,_missing_,11,10,0,1,10, , , 
81,1,3,181066,Grade 3,Grade 1,1,Walking,4,School too far away,_missing_,5,4,0,1,10, , , 
81,2,3,181067,Grade 5,Grade 1,1,Walking,3,School too far away,_missing_,2,1,4,5,15, , , 
81,2,4,181068,Grade 5,Grade 1,1,Walking,4,School too far away,_missing_,8,7,2,5,20, , , 
81,2,4,181068,Grade 5,Grade 1,1,Walking,5,School too far away,_missing_,2,1,2,5,20, , , 
81,2,5,181070,Grade 3,Grade 1,1,Walking,3,House keeping / Family business,_missing_, , , , , , ,8,2018
81,2,5,181070,Grade 8,Grade 1,1,Walking,3,School too far away,_missing_,10,9,2,1,20, , , 
81,2,5,181070,Grade 8,Grade 1,1,Walking,4,School too far away,_missing_,7,6,2,1,20, , , 
81,2,6,181071,Grade 10,Grade 1,1,Walking,2,School too far away,_missing_,4,3,1,1,20, , , 
81,2,6,181072,Grade 4,Grade 1,1,Walking,2,School too far away,_missing_,12,11,2,6,10, , , 
81,2,6,181072,Grade 4,Grade 1,1,Walking,3,School too far away,_missing_,11,10,2,6,10, , , 
81,3,7,181073,Grade 7,Grade 1,1,Walking,2,School too far away,_missing_,7,6,4,3,15, , , 
81,3,7,181073,Grade 7,Grade 1,1,Walking,3,School too far away,_missing_,2,1,4,3,15, , , 
81,2,7,181074,Grade 3,Grade 1,1,Walking,3,School too far away,_missing_,11,10,2,6,10, , , 
81,2,7,181074,Grade 3,Grade 1,1,Walking,4,School too far away,_missing_,7,6,11,6,40, , , 
81,2,8,181075,Grade 2,Grade 1,1,Walking,2,School too far away,_missing_,4,3,3,6,10, , , 
81,2,9,181076,Grade 8,Grade 1,1,Walking,4,School too far away,_missing_,13,12,4,3,15, , , 
81,2,9,181076,Grade 8,Grade 1,1,Walking,5,School too far away,_missing_,10,9,4,3,15, , , 
81,2,9,181077,Grade 2,Grade 1,1,Walking,4,School too far away,_missing_,3,2,2,1,30, , , 
81,2,10,181078,Grade 7,Grade 1,1,Walking,3,House keeping / Family business,_missing_, , , , , , ,6,2019
81,2,10,181078,Grade 7,Grade 1,1,Walking,4,School too far away,_missing_,4,3,7,1,55, , , 
81,2,10,181079,Grade 2,Grade 1,1,Walking,4,School too far away,_missing_,4,3,1,1,20, , , 
81,2,10,181079,Grade 2,Grade 1,1,Walking,5,School too far away,_missing_,2,1,1,1,20, , , 
81,2,10,181079,Grade 6,Grade 1,1,Walking,5,School too far away,_missing_,5,4,2,1,20, , , 
81,2,10,181079,Grade 10,Grade 1,1,Walking,4,School too far away,_missing_,10,9,2,1,20, , , 
81,3,11,181080,Grade 2,Grade 1,1,Walking,4,School too far away,_missing_,11,10,1,1,20, , , 
81,3,11,181080,Grade 2,Grade 1,1,Walking,5,School too far away,_missing_,8,7,1,1,20, , , 
81,3,11,181080,Grade 6,Grade 1,1,Walking,4,House keeping / Family business,_missing_, , , , , , ,6,2018
81,2,11,181081,Grade 4,Grade 1,1,Walking,3,School too far away,_missing_,8,7,3,3,15, , , 
81,2,11,181081,Grade 4,Grade 1,1,Walking,4,School too far away,_missing_,6,5,3,3,15, , , 
81,2,11,181081,Grade 10,Grade 1,1,Walking,4,School too far away,_missing_,12,11,3,6,30, , , 
81,2,11,181081,Grade 10,Grade 1,1,Walking,5,School too far away,_missing_,5,4,0,1,15, , , 
81,3,12,181082,Grade 5,Grade 1,1,Walking,2,School too far away,_missing_,1,19,11,6,20, , , 
81,3,12,181082,Grade 9,Grade 1,1,Walking,4,School too far away,_missing_,11,10,5,6,30, , , 
81,3,12,181082,Grade 9,Grade 1,1,Walking,5,School too far away,_missing_,8,7,5,6,30, , , 
82,2,1,182001,Grade 10,Grade 1,1,Walking,3,House keeping / Family business,_missing_, , , , , , ,8,2018
82,2,1,182003,Grade 3,Grade 1,1,Walking,3,School too far away,_missing_,6,5,1,6,20, , , 
82,2,2,182004,Grade 1,Grade 1,1,Walking,4,House keeping / Family business,_missing_, , , , , , ,7, 
82,2,2,182004,Grade 1,Grade 1,1,Walking,5,School too far away,_missing_,7,6,0,1,10, , , 
82,2,2,182004,Grade 1,Grade 1,1,Walking,6,Financial problems,_missing_, , , , , ,7, , 
82,2,1,182005,Grade 4,Grade 1,1,Walking,4,House keeping / Family business,_missing_, , , , , , ,6,2016
82,2,1,182005,Grade 8,Grade 1,1,Walking,3,School too far away,_missing_,13,12,3,3,10, , , 
82,2,1,182005,Grade 8,Grade 1,1,Walking,4,School too far away,_missing_,9,8,3,3,10, , , 
82,2,1,182005,Grade 8,Grade 1,1,Walking,5,Financial problems,_missing_, , , , , ,4, , 
82,2,2,182007,Grade 5,Grade 1,1,Walking,3,House keeping / Family business,_missing_, , , , , , ,8,2017
82,2,2,182007,Grade 5,Grade 1,1,Walking,4,House keeping / Family business,_missing_, , , , , , ,8,2017
82,2,4,182008,Grade 4,Grade 1,1,Walking,2,House keeping / Family business,_missing_, , , , , , ,99,2016
82,2,4,182008,Grade 4,Grade 1,1,Walking,3,School too far away,_missing_,11,10,3,1,45, , , 
82,2,4,182008,Grade 4,Grade 1,1,Walking,4,School too far away,_missing_,5,4,3,2,20, , , 
82,2,4,182008,Grade 4,Grade 1,1,Walking,5,School too far away,_missing_,1,19,3,3,10, , , 
82,2,3,182009,Grade 2,Grade 1,1,Walking,3,School too far away,_missing_,10,9,1,2,10, , , 
82,2,3,182009,Grade 2,Grade 1,1,Walking,4,School too far away,_missing_,6,5,1,2,10, , , 
82,2,3,182009,Grade 6,Grade 1,1,Walking,4,School too far away,_missing_,11,10,4,6,30, , , 
82,2,4,182010,Grade 5,Grade 1,1,Walking,3,School too far away,_missing_,11,10,3,6,30, , , 
82,2,3,182011,Grade 5,Grade 1,1,Walking,4,School too far away,_missing_,10,9,3,3,10, , , 
82,2,3,182011,Grade 5,Grade 1,1,Walking,5,School too far away,_missing_,6,5,3,3,10, , , 
82,2,3,182011,Grade 9,Grade 1,1,Walking,2,School too far away,_missing_,2,1,2,3,8, , , 
82,3,5,182012,Grade 3,Grade 1,1,Walking,4,School too far away,_missing_,4,3,0,1,20, , , 
82,3,5,182012,Grade 8,Grade 1,1,Walking,3,School too far away,_missing_,5,4,2,1,25, , , 
82,3,5,182012,Grade 8,Grade 1,1,Walking,4,School too far away,_missing_,2,1,2,1,25, , , 
82,2,4,182013,Grade 4,Grade 1,1,Walking,3,School too far away,_missing_,8,7,1,2,20, , , 
82,2,4,182013,Grade 4,Grade 1,1,Walking,4,School too far away,_missing_,2,1,1,5,20, , , 
82,2,4,182013,Grade 9,Grade 1,1,Walking,3,School too far away,_missing_,8,7,4,5,30, , , 
82,2,4,182013,Grade 9,Grade 1,1,Walking,4,School too far away,_missing_,4,3,4,5,30, , , 
82,2,6,182014,Grade 3,Grade 1,1,Walking,3,School too far away,_missing_,11,10,6,5,20, , , 
82,2,6,182014,Grade 3,Grade 1,1,Walking,4,School too far away,_missing_,5,4,6,5,20, , , 
82,2,5,182015,Grade 4,Grade 1,1,Walking,4,School too far away,_missing_,11,10,12,6,35, , , 
82,2,5,182015,Grade 8,Grade 1,1,Walking,5,School too far away,_missing_,7,6,12,6,35, , , 
82,2,6,182016,Grade 7,Grade 1,1,Walking,3,House keeping / Family business,_missing_, , , , , , ,6,2016
82,2,5,182017,Grade 1,Grade 1,1,Walking,5,House keeping / Family business,_missing_, , , , , , ,99,2019
82,2,7,182018,Grade 3,Grade 1,1,Walking,3,School too far away,_missing_,5,4,0,5,10, , , 
82,2,6,182019,Grade 4,Grade 1,1,Walking,3,School too far away,_missing_,12,11,1,5,10, , , 
82,2,6,182019,Grade 9,Grade 1,1,Walking,4,School too far away,_missing_,11,10,2,3,25, , , 
82,2,8,182020,Grade 4,Grade 1,1,Walking,3,School too far away,_missing_,6,5,10,6,25, , , 
82,2,8,182020,Grade 4,Grade 1,1,Walking,4,School too far away,_missing_,1,19,10,6,25, , , 
82,2,8,182020,Grade 10,Grade 1,1,Walking,3,School too far away,_missing_,6,5,3,3,15, , , 
82,2,8,182020,Grade 10,Grade 1,1,Walking,4,School too far away,_missing_,2,1,3,3,15, , , 
82,2,7,182021,Grade 8,Grade 1,1,Walking,3,House keeping / Family business,_missing_, , , , , , ,7, 
82,2,7,182021,Grade 8,Grade 1,1,Walking,4,Financial problems,_missing_, , , , , ,7, , 
82,2,8,182022,Grade 9,Grade 1,1,Walking,5,School too far away,_missing_,4,3,0,1,15, , , 
82,2,7,182023,Grade 9,Grade 1,1,Walking,4,School too far away,_missing_,10,9,2,6,20, , , 
82,2,7,182023,Grade 9,Grade 1,1,Walking,5,School too far away,_missing_,5,4,2,6,20, , , 
82,2,9,182027,Grade 5,Grade 1,1,Walking,4,School too far away,_missing_,8,7,1,1,15, , , 
82,2,9,182027,Grade 5,Grade 1,1,Walking,5,School too far away,_missing_,3,2,1,1,15, , , 
82,2,10,182028,Grade 5,Grade 1,1,Walking,3,School too far away,_missing_,7,6,4,6,50, , , 
82,2,10,182028,Grade 5,Grade 1,1,Walking,5,School too far away,_missing_,2,1,4,6,50, , , 
82,2,9,182029,Grade 7,Grade 1,1,Walking,3,School too far away,_missing_,13,12,6,5,20, , , 
82,2,9,182029,Grade 7,Grade 1,1,Walking,4,School too far away,_missing_,9,8,1,1,5, , , 
82,2,9,182029,Grade 7,Grade 1,1,Walking,5,School too far away,_missing_,1,19,1,1,5, , , 
82,2,12,182032,Grade 5,Grade 1,1,Walking,3,School too far away,_missing_,8,7,0,1,10, , , 
82,2,12,182032,Grade 5,Grade 1,1,Walking,4,School too far away,_missing_,2,1,0,1,10, , , 
82,2,11,182033,Grade 5,Grade 1,1,Walking,3,School too far away,_missing_,8,7,4,6,20, , , 
82,2,11,182033,Grade 5,Grade 1,1,Walking,4,School too far away,_missing_,6,5,4,6,20, , , 
82,2,11,182033,Grade 5,Grade 1,1,Walking,5,School too far away,_missing_,3,2,4,6,20, , , 
82,2,12,182034,Grade 1,Grade 1,1,Walking,3,School too far away,_missing_,12,11,0,1,3, , , 
82,2,12,182034,Grade 1,Grade 1,1,Walking,4,School too far away,_missing_,6,5,0,1,3, , , 
82,2,12,182034,Grade 1,Grade 1,1,Walking,5,School too far away,_missing_,2,1,0,1,3, , , 
82,2,11,182035,Grade 3,Grade 1,1,Walking,3,School too far away,_missing_,7,6,3,5,15, , , 
82,2,11,182035,Grade 7,Grade 1,1,Walking,3,School too far away,_missing_,8,7,3,2,15, , , 
82,2,11,182035,Grade 7,Grade 1,1,Walking,4,School too far away,_missing_,1,19,3,5,10, , , 
82,2,1,182036,Grade 10,Grade 1,1,Walking,3,School too far away,_missing_,6,5,0,1,1, , , 
82,2,2,182038,Grade 1,Grade 1,1,Walking,3,School too far away,_missing_,4,3,8,3,20, , , 
82,2,2,182038,Grade 6,Grade 1,1,Walking,3,House keeping / Family business,_missing_, , , , , , ,7, 
82,2,2,182038,Grade 6,Grade 1,1,Walking,4,School too far away,_missing_,7,6,8,6,35, , , 
82,2,2,182038,Grade 10,Grade 1,1,Walking,3,School too far away,_missing_,4,3,6,3,20, , , 
82,2,3,182039,Grade 9,Grade 1,1,Walking,3,School too far away,_missing_,1,19,3,1,30, , , 
82,2,4,182040,Grade 3,Grade 1,1,Walking,3,School too far away,_missing_,8,7,4,6,4, , , 
82,2,4,182040,Grade 3,Grade 1,1,Walking,4,School too far away,_missing_,7,6,4,6,4, , , 
82,2,4,182040,Grade 8,Grade 1,1,Walking,3,School too far away,_missing_,6,5,2,2,10, , , 
82,2,4,182040,Grade 8,Grade 1,1,Walking,4,School too far away,_missing_,4,3,2,2,10, , , 
82,2,4,182041,Grade 6,Grade 1,1,Walking,3,School too far away,_missing_,1,19,2,9,5, , , 
82,2,5,182042,Grade 4,Grade 1,1,Walking,4,School too far away,_missing_,13,12,1,5,5, , , 
82,2,5,182042,Grade 4,Grade 1,1,Walking,5,School too far away,_missing_,10,9,1,5,5, , , 
82,2,5,182042,Grade 4,Grade 1,1,Walking,7,School too far away,_missing_,1,19,1,5,5, , , 
82,2,6,182043,Grade 2,Grade 1,1,Walking,3,School too far away,_missing_,10,9,3,2,15, , , 
82,2,6,182043,Grade 2,Grade 1,1,Walking,4,House keeping / Family business,_missing_, , , , , , ,6,2017
82,2,6,182044,Grade 1,Grade 1,1,Walking,3,School too far away,_missing_,6,5,3,3,20, , , 
82,2,6,182044,Grade 1,Grade 1,1,Walking,4,School too far away,_missing_,2,1,3,3,20, , , 
82,2,6,182044,Grade 6,Grade 1,1,Walking,5,School too far away,_missing_,3,2,2,3,15, , , 
82,2,6,182044,Grade 6,Grade 1,1,Walking,6,School too far away,_missing_,1,19,2,3,15, , , 
82,2,6,182044,Grade 10,Grade 1,1,Walking,3,School too far away,_missing_,10,9,2,6,20, , , 
82,2,6,182044,Grade 10,Grade 1,1,Walking,4,School too far away,_missing_,6,5,2,6,20, , , 
82,2,6,182044,Grade 10,Grade 1,1,Walking,5,School too far away,_missing_,3,2,2,2,15, , , 
82,2,7,182045,Grade 4,Grade 1,1,Walking,4,School too far away,_missing_,2,1,2,1,30, , , 
82,2,8,182046,Grade 2,Grade 1,1,Walking,3,School too far away,_missing_,11,10,2,1,30, , , 
82,2,8,182046,Grade 2,Grade 1,1,Walking,4,School too far away,_missing_,2,1,2,1,30, , , 
82,2,8,182046,Grade 6,Grade 1,1,Walking,4,School too far away,_missing_,10,9,3,1,60, , , 
82,2,8,182047,Grade 10,Grade 1,1,Walking,3,School too far away,_missing_,6,5,1,1,15, , , 
82,3,9,182048,Grade 7,Grade 1,1,Walking,3,School too far away,_missing_,8,7,2,6,10, , , 
82,3,9,182048,Grade 7,Grade 1,1,Walking,4,School too far away,_missing_,6,5,2,6,10, , , 
82,2,10,182049,Grade 7,Grade 1,1,Walking,2,School too far away,_missing_,6,5,5,6,40, , , 
82,2,12,182052,Grade 9,Grade 1,1,Walking,4,School too far away,_missing_,5,5,4,2,3, , , 
82,2,12,182054,Grade 4,Grade 1,1,Walking,3,School too far away,_missing_,3,2,1,1,20, , , 
82,2,12,182054,Grade 10,Grade 1,1,Walking,5,School too far away,_missing_,4,3,12,6,60, , , 
82,2,1,182055,Grade 9,Grade 1,1,Walking,3,School too far away,_missing_,5,4,2,2,20, , , 
82,2,1,182055,Grade 9,Grade 1,1,Walking,4,Financial problems,_missing_, , , , , ,9, , 
82,2,2,182056,Grade 3,Grade 1,1,Walking,3,School too far away,_missing_,12,11,3,3,10, , , 
82,2,2,182056,Grade 3,Grade 1,1,Walking,4,School too far away,_missing_,6,5,3,3,10, , , 
82,2,3,182057,Grade 1,Grade 1,1,Walking,4,School too far away,_missing_,4,3,18,5,35, , , 
82,2,3,182057,Grade 10,Grade 1,1,Walking,3,School too far away,_missing_,9,8,0,1,20, , , 
82,2,3,182058,Grade 5,Grade 1,1,Walking,3,House keeping / Family business,_missing_, , , , , , ,6,2017
82,2,3,182058,Grade 5,Grade 1,1,Walking,4,School too far away,_missing_,10,9,4,3,30, , , 
82,2,3,182058,Grade 9,Grade 1,1,Walking,3,House keeping / Family business,_missing_, , , , , , ,4,2012
82,2,5,182060,Grade 3,Grade 1,1,Walking,3,School too far away,_missing_,7,6,1,1,30, , , 
82,2,5,182060,Grade 7,Grade 1,1,Walking,3,Financial problems,_missing_, , , , , ,7, , 
82,2,5,182061,Grade 5,Grade 1,1,Walking,3,School too far away,_missing_,9,8,4,6,25, , , 
82,2,5,182061,Grade 5,Grade 1,1,Walking,4,School too far away,_missing_,4,3,4,6,25, , , 
82,2,6,182062,Grade 1,Grade 1,1,Walking,5,School too far away,_missing_,6,5,0,2,25, , , 
82,2,6,182062,Grade 1,Grade 1,1,Walking,6,School too far away,_missing_,2,1,0,2,25, , , 
82,2,7,182063,Grade 6,Grade 1,1,Walking,3,School too far away,_missing_,8,7,1,3,10, , , 
82,2,7,182064,Grade 8,Grade 1,1,Walking,2,House keeping / Family business,_missing_, , , , , , ,6,2018
82,2,7,182064,Grade 8,Grade 1,1,Walking,3,School too far away,_missing_,11,10,0,1,5, , , 
82,2,8,182065,Grade 3,Grade 1,1,Walking,3,School too far away,_missing_,6,5,2,2,20, , , 
82,2,8,182065,Grade 3,Grade 1,1,Walking,4,School too far away,_missing_,2,1,2,2,20, , , 
82,2,8,182065,Grade 3,Grade 1,1,Walking,5,Financial problems,_missing_, , , , , ,7, , 
82,2,8,182065,Grade 7,Grade 1,1,Walking,4,School too far away,_missing_,13,12,1,6,20, , , 
82,2,8,182065,Grade 7,Grade 1,1,Walking,5,School too far away,_missing_,8,7,1,6,20, , , 
82,2,9,182066,Grade 5,Grade 1,1,Walking,4,School too far away,_missing_,13,12,1,1,20, , , 
82,2,9,182066,Grade 5,Grade 1,1,Walking,5,School too far away,_missing_,6,5,1,1,20, , , 
82,2,9,182067,Grade 1,Grade 1,1,Walking,4,School too far away,_missing_,13,12,15,6,45, , , 
82,2,9,182067,Grade 5,Grade 1,1,Walking,3,House keeping / Family business,_missing_, , , , , , ,7, 
82,2,9,182067,Grade 5,Grade 1,1,Walking,4,School too far away,_missing_,6,5,7,6,30, , , 
82,2,9,182067,Grade 5,Grade 1,1,Walking,5,School too far away,_missing_,1,19,7,6,30, , , 
82,2,10,182068,Grade 7,Grade 1,1,Walking,5,School too far away,_missing_,2,1,3,6,35, , , 
82,2,11,182069,Grade 2,Grade 1,1,Walking,4,School too far away,_missing_,9,8,1,1,20, , , 
82,2,11,182069,Grade 8,Grade 1,1,Walking,2,School too far away,_missing_,12,11,1,1,30, , , 
82,2,11,182070,Grade 4,Grade 1,1,Walking,5,School too far away,_missing_,1,19,3,6,30, , , 
82,2,11,182070,Grade 8,Grade 1,1,Walking,3,School too far away,_missing_,4,3,2,3,15, , , 
82,2,12,182071,Grade 2,Grade 1,1,Walking,4,School too far away,_missing_,11,10,5,3,30, , , 
82,2,12,182071,Grade 2,Grade 1,1,Walking,5,School too far away,_missing_,4,3,0,3,8, , , 
91,2,1,191001,Grade 4,Grade 1,1,Walking,3,House keeping / Family business,_missing_, , , , , , ,8,2018
91,2,1,191002,Grade 1,Grade 1,1,Walking,4,School too far away,_missing_,13,12,32,6,75, , , 
91,2,1,191002,Grade 7,Grade 1,1,Walking,3,School too far away,_missing_,1,19,1,1,20, , , 
91,2,1,191003,Grade 1,Grade 1,1,Walking,3,School too far away,_missing_,8,7,15,5,65, , , 
91,2,1,191003,Grade 10,Grade 1,1,Walking,3,House keeping / Family business,_missing_, , , , , , ,7, 
91,2,1,191003,Grade 10,Grade 1,1,Walking,4,School too far away,_missing_,4,3,8,5,45, , , 
91,2,2,191004,Grade 5,Grade 1,1,Walking,3,House keeping / Family business,_missing_, , , , , , ,7, 
91,2,2,191004,Grade 5,Grade 1,1,Walking,4,School too far away,_missing_,7,6,2,3,10, , , 
91,2,1,191005,Grade 8,Grade 1,1,Walking,3,School too far away,_missing_,12,12,12,5,30, , , 
91,2,1,191005,Grade 8,Grade 1,1,Walking,4,School too far away,_missing_,9,8,12,5,30, , , 
91,2,2,191006,Grade 2,Grade 1,1,Walking,3,School too far away,_missing_,3,2,6,6,60, , , 
91,2,2,191006,Grade 2,Grade 1,1,Walking,4,School too far away,_missing_,9,8,2,1,40, , , 
91,2,2,191007,Grade 3,Grade 1,1,Walking,3,School too far away,_missing_,13,11,2,3,10, , , 
91,2,2,191007,Grade 3,Grade 1,1,Walking,4,School too far away,_missing_,8,7,2,3,10, , , 
91,2,2,191007,Grade 7,Grade 1,1,Walking,3,School too far away,_missing_,13,12,20,6,45, , , 
91,2,2,191007,Grade 7,Grade 1,1,Walking,4,School too far away,_missing_,8,7,3,6,25, , , 
91,2,3,191008,Grade 3,Grade 1,1,Walking,5,School too far away,_missing_,1,19,1,5,5, , , 
91,2,3,191008,Grade 7,Grade 1,1,Walking,3,School too far away,_missing_,5,4,2,5,10, , , 
91,2,3,191008,Grade 7,Grade 1,1,Walking,4,School too far away,_missing_,3,2,2,5,10, , , 
91,2,2,191009,Grade 6,Grade 1,1,Walking,5,School too far away,_missing_,8,7,20,5,60, , , 
91,1,3,191011,Grade 2,Grade 1,1,Walking,3,School too far away,_missing_,7,6,0,3,5, , , 
91,1,3,191011,Grade 2,Grade 1,1,Walking,4,School too far away,_missing_,2,1,7,5,30, , , 
91,1,3,191011,Grade 6,Grade 1,1,Walking,3,School too far away,_missing_,1,19,6,3,25, , , 
91,2,4,191012,Grade 1,Grade 1,1,Walking,3,School too far away,_missing_,9,8,0,1,20, , , 
91,2,4,191012,Grade 1,Grade 1,1,Walking,4,School too far away,_missing_,7,6,0,1,20, , , 
91,2,4,191012,Grade 1,Grade 1,1,Walking,5,School too far away,_missing_,7,6,0,1,20, , , 
91,2,4,191012,Grade 10,Grade 1,1,Walking,3,School too far away,_missing_,7,6,0,3,20, , , 
91,2,3,191013,Grade 8,Grade 1,1,Walking,3,School too far away,_missing_,10,9,1,1,15, , , 
91,2,3,191013,Grade 8,Grade 1,1,Walking,4,School too far away,_missing_,7,6,1,1,15, , , 
91,2,3,191013,Grade 8,Grade 1,1,Walking,5,School too far away,_missing_,4,3,1,1,15, , , 
91,2,4,191014,Grade 2,Grade 1,1,Walking,3,School too far away,_missing_,11,10,1,5,15, , , 
91,2,4,191014,Grade 2,Grade 1,1,Walking,4,School too far away,_missing_,8,7,6,6,30, , , 
91,2,4,191015,Grade 4,Grade 1,1,Walking,5,School too far away,_missing_,9,8,2,5,15, , , 
91,2,5,191016,Grade 4,Grade 1,1,Walking,4,School too far away,_missing_,13,12,3,6,15, , , 
91,2,5,191016,Grade 4,Grade 1,1,Walking,5,School too far away,_missing_,4,3,3,5,15, , , 
91,2,5,191016,Grade 8,Grade 1,1,Walking,3,School too far away,_missing_,3,2,0,1,15, , , 
91,3,4,191017,Grade 2,Grade 1,1,Walking,3,School too far away,_missing_,10,9,23,5,60, , , 
91,2,5,191019,Grade 2,Grade 1,1,Walking,4,House keeping / Family business,_missing_, , , , , , ,7, 
91,2,5,191019,Grade 2,Grade 1,1,Walking,5,School too far away,_missing_,8,7,0,1,5, , , 
91,2,5,191019,Grade 7,Grade 1,1,Walking,5,School too far away,_missing_,12,11,0,1,5, , , 
91,2,6,191020,Grade 1,Grade 1,1,Walking,4,School too far away,_missing_,7,6,10,6,45, , , 
91,2,6,191020,Grade 5,Grade 1,1,Walking,5,School too far away,_missing_,11,10,2,1,30, , , 
91,2,6,191020,Grade 9,Grade 1,1,Walking,4,School too far away,_missing_,3,2,3,1,30, , , 
91,2,5,191021,Grade 3,Grade 1,1,Walking,3,School too far away,_missing_,13,12,2,6,10, , , 
91,2,5,191021,Grade 3,Grade 1,1,Walking,4,School too far away,_missing_,11,10,2,6,10, , , 
91,2,5,191021,Grade 7,Grade 1,1,Walking,3,School too far away,_missing_,10,9,23,5,40, , , 
91,2,6,191022,Grade 5,Grade 1,1,Walking,3,School too far away,_missing_,2,1,2,5,15, , , 
91,2,6,191022,Grade 10,Grade 1,1,Walking,3,House keeping / Family business,_missing_, , , , , , ,6,2018
91,2,6,191022,Grade 10,Grade 1,1,Walking,4,School too far away,_missing_,11,10,1,1,15, , , 
91,2,7,191023,Grade 5,Grade 1,1,Walking,2,School too far away,_missing_,6,5,0,1,10, , , 
91,2,7,191023,Grade 5,Grade 1,1,Walking,3,School too far away,_missing_,6,5,0,1,10, , , 
91,2,7,191023,Grade 5,Grade 1,1,Walking,4,School too far away,_missing_,1,19,0,1,10, , , 
91,3,6,191024,Grade 5,Grade 1,1,Walking,2,School too far away,_missing_,9,8,6,1,50, , , 
91,3,6,191024,Grade 5,Grade 1,1,Walking,3,School too far away,_missing_,7,6,6,1,50, , , 
91,3,6,191024,Grade 5,Grade 1,1,Walking,4,School too far away,_missing_,3,2,6,5,30, , , 
91,3,6,191024,Grade 5,Grade 1,1,Walking,5,School too far away,_missing_,2,1,6,5,30, , , 
91,3,6,191024,Grade 9,Grade 1,1,Walking,3,School too far away,_missing_,10,9,6,3,30, , , 
91,3,6,191024,Grade 9,Grade 1,1,Walking,4,School too far away,_missing_,9,8,6,3,30, , , 
91,3,6,191024,Grade 9,Grade 1,1,Walking,5,School too far away,_missing_,2,1,6,3,30, , , 
91,2,7,191026,Grade 9,Grade 1,1,Walking,3,School too far away,_missing_,11,10,2,6,30, , , 
91,3,8,191027,Grade 9,Grade 1,1,Walking,3,School too far away,_missing_,4,3,0,1,10, , , 
91,2,7,191028,Grade 8,Grade 1,1,Walking,4,School too far away,_missing_,11,10,0,1,15, , , 
91,2,7,191028,Grade 8,Grade 1,1,Walking,5,School too far away,_missing_,4,3,7,5,40, , , 
91,2,8,191029,Grade 2,Grade 1,1,Walking,2,School too far away,_missing_,9,8,25,5,50, , , 
91,2,8,191029,Grade 2,Grade 1,1,Walking,3,School too far away,_missing_,6,5,3,3,20, , , 
91,2,8,191030,Grade 4,Grade 1,1,Walking,3,School too far away,_missing_,12,11,2,5,20, , , 
91,2,8,191030,Grade 4,Grade 1,1,Walking,4,School too far away,_missing_,9,8,2,5,20, , , 
91,2,8,191030,Grade 4,Grade 1,1,Walking,5,School too far away,_missing_,4,3,2,5,20, , , 
91,2,9,191031,Grade 3,Grade 1,1,Walking,3,School too far away,_missing_,2,1,0,1,15, , , 
91,2,8,191032,Grade 9,Grade 1,1,Walking,3,School too far away,_missing_,12,11,15,5,60, , , 
91,2,9,191033,Grade 5,Grade 1,1,Walking,3,School too far away,_missing_,10,9,15,5,30, , , 
91,2,9,191034,Grade 1,Grade 1,1,Walking,3,School too far away,_missing_,9,8,29,5,45, , , 
91,2,9,191034,Grade 1,Grade 1,1,Walking,4,School too far away,_missing_,6,5,29,5,45, , , 
91,2,10,191035,Grade 1,Grade 1,1,Walking,3,House keeping / Family business,_missing_, , , , , , ,6,2016
91,2,9,191036,Grade 1,Grade 1,1,Walking,3,School too far away,_missing_,13,12,40,6,120, , , 
91,2,9,191036,Grade 1,Grade 1,1,Walking,4,School too far away,_missing_,2,1,4,3,20, , , 
91,2,10,191037,Grade 9,Grade 1,1,Walking,4,School too far away,_missing_,7,6,6,5,30, , , 
91,2,11,191039,Grade 9,Grade 1,1,Walking,4,School too far away,_missing_,10,9,13,6,45, , , 
91,2,10,191040,Grade 3,Grade 1,1,Walking,3,School too far away,_missing_,1,19,4,2,15, , , 
91,3,11,191041,Grade 9,Grade 1,1,Walking,3,School too far away,_missing_,4,3,4,5,40, , , 
91,3,11,191041,Grade 9,Grade 1,1,Walking,4,School too far away,_missing_,3,2,4,5,40, , , 
91,2,11,191042,Grade 1,Grade 1,1,Walking,3,School too far away,_missing_,9,8,15,5,30, , , 
91,2,11,191042,Grade 1,Grade 1,1,Walking,4,School too far away,_missing_,3,2,0,1,10, , , 
91,2,11,191044,Grade 6,Grade 1,1,Walking,3,School too far away,_missing_,9,8,5,6,20, , , 
91,1,12,191045,Grade 1,Grade 1,1,Walking,3,Financial problems,_missing_, , , , , ,7, , 
91,2,12,191046,Grade 4,Grade 1,1,Walking,3,House keeping / Family business,_missing_, , , , , , ,6,2017
91,2,12,191046,Grade 8,Grade 1,1,Walking,4,School too far away,_missing_,13,13,13,6,30, , , 
91,1,1,191047,Grade 2,Grade 1,1,Walking,3,School too far away,_missing_,12,11,1,6,10, , , 
91,1,1,191047,Grade 7,Grade 1,1,Walking,4,School too far away,_missing_,13,12,0,1,5, , , 
91,3,12,191048,Grade 7,Grade 1,1,Walking,3,School too far away,_missing_,3,2,8,3,30, , , 
91,1,1,191049,Grade 6,Grade 1,1,Walking,4,School too far away,_missing_,6,5,2,1,30, , , 
91,1,1,191049,Grade 6,Grade 1,1,Walking,5,School too far away,_missing_,1,19,2,1,30, , , 
91,2,2,191050,Grade 9,Grade 1,1,Walking,3,School too far away,_missing_,9,8,1,3,6, , , 
91,2,2,191050,Grade 9,Grade 1,1,Walking,4,School too far away,_missing_,5,4,1,3,6, , , 
91,2,2,191051,Grade 3,Grade 1,1,Walking,2,School too far away,_missing_,9,8,0,1,5, , , 
91,2,2,191051,Grade 7,Grade 1,1,Walking,3,House keeping / Family business,_missing_, , , , , , ,6,2016
91,2,3,191052,Grade 5,Grade 1,1,Walking,3,School too far away,_missing_,10,9,7,6,30, , , 
91,3,5,191056,Grade 1,Grade 1,1,Walking,8,School too far away,_missing_,1,19,6,1,45, , , 
91,3,5,191056,Grade 5,Grade 1,1,Walking,3,House keeping / Family business,_missing_, , , , , , ,6,2016
91,2,5,191057,Grade 6,Grade 1,1,Walking,3,School too far away,_missing_,4,3,0,1,18, , , 
91,2,6,191059,Grade 7,Grade 1,1,Walking,2,School too far away,_missing_,2,1,5,3,20, , , 
91,2,7,191060,Grade 3,Grade 1,1,Walking,3,School too far away,_missing_,1,19,1,3,10, , , 
91,2,7,191060,Grade 7,Grade 1,1,Walking,4,School too far away,_missing_,4,3,6,3,10, , , 
91,2,7,191060,Grade 7,Grade 1,1,Walking,5,Financial problems,_missing_, , , , , ,7, , 
91,2,7,191061,Grade 6,Grade 1,1,Walking,4,School too far away,_missing_,4,3,0,1,15, , , 
91,2,8,191062,Grade 5,Grade 1,1,Walking,3,School too far away,_missing_,12,11,24,6,80, , , 
91,2,8,191062,Grade 5,Grade 1,1,Walking,4,School too far away,_missing_,6,5,4,3,3, , , 
91,2,8,191062,Grade 10,Grade 1,1,Walking,4,School too far away,_missing_,12,11,13,6,40, , , 
91,2,8,191062,Grade 10,Grade 1,1,Walking,5,School too far away,_missing_,12,11,10,6,40, , , 
91,2,8,191063,Grade 4,Grade 1,1,Walking,5,School too far away,_missing_,2,1,2,6,20, , , 
91,2,8,191063,Grade 8,Grade 1,1,Walking,3,School too far away,_missing_,8,7,1,6,10, , , 
91,1,9,191064,Grade 5,Grade 1,1,Walking,3,School too far away,_missing_,8,7,2,5,20, , , 
91,1,9,191064,Grade 5,Grade 1,1,Walking,4,School too far away,_missing_,7,6,2,5,20, , , 
91,1,9,191064,Grade 5,Grade 1,1,Walking,5,School too far away,_missing_,5,4,2,5,20, , , 
91,2,1,191065,Grade 3,Grade 1,1,Walking,4,House keeping / Family business,_missing_, , , , , , ,8,2017
91,2,9,191066,Grade 3,Grade 1,1,Walking,4,School too far away,_missing_,12,11,15,6,45, , , 
91,2,1,191067,Grade 5,Grade 1,1,Walking,3,School too far away,_missing_,11,10,5,6,40, , , 
91,2,10,191068,Grade 6,Grade 1,1,Walking,3,School too far away,_missing_,6,5,2,5,10, , , 
91,2,2,191069,Grade 4,Grade 1,1,Walking,4,School too far away,_missing_,10,9,2,3,5, , , 
91,2,2,191069,Grade 8,Grade 1,1,Walking,4,School too far away,_missing_,3,2,0,1,5, , , 
91,2,10,191070,Grade 2,Grade 1,1,Walking,4,School too far away,_missing_,5,4,2,6,30, , , 
91,2,10,191070,Grade 7,Grade 1,1,Walking,4,House keeping / Family business,_missing_, , , , , , ,6,2013
91,3,2,191071,Grade 9,Grade 1,1,Walking,3,School too far away,_missing_,12,11,35,6,60, , , 
91,3,2,191071,Grade 9,Grade 1,1,Walking,4,House keeping / Family business,_missing_, , , , , , ,99,2016
91,2,11,191072,Grade 1,Grade 1,1,Walking,4,School too far away,_missing_,12,11,9,6,20, , , 
91,2,11,191072,Grade 6,Grade 1,1,Walking,4,School too far away,_missing_,10,9,12,6,20, , , 
91,3,3,191073,Grade 7,Grade 1,1,Walking,3,School too far away,_missing_,7,6,4,6,30, , , 
91,2,11,191074,Grade 1,Grade 1,1,Walking,3,School too far away,_missing_,9,8,4,6,20, , , 
91,2,11,191074,Grade 1,Grade 1,1,Walking,4,School too far away,_missing_,2,1,1,1,15, , , 
91,2,11,191074,Grade 5,Grade 1,1,Walking,5,School too far away,_missing_,7,6,6,6,30, , , 
91,1,12,191076,Grade 8,Grade 1,1,Walking,2,School too far away,_missing_,6,5,1,1,15, , , 
91,1,12,191076,Grade 8,Grade 1,1,Walking,3,Financial problems,_missing_, , , , , ,7, , 
91,2,4,191077,Grade 9,Grade 1,1,Walking,3,School too far away,_missing_,10,9,10,6,20, , , 
91,2,4,191077,Grade 9,Grade 1,1,Walking,4,School too far away,_missing_,8,7,10,6,20, , , 
91,2,4,191079,Grade 6,Grade 1,1,Walking,3,School too far away,_missing_,11,10,6,6,25, , , 
91,2,6,191083,Grade 1,Grade 1,1,Walking,4,School too far away,_missing_,8,7,3,3,15, , , 
91,2,6,191083,Grade 9,Grade 1,1,Walking,2,School too far away,_missing_,9,8,2,6,20, , , 
91,2,6,191083,Grade 9,Grade 1,1,Walking,3,School too far away,_missing_,5,4,2,6,20, , , 
91,2,7,191084,Grade 5,Grade 1,1,Walking,3,House keeping / Family business,_missing_, , , , , , ,6,2017
91,2,7,191084,Grade 5,Grade 1,1,Walking,4,House keeping / Family business,_missing_, , , , , , ,6,2015
91,2,7,191084,Grade 5,Grade 1,1,Walking,6,School too far away,_missing_,4,3,2,1,20, , , 
91,2,7,191086,Grade 1,Grade 1,1,Walking,4,School too far away,_missing_,7,6,5,6,45, , , 
91,2,7,191086,Grade 5,Grade 1,1,Walking,3,School too far away,_missing_,8,7,2,2,20, , , 
91,3,8,191087,Grade 5,Grade 1,1,Walking,3,School too far away,_missing_,3,2,5,1,60, , , 
91,2,9,191089,Grade 3,Grade 1,1,Walking,5,School too far away,_missing_,3,2,3,2,20, , , 
91,2,10,191091,Grade 4,Grade 1,1,Walking,3,School too far away,_missing_,6,5,2,1,10, , , 
91,2,10,191091,Grade 4,Grade 1,1,Walking,4,School too far away,_missing_,1,19,0,1,10, , , 
91,2,10,191091,Grade 9,Grade 1,1,Walking,4,School too far away,_missing_,13,12,0,1,10, , , 
91,2,10,191091,Grade 9,Grade 1,1,Walking,5,School too far away,_missing_,10,9,0,1,10, , , 
91,2,10,191091,Grade 9,Grade 1,1,Walking,6,School too far away,_missing_,7,6,0,1,10, , , 
91,2,10,191092,Grade 4,Grade 1,1,Walking,3,School too far away,_missing_,10,9,0,1,10, , , 
91,2,10,191092,Grade 4,Grade 1,1,Walking,4,School too far away,_missing_,6,5,0,1,10, , , 
91,2,11,191093,Grade 1,Grade 1,1,Walking,3,School too far away,_missing_,7,6,27,5,60, , , 
91,2,11,191093,Grade 5,Grade 1,1,Walking,3,School too far away,_missing_,12,11,27,5,75, , , 
91,2,11,191093,Grade 10,Grade 1,1,Walking,2,School too far away,_missing_,12,11,15,6,40, , , 
91,2,11,191094,Grade 4,Grade 1,1,Walking,3,House keeping / Family business,_missing_, , , , , , ,6,2017
91,2,11,191094,Grade 4,Grade 1,1,Walking,4,School too far away,_missing_,8,7,4,6,35, , , 
91,2,11,191094,Grade 4,Grade 1,1,Walking,5,School too far away,_missing_,3,2,4,6,35, , , 
91,2,12,191095,Grade 1,Grade 1,1,Walking,3,House keeping / Family business,_missing_, , , , , , ,3,2019
91,2,12,191095,Grade 1,Grade 1,1,Walking,4,School too far away,_missing_,13,12,3,1,20, , , 
91,2,12,191095,Grade 5,Grade 1,1,Walking,3,School too far away,_missing_,4,3,3,5,1, , , 
91,2,12,191095,Grade 5,Grade 1,1,Walking,4,Financial problems,_missing_, , , , , ,7, , 
91,2,12,191096,Grade 5,Grade 1,1,Walking,5,School too far away,_missing_,2,1,1,6,10, , , 
92,2,1,192001,Grade 2,Grade 1,1,Walking,3,House keeping / Family business,_missing_, , , , , , ,4,2013
92,2,1,192001,Grade 7,Grade 1,1,Walking,3,House keeping / Family business,_missing_, , , , , , ,9,2018
92,2,1,192001,Grade 7,Grade 1,1,Walking,4,School too far away,_missing_,12,11,4,6,35, , , 
92,2,2,192002,Grade 7,Grade 1,1,Walking,2,School too far away,_missing_,4,3,3,3,10, , , 
92,2,2,192002,Grade 7,Grade 1,1,Walking,3,School too far away,_missing_,1,19,3,3,10, , , 
92,2,1,192003,Grade 1,Grade 1,1,Walking,3,School too far away,_missing_,9,8,5,5,60, , , 
92,2,2,192004,Grade 1,Grade 1,1,Walking,2,School too far away,_missing_,13,12,0,1,5, , , 
92,2,2,192004,Grade 1,Grade 1,1,Walking,3,School too far away,_missing_,11,11,0,1,5, , , 
92,2,2,192004,Grade 1,Grade 1,1,Walking,4,School too far away,_missing_,8,7,0,1,5, , , 
92,2,1,192005,Grade 4,Grade 1,1,Walking,6,School too far away,_missing_,9,8,7,6,45, , , 
92,2,3,192006,Grade 4,Grade 1,1,Walking,2,School too far away,_missing_,13,12,2,6,10, , , 
92,2,3,192006,Grade 4,Grade 1,1,Walking,3,School too far away,_missing_,7,6,2,6,10, , , 
92,2,3,192006,Grade 8,Grade 1,1,Walking,3,School too far away,_missing_,10,9,3,6,10, , , 
92,2,2,192007,Grade 2,Grade 1,1,Walking,5,School too far away,_missing_,7,6,16,5,70, , , 
92,2,2,192007,Grade 7,Grade 1,1,Walking,4,School too far away,_missing_,10,9,8,5,60, , , 
92,3,3,192008,Grade 4,Grade 1,1,Walking,3,School too far away,_missing_,13,12,2,1,60, , , 
92,3,3,192008,Grade 4,Grade 1,1,Walking,4,School too far away,_missing_,10,9,2,1,60, , , 
92,3,3,192008,Grade 4,Grade 1,1,Walking,5,School too far away,_missing_,1,19,2,1,60, , , 
92,2,2,192009,Grade 7,Grade 1,1,Walking,5,School too far away,_missing_,2,1,2,6,28, , , 
92,2,4,192010,Grade 8,Grade 1,1,Walking,3,School too far away,_missing_,12,11,12,6,40, , , 
92,2,3,192011,Grade 3,Grade 1,1,Walking,3,School too far away,_missing_,2,1,8,5,20, , , 
92,2,4,192012,Grade 5,Grade 1,1,Walking,3,School too far away,_missing_,3,2,0,1,10, , , 
92,2,4,192012,Grade 5,Grade 1,1,Walking,4,School too far away,_missing_,1,19,0,1,10, , , 
92,2,4,192013,Grade 5,Grade 1,1,Walking,5,School too far away,_missing_,9,8,3,6,30, , , 
92,2,4,192013,Grade 5,Grade 1,1,Walking,6,School too far away,_missing_,2,1,3,6,30, , , 
92,2,4,192015,Grade 2,Grade 1,1,Walking,3,School too far away,_missing_,13,12,12,3,5, , , 
92,2,4,192015,Grade 2,Grade 1,1,Walking,4,School too far away,_missing_,6,5,5,3,5, , , 
92,2,4,192015,Grade 2,Grade 1,1,Walking,5,School too far away,_missing_,3,2,2,3,5, , , 
92,2,6,192016,Grade 4,Grade 1,1,Walking,3,School too far away,_missing_,11,10,1,1,10, , , 
92,2,6,192016,Grade 4,Grade 1,1,Walking,4,School too far away,_missing_,8,7,1,1,10, , , 
92,2,6,192016,Grade 10,Grade 1,1,Walking,5,School too far away,_missing_,1,19,2,5,10, , , 
92,3,6,192018,Grade 5,Grade 1,1,Walking,3,School too far away,_missing_,6,5,3,6,30, , , 
92,3,6,192018,Grade 5,Grade 1,1,Walking,4,School too far away,_missing_,2,1,3,6,20, , , 
92,2,5,192019,Grade 1,Grade 1,1,Walking,3,School too far away,_missing_,12,11,3,5,90, , , 
92,2,5,192019,Grade 5,Grade 1,1,Walking,7,House keeping / Family business,_missing_, , , , , , ,6,2018
92,2,7,192020,Grade 2,Grade 1,1,Walking,4,House keeping / Family business,_missing_, , , , , , ,6,2018
92,2,7,192020,Grade 2,Grade 1,1,Walking,5,School too far away,_missing_,8,7,0,1,3, , , 
92,3,7,192022,Grade 3,Grade 1,1,Walking,3,School too far away,_missing_,7,6,1,1,20, , , 
92,2,6,192023,Grade 6,Grade 1,1,Walking,4,House keeping / Family business,_missing_, , , , , , ,9,2017
92,2,8,192026,Grade 1,Grade 1,1,Walking,3,House keeping / Family business,_missing_, , , , , , ,9,2018
92,2,8,192026,Grade 10,Grade 1,1,Walking,3,School too far away,_missing_,9,8,15,6,40, , , 
92,2,8,192026,Grade 10,Grade 1,1,Walking,4,School too far away,_missing_,4,3,4,5,35, , , 
92,2,9,192028,Grade 1,Grade 1,1,Walking,5,School too far away,_missing_,6,5,21,5,40, , , 
92,2,9,192028,Grade 1,Grade 1,1,Walking,6,School too far away,_missing_,2,1,3,3,25, , , 
92,2,8,192029,Grade 2,Grade 1,1,Walking,3,School too far away,_missing_,9,8,2,6,20, , , 
92,2,8,192029,Grade 6,Grade 1,1,Walking,4,School too far away,_missing_,10,9,12,5,60, , , 
92,2,10,192030,Grade 10,Grade 1,1,Walking,3,School too far away,_missing_,5,4,8,5,45, , , 
92,2,9,192031,Grade 10,Grade 1,1,Walking,3,School too far away,_missing_,7,6,5,5,20, , , 
92,2,10,192032,Grade 9,Grade 1,1,Walking,4,School too far away,_missing_,12,11,0,1,10, , , 
92,2,9,192033,Grade 7,Grade 1,1,Walking,3,House keeping / Family business,_missing_, , , , , , ,7,2019
92,2,9,192033,Grade 7,Grade 1,1,Walking,4,School too far away,_missing_,9,8,5,6,20, , , 
92,2,11,192034,Grade 1,Grade 1,1,Walking,3,School too far away,_missing_,6,5,7,5,30, , , 
92,2,11,192034,Grade 1,Grade 1,1,Walking,4,Financial problems,_missing_, , , , , ,7, , 
92,2,11,192034,Grade 9,Grade 1,1,Walking,3,School too far away,_missing_,5,4,6,5,45, , , 
92,2,11,192034,Grade 9,Grade 1,1,Walking,4,School too far away,_missing_,3,2,6,5,45, , , 
92,2,10,192035,Grade 8,Grade 1,1,Walking,3,School too far away,_missing_,10,9,1,1,15, , , 
92,2,11,192036,Grade 10,Grade 1,1,Walking,2,School too far away,_missing_,11,10,1,6,25, , , 
92,2,10,192037,Grade 4,Grade 1,1,Walking,4,School too far away,_missing_,11,10,2,1,30, , , 
92,2,10,192037,Grade 4,Grade 1,1,Walking,5,School too far away,_missing_,7,6,2,1,30, , , 
92,2,12,192038,Grade 3,Grade 1,1,Walking,3,School too far away,_missing_,11,10,1,1,15, , , 
92,2,12,192038,Grade 3,Grade 1,1,Walking,4,School too far away,_missing_,4,3,1,1,15, , , 
92,2,12,192038,Grade 3,Grade 1,1,Walking,5,School too far away,_missing_,2,1,1,1,15, , , 
92,2,12,192038,Grade 8,Grade 1,1,Walking,7,House keeping / Family business,_missing_, , , , , , ,6,2019
92,2,11,192039,Grade 3,Grade 1,1,Walking,5,School too far away,_missing_,5,4,0,1,20, , , 
92,2,11,192039,Grade 3,Grade 1,1,Walking,6,School too far away,_missing_,1,19,0,1,20, , , 
92,2,12,192040,Grade 3,Grade 1,1,Walking,2,School too far away,_missing_,3,2,2,1,35, , , 
92,2,12,192040,Grade 7,Grade 1,1,Walking,6,School too far away,_missing_,1,19,17,5,50, , , 
92,2,11,192041,Grade 3,Grade 1,1,Walking,3,House keeping / Family business,_missing_, , , , , , ,9,2018
92,2,11,192041,Grade 3,Grade 1,1,Walking,4,School too far away,_missing_,9,8,2,6,20, , , 
92,2,11,192041,Grade 10,Grade 1,1,Walking,3,School too far away,_missing_,7,6,2,5,30, , , 
92,2,11,192041,Grade 10,Grade 1,1,Walking,4,Financial problems,_missing_, , , , , ,7, , 
92,2,12,192042,Grade 5,Grade 1,1,Walking,4,School too far away,_missing_,6,5,1,5,30, , , 
92,2,12,192042,Grade 5,Grade 1,1,Walking,5,School too far away,_missing_,1,19,1,5,30, , , 
92,2,12,192042,Grade 10,Grade 1,1,Walking,4,School too far away,_missing_,11,10,5,6,40, , , 
92,2,12,192042,Grade 10,Grade 1,1,Walking,5,School too far away,_missing_,11,10,3,1,25, , , 
92,2,2,192045,Grade 7,Grade 1,1,Walking,4,House keeping / Family business,_missing_, , , , , , ,6,2015
92,2,4,192048,Grade 8,Grade 1,1,Walking,3,School too far away,_missing_,9,8,0,1,5, , , 
92,1,5,192050,Grade 5,Grade 1,1,Walking,4,House keeping / Family business,_missing_, , , , , , ,8,2018
92,1,5,192050,Grade 9,Grade 1,1,Walking,2,School too far away,_missing_,5,4,2,1,10, , , 
92,2,5,192051,Grade 7,Grade 1,1,Walking,3,School too far away,_missing_,13,12,44,6,80, , , 
92,2,6,192052,Grade 5,Grade 1,1,Walking,3,House keeping / Family business,_missing_, , , , , , ,6,2018
92,2,6,192052,Grade 9,Grade 1,1,Walking,2,House keeping / Family business,_missing_, , , , , , ,8,2018
92,2,7,192054,Grade 6,Grade 1,1,Walking,6,School too far away,_missing_,11,10,1,5,5, , , 
92,2,7,192054,Grade 10,Grade 1,1,Walking,3,House keeping / Family business,_missing_, , , , , , ,8,2018
92,2,7,192054,Grade 10,Grade 1,1,Walking,4,School too far away,_missing_,4,3,1,1,5, , , 
92,2,7,192054,Grade 10,Grade 1,1,Walking,5,School too far away,_missing_,12,11,1,1,5, , , 
92,2,8,192055,Grade 4,Grade 1,1,Walking,3,School too far away,_missing_,14,14,4,3,15, , , 
92,2,8,192055,Grade 8,Grade 1,1,Walking,5,School too far away,_missing_,12,11,0,1,8, , , 
92,2,8,192055,Grade 8,Grade 1,1,Walking,6,School too far away,_missing_,10,9,0,1,8, , , 
92,3,9,192058,Grade 9,Grade 1,1,Walking,4,School too far away,_missing_,3,2,1,5,20, , , 
92,2,10,192059,Grade 2,Grade 1,1,Walking,3,School too far away,_missing_,7,6,5,6,90, , , 
92,2,10,192059,Grade 6,Grade 1,1,Walking,4,House keeping / Family business,_missing_, , , , , , ,9,2017
92,2,1,192060,Grade 6,Grade 1,1,Walking,3,School too far away,_missing_,8,7,10,5,20, , , 
92,2,1,192060,Grade 6,Grade 1,1,Walking,4,School too far away,_missing_,3,2,0,1,5, , , 
92,3,10,192061,Grade 6,Grade 1,1,Walking,3,School too far away,_missing_,7,6,2,1,20, , , 
92,3,10,192061,Grade 6,Grade 1,1,Walking,4,School too far away,_missing_,2,1,2,1,20, , , 
92,2,1,192062,Grade 1,Grade 1,1,Walking,2,School too far away,_missing_,13,12,36,6,60, , , 
92,2,11,192063,Grade 4,Grade 1,1,Walking,3,School too far away,_missing_,13,12,7,6,30, , , 
92,2,2,192066,Grade 3,Grade 1,1,Walking,3,School too far away,_missing_,11,10,5,5,30, , , 
92,2,2,192066,Grade 9,Grade 1,1,Walking,3,School too far away,_missing_,11,10,5,5,30, , , 
92,2,2,192066,Grade 9,Grade 1,1,Walking,4,School too far away,_missing_,5,4,5,5,30, , , 
92,2,12,192067,Grade 6,Grade 1,1,Walking,4,School too far away,_missing_,11,10,0,1,5, , , 
92,2,3,192068,Grade 1,Grade 1,1,Walking,3,School too far away,_missing_,2,1,0,1,10, , , 
92,2,3,192068,Grade 6,Grade 1,1,Walking,4,School too far away,_missing_,4,3,0,1,10, , , 
92,2,3,192069,Grade 2,Grade 1,1,Walking,4,School too far away,_missing_,11,10,2,6,10, , , 
92,2,3,192069,Grade 2,Grade 1,1,Walking,5,School too far away,_missing_,3,2,2,6,10, , , 
92,2,4,192070,Grade 8,Grade 1,1,Walking,3,School too far away,_missing_,13,12,17,5,50, , , 
92,2,4,192070,Grade 8,Grade 1,1,Walking,4,School too far away,_missing_,6,5,25,5,75, , , 
92,2,4,192070,Grade 8,Grade 1,1,Walking,5,School too far away,_missing_,9,8,5,5,20, , , 
92,2,5,192071,Grade 8,Grade 1,1,Walking,2,School too far away,_missing_,8,7,0,3,5, , , 
92,2,5,192071,Grade 8,Grade 1,1,Walking,3,School too far away,_missing_,5,4,0,3,5, , , 
92,2,6,192073,Grade 1,Grade 1,1,Walking,3,School too far away,_missing_,13,12,3,6,25, , , 
92,2,6,192073,Grade 1,Grade 1,1,Walking,4,School too far away,_missing_,9,8,0,1,20, , , 
92,2,6,192073,Grade 1,Grade 1,1,Walking,5,School too far away,_missing_,2,1,0,1,20, , , 
92,2,6,192073,Grade 6,Grade 1,1,Walking,3,School too far away,_missing_,10,9,3,6,30, , , 
92,2,6,192073,Grade 6,Grade 1,1,Walking,4,School too far away,_missing_,7,6,3,5,45, , , 
92,2,6,192073,Grade 6,Grade 1,1,Walking,5,School too far away,_missing_,1,19,6,5,45, , , 
92,2,6,192073,Grade 10,Grade 1,1,Walking,3,School too far away,_missing_,2,1,2,3,15, , , 
92,2,6,192074,Grade 6,Grade 1,1,Walking,5,School too far away,_missing_,12,11,6,6,30, , , 
92,2,6,192074,Grade 6,Grade 1,1,Walking,6,School too far away,_missing_,6,5,6,5,30, , , 
92,2,7,192075,Grade 2,Grade 1,1,Walking,4,School too far away,_missing_,7,6,3,3,20, , , 
92,2,7,192075,Grade 2,Grade 1,1,Walking,5,School too far away,_missing_,2,1,3,3,20, , , 
92,2,9,192078,Grade 7,Grade 1,1,Walking,3,School too far away,_missing_,9,8,2,1,10, , , 
92,2,9,192078,Grade 7,Grade 1,1,Walking,4,School too far away,_missing_,5,4,2,1,10, , , 
92,2,9,192079,Grade 1,Grade 1,1,Walking,5,School too far away,_missing_,6,5,2,6,10, , , 
92,2,9,192079,Grade 1,Grade 1,1,Walking,6,School too far away,_missing_,1,19,2,6,10, , , 
92,2,9,192079,Grade 5,Grade 1,1,Walking,3,School too far away,_missing_,6,5,1,3,5, , , 
92,2,9,192079,Grade 5,Grade 1,1,Walking,4,Financial problems,_missing_, , , , , ,7, , 
92,2,10,192080,Grade 8,Grade 1,1,Walking,3,School too far away,_missing_,5,4,0,1,5, , , 
92,2,10,192081,Grade 8,Grade 1,1,Walking,4,House keeping / Family business,_missing_, , , , , , ,6,2016
92,2,11,192082,Grade 4,Grade 1,1,Walking,3,School too far away,_missing_,10,9,15,6,80, , , 
92,2,11,192082,Grade 10,Grade 1,1,Walking,3,House keeping / Family business,_missing_, , , , , , ,7,2019
92,2,11,192082,Grade 10,Grade 1,1,Walking,4,School too far away,_missing_,9,8,2,6,15, , , 
92,3,12,192085,Grade 6,Grade 1,1,Walking,3,School too far away,_missing_,10,9,28,5,80, , , 
92,3,12,192085,Grade 6,Grade 1,1,Walking,4,House keeping / Family business,_missing_, , , , , , ,6,2016
