pair_index,label,orig_id,anon_id,euclidean_distance,manhattan_distance,cosine_similarity,sector_diff,sector_equal,district_diff,district_equal,month_diff,month_equal,nhh_diff,nhh_equal,person_serial_no_diff,person_serial_no_equal,reason_leave_school_diff,reason_leave_school_equal,hhno_match,psu_match,snumber_match,result_match,r2_school_education_match,type_of_school_match,grade_last_year_match,grade_this_year_match,when_stop_schooling_match,noschooling_reason_match,time_to_school_match,transport_medium_match,distance_match,overall_similarity,grade_last_year_diff,grade_last_year_equal,grade_this_year_diff,grade_this_year_equal,time_to_school_diff,time_to_school_equal,transport_medium_diff,transport_medium_equal,distance_diff,distance_equal,reason_leave_school_match,when_stop_schooling_diff,when_stop_schooling_equal,sector_match,noschooling_reason_diff,noschooling_reason_equal
478,1,478.0,478.0,0.0,0.0,1.0,0.0,1.0,0.0,1,0.0,1,0.0,1,0.0,1,0.0,1.0,0,0,1,1,1,1,1.0,1.0,0.0,1.0,1.0,1.0,1.0,0.8947368421052632,0.0,0.0,0.0,0.0,0.0,0.0,0.0,0.0,0.0,0.0,0.0,0.0,1.0,0.0,0.0,0.0
488,1,488.0,488.0,0.0,0.0,1.0,0.0,0.0,0.0,1,0.0,1,0.0,1,0.0,1,0.0,0.0,0,0,1,1,1,1,0.0,0.0,1.0,1.0,0.0,0.0,0.0,0.8421052631578947,0.0,1.0,0.0,1.0,0.0,1.0,0.0,1.0,0.0,1.0,1.0,0.0,0.0,0.0,0.0,0.0
1499,0,,,16.852299546352718,26.0,0.9028998244788262,0.0,0.0,1.0,0,7.0,0,0.0,1,0.0,1,0.0,0.0,0,0,0,1,1,1,0.0,0.0,1.0,1.0,0.0,0.0,0.0,0.5789473684210527,0.0,1.0,0.0,1.0,15.0,0.0,0.0,1.0,3.0,0.0,1.0,0.0,0.0,0.0,0.0,0.0
1605,0,,,48.63126566315131,59.0,0.982837521194758,0.0,0.0,48.0,0,0.0,1,0.0,1,5.0,0,0.0,0.0,0,0,0,1,1,1,0.0,0.0,1.0,1.0,0.0,0.0,0.0,0.631578947368421,0.0,1.0,0.0,1.0,6.0,0.0,0.0,1.0,0.0,1.0,1.0,0.0,0.0,0.0,0.0,0.0
511,1,511.0,511.0,0.0,0.0,1.0,0.0,0.0,0.0,1,0.0,1,0.0,1,0.0,1,0.0,0.0,0,0,1,1,1,1,1.0,1.0,1.0,0.0,1.0,1.0,1.0,0.8421052631578947,0.0,0.0,0.0,0.0,0.0,0.0,0.0,0.0,0.0,0.0,1.0,0.0,0.0,0.0,0.0,1.0
1424,0,,,3.4641016151377544,6.0,0.9947383553734037,1.0,0.0,1.0,0,3.0,0,0.0,1,1.0,0,0.0,0.0,0,0,0,1,0,1,1.0,1.0,0.0,0.0,1.0,1.0,1.0,0.42105263157894735,0.0,0.0,0.0,0.0,0.0,0.0,0.0,0.0,0.0,0.0,0.0,0.0,0.0,0.0,0.0,0.0
495,1,495.0,495.0,0.0,0.0,1.0,0.0,1.0,0.0,1,0.0,1,0.0,1,0.0,1,0.0,1.0,0,0,1,1,1,1,1.0,1.0,0.0,1.0,1.0,1.0,1.0,0.8947368421052632,0.0,0.0,0.0,0.0,0.0,0.0,0.0,0.0,0.0,0.0,0.0,0.0,1.0,0.0,0.0,0.0
1961,0,,,6.855654600401044,13.0,0.9850186375762082,0.0,0.0,0.0,1,4.0,0,0.0,1,0.0,1,0.0,0.0,0,0,1,1,1,1,0.0,0.0,1.0,1.0,0.0,0.0,0.0,0.5789473684210527,1.0,0.0,1.0,0.0,5.0,0.0,0.0,1.0,2.0,0.0,1.0,0.0,0.0,0.0,0.0,0.0
1135,0,,,12.206555615733702,23.0,0.9352337641705314,0.0,0.0,1.0,0,4.0,0,0.0,1,2.0,0,0.0,0.0,0,0,0,1,1,1,0.0,0.0,1.0,1.0,0.0,0.0,0.0,0.5263157894736842,8.0,0.0,8.0,0.0,0.0,1.0,0.0,1.0,0.0,1.0,1.0,0.0,0.0,0.0,0.0,0.0
19,1,19.0,19.0,0.0,0.0,1.0,0.0,0.0,0.0,1,0.0,1,0.0,1,0.0,1,0.0,0.0,0,0,1,1,1,1,0.0,0.0,1.0,1.0,0.0,0.0,0.0,0.8421052631578947,0.0,1.0,0.0,1.0,0.0,1.0,0.0,1.0,0.0,1.0,1.0,0.0,0.0,0.0,0.0,0.0
293,1,293.0,293.0,0.0,0.0,1.0,0.0,1.0,0.0,1,0.0,1,0.0,1,0.0,1,0.0,0.0,0,0,1,1,1,1,0.0,0.0,1.0,1.0,0.0,0.0,0.0,0.8947368421052632,0.0,1.0,0.0,1.0,0.0,1.0,0.0,1.0,0.0,1.0,1.0,0.0,0.0,0.0,0.0,0.0
1304,0,,,30.495901363953813,38.0,0.8428116384826385,0.0,0.0,30.0,0,5.0,0,0.0,1,2.0,0,0.0,0.0,0,0,0,1,1,1,0.0,0.0,1.0,1.0,0.0,0.0,0.0,0.5789473684210527,0.0,1.0,0.0,1.0,0.0,1.0,1.0,0.0,0.0,1.0,1.0,0.0,0.0,0.0,0.0,0.0
1053,0,,,59.312730505347666,70.0,0.9364701030005927,0.0,0.0,59.0,0,2.0,0,0.0,1,1.0,0,0.0,0.0,0,0,0,1,1,1,0.0,0.0,1.0,1.0,0.0,0.0,0.0,0.5263157894736842,4.0,0.0,4.0,0.0,0.0,1.0,0.0,1.0,0.0,1.0,1.0,0.0,0.0,0.0,0.0,0.0
588,1,588.0,588.0,0.0,0.0,1.0,0.0,0.0,0.0,1,0.0,1,0.0,1,0.0,1,0.0,1.0,0,0,1,1,1,1,1.0,1.0,0.0,1.0,1.0,1.0,1.0,0.8421052631578947,0.0,0.0,0.0,0.0,0.0,0.0,0.0,0.0,0.0,0.0,0.0,0.0,1.0,0.0,0.0,0.0
1258,0,,,31.38470965295043,45.0,0.9145520925315939,0.0,0.0,8.0,0,2.0,0,0.0,1,1.0,0,0.0,0.0,0,0,0,1,1,1,0.0,0.0,1.0,1.0,0.0,0.0,0.0,0.5263157894736842,0.0,1.0,0.0,1.0,30.0,0.0,4.0,0.0,0.0,1.0,1.0,0.0,0.0,0.0,0.0,0.0
137,1,137.0,137.0,0.0,0.0,1.0,0.0,1.0,0.0,1,0.0,1,0.0,1,0.0,1,0.0,0.0,0,0,1,1,1,1,0.0,0.0,1.0,1.0,0.0,0.0,0.0,0.8947368421052632,0.0,1.0,0.0,1.0,0.0,1.0,0.0,1.0,0.0,1.0,1.0,0.0,0.0,0.0,0.0,0.0
978,1,978.0,978.0,0.0,0.0,1.0,0.0,0.0,0.0,1,0.0,1,0.0,1,0.0,1,0.0,0.0,0,0,1,1,1,1,0.0,0.0,1.0,1.0,0.0,0.0,0.0,0.8421052631578947,0.0,1.0,0.0,1.0,0.0,1.0,0.0,1.0,0.0,1.0,1.0,0.0,0.0,0.0,0.0,0.0
772,1,772.0,772.0,0.0,0.0,1.0,0.0,0.0,0.0,1,0.0,1,0.0,1,0.0,1,0.0,0.0,0,0,1,1,1,1,0.0,0.0,1.0,1.0,0.0,0.0,0.0,0.8421052631578947,0.0,1.0,0.0,1.0,0.0,1.0,0.0,1.0,0.0,1.0,1.0,0.0,0.0,0.0,0.0,0.0
1178,0,,,20.322401432901575,27.0,0.9980185690000661,0.0,0.0,20.0,0,1.0,0,0.0,1,1.0,0,0.0,0.0,0,0,1,1,1,1,0.0,0.0,1.0,1.0,0.0,0.0,0.0,0.5263157894736842,1.0,0.0,0.0,1.0,0.0,1.0,3.0,0.0,1.0,0.0,1.0,0.0,0.0,0.0,0.0,0.0
1468,0,,,8.18535277187245,11.0,0.9893729362746297,0.0,0.0,8.0,0,1.0,0,0.0,1,1.0,0,1.0,0.0,0,0,0,1,1,1,1.0,1.0,0.0,1.0,1.0,1.0,1.0,0.5263157894736842,0.0,0.0,0.0,0.0,0.0,0.0,0.0,0.0,0.0,0.0,0.0,0.0,0.0,0.0,0.0,0.0
1194,0,,,61.04096984812741,74.0,0.9995430624895303,0.0,0.0,60.0,0,11.0,0,0.0,1,0.0,1,1.0,0.0,0,0,0,1,1,1,1.0,1.0,0.0,1.0,1.0,1.0,1.0,0.5789473684210527,0.0,0.0,0.0,0.0,0.0,0.0,0.0,0.0,0.0,0.0,0.0,2.0,0.0,0.0,0.0,0.0
789,1,789.0,789.0,0.0,0.0,1.0,0.0,0.0,0.0,1,0.0,1,0.0,1,0.0,1,0.0,0.0,0,0,1,1,1,1,0.0,0.0,1.0,1.0,0.0,0.0,0.0,0.8421052631578947,0.0,1.0,0.0,1.0,0.0,1.0,0.0,1.0,0.0,1.0,1.0,0.0,0.0,0.0,0.0,0.0
82,1,82.0,82.0,0.0,0.0,1.0,0.0,1.0,0.0,1,0.0,1,0.0,1,0.0,1,0.0,0.0,0,0,1,1,1,1,0.0,0.0,1.0,1.0,0.0,0.0,0.0,0.8947368421052632,0.0,1.0,0.0,1.0,0.0,1.0,0.0,1.0,0.0,1.0,1.0,0.0,0.0,0.0,0.0,0.0
238,1,238.0,238.0,0.0,0.0,1.0,0.0,0.0,0.0,1,0.0,1,0.0,1,0.0,1,0.0,0.0,0,0,1,1,1,1,0.0,0.0,1.0,1.0,0.0,0.0,0.0,0.8421052631578947,0.0,1.0,0.0,1.0,0.0,1.0,0.0,1.0,0.0,1.0,1.0,0.0,0.0,0.0,0.0,0.0
1245,0,,,70.36334272900912,79.0,0.6924126750620421,1.0,0.0,70.0,0,7.0,0,0.0,1,0.0,1,1.0,0.0,0,0,0,1,1,1,1.0,1.0,0.0,1.0,1.0,1.0,1.0,0.5789473684210527,0.0,0.0,0.0,0.0,0.0,0.0,0.0,0.0,0.0,0.0,0.0,0.0,0.0,0.0,0.0,0.0
1842,0,,,15.459624833740307,23.0,0.983506018629813,0.0,0.0,1.0,0,2.0,0,0.0,1,1.0,0,0.0,0.0,0,0,0,1,1,1,0.0,0.0,1.0,1.0,0.0,0.0,0.0,0.47368421052631576,0.0,1.0,0.0,1.0,15.0,0.0,2.0,0.0,2.0,0.0,1.0,0.0,0.0,0.0,0.0,0.0
89,1,89.0,89.0,0.0,0.0,1.0,0.0,1.0,0.0,1,0.0,1,0.0,1,0.0,1,0.0,1.0,0,0,1,1,1,1,1.0,1.0,0.0,1.0,1.0,1.0,1.0,0.8947368421052632,0.0,0.0,0.0,0.0,0.0,0.0,0.0,0.0,0.0,0.0,0.0,0.0,1.0,0.0,0.0,0.0
223,1,223.0,223.0,0.0,0.0,1.0,0.0,1.0,0.0,1,0.0,1,0.0,1,0.0,1,0.0,0.0,0,0,1,1,1,1,0.0,0.0,1.0,1.0,0.0,0.0,0.0,0.8947368421052632,0.0,1.0,0.0,1.0,0.0,1.0,0.0,1.0,0.0,1.0,1.0,0.0,0.0,0.0,0.0,0.0
1591,0,,,2.0,4.0,0.9997250972880134,0.0,0.0,0.0,1,1.0,0,0.0,1,0.0,1,0.0,0.0,0,0,0,1,1,1,0.0,0.0,1.0,1.0,0.0,0.0,0.0,0.5789473684210527,1.0,0.0,1.0,0.0,0.0,1.0,0.0,1.0,1.0,0.0,1.0,0.0,0.0,0.0,0.0,0.0
1920,0,,,16.941074346097416,31.0,0.9956104927049437,0.0,0.0,11.0,0,8.0,0,0.0,1,1.0,0,0.0,0.0,0,0,0,1,1,1,0.0,0.0,1.0,1.0,0.0,0.0,0.0,0.5263157894736842,0.0,1.0,0.0,1.0,10.0,0.0,0.0,1.0,1.0,0.0,1.0,0.0,0.0,0.0,0.0,0.0
1218,0,,,15.329709716755891,29.0,0.9492547642296685,0.0,0.0,11.0,0,9.0,0,0.0,1,0.0,1,0.0,0.0,0,0,1,1,1,1,0.0,0.0,1.0,1.0,0.0,0.0,0.0,0.5789473684210527,4.0,0.0,4.0,0.0,0.0,1.0,0.0,1.0,1.0,0.0,1.0,0.0,0.0,0.0,0.0,0.0
1148,0,,,58.70264048575669,68.0,0.8880227704750435,0.0,0.0,58.0,0,9.0,0,0.0,1,1.0,0,0.0,1.0,0,0,0,1,1,1,1.0,1.0,0.0,1.0,1.0,1.0,1.0,0.5789473684210527,0.0,0.0,0.0,0.0,0.0,0.0,0.0,0.0,0.0,0.0,0.0,0.0,0.0,0.0,0.0,0.0
1859,0,,,31.670175244226233,41.0,0.9731425288701785,0.0,0.0,31.0,0,0.0,1,0.0,1,1.0,0,0.0,0.0,0,0,0,1,1,1,0.0,0.0,1.0,1.0,0.0,0.0,0.0,0.5789473684210527,0.0,1.0,0.0,1.0,5.0,0.0,0.0,1.0,4.0,0.0,1.0,0.0,0.0,0.0,0.0,0.0
397,1,397.0,397.0,0.0,0.0,1.0,0.0,0.0,0.0,1,0.0,1,0.0,1,0.0,1,0.0,0.0,0,0,1,1,1,1,0.0,0.0,1.0,1.0,0.0,0.0,0.0,0.8421052631578947,0.0,1.0,0.0,1.0,0.0,1.0,0.0,1.0,0.0,1.0,1.0,0.0,0.0,0.0,0.0,0.0
1752,0,,,11.224972160321824,20.0,0.918312705268964,0.0,1.0,0.0,1,9.0,0,0.0,1,2.0,0,0.0,0.0,0,0,0,1,1,1,0.0,0.0,1.0,1.0,0.0,0.0,0.0,0.631578947368421,0.0,1.0,0.0,1.0,5.0,0.0,0.0,1.0,4.0,0.0,1.0,0.0,0.0,0.0,0.0,0.0
1107,0,,,37.68288736283355,58.0,0.8728634030305304,0.0,0.0,11.0,0,3.0,0,0.0,1,1.0,0,0.0,0.0,0,0,0,1,1,1,0.0,0.0,1.0,1.0,0.0,0.0,0.0,0.5263157894736842,0.0,1.0,0.0,1.0,35.0,0.0,0.0,1.0,8.0,0.0,1.0,0.0,0.0,0.0,0.0,0.0
92,1,92.0,92.0,0.0,0.0,1.0,0.0,1.0,0.0,1,0.0,1,0.0,1,0.0,1,0.0,0.0,0,0,1,1,1,1,0.0,0.0,1.0,1.0,0.0,0.0,0.0,0.8947368421052632,0.0,1.0,0.0,1.0,0.0,1.0,0.0,1.0,0.0,1.0,1.0,0.0,0.0,0.0,0.0,0.0
231,1,231.0,231.0,0.0,0.0,1.0,0.0,1.0,0.0,1,0.0,1,0.0,1,0.0,1,0.0,0.0,0,0,1,1,1,1,0.0,0.0,1.0,1.0,0.0,0.0,0.0,0.8947368421052632,0.0,1.0,0.0,1.0,0.0,1.0,0.0,1.0,0.0,1.0,1.0,0.0,0.0,0.0,0.0,0.0
639,1,639.0,639.0,0.0,0.0,1.0,0.0,1.0,0.0,1,0.0,1,0.0,1,0.0,1,0.0,0.0,0,0,1,1,1,1,0.0,0.0,1.0,1.0,0.0,0.0,0.0,0.8947368421052632,0.0,1.0,0.0,1.0,0.0,1.0,0.0,1.0,0.0,1.0,1.0,0.0,0.0,0.0,0.0,0.0
1210,0,,,10.677078252031311,16.0,0.9375255987790483,0.0,0.0,10.0,0,3.0,0,0.0,1,1.0,0,0.0,0.0,0,0,0,1,1,1,0.0,0.0,1.0,1.0,0.0,0.0,0.0,0.5789473684210527,0.0,1.0,0.0,1.0,0.0,1.0,0.0,1.0,2.0,0.0,1.0,0.0,0.0,0.0,0.0,0.0
484,1,484.0,484.0,0.0,0.0,1.0,0.0,0.0,0.0,1,0.0,1,0.0,1,0.0,1,0.0,0.0,0,0,1,1,1,1,0.0,0.0,1.0,1.0,0.0,0.0,0.0,0.8421052631578947,0.0,1.0,0.0,1.0,0.0,1.0,0.0,1.0,0.0,1.0,1.0,0.0,0.0,0.0,0.0,0.0
1000,0,,,96.0937042682818,104.0,0.9988665605339856,0.0,0.0,1.0,0,3.0,0,0.0,1,2.0,0,96.0,0.0,0,0,0,1,1,1,1.0,1.0,0.0,1.0,1.0,1.0,1.0,0.5263157894736842,0.0,0.0,0.0,0.0,0.0,0.0,0.0,0.0,0.0,0.0,0.0,2.0,0.0,0.0,0.0,0.0
1740,0,,,13.820274961085254,21.0,0.9820924764772161,0.0,0.0,0.0,1,4.0,0,0.0,1,1.0,0,0.0,0.0,0,0,1,1,1,1,0.0,0.0,1.0,1.0,0.0,0.0,0.0,0.5789473684210527,0.0,1.0,0.0,1.0,13.0,0.0,1.0,0.0,2.0,0.0,1.0,0.0,0.0,0.0,0.0,0.0
1845,0,,,30.659419433511783,42.0,0.9998852781995025,1.0,0.0,30.0,0,5.0,0,0.0,1,1.0,0,2.0,0.0,0,0,0,1,1,1,1.0,1.0,0.0,1.0,1.0,1.0,1.0,0.5263157894736842,0.0,0.0,0.0,0.0,0.0,0.0,0.0,0.0,0.0,0.0,0.0,3.0,0.0,0.0,0.0,0.0
1506,0,,,8.06225774829855,17.0,0.9866420841419619,0.0,0.0,2.0,0,2.0,0,0.0,1,0.0,1,0.0,0.0,0,0,1,1,1,1,0.0,0.0,1.0,1.0,0.0,0.0,0.0,0.5789473684210527,4.0,0.0,4.0,0.0,0.0,1.0,5.0,0.0,0.0,1.0,1.0,0.0,0.0,0.0,0.0,0.0
1796,0,,,35.805027579936315,62.0,0.9936325980972657,0.0,0.0,30.0,0,6.0,0,0.0,1,0.0,1,0.0,0.0,0,0,0,1,1,1,0.0,0.0,1.0,1.0,0.0,0.0,0.0,0.5789473684210527,0.0,1.0,0.0,1.0,15.0,0.0,0.0,1.0,11.0,0.0,1.0,0.0,0.0,0.0,0.0,0.0
1115,0,,,9.591663046625438,18.0,0.9850805898101597,0.0,0.0,3.0,0,8.0,0,0.0,1,1.0,0,0.0,0.0,0,0,0,1,1,1,0.0,0.0,1.0,1.0,0.0,0.0,0.0,0.5263157894736842,3.0,0.0,3.0,0.0,0.0,1.0,0.0,1.0,0.0,1.0,1.0,0.0,0.0,0.0,0.0,0.0
1872,0,,,50.368641037852115,65.0,0.6593752425541065,0.0,0.0,49.0,0,6.0,0,0.0,1,0.0,1,0.0,0.0,0,0,0,1,1,1,0.0,0.0,1.0,1.0,0.0,0.0,0.0,0.631578947368421,0.0,1.0,0.0,1.0,10.0,0.0,0.0,1.0,0.0,1.0,1.0,0.0,0.0,0.0,0.0,0.0
1905,0,,,20.0,30.0,0.9819055537883673,0.0,0.0,19.0,0,3.0,0,0.0,1,1.0,0,0.0,0.0,0,0,0,1,1,1,0.0,0.0,1.0,1.0,0.0,0.0,0.0,0.5263157894736842,0.0,1.0,0.0,1.0,5.0,0.0,0.0,1.0,2.0,0.0,1.0,0.0,0.0,0.0,0.0,0.0
933,1,933.0,933.0,0.0,0.0,1.0,0.0,0.0,0.0,1,0.0,1,0.0,1,0.0,1,0.0,0.0,0,0,1,1,1,1,0.0,0.0,1.0,1.0,0.0,0.0,0.0,0.8421052631578947,0.0,1.0,0.0,1.0,0.0,1.0,0.0,1.0,0.0,1.0,1.0,0.0,0.0,0.0,0.0,0.0
520,1,520.0,520.0,0.0,0.0,1.0,0.0,0.0,0.0,1,0.0,1,0.0,1,0.0,1,0.0,0.0,0,0,1,1,1,1,0.0,0.0,1.0,1.0,0.0,0.0,0.0,0.8421052631578947,0.0,1.0,0.0,1.0,0.0,1.0,0.0,1.0,0.0,1.0,1.0,0.0,0.0,0.0,0.0,0.0
942,1,942.0,942.0,0.0,0.0,1.0,0.0,0.0,0.0,1,0.0,1,0.0,1,0.0,1,0.0,0.0,0,0,1,1,1,1,0.0,0.0,1.0,1.0,0.0,0.0,0.0,0.8421052631578947,0.0,1.0,0.0,1.0,0.0,1.0,0.0,1.0,0.0,1.0,1.0,0.0,0.0,0.0,0.0,0.0
617,1,617.0,617.0,0.0,0.0,1.0,0.0,0.0,0.0,1,0.0,1,0.0,1,0.0,1,0.0,1.0,0,0,1,1,1,1,1.0,1.0,0.0,1.0,1.0,1.0,1.0,0.8421052631578947,0.0,0.0,0.0,0.0,0.0,0.0,0.0,0.0,0.0,0.0,0.0,0.0,1.0,0.0,0.0,0.0
1332,0,,,9.539392014169456,15.0,0.9831391600039441,0.0,0.0,8.0,0,1.0,0,0.0,1,0.0,1,0.0,0.0,0,0,0,1,1,1,0.0,0.0,1.0,1.0,0.0,0.0,0.0,0.5789473684210527,0.0,1.0,0.0,1.0,0.0,1.0,5.0,0.0,1.0,0.0,1.0,0.0,0.0,0.0,0.0,0.0
1335,0,,,50.22947341949744,67.0,0.8125644405704574,0.0,0.0,49.0,0,2.0,0,0.0,1,1.0,0,0.0,0.0,0,0,1,1,1,1,0.0,0.0,1.0,1.0,0.0,0.0,0.0,0.5263157894736842,0.0,1.0,0.0,1.0,10.0,0.0,4.0,0.0,1.0,0.0,1.0,0.0,0.0,0.0,0.0,0.0
1321,0,,,21.0,31.0,0.8333522304235618,0.0,0.0,0.0,1,4.0,0,0.0,1,0.0,1,0.0,0.0,0,0,0,1,1,1,0.0,0.0,1.0,1.0,0.0,0.0,0.0,0.5789473684210527,0.0,1.0,0.0,1.0,20.0,0.0,4.0,0.0,3.0,0.0,1.0,0.0,0.0,0.0,0.0,0.0
676,1,676.0,676.0,0.0,0.0,1.0,0.0,0.0,0.0,1,0.0,1,0.0,1,0.0,1,0.0,0.0,0,0,1,1,1,1,0.0,0.0,1.0,1.0,0.0,0.0,0.0,0.8421052631578947,0.0,1.0,0.0,1.0,0.0,1.0,0.0,1.0,0.0,1.0,1.0,0.0,0.0,0.0,0.0,0.0
1116,0,,,32.17141588429082,37.0,0.8068245090075711,1.0,0.0,32.0,0,3.0,0,0.0,1,0.0,1,0.0,0.0,0,0,0,1,1,1,0.0,0.0,1.0,1.0,0.0,0.0,0.0,0.631578947368421,0.0,1.0,0.0,1.0,0.0,1.0,0.0,1.0,1.0,0.0,1.0,0.0,0.0,0.0,0.0,0.0
1151,0,,,51.478150704935004,86.0,0.6330252780249253,0.0,0.0,39.0,0,0.0,1,0.0,1,2.0,0,0.0,0.0,0,0,0,1,1,1,0.0,0.0,1.0,1.0,0.0,0.0,0.0,0.5789473684210527,0.0,1.0,0.0,1.0,30.0,0.0,0.0,1.0,15.0,0.0,1.0,0.0,0.0,0.0,0.0,0.0
1691,0,,,32.60368077380221,55.0,0.9724812016655487,0.0,0.0,30.0,0,5.0,0,0.0,1,1.0,0,0.0,0.0,0,0,1,1,1,1,0.0,0.0,1.0,1.0,0.0,0.0,0.0,0.5263157894736842,8.0,0.0,8.0,0.0,0.0,1.0,3.0,0.0,0.0,1.0,1.0,0.0,0.0,0.0,0.0,0.0
336,1,336.0,336.0,0.0,0.0,1.0,0.0,1.0,0.0,1,0.0,1,0.0,1,0.0,1,0.0,0.0,0,0,1,1,1,1,0.0,0.0,1.0,1.0,0.0,0.0,0.0,0.8947368421052632,0.0,1.0,0.0,1.0,0.0,1.0,0.0,1.0,0.0,1.0,1.0,0.0,0.0,0.0,0.0,0.0
681,1,681.0,681.0,0.0,0.0,1.0,0.0,0.0,0.0,1,0.0,1,0.0,1,0.0,1,0.0,0.0,0,0,1,1,1,1,0.0,0.0,1.0,1.0,0.0,0.0,0.0,0.8421052631578947,0.0,1.0,0.0,1.0,0.0,1.0,0.0,1.0,0.0,1.0,1.0,0.0,0.0,0.0,0.0,0.0
316,1,316.0,316.0,0.0,0.0,1.0,0.0,1.0,0.0,1,0.0,1,0.0,1,0.0,1,0.0,0.0,0,0,1,1,1,1,0.0,0.0,1.0,1.0,0.0,0.0,0.0,0.8947368421052632,0.0,1.0,0.0,1.0,0.0,1.0,0.0,1.0,0.0,1.0,1.0,0.0,0.0,0.0,0.0,0.0
599,1,599.0,599.0,0.0,0.0,1.0,0.0,0.0,0.0,1,0.0,1,0.0,1,0.0,1,0.0,0.0,0,0,1,1,1,1,0.0,0.0,1.0,1.0,0.0,0.0,0.0,0.8421052631578947,0.0,1.0,0.0,1.0,0.0,1.0,0.0,1.0,0.0,1.0,1.0,0.0,0.0,0.0,0.0,0.0
212,1,212.0,212.0,0.0,0.0,1.0,0.0,0.0,0.0,1,0.0,1,0.0,1,0.0,1,0.0,0.0,0,0,1,1,1,1,0.0,0.0,1.0,1.0,0.0,0.0,0.0,0.8421052631578947,0.0,1.0,0.0,1.0,0.0,1.0,0.0,1.0,0.0,1.0,1.0,0.0,0.0,0.0,0.0,0.0
1648,0,,,59.30430001273095,77.0,0.8911498293987199,0.0,0.0,58.0,0,7.0,0,0.0,1,0.0,1,0.0,0.0,0,0,1,1,1,1,0.0,0.0,1.0,1.0,0.0,0.0,0.0,0.631578947368421,0.0,1.0,0.0,1.0,10.0,0.0,2.0,0.0,0.0,1.0,1.0,0.0,0.0,0.0,0.0,0.0
1326,0,,,12.12435565298214,19.0,0.9848622979555779,0.0,0.0,8.0,0,1.0,0,0.0,1,0.0,1,0.0,0.0,0,0,0,1,1,1,0.0,0.0,1.0,1.0,0.0,0.0,0.0,0.5789473684210527,0.0,1.0,0.0,1.0,0.0,1.0,1.0,0.0,9.0,0.0,1.0,0.0,0.0,0.0,0.0,0.0
1279,0,,,8.888194417315589,15.0,0.8627134097965234,0.0,1.0,0.0,1,7.0,0,0.0,1,2.0,0,0.0,0.0,0,0,0,1,1,1,0.0,0.0,1.0,1.0,0.0,0.0,0.0,0.631578947368421,0.0,1.0,0.0,1.0,5.0,0.0,1.0,0.0,0.0,1.0,1.0,0.0,0.0,0.0,0.0,0.0
264,1,264.0,264.0,0.0,0.0,1.0,0.0,0.0,0.0,1,0.0,1,0.0,1,0.0,1,0.0,0.0,0,0,1,1,1,1,0.0,0.0,1.0,1.0,0.0,0.0,0.0,0.8421052631578947,0.0,1.0,0.0,1.0,0.0,1.0,0.0,1.0,0.0,1.0,1.0,0.0,0.0,0.0,0.0,0.0
500,1,500.0,500.0,0.0,0.0,1.0,0.0,0.0,0.0,1,0.0,1,0.0,1,0.0,1,0.0,0.0,0,0,1,1,1,1,0.0,0.0,1.0,1.0,0.0,0.0,0.0,0.8421052631578947,0.0,1.0,0.0,1.0,0.0,1.0,0.0,1.0,0.0,1.0,1.0,0.0,0.0,0.0,0.0,0.0
480,1,480.0,480.0,0.0,0.0,1.0,0.0,0.0,0.0,1,0.0,1,0.0,1,0.0,1,0.0,0.0,0,0,1,1,1,1,0.0,0.0,1.0,1.0,0.0,0.0,0.0,0.8421052631578947,0.0,1.0,0.0,1.0,0.0,1.0,0.0,1.0,0.0,1.0,1.0,0.0,0.0,0.0,0.0,0.0
1494,0,,,18.547236990991408,32.0,0.9682442731024342,0.0,0.0,1.0,0,6.0,0,0.0,1,1.0,0,0.0,0.0,0,0,0,1,1,1,0.0,0.0,1.0,1.0,0.0,0.0,0.0,0.5263157894736842,0.0,1.0,0.0,1.0,15.0,0.0,0.0,1.0,9.0,0.0,1.0,0.0,0.0,0.0,0.0,0.0
17,1,17.0,17.0,0.0,0.0,1.0,0.0,1.0,0.0,1,0.0,1,0.0,1,0.0,1,0.0,0.0,0,0,1,1,1,1,0.0,0.0,1.0,1.0,0.0,0.0,0.0,0.8947368421052632,0.0,1.0,0.0,1.0,0.0,1.0,0.0,1.0,0.0,1.0,1.0,0.0,0.0,0.0,0.0,0.0
1141,0,,,8.18535277187245,15.0,0.9418676834494515,0.0,0.0,2.0,0,1.0,0,0.0,1,1.0,0,0.0,0.0,0,0,0,1,1,1,0.0,0.0,1.0,1.0,0.0,0.0,0.0,0.5263157894736842,5.0,0.0,6.0,0.0,0.0,1.0,0.0,1.0,0.0,1.0,1.0,0.0,0.0,0.0,0.0,0.0
567,1,567.0,567.0,0.0,0.0,1.0,0.0,1.0,0.0,1,0.0,1,0.0,1,0.0,1,0.0,0.0,0,0,1,1,1,1,0.0,0.0,1.0,1.0,0.0,0.0,0.0,0.8947368421052632,0.0,1.0,0.0,1.0,0.0,1.0,0.0,1.0,0.0,1.0,1.0,0.0,0.0,0.0,0.0,0.0
1220,0,,,9.38083151964686,14.0,0.9145822091560567,0.0,0.0,1.0,0,9.0,0,0.0,1,1.0,0,0.0,0.0,0,0,0,1,1,1,0.0,0.0,1.0,1.0,0.0,0.0,0.0,0.5263157894736842,0.0,1.0,0.0,1.0,0.0,1.0,2.0,0.0,1.0,0.0,1.0,0.0,0.0,0.0,0.0,0.0
1448,0,,,14.035668847618199,27.0,0.9824064795708155,0.0,0.0,10.0,0,5.0,0,0.0,1,0.0,1,0.0,0.0,0,0,0,1,1,1,0.0,0.0,1.0,1.0,0.0,0.0,0.0,0.5789473684210527,6.0,0.0,6.0,0.0,0.0,1.0,0.0,1.0,0.0,1.0,1.0,0.0,0.0,0.0,0.0,0.0
1307,0,,,18.734993995195193,31.0,0.9871678873540947,0.0,0.0,17.0,0,6.0,0,0.0,1,1.0,0,0.0,0.0,0,0,0,1,1,1,0.0,0.0,1.0,1.0,0.0,0.0,0.0,0.5263157894736842,0.0,1.0,0.0,1.0,0.0,1.0,4.0,0.0,3.0,0.0,1.0,0.0,0.0,0.0,0.0,0.0
179,1,179.0,179.0,0.0,0.0,1.0,0.0,1.0,0.0,1,0.0,1,0.0,1,0.0,1,0.0,1.0,0,0,1,1,1,1,1.0,1.0,0.0,1.0,1.0,1.0,1.0,0.8947368421052632,0.0,0.0,0.0,0.0,0.0,0.0,0.0,0.0,0.0,0.0,0.0,0.0,1.0,0.0,0.0,0.0
1703,0,,,18.708286933869708,26.0,0.9190823286938039,0.0,0.0,18.0,0,3.0,0,0.0,1,1.0,0,0.0,0.0,0,0,0,1,1,1,0.0,0.0,1.0,1.0,0.0,0.0,0.0,0.5789473684210527,0.0,1.0,0.0,1.0,0.0,1.0,0.0,1.0,4.0,0.0,1.0,0.0,0.0,0.0,0.0,0.0
1473,0,,,21.95449840010015,38.0,0.9678340312065914,0.0,0.0,20.0,0,4.0,0,0.0,1,0.0,1,0.0,0.0,0,0,1,1,1,1,0.0,0.0,1.0,1.0,0.0,0.0,0.0,0.5789473684210527,5.0,0.0,5.0,0.0,0.0,1.0,4.0,0.0,0.0,1.0,1.0,0.0,0.0,0.0,0.0,0.0
508,1,508.0,508.0,0.0,0.0,1.0,0.0,0.0,0.0,1,0.0,1,0.0,1,0.0,1,0.0,0.0,0,0,1,1,1,1,0.0,0.0,1.0,1.0,0.0,0.0,0.0,0.8421052631578947,0.0,1.0,0.0,1.0,0.0,1.0,0.0,1.0,0.0,1.0,1.0,0.0,0.0,0.0,0.0,0.0
457,1,457.0,457.0,0.0,0.0,1.0,0.0,0.0,0.0,1,0.0,1,0.0,1,0.0,1,0.0,0.0,0,0,1,1,1,1,0.0,0.0,1.0,1.0,0.0,0.0,0.0,0.8421052631578947,0.0,1.0,0.0,1.0,0.0,1.0,0.0,1.0,0.0,1.0,1.0,0.0,0.0,0.0,0.0,0.0
1374,0,,,31.622776601683793,46.0,0.999877791080656,0.0,0.0,30.0,0,9.0,0,0.0,1,3.0,0,1.0,0.0,0,0,0,1,1,1,1.0,1.0,0.0,1.0,1.0,1.0,1.0,0.5263157894736842,0.0,0.0,0.0,0.0,0.0,0.0,0.0,0.0,0.0,0.0,0.0,3.0,0.0,0.0,0.0,0.0
689,1,689.0,689.0,0.0,0.0,1.0,0.0,0.0,0.0,1,0.0,1,0.0,1,0.0,1,0.0,0.0,0,0,1,1,1,1,0.0,0.0,1.0,1.0,0.0,0.0,0.0,0.8421052631578947,0.0,1.0,0.0,1.0,0.0,1.0,0.0,1.0,0.0,1.0,1.0,0.0,0.0,0.0,0.0,0.0
1677,0,,,52.191953402799555,64.0,0.6648232305774773,1.0,0.0,51.0,0,11.0,0,0.0,1,0.0,1,1.0,0.0,0,0,0,1,1,1,1.0,1.0,0.0,1.0,1.0,1.0,1.0,0.5789473684210527,0.0,0.0,0.0,0.0,0.0,0.0,0.0,0.0,0.0,0.0,0.0,0.0,0.0,0.0,0.0,0.0
577,1,577.0,577.0,0.0,0.0,1.0,0.0,0.0,0.0,1,0.0,1,0.0,1,0.0,1,0.0,0.0,0,0,1,1,1,1,0.0,0.0,1.0,1.0,0.0,0.0,0.0,0.8421052631578947,0.0,1.0,0.0,1.0,0.0,1.0,0.0,1.0,0.0,1.0,1.0,0.0,0.0,0.0,0.0,0.0
1225,0,,,24.454038521274967,38.0,0.8704277897704726,0.0,0.0,21.0,0,2.0,0,0.0,1,0.0,1,0.0,0.0,0,0,0,1,1,1,0.0,0.0,1.0,1.0,0.0,0.0,0.0,0.5789473684210527,0.0,1.0,0.0,1.0,12.0,0.0,0.0,1.0,3.0,0.0,1.0,0.0,0.0,0.0,0.0,0.0
562,1,562.0,562.0,0.0,0.0,1.0,0.0,0.0,0.0,1,0.0,1,0.0,1,0.0,1,0.0,0.0,0,0,1,1,1,1,0.0,0.0,1.0,1.0,0.0,0.0,0.0,0.8421052631578947,0.0,1.0,0.0,1.0,0.0,1.0,0.0,1.0,0.0,1.0,1.0,0.0,0.0,0.0,0.0,0.0
138,1,138.0,138.0,0.0,0.0,1.0,0.0,1.0,0.0,1,0.0,1,0.0,1,0.0,1,0.0,0.0,0,0,1,1,1,1,0.0,0.0,1.0,1.0,0.0,0.0,0.0,0.8947368421052632,0.0,1.0,0.0,1.0,0.0,1.0,0.0,1.0,0.0,1.0,1.0,0.0,0.0,0.0,0.0,0.0
200,1,200.0,200.0,0.0,0.0,1.0,0.0,1.0,0.0,1,0.0,1,0.0,1,0.0,1,0.0,0.0,0,0,1,1,1,1,0.0,0.0,1.0,1.0,0.0,0.0,0.0,0.8947368421052632,0.0,1.0,0.0,1.0,0.0,1.0,0.0,1.0,0.0,1.0,1.0,0.0,0.0,0.0,0.0,0.0
1177,0,,,9.38083151964686,14.0,0.9533043578030427,0.0,0.0,9.0,0,1.0,0,0.0,1,1.0,0,0.0,0.0,0,0,0,1,1,1,0.0,0.0,1.0,1.0,0.0,0.0,0.0,0.5263157894736842,0.0,1.0,0.0,1.0,0.0,1.0,2.0,0.0,1.0,0.0,1.0,0.0,0.0,0.0,0.0,0.0
1265,0,,,8.0,14.0,0.9945976038705153,0.0,0.0,7.0,0,3.0,0,0.0,1,1.0,0,0.0,0.0,0,0,0,1,1,1,0.0,0.0,1.0,1.0,0.0,0.0,0.0,0.5263157894736842,0.0,1.0,0.0,1.0,0.0,1.0,1.0,0.0,2.0,0.0,1.0,0.0,0.0,0.0,0.0,0.0
1529,0,,,31.52776554086889,40.0,0.9866530975692245,0.0,0.0,31.0,0,5.0,0,0.0,1,2.0,0,0.0,0.0,0,0,0,1,1,1,0.0,0.0,1.0,1.0,0.0,0.0,0.0,0.5789473684210527,0.0,1.0,0.0,1.0,0.0,1.0,0.0,1.0,2.0,0.0,1.0,0.0,0.0,0.0,0.0,0.0
1101,0,,,7.810249675906654,15.0,0.9602634699028818,0.0,0.0,2.0,0,4.0,0,0.0,1,1.0,0,0.0,0.0,0,0,0,1,1,1,0.0,0.0,1.0,1.0,0.0,0.0,0.0,0.5263157894736842,0.0,1.0,0.0,1.0,0.0,1.0,2.0,0.0,6.0,0.0,1.0,0.0,0.0,0.0,0.0,0.0
1113,0,,,19.570385790780925,27.0,0.9774451444339176,0.0,0.0,19.0,0,4.0,0,0.0,1,2.0,0,0.0,0.0,0,0,1,1,1,1,0.0,0.0,1.0,1.0,0.0,0.0,0.0,0.5789473684210527,1.0,0.0,1.0,0.0,0.0,1.0,0.0,1.0,0.0,1.0,1.0,0.0,0.0,0.0,0.0,0.0
1803,0,,,21.354156504062622,32.0,0.9916921251582983,0.0,0.0,20.0,0,1.0,0,0.0,1,2.0,0,0.0,0.0,0,0,1,1,1,1,0.0,0.0,1.0,1.0,0.0,0.0,0.0,0.5263157894736842,1.0,0.0,1.0,0.0,7.0,0.0,0.0,1.0,0.0,1.0,1.0,0.0,0.0,0.0,0.0,0.0
1108,0,,,31.843366656181317,46.0,0.8846124587870982,0.0,0.0,28.0,0,2.0,0,0.0,1,0.0,1,0.0,0.0,0,0,0,1,1,1,0.0,0.0,1.0,1.0,0.0,0.0,0.0,0.5789473684210527,0.0,1.0,0.0,1.0,15.0,0.0,0.0,1.0,1.0,0.0,1.0,0.0,0.0,0.0,0.0,0.0
1207,0,,,31.0322412983658,43.0,0.9492225227090522,0.0,0.0,1.0,0,7.0,0,0.0,1,0.0,1,0.0,0.0,0,0,0,1,1,1,0.0,0.0,1.0,1.0,0.0,0.0,0.0,0.5263157894736842,0.0,1.0,0.0,1.0,30.0,0.0,3.0,0.0,2.0,0.0,1.0,0.0,0.0,0.0,0.0,0.0
1621,0,,,25.69046515733026,44.0,0.9616656224867013,0.0,0.0,20.0,0,5.0,0,0.0,1,1.0,0,0.0,0.0,0,0,0,1,1,1,0.0,0.0,1.0,1.0,0.0,0.0,0.0,0.5263157894736842,0.0,1.0,0.0,1.0,15.0,0.0,0.0,1.0,3.0,0.0,1.0,0.0,0.0,0.0,0.0,0.0
392,1,392.0,392.0,0.0,0.0,1.0,0.0,1.0,0.0,1,0.0,1,0.0,1,0.0,1,0.0,0.0,0,0,1,1,1,1,0.0,0.0,1.0,1.0,0.0,0.0,0.0,0.8947368421052632,0.0,1.0,0.0,1.0,0.0,1.0,0.0,1.0,0.0,1.0,1.0,0.0,0.0,0.0,0.0,0.0
1501,0,,,40.65710270051225,51.0,0.9727905839553013,1.0,0.0,40.0,0,1.0,0,0.0,1,1.0,0,0.0,0.0,0,0,0,1,1,1,0.0,0.0,1.0,1.0,0.0,0.0,0.0,0.5263157894736842,0.0,1.0,0.0,1.0,7.0,0.0,1.0,0.0,0.0,1.0,1.0,0.0,0.0,0.0,0.0,0.0
563,1,563.0,563.0,0.0,0.0,1.0,0.0,0.0,0.0,1,0.0,1,0.0,1,0.0,1,0.0,0.0,0,0,1,1,1,1,0.0,0.0,1.0,1.0,0.0,0.0,0.0,0.8421052631578947,0.0,1.0,0.0,1.0,0.0,1.0,0.0,1.0,0.0,1.0,1.0,0.0,0.0,0.0,0.0,0.0
109,1,109.0,109.0,0.0,0.0,1.0,0.0,1.0,0.0,1,0.0,1,0.0,1,0.0,1,0.0,0.0,0,0,1,1,1,1,0.0,0.0,1.0,1.0,0.0,0.0,0.0,0.8947368421052632,0.0,1.0,0.0,1.0,0.0,1.0,0.0,1.0,0.0,1.0,1.0,0.0,0.0,0.0,0.0,0.0
1436,0,,,43.09292285283048,67.0,0.7878521036401303,0.0,0.0,12.0,0,2.0,0,0.0,1,3.0,0,0.0,0.0,0,0,0,1,1,1,0.0,0.0,1.0,1.0,0.0,0.0,0.0,0.5263157894736842,0.0,1.0,0.0,1.0,40.0,0.0,0.0,1.0,10.0,0.0,1.0,0.0,0.0,0.0,0.0,0.0
1879,0,,,40.3732584763727,48.0,0.820056446119984,0.0,0.0,40.0,0,1.0,0,0.0,1,2.0,0,0.0,0.0,0,0,0,1,1,1,0.0,0.0,1.0,1.0,0.0,0.0,0.0,0.5789473684210527,0.0,1.0,0.0,1.0,5.0,0.0,0.0,1.0,0.0,1.0,1.0,0.0,0.0,0.0,0.0,0.0
1990,0,,,74.14849964766651,106.0,0.922132395786452,0.0,0.0,68.0,0,4.0,0,0.0,1,1.0,0,0.0,0.0,0,0,1,1,1,1,0.0,0.0,1.0,1.0,0.0,0.0,0.0,0.5789473684210527,0.0,1.0,0.0,1.0,29.0,0.0,4.0,0.0,0.0,1.0,1.0,0.0,0.0,0.0,0.0,0.0
726,1,726.0,726.0,0.0,0.0,1.0,0.0,0.0,0.0,1,0.0,1,0.0,1,0.0,1,0.0,1.0,0,0,1,1,1,1,1.0,1.0,0.0,1.0,1.0,1.0,1.0,0.8421052631578947,0.0,0.0,0.0,0.0,0.0,0.0,0.0,0.0,0.0,0.0,0.0,0.0,1.0,0.0,0.0,0.0
1072,0,,,11.224972160321824,18.0,0.9999857304855647,0.0,0.0,10.0,0,4.0,0,0.0,1,1.0,0,0.0,1.0,0,0,0,1,1,1,1.0,1.0,0.0,1.0,1.0,1.0,1.0,0.5789473684210527,0.0,0.0,0.0,0.0,0.0,0.0,0.0,0.0,0.0,0.0,0.0,3.0,0.0,0.0,0.0,0.0
518,1,518.0,518.0,0.0,0.0,1.0,0.0,0.0,0.0,1,0.0,1,0.0,1,0.0,1,0.0,0.0,0,0,1,1,1,1,0.0,0.0,1.0,1.0,0.0,0.0,0.0,0.8421052631578947,0.0,1.0,0.0,1.0,0.0,1.0,0.0,1.0,0.0,1.0,1.0,0.0,0.0,0.0,0.0,0.0
1438,0,,,6.082762530298219,11.0,0.9852528335033715,0.0,1.0,0.0,1,1.0,0,0.0,1,0.0,1,0.0,0.0,0,0,0,1,1,1,0.0,0.0,1.0,1.0,0.0,0.0,0.0,0.631578947368421,4.0,0.0,4.0,0.0,0.0,1.0,0.0,1.0,2.0,0.0,1.0,0.0,0.0,0.0,0.0,0.0
611,1,611.0,611.0,0.0,0.0,1.0,0.0,0.0,0.0,1,0.0,1,0.0,1,0.0,1,0.0,1.0,0,0,1,1,1,1,1.0,1.0,0.0,1.0,1.0,1.0,1.0,0.8421052631578947,0.0,0.0,0.0,0.0,0.0,0.0,0.0,0.0,0.0,0.0,0.0,0.0,1.0,0.0,0.0,0.0
1706,0,,,12.884098726725126,24.0,0.8850637478949399,0.0,1.0,0.0,1,8.0,0,0.0,1,2.0,0,0.0,0.0,0,0,0,1,1,1,0.0,0.0,1.0,1.0,0.0,0.0,0.0,0.631578947368421,7.0,0.0,7.0,0.0,0.0,1.0,0.0,1.0,0.0,1.0,1.0,0.0,0.0,0.0,0.0,0.0
1155,0,,,11.135528725660043,20.0,0.9802519217932207,0.0,0.0,1.0,0,2.0,0,0.0,1,1.0,0,0.0,0.0,0,0,1,1,1,1,0.0,0.0,1.0,1.0,0.0,0.0,0.0,0.5263157894736842,3.0,0.0,3.0,0.0,10.0,0.0,0.0,1.0,0.0,1.0,1.0,0.0,0.0,0.0,0.0,0.0
443,1,443.0,443.0,0.0,0.0,1.0,0.0,0.0,0.0,1,0.0,1,0.0,1,0.0,1,0.0,0.0,0,0,1,1,1,1,0.0,0.0,1.0,1.0,0.0,0.0,0.0,0.8421052631578947,0.0,1.0,0.0,1.0,0.0,1.0,0.0,1.0,0.0,1.0,1.0,0.0,0.0,0.0,0.0,0.0
1991,0,,,18.138357147217054,33.0,0.9480998343345043,0.0,0.0,10.0,0,2.0,0,0.0,1,2.0,0,0.0,0.0,0,0,0,1,1,1,0.0,0.0,1.0,1.0,0.0,0.0,0.0,0.5263157894736842,14.0,0.0,5.0,0.0,0.0,1.0,0.0,1.0,0.0,1.0,1.0,0.0,0.0,0.0,0.0,0.0
699,1,699.0,699.0,0.0,0.0,1.0,0.0,0.0,0.0,1,0.0,1,0.0,1,0.0,1,0.0,0.0,0,0,1,1,1,1,0.0,0.0,1.0,1.0,0.0,0.0,0.0,0.8421052631578947,0.0,1.0,0.0,1.0,0.0,1.0,0.0,1.0,0.0,1.0,1.0,0.0,0.0,0.0,0.0,0.0
202,1,202.0,202.0,0.0,0.0,1.0,0.0,1.0,0.0,1,0.0,1,0.0,1,0.0,1,0.0,0.0,0,0,1,1,1,1,0.0,0.0,1.0,1.0,0.0,0.0,0.0,0.8947368421052632,0.0,1.0,0.0,1.0,0.0,1.0,0.0,1.0,0.0,1.0,1.0,0.0,0.0,0.0,0.0,0.0
285,1,285.0,285.0,0.0,0.0,1.0,0.0,1.0,0.0,1,0.0,1,0.0,1,0.0,1,0.0,0.0,0,0,1,1,1,1,0.0,0.0,1.0,1.0,0.0,0.0,0.0,0.8947368421052632,0.0,1.0,0.0,1.0,0.0,1.0,0.0,1.0,0.0,1.0,1.0,0.0,0.0,0.0,0.0,0.0
972,1,972.0,972.0,0.0,0.0,1.0,0.0,0.0,0.0,1,0.0,1,0.0,1,0.0,1,0.0,0.0,0,0,1,1,1,1,0.0,0.0,1.0,1.0,0.0,0.0,0.0,0.8421052631578947,0.0,1.0,0.0,1.0,0.0,1.0,0.0,1.0,0.0,1.0,1.0,0.0,0.0,0.0,0.0,0.0
11,1,11.0,11.0,0.0,0.0,1.0,0.0,1.0,0.0,1,0.0,1,0.0,1,0.0,1,0.0,0.0,0,0,1,1,1,1,0.0,0.0,1.0,1.0,0.0,0.0,0.0,0.8947368421052632,0.0,1.0,0.0,1.0,0.0,1.0,0.0,1.0,0.0,1.0,1.0,0.0,0.0,0.0,0.0,0.0
739,1,739.0,739.0,0.0,0.0,1.0,0.0,0.0,0.0,1,0.0,1,0.0,1,0.0,1,0.0,1.0,0,0,1,1,1,1,1.0,1.0,0.0,1.0,1.0,1.0,1.0,0.8421052631578947,0.0,0.0,0.0,0.0,0.0,0.0,0.0,0.0,0.0,0.0,0.0,0.0,1.0,0.0,0.0,0.0
696,1,696.0,696.0,0.0,0.0,1.0,0.0,0.0,0.0,1,0.0,1,0.0,1,0.0,1,0.0,0.0,0,0,1,1,1,1,0.0,0.0,1.0,1.0,0.0,0.0,0.0,0.8421052631578947,0.0,1.0,0.0,1.0,0.0,1.0,0.0,1.0,0.0,1.0,1.0,0.0,0.0,0.0,0.0,0.0
160,1,160.0,160.0,0.0,0.0,1.0,0.0,1.0,0.0,1,0.0,1,0.0,1,0.0,1,0.0,0.0,0,0,1,1,1,1,0.0,0.0,1.0,1.0,0.0,0.0,0.0,0.8947368421052632,0.0,1.0,0.0,1.0,0.0,1.0,0.0,1.0,0.0,1.0,1.0,0.0,0.0,0.0,0.0,0.0
306,1,306.0,306.0,0.0,0.0,1.0,0.0,0.0,0.0,1,0.0,1,0.0,1,0.0,1,0.0,0.0,0,0,1,1,1,1,0.0,0.0,1.0,1.0,0.0,0.0,0.0,0.8421052631578947,0.0,1.0,0.0,1.0,0.0,1.0,0.0,1.0,0.0,1.0,1.0,0.0,0.0,0.0,0.0,0.0
1084,0,,,40.95119045888654,55.0,0.9904222284708463,0.0,0.0,40.0,0,2.0,0,0.0,1,1.0,0,0.0,0.0,0,0,0,1,1,1,0.0,0.0,1.0,1.0,0.0,0.0,0.0,0.5263157894736842,6.0,0.0,6.0,0.0,0.0,1.0,0.0,1.0,0.0,1.0,1.0,0.0,0.0,0.0,0.0,0.0
1007,0,,,18.920887928424502,28.0,0.9914271903451772,0.0,0.0,18.0,0,1.0,0,0.0,1,2.0,0,0.0,0.0,0,0,0,1,1,1,0.0,0.0,1.0,1.0,0.0,0.0,0.0,0.5263157894736842,0.0,1.0,0.0,1.0,5.0,0.0,2.0,0.0,0.0,1.0,1.0,0.0,0.0,0.0,0.0,0.0
1578,0,,,69.476614770727,79.0,0.9994089727465085,1.0,0.0,69.0,0,8.0,0,0.0,1,0.0,1,0.0,1.0,0,0,0,1,1,1,1.0,1.0,0.0,1.0,1.0,1.0,1.0,0.631578947368421,0.0,0.0,0.0,0.0,0.0,0.0,0.0,0.0,0.0,0.0,0.0,1.0,0.0,0.0,0.0,0.0
1811,0,,,14.247806848775006,23.0,0.9945349705341623,0.0,0.0,10.0,0,1.0,0,0.0,1,1.0,0,0.0,0.0,0,0,0,1,1,1,0.0,0.0,1.0,1.0,0.0,0.0,0.0,0.5263157894736842,0.0,1.0,0.0,1.0,10.0,0.0,1.0,0.0,0.0,1.0,1.0,0.0,0.0,0.0,0.0,0.0
1915,0,,,20.518284528683193,29.0,0.9907241907493356,0.0,0.0,20.0,0,1.0,0,0.0,1,1.0,0,0.0,0.0,0,0,1,1,1,1,0.0,0.0,1.0,1.0,0.0,0.0,0.0,0.5263157894736842,3.0,0.0,3.0,0.0,0.0,1.0,1.0,0.0,0.0,1.0,1.0,0.0,0.0,0.0,0.0,0.0
1950,0,,,79.03796556086195,83.0,0.7939120115760044,0.0,0.0,79.0,0,0.0,1,1.0,0,1.0,0,0.0,0.0,0,0,0,1,1,1,0.0,0.0,1.0,1.0,0.0,0.0,0.0,0.5789473684210527,0.0,1.0,0.0,1.0,0.0,1.0,2.0,0.0,0.0,1.0,1.0,0.0,0.0,0.0,0.0,0.0
1382,0,,,19.493588689617926,26.0,0.9959431085189808,0.0,0.0,19.0,0,4.0,0,0.0,1,1.0,0,0.0,0.0,0,0,0,1,1,1,0.0,0.0,1.0,1.0,0.0,0.0,0.0,0.5263157894736842,1.0,0.0,1.0,0.0,0.0,1.0,0.0,1.0,0.0,1.0,1.0,0.0,0.0,0.0,0.0,0.0
640,1,640.0,640.0,0.0,0.0,1.0,0.0,1.0,0.0,1,0.0,1,0.0,1,0.0,1,0.0,0.0,0,0,1,1,1,1,0.0,0.0,1.0,1.0,0.0,0.0,0.0,0.8947368421052632,0.0,1.0,0.0,1.0,0.0,1.0,0.0,1.0,0.0,1.0,1.0,0.0,0.0,0.0,0.0,0.0
237,1,237.0,237.0,0.0,0.0,1.0,0.0,0.0,0.0,1,0.0,1,0.0,1,0.0,1,0.0,0.0,0,0,1,1,1,1,0.0,0.0,1.0,1.0,0.0,0.0,0.0,0.8421052631578947,0.0,1.0,0.0,1.0,0.0,1.0,0.0,1.0,0.0,1.0,1.0,0.0,0.0,0.0,0.0,0.0
63,1,63.0,63.0,0.0,0.0,1.0,0.0,0.0,0.0,1,0.0,1,0.0,1,0.0,1,0.0,0.0,0,0,1,1,1,1,0.0,0.0,1.0,1.0,0.0,0.0,0.0,0.8421052631578947,0.0,1.0,0.0,1.0,0.0,1.0,0.0,1.0,0.0,1.0,1.0,0.0,0.0,0.0,0.0,0.0
1411,0,,,14.45683229480096,29.0,0.9289569821122818,0.0,0.0,10.0,0,3.0,0,0.0,1,1.0,0,0.0,0.0,0,0,0,1,1,1,0.0,0.0,1.0,1.0,0.0,0.0,0.0,0.47368421052631576,7.0,0.0,7.0,0.0,0.0,1.0,0.0,1.0,1.0,0.0,1.0,0.0,0.0,0.0,0.0,0.0
1688,0,,,47.10626285325551,79.0,0.4388755404557221,0.0,0.0,21.0,0,1.0,0,0.0,1,2.0,0,0.0,0.0,0,0,1,1,1,1,0.0,0.0,1.0,1.0,0.0,0.0,0.0,0.5263157894736842,0.0,1.0,0.0,1.0,40.0,0.0,2.0,0.0,13.0,0.0,1.0,0.0,0.0,0.0,0.0,0.0
1302,0,,,11.489125293076057,18.0,0.9999839500231091,1.0,0.0,11.0,0,2.0,0,0.0,1,2.0,0,1.0,0.0,0,0,0,1,1,1,1.0,1.0,0.0,1.0,1.0,1.0,1.0,0.5263157894736842,0.0,0.0,0.0,0.0,0.0,0.0,0.0,0.0,0.0,0.0,0.0,1.0,0.0,0.0,0.0,0.0
446,1,446.0,446.0,0.0,0.0,1.0,0.0,0.0,0.0,1,0.0,1,0.0,1,0.0,1,0.0,0.0,0,0,1,1,1,1,0.0,0.0,1.0,1.0,0.0,0.0,0.0,0.8421052631578947,0.0,1.0,0.0,1.0,0.0,1.0,0.0,1.0,0.0,1.0,1.0,0.0,0.0,0.0,0.0,0.0
113,1,113.0,113.0,0.0,0.0,1.0,0.0,1.0,0.0,1,0.0,1,0.0,1,0.0,1,0.0,0.0,0,0,1,1,1,1,0.0,0.0,1.0,1.0,0.0,0.0,0.0,0.8947368421052632,0.0,1.0,0.0,1.0,0.0,1.0,0.0,1.0,0.0,1.0,1.0,0.0,0.0,0.0,0.0,0.0
1219,0,,,40.07492981902776,44.0,0.9263420254602858,0.0,0.0,1.0,0,2.0,0,0.0,1,0.0,1,0.0,0.0,0,0,0,1,1,1,0.0,0.0,1.0,1.0,0.0,0.0,0.0,0.5789473684210527,0.0,1.0,0.0,1.0,40.0,0.0,0.0,1.0,1.0,0.0,1.0,0.0,0.0,0.0,0.0,0.0
1844,0,,,53.0,71.0,0.9996739556677331,1.0,0.0,51.0,0,3.0,0,0.0,1,1.0,0,1.0,0.0,0,0,0,1,1,1,1.0,1.0,0.0,1.0,1.0,1.0,1.0,0.5263157894736842,0.0,0.0,0.0,0.0,0.0,0.0,0.0,0.0,0.0,0.0,0.0,14.0,0.0,0.0,0.0,0.0
1250,0,,,49.06118628814432,53.0,0.761299607470786,0.0,0.0,49.0,0,2.0,0,0.0,1,0.0,1,0.0,0.0,0,0,0,1,1,1,0.0,0.0,1.0,1.0,0.0,0.0,0.0,0.5789473684210527,1.0,0.0,1.0,0.0,0.0,1.0,0.0,1.0,0.0,1.0,1.0,0.0,0.0,0.0,0.0,0.0
849,1,849.0,849.0,0.0,0.0,1.0,0.0,0.0,0.0,1,0.0,1,0.0,1,0.0,1,0.0,0.0,0,0,1,1,1,1,0.0,0.0,1.0,1.0,0.0,0.0,0.0,0.8421052631578947,0.0,1.0,0.0,1.0,0.0,1.0,0.0,1.0,0.0,1.0,1.0,0.0,0.0,0.0,0.0,0.0
1203,0,,,21.18962010041709,37.0,0.9725966483088151,0.0,0.0,18.0,0,2.0,0,0.0,1,1.0,0,0.0,0.0,0,0,1,1,1,1,0.0,0.0,1.0,1.0,0.0,0.0,0.0,0.5263157894736842,0.0,1.0,0.0,1.0,10.0,0.0,2.0,0.0,4.0,0.0,1.0,0.0,0.0,0.0,0.0,0.0
273,1,273.0,273.0,0.0,0.0,1.0,0.0,1.0,0.0,1,0.0,1,0.0,1,0.0,1,0.0,0.0,0,0,1,1,1,1,0.0,0.0,1.0,1.0,0.0,0.0,0.0,0.8947368421052632,0.0,1.0,0.0,1.0,0.0,1.0,0.0,1.0,0.0,1.0,1.0,0.0,0.0,0.0,0.0,0.0
956,1,956.0,956.0,0.0,0.0,1.0,0.0,0.0,0.0,1,0.0,1,0.0,1,0.0,1,0.0,0.0,0,0,1,1,1,1,0.0,0.0,1.0,1.0,0.0,0.0,0.0,0.8421052631578947,0.0,1.0,0.0,1.0,0.0,1.0,0.0,1.0,0.0,1.0,1.0,0.0,0.0,0.0,0.0,0.0
1147,0,,,32.46536616149585,40.0,0.9489758163501226,0.0,0.0,32.0,0,0.0,1,0.0,1,1.0,0,0.0,0.0,0,0,0,1,1,1,0.0,0.0,1.0,1.0,0.0,0.0,0.0,0.5789473684210527,0.0,1.0,0.0,1.0,5.0,0.0,0.0,1.0,2.0,0.0,1.0,0.0,0.0,0.0,0.0,0.0
366,1,366.0,366.0,0.0,0.0,1.0,0.0,1.0,0.0,1,0.0,1,0.0,1,0.0,1,0.0,0.0,0,0,1,1,1,1,0.0,0.0,1.0,1.0,0.0,0.0,0.0,0.8947368421052632,0.0,1.0,0.0,1.0,0.0,1.0,0.0,1.0,0.0,1.0,1.0,0.0,0.0,0.0,0.0,0.0
1527,0,,,49.23413450036468,58.0,0.7339859419618731,0.0,0.0,49.0,0,3.0,0,0.0,1,0.0,1,0.0,0.0,0,0,1,1,1,1,0.0,0.0,1.0,1.0,0.0,0.0,0.0,0.5789473684210527,3.0,0.0,2.0,0.0,0.0,1.0,1.0,0.0,0.0,1.0,1.0,0.0,0.0,0.0,0.0,0.0
379,1,379.0,379.0,0.0,0.0,1.0,0.0,1.0,0.0,1,0.0,1,0.0,1,0.0,1,0.0,0.0,0,0,1,1,1,1,0.0,0.0,1.0,1.0,0.0,0.0,0.0,0.8947368421052632,0.0,1.0,0.0,1.0,0.0,1.0,0.0,1.0,0.0,1.0,1.0,0.0,0.0,0.0,0.0,0.0
451,1,451.0,451.0,0.0,0.0,1.0,0.0,0.0,0.0,1,0.0,1,0.0,1,0.0,1,0.0,0.0,0,0,1,1,1,1,0.0,0.0,1.0,1.0,0.0,0.0,0.0,0.8421052631578947,0.0,1.0,0.0,1.0,0.0,1.0,0.0,1.0,0.0,1.0,1.0,0.0,0.0,0.0,0.0,0.0
1336,0,,,15.937377450509228,30.0,0.9880529758993327,1.0,0.0,10.0,0,7.0,0,0.0,1,2.0,0,0.0,0.0,0,0,0,1,1,1,0.0,0.0,1.0,1.0,0.0,0.0,0.0,0.5789473684210527,0.0,1.0,0.0,1.0,10.0,0.0,0.0,1.0,0.0,1.0,1.0,0.0,0.0,0.0,0.0,0.0
1488,0,,,29.13760456866693,33.0,0.9808774478381797,0.0,0.0,29.0,0,0.0,1,0.0,1,0.0,1,0.0,0.0,0,0,0,1,1,1,0.0,0.0,1.0,1.0,0.0,0.0,0.0,0.631578947368421,2.0,0.0,2.0,0.0,0.0,1.0,0.0,1.0,0.0,1.0,1.0,0.0,0.0,0.0,0.0,0.0
490,1,490.0,490.0,0.0,0.0,1.0,0.0,0.0,0.0,1,0.0,1,0.0,1,0.0,1,0.0,0.0,0,0,1,1,1,1,0.0,0.0,1.0,1.0,0.0,0.0,0.0,0.8421052631578947,0.0,1.0,0.0,1.0,0.0,1.0,0.0,1.0,0.0,1.0,1.0,0.0,0.0,0.0,0.0,0.0
914,1,914.0,914.0,0.0,0.0,1.0,0.0,0.0,0.0,1,0.0,1,0.0,1,0.0,1,0.0,0.0,0,0,1,1,1,1,0.0,0.0,1.0,1.0,0.0,0.0,0.0,0.8421052631578947,0.0,1.0,0.0,1.0,0.0,1.0,0.0,1.0,0.0,1.0,1.0,0.0,0.0,0.0,0.0,0.0
1615,0,,,40.53393639902249,51.0,0.9997983967650252,1.0,0.0,40.0,0,5.0,0,0.0,1,1.0,0,4.0,0.0,0,0,0,1,1,1,1.0,1.0,0.0,1.0,1.0,1.0,1.0,0.5789473684210527,0.0,0.0,0.0,0.0,0.0,0.0,0.0,0.0,0.0,0.0,0.0,0.0,1.0,0.0,0.0,0.0
1685,0,,,21.517434791350013,33.0,0.9500472789854323,0.0,0.0,1.0,0,5.0,0,0.0,1,1.0,0,0.0,0.0,0,0,0,1,1,1,0.0,0.0,1.0,1.0,0.0,0.0,0.0,0.5263157894736842,0.0,1.0,0.0,1.0,20.0,0.0,0.0,1.0,6.0,0.0,1.0,0.0,0.0,0.0,0.0,0.0
358,1,358.0,358.0,0.0,0.0,1.0,0.0,1.0,0.0,1,0.0,1,0.0,1,0.0,1,0.0,0.0,0,0,1,1,1,1,0.0,0.0,1.0,1.0,0.0,0.0,0.0,0.8947368421052632,0.0,1.0,0.0,1.0,0.0,1.0,0.0,1.0,0.0,1.0,1.0,0.0,0.0,0.0,0.0,0.0
1625,0,,,30.56141357987225,40.0,0.9065066521604368,1.0,0.0,30.0,0,2.0,0,0.0,1,0.0,1,0.0,0.0,0,0,1,1,1,1,0.0,0.0,1.0,1.0,0.0,0.0,0.0,0.631578947368421,0.0,1.0,0.0,1.0,0.0,1.0,5.0,0.0,2.0,0.0,1.0,0.0,0.0,0.0,0.0,0.0
539,1,539.0,539.0,0.0,0.0,1.0,0.0,0.0,0.0,1,0.0,1,0.0,1,0.0,1,0.0,0.0,0,0,1,1,1,1,0.0,0.0,1.0,1.0,0.0,0.0,0.0,0.8421052631578947,0.0,1.0,0.0,1.0,0.0,1.0,0.0,1.0,0.0,1.0,1.0,0.0,0.0,0.0,0.0,0.0
1709,0,,,20.85665361461421,29.0,0.937363690342011,0.0,0.0,20.0,0,3.0,0,0.0,1,1.0,0,0.0,0.0,0,0,0,1,1,1,0.0,0.0,1.0,1.0,0.0,0.0,0.0,0.5789473684210527,0.0,1.0,0.0,1.0,5.0,0.0,0.0,1.0,0.0,1.0,1.0,0.0,0.0,0.0,0.0,0.0
1672,0,,,31.04834939252005,46.0,0.9522433112516641,1.0,0.0,30.0,0,3.0,0,0.0,1,2.0,0,0.0,0.0,0,0,1,1,1,1,0.0,0.0,1.0,1.0,0.0,0.0,0.0,0.5789473684210527,5.0,0.0,5.0,0.0,0.0,1.0,0.0,1.0,0.0,1.0,1.0,0.0,0.0,0.0,0.0,0.0
258,1,258.0,258.0,0.0,0.0,1.0,0.0,1.0,0.0,1,0.0,1,0.0,1,0.0,1,0.0,1.0,0,0,1,1,1,1,1.0,1.0,0.0,1.0,1.0,1.0,1.0,0.8947368421052632,0.0,0.0,0.0,0.0,0.0,0.0,0.0,0.0,0.0,0.0,0.0,0.0,1.0,0.0,0.0,0.0
994,1,994.0,994.0,0.0,0.0,1.0,0.0,0.0,0.0,1,0.0,1,0.0,1,0.0,1,0.0,0.0,0,0,1,1,1,1,0.0,0.0,1.0,1.0,0.0,0.0,0.0,0.8421052631578947,0.0,1.0,0.0,1.0,0.0,1.0,0.0,1.0,0.0,1.0,1.0,0.0,0.0,0.0,0.0,0.0
719,1,719.0,719.0,0.0,0.0,1.0,0.0,0.0,0.0,1,0.0,1,0.0,1,0.0,1,0.0,0.0,0,0,1,1,1,1,0.0,0.0,1.0,1.0,0.0,0.0,0.0,0.8421052631578947,0.0,1.0,0.0,1.0,0.0,1.0,0.0,1.0,0.0,1.0,1.0,0.0,0.0,0.0,0.0,0.0
1713,0,,,16.34013463836819,31.0,0.9731797493641454,0.0,0.0,1.0,0,9.0,0,0.0,1,2.0,0,0.0,0.0,0,0,0,1,1,1,0.0,0.0,1.0,1.0,0.0,0.0,0.0,0.5263157894736842,0.0,1.0,0.0,1.0,10.0,0.0,0.0,1.0,9.0,0.0,1.0,0.0,0.0,0.0,0.0,0.0
1261,0,,,35.53871128783372,51.0,0.9343041743059115,0.0,0.0,1.0,0,1.0,0,0.0,1,0.0,1,0.0,0.0,0,0,0,1,1,1,0.0,0.0,1.0,1.0,0.0,0.0,0.0,0.5789473684210527,0.0,1.0,0.0,1.0,30.0,0.0,0.0,1.0,19.0,0.0,1.0,0.0,0.0,0.0,0.0,0.0
102,1,102.0,102.0,0.0,0.0,1.0,0.0,1.0,0.0,1,0.0,1,0.0,1,0.0,1,0.0,0.0,0,0,1,1,1,1,0.0,0.0,1.0,1.0,0.0,0.0,0.0,0.8947368421052632,0.0,1.0,0.0,1.0,0.0,1.0,0.0,1.0,0.0,1.0,1.0,0.0,0.0,0.0,0.0,0.0
1132,0,,,9.848857801796104,17.0,0.9421498240107378,0.0,0.0,0.0,1,8.0,0,0.0,1,1.0,0,0.0,0.0,0,0,1,1,1,1,0.0,0.0,1.0,1.0,0.0,0.0,0.0,0.631578947368421,4.0,0.0,4.0,0.0,0.0,1.0,0.0,1.0,0.0,1.0,1.0,0.0,0.0,0.0,0.0,0.0
967,1,967.0,967.0,0.0,0.0,1.0,0.0,0.0,0.0,1,0.0,1,0.0,1,0.0,1,0.0,0.0,0,0,1,1,1,1,0.0,0.0,1.0,1.0,0.0,0.0,0.0,0.8421052631578947,0.0,1.0,0.0,1.0,0.0,1.0,0.0,1.0,0.0,1.0,1.0,0.0,0.0,0.0,0.0,0.0
737,1,737.0,737.0,0.0,0.0,1.0,0.0,0.0,0.0,1,0.0,1,0.0,1,0.0,1,0.0,1.0,0,0,1,1,1,1,1.0,1.0,0.0,1.0,1.0,1.0,1.0,0.8421052631578947,0.0,0.0,0.0,0.0,0.0,0.0,0.0,0.0,0.0,0.0,0.0,0.0,1.0,0.0,0.0,0.0
263,1,263.0,263.0,0.0,0.0,1.0,0.0,0.0,0.0,1,0.0,1,0.0,1,0.0,1,0.0,0.0,0,0,1,1,1,1,0.0,0.0,1.0,1.0,0.0,0.0,0.0,0.8421052631578947,0.0,1.0,0.0,1.0,0.0,1.0,0.0,1.0,0.0,1.0,1.0,0.0,0.0,0.0,0.0,0.0
723,1,723.0,723.0,0.0,0.0,1.0,0.0,1.0,0.0,1,0.0,1,0.0,1,0.0,1,0.0,0.0,0,0,1,1,1,1,0.0,0.0,1.0,1.0,0.0,0.0,0.0,0.8947368421052632,0.0,1.0,0.0,1.0,0.0,1.0,0.0,1.0,0.0,1.0,1.0,0.0,0.0,0.0,0.0,0.0
652,1,652.0,652.0,0.0,0.0,1.0,0.0,0.0,0.0,1,0.0,1,0.0,1,0.0,1,0.0,0.0,0,0,1,1,1,1,0.0,0.0,1.0,1.0,0.0,0.0,0.0,0.8421052631578947,0.0,1.0,0.0,1.0,0.0,1.0,0.0,1.0,0.0,1.0,1.0,0.0,0.0,0.0,0.0,0.0
886,1,886.0,886.0,0.0,0.0,1.0,0.0,0.0,0.0,1,0.0,1,0.0,1,0.0,1,0.0,0.0,0,0,1,1,1,1,0.0,0.0,1.0,1.0,0.0,0.0,0.0,0.8421052631578947,0.0,1.0,0.0,1.0,0.0,1.0,0.0,1.0,0.0,1.0,1.0,0.0,0.0,0.0,0.0,0.0
18,1,18.0,18.0,0.0,0.0,1.0,0.0,1.0,0.0,1,0.0,1,0.0,1,0.0,1,0.0,0.0,0,0,1,1,1,1,0.0,0.0,1.0,1.0,0.0,0.0,0.0,0.8947368421052632,0.0,1.0,0.0,1.0,0.0,1.0,0.0,1.0,0.0,1.0,1.0,0.0,0.0,0.0,0.0,0.0
1732,0,,,24.657656011875904,42.0,0.990963330566636,0.0,0.0,21.0,0,0.0,1,0.0,1,1.0,0,0.0,0.0,0,0,1,1,1,1,0.0,0.0,1.0,1.0,0.0,0.0,0.0,0.5789473684210527,9.0,0.0,9.0,0.0,0.0,1.0,2.0,0.0,0.0,1.0,1.0,0.0,0.0,0.0,0.0,0.0
1893,0,,,71.9444229944198,90.0,0.8724928797468122,0.0,0.0,71.0,0,3.0,0,0.0,1,1.0,0,0.0,0.0,0,0,1,1,1,1,0.0,0.0,1.0,1.0,0.0,0.0,0.0,0.5789473684210527,0.0,1.0,0.0,1.0,10.0,0.0,5.0,0.0,0.0,1.0,1.0,0.0,0.0,0.0,0.0,0.0
75,1,75.0,75.0,0.0,0.0,1.0,0.0,1.0,0.0,1,0.0,1,0.0,1,0.0,1,0.0,0.0,0,0,1,1,1,1,0.0,0.0,1.0,1.0,0.0,0.0,0.0,0.8947368421052632,0.0,1.0,0.0,1.0,0.0,1.0,0.0,1.0,0.0,1.0,1.0,0.0,0.0,0.0,0.0,0.0
6,1,6.0,6.0,0.0,0.0,1.0,0.0,1.0,0.0,1,0.0,1,0.0,1,0.0,1,0.0,0.0,0,0,1,1,1,1,0.0,0.0,1.0,1.0,0.0,0.0,0.0,0.8947368421052632,0.0,1.0,0.0,1.0,0.0,1.0,0.0,1.0,0.0,1.0,1.0,0.0,0.0,0.0,0.0,0.0
561,1,561.0,561.0,0.0,0.0,1.0,0.0,0.0,0.0,1,0.0,1,0.0,1,0.0,1,0.0,0.0,0,0,1,1,1,1,0.0,0.0,1.0,1.0,0.0,0.0,0.0,0.8421052631578947,0.0,1.0,0.0,1.0,0.0,1.0,0.0,1.0,0.0,1.0,1.0,0.0,0.0,0.0,0.0,0.0
1652,0,,,34.61213659975356,56.0,0.926115548223737,0.0,0.0,30.0,0,8.0,0,0.0,1,0.0,1,0.0,0.0,0,0,0,1,1,1,0.0,0.0,1.0,1.0,0.0,0.0,0.0,0.5789473684210527,0.0,1.0,0.0,1.0,15.0,0.0,0.0,1.0,3.0,0.0,1.0,0.0,0.0,0.0,0.0,0.0
471,1,471.0,471.0,0.0,0.0,1.0,0.0,0.0,0.0,1,0.0,1,0.0,1,0.0,1,0.0,0.0,0,0,1,1,1,1,0.0,0.0,1.0,1.0,0.0,0.0,0.0,0.8421052631578947,0.0,1.0,0.0,1.0,0.0,1.0,0.0,1.0,0.0,1.0,1.0,0.0,0.0,0.0,0.0,0.0
415,1,415.0,415.0,0.0,0.0,1.0,0.0,0.0,0.0,1,0.0,1,0.0,1,0.0,1,0.0,0.0,0,0,1,1,1,1,0.0,0.0,1.0,1.0,0.0,0.0,0.0,0.8421052631578947,0.0,1.0,0.0,1.0,0.0,1.0,0.0,1.0,0.0,1.0,1.0,0.0,0.0,0.0,0.0,0.0
1883,0,,,80.18728078691782,100.0,0.9992197367228572,0.0,0.0,79.0,0,11.0,0,0.0,1,0.0,1,2.0,0.0,0,0,0,1,1,1,1.0,1.0,0.0,1.0,1.0,1.0,1.0,0.5789473684210527,0.0,0.0,0.0,0.0,0.0,0.0,0.0,0.0,0.0,0.0,0.0,8.0,0.0,0.0,0.0,0.0
678,1,678.0,678.0,0.0,0.0,1.0,0.0,0.0,0.0,1,0.0,1,0.0,1,0.0,1,0.0,1.0,0,0,1,1,1,1,1.0,1.0,0.0,1.0,1.0,1.0,1.0,0.8421052631578947,0.0,0.0,0.0,0.0,0.0,0.0,0.0,0.0,0.0,0.0,0.0,0.0,1.0,0.0,0.0,0.0
1056,0,,,32.48076353782343,41.0,0.8268456673787913,0.0,1.0,32.0,0,2.0,0,0.0,1,1.0,0,0.0,0.0,0,0,0,1,1,1,0.0,0.0,1.0,1.0,0.0,0.0,0.0,0.5789473684210527,0.0,1.0,0.0,1.0,5.0,0.0,1.0,0.0,0.0,1.0,1.0,0.0,0.0,0.0,0.0,0.0
65,1,65.0,65.0,0.0,0.0,1.0,0.0,0.0,0.0,1,0.0,1,0.0,1,0.0,1,0.0,1.0,0,0,1,1,1,1,1.0,1.0,0.0,1.0,1.0,1.0,1.0,0.8421052631578947,0.0,0.0,0.0,0.0,0.0,0.0,0.0,0.0,0.0,0.0,0.0,0.0,1.0,0.0,0.0,0.0
974,1,974.0,974.0,0.0,0.0,1.0,0.0,0.0,0.0,1,0.0,1,0.0,1,0.0,1,0.0,0.0,0,0,1,1,1,1,0.0,0.0,1.0,1.0,0.0,0.0,0.0,0.8421052631578947,0.0,1.0,0.0,1.0,0.0,1.0,0.0,1.0,0.0,1.0,1.0,0.0,0.0,0.0,0.0,0.0
829,1,829.0,829.0,0.0,0.0,1.0,0.0,0.0,0.0,1,0.0,1,0.0,1,0.0,1,0.0,0.0,0,0,1,1,1,1,1.0,1.0,1.0,0.0,1.0,1.0,1.0,0.8421052631578947,0.0,0.0,0.0,0.0,0.0,0.0,0.0,0.0,0.0,0.0,1.0,0.0,0.0,0.0,0.0,1.0
1037,0,,,22.24859546128699,35.0,0.9982167155092954,0.0,0.0,21.0,0,4.0,0,0.0,1,2.0,0,0.0,0.0,0,0,0,1,1,1,0.0,0.0,1.0,1.0,0.0,0.0,0.0,0.5263157894736842,0.0,1.0,0.0,1.0,5.0,0.0,3.0,0.0,0.0,1.0,1.0,0.0,0.0,0.0,0.0,0.0
1164,0,,,90.62560344626678,105.0,0.9989936520266777,0.0,0.0,10.0,0,2.0,0,0.0,1,3.0,0,90.0,0.0,0,0,0,1,1,1,1.0,1.0,0.0,1.0,1.0,1.0,1.0,0.5789473684210527,0.0,0.0,0.0,0.0,0.0,0.0,0.0,0.0,0.0,0.0,0.0,0.0,1.0,0.0,0.0,0.0
1197,0,,,26.720778431774775,48.0,0.6208672402496658,0.0,0.0,20.0,0,8.0,0,0.0,1,0.0,1,0.0,0.0,0,0,1,1,1,1,0.0,0.0,1.0,1.0,0.0,0.0,0.0,0.631578947368421,0.0,1.0,0.0,1.0,15.0,0.0,0.0,1.0,5.0,0.0,1.0,0.0,0.0,0.0,0.0,0.0
1126,0,,,9.327379053088816,13.0,0.9999894444462126,0.0,0.0,0.0,1,9.0,0,0.0,1,2.0,0,1.0,0.0,0,0,0,1,1,1,1.0,1.0,0.0,1.0,1.0,1.0,1.0,0.5789473684210527,0.0,0.0,0.0,0.0,0.0,0.0,0.0,0.0,0.0,0.0,0.0,1.0,0.0,0.0,0.0,0.0
1310,0,,,14.352700094407323,24.0,0.967445286135637,0.0,0.0,1.0,0,2.0,0,0.0,1,1.0,0,0.0,0.0,0,0,0,1,1,1,0.0,0.0,1.0,1.0,0.0,0.0,0.0,0.5263157894736842,10.0,0.0,10.0,0.0,0.0,1.0,0.0,1.0,0.0,1.0,1.0,0.0,0.0,0.0,0.0,0.0
1490,0,,,21.213203435596427,26.0,0.9958921329549438,0.0,0.0,21.0,0,0.0,1,0.0,1,1.0,0,0.0,0.0,0,0,0,1,1,1,0.0,0.0,1.0,1.0,0.0,0.0,0.0,0.5789473684210527,2.0,0.0,2.0,0.0,0.0,1.0,0.0,1.0,0.0,1.0,1.0,0.0,0.0,0.0,0.0,0.0
1949,0,,,20.37154878746336,37.0,0.9275367387415475,0.0,0.0,10.0,0,0.0,1,0.0,1,1.0,0,0.0,0.0,0,0,0,1,1,1,0.0,0.0,1.0,1.0,0.0,0.0,0.0,0.5263157894736842,16.0,0.0,3.0,0.0,0.0,1.0,0.0,1.0,7.0,0.0,1.0,0.0,0.0,0.0,0.0,0.0
1415,0,,,27.820855486487112,40.0,0.9021870895150403,0.0,0.0,1.0,0,0.0,1,0.0,1,0.0,1,0.0,0.0,0,0,0,1,1,1,0.0,0.0,1.0,1.0,0.0,0.0,0.0,0.5789473684210527,0.0,1.0,0.0,1.0,25.0,0.0,2.0,0.0,12.0,0.0,1.0,0.0,0.0,0.0,0.0,0.0
1420,0,,,37.04051835490427,40.0,0.9932974789267867,0.0,0.0,37.0,0,0.0,1,0.0,1,1.0,0,0.0,0.0,0,0,0,1,1,1,0.0,0.0,1.0,1.0,0.0,0.0,0.0,0.5789473684210527,1.0,0.0,1.0,0.0,0.0,1.0,0.0,1.0,0.0,1.0,1.0,0.0,0.0,0.0,0.0,0.0
1678,0,,,11.40175425099138,20.0,0.9849556922458258,0.0,0.0,10.0,0,1.0,0,0.0,1,2.0,0,0.0,0.0,0,0,0,1,1,1,0.0,0.0,1.0,1.0,0.0,0.0,0.0,0.5263157894736842,0.0,1.0,0.0,1.0,0.0,1.0,4.0,0.0,3.0,0.0,1.0,0.0,0.0,0.0,0.0,0.0
1176,0,,,13.96424004376894,27.0,0.9937849010402396,0.0,0.0,10.0,0,5.0,0,0.0,1,1.0,0,0.0,0.0,0,0,1,1,1,1,0.0,0.0,1.0,1.0,0.0,0.0,0.0,0.5263157894736842,0.0,1.0,0.0,1.0,8.0,0.0,1.0,0.0,2.0,0.0,1.0,0.0,0.0,0.0,0.0,0.0
995,1,995.0,995.0,0.0,0.0,1.0,0.0,0.0,0.0,1,0.0,1,0.0,1,0.0,1,0.0,0.0,0,0,1,1,1,1,0.0,0.0,1.0,1.0,0.0,0.0,0.0,0.8421052631578947,0.0,1.0,0.0,1.0,0.0,1.0,0.0,1.0,0.0,1.0,1.0,0.0,0.0,0.0,0.0,0.0
1539,0,,,75.21303078589507,85.0,0.7818867770977573,1.0,0.0,2.0,0,0.0,1,0.0,1,1.0,0,0.0,0.0,0,0,0,1,1,1,0.0,0.0,1.0,1.0,0.0,0.0,0.0,0.5263157894736842,0.0,1.0,0.0,1.0,75.0,0.0,1.0,0.0,5.0,0.0,1.0,0.0,0.0,0.0,0.0,0.0
1386,0,,,7.483314773547883,14.0,0.9456438788939946,1.0,0.0,2.0,0,1.0,0,0.0,1,0.0,1,0.0,0.0,0,0,0,1,1,1,0.0,0.0,1.0,1.0,0.0,0.0,0.0,0.5789473684210527,5.0,0.0,5.0,0.0,0.0,1.0,0.0,1.0,0.0,1.0,1.0,0.0,0.0,0.0,0.0,0.0
139,1,139.0,139.0,0.0,0.0,1.0,0.0,1.0,0.0,1,0.0,1,0.0,1,0.0,1,0.0,0.0,0,0,1,1,1,1,0.0,0.0,1.0,1.0,0.0,0.0,0.0,0.8947368421052632,0.0,1.0,0.0,1.0,0.0,1.0,0.0,1.0,0.0,1.0,1.0,0.0,0.0,0.0,0.0,0.0
305,1,305.0,305.0,0.0,0.0,1.0,0.0,0.0,0.0,1,0.0,1,0.0,1,0.0,1,0.0,0.0,0,0,1,1,1,1,0.0,0.0,1.0,1.0,0.0,0.0,0.0,0.8421052631578947,0.0,1.0,0.0,1.0,0.0,1.0,0.0,1.0,0.0,1.0,1.0,0.0,0.0,0.0,0.0,0.0
1945,0,,,50.586559479766954,61.0,0.999686048505298,1.0,0.0,50.0,0,7.0,0,0.0,1,0.0,1,0.0,1.0,0,0,0,1,1,1,1.0,1.0,0.0,1.0,1.0,1.0,1.0,0.631578947368421,0.0,0.0,0.0,0.0,0.0,0.0,0.0,0.0,0.0,0.0,0.0,3.0,0.0,0.0,0.0,0.0
1660,0,,,19.28730152198591,26.0,0.8870137254680145,0.0,0.0,19.0,0,1.0,0,0.0,1,1.0,0,0.0,0.0,0,0,1,1,1,1,0.0,0.0,1.0,1.0,0.0,0.0,0.0,0.5263157894736842,2.0,0.0,2.0,0.0,0.0,1.0,0.0,1.0,1.0,0.0,1.0,0.0,0.0,0.0,0.0,0.0
576,1,576.0,576.0,0.0,0.0,1.0,0.0,0.0,0.0,1,0.0,1,0.0,1,0.0,1,0.0,0.0,0,0,1,1,1,1,0.0,0.0,1.0,1.0,0.0,0.0,0.0,0.8421052631578947,0.0,1.0,0.0,1.0,0.0,1.0,0.0,1.0,0.0,1.0,1.0,0.0,0.0,0.0,0.0,0.0
55,1,55.0,55.0,0.0,0.0,1.0,0.0,1.0,0.0,1,0.0,1,0.0,1,0.0,1,0.0,0.0,0,0,1,1,1,1,0.0,0.0,1.0,1.0,0.0,0.0,0.0,0.8947368421052632,0.0,1.0,0.0,1.0,0.0,1.0,0.0,1.0,0.0,1.0,1.0,0.0,0.0,0.0,0.0,0.0
1531,0,,,28.930952282978865,39.0,0.9077042010966578,0.0,0.0,28.0,0,0.0,1,0.0,1,1.0,0,0.0,0.0,0,0,0,1,1,1,0.0,0.0,1.0,1.0,0.0,0.0,0.0,0.5789473684210527,0.0,1.0,0.0,1.0,6.0,0.0,0.0,1.0,4.0,0.0,1.0,0.0,0.0,0.0,0.0,0.0
1355,0,,,71.51922818375489,83.0,0.7724852222050133,0.0,0.0,71.0,0,8.0,0,0.0,1,0.0,1,0.0,0.0,0,0,0,1,1,1,0.0,0.0,1.0,1.0,0.0,0.0,0.0,0.5789473684210527,0.0,1.0,0.0,1.0,0.0,1.0,1.0,0.0,3.0,0.0,1.0,0.0,0.0,0.0,0.0,0.0
374,1,374.0,374.0,0.0,0.0,1.0,0.0,1.0,0.0,1,0.0,1,0.0,1,0.0,1,0.0,1.0,0,0,1,1,1,1,1.0,1.0,0.0,1.0,1.0,1.0,1.0,0.8947368421052632,0.0,0.0,0.0,0.0,0.0,0.0,0.0,0.0,0.0,0.0,0.0,0.0,1.0,0.0,0.0,0.0
468,1,468.0,468.0,0.0,0.0,1.0,0.0,0.0,0.0,1,0.0,1,0.0,1,0.0,1,0.0,0.0,0,0,1,1,1,1,0.0,0.0,1.0,1.0,0.0,0.0,0.0,0.8421052631578947,0.0,1.0,0.0,1.0,0.0,1.0,0.0,1.0,0.0,1.0,1.0,0.0,0.0,0.0,0.0,0.0
1819,0,,,76.72027111526653,102.0,0.7878607905912484,0.0,0.0,1.0,0,9.0,0,0.0,1,1.0,0,0.0,0.0,0,0,1,1,1,1,0.0,0.0,1.0,1.0,0.0,0.0,0.0,0.5263157894736842,0.0,1.0,0.0,1.0,75.0,0.0,3.0,0.0,13.0,0.0,1.0,0.0,0.0,0.0,0.0,0.0
1536,0,,,28.635642126552707,38.0,0.948050127204918,0.0,0.0,28.0,0,3.0,0,0.0,1,1.0,0,0.0,0.0,0,0,0,1,1,1,0.0,0.0,1.0,1.0,0.0,0.0,0.0,0.5263157894736842,0.0,1.0,0.0,1.0,5.0,0.0,1.0,0.0,0.0,1.0,1.0,0.0,0.0,0.0,0.0,0.0
1877,0,,,49.47726750741192,60.0,0.9997045084211872,0.0,0.0,49.0,0,3.0,0,0.0,1,1.0,0,1.0,0.0,0,0,0,1,1,1,1.0,1.0,0.0,1.0,1.0,1.0,1.0,0.5263157894736842,0.0,0.0,0.0,0.0,0.0,0.0,0.0,0.0,0.0,0.0,0.0,6.0,0.0,0.0,0.0,0.0
1133,0,,,37.12142238654117,42.0,0.9903183758759287,0.0,0.0,37.0,0,0.0,1,0.0,1,1.0,0,0.0,0.0,0,0,0,1,1,1,0.0,0.0,1.0,1.0,0.0,0.0,0.0,0.5789473684210527,2.0,0.0,2.0,0.0,0.0,1.0,0.0,1.0,0.0,1.0,1.0,0.0,0.0,0.0,0.0,0.0
203,1,203.0,203.0,0.0,0.0,1.0,0.0,0.0,0.0,1,0.0,1,0.0,1,0.0,1,0.0,1.0,0,0,1,1,1,1,1.0,1.0,0.0,1.0,1.0,1.0,1.0,0.8421052631578947,0.0,0.0,0.0,0.0,0.0,0.0,0.0,0.0,0.0,0.0,0.0,0.0,1.0,0.0,0.0,0.0
1516,0,,,29.376861643136763,37.0,0.9870988427846789,0.0,0.0,29.0,0,0.0,1,0.0,1,2.0,0,0.0,0.0,0,0,0,1,1,1,0.0,0.0,1.0,1.0,0.0,0.0,0.0,0.5789473684210527,3.0,0.0,3.0,0.0,0.0,1.0,0.0,1.0,0.0,1.0,1.0,0.0,0.0,0.0,0.0,0.0
1346,0,,,32.09361307176243,48.0,0.9442570671800142,0.0,0.0,10.0,0,0.0,1,0.0,1,1.0,0,0.0,0.0,0,0,0,1,1,1,0.0,0.0,1.0,1.0,0.0,0.0,0.0,0.5263157894736842,0.0,1.0,0.0,1.0,30.0,0.0,5.0,0.0,2.0,0.0,1.0,0.0,0.0,0.0,0.0,0.0
20,1,20.0,20.0,0.0,0.0,1.0,0.0,0.0,0.0,1,0.0,1,0.0,1,0.0,1,0.0,0.0,0,0,1,1,1,1,0.0,0.0,1.0,1.0,0.0,0.0,0.0,0.8421052631578947,0.0,1.0,0.0,1.0,0.0,1.0,0.0,1.0,0.0,1.0,1.0,0.0,0.0,0.0,0.0,0.0
1557,0,,,20.42057785666214,25.0,0.9961149639431861,0.0,0.0,20.0,0,4.0,0,0.0,1,1.0,0,0.0,0.0,0,0,1,1,0,1,1.0,1.0,0.0,0.0,1.0,1.0,1.0,0.47368421052631576,0.0,0.0,0.0,0.0,0.0,0.0,0.0,0.0,0.0,0.0,0.0,0.0,0.0,0.0,0.0,0.0
1526,0,,,50.049975024968795,65.0,0.9011557818111099,0.0,0.0,49.0,0,6.0,0,0.0,1,2.0,0,0.0,0.0,0,0,0,1,1,1,0.0,0.0,1.0,1.0,0.0,0.0,0.0,0.5789473684210527,0.0,1.0,0.0,1.0,0.0,1.0,0.0,1.0,8.0,0.0,1.0,0.0,0.0,0.0,0.0,0.0
64,1,64.0,64.0,0.0,0.0,1.0,0.0,0.0,0.0,1,0.0,1,0.0,1,0.0,1,0.0,0.0,0,0,1,1,1,1,0.0,0.0,1.0,1.0,0.0,0.0,0.0,0.8421052631578947,0.0,1.0,0.0,1.0,0.0,1.0,0.0,1.0,0.0,1.0,1.0,0.0,0.0,0.0,0.0,0.0
1693,0,,,52.05766033928148,82.0,0.9649231243631747,0.0,0.0,38.0,0,2.0,0,0.0,1,1.0,0,0.0,0.0,0,0,0,1,1,1,0.0,0.0,1.0,1.0,0.0,0.0,0.0,0.5263157894736842,0.0,1.0,0.0,1.0,35.0,0.0,0.0,1.0,6.0,0.0,1.0,0.0,0.0,0.0,0.0,0.0
437,1,437.0,437.0,0.0,0.0,1.0,0.0,1.0,0.0,1,0.0,1,0.0,1,0.0,1,0.0,0.0,0,0,1,1,1,1,0.0,0.0,1.0,1.0,0.0,0.0,0.0,0.8947368421052632,0.0,1.0,0.0,1.0,0.0,1.0,0.0,1.0,0.0,1.0,1.0,0.0,0.0,0.0,0.0,0.0
57,1,57.0,57.0,0.0,0.0,1.0,0.0,1.0,0.0,1,0.0,1,0.0,1,0.0,1,0.0,0.0,0,0,1,1,1,1,0.0,0.0,1.0,1.0,0.0,0.0,0.0,0.8947368421052632,0.0,1.0,0.0,1.0,0.0,1.0,0.0,1.0,0.0,1.0,1.0,0.0,0.0,0.0,0.0,0.0
1070,0,,,26.248809496813376,39.0,0.9369295816858022,0.0,0.0,1.0,0,2.0,0,0.0,1,1.0,0,0.0,0.0,0,0,0,1,1,1,0.0,0.0,1.0,1.0,0.0,0.0,0.0,0.47368421052631576,0.0,1.0,0.0,1.0,25.0,0.0,3.0,0.0,7.0,0.0,1.0,0.0,0.0,0.0,0.0,0.0
746,1,746.0,746.0,0.0,0.0,1.0,0.0,0.0,0.0,1,0.0,1,0.0,1,0.0,1,0.0,0.0,0,0,1,1,1,1,0.0,0.0,1.0,1.0,0.0,0.0,0.0,0.8421052631578947,0.0,1.0,0.0,1.0,0.0,1.0,0.0,1.0,0.0,1.0,1.0,0.0,0.0,0.0,0.0,0.0
1817,0,,,40.049968789001575,44.0,0.8985934794645857,0.0,0.0,0.0,1,1.0,0,0.0,1,1.0,0,0.0,0.0,0,0,0,1,1,1,0.0,0.0,1.0,1.0,0.0,0.0,0.0,0.5263157894736842,1.0,0.0,1.0,0.0,40.0,0.0,0.0,1.0,0.0,1.0,1.0,0.0,0.0,0.0,0.0,0.0
755,1,755.0,755.0,0.0,0.0,1.0,0.0,0.0,0.0,1,0.0,1,0.0,1,0.0,1,0.0,0.0,0,0,1,1,1,1,0.0,0.0,1.0,1.0,0.0,0.0,0.0,0.8421052631578947,0.0,1.0,0.0,1.0,0.0,1.0,0.0,1.0,0.0,1.0,1.0,0.0,0.0,0.0,0.0,0.0
1783,0,,,27.477263328068172,41.0,0.9596520954651376,0.0,0.0,11.0,0,0.0,1,0.0,1,1.0,0,0.0,0.0,0,0,1,1,1,1,0.0,0.0,1.0,1.0,0.0,0.0,0.0,0.5789473684210527,2.0,0.0,2.0,0.0,25.0,0.0,0.0,1.0,0.0,1.0,1.0,0.0,0.0,0.0,0.0,0.0
1025,0,,,9.1104335791443,17.0,0.9965827612649026,0.0,0.0,7.0,0,2.0,0,0.0,1,1.0,0,0.0,0.0,0,0,0,1,1,1,0.0,0.0,1.0,1.0,0.0,0.0,0.0,0.5263157894736842,0.0,1.0,0.0,1.0,5.0,0.0,0.0,1.0,2.0,0.0,1.0,0.0,0.0,0.0,0.0,0.0
326,1,326.0,326.0,0.0,0.0,1.0,0.0,1.0,0.0,1,0.0,1,0.0,1,0.0,1,0.0,0.0,0,0,1,1,1,1,0.0,0.0,1.0,1.0,0.0,0.0,0.0,0.8947368421052632,0.0,1.0,0.0,1.0,0.0,1.0,0.0,1.0,0.0,1.0,1.0,0.0,0.0,0.0,0.0,0.0
1743,0,,,10.723805294763608,19.0,0.9841550000315303,1.0,0.0,10.0,0,1.0,0,0.0,1,1.0,0,0.0,0.0,0,0,1,1,1,1,0.0,0.0,1.0,1.0,0.0,0.0,0.0,0.5263157894736842,2.0,0.0,2.0,0.0,0.0,1.0,2.0,0.0,0.0,1.0,1.0,0.0,0.0,0.0,0.0,0.0
832,1,832.0,832.0,0.0,0.0,1.0,0.0,0.0,0.0,1,0.0,1,0.0,1,0.0,1,0.0,0.0,0,0,1,1,1,1,1.0,1.0,1.0,0.0,1.0,1.0,1.0,0.8421052631578947,0.0,0.0,0.0,0.0,0.0,0.0,0.0,0.0,0.0,0.0,1.0,0.0,0.0,0.0,0.0,1.0
1507,0,,,11.40175425099138,16.0,0.9762173676152675,0.0,0.0,11.0,0,1.0,0,0.0,1,0.0,1,0.0,0.0,0,0,0,1,1,1,0.0,0.0,1.0,1.0,0.0,0.0,0.0,0.5789473684210527,0.0,1.0,0.0,1.0,0.0,1.0,2.0,0.0,2.0,0.0,1.0,0.0,0.0,0.0,0.0,0.0
1361,0,,,11.0,17.0,0.9925989387153811,0.0,0.0,0.0,1,4.0,0,0.0,1,1.0,0,0.0,0.0,0,0,0,1,1,1,0.0,0.0,1.0,1.0,0.0,0.0,0.0,0.5789473684210527,0.0,1.0,0.0,1.0,10.0,0.0,0.0,1.0,2.0,0.0,1.0,0.0,0.0,0.0,0.0,0.0
226,1,226.0,226.0,0.0,0.0,1.0,0.0,1.0,0.0,1,0.0,1,0.0,1,0.0,1,0.0,0.0,0,0,1,1,1,1,0.0,0.0,1.0,1.0,0.0,0.0,0.0,0.8947368421052632,0.0,1.0,0.0,1.0,0.0,1.0,0.0,1.0,0.0,1.0,1.0,0.0,0.0,0.0,0.0,0.0
1964,0,,,37.8549864614954,55.0,0.9385385087347978,0.0,0.0,0.0,1,0.0,1,0.0,1,2.0,0,0.0,0.0,0,0,0,1,1,1,0.0,0.0,1.0,1.0,0.0,0.0,0.0,0.631578947368421,0.0,1.0,0.0,1.0,30.0,0.0,0.0,1.0,23.0,0.0,1.0,0.0,0.0,0.0,0.0,0.0
31,1,31.0,31.0,0.0,0.0,1.0,0.0,1.0,0.0,1,0.0,1,0.0,1,0.0,1,0.0,1.0,0,0,1,1,1,1,1.0,1.0,0.0,1.0,1.0,1.0,1.0,0.8947368421052632,0.0,0.0,0.0,0.0,0.0,0.0,0.0,0.0,0.0,0.0,0.0,0.0,1.0,0.0,0.0,0.0
206,1,206.0,206.0,0.0,0.0,1.0,0.0,1.0,0.0,1,0.0,1,0.0,1,0.0,1,0.0,1.0,0,0,1,1,1,1,1.0,1.0,0.0,1.0,1.0,1.0,1.0,0.8947368421052632,0.0,0.0,0.0,0.0,0.0,0.0,0.0,0.0,0.0,0.0,0.0,0.0,1.0,0.0,0.0,0.0
1395,0,,,69.21704992268884,79.0,0.9994106429656912,0.0,0.0,69.0,0,1.0,0,0.0,1,2.0,0,3.0,0.0,0,0,0,1,1,1,1.0,1.0,0.0,1.0,1.0,1.0,1.0,0.5263157894736842,0.0,0.0,0.0,0.0,0.0,0.0,0.0,0.0,0.0,0.0,0.0,4.0,0.0,0.0,0.0,0.0
33,1,33.0,33.0,0.0,0.0,1.0,0.0,1.0,0.0,1,0.0,1,0.0,1,0.0,1,0.0,0.0,0,0,1,1,1,1,0.0,0.0,1.0,1.0,0.0,0.0,0.0,0.8947368421052632,0.0,1.0,0.0,1.0,0.0,1.0,0.0,1.0,0.0,1.0,1.0,0.0,0.0,0.0,0.0,0.0
1638,0,,,7.280109889280518,13.0,0.9935665045109812,0.0,0.0,1.0,0,1.0,0,0.0,1,1.0,0,0.0,0.0,0,0,0,1,1,1,0.0,0.0,1.0,1.0,0.0,0.0,0.0,0.5263157894736842,5.0,0.0,5.0,0.0,0.0,1.0,0.0,1.0,0.0,1.0,1.0,0.0,0.0,0.0,0.0,0.0
1224,0,,,48.55924216871593,58.0,0.742566078116389,0.0,0.0,48.0,0,7.0,0,0.0,1,1.0,0,0.0,0.0,0,0,0,1,1,1,0.0,0.0,1.0,1.0,0.0,0.0,0.0,0.5789473684210527,0.0,1.0,0.0,1.0,0.0,1.0,2.0,0.0,0.0,1.0,1.0,0.0,0.0,0.0,0.0,0.0
279,1,279.0,279.0,0.0,0.0,1.0,0.0,0.0,0.0,1,0.0,1,0.0,1,0.0,1,0.0,0.0,0,0,1,1,1,1,0.0,0.0,1.0,1.0,0.0,0.0,0.0,0.8421052631578947,0.0,1.0,0.0,1.0,0.0,1.0,0.0,1.0,0.0,1.0,1.0,0.0,0.0,0.0,0.0,0.0
1656,0,,,31.85906464414798,43.0,0.9979625259950548,0.0,0.0,31.0,0,6.0,0,0.0,1,0.0,1,0.0,0.0,0,0,0,1,1,1,0.0,0.0,1.0,1.0,0.0,0.0,0.0,0.5789473684210527,3.0,0.0,3.0,0.0,0.0,1.0,0.0,1.0,0.0,1.0,1.0,0.0,0.0,0.0,0.0,0.0
1927,0,,,114.2584788976293,171.0,0.9984002809660629,1.0,0.0,70.0,0,7.0,0,0.0,1,2.0,0,90.0,0.0,0,0,1,1,1,1,1.0,1.0,0.0,1.0,1.0,1.0,1.0,0.5789473684210527,0.0,0.0,0.0,0.0,0.0,0.0,0.0,0.0,0.0,0.0,0.0,1.0,0.0,0.0,0.0,0.0
1030,0,,,18.81488772222678,26.0,0.996191714066517,0.0,0.0,18.0,0,1.0,0,0.0,1,0.0,1,0.0,0.0,0,0,0,1,1,1,0.0,0.0,1.0,1.0,0.0,0.0,0.0,0.5789473684210527,0.0,1.0,0.0,1.0,5.0,0.0,0.0,1.0,2.0,0.0,1.0,0.0,0.0,0.0,0.0,0.0
727,1,727.0,727.0,0.0,0.0,1.0,0.0,0.0,0.0,1,0.0,1,0.0,1,0.0,1,0.0,0.0,0,0,1,1,1,1,0.0,0.0,1.0,1.0,0.0,0.0,0.0,0.8421052631578947,0.0,1.0,0.0,1.0,0.0,1.0,0.0,1.0,0.0,1.0,1.0,0.0,0.0,0.0,0.0,0.0
651,1,651.0,651.0,0.0,0.0,1.0,0.0,0.0,0.0,1,0.0,1,0.0,1,0.0,1,0.0,0.0,0,0,1,1,1,1,0.0,0.0,1.0,1.0,0.0,0.0,0.0,0.8421052631578947,0.0,1.0,0.0,1.0,0.0,1.0,0.0,1.0,0.0,1.0,1.0,0.0,0.0,0.0,0.0,0.0
1626,0,,,29.154759474226502,34.0,0.9438114171339068,0.0,0.0,29.0,0,0.0,1,0.0,1,1.0,0,0.0,0.0,0,0,0,1,1,1,0.0,0.0,1.0,1.0,0.0,0.0,0.0,0.5789473684210527,2.0,0.0,2.0,0.0,0.0,1.0,0.0,1.0,0.0,1.0,1.0,0.0,0.0,0.0,0.0,0.0
1186,0,,,32.64965543462902,44.0,0.9542759648266778,0.0,0.0,31.0,0,2.0,0,0.0,1,1.0,0,0.0,0.0,0,0,0,1,1,1,0.0,0.0,1.0,1.0,0.0,0.0,0.0,0.5789473684210527,0.0,1.0,0.0,1.0,10.0,0.0,0.0,1.0,0.0,1.0,1.0,0.0,0.0,0.0,0.0,0.0
785,1,785.0,785.0,0.0,0.0,1.0,0.0,0.0,0.0,1,0.0,1,0.0,1,0.0,1,0.0,1.0,0,0,1,1,1,1,1.0,1.0,0.0,1.0,1.0,1.0,1.0,0.8421052631578947,0.0,0.0,0.0,0.0,0.0,0.0,0.0,0.0,0.0,0.0,0.0,0.0,1.0,0.0,0.0,0.0
1298,0,,,70.36334272900912,91.0,0.8745313445097566,0.0,0.0,69.0,0,0.0,1,0.0,1,1.0,0,0.0,0.0,0,0,1,1,1,1,0.0,0.0,1.0,1.0,0.0,0.0,0.0,0.5789473684210527,11.0,0.0,8.0,0.0,0.0,1.0,2.0,0.0,0.0,1.0,1.0,0.0,0.0,0.0,0.0,0.0
1826,0,,,21.587033144922902,36.0,0.9949131013392063,0.0,0.0,19.0,0,8.0,0,0.0,1,4.0,0,0.0,0.0,0,0,0,1,1,1,0.0,0.0,1.0,1.0,0.0,0.0,0.0,0.5789473684210527,0.0,1.0,0.0,1.0,5.0,0.0,0.0,1.0,0.0,1.0,1.0,0.0,0.0,0.0,0.0,0.0
649,1,649.0,649.0,0.0,0.0,1.0,0.0,0.0,0.0,1,0.0,1,0.0,1,0.0,1,0.0,0.0,0,0,1,1,1,1,0.0,0.0,1.0,1.0,0.0,0.0,0.0,0.8421052631578947,0.0,1.0,0.0,1.0,0.0,1.0,0.0,1.0,0.0,1.0,1.0,0.0,0.0,0.0,0.0,0.0
416,1,416.0,416.0,0.0,0.0,1.0,0.0,0.0,0.0,1,0.0,1,0.0,1,0.0,1,0.0,0.0,0,0,1,1,1,1,0.0,0.0,1.0,1.0,0.0,0.0,0.0,0.8421052631578947,0.0,1.0,0.0,1.0,0.0,1.0,0.0,1.0,0.0,1.0,1.0,0.0,0.0,0.0,0.0,0.0
1601,0,,,39.949968710876355,56.0,0.8872481945878354,0.0,0.0,39.0,0,0.0,1,0.0,1,3.0,0,0.0,0.0,0,0,1,1,1,1,0.0,0.0,1.0,1.0,0.0,0.0,0.0,0.5789473684210527,5.0,0.0,4.0,0.0,0.0,1.0,0.0,1.0,5.0,0.0,1.0,0.0,0.0,0.0,0.0,0.0
1863,0,,,12.449899597988733,25.0,0.9916509562919985,0.0,0.0,10.0,0,3.0,0,0.0,1,1.0,0,0.0,0.0,0,0,1,1,1,1,0.0,0.0,1.0,1.0,0.0,0.0,0.0,0.5263157894736842,0.0,1.0,0.0,1.0,5.0,0.0,2.0,0.0,4.0,0.0,1.0,0.0,0.0,0.0,0.0,0.0
403,1,403.0,403.0,0.0,0.0,1.0,0.0,0.0,0.0,1,0.0,1,0.0,1,0.0,1,0.0,1.0,0,0,1,1,1,1,1.0,1.0,0.0,1.0,1.0,1.0,1.0,0.8421052631578947,0.0,0.0,0.0,0.0,0.0,0.0,0.0,0.0,0.0,0.0,0.0,0.0,1.0,0.0,0.0,0.0
452,1,452.0,452.0,0.0,0.0,1.0,0.0,1.0,0.0,1,0.0,1,0.0,1,0.0,1,0.0,0.0,0,0,1,1,1,1,0.0,0.0,1.0,1.0,0.0,0.0,0.0,0.8947368421052632,0.0,1.0,0.0,1.0,0.0,1.0,0.0,1.0,0.0,1.0,1.0,0.0,0.0,0.0,0.0,0.0
1274,0,,,13.228756555322953,21.0,0.9806520817715684,0.0,0.0,11.0,0,7.0,0,0.0,1,2.0,0,0.0,0.0,0,0,0,1,1,1,0.0,0.0,1.0,1.0,0.0,0.0,0.0,0.5789473684210527,0.0,1.0,0.0,1.0,0.0,1.0,1.0,0.0,0.0,1.0,1.0,0.0,0.0,0.0,0.0,0.0
34,1,34.0,34.0,0.0,0.0,1.0,0.0,1.0,0.0,1,0.0,1,0.0,1,0.0,1,0.0,0.0,0,0,1,1,1,1,0.0,0.0,1.0,1.0,0.0,0.0,0.0,0.8947368421052632,0.0,1.0,0.0,1.0,0.0,1.0,0.0,1.0,0.0,1.0,1.0,0.0,0.0,0.0,0.0,0.0
1349,0,,,79.25906888173743,94.0,0.5858467767559126,0.0,0.0,78.0,0,0.0,1,0.0,1,1.0,0,0.0,0.0,0,0,0,1,1,1,0.0,0.0,1.0,1.0,0.0,0.0,0.0,0.5789473684210527,0.0,1.0,0.0,1.0,14.0,0.0,0.0,1.0,1.0,0.0,1.0,0.0,0.0,0.0,0.0,0.0
1213,0,,,54.74486277268398,83.0,0.7669987488639367,0.0,0.0,48.0,0,0.0,1,0.0,1,2.0,0,0.0,0.0,0,0,0,1,1,1,0.0,0.0,1.0,1.0,0.0,0.0,0.0,0.5789473684210527,0.0,1.0,0.0,1.0,25.0,0.0,0.0,1.0,8.0,0.0,1.0,0.0,0.0,0.0,0.0,0.0
444,1,444.0,444.0,0.0,0.0,1.0,0.0,0.0,0.0,1,0.0,1,0.0,1,0.0,1,0.0,0.0,0,0,1,1,1,1,0.0,0.0,1.0,1.0,0.0,0.0,0.0,0.8421052631578947,0.0,1.0,0.0,1.0,0.0,1.0,0.0,1.0,0.0,1.0,1.0,0.0,0.0,0.0,0.0,0.0
704,1,704.0,704.0,0.0,0.0,1.0,0.0,1.0,0.0,1,0.0,1,0.0,1,0.0,1,0.0,0.0,0,0,1,1,1,1,1.0,1.0,1.0,0.0,1.0,1.0,1.0,0.8947368421052632,0.0,0.0,0.0,0.0,0.0,0.0,0.0,0.0,0.0,0.0,1.0,0.0,0.0,0.0,0.0,1.0
751,1,751.0,751.0,0.0,0.0,1.0,0.0,0.0,0.0,1,0.0,1,0.0,1,0.0,1,0.0,1.0,0,0,1,1,1,1,1.0,1.0,0.0,1.0,1.0,1.0,1.0,0.8421052631578947,0.0,0.0,0.0,0.0,0.0,0.0,0.0,0.0,0.0,0.0,0.0,0.0,1.0,0.0,0.0,0.0
329,1,329.0,329.0,0.0,0.0,1.0,0.0,1.0,0.0,1,0.0,1,0.0,1,0.0,1,0.0,0.0,0,0,1,1,1,1,0.0,0.0,1.0,1.0,0.0,0.0,0.0,0.8947368421052632,0.0,1.0,0.0,1.0,0.0,1.0,0.0,1.0,0.0,1.0,1.0,0.0,0.0,0.0,0.0,0.0
1063,0,,,79.01898506055365,82.0,0.6792779808597411,0.0,0.0,79.0,0,1.0,0,0.0,1,0.0,1,0.0,0.0,0,0,0,1,1,1,0.0,0.0,1.0,1.0,0.0,0.0,0.0,0.5789473684210527,1.0,0.0,1.0,0.0,0.0,1.0,0.0,1.0,0.0,1.0,1.0,0.0,0.0,0.0,0.0,0.0
1453,0,,,2.8284271247461903,6.0,0.9937131665895925,0.0,1.0,0.0,1,2.0,0,0.0,1,1.0,0,0.0,0.0,0,0,0,1,1,1,0.0,0.0,1.0,1.0,0.0,0.0,0.0,0.5789473684210527,1.0,0.0,1.0,0.0,0.0,1.0,0.0,1.0,1.0,0.0,1.0,0.0,0.0,0.0,0.0,0.0
1554,0,,,83.97023282092292,115.0,0.7568853798810727,0.0,0.0,81.0,0,0.0,1,0.0,1,0.0,1,0.0,0.0,0,0,1,1,1,1,0.0,0.0,1.0,1.0,0.0,0.0,0.0,0.631578947368421,16.0,0.0,3.0,0.0,15.0,0.0,0.0,1.0,0.0,1.0,1.0,0.0,0.0,0.0,0.0,0.0
1051,0,,,9.899494936611665,18.0,0.9551546232396845,0.0,0.0,8.0,0,0.0,1,0.0,1,1.0,0,0.0,0.0,0,0,1,1,1,1,0.0,0.0,1.0,1.0,0.0,0.0,0.0,0.5789473684210527,0.0,1.0,0.0,1.0,5.0,0.0,2.0,0.0,2.0,0.0,1.0,0.0,0.0,0.0,0.0,0.0
1975,0,,,15.297058540778355,28.0,0.9441314954210699,0.0,0.0,11.0,0,9.0,0,0.0,1,4.0,0,0.0,0.0,0,0,0,1,1,1,0.0,0.0,1.0,1.0,0.0,0.0,0.0,0.5789473684210527,0.0,1.0,0.0,1.0,0.0,1.0,4.0,0.0,0.0,1.0,1.0,0.0,0.0,0.0,0.0,0.0
32,1,32.0,32.0,0.0,0.0,1.0,0.0,1.0,0.0,1,0.0,1,0.0,1,0.0,1,0.0,0.0,0,0,1,1,1,1,0.0,0.0,1.0,1.0,0.0,0.0,0.0,0.8947368421052632,0.0,1.0,0.0,1.0,0.0,1.0,0.0,1.0,0.0,1.0,1.0,0.0,0.0,0.0,0.0,0.0
947,1,947.0,947.0,0.0,0.0,1.0,0.0,0.0,0.0,1,0.0,1,0.0,1,0.0,1,0.0,0.0,0,0,1,1,1,1,0.0,0.0,1.0,1.0,0.0,0.0,0.0,0.8421052631578947,0.0,1.0,0.0,1.0,0.0,1.0,0.0,1.0,0.0,1.0,1.0,0.0,0.0,0.0,0.0,0.0
916,1,916.0,916.0,0.0,0.0,1.0,0.0,0.0,0.0,1,0.0,1,0.0,1,0.0,1,0.0,0.0,0,0,1,1,1,1,0.0,0.0,1.0,1.0,0.0,0.0,0.0,0.8421052631578947,0.0,1.0,0.0,1.0,0.0,1.0,0.0,1.0,0.0,1.0,1.0,0.0,0.0,0.0,0.0,0.0
982,1,982.0,982.0,0.0,0.0,1.0,0.0,0.0,0.0,1,0.0,1,0.0,1,0.0,1,0.0,0.0,0,0,1,1,1,1,0.0,0.0,1.0,1.0,0.0,0.0,0.0,0.8421052631578947,0.0,1.0,0.0,1.0,0.0,1.0,0.0,1.0,0.0,1.0,1.0,0.0,0.0,0.0,0.0,0.0
666,1,666.0,666.0,0.0,0.0,1.0,0.0,0.0,0.0,1,0.0,1,0.0,1,0.0,1,0.0,0.0,0,0,1,1,1,1,0.0,0.0,1.0,1.0,0.0,0.0,0.0,0.8421052631578947,0.0,1.0,0.0,1.0,0.0,1.0,0.0,1.0,0.0,1.0,1.0,0.0,0.0,0.0,0.0,0.0
523,1,523.0,523.0,0.0,0.0,1.0,0.0,0.0,0.0,1,0.0,1,0.0,1,0.0,1,0.0,0.0,0,0,1,1,1,1,0.0,0.0,1.0,1.0,0.0,0.0,0.0,0.8421052631578947,0.0,1.0,0.0,1.0,0.0,1.0,0.0,1.0,0.0,1.0,1.0,0.0,0.0,0.0,0.0,0.0
1679,0,,,79.17070165155795,86.0,0.7770973670426803,0.0,0.0,79.0,0,5.0,0,0.0,1,1.0,0,1.0,0.0,0,0,0,1,1,1,1.0,1.0,0.0,1.0,1.0,1.0,1.0,0.5263157894736842,0.0,0.0,0.0,0.0,0.0,0.0,0.0,0.0,0.0,0.0,0.0,0.0,0.0,0.0,0.0,0.0
1653,0,,,14.106735979665885,27.0,0.9924508071993343,0.0,0.0,11.0,0,2.0,0,0.0,1,0.0,1,0.0,0.0,0,0,1,1,1,1,0.0,0.0,1.0,1.0,0.0,0.0,0.0,0.5263157894736842,6.0,0.0,6.0,0.0,0.0,1.0,1.0,0.0,1.0,0.0,1.0,0.0,0.0,0.0,0.0,0.0
1668,0,,,50.65570056765576,64.0,0.9175349562756571,0.0,0.0,50.0,0,6.0,0,0.0,1,2.0,0,0.0,0.0,0,0,1,1,1,1,0.0,0.0,1.0,1.0,0.0,0.0,0.0,0.5789473684210527,0.0,1.0,0.0,1.0,5.0,0.0,0.0,1.0,1.0,0.0,1.0,0.0,0.0,0.0,0.0,0.0
943,1,943.0,943.0,0.0,0.0,1.0,0.0,0.0,0.0,1,0.0,1,0.0,1,0.0,1,0.0,0.0,0,0,1,1,1,1,0.0,0.0,1.0,1.0,0.0,0.0,0.0,0.8421052631578947,0.0,1.0,0.0,1.0,0.0,1.0,0.0,1.0,0.0,1.0,1.0,0.0,0.0,0.0,0.0,0.0
854,1,854.0,854.0,0.0,0.0,1.0,0.0,0.0,0.0,1,0.0,1,0.0,1,0.0,1,0.0,0.0,0,0,1,1,1,1,0.0,0.0,1.0,1.0,0.0,0.0,0.0,0.8421052631578947,0.0,1.0,0.0,1.0,0.0,1.0,0.0,1.0,0.0,1.0,1.0,0.0,0.0,0.0,0.0,0.0
213,1,213.0,213.0,0.0,0.0,1.0,0.0,1.0,0.0,1,0.0,1,0.0,1,0.0,1,0.0,0.0,0,0,1,1,1,1,0.0,0.0,1.0,1.0,0.0,0.0,0.0,0.8947368421052632,0.0,1.0,0.0,1.0,0.0,1.0,0.0,1.0,0.0,1.0,1.0,0.0,0.0,0.0,0.0,0.0
168,1,168.0,168.0,0.0,0.0,1.0,0.0,1.0,0.0,1,0.0,1,0.0,1,0.0,1,0.0,0.0,0,0,1,1,1,1,0.0,0.0,1.0,1.0,0.0,0.0,0.0,0.8947368421052632,0.0,1.0,0.0,1.0,0.0,1.0,0.0,1.0,0.0,1.0,1.0,0.0,0.0,0.0,0.0,0.0
1075,0,,,15.748015748023622,28.0,0.9345098645148323,0.0,0.0,1.0,0,11.0,0,0.0,1,1.0,0,0.0,0.0,0,0,0,1,1,1,0.0,0.0,1.0,1.0,0.0,0.0,0.0,0.5263157894736842,0.0,1.0,0.0,1.0,10.0,0.0,5.0,0.0,0.0,1.0,1.0,0.0,0.0,0.0,0.0,0.0
568,1,568.0,568.0,0.0,0.0,1.0,0.0,1.0,0.0,1,0.0,1,0.0,1,0.0,1,0.0,0.0,0,0,1,1,1,1,0.0,0.0,1.0,1.0,0.0,0.0,0.0,0.8947368421052632,0.0,1.0,0.0,1.0,0.0,1.0,0.0,1.0,0.0,1.0,1.0,0.0,0.0,0.0,0.0,0.0
1509,0,,,41.0731055558257,65.0,0.7498361112786666,0.0,0.0,32.0,0,1.0,0,0.0,1,1.0,0,0.0,0.0,0,0,0,1,1,1,0.0,0.0,1.0,1.0,0.0,0.0,0.0,0.5263157894736842,0.0,1.0,0.0,1.0,25.0,0.0,0.0,1.0,6.0,0.0,1.0,0.0,0.0,0.0,0.0,0.0
1008,0,,,49.467160824126545,59.0,0.8160183393682396,0.0,0.0,49.0,0,6.0,0,0.0,1,1.0,0,0.0,0.0,0,0,0,1,1,1,0.0,0.0,1.0,1.0,0.0,0.0,0.0,0.5789473684210527,0.0,1.0,0.0,1.0,3.0,0.0,0.0,1.0,0.0,1.0,1.0,0.0,0.0,0.0,0.0,0.0
1881,0,,,62.601916903558156,85.0,0.5406081685500335,0.0,0.0,60.0,0,2.0,0,0.0,1,1.0,0,0.0,0.0,0,0,1,1,1,1,0.0,0.0,1.0,1.0,0.0,0.0,0.0,0.5789473684210527,0.0,1.0,0.0,1.0,17.0,0.0,5.0,0.0,0.0,1.0,1.0,0.0,0.0,0.0,0.0,0.0
277,1,277.0,277.0,0.0,0.0,1.0,0.0,1.0,0.0,1,0.0,1,0.0,1,0.0,1,0.0,0.0,0,0,1,1,1,1,0.0,0.0,1.0,1.0,0.0,0.0,0.0,0.8947368421052632,0.0,1.0,0.0,1.0,0.0,1.0,0.0,1.0,0.0,1.0,1.0,0.0,0.0,0.0,0.0,0.0
869,1,869.0,869.0,0.0,0.0,1.0,0.0,0.0,0.0,1,0.0,1,0.0,1,0.0,1,0.0,0.0,0,0,1,1,1,1,0.0,0.0,1.0,1.0,0.0,0.0,0.0,0.8421052631578947,0.0,1.0,0.0,1.0,0.0,1.0,0.0,1.0,0.0,1.0,1.0,0.0,0.0,0.0,0.0,0.0
1041,0,,,49.416596402423345,58.0,0.9997001785569093,0.0,0.0,49.0,0,6.0,0,0.0,1,0.0,1,1.0,0.0,0,0,0,1,1,1,1.0,1.0,0.0,1.0,1.0,1.0,1.0,0.5789473684210527,0.0,0.0,0.0,0.0,0.0,0.0,0.0,0.0,0.0,0.0,0.0,2.0,0.0,0.0,0.0,0.0
838,1,838.0,838.0,0.0,0.0,1.0,0.0,0.0,0.0,1,0.0,1,0.0,1,0.0,1,0.0,0.0,0,0,1,1,1,1,0.0,0.0,1.0,1.0,0.0,0.0,0.0,0.8421052631578947,0.0,1.0,0.0,1.0,0.0,1.0,0.0,1.0,0.0,1.0,1.0,0.0,0.0,0.0,0.0,0.0
698,1,698.0,698.0,0.0,0.0,1.0,0.0,0.0,0.0,1,0.0,1,0.0,1,0.0,1,0.0,0.0,0,0,1,1,1,1,0.0,0.0,1.0,1.0,0.0,0.0,0.0,0.8421052631578947,0.0,1.0,0.0,1.0,0.0,1.0,0.0,1.0,0.0,1.0,1.0,0.0,0.0,0.0,0.0,0.0
582,1,582.0,582.0,0.0,0.0,1.0,0.0,0.0,0.0,1,0.0,1,0.0,1,0.0,1,0.0,0.0,0,0,1,1,1,1,0.0,0.0,1.0,1.0,0.0,0.0,0.0,0.8421052631578947,0.0,1.0,0.0,1.0,0.0,1.0,0.0,1.0,0.0,1.0,1.0,0.0,0.0,0.0,0.0,0.0
1211,0,,,22.360679774997898,36.0,0.9916517122377695,1.0,0.0,20.0,0,1.0,0,0.0,1,0.0,1,0.0,0.0,0,0,0,1,1,1,0.0,0.0,1.0,1.0,0.0,0.0,0.0,0.5789473684210527,7.0,0.0,7.0,0.0,0.0,1.0,0.0,1.0,0.0,1.0,1.0,0.0,0.0,0.0,0.0,0.0
1916,0,,,10.862780491200215,20.0,0.9903358069532314,0.0,0.0,8.0,0,0.0,1,0.0,1,2.0,0,0.0,0.0,0,0,0,1,1,1,0.0,0.0,1.0,1.0,0.0,0.0,0.0,0.5789473684210527,5.0,0.0,5.0,0.0,0.0,1.0,0.0,1.0,0.0,1.0,1.0,0.0,0.0,0.0,0.0,0.0
868,1,868.0,868.0,0.0,0.0,1.0,0.0,0.0,0.0,1,0.0,1,0.0,1,0.0,1,0.0,0.0,0,0,1,1,1,1,0.0,0.0,1.0,1.0,0.0,0.0,0.0,0.8421052631578947,0.0,1.0,0.0,1.0,0.0,1.0,0.0,1.0,0.0,1.0,1.0,0.0,0.0,0.0,0.0,0.0
533,1,533.0,533.0,0.0,0.0,1.0,0.0,0.0,0.0,1,0.0,1,0.0,1,0.0,1,0.0,1.0,0,0,1,1,1,1,1.0,1.0,0.0,1.0,1.0,1.0,1.0,0.8421052631578947,0.0,0.0,0.0,0.0,0.0,0.0,0.0,0.0,0.0,0.0,0.0,0.0,1.0,0.0,0.0,0.0
677,1,677.0,677.0,0.0,0.0,1.0,0.0,0.0,0.0,1,0.0,1,0.0,1,0.0,1,0.0,0.0,0,0,1,1,1,1,0.0,0.0,1.0,1.0,0.0,0.0,0.0,0.8421052631578947,0.0,1.0,0.0,1.0,0.0,1.0,0.0,1.0,0.0,1.0,1.0,0.0,0.0,0.0,0.0,0.0
1896,0,,,94.95788540189804,125.0,0.9988916969563358,0.0,0.0,30.0,0,4.0,0,0.0,1,1.0,0,90.0,0.0,0,0,0,1,1,1,1.0,1.0,0.0,1.0,1.0,1.0,1.0,0.5789473684210527,0.0,0.0,0.0,0.0,0.0,0.0,0.0,0.0,0.0,0.0,0.0,0.0,1.0,0.0,0.0,0.0
90,1,90.0,90.0,0.0,0.0,1.0,0.0,1.0,0.0,1,0.0,1,0.0,1,0.0,1,0.0,0.0,0,0,1,1,1,1,0.0,0.0,1.0,1.0,0.0,0.0,0.0,0.8947368421052632,0.0,1.0,0.0,1.0,0.0,1.0,0.0,1.0,0.0,1.0,1.0,0.0,0.0,0.0,0.0,0.0
1067,0,,,20.248456731316587,26.0,0.9462848228348913,0.0,0.0,19.0,0,7.0,0,0.0,1,0.0,1,0.0,0.0,0,0,0,1,1,1,1.0,1.0,1.0,0.0,1.0,1.0,1.0,0.6842105263157895,0.0,0.0,0.0,0.0,0.0,0.0,0.0,0.0,0.0,0.0,1.0,0.0,0.0,0.0,0.0,1.0
1192,0,,,19.77371993328519,27.0,0.968975056661285,0.0,0.0,19.0,0,2.0,0,0.0,1,0.0,1,0.0,0.0,0,0,0,1,1,1,0.0,0.0,1.0,1.0,0.0,0.0,0.0,0.5789473684210527,0.0,1.0,0.0,1.0,5.0,0.0,1.0,0.0,0.0,1.0,1.0,0.0,0.0,0.0,0.0,0.0
834,1,834.0,834.0,0.0,0.0,1.0,0.0,0.0,0.0,1,0.0,1,0.0,1,0.0,1,0.0,0.0,0,0,1,1,1,1,0.0,0.0,1.0,1.0,0.0,0.0,0.0,0.8421052631578947,0.0,1.0,0.0,1.0,0.0,1.0,0.0,1.0,0.0,1.0,1.0,0.0,0.0,0.0,0.0,0.0
1348,0,,,10.954451150103322,20.0,0.9692808802947654,1.0,0.0,2.0,0,3.0,0,0.0,1,1.0,0,0.0,0.0,0,0,1,1,1,1,0.0,0.0,1.0,1.0,0.0,0.0,0.0,0.5263157894736842,1.0,0.0,0.0,1.0,10.0,0.0,2.0,0.0,0.0,1.0,1.0,0.0,0.0,0.0,0.0,0.0
1369,0,,,17.832554500127006,26.0,0.9621374214858979,0.0,0.0,0.0,1,4.0,0,0.0,1,0.0,1,0.0,0.0,0,0,1,1,1,1,0.0,0.0,1.0,1.0,0.0,0.0,0.0,0.631578947368421,17.0,0.0,2.0,0.0,0.0,1.0,0.0,1.0,3.0,0.0,1.0,0.0,0.0,0.0,0.0,0.0
127,1,127.0,127.0,0.0,0.0,1.0,0.0,1.0,0.0,1,0.0,1,0.0,1,0.0,1,0.0,1.0,0,0,1,1,1,1,1.0,1.0,0.0,1.0,1.0,1.0,1.0,0.8947368421052632,0.0,0.0,0.0,0.0,0.0,0.0,0.0,0.0,0.0,0.0,0.0,0.0,1.0,0.0,0.0,0.0
812,1,812.0,812.0,0.0,0.0,1.0,0.0,0.0,0.0,1,0.0,1,0.0,1,0.0,1,0.0,0.0,0,0,1,1,1,1,0.0,0.0,1.0,1.0,0.0,0.0,0.0,0.8421052631578947,0.0,1.0,0.0,1.0,0.0,1.0,0.0,1.0,0.0,1.0,1.0,0.0,0.0,0.0,0.0,0.0
1486,0,,,22.360679774997898,38.0,0.8627016059538684,0.0,0.0,0.0,1,5.0,0,0.0,1,1.0,0,0.0,0.0,0,0,0,1,1,1,0.0,0.0,1.0,1.0,0.0,0.0,0.0,0.5263157894736842,0.0,1.0,0.0,1.0,20.0,0.0,5.0,0.0,7.0,0.0,1.0,0.0,0.0,0.0,0.0,0.0
21,1,21.0,21.0,0.0,0.0,1.0,0.0,0.0,0.0,1,0.0,1,0.0,1,0.0,1,0.0,0.0,0,0,1,1,1,1,0.0,0.0,1.0,1.0,0.0,0.0,0.0,0.8421052631578947,0.0,1.0,0.0,1.0,0.0,1.0,0.0,1.0,0.0,1.0,1.0,0.0,0.0,0.0,0.0,0.0
1655,0,,,29.223278392404914,42.0,0.9818637074263262,0.0,0.0,28.0,0,6.0,0,0.0,1,0.0,1,0.0,0.0,0,0,0,1,1,1,0.0,0.0,1.0,1.0,0.0,0.0,0.0,0.5789473684210527,0.0,1.0,0.0,1.0,5.0,0.0,0.0,1.0,3.0,0.0,1.0,0.0,0.0,0.0,0.0,0.0
779,1,779.0,779.0,0.0,0.0,1.0,0.0,0.0,0.0,1,0.0,1,0.0,1,0.0,1,0.0,0.0,0,0,1,1,1,1,0.0,0.0,1.0,1.0,0.0,0.0,0.0,0.8421052631578947,0.0,1.0,0.0,1.0,0.0,1.0,0.0,1.0,0.0,1.0,1.0,0.0,0.0,0.0,0.0,0.0
1718,0,,,36.30426972134269,58.0,0.8397629770050701,0.0,0.0,32.0,0,5.0,0,0.0,1,2.0,0,0.0,0.0,0,0,1,1,1,1,0.0,0.0,1.0,1.0,0.0,0.0,0.0,0.5789473684210527,0.0,1.0,0.0,1.0,0.0,1.0,3.0,0.0,16.0,0.0,1.0,0.0,0.0,0.0,0.0,0.0
1368,0,,,6.4031242374328485,13.0,0.9609779446806691,0.0,1.0,2.0,0,3.0,0,0.0,1,1.0,0,0.0,0.0,0,0,1,1,1,1,0.0,0.0,1.0,1.0,0.0,0.0,0.0,0.5789473684210527,1.0,0.0,1.0,0.0,5.0,0.0,0.0,1.0,0.0,1.0,1.0,0.0,0.0,0.0,0.0,0.0
1354,0,,,31.22498999199199,45.0,0.9998816681705412,0.0,0.0,29.0,0,11.0,0,0.0,1,0.0,1,3.0,0.0,0,0,0,1,1,1,1.0,1.0,0.0,1.0,1.0,1.0,1.0,0.5789473684210527,0.0,0.0,0.0,0.0,0.0,0.0,0.0,0.0,0.0,0.0,0.0,2.0,0.0,0.0,0.0,0.0
36,1,36.0,36.0,0.0,0.0,1.0,0.0,1.0,0.0,1,0.0,1,0.0,1,0.0,1,0.0,0.0,0,0,1,1,1,1,0.0,0.0,1.0,1.0,0.0,0.0,0.0,0.8947368421052632,0.0,1.0,0.0,1.0,0.0,1.0,0.0,1.0,0.0,1.0,1.0,0.0,0.0,0.0,0.0,0.0
1936,0,,,15.652475842498529,23.0,0.8569806987652371,0.0,0.0,1.0,0,3.0,0,0.0,1,1.0,0,0.0,0.0,0,0,0,1,1,1,0.0,0.0,1.0,1.0,0.0,0.0,0.0,0.5263157894736842,0.0,1.0,0.0,1.0,15.0,0.0,3.0,0.0,0.0,1.0,1.0,0.0,0.0,0.0,0.0,0.0
1966,0,,,12.767145334803704,23.0,0.9839536166898838,0.0,0.0,8.0,0,1.0,0,0.0,1,0.0,1,0.0,0.0,0,0,0,1,1,1,0.0,0.0,1.0,1.0,0.0,0.0,0.0,0.5789473684210527,7.0,0.0,7.0,0.0,0.0,1.0,0.0,1.0,0.0,1.0,1.0,0.0,0.0,0.0,0.0,0.0
1750,0,,,79.4921379760288,93.0,0.9992241367856789,0.0,0.0,79.0,0,7.0,0,0.0,1,0.0,1,2.0,0.0,0,0,0,1,1,1,1.0,1.0,0.0,1.0,1.0,1.0,1.0,0.5789473684210527,0.0,0.0,0.0,0.0,0.0,0.0,0.0,0.0,0.0,0.0,0.0,5.0,0.0,0.0,0.0,0.0
1333,0,,,19.519221295943137,31.0,0.9999535275126304,0.0,0.0,18.0,0,6.0,0,0.0,1,2.0,0,4.0,0.0,0,0,0,1,1,1,1.0,1.0,0.0,1.0,1.0,1.0,1.0,0.5263157894736842,0.0,0.0,0.0,0.0,0.0,0.0,0.0,0.0,0.0,0.0,0.0,1.0,0.0,0.0,0.0,0.0
773,1,773.0,773.0,0.0,0.0,1.0,0.0,0.0,0.0,1,0.0,1,0.0,1,0.0,1,0.0,0.0,0,0,1,1,1,1,0.0,0.0,1.0,1.0,0.0,0.0,0.0,0.8421052631578947,0.0,1.0,0.0,1.0,0.0,1.0,0.0,1.0,0.0,1.0,1.0,0.0,0.0,0.0,0.0,0.0
826,1,826.0,826.0,0.0,0.0,1.0,0.0,0.0,0.0,1,0.0,1,0.0,1,0.0,1,0.0,1.0,0,0,1,1,1,1,1.0,1.0,0.0,1.0,1.0,1.0,1.0,0.8421052631578947,0.0,0.0,0.0,0.0,0.0,0.0,0.0,0.0,0.0,0.0,0.0,0.0,1.0,0.0,0.0,0.0
281,1,281.0,281.0,0.0,0.0,1.0,0.0,0.0,0.0,1,0.0,1,0.0,1,0.0,1,0.0,0.0,0,0,1,1,1,1,0.0,0.0,1.0,1.0,0.0,0.0,0.0,0.8421052631578947,0.0,1.0,0.0,1.0,0.0,1.0,0.0,1.0,0.0,1.0,1.0,0.0,0.0,0.0,0.0,0.0
382,1,382.0,382.0,0.0,0.0,1.0,0.0,1.0,0.0,1,0.0,1,0.0,1,0.0,1,0.0,0.0,0,0,1,1,1,1,0.0,0.0,1.0,1.0,0.0,0.0,0.0,0.8947368421052632,0.0,1.0,0.0,1.0,0.0,1.0,0.0,1.0,0.0,1.0,1.0,0.0,0.0,0.0,0.0,0.0
893,1,893.0,893.0,0.0,0.0,1.0,0.0,0.0,0.0,1,0.0,1,0.0,1,0.0,1,0.0,0.0,0,0,1,1,1,1,0.0,0.0,1.0,1.0,0.0,0.0,0.0,0.8421052631578947,0.0,1.0,0.0,1.0,0.0,1.0,0.0,1.0,0.0,1.0,1.0,0.0,0.0,0.0,0.0,0.0
1689,0,,,11.532562594670797,17.0,0.9990851692359927,0.0,0.0,11.0,0,2.0,0,0.0,1,0.0,1,0.0,0.0,0,0,0,1,1,1,0.0,0.0,1.0,1.0,0.0,0.0,0.0,0.5789473684210527,2.0,0.0,2.0,0.0,0.0,1.0,0.0,1.0,0.0,1.0,1.0,0.0,0.0,0.0,0.0,0.0
189,1,189.0,189.0,0.0,0.0,1.0,0.0,0.0,0.0,1,0.0,1,0.0,1,0.0,1,0.0,0.0,0,0,1,1,1,1,0.0,0.0,1.0,1.0,0.0,0.0,0.0,0.8421052631578947,0.0,1.0,0.0,1.0,0.0,1.0,0.0,1.0,0.0,1.0,1.0,0.0,0.0,0.0,0.0,0.0
1299,0,,,70.2780193232564,83.0,0.7872913150009146,1.0,0.0,70.0,0,4.0,0,0.0,1,2.0,0,0.0,0.0,0,0,1,1,1,1,0.0,0.0,1.0,1.0,0.0,0.0,0.0,0.5789473684210527,0.0,1.0,0.0,1.0,0.0,1.0,3.0,0.0,3.0,0.0,1.0,0.0,0.0,0.0,0.0,0.0
1277,0,,,25.39685019840059,47.0,0.9364699346018,0.0,0.0,20.0,0,8.0,0,0.0,1,0.0,1,0.0,0.0,0,0,0,1,1,1,0.0,0.0,1.0,1.0,0.0,0.0,0.0,0.5789473684210527,10.0,0.0,9.0,0.0,0.0,1.0,0.0,1.0,0.0,1.0,1.0,0.0,0.0,0.0,0.0,0.0
830,1,830.0,830.0,0.0,0.0,1.0,0.0,0.0,0.0,1,0.0,1,0.0,1,0.0,1,0.0,0.0,0,0,1,1,1,1,0.0,0.0,1.0,1.0,0.0,0.0,0.0,0.8421052631578947,0.0,1.0,0.0,1.0,0.0,1.0,0.0,1.0,0.0,1.0,1.0,0.0,0.0,0.0,0.0,0.0
1722,0,,,12.449899597988733,23.0,0.9860775830040851,0.0,0.0,0.0,1,2.0,0,0.0,1,1.0,0,0.0,0.0,0,0,1,1,1,1,0.0,0.0,1.0,1.0,0.0,0.0,0.0,0.5789473684210527,5.0,0.0,5.0,0.0,10.0,0.0,0.0,1.0,0.0,1.0,1.0,0.0,0.0,0.0,0.0,0.0
1253,0,,,28.827070610799147,41.0,0.9421859877179011,0.0,0.0,28.0,0,0.0,1,0.0,1,2.0,0,0.0,0.0,0,0,1,1,1,1,0.0,0.0,1.0,1.0,0.0,0.0,0.0,0.5789473684210527,3.0,0.0,3.0,0.0,5.0,0.0,0.0,1.0,0.0,1.0,1.0,0.0,0.0,0.0,0.0,0.0
896,1,896.0,896.0,0.0,0.0,1.0,0.0,0.0,0.0,1,0.0,1,0.0,1,0.0,1,0.0,0.0,0,0,1,1,1,1,0.0,0.0,1.0,1.0,0.0,0.0,0.0,0.8421052631578947,0.0,1.0,0.0,1.0,0.0,1.0,0.0,1.0,0.0,1.0,1.0,0.0,0.0,0.0,0.0,0.0
903,1,903.0,903.0,0.0,0.0,1.0,0.0,0.0,0.0,1,0.0,1,0.0,1,0.0,1,0.0,0.0,0,0,1,1,1,1,0.0,0.0,1.0,1.0,0.0,0.0,0.0,0.8421052631578947,0.0,1.0,0.0,1.0,0.0,1.0,0.0,1.0,0.0,1.0,1.0,0.0,0.0,0.0,0.0,0.0
324,1,324.0,324.0,0.0,0.0,1.0,0.0,1.0,0.0,1,0.0,1,0.0,1,0.0,1,0.0,0.0,0,0,1,1,1,1,0.0,0.0,1.0,1.0,0.0,0.0,0.0,0.8947368421052632,0.0,1.0,0.0,1.0,0.0,1.0,0.0,1.0,0.0,1.0,1.0,0.0,0.0,0.0,0.0,0.0
556,1,556.0,556.0,0.0,0.0,1.0,0.0,0.0,0.0,1,0.0,1,0.0,1,0.0,1,0.0,0.0,0,0,1,1,1,1,0.0,0.0,1.0,1.0,0.0,0.0,0.0,0.8421052631578947,0.0,1.0,0.0,1.0,0.0,1.0,0.0,1.0,0.0,1.0,1.0,0.0,0.0,0.0,0.0,0.0
1669,0,,,19.672315572906,27.0,0.8342465066000679,0.0,0.0,19.0,0,4.0,0,0.0,1,1.0,0,0.0,0.0,0,0,0,1,1,1,1.0,1.0,1.0,0.0,1.0,1.0,1.0,0.5789473684210527,0.0,0.0,0.0,0.0,0.0,0.0,0.0,0.0,0.0,0.0,1.0,0.0,0.0,0.0,3.0,0.0
1221,0,,,24.289915602982237,42.0,0.8311734058474441,0.0,0.0,20.0,0,0.0,1,0.0,1,1.0,0,0.0,0.0,0,0,1,1,1,1,0.0,0.0,1.0,1.0,0.0,0.0,0.0,0.5789473684210527,8.0,0.0,11.0,0.0,0.0,1.0,2.0,0.0,0.0,1.0,1.0,0.0,0.0,0.0,0.0,0.0
1710,0,,,6.164414002968976,12.0,0.9934191306214208,0.0,0.0,1.0,0,1.0,0,0.0,1,2.0,0,0.0,0.0,0,0,0,1,1,1,0.0,0.0,1.0,1.0,0.0,0.0,0.0,0.5263157894736842,4.0,0.0,4.0,0.0,0.0,1.0,0.0,1.0,0.0,1.0,1.0,0.0,0.0,0.0,0.0,0.0
1263,0,,,32.17141588429082,43.0,0.9951805046845197,0.0,0.0,31.0,0,7.0,0,0.0,1,0.0,1,0.0,0.0,0,0,0,1,1,1,0.0,0.0,1.0,1.0,0.0,0.0,0.0,0.631578947368421,0.0,1.0,0.0,1.0,5.0,0.0,0.0,1.0,0.0,1.0,1.0,0.0,0.0,0.0,0.0,0.0
274,1,274.0,274.0,0.0,0.0,1.0,0.0,1.0,0.0,1,0.0,1,0.0,1,0.0,1,0.0,0.0,0,0,1,1,1,1,0.0,0.0,1.0,1.0,0.0,0.0,0.0,0.8947368421052632,0.0,1.0,0.0,1.0,0.0,1.0,0.0,1.0,0.0,1.0,1.0,0.0,0.0,0.0,0.0,0.0
973,1,973.0,973.0,0.0,0.0,1.0,0.0,0.0,0.0,1,0.0,1,0.0,1,0.0,1,0.0,0.0,0,0,1,1,1,1,0.0,0.0,1.0,1.0,0.0,0.0,0.0,0.8421052631578947,0.0,1.0,0.0,1.0,0.0,1.0,0.0,1.0,0.0,1.0,1.0,0.0,0.0,0.0,0.0,0.0
1409,0,,,40.80441152620633,53.0,0.768707655101532,0.0,0.0,40.0,0,6.0,0,0.0,1,0.0,1,0.0,0.0,0,0,0,1,1,1,0.0,0.0,1.0,1.0,0.0,0.0,0.0,0.5789473684210527,0.0,1.0,0.0,1.0,0.0,1.0,5.0,0.0,2.0,0.0,1.0,0.0,0.0,0.0,0.0,0.0
1720,0,,,21.02379604162864,30.0,0.8284354768466667,0.0,0.0,20.0,0,4.0,0,0.0,1,1.0,0,0.0,0.0,0,0,0,1,1,1,0.0,0.0,1.0,1.0,0.0,0.0,0.0,0.5789473684210527,0.0,1.0,0.0,1.0,5.0,0.0,0.0,1.0,0.0,1.0,1.0,0.0,0.0,0.0,0.0,0.0
1687,0,,,33.406586176980134,40.0,0.7776019152793421,0.0,0.0,33.0,0,5.0,0,0.0,1,1.0,0,0.0,0.0,0,0,0,1,1,1,0.0,0.0,1.0,1.0,0.0,0.0,0.0,0.5789473684210527,0.0,1.0,0.0,1.0,0.0,1.0,1.0,0.0,0.0,1.0,1.0,0.0,0.0,0.0,0.0,0.0
1103,0,,,7.615773105863909,18.0,0.9868008648418309,1.0,0.0,2.0,0,3.0,0,0.0,1,1.0,0,0.0,0.0,0,0,1,1,1,1,0.0,0.0,1.0,1.0,0.0,0.0,0.0,0.5263157894736842,0.0,1.0,0.0,1.0,5.0,0.0,3.0,0.0,3.0,0.0,1.0,0.0,0.0,0.0,0.0,0.0
1396,0,,,7.810249675906654,13.0,0.8963714376688365,0.0,0.0,2.0,0,7.0,0,0.0,1,2.0,0,2.0,0.0,0,0,0,1,1,1,1.0,1.0,0.0,1.0,1.0,1.0,1.0,0.5263157894736842,0.0,0.0,0.0,0.0,0.0,0.0,0.0,0.0,0.0,0.0,0.0,0.0,0.0,0.0,0.0,0.0
104,1,104.0,104.0,0.0,0.0,1.0,0.0,0.0,0.0,1,0.0,1,0.0,1,0.0,1,0.0,0.0,0,0,1,1,1,1,0.0,0.0,1.0,1.0,0.0,0.0,0.0,0.8421052631578947,0.0,1.0,0.0,1.0,0.0,1.0,0.0,1.0,0.0,1.0,1.0,0.0,0.0,0.0,0.0,0.0
1567,0,,,12.529964086141668,19.0,0.9725538518259266,0.0,0.0,12.0,0,1.0,0,0.0,1,1.0,0,0.0,0.0,0,0,1,1,1,1,0.0,0.0,1.0,1.0,0.0,0.0,0.0,0.5263157894736842,1.0,0.0,1.0,0.0,0.0,1.0,0.0,1.0,3.0,0.0,1.0,0.0,0.0,0.0,0.0,0.0
405,1,405.0,405.0,0.0,0.0,1.0,0.0,0.0,0.0,1,0.0,1,0.0,1,0.0,1,0.0,1.0,0,0,1,1,1,1,1.0,1.0,0.0,1.0,1.0,1.0,1.0,0.8421052631578947,0.0,0.0,0.0,0.0,0.0,0.0,0.0,0.0,0.0,0.0,0.0,0.0,1.0,0.0,0.0,0.0
1352,0,,,27.65863337187866,51.0,0.7819928474647047,1.0,0.0,21.0,0,4.0,0,0.0,1,1.0,0,0.0,0.0,0,0,1,1,1,1,0.0,0.0,1.0,1.0,0.0,0.0,0.0,0.5789473684210527,0.0,1.0,0.0,1.0,15.0,0.0,0.0,1.0,9.0,0.0,1.0,0.0,0.0,0.0,0.0,0.0
894,1,894.0,894.0,0.0,0.0,1.0,0.0,0.0,0.0,1,0.0,1,0.0,1,0.0,1,0.0,0.0,0,0,1,1,1,1,0.0,0.0,1.0,1.0,0.0,0.0,0.0,0.8421052631578947,0.0,1.0,0.0,1.0,0.0,1.0,0.0,1.0,0.0,1.0,1.0,0.0,0.0,0.0,0.0,0.0
1306,0,,,6.6332495807108,12.0,0.9749711672966483,0.0,0.0,0.0,1,5.0,0,0.0,1,1.0,0,0.0,0.0,0,0,0,1,1,1,0.0,0.0,1.0,1.0,0.0,0.0,0.0,0.5789473684210527,3.0,0.0,3.0,0.0,0.0,1.0,0.0,1.0,0.0,1.0,1.0,0.0,0.0,0.0,0.0,0.0
3,1,3.0,3.0,0.0,0.0,1.0,0.0,1.0,0.0,1,0.0,1,0.0,1,0.0,1,0.0,0.0,0,0,1,1,1,1,0.0,0.0,1.0,1.0,0.0,0.0,0.0,0.8947368421052632,0.0,1.0,0.0,1.0,0.0,1.0,0.0,1.0,0.0,1.0,1.0,0.0,0.0,0.0,0.0,0.0
208,1,208.0,208.0,0.0,0.0,1.0,0.0,1.0,0.0,1,0.0,1,0.0,1,0.0,1,0.0,0.0,0,0,1,1,1,1,0.0,0.0,1.0,1.0,0.0,0.0,0.0,0.8947368421052632,0.0,1.0,0.0,1.0,0.0,1.0,0.0,1.0,0.0,1.0,1.0,0.0,0.0,0.0,0.0,0.0
150,1,150.0,150.0,0.0,0.0,1.0,0.0,1.0,0.0,1,0.0,1,0.0,1,0.0,1,0.0,0.0,0,0,1,1,1,1,0.0,0.0,1.0,1.0,0.0,0.0,0.0,0.8947368421052632,0.0,1.0,0.0,1.0,0.0,1.0,0.0,1.0,0.0,1.0,1.0,0.0,0.0,0.0,0.0,0.0
950,1,950.0,950.0,0.0,0.0,1.0,0.0,0.0,0.0,1,0.0,1,0.0,1,0.0,1,0.0,0.0,0,0,1,1,1,1,0.0,0.0,1.0,1.0,0.0,0.0,0.0,0.8421052631578947,0.0,1.0,0.0,1.0,0.0,1.0,0.0,1.0,0.0,1.0,1.0,0.0,0.0,0.0,0.0,0.0
688,1,688.0,688.0,0.0,0.0,1.0,0.0,0.0,0.0,1,0.0,1,0.0,1,0.0,1,0.0,0.0,0,0,1,1,1,1,0.0,0.0,1.0,1.0,0.0,0.0,0.0,0.8421052631578947,0.0,1.0,0.0,1.0,0.0,1.0,0.0,1.0,0.0,1.0,1.0,0.0,0.0,0.0,0.0,0.0
407,1,407.0,407.0,0.0,0.0,1.0,0.0,0.0,0.0,1,0.0,1,0.0,1,0.0,1,0.0,0.0,0,0,1,1,1,1,0.0,0.0,1.0,1.0,0.0,0.0,0.0,0.8421052631578947,0.0,1.0,0.0,1.0,0.0,1.0,0.0,1.0,0.0,1.0,1.0,0.0,0.0,0.0,0.0,0.0
67,1,67.0,67.0,0.0,0.0,1.0,0.0,0.0,0.0,1,0.0,1,0.0,1,0.0,1,0.0,0.0,0,0,1,1,1,1,0.0,0.0,1.0,1.0,0.0,0.0,0.0,0.8421052631578947,0.0,1.0,0.0,1.0,0.0,1.0,0.0,1.0,0.0,1.0,1.0,0.0,0.0,0.0,0.0,0.0
356,1,356.0,356.0,0.0,0.0,1.0,0.0,1.0,0.0,1,0.0,1,0.0,1,0.0,1,0.0,1.0,0,0,1,1,1,1,1.0,1.0,0.0,1.0,1.0,1.0,1.0,0.8947368421052632,0.0,0.0,0.0,0.0,0.0,0.0,0.0,0.0,0.0,0.0,0.0,0.0,1.0,0.0,0.0,0.0
1968,0,,,69.0941386804988,74.0,0.683413307308197,0.0,0.0,69.0,0,2.0,0,0.0,1,3.0,0,0.0,0.0,0,0,0,1,1,1,0.0,0.0,1.0,1.0,0.0,0.0,0.0,0.631578947368421,0.0,1.0,0.0,1.0,0.0,1.0,0.0,1.0,0.0,1.0,1.0,0.0,0.0,0.0,0.0,0.0
252,1,252.0,252.0,0.0,0.0,1.0,0.0,1.0,0.0,1,0.0,1,0.0,1,0.0,1,0.0,0.0,0,0,1,1,1,1,0.0,0.0,1.0,1.0,0.0,0.0,0.0,0.8947368421052632,0.0,1.0,0.0,1.0,0.0,1.0,0.0,1.0,0.0,1.0,1.0,0.0,0.0,0.0,0.0,0.0
1942,0,,,84.63450832845902,129.0,0.37373225126638066,0.0,0.0,71.0,0,4.0,0,0.0,1,0.0,1,0.0,0.0,0,0,0,1,1,1,0.0,0.0,1.0,1.0,0.0,0.0,0.0,0.5789473684210527,0.0,1.0,0.0,1.0,45.0,0.0,0.0,1.0,9.0,0.0,1.0,0.0,0.0,0.0,0.0,0.0
714,1,714.0,714.0,0.0,0.0,1.0,0.0,0.0,0.0,1,0.0,1,0.0,1,0.0,1,0.0,0.0,0,0,1,1,1,1,0.0,0.0,1.0,1.0,0.0,0.0,0.0,0.8421052631578947,0.0,1.0,0.0,1.0,0.0,1.0,0.0,1.0,0.0,1.0,1.0,0.0,0.0,0.0,0.0,0.0
85,1,85.0,85.0,0.0,0.0,1.0,0.0,1.0,0.0,1,0.0,1,0.0,1,0.0,1,0.0,1.0,0,0,1,1,1,1,1.0,1.0,0.0,1.0,1.0,1.0,1.0,0.8947368421052632,0.0,0.0,0.0,0.0,0.0,0.0,0.0,0.0,0.0,0.0,0.0,0.0,1.0,0.0,0.0,0.0
781,1,781.0,781.0,0.0,0.0,1.0,0.0,0.0,0.0,1,0.0,1,0.0,1,0.0,1,0.0,0.0,0,0,1,1,1,1,0.0,0.0,1.0,1.0,0.0,0.0,0.0,0.8421052631578947,0.0,1.0,0.0,1.0,0.0,1.0,0.0,1.0,0.0,1.0,1.0,0.0,0.0,0.0,0.0,0.0
1532,0,,,28.5657137141714,52.0,0.9610978238998628,0.0,0.0,19.0,0,2.0,0,0.0,1,1.0,0,0.0,0.0,0,0,0,1,1,1,0.0,0.0,1.0,1.0,0.0,0.0,0.0,0.5263157894736842,0.0,1.0,0.0,1.0,15.0,0.0,0.0,1.0,15.0,0.0,1.0,0.0,0.0,0.0,0.0,0.0
593,1,593.0,593.0,0.0,0.0,1.0,0.0,1.0,0.0,1,0.0,1,0.0,1,0.0,1,0.0,0.0,0,0,1,1,1,1,0.0,0.0,1.0,1.0,0.0,0.0,0.0,0.8947368421052632,0.0,1.0,0.0,1.0,0.0,1.0,0.0,1.0,0.0,1.0,1.0,0.0,0.0,0.0,0.0,0.0
97,1,97.0,97.0,0.0,0.0,1.0,0.0,1.0,0.0,1,0.0,1,0.0,1,0.0,1,0.0,0.0,0,0,1,1,1,1,0.0,0.0,1.0,1.0,0.0,0.0,0.0,0.8947368421052632,0.0,1.0,0.0,1.0,0.0,1.0,0.0,1.0,0.0,1.0,1.0,0.0,0.0,0.0,0.0,0.0
1933,0,,,26.267851073127396,34.0,0.9074167421099618,1.0,0.0,1.0,0,2.0,0,0.0,1,2.0,0,0.0,0.0,0,0,0,1,1,1,0.0,0.0,1.0,1.0,0.0,0.0,0.0,0.5263157894736842,0.0,1.0,0.0,1.0,26.0,0.0,0.0,1.0,2.0,0.0,1.0,0.0,0.0,0.0,0.0,0.0
1291,0,,,8.831760866327848,14.0,0.9635592643090696,0.0,0.0,8.0,0,1.0,0,0.0,1,0.0,1,0.0,0.0,0,0,0,1,1,1,0.0,0.0,1.0,1.0,0.0,0.0,0.0,0.5789473684210527,0.0,1.0,0.0,1.0,0.0,1.0,2.0,0.0,3.0,0.0,1.0,0.0,0.0,0.0,0.0,0.0
1003,0,,,17.349351572897472,31.0,0.9329301725559639,0.0,0.0,13.0,0,4.0,0,0.0,1,0.0,1,0.0,0.0,0,0,0,1,1,1,0.0,0.0,1.0,1.0,0.0,0.0,0.0,0.5789473684210527,0.0,1.0,0.0,1.0,10.0,0.0,0.0,1.0,4.0,0.0,1.0,0.0,0.0,0.0,0.0,0.0
1887,0,,,20.09975124224178,22.0,0.9504346566687417,0.0,0.0,20.0,0,2.0,0,0.0,1,0.0,1,0.0,0.0,0,0,1,1,0,1,1.0,1.0,1.0,0.0,1.0,1.0,1.0,0.5789473684210527,0.0,0.0,0.0,0.0,0.0,0.0,0.0,0.0,0.0,0.0,0.0,0.0,0.0,0.0,0.0,0.0
691,1,691.0,691.0,0.0,0.0,1.0,0.0,0.0,0.0,1,0.0,1,0.0,1,0.0,1,0.0,0.0,0,0,1,1,1,1,0.0,0.0,1.0,1.0,0.0,0.0,0.0,0.8421052631578947,0.0,1.0,0.0,1.0,0.0,1.0,0.0,1.0,0.0,1.0,1.0,0.0,0.0,0.0,0.0,0.0
815,1,815.0,815.0,0.0,0.0,1.0,0.0,0.0,0.0,1,0.0,1,0.0,1,0.0,1,0.0,1.0,0,0,1,1,1,1,1.0,1.0,0.0,1.0,1.0,1.0,1.0,0.8421052631578947,0.0,0.0,0.0,0.0,0.0,0.0,0.0,0.0,0.0,0.0,0.0,0.0,1.0,0.0,0.0,0.0
1813,0,,,5.5677643628300215,9.0,0.9905110929655248,0.0,0.0,1.0,0,0.0,1,0.0,1,1.0,0,0.0,0.0,0,0,0,1,1,1,0.0,0.0,1.0,1.0,0.0,0.0,0.0,0.5789473684210527,0.0,1.0,0.0,1.0,5.0,0.0,0.0,1.0,2.0,0.0,1.0,0.0,0.0,0.0,0.0,0.0
892,1,892.0,892.0,0.0,0.0,1.0,0.0,0.0,0.0,1,0.0,1,0.0,1,0.0,1,0.0,0.0,0,0,1,1,1,1,0.0,0.0,1.0,1.0,0.0,0.0,0.0,0.8421052631578947,0.0,1.0,0.0,1.0,0.0,1.0,0.0,1.0,0.0,1.0,1.0,0.0,0.0,0.0,0.0,0.0
791,1,791.0,791.0,0.0,0.0,1.0,0.0,1.0,0.0,1,0.0,1,0.0,1,0.0,1,0.0,0.0,0,0,1,1,1,1,0.0,0.0,1.0,1.0,0.0,0.0,0.0,0.8947368421052632,0.0,1.0,0.0,1.0,0.0,1.0,0.0,1.0,0.0,1.0,1.0,0.0,0.0,0.0,0.0,0.0
148,1,148.0,148.0,0.0,0.0,1.0,0.0,1.0,0.0,1,0.0,1,0.0,1,0.0,1,0.0,0.0,0,0,1,1,1,1,0.0,0.0,1.0,1.0,0.0,0.0,0.0,0.8947368421052632,0.0,1.0,0.0,1.0,0.0,1.0,0.0,1.0,0.0,1.0,1.0,0.0,0.0,0.0,0.0,0.0
1050,0,,,29.223278392404914,42.0,0.9475984317030843,0.0,0.0,28.0,0,3.0,0,0.0,1,0.0,1,0.0,0.0,0,0,1,1,1,1,0.0,0.0,1.0,1.0,0.0,0.0,0.0,0.631578947368421,6.0,0.0,5.0,0.0,0.0,1.0,0.0,1.0,0.0,1.0,1.0,0.0,0.0,0.0,0.0,0.0
1873,0,,,7.874007874011811,16.0,0.9719659446893104,0.0,1.0,1.0,0,3.0,0,0.0,1,1.0,0,0.0,0.0,0,0,0,1,1,1,0.0,0.0,1.0,1.0,0.0,0.0,0.0,0.5263157894736842,5.0,0.0,5.0,0.0,0.0,1.0,1.0,0.0,0.0,1.0,1.0,0.0,0.0,0.0,0.0,0.0
1296,0,,,21.79449471770337,35.0,0.9823767879054651,0.0,0.0,19.0,0,3.0,0,0.0,1,2.0,0,0.0,0.0,0,0,0,1,1,1,0.0,0.0,1.0,1.0,0.0,0.0,0.0,0.5263157894736842,0.0,1.0,0.0,1.0,10.0,0.0,0.0,1.0,1.0,0.0,1.0,0.0,0.0,0.0,0.0,0.0
1833,0,,,58.42944463196617,86.0,0.5278559366911363,0.0,0.0,50.0,0,3.0,0,0.0,1,1.0,0,0.0,0.0,0,0,1,1,1,1,0.0,0.0,1.0,1.0,0.0,0.0,0.0,0.5789473684210527,0.0,1.0,0.0,1.0,30.0,0.0,0.0,1.0,2.0,0.0,1.0,0.0,0.0,0.0,0.0,0.0
1977,0,,,33.61547262794322,42.0,0.8138378342085414,0.0,0.0,33.0,0,5.0,0,0.0,1,0.0,1,0.0,0.0,0,0,0,1,1,1,0.0,0.0,1.0,1.0,0.0,0.0,0.0,0.631578947368421,0.0,1.0,0.0,1.0,0.0,1.0,0.0,1.0,4.0,0.0,1.0,0.0,0.0,0.0,0.0,0.0
1503,0,,,9.16515138991168,16.0,0.9926253680180399,0.0,0.0,1.0,0,3.0,0,0.0,1,0.0,1,0.0,0.0,0,0,0,1,1,1,0.0,0.0,1.0,1.0,0.0,0.0,0.0,0.5263157894736842,0.0,1.0,1.0,0.0,8.0,0.0,3.0,0.0,0.0,1.0,1.0,0.0,0.0,0.0,0.0,0.0
242,1,242.0,242.0,0.0,0.0,1.0,0.0,1.0,0.0,1,0.0,1,0.0,1,0.0,1,0.0,0.0,0,0,1,1,1,1,0.0,0.0,1.0,1.0,0.0,0.0,0.0,0.8947368421052632,0.0,1.0,0.0,1.0,0.0,1.0,0.0,1.0,0.0,1.0,1.0,0.0,0.0,0.0,0.0,0.0
466,1,466.0,466.0,0.0,0.0,1.0,0.0,0.0,0.0,1,0.0,1,0.0,1,0.0,1,0.0,1.0,0,0,1,1,1,1,1.0,1.0,0.0,1.0,1.0,1.0,1.0,0.8421052631578947,0.0,0.0,0.0,0.0,0.0,0.0,0.0,0.0,0.0,0.0,0.0,0.0,1.0,0.0,0.0,0.0
1157,0,,,45.760244754590204,76.0,0.5429571297451411,0.0,0.0,33.0,0,10.0,0,0.0,1,1.0,0,0.0,0.0,0,0,1,1,1,1,0.0,0.0,1.0,1.0,0.0,0.0,0.0,0.5789473684210527,0.0,1.0,0.0,1.0,30.0,0.0,2.0,0.0,0.0,1.0,1.0,0.0,0.0,0.0,0.0,0.0
1519,0,,,9.38083151964686,18.0,0.9954308460042861,0.0,0.0,7.0,0,2.0,0,0.0,1,1.0,0,0.0,0.0,0,0,0,1,1,1,0.0,0.0,1.0,1.0,0.0,0.0,0.0,0.5263157894736842,0.0,1.0,0.0,1.0,5.0,0.0,0.0,1.0,3.0,0.0,1.0,0.0,0.0,0.0,0.0,0.0
1272,0,,,17.4928556845359,28.0,0.7302489692155393,0.0,0.0,1.0,0,0.0,1,0.0,1,0.0,1,0.0,0.0,0,0,0,1,1,1,0.0,0.0,1.0,1.0,0.0,0.0,0.0,0.5789473684210527,15.0,0.0,4.0,0.0,8.0,0.0,0.0,1.0,0.0,1.0,1.0,0.0,0.0,0.0,0.0,0.0
1552,0,,,31.54362059117501,57.0,0.9144969988330394,0.0,0.0,10.0,0,2.0,0,0.0,1,1.0,0,0.0,0.0,0,0,1,1,1,1,0.0,0.0,1.0,1.0,0.0,0.0,0.0,0.5263157894736842,0.0,1.0,0.0,1.0,25.0,0.0,3.0,0.0,16.0,0.0,1.0,0.0,0.0,0.0,0.0,0.0
1610,0,,,14.594519519326424,25.0,0.9802946267489236,0.0,0.0,0.0,1,3.0,0,0.0,1,2.0,0,0.0,0.0,0,0,0,1,1,1,0.0,0.0,1.0,1.0,0.0,0.0,0.0,0.5789473684210527,10.0,0.0,10.0,0.0,0.0,1.0,0.0,1.0,0.0,1.0,1.0,0.0,0.0,0.0,0.0,0.0
1199,0,,,82.92767933567175,109.0,0.5035009155414586,0.0,0.0,79.0,0,3.0,0,0.0,1,1.0,0,0.0,0.0,0,0,0,1,1,1,0.0,0.0,1.0,1.0,0.0,0.0,0.0,0.5263157894736842,0.0,1.0,0.0,1.0,25.0,0.0,0.0,1.0,1.0,0.0,1.0,0.0,0.0,0.0,0.0,0.0
1760,0,,,1.4142135623730951,2.0,0.9957546090916384,0.0,0.0,1.0,0,1.0,0,0.0,1,0.0,1,0.0,0.0,0,0,0,1,0,1,1.0,1.0,0.0,0.0,1.0,1.0,1.0,0.47368421052631576,0.0,0.0,0.0,0.0,0.0,0.0,0.0,0.0,0.0,0.0,0.0,0.0,0.0,0.0,0.0,0.0
976,1,976.0,976.0,0.0,0.0,1.0,0.0,0.0,0.0,1,0.0,1,0.0,1,0.0,1,0.0,0.0,0,0,1,1,1,1,0.0,0.0,1.0,1.0,0.0,0.0,0.0,0.8421052631578947,0.0,1.0,0.0,1.0,0.0,1.0,0.0,1.0,0.0,1.0,1.0,0.0,0.0,0.0,0.0,0.0
515,1,515.0,515.0,0.0,0.0,1.0,0.0,0.0,0.0,1,0.0,1,0.0,1,0.0,1,0.0,0.0,0,0,1,1,1,1,0.0,0.0,1.0,1.0,0.0,0.0,0.0,0.8421052631578947,0.0,1.0,0.0,1.0,0.0,1.0,0.0,1.0,0.0,1.0,1.0,0.0,0.0,0.0,0.0,0.0
371,1,371.0,371.0,0.0,0.0,1.0,0.0,1.0,0.0,1,0.0,1,0.0,1,0.0,1,0.0,0.0,0,0,1,1,1,1,0.0,0.0,1.0,1.0,0.0,0.0,0.0,0.8947368421052632,0.0,1.0,0.0,1.0,0.0,1.0,0.0,1.0,0.0,1.0,1.0,0.0,0.0,0.0,0.0,0.0
1828,0,,,21.908902300206645,38.0,0.9884845689238431,0.0,0.0,20.0,0,2.0,0,0.0,1,1.0,0,0.0,0.0,0,0,1,1,1,1,0.0,0.0,1.0,1.0,0.0,0.0,0.0,0.5263157894736842,5.0,0.0,5.0,0.0,0.0,1.0,0.0,1.0,5.0,0.0,1.0,0.0,0.0,0.0,0.0,0.0
1571,0,,,16.911534525287763,32.0,0.9220569391359827,1.0,0.0,9.0,0,0.0,1,0.0,1,2.0,0,0.0,0.0,0,0,0,1,1,1,0.0,0.0,1.0,1.0,0.0,0.0,0.0,0.5789473684210527,10.0,0.0,10.0,0.0,0.0,1.0,0.0,1.0,0.0,1.0,1.0,0.0,0.0,0.0,0.0,0.0
398,1,398.0,398.0,0.0,0.0,1.0,0.0,0.0,0.0,1,0.0,1,0.0,1,0.0,1,0.0,0.0,0,0,1,1,1,1,0.0,0.0,1.0,1.0,0.0,0.0,0.0,0.8421052631578947,0.0,1.0,0.0,1.0,0.0,1.0,0.0,1.0,0.0,1.0,1.0,0.0,0.0,0.0,0.0,0.0
372,1,372.0,372.0,0.0,0.0,1.0,0.0,1.0,0.0,1,0.0,1,0.0,1,0.0,1,0.0,0.0,0,0,1,1,1,1,0.0,0.0,1.0,1.0,0.0,0.0,0.0,0.8947368421052632,0.0,1.0,0.0,1.0,0.0,1.0,0.0,1.0,0.0,1.0,1.0,0.0,0.0,0.0,0.0,0.0
710,1,710.0,710.0,0.0,0.0,1.0,0.0,0.0,0.0,1,0.0,1,0.0,1,0.0,1,0.0,0.0,0,0,1,1,1,1,0.0,0.0,1.0,1.0,0.0,0.0,0.0,0.8421052631578947,0.0,1.0,0.0,1.0,0.0,1.0,0.0,1.0,0.0,1.0,1.0,0.0,0.0,0.0,0.0,0.0
1802,0,,,22.360679774997898,38.0,0.9999386217075691,0.0,0.0,19.0,0,9.0,0,0.0,1,3.0,0,7.0,0.0,0,0,0,1,1,1,1.0,1.0,0.0,1.0,1.0,1.0,1.0,0.5789473684210527,0.0,0.0,0.0,0.0,0.0,0.0,0.0,0.0,0.0,0.0,0.0,0.0,1.0,0.0,0.0,0.0
1309,0,,,30.298514815086232,36.0,0.8184345720501849,0.0,0.0,30.0,0,4.0,0,0.0,1,1.0,0,0.0,0.0,0,0,0,1,1,1,0.0,0.0,1.0,1.0,0.0,0.0,0.0,0.5789473684210527,0.0,1.0,0.0,1.0,0.0,1.0,1.0,0.0,0.0,1.0,1.0,0.0,0.0,0.0,0.0,0.0
1089,0,,,40.963398296528084,54.0,0.9997942542593259,0.0,0.0,40.0,0,7.0,0,0.0,1,2.0,0,5.0,0.0,0,0,0,1,1,1,1.0,1.0,0.0,1.0,1.0,1.0,1.0,0.5789473684210527,0.0,0.0,0.0,0.0,0.0,0.0,0.0,0.0,0.0,0.0,0.0,0.0,1.0,0.0,0.0,0.0
35,1,35.0,35.0,0.0,0.0,1.0,0.0,1.0,0.0,1,0.0,1,0.0,1,0.0,1,0.0,0.0,0,0,1,1,1,1,0.0,0.0,1.0,1.0,0.0,0.0,0.0,0.8947368421052632,0.0,1.0,0.0,1.0,0.0,1.0,0.0,1.0,0.0,1.0,1.0,0.0,0.0,0.0,0.0,0.0
1268,0,,,21.236760581595302,35.0,0.9566755883794075,0.0,0.0,18.0,0,10.0,0,0.0,1,1.0,0,0.0,0.0,0,0,1,1,1,1,0.0,0.0,1.0,1.0,0.0,0.0,0.0,0.5789473684210527,0.0,1.0,0.0,1.0,5.0,0.0,0.0,1.0,1.0,0.0,1.0,0.0,0.0,0.0,0.0,0.0
1463,0,,,17.578395831246947,27.0,0.9029694545718765,0.0,0.0,9.0,0,1.0,0,0.0,1,1.0,0,0.0,0.0,0,0,0,1,1,1,0.0,0.0,1.0,1.0,0.0,0.0,0.0,0.5263157894736842,0.0,1.0,0.0,1.0,15.0,0.0,0.0,1.0,1.0,0.0,1.0,0.0,0.0,0.0,0.0,0.0
889,1,889.0,889.0,0.0,0.0,1.0,0.0,0.0,0.0,1,0.0,1,0.0,1,0.0,1,0.0,0.0,0,0,1,1,1,1,0.0,0.0,1.0,1.0,0.0,0.0,0.0,0.8421052631578947,0.0,1.0,0.0,1.0,0.0,1.0,0.0,1.0,0.0,1.0,1.0,0.0,0.0,0.0,0.0,0.0
633,1,633.0,633.0,0.0,0.0,1.0,0.0,0.0,0.0,1,0.0,1,0.0,1,0.0,1,0.0,0.0,0,0,1,1,1,1,0.0,0.0,1.0,1.0,0.0,0.0,0.0,0.8421052631578947,0.0,1.0,0.0,1.0,0.0,1.0,0.0,1.0,0.0,1.0,1.0,0.0,0.0,0.0,0.0,0.0
1522,0,,,11.090536506409418,19.0,0.9664503124808348,0.0,0.0,10.0,0,1.0,0,0.0,1,2.0,0,0.0,0.0,0,0,0,1,1,1,0.0,0.0,1.0,1.0,0.0,0.0,0.0,0.5263157894736842,3.0,0.0,3.0,0.0,0.0,1.0,0.0,1.0,0.0,1.0,1.0,0.0,0.0,0.0,0.0,0.0
1593,0,,,67.7347768875044,110.0,0.9324622713841731,0.0,0.0,61.0,0,3.0,0,1.0,0,0.0,1,0.0,0.0,0,0,1,1,1,1,0.0,0.0,1.0,1.0,0.0,0.0,0.0,0.5263157894736842,0.0,1.0,0.0,1.0,20.0,0.0,4.0,0.0,21.0,0.0,1.0,0.0,0.0,0.0,0.0,0.0
1469,0,,,26.720778431774775,38.0,0.9576668542089971,0.0,0.0,9.0,0,2.0,0,0.0,1,0.0,1,0.0,0.0,0,0,0,1,1,1,0.0,0.0,1.0,1.0,0.0,0.0,0.0,0.5789473684210527,0.0,1.0,0.0,1.0,25.0,0.0,0.0,1.0,2.0,0.0,1.0,0.0,0.0,0.0,0.0,0.0
1810,0,,,51.95190083144215,69.0,0.9996772703588855,1.0,0.0,51.0,0,4.0,0,0.0,1,1.0,0,4.0,0.0,0,0,1,1,1,1,1.0,1.0,0.0,1.0,1.0,1.0,1.0,0.5789473684210527,0.0,0.0,0.0,0.0,0.0,0.0,0.0,0.0,0.0,0.0,0.0,8.0,0.0,0.0,0.0,0.0
229,1,229.0,229.0,0.0,0.0,1.0,0.0,0.0,0.0,1,0.0,1,0.0,1,0.0,1,0.0,0.0,0,0,1,1,1,1,0.0,0.0,1.0,1.0,0.0,0.0,0.0,0.8421052631578947,0.0,1.0,0.0,1.0,0.0,1.0,0.0,1.0,0.0,1.0,1.0,0.0,0.0,0.0,0.0,0.0
1938,0,,,37.82856063875548,63.0,0.794592118702007,0.0,0.0,19.0,0,0.0,1,0.0,1,0.0,1,0.0,0.0,0,0,0,1,1,1,0.0,0.0,1.0,1.0,0.0,0.0,0.0,0.5789473684210527,0.0,1.0,0.0,1.0,30.0,0.0,1.0,0.0,13.0,0.0,1.0,0.0,0.0,0.0,0.0,0.0
1117,0,,,41.79712908801273,71.0,0.518115785097617,0.0,0.0,31.0,0,4.0,0,0.0,1,0.0,1,0.0,0.0,0,0,1,1,1,1,0.0,0.0,1.0,1.0,0.0,0.0,0.0,0.5789473684210527,0.0,1.0,0.0,1.0,27.0,0.0,4.0,0.0,5.0,0.0,1.0,0.0,0.0,0.0,0.0,0.0
1989,0,,,12.922847983320086,25.0,0.9919103120937373,0.0,0.0,10.0,0,1.0,0,0.0,1,2.0,0,0.0,0.0,0,0,1,1,1,1,0.0,0.0,1.0,1.0,0.0,0.0,0.0,0.5263157894736842,0.0,1.0,0.0,1.0,7.0,0.0,2.0,0.0,3.0,0.0,1.0,0.0,0.0,0.0,0.0,0.0
48,1,48.0,48.0,0.0,0.0,1.0,0.0,1.0,0.0,1,0.0,1,0.0,1,0.0,1,0.0,0.0,0,0,1,1,1,1,0.0,0.0,1.0,1.0,0.0,0.0,0.0,0.8947368421052632,0.0,1.0,0.0,1.0,0.0,1.0,0.0,1.0,0.0,1.0,1.0,0.0,0.0,0.0,0.0,0.0
1311,0,,,22.58317958127243,40.0,0.9164280134105949,0.0,0.0,8.0,0,4.0,0,0.0,1,1.0,0,0.0,0.0,0,0,1,1,1,1,0.0,0.0,1.0,1.0,0.0,0.0,0.0,0.5263157894736842,0.0,1.0,0.0,1.0,5.0,0.0,2.0,0.0,20.0,0.0,1.0,0.0,0.0,0.0,0.0,0.0
1042,0,,,3.1622776601683795,4.0,0.9983491481169011,0.0,0.0,0.0,1,1.0,0,0.0,1,3.0,0,0.0,0.0,0,0,0,1,0,1,1.0,1.0,1.0,0.0,1.0,1.0,1.0,0.5263157894736842,0.0,0.0,0.0,0.0,0.0,0.0,0.0,0.0,0.0,0.0,0.0,0.0,0.0,0.0,0.0,0.0
16,1,16.0,16.0,0.0,0.0,1.0,0.0,1.0,0.0,1,0.0,1,0.0,1,0.0,1,0.0,0.0,0,0,1,1,1,1,0.0,0.0,1.0,1.0,0.0,0.0,0.0,0.8947368421052632,0.0,1.0,0.0,1.0,0.0,1.0,0.0,1.0,0.0,1.0,1.0,0.0,0.0,0.0,0.0,0.0
1541,0,,,34.336569426778794,47.0,0.7970973812718448,1.0,0.0,33.0,0,8.0,0,0.0,1,0.0,1,0.0,0.0,0,0,0,1,1,1,0.0,0.0,1.0,1.0,0.0,0.0,0.0,0.631578947368421,0.0,1.0,0.0,1.0,0.0,1.0,5.0,0.0,0.0,1.0,1.0,0.0,0.0,0.0,0.0,0.0
1640,0,,,10.862780491200215,20.0,0.9911967395623179,1.0,0.0,9.0,0,1.0,0,0.0,1,1.0,0,0.0,0.0,0,0,0,1,1,1,0.0,0.0,1.0,1.0,0.0,0.0,0.0,0.5263157894736842,0.0,1.0,0.0,1.0,5.0,0.0,3.0,0.0,0.0,1.0,1.0,0.0,0.0,0.0,0.0,0.0
601,1,601.0,601.0,0.0,0.0,1.0,0.0,0.0,0.0,1,0.0,1,0.0,1,0.0,1,0.0,0.0,0,0,1,1,1,1,1.0,1.0,1.0,0.0,1.0,1.0,1.0,0.8421052631578947,0.0,0.0,0.0,0.0,0.0,0.0,0.0,0.0,0.0,0.0,1.0,0.0,0.0,0.0,0.0,1.0
1331,0,,,3.872983346207417,7.0,0.9949738516926964,0.0,0.0,0.0,1,3.0,0,0.0,1,1.0,0,0.0,0.0,0,0,0,1,1,1,0.0,0.0,1.0,1.0,0.0,0.0,0.0,0.5789473684210527,0.0,1.0,0.0,1.0,2.0,0.0,0.0,1.0,1.0,0.0,1.0,0.0,0.0,0.0,0.0,0.0
1585,0,,,20.83266665599966,30.0,0.9927719457643509,0.0,0.0,20.0,0,5.0,0,0.0,1,1.0,0,0.0,0.0,0,0,0,1,1,1,0.0,0.0,1.0,1.0,0.0,0.0,0.0,0.5263157894736842,0.0,1.0,0.0,1.0,0.0,1.0,2.0,0.0,2.0,0.0,1.0,0.0,0.0,0.0,0.0,0.0
848,1,848.0,848.0,0.0,0.0,1.0,0.0,0.0,0.0,1,0.0,1,0.0,1,0.0,1,0.0,1.0,0,0,1,1,1,1,1.0,1.0,0.0,1.0,1.0,1.0,1.0,0.8421052631578947,0.0,0.0,0.0,0.0,0.0,0.0,0.0,0.0,0.0,0.0,0.0,0.0,1.0,0.0,0.0,0.0
1607,0,,,12.727922061357855,22.0,0.9905187721007868,0.0,0.0,11.0,0,3.0,0,0.0,1,0.0,1,0.0,0.0,0,0,0,1,1,1,0.0,0.0,1.0,1.0,0.0,0.0,0.0,0.5789473684210527,4.0,0.0,4.0,0.0,0.0,1.0,0.0,1.0,0.0,1.0,1.0,0.0,0.0,0.0,0.0,0.0
1179,0,,,31.38470965295043,39.0,0.9787317813222302,0.0,0.0,31.0,0,0.0,1,0.0,1,4.0,0,0.0,0.0,0,0,0,1,1,1,0.0,0.0,1.0,1.0,0.0,0.0,0.0,0.5789473684210527,2.0,0.0,2.0,0.0,0.0,1.0,0.0,1.0,0.0,1.0,1.0,0.0,0.0,0.0,0.0,0.0
969,1,969.0,969.0,0.0,0.0,1.0,0.0,0.0,0.0,1,0.0,1,0.0,1,0.0,1,0.0,0.0,0,0,1,1,1,1,0.0,0.0,1.0,1.0,0.0,0.0,0.0,0.8421052631578947,0.0,1.0,0.0,1.0,0.0,1.0,0.0,1.0,0.0,1.0,1.0,0.0,0.0,0.0,0.0,0.0
360,1,360.0,360.0,0.0,0.0,1.0,0.0,0.0,0.0,1,0.0,1,0.0,1,0.0,1,0.0,1.0,0,0,1,1,1,1,1.0,1.0,0.0,1.0,1.0,1.0,1.0,0.8421052631578947,0.0,0.0,0.0,0.0,0.0,0.0,0.0,0.0,0.0,0.0,0.0,0.0,1.0,0.0,0.0,0.0
1300,0,,,16.76305461424021,31.0,0.9643642878835745,0.0,0.0,9.0,0,1.0,0,0.0,1,1.0,0,0.0,0.0,0,0,0,1,1,1,0.0,0.0,1.0,1.0,0.0,0.0,0.0,0.47368421052631576,0.0,1.0,0.0,1.0,5.0,0.0,2.0,0.0,13.0,0.0,1.0,0.0,0.0,0.0,0.0,0.0
475,1,475.0,475.0,0.0,0.0,1.0,0.0,1.0,0.0,1,0.0,1,0.0,1,0.0,1,0.0,0.0,0,0,1,1,1,1,0.0,0.0,1.0,1.0,0.0,0.0,0.0,0.8947368421052632,0.0,1.0,0.0,1.0,0.0,1.0,0.0,1.0,0.0,1.0,1.0,0.0,0.0,0.0,0.0,0.0
796,1,796.0,796.0,0.0,0.0,1.0,0.0,0.0,0.0,1,0.0,1,0.0,1,0.0,1,0.0,0.0,0,0,1,1,1,1,0.0,0.0,1.0,1.0,0.0,0.0,0.0,0.8421052631578947,0.0,1.0,0.0,1.0,0.0,1.0,0.0,1.0,0.0,1.0,1.0,0.0,0.0,0.0,0.0,0.0
1777,0,,,21.817424229271428,30.0,0.8652323917815123,0.0,0.0,21.0,0,3.0,0,0.0,1,0.0,1,0.0,0.0,0,0,0,1,1,1,0.0,0.0,1.0,1.0,0.0,0.0,0.0,0.5789473684210527,0.0,1.0,0.0,1.0,5.0,0.0,0.0,1.0,1.0,0.0,1.0,0.0,0.0,0.0,0.0,0.0
448,1,448.0,448.0,0.0,0.0,1.0,0.0,1.0,0.0,1,0.0,1,0.0,1,0.0,1,0.0,0.0,0,0,1,1,1,1,0.0,0.0,1.0,1.0,0.0,0.0,0.0,0.8947368421052632,0.0,1.0,0.0,1.0,0.0,1.0,0.0,1.0,0.0,1.0,1.0,0.0,0.0,0.0,0.0,0.0
526,1,526.0,526.0,0.0,0.0,1.0,0.0,0.0,0.0,1,0.0,1,0.0,1,0.0,1,0.0,0.0,0,0,1,1,1,1,0.0,0.0,1.0,1.0,0.0,0.0,0.0,0.8421052631578947,0.0,1.0,0.0,1.0,0.0,1.0,0.0,1.0,0.0,1.0,1.0,0.0,0.0,0.0,0.0,0.0
1928,0,,,29.631064780058107,40.0,0.9579831610796032,0.0,0.0,29.0,0,4.0,0,0.0,1,1.0,0,0.0,0.0,0,0,0,1,1,1,0.0,0.0,1.0,1.0,0.0,0.0,0.0,0.5263157894736842,0.0,1.0,0.0,1.0,0.0,1.0,4.0,0.0,2.0,0.0,1.0,0.0,0.0,0.0,0.0,0.0
1209,0,,,42.9767378938886,65.0,0.8479459469910776,0.0,0.0,39.0,0,10.0,0,0.0,1,1.0,0,0.0,0.0,0,0,0,1,1,1,0.0,0.0,1.0,1.0,0.0,0.0,0.0,0.5789473684210527,0.0,1.0,0.0,1.0,15.0,0.0,0.0,1.0,0.0,1.0,1.0,0.0,0.0,0.0,0.0,0.0
1798,0,,,28.982753492378876,40.0,0.9998974892354389,0.0,0.0,28.0,0,6.0,0,0.0,1,0.0,1,4.0,0.0,0,0,0,1,1,1,1.0,1.0,0.0,1.0,1.0,1.0,1.0,0.5789473684210527,0.0,0.0,0.0,0.0,0.0,0.0,0.0,0.0,0.0,0.0,0.0,2.0,0.0,0.0,0.0,0.0
1370,0,,,12.409673645990857,20.0,0.9999810953490023,0.0,0.0,11.0,0,2.0,0,0.0,1,2.0,0,5.0,0.0,0,0,0,1,1,1,1.0,1.0,0.0,1.0,1.0,1.0,1.0,0.5789473684210527,0.0,0.0,0.0,0.0,0.0,0.0,0.0,0.0,0.0,0.0,0.0,0.0,1.0,0.0,0.0,0.0
1759,0,,,10.14889156509222,17.0,0.9895671277473452,0.0,0.0,0.0,1,2.0,0,0.0,1,1.0,0,0.0,0.0,0,0,0,1,1,1,0.0,0.0,1.0,1.0,0.0,0.0,0.0,0.5789473684210527,7.0,0.0,7.0,0.0,0.0,1.0,0.0,1.0,0.0,1.0,1.0,0.0,0.0,0.0,0.0,0.0
1697,0,,,31.22498999199199,47.0,0.8373839481225988,0.0,0.0,7.0,0,9.0,0,0.0,1,0.0,1,0.0,0.0,0,0,0,1,1,1,0.0,0.0,1.0,1.0,0.0,0.0,0.0,0.5789473684210527,0.0,1.0,0.0,1.0,29.0,0.0,0.0,1.0,2.0,0.0,1.0,0.0,0.0,0.0,0.0,0.0
233,1,233.0,233.0,0.0,0.0,1.0,0.0,1.0,0.0,1,0.0,1,0.0,1,0.0,1,0.0,0.0,0,0,1,1,1,1,0.0,0.0,1.0,1.0,0.0,0.0,0.0,0.8947368421052632,0.0,1.0,0.0,1.0,0.0,1.0,0.0,1.0,0.0,1.0,1.0,0.0,0.0,0.0,0.0,0.0
1388,0,,,51.64300533470143,73.0,0.9389111252024959,0.0,0.0,49.0,0,5.0,0,0.0,1,0.0,1,0.0,0.0,0,0,0,1,1,1,0.0,0.0,1.0,1.0,0.0,0.0,0.0,0.5789473684210527,0.0,1.0,0.0,1.0,15.0,0.0,0.0,1.0,4.0,0.0,1.0,0.0,0.0,0.0,0.0,0.0
1054,0,,,38.8329756778952,66.0,0.9035714626125948,0.0,0.0,21.0,0,1.0,0,0.0,1,1.0,0,0.0,0.0,0,0,1,1,1,1,0.0,0.0,1.0,1.0,0.0,0.0,0.0,0.5263157894736842,0.0,1.0,0.0,1.0,31.0,0.0,2.0,0.0,10.0,0.0,1.0,0.0,0.0,0.0,0.0,0.0
1814,0,,,49.53786430600334,64.0,0.8270391508410923,0.0,0.0,48.0,0,1.0,0,0.0,1,2.0,0,0.0,0.0,0,0,1,1,1,1,0.0,0.0,1.0,1.0,0.0,0.0,0.0,0.5789473684210527,0.0,1.0,0.0,1.0,12.0,0.0,0.0,1.0,1.0,0.0,1.0,0.0,0.0,0.0,0.0,0.0
456,1,456.0,456.0,0.0,0.0,1.0,0.0,0.0,0.0,1,0.0,1,0.0,1,0.0,1,0.0,0.0,0,0,1,1,1,1,0.0,0.0,1.0,1.0,0.0,0.0,0.0,0.8421052631578947,0.0,1.0,0.0,1.0,0.0,1.0,0.0,1.0,0.0,1.0,1.0,0.0,0.0,0.0,0.0,0.0
1398,0,,,72.47068372797375,102.0,0.6809954406680843,0.0,0.0,69.0,0,9.0,0,0.0,1,1.0,0,0.0,0.0,0,0,1,1,1,1,0.0,0.0,1.0,1.0,0.0,0.0,0.0,0.5789473684210527,0.0,1.0,0.0,1.0,20.0,0.0,3.0,0.0,0.0,1.0,1.0,0.0,0.0,0.0,0.0,0.0
1583,0,,,22.9128784747792,39.0,0.8436942106724727,0.0,0.0,20.0,0,4.0,0,0.0,1,1.0,0,0.0,0.0,0,0,1,1,1,1,0.0,0.0,1.0,1.0,0.0,0.0,0.0,0.5263157894736842,0.0,1.0,0.0,1.0,10.0,0.0,2.0,0.0,2.0,0.0,1.0,0.0,0.0,0.0,0.0,0.0
1608,0,,,50.18964036531842,57.0,0.9754133578590825,0.0,0.0,50.0,0,1.0,0,0.0,1,0.0,1,0.0,0.0,0,0,0,1,1,1,0.0,0.0,1.0,1.0,0.0,0.0,0.0,0.5789473684210527,3.0,0.0,3.0,0.0,0.0,1.0,0.0,1.0,0.0,1.0,1.0,0.0,0.0,0.0,0.0,0.0
1886,0,,,3.3166247903554,5.0,0.9979271274912741,0.0,1.0,0.0,1,0.0,1,0.0,1,0.0,1,0.0,0.0,0,0,0,1,1,1,0.0,0.0,1.0,1.0,0.0,0.0,0.0,0.6842105263157895,1.0,0.0,1.0,0.0,0.0,1.0,0.0,1.0,3.0,0.0,1.0,0.0,0.0,0.0,0.0,0.0
519,1,519.0,519.0,0.0,0.0,1.0,0.0,0.0,0.0,1,0.0,1,0.0,1,0.0,1,0.0,0.0,0,0,1,1,1,1,1.0,1.0,1.0,0.0,1.0,1.0,1.0,0.8421052631578947,0.0,0.0,0.0,0.0,0.0,0.0,0.0,0.0,0.0,0.0,1.0,0.0,0.0,0.0,0.0,1.0
1538,0,,,19.8997487421324,36.0,0.9644177744945069,0.0,0.0,12.0,0,3.0,0,0.0,1,0.0,1,0.0,0.0,0,0,1,1,1,1,0.0,0.0,1.0,1.0,0.0,0.0,0.0,0.5789473684210527,3.0,0.0,3.0,0.0,15.0,0.0,0.0,1.0,0.0,1.0,1.0,0.0,0.0,0.0,0.0,0.0
1237,0,,,21.236760581595302,33.0,0.9999449906481475,0.0,0.0,19.0,0,9.0,0,0.0,1,1.0,0,2.0,0.0,0,0,0,1,1,1,1.0,1.0,0.0,1.0,1.0,1.0,1.0,0.5263157894736842,0.0,0.0,0.0,0.0,0.0,0.0,0.0,0.0,0.0,0.0,0.0,2.0,0.0,0.0,0.0,0.0
198,1,198.0,198.0,0.0,0.0,1.0,0.0,1.0,0.0,1,0.0,1,0.0,1,0.0,1,0.0,0.0,0,0,1,1,1,1,0.0,0.0,1.0,1.0,0.0,0.0,0.0,0.8947368421052632,0.0,1.0,0.0,1.0,0.0,1.0,0.0,1.0,0.0,1.0,1.0,0.0,0.0,0.0,0.0,0.0
311,1,311.0,311.0,0.0,0.0,1.0,0.0,1.0,0.0,1,0.0,1,0.0,1,0.0,1,0.0,1.0,0,0,1,1,1,1,1.0,1.0,0.0,1.0,1.0,1.0,1.0,0.8947368421052632,0.0,0.0,0.0,0.0,0.0,0.0,0.0,0.0,0.0,0.0,0.0,0.0,1.0,0.0,0.0,0.0
1266,0,,,19.313207915827967,25.0,0.9075752984453673,0.0,0.0,19.0,0,2.0,0,0.0,1,2.0,0,0.0,0.0,0,0,0,1,1,1,0.0,0.0,1.0,1.0,0.0,0.0,0.0,0.5789473684210527,0.0,1.0,0.0,1.0,0.0,1.0,0.0,1.0,2.0,0.0,1.0,0.0,0.0,0.0,0.0,0.0
1609,0,,,6.244997998398398,11.0,0.9966191886165034,0.0,0.0,0.0,1,2.0,0,0.0,1,3.0,0,0.0,0.0,0,0,0,1,1,1,0.0,0.0,1.0,1.0,0.0,0.0,0.0,0.5789473684210527,0.0,1.0,0.0,1.0,5.0,0.0,1.0,0.0,0.0,1.0,1.0,0.0,0.0,0.0,0.0,0.0
427,1,427.0,427.0,0.0,0.0,1.0,0.0,1.0,0.0,1,0.0,1,0.0,1,0.0,1,0.0,0.0,0,0,1,1,1,1,0.0,0.0,1.0,1.0,0.0,0.0,0.0,0.8947368421052632,0.0,1.0,0.0,1.0,0.0,1.0,0.0,1.0,0.0,1.0,1.0,0.0,0.0,0.0,0.0,0.0
762,1,762.0,762.0,0.0,0.0,1.0,0.0,0.0,0.0,1,0.0,1,0.0,1,0.0,1,0.0,0.0,0,0,1,1,1,1,0.0,0.0,1.0,1.0,0.0,0.0,0.0,0.8421052631578947,0.0,1.0,0.0,1.0,0.0,1.0,0.0,1.0,0.0,1.0,1.0,0.0,0.0,0.0,0.0,0.0
613,1,613.0,613.0,0.0,0.0,1.0,0.0,0.0,0.0,1,0.0,1,0.0,1,0.0,1,0.0,0.0,0,0,1,1,1,1,0.0,0.0,1.0,1.0,0.0,0.0,0.0,0.8421052631578947,0.0,1.0,0.0,1.0,0.0,1.0,0.0,1.0,0.0,1.0,1.0,0.0,0.0,0.0,0.0,0.0
663,1,663.0,663.0,0.0,0.0,1.0,0.0,0.0,0.0,1,0.0,1,0.0,1,0.0,1,0.0,0.0,0,0,1,1,1,1,0.0,0.0,1.0,1.0,0.0,0.0,0.0,0.8421052631578947,0.0,1.0,0.0,1.0,0.0,1.0,0.0,1.0,0.0,1.0,1.0,0.0,0.0,0.0,0.0,0.0
952,1,952.0,952.0,0.0,0.0,1.0,0.0,1.0,0.0,1,0.0,1,0.0,1,0.0,1,0.0,0.0,0,0,1,1,1,1,1.0,1.0,1.0,0.0,1.0,1.0,1.0,0.8947368421052632,0.0,0.0,0.0,0.0,0.0,0.0,0.0,0.0,0.0,0.0,1.0,0.0,0.0,0.0,0.0,1.0
220,1,220.0,220.0,0.0,0.0,1.0,0.0,0.0,0.0,1,0.0,1,0.0,1,0.0,1,0.0,0.0,0,0,1,1,1,1,0.0,0.0,1.0,1.0,0.0,0.0,0.0,0.8421052631578947,0.0,1.0,0.0,1.0,0.0,1.0,0.0,1.0,0.0,1.0,1.0,0.0,0.0,0.0,0.0,0.0
1934,0,,,25.592967784139454,43.0,0.981955795156207,0.0,0.0,20.0,0,1.0,0,0.0,1,2.0,0,0.0,0.0,0,0,0,1,1,1,0.0,0.0,1.0,1.0,0.0,0.0,0.0,0.5263157894736842,0.0,1.0,0.0,1.0,15.0,0.0,0.0,1.0,5.0,0.0,1.0,0.0,0.0,0.0,0.0,0.0
400,1,400.0,400.0,0.0,0.0,1.0,0.0,0.0,0.0,1,0.0,1,0.0,1,0.0,1,0.0,1.0,0,0,1,1,1,1,1.0,1.0,0.0,1.0,1.0,1.0,1.0,0.8421052631578947,0.0,0.0,0.0,0.0,0.0,0.0,0.0,0.0,0.0,0.0,0.0,0.0,1.0,0.0,0.0,0.0
1704,0,,,33.21144381083123,39.0,0.9998651999418369,0.0,0.0,33.0,0,2.0,0,0.0,1,1.0,0,0.0,1.0,0,0,0,1,1,1,1.0,1.0,0.0,1.0,1.0,1.0,1.0,0.5789473684210527,0.0,0.0,0.0,0.0,0.0,0.0,0.0,0.0,0.0,0.0,0.0,3.0,0.0,0.0,0.0,0.0
1753,0,,,20.199009876724155,26.0,0.9987047407530063,0.0,0.0,20.0,0,2.0,0,0.0,1,1.0,0,0.0,0.0,0,0,1,1,1,1,0.0,0.0,1.0,1.0,0.0,0.0,0.0,0.5263157894736842,1.0,0.0,1.0,0.0,0.0,1.0,0.0,1.0,1.0,0.0,1.0,0.0,0.0,0.0,0.0,0.0
975,1,975.0,975.0,0.0,0.0,1.0,0.0,0.0,0.0,1,0.0,1,0.0,1,0.0,1,0.0,0.0,0,0,1,1,1,1,0.0,0.0,1.0,1.0,0.0,0.0,0.0,0.8421052631578947,0.0,1.0,0.0,1.0,0.0,1.0,0.0,1.0,0.0,1.0,1.0,0.0,0.0,0.0,0.0,0.0
1864,0,,,21.236760581595302,31.0,0.9983327243392043,0.0,0.0,20.0,0,5.0,0,0.0,1,0.0,1,0.0,0.0,0,0,0,1,1,1,0.0,0.0,1.0,1.0,0.0,0.0,0.0,0.5789473684210527,0.0,1.0,0.0,1.0,5.0,0.0,1.0,0.0,0.0,1.0,1.0,0.0,0.0,0.0,0.0,0.0
315,1,315.0,315.0,0.0,0.0,1.0,0.0,1.0,0.0,1,0.0,1,0.0,1,0.0,1,0.0,0.0,0,0,1,1,1,1,0.0,0.0,1.0,1.0,0.0,0.0,0.0,0.8947368421052632,0.0,1.0,0.0,1.0,0.0,1.0,0.0,1.0,0.0,1.0,1.0,0.0,0.0,0.0,0.0,0.0
1212,0,,,7.483314773547883,14.0,0.9940183003453903,0.0,0.0,1.0,0,2.0,0,0.0,1,1.0,0,0.0,0.0,0,0,0,1,1,1,0.0,0.0,1.0,1.0,0.0,0.0,0.0,0.5263157894736842,5.0,0.0,5.0,0.0,0.0,1.0,0.0,1.0,0.0,1.0,1.0,0.0,0.0,0.0,0.0,0.0
1399,0,,,10.862780491200215,18.0,0.9794227694493678,0.0,0.0,2.0,0,3.0,0,0.0,1,2.0,0,0.0,0.0,0,0,0,1,1,1,0.0,0.0,1.0,1.0,0.0,0.0,0.0,0.5263157894736842,0.0,1.0,0.0,1.0,10.0,0.0,0.0,1.0,1.0,0.0,1.0,0.0,0.0,0.0,0.0,0.0
614,1,614.0,614.0,0.0,0.0,1.0,0.0,0.0,0.0,1,0.0,1,0.0,1,0.0,1,0.0,0.0,0,0,1,1,1,1,0.0,0.0,1.0,1.0,0.0,0.0,0.0,0.8421052631578947,0.0,1.0,0.0,1.0,0.0,1.0,0.0,1.0,0.0,1.0,1.0,0.0,0.0,0.0,0.0,0.0
76,1,76.0,76.0,0.0,0.0,1.0,0.0,1.0,0.0,1,0.0,1,0.0,1,0.0,1,0.0,0.0,0,0,1,1,1,1,1.0,1.0,1.0,0.0,1.0,1.0,1.0,0.8947368421052632,0.0,0.0,0.0,0.0,0.0,0.0,0.0,0.0,0.0,0.0,1.0,0.0,0.0,0.0,0.0,1.0
1730,0,,,6.082762530298219,13.0,0.9976994157601066,0.0,0.0,0.0,1,2.0,0,0.0,1,3.0,0,0.0,0.0,0,0,1,1,1,1,0.0,0.0,1.0,1.0,0.0,0.0,0.0,0.5789473684210527,2.0,0.0,2.0,0.0,0.0,1.0,0.0,1.0,4.0,0.0,1.0,0.0,0.0,0.0,0.0,0.0
1505,0,,,10.770329614269007,14.0,0.9975874400955309,0.0,0.0,10.0,0,4.0,0,0.0,1,0.0,1,0.0,0.0,0,0,1,1,0,1,1.0,1.0,0.0,0.0,1.0,1.0,1.0,0.5263157894736842,0.0,0.0,0.0,0.0,0.0,0.0,0.0,0.0,0.0,0.0,0.0,0.0,0.0,0.0,0.0,0.0
1228,0,,,16.46207763315433,29.0,0.9709622274272413,0.0,0.0,11.0,0,11.0,0,0.0,1,0.0,1,0.0,0.0,0,0,0,1,1,1,0.0,0.0,1.0,1.0,0.0,0.0,0.0,0.5789473684210527,0.0,1.0,0.0,1.0,5.0,0.0,0.0,1.0,2.0,0.0,1.0,0.0,0.0,0.0,0.0,0.0
788,1,788.0,788.0,0.0,0.0,1.0,0.0,0.0,0.0,1,0.0,1,0.0,1,0.0,1,0.0,0.0,0,0,1,1,1,1,0.0,0.0,1.0,1.0,0.0,0.0,0.0,0.8421052631578947,0.0,1.0,0.0,1.0,0.0,1.0,0.0,1.0,0.0,1.0,1.0,0.0,0.0,0.0,0.0,0.0
632,1,632.0,632.0,0.0,0.0,1.0,0.0,0.0,0.0,1,0.0,1,0.0,1,0.0,1,0.0,0.0,0,0,1,1,1,1,0.0,0.0,1.0,1.0,0.0,0.0,0.0,0.8421052631578947,0.0,1.0,0.0,1.0,0.0,1.0,0.0,1.0,0.0,1.0,1.0,0.0,0.0,0.0,0.0,0.0
1294,0,,,13.96424004376894,25.0,0.9632037996341156,0.0,0.0,11.0,0,1.0,0,0.0,1,1.0,0,0.0,0.0,0,0,0,1,1,1,0.0,0.0,1.0,1.0,0.0,0.0,0.0,0.5263157894736842,6.0,0.0,6.0,0.0,0.0,1.0,0.0,1.0,0.0,1.0,1.0,0.0,0.0,0.0,0.0,0.0
1442,0,,,1.4142135623730951,2.0,0.9980839483546153,0.0,0.0,1.0,0,0.0,1,0.0,1,1.0,0,0.0,0.0,0,0,0,1,0,1,1.0,1.0,0.0,0.0,1.0,1.0,1.0,0.47368421052631576,0.0,0.0,0.0,0.0,0.0,0.0,0.0,0.0,0.0,0.0,0.0,0.0,0.0,0.0,0.0,0.0
1285,0,,,69.67065379340143,86.0,0.7545185112335139,0.0,0.0,68.0,0,2.0,0,0.0,1,1.0,0,0.0,0.0,0,0,0,1,1,1,0.0,0.0,1.0,1.0,0.0,0.0,0.0,0.5789473684210527,0.0,1.0,0.0,1.0,15.0,0.0,0.0,1.0,0.0,1.0,1.0,0.0,0.0,0.0,0.0,0.0
899,1,899.0,899.0,0.0,0.0,1.0,0.0,0.0,0.0,1,0.0,1,0.0,1,0.0,1,0.0,0.0,0,0,1,1,1,1,0.0,0.0,1.0,1.0,0.0,0.0,0.0,0.8421052631578947,0.0,1.0,0.0,1.0,0.0,1.0,0.0,1.0,0.0,1.0,1.0,0.0,0.0,0.0,0.0,0.0
1892,0,,,54.01851534427802,78.0,0.9782765211145202,1.0,0.0,50.0,0,2.0,0,0.0,1,2.0,0,0.0,0.0,0,0,0,1,1,1,0.0,0.0,1.0,1.0,0.0,0.0,0.0,0.5263157894736842,0.0,1.0,0.0,1.0,20.0,0.0,0.0,1.0,3.0,0.0,1.0,0.0,0.0,0.0,0.0,0.0
862,1,862.0,862.0,0.0,0.0,1.0,0.0,0.0,0.0,1,0.0,1,0.0,1,0.0,1,0.0,0.0,0,0,1,1,1,1,0.0,0.0,1.0,1.0,0.0,0.0,0.0,0.8421052631578947,0.0,1.0,0.0,1.0,0.0,1.0,0.0,1.0,0.0,1.0,1.0,0.0,0.0,0.0,0.0,0.0
207,1,207.0,207.0,0.0,0.0,1.0,0.0,1.0,0.0,1,0.0,1,0.0,1,0.0,1,0.0,0.0,0,0,1,1,1,1,0.0,0.0,1.0,1.0,0.0,0.0,0.0,0.8947368421052632,0.0,1.0,0.0,1.0,0.0,1.0,0.0,1.0,0.0,1.0,1.0,0.0,0.0,0.0,0.0,0.0
1431,0,,,48.13522618623496,53.0,0.8043735029567399,0.0,0.0,48.0,0,3.0,0,0.0,1,2.0,0,0.0,0.0,0,0,0,1,1,1,1.0,1.0,1.0,0.0,1.0,1.0,1.0,0.631578947368421,0.0,0.0,0.0,0.0,0.0,0.0,0.0,0.0,0.0,0.0,1.0,0.0,0.0,0.0,0.0,1.0
483,1,483.0,483.0,0.0,0.0,1.0,0.0,0.0,0.0,1,0.0,1,0.0,1,0.0,1,0.0,0.0,0,0,1,1,1,1,0.0,0.0,1.0,1.0,0.0,0.0,0.0,0.8421052631578947,0.0,1.0,0.0,1.0,0.0,1.0,0.0,1.0,0.0,1.0,1.0,0.0,0.0,0.0,0.0,0.0
1542,0,,,15.427248620541512,32.0,0.9016301639048124,0.0,0.0,9.0,0,0.0,1,0.0,1,2.0,0,0.0,0.0,0,0,1,1,1,1,0.0,0.0,1.0,1.0,0.0,0.0,0.0,0.5789473684210527,8.0,0.0,8.0,0.0,5.0,0.0,0.0,1.0,0.0,1.0,1.0,0.0,0.0,0.0,0.0,0.0
1596,0,,,8.18535277187245,15.0,0.9849613386399528,0.0,0.0,0.0,1,5.0,0,0.0,1,1.0,0,0.0,0.0,0,0,0,1,1,1,0.0,0.0,1.0,1.0,0.0,0.0,0.0,0.5789473684210527,0.0,1.0,0.0,1.0,5.0,0.0,0.0,1.0,4.0,0.0,1.0,0.0,0.0,0.0,0.0,0.0
979,1,979.0,979.0,0.0,0.0,1.0,0.0,0.0,0.0,1,0.0,1,0.0,1,0.0,1,0.0,0.0,0,0,1,1,1,1,0.0,0.0,1.0,1.0,0.0,0.0,0.0,0.8421052631578947,0.0,1.0,0.0,1.0,0.0,1.0,0.0,1.0,0.0,1.0,1.0,0.0,0.0,0.0,0.0,0.0
986,1,986.0,986.0,0.0,0.0,1.0,0.0,0.0,0.0,1,0.0,1,0.0,1,0.0,1,0.0,1.0,0,0,1,1,1,1,1.0,1.0,1.0,1.0,1.0,1.0,1.0,0.8421052631578947,0.0,0.0,0.0,0.0,0.0,0.0,0.0,0.0,0.0,0.0,0.0,0.0,0.0,0.0,0.0,0.0
1723,0,,,13.30413469565007,25.0,0.8778297683410772,0.0,1.0,1.0,0,0.0,1,0.0,1,2.0,0,0.0,0.0,0,0,0,1,1,1,0.0,0.0,1.0,1.0,0.0,0.0,0.0,0.5789473684210527,6.0,0.0,6.0,0.0,10.0,0.0,0.0,1.0,0.0,1.0,1.0,0.0,0.0,0.0,0.0,0.0
1290,0,,,41.557189510360296,71.0,0.876226237893373,0.0,0.0,9.0,0,2.0,0,0.0,1,1.0,0,0.0,0.0,0,0,0,1,1,1,0.0,0.0,1.0,1.0,0.0,0.0,0.0,0.47368421052631576,0.0,1.0,0.0,1.0,35.0,0.0,4.0,0.0,20.0,0.0,1.0,0.0,0.0,0.0,0.0,0.0
667,1,667.0,667.0,0.0,0.0,1.0,0.0,0.0,0.0,1,0.0,1,0.0,1,0.0,1,0.0,0.0,0,0,1,1,1,1,0.0,0.0,1.0,1.0,0.0,0.0,0.0,0.8421052631578947,0.0,1.0,0.0,1.0,0.0,1.0,0.0,1.0,0.0,1.0,1.0,0.0,0.0,0.0,0.0,0.0
1523,0,,,21.702534414210707,35.0,0.9745717527877571,0.0,0.0,19.0,0,1.0,0,0.0,1,1.0,0,0.0,0.0,0,0,1,1,1,1,0.0,0.0,1.0,1.0,0.0,0.0,0.0,0.5263157894736842,2.0,0.0,2.0,0.0,10.0,0.0,0.0,1.0,0.0,1.0,1.0,0.0,0.0,0.0,0.0,0.0
1958,0,,,40.162171256046406,45.0,0.9348590720847281,0.0,0.0,0.0,1,3.0,0,0.0,1,2.0,0,0.0,0.0,0,0,0,1,1,1,0.0,0.0,1.0,1.0,0.0,0.0,0.0,0.631578947368421,0.0,1.0,0.0,1.0,40.0,0.0,0.0,1.0,0.0,1.0,1.0,0.0,0.0,0.0,0.0,0.0
1637,0,,,10.14889156509222,17.0,0.938650022700125,0.0,0.0,1.0,0,4.0,0,0.0,1,1.0,0,0.0,0.0,0,0,1,1,1,1,0.0,0.0,1.0,1.0,0.0,0.0,0.0,0.5789473684210527,0.0,1.0,0.0,1.0,9.0,0.0,0.0,1.0,2.0,0.0,1.0,0.0,0.0,0.0,0.0,0.0
265,1,265.0,265.0,0.0,0.0,1.0,0.0,0.0,0.0,1,0.0,1,0.0,1,0.0,1,0.0,0.0,0,0,1,1,1,1,0.0,0.0,1.0,1.0,0.0,0.0,0.0,0.8421052631578947,0.0,1.0,0.0,1.0,0.0,1.0,0.0,1.0,0.0,1.0,1.0,0.0,0.0,0.0,0.0,0.0
1917,0,,,30.967725134404045,41.0,0.991822743031759,0.0,0.0,30.0,0,7.0,0,0.0,1,0.0,1,0.0,0.0,0,0,0,1,1,1,0.0,0.0,1.0,1.0,0.0,0.0,0.0,0.5789473684210527,0.0,1.0,0.0,1.0,0.0,1.0,1.0,0.0,3.0,0.0,1.0,0.0,0.0,0.0,0.0,0.0
594,1,594.0,594.0,0.0,0.0,1.0,0.0,1.0,0.0,1,0.0,1,0.0,1,0.0,1,0.0,0.0,0,0,1,1,1,1,1.0,1.0,1.0,0.0,1.0,1.0,1.0,0.8947368421052632,0.0,0.0,0.0,0.0,0.0,0.0,0.0,0.0,0.0,0.0,1.0,0.0,0.0,0.0,0.0,1.0
192,1,192.0,192.0,0.0,0.0,1.0,0.0,0.0,0.0,1,0.0,1,0.0,1,0.0,1,0.0,0.0,0,0,1,1,1,1,0.0,0.0,1.0,1.0,0.0,0.0,0.0,0.8421052631578947,0.0,1.0,0.0,1.0,0.0,1.0,0.0,1.0,0.0,1.0,1.0,0.0,0.0,0.0,0.0,0.0
722,1,722.0,722.0,0.0,0.0,1.0,0.0,1.0,0.0,1,0.0,1,0.0,1,0.0,1,0.0,0.0,0,0,1,1,1,1,0.0,0.0,1.0,1.0,0.0,0.0,0.0,0.8947368421052632,0.0,1.0,0.0,1.0,0.0,1.0,0.0,1.0,0.0,1.0,1.0,0.0,0.0,0.0,0.0,0.0
1568,0,,,20.518284528683193,27.0,0.9884979061841181,1.0,0.0,20.0,0,0.0,1,0.0,1,4.0,0,0.0,0.0,0,0,0,1,1,1,0.0,0.0,1.0,1.0,0.0,0.0,0.0,0.631578947368421,0.0,1.0,0.0,1.0,0.0,1.0,2.0,0.0,0.0,1.0,1.0,0.0,0.0,0.0,0.0,0.0
540,1,540.0,540.0,0.0,0.0,1.0,0.0,0.0,0.0,1,0.0,1,0.0,1,0.0,1,0.0,0.0,0,0,1,1,1,1,0.0,0.0,1.0,1.0,0.0,0.0,0.0,0.8421052631578947,0.0,1.0,0.0,1.0,0.0,1.0,0.0,1.0,0.0,1.0,1.0,0.0,0.0,0.0,0.0,0.0
1684,0,,,39.44616584663204,48.0,0.9155072449385956,0.0,1.0,39.0,0,3.0,0,0.0,1,1.0,0,0.0,0.0,0,0,0,1,1,1,0.0,0.0,1.0,1.0,0.0,0.0,0.0,0.631578947368421,0.0,1.0,0.0,1.0,5.0,0.0,0.0,1.0,0.0,1.0,1.0,0.0,0.0,0.0,0.0,0.0
1680,0,,,28.35489375751565,36.0,0.971566357077512,0.0,0.0,28.0,0,3.0,0,1.0,0,0.0,1,0.0,0.0,0,0,1,1,1,1,0.0,0.0,1.0,1.0,0.0,0.0,0.0,0.5789473684210527,0.0,1.0,0.0,1.0,0.0,1.0,3.0,0.0,1.0,0.0,1.0,0.0,0.0,0.0,0.0,0.0
1853,0,,,40.53393639902249,51.0,0.855866019439205,0.0,0.0,40.0,0,1.0,0,0.0,1,1.0,0,0.0,0.0,0,0,0,1,1,1,0.0,0.0,1.0,1.0,0.0,0.0,0.0,0.5263157894736842,5.0,0.0,4.0,0.0,0.0,1.0,0.0,1.0,0.0,1.0,1.0,0.0,0.0,0.0,0.0,0.0
777,1,777.0,777.0,0.0,0.0,1.0,0.0,0.0,0.0,1,0.0,1,0.0,1,0.0,1,0.0,0.0,0,0,1,1,1,1,0.0,0.0,1.0,1.0,0.0,0.0,0.0,0.8421052631578947,0.0,1.0,0.0,1.0,0.0,1.0,0.0,1.0,0.0,1.0,1.0,0.0,0.0,0.0,0.0,0.0
1970,0,,,13.152946437965905,21.0,0.9375758578073495,1.0,0.0,11.0,0,1.0,0,0.0,1,1.0,0,0.0,0.0,0,0,0,1,1,1,0.0,0.0,1.0,1.0,0.0,0.0,0.0,0.5789473684210527,0.0,1.0,0.0,1.0,0.0,1.0,0.0,1.0,7.0,0.0,1.0,0.0,0.0,0.0,0.0,0.0
449,1,449.0,449.0,0.0,0.0,1.0,0.0,0.0,0.0,1,0.0,1,0.0,1,0.0,1,0.0,0.0,0,0,1,1,1,1,0.0,0.0,1.0,1.0,0.0,0.0,0.0,0.8421052631578947,0.0,1.0,0.0,1.0,0.0,1.0,0.0,1.0,0.0,1.0,1.0,0.0,0.0,0.0,0.0,0.0
1907,0,,,42.91852746774987,68.0,0.8953916789508715,0.0,0.0,39.0,0,0.0,1,0.0,1,0.0,1,0.0,0.0,0,0,1,1,1,1,0.0,0.0,1.0,1.0,0.0,0.0,0.0,0.631578947368421,14.0,0.0,5.0,0.0,10.0,0.0,0.0,1.0,0.0,1.0,1.0,0.0,0.0,0.0,0.0,0.0
1082,0,,,40.47221268969612,48.0,0.7376253670199396,0.0,0.0,40.0,0,6.0,0,0.0,1,0.0,1,0.0,0.0,0,0,1,1,1,1,0.0,0.0,1.0,1.0,0.0,0.0,0.0,0.631578947368421,1.0,0.0,1.0,0.0,0.0,1.0,0.0,1.0,0.0,1.0,1.0,0.0,0.0,0.0,0.0,0.0
1086,0,,,4.58257569495584,9.0,0.9754965567952762,0.0,0.0,1.0,0,1.0,0,0.0,1,1.0,0,0.0,0.0,0,0,0,1,1,1,0.0,0.0,1.0,1.0,0.0,0.0,0.0,0.5263157894736842,3.0,0.0,3.0,0.0,0.0,1.0,0.0,1.0,0.0,1.0,1.0,0.0,0.0,0.0,0.0,0.0
1979,0,,,33.27160951922825,43.0,0.99986409783533,0.0,0.0,32.0,0,9.0,0,0.0,1,0.0,1,1.0,0.0,0,0,0,1,1,1,1.0,1.0,0.0,1.0,1.0,1.0,1.0,0.5789473684210527,0.0,0.0,0.0,0.0,0.0,0.0,0.0,0.0,0.0,0.0,0.0,1.0,0.0,0.0,0.0,0.0
1165,0,,,21.307275752662516,32.0,0.9935185889376748,0.0,0.0,20.0,0,6.0,0,0.0,1,0.0,1,0.0,0.0,0,0,0,1,1,1,0.0,0.0,1.0,1.0,0.0,0.0,0.0,0.5789473684210527,3.0,0.0,3.0,0.0,0.0,1.0,0.0,1.0,0.0,1.0,1.0,0.0,0.0,0.0,0.0,0.0
583,1,583.0,583.0,0.0,0.0,1.0,0.0,0.0,0.0,1,0.0,1,0.0,1,0.0,1,0.0,0.0,0,0,1,1,1,1,0.0,0.0,1.0,1.0,0.0,0.0,0.0,0.8421052631578947,0.0,1.0,0.0,1.0,0.0,1.0,0.0,1.0,0.0,1.0,1.0,0.0,0.0,0.0,0.0,0.0
70,1,70.0,70.0,0.0,0.0,1.0,0.0,0.0,0.0,1,0.0,1,0.0,1,0.0,1,0.0,0.0,0,0,1,1,1,1,0.0,0.0,1.0,1.0,0.0,0.0,0.0,0.8421052631578947,0.0,1.0,0.0,1.0,0.0,1.0,0.0,1.0,0.0,1.0,1.0,0.0,0.0,0.0,0.0,0.0
464,1,464.0,464.0,0.0,0.0,1.0,0.0,0.0,0.0,1,0.0,1,0.0,1,0.0,1,0.0,1.0,0,0,1,1,1,1,1.0,1.0,0.0,1.0,1.0,1.0,1.0,0.8421052631578947,0.0,0.0,0.0,0.0,0.0,0.0,0.0,0.0,0.0,0.0,0.0,0.0,1.0,0.0,0.0,0.0
280,1,280.0,280.0,0.0,0.0,1.0,0.0,0.0,0.0,1,0.0,1,0.0,1,0.0,1,0.0,0.0,0,0,1,1,1,1,0.0,0.0,1.0,1.0,0.0,0.0,0.0,0.8421052631578947,0.0,1.0,0.0,1.0,0.0,1.0,0.0,1.0,0.0,1.0,1.0,0.0,0.0,0.0,0.0,0.0
1123,0,,,15.0,27.0,0.91405454753084,0.0,0.0,10.0,0,4.0,0,0.0,1,3.0,0,0.0,0.0,0,0,0,1,1,1,0.0,0.0,1.0,1.0,0.0,0.0,0.0,0.5789473684210527,0.0,1.0,0.0,1.0,10.0,0.0,0.0,1.0,0.0,1.0,1.0,0.0,0.0,0.0,0.0,0.0
705,1,705.0,705.0,0.0,0.0,1.0,0.0,1.0,0.0,1,0.0,1,0.0,1,0.0,1,0.0,0.0,0,0,1,1,1,1,0.0,0.0,1.0,1.0,0.0,0.0,0.0,0.8947368421052632,0.0,1.0,0.0,1.0,0.0,1.0,0.0,1.0,0.0,1.0,1.0,0.0,0.0,0.0,0.0,0.0
1858,0,,,16.792855623746664,32.0,0.9665607893370016,0.0,0.0,9.0,0,2.0,0,0.0,1,2.0,0,0.0,0.0,0,0,0,1,1,1,0.0,0.0,1.0,1.0,0.0,0.0,0.0,0.5263157894736842,12.0,0.0,7.0,0.0,0.0,1.0,0.0,1.0,0.0,1.0,1.0,0.0,0.0,0.0,0.0,0.0
559,1,559.0,559.0,0.0,0.0,1.0,0.0,0.0,0.0,1,0.0,1,0.0,1,0.0,1,0.0,0.0,0,0,1,1,1,1,0.0,0.0,1.0,1.0,0.0,0.0,0.0,0.8421052631578947,0.0,1.0,0.0,1.0,0.0,1.0,0.0,1.0,0.0,1.0,1.0,0.0,0.0,0.0,0.0,0.0
944,1,944.0,944.0,0.0,0.0,1.0,0.0,0.0,0.0,1,0.0,1,0.0,1,0.0,1,0.0,0.0,0,0,1,1,1,1,0.0,0.0,1.0,1.0,0.0,0.0,0.0,0.8421052631578947,0.0,1.0,0.0,1.0,0.0,1.0,0.0,1.0,0.0,1.0,1.0,0.0,0.0,0.0,0.0,0.0
661,1,661.0,661.0,0.0,0.0,1.0,0.0,0.0,0.0,1,0.0,1,0.0,1,0.0,1,0.0,0.0,0,0,1,1,1,1,0.0,0.0,1.0,1.0,0.0,0.0,0.0,0.8421052631578947,0.0,1.0,0.0,1.0,0.0,1.0,0.0,1.0,0.0,1.0,1.0,0.0,0.0,0.0,0.0,0.0
389,1,389.0,389.0,0.0,0.0,1.0,0.0,0.0,0.0,1,0.0,1,0.0,1,0.0,1,0.0,1.0,0,0,1,1,1,1,1.0,1.0,0.0,1.0,1.0,1.0,1.0,0.8421052631578947,0.0,0.0,0.0,0.0,0.0,0.0,0.0,0.0,0.0,0.0,0.0,0.0,1.0,0.0,0.0,0.0
1948,0,,,40.718546143004666,50.0,0.9960775604326133,0.0,0.0,40.0,0,7.0,0,0.0,1,0.0,1,0.0,0.0,0,0,0,1,1,1,0.0,0.0,1.0,1.0,0.0,0.0,0.0,0.631578947368421,0.0,1.0,0.0,1.0,3.0,0.0,0.0,1.0,0.0,1.0,1.0,0.0,0.0,0.0,0.0,0.0
1521,0,,,25.317977802344327,43.0,0.6440614726409812,0.0,0.0,0.0,1,1.0,0,0.0,1,1.0,0,0.0,0.0,0,0,1,1,1,1,0.0,0.0,1.0,1.0,0.0,0.0,0.0,0.5263157894736842,18.0,0.0,1.0,0.0,17.0,0.0,0.0,1.0,5.0,0.0,1.0,0.0,0.0,0.0,0.0,0.0
100,1,100.0,100.0,0.0,0.0,1.0,0.0,1.0,0.0,1,0.0,1,0.0,1,0.0,1,0.0,0.0,0,0,1,1,1,1,0.0,0.0,1.0,1.0,0.0,0.0,0.0,0.8947368421052632,0.0,1.0,0.0,1.0,0.0,1.0,0.0,1.0,0.0,1.0,1.0,0.0,0.0,0.0,0.0,0.0
1029,0,,,13.784048752090222,28.0,0.9215641511723854,0.0,0.0,10.0,0,1.0,0,0.0,1,1.0,0,0.0,0.0,0,0,1,1,1,1,0.0,0.0,1.0,1.0,0.0,0.0,0.0,0.5263157894736842,6.0,0.0,6.0,0.0,4.0,0.0,0.0,1.0,0.0,1.0,1.0,0.0,0.0,0.0,0.0,0.0
658,1,658.0,658.0,0.0,0.0,1.0,0.0,0.0,0.0,1,0.0,1,0.0,1,0.0,1,0.0,0.0,0,0,1,1,1,1,0.0,0.0,1.0,1.0,0.0,0.0,0.0,0.8421052631578947,0.0,1.0,0.0,1.0,0.0,1.0,0.0,1.0,0.0,1.0,1.0,0.0,0.0,0.0,0.0,0.0
685,1,685.0,685.0,0.0,0.0,1.0,0.0,1.0,0.0,1,0.0,1,0.0,1,0.0,1,0.0,0.0,0,0,1,1,1,1,0.0,0.0,1.0,1.0,0.0,0.0,0.0,0.8947368421052632,0.0,1.0,0.0,1.0,0.0,1.0,0.0,1.0,0.0,1.0,1.0,0.0,0.0,0.0,0.0,0.0
1736,0,,,49.26459174701441,55.0,0.7521528206899327,0.0,0.0,49.0,0,5.0,0,0.0,1,0.0,1,0.0,0.0,0,0,0,1,1,1,0.0,0.0,1.0,1.0,0.0,0.0,0.0,0.631578947368421,0.0,1.0,0.0,1.0,0.0,1.0,0.0,1.0,1.0,0.0,1.0,0.0,0.0,0.0,0.0,0.0
1077,0,,,71.35825109964509,82.0,0.8102881059442061,0.0,0.0,71.0,0,1.0,0,0.0,1,0.0,1,0.0,0.0,0,0,0,1,1,1,0.0,0.0,1.0,1.0,0.0,0.0,0.0,0.5789473684210527,5.0,0.0,5.0,0.0,0.0,1.0,0.0,1.0,0.0,1.0,1.0,0.0,0.0,0.0,0.0,0.0
13,1,13.0,13.0,0.0,0.0,1.0,0.0,1.0,0.0,1,0.0,1,0.0,1,0.0,1,0.0,0.0,0,0,1,1,1,1,0.0,0.0,1.0,1.0,0.0,0.0,0.0,0.8947368421052632,0.0,1.0,0.0,1.0,0.0,1.0,0.0,1.0,0.0,1.0,1.0,0.0,0.0,0.0,0.0,0.0
769,1,769.0,769.0,0.0,0.0,1.0,0.0,1.0,0.0,1,0.0,1,0.0,1,0.0,1,0.0,0.0,0,0,1,1,1,1,0.0,0.0,1.0,1.0,0.0,0.0,0.0,0.8947368421052632,0.0,1.0,0.0,1.0,0.0,1.0,0.0,1.0,0.0,1.0,1.0,0.0,0.0,0.0,0.0,0.0
1118,0,,,37.589892258425,59.0,0.737738136220837,0.0,0.0,32.0,0,1.0,0,0.0,1,0.0,1,0.0,0.0,0,0,0,1,1,1,0.0,0.0,1.0,1.0,0.0,0.0,0.0,0.5789473684210527,0.0,1.0,0.0,1.0,18.0,0.0,8.0,0.0,0.0,1.0,1.0,0.0,0.0,0.0,0.0,0.0
524,1,524.0,524.0,0.0,0.0,1.0,0.0,0.0,0.0,1,0.0,1,0.0,1,0.0,1,0.0,0.0,0,0,1,1,1,1,0.0,0.0,1.0,1.0,0.0,0.0,0.0,0.8421052631578947,0.0,1.0,0.0,1.0,0.0,1.0,0.0,1.0,0.0,1.0,1.0,0.0,0.0,0.0,0.0,0.0
966,1,966.0,966.0,0.0,0.0,1.0,0.0,0.0,0.0,1,0.0,1,0.0,1,0.0,1,0.0,0.0,0,0,1,1,1,1,0.0,0.0,1.0,1.0,0.0,0.0,0.0,0.8421052631578947,0.0,1.0,0.0,1.0,0.0,1.0,0.0,1.0,0.0,1.0,1.0,0.0,0.0,0.0,0.0,0.0
1363,0,,,40.92676385936225,57.0,0.9806308349855387,0.0,1.0,38.0,0,2.0,0,0.0,1,1.0,0,0.0,0.0,0,0,0,1,1,1,0.0,0.0,1.0,1.0,0.0,0.0,0.0,0.5789473684210527,0.0,1.0,0.0,1.0,15.0,0.0,0.0,1.0,1.0,0.0,1.0,0.0,0.0,0.0,0.0,0.0
1081,0,,,92.57969539807311,107.0,0.4624734328321507,0.0,0.0,9.0,0,5.0,0,0.0,1,1.0,0,92.0,0.0,0,0,0,1,1,1,1.0,1.0,0.0,1.0,1.0,1.0,1.0,0.5263157894736842,0.0,0.0,0.0,0.0,0.0,0.0,0.0,0.0,0.0,0.0,0.0,0.0,0.0,0.0,0.0,0.0
875,1,875.0,875.0,0.0,0.0,1.0,0.0,0.0,0.0,1,0.0,1,0.0,1,0.0,1,0.0,0.0,0,0,1,1,1,1,0.0,0.0,1.0,1.0,0.0,0.0,0.0,0.8421052631578947,0.0,1.0,0.0,1.0,0.0,1.0,0.0,1.0,0.0,1.0,1.0,0.0,0.0,0.0,0.0,0.0
716,1,716.0,716.0,0.0,0.0,1.0,0.0,0.0,0.0,1,0.0,1,0.0,1,0.0,1,0.0,0.0,0,0,1,1,1,1,0.0,0.0,1.0,1.0,0.0,0.0,0.0,0.8421052631578947,0.0,1.0,0.0,1.0,0.0,1.0,0.0,1.0,0.0,1.0,1.0,0.0,0.0,0.0,0.0,0.0
554,1,554.0,554.0,0.0,0.0,1.0,0.0,0.0,0.0,1,0.0,1,0.0,1,0.0,1,0.0,0.0,0,0,1,1,1,1,0.0,0.0,1.0,1.0,0.0,0.0,0.0,0.8421052631578947,0.0,1.0,0.0,1.0,0.0,1.0,0.0,1.0,0.0,1.0,1.0,0.0,0.0,0.0,0.0,0.0
239,1,239.0,239.0,0.0,0.0,1.0,0.0,0.0,0.0,1,0.0,1,0.0,1,0.0,1,0.0,0.0,0,0,1,1,1,1,0.0,0.0,1.0,1.0,0.0,0.0,0.0,0.8421052631578947,0.0,1.0,0.0,1.0,0.0,1.0,0.0,1.0,0.0,1.0,1.0,0.0,0.0,0.0,0.0,0.0
1328,0,,,15.652475842498529,23.0,0.9593069709259793,0.0,0.0,1.0,0,3.0,0,0.0,1,0.0,1,0.0,0.0,0,0,0,1,1,1,0.0,0.0,1.0,1.0,0.0,0.0,0.0,0.5263157894736842,0.0,1.0,0.0,1.0,15.0,0.0,1.0,0.0,3.0,0.0,1.0,0.0,0.0,0.0,0.0,0.0
544,1,544.0,544.0,0.0,0.0,1.0,0.0,0.0,0.0,1,0.0,1,0.0,1,0.0,1,0.0,0.0,0,0,1,1,1,1,0.0,0.0,1.0,1.0,0.0,0.0,0.0,0.8421052631578947,0.0,1.0,0.0,1.0,0.0,1.0,0.0,1.0,0.0,1.0,1.0,0.0,0.0,0.0,0.0,0.0
1682,0,,,79.17070165155795,86.0,0.6696118242163152,0.0,0.0,79.0,0,1.0,0,0.0,1,0.0,1,0.0,0.0,0,0,0,1,1,1,0.0,0.0,1.0,1.0,0.0,0.0,0.0,0.5789473684210527,0.0,1.0,0.0,1.0,0.0,1.0,1.0,0.0,5.0,0.0,1.0,0.0,0.0,0.0,0.0,0.0
590,1,590.0,590.0,0.0,0.0,1.0,0.0,0.0,0.0,1,0.0,1,0.0,1,0.0,1,0.0,0.0,0,0,1,1,1,1,0.0,0.0,1.0,1.0,0.0,0.0,0.0,0.8421052631578947,0.0,1.0,0.0,1.0,0.0,1.0,0.0,1.0,0.0,1.0,1.0,0.0,0.0,0.0,0.0,0.0
1249,0,,,17.832554500127006,28.0,0.8226354251502086,0.0,0.0,2.0,0,1.0,0,0.0,1,4.0,0,0.0,0.0,0,0,1,1,1,1,0.0,0.0,1.0,1.0,0.0,0.0,0.0,0.5263157894736842,17.0,0.0,2.0,0.0,0.0,1.0,0.0,1.0,2.0,0.0,1.0,0.0,0.0,0.0,0.0,0.0
528,1,528.0,528.0,0.0,0.0,1.0,0.0,0.0,0.0,1,0.0,1,0.0,1,0.0,1,0.0,0.0,0,0,1,1,1,1,0.0,0.0,1.0,1.0,0.0,0.0,0.0,0.8421052631578947,0.0,1.0,0.0,1.0,0.0,1.0,0.0,1.0,0.0,1.0,1.0,0.0,0.0,0.0,0.0,0.0
1162,0,,,38.27531841800928,67.0,0.7078318308301165,0.0,0.0,0.0,1,1.0,0,0.0,1,1.0,0,0.0,0.0,0,0,1,1,1,1,0.0,0.0,1.0,1.0,0.0,0.0,0.0,0.5263157894736842,13.0,0.0,6.0,0.0,33.0,0.0,0.0,1.0,13.0,0.0,1.0,0.0,0.0,0.0,0.0,0.0
1659,0,,,20.174241001832016,25.0,0.8737358179005439,0.0,0.0,1.0,0,2.0,0,0.0,1,1.0,0,0.0,0.0,0,0,0,1,1,1,0.0,0.0,1.0,1.0,0.0,0.0,0.0,0.5263157894736842,0.0,1.0,0.0,1.0,20.0,0.0,0.0,1.0,1.0,0.0,1.0,0.0,0.0,0.0,0.0,0.0
977,1,977.0,977.0,0.0,0.0,1.0,0.0,0.0,0.0,1,0.0,1,0.0,1,0.0,1,0.0,0.0,0,0,1,1,1,1,0.0,0.0,1.0,1.0,0.0,0.0,0.0,0.8421052631578947,0.0,1.0,0.0,1.0,0.0,1.0,0.0,1.0,0.0,1.0,1.0,0.0,0.0,0.0,0.0,0.0
1002,0,,,42.01190307520001,53.0,0.9997836094876257,0.0,1.0,41.0,0,9.0,0,0.0,1,1.0,0,1.0,0.0,0,0,0,1,1,1,1.0,1.0,0.0,1.0,1.0,1.0,1.0,0.5789473684210527,0.0,0.0,0.0,0.0,0.0,0.0,0.0,0.0,0.0,0.0,0.0,1.0,0.0,0.0,0.0,0.0
300,1,300.0,300.0,0.0,0.0,1.0,0.0,0.0,0.0,1,0.0,1,0.0,1,0.0,1,0.0,0.0,0,0,1,1,1,1,0.0,0.0,1.0,1.0,0.0,0.0,0.0,0.8421052631578947,0.0,1.0,0.0,1.0,0.0,1.0,0.0,1.0,0.0,1.0,1.0,0.0,0.0,0.0,0.0,0.0
609,1,609.0,609.0,0.0,0.0,1.0,0.0,0.0,0.0,1,0.0,1,0.0,1,0.0,1,0.0,0.0,0,0,1,1,1,1,0.0,0.0,1.0,1.0,0.0,0.0,0.0,0.8421052631578947,0.0,1.0,0.0,1.0,0.0,1.0,0.0,1.0,0.0,1.0,1.0,0.0,0.0,0.0,0.0,0.0
1673,0,,,60.149812967290266,68.0,0.7252507219971099,0.0,0.0,60.0,0,2.0,0,0.0,1,3.0,0,0.0,0.0,0,0,1,1,1,1,0.0,0.0,1.0,1.0,0.0,0.0,0.0,0.5789473684210527,0.0,1.0,0.0,1.0,0.0,1.0,2.0,0.0,1.0,0.0,1.0,0.0,0.0,0.0,0.0,0.0
997,1,997.0,997.0,0.0,0.0,1.0,0.0,0.0,0.0,1,0.0,1,0.0,1,0.0,1,0.0,0.0,0,0,1,1,1,1,0.0,0.0,1.0,1.0,0.0,0.0,0.0,0.8421052631578947,0.0,1.0,0.0,1.0,0.0,1.0,0.0,1.0,0.0,1.0,1.0,0.0,0.0,0.0,0.0,0.0
980,1,980.0,980.0,0.0,0.0,1.0,0.0,0.0,0.0,1,0.0,1,0.0,1,0.0,1,0.0,0.0,0,0,1,1,1,1,0.0,0.0,1.0,1.0,0.0,0.0,0.0,0.8421052631578947,0.0,1.0,0.0,1.0,0.0,1.0,0.0,1.0,0.0,1.0,1.0,0.0,0.0,0.0,0.0,0.0
993,1,993.0,993.0,0.0,0.0,1.0,0.0,0.0,0.0,1,0.0,1,0.0,1,0.0,1,0.0,0.0,0,0,1,1,1,1,0.0,0.0,1.0,1.0,0.0,0.0,0.0,0.8421052631578947,0.0,1.0,0.0,1.0,0.0,1.0,0.0,1.0,0.0,1.0,1.0,0.0,0.0,0.0,0.0,0.0
532,1,532.0,532.0,0.0,0.0,1.0,0.0,0.0,0.0,1,0.0,1,0.0,1,0.0,1,0.0,1.0,0,0,1,1,1,1,1.0,1.0,0.0,1.0,1.0,1.0,1.0,0.8421052631578947,0.0,0.0,0.0,0.0,0.0,0.0,0.0,0.0,0.0,0.0,0.0,0.0,1.0,0.0,0.0,0.0
1456,0,,,2.449489742783178,4.0,0.9856912942335652,0.0,0.0,1.0,0,2.0,0,0.0,1,1.0,0,0.0,0.0,0,0,1,1,0,1,1.0,1.0,0.0,0.0,1.0,1.0,1.0,0.47368421052631576,0.0,0.0,0.0,0.0,0.0,0.0,0.0,0.0,0.0,0.0,0.0,0.0,0.0,0.0,0.0,0.0
149,1,149.0,149.0,0.0,0.0,1.0,0.0,1.0,0.0,1,0.0,1,0.0,1,0.0,1,0.0,0.0,0,0,1,1,1,1,0.0,0.0,1.0,1.0,0.0,0.0,0.0,0.8947368421052632,0.0,1.0,0.0,1.0,0.0,1.0,0.0,1.0,0.0,1.0,1.0,0.0,0.0,0.0,0.0,0.0
1705,0,,,21.95449840010015,36.0,0.9137579098973626,0.0,0.0,7.0,0,4.0,0,0.0,1,1.0,0,0.0,0.0,0,0,0,1,1,1,0.0,0.0,1.0,1.0,0.0,0.0,0.0,0.5263157894736842,0.0,1.0,0.0,1.0,20.0,0.0,0.0,1.0,4.0,0.0,1.0,0.0,0.0,0.0,0.0,0.0
1357,0,,,6.0,12.0,0.9975282331799057,0.0,0.0,1.0,0,1.0,0,0.0,1,1.0,0,0.0,0.0,0,0,0,1,1,1,0.0,0.0,1.0,1.0,0.0,0.0,0.0,0.47368421052631576,0.0,1.0,0.0,1.0,5.0,0.0,2.0,0.0,2.0,0.0,1.0,0.0,0.0,0.0,0.0,0.0
1921,0,,,11.40175425099138,24.0,0.9805384709523207,0.0,0.0,6.0,0,7.0,0,0.0,1,2.0,0,0.0,0.0,0,0,0,1,1,1,0.0,0.0,1.0,1.0,0.0,0.0,0.0,0.5263157894736842,0.0,1.0,0.0,1.0,5.0,0.0,0.0,1.0,4.0,0.0,1.0,0.0,0.0,0.0,0.0,0.0
750,1,750.0,750.0,0.0,0.0,1.0,0.0,0.0,0.0,1,0.0,1,0.0,1,0.0,1,0.0,1.0,0,0,1,1,1,1,1.0,1.0,0.0,1.0,1.0,1.0,1.0,0.8421052631578947,0.0,0.0,0.0,0.0,0.0,0.0,0.0,0.0,0.0,0.0,0.0,0.0,1.0,0.0,0.0,0.0
73,1,73.0,73.0,0.0,0.0,1.0,0.0,1.0,0.0,1,0.0,1,0.0,1,0.0,1,0.0,1.0,0,0,1,1,1,1,1.0,1.0,0.0,1.0,1.0,1.0,1.0,0.8947368421052632,0.0,0.0,0.0,0.0,0.0,0.0,0.0,0.0,0.0,0.0,0.0,0.0,1.0,0.0,0.0,0.0
811,1,811.0,811.0,0.0,0.0,1.0,0.0,0.0,0.0,1,0.0,1,0.0,1,0.0,1,0.0,0.0,0,0,1,1,1,1,1.0,1.0,1.0,0.0,1.0,1.0,1.0,0.8421052631578947,0.0,0.0,0.0,0.0,0.0,0.0,0.0,0.0,0.0,0.0,1.0,0.0,0.0,0.0,0.0,1.0
1932,0,,,10.908712114635714,17.0,0.9999855251435829,0.0,0.0,10.0,0,3.0,0,0.0,1,0.0,1,3.0,0.0,0,0,0,1,1,1,1.0,1.0,0.0,1.0,1.0,1.0,1.0,0.5789473684210527,0.0,0.0,0.0,0.0,0.0,0.0,0.0,0.0,0.0,0.0,0.0,1.0,0.0,0.0,0.0,0.0
412,1,412.0,412.0,0.0,0.0,1.0,0.0,0.0,0.0,1,0.0,1,0.0,1,0.0,1,0.0,0.0,0,0,1,1,1,1,0.0,0.0,1.0,1.0,0.0,0.0,0.0,0.8421052631578947,0.0,1.0,0.0,1.0,0.0,1.0,0.0,1.0,0.0,1.0,1.0,0.0,0.0,0.0,0.0,0.0
225,1,225.0,225.0,0.0,0.0,1.0,0.0,1.0,0.0,1,0.0,1,0.0,1,0.0,1,0.0,0.0,0,0,1,1,1,1,0.0,0.0,1.0,1.0,0.0,0.0,0.0,0.8947368421052632,0.0,1.0,0.0,1.0,0.0,1.0,0.0,1.0,0.0,1.0,1.0,0.0,0.0,0.0,0.0,0.0
122,1,122.0,122.0,0.0,0.0,1.0,0.0,1.0,0.0,1,0.0,1,0.0,1,0.0,1,0.0,0.0,0,0,1,1,1,1,0.0,0.0,1.0,1.0,0.0,0.0,0.0,0.8947368421052632,0.0,1.0,0.0,1.0,0.0,1.0,0.0,1.0,0.0,1.0,1.0,0.0,0.0,0.0,0.0,0.0
1430,0,,,61.0163912403872,73.0,0.667461915508178,1.0,0.0,60.0,0,11.0,0,0.0,1,0.0,1,1.0,0.0,0,0,0,1,1,1,1.0,1.0,0.0,1.0,1.0,1.0,1.0,0.5789473684210527,0.0,0.0,0.0,0.0,0.0,0.0,0.0,0.0,0.0,0.0,0.0,0.0,0.0,0.0,0.0,0.0
865,1,865.0,865.0,0.0,0.0,1.0,0.0,0.0,0.0,1,0.0,1,0.0,1,0.0,1,0.0,1.0,0,0,1,1,1,1,1.0,1.0,0.0,1.0,1.0,1.0,1.0,0.8421052631578947,0.0,0.0,0.0,0.0,0.0,0.0,0.0,0.0,0.0,0.0,0.0,0.0,1.0,0.0,0.0,0.0
1960,0,,,11.090536506409418,19.0,0.9871477194468203,0.0,0.0,9.0,0,2.0,0,0.0,1,1.0,0,0.0,0.0,0,0,0,1,1,1,0.0,0.0,1.0,1.0,0.0,0.0,0.0,0.5263157894736842,0.0,1.0,0.0,1.0,0.0,1.0,1.0,0.0,6.0,0.0,1.0,0.0,0.0,0.0,0.0,0.0
58,1,58.0,58.0,0.0,0.0,1.0,0.0,1.0,0.0,1,0.0,1,0.0,1,0.0,1,0.0,0.0,0,0,1,1,1,1,0.0,0.0,1.0,1.0,0.0,0.0,0.0,0.8947368421052632,0.0,1.0,0.0,1.0,0.0,1.0,0.0,1.0,0.0,1.0,1.0,0.0,0.0,0.0,0.0,0.0
1322,0,,,41.701318923986086,51.0,0.9778597672574318,0.0,0.0,41.0,0,7.0,0,0.0,1,3.0,0,0.0,0.0,0,0,0,1,1,1,0.0,0.0,1.0,1.0,0.0,0.0,0.0,0.631578947368421,0.0,1.0,0.0,1.0,0.0,1.0,0.0,1.0,0.0,1.0,1.0,0.0,0.0,0.0,0.0,0.0
302,1,302.0,302.0,0.0,0.0,1.0,0.0,1.0,0.0,1,0.0,1,0.0,1,0.0,1,0.0,0.0,0,0,1,1,1,1,0.0,0.0,1.0,1.0,0.0,0.0,0.0,0.8947368421052632,0.0,1.0,0.0,1.0,0.0,1.0,0.0,1.0,0.0,1.0,1.0,0.0,0.0,0.0,0.0,0.0
1631,0,,,25.199206336708304,49.0,0.9280190398602869,0.0,0.0,8.0,0,3.0,0,0.0,1,2.0,0,0.0,0.0,0,0,1,1,1,1,0.0,0.0,1.0,1.0,0.0,0.0,0.0,0.5263157894736842,0.0,1.0,0.0,1.0,15.0,0.0,3.0,0.0,18.0,0.0,1.0,0.0,0.0,0.0,0.0,0.0
1765,0,,,29.206163733020468,35.0,0.9947213239593705,0.0,0.0,29.0,0,1.0,0,0.0,1,3.0,0,0.0,0.0,0,0,1,1,1,1,0.0,0.0,1.0,1.0,0.0,0.0,0.0,0.5789473684210527,1.0,0.0,1.0,0.0,0.0,1.0,0.0,1.0,0.0,1.0,1.0,0.0,0.0,0.0,0.0,0.0
411,1,411.0,411.0,0.0,0.0,1.0,0.0,0.0,0.0,1,0.0,1,0.0,1,0.0,1,0.0,0.0,0,0,1,1,1,1,0.0,0.0,1.0,1.0,0.0,0.0,0.0,0.8421052631578947,0.0,1.0,0.0,1.0,0.0,1.0,0.0,1.0,0.0,1.0,1.0,0.0,0.0,0.0,0.0,0.0
287,1,287.0,287.0,0.0,0.0,1.0,0.0,1.0,0.0,1,0.0,1,0.0,1,0.0,1,0.0,0.0,0,0,1,1,1,1,0.0,0.0,1.0,1.0,0.0,0.0,0.0,0.8947368421052632,0.0,1.0,0.0,1.0,0.0,1.0,0.0,1.0,0.0,1.0,1.0,0.0,0.0,0.0,0.0,0.0
363,1,363.0,363.0,0.0,0.0,1.0,0.0,1.0,0.0,1,0.0,1,0.0,1,0.0,1,0.0,0.0,0,0,1,1,1,1,0.0,0.0,1.0,1.0,0.0,0.0,0.0,0.8947368421052632,0.0,1.0,0.0,1.0,0.0,1.0,0.0,1.0,0.0,1.0,1.0,0.0,0.0,0.0,0.0,0.0
1899,0,,,39.96248240537617,53.0,0.785954390771192,1.0,0.0,39.0,0,7.0,0,0.0,1,0.0,1,0.0,0.0,0,0,1,1,1,1,0.0,0.0,1.0,1.0,0.0,0.0,0.0,0.631578947368421,0.0,1.0,0.0,1.0,5.0,0.0,0.0,1.0,1.0,0.0,1.0,0.0,0.0,0.0,0.0,0.0
1340,0,,,7.0,15.0,0.9932760369363897,0.0,1.0,2.0,0,1.0,0,0.0,1,1.0,0,0.0,0.0,0,0,0,1,1,1,0.0,0.0,1.0,1.0,0.0,0.0,0.0,0.5263157894736842,3.0,0.0,3.0,0.0,5.0,0.0,0.0,1.0,0.0,1.0,1.0,0.0,0.0,0.0,0.0,0.0
352,1,352.0,352.0,0.0,0.0,1.0,0.0,1.0,0.0,1,0.0,1,0.0,1,0.0,1,0.0,0.0,0,0,1,1,1,1,0.0,0.0,1.0,1.0,0.0,0.0,0.0,0.8947368421052632,0.0,1.0,0.0,1.0,0.0,1.0,0.0,1.0,0.0,1.0,1.0,0.0,0.0,0.0,0.0,0.0
486,1,486.0,486.0,0.0,0.0,1.0,0.0,0.0,0.0,1,0.0,1,0.0,1,0.0,1,0.0,0.0,0,0,1,1,1,1,0.0,0.0,1.0,1.0,0.0,0.0,0.0,0.8421052631578947,0.0,1.0,0.0,1.0,0.0,1.0,0.0,1.0,0.0,1.0,1.0,0.0,0.0,0.0,0.0,0.0
278,1,278.0,278.0,0.0,0.0,1.0,0.0,0.0,0.0,1,0.0,1,0.0,1,0.0,1,0.0,1.0,0,0,1,1,1,1,1.0,1.0,1.0,1.0,1.0,1.0,1.0,0.8421052631578947,0.0,0.0,0.0,0.0,0.0,0.0,0.0,0.0,0.0,0.0,0.0,0.0,0.0,0.0,0.0,0.0
728,1,728.0,728.0,0.0,0.0,1.0,0.0,0.0,0.0,1,0.0,1,0.0,1,0.0,1,0.0,0.0,0,0,1,1,1,1,0.0,0.0,1.0,1.0,0.0,0.0,0.0,0.8421052631578947,0.0,1.0,0.0,1.0,0.0,1.0,0.0,1.0,0.0,1.0,1.0,0.0,0.0,0.0,0.0,0.0
394,1,394.0,394.0,0.0,0.0,1.0,0.0,1.0,0.0,1,0.0,1,0.0,1,0.0,1,0.0,0.0,0,0,1,1,1,1,0.0,0.0,1.0,1.0,0.0,0.0,0.0,0.8947368421052632,0.0,1.0,0.0,1.0,0.0,1.0,0.0,1.0,0.0,1.0,1.0,0.0,0.0,0.0,0.0,0.0
1919,0,,,22.891046284519195,38.0,0.9839002351440533,1.0,0.0,21.0,0,3.0,0,0.0,1,1.0,0,0.0,0.0,0,0,1,1,1,1,0.0,0.0,1.0,1.0,0.0,0.0,0.0,0.5789473684210527,6.0,0.0,6.0,0.0,0.0,1.0,0.0,1.0,0.0,1.0,1.0,0.0,0.0,0.0,0.0,0.0
1043,0,,,51.176166327695945,75.0,0.872049826757738,0.0,0.0,1.0,0,4.0,0,0.0,1,1.0,0,0.0,0.0,0,0,0,1,1,1,0.0,0.0,1.0,1.0,0.0,0.0,0.0,0.5263157894736842,0.0,1.0,0.0,1.0,45.0,0.0,0.0,1.0,24.0,0.0,1.0,0.0,0.0,0.0,0.0,0.0
1059,0,,,42.60281680828159,53.0,0.7858849859146347,0.0,1.0,42.0,0,5.0,0,0.0,1,1.0,0,0.0,0.0,0,0,0,1,1,1,0.0,0.0,1.0,1.0,0.0,0.0,0.0,0.631578947368421,0.0,1.0,0.0,1.0,0.0,1.0,0.0,1.0,5.0,0.0,1.0,0.0,0.0,0.0,0.0,0.0
782,1,782.0,782.0,0.0,0.0,1.0,0.0,0.0,0.0,1,0.0,1,0.0,1,0.0,1,0.0,0.0,0,0,1,1,1,1,0.0,0.0,1.0,1.0,0.0,0.0,0.0,0.8421052631578947,0.0,1.0,0.0,1.0,0.0,1.0,0.0,1.0,0.0,1.0,1.0,0.0,0.0,0.0,0.0,0.0
1922,0,,,31.464265445104548,62.0,0.8757633052837269,0.0,0.0,21.0,0,5.0,0,0.0,1,1.0,0,0.0,0.0,0,0,1,1,1,1,0.0,0.0,1.0,1.0,0.0,0.0,0.0,0.5263157894736842,0.0,1.0,0.0,1.0,15.0,0.0,3.0,0.0,17.0,0.0,1.0,0.0,0.0,0.0,0.0,0.0
1500,0,,,16.06237840420901,34.0,0.975925856216272,0.0,0.0,9.0,0,6.0,0,0.0,1,1.0,0,0.0,0.0,0,0,1,1,1,1,0.0,0.0,1.0,1.0,0.0,0.0,0.0,0.5263157894736842,0.0,1.0,0.0,1.0,10.0,0.0,2.0,0.0,6.0,0.0,1.0,0.0,0.0,0.0,0.0,0.0
154,1,154.0,154.0,0.0,0.0,1.0,0.0,0.0,0.0,1,0.0,1,0.0,1,0.0,1,0.0,0.0,0,0,1,1,1,1,0.0,0.0,1.0,1.0,0.0,0.0,0.0,0.8421052631578947,0.0,1.0,0.0,1.0,0.0,1.0,0.0,1.0,0.0,1.0,1.0,0.0,0.0,0.0,0.0,0.0
885,1,885.0,885.0,0.0,0.0,1.0,0.0,0.0,0.0,1,0.0,1,0.0,1,0.0,1,0.0,0.0,0,0,1,1,1,1,0.0,0.0,1.0,1.0,0.0,0.0,0.0,0.8421052631578947,0.0,1.0,0.0,1.0,0.0,1.0,0.0,1.0,0.0,1.0,1.0,0.0,0.0,0.0,0.0,0.0
234,1,234.0,234.0,0.0,0.0,1.0,0.0,0.0,0.0,1,0.0,1,0.0,1,0.0,1,0.0,0.0,0,0,1,1,1,1,0.0,0.0,1.0,1.0,0.0,0.0,0.0,0.8421052631578947,0.0,1.0,0.0,1.0,0.0,1.0,0.0,1.0,0.0,1.0,1.0,0.0,0.0,0.0,0.0,0.0
1417,0,,,60.58052492344384,76.0,0.6457874414195386,0.0,0.0,60.0,0,5.0,0,0.0,1,2.0,0,0.0,0.0,0,0,1,1,1,1,0.0,0.0,1.0,1.0,0.0,0.0,0.0,0.5789473684210527,0.0,1.0,0.0,1.0,5.0,0.0,0.0,1.0,4.0,0.0,1.0,0.0,0.0,0.0,0.0,0.0
1951,0,,,12.884098726725126,22.0,0.9638008205387556,0.0,0.0,10.0,0,7.0,0,0.0,1,0.0,1,0.0,0.0,0,0,0,1,1,1,0.0,0.0,1.0,1.0,0.0,0.0,0.0,0.5789473684210527,0.0,1.0,0.0,1.0,0.0,1.0,1.0,0.0,4.0,0.0,1.0,0.0,0.0,0.0,0.0,0.0
1824,0,,,9.38083151964686,16.0,0.9954298399485026,0.0,0.0,8.0,0,4.0,0,0.0,1,0.0,1,0.0,0.0,0,0,0,1,1,1,0.0,0.0,1.0,1.0,0.0,0.0,0.0,0.5789473684210527,0.0,1.0,0.0,1.0,0.0,1.0,2.0,0.0,2.0,0.0,1.0,0.0,0.0,0.0,0.0,0.0
936,1,936.0,936.0,0.0,0.0,1.0,0.0,0.0,0.0,1,0.0,1,0.0,1,0.0,1,0.0,0.0,0,0,1,1,1,1,0.0,0.0,1.0,1.0,0.0,0.0,0.0,0.8421052631578947,0.0,1.0,0.0,1.0,0.0,1.0,0.0,1.0,0.0,1.0,1.0,0.0,0.0,0.0,0.0,0.0
506,1,506.0,506.0,0.0,0.0,1.0,0.0,0.0,0.0,1,0.0,1,0.0,1,0.0,1,0.0,0.0,0,0,1,1,1,1,0.0,0.0,1.0,1.0,0.0,0.0,0.0,0.8421052631578947,0.0,1.0,0.0,1.0,0.0,1.0,0.0,1.0,0.0,1.0,1.0,0.0,0.0,0.0,0.0,0.0
134,1,134.0,134.0,0.0,0.0,1.0,0.0,1.0,0.0,1,0.0,1,0.0,1,0.0,1,0.0,0.0,0,0,1,1,1,1,0.0,0.0,1.0,1.0,0.0,0.0,0.0,0.8947368421052632,0.0,1.0,0.0,1.0,0.0,1.0,0.0,1.0,0.0,1.0,1.0,0.0,0.0,0.0,0.0,0.0
1675,0,,,18.411952639521967,37.0,0.971475289100578,0.0,0.0,1.0,0,6.0,0,0.0,1,0.0,1,0.0,0.0,0,0,0,1,1,1,0.0,0.0,1.0,1.0,0.0,0.0,0.0,0.5263157894736842,9.0,0.0,11.0,0.0,10.0,0.0,0.0,1.0,0.0,1.0,1.0,0.0,0.0,0.0,0.0,0.0
1493,0,,,8.306623862918075,17.0,0.9880515500503666,1.0,0.0,1.0,0,4.0,0,0.0,1,1.0,0,0.0,0.0,0,0,0,1,1,1,0.0,0.0,1.0,1.0,0.0,0.0,0.0,0.5263157894736842,5.0,0.0,5.0,0.0,0.0,1.0,0.0,1.0,0.0,1.0,1.0,0.0,0.0,0.0,0.0,0.0
1287,0,,,17.52141546793523,25.0,0.993601812207963,0.0,0.0,17.0,0,3.0,0,0.0,1,0.0,1,0.0,0.0,0,0,1,1,1,1,0.0,0.0,1.0,1.0,0.0,0.0,0.0,0.5789473684210527,2.0,0.0,2.0,0.0,0.0,1.0,0.0,1.0,1.0,0.0,1.0,0.0,0.0,0.0,0.0,0.0
155,1,155.0,155.0,0.0,0.0,1.0,0.0,1.0,0.0,1,0.0,1,0.0,1,0.0,1,0.0,0.0,0,0,1,1,1,1,0.0,0.0,1.0,1.0,0.0,0.0,0.0,0.8947368421052632,0.0,1.0,0.0,1.0,0.0,1.0,0.0,1.0,0.0,1.0,1.0,0.0,0.0,0.0,0.0,0.0
767,1,767.0,767.0,0.0,0.0,1.0,0.0,1.0,0.0,1,0.0,1,0.0,1,0.0,1,0.0,0.0,0,0,1,1,1,1,0.0,0.0,1.0,1.0,0.0,0.0,0.0,0.8947368421052632,0.0,1.0,0.0,1.0,0.0,1.0,0.0,1.0,0.0,1.0,1.0,0.0,0.0,0.0,0.0,0.0
1935,0,,,30.479501308256342,39.0,0.9901450291277313,0.0,0.0,30.0,0,3.0,0,0.0,1,0.0,1,0.0,0.0,0,0,0,1,1,1,0.0,0.0,1.0,1.0,0.0,0.0,0.0,0.5789473684210527,0.0,1.0,0.0,1.0,0.0,1.0,4.0,0.0,2.0,0.0,1.0,0.0,0.0,0.0,0.0,0.0
857,1,857.0,857.0,0.0,0.0,1.0,0.0,0.0,0.0,1,0.0,1,0.0,1,0.0,1,0.0,0.0,0,0,1,1,1,1,0.0,0.0,1.0,1.0,0.0,0.0,0.0,0.8421052631578947,0.0,1.0,0.0,1.0,0.0,1.0,0.0,1.0,0.0,1.0,1.0,0.0,0.0,0.0,0.0,0.0
1383,0,,,33.67491648096547,52.0,0.9803097778101286,1.0,0.0,0.0,1,6.0,0,0.0,1,1.0,0,0.0,0.0,0,0,0,1,1,1,0.0,0.0,1.0,1.0,0.0,0.0,0.0,0.5789473684210527,0.0,1.0,0.0,1.0,30.0,0.0,0.0,1.0,14.0,0.0,1.0,0.0,0.0,0.0,0.0,0.0
1513,0,,,11.916375287812984,22.0,0.992028815777501,0.0,0.0,10.0,0,3.0,0,0.0,1,2.0,0,0.0,0.0,0,0,0,1,1,1,0.0,0.0,1.0,1.0,0.0,0.0,0.0,0.5263157894736842,0.0,1.0,0.0,1.0,5.0,0.0,0.0,1.0,2.0,0.0,1.0,0.0,0.0,0.0,0.0,0.0
1407,0,,,29.376861643136763,37.0,0.8574234088144084,0.0,0.0,29.0,0,2.0,0,0.0,1,1.0,0,0.0,0.0,0,0,0,1,1,1,0.0,0.0,1.0,1.0,0.0,0.0,0.0,0.5263157894736842,0.0,1.0,0.0,1.0,0.0,1.0,4.0,0.0,1.0,0.0,1.0,0.0,0.0,0.0,0.0,0.0
1380,0,,,81.32035415564789,91.0,0.9991904970451719,1.0,0.0,81.0,0,7.0,0,0.0,1,0.0,1,1.0,0.0,0,0,0,1,1,1,1.0,1.0,0.0,1.0,1.0,1.0,1.0,0.5789473684210527,0.0,0.0,0.0,0.0,0.0,0.0,0.0,0.0,0.0,0.0,0.0,1.0,0.0,0.0,0.0,0.0
1911,0,,,91.19758768739445,111.0,0.9262851556567618,0.0,0.0,0.0,1,2.0,0,0.0,1,1.0,0,0.0,0.0,0,0,1,1,1,1,0.0,0.0,1.0,1.0,0.0,0.0,0.0,0.5789473684210527,0.0,1.0,0.0,1.0,90.0,0.0,4.0,0.0,14.0,0.0,1.0,0.0,0.0,0.0,0.0,0.0
1334,0,,,14.933184523068078,29.0,0.9387771258840734,0.0,0.0,12.0,0,5.0,0,0.0,1,2.0,0,0.0,0.0,0,0,1,1,1,1,0.0,0.0,1.0,1.0,0.0,0.0,0.0,0.5789473684210527,0.0,1.0,0.0,1.0,5.0,0.0,5.0,0.0,0.0,1.0,1.0,0.0,0.0,0.0,0.0,0.0
628,1,628.0,628.0,0.0,0.0,1.0,0.0,0.0,0.0,1,0.0,1,0.0,1,0.0,1,0.0,0.0,0,0,1,1,1,1,0.0,0.0,1.0,1.0,0.0,0.0,0.0,0.8421052631578947,0.0,1.0,0.0,1.0,0.0,1.0,0.0,1.0,0.0,1.0,1.0,0.0,0.0,0.0,0.0,0.0
818,1,818.0,818.0,0.0,0.0,1.0,0.0,0.0,0.0,1,0.0,1,0.0,1,0.0,1,0.0,0.0,0,0,1,1,1,1,0.0,0.0,1.0,1.0,0.0,0.0,0.0,0.8421052631578947,0.0,1.0,0.0,1.0,0.0,1.0,0.0,1.0,0.0,1.0,1.0,0.0,0.0,0.0,0.0,0.0
1910,0,,,28.19574435974337,33.0,0.9914587529441369,0.0,0.0,28.0,0,3.0,0,0.0,1,1.0,0,1.0,0.0,0,0,0,1,1,1,1.0,1.0,0.0,1.0,1.0,1.0,1.0,0.5263157894736842,0.0,0.0,0.0,0.0,0.0,0.0,0.0,0.0,0.0,0.0,0.0,0.0,0.0,0.0,0.0,0.0
1017,0,,,21.236760581595302,35.0,0.829105212910397,0.0,0.0,19.0,0,6.0,0,0.0,1,2.0,0,0.0,0.0,0,0,1,1,1,1,0.0,0.0,1.0,1.0,0.0,0.0,0.0,0.5789473684210527,0.0,1.0,0.0,1.0,7.0,0.0,0.0,1.0,1.0,0.0,1.0,0.0,0.0,0.0,0.0,0.0
322,1,322.0,322.0,0.0,0.0,1.0,0.0,1.0,0.0,1,0.0,1,0.0,1,0.0,1,0.0,0.0,0,0,1,1,1,1,0.0,0.0,1.0,1.0,0.0,0.0,0.0,0.8947368421052632,0.0,1.0,0.0,1.0,0.0,1.0,0.0,1.0,0.0,1.0,1.0,0.0,0.0,0.0,0.0,0.0
616,1,616.0,616.0,0.0,0.0,1.0,0.0,0.0,0.0,1,0.0,1,0.0,1,0.0,1,0.0,0.0,0,0,1,1,1,1,0.0,0.0,1.0,1.0,0.0,0.0,0.0,0.8421052631578947,0.0,1.0,0.0,1.0,0.0,1.0,0.0,1.0,0.0,1.0,1.0,0.0,0.0,0.0,0.0,0.0
59,1,59.0,59.0,0.0,0.0,1.0,0.0,1.0,0.0,1,0.0,1,0.0,1,0.0,1,0.0,1.0,0,0,1,1,1,1,1.0,1.0,0.0,1.0,1.0,1.0,1.0,0.8947368421052632,0.0,0.0,0.0,0.0,0.0,0.0,0.0,0.0,0.0,0.0,0.0,0.0,1.0,0.0,0.0,0.0
1764,0,,,21.142374511865974,25.0,0.9699068551972162,0.0,0.0,21.0,0,2.0,0,0.0,1,0.0,1,0.0,0.0,0,0,0,1,1,1,0.0,0.0,1.0,1.0,0.0,0.0,0.0,0.5789473684210527,1.0,0.0,1.0,0.0,0.0,1.0,0.0,1.0,0.0,1.0,1.0,0.0,0.0,0.0,0.0,0.0
819,1,819.0,819.0,0.0,0.0,1.0,0.0,0.0,0.0,1,0.0,1,0.0,1,0.0,1,0.0,0.0,0,0,1,1,1,1,0.0,0.0,1.0,1.0,0.0,0.0,0.0,0.8421052631578947,0.0,1.0,0.0,1.0,0.0,1.0,0.0,1.0,0.0,1.0,1.0,0.0,0.0,0.0,0.0,0.0
184,1,184.0,184.0,0.0,0.0,1.0,0.0,0.0,0.0,1,0.0,1,0.0,1,0.0,1,0.0,0.0,0,0,1,1,1,1,0.0,0.0,1.0,1.0,0.0,0.0,0.0,0.8421052631578947,0.0,1.0,0.0,1.0,0.0,1.0,0.0,1.0,0.0,1.0,1.0,0.0,0.0,0.0,0.0,0.0
1119,0,,,22.360679774997898,34.0,0.8711593153833702,0.0,0.0,21.0,0,5.0,0,0.0,1,3.0,0,5.0,0.0,0,0,1,1,1,1,1.0,1.0,0.0,1.0,1.0,1.0,1.0,0.5789473684210527,0.0,0.0,0.0,0.0,0.0,0.0,0.0,0.0,0.0,0.0,0.0,0.0,0.0,0.0,0.0,0.0
718,1,718.0,718.0,0.0,0.0,1.0,0.0,0.0,0.0,1,0.0,1,0.0,1,0.0,1,0.0,0.0,0,0,1,1,1,1,0.0,0.0,1.0,1.0,0.0,0.0,0.0,0.8421052631578947,0.0,1.0,0.0,1.0,0.0,1.0,0.0,1.0,0.0,1.0,1.0,0.0,0.0,0.0,0.0,0.0
1235,0,,,39.4715087119811,50.0,0.9320152993451845,0.0,0.0,39.0,0,1.0,0,0.0,1,2.0,0,0.0,0.0,0,0,1,1,1,1,0.0,0.0,1.0,1.0,0.0,0.0,0.0,0.5789473684210527,4.0,0.0,4.0,0.0,0.0,1.0,0.0,1.0,0.0,1.0,1.0,0.0,0.0,0.0,0.0,0.0
439,1,439.0,439.0,0.0,0.0,1.0,0.0,0.0,0.0,1,0.0,1,0.0,1,0.0,1,0.0,0.0,0,0,1,1,1,1,0.0,0.0,1.0,1.0,0.0,0.0,0.0,0.8421052631578947,0.0,1.0,0.0,1.0,0.0,1.0,0.0,1.0,0.0,1.0,1.0,0.0,0.0,0.0,0.0,0.0
433,1,433.0,433.0,0.0,0.0,1.0,0.0,0.0,0.0,1,0.0,1,0.0,1,0.0,1,0.0,0.0,0,0,1,1,1,1,0.0,0.0,1.0,1.0,0.0,0.0,0.0,0.8421052631578947,0.0,1.0,0.0,1.0,0.0,1.0,0.0,1.0,0.0,1.0,1.0,0.0,0.0,0.0,0.0,0.0
1255,0,,,10.583005244258363,16.0,0.9603686820825146,0.0,0.0,10.0,0,3.0,0,0.0,1,1.0,0,0.0,0.0,0,0,0,1,1,1,0.0,0.0,1.0,1.0,0.0,0.0,0.0,0.5263157894736842,0.0,1.0,0.0,1.0,0.0,1.0,1.0,0.0,1.0,0.0,1.0,0.0,0.0,0.0,0.0,0.0
342,1,342.0,342.0,0.0,0.0,1.0,0.0,1.0,0.0,1,0.0,1,0.0,1,0.0,1,0.0,0.0,0,0,1,1,1,1,0.0,0.0,1.0,1.0,0.0,0.0,0.0,0.8947368421052632,0.0,1.0,0.0,1.0,0.0,1.0,0.0,1.0,0.0,1.0,1.0,0.0,0.0,0.0,0.0,0.0
470,1,470.0,470.0,0.0,0.0,1.0,0.0,0.0,0.0,1,0.0,1,0.0,1,0.0,1,0.0,0.0,0,0,1,1,1,1,0.0,0.0,1.0,1.0,0.0,0.0,0.0,0.8421052631578947,0.0,1.0,0.0,1.0,0.0,1.0,0.0,1.0,0.0,1.0,1.0,0.0,0.0,0.0,0.0,0.0
760,1,760.0,760.0,0.0,0.0,1.0,0.0,0.0,0.0,1,0.0,1,0.0,1,0.0,1,0.0,0.0,0,0,1,1,1,1,0.0,0.0,1.0,1.0,0.0,0.0,0.0,0.8421052631578947,0.0,1.0,0.0,1.0,0.0,1.0,0.0,1.0,0.0,1.0,1.0,0.0,0.0,0.0,0.0,0.0
1745,0,,,20.12461179749811,29.0,0.9999506379743184,0.0,0.0,19.0,0,6.0,0,0.0,1,0.0,1,2.0,0.0,0,0,0,1,1,1,1.0,1.0,0.0,1.0,1.0,1.0,1.0,0.5789473684210527,0.0,0.0,0.0,0.0,0.0,0.0,0.0,0.0,0.0,0.0,0.0,2.0,0.0,0.0,0.0,0.0
1827,0,,,51.94227565288221,70.0,0.9298823845746326,0.0,0.0,49.0,0,2.0,0,0.0,1,0.0,1,0.0,0.0,0,0,0,1,1,1,0.0,0.0,1.0,1.0,0.0,0.0,0.0,0.5789473684210527,17.0,0.0,2.0,0.0,0.0,1.0,0.0,1.0,0.0,1.0,1.0,0.0,0.0,0.0,0.0,0.0
1866,0,,,13.45362404707371,23.0,0.9934360404905531,0.0,0.0,10.0,0,4.0,0,0.0,1,0.0,1,0.0,0.0,0,0,0,1,1,1,0.0,0.0,1.0,1.0,0.0,0.0,0.0,0.5789473684210527,0.0,1.0,0.0,1.0,0.0,1.0,1.0,0.0,8.0,0.0,1.0,0.0,0.0,0.0,0.0,0.0
1792,0,,,13.30413469565007,23.0,0.9834432996586836,0.0,0.0,10.0,0,8.0,0,0.0,1,0.0,1,0.0,0.0,0,0,0,1,1,1,0.0,0.0,1.0,1.0,0.0,0.0,0.0,0.5789473684210527,2.0,0.0,3.0,0.0,0.0,1.0,0.0,1.0,0.0,1.0,1.0,0.0,0.0,0.0,0.0,0.0
510,1,510.0,510.0,0.0,0.0,1.0,0.0,0.0,0.0,1,0.0,1,0.0,1,0.0,1,0.0,0.0,0,0,1,1,1,1,0.0,0.0,1.0,1.0,0.0,0.0,0.0,0.8421052631578947,0.0,1.0,0.0,1.0,0.0,1.0,0.0,1.0,0.0,1.0,1.0,0.0,0.0,0.0,0.0,0.0
1068,0,,,11.445523142259598,19.0,0.9008368137260598,0.0,1.0,0.0,1,1.0,0,0.0,1,1.0,0,0.0,0.0,0,0,0,1,1,1,0.0,0.0,1.0,1.0,0.0,0.0,0.0,0.5789473684210527,8.0,0.0,8.0,0.0,0.0,1.0,1.0,0.0,0.0,1.0,1.0,0.0,0.0,0.0,0.0,0.0
964,1,964.0,964.0,0.0,0.0,1.0,0.0,0.0,0.0,1,0.0,1,0.0,1,0.0,1,0.0,0.0,0,0,1,1,1,1,0.0,0.0,1.0,1.0,0.0,0.0,0.0,0.8421052631578947,0.0,1.0,0.0,1.0,0.0,1.0,0.0,1.0,0.0,1.0,1.0,0.0,0.0,0.0,0.0,0.0
1185,0,,,59.65735495309862,75.0,0.8658838159278323,0.0,0.0,59.0,0,1.0,0,0.0,1,1.0,0,0.0,0.0,0,0,1,1,1,1,0.0,0.0,1.0,1.0,0.0,0.0,0.0,0.5263157894736842,6.0,0.0,6.0,0.0,0.0,1.0,0.0,1.0,2.0,0.0,1.0,0.0,0.0,0.0,0.0,0.0
1139,0,,,12.609520212918492,25.0,0.9736382173935004,0.0,0.0,0.0,1,1.0,0,0.0,1,1.0,0,0.0,0.0,0,0,1,1,1,1,0.0,0.0,1.0,1.0,0.0,0.0,0.0,0.5263157894736842,4.0,0.0,4.0,0.0,10.0,0.0,0.0,1.0,5.0,0.0,1.0,0.0,0.0,0.0,0.0,0.0
385,1,385.0,385.0,0.0,0.0,1.0,0.0,1.0,0.0,1,0.0,1,0.0,1,0.0,1,0.0,0.0,0,0,1,1,1,1,0.0,0.0,1.0,1.0,0.0,0.0,0.0,0.8947368421052632,0.0,1.0,0.0,1.0,0.0,1.0,0.0,1.0,0.0,1.0,1.0,0.0,0.0,0.0,0.0,0.0
1514,0,,,30.757112998459398,44.0,0.9575367416729866,2.0,0.0,0.0,1,3.0,0,0.0,1,1.0,0,0.0,0.0,0,0,1,1,1,1,0.0,0.0,1.0,1.0,0.0,0.0,0.0,0.5789473684210527,0.0,1.0,0.0,1.0,30.0,0.0,4.0,0.0,4.0,0.0,1.0,0.0,0.0,0.0,0.0,0.0
1180,0,,,14.106735979665885,25.0,0.9886754947075083,0.0,0.0,1.0,0,4.0,0,0.0,1,1.0,0,0.0,0.0,0,0,0,1,1,1,0.0,0.0,1.0,1.0,0.0,0.0,0.0,0.5263157894736842,9.0,0.0,10.0,0.0,0.0,1.0,0.0,1.0,0.0,1.0,1.0,0.0,0.0,0.0,0.0,0.0
635,1,635.0,635.0,0.0,0.0,1.0,0.0,0.0,0.0,1,0.0,1,0.0,1,0.0,1,0.0,0.0,0,0,1,1,1,1,0.0,0.0,1.0,1.0,0.0,0.0,0.0,0.8421052631578947,0.0,1.0,0.0,1.0,0.0,1.0,0.0,1.0,0.0,1.0,1.0,0.0,0.0,0.0,0.0,0.0
1149,0,,,55.60575509783138,90.0,0.5865685279678142,0.0,0.0,11.0,0,2.0,0,0.0,1,1.0,0,0.0,0.0,0,0,1,1,1,1,0.0,0.0,1.0,1.0,0.0,0.0,0.0,0.5263157894736842,0.0,1.0,0.0,1.0,50.0,0.0,5.0,0.0,21.0,0.0,1.0,0.0,0.0,0.0,0.0,0.0
1464,0,,,10.0,18.0,0.9082506673349361,1.0,0.0,2.0,0,9.0,0,0.0,1,1.0,0,0.0,0.0,0,0,0,1,1,1,0.0,0.0,1.0,1.0,0.0,0.0,0.0,0.5263157894736842,0.0,1.0,0.0,1.0,0.0,1.0,2.0,0.0,3.0,0.0,1.0,0.0,0.0,0.0,0.0,0.0
1125,0,,,41.012193308819754,58.0,0.9968213848562454,0.0,0.0,38.0,0,2.0,0,0.0,1,0.0,1,0.0,0.0,0,0,0,1,1,1,0.0,0.0,1.0,1.0,0.0,0.0,0.0,0.5789473684210527,0.0,1.0,0.0,1.0,15.0,0.0,3.0,0.0,0.0,1.0,1.0,0.0,0.0,0.0,0.0,0.0
803,1,803.0,803.0,0.0,0.0,1.0,0.0,0.0,0.0,1,0.0,1,0.0,1,0.0,1,0.0,1.0,0,0,1,1,1,1,1.0,1.0,0.0,1.0,1.0,1.0,1.0,0.8421052631578947,0.0,0.0,0.0,0.0,0.0,0.0,0.0,0.0,0.0,0.0,0.0,0.0,1.0,0.0,0.0,0.0
54,1,54.0,54.0,0.0,0.0,1.0,0.0,1.0,0.0,1,0.0,1,0.0,1,0.0,1,0.0,0.0,0,0,1,1,1,1,0.0,0.0,1.0,1.0,0.0,0.0,0.0,0.8947368421052632,0.0,1.0,0.0,1.0,0.0,1.0,0.0,1.0,0.0,1.0,1.0,0.0,0.0,0.0,0.0,0.0
694,1,694.0,694.0,0.0,0.0,1.0,0.0,0.0,0.0,1,0.0,1,0.0,1,0.0,1,0.0,0.0,0,0,1,1,1,1,0.0,0.0,1.0,1.0,0.0,0.0,0.0,0.8421052631578947,0.0,1.0,0.0,1.0,0.0,1.0,0.0,1.0,0.0,1.0,1.0,0.0,0.0,0.0,0.0,0.0
802,1,802.0,802.0,0.0,0.0,1.0,0.0,0.0,0.0,1,0.0,1,0.0,1,0.0,1,0.0,0.0,0,0,1,1,1,1,0.0,0.0,1.0,1.0,0.0,0.0,0.0,0.8421052631578947,0.0,1.0,0.0,1.0,0.0,1.0,0.0,1.0,0.0,1.0,1.0,0.0,0.0,0.0,0.0,0.0
1281,0,,,7.681145747868608,15.0,0.9999928570789778,1.0,0.0,4.0,0,6.0,0,0.0,1,2.0,0,1.0,0.0,0,0,0,1,1,1,1.0,1.0,0.0,1.0,1.0,1.0,1.0,0.5263157894736842,0.0,0.0,0.0,0.0,0.0,0.0,0.0,0.0,0.0,0.0,0.0,1.0,0.0,0.0,0.0,0.0
1088,0,,,52.03844732503075,98.0,0.9239480730275099,1.0,0.0,29.0,0,8.0,0,0.0,1,1.0,0,0.0,0.0,0,0,0,1,1,1,0.0,0.0,1.0,1.0,0.0,0.0,0.0,0.5263157894736842,0.0,1.0,0.0,1.0,35.0,0.0,0.0,1.0,24.0,0.0,1.0,0.0,0.0,0.0,0.0,0.0
99,1,99.0,99.0,0.0,0.0,1.0,0.0,1.0,0.0,1,0.0,1,0.0,1,0.0,1,0.0,0.0,0,0,1,1,1,1,0.0,0.0,1.0,1.0,0.0,0.0,0.0,0.8947368421052632,0.0,1.0,0.0,1.0,0.0,1.0,0.0,1.0,0.0,1.0,1.0,0.0,0.0,0.0,0.0,0.0
304,1,304.0,304.0,0.0,0.0,1.0,0.0,1.0,0.0,1,0.0,1,0.0,1,0.0,1,0.0,0.0,0,0,1,1,1,1,0.0,0.0,1.0,1.0,0.0,0.0,0.0,0.8947368421052632,0.0,1.0,0.0,1.0,0.0,1.0,0.0,1.0,0.0,1.0,1.0,0.0,0.0,0.0,0.0,0.0
657,1,657.0,657.0,0.0,0.0,1.0,0.0,0.0,0.0,1,0.0,1,0.0,1,0.0,1,0.0,0.0,0,0,1,1,1,1,0.0,0.0,1.0,1.0,0.0,0.0,0.0,0.8421052631578947,0.0,1.0,0.0,1.0,0.0,1.0,0.0,1.0,0.0,1.0,1.0,0.0,0.0,0.0,0.0,0.0
1174,0,,,7.14142842854285,15.0,0.9934010629828015,0.0,0.0,0.0,1,4.0,0,0.0,1,1.0,0,0.0,0.0,0,0,1,1,1,1,0.0,0.0,1.0,1.0,0.0,0.0,0.0,0.5789473684210527,3.0,0.0,3.0,0.0,0.0,1.0,4.0,0.0,0.0,1.0,1.0,0.0,0.0,0.0,0.0,0.0
1015,0,,,13.564659966250536,22.0,0.9949325540168518,0.0,0.0,9.0,0,1.0,0,0.0,1,1.0,0,0.0,0.0,0,0,0,1,1,1,0.0,0.0,1.0,1.0,0.0,0.0,0.0,0.5263157894736842,0.0,1.0,0.0,1.0,10.0,0.0,0.0,1.0,1.0,0.0,1.0,0.0,0.0,0.0,0.0,0.0
620,1,620.0,620.0,0.0,0.0,1.0,0.0,0.0,0.0,1,0.0,1,0.0,1,0.0,1,0.0,0.0,0,0,1,1,1,1,0.0,0.0,1.0,1.0,0.0,0.0,0.0,0.8421052631578947,0.0,1.0,0.0,1.0,0.0,1.0,0.0,1.0,0.0,1.0,1.0,0.0,0.0,0.0,0.0,0.0
1142,0,,,61.155539405682624,92.0,0.9297575537541235,0.0,0.0,50.0,0,2.0,0,0.0,1,1.0,0,0.0,0.0,0,0,1,1,1,1,0.0,0.0,1.0,1.0,0.0,0.0,0.0,0.5263157894736842,0.0,1.0,0.0,1.0,35.0,0.0,1.0,0.0,3.0,0.0,1.0,0.0,0.0,0.0,0.0,0.0
420,1,420.0,420.0,0.0,0.0,1.0,0.0,0.0,0.0,1,0.0,1,0.0,1,0.0,1,0.0,0.0,0,0,1,1,1,1,0.0,0.0,1.0,1.0,0.0,0.0,0.0,0.8421052631578947,0.0,1.0,0.0,1.0,0.0,1.0,0.0,1.0,0.0,1.0,1.0,0.0,0.0,0.0,0.0,0.0
314,1,314.0,314.0,0.0,0.0,1.0,0.0,1.0,0.0,1,0.0,1,0.0,1,0.0,1,0.0,1.0,0,0,1,1,1,1,1.0,1.0,0.0,1.0,1.0,1.0,1.0,0.8947368421052632,0.0,0.0,0.0,0.0,0.0,0.0,0.0,0.0,0.0,0.0,0.0,0.0,1.0,0.0,0.0,0.0
186,1,186.0,186.0,0.0,0.0,1.0,0.0,1.0,0.0,1,0.0,1,0.0,1,0.0,1,0.0,0.0,0,0,1,1,1,1,0.0,0.0,1.0,1.0,0.0,0.0,0.0,0.8947368421052632,0.0,1.0,0.0,1.0,0.0,1.0,0.0,1.0,0.0,1.0,1.0,0.0,0.0,0.0,0.0,0.0
1606,0,,,25.179356624028344,40.0,0.8399158452377185,0.0,0.0,20.0,0,2.0,0,0.0,1,1.0,0,0.0,0.0,0,0,0,1,1,1,0.0,0.0,1.0,1.0,0.0,0.0,0.0,0.5263157894736842,0.0,1.0,0.0,1.0,15.0,0.0,0.0,1.0,2.0,0.0,1.0,0.0,0.0,0.0,0.0,0.0
1630,0,,,29.0516780926679,32.0,0.9828574778351009,0.0,0.0,29.0,0,1.0,0,0.0,1,0.0,1,0.0,0.0,0,0,0,1,1,1,0.0,0.0,1.0,1.0,0.0,0.0,0.0,0.5789473684210527,1.0,0.0,1.0,0.0,0.0,1.0,0.0,1.0,0.0,1.0,1.0,0.0,0.0,0.0,0.0,0.0
1254,0,,,37.48332962798263,61.0,0.7948378916687775,0.0,0.0,9.0,0,3.0,0,0.0,1,1.0,0,0.0,0.0,0,0,1,1,1,1,0.0,0.0,1.0,1.0,0.0,0.0,0.0,0.5263157894736842,0.0,1.0,0.0,1.0,35.0,0.0,5.0,0.0,8.0,0.0,1.0,0.0,0.0,0.0,0.0,0.0
1414,0,,,42.60281680828159,53.0,0.7281406634608152,0.0,1.0,42.0,0,0.0,1,0.0,1,1.0,0,0.0,0.0,0,0,0,1,1,1,0.0,0.0,1.0,1.0,0.0,0.0,0.0,0.631578947368421,5.0,0.0,5.0,0.0,0.0,1.0,0.0,1.0,0.0,1.0,1.0,0.0,0.0,0.0,0.0,0.0
1483,0,,,11.704699910719626,19.0,0.997845710162448,0.0,0.0,11.0,0,2.0,0,0.0,1,0.0,1,0.0,0.0,0,0,1,1,1,1,0.0,0.0,1.0,1.0,0.0,0.0,0.0,0.5789473684210527,2.0,0.0,2.0,0.0,0.0,1.0,2.0,0.0,0.0,1.0,1.0,0.0,0.0,0.0,0.0,0.0
1658,0,,,5.656854249492381,10.0,0.980619387266067,1.0,0.0,2.0,0,0.0,1,0.0,1,1.0,0,0.0,0.0,0,0,0,1,1,1,0.0,0.0,1.0,1.0,0.0,0.0,0.0,0.5789473684210527,0.0,1.0,0.0,1.0,0.0,1.0,5.0,0.0,1.0,0.0,1.0,0.0,0.0,0.0,0.0,0.0
874,1,874.0,874.0,0.0,0.0,1.0,0.0,0.0,0.0,1,0.0,1,0.0,1,0.0,1,0.0,0.0,0,0,1,1,1,1,0.0,0.0,1.0,1.0,0.0,0.0,0.0,0.8421052631578947,0.0,1.0,0.0,1.0,0.0,1.0,0.0,1.0,0.0,1.0,1.0,0.0,0.0,0.0,0.0,0.0
1986,0,,,93.29523031752481,104.0,0.998932003813698,0.0,0.0,1.0,0,7.0,0,0.0,1,2.0,0,93.0,0.0,0,0,0,1,1,1,1.0,1.0,0.0,1.0,1.0,1.0,1.0,0.5263157894736842,0.0,0.0,0.0,0.0,0.0,0.0,0.0,0.0,0.0,0.0,0.0,1.0,0.0,0.0,0.0,0.0
702,1,702.0,702.0,0.0,0.0,1.0,0.0,1.0,0.0,1,0.0,1,0.0,1,0.0,1,0.0,0.0,0,0,1,1,1,1,0.0,0.0,1.0,1.0,0.0,0.0,0.0,0.8947368421052632,0.0,1.0,0.0,1.0,0.0,1.0,0.0,1.0,0.0,1.0,1.0,0.0,0.0,0.0,0.0,0.0
1891,0,,,43.30127018922193,57.0,0.8316807510823112,0.0,0.0,42.0,0,1.0,0,0.0,1,1.0,0,0.0,0.0,0,0,0,1,1,1,0.0,0.0,1.0,1.0,0.0,0.0,0.0,0.5263157894736842,0.0,1.0,0.0,1.0,10.0,0.0,3.0,0.0,0.0,1.0,1.0,0.0,0.0,0.0,0.0,0.0
1619,0,,,8.0,18.0,0.9765652408755523,0.0,0.0,1.0,0,2.0,0,0.0,1,2.0,0,0.0,0.0,0,0,1,1,1,1,0.0,0.0,1.0,1.0,0.0,0.0,0.0,0.47368421052631576,5.0,0.0,5.0,0.0,0.0,1.0,1.0,0.0,2.0,0.0,1.0,0.0,0.0,0.0,0.0,0.0
740,1,740.0,740.0,0.0,0.0,1.0,0.0,0.0,0.0,1,0.0,1,0.0,1,0.0,1,0.0,1.0,0,0,1,1,1,1,1.0,1.0,0.0,1.0,1.0,1.0,1.0,0.8421052631578947,0.0,0.0,0.0,0.0,0.0,0.0,0.0,0.0,0.0,0.0,0.0,0.0,1.0,0.0,0.0,0.0
1667,0,,,20.248456731316587,32.0,0.9908135208653326,0.0,0.0,19.0,0,4.0,0,0.0,1,1.0,0,0.0,0.0,0,0,0,1,1,1,0.0,0.0,1.0,1.0,0.0,0.0,0.0,0.5263157894736842,4.0,0.0,4.0,0.0,0.0,1.0,0.0,1.0,0.0,1.0,1.0,0.0,0.0,0.0,0.0,0.0
1227,0,,,8.602325267042627,18.0,0.9879481411542721,0.0,0.0,4.0,0,2.0,0,0.0,1,2.0,0,0.0,0.0,0,0,0,1,1,1,0.0,0.0,1.0,1.0,0.0,0.0,0.0,0.5263157894736842,5.0,0.0,5.0,0.0,0.0,1.0,0.0,1.0,0.0,1.0,1.0,0.0,0.0,0.0,0.0,0.0
111,1,111.0,111.0,0.0,0.0,1.0,0.0,1.0,0.0,1,0.0,1,0.0,1,0.0,1,0.0,0.0,0,0,1,1,1,1,0.0,0.0,1.0,1.0,0.0,0.0,0.0,0.8947368421052632,0.0,1.0,0.0,1.0,0.0,1.0,0.0,1.0,0.0,1.0,1.0,0.0,0.0,0.0,0.0,0.0
1342,0,,,31.52776554086889,40.0,0.9957175119725863,0.0,0.0,31.0,0,2.0,0,0.0,1,0.0,1,0.0,0.0,0,0,0,1,1,1,0.0,0.0,1.0,1.0,0.0,0.0,0.0,0.5789473684210527,0.0,1.0,0.0,1.0,5.0,0.0,0.0,1.0,2.0,0.0,1.0,0.0,0.0,0.0,0.0,0.0
147,1,147.0,147.0,0.0,0.0,1.0,0.0,1.0,0.0,1,0.0,1,0.0,1,0.0,1,0.0,0.0,0,0,1,1,1,1,0.0,0.0,1.0,1.0,0.0,0.0,0.0,0.8947368421052632,0.0,1.0,0.0,1.0,0.0,1.0,0.0,1.0,0.0,1.0,1.0,0.0,0.0,0.0,0.0,0.0
232,1,232.0,232.0,0.0,0.0,1.0,0.0,1.0,0.0,1,0.0,1,0.0,1,0.0,1,0.0,0.0,0,0,1,1,1,1,0.0,0.0,1.0,1.0,0.0,0.0,0.0,0.8947368421052632,0.0,1.0,0.0,1.0,0.0,1.0,0.0,1.0,0.0,1.0,1.0,0.0,0.0,0.0,0.0,0.0
1259,0,,,26.589471600616662,35.0,0.9973899880912508,0.0,0.0,26.0,0,1.0,0,0.0,1,2.0,0,0.0,0.0,0,0,0,1,1,1,0.0,0.0,1.0,1.0,0.0,0.0,0.0,0.5263157894736842,0.0,1.0,0.0,1.0,5.0,0.0,0.0,1.0,1.0,0.0,1.0,0.0,0.0,0.0,0.0,0.0
53,1,53.0,53.0,0.0,0.0,1.0,0.0,1.0,0.0,1,0.0,1,0.0,1,0.0,1,0.0,0.0,0,0,1,1,1,1,0.0,0.0,1.0,1.0,0.0,0.0,0.0,0.8947368421052632,0.0,1.0,0.0,1.0,0.0,1.0,0.0,1.0,0.0,1.0,1.0,0.0,0.0,0.0,0.0,0.0
191,1,191.0,191.0,0.0,0.0,1.0,0.0,0.0,0.0,1,0.0,1,0.0,1,0.0,1,0.0,0.0,0,0,1,1,1,1,0.0,0.0,1.0,1.0,0.0,0.0,0.0,0.8421052631578947,0.0,1.0,0.0,1.0,0.0,1.0,0.0,1.0,0.0,1.0,1.0,0.0,0.0,0.0,0.0,0.0
618,1,618.0,618.0,0.0,0.0,1.0,0.0,0.0,0.0,1,0.0,1,0.0,1,0.0,1,0.0,0.0,0,0,1,1,1,1,0.0,0.0,1.0,1.0,0.0,0.0,0.0,0.8421052631578947,0.0,1.0,0.0,1.0,0.0,1.0,0.0,1.0,0.0,1.0,1.0,0.0,0.0,0.0,0.0,0.0
143,1,143.0,143.0,0.0,0.0,1.0,0.0,1.0,0.0,1,0.0,1,0.0,1,0.0,1,0.0,0.0,0,0,1,1,1,1,0.0,0.0,1.0,1.0,0.0,0.0,0.0,0.8947368421052632,0.0,1.0,0.0,1.0,0.0,1.0,0.0,1.0,0.0,1.0,1.0,0.0,0.0,0.0,0.0,0.0
1169,0,,,10.583005244258363,16.0,0.8919017444789035,0.0,0.0,0.0,1,1.0,0,0.0,1,1.0,0,0.0,0.0,0,0,0,1,1,1,0.0,0.0,1.0,1.0,0.0,0.0,0.0,0.5263157894736842,0.0,1.0,0.0,1.0,10.0,0.0,1.0,0.0,3.0,0.0,1.0,0.0,0.0,0.0,0.0,0.0
592,1,592.0,592.0,0.0,0.0,1.0,0.0,0.0,0.0,1,0.0,1,0.0,1,0.0,1,0.0,0.0,0,0,1,1,1,1,0.0,0.0,1.0,1.0,0.0,0.0,0.0,0.8421052631578947,0.0,1.0,0.0,1.0,0.0,1.0,0.0,1.0,0.0,1.0,1.0,0.0,0.0,0.0,0.0,0.0
1569,0,,,8.660254037844387,15.0,0.9838703916819932,0.0,0.0,0.0,1,1.0,0,0.0,1,1.0,0,0.0,0.0,0,0,1,1,1,1,0.0,0.0,1.0,1.0,0.0,0.0,0.0,0.5789473684210527,6.0,0.0,6.0,0.0,0.0,1.0,1.0,0.0,0.0,1.0,1.0,0.0,0.0,0.0,0.0,0.0
1599,0,,,10.0,18.0,0.997226450092811,1.0,0.0,9.0,0,2.0,0,0.0,1,2.0,0,0.0,0.0,0,0,0,1,1,1,0.0,0.0,1.0,1.0,0.0,0.0,0.0,0.5263157894736842,0.0,1.0,0.0,1.0,0.0,1.0,3.0,0.0,1.0,0.0,1.0,0.0,0.0,0.0,0.0,0.0
1632,0,,,13.038404810405298,24.0,0.9582756391325682,0.0,0.0,11.0,0,1.0,0,0.0,1,2.0,0,0.0,0.0,0,0,1,1,1,1,0.0,0.0,1.0,1.0,0.0,0.0,0.0,0.5263157894736842,2.0,0.0,2.0,0.0,0.0,1.0,0.0,1.0,6.0,0.0,1.0,0.0,0.0,0.0,0.0,0.0
1066,0,,,39.0,39.0,0.9987330188276049,0.0,0.0,39.0,0,0.0,1,0.0,1,0.0,1,0.0,0.0,0,0,0,1,0,1,1.0,1.0,1.0,0.0,1.0,1.0,1.0,0.5789473684210527,0.0,0.0,0.0,0.0,0.0,0.0,0.0,0.0,0.0,0.0,0.0,0.0,0.0,0.0,0.0,0.0
453,1,453.0,453.0,0.0,0.0,1.0,0.0,0.0,0.0,1,0.0,1,0.0,1,0.0,1,0.0,0.0,0,0,1,1,1,1,0.0,0.0,1.0,1.0,0.0,0.0,0.0,0.8421052631578947,0.0,1.0,0.0,1.0,0.0,1.0,0.0,1.0,0.0,1.0,1.0,0.0,0.0,0.0,0.0,0.0
359,1,359.0,359.0,0.0,0.0,1.0,0.0,1.0,0.0,1,0.0,1,0.0,1,0.0,1,0.0,0.0,0,0,1,1,1,1,0.0,0.0,1.0,1.0,0.0,0.0,0.0,0.8947368421052632,0.0,1.0,0.0,1.0,0.0,1.0,0.0,1.0,0.0,1.0,1.0,0.0,0.0,0.0,0.0,0.0
871,1,871.0,871.0,0.0,0.0,1.0,0.0,0.0,0.0,1,0.0,1,0.0,1,0.0,1,0.0,0.0,0,0,1,1,1,1,0.0,0.0,1.0,1.0,0.0,0.0,0.0,0.8421052631578947,0.0,1.0,0.0,1.0,0.0,1.0,0.0,1.0,0.0,1.0,1.0,0.0,0.0,0.0,0.0,0.0
541,1,541.0,541.0,0.0,0.0,1.0,0.0,0.0,0.0,1,0.0,1,0.0,1,0.0,1,0.0,0.0,0,0,1,1,1,1,0.0,0.0,1.0,1.0,0.0,0.0,0.0,0.8421052631578947,0.0,1.0,0.0,1.0,0.0,1.0,0.0,1.0,0.0,1.0,1.0,0.0,0.0,0.0,0.0,0.0
1247,0,,,55.06359959174482,96.0,0.648557338007308,0.0,0.0,19.0,0,1.0,0,0.0,1,2.0,0,0.0,0.0,0,0,0,1,1,1,0.0,0.0,1.0,1.0,0.0,0.0,0.0,0.47368421052631576,0.0,1.0,0.0,1.0,45.0,0.0,4.0,0.0,25.0,0.0,1.0,0.0,0.0,0.0,0.0,0.0
1597,0,,,11.661903789690601,20.0,0.9869598652304257,0.0,0.0,0.0,1,5.0,0,0.0,1,1.0,0,0.0,0.0,0,0,1,1,1,1,0.0,0.0,1.0,1.0,0.0,0.0,0.0,0.5789473684210527,0.0,1.0,0.0,1.0,10.0,0.0,3.0,0.0,1.0,0.0,1.0,0.0,0.0,0.0,0.0,0.0
1226,0,,,10.723805294763608,17.0,0.9968328813500257,0.0,0.0,10.0,0,3.0,0,0.0,1,1.0,0,0.0,0.0,0,0,0,1,1,1,0.0,0.0,1.0,1.0,0.0,0.0,0.0,0.5263157894736842,0.0,1.0,0.0,1.0,0.0,1.0,2.0,0.0,1.0,0.0,1.0,0.0,0.0,0.0,0.0,0.0
809,1,809.0,809.0,0.0,0.0,1.0,0.0,0.0,0.0,1,0.0,1,0.0,1,0.0,1,0.0,0.0,0,0,1,1,1,1,0.0,0.0,1.0,1.0,0.0,0.0,0.0,0.8421052631578947,0.0,1.0,0.0,1.0,0.0,1.0,0.0,1.0,0.0,1.0,1.0,0.0,0.0,0.0,0.0,0.0
1613,0,,,57.445626465380286,102.0,0.93326547989227,0.0,0.0,40.0,0,0.0,1,0.0,1,0.0,1,0.0,0.0,0,0,1,1,1,1,0.0,0.0,1.0,1.0,0.0,0.0,0.0,0.631578947368421,0.0,1.0,0.0,1.0,30.0,0.0,4.0,0.0,28.0,0.0,1.0,0.0,0.0,0.0,0.0,0.0
1969,0,,,20.322401432901575,27.0,0.9900117843406171,1.0,0.0,1.0,0,3.0,0,0.0,1,1.0,0,0.0,0.0,0,0,0,1,1,1,0.0,0.0,1.0,1.0,0.0,0.0,0.0,0.5263157894736842,0.0,1.0,0.0,1.0,20.0,0.0,0.0,1.0,1.0,0.0,1.0,0.0,0.0,0.0,0.0,0.0
1092,0,,,64.69157595854347,109.0,0.9365691134417309,0.0,0.0,50.0,0,1.0,0,0.0,1,0.0,1,0.0,0.0,0,0,0,1,1,1,0.0,0.0,1.0,1.0,0.0,0.0,0.0,0.5789473684210527,0.0,1.0,0.0,1.0,30.0,0.0,0.0,1.0,28.0,0.0,1.0,0.0,0.0,0.0,0.0,0.0
771,1,771.0,771.0,0.0,0.0,1.0,0.0,1.0,0.0,1,0.0,1,0.0,1,0.0,1,0.0,0.0,0,0,1,1,1,1,0.0,0.0,1.0,1.0,0.0,0.0,0.0,0.8947368421052632,0.0,1.0,0.0,1.0,0.0,1.0,0.0,1.0,0.0,1.0,1.0,0.0,0.0,0.0,0.0,0.0
219,1,219.0,219.0,0.0,0.0,1.0,0.0,0.0,0.0,1,0.0,1,0.0,1,0.0,1,0.0,1.0,0,0,1,1,1,1,1.0,1.0,0.0,1.0,1.0,1.0,1.0,0.8421052631578947,0.0,0.0,0.0,0.0,0.0,0.0,0.0,0.0,0.0,0.0,0.0,0.0,1.0,0.0,0.0,0.0
257,1,257.0,257.0,0.0,0.0,1.0,0.0,1.0,0.0,1,0.0,1,0.0,1,0.0,1,0.0,1.0,0,0,1,1,1,1,1.0,1.0,0.0,1.0,1.0,1.0,1.0,0.8947368421052632,0.0,0.0,0.0,0.0,0.0,0.0,0.0,0.0,0.0,0.0,0.0,0.0,1.0,0.0,0.0,0.0
236,1,236.0,236.0,0.0,0.0,1.0,0.0,0.0,0.0,1,0.0,1,0.0,1,0.0,1,0.0,0.0,0,0,1,1,1,1,0.0,0.0,1.0,1.0,0.0,0.0,0.0,0.8421052631578947,0.0,1.0,0.0,1.0,0.0,1.0,0.0,1.0,0.0,1.0,1.0,0.0,0.0,0.0,0.0,0.0
1437,0,,,72.02083032012335,97.0,0.635725821600931,0.0,0.0,70.0,0,6.0,0,0.0,1,1.0,0,0.0,0.0,0,0,1,1,1,1,0.0,0.0,1.0,1.0,0.0,0.0,0.0,0.5789473684210527,0.0,1.0,0.0,1.0,5.0,0.0,0.0,1.0,15.0,0.0,1.0,0.0,0.0,0.0,0.0,0.0
693,1,693.0,693.0,0.0,0.0,1.0,0.0,0.0,0.0,1,0.0,1,0.0,1,0.0,1,0.0,0.0,0,0,1,1,1,1,0.0,0.0,1.0,1.0,0.0,0.0,0.0,0.8421052631578947,0.0,1.0,0.0,1.0,0.0,1.0,0.0,1.0,0.0,1.0,1.0,0.0,0.0,0.0,0.0,0.0
536,1,536.0,536.0,0.0,0.0,1.0,0.0,0.0,0.0,1,0.0,1,0.0,1,0.0,1,0.0,0.0,0,0,1,1,1,1,0.0,0.0,1.0,1.0,0.0,0.0,0.0,0.8421052631578947,0.0,1.0,0.0,1.0,0.0,1.0,0.0,1.0,0.0,1.0,1.0,0.0,0.0,0.0,0.0,0.0
913,1,913.0,913.0,0.0,0.0,1.0,0.0,0.0,0.0,1,0.0,1,0.0,1,0.0,1,0.0,0.0,0,0,1,1,1,1,0.0,0.0,1.0,1.0,0.0,0.0,0.0,0.8421052631578947,0.0,1.0,0.0,1.0,0.0,1.0,0.0,1.0,0.0,1.0,1.0,0.0,0.0,0.0,0.0,0.0
1408,0,,,61.1228271597445,68.0,0.9161041597677321,0.0,0.0,61.0,0,1.0,0,0.0,1,1.0,0,0.0,0.0,0,0,0,1,1,1,0.0,0.0,1.0,1.0,0.0,0.0,0.0,0.5263157894736842,0.0,1.0,0.0,1.0,3.0,0.0,2.0,0.0,0.0,1.0,1.0,0.0,0.0,0.0,0.0,0.0
1622,0,,,30.610455730027933,41.0,0.9998851723370099,0.0,0.0,30.0,0,4.0,0,0.0,1,1.0,0,4.0,0.0,0,0,0,1,1,1,1.0,1.0,0.0,1.0,1.0,1.0,1.0,0.5263157894736842,0.0,0.0,0.0,0.0,0.0,0.0,0.0,0.0,0.0,0.0,0.0,2.0,0.0,0.0,0.0,0.0
187,1,187.0,187.0,0.0,0.0,1.0,0.0,0.0,0.0,1,0.0,1,0.0,1,0.0,1,0.0,0.0,0,0,1,1,1,1,0.0,0.0,1.0,1.0,0.0,0.0,0.0,0.8421052631578947,0.0,1.0,0.0,1.0,0.0,1.0,0.0,1.0,0.0,1.0,1.0,0.0,0.0,0.0,0.0,0.0
1286,0,,,5.830951894845301,10.0,0.9829661369907858,0.0,0.0,1.0,0,2.0,0,0.0,1,0.0,1,0.0,0.0,0,0,0,1,1,1,0.0,0.0,1.0,1.0,0.0,0.0,0.0,0.5789473684210527,0.0,1.0,0.0,1.0,5.0,0.0,2.0,0.0,0.0,1.0,1.0,0.0,0.0,0.0,0.0,0.0
1496,0,,,6.0,10.0,0.978369667971778,0.0,0.0,1.0,0,0.0,1,0.0,1,0.0,1,0.0,0.0,0,0,0,1,1,1,0.0,0.0,1.0,1.0,0.0,0.0,0.0,0.5789473684210527,1.0,0.0,3.0,0.0,5.0,0.0,0.0,1.0,0.0,1.0,1.0,0.0,0.0,0.0,0.0,0.0
1639,0,,,10.14889156509222,17.0,0.9943225133820098,0.0,0.0,0.0,1,2.0,0,0.0,1,0.0,1,0.0,0.0,0,0,0,1,1,1,0.0,0.0,1.0,1.0,0.0,0.0,0.0,0.5789473684210527,7.0,0.0,7.0,0.0,0.0,1.0,1.0,0.0,0.0,1.0,1.0,0.0,0.0,0.0,0.0,0.0
391,1,391.0,391.0,0.0,0.0,1.0,0.0,1.0,0.0,1,0.0,1,0.0,1,0.0,1,0.0,0.0,0,0,1,1,1,1,0.0,0.0,1.0,1.0,0.0,0.0,0.0,0.8947368421052632,0.0,1.0,0.0,1.0,0.0,1.0,0.0,1.0,0.0,1.0,1.0,0.0,0.0,0.0,0.0,0.0
1350,0,,,19.467922333931785,27.0,0.9848935057628432,0.0,0.0,19.0,0,2.0,0,0.0,1,2.0,0,0.0,0.0,0,0,1,1,1,1,0.0,0.0,1.0,1.0,0.0,0.0,0.0,0.5789473684210527,0.0,1.0,0.0,1.0,0.0,1.0,1.0,0.0,3.0,0.0,1.0,0.0,0.0,0.0,0.0,0.0
1912,0,,,51.21523210920751,59.0,0.9996779762938827,0.0,0.0,51.0,0,3.0,0,0.0,1,0.0,1,3.0,0.0,0,0,0,1,1,1,1.0,1.0,0.0,1.0,1.0,1.0,1.0,0.5789473684210527,0.0,0.0,0.0,0.0,0.0,0.0,0.0,0.0,0.0,0.0,0.0,2.0,0.0,0.0,0.0,0.0
1410,0,,,6.708203932499369,13.0,0.9608856657052373,0.0,1.0,2.0,0,3.0,0,0.0,1,0.0,1,0.0,0.0,0,0,0,1,1,1,0.0,0.0,1.0,1.0,0.0,0.0,0.0,0.631578947368421,4.0,0.0,4.0,0.0,0.0,1.0,0.0,1.0,0.0,1.0,1.0,0.0,0.0,0.0,0.0,0.0
1836,0,,,13.674794331177344,23.0,0.9843440891406546,0.0,0.0,9.0,0,1.0,0,0.0,1,2.0,0,0.0,0.0,0,0,0,1,1,1,0.0,0.0,1.0,1.0,0.0,0.0,0.0,0.5263157894736842,0.0,1.0,0.0,1.0,10.0,0.0,0.0,1.0,1.0,0.0,1.0,0.0,0.0,0.0,0.0,0.0
1202,0,,,32.264531609803356,61.0,0.9261436322661607,1.0,0.0,19.0,0,2.0,0,0.0,1,1.0,0,0.0,0.0,0,0,1,1,1,1,0.0,0.0,1.0,1.0,0.0,0.0,0.0,0.5263157894736842,7.0,0.0,7.0,0.0,24.0,0.0,0.0,1.0,0.0,1.0,1.0,0.0,0.0,0.0,0.0,0.0
497,1,497.0,497.0,0.0,0.0,1.0,0.0,0.0,0.0,1,0.0,1,0.0,1,0.0,1,0.0,0.0,0,0,1,1,1,1,0.0,0.0,1.0,1.0,0.0,0.0,0.0,0.8421052631578947,0.0,1.0,0.0,1.0,0.0,1.0,0.0,1.0,0.0,1.0,1.0,0.0,0.0,0.0,0.0,0.0
513,1,513.0,513.0,0.0,0.0,1.0,0.0,0.0,0.0,1,0.0,1,0.0,1,0.0,1,0.0,0.0,0,0,1,1,1,1,0.0,0.0,1.0,1.0,0.0,0.0,0.0,0.8421052631578947,0.0,1.0,0.0,1.0,0.0,1.0,0.0,1.0,0.0,1.0,1.0,0.0,0.0,0.0,0.0,0.0
1645,0,,,58.154965394194846,64.0,0.8437116778896596,0.0,0.0,58.0,0,4.0,0,0.0,1,1.0,0,0.0,0.0,0,0,0,1,1,1,0.0,0.0,1.0,1.0,0.0,0.0,0.0,0.5789473684210527,0.0,1.0,0.0,1.0,0.0,1.0,1.0,0.0,0.0,1.0,1.0,0.0,0.0,0.0,0.0,0.0
1480,0,,,30.72458299147443,42.0,0.858984117958096,0.0,0.0,29.0,0,1.0,0,0.0,1,1.0,0,0.0,0.0,0,0,0,1,1,1,0.0,0.0,1.0,1.0,0.0,0.0,0.0,0.5263157894736842,0.0,1.0,0.0,1.0,10.0,0.0,0.0,1.0,1.0,0.0,1.0,0.0,0.0,0.0,0.0,0.0
1381,0,,,56.16048432839589,102.0,0.911891533915478,0.0,0.0,30.0,0,5.0,0,0.0,1,0.0,1,0.0,0.0,0,0,1,1,1,1,0.0,0.0,1.0,1.0,0.0,0.0,0.0,0.5263157894736842,10.0,0.0,10.0,0.0,45.0,0.0,0.0,1.0,2.0,0.0,1.0,0.0,0.0,0.0,0.0,0.0
738,1,738.0,738.0,0.0,0.0,1.0,0.0,0.0,0.0,1,0.0,1,0.0,1,0.0,1,0.0,0.0,0,0,1,1,1,1,0.0,0.0,1.0,1.0,0.0,0.0,0.0,0.8421052631578947,0.0,1.0,0.0,1.0,0.0,1.0,0.0,1.0,0.0,1.0,1.0,0.0,0.0,0.0,0.0,0.0
1649,0,,,29.966648127543394,46.0,0.9752661042375843,0.0,0.0,28.0,0,4.0,0,0.0,1,0.0,1,0.0,0.0,0,0,0,1,1,1,0.0,0.0,1.0,1.0,0.0,0.0,0.0,0.5789473684210527,0.0,1.0,0.0,1.0,0.0,1.0,7.0,0.0,7.0,0.0,1.0,0.0,0.0,0.0,0.0,0.0
1708,0,,,18.193405398660254,29.0,0.9105530958331985,0.0,0.0,2.0,0,10.0,0,0.0,1,1.0,0,0.0,0.0,0,0,0,1,1,1,0.0,0.0,1.0,1.0,0.0,0.0,0.0,0.5263157894736842,0.0,1.0,0.0,1.0,15.0,0.0,0.0,1.0,1.0,0.0,1.0,0.0,0.0,0.0,0.0,0.0
339,1,339.0,339.0,0.0,0.0,1.0,0.0,1.0,0.0,1,0.0,1,0.0,1,0.0,1,0.0,0.0,0,0,1,1,1,1,0.0,0.0,1.0,1.0,0.0,0.0,0.0,0.8947368421052632,0.0,1.0,0.0,1.0,0.0,1.0,0.0,1.0,0.0,1.0,1.0,0.0,0.0,0.0,0.0,0.0
244,1,244.0,244.0,0.0,0.0,1.0,0.0,1.0,0.0,1,0.0,1,0.0,1,0.0,1,0.0,1.0,0,0,1,1,1,1,1.0,1.0,0.0,1.0,1.0,1.0,1.0,0.8947368421052632,0.0,0.0,0.0,0.0,0.0,0.0,0.0,0.0,0.0,0.0,0.0,0.0,1.0,0.0,0.0,0.0
752,1,752.0,752.0,0.0,0.0,1.0,0.0,0.0,0.0,1,0.0,1,0.0,1,0.0,1,0.0,0.0,0,0,1,1,1,1,0.0,0.0,1.0,1.0,0.0,0.0,0.0,0.8421052631578947,0.0,1.0,0.0,1.0,0.0,1.0,0.0,1.0,0.0,1.0,1.0,0.0,0.0,0.0,0.0,0.0
648,1,648.0,648.0,0.0,0.0,1.0,0.0,0.0,0.0,1,0.0,1,0.0,1,0.0,1,0.0,0.0,0,0,1,1,1,1,0.0,0.0,1.0,1.0,0.0,0.0,0.0,0.8421052631578947,0.0,1.0,0.0,1.0,0.0,1.0,0.0,1.0,0.0,1.0,1.0,0.0,0.0,0.0,0.0,0.0
87,1,87.0,87.0,0.0,0.0,1.0,0.0,1.0,0.0,1,0.0,1,0.0,1,0.0,1,0.0,0.0,0,0,1,1,1,1,0.0,0.0,1.0,1.0,0.0,0.0,0.0,0.8947368421052632,0.0,1.0,0.0,1.0,0.0,1.0,0.0,1.0,0.0,1.0,1.0,0.0,0.0,0.0,0.0,0.0
1825,0,,,8.660254037844387,15.0,0.90321107104993,0.0,0.0,1.0,0,0.0,1,0.0,1,1.0,0,0.0,0.0,0,0,1,1,1,1,0.0,0.0,1.0,1.0,0.0,0.0,0.0,0.5789473684210527,6.0,0.0,6.0,0.0,0.0,1.0,0.0,1.0,1.0,0.0,1.0,0.0,0.0,0.0,0.0,0.0
745,1,745.0,745.0,0.0,0.0,1.0,0.0,0.0,0.0,1,0.0,1,0.0,1,0.0,1,0.0,0.0,0,0,1,1,1,1,0.0,0.0,1.0,1.0,0.0,0.0,0.0,0.8421052631578947,0.0,1.0,0.0,1.0,0.0,1.0,0.0,1.0,0.0,1.0,1.0,0.0,0.0,0.0,0.0,0.0
1154,0,,,43.15089802078283,62.0,0.9553647297421658,0.0,0.0,40.0,0,1.0,0,0.0,1,0.0,1,0.0,0.0,0,0,0,1,1,1,0.0,0.0,1.0,1.0,0.0,0.0,0.0,0.5789473684210527,0.0,1.0,0.0,1.0,15.0,0.0,0.0,1.0,6.0,0.0,1.0,0.0,0.0,0.0,0.0,0.0
331,1,331.0,331.0,0.0,0.0,1.0,0.0,1.0,0.0,1,0.0,1,0.0,1,0.0,1,0.0,0.0,0,0,1,1,1,1,0.0,0.0,1.0,1.0,0.0,0.0,0.0,0.8947368421052632,0.0,1.0,0.0,1.0,0.0,1.0,0.0,1.0,0.0,1.0,1.0,0.0,0.0,0.0,0.0,0.0
1341,0,,,31.984371183438952,49.0,0.8544324094302934,0.0,0.0,29.0,0,1.0,0,0.0,1,0.0,1,0.0,0.0,0,0,0,1,1,1,0.0,0.0,1.0,1.0,0.0,0.0,0.0,0.5789473684210527,10.0,0.0,9.0,0.0,0.0,1.0,0.0,1.0,0.0,1.0,1.0,0.0,0.0,0.0,0.0,0.0
325,1,325.0,325.0,0.0,0.0,1.0,0.0,1.0,0.0,1,0.0,1,0.0,1,0.0,1,0.0,0.0,0,0,1,1,1,1,0.0,0.0,1.0,1.0,0.0,0.0,0.0,0.8947368421052632,0.0,1.0,0.0,1.0,0.0,1.0,0.0,1.0,0.0,1.0,1.0,0.0,0.0,0.0,0.0,0.0
701,1,701.0,701.0,0.0,0.0,1.0,0.0,0.0,0.0,1,0.0,1,0.0,1,0.0,1,0.0,0.0,0,0,1,1,1,1,0.0,0.0,1.0,1.0,0.0,0.0,0.0,0.8421052631578947,0.0,1.0,0.0,1.0,0.0,1.0,0.0,1.0,0.0,1.0,1.0,0.0,0.0,0.0,0.0,0.0
476,1,476.0,476.0,0.0,0.0,1.0,0.0,1.0,0.0,1,0.0,1,0.0,1,0.0,1,0.0,0.0,0,0,1,1,1,1,0.0,0.0,1.0,1.0,0.0,0.0,0.0,0.8947368421052632,0.0,1.0,0.0,1.0,0.0,1.0,0.0,1.0,0.0,1.0,1.0,0.0,0.0,0.0,0.0,0.0
1670,0,,,19.924858845171276,31.0,0.979466928701281,0.0,0.0,1.0,0,0.0,1,0.0,1,1.0,0,0.0,0.0,0,0,0,1,1,1,0.0,0.0,1.0,1.0,0.0,0.0,0.0,0.5263157894736842,0.0,1.0,0.0,1.0,15.0,0.0,1.0,0.0,13.0,0.0,1.0,0.0,0.0,0.0,0.0,0.0
1301,0,,,62.153036933041335,83.0,0.5361473681895678,0.0,0.0,60.0,0,1.0,0,0.0,1,0.0,1,0.0,0.0,0,0,1,1,1,1,0.0,0.0,1.0,1.0,0.0,0.0,0.0,0.5789473684210527,0.0,1.0,0.0,1.0,15.0,0.0,1.0,0.0,6.0,0.0,1.0,0.0,0.0,0.0,0.0,0.0
1581,0,,,21.72556098240043,32.0,0.9828365470048795,0.0,0.0,20.0,0,2.0,0,0.0,1,0.0,1,0.0,0.0,0,0,0,1,1,1,0.0,0.0,1.0,1.0,0.0,0.0,0.0,0.5789473684210527,0.0,1.0,0.0,1.0,8.0,0.0,2.0,0.0,0.0,1.0,1.0,0.0,0.0,0.0,0.0,0.0
1364,0,,,71.58910531638176,121.0,0.40922262651296426,0.0,0.0,59.0,0,3.0,0,0.0,1,1.0,0,0.0,0.0,0,0,1,1,1,1,0.0,0.0,1.0,1.0,0.0,0.0,0.0,0.5263157894736842,0.0,1.0,0.0,1.0,35.0,0.0,3.0,0.0,20.0,0.0,1.0,0.0,0.0,0.0,0.0,0.0
1362,0,,,43.474130238568314,64.0,0.9580157672256441,0.0,0.0,40.0,0,0.0,1,0.0,1,1.0,0,0.0,0.0,0,0,0,1,1,1,0.0,0.0,1.0,1.0,0.0,0.0,0.0,0.5789473684210527,0.0,1.0,0.0,1.0,15.0,0.0,0.0,1.0,8.0,0.0,1.0,0.0,0.0,0.0,0.0,0.0
1735,0,,,5.385164807134504,11.0,0.9951633625236188,1.0,0.0,1.0,0,1.0,0,0.0,1,1.0,0,0.0,0.0,0,0,0,1,1,1,0.0,0.0,1.0,1.0,0.0,0.0,0.0,0.5263157894736842,0.0,1.0,0.0,1.0,3.0,0.0,4.0,0.0,0.0,1.0,1.0,0.0,0.0,0.0,0.0,0.0
938,1,938.0,938.0,0.0,0.0,1.0,0.0,0.0,0.0,1,0.0,1,0.0,1,0.0,1,0.0,0.0,0,0,1,1,1,1,1.0,1.0,1.0,0.0,1.0,1.0,1.0,0.8421052631578947,0.0,0.0,0.0,0.0,0.0,0.0,0.0,0.0,0.0,0.0,1.0,0.0,0.0,0.0,0.0,1.0
172,1,172.0,172.0,0.0,0.0,1.0,0.0,0.0,0.0,1,0.0,1,0.0,1,0.0,1,0.0,0.0,0,0,1,1,1,1,0.0,0.0,1.0,1.0,0.0,0.0,0.0,0.8421052631578947,0.0,1.0,0.0,1.0,0.0,1.0,0.0,1.0,0.0,1.0,1.0,0.0,0.0,0.0,0.0,0.0
935,1,935.0,935.0,0.0,0.0,1.0,0.0,0.0,0.0,1,0.0,1,0.0,1,0.0,1,0.0,0.0,0,0,1,1,1,1,0.0,0.0,1.0,1.0,0.0,0.0,0.0,0.8421052631578947,0.0,1.0,0.0,1.0,0.0,1.0,0.0,1.0,0.0,1.0,1.0,0.0,0.0,0.0,0.0,0.0
1019,0,,,9.219544457292887,15.0,0.9651270106406754,0.0,0.0,1.0,0,4.0,0,0.0,1,0.0,1,0.0,0.0,0,0,0,1,1,1,0.0,0.0,1.0,1.0,0.0,0.0,0.0,0.5789473684210527,0.0,1.0,0.0,1.0,8.0,0.0,0.0,1.0,2.0,0.0,1.0,0.0,0.0,0.0,0.0,0.0
1131,0,,,34.583232931581165,54.0,0.6725784720662119,0.0,0.0,32.0,0,9.0,0,0.0,1,3.0,0,0.0,0.0,0,0,1,1,1,1,0.0,0.0,1.0,1.0,0.0,0.0,0.0,0.5789473684210527,0.0,1.0,0.0,1.0,9.0,0.0,1.0,0.0,0.0,1.0,1.0,0.0,0.0,0.0,0.0,0.0
906,1,906.0,906.0,0.0,0.0,1.0,0.0,0.0,0.0,1,0.0,1,0.0,1,0.0,1,0.0,0.0,0,0,1,1,1,1,0.0,0.0,1.0,1.0,0.0,0.0,0.0,0.8421052631578947,0.0,1.0,0.0,1.0,0.0,1.0,0.0,1.0,0.0,1.0,1.0,0.0,0.0,0.0,0.0,0.0
572,1,572.0,572.0,0.0,0.0,1.0,0.0,0.0,0.0,1,0.0,1,0.0,1,0.0,1,0.0,0.0,0,0,1,1,1,1,0.0,0.0,1.0,1.0,0.0,0.0,0.0,0.8421052631578947,0.0,1.0,0.0,1.0,0.0,1.0,0.0,1.0,0.0,1.0,1.0,0.0,0.0,0.0,0.0,0.0
1741,0,,,29.765752132274432,40.0,0.9380861581741436,0.0,0.0,28.0,0,10.0,0,0.0,1,1.0,0,0.0,0.0,0,0,0,1,1,1,0.0,0.0,1.0,1.0,0.0,0.0,0.0,0.5789473684210527,1.0,0.0,0.0,1.0,0.0,1.0,0.0,1.0,0.0,1.0,1.0,0.0,0.0,0.0,0.0,0.0
1439,0,,,32.07802986469088,47.0,0.966591581760151,0.0,0.0,30.0,0,1.0,0,0.0,1,0.0,1,0.0,0.0,0,0,0,1,1,1,0.0,0.0,1.0,1.0,0.0,0.0,0.0,0.5789473684210527,8.0,0.0,8.0,0.0,0.0,1.0,0.0,1.0,0.0,1.0,1.0,0.0,0.0,0.0,0.0,0.0
1090,0,,,87.03447592764606,131.0,0.7080930386989721,0.0,0.0,21.0,0,0.0,1,0.0,1,1.0,0,0.0,0.0,0,0,1,1,1,1,0.0,0.0,1.0,1.0,0.0,0.0,0.0,0.5789473684210527,0.0,1.0,0.0,1.0,80.0,0.0,2.0,0.0,27.0,0.0,1.0,0.0,0.0,0.0,0.0,0.0
823,1,823.0,823.0,0.0,0.0,1.0,0.0,1.0,0.0,1,0.0,1,0.0,1,0.0,1,0.0,0.0,0,0,1,1,1,1,0.0,0.0,1.0,1.0,0.0,0.0,0.0,0.8947368421052632,0.0,1.0,0.0,1.0,0.0,1.0,0.0,1.0,0.0,1.0,1.0,0.0,0.0,0.0,0.0,0.0
744,1,744.0,744.0,0.0,0.0,1.0,0.0,0.0,0.0,1,0.0,1,0.0,1,0.0,1,0.0,1.0,0,0,1,1,1,1,1.0,1.0,1.0,1.0,1.0,1.0,1.0,0.8421052631578947,0.0,0.0,0.0,0.0,0.0,0.0,0.0,0.0,0.0,0.0,0.0,0.0,0.0,0.0,0.0,0.0
1512,0,,,14.966629547095765,24.0,0.9945089827179556,0.0,0.0,11.0,0,1.0,0,0.0,1,0.0,1,0.0,0.0,0,0,0,1,1,1,0.0,0.0,1.0,1.0,0.0,0.0,0.0,0.5263157894736842,1.0,0.0,1.0,0.0,10.0,0.0,0.0,1.0,0.0,1.0,1.0,0.0,0.0,0.0,0.0,0.0
1367,0,,,17.635192088548397,31.0,0.9746115637315481,0.0,0.0,8.0,0,3.0,0,0.0,1,2.0,0,0.0,0.0,0,0,1,1,1,1,0.0,0.0,1.0,1.0,0.0,0.0,0.0,0.5789473684210527,0.0,1.0,0.0,1.0,15.0,0.0,0.0,1.0,3.0,0.0,1.0,0.0,0.0,0.0,0.0,0.0
1267,0,,,11.489125293076057,24.0,0.9572767386085161,0.0,0.0,2.0,0,2.0,0,0.0,1,0.0,1,0.0,0.0,0,0,1,1,1,1,0.0,0.0,1.0,1.0,0.0,0.0,0.0,0.5263157894736842,7.0,0.0,7.0,0.0,5.0,0.0,0.0,1.0,1.0,0.0,1.0,0.0,0.0,0.0,0.0,0.0
350,1,350.0,350.0,0.0,0.0,1.0,0.0,0.0,0.0,1,0.0,1,0.0,1,0.0,1,0.0,0.0,0,0,1,1,1,1,0.0,0.0,1.0,1.0,0.0,0.0,0.0,0.8421052631578947,0.0,1.0,0.0,1.0,0.0,1.0,0.0,1.0,0.0,1.0,1.0,0.0,0.0,0.0,0.0,0.0
924,1,924.0,924.0,0.0,0.0,1.0,0.0,0.0,0.0,1,0.0,1,0.0,1,0.0,1,0.0,0.0,0,0,1,1,1,1,0.0,0.0,1.0,1.0,0.0,0.0,0.0,0.8421052631578947,0.0,1.0,0.0,1.0,0.0,1.0,0.0,1.0,0.0,1.0,1.0,0.0,0.0,0.0,0.0,0.0
5,1,5.0,5.0,0.0,0.0,1.0,0.0,1.0,0.0,1,0.0,1,0.0,1,0.0,1,0.0,1.0,0,0,1,1,1,1,1.0,1.0,0.0,1.0,1.0,1.0,1.0,0.8947368421052632,0.0,0.0,0.0,0.0,0.0,0.0,0.0,0.0,0.0,0.0,0.0,0.0,1.0,0.0,0.0,0.0
309,1,309.0,309.0,0.0,0.0,1.0,0.0,0.0,0.0,1,0.0,1,0.0,1,0.0,1,0.0,0.0,0,0,1,1,1,1,0.0,0.0,1.0,1.0,0.0,0.0,0.0,0.8421052631578947,0.0,1.0,0.0,1.0,0.0,1.0,0.0,1.0,0.0,1.0,1.0,0.0,0.0,0.0,0.0,0.0
367,1,367.0,367.0,0.0,0.0,1.0,0.0,1.0,0.0,1,0.0,1,0.0,1,0.0,1,0.0,0.0,0,0,1,1,1,1,0.0,0.0,1.0,1.0,0.0,0.0,0.0,0.8947368421052632,0.0,1.0,0.0,1.0,0.0,1.0,0.0,1.0,0.0,1.0,1.0,0.0,0.0,0.0,0.0,0.0
996,1,996.0,996.0,0.0,0.0,1.0,0.0,0.0,0.0,1,0.0,1,0.0,1,0.0,1,0.0,0.0,0,0,1,1,1,1,0.0,0.0,1.0,1.0,0.0,0.0,0.0,0.8421052631578947,0.0,1.0,0.0,1.0,0.0,1.0,0.0,1.0,0.0,1.0,1.0,0.0,0.0,0.0,0.0,0.0
1785,0,,,13.152946437965905,17.0,0.9892518051740458,0.0,0.0,13.0,0,1.0,0,0.0,1,1.0,0,0.0,0.0,0,0,0,1,1,1,0.0,0.0,1.0,1.0,0.0,0.0,0.0,0.5263157894736842,0.0,1.0,0.0,1.0,0.0,1.0,1.0,0.0,1.0,0.0,1.0,0.0,0.0,0.0,0.0,0.0
193,1,193.0,193.0,0.0,0.0,1.0,0.0,1.0,0.0,1,0.0,1,0.0,1,0.0,1,0.0,0.0,0,0,1,1,1,1,0.0,0.0,1.0,1.0,0.0,0.0,0.0,0.8947368421052632,0.0,1.0,0.0,1.0,0.0,1.0,0.0,1.0,0.0,1.0,1.0,0.0,0.0,0.0,0.0,0.0
188,1,188.0,188.0,0.0,0.0,1.0,0.0,0.0,0.0,1,0.0,1,0.0,1,0.0,1,0.0,0.0,0,0,1,1,1,1,0.0,0.0,1.0,1.0,0.0,0.0,0.0,0.8421052631578947,0.0,1.0,0.0,1.0,0.0,1.0,0.0,1.0,0.0,1.0,1.0,0.0,0.0,0.0,0.0,0.0
1786,0,,,36.02776706930364,48.0,0.6175149508562846,0.0,1.0,0.0,1,2.0,0,0.0,1,2.0,0,0.0,0.0,0,0,0,1,1,1,0.0,0.0,1.0,1.0,0.0,0.0,0.0,0.5789473684210527,0.0,1.0,0.0,1.0,35.0,0.0,1.0,0.0,8.0,0.0,1.0,0.0,0.0,0.0,0.0,0.0
299,1,299.0,299.0,0.0,0.0,1.0,0.0,1.0,0.0,1,0.0,1,0.0,1,0.0,1,0.0,0.0,0,0,1,1,1,1,0.0,0.0,1.0,1.0,0.0,0.0,0.0,0.8947368421052632,0.0,1.0,0.0,1.0,0.0,1.0,0.0,1.0,0.0,1.0,1.0,0.0,0.0,0.0,0.0,0.0
1793,0,,,59.22837157984339,66.0,0.9995699539156311,0.0,0.0,59.0,0,5.0,0,0.0,1,1.0,0,0.0,1.0,0,0,0,1,1,1,1.0,1.0,0.0,1.0,1.0,1.0,1.0,0.5789473684210527,0.0,0.0,0.0,0.0,0.0,0.0,0.0,0.0,0.0,0.0,0.0,1.0,0.0,0.0,0.0,0.0
353,1,353.0,353.0,0.0,0.0,1.0,0.0,1.0,0.0,1,0.0,1,0.0,1,0.0,1,0.0,0.0,0,0,1,1,1,1,0.0,0.0,1.0,1.0,0.0,0.0,0.0,0.8947368421052632,0.0,1.0,0.0,1.0,0.0,1.0,0.0,1.0,0.0,1.0,1.0,0.0,0.0,0.0,0.0,0.0
712,1,712.0,712.0,0.0,0.0,1.0,0.0,0.0,0.0,1,0.0,1,0.0,1,0.0,1,0.0,0.0,0,0,1,1,1,1,0.0,0.0,1.0,1.0,0.0,0.0,0.0,0.8421052631578947,0.0,1.0,0.0,1.0,0.0,1.0,0.0,1.0,0.0,1.0,1.0,0.0,0.0,0.0,0.0,0.0
1120,0,,,30.62678566222711,38.0,0.9531335323815341,0.0,0.0,30.0,0,6.0,0,0.0,1,1.0,0,0.0,0.0,0,0,0,1,1,1,0.0,0.0,1.0,1.0,0.0,0.0,0.0,0.5789473684210527,0.0,1.0,0.0,1.0,0.0,1.0,0.0,1.0,1.0,0.0,1.0,0.0,0.0,0.0,0.0,0.0
1292,0,,,58.09475019311125,63.0,0.9481545956406836,1.0,0.0,58.0,0,0.0,1,0.0,1,0.0,1,0.0,0.0,0,0,0,1,1,1,0.0,0.0,1.0,1.0,0.0,0.0,0.0,0.631578947368421,0.0,1.0,0.0,1.0,0.0,1.0,3.0,0.0,1.0,0.0,1.0,0.0,0.0,0.0,0.0,0.0
749,1,749.0,749.0,0.0,0.0,1.0,0.0,0.0,0.0,1,0.0,1,0.0,1,0.0,1,0.0,0.0,0,0,1,1,1,1,0.0,0.0,1.0,1.0,0.0,0.0,0.0,0.8421052631578947,0.0,1.0,0.0,1.0,0.0,1.0,0.0,1.0,0.0,1.0,1.0,0.0,0.0,0.0,0.0,0.0
1039,0,,,21.0,29.0,0.9743499270956384,0.0,0.0,20.0,0,6.0,0,0.0,1,1.0,0,0.0,0.0,0,0,0,1,1,1,0.0,0.0,1.0,1.0,0.0,0.0,0.0,0.5789473684210527,0.0,1.0,0.0,1.0,2.0,0.0,0.0,1.0,0.0,1.0,1.0,0.0,0.0,0.0,0.0,0.0
963,1,963.0,963.0,0.0,0.0,1.0,0.0,0.0,0.0,1,0.0,1,0.0,1,0.0,1,0.0,0.0,0,0,1,1,1,1,0.0,0.0,1.0,1.0,0.0,0.0,0.0,0.8421052631578947,0.0,1.0,0.0,1.0,0.0,1.0,0.0,1.0,0.0,1.0,1.0,0.0,0.0,0.0,0.0,0.0
1931,0,,,31.68595903550972,48.0,0.9837302479503404,0.0,0.0,29.0,0,0.0,1,0.0,1,1.0,0,0.0,0.0,0,0,0,1,1,1,0.0,0.0,1.0,1.0,0.0,0.0,0.0,0.5789473684210527,9.0,0.0,9.0,0.0,0.0,1.0,0.0,1.0,0.0,1.0,1.0,0.0,0.0,0.0,0.0,0.0
481,1,481.0,481.0,0.0,0.0,1.0,0.0,0.0,0.0,1,0.0,1,0.0,1,0.0,1,0.0,0.0,0,0,1,1,1,1,0.0,0.0,1.0,1.0,0.0,0.0,0.0,0.8421052631578947,0.0,1.0,0.0,1.0,0.0,1.0,0.0,1.0,0.0,1.0,1.0,0.0,0.0,0.0,0.0,0.0
1924,0,,,11.489125293076057,20.0,0.9827865683727535,0.0,0.0,2.0,0,1.0,0,0.0,1,0.0,1,0.0,0.0,0,0,1,1,1,1,0.0,0.0,1.0,1.0,0.0,0.0,0.0,0.5263157894736842,1.0,0.0,1.0,0.0,10.0,0.0,0.0,1.0,5.0,0.0,1.0,0.0,0.0,0.0,0.0,0.0
1874,0,,,5.291502622129181,10.0,0.9954304503942107,0.0,0.0,0.0,1,3.0,0,0.0,1,0.0,1,0.0,0.0,0,0,1,1,1,1,0.0,0.0,1.0,1.0,0.0,0.0,0.0,0.631578947368421,3.0,0.0,3.0,0.0,0.0,1.0,1.0,0.0,0.0,1.0,1.0,0.0,0.0,0.0,0.0,0.0
1908,0,,,10.862780491200215,20.0,0.9569689796077576,0.0,0.0,2.0,0,8.0,0,0.0,1,0.0,1,0.0,0.0,0,0,0,1,1,1,0.0,0.0,1.0,1.0,0.0,0.0,0.0,0.5789473684210527,5.0,0.0,5.0,0.0,0.0,1.0,0.0,1.0,0.0,1.0,1.0,0.0,0.0,0.0,0.0,0.0
1005,0,,,21.79449471770337,35.0,0.9897493216817937,0.0,0.0,20.0,0,0.0,1,0.0,1,0.0,1,0.0,0.0,0,0,0,1,1,1,0.0,0.0,1.0,1.0,0.0,0.0,0.0,0.5789473684210527,5.0,0.0,5.0,0.0,0.0,1.0,0.0,1.0,5.0,0.0,1.0,0.0,0.0,0.0,0.0,0.0
801,1,801.0,801.0,0.0,0.0,1.0,0.0,0.0,0.0,1,0.0,1,0.0,1,0.0,1,0.0,0.0,0,0,1,1,1,1,1.0,1.0,1.0,0.0,1.0,1.0,1.0,0.8421052631578947,0.0,0.0,0.0,0.0,0.0,0.0,0.0,0.0,0.0,0.0,1.0,0.0,0.0,0.0,0.0,1.0
1024,0,,,30.72458299147443,40.0,0.9998847063490813,0.0,0.0,30.0,0,6.0,0,0.0,1,2.0,0,0.0,1.0,0,0,0,1,1,1,1.0,1.0,0.0,1.0,1.0,1.0,1.0,0.5789473684210527,0.0,0.0,0.0,0.0,0.0,0.0,0.0,0.0,0.0,0.0,0.0,2.0,0.0,0.0,0.0,0.0
1595,0,,,12.96148139681572,24.0,0.9803184114050354,0.0,0.0,1.0,0,10.0,0,0.0,1,0.0,1,0.0,0.0,0,0,1,1,1,1,0.0,0.0,1.0,1.0,0.0,0.0,0.0,0.5789473684210527,0.0,1.0,0.0,1.0,7.0,0.0,3.0,0.0,3.0,0.0,1.0,0.0,0.0,0.0,0.0,0.0
870,1,870.0,870.0,0.0,0.0,1.0,0.0,0.0,0.0,1,0.0,1,0.0,1,0.0,1,0.0,0.0,0,0,1,1,1,1,0.0,0.0,1.0,1.0,0.0,0.0,0.0,0.8421052631578947,0.0,1.0,0.0,1.0,0.0,1.0,0.0,1.0,0.0,1.0,1.0,0.0,0.0,0.0,0.0,0.0
1978,0,,,15.033296378372908,26.0,0.9097207312252247,0.0,0.0,0.0,1,8.0,0,0.0,1,0.0,1,0.0,0.0,0,0,0,1,1,1,0.0,0.0,1.0,1.0,0.0,0.0,0.0,0.631578947368421,9.0,0.0,9.0,0.0,0.0,1.0,0.0,1.0,0.0,1.0,1.0,0.0,0.0,0.0,0.0,0.0
960,1,960.0,960.0,0.0,0.0,1.0,0.0,0.0,0.0,1,0.0,1,0.0,1,0.0,1,0.0,0.0,0,0,1,1,1,1,0.0,0.0,1.0,1.0,0.0,0.0,0.0,0.8421052631578947,0.0,1.0,0.0,1.0,0.0,1.0,0.0,1.0,0.0,1.0,1.0,0.0,0.0,0.0,0.0,0.0
821,1,821.0,821.0,0.0,0.0,1.0,0.0,1.0,0.0,1,0.0,1,0.0,1,0.0,1,0.0,0.0,0,0,1,1,1,1,0.0,0.0,1.0,1.0,0.0,0.0,0.0,0.8947368421052632,0.0,1.0,0.0,1.0,0.0,1.0,0.0,1.0,0.0,1.0,1.0,0.0,0.0,0.0,0.0,0.0
1988,0,,,11.489125293076057,20.0,0.9443569356328693,0.0,1.0,9.0,0,1.0,0,0.0,1,0.0,1,0.0,0.0,0,0,0,1,1,1,0.0,0.0,1.0,1.0,0.0,0.0,0.0,0.631578947368421,0.0,1.0,0.0,1.0,5.0,0.0,5.0,0.0,0.0,1.0,1.0,0.0,0.0,0.0,0.0,0.0
1232,0,,,9.1104335791443,11.0,0.887734702885411,0.0,1.0,0.0,1,9.0,0,0.0,1,0.0,1,0.0,0.0,0,0,0,1,1,1,0.0,0.0,1.0,1.0,0.0,0.0,0.0,0.6842105263157895,1.0,0.0,0.0,1.0,0.0,1.0,0.0,1.0,1.0,0.0,1.0,0.0,0.0,0.0,0.0,0.0
56,1,56.0,56.0,0.0,0.0,1.0,0.0,1.0,0.0,1,0.0,1,0.0,1,0.0,1,0.0,0.0,0,0,1,1,1,1,0.0,0.0,1.0,1.0,0.0,0.0,0.0,0.8947368421052632,0.0,1.0,0.0,1.0,0.0,1.0,0.0,1.0,0.0,1.0,1.0,0.0,0.0,0.0,0.0,0.0
1971,0,,,10.344080432788601,15.0,0.9774285908972283,0.0,0.0,1.0,0,1.0,0,0.0,1,1.0,0,0.0,0.0,0,0,0,1,1,1,0.0,0.0,1.0,1.0,0.0,0.0,0.0,0.5263157894736842,0.0,1.0,0.0,1.0,10.0,0.0,0.0,1.0,2.0,0.0,1.0,0.0,0.0,0.0,0.0,0.0
825,1,825.0,825.0,0.0,0.0,1.0,0.0,0.0,0.0,1,0.0,1,0.0,1,0.0,1,0.0,0.0,0,0,1,1,1,1,0.0,0.0,1.0,1.0,0.0,0.0,0.0,0.8421052631578947,0.0,1.0,0.0,1.0,0.0,1.0,0.0,1.0,0.0,1.0,1.0,0.0,0.0,0.0,0.0,0.0
332,1,332.0,332.0,0.0,0.0,1.0,0.0,0.0,0.0,1,0.0,1,0.0,1,0.0,1,0.0,0.0,0,0,1,1,1,1,1.0,1.0,1.0,0.0,1.0,1.0,1.0,0.8421052631578947,0.0,0.0,0.0,0.0,0.0,0.0,0.0,0.0,0.0,0.0,1.0,0.0,0.0,0.0,0.0,1.0
246,1,246.0,246.0,0.0,0.0,1.0,0.0,1.0,0.0,1,0.0,1,0.0,1,0.0,1,0.0,1.0,0,0,1,1,1,1,1.0,1.0,0.0,1.0,1.0,1.0,1.0,0.8947368421052632,0.0,0.0,0.0,0.0,0.0,0.0,0.0,0.0,0.0,0.0,0.0,0.0,1.0,0.0,0.0,0.0
766,1,766.0,766.0,0.0,0.0,1.0,0.0,0.0,0.0,1,0.0,1,0.0,1,0.0,1,0.0,0.0,0,0,1,1,1,1,0.0,0.0,1.0,1.0,0.0,0.0,0.0,0.8421052631578947,0.0,1.0,0.0,1.0,0.0,1.0,0.0,1.0,0.0,1.0,1.0,0.0,0.0,0.0,0.0,0.0
121,1,121.0,121.0,0.0,0.0,1.0,0.0,1.0,0.0,1,0.0,1,0.0,1,0.0,1,0.0,0.0,0,0,1,1,1,1,0.0,0.0,1.0,1.0,0.0,0.0,0.0,0.8947368421052632,0.0,1.0,0.0,1.0,0.0,1.0,0.0,1.0,0.0,1.0,1.0,0.0,0.0,0.0,0.0,0.0
878,1,878.0,878.0,0.0,0.0,1.0,0.0,0.0,0.0,1,0.0,1,0.0,1,0.0,1,0.0,0.0,0,0,1,1,1,1,1.0,1.0,1.0,0.0,1.0,1.0,1.0,0.8421052631578947,0.0,0.0,0.0,0.0,0.0,0.0,0.0,0.0,0.0,0.0,1.0,0.0,0.0,0.0,0.0,1.0
1402,0,,,39.153543900903784,45.0,0.9615325343449891,0.0,0.0,39.0,0,2.0,0,0.0,1,2.0,0,0.0,0.0,0,0,0,1,1,1,1.0,1.0,1.0,0.0,1.0,1.0,1.0,0.5789473684210527,0.0,0.0,0.0,0.0,0.0,0.0,0.0,0.0,0.0,0.0,1.0,0.0,0.0,0.0,2.0,0.0
1807,0,,,14.352700094407323,24.0,0.7694061912259182,1.0,0.0,1.0,0,0.0,1,0.0,1,0.0,1,0.0,0.0,0,0,0,1,1,1,0.0,0.0,1.0,1.0,0.0,0.0,0.0,0.5789473684210527,10.0,0.0,10.0,0.0,0.0,1.0,2.0,0.0,0.0,1.0,1.0,0.0,0.0,0.0,0.0,0.0
1360,0,,,51.048996072400875,54.0,0.9603834345801132,0.0,0.0,51.0,0,2.0,0,0.0,1,0.0,1,1.0,0.0,0,0,0,1,1,1,1.0,1.0,0.0,1.0,1.0,1.0,1.0,0.5789473684210527,0.0,0.0,0.0,0.0,0.0,0.0,0.0,0.0,0.0,0.0,0.0,0.0,0.0,0.0,0.0,0.0
971,1,971.0,971.0,0.0,0.0,1.0,0.0,0.0,0.0,1,0.0,1,0.0,1,0.0,1,0.0,0.0,0,0,1,1,1,1,0.0,0.0,1.0,1.0,0.0,0.0,0.0,0.8421052631578947,0.0,1.0,0.0,1.0,0.0,1.0,0.0,1.0,0.0,1.0,1.0,0.0,0.0,0.0,0.0,0.0
946,1,946.0,946.0,0.0,0.0,1.0,0.0,0.0,0.0,1,0.0,1,0.0,1,0.0,1,0.0,0.0,0,0,1,1,1,1,0.0,0.0,1.0,1.0,0.0,0.0,0.0,0.8421052631578947,0.0,1.0,0.0,1.0,0.0,1.0,0.0,1.0,0.0,1.0,1.0,0.0,0.0,0.0,0.0,0.0
1184,0,,,13.228756555322953,25.0,0.986740871822807,0.0,0.0,10.0,0,0.0,1,0.0,1,0.0,1,0.0,0.0,0,0,0,1,1,1,0.0,0.0,1.0,1.0,0.0,0.0,0.0,0.5789473684210527,5.0,0.0,5.0,0.0,5.0,0.0,0.0,1.0,0.0,1.0,1.0,0.0,0.0,0.0,0.0,0.0
642,1,642.0,642.0,0.0,0.0,1.0,0.0,0.0,0.0,1,0.0,1,0.0,1,0.0,1,0.0,1.0,0,0,1,1,1,1,1.0,1.0,0.0,1.0,1.0,1.0,1.0,0.8421052631578947,0.0,0.0,0.0,0.0,0.0,0.0,0.0,0.0,0.0,0.0,0.0,0.0,1.0,0.0,0.0,0.0
1271,0,,,10.862780491200215,22.0,0.9321255162121667,0.0,0.0,0.0,1,3.0,0,0.0,1,1.0,0,0.0,0.0,0,0,1,1,1,1,0.0,0.0,1.0,1.0,0.0,0.0,0.0,0.5263157894736842,7.0,0.0,7.0,0.0,0.0,1.0,1.0,0.0,3.0,0.0,1.0,0.0,0.0,0.0,0.0,0.0
1289,0,,,31.937438845342623,48.0,0.9859668397197758,0.0,0.0,28.0,0,1.0,0,0.0,1,3.0,0,0.0,0.0,0,0,0,1,1,1,0.0,0.0,1.0,1.0,0.0,0.0,0.0,0.5263157894736842,0.0,1.0,0.0,1.0,15.0,0.0,0.0,1.0,1.0,0.0,1.0,0.0,0.0,0.0,0.0,0.0
1168,0,,,36.87817782917155,60.0,0.7342084993450344,0.0,0.0,29.0,0,1.0,0,0.0,1,0.0,1,0.0,0.0,0,0,1,1,1,1,0.0,0.0,1.0,1.0,0.0,0.0,0.0,0.5789473684210527,0.0,1.0,0.0,1.0,22.0,0.0,3.0,0.0,5.0,0.0,1.0,0.0,0.0,0.0,0.0,0.0
624,1,624.0,624.0,0.0,0.0,1.0,0.0,0.0,0.0,1,0.0,1,0.0,1,0.0,1,0.0,0.0,0,0,1,1,1,1,0.0,0.0,1.0,1.0,0.0,0.0,0.0,0.8421052631578947,0.0,1.0,0.0,1.0,0.0,1.0,0.0,1.0,0.0,1.0,1.0,0.0,0.0,0.0,0.0,0.0
365,1,365.0,365.0,0.0,0.0,1.0,0.0,1.0,0.0,1,0.0,1,0.0,1,0.0,1,0.0,0.0,0,0,1,1,1,1,0.0,0.0,1.0,1.0,0.0,0.0,0.0,0.8947368421052632,0.0,1.0,0.0,1.0,0.0,1.0,0.0,1.0,0.0,1.0,1.0,0.0,0.0,0.0,0.0,0.0
107,1,107.0,107.0,0.0,0.0,1.0,0.0,1.0,0.0,1,0.0,1,0.0,1,0.0,1,0.0,0.0,0,0,1,1,1,1,0.0,0.0,1.0,1.0,0.0,0.0,0.0,0.8947368421052632,0.0,1.0,0.0,1.0,0.0,1.0,0.0,1.0,0.0,1.0,1.0,0.0,0.0,0.0,0.0,0.0
1728,0,,,12.083045973594572,20.0,0.9999826740927095,1.0,0.0,11.0,0,4.0,0,0.0,1,0.0,1,2.0,0.0,0,0,0,1,1,1,1.0,1.0,0.0,1.0,1.0,1.0,1.0,0.5789473684210527,0.0,0.0,0.0,0.0,0.0,0.0,0.0,0.0,0.0,0.0,0.0,2.0,0.0,0.0,0.0,0.0
361,1,361.0,361.0,0.0,0.0,1.0,0.0,1.0,0.0,1,0.0,1,0.0,1,0.0,1,0.0,0.0,0,0,1,1,1,1,0.0,0.0,1.0,1.0,0.0,0.0,0.0,0.8947368421052632,0.0,1.0,0.0,1.0,0.0,1.0,0.0,1.0,0.0,1.0,1.0,0.0,0.0,0.0,0.0,0.0
1820,0,,,8.18535277187245,15.0,0.9703721058642247,0.0,1.0,0.0,1,6.0,0,0.0,1,2.0,0,0.0,0.0,0,0,0,1,1,1,0.0,0.0,1.0,1.0,0.0,0.0,0.0,0.5789473684210527,0.0,1.0,0.0,1.0,5.0,0.0,1.0,0.0,1.0,0.0,1.0,0.0,0.0,0.0,0.0,0.0
114,1,114.0,114.0,0.0,0.0,1.0,0.0,1.0,0.0,1,0.0,1,0.0,1,0.0,1,0.0,0.0,0,0,1,1,1,1,0.0,0.0,1.0,1.0,0.0,0.0,0.0,0.8947368421052632,0.0,1.0,0.0,1.0,0.0,1.0,0.0,1.0,0.0,1.0,1.0,0.0,0.0,0.0,0.0,0.0
153,1,153.0,153.0,0.0,0.0,1.0,0.0,0.0,0.0,1,0.0,1,0.0,1,0.0,1,0.0,0.0,0,0,1,1,1,1,0.0,0.0,1.0,1.0,0.0,0.0,0.0,0.8421052631578947,0.0,1.0,0.0,1.0,0.0,1.0,0.0,1.0,0.0,1.0,1.0,0.0,0.0,0.0,0.0,0.0
162,1,162.0,162.0,0.0,0.0,1.0,0.0,1.0,0.0,1,0.0,1,0.0,1,0.0,1,0.0,0.0,0,0,1,1,1,1,0.0,0.0,1.0,1.0,0.0,0.0,0.0,0.8947368421052632,0.0,1.0,0.0,1.0,0.0,1.0,0.0,1.0,0.0,1.0,1.0,0.0,0.0,0.0,0.0,0.0
881,1,881.0,881.0,0.0,0.0,1.0,0.0,0.0,0.0,1,0.0,1,0.0,1,0.0,1,0.0,0.0,0,0,1,1,1,1,0.0,0.0,1.0,1.0,0.0,0.0,0.0,0.8421052631578947,0.0,1.0,0.0,1.0,0.0,1.0,0.0,1.0,0.0,1.0,1.0,0.0,0.0,0.0,0.0,0.0
1767,0,,,23.62202362203543,44.0,0.9635773928037364,0.0,0.0,18.0,0,5.0,0,0.0,1,0.0,1,0.0,0.0,0,0,1,1,1,1,0.0,0.0,1.0,1.0,0.0,0.0,0.0,0.5789473684210527,13.0,0.0,6.0,0.0,0.0,1.0,2.0,0.0,0.0,1.0,1.0,0.0,0.0,0.0,0.0,0.0
922,1,922.0,922.0,0.0,0.0,1.0,0.0,0.0,0.0,1,0.0,1,0.0,1,0.0,1,0.0,0.0,0,0,1,1,1,1,0.0,0.0,1.0,1.0,0.0,0.0,0.0,0.8421052631578947,0.0,1.0,0.0,1.0,0.0,1.0,0.0,1.0,0.0,1.0,1.0,0.0,0.0,0.0,0.0,0.0
1671,0,,,20.46948949045872,27.0,0.9847690755040404,0.0,0.0,20.0,0,0.0,1,0.0,1,1.0,0,0.0,0.0,0,0,0,1,1,1,0.0,0.0,1.0,1.0,0.0,0.0,0.0,0.5789473684210527,3.0,0.0,3.0,0.0,0.0,1.0,0.0,1.0,0.0,1.0,1.0,0.0,0.0,0.0,0.0,0.0
354,1,354.0,354.0,0.0,0.0,1.0,0.0,1.0,0.0,1,0.0,1,0.0,1,0.0,1,0.0,0.0,0,0,1,1,1,1,0.0,0.0,1.0,1.0,0.0,0.0,0.0,0.8947368421052632,0.0,1.0,0.0,1.0,0.0,1.0,0.0,1.0,0.0,1.0,1.0,0.0,0.0,0.0,0.0,0.0
560,1,560.0,560.0,0.0,0.0,1.0,0.0,0.0,0.0,1,0.0,1,0.0,1,0.0,1,0.0,1.0,0,0,1,1,1,1,1.0,1.0,0.0,1.0,1.0,1.0,1.0,0.8421052631578947,0.0,0.0,0.0,0.0,0.0,0.0,0.0,0.0,0.0,0.0,0.0,0.0,1.0,0.0,0.0,0.0
619,1,619.0,619.0,0.0,0.0,1.0,0.0,0.0,0.0,1,0.0,1,0.0,1,0.0,1,0.0,0.0,0,0,1,1,1,1,0.0,0.0,1.0,1.0,0.0,0.0,0.0,0.8421052631578947,0.0,1.0,0.0,1.0,0.0,1.0,0.0,1.0,0.0,1.0,1.0,0.0,0.0,0.0,0.0,0.0
159,1,159.0,159.0,0.0,0.0,1.0,0.0,1.0,0.0,1,0.0,1,0.0,1,0.0,1,0.0,0.0,0,0,1,1,1,1,0.0,0.0,1.0,1.0,0.0,0.0,0.0,0.8947368421052632,0.0,1.0,0.0,1.0,0.0,1.0,0.0,1.0,0.0,1.0,1.0,0.0,0.0,0.0,0.0,0.0
1784,0,,,38.144462245521304,43.0,0.9709464932702613,0.0,0.0,38.0,0,1.0,0,0.0,1,0.0,1,0.0,0.0,0,0,0,1,1,1,0.0,0.0,1.0,1.0,0.0,0.0,0.0,0.5789473684210527,0.0,1.0,0.0,1.0,0.0,1.0,3.0,0.0,1.0,0.0,1.0,0.0,0.0,0.0,0.0,0.0
1183,0,,,40.55859958134649,51.0,0.999798333013889,0.0,0.0,40.0,0,5.0,0,0.0,1,0.0,1,4.0,0.0,0,0,0,1,1,1,1.0,1.0,0.0,1.0,1.0,1.0,1.0,0.5789473684210527,0.0,0.0,0.0,0.0,0.0,0.0,0.0,0.0,0.0,0.0,0.0,2.0,0.0,0.0,0.0,0.0
128,1,128.0,128.0,0.0,0.0,1.0,0.0,1.0,0.0,1,0.0,1,0.0,1,0.0,1,0.0,0.0,0,0,1,1,1,1,0.0,0.0,1.0,1.0,0.0,0.0,0.0,0.8947368421052632,0.0,1.0,0.0,1.0,0.0,1.0,0.0,1.0,0.0,1.0,1.0,0.0,0.0,0.0,0.0,0.0
1551,0,,,106.11314715905847,148.0,0.9986189283050236,0.0,0.0,51.0,0,0.0,1,0.0,1,1.0,0,93.0,0.0,0,0,0,1,1,1,1.0,1.0,0.0,1.0,1.0,1.0,1.0,0.5789473684210527,0.0,0.0,0.0,0.0,0.0,0.0,0.0,0.0,0.0,0.0,0.0,3.0,0.0,0.0,0.0,0.0
1305,0,,,53.62835071116769,84.0,0.7861931672795467,1.0,0.0,40.0,0,7.0,0,0.0,1,0.0,1,0.0,0.0,0,0,1,1,1,1,0.0,0.0,1.0,1.0,0.0,0.0,0.0,0.631578947368421,0.0,1.0,0.0,1.0,35.0,0.0,1.0,0.0,0.0,1.0,1.0,0.0,0.0,0.0,0.0,0.0
1758,0,,,5.196152422706632,9.0,0.9554657008729898,0.0,0.0,1.0,0,3.0,0,0.0,1,0.0,1,0.0,0.0,0,0,0,1,1,1,0.0,0.0,1.0,1.0,0.0,0.0,0.0,0.5789473684210527,0.0,1.0,0.0,1.0,0.0,1.0,4.0,0.0,1.0,0.0,1.0,0.0,0.0,0.0,0.0,0.0
1809,0,,,61.87891401761993,75.0,0.9719418577512182,0.0,0.0,61.0,0,2.0,0,0.0,1,2.0,0,0.0,0.0,0,0,0,1,1,1,0.0,0.0,1.0,1.0,0.0,0.0,0.0,0.5789473684210527,0.0,1.0,0.0,1.0,10.0,0.0,0.0,1.0,0.0,1.0,1.0,0.0,0.0,0.0,0.0,0.0
289,1,289.0,289.0,0.0,0.0,1.0,0.0,0.0,0.0,1,0.0,1,0.0,1,0.0,1,0.0,0.0,0,0,1,1,1,1,0.0,0.0,1.0,1.0,0.0,0.0,0.0,0.8421052631578947,0.0,1.0,0.0,1.0,0.0,1.0,0.0,1.0,0.0,1.0,1.0,0.0,0.0,0.0,0.0,0.0
340,1,340.0,340.0,0.0,0.0,1.0,0.0,1.0,0.0,1,0.0,1,0.0,1,0.0,1,0.0,0.0,0,0,1,1,1,1,0.0,0.0,1.0,1.0,0.0,0.0,0.0,0.8947368421052632,0.0,1.0,0.0,1.0,0.0,1.0,0.0,1.0,0.0,1.0,1.0,0.0,0.0,0.0,0.0,0.0
399,1,399.0,399.0,0.0,0.0,1.0,0.0,0.0,0.0,1,0.0,1,0.0,1,0.0,1,0.0,0.0,0,0,1,1,1,1,0.0,0.0,1.0,1.0,0.0,0.0,0.0,0.8421052631578947,0.0,1.0,0.0,1.0,0.0,1.0,0.0,1.0,0.0,1.0,1.0,0.0,0.0,0.0,0.0,0.0
1617,0,,,14.7648230602334,26.0,0.9377460349258131,0.0,0.0,1.0,0,0.0,1,0.0,1,1.0,0,0.0,0.0,0,0,0,1,1,1,0.0,0.0,1.0,1.0,0.0,0.0,0.0,0.5263157894736842,10.0,0.0,10.0,0.0,0.0,1.0,0.0,1.0,4.0,0.0,1.0,0.0,0.0,0.0,0.0,0.0
1365,0,,,4.898979485566356,10.0,0.9939061084528581,0.0,0.0,1.0,0,2.0,0,0.0,1,0.0,1,0.0,0.0,0,0,0,1,1,1,0.0,0.0,1.0,1.0,0.0,0.0,0.0,0.5263157894736842,3.0,0.0,3.0,0.0,0.0,1.0,1.0,0.0,0.0,1.0,1.0,0.0,0.0,0.0,0.0,0.0
1676,0,,,57.29746940310715,93.0,0.8338162101042931,0.0,0.0,17.0,0,0.0,1,0.0,1,1.0,0,0.0,0.0,0,0,0,1,1,1,0.0,0.0,1.0,1.0,0.0,0.0,0.0,0.5263157894736842,0.0,1.0,0.0,1.0,50.0,0.0,3.0,0.0,22.0,0.0,1.0,0.0,0.0,0.0,0.0,0.0
1584,0,,,10.954451150103322,16.0,0.9526929463708551,0.0,0.0,0.0,1,10.0,0,0.0,1,0.0,1,0.0,0.0,0,0,0,1,1,1,0.0,0.0,1.0,1.0,0.0,0.0,0.0,0.631578947368421,0.0,1.0,0.0,1.0,0.0,1.0,2.0,0.0,4.0,0.0,1.0,0.0,0.0,0.0,0.0,0.0
1535,0,,,60.28266749240614,68.0,0.6959471536540678,0.0,0.0,60.0,0,0.0,1,0.0,1,0.0,1,0.0,0.0,0,0,0,1,1,1,0.0,0.0,1.0,1.0,0.0,0.0,0.0,0.631578947368421,0.0,1.0,0.0,1.0,0.0,1.0,5.0,0.0,3.0,0.0,1.0,0.0,0.0,0.0,0.0,0.0
873,1,873.0,873.0,0.0,0.0,1.0,0.0,0.0,0.0,1,0.0,1,0.0,1,0.0,1,0.0,0.0,0,0,1,1,1,1,0.0,0.0,1.0,1.0,0.0,0.0,0.0,0.8421052631578947,0.0,1.0,0.0,1.0,0.0,1.0,0.0,1.0,0.0,1.0,1.0,0.0,0.0,0.0,0.0,0.0
680,1,680.0,680.0,0.0,0.0,1.0,0.0,0.0,0.0,1,0.0,1,0.0,1,0.0,1,0.0,0.0,0,0,1,1,1,1,0.0,0.0,1.0,1.0,0.0,0.0,0.0,0.8421052631578947,0.0,1.0,0.0,1.0,0.0,1.0,0.0,1.0,0.0,1.0,1.0,0.0,0.0,0.0,0.0,0.0
764,1,764.0,764.0,0.0,0.0,1.0,0.0,0.0,0.0,1,0.0,1,0.0,1,0.0,1,0.0,0.0,0,0,1,1,1,1,0.0,0.0,1.0,1.0,0.0,0.0,0.0,0.8421052631578947,0.0,1.0,0.0,1.0,0.0,1.0,0.0,1.0,0.0,1.0,1.0,0.0,0.0,0.0,0.0,0.0
1525,0,,,10.862780491200215,16.0,0.969230128317957,0.0,0.0,10.0,0,4.0,0,0.0,1,1.0,0,0.0,0.0,0,0,0,1,1,1,0.0,0.0,1.0,1.0,0.0,0.0,0.0,0.5789473684210527,0.0,1.0,0.0,1.0,0.0,1.0,0.0,1.0,1.0,0.0,1.0,0.0,0.0,0.0,0.0,0.0
835,1,835.0,835.0,0.0,0.0,1.0,0.0,0.0,0.0,1,0.0,1,0.0,1,0.0,1,0.0,0.0,0,0,1,1,1,1,0.0,0.0,1.0,1.0,0.0,0.0,0.0,0.8421052631578947,0.0,1.0,0.0,1.0,0.0,1.0,0.0,1.0,0.0,1.0,1.0,0.0,0.0,0.0,0.0,0.0
222,1,222.0,222.0,0.0,0.0,1.0,0.0,0.0,0.0,1,0.0,1,0.0,1,0.0,1,0.0,0.0,0,0,1,1,1,1,0.0,0.0,1.0,1.0,0.0,0.0,0.0,0.8421052631578947,0.0,1.0,0.0,1.0,0.0,1.0,0.0,1.0,0.0,1.0,1.0,0.0,0.0,0.0,0.0,0.0
1429,0,,,39.370039370059054,48.0,0.999809973841155,0.0,0.0,39.0,0,4.0,0,0.0,1,0.0,1,3.0,0.0,0,0,0,1,1,1,1.0,1.0,0.0,1.0,1.0,1.0,1.0,0.5789473684210527,0.0,0.0,0.0,0.0,0.0,0.0,0.0,0.0,0.0,0.0,0.0,2.0,0.0,0.0,0.0,0.0
1544,0,,,27.258026340878022,33.0,0.9974016153395758,0.0,0.0,27.0,0,0.0,1,0.0,1,1.0,0,0.0,0.0,0,0,0,1,1,1,0.0,0.0,1.0,1.0,0.0,0.0,0.0,0.5789473684210527,0.0,1.0,0.0,1.0,3.0,0.0,2.0,0.0,0.0,1.0,1.0,0.0,0.0,0.0,0.0,0.0
1434,0,,,33.25657829663178,54.0,0.9142835959440845,0.0,0.0,30.0,0,5.0,0,0.0,1,0.0,1,0.0,0.0,0,0,0,1,1,1,0.0,0.0,1.0,1.0,0.0,0.0,0.0,0.5789473684210527,10.0,0.0,9.0,0.0,0.0,1.0,0.0,1.0,0.0,1.0,1.0,0.0,0.0,0.0,0.0,0.0
646,1,646.0,646.0,0.0,0.0,1.0,0.0,1.0,0.0,1,0.0,1,0.0,1,0.0,1,0.0,0.0,0,0,1,1,1,1,0.0,0.0,1.0,1.0,0.0,0.0,0.0,0.8947368421052632,0.0,1.0,0.0,1.0,0.0,1.0,0.0,1.0,0.0,1.0,1.0,0.0,0.0,0.0,0.0,0.0
276,1,276.0,276.0,0.0,0.0,1.0,0.0,1.0,0.0,1,0.0,1,0.0,1,0.0,1,0.0,0.0,0,0,1,1,1,1,0.0,0.0,1.0,1.0,0.0,0.0,0.0,0.8947368421052632,0.0,1.0,0.0,1.0,0.0,1.0,0.0,1.0,0.0,1.0,1.0,0.0,0.0,0.0,0.0,0.0
822,1,822.0,822.0,0.0,0.0,1.0,0.0,1.0,0.0,1,0.0,1,0.0,1,0.0,1,0.0,0.0,0,0,1,1,1,1,0.0,0.0,1.0,1.0,0.0,0.0,0.0,0.8947368421052632,0.0,1.0,0.0,1.0,0.0,1.0,0.0,1.0,0.0,1.0,1.0,0.0,0.0,0.0,0.0,0.0
1851,0,,,41.41255848169731,59.0,0.8396278465715827,0.0,0.0,40.0,0,9.0,0,0.0,1,0.0,1,0.0,0.0,0,0,1,1,1,1,0.0,0.0,1.0,1.0,0.0,0.0,0.0,0.5789473684210527,3.0,0.0,3.0,0.0,0.0,1.0,4.0,0.0,0.0,1.0,1.0,0.0,0.0,0.0,0.0,0.0
1849,0,,,25.337718918639855,46.0,0.9593114160136296,0.0,0.0,20.0,0,6.0,0,0.0,1,0.0,1,0.0,0.0,0,0,1,1,1,1,0.0,0.0,1.0,1.0,0.0,0.0,0.0,0.5789473684210527,13.0,0.0,6.0,0.0,0.0,1.0,0.0,1.0,1.0,0.0,1.0,0.0,0.0,0.0,0.0,0.0
1297,0,,,16.0312195418814,31.0,0.9750345509256709,0.0,0.0,10.0,0,2.0,0,0.0,1,2.0,0,0.0,0.0,0,0,1,1,1,1,0.0,0.0,1.0,1.0,0.0,0.0,0.0,0.5789473684210527,0.0,1.0,0.0,1.0,10.0,0.0,0.0,1.0,7.0,0.0,1.0,0.0,0.0,0.0,0.0,0.0
653,1,653.0,653.0,0.0,0.0,1.0,0.0,0.0,0.0,1,0.0,1,0.0,1,0.0,1,0.0,0.0,0,0,1,1,1,1,0.0,0.0,1.0,1.0,0.0,0.0,0.0,0.8421052631578947,0.0,1.0,0.0,1.0,0.0,1.0,0.0,1.0,0.0,1.0,1.0,0.0,0.0,0.0,0.0,0.0
1065,0,,,28.089143810376278,51.0,0.7876925475080886,0.0,0.0,18.0,0,0.0,1,0.0,1,2.0,0,0.0,0.0,0,0,0,1,1,1,0.0,0.0,1.0,1.0,0.0,0.0,0.0,0.5263157894736842,0.0,1.0,0.0,1.0,20.0,0.0,5.0,0.0,6.0,0.0,1.0,0.0,0.0,0.0,0.0,0.0
861,1,861.0,861.0,0.0,0.0,1.0,0.0,0.0,0.0,1,0.0,1,0.0,1,0.0,1,0.0,0.0,0,0,1,1,1,1,0.0,0.0,1.0,1.0,0.0,0.0,0.0,0.8421052631578947,0.0,1.0,0.0,1.0,0.0,1.0,0.0,1.0,0.0,1.0,1.0,0.0,0.0,0.0,0.0,0.0
1543,0,,,60.89334939055332,82.0,0.6124781683693682,1.0,0.0,59.0,0,1.0,0,0.0,1,2.0,0,0.0,0.0,0,0,1,1,1,1,0.0,0.0,1.0,1.0,0.0,0.0,0.0,0.5789473684210527,14.0,0.0,5.0,0.0,0.0,1.0,0.0,1.0,0.0,1.0,1.0,0.0,0.0,0.0,0.0,0.0
1906,0,,,66.34003316248794,93.0,0.940620903319621,0.0,0.0,60.0,0,4.0,0,0.0,1,0.0,1,0.0,0.0,0,0,0,1,1,1,0.0,0.0,1.0,1.0,0.0,0.0,0.0,0.5789473684210527,0.0,1.0,0.0,1.0,28.0,0.0,1.0,0.0,0.0,1.0,1.0,0.0,0.0,0.0,0.0,0.0
1972,0,,,14.628738838327793,26.0,0.9999816861864756,0.0,0.0,2.0,0,11.0,0,0.0,1,0.0,1,5.0,0.0,0,0,0,1,1,1,1.0,1.0,0.0,1.0,1.0,1.0,1.0,0.5789473684210527,0.0,0.0,0.0,0.0,0.0,0.0,0.0,0.0,0.0,0.0,0.0,8.0,0.0,0.0,0.0,0.0
1537,0,,,7.280109889280518,11.0,0.9713459636368831,0.0,0.0,0.0,1,4.0,0,0.0,1,0.0,1,0.0,0.0,0,0,0,1,1,1,0.0,0.0,1.0,1.0,0.0,0.0,0.0,0.631578947368421,0.0,1.0,0.0,1.0,0.0,1.0,1.0,0.0,6.0,0.0,1.0,0.0,0.0,0.0,0.0,0.0
1319,0,,,50.51732376126036,60.0,0.6739656221707728,0.0,0.0,50.0,0,7.0,0,0.0,1,1.0,0,0.0,0.0,0,0,1,1,1,1,0.0,0.0,1.0,1.0,0.0,0.0,0.0,0.5789473684210527,1.0,0.0,1.0,0.0,0.0,1.0,0.0,1.0,0.0,1.0,1.0,0.0,0.0,0.0,0.0,0.0
1478,0,,,10.63014581273465,23.0,0.990882973877107,1.0,0.0,9.0,0,2.0,0,0.0,1,2.0,0,0.0,0.0,0,0,1,1,1,1,0.0,0.0,1.0,1.0,0.0,0.0,0.0,0.47368421052631576,3.0,0.0,3.0,0.0,2.0,0.0,1.0,0.0,0.0,1.0,1.0,0.0,0.0,0.0,0.0,0.0
1182,0,,,12.727922061357855,22.0,0.9894912510354242,0.0,0.0,11.0,0,0.0,1,0.0,1,3.0,0,0.0,0.0,0,0,0,1,1,1,0.0,0.0,1.0,1.0,0.0,0.0,0.0,0.5789473684210527,0.0,1.0,0.0,1.0,0.0,1.0,4.0,0.0,4.0,0.0,1.0,0.0,0.0,0.0,0.0,0.0
1832,0,,,28.21347195933177,34.0,0.9999026083919395,0.0,0.0,28.0,0,1.0,0,0.0,1,1.0,0,3.0,0.0,0,0,0,1,1,1,1.0,1.0,0.0,1.0,1.0,1.0,1.0,0.5263157894736842,0.0,0.0,0.0,0.0,0.0,0.0,0.0,0.0,0.0,0.0,0.0,1.0,0.0,0.0,0.0,0.0
503,1,503.0,503.0,0.0,0.0,1.0,0.0,1.0,0.0,1,0.0,1,0.0,1,0.0,1,0.0,0.0,0,0,1,1,1,1,0.0,0.0,1.0,1.0,0.0,0.0,0.0,0.8947368421052632,0.0,1.0,0.0,1.0,0.0,1.0,0.0,1.0,0.0,1.0,1.0,0.0,0.0,0.0,0.0,0.0
1973,0,,,33.24154027718932,41.0,0.8379003963209761,0.0,0.0,1.0,0,3.0,0,0.0,1,1.0,0,0.0,0.0,0,0,1,1,1,1,0.0,0.0,1.0,1.0,0.0,0.0,0.0,0.5263157894736842,0.0,1.0,0.0,1.0,33.0,0.0,1.0,0.0,2.0,0.0,1.0,0.0,0.0,0.0,0.0,0.0
1495,0,,,11.313708498984761,22.0,0.9618108624604124,0.0,0.0,1.0,0,2.0,0,0.0,1,0.0,1,0.0,0.0,0,0,0,1,1,1,0.0,0.0,1.0,1.0,0.0,0.0,0.0,0.5263157894736842,7.0,0.0,7.0,0.0,5.0,0.0,0.0,1.0,0.0,1.0,1.0,0.0,0.0,0.0,0.0,0.0
424,1,424.0,424.0,0.0,0.0,1.0,0.0,0.0,0.0,1,0.0,1,0.0,1,0.0,1,0.0,0.0,0,0,1,1,1,1,0.0,0.0,1.0,1.0,0.0,0.0,0.0,0.8421052631578947,0.0,1.0,0.0,1.0,0.0,1.0,0.0,1.0,0.0,1.0,1.0,0.0,0.0,0.0,0.0,0.0
1443,0,,,28.74021572639983,38.0,0.9998986253175204,0.0,0.0,28.0,0,5.0,0,0.0,1,1.0,0,4.0,0.0,0,0,0,1,1,1,1.0,1.0,0.0,1.0,1.0,1.0,1.0,0.5789473684210527,0.0,0.0,0.0,0.0,0.0,0.0,0.0,0.0,0.0,0.0,0.0,0.0,1.0,0.0,0.0,0.0
1707,0,,,33.04542328371661,36.0,0.8648349902955825,0.0,0.0,33.0,0,1.0,0,0.0,1,1.0,0,0.0,0.0,0,0,0,1,1,1,0.0,0.0,1.0,1.0,0.0,0.0,0.0,0.5789473684210527,0.0,1.0,0.0,1.0,0.0,1.0,0.0,1.0,1.0,0.0,1.0,0.0,0.0,0.0,0.0,0.0
1127,0,,,15.84297951775486,33.0,0.9804006884408484,0.0,0.0,10.0,0,7.0,0,0.0,1,2.0,0,0.0,0.0,0,0,0,1,1,1,0.0,0.0,1.0,1.0,0.0,0.0,0.0,0.5263157894736842,7.0,0.0,7.0,0.0,0.0,1.0,0.0,1.0,0.0,1.0,1.0,0.0,0.0,0.0,0.0,0.0
1575,0,,,7.3484692283495345,12.0,0.982000218222295,0.0,0.0,0.0,1,5.0,0,0.0,1,0.0,1,0.0,0.0,0,0,0,1,1,1,0.0,0.0,1.0,1.0,0.0,0.0,0.0,0.631578947368421,0.0,1.0,0.0,1.0,0.0,1.0,2.0,0.0,5.0,0.0,1.0,0.0,0.0,0.0,0.0,0.0
79,1,79.0,79.0,0.0,0.0,1.0,0.0,1.0,0.0,1,0.0,1,0.0,1,0.0,1,0.0,1.0,0,0,1,1,1,1,1.0,1.0,0.0,1.0,1.0,1.0,1.0,0.8947368421052632,0.0,0.0,0.0,0.0,0.0,0.0,0.0,0.0,0.0,0.0,0.0,0.0,1.0,0.0,0.0,0.0
1882,0,,,14.212670403551895,28.0,0.9296135682260976,0.0,0.0,0.0,1,7.0,0,0.0,1,1.0,0,0.0,0.0,0,0,0,1,1,1,0.0,0.0,1.0,1.0,0.0,0.0,0.0,0.5263157894736842,0.0,1.0,0.0,1.0,10.0,0.0,4.0,0.0,6.0,0.0,1.0,0.0,0.0,0.0,0.0,0.0
380,1,380.0,380.0,0.0,0.0,1.0,0.0,1.0,0.0,1,0.0,1,0.0,1,0.0,1,0.0,0.0,0,0,1,1,1,1,0.0,0.0,1.0,1.0,0.0,0.0,0.0,0.8947368421052632,0.0,1.0,0.0,1.0,0.0,1.0,0.0,1.0,0.0,1.0,1.0,0.0,0.0,0.0,0.0,0.0
1636,0,,,53.43220002957018,85.0,0.5893997847249879,0.0,0.0,40.0,0,3.0,0,0.0,1,1.0,0,0.0,0.0,0,0,1,1,1,1,0.0,0.0,1.0,1.0,0.0,0.0,0.0,0.5263157894736842,0.0,1.0,0.0,1.0,35.0,0.0,2.0,0.0,4.0,0.0,1.0,0.0,0.0,0.0,0.0,0.0
1823,0,,,11.40175425099138,20.0,0.9927515185577936,0.0,0.0,10.0,0,3.0,0,0.0,1,1.0,0,0.0,0.0,0,0,0,1,1,1,0.0,0.0,1.0,1.0,0.0,0.0,0.0,0.5263157894736842,0.0,1.0,0.0,1.0,0.0,1.0,4.0,0.0,2.0,0.0,1.0,0.0,0.0,0.0,0.0,0.0
1692,0,,,64.15605972938177,102.0,0.8714179757394376,0.0,0.0,9.0,0,7.0,0,0.0,1,0.0,1,0.0,0.0,0,0,0,1,1,1,0.0,0.0,1.0,1.0,0.0,0.0,0.0,0.5789473684210527,0.0,1.0,0.0,1.0,55.0,0.0,0.0,1.0,31.0,0.0,1.0,0.0,0.0,0.0,0.0,0.0
1246,0,,,6.557438524302,15.0,0.994831113646827,0.0,0.0,1.0,0,1.0,0,0.0,1,1.0,0,0.0,0.0,0,0,1,1,1,1,0.0,0.0,1.0,1.0,0.0,0.0,0.0,0.47368421052631576,4.0,0.0,4.0,0.0,0.0,1.0,2.0,0.0,2.0,0.0,1.0,0.0,0.0,0.0,0.0,0.0
1344,0,,,31.591137997862628,38.0,0.9913622358857619,0.0,0.0,31.0,0,6.0,0,0.0,1,1.0,0,0.0,0.0,0,0,1,1,0,1,1.0,1.0,1.0,0.0,1.0,1.0,1.0,0.5263157894736842,0.0,0.0,0.0,0.0,0.0,0.0,0.0,0.0,0.0,0.0,0.0,0.0,0.0,0.0,0.0,0.0
882,1,882.0,882.0,0.0,0.0,1.0,0.0,0.0,0.0,1,0.0,1,0.0,1,0.0,1,0.0,0.0,0,0,1,1,1,1,0.0,0.0,1.0,1.0,0.0,0.0,0.0,0.8421052631578947,0.0,1.0,0.0,1.0,0.0,1.0,0.0,1.0,0.0,1.0,1.0,0.0,0.0,0.0,0.0,0.0
344,1,344.0,344.0,0.0,0.0,1.0,0.0,1.0,0.0,1,0.0,1,0.0,1,0.0,1,0.0,0.0,0,0,1,1,1,1,0.0,0.0,1.0,1.0,0.0,0.0,0.0,0.8947368421052632,0.0,1.0,0.0,1.0,0.0,1.0,0.0,1.0,0.0,1.0,1.0,0.0,0.0,0.0,0.0,0.0
535,1,535.0,535.0,0.0,0.0,1.0,0.0,0.0,0.0,1,0.0,1,0.0,1,0.0,1,0.0,0.0,0,0,1,1,1,1,0.0,0.0,1.0,1.0,0.0,0.0,0.0,0.8421052631578947,0.0,1.0,0.0,1.0,0.0,1.0,0.0,1.0,0.0,1.0,1.0,0.0,0.0,0.0,0.0,0.0
221,1,221.0,221.0,0.0,0.0,1.0,0.0,0.0,0.0,1,0.0,1,0.0,1,0.0,1,0.0,0.0,0,0,1,1,1,1,0.0,0.0,1.0,1.0,0.0,0.0,0.0,0.8421052631578947,0.0,1.0,0.0,1.0,0.0,1.0,0.0,1.0,0.0,1.0,1.0,0.0,0.0,0.0,0.0,0.0
1930,0,,,19.339079605813716,26.0,0.9942390123721045,0.0,0.0,19.0,0,0.0,1,0.0,1,2.0,0,0.0,0.0,0,0,1,1,1,1,0.0,0.0,1.0,1.0,0.0,0.0,0.0,0.5789473684210527,0.0,1.0,0.0,1.0,2.0,0.0,2.0,0.0,1.0,0.0,1.0,0.0,0.0,0.0,0.0,0.0
1876,0,,,97.27281223445738,130.0,0.7576840602802664,0.0,0.0,31.0,0,6.0,0,0.0,1,1.0,0,92.0,0.0,0,0,1,1,1,1,1.0,1.0,0.0,1.0,1.0,1.0,1.0,0.5789473684210527,0.0,0.0,0.0,0.0,0.0,0.0,0.0,0.0,0.0,0.0,0.0,0.0,0.0,0.0,0.0,0.0
853,1,853.0,853.0,0.0,0.0,1.0,0.0,0.0,0.0,1,0.0,1,0.0,1,0.0,1,0.0,0.0,0,0,1,1,1,1,0.0,0.0,1.0,1.0,0.0,0.0,0.0,0.8421052631578947,0.0,1.0,0.0,1.0,0.0,1.0,0.0,1.0,0.0,1.0,1.0,0.0,0.0,0.0,0.0,0.0
124,1,124.0,124.0,0.0,0.0,1.0,0.0,1.0,0.0,1,0.0,1,0.0,1,0.0,1,0.0,1.0,0,0,1,1,1,1,1.0,1.0,1.0,1.0,1.0,1.0,1.0,0.8947368421052632,0.0,0.0,0.0,0.0,0.0,0.0,0.0,0.0,0.0,0.0,0.0,0.0,0.0,0.0,0.0,0.0
851,1,851.0,851.0,0.0,0.0,1.0,0.0,0.0,0.0,1,0.0,1,0.0,1,0.0,1,0.0,0.0,0,0,1,1,1,1,1.0,1.0,1.0,0.0,1.0,1.0,1.0,0.8421052631578947,0.0,0.0,0.0,0.0,0.0,0.0,0.0,0.0,0.0,0.0,1.0,0.0,0.0,0.0,0.0,1.0
1049,0,,,49.18333050943175,55.0,0.8270410051380195,0.0,0.0,49.0,0,4.0,0,0.0,1,1.0,0,0.0,0.0,0,0,0,1,1,1,0.0,0.0,1.0,1.0,0.0,0.0,0.0,0.5789473684210527,0.0,1.0,0.0,1.0,0.0,1.0,0.0,1.0,1.0,0.0,1.0,0.0,0.0,0.0,0.0,0.0
644,1,644.0,644.0,0.0,0.0,1.0,0.0,1.0,0.0,1,0.0,1,0.0,1,0.0,1,0.0,0.0,0,0,1,1,1,1,0.0,0.0,1.0,1.0,0.0,0.0,0.0,0.8947368421052632,0.0,1.0,0.0,1.0,0.0,1.0,0.0,1.0,0.0,1.0,1.0,0.0,0.0,0.0,0.0,0.0
1256,0,,,38.61346915261564,49.0,0.9686763036682858,0.0,0.0,38.0,0,3.0,0,0.0,1,0.0,1,0.0,0.0,0,0,1,1,1,1,0.0,0.0,1.0,1.0,0.0,0.0,0.0,0.5789473684210527,1.0,0.0,1.0,0.0,0.0,1.0,0.0,1.0,6.0,0.0,1.0,0.0,0.0,0.0,0.0,0.0
69,1,69.0,69.0,0.0,0.0,1.0,0.0,0.0,0.0,1,0.0,1,0.0,1,0.0,1,0.0,0.0,0,0,1,1,1,1,0.0,0.0,1.0,1.0,0.0,0.0,0.0,0.8421052631578947,0.0,1.0,0.0,1.0,0.0,1.0,0.0,1.0,0.0,1.0,1.0,0.0,0.0,0.0,0.0,0.0
25,1,25.0,25.0,0.0,0.0,1.0,0.0,1.0,0.0,1,0.0,1,0.0,1,0.0,1,0.0,0.0,0,0,1,1,1,1,0.0,0.0,1.0,1.0,0.0,0.0,0.0,0.8947368421052632,0.0,1.0,0.0,1.0,0.0,1.0,0.0,1.0,0.0,1.0,1.0,0.0,0.0,0.0,0.0,0.0
859,1,859.0,859.0,0.0,0.0,1.0,0.0,0.0,0.0,1,0.0,1,0.0,1,0.0,1,0.0,1.0,0,0,1,1,1,1,1.0,1.0,0.0,1.0,1.0,1.0,1.0,0.8421052631578947,0.0,0.0,0.0,0.0,0.0,0.0,0.0,0.0,0.0,0.0,0.0,0.0,1.0,0.0,0.0,0.0
1731,0,,,17.86057109949175,31.0,0.9714240270088064,0.0,0.0,9.0,0,2.0,0,0.0,1,2.0,0,0.0,0.0,0,0,1,1,1,1,0.0,0.0,1.0,1.0,0.0,0.0,0.0,0.5263157894736842,0.0,1.0,0.0,1.0,15.0,0.0,1.0,0.0,2.0,0.0,1.0,0.0,0.0,0.0,0.0,0.0
275,1,275.0,275.0,0.0,0.0,1.0,0.0,1.0,0.0,1,0.0,1,0.0,1,0.0,1,0.0,0.0,0,0,1,1,1,1,0.0,0.0,1.0,1.0,0.0,0.0,0.0,0.8947368421052632,0.0,1.0,0.0,1.0,0.0,1.0,0.0,1.0,0.0,1.0,1.0,0.0,0.0,0.0,0.0,0.0
808,1,808.0,808.0,0.0,0.0,1.0,0.0,0.0,0.0,1,0.0,1,0.0,1,0.0,1,0.0,0.0,0,0,1,1,1,1,0.0,0.0,1.0,1.0,0.0,0.0,0.0,0.8421052631578947,0.0,1.0,0.0,1.0,0.0,1.0,0.0,1.0,0.0,1.0,1.0,0.0,0.0,0.0,0.0,0.0
496,1,496.0,496.0,0.0,0.0,1.0,0.0,0.0,0.0,1,0.0,1,0.0,1,0.0,1,0.0,0.0,0,0,1,1,1,1,0.0,0.0,1.0,1.0,0.0,0.0,0.0,0.8421052631578947,0.0,1.0,0.0,1.0,0.0,1.0,0.0,1.0,0.0,1.0,1.0,0.0,0.0,0.0,0.0,0.0
1830,0,,,14.696938456699069,24.0,0.9435064893831112,0.0,0.0,10.0,0,4.0,0,0.0,1,0.0,1,0.0,0.0,0,0,0,1,1,1,0.0,0.0,1.0,1.0,0.0,0.0,0.0,0.631578947368421,0.0,1.0,0.0,1.0,10.0,0.0,0.0,1.0,0.0,1.0,1.0,0.0,0.0,0.0,0.0,0.0
1137,0,,,50.428166732491874,61.0,0.7864274129858255,1.0,0.0,50.0,0,4.0,0,0.0,1,1.0,0,0.0,0.0,0,0,0,1,1,1,0.0,0.0,1.0,1.0,0.0,0.0,0.0,0.5789473684210527,0.0,1.0,0.0,1.0,5.0,0.0,0.0,1.0,0.0,1.0,1.0,0.0,0.0,0.0,0.0,0.0
1580,0,,,6.557438524302,11.0,0.943620791104094,0.0,0.0,1.0,0,6.0,0,0.0,1,1.0,0,0.0,0.0,0,0,0,1,1,1,0.0,0.0,1.0,1.0,0.0,0.0,0.0,0.5263157894736842,0.0,1.0,0.0,1.0,0.0,1.0,1.0,0.0,2.0,0.0,1.0,0.0,0.0,0.0,0.0,0.0
1055,0,,,9.38083151964686,18.0,0.9585049865130004,0.0,1.0,0.0,1,2.0,0,0.0,1,1.0,0,0.0,0.0,0,0,0,1,1,1,0.0,0.0,1.0,1.0,0.0,0.0,0.0,0.5789473684210527,0.0,1.0,0.0,1.0,5.0,0.0,3.0,0.0,7.0,0.0,1.0,0.0,0.0,0.0,0.0,0.0
1528,0,,,21.72556098240043,30.0,0.9975661508849176,0.0,0.0,21.0,0,1.0,0,0.0,1,1.0,0,0.0,0.0,0,0,0,1,1,1,0.0,0.0,1.0,1.0,0.0,0.0,0.0,0.5263157894736842,0.0,1.0,0.0,1.0,5.0,0.0,2.0,0.0,0.0,1.0,1.0,0.0,0.0,0.0,0.0,0.0
1904,0,,,9.38083151964686,16.0,0.9999971268580037,0.0,0.0,2.0,0,4.0,0,0.0,1,2.0,0,0.0,1.0,0,0,0,1,1,1,1.0,1.0,0.0,1.0,1.0,1.0,1.0,0.5789473684210527,0.0,0.0,0.0,0.0,0.0,0.0,0.0,0.0,0.0,0.0,0.0,8.0,0.0,0.0,0.0,0.0
194,1,194.0,194.0,0.0,0.0,1.0,0.0,1.0,0.0,1,0.0,1,0.0,1,0.0,1,0.0,0.0,0,0,1,1,1,1,0.0,0.0,1.0,1.0,0.0,0.0,0.0,0.8947368421052632,0.0,1.0,0.0,1.0,0.0,1.0,0.0,1.0,0.0,1.0,1.0,0.0,0.0,0.0,0.0,0.0
1587,0,,,15.937377450509228,32.0,0.9076907620600206,0.0,0.0,9.0,0,3.0,0,0.0,1,1.0,0,0.0,0.0,0,0,1,1,1,1,0.0,0.0,1.0,1.0,0.0,0.0,0.0,0.5263157894736842,9.0,0.0,9.0,0.0,0.0,1.0,0.0,1.0,1.0,0.0,1.0,0.0,0.0,0.0,0.0,0.0
1773,0,,,28.071337695236398,32.0,0.9615791131954743,0.0,0.0,28.0,0,0.0,1,0.0,1,1.0,0,0.0,0.0,0,0,0,1,1,1,0.0,0.0,1.0,1.0,0.0,0.0,0.0,0.5263157894736842,1.0,0.0,1.0,0.0,0.0,1.0,1.0,0.0,0.0,1.0,1.0,0.0,0.0,0.0,0.0,0.0
1959,0,,,38.2099463490856,58.0,0.4455834589837846,0.0,0.0,19.0,0,2.0,0,0.0,1,1.0,0,0.0,0.0,0,0,1,1,1,1,0.0,0.0,1.0,1.0,0.0,0.0,0.0,0.5263157894736842,0.0,1.0,0.0,1.0,33.0,0.0,2.0,0.0,1.0,0.0,1.0,0.0,0.0,0.0,0.0,0.0
393,1,393.0,393.0,0.0,0.0,1.0,0.0,1.0,0.0,1,0.0,1,0.0,1,0.0,1,0.0,0.0,0,0,1,1,1,1,0.0,0.0,1.0,1.0,0.0,0.0,0.0,0.8947368421052632,0.0,1.0,0.0,1.0,0.0,1.0,0.0,1.0,0.0,1.0,1.0,0.0,0.0,0.0,0.0,0.0
1947,0,,,14.52583904633395,25.0,0.9008839299286118,0.0,0.0,1.0,0,0.0,1,0.0,1,1.0,0,0.0,0.0,0,0,0,1,1,1,0.0,0.0,1.0,1.0,0.0,0.0,0.0,0.5263157894736842,7.0,0.0,12.0,0.0,0.0,1.0,4.0,0.0,0.0,1.0,1.0,0.0,0.0,0.0,0.0,0.0
1781,0,,,8.246211251235321,14.0,0.9887657958289364,0.0,0.0,0.0,1,6.0,0,0.0,1,0.0,1,0.0,0.0,0,0,0,1,1,1,0.0,0.0,1.0,1.0,0.0,0.0,0.0,0.631578947368421,4.0,0.0,4.0,0.0,0.0,1.0,0.0,1.0,0.0,1.0,1.0,0.0,0.0,0.0,0.0,0.0
1371,0,,,26.68332812825267,44.0,0.882927113593304,0.0,0.0,19.0,0,5.0,0,0.0,1,1.0,0,0.0,0.0,0,0,1,1,1,1,0.0,0.0,1.0,1.0,0.0,0.0,0.0,0.5789473684210527,18.0,0.0,1.0,0.0,0.0,1.0,0.0,1.0,0.0,1.0,1.0,0.0,0.0,0.0,0.0,0.0
623,1,623.0,623.0,0.0,0.0,1.0,0.0,0.0,0.0,1,0.0,1,0.0,1,0.0,1,0.0,0.0,0,0,1,1,1,1,0.0,0.0,1.0,1.0,0.0,0.0,0.0,0.8421052631578947,0.0,1.0,0.0,1.0,0.0,1.0,0.0,1.0,0.0,1.0,1.0,0.0,0.0,0.0,0.0,0.0
72,1,72.0,72.0,0.0,0.0,1.0,0.0,0.0,0.0,1,0.0,1,0.0,1,0.0,1,0.0,0.0,0,0,1,1,1,1,0.0,0.0,1.0,1.0,0.0,0.0,0.0,0.8421052631578947,0.0,1.0,0.0,1.0,0.0,1.0,0.0,1.0,0.0,1.0,1.0,0.0,0.0,0.0,0.0,0.0
45,1,45.0,45.0,0.0,0.0,1.0,0.0,1.0,0.0,1,0.0,1,0.0,1,0.0,1,0.0,1.0,0,0,1,1,1,1,1.0,1.0,0.0,1.0,1.0,1.0,1.0,0.8947368421052632,0.0,0.0,0.0,0.0,0.0,0.0,0.0,0.0,0.0,0.0,0.0,0.0,1.0,0.0,0.0,0.0
462,1,462.0,462.0,0.0,0.0,1.0,0.0,0.0,0.0,1,0.0,1,0.0,1,0.0,1,0.0,0.0,0,0,1,1,1,1,0.0,0.0,1.0,1.0,0.0,0.0,0.0,0.8421052631578947,0.0,1.0,0.0,1.0,0.0,1.0,0.0,1.0,0.0,1.0,1.0,0.0,0.0,0.0,0.0,0.0
1262,0,,,43.255057507764334,79.0,0.7606650472004255,0.0,0.0,11.0,0,8.0,0,0.0,1,1.0,0,0.0,0.0,0,0,1,1,1,1,0.0,0.0,1.0,1.0,0.0,0.0,0.0,0.5263157894736842,0.0,1.0,1.0,0.0,30.0,0.0,0.0,1.0,28.0,0.0,1.0,0.0,0.0,0.0,0.0,0.0
250,1,250.0,250.0,0.0,0.0,1.0,0.0,0.0,0.0,1,0.0,1,0.0,1,0.0,1,0.0,0.0,0,0,1,1,1,1,0.0,0.0,1.0,1.0,0.0,0.0,0.0,0.8421052631578947,0.0,1.0,0.0,1.0,0.0,1.0,0.0,1.0,0.0,1.0,1.0,0.0,0.0,0.0,0.0,0.0
1788,0,,,32.357379374726875,41.0,0.8186216918157273,0.0,1.0,32.0,0,3.0,0,0.0,1,2.0,0,0.0,0.0,0,0,1,1,1,1,0.0,0.0,1.0,1.0,0.0,0.0,0.0,0.631578947368421,0.0,1.0,0.0,1.0,3.0,0.0,0.0,1.0,1.0,0.0,1.0,0.0,0.0,0.0,0.0,0.0
1018,0,,,40.52159917870962,52.0,0.9322562385423137,0.0,0.0,40.0,0,3.0,0,0.0,1,1.0,0,0.0,0.0,0,0,1,1,1,1,0.0,0.0,1.0,1.0,0.0,0.0,0.0,0.5789473684210527,4.0,0.0,4.0,0.0,0.0,1.0,0.0,1.0,0.0,1.0,1.0,0.0,0.0,0.0,0.0,0.0
1762,0,,,60.049979184009715,64.0,0.9088911502946975,0.0,0.0,60.0,0,2.0,0,0.0,1,1.0,0,0.0,0.0,0,0,0,1,1,1,0.0,0.0,1.0,1.0,0.0,0.0,0.0,0.5789473684210527,0.0,1.0,0.0,1.0,0.0,1.0,0.0,1.0,1.0,0.0,1.0,0.0,0.0,0.0,0.0,0.0
1603,0,,,30.870698080866262,39.0,0.956633048684764,0.0,0.0,0.0,1,7.0,0,0.0,1,0.0,1,0.0,0.0,0,0,0,1,1,1,0.0,0.0,1.0,1.0,0.0,0.0,0.0,0.631578947368421,0.0,1.0,0.0,1.0,30.0,0.0,0.0,1.0,2.0,0.0,1.0,0.0,0.0,0.0,0.0,0.0
1074,0,,,40.28647415696737,49.0,0.7654658602858005,0.0,1.0,40.0,0,2.0,0,0.0,1,0.0,1,0.0,0.0,0,0,1,1,1,1,0.0,0.0,1.0,1.0,0.0,0.0,0.0,0.631578947368421,3.0,0.0,3.0,0.0,0.0,1.0,1.0,0.0,0.0,1.0,1.0,0.0,0.0,0.0,0.0,0.0
1974,0,,,35.679125549822544,55.0,0.7258039898618684,0.0,0.0,19.0,0,1.0,0,0.0,1,1.0,0,0.0,0.0,0,0,1,1,1,1,0.0,0.0,1.0,1.0,0.0,0.0,0.0,0.5263157894736842,0.0,1.0,0.0,1.0,30.0,0.0,1.0,0.0,3.0,0.0,1.0,0.0,0.0,0.0,0.0,0.0
1714,0,,,24.454038521274967,44.0,0.9848297300229173,0.0,0.0,20.0,0,9.0,0,0.0,1,1.0,0,0.0,0.0,0,0,1,1,1,1,0.0,0.0,1.0,1.0,0.0,0.0,0.0,0.5789473684210527,0.0,1.0,0.0,1.0,10.0,0.0,0.0,1.0,4.0,0.0,1.0,0.0,0.0,0.0,0.0,0.0
286,1,286.0,286.0,0.0,0.0,1.0,0.0,1.0,0.0,1,0.0,1,0.0,1,0.0,1,0.0,0.0,0,0,1,1,1,1,0.0,0.0,1.0,1.0,0.0,0.0,0.0,0.8947368421052632,0.0,1.0,0.0,1.0,0.0,1.0,0.0,1.0,0.0,1.0,1.0,0.0,0.0,0.0,0.0,0.0
357,1,357.0,357.0,0.0,0.0,1.0,0.0,1.0,0.0,1,0.0,1,0.0,1,0.0,1,0.0,0.0,0,0,1,1,1,1,0.0,0.0,1.0,1.0,0.0,0.0,0.0,0.8947368421052632,0.0,1.0,0.0,1.0,0.0,1.0,0.0,1.0,0.0,1.0,1.0,0.0,0.0,0.0,0.0,0.0
1190,0,,,11.224972160321824,24.0,0.9899805466799797,0.0,0.0,8.0,0,4.0,0,0.0,1,2.0,0,0.0,0.0,0,0,1,1,1,1,0.0,0.0,1.0,1.0,0.0,0.0,0.0,0.5263157894736842,0.0,1.0,1.0,0.0,5.0,0.0,4.0,0.0,0.0,1.0,1.0,0.0,0.0,0.0,0.0,0.0
1999,0,,,10.677078252031311,18.0,0.9933751270105059,0.0,0.0,10.0,0,1.0,0,0.0,1,2.0,0,0.0,0.0,0,0,1,1,1,1,0.0,0.0,1.0,1.0,0.0,0.0,0.0,0.5263157894736842,2.0,0.0,2.0,0.0,0.0,1.0,1.0,0.0,0.0,1.0,1.0,0.0,0.0,0.0,0.0,0.0
1239,0,,,9.433981132056603,13.0,0.9857814718639203,0.0,0.0,0.0,1,9.0,0,0.0,1,0.0,1,0.0,0.0,0,0,0,1,1,1,0.0,0.0,1.0,1.0,0.0,0.0,0.0,0.631578947368421,2.0,0.0,2.0,0.0,0.0,1.0,0.0,1.0,0.0,1.0,1.0,0.0,0.0,0.0,0.0,0.0
494,1,494.0,494.0,0.0,0.0,1.0,0.0,0.0,0.0,1,0.0,1,0.0,1,0.0,1,0.0,0.0,0,0,1,1,1,1,0.0,0.0,1.0,1.0,0.0,0.0,0.0,0.8421052631578947,0.0,1.0,0.0,1.0,0.0,1.0,0.0,1.0,0.0,1.0,1.0,0.0,0.0,0.0,0.0,0.0
743,1,743.0,743.0,0.0,0.0,1.0,0.0,0.0,0.0,1,0.0,1,0.0,1,0.0,1,0.0,0.0,0,0,1,1,1,1,0.0,0.0,1.0,1.0,0.0,0.0,0.0,0.8421052631578947,0.0,1.0,0.0,1.0,0.0,1.0,0.0,1.0,0.0,1.0,1.0,0.0,0.0,0.0,0.0,0.0
852,1,852.0,852.0,0.0,0.0,1.0,0.0,0.0,0.0,1,0.0,1,0.0,1,0.0,1,0.0,0.0,0,0,1,1,1,1,0.0,0.0,1.0,1.0,0.0,0.0,0.0,0.8421052631578947,0.0,1.0,0.0,1.0,0.0,1.0,0.0,1.0,0.0,1.0,1.0,0.0,0.0,0.0,0.0,0.0
1188,0,,,90.20532135079394,97.0,0.5635227564100713,0.0,0.0,1.0,0,6.0,0,0.0,1,0.0,1,90.0,0.0,0,0,0,1,1,1,1.0,1.0,0.0,1.0,1.0,1.0,1.0,0.5789473684210527,0.0,0.0,0.0,0.0,0.0,0.0,0.0,0.0,0.0,0.0,0.0,0.0,0.0,0.0,0.0,0.0
671,1,671.0,671.0,0.0,0.0,1.0,0.0,1.0,0.0,1,0.0,1,0.0,1,0.0,1,0.0,0.0,0,0,1,1,1,1,0.0,0.0,1.0,1.0,0.0,0.0,0.0,0.8947368421052632,0.0,1.0,0.0,1.0,0.0,1.0,0.0,1.0,0.0,1.0,1.0,0.0,0.0,0.0,0.0,0.0
1104,0,,,22.22611077089287,38.0,0.9887820118766234,0.0,0.0,19.0,0,1.0,0,0.0,1,0.0,1,0.0,0.0,0,0,1,1,1,1,0.0,0.0,1.0,1.0,0.0,0.0,0.0,0.5789473684210527,4.0,0.0,4.0,0.0,10.0,0.0,0.0,1.0,0.0,1.0,1.0,0.0,0.0,0.0,0.0,0.0
251,1,251.0,251.0,0.0,0.0,1.0,0.0,0.0,0.0,1,0.0,1,0.0,1,0.0,1,0.0,0.0,0,0,1,1,1,1,0.0,0.0,1.0,1.0,0.0,0.0,0.0,0.8421052631578947,0.0,1.0,0.0,1.0,0.0,1.0,0.0,1.0,0.0,1.0,1.0,0.0,0.0,0.0,0.0,0.0
346,1,346.0,346.0,0.0,0.0,1.0,0.0,1.0,0.0,1,0.0,1,0.0,1,0.0,1,0.0,0.0,0,0,1,1,1,1,0.0,0.0,1.0,1.0,0.0,0.0,0.0,0.8947368421052632,0.0,1.0,0.0,1.0,0.0,1.0,0.0,1.0,0.0,1.0,1.0,0.0,0.0,0.0,0.0,0.0
369,1,369.0,369.0,0.0,0.0,1.0,0.0,1.0,0.0,1,0.0,1,0.0,1,0.0,1,0.0,0.0,0,0,1,1,1,1,0.0,0.0,1.0,1.0,0.0,0.0,0.0,0.8947368421052632,0.0,1.0,0.0,1.0,0.0,1.0,0.0,1.0,0.0,1.0,1.0,0.0,0.0,0.0,0.0,0.0
1284,0,,,8.717797887081348,18.0,0.9794657391015807,0.0,0.0,1.0,0,3.0,0,0.0,1,0.0,1,0.0,0.0,0,0,1,1,1,1,0.0,0.0,1.0,1.0,0.0,0.0,0.0,0.5789473684210527,0.0,1.0,0.0,1.0,5.0,0.0,5.0,0.0,4.0,0.0,1.0,0.0,0.0,0.0,0.0,0.0
662,1,662.0,662.0,0.0,0.0,1.0,0.0,0.0,0.0,1,0.0,1,0.0,1,0.0,1,0.0,0.0,0,0,1,1,1,1,0.0,0.0,1.0,1.0,0.0,0.0,0.0,0.8421052631578947,0.0,1.0,0.0,1.0,0.0,1.0,0.0,1.0,0.0,1.0,1.0,0.0,0.0,0.0,0.0,0.0
1033,0,,,13.92838827718412,20.0,0.9702178705129018,0.0,0.0,12.0,0,7.0,0,0.0,1,1.0,0,0.0,0.0,0,0,1,1,0,1,1.0,1.0,1.0,0.0,1.0,1.0,1.0,0.5263157894736842,0.0,0.0,0.0,0.0,0.0,0.0,0.0,0.0,0.0,0.0,0.0,0.0,0.0,0.0,0.0,0.0
579,1,579.0,579.0,0.0,0.0,1.0,0.0,0.0,0.0,1,0.0,1,0.0,1,0.0,1,0.0,0.0,0,0,1,1,1,1,0.0,0.0,1.0,1.0,0.0,0.0,0.0,0.8421052631578947,0.0,1.0,0.0,1.0,0.0,1.0,0.0,1.0,0.0,1.0,1.0,0.0,0.0,0.0,0.0,0.0
683,1,683.0,683.0,0.0,0.0,1.0,0.0,0.0,0.0,1,0.0,1,0.0,1,0.0,1,0.0,0.0,0,0,1,1,1,1,0.0,0.0,1.0,1.0,0.0,0.0,0.0,0.8421052631578947,0.0,1.0,0.0,1.0,0.0,1.0,0.0,1.0,0.0,1.0,1.0,0.0,0.0,0.0,0.0,0.0
1323,0,,,32.46536616149585,50.0,0.9601961671307645,0.0,0.0,11.0,0,1.0,0,0.0,1,0.0,1,0.0,0.0,0,0,0,1,1,1,0.0,0.0,1.0,1.0,0.0,0.0,0.0,0.5263157894736842,4.0,0.0,4.0,0.0,30.0,0.0,0.0,1.0,0.0,1.0,1.0,0.0,0.0,0.0,0.0,0.0
1695,0,,,23.430749027719962,35.0,0.8763536526560027,0.0,0.0,21.0,0,0.0,1,0.0,1,2.0,0,0.0,0.0,0,0,0,1,1,1,0.0,0.0,1.0,1.0,0.0,0.0,0.0,0.5789473684210527,0.0,1.0,0.0,1.0,10.0,0.0,0.0,1.0,2.0,0.0,1.0,0.0,0.0,0.0,0.0,0.0
157,1,157.0,157.0,0.0,0.0,1.0,0.0,1.0,0.0,1,0.0,1,0.0,1,0.0,1,0.0,0.0,0,0,1,1,1,1,0.0,0.0,1.0,1.0,0.0,0.0,0.0,0.8947368421052632,0.0,1.0,0.0,1.0,0.0,1.0,0.0,1.0,0.0,1.0,1.0,0.0,0.0,0.0,0.0,0.0
1031,0,,,32.66496594212215,51.0,0.9712057002357647,0.0,0.0,30.0,0,1.0,0,0.0,1,2.0,0,0.0,0.0,0,0,0,1,1,1,0.0,0.0,1.0,1.0,0.0,0.0,0.0,0.5263157894736842,9.0,0.0,9.0,0.0,0.0,1.0,0.0,1.0,0.0,1.0,1.0,0.0,0.0,0.0,0.0,0.0
514,1,514.0,514.0,0.0,0.0,1.0,0.0,0.0,0.0,1,0.0,1,0.0,1,0.0,1,0.0,0.0,0,0,1,1,1,1,0.0,0.0,1.0,1.0,0.0,0.0,0.0,0.8421052631578947,0.0,1.0,0.0,1.0,0.0,1.0,0.0,1.0,0.0,1.0,1.0,0.0,0.0,0.0,0.0,0.0
1967,0,,,115.29960971312956,168.0,0.9983705598066395,0.0,0.0,68.0,0,4.0,0,0.0,1,1.0,0,93.0,0.0,0,0,1,1,1,1,1.0,1.0,0.0,1.0,1.0,1.0,1.0,0.5789473684210527,0.0,0.0,0.0,0.0,0.0,0.0,0.0,0.0,0.0,0.0,0.0,2.0,0.0,0.0,0.0,0.0
268,1,268.0,268.0,0.0,0.0,1.0,0.0,0.0,0.0,1,0.0,1,0.0,1,0.0,1,0.0,0.0,0,0,1,1,1,1,0.0,0.0,1.0,1.0,0.0,0.0,0.0,0.8421052631578947,0.0,1.0,0.0,1.0,0.0,1.0,0.0,1.0,0.0,1.0,1.0,0.0,0.0,0.0,0.0,0.0
953,1,953.0,953.0,0.0,0.0,1.0,0.0,0.0,0.0,1,0.0,1,0.0,1,0.0,1,0.0,0.0,0,0,1,1,1,1,0.0,0.0,1.0,1.0,0.0,0.0,0.0,0.8421052631578947,0.0,1.0,0.0,1.0,0.0,1.0,0.0,1.0,0.0,1.0,1.0,0.0,0.0,0.0,0.0,0.0
396,1,396.0,396.0,0.0,0.0,1.0,0.0,0.0,0.0,1,0.0,1,0.0,1,0.0,1,0.0,0.0,0,0,1,1,1,1,0.0,0.0,1.0,1.0,0.0,0.0,0.0,0.8421052631578947,0.0,1.0,0.0,1.0,0.0,1.0,0.0,1.0,0.0,1.0,1.0,0.0,0.0,0.0,0.0,0.0
670,1,670.0,670.0,0.0,0.0,1.0,0.0,1.0,0.0,1,0.0,1,0.0,1,0.0,1,0.0,0.0,0,0,1,1,1,1,0.0,0.0,1.0,1.0,0.0,0.0,0.0,0.8947368421052632,0.0,1.0,0.0,1.0,0.0,1.0,0.0,1.0,0.0,1.0,1.0,0.0,0.0,0.0,0.0,0.0
1954,0,,,22.891046284519195,38.0,0.9620548988174616,0.0,0.0,10.0,0,4.0,0,0.0,1,2.0,0,0.0,0.0,0,0,0,1,1,1,0.0,0.0,1.0,1.0,0.0,0.0,0.0,0.5263157894736842,0.0,1.0,0.0,1.0,20.0,0.0,0.0,1.0,2.0,0.0,1.0,0.0,0.0,0.0,0.0,0.0
482,1,482.0,482.0,0.0,0.0,1.0,0.0,0.0,0.0,1,0.0,1,0.0,1,0.0,1,0.0,0.0,0,0,1,1,1,1,0.0,0.0,1.0,1.0,0.0,0.0,0.0,0.8421052631578947,0.0,1.0,0.0,1.0,0.0,1.0,0.0,1.0,0.0,1.0,1.0,0.0,0.0,0.0,0.0,0.0
759,1,759.0,759.0,0.0,0.0,1.0,0.0,0.0,0.0,1,0.0,1,0.0,1,0.0,1,0.0,0.0,0,0,1,1,1,1,0.0,0.0,1.0,1.0,0.0,0.0,0.0,0.8421052631578947,0.0,1.0,0.0,1.0,0.0,1.0,0.0,1.0,0.0,1.0,1.0,0.0,0.0,0.0,0.0,0.0
30,1,30.0,30.0,0.0,0.0,1.0,0.0,1.0,0.0,1,0.0,1,0.0,1,0.0,1,0.0,0.0,0,0,1,1,1,1,0.0,0.0,1.0,1.0,0.0,0.0,0.0,0.8947368421052632,0.0,1.0,0.0,1.0,0.0,1.0,0.0,1.0,0.0,1.0,1.0,0.0,0.0,0.0,0.0,0.0
1093,0,,,61.35959582656978,79.0,0.8290784275143889,0.0,0.0,60.0,0,1.0,0,0.0,1,0.0,1,0.0,0.0,0,0,0,1,1,1,0.0,0.0,1.0,1.0,0.0,0.0,0.0,0.5789473684210527,0.0,1.0,0.0,1.0,10.0,0.0,0.0,1.0,8.0,0.0,1.0,0.0,0.0,0.0,0.0,0.0
368,1,368.0,368.0,0.0,0.0,1.0,0.0,1.0,0.0,1,0.0,1,0.0,1,0.0,1,0.0,0.0,0,0,1,1,1,1,0.0,0.0,1.0,1.0,0.0,0.0,0.0,0.8947368421052632,0.0,1.0,0.0,1.0,0.0,1.0,0.0,1.0,0.0,1.0,1.0,0.0,0.0,0.0,0.0,0.0
1481,0,,,22.181073012818835,34.0,0.9913840235127208,0.0,0.0,21.0,0,3.0,0,0.0,1,4.0,0,0.0,0.0,0,0,1,1,1,1,0.0,0.0,1.0,1.0,0.0,0.0,0.0,0.5789473684210527,0.0,1.0,0.0,1.0,5.0,0.0,0.0,1.0,1.0,0.0,1.0,0.0,0.0,0.0,0.0,0.0
1744,0,,,21.863211109075447,34.0,0.9841010534736392,0.0,0.0,19.0,0,10.0,0,0.0,1,1.0,0,0.0,0.0,0,0,0,1,1,1,0.0,0.0,1.0,1.0,0.0,0.0,0.0,0.5789473684210527,0.0,1.0,0.0,1.0,0.0,1.0,0.0,1.0,4.0,0.0,1.0,0.0,0.0,0.0,0.0,0.0
455,1,455.0,455.0,0.0,0.0,1.0,0.0,0.0,0.0,1,0.0,1,0.0,1,0.0,1,0.0,0.0,0,0,1,1,1,1,0.0,0.0,1.0,1.0,0.0,0.0,0.0,0.8421052631578947,0.0,1.0,0.0,1.0,0.0,1.0,0.0,1.0,0.0,1.0,1.0,0.0,0.0,0.0,0.0,0.0
1901,0,,,26.210684844162312,49.0,0.88971223686252,0.0,0.0,21.0,0,1.0,0,0.0,1,2.0,0,0.0,0.0,0,0,0,1,1,1,0.0,0.0,1.0,1.0,0.0,0.0,0.0,0.47368421052631576,13.0,0.0,6.0,0.0,0.0,1.0,0.0,1.0,6.0,0.0,1.0,0.0,0.0,0.0,0.0,0.0
672,1,672.0,672.0,0.0,0.0,1.0,0.0,0.0,0.0,1,0.0,1,0.0,1,0.0,1,0.0,0.0,0,0,1,1,1,1,0.0,0.0,1.0,1.0,0.0,0.0,0.0,0.8421052631578947,0.0,1.0,0.0,1.0,0.0,1.0,0.0,1.0,0.0,1.0,1.0,0.0,0.0,0.0,0.0,0.0
1734,0,,,31.811947441173732,42.0,0.873388809723106,0.0,0.0,31.0,0,1.0,0,0.0,1,0.0,1,0.0,0.0,0,0,0,1,1,1,0.0,0.0,1.0,1.0,0.0,0.0,0.0,0.5789473684210527,5.0,0.0,5.0,0.0,0.0,1.0,0.0,1.0,0.0,1.0,1.0,0.0,0.0,0.0,0.0,0.0
1487,0,,,14.560219778561036,26.0,0.949379946720304,0.0,0.0,1.0,0,7.0,0,0.0,1,0.0,1,0.0,0.0,0,0,0,1,1,1,0.0,0.0,1.0,1.0,0.0,0.0,0.0,0.5789473684210527,9.0,0.0,9.0,0.0,0.0,1.0,0.0,1.0,0.0,1.0,1.0,0.0,0.0,0.0,0.0,0.0
1425,0,,,34.92849839314596,56.0,0.6589758584708492,0.0,0.0,31.0,0,1.0,0,0.0,1,1.0,0,0.0,0.0,0,0,1,1,1,1,0.0,0.0,1.0,1.0,0.0,0.0,0.0,0.5263157894736842,15.0,0.0,4.0,0.0,0.0,1.0,4.0,0.0,0.0,1.0,1.0,0.0,0.0,0.0,0.0,0.0
570,1,570.0,570.0,0.0,0.0,1.0,0.0,0.0,0.0,1,0.0,1,0.0,1,0.0,1,0.0,0.0,0,0,1,1,1,1,0.0,0.0,1.0,1.0,0.0,0.0,0.0,0.8421052631578947,0.0,1.0,0.0,1.0,0.0,1.0,0.0,1.0,0.0,1.0,1.0,0.0,0.0,0.0,0.0,0.0
266,1,266.0,266.0,0.0,0.0,1.0,0.0,1.0,0.0,1,0.0,1,0.0,1,0.0,1,0.0,0.0,0,0,1,1,1,1,0.0,0.0,1.0,1.0,0.0,0.0,0.0,0.8947368421052632,0.0,1.0,0.0,1.0,0.0,1.0,0.0,1.0,0.0,1.0,1.0,0.0,0.0,0.0,0.0,0.0
460,1,460.0,460.0,0.0,0.0,1.0,0.0,0.0,0.0,1,0.0,1,0.0,1,0.0,1,0.0,0.0,0,0,1,1,1,1,0.0,0.0,1.0,1.0,0.0,0.0,0.0,0.8421052631578947,0.0,1.0,0.0,1.0,0.0,1.0,0.0,1.0,0.0,1.0,1.0,0.0,0.0,0.0,0.0,0.0
1985,0,,,11.61895003862225,25.0,0.9889950851475559,1.0,0.0,9.0,0,2.0,0,0.0,1,1.0,0,0.0,0.0,0,0,1,1,1,1,0.0,0.0,1.0,1.0,0.0,0.0,0.0,0.5263157894736842,4.0,0.0,4.0,0.0,4.0,0.0,0.0,1.0,0.0,1.0,1.0,0.0,0.0,0.0,0.0,0.0
1036,0,,,12.165525060596439,22.0,0.9964782077652539,0.0,0.0,11.0,0,3.0,0,0.0,1,1.0,0,0.0,0.0,0,0,1,1,1,1,0.0,0.0,1.0,1.0,0.0,0.0,0.0,0.5263157894736842,3.0,0.0,2.0,0.0,0.0,1.0,0.0,1.0,2.0,0.0,1.0,0.0,0.0,0.0,0.0,0.0
1278,0,,,41.02438299353203,43.0,0.7725138531334974,0.0,1.0,41.0,0,0.0,1,0.0,1,0.0,1,0.0,0.0,0,0,0,1,1,1,0.0,0.0,1.0,1.0,0.0,0.0,0.0,0.6842105263157895,1.0,0.0,1.0,0.0,0.0,1.0,0.0,1.0,0.0,1.0,1.0,0.0,0.0,0.0,0.0,0.0
425,1,425.0,425.0,0.0,0.0,1.0,0.0,0.0,0.0,1,0.0,1,0.0,1,0.0,1,0.0,0.0,0,0,1,1,1,1,0.0,0.0,1.0,1.0,0.0,0.0,0.0,0.8421052631578947,0.0,1.0,0.0,1.0,0.0,1.0,0.0,1.0,0.0,1.0,1.0,0.0,0.0,0.0,0.0,0.0
1479,0,,,8.18535277187245,15.0,0.9122469479034719,0.0,0.0,1.0,0,4.0,0,0.0,1,0.0,1,0.0,0.0,0,0,0,1,1,1,0.0,0.0,1.0,1.0,0.0,0.0,0.0,0.5789473684210527,0.0,1.0,0.0,1.0,5.0,0.0,5.0,0.0,0.0,1.0,1.0,0.0,0.0,0.0,0.0,0.0
531,1,531.0,531.0,0.0,0.0,1.0,0.0,0.0,0.0,1,0.0,1,0.0,1,0.0,1,0.0,0.0,0,0,1,1,1,1,0.0,0.0,1.0,1.0,0.0,0.0,0.0,0.8421052631578947,0.0,1.0,0.0,1.0,0.0,1.0,0.0,1.0,0.0,1.0,1.0,0.0,0.0,0.0,0.0,0.0
436,1,436.0,436.0,0.0,0.0,1.0,0.0,1.0,0.0,1,0.0,1,0.0,1,0.0,1,0.0,0.0,0,0,1,1,1,1,0.0,0.0,1.0,1.0,0.0,0.0,0.0,0.8947368421052632,0.0,1.0,0.0,1.0,0.0,1.0,0.0,1.0,0.0,1.0,1.0,0.0,0.0,0.0,0.0,0.0
1264,0,,,7.54983443527075,13.0,0.9967627481582713,0.0,0.0,1.0,0,1.0,0,0.0,1,2.0,0,0.0,0.0,0,0,1,1,1,1,0.0,0.0,1.0,1.0,0.0,0.0,0.0,0.5263157894736842,1.0,0.0,1.0,0.0,7.0,0.0,0.0,1.0,0.0,1.0,1.0,0.0,0.0,0.0,0.0,0.0
384,1,384.0,384.0,0.0,0.0,1.0,0.0,1.0,0.0,1,0.0,1,0.0,1,0.0,1,0.0,1.0,0,0,1,1,1,1,1.0,1.0,1.0,1.0,1.0,1.0,1.0,0.8947368421052632,0.0,0.0,0.0,0.0,0.0,0.0,0.0,0.0,0.0,0.0,0.0,0.0,0.0,0.0,0.0,0.0
1347,0,,,79.24014134263012,87.0,0.7880836424761346,0.0,0.0,79.0,0,6.0,0,0.0,1,1.0,0,1.0,0.0,0,0,0,1,1,1,1.0,1.0,0.0,1.0,1.0,1.0,1.0,0.5263157894736842,0.0,0.0,0.0,0.0,0.0,0.0,0.0,0.0,0.0,0.0,0.0,0.0,0.0,0.0,0.0,0.0
1511,0,,,20.73644135332772,28.0,0.9933540351094398,0.0,0.0,20.0,0,2.0,0,0.0,1,0.0,1,0.0,0.0,0,0,0,1,1,1,0.0,0.0,1.0,1.0,0.0,0.0,0.0,0.5789473684210527,0.0,1.0,0.0,1.0,5.0,0.0,1.0,0.0,0.0,1.0,1.0,0.0,0.0,0.0,0.0,0.0
787,1,787.0,787.0,0.0,0.0,1.0,0.0,0.0,0.0,1,0.0,1,0.0,1,0.0,1,0.0,0.0,0,0,1,1,1,1,0.0,0.0,1.0,1.0,0.0,0.0,0.0,0.8421052631578947,0.0,1.0,0.0,1.0,0.0,1.0,0.0,1.0,0.0,1.0,1.0,0.0,0.0,0.0,0.0,0.0
335,1,335.0,335.0,0.0,0.0,1.0,0.0,0.0,0.0,1,0.0,1,0.0,1,0.0,1,0.0,0.0,0,0,1,1,1,1,0.0,0.0,1.0,1.0,0.0,0.0,0.0,0.8421052631578947,0.0,1.0,0.0,1.0,0.0,1.0,0.0,1.0,0.0,1.0,1.0,0.0,0.0,0.0,0.0,0.0
890,1,890.0,890.0,0.0,0.0,1.0,0.0,0.0,0.0,1,0.0,1,0.0,1,0.0,1,0.0,0.0,0,0,1,1,1,1,0.0,0.0,1.0,1.0,0.0,0.0,0.0,0.8421052631578947,0.0,1.0,0.0,1.0,0.0,1.0,0.0,1.0,0.0,1.0,1.0,0.0,0.0,0.0,0.0,0.0
66,1,66.0,66.0,0.0,0.0,1.0,0.0,0.0,0.0,1,0.0,1,0.0,1,0.0,1,0.0,0.0,0,0,1,1,1,1,0.0,0.0,1.0,1.0,0.0,0.0,0.0,0.8421052631578947,0.0,1.0,0.0,1.0,0.0,1.0,0.0,1.0,0.0,1.0,1.0,0.0,0.0,0.0,0.0,0.0
1329,0,,,33.21144381083123,39.0,0.9998646700245934,0.0,0.0,33.0,0,3.0,0,0.0,1,2.0,0,0.0,1.0,0,0,0,1,1,1,1.0,1.0,0.0,1.0,1.0,1.0,1.0,0.5789473684210527,0.0,0.0,0.0,0.0,0.0,0.0,0.0,0.0,0.0,0.0,0.0,1.0,0.0,0.0,0.0,0.0
428,1,428.0,428.0,0.0,0.0,1.0,0.0,0.0,0.0,1,0.0,1,0.0,1,0.0,1,0.0,0.0,0,0,1,1,1,1,0.0,0.0,1.0,1.0,0.0,0.0,0.0,0.8421052631578947,0.0,1.0,0.0,1.0,0.0,1.0,0.0,1.0,0.0,1.0,1.0,0.0,0.0,0.0,0.0,0.0
940,1,940.0,940.0,0.0,0.0,1.0,0.0,0.0,0.0,1,0.0,1,0.0,1,0.0,1,0.0,0.0,0,0,1,1,1,1,0.0,0.0,1.0,1.0,0.0,0.0,0.0,0.8421052631578947,0.0,1.0,0.0,1.0,0.0,1.0,0.0,1.0,0.0,1.0,1.0,0.0,0.0,0.0,0.0,0.0
856,1,856.0,856.0,0.0,0.0,1.0,0.0,0.0,0.0,1,0.0,1,0.0,1,0.0,1,0.0,0.0,0,0,1,1,1,1,0.0,0.0,1.0,1.0,0.0,0.0,0.0,0.8421052631578947,0.0,1.0,0.0,1.0,0.0,1.0,0.0,1.0,0.0,1.0,1.0,0.0,0.0,0.0,0.0,0.0
1467,0,,,13.0,25.0,0.9785002070282431,0.0,0.0,6.0,0,0.0,1,0.0,1,2.0,0,0.0,0.0,0,0,1,1,1,1,0.0,0.0,1.0,1.0,0.0,0.0,0.0,0.5789473684210527,8.0,0.0,8.0,0.0,0.0,1.0,0.0,1.0,1.0,0.0,1.0,0.0,0.0,0.0,0.0,0.0
110,1,110.0,110.0,0.0,0.0,1.0,0.0,1.0,0.0,1,0.0,1,0.0,1,0.0,1,0.0,0.0,0,0,1,1,1,1,0.0,0.0,1.0,1.0,0.0,0.0,0.0,0.8947368421052632,0.0,1.0,0.0,1.0,0.0,1.0,0.0,1.0,0.0,1.0,1.0,0.0,0.0,0.0,0.0,0.0
1900,0,,,15.7797338380595,31.0,0.944827289546502,0.0,0.0,10.0,0,6.0,0,0.0,1,2.0,0,0.0,0.0,0,0,1,1,1,1,0.0,0.0,1.0,1.0,0.0,0.0,0.0,0.5789473684210527,0.0,1.0,0.0,1.0,10.0,0.0,0.0,1.0,3.0,0.0,1.0,0.0,0.0,0.0,0.0,0.0
837,1,837.0,837.0,0.0,0.0,1.0,0.0,0.0,0.0,1,0.0,1,0.0,1,0.0,1,0.0,0.0,0,0,1,1,1,1,0.0,0.0,1.0,1.0,0.0,0.0,0.0,0.8421052631578947,0.0,1.0,0.0,1.0,0.0,1.0,0.0,1.0,0.0,1.0,1.0,0.0,0.0,0.0,0.0,0.0
1666,0,,,19.924858845171276,29.0,0.9999513110337791,0.0,0.0,19.0,0,5.0,0,0.0,1,1.0,0,3.0,0.0,0,0,0,1,1,1,1.0,1.0,0.0,1.0,1.0,1.0,1.0,0.5263157894736842,0.0,0.0,0.0,0.0,0.0,0.0,0.0,0.0,0.0,0.0,0.0,1.0,0.0,0.0,0.0,0.0
1861,0,,,41.84495190581536,57.0,0.9806144759683469,0.0,0.0,39.0,0,2.0,0,0.0,1,0.0,1,0.0,0.0,0,0,0,1,1,1,0.0,0.0,1.0,1.0,0.0,0.0,0.0,0.5789473684210527,0.0,1.0,0.0,1.0,15.0,0.0,1.0,0.0,0.0,1.0,1.0,0.0,0.0,0.0,0.0,0.0
589,1,589.0,589.0,0.0,0.0,1.0,0.0,0.0,0.0,1,0.0,1,0.0,1,0.0,1,0.0,0.0,0,0,1,1,1,1,0.0,0.0,1.0,1.0,0.0,0.0,0.0,0.8421052631578947,0.0,1.0,0.0,1.0,0.0,1.0,0.0,1.0,0.0,1.0,1.0,0.0,0.0,0.0,0.0,0.0
1181,0,,,21.447610589527216,34.0,0.8155453706295888,0.0,0.0,19.0,0,0.0,1,0.0,1,1.0,0,0.0,0.0,0,0,0,1,1,1,0.0,0.0,1.0,1.0,0.0,0.0,0.0,0.5789473684210527,7.0,0.0,7.0,0.0,0.0,1.0,0.0,1.0,0.0,1.0,1.0,0.0,0.0,0.0,0.0,0.0
81,1,81.0,81.0,0.0,0.0,1.0,0.0,1.0,0.0,1,0.0,1,0.0,1,0.0,1,0.0,0.0,0,0,1,1,1,1,0.0,0.0,1.0,1.0,0.0,0.0,0.0,0.8947368421052632,0.0,1.0,0.0,1.0,0.0,1.0,0.0,1.0,0.0,1.0,1.0,0.0,0.0,0.0,0.0,0.0
909,1,909.0,909.0,0.0,0.0,1.0,0.0,0.0,0.0,1,0.0,1,0.0,1,0.0,1,0.0,0.0,0,0,1,1,1,1,0.0,0.0,1.0,1.0,0.0,0.0,0.0,0.8421052631578947,0.0,1.0,0.0,1.0,0.0,1.0,0.0,1.0,0.0,1.0,1.0,0.0,0.0,0.0,0.0,0.0
1173,0,,,21.863211109075447,32.0,0.9947903167187766,0.0,0.0,21.0,0,4.0,0,0.0,1,2.0,0,0.0,0.0,0,0,0,1,1,1,0.0,0.0,1.0,1.0,0.0,0.0,0.0,0.5263157894736842,0.0,1.0,0.0,1.0,0.0,1.0,4.0,0.0,1.0,0.0,1.0,0.0,0.0,0.0,0.0,0.0
101,1,101.0,101.0,0.0,0.0,1.0,0.0,1.0,0.0,1,0.0,1,0.0,1,0.0,1,0.0,0.0,0,0,1,1,1,1,0.0,0.0,1.0,1.0,0.0,0.0,0.0,0.8947368421052632,0.0,1.0,0.0,1.0,0.0,1.0,0.0,1.0,0.0,1.0,1.0,0.0,0.0,0.0,0.0,0.0
1854,0,,,15.165750888103101,26.0,0.9129269737050001,0.0,0.0,11.0,0,1.0,0,0.0,1,0.0,1,0.0,0.0,0,0,1,1,1,1,0.0,0.0,1.0,1.0,0.0,0.0,0.0,0.5789473684210527,0.0,1.0,0.0,1.0,10.0,0.0,2.0,0.0,2.0,0.0,1.0,0.0,0.0,0.0,0.0,0.0
775,1,775.0,775.0,0.0,0.0,1.0,0.0,0.0,0.0,1,0.0,1,0.0,1,0.0,1,0.0,0.0,0,0,1,1,1,1,0.0,0.0,1.0,1.0,0.0,0.0,0.0,0.8421052631578947,0.0,1.0,0.0,1.0,0.0,1.0,0.0,1.0,0.0,1.0,1.0,0.0,0.0,0.0,0.0,0.0
1852,0,,,70.24955515873393,79.0,0.7929434930038838,1.0,0.0,70.0,0,0.0,1,0.0,1,3.0,0,0.0,0.0,0,0,0,1,1,1,0.0,0.0,1.0,1.0,0.0,0.0,0.0,0.631578947368421,0.0,1.0,0.0,1.0,5.0,0.0,0.0,1.0,0.0,1.0,1.0,0.0,0.0,0.0,0.0,0.0
1373,0,,,32.32645975048923,51.0,0.9085666475990195,0.0,0.0,30.0,0,5.0,0,0.0,1,2.0,0,0.0,0.0,0,0,0,1,1,1,0.0,0.0,1.0,1.0,0.0,0.0,0.0,0.5263157894736842,0.0,1.0,0.0,1.0,10.0,0.0,0.0,1.0,4.0,0.0,1.0,0.0,0.0,0.0,0.0,0.0
185,1,185.0,185.0,0.0,0.0,1.0,0.0,1.0,0.0,1,0.0,1,0.0,1,0.0,1,0.0,0.0,0,0,1,1,1,1,0.0,0.0,1.0,1.0,0.0,0.0,0.0,0.8947368421052632,0.0,1.0,0.0,1.0,0.0,1.0,0.0,1.0,0.0,1.0,1.0,0.0,0.0,0.0,0.0,0.0
62,1,62.0,62.0,0.0,0.0,1.0,0.0,0.0,0.0,1,0.0,1,0.0,1,0.0,1,0.0,0.0,0,0,1,1,1,1,0.0,0.0,1.0,1.0,0.0,0.0,0.0,0.8421052631578947,0.0,1.0,0.0,1.0,0.0,1.0,0.0,1.0,0.0,1.0,1.0,0.0,0.0,0.0,0.0,0.0
879,1,879.0,879.0,0.0,0.0,1.0,0.0,0.0,0.0,1,0.0,1,0.0,1,0.0,1,0.0,0.0,0,0,1,1,1,1,0.0,0.0,1.0,1.0,0.0,0.0,0.0,0.8421052631578947,0.0,1.0,0.0,1.0,0.0,1.0,0.0,1.0,0.0,1.0,1.0,0.0,0.0,0.0,0.0,0.0
735,1,735.0,735.0,0.0,0.0,1.0,0.0,0.0,0.0,1,0.0,1,0.0,1,0.0,1,0.0,0.0,0,0,1,1,1,1,0.0,0.0,1.0,1.0,0.0,0.0,0.0,0.8421052631578947,0.0,1.0,0.0,1.0,0.0,1.0,0.0,1.0,0.0,1.0,1.0,0.0,0.0,0.0,0.0,0.0
1314,0,,,51.85556864985669,67.0,0.8220459393767751,0.0,0.0,51.0,0,4.0,0,0.0,1,0.0,1,0.0,0.0,0,0,0,1,1,1,0.0,0.0,1.0,1.0,0.0,0.0,0.0,0.5789473684210527,6.0,0.0,6.0,0.0,0.0,1.0,0.0,1.0,0.0,1.0,1.0,0.0,0.0,0.0,0.0,0.0
931,1,931.0,931.0,0.0,0.0,1.0,0.0,0.0,0.0,1,0.0,1,0.0,1,0.0,1,0.0,0.0,0,0,1,1,1,1,0.0,0.0,1.0,1.0,0.0,0.0,0.0,0.8421052631578947,0.0,1.0,0.0,1.0,0.0,1.0,0.0,1.0,0.0,1.0,1.0,0.0,0.0,0.0,0.0,0.0
115,1,115.0,115.0,0.0,0.0,1.0,0.0,1.0,0.0,1,0.0,1,0.0,1,0.0,1,0.0,0.0,0,0,1,1,1,1,0.0,0.0,1.0,1.0,0.0,0.0,0.0,0.8947368421052632,0.0,1.0,0.0,1.0,0.0,1.0,0.0,1.0,0.0,1.0,1.0,0.0,0.0,0.0,0.0,0.0
697,1,697.0,697.0,0.0,0.0,1.0,0.0,0.0,0.0,1,0.0,1,0.0,1,0.0,1,0.0,0.0,0,0,1,1,1,1,0.0,0.0,1.0,1.0,0.0,0.0,0.0,0.8421052631578947,0.0,1.0,0.0,1.0,0.0,1.0,0.0,1.0,0.0,1.0,1.0,0.0,0.0,0.0,0.0,0.0
1598,0,,,21.79449471770337,31.0,0.997360549986009,0.0,0.0,21.0,0,1.0,0,0.0,1,1.0,0,0.0,0.0,0,0,0,1,1,1,0.0,0.0,1.0,1.0,0.0,0.0,0.0,0.5263157894736842,4.0,0.0,4.0,0.0,0.0,1.0,0.0,1.0,0.0,1.0,1.0,0.0,0.0,0.0,0.0,0.0
551,1,551.0,551.0,0.0,0.0,1.0,0.0,0.0,0.0,1,0.0,1,0.0,1,0.0,1,0.0,0.0,0,0,1,1,1,1,0.0,0.0,1.0,1.0,0.0,0.0,0.0,0.8421052631578947,0.0,1.0,0.0,1.0,0.0,1.0,0.0,1.0,0.0,1.0,1.0,0.0,0.0,0.0,0.0,0.0
1711,0,,,12.328828005937952,22.0,0.9909646910010473,1.0,0.0,10.0,0,0.0,1,0.0,1,1.0,0,0.0,0.0,0,0,0,1,1,1,0.0,0.0,1.0,1.0,0.0,0.0,0.0,0.5789473684210527,5.0,0.0,5.0,0.0,0.0,1.0,0.0,1.0,0.0,1.0,1.0,0.0,0.0,0.0,0.0,0.0
585,1,585.0,585.0,0.0,0.0,1.0,0.0,0.0,0.0,1,0.0,1,0.0,1,0.0,1,0.0,1.0,0,0,1,1,1,1,1.0,1.0,0.0,1.0,1.0,1.0,1.0,0.8421052631578947,0.0,0.0,0.0,0.0,0.0,0.0,0.0,0.0,0.0,0.0,0.0,0.0,1.0,0.0,0.0,0.0
1144,0,,,39.64845520319802,50.0,0.9859147963276619,0.0,0.0,39.0,0,5.0,0,0.0,1,1.0,0,0.0,0.0,0,0,0,1,1,1,0.0,0.0,1.0,1.0,0.0,0.0,0.0,0.5789473684210527,0.0,1.0,0.0,1.0,5.0,0.0,0.0,1.0,0.0,1.0,1.0,0.0,0.0,0.0,0.0,0.0
1193,0,,,22.67156809750927,30.0,0.9534145417822719,0.0,0.0,22.0,0,0.0,1,0.0,1,1.0,0,0.0,0.0,0,0,0,1,1,1,0.0,0.0,1.0,1.0,0.0,0.0,0.0,0.5789473684210527,0.0,1.0,0.0,1.0,5.0,0.0,0.0,1.0,2.0,0.0,1.0,0.0,0.0,0.0,0.0,0.0
450,1,450.0,450.0,0.0,0.0,1.0,0.0,0.0,0.0,1,0.0,1,0.0,1,0.0,1,0.0,0.0,0,0,1,1,1,1,0.0,0.0,1.0,1.0,0.0,0.0,0.0,0.8421052631578947,0.0,1.0,0.0,1.0,0.0,1.0,0.0,1.0,0.0,1.0,1.0,0.0,0.0,0.0,0.0,0.0
1215,0,,,36.742346141747674,58.0,0.7509749064500579,0.0,0.0,30.0,0,7.0,0,0.0,1,1.0,0,0.0,0.0,0,0,0,1,1,1,0.0,0.0,1.0,1.0,0.0,0.0,0.0,0.5789473684210527,0.0,1.0,0.0,1.0,20.0,0.0,0.0,1.0,0.0,1.0,1.0,0.0,0.0,0.0,0.0,0.0
1022,0,,,28.124722220850465,33.0,0.9008361260821821,0.0,0.0,28.0,0,2.0,0,0.0,1,1.0,0,0.0,0.0,0,0,0,1,1,1,0.0,0.0,1.0,1.0,0.0,0.0,0.0,0.5263157894736842,0.0,1.0,0.0,1.0,0.0,1.0,1.0,0.0,1.0,0.0,1.0,0.0,0.0,0.0,0.0,0.0
932,1,932.0,932.0,0.0,0.0,1.0,0.0,0.0,0.0,1,0.0,1,0.0,1,0.0,1,0.0,0.0,0,0,1,1,1,1,0.0,0.0,1.0,1.0,0.0,0.0,0.0,0.8421052631578947,0.0,1.0,0.0,1.0,0.0,1.0,0.0,1.0,0.0,1.0,1.0,0.0,0.0,0.0,0.0,0.0
1317,0,,,31.464265445104548,40.0,0.9879371056463807,0.0,0.0,31.0,0,4.0,0,0.0,1,0.0,1,0.0,0.0,0,0,0,1,1,1,0.0,0.0,1.0,1.0,0.0,0.0,0.0,0.5789473684210527,2.0,0.0,3.0,0.0,0.0,1.0,0.0,1.0,0.0,1.0,1.0,0.0,0.0,0.0,0.0,0.0
1572,0,,,46.76537180435969,73.0,0.9515980167903614,0.0,0.0,39.0,0,5.0,0,0.0,1,0.0,1,0.0,0.0,0,0,0,1,1,1,0.0,0.0,1.0,1.0,0.0,0.0,0.0,0.5789473684210527,0.0,1.0,0.0,1.0,25.0,0.0,0.0,1.0,4.0,0.0,1.0,0.0,0.0,0.0,0.0,0.0
1834,0,,,11.180339887498949,13.0,0.9998911308910102,0.0,0.0,11.0,0,2.0,0,0.0,1,0.0,1,0.0,0.0,0,0,0,1,0,1,1.0,1.0,0.0,0.0,1.0,1.0,1.0,0.47368421052631576,0.0,0.0,0.0,0.0,0.0,0.0,0.0,0.0,0.0,0.0,0.0,0.0,0.0,0.0,0.0,0.0
1446,0,,,36.45545226711637,59.0,0.9208866189694658,0.0,0.0,2.0,0,8.0,0,0.0,1,0.0,1,0.0,0.0,0,0,0,1,1,1,0.0,0.0,1.0,1.0,0.0,0.0,0.0,0.5789473684210527,0.0,1.0,0.0,1.0,30.0,0.0,0.0,1.0,19.0,0.0,1.0,0.0,0.0,0.0,0.0,0.0
1870,0,,,12.288205727444508,21.0,0.9999818518456963,0.0,0.0,11.0,0,4.0,0,0.0,1,1.0,0,3.0,0.0,0,0,0,1,1,1,1.0,1.0,0.0,1.0,1.0,1.0,1.0,0.5263157894736842,0.0,0.0,0.0,0.0,0.0,0.0,0.0,0.0,0.0,0.0,0.0,2.0,0.0,0.0,0.0,0.0
8,1,8.0,8.0,0.0,0.0,1.0,0.0,1.0,0.0,1,0.0,1,0.0,1,0.0,1,0.0,0.0,0,0,1,1,1,1,0.0,0.0,1.0,1.0,0.0,0.0,0.0,0.8947368421052632,0.0,1.0,0.0,1.0,0.0,1.0,0.0,1.0,0.0,1.0,1.0,0.0,0.0,0.0,0.0,0.0
1012,0,,,19.026297590440446,30.0,0.9780708436147293,0.0,0.0,18.0,0,2.0,0,0.0,1,1.0,0,0.0,0.0,0,0,1,1,1,1,0.0,0.0,1.0,1.0,0.0,0.0,0.0,0.5263157894736842,4.0,0.0,4.0,0.0,0.0,1.0,0.0,1.0,1.0,0.0,1.0,0.0,0.0,0.0,0.0,0.0
1028,0,,,11.313708498984761,16.0,0.9924081308635908,0.0,0.0,11.0,0,1.0,0,0.0,1,2.0,0,0.0,0.0,0,0,0,1,1,1,0.0,0.0,1.0,1.0,0.0,0.0,0.0,0.5263157894736842,1.0,0.0,1.0,0.0,0.0,1.0,0.0,1.0,0.0,1.0,1.0,0.0,0.0,0.0,0.0,0.0
732,1,732.0,732.0,0.0,0.0,1.0,0.0,0.0,0.0,1,0.0,1,0.0,1,0.0,1,0.0,0.0,0,0,1,1,1,1,0.0,0.0,1.0,1.0,0.0,0.0,0.0,0.8421052631578947,0.0,1.0,0.0,1.0,0.0,1.0,0.0,1.0,0.0,1.0,1.0,0.0,0.0,0.0,0.0,0.0
1196,0,,,22.181073012818835,34.0,0.6239764966082507,0.0,0.0,11.0,0,0.0,1,0.0,1,1.0,0,0.0,0.0,0,0,0,1,1,1,0.0,0.0,1.0,1.0,0.0,0.0,0.0,0.5789473684210527,0.0,1.0,0.0,1.0,19.0,0.0,3.0,0.0,0.0,1.0,1.0,0.0,0.0,0.0,0.0,0.0
1244,0,,,9.9498743710662,19.0,0.9838422136550272,0.0,0.0,6.0,0,3.0,0,0.0,1,1.0,0,0.0,0.0,0,0,0,1,1,1,0.0,0.0,1.0,1.0,0.0,0.0,0.0,0.5263157894736842,0.0,1.0,0.0,1.0,7.0,0.0,0.0,1.0,2.0,0.0,1.0,0.0,0.0,0.0,0.0,0.0
173,1,173.0,173.0,0.0,0.0,1.0,0.0,0.0,0.0,1,0.0,1,0.0,1,0.0,1,0.0,0.0,0,0,1,1,1,1,0.0,0.0,1.0,1.0,0.0,0.0,0.0,0.8421052631578947,0.0,1.0,0.0,1.0,0.0,1.0,0.0,1.0,0.0,1.0,1.0,0.0,0.0,0.0,0.0,0.0
199,1,199.0,199.0,0.0,0.0,1.0,0.0,1.0,0.0,1,0.0,1,0.0,1,0.0,1,0.0,0.0,0,0,1,1,1,1,0.0,0.0,1.0,1.0,0.0,0.0,0.0,0.8947368421052632,0.0,1.0,0.0,1.0,0.0,1.0,0.0,1.0,0.0,1.0,1.0,0.0,0.0,0.0,0.0,0.0
1338,0,,,20.248456731316587,26.0,0.8929143003334996,0.0,0.0,1.0,0,1.0,0,0.0,1,2.0,0,0.0,0.0,0,0,0,1,1,1,0.0,0.0,1.0,1.0,0.0,0.0,0.0,0.5263157894736842,0.0,1.0,0.0,1.0,20.0,0.0,2.0,0.0,0.0,1.0,1.0,0.0,0.0,0.0,0.0,0.0
387,1,387.0,387.0,0.0,0.0,1.0,0.0,0.0,0.0,1,0.0,1,0.0,1,0.0,1,0.0,0.0,0,0,1,1,1,1,1.0,1.0,1.0,0.0,1.0,1.0,1.0,0.8421052631578947,0.0,0.0,0.0,0.0,0.0,0.0,0.0,0.0,0.0,0.0,1.0,0.0,0.0,0.0,0.0,1.0
608,1,608.0,608.0,0.0,0.0,1.0,0.0,0.0,0.0,1,0.0,1,0.0,1,0.0,1,0.0,0.0,0,0,1,1,1,1,0.0,0.0,1.0,1.0,0.0,0.0,0.0,0.8421052631578947,0.0,1.0,0.0,1.0,0.0,1.0,0.0,1.0,0.0,1.0,1.0,0.0,0.0,0.0,0.0,0.0
467,1,467.0,467.0,0.0,0.0,1.0,0.0,0.0,0.0,1,0.0,1,0.0,1,0.0,1,0.0,1.0,0,0,1,1,1,1,1.0,1.0,0.0,1.0,1.0,1.0,1.0,0.8421052631578947,0.0,0.0,0.0,0.0,0.0,0.0,0.0,0.0,0.0,0.0,0.0,0.0,1.0,0.0,0.0,0.0
174,1,174.0,174.0,0.0,0.0,1.0,0.0,0.0,0.0,1,0.0,1,0.0,1,0.0,1,0.0,0.0,0,0,1,1,1,1,0.0,0.0,1.0,1.0,0.0,0.0,0.0,0.8421052631578947,0.0,1.0,0.0,1.0,0.0,1.0,0.0,1.0,0.0,1.0,1.0,0.0,0.0,0.0,0.0,0.0
37,1,37.0,37.0,0.0,0.0,1.0,0.0,1.0,0.0,1,0.0,1,0.0,1,0.0,1,0.0,0.0,0,0,1,1,1,1,0.0,0.0,1.0,1.0,0.0,0.0,0.0,0.8947368421052632,0.0,1.0,0.0,1.0,0.0,1.0,0.0,1.0,0.0,1.0,1.0,0.0,0.0,0.0,0.0,0.0
1998,0,,,124.3342269851709,177.0,0.9981048321114163,0.0,0.0,79.0,0,1.0,0,0.0,1,0.0,1,96.0,0.0,0,0,0,1,1,1,1.0,1.0,0.0,1.0,1.0,1.0,1.0,0.5789473684210527,0.0,0.0,0.0,0.0,0.0,0.0,0.0,0.0,0.0,0.0,0.0,1.0,0.0,0.0,0.0,0.0
604,1,604.0,604.0,0.0,0.0,1.0,0.0,0.0,0.0,1,0.0,1,0.0,1,0.0,1,0.0,0.0,0,0,1,1,1,1,0.0,0.0,1.0,1.0,0.0,0.0,0.0,0.8421052631578947,0.0,1.0,0.0,1.0,0.0,1.0,0.0,1.0,0.0,1.0,1.0,0.0,0.0,0.0,0.0,0.0
307,1,307.0,307.0,0.0,0.0,1.0,0.0,1.0,0.0,1,0.0,1,0.0,1,0.0,1,0.0,0.0,0,0,1,1,1,1,0.0,0.0,1.0,1.0,0.0,0.0,0.0,0.8947368421052632,0.0,1.0,0.0,1.0,0.0,1.0,0.0,1.0,0.0,1.0,1.0,0.0,0.0,0.0,0.0,0.0
930,1,930.0,930.0,0.0,0.0,1.0,0.0,0.0,0.0,1,0.0,1,0.0,1,0.0,1,0.0,0.0,0,0,1,1,1,1,0.0,0.0,1.0,1.0,0.0,0.0,0.0,0.8421052631578947,0.0,1.0,0.0,1.0,0.0,1.0,0.0,1.0,0.0,1.0,1.0,0.0,0.0,0.0,0.0,0.0
175,1,175.0,175.0,0.0,0.0,1.0,0.0,0.0,0.0,1,0.0,1,0.0,1,0.0,1,0.0,0.0,0,0,1,1,1,1,1.0,1.0,1.0,0.0,1.0,1.0,1.0,0.8421052631578947,0.0,0.0,0.0,0.0,0.0,0.0,0.0,0.0,0.0,0.0,1.0,0.0,0.0,0.0,0.0,1.0
650,1,650.0,650.0,0.0,0.0,1.0,0.0,0.0,0.0,1,0.0,1,0.0,1,0.0,1,0.0,0.0,0,0,1,1,1,1,0.0,0.0,1.0,1.0,0.0,0.0,0.0,0.8421052631578947,0.0,1.0,0.0,1.0,0.0,1.0,0.0,1.0,0.0,1.0,1.0,0.0,0.0,0.0,0.0,0.0
674,1,674.0,674.0,0.0,0.0,1.0,0.0,0.0,0.0,1,0.0,1,0.0,1,0.0,1,0.0,1.0,0,0,1,1,1,1,1.0,1.0,0.0,1.0,1.0,1.0,1.0,0.8421052631578947,0.0,0.0,0.0,0.0,0.0,0.0,0.0,0.0,0.0,0.0,0.0,0.0,1.0,0.0,0.0,0.0
1589,0,,,20.396078054371138,32.0,0.9878876531215532,0.0,0.0,19.0,0,2.0,0,0.0,1,1.0,0,0.0,0.0,0,0,0,1,1,1,0.0,0.0,1.0,1.0,0.0,0.0,0.0,0.5263157894736842,5.0,0.0,5.0,0.0,0.0,1.0,0.0,1.0,0.0,1.0,1.0,0.0,0.0,0.0,0.0,0.0
866,1,866.0,866.0,0.0,0.0,1.0,0.0,1.0,0.0,1,0.0,1,0.0,1,0.0,1,0.0,0.0,0,0,1,1,1,1,0.0,0.0,1.0,1.0,0.0,0.0,0.0,0.8947368421052632,0.0,1.0,0.0,1.0,0.0,1.0,0.0,1.0,0.0,1.0,1.0,0.0,0.0,0.0,0.0,0.0
1078,0,,,33.19638534539566,46.0,0.9998649124518547,0.0,0.0,32.0,0,8.0,0,0.0,1,1.0,0,3.0,0.0,0,0,0,1,1,1,1.0,1.0,0.0,1.0,1.0,1.0,1.0,0.5263157894736842,0.0,0.0,0.0,0.0,0.0,0.0,0.0,0.0,0.0,0.0,0.0,2.0,0.0,0.0,0.0,0.0
904,1,904.0,904.0,0.0,0.0,1.0,0.0,0.0,0.0,1,0.0,1,0.0,1,0.0,1,0.0,1.0,0,0,1,1,1,1,1.0,1.0,0.0,1.0,1.0,1.0,1.0,0.8421052631578947,0.0,0.0,0.0,0.0,0.0,0.0,0.0,0.0,0.0,0.0,0.0,0.0,1.0,0.0,0.0,0.0
756,1,756.0,756.0,0.0,0.0,1.0,0.0,0.0,0.0,1,0.0,1,0.0,1,0.0,1,0.0,0.0,0,0,1,1,1,1,0.0,0.0,1.0,1.0,0.0,0.0,0.0,0.8421052631578947,0.0,1.0,0.0,1.0,0.0,1.0,0.0,1.0,0.0,1.0,1.0,0.0,0.0,0.0,0.0,0.0
692,1,692.0,692.0,0.0,0.0,1.0,0.0,0.0,0.0,1,0.0,1,0.0,1,0.0,1,0.0,0.0,0,0,1,1,1,1,0.0,0.0,1.0,1.0,0.0,0.0,0.0,0.8421052631578947,0.0,1.0,0.0,1.0,0.0,1.0,0.0,1.0,0.0,1.0,1.0,0.0,0.0,0.0,0.0,0.0
1441,0,,,69.10137480542626,75.0,0.9994156880981881,0.0,0.0,69.0,0,1.0,0,0.0,1,0.0,1,3.0,0.0,0,0,0,1,1,1,1.0,1.0,0.0,1.0,1.0,1.0,1.0,0.5789473684210527,0.0,0.0,0.0,0.0,0.0,0.0,0.0,0.0,0.0,0.0,0.0,2.0,0.0,0.0,0.0,0.0
575,1,575.0,575.0,0.0,0.0,1.0,0.0,0.0,0.0,1,0.0,1,0.0,1,0.0,1,0.0,0.0,0,0,1,1,1,1,0.0,0.0,1.0,1.0,0.0,0.0,0.0,0.8421052631578947,0.0,1.0,0.0,1.0,0.0,1.0,0.0,1.0,0.0,1.0,1.0,0.0,0.0,0.0,0.0,0.0
887,1,887.0,887.0,0.0,0.0,1.0,0.0,0.0,0.0,1,0.0,1,0.0,1,0.0,1,0.0,1.0,0,0,1,1,1,1,1.0,1.0,0.0,1.0,1.0,1.0,1.0,0.8421052631578947,0.0,0.0,0.0,0.0,0.0,0.0,0.0,0.0,0.0,0.0,0.0,0.0,1.0,0.0,0.0,0.0
1994,0,,,10.908712114635714,19.0,0.9956247477666537,0.0,0.0,9.0,0,5.0,0,0.0,1,2.0,0,0.0,0.0,0,0,0,1,1,1,1.0,1.0,1.0,0.0,1.0,1.0,1.0,0.5789473684210527,0.0,0.0,0.0,0.0,0.0,0.0,0.0,0.0,0.0,0.0,1.0,0.0,0.0,0.0,3.0,0.0
891,1,891.0,891.0,0.0,0.0,1.0,0.0,0.0,0.0,1,0.0,1,0.0,1,0.0,1,0.0,0.0,0,0,1,1,1,1,0.0,0.0,1.0,1.0,0.0,0.0,0.0,0.8421052631578947,0.0,1.0,0.0,1.0,0.0,1.0,0.0,1.0,0.0,1.0,1.0,0.0,0.0,0.0,0.0,0.0
602,1,602.0,602.0,0.0,0.0,1.0,0.0,0.0,0.0,1,0.0,1,0.0,1,0.0,1,0.0,1.0,0,0,1,1,1,1,1.0,1.0,1.0,1.0,1.0,1.0,1.0,0.8421052631578947,0.0,0.0,0.0,0.0,0.0,0.0,0.0,0.0,0.0,0.0,0.0,0.0,0.0,0.0,0.0,0.0
1902,0,,,13.076696830622021,25.0,0.9569487513460883,0.0,0.0,0.0,1,3.0,0,0.0,1,3.0,0,0.0,0.0,0,0,1,1,1,1,0.0,0.0,1.0,1.0,0.0,0.0,0.0,0.5789473684210527,4.0,0.0,4.0,0.0,0.0,1.0,0.0,1.0,11.0,0.0,1.0,0.0,0.0,0.0,0.0,0.0
1124,0,,,26.49528259898354,42.0,0.9708765485117,0.0,0.0,19.0,0,4.0,0,0.0,1,0.0,1,0.0,0.0,0,0,0,1,1,1,0.0,0.0,1.0,1.0,0.0,0.0,0.0,0.5789473684210527,18.0,0.0,1.0,0.0,0.0,1.0,0.0,1.0,0.0,1.0,1.0,0.0,0.0,0.0,0.0,0.0
501,1,501.0,501.0,0.0,0.0,1.0,0.0,0.0,0.0,1,0.0,1,0.0,1,0.0,1,0.0,1.0,0,0,1,1,1,1,1.0,1.0,0.0,1.0,1.0,1.0,1.0,0.8421052631578947,0.0,0.0,0.0,0.0,0.0,0.0,0.0,0.0,0.0,0.0,0.0,0.0,1.0,0.0,0.0,0.0
828,1,828.0,828.0,0.0,0.0,1.0,0.0,0.0,0.0,1,0.0,1,0.0,1,0.0,1,0.0,0.0,0,0,1,1,1,1,0.0,0.0,1.0,1.0,0.0,0.0,0.0,0.8421052631578947,0.0,1.0,0.0,1.0,0.0,1.0,0.0,1.0,0.0,1.0,1.0,0.0,0.0,0.0,0.0,0.0
1696,0,,,12.288205727444508,21.0,0.9999817010725891,0.0,0.0,11.0,0,2.0,0,0.0,1,4.0,0,3.0,0.0,0,0,0,1,1,1,1.0,1.0,0.0,1.0,1.0,1.0,1.0,0.5263157894736842,0.0,0.0,0.0,0.0,0.0,0.0,0.0,0.0,0.0,0.0,0.0,1.0,0.0,0.0,0.0,0.0
1280,0,,,33.823069050575526,52.0,0.8396496716550252,0.0,0.0,31.0,0,1.0,0,0.0,1,1.0,0,0.0,0.0,0,0,0,1,1,1,0.0,0.0,1.0,1.0,0.0,0.0,0.0,0.5263157894736842,10.0,0.0,9.0,0.0,0.0,1.0,0.0,1.0,0.0,1.0,1.0,0.0,0.0,0.0,0.0,0.0
1829,0,,,15.937377450509228,26.0,0.8737129172837258,1.0,0.0,2.0,0,2.0,0,0.0,1,2.0,0,0.0,0.0,0,0,0,1,1,1,0.0,0.0,1.0,1.0,0.0,0.0,0.0,0.5263157894736842,0.0,1.0,0.0,1.0,15.0,0.0,0.0,1.0,4.0,0.0,1.0,0.0,0.0,0.0,0.0,0.0
1635,0,,,39.4715087119811,54.0,0.9978247324055283,1.0,0.0,38.0,0,2.0,0,0.0,1,0.0,1,0.0,0.0,0,0,0,1,1,1,0.0,0.0,1.0,1.0,0.0,0.0,0.0,0.5789473684210527,0.0,1.0,0.0,1.0,10.0,0.0,0.0,1.0,3.0,0.0,1.0,0.0,0.0,0.0,0.0,0.0
1016,0,,,13.74772708486752,29.0,0.9845413305487858,1.0,0.0,9.0,0,0.0,1,0.0,1,0.0,1,0.0,0.0,0,0,1,1,1,1,0.0,0.0,1.0,1.0,0.0,0.0,0.0,0.5789473684210527,3.0,0.0,3.0,0.0,5.0,0.0,0.0,1.0,8.0,0.0,1.0,0.0,0.0,0.0,0.0,0.0
547,1,547.0,547.0,0.0,0.0,1.0,0.0,0.0,0.0,1,0.0,1,0.0,1,0.0,1,0.0,0.0,0,0,1,1,1,1,0.0,0.0,1.0,1.0,0.0,0.0,0.0,0.8421052631578947,0.0,1.0,0.0,1.0,0.0,1.0,0.0,1.0,0.0,1.0,1.0,0.0,0.0,0.0,0.0,0.0
742,1,742.0,742.0,0.0,0.0,1.0,0.0,0.0,0.0,1,0.0,1,0.0,1,0.0,1,0.0,0.0,0,0,1,1,1,1,0.0,0.0,1.0,1.0,0.0,0.0,0.0,0.8421052631578947,0.0,1.0,0.0,1.0,0.0,1.0,0.0,1.0,0.0,1.0,1.0,0.0,0.0,0.0,0.0,0.0
26,1,26.0,26.0,0.0,0.0,1.0,0.0,1.0,0.0,1,0.0,1,0.0,1,0.0,1,0.0,0.0,0,0,1,1,1,1,0.0,0.0,1.0,1.0,0.0,0.0,0.0,0.8947368421052632,0.0,1.0,0.0,1.0,0.0,1.0,0.0,1.0,0.0,1.0,1.0,0.0,0.0,0.0,0.0,0.0
492,1,492.0,492.0,0.0,0.0,1.0,0.0,0.0,0.0,1,0.0,1,0.0,1,0.0,1,0.0,0.0,0,0,1,1,1,1,0.0,0.0,1.0,1.0,0.0,0.0,0.0,0.8421052631578947,0.0,1.0,0.0,1.0,0.0,1.0,0.0,1.0,0.0,1.0,1.0,0.0,0.0,0.0,0.0,0.0
413,1,413.0,413.0,0.0,0.0,1.0,0.0,0.0,0.0,1,0.0,1,0.0,1,0.0,1,0.0,0.0,0,0,1,1,1,1,0.0,0.0,1.0,1.0,0.0,0.0,0.0,0.8421052631578947,0.0,1.0,0.0,1.0,0.0,1.0,0.0,1.0,0.0,1.0,1.0,0.0,0.0,0.0,0.0,0.0
261,1,261.0,261.0,0.0,0.0,1.0,0.0,1.0,0.0,1,0.0,1,0.0,1,0.0,1,0.0,0.0,0,0,1,1,1,1,0.0,0.0,1.0,1.0,0.0,0.0,0.0,0.8947368421052632,0.0,1.0,0.0,1.0,0.0,1.0,0.0,1.0,0.0,1.0,1.0,0.0,0.0,0.0,0.0,0.0
1171,0,,,5.5677643628300215,9.0,0.972572320509728,0.0,0.0,0.0,1,1.0,0,1.0,0,0.0,1,0.0,0.0,0,0,0,1,1,1,0.0,0.0,1.0,1.0,0.0,0.0,0.0,0.5789473684210527,0.0,1.0,0.0,1.0,5.0,0.0,0.0,1.0,2.0,0.0,1.0,0.0,0.0,0.0,0.0,0.0
1943,0,,,13.152946437965905,25.0,0.9612113210365367,0.0,0.0,8.0,0,0.0,1,0.0,1,0.0,1,0.0,0.0,0,0,0,1,1,1,0.0,0.0,1.0,1.0,0.0,0.0,0.0,0.5789473684210527,0.0,1.0,0.0,1.0,8.0,0.0,3.0,0.0,6.0,0.0,1.0,0.0,0.0,0.0,0.0,0.0
190,1,190.0,190.0,0.0,0.0,1.0,0.0,0.0,0.0,1,0.0,1,0.0,1,0.0,1,0.0,0.0,0,0,1,1,1,1,0.0,0.0,1.0,1.0,0.0,0.0,0.0,0.8421052631578947,0.0,1.0,0.0,1.0,0.0,1.0,0.0,1.0,0.0,1.0,1.0,0.0,0.0,0.0,0.0,0.0
493,1,493.0,493.0,0.0,0.0,1.0,0.0,0.0,0.0,1,0.0,1,0.0,1,0.0,1,0.0,0.0,0,0,1,1,1,1,0.0,0.0,1.0,1.0,0.0,0.0,0.0,0.8421052631578947,0.0,1.0,0.0,1.0,0.0,1.0,0.0,1.0,0.0,1.0,1.0,0.0,0.0,0.0,0.0,0.0
1377,0,,,23.08679276123039,39.0,0.9311152689628618,0.0,0.0,9.0,0,6.0,0,0.0,1,0.0,1,0.0,0.0,0,0,0,1,1,1,0.0,0.0,1.0,1.0,0.0,0.0,0.0,0.5789473684210527,0.0,1.0,0.0,1.0,20.0,0.0,0.0,1.0,4.0,0.0,1.0,0.0,0.0,0.0,0.0,0.0
423,1,423.0,423.0,0.0,0.0,1.0,0.0,0.0,0.0,1,0.0,1,0.0,1,0.0,1,0.0,0.0,0,0,1,1,1,1,0.0,0.0,1.0,1.0,0.0,0.0,0.0,0.8421052631578947,0.0,1.0,0.0,1.0,0.0,1.0,0.0,1.0,0.0,1.0,1.0,0.0,0.0,0.0,0.0,0.0
1889,0,,,40.22437072223753,48.0,0.9053248871084411,1.0,0.0,40.0,0,3.0,0,0.0,1,2.0,0,0.0,0.0,0,0,0,1,1,1,0.0,0.0,1.0,1.0,0.0,0.0,0.0,0.5789473684210527,0.0,1.0,0.0,1.0,0.0,1.0,2.0,0.0,0.0,1.0,1.0,0.0,0.0,0.0,0.0,0.0
1588,0,,,29.698484809834994,50.0,0.9623202452794204,0.0,0.0,20.0,0,9.0,0,0.0,1,0.0,1,0.0,0.0,0,0,1,1,1,1,0.0,0.0,1.0,1.0,0.0,0.0,0.0,0.631578947368421,0.0,1.0,0.0,1.0,20.0,0.0,0.0,1.0,1.0,0.0,1.0,0.0,0.0,0.0,0.0,0.0
721,1,721.0,721.0,0.0,0.0,1.0,0.0,0.0,0.0,1,0.0,1,0.0,1,0.0,1,0.0,1.0,0,0,1,1,1,1,1.0,1.0,0.0,1.0,1.0,1.0,1.0,0.8421052631578947,0.0,0.0,0.0,0.0,0.0,0.0,0.0,0.0,0.0,0.0,0.0,0.0,1.0,0.0,0.0,0.0
1444,0,,,40.53393639902249,51.0,0.9998027165435038,0.0,0.0,40.0,0,3.0,0,0.0,1,3.0,0,0.0,1.0,0,0,0,1,1,1,1.0,1.0,0.0,1.0,1.0,1.0,1.0,0.5789473684210527,0.0,0.0,0.0,0.0,0.0,0.0,0.0,0.0,0.0,0.0,0.0,5.0,0.0,0.0,0.0,0.0
867,1,867.0,867.0,0.0,0.0,1.0,0.0,1.0,0.0,1,0.0,1,0.0,1,0.0,1,0.0,0.0,0,0,1,1,1,1,0.0,0.0,1.0,1.0,0.0,0.0,0.0,0.8947368421052632,0.0,1.0,0.0,1.0,0.0,1.0,0.0,1.0,0.0,1.0,1.0,0.0,0.0,0.0,0.0,0.0
1390,0,,,10.63014581273465,17.0,0.9993398677483819,0.0,0.0,10.0,0,1.0,0,0.0,1,2.0,0,0.0,0.0,0,0,0,1,1,1,0.0,0.0,1.0,1.0,0.0,0.0,0.0,0.5263157894736842,2.0,0.0,2.0,0.0,0.0,1.0,0.0,1.0,0.0,1.0,1.0,0.0,0.0,0.0,0.0,0.0
214,1,214.0,214.0,0.0,0.0,1.0,0.0,1.0,0.0,1,0.0,1,0.0,1,0.0,1,0.0,0.0,0,0,1,1,1,1,0.0,0.0,1.0,1.0,0.0,0.0,0.0,0.8947368421052632,0.0,1.0,0.0,1.0,0.0,1.0,0.0,1.0,0.0,1.0,1.0,0.0,0.0,0.0,0.0,0.0
949,1,949.0,949.0,0.0,0.0,1.0,0.0,0.0,0.0,1,0.0,1,0.0,1,0.0,1,0.0,0.0,0,0,1,1,1,1,0.0,0.0,1.0,1.0,0.0,0.0,0.0,0.8421052631578947,0.0,1.0,0.0,1.0,0.0,1.0,0.0,1.0,0.0,1.0,1.0,0.0,0.0,0.0,0.0,0.0
1110,0,,,15.491933384829668,22.0,0.9396626497782359,0.0,1.0,1.0,0,1.0,0,0.0,1,0.0,1,0.0,0.0,0,0,0,1,1,1,0.0,0.0,1.0,1.0,0.0,0.0,0.0,0.5789473684210527,0.0,1.0,0.0,1.0,15.0,0.0,3.0,0.0,2.0,0.0,1.0,0.0,0.0,0.0,0.0,0.0
1547,0,,,13.892443989449804,29.0,0.9611154641575306,0.0,0.0,2.0,0,6.0,0,0.0,1,0.0,1,0.0,0.0,0,0,1,1,1,1,0.0,0.0,1.0,1.0,0.0,0.0,0.0,0.5789473684210527,8.0,0.0,8.0,0.0,5.0,0.0,0.0,1.0,0.0,1.0,1.0,0.0,0.0,0.0,0.0,0.0
1756,0,,,9.539392014169456,15.0,0.9982680720312805,0.0,0.0,9.0,0,1.0,0,0.0,1,2.0,0,0.0,0.0,0,0,0,1,1,1,0.0,0.0,1.0,1.0,0.0,0.0,0.0,0.5263157894736842,0.0,1.0,0.0,1.0,2.0,0.0,1.0,0.0,0.0,1.0,1.0,0.0,0.0,0.0,0.0,0.0
795,1,795.0,795.0,0.0,0.0,1.0,0.0,0.0,0.0,1,0.0,1,0.0,1,0.0,1,0.0,0.0,0,0,1,1,1,1,0.0,0.0,1.0,1.0,0.0,0.0,0.0,0.8421052631578947,0.0,1.0,0.0,1.0,0.0,1.0,0.0,1.0,0.0,1.0,1.0,0.0,0.0,0.0,0.0,0.0
1925,0,,,89.80534505250787,133.0,0.7186972221557307,0.0,0.0,80.0,0,6.0,0,0.0,1,2.0,0,0.0,0.0,0,0,1,1,1,1,0.0,0.0,1.0,1.0,0.0,0.0,0.0,0.5789473684210527,0.0,1.0,0.0,1.0,40.0,0.0,0.0,1.0,5.0,0.0,1.0,0.0,0.0,0.0,0.0,0.0
675,1,675.0,675.0,0.0,0.0,1.0,0.0,0.0,0.0,1,0.0,1,0.0,1,0.0,1,0.0,1.0,0,0,1,1,1,1,1.0,1.0,0.0,1.0,1.0,1.0,1.0,0.8421052631578947,0.0,0.0,0.0,0.0,0.0,0.0,0.0,0.0,0.0,0.0,0.0,0.0,1.0,0.0,0.0,0.0
1604,0,,,14.52583904633395,25.0,0.9805139196953016,0.0,0.0,0.0,1,0.0,1,0.0,1,1.0,0,0.0,0.0,0,0,0,1,1,1,0.0,0.0,1.0,1.0,0.0,0.0,0.0,0.5789473684210527,11.0,0.0,8.0,0.0,5.0,0.0,0.0,1.0,0.0,1.0,1.0,0.0,0.0,0.0,0.0,0.0
783,1,783.0,783.0,0.0,0.0,1.0,0.0,0.0,0.0,1,0.0,1,0.0,1,0.0,1,0.0,0.0,0,0,1,1,1,1,0.0,0.0,1.0,1.0,0.0,0.0,0.0,0.8421052631578947,0.0,1.0,0.0,1.0,0.0,1.0,0.0,1.0,0.0,1.0,1.0,0.0,0.0,0.0,0.0,0.0
489,1,489.0,489.0,0.0,0.0,1.0,0.0,0.0,0.0,1,0.0,1,0.0,1,0.0,1,0.0,0.0,0,0,1,1,1,1,0.0,0.0,1.0,1.0,0.0,0.0,0.0,0.8421052631578947,0.0,1.0,0.0,1.0,0.0,1.0,0.0,1.0,0.0,1.0,1.0,0.0,0.0,0.0,0.0,0.0
584,1,584.0,584.0,0.0,0.0,1.0,0.0,0.0,0.0,1,0.0,1,0.0,1,0.0,1,0.0,0.0,0,0,1,1,1,1,0.0,0.0,1.0,1.0,0.0,0.0,0.0,0.8421052631578947,0.0,1.0,0.0,1.0,0.0,1.0,0.0,1.0,0.0,1.0,1.0,0.0,0.0,0.0,0.0,0.0
1770,0,,,10.583005244258363,16.0,0.9828776905197542,1.0,0.0,1.0,0,3.0,0,0.0,1,0.0,1,0.0,0.0,0,0,0,1,1,1,0.0,0.0,1.0,1.0,0.0,0.0,0.0,0.5789473684210527,0.0,1.0,0.0,1.0,10.0,0.0,1.0,0.0,0.0,1.0,1.0,0.0,0.0,0.0,0.0,0.0
1109,0,,,3.872983346207417,9.0,0.9983338337879011,1.0,0.0,2.0,0,1.0,0,0.0,1,1.0,0,0.0,0.0,0,0,0,1,1,1,0.0,0.0,1.0,1.0,0.0,0.0,0.0,0.5263157894736842,0.0,1.0,0.0,1.0,2.0,0.0,2.0,0.0,0.0,1.0,1.0,0.0,0.0,0.0,0.0,0.0
1618,0,,,32.17141588429082,37.0,0.8766654929683296,0.0,0.0,32.0,0,3.0,0,0.0,1,1.0,0,1.0,0.0,0,0,0,1,1,1,1.0,1.0,0.0,1.0,1.0,1.0,1.0,0.5263157894736842,0.0,0.0,0.0,0.0,0.0,0.0,0.0,0.0,0.0,0.0,0.0,0.0,0.0,0.0,0.0,0.0
1923,0,,,12.24744871391589,18.0,0.9487713953618347,0.0,0.0,0.0,1,1.0,0,0.0,1,0.0,1,0.0,0.0,0,0,0,1,1,1,0.0,0.0,1.0,1.0,0.0,0.0,0.0,0.631578947368421,0.0,1.0,0.0,1.0,10.0,0.0,0.0,1.0,7.0,0.0,1.0,0.0,0.0,0.0,0.0,0.0
1751,0,,,47.34976240700686,72.0,0.6400605582632896,0.0,0.0,40.0,0,2.0,0,0.0,1,2.0,0,0.0,0.0,0,0,0,1,1,1,0.0,0.0,1.0,1.0,0.0,0.0,0.0,0.5263157894736842,0.0,1.0,0.0,1.0,25.0,0.0,3.0,0.0,0.0,1.0,1.0,0.0,0.0,0.0,0.0,0.0
1602,0,,,34.52535300326414,50.0,0.9912449218675462,0.0,0.0,31.0,0,2.0,0,0.0,1,1.0,0,0.0,0.0,0,0,0,1,1,1,0.0,0.0,1.0,1.0,0.0,0.0,0.0,0.5263157894736842,0.0,1.0,0.0,1.0,15.0,0.0,0.0,1.0,1.0,0.0,1.0,0.0,0.0,0.0,0.0,0.0
847,1,847.0,847.0,0.0,0.0,1.0,0.0,0.0,0.0,1,0.0,1,0.0,1,0.0,1,0.0,0.0,0,0,1,1,1,1,0.0,0.0,1.0,1.0,0.0,0.0,0.0,0.8421052631578947,0.0,1.0,0.0,1.0,0.0,1.0,0.0,1.0,0.0,1.0,1.0,0.0,0.0,0.0,0.0,0.0
654,1,654.0,654.0,0.0,0.0,1.0,0.0,0.0,0.0,1,0.0,1,0.0,1,0.0,1,0.0,0.0,0,0,1,1,1,1,0.0,0.0,1.0,1.0,0.0,0.0,0.0,0.8421052631578947,0.0,1.0,0.0,1.0,0.0,1.0,0.0,1.0,0.0,1.0,1.0,0.0,0.0,0.0,0.0,0.0
472,1,472.0,472.0,0.0,0.0,1.0,0.0,0.0,0.0,1,0.0,1,0.0,1,0.0,1,0.0,0.0,0,0,1,1,1,1,0.0,0.0,1.0,1.0,0.0,0.0,0.0,0.8421052631578947,0.0,1.0,0.0,1.0,0.0,1.0,0.0,1.0,0.0,1.0,1.0,0.0,0.0,0.0,0.0,0.0
1941,0,,,11.045361017187261,18.0,0.9618719091418171,0.0,0.0,9.0,0,6.0,0,0.0,1,1.0,0,0.0,0.0,0,0,0,1,1,1,0.0,0.0,1.0,1.0,0.0,0.0,0.0,0.5789473684210527,0.0,1.0,0.0,1.0,0.0,1.0,0.0,1.0,2.0,0.0,1.0,0.0,0.0,0.0,0.0,0.0
1983,0,,,13.92838827718412,24.0,0.9706667409354839,0.0,0.0,1.0,0,2.0,0,0.0,1,2.0,0,0.0,0.0,0,0,0,1,1,1,0.0,0.0,1.0,1.0,0.0,0.0,0.0,0.5263157894736842,11.0,0.0,8.0,0.0,0.0,1.0,0.0,1.0,0.0,1.0,1.0,0.0,0.0,0.0,0.0,0.0
761,1,761.0,761.0,0.0,0.0,1.0,0.0,0.0,0.0,1,0.0,1,0.0,1,0.0,1,0.0,1.0,0,0,1,1,1,1,1.0,1.0,1.0,1.0,1.0,1.0,1.0,0.8421052631578947,0.0,0.0,0.0,0.0,0.0,0.0,0.0,0.0,0.0,0.0,0.0,0.0,0.0,0.0,0.0,0.0
1981,0,,,6.0,10.0,0.9947970973599851,1.0,0.0,0.0,1,1.0,0,0.0,1,3.0,0,0.0,0.0,0,0,0,1,1,1,0.0,0.0,1.0,1.0,0.0,0.0,0.0,0.631578947368421,0.0,1.0,0.0,1.0,5.0,0.0,0.0,1.0,0.0,1.0,1.0,0.0,0.0,0.0,0.0,0.0
163,1,163.0,163.0,0.0,0.0,1.0,0.0,1.0,0.0,1,0.0,1,0.0,1,0.0,1,0.0,0.0,0,0,1,1,1,1,0.0,0.0,1.0,1.0,0.0,0.0,0.0,0.8947368421052632,0.0,1.0,0.0,1.0,0.0,1.0,0.0,1.0,0.0,1.0,1.0,0.0,0.0,0.0,0.0,0.0
1715,0,,,13.564659966250536,26.0,0.9908365840251365,0.0,0.0,10.0,0,5.0,0,0.0,1,1.0,0,0.0,0.0,0,0,0,1,1,1,0.0,0.0,1.0,1.0,0.0,0.0,0.0,0.5263157894736842,0.0,1.0,0.0,1.0,0.0,1.0,3.0,0.0,7.0,0.0,1.0,0.0,0.0,0.0,0.0,0.0
1260,0,,,6.855654600401044,13.0,0.9941189585257791,0.0,0.0,1.0,0,4.0,0,0.0,1,1.0,0,0.0,0.0,0,0,0,1,1,1,0.0,0.0,1.0,1.0,0.0,0.0,0.0,0.5263157894736842,0.0,1.0,0.0,1.0,5.0,0.0,0.0,1.0,2.0,0.0,1.0,0.0,0.0,0.0,0.0,0.0
1447,0,,,60.67948582511226,74.0,0.9995484089752412,0.0,0.0,60.0,0,8.0,0,0.0,1,0.0,1,3.0,0.0,0,0,0,1,1,1,1.0,1.0,0.0,1.0,1.0,1.0,1.0,0.5789473684210527,0.0,0.0,0.0,0.0,0.0,0.0,0.0,0.0,0.0,0.0,0.0,3.0,0.0,0.0,0.0,0.0
637,1,637.0,637.0,0.0,0.0,1.0,0.0,0.0,0.0,1,0.0,1,0.0,1,0.0,1,0.0,0.0,0,0,1,1,1,1,0.0,0.0,1.0,1.0,0.0,0.0,0.0,0.8421052631578947,0.0,1.0,0.0,1.0,0.0,1.0,0.0,1.0,0.0,1.0,1.0,0.0,0.0,0.0,0.0,0.0
855,1,855.0,855.0,0.0,0.0,1.0,0.0,0.0,0.0,1,0.0,1,0.0,1,0.0,1,0.0,0.0,0,0,1,1,1,1,0.0,0.0,1.0,1.0,0.0,0.0,0.0,0.8421052631578947,0.0,1.0,0.0,1.0,0.0,1.0,0.0,1.0,0.0,1.0,1.0,0.0,0.0,0.0,0.0,0.0
1716,0,,,12.041594578792296,21.0,0.9999830849178496,1.0,0.0,11.0,0,3.0,0,0.0,1,2.0,0,1.0,0.0,0,0,0,1,1,1,1.0,1.0,0.0,1.0,1.0,1.0,1.0,0.5263157894736842,0.0,0.0,0.0,0.0,0.0,0.0,0.0,0.0,0.0,0.0,0.0,3.0,0.0,0.0,0.0,0.0
1384,0,,,37.094473981982816,64.0,0.850473338434296,1.0,0.0,30.0,0,1.0,0,0.0,1,0.0,1,0.0,0.0,0,0,1,1,1,1,0.0,0.0,1.0,1.0,0.0,0.0,0.0,0.5789473684210527,0.0,1.0,0.0,1.0,20.0,0.0,5.0,0.0,7.0,0.0,1.0,0.0,0.0,0.0,0.0,0.0
1616,0,,,18.601075237738275,32.0,0.9467706094567104,0.0,0.0,10.0,0,2.0,0,0.0,1,1.0,0,0.0,0.0,0,0,0,1,1,1,0.0,0.0,1.0,1.0,0.0,0.0,0.0,0.5263157894736842,0.0,1.0,0.0,1.0,15.0,0.0,4.0,0.0,0.0,1.0,1.0,0.0,0.0,0.0,0.0,0.0
1869,0,,,40.099875311526844,46.0,0.9998025640138675,1.0,0.0,40.0,0,2.0,0,0.0,1,1.0,0,1.0,0.0,0,0,0,1,1,1,1.0,1.0,0.0,1.0,1.0,1.0,1.0,0.5263157894736842,0.0,0.0,0.0,0.0,0.0,0.0,0.0,0.0,0.0,0.0,0.0,1.0,0.0,0.0,0.0,0.0
1997,0,,,37.416573867739416,58.0,0.7739057168933778,0.0,0.0,10.0,0,0.0,1,0.0,1,1.0,0,0.0,0.0,0,0,1,1,1,1,0.0,0.0,1.0,1.0,0.0,0.0,0.0,0.5263157894736842,1.0,0.0,0.0,1.0,35.0,0.0,3.0,0.0,8.0,0.0,1.0,0.0,0.0,0.0,0.0,0.0
564,1,564.0,564.0,0.0,0.0,1.0,0.0,0.0,0.0,1,0.0,1,0.0,1,0.0,1,0.0,0.0,0,0,1,1,1,1,0.0,0.0,1.0,1.0,0.0,0.0,0.0,0.8421052631578947,0.0,1.0,0.0,1.0,0.0,1.0,0.0,1.0,0.0,1.0,1.0,0.0,0.0,0.0,0.0,0.0
182,1,182.0,182.0,0.0,0.0,1.0,0.0,1.0,0.0,1,0.0,1,0.0,1,0.0,1,0.0,1.0,0,0,1,1,1,1,1.0,1.0,0.0,1.0,1.0,1.0,1.0,0.8947368421052632,0.0,0.0,0.0,0.0,0.0,0.0,0.0,0.0,0.0,0.0,0.0,0.0,1.0,0.0,0.0,0.0
429,1,429.0,429.0,0.0,0.0,1.0,0.0,0.0,0.0,1,0.0,1,0.0,1,0.0,1,0.0,0.0,0,0,1,1,1,1,0.0,0.0,1.0,1.0,0.0,0.0,0.0,0.8421052631578947,0.0,1.0,0.0,1.0,0.0,1.0,0.0,1.0,0.0,1.0,1.0,0.0,0.0,0.0,0.0,0.0
1749,0,,,5.385164807134504,9.0,0.9948181954031242,0.0,0.0,1.0,0,1.0,0,0.0,1,0.0,1,0.0,0.0,0,0,0,1,1,1,0.0,0.0,1.0,1.0,0.0,0.0,0.0,0.5263157894736842,1.0,0.0,1.0,0.0,5.0,0.0,0.0,1.0,0.0,1.0,1.0,0.0,0.0,0.0,0.0,0.0
863,1,863.0,863.0,0.0,0.0,1.0,0.0,0.0,0.0,1,0.0,1,0.0,1,0.0,1,0.0,0.0,0,0,1,1,1,1,0.0,0.0,1.0,1.0,0.0,0.0,0.0,0.8421052631578947,0.0,1.0,0.0,1.0,0.0,1.0,0.0,1.0,0.0,1.0,1.0,0.0,0.0,0.0,0.0,0.0
205,1,205.0,205.0,0.0,0.0,1.0,0.0,1.0,0.0,1,0.0,1,0.0,1,0.0,1,0.0,0.0,0,0,1,1,1,1,0.0,0.0,1.0,1.0,0.0,0.0,0.0,0.8947368421052632,0.0,1.0,0.0,1.0,0.0,1.0,0.0,1.0,0.0,1.0,1.0,0.0,0.0,0.0,0.0,0.0
1275,0,,,23.600847442411894,37.0,0.7588981999541777,0.0,1.0,22.0,0,4.0,0,0.0,1,2.0,0,0.0,0.0,0,0,0,1,1,1,0.0,0.0,1.0,1.0,0.0,0.0,0.0,0.5789473684210527,0.0,1.0,0.0,1.0,7.0,0.0,2.0,0.0,0.0,1.0,1.0,0.0,0.0,0.0,0.0,0.0
733,1,733.0,733.0,0.0,0.0,1.0,0.0,0.0,0.0,1,0.0,1,0.0,1,0.0,1,0.0,0.0,0,0,1,1,1,1,0.0,0.0,1.0,1.0,0.0,0.0,0.0,0.8421052631578947,0.0,1.0,0.0,1.0,0.0,1.0,0.0,1.0,0.0,1.0,1.0,0.0,0.0,0.0,0.0,0.0
1885,0,,,10.246950765959598,19.0,0.9980362111174599,0.0,0.0,9.0,0,1.0,0,0.0,1,2.0,0,0.0,0.0,0,0,1,1,1,1,0.0,0.0,1.0,1.0,0.0,0.0,0.0,0.5263157894736842,3.0,0.0,3.0,0.0,0.0,1.0,0.0,1.0,1.0,0.0,1.0,0.0,0.0,0.0,0.0,0.0
78,1,78.0,78.0,0.0,0.0,1.0,0.0,0.0,0.0,1,0.0,1,0.0,1,0.0,1,0.0,0.0,0,0,1,1,1,1,0.0,0.0,1.0,1.0,0.0,0.0,0.0,0.8421052631578947,0.0,1.0,0.0,1.0,0.0,1.0,0.0,1.0,0.0,1.0,1.0,0.0,0.0,0.0,0.0,0.0
1303,0,,,14.352700094407323,24.0,0.9866525212527336,0.0,0.0,0.0,1,9.0,0,0.0,1,0.0,1,0.0,0.0,0,0,0,1,1,1,0.0,0.0,1.0,1.0,0.0,0.0,0.0,0.631578947368421,0.0,1.0,0.0,1.0,10.0,0.0,5.0,0.0,0.0,1.0,1.0,0.0,0.0,0.0,0.0,0.0
1145,0,,,20.85665361461421,29.0,0.9947368498877686,0.0,0.0,20.0,0,5.0,0,0.0,1,3.0,0,0.0,0.0,0,0,0,1,1,1,0.0,0.0,1.0,1.0,0.0,0.0,0.0,0.5789473684210527,0.0,1.0,0.0,1.0,0.0,1.0,0.0,1.0,1.0,0.0,1.0,0.0,0.0,0.0,0.0,0.0
1229,0,,,6.782329983125268,12.0,0.9521125053024482,0.0,0.0,0.0,1,2.0,0,0.0,1,4.0,0,0.0,0.0,0,0,0,1,1,1,0.0,0.0,1.0,1.0,0.0,0.0,0.0,0.5789473684210527,0.0,1.0,0.0,1.0,5.0,0.0,0.0,1.0,1.0,0.0,1.0,0.0,0.0,0.0,0.0,0.0
327,1,327.0,327.0,0.0,0.0,1.0,0.0,1.0,0.0,1,0.0,1,0.0,1,0.0,1,0.0,0.0,0,0,1,1,1,1,0.0,0.0,1.0,1.0,0.0,0.0,0.0,0.8947368421052632,0.0,1.0,0.0,1.0,0.0,1.0,0.0,1.0,0.0,1.0,1.0,0.0,0.0,0.0,0.0,0.0
1358,0,,,6.6332495807108,12.0,0.9735368006027479,0.0,0.0,1.0,0,4.0,0,0.0,1,1.0,0,0.0,0.0,0,0,0,1,1,1,0.0,0.0,1.0,1.0,0.0,0.0,0.0,0.5263157894736842,0.0,1.0,0.0,1.0,5.0,0.0,0.0,1.0,1.0,0.0,1.0,0.0,0.0,0.0,0.0,0.0
165,1,165.0,165.0,0.0,0.0,1.0,0.0,1.0,0.0,1,0.0,1,0.0,1,0.0,1,0.0,0.0,0,0,1,1,1,1,0.0,0.0,1.0,1.0,0.0,0.0,0.0,0.8947368421052632,0.0,1.0,0.0,1.0,0.0,1.0,0.0,1.0,0.0,1.0,1.0,0.0,0.0,0.0,0.0,0.0
498,1,498.0,498.0,0.0,0.0,1.0,0.0,0.0,0.0,1,0.0,1,0.0,1,0.0,1,0.0,0.0,0,0,1,1,1,1,0.0,0.0,1.0,1.0,0.0,0.0,0.0,0.8421052631578947,0.0,1.0,0.0,1.0,0.0,1.0,0.0,1.0,0.0,1.0,1.0,0.0,0.0,0.0,0.0,0.0
1114,0,,,51.273774973177076,59.0,0.974251814809401,0.0,0.0,51.0,0,5.0,0,0.0,1,1.0,0,0.0,0.0,0,0,1,1,1,1,0.0,0.0,1.0,1.0,0.0,0.0,0.0,0.5789473684210527,0.0,1.0,0.0,1.0,0.0,1.0,1.0,0.0,1.0,0.0,1.0,0.0,0.0,0.0,0.0,0.0
1993,0,,,16.492422502470642,26.0,0.9044585121702841,0.0,0.0,0.0,1,6.0,0,0.0,1,1.0,0,0.0,0.0,0,0,1,1,1,1,0.0,0.0,1.0,1.0,0.0,0.0,0.0,0.5789473684210527,0.0,1.0,0.0,1.0,15.0,0.0,3.0,0.0,1.0,0.0,1.0,0.0,0.0,0.0,0.0,0.0
465,1,465.0,465.0,0.0,0.0,1.0,0.0,0.0,0.0,1,0.0,1,0.0,1,0.0,1,0.0,0.0,0,0,1,1,1,1,0.0,0.0,1.0,1.0,0.0,0.0,0.0,0.8421052631578947,0.0,1.0,0.0,1.0,0.0,1.0,0.0,1.0,0.0,1.0,1.0,0.0,0.0,0.0,0.0,0.0
376,1,376.0,376.0,0.0,0.0,1.0,0.0,1.0,0.0,1,0.0,1,0.0,1,0.0,1,0.0,0.0,0,0,1,1,1,1,0.0,0.0,1.0,1.0,0.0,0.0,0.0,0.8947368421052632,0.0,1.0,0.0,1.0,0.0,1.0,0.0,1.0,0.0,1.0,1.0,0.0,0.0,0.0,0.0,0.0
1894,0,,,13.96424004376894,25.0,0.9776120862474921,0.0,0.0,9.0,0,3.0,0,0.0,1,2.0,0,0.0,0.0,0,0,0,1,1,1,0.0,0.0,1.0,1.0,0.0,0.0,0.0,0.5263157894736842,0.0,1.0,0.0,1.0,10.0,0.0,0.0,1.0,1.0,0.0,1.0,0.0,0.0,0.0,0.0,0.0
40,1,40.0,40.0,0.0,0.0,1.0,0.0,0.0,0.0,1,0.0,1,0.0,1,0.0,1,0.0,0.0,0,0,1,1,1,1,0.0,0.0,1.0,1.0,0.0,0.0,0.0,0.8421052631578947,0.0,1.0,0.0,1.0,0.0,1.0,0.0,1.0,0.0,1.0,1.0,0.0,0.0,0.0,0.0,0.0
1586,0,,,22.759613353482084,34.0,0.9735182472494892,0.0,0.0,21.0,0,8.0,0,0.0,1,0.0,1,0.0,0.0,0,0,0,1,1,1,0.0,0.0,1.0,1.0,0.0,0.0,0.0,0.5789473684210527,0.0,1.0,0.0,1.0,0.0,1.0,2.0,0.0,3.0,0.0,1.0,0.0,0.0,0.0,0.0,0.0
1774,0,,,10.908712114635714,19.0,0.9961648212364949,0.0,0.0,9.0,0,2.0,0,0.0,1,3.0,0,0.0,0.0,0,0,0,1,1,1,0.0,0.0,1.0,1.0,0.0,0.0,0.0,0.5789473684210527,0.0,1.0,0.0,1.0,0.0,1.0,0.0,1.0,5.0,0.0,1.0,0.0,0.0,0.0,0.0,0.0
1633,0,,,11.224972160321824,20.0,0.9999877238013258,0.0,0.0,9.0,0,0.0,1,0.0,1,2.0,0,4.0,0.0,0,0,0,1,1,1,1.0,1.0,0.0,1.0,1.0,1.0,1.0,0.5789473684210527,0.0,0.0,0.0,0.0,0.0,0.0,0.0,0.0,0.0,0.0,0.0,5.0,0.0,0.0,0.0,0.0
713,1,713.0,713.0,0.0,0.0,1.0,0.0,0.0,0.0,1,0.0,1,0.0,1,0.0,1,0.0,0.0,0,0,1,1,1,1,0.0,0.0,1.0,1.0,0.0,0.0,0.0,0.8421052631578947,0.0,1.0,0.0,1.0,0.0,1.0,0.0,1.0,0.0,1.0,1.0,0.0,0.0,0.0,0.0,0.0
29,1,29.0,29.0,0.0,0.0,1.0,0.0,1.0,0.0,1,0.0,1,0.0,1,0.0,1,0.0,0.0,0,0,1,1,1,1,0.0,0.0,1.0,1.0,0.0,0.0,0.0,0.8947368421052632,0.0,1.0,0.0,1.0,0.0,1.0,0.0,1.0,0.0,1.0,1.0,0.0,0.0,0.0,0.0,0.0
1236,0,,,5.656854249492381,12.0,0.9946172570241634,1.0,0.0,0.0,1,3.0,0,0.0,1,2.0,0,0.0,0.0,0,0,1,1,1,1,0.0,0.0,1.0,1.0,0.0,0.0,0.0,0.631578947368421,3.0,0.0,3.0,0.0,0.0,1.0,0.0,1.0,0.0,1.0,1.0,0.0,0.0,0.0,0.0,0.0
1451,0,,,26.153393661244042,42.0,0.9915456953067653,0.0,0.0,21.0,0,1.0,0,0.0,1,1.0,0,0.0,0.0,0,0,0,1,1,1,0.0,0.0,1.0,1.0,0.0,0.0,0.0,0.5263157894736842,0.0,1.0,0.0,1.0,15.0,0.0,4.0,0.0,0.0,1.0,1.0,0.0,0.0,0.0,0.0,0.0
1445,0,,,40.162171256046406,47.0,0.9998020626974375,0.0,0.0,40.0,0,2.0,0,0.0,1,2.0,0,1.0,0.0,0,0,0,1,1,1,1.0,1.0,0.0,1.0,1.0,1.0,1.0,0.5263157894736842,0.0,0.0,0.0,0.0,0.0,0.0,0.0,0.0,0.0,0.0,0.0,2.0,0.0,0.0,0.0,0.0
431,1,431.0,431.0,0.0,0.0,1.0,0.0,0.0,0.0,1,0.0,1,0.0,1,0.0,1,0.0,0.0,0,0,1,1,1,1,0.0,0.0,1.0,1.0,0.0,0.0,0.0,0.8421052631578947,0.0,1.0,0.0,1.0,0.0,1.0,0.0,1.0,0.0,1.0,1.0,0.0,0.0,0.0,0.0,0.0
656,1,656.0,656.0,0.0,0.0,1.0,0.0,0.0,0.0,1,0.0,1,0.0,1,0.0,1,0.0,0.0,0,0,1,1,1,1,0.0,0.0,1.0,1.0,0.0,0.0,0.0,0.8421052631578947,0.0,1.0,0.0,1.0,0.0,1.0,0.0,1.0,0.0,1.0,1.0,0.0,0.0,0.0,0.0,0.0
1153,0,,,22.15851980616034,33.0,0.9999396863557299,1.0,0.0,21.0,0,2.0,0,0.0,1,3.0,0,6.0,0.0,0,0,0,1,1,1,1.0,1.0,0.0,1.0,1.0,1.0,1.0,0.5789473684210527,0.0,0.0,0.0,0.0,0.0,0.0,0.0,0.0,0.0,0.0,0.0,0.0,1.0,0.0,0.0,0.0
858,1,858.0,858.0,0.0,0.0,1.0,0.0,0.0,0.0,1,0.0,1,0.0,1,0.0,1,0.0,0.0,0,0,1,1,1,1,0.0,0.0,1.0,1.0,0.0,0.0,0.0,0.8421052631578947,0.0,1.0,0.0,1.0,0.0,1.0,0.0,1.0,0.0,1.0,1.0,0.0,0.0,0.0,0.0,0.0
210,1,210.0,210.0,0.0,0.0,1.0,0.0,1.0,0.0,1,0.0,1,0.0,1,0.0,1,0.0,0.0,0,0,1,1,1,1,0.0,0.0,1.0,1.0,0.0,0.0,0.0,0.8947368421052632,0.0,1.0,0.0,1.0,0.0,1.0,0.0,1.0,0.0,1.0,1.0,0.0,0.0,0.0,0.0,0.0
763,1,763.0,763.0,0.0,0.0,1.0,0.0,0.0,0.0,1,0.0,1,0.0,1,0.0,1,0.0,0.0,0,0,1,1,1,1,0.0,0.0,1.0,1.0,0.0,0.0,0.0,0.8421052631578947,0.0,1.0,0.0,1.0,0.0,1.0,0.0,1.0,0.0,1.0,1.0,0.0,0.0,0.0,0.0,0.0
1094,0,,,31.76476034853718,49.0,0.9828833354411636,0.0,0.0,29.0,0,8.0,0,0.0,1,2.0,0,0.0,0.0,0,0,0,1,1,1,0.0,0.0,1.0,1.0,0.0,0.0,0.0,0.5789473684210527,0.0,1.0,0.0,1.0,10.0,0.0,0.0,1.0,0.0,1.0,1.0,0.0,0.0,0.0,0.0,0.0
454,1,454.0,454.0,0.0,0.0,1.0,0.0,0.0,0.0,1,0.0,1,0.0,1,0.0,1,0.0,0.0,0,0,1,1,1,1,0.0,0.0,1.0,1.0,0.0,0.0,0.0,0.8421052631578947,0.0,1.0,0.0,1.0,0.0,1.0,0.0,1.0,0.0,1.0,1.0,0.0,0.0,0.0,0.0,0.0
824,1,824.0,824.0,0.0,0.0,1.0,0.0,0.0,0.0,1,0.0,1,0.0,1,0.0,1,0.0,0.0,0,0,1,1,1,1,0.0,0.0,1.0,1.0,0.0,0.0,0.0,0.8421052631578947,0.0,1.0,0.0,1.0,0.0,1.0,0.0,1.0,0.0,1.0,1.0,0.0,0.0,0.0,0.0,0.0
625,1,625.0,625.0,0.0,0.0,1.0,0.0,0.0,0.0,1,0.0,1,0.0,1,0.0,1,0.0,0.0,0,0,1,1,1,1,0.0,0.0,1.0,1.0,0.0,0.0,0.0,0.8421052631578947,0.0,1.0,0.0,1.0,0.0,1.0,0.0,1.0,0.0,1.0,1.0,0.0,0.0,0.0,0.0,0.0
249,1,249.0,249.0,0.0,0.0,1.0,0.0,0.0,0.0,1,0.0,1,0.0,1,0.0,1,0.0,0.0,0,0,1,1,1,1,0.0,0.0,1.0,1.0,0.0,0.0,0.0,0.8421052631578947,0.0,1.0,0.0,1.0,0.0,1.0,0.0,1.0,0.0,1.0,1.0,0.0,0.0,0.0,0.0,0.0
351,1,351.0,351.0,0.0,0.0,1.0,0.0,0.0,0.0,1,0.0,1,0.0,1,0.0,1,0.0,0.0,0,0,1,1,1,1,0.0,0.0,1.0,1.0,0.0,0.0,0.0,0.8421052631578947,0.0,1.0,0.0,1.0,0.0,1.0,0.0,1.0,0.0,1.0,1.0,0.0,0.0,0.0,0.0,0.0
271,1,271.0,271.0,0.0,0.0,1.0,0.0,1.0,0.0,1,0.0,1,0.0,1,0.0,1,0.0,0.0,0,0,1,1,1,1,0.0,0.0,1.0,1.0,0.0,0.0,0.0,0.8947368421052632,0.0,1.0,0.0,1.0,0.0,1.0,0.0,1.0,0.0,1.0,1.0,0.0,0.0,0.0,0.0,0.0
1963,0,,,20.83266665599966,44.0,0.9067304864119455,0.0,0.0,10.0,0,7.0,0,0.0,1,0.0,1,0.0,0.0,0,0,1,1,1,1,0.0,0.0,1.0,1.0,0.0,0.0,0.0,0.5789473684210527,0.0,1.0,0.0,1.0,10.0,0.0,4.0,0.0,13.0,0.0,1.0,0.0,0.0,0.0,0.0,0.0
337,1,337.0,337.0,0.0,0.0,1.0,0.0,1.0,0.0,1,0.0,1,0.0,1,0.0,1,0.0,0.0,0,0,1,1,1,1,0.0,0.0,1.0,1.0,0.0,0.0,0.0,0.8947368421052632,0.0,1.0,0.0,1.0,0.0,1.0,0.0,1.0,0.0,1.0,1.0,0.0,0.0,0.0,0.0,0.0
267,1,267.0,267.0,0.0,0.0,1.0,0.0,1.0,0.0,1,0.0,1,0.0,1,0.0,1,0.0,1.0,0,0,1,1,1,1,1.0,1.0,0.0,1.0,1.0,1.0,1.0,0.8947368421052632,0.0,0.0,0.0,0.0,0.0,0.0,0.0,0.0,0.0,0.0,0.0,0.0,1.0,0.0,0.0,0.0
655,1,655.0,655.0,0.0,0.0,1.0,0.0,0.0,0.0,1,0.0,1,0.0,1,0.0,1,0.0,0.0,0,0,1,1,1,1,0.0,0.0,1.0,1.0,0.0,0.0,0.0,0.8421052631578947,0.0,1.0,0.0,1.0,0.0,1.0,0.0,1.0,0.0,1.0,1.0,0.0,0.0,0.0,0.0,0.0
485,1,485.0,485.0,0.0,0.0,1.0,0.0,0.0,0.0,1,0.0,1,0.0,1,0.0,1,0.0,1.0,0,0,1,1,1,1,1.0,1.0,0.0,1.0,1.0,1.0,1.0,0.8421052631578947,0.0,0.0,0.0,0.0,0.0,0.0,0.0,0.0,0.0,0.0,0.0,0.0,1.0,0.0,0.0,0.0
1787,0,,,21.494185260204677,32.0,0.9837421790659442,1.0,0.0,20.0,0,6.0,0,0.0,1,0.0,1,0.0,0.0,0,0,0,1,1,1,0.0,0.0,1.0,1.0,0.0,0.0,0.0,0.631578947368421,0.0,1.0,0.0,1.0,5.0,0.0,0.0,1.0,0.0,1.0,1.0,0.0,0.0,0.0,0.0,0.0
1650,0,,,32.92415526630866,52.0,0.9365628090854782,0.0,0.0,21.0,0,1.0,0,0.0,1,1.0,0,0.0,0.0,0,0,0,1,1,1,0.0,0.0,1.0,1.0,0.0,0.0,0.0,0.5263157894736842,0.0,1.0,0.0,1.0,25.0,0.0,0.0,1.0,4.0,0.0,1.0,0.0,0.0,0.0,0.0,0.0
118,1,118.0,118.0,0.0,0.0,1.0,0.0,1.0,0.0,1,0.0,1,0.0,1,0.0,1,0.0,0.0,0,0,1,1,1,1,0.0,0.0,1.0,1.0,0.0,0.0,0.0,0.8947368421052632,0.0,1.0,0.0,1.0,0.0,1.0,0.0,1.0,0.0,1.0,1.0,0.0,0.0,0.0,0.0,0.0
1789,0,,,9.055385138137417,18.0,0.8960814191135397,1.0,0.0,2.0,0,2.0,0,0.0,1,1.0,0,0.0,0.0,0,0,0,1,1,1,0.0,0.0,1.0,1.0,0.0,0.0,0.0,0.5263157894736842,6.0,0.0,6.0,0.0,0.0,1.0,0.0,1.0,0.0,1.0,1.0,0.0,0.0,0.0,0.0,0.0
557,1,557.0,557.0,0.0,0.0,1.0,0.0,0.0,0.0,1,0.0,1,0.0,1,0.0,1,0.0,0.0,0,0,1,1,1,1,0.0,0.0,1.0,1.0,0.0,0.0,0.0,0.8421052631578947,0.0,1.0,0.0,1.0,0.0,1.0,0.0,1.0,0.0,1.0,1.0,0.0,0.0,0.0,0.0,0.0
1868,0,,,34.0,66.0,0.9142966693253541,0.0,0.0,21.0,0,3.0,0,0.0,1,1.0,0,0.0,0.0,0,0,1,1,1,1,0.0,0.0,1.0,1.0,0.0,0.0,0.0,0.5263157894736842,0.0,1.0,0.0,1.0,20.0,0.0,4.0,0.0,17.0,0.0,1.0,0.0,0.0,0.0,0.0,0.0
565,1,565.0,565.0,0.0,0.0,1.0,0.0,0.0,0.0,1,0.0,1,0.0,1,0.0,1,0.0,0.0,0,0,1,1,1,1,0.0,0.0,1.0,1.0,0.0,0.0,0.0,0.8421052631578947,0.0,1.0,0.0,1.0,0.0,1.0,0.0,1.0,0.0,1.0,1.0,0.0,0.0,0.0,0.0,0.0
1800,0,,,34.97141690009142,49.0,0.8618087331029504,1.0,0.0,34.0,0,6.0,0,0.0,1,2.0,0,0.0,0.0,0,0,1,1,1,1,0.0,0.0,1.0,1.0,0.0,0.0,0.0,0.5789473684210527,0.0,1.0,0.0,1.0,5.0,0.0,1.0,0.0,0.0,1.0,1.0,0.0,0.0,0.0,0.0,0.0
80,1,80.0,80.0,0.0,0.0,1.0,0.0,1.0,0.0,1,0.0,1,0.0,1,0.0,1,0.0,1.0,0,0,1,1,1,1,1.0,1.0,0.0,1.0,1.0,1.0,1.0,0.8947368421052632,0.0,0.0,0.0,0.0,0.0,0.0,0.0,0.0,0.0,0.0,0.0,0.0,1.0,0.0,0.0,0.0
1470,0,,,12.68857754044952,23.0,0.9938445757403415,0.0,0.0,11.0,0,2.0,0,0.0,1,2.0,0,0.0,0.0,0,0,0,1,1,1,0.0,0.0,1.0,1.0,0.0,0.0,0.0,0.5263157894736842,4.0,0.0,4.0,0.0,0.0,1.0,0.0,1.0,0.0,1.0,1.0,0.0,0.0,0.0,0.0,0.0
951,1,951.0,951.0,0.0,0.0,1.0,0.0,0.0,0.0,1,0.0,1,0.0,1,0.0,1,0.0,0.0,0,0,1,1,1,1,0.0,0.0,1.0,1.0,0.0,0.0,0.0,0.8421052631578947,0.0,1.0,0.0,1.0,0.0,1.0,0.0,1.0,0.0,1.0,1.0,0.0,0.0,0.0,0.0,0.0
758,1,758.0,758.0,0.0,0.0,1.0,0.0,0.0,0.0,1,0.0,1,0.0,1,0.0,1,0.0,0.0,0,0,1,1,1,1,0.0,0.0,1.0,1.0,0.0,0.0,0.0,0.8421052631578947,0.0,1.0,0.0,1.0,0.0,1.0,0.0,1.0,0.0,1.0,1.0,0.0,0.0,0.0,0.0,0.0
211,1,211.0,211.0,0.0,0.0,1.0,0.0,1.0,0.0,1,0.0,1,0.0,1,0.0,1,0.0,0.0,0,0,1,1,1,1,1.0,1.0,1.0,0.0,1.0,1.0,1.0,0.8947368421052632,0.0,0.0,0.0,0.0,0.0,0.0,0.0,0.0,0.0,0.0,1.0,0.0,0.0,0.0,0.0,1.0
627,1,627.0,627.0,0.0,0.0,1.0,0.0,0.0,0.0,1,0.0,1,0.0,1,0.0,1,0.0,0.0,0,0,1,1,1,1,0.0,0.0,1.0,1.0,0.0,0.0,0.0,0.8421052631578947,0.0,1.0,0.0,1.0,0.0,1.0,0.0,1.0,0.0,1.0,1.0,0.0,0.0,0.0,0.0,0.0
298,1,298.0,298.0,0.0,0.0,1.0,0.0,1.0,0.0,1,0.0,1,0.0,1,0.0,1,0.0,0.0,0,0,1,1,1,1,0.0,0.0,1.0,1.0,0.0,0.0,0.0,0.8947368421052632,0.0,1.0,0.0,1.0,0.0,1.0,0.0,1.0,0.0,1.0,1.0,0.0,0.0,0.0,0.0,0.0
1995,0,,,9.38083151964686,14.0,0.9850285823167629,0.0,1.0,1.0,0,9.0,0,0.0,1,1.0,0,0.0,0.0,0,0,0,1,1,1,0.0,0.0,1.0,1.0,0.0,0.0,0.0,0.5789473684210527,0.0,1.0,0.0,1.0,0.0,1.0,1.0,0.0,2.0,0.0,1.0,0.0,0.0,0.0,0.0,0.0
422,1,422.0,422.0,0.0,0.0,1.0,0.0,0.0,0.0,1,0.0,1,0.0,1,0.0,1,0.0,0.0,0,0,1,1,1,1,0.0,0.0,1.0,1.0,0.0,0.0,0.0,0.8421052631578947,0.0,1.0,0.0,1.0,0.0,1.0,0.0,1.0,0.0,1.0,1.0,0.0,0.0,0.0,0.0,0.0
1754,0,,,32.46536616149585,40.0,0.7982466697671305,0.0,0.0,32.0,0,1.0,0,0.0,1,2.0,0,0.0,0.0,0,0,0,1,1,1,0.0,0.0,1.0,1.0,0.0,0.0,0.0,0.5789473684210527,0.0,1.0,0.0,1.0,5.0,0.0,0.0,1.0,0.0,1.0,1.0,0.0,0.0,0.0,0.0,0.0
1403,0,,,81.05553651663777,86.0,0.7150969230510394,0.0,0.0,81.0,0,0.0,1,0.0,1,1.0,0,0.0,0.0,0,0,1,1,1,1,0.0,0.0,1.0,1.0,0.0,0.0,0.0,0.631578947368421,2.0,0.0,2.0,0.0,0.0,1.0,0.0,1.0,0.0,1.0,1.0,0.0,0.0,0.0,0.0,0.0
1096,0,,,40.82891132518721,63.0,0.9657526131307084,0.0,0.0,32.0,0,4.0,0,0.0,1,1.0,0,0.0,0.0,0,0,0,1,1,1,0.0,0.0,1.0,1.0,0.0,0.0,0.0,0.5263157894736842,0.0,1.0,0.0,1.0,25.0,0.0,0.0,1.0,1.0,0.0,1.0,0.0,0.0,0.0,0.0,0.0
243,1,243.0,243.0,0.0,0.0,1.0,0.0,0.0,0.0,1,0.0,1,0.0,1,0.0,1,0.0,1.0,0,0,1,1,1,1,1.0,1.0,0.0,1.0,1.0,1.0,1.0,0.8421052631578947,0.0,0.0,0.0,0.0,0.0,0.0,0.0,0.0,0.0,0.0,0.0,0.0,1.0,0.0,0.0,0.0
108,1,108.0,108.0,0.0,0.0,1.0,0.0,1.0,0.0,1,0.0,1,0.0,1,0.0,1,0.0,0.0,0,0,1,1,1,1,0.0,0.0,1.0,1.0,0.0,0.0,0.0,0.8947368421052632,0.0,1.0,0.0,1.0,0.0,1.0,0.0,1.0,0.0,1.0,1.0,0.0,0.0,0.0,0.0,0.0
341,1,341.0,341.0,0.0,0.0,1.0,0.0,1.0,0.0,1,0.0,1,0.0,1,0.0,1,0.0,0.0,0,0,1,1,1,1,0.0,0.0,1.0,1.0,0.0,0.0,0.0,0.8947368421052632,0.0,1.0,0.0,1.0,0.0,1.0,0.0,1.0,0.0,1.0,1.0,0.0,0.0,0.0,0.0,0.0
1799,0,,,18.027756377319946,37.0,0.9254969595333009,0.0,0.0,10.0,0,4.0,0,0.0,1,3.0,0,0.0,0.0,0,0,0,1,1,1,0.0,0.0,1.0,1.0,0.0,0.0,0.0,0.5263157894736842,10.0,0.0,10.0,0.0,0.0,1.0,0.0,1.0,0.0,1.0,1.0,0.0,0.0,0.0,0.0,0.0
686,1,686.0,686.0,0.0,0.0,1.0,0.0,1.0,0.0,1,0.0,1,0.0,1,0.0,1,0.0,0.0,0,0,1,1,1,1,0.0,0.0,1.0,1.0,0.0,0.0,0.0,0.8947368421052632,0.0,1.0,0.0,1.0,0.0,1.0,0.0,1.0,0.0,1.0,1.0,0.0,0.0,0.0,0.0,0.0
715,1,715.0,715.0,0.0,0.0,1.0,0.0,0.0,0.0,1,0.0,1,0.0,1,0.0,1,0.0,0.0,0,0,1,1,1,1,0.0,0.0,1.0,1.0,0.0,0.0,0.0,0.8421052631578947,0.0,1.0,0.0,1.0,0.0,1.0,0.0,1.0,0.0,1.0,1.0,0.0,0.0,0.0,0.0,0.0
52,1,52.0,52.0,0.0,0.0,1.0,0.0,0.0,0.0,1,0.0,1,0.0,1,0.0,1,0.0,0.0,0,0,1,1,1,1,0.0,0.0,1.0,1.0,0.0,0.0,0.0,0.8421052631578947,0.0,1.0,0.0,1.0,0.0,1.0,0.0,1.0,0.0,1.0,1.0,0.0,0.0,0.0,0.0,0.0
426,1,426.0,426.0,0.0,0.0,1.0,0.0,0.0,0.0,1,0.0,1,0.0,1,0.0,1,0.0,1.0,0,0,1,1,1,1,1.0,1.0,0.0,1.0,1.0,1.0,1.0,0.8421052631578947,0.0,0.0,0.0,0.0,0.0,0.0,0.0,0.0,0.0,0.0,0.0,0.0,1.0,0.0,0.0,0.0
1465,0,,,12.569805089976535,26.0,0.9948787755432863,0.0,0.0,10.0,0,3.0,0,0.0,1,1.0,0,0.0,0.0,0,0,1,1,1,1,0.0,0.0,1.0,1.0,0.0,0.0,0.0,0.5263157894736842,4.0,0.0,4.0,0.0,0.0,1.0,4.0,0.0,0.0,1.0,1.0,0.0,0.0,0.0,0.0,0.0
141,1,141.0,141.0,0.0,0.0,1.0,0.0,1.0,0.0,1,0.0,1,0.0,1,0.0,1,0.0,1.0,0,0,1,1,1,1,1.0,1.0,0.0,1.0,1.0,1.0,1.0,0.8947368421052632,0.0,0.0,0.0,0.0,0.0,0.0,0.0,0.0,0.0,0.0,0.0,0.0,1.0,0.0,0.0,0.0
757,1,757.0,757.0,0.0,0.0,1.0,0.0,0.0,0.0,1,0.0,1,0.0,1,0.0,1,0.0,0.0,0,0,1,1,1,1,0.0,0.0,1.0,1.0,0.0,0.0,0.0,0.8421052631578947,0.0,1.0,0.0,1.0,0.0,1.0,0.0,1.0,0.0,1.0,1.0,0.0,0.0,0.0,0.0,0.0
509,1,509.0,509.0,0.0,0.0,1.0,0.0,0.0,0.0,1,0.0,1,0.0,1,0.0,1,0.0,0.0,0,0,1,1,1,1,0.0,0.0,1.0,1.0,0.0,0.0,0.0,0.8421052631578947,0.0,1.0,0.0,1.0,0.0,1.0,0.0,1.0,0.0,1.0,1.0,0.0,0.0,0.0,0.0,0.0
921,1,921.0,921.0,0.0,0.0,1.0,0.0,0.0,0.0,1,0.0,1,0.0,1,0.0,1,0.0,0.0,0,0,1,1,1,1,0.0,0.0,1.0,1.0,0.0,0.0,0.0,0.8421052631578947,0.0,1.0,0.0,1.0,0.0,1.0,0.0,1.0,0.0,1.0,1.0,0.0,0.0,0.0,0.0,0.0
1665,0,,,20.46948949045872,33.0,0.9727454374737756,0.0,0.0,9.0,0,0.0,1,0.0,1,1.0,0,0.0,0.0,0,0,0,1,1,1,0.0,0.0,1.0,1.0,0.0,0.0,0.0,0.5263157894736842,0.0,1.0,0.0,1.0,18.0,0.0,2.0,0.0,3.0,0.0,1.0,0.0,0.0,0.0,0.0,0.0
272,1,272.0,272.0,0.0,0.0,1.0,0.0,1.0,0.0,1,0.0,1,0.0,1,0.0,1,0.0,1.0,0,0,1,1,1,1,1.0,1.0,0.0,1.0,1.0,1.0,1.0,0.8947368421052632,0.0,0.0,0.0,0.0,0.0,0.0,0.0,0.0,0.0,0.0,0.0,0.0,1.0,0.0,0.0,0.0
1112,0,,,11.224972160321824,20.0,0.990156569321421,0.0,0.0,8.0,0,0.0,1,0.0,1,3.0,0,0.0,0.0,0,0,0,1,1,1,0.0,0.0,1.0,1.0,0.0,0.0,0.0,0.5789473684210527,0.0,1.0,0.0,1.0,7.0,0.0,0.0,1.0,2.0,0.0,1.0,0.0,0.0,0.0,0.0,0.0
408,1,408.0,408.0,0.0,0.0,1.0,0.0,0.0,0.0,1,0.0,1,0.0,1,0.0,1,0.0,0.0,0,0,1,1,1,1,0.0,0.0,1.0,1.0,0.0,0.0,0.0,0.8421052631578947,0.0,1.0,0.0,1.0,0.0,1.0,0.0,1.0,0.0,1.0,1.0,0.0,0.0,0.0,0.0,0.0
1477,0,,,6.324555320336759,12.0,0.9681351735608589,1.0,0.0,0.0,1,2.0,0,0.0,1,1.0,0,0.0,0.0,0,0,0,1,1,1,0.0,0.0,1.0,1.0,0.0,0.0,0.0,0.5789473684210527,0.0,1.0,0.0,1.0,5.0,0.0,0.0,1.0,3.0,0.0,1.0,0.0,0.0,0.0,0.0,0.0
792,1,792.0,792.0,0.0,0.0,1.0,0.0,1.0,0.0,1,0.0,1,0.0,1,0.0,1,0.0,0.0,0,0,1,1,1,1,0.0,0.0,1.0,1.0,0.0,0.0,0.0,0.8947368421052632,0.0,1.0,0.0,1.0,0.0,1.0,0.0,1.0,0.0,1.0,1.0,0.0,0.0,0.0,0.0,0.0
1806,0,,,3.605551275463989,7.0,0.9978525024730063,0.0,0.0,2.0,0,0.0,1,0.0,1,2.0,0,0.0,0.0,0,0,0,1,1,1,0.0,0.0,1.0,1.0,0.0,0.0,0.0,0.5789473684210527,0.0,1.0,0.0,1.0,0.0,1.0,2.0,0.0,1.0,0.0,1.0,0.0,0.0,0.0,0.0,0.0
177,1,177.0,177.0,0.0,0.0,1.0,0.0,0.0,0.0,1,0.0,1,0.0,1,0.0,1,0.0,0.0,0,0,1,1,1,1,0.0,0.0,1.0,1.0,0.0,0.0,0.0,0.8421052631578947,0.0,1.0,0.0,1.0,0.0,1.0,0.0,1.0,0.0,1.0,1.0,0.0,0.0,0.0,0.0,0.0
1611,0,,,6.082762530298219,7.0,0.9845945809795122,0.0,0.0,0.0,1,6.0,0,0.0,1,1.0,0,0.0,0.0,0,0,1,1,0,1,1.0,1.0,1.0,0.0,1.0,1.0,1.0,0.5789473684210527,0.0,0.0,0.0,0.0,0.0,0.0,0.0,0.0,0.0,0.0,0.0,0.0,0.0,0.0,0.0,0.0
151,1,151.0,151.0,0.0,0.0,1.0,0.0,1.0,0.0,1,0.0,1,0.0,1,0.0,1,0.0,0.0,0,0,1,1,1,1,0.0,0.0,1.0,1.0,0.0,0.0,0.0,0.8947368421052632,0.0,1.0,0.0,1.0,0.0,1.0,0.0,1.0,0.0,1.0,1.0,0.0,0.0,0.0,0.0,0.0
1129,0,,,14.594519519326424,27.0,0.9674898075401529,1.0,0.0,1.0,0,1.0,0,0.0,1,5.0,0,0.0,0.0,0,0,0,1,1,1,0.0,0.0,1.0,1.0,0.0,0.0,0.0,0.5263157894736842,11.0,0.0,8.0,0.0,0.0,1.0,0.0,1.0,0.0,1.0,1.0,0.0,0.0,0.0,0.0,0.0
1412,0,,,53.38539126015655,100.0,0.5840569137846474,0.0,0.0,40.0,0,10.0,0,0.0,1,0.0,1,0.0,0.0,0,0,1,1,1,1,0.0,0.0,1.0,1.0,0.0,0.0,0.0,0.5789473684210527,0.0,1.0,0.0,1.0,30.0,0.0,5.0,0.0,15.0,0.0,1.0,0.0,0.0,0.0,0.0,0.0
1376,0,,,31.11269837220809,36.0,0.9940534667641138,0.0,0.0,31.0,0,2.0,0,0.0,1,1.0,0,0.0,0.0,0,0,0,1,1,1,0.0,0.0,1.0,1.0,0.0,0.0,0.0,0.5263157894736842,0.0,1.0,0.0,1.0,0.0,1.0,1.0,0.0,1.0,0.0,1.0,0.0,0.0,0.0,0.0,0.0
381,1,381.0,381.0,0.0,0.0,1.0,0.0,1.0,0.0,1,0.0,1,0.0,1,0.0,1,0.0,1.0,0,0,1,1,1,1,1.0,1.0,0.0,1.0,1.0,1.0,1.0,0.8947368421052632,0.0,0.0,0.0,0.0,0.0,0.0,0.0,0.0,0.0,0.0,0.0,0.0,1.0,0.0,0.0,0.0
119,1,119.0,119.0,0.0,0.0,1.0,0.0,1.0,0.0,1,0.0,1,0.0,1,0.0,1,0.0,0.0,0,0,1,1,1,1,0.0,0.0,1.0,1.0,0.0,0.0,0.0,0.8947368421052632,0.0,1.0,0.0,1.0,0.0,1.0,0.0,1.0,0.0,1.0,1.0,0.0,0.0,0.0,0.0,0.0
1846,0,,,50.46781152378217,67.0,0.779470097270299,0.0,0.0,49.0,0,0.0,1,0.0,1,0.0,1,0.0,0.0,0,0,1,1,1,1,0.0,0.0,1.0,1.0,0.0,0.0,0.0,0.631578947368421,8.0,0.0,9.0,0.0,0.0,1.0,1.0,0.0,0.0,1.0,1.0,0.0,0.0,0.0,0.0,0.0
1634,0,,,31.0322412983658,33.0,0.91617627772957,0.0,0.0,31.0,0,1.0,0,0.0,1,1.0,0,0.0,0.0,0,0,0,1,0,1,1.0,1.0,1.0,0.0,1.0,1.0,1.0,0.47368421052631576,0.0,0.0,0.0,0.0,0.0,0.0,0.0,0.0,0.0,0.0,0.0,0.0,0.0,0.0,0.0,0.0
414,1,414.0,414.0,0.0,0.0,1.0,0.0,0.0,0.0,1,0.0,1,0.0,1,0.0,1,0.0,0.0,0,0,1,1,1,1,0.0,0.0,1.0,1.0,0.0,0.0,0.0,0.8421052631578947,0.0,1.0,0.0,1.0,0.0,1.0,0.0,1.0,0.0,1.0,1.0,0.0,0.0,0.0,0.0,0.0
1694,0,,,27.60434748368452,50.0,0.7068273796089125,0.0,0.0,11.0,0,0.0,1,0.0,1,0.0,1,0.0,0.0,0,0,0,1,1,1,0.0,0.0,1.0,1.0,0.0,0.0,0.0,0.5789473684210527,0.0,1.0,0.0,1.0,20.0,0.0,4.0,0.0,15.0,0.0,1.0,0.0,0.0,0.0,0.0,0.0
522,1,522.0,522.0,0.0,0.0,1.0,0.0,0.0,0.0,1,0.0,1,0.0,1,0.0,1,0.0,0.0,0,0,1,1,1,1,0.0,0.0,1.0,1.0,0.0,0.0,0.0,0.8421052631578947,0.0,1.0,0.0,1.0,0.0,1.0,0.0,1.0,0.0,1.0,1.0,0.0,0.0,0.0,0.0,0.0
545,1,545.0,545.0,0.0,0.0,1.0,0.0,1.0,0.0,1,0.0,1,0.0,1,0.0,1,0.0,0.0,0,0,1,1,1,1,0.0,0.0,1.0,1.0,0.0,0.0,0.0,0.8947368421052632,0.0,1.0,0.0,1.0,0.0,1.0,0.0,1.0,0.0,1.0,1.0,0.0,0.0,0.0,0.0,0.0
1717,0,,,11.874342087037917,25.0,0.9687340658954766,1.0,0.0,4.0,0,5.0,0,0.0,1,0.0,1,0.0,0.0,0,0,1,1,1,1,0.0,0.0,1.0,1.0,0.0,0.0,0.0,0.5789473684210527,7.0,0.0,7.0,0.0,0.0,1.0,0.0,1.0,1.0,0.0,1.0,0.0,0.0,0.0,0.0,0.0
1079,0,,,11.874342087037917,19.0,0.997896454010291,0.0,0.0,11.0,0,1.0,0,0.0,1,1.0,0,0.0,0.0,0,0,0,1,1,1,0.0,0.0,1.0,1.0,0.0,0.0,0.0,0.5263157894736842,3.0,0.0,3.0,0.0,0.0,1.0,0.0,1.0,0.0,1.0,1.0,0.0,0.0,0.0,0.0,0.0
968,1,968.0,968.0,0.0,0.0,1.0,0.0,0.0,0.0,1,0.0,1,0.0,1,0.0,1,0.0,0.0,0,0,1,1,1,1,0.0,0.0,1.0,1.0,0.0,0.0,0.0,0.8421052631578947,0.0,1.0,0.0,1.0,0.0,1.0,0.0,1.0,0.0,1.0,1.0,0.0,0.0,0.0,0.0,0.0
1515,0,,,80.2869852466762,92.0,0.9992109873747995,0.0,0.0,80.0,0,5.0,0,0.0,1,4.0,0,2.0,0.0,0,0,0,1,1,1,1.0,1.0,0.0,1.0,1.0,1.0,1.0,0.5263157894736842,0.0,0.0,0.0,0.0,0.0,0.0,0.0,0.0,0.0,0.0,0.0,1.0,0.0,0.0,0.0,0.0
817,1,817.0,817.0,0.0,0.0,1.0,0.0,0.0,0.0,1,0.0,1,0.0,1,0.0,1,0.0,0.0,0,0,1,1,1,1,0.0,0.0,1.0,1.0,0.0,0.0,0.0,0.8421052631578947,0.0,1.0,0.0,1.0,0.0,1.0,0.0,1.0,0.0,1.0,1.0,0.0,0.0,0.0,0.0,0.0
1048,0,,,6.4031242374328485,13.0,0.9933824036802038,0.0,0.0,0.0,1,2.0,0,0.0,1,2.0,0,0.0,0.0,0,0,1,1,1,1,0.0,0.0,1.0,1.0,0.0,0.0,0.0,0.5789473684210527,4.0,0.0,4.0,0.0,0.0,1.0,1.0,0.0,0.0,1.0,1.0,0.0,0.0,0.0,0.0,0.0
1903,0,,,28.035691537752374,30.0,0.9977140236496481,0.0,0.0,28.0,0,1.0,0,0.0,1,1.0,0,0.0,0.0,0,0,1,1,0,1,1.0,1.0,0.0,0.0,1.0,1.0,1.0,0.47368421052631576,0.0,0.0,0.0,0.0,0.0,0.0,0.0,0.0,0.0,0.0,0.0,0.0,0.0,0.0,0.0,0.0
1231,0,,,22.693611435820433,39.0,0.9933787880772786,0.0,0.0,19.0,0,1.0,0,0.0,1,2.0,0,0.0,0.0,0,0,0,1,1,1,0.0,0.0,1.0,1.0,0.0,0.0,0.0,0.5263157894736842,0.0,1.0,0.0,1.0,10.0,0.0,0.0,1.0,7.0,0.0,1.0,0.0,0.0,0.0,0.0,0.0
1324,0,,,24.24871130596428,42.0,0.9831727487068734,0.0,0.0,21.0,0,7.0,0,0.0,1,0.0,1,0.0,0.0,0,0,0,1,1,1,0.0,0.0,1.0,1.0,0.0,0.0,0.0,0.5789473684210527,7.0,0.0,7.0,0.0,0.0,1.0,0.0,1.0,0.0,1.0,1.0,0.0,0.0,0.0,0.0,0.0
120,1,120.0,120.0,0.0,0.0,1.0,0.0,1.0,0.0,1,0.0,1,0.0,1,0.0,1,0.0,0.0,0,0,1,1,1,1,0.0,0.0,1.0,1.0,0.0,0.0,0.0,0.8947368421052632,0.0,1.0,0.0,1.0,0.0,1.0,0.0,1.0,0.0,1.0,1.0,0.0,0.0,0.0,0.0,0.0
1579,0,,,25.592967784139454,43.0,0.8986735048733175,0.0,0.0,20.0,0,2.0,0,0.0,1,1.0,0,0.0,0.0,0,0,0,1,1,1,0.0,0.0,1.0,1.0,0.0,0.0,0.0,0.5263157894736842,0.0,1.0,0.0,1.0,15.0,0.0,0.0,1.0,5.0,0.0,1.0,0.0,0.0,0.0,0.0,0.0
629,1,629.0,629.0,0.0,0.0,1.0,0.0,0.0,0.0,1,0.0,1,0.0,1,0.0,1,0.0,0.0,0,0,1,1,1,1,0.0,0.0,1.0,1.0,0.0,0.0,0.0,0.8421052631578947,0.0,1.0,0.0,1.0,0.0,1.0,0.0,1.0,0.0,1.0,1.0,0.0,0.0,0.0,0.0,0.0
610,1,610.0,610.0,0.0,0.0,1.0,0.0,0.0,0.0,1,0.0,1,0.0,1,0.0,1,0.0,0.0,0,0,1,1,1,1,0.0,0.0,1.0,1.0,0.0,0.0,0.0,0.8421052631578947,0.0,1.0,0.0,1.0,0.0,1.0,0.0,1.0,0.0,1.0,1.0,0.0,0.0,0.0,0.0,0.0
1023,0,,,23.473389188611005,39.0,0.9894197014750378,0.0,0.0,20.0,0,7.0,0,0.0,1,1.0,0,0.0,0.0,0,0,0,1,1,1,0.0,0.0,1.0,1.0,0.0,0.0,0.0,0.5263157894736842,0.0,1.0,0.0,1.0,10.0,0.0,1.0,0.0,0.0,1.0,1.0,0.0,0.0,0.0,0.0,0.0
1283,0,,,32.68026927673638,46.0,0.9902217590590701,1.0,0.0,31.0,0,2.0,0,0.0,1,1.0,0,0.0,0.0,0,0,0,1,1,1,0.0,0.0,1.0,1.0,0.0,0.0,0.0,0.5263157894736842,0.0,1.0,0.0,1.0,10.0,0.0,1.0,0.0,0.0,1.0,1.0,0.0,0.0,0.0,0.0,0.0
860,1,860.0,860.0,0.0,0.0,1.0,0.0,0.0,0.0,1,0.0,1,0.0,1,0.0,1,0.0,0.0,0,0,1,1,1,1,0.0,0.0,1.0,1.0,0.0,0.0,0.0,0.8421052631578947,0.0,1.0,0.0,1.0,0.0,1.0,0.0,1.0,0.0,1.0,1.0,0.0,0.0,0.0,0.0,0.0
1582,0,,,50.299105359837164,58.0,0.9996893640299366,0.0,0.0,50.0,0,5.0,0,0.0,1,1.0,0,0.0,1.0,0,0,0,1,1,1,1.0,1.0,0.0,1.0,1.0,1.0,1.0,0.5789473684210527,0.0,0.0,0.0,0.0,0.0,0.0,0.0,0.0,0.0,0.0,0.0,2.0,0.0,0.0,0.0,0.0
1517,0,,,40.26164427839479,47.0,0.7530287461810509,1.0,0.0,40.0,0,0.0,1,0.0,1,0.0,1,0.0,0.0,0,0,0,1,1,1,0.0,0.0,1.0,1.0,0.0,0.0,0.0,0.631578947368421,0.0,1.0,0.0,1.0,4.0,0.0,0.0,1.0,2.0,0.0,1.0,0.0,0.0,0.0,0.0,0.0
1918,0,,,11.832159566199232,18.0,0.9544739054338587,0.0,0.0,10.0,0,6.0,0,0.0,1,0.0,1,0.0,0.0,0,0,0,1,1,1,0.0,0.0,1.0,1.0,0.0,0.0,0.0,0.631578947368421,0.0,1.0,0.0,1.0,0.0,1.0,0.0,1.0,2.0,0.0,1.0,0.0,0.0,0.0,0.0,0.0
161,1,161.0,161.0,0.0,0.0,1.0,0.0,1.0,0.0,1,0.0,1,0.0,1,0.0,1,0.0,0.0,0,0,1,1,1,1,0.0,0.0,1.0,1.0,0.0,0.0,0.0,0.8947368421052632,0.0,1.0,0.0,1.0,0.0,1.0,0.0,1.0,0.0,1.0,1.0,0.0,0.0,0.0,0.0,0.0
770,1,770.0,770.0,0.0,0.0,1.0,0.0,1.0,0.0,1,0.0,1,0.0,1,0.0,1,0.0,0.0,0,0,1,1,1,1,0.0,0.0,1.0,1.0,0.0,0.0,0.0,0.8947368421052632,0.0,1.0,0.0,1.0,0.0,1.0,0.0,1.0,0.0,1.0,1.0,0.0,0.0,0.0,0.0,0.0
1359,0,,,38.379682124790975,45.0,0.9169092959849365,0.0,0.0,38.0,0,2.0,0,0.0,1,0.0,1,0.0,0.0,0,0,0,1,1,1,0.0,0.0,1.0,1.0,0.0,0.0,0.0,0.631578947368421,0.0,1.0,0.0,1.0,0.0,1.0,5.0,0.0,0.0,1.0,1.0,0.0,0.0,0.0,0.0,0.0
1393,0,,,14.628738838327793,26.0,0.9879536182151498,0.0,0.0,10.0,0,10.0,0,0.0,1,1.0,0,0.0,0.0,0,0,0,1,1,1,0.0,0.0,1.0,1.0,0.0,0.0,0.0,0.5263157894736842,2.0,0.0,3.0,0.0,0.0,1.0,0.0,1.0,0.0,1.0,1.0,0.0,0.0,0.0,0.0,0.0
941,1,941.0,941.0,0.0,0.0,1.0,0.0,0.0,0.0,1,0.0,1,0.0,1,0.0,1,0.0,0.0,0,0,1,1,1,1,0.0,0.0,1.0,1.0,0.0,0.0,0.0,0.8421052631578947,0.0,1.0,0.0,1.0,0.0,1.0,0.0,1.0,0.0,1.0,1.0,0.0,0.0,0.0,0.0,0.0
1432,0,,,41.677331968349414,57.0,0.8793235045691259,0.0,0.0,38.0,0,0.0,1,0.0,1,0.0,1,0.0,0.0,0,0,0,1,1,1,0.0,0.0,1.0,1.0,0.0,0.0,0.0,0.631578947368421,17.0,0.0,2.0,0.0,0.0,1.0,0.0,1.0,0.0,1.0,1.0,0.0,0.0,0.0,0.0,0.0
1069,0,,,7.810249675906654,15.0,0.9809927581978501,0.0,0.0,1.0,0,5.0,0,0.0,1,1.0,0,0.0,0.0,0,0,0,1,1,1,0.0,0.0,1.0,1.0,0.0,0.0,0.0,0.5263157894736842,0.0,1.0,0.0,1.0,5.0,0.0,3.0,0.0,0.0,1.0,1.0,0.0,0.0,0.0,0.0,0.0
106,1,106.0,106.0,0.0,0.0,1.0,0.0,1.0,0.0,1,0.0,1,0.0,1,0.0,1,0.0,0.0,0,0,1,1,1,1,0.0,0.0,1.0,1.0,0.0,0.0,0.0,0.8947368421052632,0.0,1.0,0.0,1.0,0.0,1.0,0.0,1.0,0.0,1.0,1.0,0.0,0.0,0.0,0.0,0.0
1712,0,,,27.258026340878022,43.0,0.9104291661234667,0.0,0.0,8.0,0,2.0,0,0.0,1,0.0,1,0.0,0.0,0,0,0,1,1,1,0.0,0.0,1.0,1.0,0.0,0.0,0.0,0.5263157894736842,1.0,0.0,0.0,1.0,25.0,0.0,7.0,0.0,0.0,1.0,1.0,0.0,0.0,0.0,0.0,0.0
170,1,170.0,170.0,0.0,0.0,1.0,0.0,1.0,0.0,1,0.0,1,0.0,1,0.0,1,0.0,0.0,0,0,1,1,1,1,0.0,0.0,1.0,1.0,0.0,0.0,0.0,0.8947368421052632,0.0,1.0,0.0,1.0,0.0,1.0,0.0,1.0,0.0,1.0,1.0,0.0,0.0,0.0,0.0,0.0
989,1,989.0,989.0,0.0,0.0,1.0,0.0,0.0,0.0,1,0.0,1,0.0,1,0.0,1,0.0,0.0,0,0,1,1,1,1,0.0,0.0,1.0,1.0,0.0,0.0,0.0,0.8421052631578947,0.0,1.0,0.0,1.0,0.0,1.0,0.0,1.0,0.0,1.0,1.0,0.0,0.0,0.0,0.0,0.0
1122,0,,,19.131126469708992,22.0,0.9958525740221161,0.0,0.0,19.0,0,2.0,0,0.0,1,1.0,0,0.0,0.0,0,0,0,1,0,1,1.0,1.0,1.0,0.0,1.0,1.0,1.0,0.47368421052631576,0.0,0.0,0.0,0.0,0.0,0.0,0.0,0.0,0.0,0.0,0.0,0.0,0.0,0.0,0.0,0.0
606,1,606.0,606.0,0.0,0.0,1.0,0.0,0.0,0.0,1,0.0,1,0.0,1,0.0,1,0.0,0.0,0,0,1,1,1,1,0.0,0.0,1.0,1.0,0.0,0.0,0.0,0.8421052631578947,0.0,1.0,0.0,1.0,0.0,1.0,0.0,1.0,0.0,1.0,1.0,0.0,0.0,0.0,0.0,0.0
1404,0,,,9.848857801796104,23.0,0.9787875494536264,0.0,0.0,3.0,0,2.0,0,0.0,1,3.0,0,0.0,0.0,0,0,1,1,1,1,0.0,0.0,1.0,1.0,0.0,0.0,0.0,0.5263157894736842,5.0,0.0,5.0,0.0,5.0,0.0,0.0,1.0,0.0,1.0,1.0,0.0,0.0,0.0,0.0,0.0
2,1,2.0,2.0,0.0,0.0,1.0,0.0,1.0,0.0,1,0.0,1,0.0,1,0.0,1,0.0,0.0,0,0,1,1,1,1,0.0,0.0,1.0,1.0,0.0,0.0,0.0,0.8947368421052632,0.0,1.0,0.0,1.0,0.0,1.0,0.0,1.0,0.0,1.0,1.0,0.0,0.0,0.0,0.0,0.0
1010,0,,,15.066519173319364,25.0,0.9843105579683662,1.0,0.0,11.0,0,1.0,0,0.0,1,0.0,1,0.0,0.0,0,0,0,1,1,1,0.0,0.0,1.0,1.0,0.0,0.0,0.0,0.5789473684210527,0.0,1.0,0.0,1.0,10.0,0.0,0.0,1.0,2.0,0.0,1.0,0.0,0.0,0.0,0.0,0.0
1238,0,,,9.273618495495704,18.0,0.9605825600224454,0.0,0.0,1.0,0,7.0,0,0.0,1,0.0,1,0.0,0.0,0,0,1,1,1,1,0.0,0.0,1.0,1.0,0.0,0.0,0.0,0.5789473684210527,4.0,0.0,4.0,0.0,0.0,1.0,0.0,1.0,2.0,0.0,1.0,0.0,0.0,0.0,0.0,0.0
125,1,125.0,125.0,0.0,0.0,1.0,0.0,1.0,0.0,1,0.0,1,0.0,1,0.0,1,0.0,0.0,0,0,1,1,1,1,0.0,0.0,1.0,1.0,0.0,0.0,0.0,0.8947368421052632,0.0,1.0,0.0,1.0,0.0,1.0,0.0,1.0,0.0,1.0,1.0,0.0,0.0,0.0,0.0,0.0
1662,0,,,31.63858403911275,45.0,0.8126617572454686,2.0,0.0,0.0,1,9.0,0,0.0,1,0.0,1,0.0,0.0,0,0,0,1,1,1,0.0,0.0,1.0,1.0,0.0,0.0,0.0,0.631578947368421,0.0,1.0,0.0,1.0,30.0,0.0,4.0,0.0,0.0,1.0,1.0,0.0,0.0,0.0,0.0,0.0
992,1,992.0,992.0,0.0,0.0,1.0,0.0,0.0,0.0,1,0.0,1,0.0,1,0.0,1,0.0,0.0,0,0,1,1,1,1,0.0,0.0,1.0,1.0,0.0,0.0,0.0,0.8421052631578947,0.0,1.0,0.0,1.0,0.0,1.0,0.0,1.0,0.0,1.0,1.0,0.0,0.0,0.0,0.0,0.0
1898,0,,,81.33879763065102,92.0,0.6071323018171615,2.0,0.0,81.0,0,0.0,1,0.0,1,1.0,0,0.0,0.0,0,0,0,1,1,1,0.0,0.0,1.0,1.0,0.0,0.0,0.0,0.5789473684210527,0.0,1.0,0.0,1.0,0.0,1.0,1.0,0.0,7.0,0.0,1.0,0.0,0.0,0.0,0.0,0.0
1822,0,,,10.0,10.0,0.9582065893301983,0.0,0.0,10.0,0,0.0,1,0.0,1,0.0,1,0.0,0.0,0,0,0,1,0,1,1.0,1.0,1.0,0.0,1.0,1.0,1.0,0.5789473684210527,0.0,0.0,0.0,0.0,0.0,0.0,0.0,0.0,0.0,0.0,0.0,0.0,0.0,0.0,0.0,0.0
1884,0,,,40.22437072223753,46.0,0.943211845830119,0.0,0.0,40.0,0,4.0,0,0.0,1,1.0,0,0.0,0.0,0,0,0,1,1,1,0.0,0.0,1.0,1.0,0.0,0.0,0.0,0.5789473684210527,0.0,1.0,0.0,1.0,0.0,1.0,0.0,1.0,1.0,0.0,1.0,0.0,0.0,0.0,0.0,0.0
1061,0,,,20.29778313018444,32.0,0.9851244845490598,0.0,0.0,19.0,0,2.0,0,0.0,1,1.0,0,0.0,0.0,0,0,0,1,1,1,0.0,0.0,1.0,1.0,0.0,0.0,0.0,0.47368421052631576,1.0,0.0,3.0,0.0,0.0,1.0,0.0,1.0,6.0,0.0,1.0,0.0,0.0,0.0,0.0,0.0
643,1,643.0,643.0,0.0,0.0,1.0,0.0,0.0,0.0,1,0.0,1,0.0,1,0.0,1,0.0,0.0,0,0,1,1,1,1,0.0,0.0,1.0,1.0,0.0,0.0,0.0,0.8421052631578947,0.0,1.0,0.0,1.0,0.0,1.0,0.0,1.0,0.0,1.0,1.0,0.0,0.0,0.0,0.0,0.0
925,1,925.0,925.0,0.0,0.0,1.0,0.0,0.0,0.0,1,0.0,1,0.0,1,0.0,1,0.0,1.0,0,0,1,1,1,1,1.0,1.0,0.0,1.0,1.0,1.0,1.0,0.8421052631578947,0.0,0.0,0.0,0.0,0.0,0.0,0.0,0.0,0.0,0.0,0.0,0.0,1.0,0.0,0.0,0.0
505,1,505.0,505.0,0.0,0.0,1.0,0.0,0.0,0.0,1,0.0,1,0.0,1,0.0,1,0.0,0.0,0,0,1,1,1,1,0.0,0.0,1.0,1.0,0.0,0.0,0.0,0.8421052631578947,0.0,1.0,0.0,1.0,0.0,1.0,0.0,1.0,0.0,1.0,1.0,0.0,0.0,0.0,0.0,0.0
1195,0,,,13.416407864998739,22.0,0.9467000784611876,0.0,0.0,11.0,0,7.0,0,0.0,1,0.0,1,0.0,0.0,0,0,0,1,1,1,0.0,0.0,1.0,1.0,0.0,0.0,0.0,0.5789473684210527,0.0,1.0,0.0,1.0,0.0,1.0,1.0,0.0,3.0,0.0,1.0,0.0,0.0,0.0,0.0,0.0
1146,0,,,20.8806130178211,30.0,0.9146148811540169,1.0,0.0,20.0,0,1.0,0,0.0,1,0.0,1,0.0,0.0,0,0,0,1,1,1,0.0,0.0,1.0,1.0,0.0,0.0,0.0,0.5789473684210527,0.0,1.0,0.0,1.0,5.0,0.0,3.0,0.0,0.0,1.0,1.0,0.0,0.0,0.0,0.0,0.0
961,1,961.0,961.0,0.0,0.0,1.0,0.0,0.0,0.0,1,0.0,1,0.0,1,0.0,1,0.0,0.0,0,0,1,1,1,1,0.0,0.0,1.0,1.0,0.0,0.0,0.0,0.8421052631578947,0.0,1.0,0.0,1.0,0.0,1.0,0.0,1.0,0.0,1.0,1.0,0.0,0.0,0.0,0.0,0.0
1433,0,,,32.218007387174026,56.0,0.5737654841031768,0.0,0.0,19.0,0,1.0,0,0.0,1,1.0,0,0.0,0.0,0,0,1,1,1,1,0.0,0.0,1.0,1.0,0.0,0.0,0.0,0.5263157894736842,0.0,1.0,0.0,1.0,25.0,0.0,5.0,0.0,5.0,0.0,1.0,0.0,0.0,0.0,0.0,0.0
542,1,542.0,542.0,0.0,0.0,1.0,0.0,1.0,0.0,1,0.0,1,0.0,1,0.0,1,0.0,1.0,0,0,1,1,1,1,1.0,1.0,0.0,1.0,1.0,1.0,1.0,0.8947368421052632,0.0,0.0,0.0,0.0,0.0,0.0,0.0,0.0,0.0,0.0,0.0,0.0,1.0,0.0,0.0,0.0
1850,0,,,75.72978278062072,107.0,0.611552336013659,0.0,0.0,71.0,0,2.0,0,0.0,1,1.0,0,0.0,0.0,0,0,0,1,1,1,0.0,0.0,1.0,1.0,0.0,0.0,0.0,0.5263157894736842,0.0,1.0,0.0,1.0,25.0,0.0,0.0,1.0,8.0,0.0,1.0,0.0,0.0,0.0,0.0,0.0
1590,0,,,8.18535277187245,15.0,0.9916524060963093,0.0,0.0,1.0,0,0.0,1,0.0,1,0.0,1,0.0,0.0,0,0,0,1,1,1,0.0,0.0,1.0,1.0,0.0,0.0,0.0,0.5789473684210527,4.0,0.0,5.0,0.0,5.0,0.0,0.0,1.0,0.0,1.0,1.0,0.0,0.0,0.0,0.0,0.0
1895,0,,,10.44030650891055,19.0,0.9813256364508787,0.0,0.0,1.0,0,3.0,0,0.0,1,1.0,0,0.0,0.0,0,0,0,1,1,1,0.0,0.0,1.0,1.0,0.0,0.0,0.0,0.5263157894736842,7.0,0.0,7.0,0.0,0.0,1.0,0.0,1.0,0.0,1.0,1.0,0.0,0.0,0.0,0.0,0.0
417,1,417.0,417.0,0.0,0.0,1.0,0.0,0.0,0.0,1,0.0,1,0.0,1,0.0,1,0.0,0.0,0,0,1,1,1,1,0.0,0.0,1.0,1.0,0.0,0.0,0.0,0.8421052631578947,0.0,1.0,0.0,1.0,0.0,1.0,0.0,1.0,0.0,1.0,1.0,0.0,0.0,0.0,0.0,0.0
60,1,60.0,60.0,0.0,0.0,1.0,0.0,1.0,0.0,1,0.0,1,0.0,1,0.0,1,0.0,0.0,0,0,1,1,1,1,0.0,0.0,1.0,1.0,0.0,0.0,0.0,0.8947368421052632,0.0,1.0,0.0,1.0,0.0,1.0,0.0,1.0,0.0,1.0,1.0,0.0,0.0,0.0,0.0,0.0
842,1,842.0,842.0,0.0,0.0,1.0,0.0,0.0,0.0,1,0.0,1,0.0,1,0.0,1,0.0,0.0,0,0,1,1,1,1,0.0,0.0,1.0,1.0,0.0,0.0,0.0,0.8421052631578947,0.0,1.0,0.0,1.0,0.0,1.0,0.0,1.0,0.0,1.0,1.0,0.0,0.0,0.0,0.0,0.0
1909,0,,,5.291502622129181,8.0,0.9700694848400943,0.0,0.0,1.0,0,1.0,0,0.0,1,0.0,1,0.0,0.0,0,0,0,1,1,1,0.0,0.0,1.0,1.0,0.0,0.0,0.0,0.5789473684210527,0.0,1.0,0.0,1.0,0.0,1.0,1.0,0.0,5.0,0.0,1.0,0.0,0.0,0.0,0.0,0.0
845,1,845.0,845.0,0.0,0.0,1.0,0.0,0.0,0.0,1,0.0,1,0.0,1,0.0,1,0.0,0.0,0,0,1,1,1,1,0.0,0.0,1.0,1.0,0.0,0.0,0.0,0.8421052631578947,0.0,1.0,0.0,1.0,0.0,1.0,0.0,1.0,0.0,1.0,1.0,0.0,0.0,0.0,0.0,0.0
1449,0,,,11.269427669584644,17.0,0.9781515374440585,0.0,0.0,10.0,0,1.0,0,0.0,1,0.0,1,0.0,0.0,0,0,0,1,1,1,0.0,0.0,1.0,1.0,0.0,0.0,0.0,0.5789473684210527,0.0,1.0,0.0,1.0,5.0,0.0,1.0,0.0,0.0,1.0,1.0,0.0,0.0,0.0,0.0,0.0
1057,0,,,15.620499351813308,22.0,0.9251298759788524,0.0,1.0,0.0,1,0.0,1,0.0,1,0.0,1,0.0,0.0,0,0,0,1,1,1,0.0,0.0,1.0,1.0,0.0,0.0,0.0,0.631578947368421,3.0,0.0,3.0,0.0,15.0,0.0,1.0,0.0,0.0,1.0,1.0,0.0,0.0,0.0,0.0,0.0
84,1,84.0,84.0,0.0,0.0,1.0,0.0,1.0,0.0,1,0.0,1,0.0,1,0.0,1,0.0,0.0,0,0,1,1,1,1,0.0,0.0,1.0,1.0,0.0,0.0,0.0,0.8947368421052632,0.0,1.0,0.0,1.0,0.0,1.0,0.0,1.0,0.0,1.0,1.0,0.0,0.0,0.0,0.0,0.0
86,1,86.0,86.0,0.0,0.0,1.0,0.0,1.0,0.0,1,0.0,1,0.0,1,0.0,1,0.0,0.0,0,0,1,1,1,1,0.0,0.0,1.0,1.0,0.0,0.0,0.0,0.8947368421052632,0.0,1.0,0.0,1.0,0.0,1.0,0.0,1.0,0.0,1.0,1.0,0.0,0.0,0.0,0.0,0.0
1440,0,,,13.114877048604,20.0,0.9953888377190293,0.0,0.0,11.0,0,7.0,0,0.0,1,0.0,1,0.0,0.0,0,0,0,1,1,1,0.0,0.0,1.0,1.0,0.0,0.0,0.0,0.5789473684210527,1.0,0.0,1.0,0.0,0.0,1.0,0.0,1.0,0.0,1.0,1.0,0.0,0.0,0.0,0.0,0.0
1150,0,,,41.012193308819754,50.0,0.9573149157739084,0.0,0.0,40.0,0,9.0,0,0.0,1,1.0,0,0.0,0.0,0,0,0,1,1,1,0.0,0.0,1.0,1.0,0.0,0.0,0.0,0.631578947368421,0.0,1.0,0.0,1.0,0.0,1.0,0.0,1.0,0.0,1.0,1.0,0.0,0.0,0.0,0.0,0.0
445,1,445.0,445.0,0.0,0.0,1.0,0.0,0.0,0.0,1,0.0,1,0.0,1,0.0,1,0.0,0.0,0,0,1,1,1,1,0.0,0.0,1.0,1.0,0.0,0.0,0.0,0.8421052631578947,0.0,1.0,0.0,1.0,0.0,1.0,0.0,1.0,0.0,1.0,1.0,0.0,0.0,0.0,0.0,0.0
247,1,247.0,247.0,0.0,0.0,1.0,0.0,1.0,0.0,1,0.0,1,0.0,1,0.0,1,0.0,0.0,0,0,1,1,1,1,0.0,0.0,1.0,1.0,0.0,0.0,0.0,0.8947368421052632,0.0,1.0,0.0,1.0,0.0,1.0,0.0,1.0,0.0,1.0,1.0,0.0,0.0,0.0,0.0,0.0
1375,0,,,16.703293088490067,25.0,0.9386920690804654,0.0,0.0,0.0,1,0.0,1,0.0,1,1.0,0,0.0,0.0,0,0,0,1,1,1,0.0,0.0,1.0,1.0,0.0,0.0,0.0,0.5789473684210527,0.0,1.0,0.0,1.0,15.0,0.0,2.0,0.0,7.0,0.0,1.0,0.0,0.0,0.0,0.0,0.0
939,1,939.0,939.0,0.0,0.0,1.0,0.0,0.0,0.0,1,0.0,1,0.0,1,0.0,1,0.0,0.0,0,0,1,1,1,1,0.0,0.0,1.0,1.0,0.0,0.0,0.0,0.8421052631578947,0.0,1.0,0.0,1.0,0.0,1.0,0.0,1.0,0.0,1.0,1.0,0.0,0.0,0.0,0.0,0.0
1026,0,,,52.41183072551463,75.0,0.9493504511623548,0.0,0.0,50.0,0,5.0,0,0.0,1,1.0,0,0.0,0.0,0,0,1,1,1,1,0.0,0.0,1.0,1.0,0.0,0.0,0.0,0.5789473684210527,14.0,0.0,5.0,0.0,0.0,1.0,0.0,1.0,0.0,1.0,1.0,0.0,0.0,0.0,0.0,0.0
1097,0,,,35.4259791678367,61.0,0.9079112229973927,0.0,0.0,31.0,0,1.0,0,0.0,1,0.0,1,0.0,0.0,0,0,1,1,1,1,0.0,0.0,1.0,1.0,0.0,0.0,0.0,0.5789473684210527,7.0,0.0,12.0,0.0,10.0,0.0,0.0,1.0,0.0,1.0,1.0,0.0,0.0,0.0,0.0,0.0
1233,0,,,50.49752469181039,58.0,0.9996873584998963,0.0,0.0,50.0,0,0.0,1,0.0,1,0.0,1,7.0,0.0,0,0,0,1,1,1,1.0,1.0,0.0,1.0,1.0,1.0,1.0,0.631578947368421,0.0,0.0,0.0,0.0,0.0,0.0,0.0,0.0,0.0,0.0,0.0,1.0,0.0,0.0,0.0,0.0
196,1,196.0,196.0,0.0,0.0,1.0,0.0,1.0,0.0,1,0.0,1,0.0,1,0.0,1,0.0,0.0,0,0,1,1,1,1,0.0,0.0,1.0,1.0,0.0,0.0,0.0,0.8947368421052632,0.0,1.0,0.0,1.0,0.0,1.0,0.0,1.0,0.0,1.0,1.0,0.0,0.0,0.0,0.0,0.0
836,1,836.0,836.0,0.0,0.0,1.0,0.0,0.0,0.0,1,0.0,1,0.0,1,0.0,1,0.0,0.0,0,0,1,1,1,1,0.0,0.0,1.0,1.0,0.0,0.0,0.0,0.8421052631578947,0.0,1.0,0.0,1.0,0.0,1.0,0.0,1.0,0.0,1.0,1.0,0.0,0.0,0.0,0.0,0.0
1223,0,,,16.822603841260722,27.0,0.9749404540902904,0.0,0.0,2.0,0,2.0,0,0.0,1,1.0,0,0.0,0.0,0,0,0,1,1,1,0.0,0.0,1.0,1.0,0.0,0.0,0.0,0.5263157894736842,0.0,1.0,0.0,1.0,15.0,0.0,0.0,1.0,7.0,0.0,1.0,0.0,0.0,0.0,0.0,0.0
1956,0,,,31.240998703626616,44.0,0.9998802952499654,0.0,0.0,30.0,0,6.0,0,0.0,1,2.0,0,6.0,0.0,0,0,0,1,1,1,1.0,1.0,0.0,1.0,1.0,1.0,1.0,0.5789473684210527,0.0,0.0,0.0,0.0,0.0,0.0,0.0,0.0,0.0,0.0,0.0,0.0,1.0,0.0,0.0,0.0
241,1,241.0,241.0,0.0,0.0,1.0,0.0,1.0,0.0,1,0.0,1,0.0,1,0.0,1,0.0,0.0,0,0,1,1,1,1,0.0,0.0,1.0,1.0,0.0,0.0,0.0,0.8947368421052632,0.0,1.0,0.0,1.0,0.0,1.0,0.0,1.0,0.0,1.0,1.0,0.0,0.0,0.0,0.0,0.0
1175,0,,,14.628738838327793,28.0,0.9655340326568228,0.0,0.0,9.0,0,1.0,0,0.0,1,0.0,1,0.0,0.0,0,0,1,1,1,1,0.0,0.0,1.0,1.0,0.0,0.0,0.0,0.5789473684210527,4.0,0.0,4.0,0.0,10.0,0.0,0.0,1.0,0.0,1.0,1.0,0.0,0.0,0.0,0.0,0.0
24,1,24.0,24.0,0.0,0.0,1.0,0.0,1.0,0.0,1,0.0,1,0.0,1,0.0,1,0.0,1.0,0,0,1,1,1,1,1.0,1.0,0.0,1.0,1.0,1.0,1.0,0.8947368421052632,0.0,0.0,0.0,0.0,0.0,0.0,0.0,0.0,0.0,0.0,0.0,0.0,1.0,0.0,0.0,0.0
1841,0,,,7.483314773547883,14.0,0.9911665541194732,0.0,1.0,1.0,0,2.0,0,0.0,1,0.0,1,0.0,0.0,0,0,0,1,1,1,0.0,0.0,1.0,1.0,0.0,0.0,0.0,0.5789473684210527,5.0,0.0,5.0,0.0,0.0,1.0,0.0,1.0,1.0,0.0,1.0,0.0,0.0,0.0,0.0,0.0
39,1,39.0,39.0,0.0,0.0,1.0,0.0,0.0,0.0,1,0.0,1,0.0,1,0.0,1,0.0,0.0,0,0,1,1,1,1,0.0,0.0,1.0,1.0,0.0,0.0,0.0,0.8421052631578947,0.0,1.0,0.0,1.0,0.0,1.0,0.0,1.0,0.0,1.0,1.0,0.0,0.0,0.0,0.0,0.0
463,1,463.0,463.0,0.0,0.0,1.0,0.0,0.0,0.0,1,0.0,1,0.0,1,0.0,1,0.0,0.0,0,0,1,1,1,1,0.0,0.0,1.0,1.0,0.0,0.0,0.0,0.8421052631578947,0.0,1.0,0.0,1.0,0.0,1.0,0.0,1.0,0.0,1.0,1.0,0.0,0.0,0.0,0.0,0.0
1518,0,,,19.1049731745428,37.0,0.9049496708354192,0.0,0.0,2.0,0,8.0,0,0.0,1,0.0,1,0.0,0.0,0,0,1,1,1,1,0.0,0.0,1.0,1.0,0.0,0.0,0.0,0.5789473684210527,6.0,0.0,6.0,0.0,15.0,0.0,0.0,1.0,0.0,1.0,1.0,0.0,0.0,0.0,0.0,0.0
729,1,729.0,729.0,0.0,0.0,1.0,0.0,0.0,0.0,1,0.0,1,0.0,1,0.0,1,0.0,0.0,0,0,1,1,1,1,1.0,1.0,1.0,0.0,1.0,1.0,1.0,0.8421052631578947,0.0,0.0,0.0,0.0,0.0,0.0,0.0,0.0,0.0,0.0,1.0,0.0,0.0,0.0,0.0,1.0
1801,0,,,90.48756820690895,104.0,0.9989957897003601,1.0,0.0,9.0,0,2.0,0,0.0,1,1.0,0,90.0,0.0,0,0,0,1,1,1,1.0,1.0,0.0,1.0,1.0,1.0,1.0,0.5263157894736842,0.0,0.0,0.0,0.0,0.0,0.0,0.0,0.0,0.0,0.0,0.0,1.0,0.0,0.0,0.0,0.0
1152,0,,,38.61346915261564,55.0,0.9907879516029556,0.0,0.0,37.0,0,1.0,0,0.0,1,1.0,0,0.0,0.0,0,0,1,1,1,1,0.0,0.0,1.0,1.0,0.0,0.0,0.0,0.5263157894736842,0.0,1.0,0.0,1.0,10.0,0.0,4.0,0.0,2.0,0.0,1.0,0.0,0.0,0.0,0.0,0.0
1952,0,,,12.529964086141668,25.0,0.9817382992164582,1.0,0.0,2.0,0,1.0,0,0.0,1,1.0,0,0.0,0.0,0,0,1,1,1,1,0.0,0.0,1.0,1.0,0.0,0.0,0.0,0.5263157894736842,5.0,0.0,5.0,0.0,10.0,0.0,0.0,1.0,0.0,1.0,1.0,0.0,0.0,0.0,0.0,0.0
1780,0,,,48.28043081829324,57.0,0.9595434084230842,1.0,0.0,48.0,0,4.0,0,0.0,1,1.0,0,0.0,0.0,0,0,0,1,1,1,0.0,0.0,1.0,1.0,0.0,0.0,0.0,0.5789473684210527,0.0,1.0,0.0,1.0,0.0,1.0,3.0,0.0,0.0,1.0,1.0,0.0,0.0,0.0,0.0,0.0
61,1,61.0,61.0,0.0,0.0,1.0,0.0,1.0,0.0,1,0.0,1,0.0,1,0.0,1,0.0,0.0,0,0,1,1,1,1,0.0,0.0,1.0,1.0,0.0,0.0,0.0,0.8947368421052632,0.0,1.0,0.0,1.0,0.0,1.0,0.0,1.0,0.0,1.0,1.0,0.0,0.0,0.0,0.0,0.0
364,1,364.0,364.0,0.0,0.0,1.0,0.0,1.0,0.0,1,0.0,1,0.0,1,0.0,1,0.0,0.0,0,0,1,1,1,1,0.0,0.0,1.0,1.0,0.0,0.0,0.0,0.8947368421052632,0.0,1.0,0.0,1.0,0.0,1.0,0.0,1.0,0.0,1.0,1.0,0.0,0.0,0.0,0.0,0.0
1011,0,,,79.17070165155795,86.0,0.6238587988420071,0.0,0.0,79.0,0,1.0,0,0.0,1,0.0,1,0.0,0.0,0,0,0,1,1,1,0.0,0.0,1.0,1.0,0.0,0.0,0.0,0.5789473684210527,0.0,1.0,0.0,1.0,5.0,0.0,1.0,0.0,0.0,1.0,1.0,0.0,0.0,0.0,0.0,0.0
74,1,74.0,74.0,0.0,0.0,1.0,0.0,1.0,0.0,1,0.0,1,0.0,1,0.0,1,0.0,0.0,0,0,1,1,1,1,0.0,0.0,1.0,1.0,0.0,0.0,0.0,0.8947368421052632,0.0,1.0,0.0,1.0,0.0,1.0,0.0,1.0,0.0,1.0,1.0,0.0,0.0,0.0,0.0,0.0
1320,0,,,27.294688127912362,45.0,0.8695006123669692,0.0,0.0,8.0,0,6.0,0,0.0,1,0.0,1,0.0,0.0,0,0,1,1,1,1,0.0,0.0,1.0,1.0,0.0,0.0,0.0,0.5789473684210527,0.0,1.0,0.0,1.0,25.0,0.0,4.0,0.0,2.0,0.0,1.0,0.0,0.0,0.0,0.0,0.0
700,1,700.0,700.0,0.0,0.0,1.0,0.0,0.0,0.0,1,0.0,1,0.0,1,0.0,1,0.0,0.0,0,0,1,1,1,1,0.0,0.0,1.0,1.0,0.0,0.0,0.0,0.8421052631578947,0.0,1.0,0.0,1.0,0.0,1.0,0.0,1.0,0.0,1.0,1.0,0.0,0.0,0.0,0.0,0.0
753,1,753.0,753.0,0.0,0.0,1.0,0.0,0.0,0.0,1,0.0,1,0.0,1,0.0,1,0.0,0.0,0,0,1,1,1,1,0.0,0.0,1.0,1.0,0.0,0.0,0.0,0.8421052631578947,0.0,1.0,0.0,1.0,0.0,1.0,0.0,1.0,0.0,1.0,1.0,0.0,0.0,0.0,0.0,0.0
747,1,747.0,747.0,0.0,0.0,1.0,0.0,0.0,0.0,1,0.0,1,0.0,1,0.0,1,0.0,1.0,0,0,1,1,1,1,1.0,1.0,0.0,1.0,1.0,1.0,1.0,0.8421052631578947,0.0,0.0,0.0,0.0,0.0,0.0,0.0,0.0,0.0,0.0,0.0,0.0,1.0,0.0,0.0,0.0
1914,0,,,16.34013463836819,21.0,0.9970633732699424,0.0,0.0,16.0,0,3.0,0,0.0,1,0.0,1,0.0,0.0,0,0,0,1,1,1,0.0,0.0,1.0,1.0,0.0,0.0,0.0,0.5789473684210527,1.0,0.0,0.0,1.0,0.0,1.0,1.0,0.0,0.0,1.0,1.0,0.0,0.0,0.0,0.0,0.0
432,1,432.0,432.0,0.0,0.0,1.0,0.0,0.0,0.0,1,0.0,1,0.0,1,0.0,1,0.0,0.0,0,0,1,1,1,1,0.0,0.0,1.0,1.0,0.0,0.0,0.0,0.8421052631578947,0.0,1.0,0.0,1.0,0.0,1.0,0.0,1.0,0.0,1.0,1.0,0.0,0.0,0.0,0.0,0.0
479,1,479.0,479.0,0.0,0.0,1.0,0.0,0.0,0.0,1,0.0,1,0.0,1,0.0,1,0.0,1.0,0,0,1,1,1,1,1.0,1.0,0.0,1.0,1.0,1.0,1.0,0.8421052631578947,0.0,0.0,0.0,0.0,0.0,0.0,0.0,0.0,0.0,0.0,0.0,0.0,1.0,0.0,0.0,0.0
504,1,504.0,504.0,0.0,0.0,1.0,0.0,1.0,0.0,1,0.0,1,0.0,1,0.0,1,0.0,0.0,0,0,1,1,1,1,0.0,0.0,1.0,1.0,0.0,0.0,0.0,0.8947368421052632,0.0,1.0,0.0,1.0,0.0,1.0,0.0,1.0,0.0,1.0,1.0,0.0,0.0,0.0,0.0,0.0
349,1,349.0,349.0,0.0,0.0,1.0,0.0,0.0,0.0,1,0.0,1,0.0,1,0.0,1,0.0,0.0,0,0,1,1,1,1,0.0,0.0,1.0,1.0,0.0,0.0,0.0,0.8421052631578947,0.0,1.0,0.0,1.0,0.0,1.0,0.0,1.0,0.0,1.0,1.0,0.0,0.0,0.0,0.0,0.0
1558,0,,,29.223278392404914,36.0,0.9966840763667618,0.0,0.0,29.0,0,1.0,0,0.0,1,2.0,0,0.0,0.0,0,0,0,1,1,1,0.0,0.0,1.0,1.0,0.0,0.0,0.0,0.5263157894736842,2.0,0.0,2.0,0.0,0.0,1.0,0.0,1.0,0.0,1.0,1.0,0.0,0.0,0.0,0.0,0.0
1755,0,,,92.57969539807311,107.0,0.4624734328321507,0.0,0.0,9.0,0,5.0,0,0.0,1,1.0,0,92.0,0.0,0,0,0,1,1,1,1.0,1.0,0.0,1.0,1.0,1.0,1.0,0.5263157894736842,0.0,0.0,0.0,0.0,0.0,0.0,0.0,0.0,0.0,0.0,0.0,0.0,0.0,0.0,0.0,0.0
1837,0,,,59.924953066314536,97.0,0.8728857312818998,0.0,0.0,49.0,0,0.0,1,0.0,1,1.0,0,0.0,0.0,0,0,0,1,1,1,0.0,0.0,1.0,1.0,0.0,0.0,0.0,0.5789473684210527,0.0,1.0,0.0,1.0,30.0,0.0,0.0,1.0,17.0,0.0,1.0,0.0,0.0,0.0,0.0,0.0
145,1,145.0,145.0,0.0,0.0,1.0,0.0,1.0,0.0,1,0.0,1,0.0,1,0.0,1,0.0,0.0,0,0,1,1,1,1,0.0,0.0,1.0,1.0,0.0,0.0,0.0,0.8947368421052632,0.0,1.0,0.0,1.0,0.0,1.0,0.0,1.0,0.0,1.0,1.0,0.0,0.0,0.0,0.0,0.0
183,1,183.0,183.0,0.0,0.0,1.0,0.0,1.0,0.0,1,0.0,1,0.0,1,0.0,1,0.0,1.0,0,0,1,1,1,1,1.0,1.0,0.0,1.0,1.0,1.0,1.0,0.8947368421052632,0.0,0.0,0.0,0.0,0.0,0.0,0.0,0.0,0.0,0.0,0.0,0.0,1.0,0.0,0.0,0.0
441,1,441.0,441.0,0.0,0.0,1.0,0.0,0.0,0.0,1,0.0,1,0.0,1,0.0,1,0.0,1.0,0,0,1,1,1,1,1.0,1.0,0.0,1.0,1.0,1.0,1.0,0.8421052631578947,0.0,0.0,0.0,0.0,0.0,0.0,0.0,0.0,0.0,0.0,0.0,0.0,1.0,0.0,0.0,0.0
270,1,270.0,270.0,0.0,0.0,1.0,0.0,0.0,0.0,1,0.0,1,0.0,1,0.0,1,0.0,0.0,0,0,1,1,1,1,0.0,0.0,1.0,1.0,0.0,0.0,0.0,0.8421052631578947,0.0,1.0,0.0,1.0,0.0,1.0,0.0,1.0,0.0,1.0,1.0,0.0,0.0,0.0,0.0,0.0
1143,0,,,9.055385138137417,10.0,0.9974640244072616,0.0,0.0,9.0,0,1.0,0,0.0,1,0.0,1,0.0,0.0,0,0,0,1,0,1,1.0,1.0,0.0,0.0,1.0,1.0,1.0,0.47368421052631576,0.0,0.0,0.0,0.0,0.0,0.0,0.0,0.0,0.0,0.0,0.0,0.0,0.0,0.0,0.0,0.0
1158,0,,,20.73644135332772,32.0,0.9456905676499263,1.0,0.0,10.0,0,0.0,1,0.0,1,2.0,0,0.0,0.0,0,0,0,1,1,1,0.0,0.0,1.0,1.0,0.0,0.0,0.0,0.5789473684210527,18.0,0.0,1.0,0.0,0.0,1.0,0.0,1.0,0.0,1.0,1.0,0.0,0.0,0.0,0.0,0.0
1790,0,,,21.213203435596427,30.0,0.8499264674784536,0.0,0.0,20.0,0,0.0,1,0.0,1,0.0,1,0.0,0.0,0,0,0,1,1,1,0.0,0.0,1.0,1.0,0.0,0.0,0.0,0.631578947368421,5.0,0.0,5.0,0.0,0.0,1.0,0.0,1.0,0.0,1.0,1.0,0.0,0.0,0.0,0.0,0.0
1843,0,,,40.422765862815474,50.0,0.8508830011346774,0.0,1.0,0.0,1,1.0,0,0.0,1,0.0,1,0.0,0.0,0,0,1,1,1,1,0.0,0.0,1.0,1.0,0.0,0.0,0.0,0.631578947368421,4.0,0.0,4.0,0.0,40.0,0.0,0.0,1.0,1.0,0.0,1.0,0.0,0.0,0.0,0.0,0.0
1073,0,,,6.164414002968976,10.0,0.9744074880588113,0.0,0.0,0.0,1,5.0,0,0.0,1,0.0,1,0.0,0.0,0,0,0,1,1,1,0.0,0.0,1.0,1.0,0.0,0.0,0.0,0.631578947368421,0.0,1.0,0.0,1.0,0.0,1.0,2.0,0.0,3.0,0.0,1.0,0.0,0.0,0.0,0.0,0.0
204,1,204.0,204.0,0.0,0.0,1.0,0.0,0.0,0.0,1,0.0,1,0.0,1,0.0,1,0.0,0.0,0,0,1,1,1,1,0.0,0.0,1.0,1.0,0.0,0.0,0.0,0.8421052631578947,0.0,1.0,0.0,1.0,0.0,1.0,0.0,1.0,0.0,1.0,1.0,0.0,0.0,0.0,0.0,0.0
1136,0,,,21.02379604162864,30.0,0.9655834149100594,0.0,0.0,20.0,0,4.0,0,0.0,1,0.0,1,0.0,0.0,0,0,0,1,1,1,0.0,0.0,1.0,1.0,0.0,0.0,0.0,0.5789473684210527,0.0,1.0,0.0,1.0,0.0,1.0,1.0,0.0,5.0,0.0,1.0,0.0,0.0,0.0,0.0,0.0
1356,0,,,42.08325082500163,61.0,0.7231572973741044,0.0,0.0,39.0,0,9.0,0,0.0,1,0.0,1,0.0,0.0,0,0,0,1,1,1,0.0,0.0,1.0,1.0,0.0,0.0,0.0,0.631578947368421,0.0,1.0,0.0,1.0,13.0,0.0,0.0,1.0,0.0,1.0,1.0,0.0,0.0,0.0,0.0,0.0
23,1,23.0,23.0,0.0,0.0,1.0,0.0,1.0,0.0,1,0.0,1,0.0,1,0.0,1,0.0,0.0,0,0,1,1,1,1,0.0,0.0,1.0,1.0,0.0,0.0,0.0,0.8947368421052632,0.0,1.0,0.0,1.0,0.0,1.0,0.0,1.0,0.0,1.0,1.0,0.0,0.0,0.0,0.0,0.0
95,1,95.0,95.0,0.0,0.0,1.0,0.0,1.0,0.0,1,0.0,1,0.0,1,0.0,1,0.0,0.0,0,0,1,1,1,1,0.0,0.0,1.0,1.0,0.0,0.0,0.0,0.8947368421052632,0.0,1.0,0.0,1.0,0.0,1.0,0.0,1.0,0.0,1.0,1.0,0.0,0.0,0.0,0.0,0.0
1400,0,,,20.396078054371138,28.0,0.9976324500355371,0.0,0.0,20.0,0,2.0,0,0.0,1,2.0,0,0.0,0.0,0,0,0,1,1,1,0.0,0.0,1.0,1.0,0.0,0.0,0.0,0.5263157894736842,2.0,0.0,2.0,0.0,0.0,1.0,0.0,1.0,0.0,1.0,1.0,0.0,0.0,0.0,0.0,0.0
569,1,569.0,569.0,0.0,0.0,1.0,0.0,1.0,0.0,1,0.0,1,0.0,1,0.0,1,0.0,0.0,0,0,1,1,1,1,0.0,0.0,1.0,1.0,0.0,0.0,0.0,0.8947368421052632,0.0,1.0,0.0,1.0,0.0,1.0,0.0,1.0,0.0,1.0,1.0,0.0,0.0,0.0,0.0,0.0
44,1,44.0,44.0,0.0,0.0,1.0,0.0,1.0,0.0,1,0.0,1,0.0,1,0.0,1,0.0,0.0,0,0,1,1,1,1,0.0,0.0,1.0,1.0,0.0,0.0,0.0,0.8947368421052632,0.0,1.0,0.0,1.0,0.0,1.0,0.0,1.0,0.0,1.0,1.0,0.0,0.0,0.0,0.0,0.0
673,1,673.0,673.0,0.0,0.0,1.0,0.0,0.0,0.0,1,0.0,1,0.0,1,0.0,1,0.0,0.0,0,0,1,1,1,1,0.0,0.0,1.0,1.0,0.0,0.0,0.0,0.8421052631578947,0.0,1.0,0.0,1.0,0.0,1.0,0.0,1.0,0.0,1.0,1.0,0.0,0.0,0.0,0.0,0.0
741,1,741.0,741.0,0.0,0.0,1.0,0.0,0.0,0.0,1,0.0,1,0.0,1,0.0,1,0.0,0.0,0,0,1,1,1,1,0.0,0.0,1.0,1.0,0.0,0.0,0.0,0.8421052631578947,0.0,1.0,0.0,1.0,0.0,1.0,0.0,1.0,0.0,1.0,1.0,0.0,0.0,0.0,0.0,0.0
765,1,765.0,765.0,0.0,0.0,1.0,0.0,0.0,0.0,1,0.0,1,0.0,1,0.0,1,0.0,0.0,0,0,1,1,1,1,0.0,0.0,1.0,1.0,0.0,0.0,0.0,0.8421052631578947,0.0,1.0,0.0,1.0,0.0,1.0,0.0,1.0,0.0,1.0,1.0,0.0,0.0,0.0,0.0,0.0
1046,0,,,29.732137494637012,40.0,0.9337894610523002,0.0,0.0,29.0,0,3.0,0,0.0,1,0.0,1,0.0,0.0,0,0,0,1,1,1,0.0,0.0,1.0,1.0,0.0,0.0,0.0,0.5789473684210527,0.0,1.0,0.0,1.0,5.0,0.0,0.0,1.0,3.0,0.0,1.0,0.0,0.0,0.0,0.0,0.0
130,1,130.0,130.0,0.0,0.0,1.0,0.0,0.0,0.0,1,0.0,1,0.0,1,0.0,1,0.0,0.0,0,0,1,1,1,1,0.0,0.0,1.0,1.0,0.0,0.0,0.0,0.8421052631578947,0.0,1.0,0.0,1.0,0.0,1.0,0.0,1.0,0.0,1.0,1.0,0.0,0.0,0.0,0.0,0.0
534,1,534.0,534.0,0.0,0.0,1.0,0.0,0.0,0.0,1,0.0,1,0.0,1,0.0,1,0.0,0.0,0,0,1,1,1,1,0.0,0.0,1.0,1.0,0.0,0.0,0.0,0.8421052631578947,0.0,1.0,0.0,1.0,0.0,1.0,0.0,1.0,0.0,1.0,1.0,0.0,0.0,0.0,0.0,0.0
386,1,386.0,386.0,0.0,0.0,1.0,0.0,0.0,0.0,1,0.0,1,0.0,1,0.0,1,0.0,0.0,0,0,1,1,1,1,0.0,0.0,1.0,1.0,0.0,0.0,0.0,0.8421052631578947,0.0,1.0,0.0,1.0,0.0,1.0,0.0,1.0,0.0,1.0,1.0,0.0,0.0,0.0,0.0,0.0
1198,0,,,31.22498999199199,43.0,0.9795821394899453,0.0,0.0,30.0,0,7.0,0,0.0,1,0.0,1,0.0,0.0,0,0,0,1,1,1,0.0,0.0,1.0,1.0,0.0,0.0,0.0,0.5789473684210527,0.0,1.0,0.0,1.0,5.0,0.0,1.0,0.0,0.0,1.0,1.0,0.0,0.0,0.0,0.0,0.0
918,1,918.0,918.0,0.0,0.0,1.0,0.0,0.0,0.0,1,0.0,1,0.0,1,0.0,1,0.0,0.0,0,0,1,1,1,1,0.0,0.0,1.0,1.0,0.0,0.0,0.0,0.8421052631578947,0.0,1.0,0.0,1.0,0.0,1.0,0.0,1.0,0.0,1.0,1.0,0.0,0.0,0.0,0.0,0.0
1428,0,,,22.825424421026653,33.0,0.8187112369877456,0.0,1.0,22.0,0,2.0,0,0.0,1,1.0,0,0.0,0.0,0,0,0,1,1,1,0.0,0.0,1.0,1.0,0.0,0.0,0.0,0.5789473684210527,4.0,0.0,4.0,0.0,0.0,1.0,0.0,1.0,0.0,1.0,1.0,0.0,0.0,0.0,0.0,0.0
1545,0,,,17.08800749063506,30.0,0.9558076247139601,1.0,0.0,12.0,0,5.0,0,0.0,1,0.0,1,0.0,0.0,0,0,0,1,1,1,0.0,0.0,1.0,1.0,0.0,0.0,0.0,0.5789473684210527,0.0,1.0,0.0,1.0,0.0,1.0,1.0,0.0,11.0,0.0,1.0,0.0,0.0,0.0,0.0,0.0
343,1,343.0,343.0,0.0,0.0,1.0,0.0,1.0,0.0,1,0.0,1,0.0,1,0.0,1,0.0,0.0,0,0,1,1,1,1,0.0,0.0,1.0,1.0,0.0,0.0,0.0,0.8947368421052632,0.0,1.0,0.0,1.0,0.0,1.0,0.0,1.0,0.0,1.0,1.0,0.0,0.0,0.0,0.0,0.0
1530,0,,,23.49468024894146,36.0,0.9880240635245253,0.0,0.0,21.0,0,10.0,0,0.0,1,3.0,0,0.0,0.0,0,0,1,1,1,1,0.0,0.0,1.0,1.0,0.0,0.0,0.0,0.5789473684210527,0.0,1.0,0.0,1.0,0.0,1.0,1.0,0.0,1.0,0.0,1.0,0.0,0.0,0.0,0.0,0.0
487,1,487.0,487.0,0.0,0.0,1.0,0.0,0.0,0.0,1,0.0,1,0.0,1,0.0,1,0.0,0.0,0,0,1,1,1,1,0.0,0.0,1.0,1.0,0.0,0.0,0.0,0.8421052631578947,0.0,1.0,0.0,1.0,0.0,1.0,0.0,1.0,0.0,1.0,1.0,0.0,0.0,0.0,0.0,0.0
1060,0,,,61.04096984812741,64.0,0.9995427451741754,0.0,0.0,61.0,0,0.0,1,0.0,1,2.0,0,0.0,1.0,0,0,0,1,1,1,1.0,1.0,0.0,1.0,1.0,1.0,1.0,0.631578947368421,0.0,0.0,0.0,0.0,0.0,0.0,0.0,0.0,0.0,0.0,0.0,1.0,0.0,0.0,0.0,0.0
774,1,774.0,774.0,0.0,0.0,1.0,0.0,0.0,0.0,1,0.0,1,0.0,1,0.0,1,0.0,0.0,0,0,1,1,1,1,0.0,0.0,1.0,1.0,0.0,0.0,0.0,0.8421052631578947,0.0,1.0,0.0,1.0,0.0,1.0,0.0,1.0,0.0,1.0,1.0,0.0,0.0,0.0,0.0,0.0
434,1,434.0,434.0,0.0,0.0,1.0,0.0,0.0,0.0,1,0.0,1,0.0,1,0.0,1,0.0,1.0,0,0,1,1,1,1,1.0,1.0,0.0,1.0,1.0,1.0,1.0,0.8421052631578947,0.0,0.0,0.0,0.0,0.0,0.0,0.0,0.0,0.0,0.0,0.0,0.0,1.0,0.0,0.0,0.0
313,1,313.0,313.0,0.0,0.0,1.0,0.0,0.0,0.0,1,0.0,1,0.0,1,0.0,1,0.0,0.0,0,0,1,1,1,1,0.0,0.0,1.0,1.0,0.0,0.0,0.0,0.8421052631578947,0.0,1.0,0.0,1.0,0.0,1.0,0.0,1.0,0.0,1.0,1.0,0.0,0.0,0.0,0.0,0.0
591,1,591.0,591.0,0.0,0.0,1.0,0.0,0.0,0.0,1,0.0,1,0.0,1,0.0,1,0.0,0.0,0,0,1,1,1,1,0.0,0.0,1.0,1.0,0.0,0.0,0.0,0.8421052631578947,0.0,1.0,0.0,1.0,0.0,1.0,0.0,1.0,0.0,1.0,1.0,0.0,0.0,0.0,0.0,0.0
388,1,388.0,388.0,0.0,0.0,1.0,0.0,0.0,0.0,1,0.0,1,0.0,1,0.0,1,0.0,0.0,0,0,1,1,1,1,0.0,0.0,1.0,1.0,0.0,0.0,0.0,0.8421052631578947,0.0,1.0,0.0,1.0,0.0,1.0,0.0,1.0,0.0,1.0,1.0,0.0,0.0,0.0,0.0,0.0
1939,0,,,13.2664991614216,24.0,0.9999783591703475,0.0,0.0,10.0,0,5.0,0,0.0,1,1.0,0,7.0,0.0,0,0,0,1,1,1,1.0,1.0,0.0,1.0,1.0,1.0,1.0,0.5263157894736842,0.0,0.0,0.0,0.0,0.0,0.0,0.0,0.0,0.0,0.0,0.0,1.0,0.0,0.0,0.0,0.0
880,1,880.0,880.0,0.0,0.0,1.0,0.0,0.0,0.0,1,0.0,1,0.0,1,0.0,1,0.0,0.0,0,0,1,1,1,1,0.0,0.0,1.0,1.0,0.0,0.0,0.0,0.8421052631578947,0.0,1.0,0.0,1.0,0.0,1.0,0.0,1.0,0.0,1.0,1.0,0.0,0.0,0.0,0.0,0.0
1327,0,,,31.04834939252005,44.0,0.7821656821353249,1.0,0.0,30.0,0,6.0,0,0.0,1,1.0,0,0.0,0.0,0,0,1,1,1,1,0.0,0.0,1.0,1.0,0.0,0.0,0.0,0.5789473684210527,0.0,1.0,0.0,1.0,5.0,0.0,0.0,1.0,1.0,0.0,1.0,0.0,0.0,0.0,0.0,0.0
1965,0,,,26.551836094703507,35.0,0.9844057171643456,0.0,0.0,26.0,0,2.0,0,0.0,1,0.0,1,0.0,0.0,0,0,0,1,1,1,0.0,0.0,1.0,1.0,0.0,0.0,0.0,0.5789473684210527,0.0,1.0,0.0,1.0,0.0,1.0,3.0,0.0,4.0,0.0,1.0,0.0,0.0,0.0,0.0,0.0
786,1,786.0,786.0,0.0,0.0,1.0,0.0,0.0,0.0,1,0.0,1,0.0,1,0.0,1,0.0,1.0,0,0,1,1,1,1,1.0,1.0,0.0,1.0,1.0,1.0,1.0,0.8421052631578947,0.0,0.0,0.0,0.0,0.0,0.0,0.0,0.0,0.0,0.0,0.0,0.0,1.0,0.0,0.0,0.0
1737,0,,,60.09991680526688,82.0,0.7462289895218677,0.0,0.0,58.0,0,3.0,0,0.0,1,1.0,0,0.0,0.0,0,0,1,1,1,1,0.0,0.0,1.0,1.0,0.0,0.0,0.0,0.5263157894736842,0.0,1.0,0.0,1.0,15.0,0.0,3.0,0.0,2.0,0.0,1.0,0.0,0.0,0.0,0.0,0.0
1419,0,,,20.688160865577203,30.0,0.9496182486378418,0.0,0.0,20.0,0,1.0,0,0.0,1,0.0,1,0.0,0.0,0,0,1,1,1,1,0.0,0.0,1.0,1.0,0.0,0.0,0.0,0.5789473684210527,3.0,0.0,3.0,0.0,0.0,1.0,3.0,0.0,0.0,1.0,1.0,0.0,0.0,0.0,0.0,0.0
1644,0,,,95.37295214053091,118.0,0.9988848925792926,0.0,0.0,21.0,0,2.0,0,0.0,1,1.0,0,93.0,0.0,0,0,0,1,1,1,1.0,1.0,0.0,1.0,1.0,1.0,1.0,0.5263157894736842,0.0,0.0,0.0,0.0,0.0,0.0,0.0,0.0,0.0,0.0,0.0,1.0,0.0,0.0,0.0,0.0
383,1,383.0,383.0,0.0,0.0,1.0,0.0,1.0,0.0,1,0.0,1,0.0,1,0.0,1,0.0,1.0,0,0,1,1,1,1,1.0,1.0,0.0,1.0,1.0,1.0,1.0,0.8947368421052632,0.0,0.0,0.0,0.0,0.0,0.0,0.0,0.0,0.0,0.0,0.0,0.0,1.0,0.0,0.0,0.0
631,1,631.0,631.0,0.0,0.0,1.0,0.0,0.0,0.0,1,0.0,1,0.0,1,0.0,1,0.0,0.0,0,0,1,1,1,1,0.0,0.0,1.0,1.0,0.0,0.0,0.0,0.8421052631578947,0.0,1.0,0.0,1.0,0.0,1.0,0.0,1.0,0.0,1.0,1.0,0.0,0.0,0.0,0.0,0.0
123,1,123.0,123.0,0.0,0.0,1.0,0.0,1.0,0.0,1,0.0,1,0.0,1,0.0,1,0.0,0.0,0,0,1,1,1,1,0.0,0.0,1.0,1.0,0.0,0.0,0.0,0.8947368421052632,0.0,1.0,0.0,1.0,0.0,1.0,0.0,1.0,0.0,1.0,1.0,0.0,0.0,0.0,0.0,0.0
1624,0,,,22.693611435820433,35.0,0.9852845413636974,0.0,0.0,21.0,0,4.0,0,0.0,1,0.0,1,0.0,0.0,0,0,0,1,1,1,0.0,0.0,1.0,1.0,0.0,0.0,0.0,0.5789473684210527,0.0,1.0,0.0,1.0,7.0,0.0,0.0,1.0,3.0,0.0,1.0,0.0,0.0,0.0,0.0,0.0
146,1,146.0,146.0,0.0,0.0,1.0,0.0,1.0,0.0,1,0.0,1,0.0,1,0.0,1,0.0,0.0,0,0,1,1,1,1,0.0,0.0,1.0,1.0,0.0,0.0,0.0,0.8947368421052632,0.0,1.0,0.0,1.0,0.0,1.0,0.0,1.0,0.0,1.0,1.0,0.0,0.0,0.0,0.0,0.0
1140,0,,,19.078784028338912,32.0,0.9892896392701547,0.0,0.0,11.0,0,4.0,0,0.0,1,1.0,0,0.0,0.0,0,0,0,1,1,1,0.0,0.0,1.0,1.0,0.0,0.0,0.0,0.5263157894736842,0.0,1.0,0.0,1.0,15.0,0.0,0.0,1.0,1.0,0.0,1.0,0.0,0.0,0.0,0.0,0.0
438,1,438.0,438.0,0.0,0.0,1.0,0.0,0.0,0.0,1,0.0,1,0.0,1,0.0,1,0.0,0.0,0,0,1,1,1,1,0.0,0.0,1.0,1.0,0.0,0.0,0.0,0.8421052631578947,0.0,1.0,0.0,1.0,0.0,1.0,0.0,1.0,0.0,1.0,1.0,0.0,0.0,0.0,0.0,0.0
321,1,321.0,321.0,0.0,0.0,1.0,0.0,1.0,0.0,1,0.0,1,0.0,1,0.0,1,0.0,1.0,0,0,1,1,1,1,1.0,1.0,0.0,1.0,1.0,1.0,1.0,0.8947368421052632,0.0,0.0,0.0,0.0,0.0,0.0,0.0,0.0,0.0,0.0,0.0,0.0,1.0,0.0,0.0,0.0
537,1,537.0,537.0,0.0,0.0,1.0,0.0,0.0,0.0,1,0.0,1,0.0,1,0.0,1,0.0,0.0,0,0,1,1,1,1,0.0,0.0,1.0,1.0,0.0,0.0,0.0,0.8421052631578947,0.0,1.0,0.0,1.0,0.0,1.0,0.0,1.0,0.0,1.0,1.0,0.0,0.0,0.0,0.0,0.0
1953,0,,,21.42428528562855,29.0,0.999944202043189,0.0,0.0,21.0,0,3.0,0,0.0,1,1.0,0,2.0,0.0,0,0,0,1,1,1,1.0,1.0,0.0,1.0,1.0,1.0,1.0,0.5263157894736842,0.0,0.0,0.0,0.0,0.0,0.0,0.0,0.0,0.0,0.0,0.0,2.0,0.0,0.0,0.0,0.0
1457,0,,,20.688160865577203,30.0,0.999947642980171,1.0,0.0,19.0,0,8.0,0,0.0,1,1.0,0,0.0,1.0,0,0,0,1,1,1,1.0,1.0,0.0,1.0,1.0,1.0,1.0,0.5789473684210527,0.0,0.0,0.0,0.0,0.0,0.0,0.0,0.0,0.0,0.0,0.0,1.0,0.0,0.0,0.0,0.0
1044,0,,,12.24744871391589,24.0,0.883574842604904,0.0,0.0,1.0,0,1.0,0,0.0,1,0.0,1,0.0,0.0,0,0,1,1,1,1,0.0,0.0,1.0,1.0,0.0,0.0,0.0,0.5263157894736842,4.0,0.0,4.0,0.0,10.0,0.0,4.0,0.0,0.0,1.0,1.0,0.0,0.0,0.0,0.0,0.0
1472,0,,,10.04987562112089,11.0,0.9536988310677534,0.0,0.0,1.0,0,10.0,0,0.0,1,0.0,1,0.0,0.0,0,0,1,1,0,1,1.0,1.0,0.0,0.0,1.0,1.0,1.0,0.5263157894736842,0.0,0.0,0.0,0.0,0.0,0.0,0.0,0.0,0.0,0.0,0.0,0.0,0.0,0.0,0.0,0.0
1628,0,,,34.132096331752024,53.0,0.9324943020883762,0.0,0.0,31.0,0,0.0,1,0.0,1,2.0,0,0.0,0.0,0,0,0,1,1,1,0.0,0.0,1.0,1.0,0.0,0.0,0.0,0.5789473684210527,10.0,0.0,10.0,0.0,0.0,1.0,0.0,1.0,0.0,1.0,1.0,0.0,0.0,0.0,0.0,0.0
1570,0,,,40.36087214122113,53.0,0.9913030882496296,0.0,0.0,39.0,0,2.0,0,0.0,1,0.0,1,0.0,0.0,0,0,0,1,1,1,0.0,0.0,1.0,1.0,0.0,0.0,0.0,0.5789473684210527,0.0,1.0,0.0,1.0,10.0,0.0,2.0,0.0,0.0,1.0,1.0,0.0,0.0,0.0,0.0,0.0
1325,0,,,11.269427669584644,19.0,0.9405817643191406,0.0,0.0,0.0,1,3.0,0,0.0,1,1.0,0,0.0,0.0,0,0,0,1,1,1,0.0,0.0,1.0,1.0,0.0,0.0,0.0,0.5263157894736842,0.0,1.0,0.0,1.0,10.0,0.0,1.0,0.0,4.0,0.0,1.0,0.0,0.0,0.0,0.0,0.0
1987,0,,,6.164414002968976,12.0,0.996007839913004,0.0,0.0,1.0,0,2.0,0,0.0,1,1.0,0,0.0,0.0,0,0,0,1,1,1,0.0,0.0,1.0,1.0,0.0,0.0,0.0,0.5263157894736842,4.0,0.0,4.0,0.0,0.0,1.0,0.0,1.0,0.0,1.0,1.0,0.0,0.0,0.0,0.0,0.0
1757,0,,,34.45286635390443,53.0,0.9508681863906017,0.0,0.0,31.0,0,1.0,0,0.0,1,2.0,0,0.0,0.0,0,0,0,1,1,1,0.0,0.0,1.0,1.0,0.0,0.0,0.0,0.5263157894736842,14.0,0.0,5.0,0.0,0.0,1.0,0.0,1.0,0.0,1.0,1.0,0.0,0.0,0.0,0.0,0.0
91,1,91.0,91.0,0.0,0.0,1.0,0.0,1.0,0.0,1,0.0,1,0.0,1,0.0,1,0.0,0.0,0,0,1,1,1,1,0.0,0.0,1.0,1.0,0.0,0.0,0.0,0.8947368421052632,0.0,1.0,0.0,1.0,0.0,1.0,0.0,1.0,0.0,1.0,1.0,0.0,0.0,0.0,0.0,0.0
180,1,180.0,180.0,0.0,0.0,1.0,0.0,1.0,0.0,1,0.0,1,0.0,1,0.0,1,0.0,0.0,0,0,1,1,1,1,0.0,0.0,1.0,1.0,0.0,0.0,0.0,0.8947368421052632,0.0,1.0,0.0,1.0,0.0,1.0,0.0,1.0,0.0,1.0,1.0,0.0,0.0,0.0,0.0,0.0
1316,0,,,17.26267650163207,34.0,0.9687246702798376,0.0,0.0,0.0,1,3.0,0,0.0,1,0.0,1,0.0,0.0,0,0,1,1,1,1,0.0,0.0,1.0,1.0,0.0,0.0,0.0,0.5789473684210527,11.0,0.0,8.0,0.0,10.0,0.0,2.0,0.0,0.0,1.0,1.0,0.0,0.0,0.0,0.0,0.0
112,1,112.0,112.0,0.0,0.0,1.0,0.0,1.0,0.0,1,0.0,1,0.0,1,0.0,1,0.0,0.0,0,0,1,1,1,1,0.0,0.0,1.0,1.0,0.0,0.0,0.0,0.8947368421052632,0.0,1.0,0.0,1.0,0.0,1.0,0.0,1.0,0.0,1.0,1.0,0.0,0.0,0.0,0.0,0.0
1984,0,,,24.596747752497688,33.0,0.9172874221585987,0.0,0.0,24.0,0,4.0,0,0.0,1,3.0,0,0.0,0.0,0,0,0,1,1,1,0.0,0.0,1.0,1.0,0.0,0.0,0.0,0.5789473684210527,0.0,1.0,0.0,1.0,0.0,1.0,2.0,0.0,0.0,1.0,1.0,0.0,0.0,0.0,0.0,0.0
1926,0,,,22.693611435820433,33.0,0.947226540067192,0.0,0.0,21.0,0,7.0,0,0.0,1,0.0,1,0.0,0.0,0,0,0,1,1,1,0.0,0.0,1.0,1.0,0.0,0.0,0.0,0.631578947368421,0.0,1.0,0.0,1.0,5.0,0.0,0.0,1.0,0.0,1.0,1.0,0.0,0.0,0.0,0.0,0.0
1549,0,,,11.575836902790225,24.0,0.9812458469446321,0.0,0.0,8.0,0,6.0,0,0.0,1,0.0,1,0.0,0.0,0,0,1,1,1,1,0.0,0.0,1.0,1.0,0.0,0.0,0.0,0.5789473684210527,3.0,0.0,3.0,0.0,0.0,1.0,4.0,0.0,0.0,1.0,1.0,0.0,0.0,0.0,0.0,0.0
706,1,706.0,706.0,0.0,0.0,1.0,0.0,0.0,0.0,1,0.0,1,0.0,1,0.0,1,0.0,1.0,0,0,1,1,1,1,1.0,1.0,0.0,1.0,1.0,1.0,1.0,0.8421052631578947,0.0,0.0,0.0,0.0,0.0,0.0,0.0,0.0,0.0,0.0,0.0,0.0,1.0,0.0,0.0,0.0
731,1,731.0,731.0,0.0,0.0,1.0,0.0,0.0,0.0,1,0.0,1,0.0,1,0.0,1,0.0,0.0,0,0,1,1,1,1,0.0,0.0,1.0,1.0,0.0,0.0,0.0,0.8421052631578947,0.0,1.0,0.0,1.0,0.0,1.0,0.0,1.0,0.0,1.0,1.0,0.0,0.0,0.0,0.0,0.0
807,1,807.0,807.0,0.0,0.0,1.0,0.0,0.0,0.0,1,0.0,1,0.0,1,0.0,1,0.0,0.0,0,0,1,1,1,1,0.0,0.0,1.0,1.0,0.0,0.0,0.0,0.8421052631578947,0.0,1.0,0.0,1.0,0.0,1.0,0.0,1.0,0.0,1.0,1.0,0.0,0.0,0.0,0.0,0.0
1450,0,,,80.73413156775763,96.0,0.555993812741041,0.0,0.0,80.0,0,1.0,0,0.0,1,1.0,0,0.0,0.0,0,0,0,1,1,1,0.0,0.0,1.0,1.0,0.0,0.0,0.0,0.5263157894736842,0.0,1.0,0.0,1.0,10.0,0.0,0.0,1.0,4.0,0.0,1.0,0.0,0.0,0.0,0.0,0.0
1416,0,,,107.81929326423912,149.0,0.9985763752904239,0.0,0.0,49.0,0,2.0,0,0.0,1,0.0,1,96.0,0.0,0,0,0,1,1,1,1.0,1.0,0.0,1.0,1.0,1.0,1.0,0.5789473684210527,0.0,0.0,0.0,0.0,0.0,0.0,0.0,0.0,0.0,0.0,0.0,2.0,0.0,0.0,0.0,0.0
334,1,334.0,334.0,0.0,0.0,1.0,0.0,0.0,0.0,1,0.0,1,0.0,1,0.0,1,0.0,0.0,0,0,1,1,1,1,0.0,0.0,1.0,1.0,0.0,0.0,0.0,0.8421052631578947,0.0,1.0,0.0,1.0,0.0,1.0,0.0,1.0,0.0,1.0,1.0,0.0,0.0,0.0,0.0,0.0
1172,0,,,5.916079783099616,11.0,0.9961399785774581,0.0,0.0,1.0,0,2.0,0,0.0,1,2.0,0,0.0,0.0,0,0,0,1,1,1,0.0,0.0,1.0,1.0,0.0,0.0,0.0,0.5263157894736842,0.0,1.0,0.0,1.0,5.0,0.0,0.0,1.0,1.0,0.0,1.0,0.0,0.0,0.0,0.0,0.0
679,1,679.0,679.0,0.0,0.0,1.0,0.0,0.0,0.0,1,0.0,1,0.0,1,0.0,1,0.0,0.0,0,0,1,1,1,1,0.0,0.0,1.0,1.0,0.0,0.0,0.0,0.8421052631578947,0.0,1.0,0.0,1.0,0.0,1.0,0.0,1.0,0.0,1.0,1.0,0.0,0.0,0.0,0.0,0.0
1312,0,,,5.656854249492381,10.0,0.9770337256325764,0.0,0.0,0.0,1,1.0,0,0.0,1,1.0,0,0.0,0.0,0,0,0,1,1,1,0.0,0.0,1.0,1.0,0.0,0.0,0.0,0.5263157894736842,0.0,1.0,2.0,0.0,5.0,0.0,0.0,1.0,1.0,0.0,1.0,0.0,0.0,0.0,0.0,0.0
1282,0,,,31.480152477394387,39.0,0.9640860837880187,1.0,0.0,31.0,0,2.0,0,0.0,1,0.0,1,0.0,0.0,0,0,0,1,1,1,0.0,0.0,1.0,1.0,0.0,0.0,0.0,0.631578947368421,0.0,1.0,0.0,1.0,5.0,0.0,0.0,1.0,0.0,1.0,1.0,0.0,0.0,0.0,0.0,0.0
780,1,780.0,780.0,0.0,0.0,1.0,0.0,0.0,0.0,1,0.0,1,0.0,1,0.0,1,0.0,0.0,0,0,1,1,1,1,0.0,0.0,1.0,1.0,0.0,0.0,0.0,0.8421052631578947,0.0,1.0,0.0,1.0,0.0,1.0,0.0,1.0,0.0,1.0,1.0,0.0,0.0,0.0,0.0,0.0
552,1,552.0,552.0,0.0,0.0,1.0,0.0,0.0,0.0,1,0.0,1,0.0,1,0.0,1,0.0,0.0,0,0,1,1,1,1,0.0,0.0,1.0,1.0,0.0,0.0,0.0,0.8421052631578947,0.0,1.0,0.0,1.0,0.0,1.0,0.0,1.0,0.0,1.0,1.0,0.0,0.0,0.0,0.0,0.0
709,1,709.0,709.0,0.0,0.0,1.0,0.0,0.0,0.0,1,0.0,1,0.0,1,0.0,1,0.0,0.0,0,0,1,1,1,1,0.0,0.0,1.0,1.0,0.0,0.0,0.0,0.8421052631578947,0.0,1.0,0.0,1.0,0.0,1.0,0.0,1.0,0.0,1.0,1.0,0.0,0.0,0.0,0.0,0.0
1422,0,,,23.748684174075834,40.0,0.9805578085905414,0.0,0.0,21.0,0,5.0,0,0.0,1,0.0,1,0.0,0.0,0,0,0,1,1,1,0.0,0.0,1.0,1.0,0.0,0.0,0.0,0.5789473684210527,7.0,0.0,7.0,0.0,0.0,1.0,0.0,1.0,0.0,1.0,1.0,0.0,0.0,0.0,0.0,0.0
558,1,558.0,558.0,0.0,0.0,1.0,0.0,0.0,0.0,1,0.0,1,0.0,1,0.0,1,0.0,0.0,0,0,1,1,1,1,0.0,0.0,1.0,1.0,0.0,0.0,0.0,0.8421052631578947,0.0,1.0,0.0,1.0,0.0,1.0,0.0,1.0,0.0,1.0,1.0,0.0,0.0,0.0,0.0,0.0
1076,0,,,69.32532004974806,80.0,0.9994110620727683,0.0,0.0,69.0,0,4.0,0,0.0,1,2.0,0,5.0,0.0,0,0,0,1,1,1,1.0,1.0,0.0,1.0,1.0,1.0,1.0,0.5789473684210527,0.0,0.0,0.0,0.0,0.0,0.0,0.0,0.0,0.0,0.0,0.0,0.0,1.0,0.0,0.0,0.0
1111,0,,,31.811947441173732,42.0,0.9336201687287133,0.0,0.0,31.0,0,5.0,0,0.0,1,1.0,0,0.0,0.0,0,0,0,1,1,1,0.0,0.0,1.0,1.0,0.0,0.0,0.0,0.5789473684210527,0.0,1.0,0.0,1.0,5.0,0.0,0.0,1.0,0.0,1.0,1.0,0.0,0.0,0.0,0.0,0.0
717,1,717.0,717.0,0.0,0.0,1.0,0.0,0.0,0.0,1,0.0,1,0.0,1,0.0,1,0.0,0.0,0,0,1,1,1,1,0.0,0.0,1.0,1.0,0.0,0.0,0.0,0.8421052631578947,0.0,1.0,0.0,1.0,0.0,1.0,0.0,1.0,0.0,1.0,1.0,0.0,0.0,0.0,0.0,0.0
51,1,51.0,51.0,0.0,0.0,1.0,0.0,1.0,0.0,1,0.0,1,0.0,1,0.0,1,0.0,0.0,0,0,1,1,1,1,0.0,0.0,1.0,1.0,0.0,0.0,0.0,0.8947368421052632,0.0,1.0,0.0,1.0,0.0,1.0,0.0,1.0,0.0,1.0,1.0,0.0,0.0,0.0,0.0,0.0
1940,0,,,31.176914536239792,42.0,0.9658420505623936,0.0,0.0,30.0,0,6.0,0,0.0,1,0.0,1,0.0,0.0,0,0,0,1,1,1,0.0,0.0,1.0,1.0,0.0,0.0,0.0,0.631578947368421,0.0,1.0,0.0,1.0,6.0,0.0,0.0,1.0,0.0,1.0,1.0,0.0,0.0,0.0,0.0,0.0
1163,0,,,12.727922061357855,22.0,0.977516343785757,0.0,0.0,10.0,0,6.0,0,0.0,1,0.0,1,0.0,0.0,0,0,0,1,1,1,0.0,0.0,1.0,1.0,0.0,0.0,0.0,0.5789473684210527,0.0,1.0,0.0,1.0,5.0,0.0,1.0,0.0,0.0,1.0,1.0,0.0,0.0,0.0,0.0,0.0
9,1,9.0,9.0,0.0,0.0,1.0,0.0,1.0,0.0,1,0.0,1,0.0,1,0.0,1,0.0,0.0,0,0,1,1,1,1,0.0,0.0,1.0,1.0,0.0,0.0,0.0,0.8947368421052632,0.0,1.0,0.0,1.0,0.0,1.0,0.0,1.0,0.0,1.0,1.0,0.0,0.0,0.0,0.0,0.0
1485,0,,,12.922847983320086,27.0,0.9134675889839385,1.0,0.0,0.0,1,3.0,0,0.0,1,2.0,0,0.0,0.0,0,0,1,1,1,1,0.0,0.0,1.0,1.0,0.0,0.0,0.0,0.5789473684210527,8.0,0.0,8.0,0.0,5.0,0.0,0.0,1.0,0.0,1.0,1.0,0.0,0.0,0.0,0.0,0.0
1318,0,,,58.677082408722406,81.0,0.8507475542400303,0.0,0.0,1.0,0,0.0,1,0.0,1,1.0,0,0.0,0.0,0,0,0,1,1,1,0.0,0.0,1.0,1.0,0.0,0.0,0.0,0.5263157894736842,0.0,1.0,0.0,1.0,55.0,0.0,4.0,0.0,20.0,0.0,1.0,0.0,0.0,0.0,0.0,0.0
581,1,581.0,581.0,0.0,0.0,1.0,0.0,1.0,0.0,1,0.0,1,0.0,1,0.0,1,0.0,1.0,0,0,1,1,1,1,1.0,1.0,0.0,1.0,1.0,1.0,1.0,0.8947368421052632,0.0,0.0,0.0,0.0,0.0,0.0,0.0,0.0,0.0,0.0,0.0,0.0,1.0,0.0,0.0,0.0
245,1,245.0,245.0,0.0,0.0,1.0,0.0,1.0,0.0,1,0.0,1,0.0,1,0.0,1,0.0,0.0,0,0,1,1,1,1,0.0,0.0,1.0,1.0,0.0,0.0,0.0,0.8947368421052632,0.0,1.0,0.0,1.0,0.0,1.0,0.0,1.0,0.0,1.0,1.0,0.0,0.0,0.0,0.0,0.0
596,1,596.0,596.0,0.0,0.0,1.0,0.0,0.0,0.0,1,0.0,1,0.0,1,0.0,1,0.0,0.0,0,0,1,1,1,1,0.0,0.0,1.0,1.0,0.0,0.0,0.0,0.8421052631578947,0.0,1.0,0.0,1.0,0.0,1.0,0.0,1.0,0.0,1.0,1.0,0.0,0.0,0.0,0.0,0.0
42,1,42.0,42.0,0.0,0.0,1.0,0.0,1.0,0.0,1,0.0,1,0.0,1,0.0,1,0.0,0.0,0,0,1,1,1,1,0.0,0.0,1.0,1.0,0.0,0.0,0.0,0.8947368421052632,0.0,1.0,0.0,1.0,0.0,1.0,0.0,1.0,0.0,1.0,1.0,0.0,0.0,0.0,0.0,0.0
262,1,262.0,262.0,0.0,0.0,1.0,0.0,1.0,0.0,1,0.0,1,0.0,1,0.0,1,0.0,0.0,0,0,1,1,1,1,0.0,0.0,1.0,1.0,0.0,0.0,0.0,0.8947368421052632,0.0,1.0,0.0,1.0,0.0,1.0,0.0,1.0,0.0,1.0,1.0,0.0,0.0,0.0,0.0,0.0
1,1,1.0,1.0,0.0,0.0,1.0,0.0,1.0,0.0,1,0.0,1,0.0,1,0.0,1,0.0,0.0,0,0,1,1,1,1,0.0,0.0,1.0,1.0,0.0,0.0,0.0,0.8947368421052632,0.0,1.0,0.0,1.0,0.0,1.0,0.0,1.0,0.0,1.0,1.0,0.0,0.0,0.0,0.0,0.0
730,1,730.0,730.0,0.0,0.0,1.0,0.0,0.0,0.0,1,0.0,1,0.0,1,0.0,1,0.0,1.0,0,0,1,1,1,1,1.0,1.0,0.0,1.0,1.0,1.0,1.0,0.8421052631578947,0.0,0.0,0.0,0.0,0.0,0.0,0.0,0.0,0.0,0.0,0.0,0.0,1.0,0.0,0.0,0.0
790,1,790.0,790.0,0.0,0.0,1.0,0.0,0.0,0.0,1,0.0,1,0.0,1,0.0,1,0.0,0.0,0,0,1,1,1,1,0.0,0.0,1.0,1.0,0.0,0.0,0.0,0.8421052631578947,0.0,1.0,0.0,1.0,0.0,1.0,0.0,1.0,0.0,1.0,1.0,0.0,0.0,0.0,0.0,0.0
1351,0,,,30.610455730027933,41.0,0.785079184544924,0.0,0.0,30.0,0,2.0,0,0.0,1,1.0,0,0.0,0.0,0,0,0,1,1,1,0.0,0.0,1.0,1.0,0.0,0.0,0.0,0.5263157894736842,0.0,1.0,0.0,1.0,0.0,1.0,4.0,0.0,4.0,0.0,1.0,0.0,0.0,0.0,0.0,0.0
1946,0,,,51.95190083144215,71.0,0.9011792434111151,0.0,0.0,0.0,1,5.0,0,0.0,1,1.0,0,0.0,0.0,0,0,1,1,1,1,0.0,0.0,1.0,1.0,0.0,0.0,0.0,0.5789473684210527,0.0,1.0,0.0,1.0,50.0,0.0,2.0,0.0,13.0,0.0,1.0,0.0,0.0,0.0,0.0,0.0
1835,0,,,22.93468988235943,38.0,0.9625918483303106,0.0,0.0,10.0,0,1.0,0,0.0,1,0.0,1,0.0,0.0,0,0,0,1,1,1,0.0,0.0,1.0,1.0,0.0,0.0,0.0,0.5263157894736842,0.0,1.0,0.0,1.0,20.0,0.0,4.0,0.0,3.0,0.0,1.0,0.0,0.0,0.0,0.0,0.0
474,1,474.0,474.0,0.0,0.0,1.0,0.0,0.0,0.0,1,0.0,1,0.0,1,0.0,1,0.0,0.0,0,0,1,1,1,1,0.0,0.0,1.0,1.0,0.0,0.0,0.0,0.8421052631578947,0.0,1.0,0.0,1.0,0.0,1.0,0.0,1.0,0.0,1.0,1.0,0.0,0.0,0.0,0.0,0.0
152,1,152.0,152.0,0.0,0.0,1.0,0.0,0.0,0.0,1,0.0,1,0.0,1,0.0,1,0.0,0.0,0,0,1,1,1,1,0.0,0.0,1.0,1.0,0.0,0.0,0.0,0.8421052631578947,0.0,1.0,0.0,1.0,0.0,1.0,0.0,1.0,0.0,1.0,1.0,0.0,0.0,0.0,0.0,0.0
1657,0,,,10.0,18.0,0.9826942478968528,0.0,1.0,0.0,1,7.0,0,0.0,1,1.0,0,0.0,0.0,0,0,0,1,1,1,0.0,0.0,1.0,1.0,0.0,0.0,0.0,0.631578947368421,0.0,1.0,0.0,1.0,5.0,0.0,0.0,1.0,5.0,0.0,1.0,0.0,0.0,0.0,0.0,0.0
469,1,469.0,469.0,0.0,0.0,1.0,0.0,0.0,0.0,1,0.0,1,0.0,1,0.0,1,0.0,0.0,0,0,1,1,1,1,0.0,0.0,1.0,1.0,0.0,0.0,0.0,0.8421052631578947,0.0,1.0,0.0,1.0,0.0,1.0,0.0,1.0,0.0,1.0,1.0,0.0,0.0,0.0,0.0,0.0
734,1,734.0,734.0,0.0,0.0,1.0,0.0,0.0,0.0,1,0.0,1,0.0,1,0.0,1,0.0,0.0,0,0,1,1,1,1,0.0,0.0,1.0,1.0,0.0,0.0,0.0,0.8421052631578947,0.0,1.0,0.0,1.0,0.0,1.0,0.0,1.0,0.0,1.0,1.0,0.0,0.0,0.0,0.0,0.0
1721,0,,,10.488088481701515,14.0,0.9989309395288931,0.0,0.0,10.0,0,3.0,0,0.0,1,1.0,0,0.0,0.0,0,0,0,1,0,1,1.0,1.0,0.0,0.0,1.0,1.0,1.0,0.42105263157894735,0.0,0.0,0.0,0.0,0.0,0.0,0.0,0.0,0.0,0.0,0.0,0.0,0.0,0.0,0.0,0.0
1739,0,,,48.062459362791664,52.0,0.9902005457644286,0.0,0.0,48.0,0,2.0,0,0.0,1,1.0,0,1.0,0.0,0,0,0,1,1,1,1.0,1.0,0.0,1.0,1.0,1.0,1.0,0.5263157894736842,0.0,0.0,0.0,0.0,0.0,0.0,0.0,0.0,0.0,0.0,0.0,0.0,0.0,0.0,0.0,0.0
218,1,218.0,218.0,0.0,0.0,1.0,0.0,0.0,0.0,1,0.0,1,0.0,1,0.0,1,0.0,0.0,0,0,1,1,1,1,0.0,0.0,1.0,1.0,0.0,0.0,0.0,0.8421052631578947,0.0,1.0,0.0,1.0,0.0,1.0,0.0,1.0,0.0,1.0,1.0,0.0,0.0,0.0,0.0,0.0
687,1,687.0,687.0,0.0,0.0,1.0,0.0,0.0,0.0,1,0.0,1,0.0,1,0.0,1,0.0,0.0,0,0,1,1,1,1,0.0,0.0,1.0,1.0,0.0,0.0,0.0,0.8421052631578947,0.0,1.0,0.0,1.0,0.0,1.0,0.0,1.0,0.0,1.0,1.0,0.0,0.0,0.0,0.0,0.0
1293,0,,,58.642987645583,71.0,0.956703637897192,0.0,0.0,58.0,0,7.0,0,0.0,1,1.0,0,0.0,0.0,0,0,0,1,1,1,0.0,0.0,1.0,1.0,0.0,0.0,0.0,0.5789473684210527,0.0,1.0,0.0,1.0,5.0,0.0,0.0,1.0,0.0,1.0,1.0,0.0,0.0,0.0,0.0,0.0
1248,0,,,20.273134932713294,35.0,0.9739348143611141,0.0,0.0,10.0,0,4.0,0,0.0,1,1.0,0,0.0,0.0,0,0,1,1,1,1,0.0,0.0,1.0,1.0,0.0,0.0,0.0,0.5263157894736842,17.0,0.0,2.0,0.0,0.0,1.0,0.0,1.0,1.0,0.0,1.0,0.0,0.0,0.0,0.0,0.0
47,1,47.0,47.0,0.0,0.0,1.0,0.0,0.0,0.0,1,0.0,1,0.0,1,0.0,1,0.0,0.0,0,0,1,1,1,1,1.0,1.0,1.0,0.0,1.0,1.0,1.0,0.8421052631578947,0.0,0.0,0.0,0.0,0.0,0.0,0.0,0.0,0.0,0.0,1.0,0.0,0.0,0.0,0.0,1.0
338,1,338.0,338.0,0.0,0.0,1.0,0.0,1.0,0.0,1,0.0,1,0.0,1,0.0,1,0.0,1.0,0,0,1,1,1,1,1.0,1.0,0.0,1.0,1.0,1.0,1.0,0.8947368421052632,0.0,0.0,0.0,0.0,0.0,0.0,0.0,0.0,0.0,0.0,0.0,0.0,1.0,0.0,0.0,0.0
15,1,15.0,15.0,0.0,0.0,1.0,0.0,1.0,0.0,1,0.0,1,0.0,1,0.0,1,0.0,1.0,0,0,1,1,1,1,1.0,1.0,0.0,1.0,1.0,1.0,1.0,0.8947368421052632,0.0,0.0,0.0,0.0,0.0,0.0,0.0,0.0,0.0,0.0,0.0,0.0,1.0,0.0,0.0,0.0
915,1,915.0,915.0,0.0,0.0,1.0,0.0,0.0,0.0,1,0.0,1,0.0,1,0.0,1,0.0,0.0,0,0,1,1,1,1,0.0,0.0,1.0,1.0,0.0,0.0,0.0,0.8421052631578947,0.0,1.0,0.0,1.0,0.0,1.0,0.0,1.0,0.0,1.0,1.0,0.0,0.0,0.0,0.0,0.0
166,1,166.0,166.0,0.0,0.0,1.0,0.0,1.0,0.0,1,0.0,1,0.0,1,0.0,1,0.0,0.0,0,0,1,1,1,1,0.0,0.0,1.0,1.0,0.0,0.0,0.0,0.8947368421052632,0.0,1.0,0.0,1.0,0.0,1.0,0.0,1.0,0.0,1.0,1.0,0.0,0.0,0.0,0.0,0.0
527,1,527.0,527.0,0.0,0.0,1.0,0.0,0.0,0.0,1,0.0,1,0.0,1,0.0,1,0.0,0.0,0,0,1,1,1,1,0.0,0.0,1.0,1.0,0.0,0.0,0.0,0.8421052631578947,0.0,1.0,0.0,1.0,0.0,1.0,0.0,1.0,0.0,1.0,1.0,0.0,0.0,0.0,0.0,0.0
555,1,555.0,555.0,0.0,0.0,1.0,0.0,0.0,0.0,1,0.0,1,0.0,1,0.0,1,0.0,0.0,0,0,1,1,1,1,0.0,0.0,1.0,1.0,0.0,0.0,0.0,0.8421052631578947,0.0,1.0,0.0,1.0,0.0,1.0,0.0,1.0,0.0,1.0,1.0,0.0,0.0,0.0,0.0,0.0
1405,0,,,51.088159097779204,64.0,0.9712912053664988,0.0,0.0,50.0,0,1.0,0,0.0,1,0.0,1,0.0,0.0,0,0,0,1,1,1,0.0,0.0,1.0,1.0,0.0,0.0,0.0,0.5789473684210527,0.0,1.0,0.0,1.0,10.0,0.0,0.0,1.0,3.0,0.0,1.0,0.0,0.0,0.0,0.0,0.0
255,1,255.0,255.0,0.0,0.0,1.0,0.0,0.0,0.0,1,0.0,1,0.0,1,0.0,1,0.0,0.0,0,0,1,1,1,1,0.0,0.0,1.0,1.0,0.0,0.0,0.0,0.8421052631578947,0.0,1.0,0.0,1.0,0.0,1.0,0.0,1.0,0.0,1.0,1.0,0.0,0.0,0.0,0.0,0.0
1761,0,,,8.366600265340756,14.0,0.9949570398902953,0.0,0.0,7.0,0,4.0,0,0.0,1,2.0,0,0.0,0.0,0,0,0,1,1,1,0.0,0.0,1.0,1.0,0.0,0.0,0.0,0.5789473684210527,0.0,1.0,0.0,1.0,0.0,1.0,1.0,0.0,0.0,1.0,1.0,0.0,0.0,0.0,0.0,0.0
1100,0,,,21.02379604162864,30.0,0.9873519487957986,0.0,1.0,20.0,0,6.0,0,0.0,1,1.0,0,0.0,0.0,0,0,0,1,1,1,0.0,0.0,1.0,1.0,0.0,0.0,0.0,0.5789473684210527,0.0,1.0,0.0,1.0,0.0,1.0,1.0,0.0,2.0,0.0,1.0,0.0,0.0,0.0,0.0,0.0
507,1,507.0,507.0,0.0,0.0,1.0,0.0,0.0,0.0,1,0.0,1,0.0,1,0.0,1,0.0,0.0,0,0,1,1,1,1,0.0,0.0,1.0,1.0,0.0,0.0,0.0,0.8421052631578947,0.0,1.0,0.0,1.0,0.0,1.0,0.0,1.0,0.0,1.0,1.0,0.0,0.0,0.0,0.0,0.0
920,1,920.0,920.0,0.0,0.0,1.0,0.0,0.0,0.0,1,0.0,1,0.0,1,0.0,1,0.0,0.0,0,0,1,1,1,1,0.0,0.0,1.0,1.0,0.0,0.0,0.0,0.8421052631578947,0.0,1.0,0.0,1.0,0.0,1.0,0.0,1.0,0.0,1.0,1.0,0.0,0.0,0.0,0.0,0.0
806,1,806.0,806.0,0.0,0.0,1.0,0.0,0.0,0.0,1,0.0,1,0.0,1,0.0,1,0.0,0.0,0,0,1,1,1,1,0.0,0.0,1.0,1.0,0.0,0.0,0.0,0.8421052631578947,0.0,1.0,0.0,1.0,0.0,1.0,0.0,1.0,0.0,1.0,1.0,0.0,0.0,0.0,0.0,0.0
530,1,530.0,530.0,0.0,0.0,1.0,0.0,0.0,0.0,1,0.0,1,0.0,1,0.0,1,0.0,1.0,0,0,1,1,1,1,1.0,1.0,0.0,1.0,1.0,1.0,1.0,0.8421052631578947,0.0,0.0,0.0,0.0,0.0,0.0,0.0,0.0,0.0,0.0,0.0,0.0,1.0,0.0,0.0,0.0
1167,0,,,28.231188426986208,33.0,0.8427467722912158,0.0,0.0,28.0,0,3.0,0,0.0,1,0.0,1,0.0,0.0,0,0,0,1,1,1,0.0,0.0,1.0,1.0,0.0,0.0,0.0,0.631578947368421,0.0,1.0,0.0,1.0,0.0,1.0,0.0,1.0,2.0,0.0,1.0,0.0,0.0,0.0,0.0,0.0
638,1,638.0,638.0,0.0,0.0,1.0,0.0,1.0,0.0,1,0.0,1,0.0,1,0.0,1,0.0,0.0,0,0,1,1,1,1,0.0,0.0,1.0,1.0,0.0,0.0,0.0,0.8947368421052632,0.0,1.0,0.0,1.0,0.0,1.0,0.0,1.0,0.0,1.0,1.0,0.0,0.0,0.0,0.0,0.0
1038,0,,,7.681145747868608,15.0,0.9848840079134129,0.0,0.0,2.0,0,0.0,1,0.0,1,1.0,0,0.0,0.0,0,0,0,1,1,1,0.0,0.0,1.0,1.0,0.0,0.0,0.0,0.5263157894736842,0.0,1.0,0.0,1.0,5.0,0.0,5.0,0.0,2.0,0.0,1.0,0.0,0.0,0.0,0.0,0.0
1808,0,,,12.449899597988733,23.0,0.99185016655079,0.0,0.0,10.0,0,6.0,0,0.0,1,1.0,0,0.0,0.0,0,0,0,1,1,1,0.0,0.0,1.0,1.0,0.0,0.0,0.0,0.5263157894736842,3.0,0.0,3.0,0.0,0.0,1.0,0.0,1.0,0.0,1.0,1.0,0.0,0.0,0.0,0.0,0.0
1627,0,,,19.157244060668017,31.0,0.8997860373403438,1.0,0.0,10.0,0,0.0,1,0.0,1,1.0,0,0.0,0.0,0,0,0,1,1,1,0.0,0.0,1.0,1.0,0.0,0.0,0.0,0.5789473684210527,16.0,0.0,3.0,0.0,0.0,1.0,0.0,1.0,0.0,1.0,1.0,0.0,0.0,0.0,0.0,0.0
1651,0,,,10.099504938362077,18.0,0.9944973900607189,1.0,0.0,9.0,0,0.0,1,0.0,1,1.0,0,0.0,0.0,0,0,1,1,1,1,0.0,0.0,1.0,1.0,0.0,0.0,0.0,0.5263157894736842,1.0,0.0,1.0,0.0,4.0,0.0,1.0,0.0,0.0,1.0,1.0,0.0,0.0,0.0,0.0,0.0
800,1,800.0,800.0,0.0,0.0,1.0,0.0,0.0,0.0,1,0.0,1,0.0,1,0.0,1,0.0,0.0,0,0,1,1,1,1,0.0,0.0,1.0,1.0,0.0,0.0,0.0,0.8421052631578947,0.0,1.0,0.0,1.0,0.0,1.0,0.0,1.0,0.0,1.0,1.0,0.0,0.0,0.0,0.0,0.0
83,1,83.0,83.0,0.0,0.0,1.0,0.0,1.0,0.0,1,0.0,1,0.0,1,0.0,1,0.0,0.0,0,0,1,1,1,1,0.0,0.0,1.0,1.0,0.0,0.0,0.0,0.8947368421052632,0.0,1.0,0.0,1.0,0.0,1.0,0.0,1.0,0.0,1.0,1.0,0.0,0.0,0.0,0.0,0.0
1353,0,,,4.58257569495584,7.0,0.9955205354058523,0.0,0.0,0.0,1,4.0,0,0.0,1,0.0,1,0.0,0.0,0,0,0,1,1,1,0.0,0.0,1.0,1.0,0.0,0.0,0.0,0.631578947368421,0.0,1.0,0.0,1.0,0.0,1.0,1.0,0.0,2.0,0.0,1.0,0.0,0.0,0.0,0.0,0.0
1550,0,,,13.820274961085254,25.0,0.9862809119998692,0.0,0.0,10.0,0,8.0,0,0.0,1,1.0,0,0.0,0.0,0,0,0,1,1,1,0.0,0.0,1.0,1.0,0.0,0.0,0.0,0.5263157894736842,0.0,1.0,0.0,1.0,5.0,0.0,0.0,1.0,1.0,0.0,1.0,0.0,0.0,0.0,0.0,0.0
543,1,543.0,543.0,0.0,0.0,1.0,0.0,0.0,0.0,1,0.0,1,0.0,1,0.0,1,0.0,0.0,0,0,1,1,1,1,0.0,0.0,1.0,1.0,0.0,0.0,0.0,0.8421052631578947,0.0,1.0,0.0,1.0,0.0,1.0,0.0,1.0,0.0,1.0,1.0,0.0,0.0,0.0,0.0,0.0
259,1,259.0,259.0,0.0,0.0,1.0,0.0,1.0,0.0,1,0.0,1,0.0,1,0.0,1,0.0,0.0,0,0,1,1,1,1,0.0,0.0,1.0,1.0,0.0,0.0,0.0,0.8947368421052632,0.0,1.0,0.0,1.0,0.0,1.0,0.0,1.0,0.0,1.0,1.0,0.0,0.0,0.0,0.0,0.0
1423,0,,,32.32645975048923,39.0,0.8346489103547875,0.0,0.0,32.0,0,2.0,0,0.0,1,4.0,0,0.0,0.0,0,0,0,1,1,1,0.0,0.0,1.0,1.0,0.0,0.0,0.0,0.5789473684210527,0.0,1.0,0.0,1.0,0.0,1.0,1.0,0.0,0.0,1.0,1.0,0.0,0.0,0.0,0.0,0.0
794,1,794.0,794.0,0.0,0.0,1.0,0.0,1.0,0.0,1,0.0,1,0.0,1,0.0,1,0.0,0.0,0,0,1,1,1,1,0.0,0.0,1.0,1.0,0.0,0.0,0.0,0.8947368421052632,0.0,1.0,0.0,1.0,0.0,1.0,0.0,1.0,0.0,1.0,1.0,0.0,0.0,0.0,0.0,0.0
962,1,962.0,962.0,0.0,0.0,1.0,0.0,0.0,0.0,1,0.0,1,0.0,1,0.0,1,0.0,0.0,0,0,1,1,1,1,0.0,0.0,1.0,1.0,0.0,0.0,0.0,0.8421052631578947,0.0,1.0,0.0,1.0,0.0,1.0,0.0,1.0,0.0,1.0,1.0,0.0,0.0,0.0,0.0,0.0
911,1,911.0,911.0,0.0,0.0,1.0,0.0,0.0,0.0,1,0.0,1,0.0,1,0.0,1,0.0,1.0,0,0,1,1,1,1,1.0,1.0,1.0,1.0,1.0,1.0,1.0,0.8421052631578947,0.0,0.0,0.0,0.0,0.0,0.0,0.0,0.0,0.0,0.0,0.0,0.0,0.0,0.0,0.0,0.0
707,1,707.0,707.0,0.0,0.0,1.0,0.0,0.0,0.0,1,0.0,1,0.0,1,0.0,1,0.0,1.0,0,0,1,1,1,1,1.0,1.0,1.0,1.0,1.0,1.0,1.0,0.8421052631578947,0.0,0.0,0.0,0.0,0.0,0.0,0.0,0.0,0.0,0.0,0.0,0.0,0.0,0.0,0.0,0.0
283,1,283.0,283.0,0.0,0.0,1.0,0.0,0.0,0.0,1,0.0,1,0.0,1,0.0,1,0.0,1.0,0,0,1,1,1,1,1.0,1.0,0.0,1.0,1.0,1.0,1.0,0.8421052631578947,0.0,0.0,0.0,0.0,0.0,0.0,0.0,0.0,0.0,0.0,0.0,0.0,1.0,0.0,0.0,0.0
284,1,284.0,284.0,0.0,0.0,1.0,0.0,0.0,0.0,1,0.0,1,0.0,1,0.0,1,0.0,0.0,0,0,1,1,1,1,0.0,0.0,1.0,1.0,0.0,0.0,0.0,0.8421052631578947,0.0,1.0,0.0,1.0,0.0,1.0,0.0,1.0,0.0,1.0,1.0,0.0,0.0,0.0,0.0,0.0
93,1,93.0,93.0,0.0,0.0,1.0,0.0,1.0,0.0,1,0.0,1,0.0,1,0.0,1,0.0,0.0,0,0,1,1,1,1,0.0,0.0,1.0,1.0,0.0,0.0,0.0,0.8947368421052632,0.0,1.0,0.0,1.0,0.0,1.0,0.0,1.0,0.0,1.0,1.0,0.0,0.0,0.0,0.0,0.0
983,1,983.0,983.0,0.0,0.0,1.0,0.0,0.0,0.0,1,0.0,1,0.0,1,0.0,1,0.0,0.0,0,0,1,1,1,1,0.0,0.0,1.0,1.0,0.0,0.0,0.0,0.8421052631578947,0.0,1.0,0.0,1.0,0.0,1.0,0.0,1.0,0.0,1.0,1.0,0.0,0.0,0.0,0.0,0.0
1394,0,,,11.874342087037917,19.0,0.9844547522914102,0.0,0.0,0.0,1,6.0,0,0.0,1,1.0,0,0.0,0.0,0,0,0,1,1,1,0.0,0.0,1.0,1.0,0.0,0.0,0.0,0.5789473684210527,0.0,1.0,0.0,1.0,10.0,0.0,2.0,0.0,0.0,1.0,1.0,0.0,0.0,0.0,0.0,0.0
135,1,135.0,135.0,0.0,0.0,1.0,0.0,1.0,0.0,1,0.0,1,0.0,1,0.0,1,0.0,0.0,0,0,1,1,1,1,0.0,0.0,1.0,1.0,0.0,0.0,0.0,0.8947368421052632,0.0,1.0,0.0,1.0,0.0,1.0,0.0,1.0,0.0,1.0,1.0,0.0,0.0,0.0,0.0,0.0
1620,0,,,19.570385790780925,37.0,0.9402826575181281,0.0,0.0,9.0,0,9.0,0,0.0,1,0.0,1,0.0,0.0,0,0,0,1,1,1,0.0,0.0,1.0,1.0,0.0,0.0,0.0,0.5789473684210527,0.0,1.0,0.0,1.0,0.0,1.0,5.0,0.0,14.0,0.0,1.0,0.0,0.0,0.0,0.0,0.0
1913,0,,,80.14985963805552,88.0,0.642673808316988,0.0,0.0,80.0,0,4.0,0,0.0,1,0.0,1,0.0,0.0,0,0,0,1,1,1,0.0,0.0,1.0,1.0,0.0,0.0,0.0,0.5789473684210527,2.0,0.0,2.0,0.0,0.0,1.0,0.0,1.0,0.0,1.0,1.0,0.0,0.0,0.0,0.0,0.0
1482,0,,,10.908712114635714,17.0,0.9428646041855222,0.0,0.0,9.0,0,6.0,0,0.0,1,1.0,0,0.0,0.0,0,0,0,1,1,1,0.0,0.0,1.0,1.0,0.0,0.0,0.0,0.5789473684210527,0.0,1.0,0.0,1.0,0.0,1.0,0.0,1.0,1.0,0.0,1.0,0.0,0.0,0.0,0.0,0.0
736,1,736.0,736.0,0.0,0.0,1.0,0.0,0.0,0.0,1,0.0,1,0.0,1,0.0,1,0.0,0.0,0,0,1,1,1,1,0.0,0.0,1.0,1.0,0.0,0.0,0.0,0.8421052631578947,0.0,1.0,0.0,1.0,0.0,1.0,0.0,1.0,0.0,1.0,1.0,0.0,0.0,0.0,0.0,0.0
1816,0,,,13.2664991614216,24.0,0.9400127118434465,0.0,1.0,0.0,1,7.0,0,0.0,1,1.0,0,0.0,0.0,0,0,1,1,1,1,0.0,0.0,1.0,1.0,0.0,0.0,0.0,0.631578947368421,0.0,1.0,0.0,1.0,10.0,0.0,1.0,0.0,5.0,0.0,1.0,0.0,0.0,0.0,0.0,0.0
598,1,598.0,598.0,0.0,0.0,1.0,0.0,0.0,0.0,1,0.0,1,0.0,1,0.0,1,0.0,0.0,0,0,1,1,1,1,0.0,0.0,1.0,1.0,0.0,0.0,0.0,0.8421052631578947,0.0,1.0,0.0,1.0,0.0,1.0,0.0,1.0,0.0,1.0,1.0,0.0,0.0,0.0,0.0,0.0
669,1,669.0,669.0,0.0,0.0,1.0,0.0,1.0,0.0,1,0.0,1,0.0,1,0.0,1,0.0,0.0,0,0,1,1,1,1,0.0,0.0,1.0,1.0,0.0,0.0,0.0,0.8947368421052632,0.0,1.0,0.0,1.0,0.0,1.0,0.0,1.0,0.0,1.0,1.0,0.0,0.0,0.0,0.0,0.0
71,1,71.0,71.0,0.0,0.0,1.0,0.0,0.0,0.0,1,0.0,1,0.0,1,0.0,1,0.0,0.0,0,0,1,1,1,1,0.0,0.0,1.0,1.0,0.0,0.0,0.0,0.8421052631578947,0.0,1.0,0.0,1.0,0.0,1.0,0.0,1.0,0.0,1.0,1.0,0.0,0.0,0.0,0.0,0.0
402,1,402.0,402.0,0.0,0.0,1.0,0.0,0.0,0.0,1,0.0,1,0.0,1,0.0,1,0.0,0.0,0,0,1,1,1,1,0.0,0.0,1.0,1.0,0.0,0.0,0.0,0.8421052631578947,0.0,1.0,0.0,1.0,0.0,1.0,0.0,1.0,0.0,1.0,1.0,0.0,0.0,0.0,0.0,0.0
1594,0,,,26.19160170741759,40.0,0.9325910160180634,0.0,0.0,1.0,0,3.0,0,0.0,1,1.0,0,0.0,0.0,0,0,0,1,1,1,0.0,0.0,1.0,1.0,0.0,0.0,0.0,0.47368421052631576,5.0,0.0,5.0,0.0,25.0,0.0,0.0,1.0,0.0,1.0,1.0,0.0,0.0,0.0,0.0,0.0
98,1,98.0,98.0,0.0,0.0,1.0,0.0,1.0,0.0,1,0.0,1,0.0,1,0.0,1,0.0,0.0,0,0,1,1,1,1,0.0,0.0,1.0,1.0,0.0,0.0,0.0,0.8947368421052632,0.0,1.0,0.0,1.0,0.0,1.0,0.0,1.0,0.0,1.0,1.0,0.0,0.0,0.0,0.0,0.0
990,1,990.0,990.0,0.0,0.0,1.0,0.0,0.0,0.0,1,0.0,1,0.0,1,0.0,1,0.0,0.0,0,0,1,1,1,1,0.0,0.0,1.0,1.0,0.0,0.0,0.0,0.8421052631578947,0.0,1.0,0.0,1.0,0.0,1.0,0.0,1.0,0.0,1.0,1.0,0.0,0.0,0.0,0.0,0.0
1548,0,,,14.071247279470288,28.0,0.9725193942075199,0.0,0.0,11.0,0,1.0,0,0.0,1,1.0,0,0.0,0.0,0,0,0,1,1,1,0.0,0.0,1.0,1.0,0.0,0.0,0.0,0.47368421052631576,5.0,0.0,5.0,0.0,5.0,0.0,0.0,1.0,0.0,1.0,1.0,0.0,0.0,0.0,0.0,0.0
442,1,442.0,442.0,0.0,0.0,1.0,0.0,0.0,0.0,1,0.0,1,0.0,1,0.0,1,0.0,0.0,0,0,1,1,1,1,0.0,0.0,1.0,1.0,0.0,0.0,0.0,0.8421052631578947,0.0,1.0,0.0,1.0,0.0,1.0,0.0,1.0,0.0,1.0,1.0,0.0,0.0,0.0,0.0,0.0
1222,0,,,33.71943060017473,47.0,0.8581268035446223,0.0,0.0,32.0,0,8.0,0,0.0,1,0.0,1,0.0,0.0,0,0,0,1,1,1,0.0,0.0,1.0,1.0,0.0,0.0,0.0,0.631578947368421,0.0,1.0,0.0,1.0,7.0,0.0,0.0,1.0,0.0,1.0,1.0,0.0,0.0,0.0,0.0,0.0
999,1,999.0,999.0,0.0,0.0,1.0,0.0,1.0,0.0,1,0.0,1,0.0,1,0.0,1,0.0,0.0,0,0,1,1,1,1,0.0,0.0,1.0,1.0,0.0,0.0,0.0,0.8947368421052632,0.0,1.0,0.0,1.0,0.0,1.0,0.0,1.0,0.0,1.0,1.0,0.0,0.0,0.0,0.0,0.0
43,1,43.0,43.0,0.0,0.0,1.0,0.0,1.0,0.0,1,0.0,1,0.0,1,0.0,1,0.0,0.0,0,0,1,1,1,1,0.0,0.0,1.0,1.0,0.0,0.0,0.0,0.8947368421052632,0.0,1.0,0.0,1.0,0.0,1.0,0.0,1.0,0.0,1.0,1.0,0.0,0.0,0.0,0.0,0.0
1421,0,,,23.53720459187964,40.0,0.9284442739137513,0.0,0.0,9.0,0,8.0,0,0.0,1,0.0,1,0.0,0.0,0,0,0,1,1,1,0.0,0.0,1.0,1.0,0.0,0.0,0.0,0.5789473684210527,0.0,1.0,0.0,1.0,20.0,0.0,0.0,1.0,3.0,0.0,1.0,0.0,0.0,0.0,0.0,0.0
297,1,297.0,297.0,0.0,0.0,1.0,0.0,0.0,0.0,1,0.0,1,0.0,1,0.0,1,0.0,0.0,0,0,1,1,1,1,0.0,0.0,1.0,1.0,0.0,0.0,0.0,0.8421052631578947,0.0,1.0,0.0,1.0,0.0,1.0,0.0,1.0,0.0,1.0,1.0,0.0,0.0,0.0,0.0,0.0
1867,0,,,11.916375287812984,20.0,0.9956458436396022,0.0,0.0,10.0,0,4.0,0,0.0,1,0.0,1,0.0,0.0,0,0,0,1,1,1,0.0,0.0,1.0,1.0,0.0,0.0,0.0,0.5789473684210527,0.0,1.0,0.0,1.0,5.0,0.0,0.0,1.0,1.0,0.0,1.0,0.0,0.0,0.0,0.0,0.0
373,1,373.0,373.0,0.0,0.0,1.0,0.0,1.0,0.0,1,0.0,1,0.0,1,0.0,1,0.0,0.0,0,0,1,1,1,1,0.0,0.0,1.0,1.0,0.0,0.0,0.0,0.8947368421052632,0.0,1.0,0.0,1.0,0.0,1.0,0.0,1.0,0.0,1.0,1.0,0.0,0.0,0.0,0.0,0.0
49,1,49.0,49.0,0.0,0.0,1.0,0.0,1.0,0.0,1,0.0,1,0.0,1,0.0,1,0.0,0.0,0,0,1,1,1,1,0.0,0.0,1.0,1.0,0.0,0.0,0.0,0.8947368421052632,0.0,1.0,0.0,1.0,0.0,1.0,0.0,1.0,0.0,1.0,1.0,0.0,0.0,0.0,0.0,0.0
1006,0,,,30.166206257996713,36.0,0.8044231328817845,0.0,1.0,30.0,0,2.0,0,0.0,1,1.0,0,0.0,0.0,0,0,0,1,1,1,0.0,0.0,1.0,1.0,0.0,0.0,0.0,0.5789473684210527,0.0,1.0,0.0,1.0,0.0,1.0,2.0,0.0,1.0,0.0,1.0,0.0,0.0,0.0,0.0,0.0
27,1,27.0,27.0,0.0,0.0,1.0,0.0,1.0,0.0,1,0.0,1,0.0,1,0.0,1,0.0,0.0,0,0,1,1,1,1,0.0,0.0,1.0,1.0,0.0,0.0,0.0,0.8947368421052632,0.0,1.0,0.0,1.0,0.0,1.0,0.0,1.0,0.0,1.0,1.0,0.0,0.0,0.0,0.0,0.0
1641,0,,,57.1314274283428,82.0,0.8033293969418371,0.0,0.0,11.0,0,1.0,0,0.0,1,1.0,0,0.0,0.0,0,0,0,1,1,1,0.0,0.0,1.0,1.0,0.0,0.0,0.0,0.47368421052631576,0.0,1.0,0.0,1.0,55.0,0.0,4.0,0.0,10.0,0.0,1.0,0.0,0.0,0.0,0.0,0.0
630,1,630.0,630.0,0.0,0.0,1.0,0.0,0.0,0.0,1,0.0,1,0.0,1,0.0,1,0.0,0.0,0,0,1,1,1,1,0.0,0.0,1.0,1.0,0.0,0.0,0.0,0.8421052631578947,0.0,1.0,0.0,1.0,0.0,1.0,0.0,1.0,0.0,1.0,1.0,0.0,0.0,0.0,0.0,0.0
1576,0,,,25.903667693977237,37.0,0.9613172114615756,0.0,0.0,0.0,1,2.0,0,0.0,1,1.0,0,0.0,0.0,0,0,0,1,1,1,0.0,0.0,1.0,1.0,0.0,0.0,0.0,0.5263157894736842,0.0,1.0,0.0,1.0,25.0,0.0,5.0,0.0,4.0,0.0,1.0,0.0,0.0,0.0,0.0,0.0
1234,0,,,21.633307652783937,30.0,0.9897667585928899,0.0,0.0,21.0,0,0.0,1,1.0,0,1.0,0,0.0,0.0,0,0,0,1,1,1,0.0,0.0,1.0,1.0,0.0,0.0,0.0,0.5263157894736842,0.0,1.0,0.0,1.0,3.0,0.0,4.0,0.0,0.0,1.0,1.0,0.0,0.0,0.0,0.0,0.0
1643,0,,,6.48074069840786,12.0,0.98424179246588,0.0,0.0,0.0,1,3.0,0,0.0,1,0.0,1,0.0,0.0,0,0,0,1,1,1,0.0,0.0,1.0,1.0,0.0,0.0,0.0,0.5789473684210527,4.0,0.0,4.0,0.0,0.0,1.0,0.0,1.0,1.0,0.0,1.0,0.0,0.0,0.0,0.0,0.0
310,1,310.0,310.0,0.0,0.0,1.0,0.0,0.0,0.0,1,0.0,1,0.0,1,0.0,1,0.0,0.0,0,0,1,1,1,1,0.0,0.0,1.0,1.0,0.0,0.0,0.0,0.8421052631578947,0.0,1.0,0.0,1.0,0.0,1.0,0.0,1.0,0.0,1.0,1.0,0.0,0.0,0.0,0.0,0.0
840,1,840.0,840.0,0.0,0.0,1.0,0.0,0.0,0.0,1,0.0,1,0.0,1,0.0,1,0.0,0.0,0,0,1,1,1,1,0.0,0.0,1.0,1.0,0.0,0.0,0.0,0.8421052631578947,0.0,1.0,0.0,1.0,0.0,1.0,0.0,1.0,0.0,1.0,1.0,0.0,0.0,0.0,0.0,0.0
330,1,330.0,330.0,0.0,0.0,1.0,0.0,1.0,0.0,1,0.0,1,0.0,1,0.0,1,0.0,0.0,0,0,1,1,1,1,0.0,0.0,1.0,1.0,0.0,0.0,0.0,0.8947368421052632,0.0,1.0,0.0,1.0,0.0,1.0,0.0,1.0,0.0,1.0,1.0,0.0,0.0,0.0,0.0,0.0
703,1,703.0,703.0,0.0,0.0,1.0,0.0,1.0,0.0,1,0.0,1,0.0,1,0.0,1,0.0,0.0,0,0,1,1,1,1,0.0,0.0,1.0,1.0,0.0,0.0,0.0,0.8947368421052632,0.0,1.0,0.0,1.0,0.0,1.0,0.0,1.0,0.0,1.0,1.0,0.0,0.0,0.0,0.0,0.0
1083,0,,,34.438350715445125,50.0,0.892444077177379,1.0,0.0,28.0,0,0.0,1,0.0,1,0.0,1,0.0,0.0,0,0,0,1,1,1,0.0,0.0,1.0,1.0,0.0,0.0,0.0,0.631578947368421,0.0,1.0,0.0,1.0,20.0,0.0,0.0,1.0,1.0,0.0,1.0,0.0,0.0,0.0,0.0,0.0
1426,0,,,15.165750888103101,30.0,0.9807258174404632,0.0,0.0,1.0,0,0.0,1,0.0,1,2.0,0,0.0,0.0,0,0,1,1,1,1,0.0,0.0,1.0,1.0,0.0,0.0,0.0,0.5263157894736842,10.0,0.0,10.0,0.0,0.0,1.0,3.0,0.0,4.0,0.0,1.0,0.0,0.0,0.0,0.0,0.0
923,1,923.0,923.0,0.0,0.0,1.0,0.0,0.0,0.0,1,0.0,1,0.0,1,0.0,1,0.0,0.0,0,0,1,1,1,1,0.0,0.0,1.0,1.0,0.0,0.0,0.0,0.8421052631578947,0.0,1.0,0.0,1.0,0.0,1.0,0.0,1.0,0.0,1.0,1.0,0.0,0.0,0.0,0.0,0.0
473,1,473.0,473.0,0.0,0.0,1.0,0.0,0.0,0.0,1,0.0,1,0.0,1,0.0,1,0.0,0.0,0,0,1,1,1,1,0.0,0.0,1.0,1.0,0.0,0.0,0.0,0.8421052631578947,0.0,1.0,0.0,1.0,0.0,1.0,0.0,1.0,0.0,1.0,1.0,0.0,0.0,0.0,0.0,0.0
347,1,347.0,347.0,0.0,0.0,1.0,0.0,1.0,0.0,1,0.0,1,0.0,1,0.0,1,0.0,0.0,0,0,1,1,1,1,0.0,0.0,1.0,1.0,0.0,0.0,0.0,0.8947368421052632,0.0,1.0,0.0,1.0,0.0,1.0,0.0,1.0,0.0,1.0,1.0,0.0,0.0,0.0,0.0,0.0
548,1,548.0,548.0,0.0,0.0,1.0,0.0,0.0,0.0,1,0.0,1,0.0,1,0.0,1,0.0,0.0,0,0,1,1,1,1,0.0,0.0,1.0,1.0,0.0,0.0,0.0,0.8421052631578947,0.0,1.0,0.0,1.0,0.0,1.0,0.0,1.0,0.0,1.0,1.0,0.0,0.0,0.0,0.0,0.0
586,1,586.0,586.0,0.0,0.0,1.0,0.0,0.0,0.0,1,0.0,1,0.0,1,0.0,1,0.0,0.0,0,0,1,1,1,1,0.0,0.0,1.0,1.0,0.0,0.0,0.0,0.8421052631578947,0.0,1.0,0.0,1.0,0.0,1.0,0.0,1.0,0.0,1.0,1.0,0.0,0.0,0.0,0.0,0.0
1664,0,,,11.874342087037917,19.0,0.9810350576372935,0.0,0.0,2.0,0,6.0,0,0.0,1,0.0,1,0.0,0.0,0,0,0,1,1,1,0.0,0.0,1.0,1.0,0.0,0.0,0.0,0.5789473684210527,0.0,1.0,0.0,1.0,10.0,0.0,1.0,0.0,0.0,1.0,1.0,0.0,0.0,0.0,0.0,0.0
1559,0,,,13.416407864998739,24.0,0.9920881753709312,0.0,0.0,11.0,0,2.0,0,0.0,1,1.0,0,0.0,0.0,0,0,1,1,1,1,0.0,0.0,1.0,1.0,0.0,0.0,0.0,0.5263157894736842,1.0,0.0,0.0,1.0,7.0,0.0,2.0,0.0,0.0,1.0,1.0,0.0,0.0,0.0,0.0,0.0
912,1,912.0,912.0,0.0,0.0,1.0,0.0,0.0,0.0,1,0.0,1,0.0,1,0.0,1,0.0,0.0,0,0,1,1,1,1,0.0,0.0,1.0,1.0,0.0,0.0,0.0,0.8421052631578947,0.0,1.0,0.0,1.0,0.0,1.0,0.0,1.0,0.0,1.0,1.0,0.0,0.0,0.0,0.0,0.0
538,1,538.0,538.0,0.0,0.0,1.0,0.0,0.0,0.0,1,0.0,1,0.0,1,0.0,1,0.0,1.0,0,0,1,1,1,1,1.0,1.0,0.0,1.0,1.0,1.0,1.0,0.8421052631578947,0.0,0.0,0.0,0.0,0.0,0.0,0.0,0.0,0.0,0.0,0.0,0.0,1.0,0.0,0.0,0.0
1204,0,,,14.422205101855956,28.0,0.9899012737950454,0.0,0.0,12.0,0,3.0,0,0.0,1,2.0,0,0.0,0.0,0,0,1,1,1,1,0.0,0.0,1.0,1.0,0.0,0.0,0.0,0.5263157894736842,5.0,0.0,5.0,0.0,0.0,1.0,0.0,1.0,1.0,0.0,1.0,0.0,0.0,0.0,0.0,0.0
1623,0,,,23.558437978779494,41.0,0.9295204595890016,1.0,0.0,20.0,0,7.0,0,0.0,1,1.0,0,0.0,0.0,0,0,1,1,1,1,0.0,0.0,1.0,1.0,0.0,0.0,0.0,0.5789473684210527,0.0,1.0,0.0,1.0,0.0,1.0,2.0,0.0,10.0,0.0,1.0,0.0,0.0,0.0,0.0,0.0
1009,0,,,9.899494936611665,18.0,0.9176043066329854,0.0,0.0,0.0,1,5.0,0,0.0,1,1.0,0,0.0,0.0,0,0,0,1,1,1,0.0,0.0,1.0,1.0,0.0,0.0,0.0,0.5789473684210527,6.0,0.0,6.0,0.0,0.0,1.0,0.0,1.0,0.0,1.0,1.0,0.0,0.0,0.0,0.0,0.0
1497,0,,,31.096623610932426,35.0,0.9654227204256179,0.0,0.0,31.0,0,0.0,1,0.0,1,1.0,0,0.0,0.0,0,0,0,1,1,1,0.0,0.0,1.0,1.0,0.0,0.0,0.0,0.5789473684210527,0.0,1.0,0.0,1.0,2.0,0.0,0.0,1.0,1.0,0.0,1.0,0.0,0.0,0.0,0.0,0.0
720,1,720.0,720.0,0.0,0.0,1.0,0.0,0.0,0.0,1,0.0,1,0.0,1,0.0,1,0.0,0.0,0,0,1,1,1,1,0.0,0.0,1.0,1.0,0.0,0.0,0.0,0.8421052631578947,0.0,1.0,0.0,1.0,0.0,1.0,0.0,1.0,0.0,1.0,1.0,0.0,0.0,0.0,0.0,0.0
846,1,846.0,846.0,0.0,0.0,1.0,0.0,0.0,0.0,1,0.0,1,0.0,1,0.0,1,0.0,1.0,0,0,1,1,1,1,1.0,1.0,0.0,1.0,1.0,1.0,1.0,0.8421052631578947,0.0,0.0,0.0,0.0,0.0,0.0,0.0,0.0,0.0,0.0,0.0,0.0,1.0,0.0,0.0,0.0
1746,0,,,31.28897569432403,37.0,0.8570349636718478,0.0,0.0,31.0,0,4.0,0,0.0,1,1.0,0,1.0,0.0,0,0,0,1,1,1,1.0,1.0,0.0,1.0,1.0,1.0,1.0,0.5263157894736842,0.0,0.0,0.0,0.0,0.0,0.0,0.0,0.0,0.0,0.0,0.0,0.0,0.0,0.0,0.0,0.0
517,1,517.0,517.0,0.0,0.0,1.0,0.0,0.0,0.0,1,0.0,1,0.0,1,0.0,1,0.0,0.0,0,0,1,1,1,1,0.0,0.0,1.0,1.0,0.0,0.0,0.0,0.8421052631578947,0.0,1.0,0.0,1.0,0.0,1.0,0.0,1.0,0.0,1.0,1.0,0.0,0.0,0.0,0.0,0.0
708,1,708.0,708.0,0.0,0.0,1.0,0.0,0.0,0.0,1,0.0,1,0.0,1,0.0,1,0.0,0.0,0,0,1,1,1,1,0.0,0.0,1.0,1.0,0.0,0.0,0.0,0.8421052631578947,0.0,1.0,0.0,1.0,0.0,1.0,0.0,1.0,0.0,1.0,1.0,0.0,0.0,0.0,0.0,0.0
254,1,254.0,254.0,0.0,0.0,1.0,0.0,1.0,0.0,1,0.0,1,0.0,1,0.0,1,0.0,0.0,0,0,1,1,1,1,0.0,0.0,1.0,1.0,0.0,0.0,0.0,0.8947368421052632,0.0,1.0,0.0,1.0,0.0,1.0,0.0,1.0,0.0,1.0,1.0,0.0,0.0,0.0,0.0,0.0
550,1,550.0,550.0,0.0,0.0,1.0,0.0,0.0,0.0,1,0.0,1,0.0,1,0.0,1,0.0,0.0,0,0,1,1,1,1,1.0,1.0,1.0,0.0,1.0,1.0,1.0,0.8421052631578947,0.0,0.0,0.0,0.0,0.0,0.0,0.0,0.0,0.0,0.0,1.0,0.0,0.0,0.0,0.0,1.0
1533,0,,,10.677078252031311,18.0,0.9264608009534291,0.0,0.0,9.0,0,4.0,0,0.0,1,0.0,1,0.0,0.0,0,0,0,1,1,1,0.0,0.0,1.0,1.0,0.0,0.0,0.0,0.5789473684210527,0.0,1.0,0.0,1.0,0.0,1.0,4.0,0.0,1.0,0.0,1.0,0.0,0.0,0.0,0.0,0.0
1208,0,,,62.048368229954285,78.0,0.9804971185953122,0.0,0.0,61.0,0,5.0,0,0.0,1,2.0,0,0.0,0.0,0,0,0,1,1,1,0.0,0.0,1.0,1.0,0.0,0.0,0.0,0.5789473684210527,0.0,1.0,0.0,1.0,10.0,0.0,0.0,1.0,0.0,1.0,1.0,0.0,0.0,0.0,0.0,0.0
256,1,256.0,256.0,0.0,0.0,1.0,0.0,0.0,0.0,1,0.0,1,0.0,1,0.0,1,0.0,0.0,0,0,1,1,1,1,0.0,0.0,1.0,1.0,0.0,0.0,0.0,0.8421052631578947,0.0,1.0,0.0,1.0,0.0,1.0,0.0,1.0,0.0,1.0,1.0,0.0,0.0,0.0,0.0,0.0
1534,0,,,6.928203230275509,12.0,0.9950120569972004,0.0,0.0,6.0,0,0.0,1,0.0,1,0.0,1,0.0,0.0,0,0,0,1,1,1,0.0,0.0,1.0,1.0,0.0,0.0,0.0,0.5789473684210527,2.0,0.0,2.0,0.0,0.0,1.0,0.0,1.0,2.0,0.0,1.0,0.0,0.0,0.0,0.0,0.0
988,1,988.0,988.0,0.0,0.0,1.0,0.0,0.0,0.0,1,0.0,1,0.0,1,0.0,1,0.0,0.0,0,0,1,1,1,1,0.0,0.0,1.0,1.0,0.0,0.0,0.0,0.8421052631578947,0.0,1.0,0.0,1.0,0.0,1.0,0.0,1.0,0.0,1.0,1.0,0.0,0.0,0.0,0.0,0.0
1855,0,,,25.612496949731394,44.0,0.9839505591106273,0.0,0.0,20.0,0,2.0,0,0.0,1,0.0,1,0.0,0.0,0,0,1,1,1,1,0.0,0.0,1.0,1.0,0.0,0.0,0.0,0.5263157894736842,1.0,0.0,1.0,0.0,15.0,0.0,0.0,1.0,5.0,0.0,1.0,0.0,0.0,0.0,0.0,0.0
1797,0,,,24.1039415863879,39.0,0.76751154191237,0.0,0.0,22.0,0,5.0,0,0.0,1,0.0,1,0.0,0.0,0,0,1,1,1,1,0.0,0.0,1.0,1.0,0.0,0.0,0.0,0.631578947368421,6.0,0.0,6.0,0.0,0.0,1.0,0.0,1.0,0.0,1.0,1.0,0.0,0.0,0.0,0.0,0.0
491,1,491.0,491.0,0.0,0.0,1.0,0.0,0.0,0.0,1,0.0,1,0.0,1,0.0,1,0.0,0.0,0,0,1,1,1,1,0.0,0.0,1.0,1.0,0.0,0.0,0.0,0.8421052631578947,0.0,1.0,0.0,1.0,0.0,1.0,0.0,1.0,0.0,1.0,1.0,0.0,0.0,0.0,0.0,0.0
169,1,169.0,169.0,0.0,0.0,1.0,0.0,1.0,0.0,1,0.0,1,0.0,1,0.0,1,0.0,0.0,0,0,1,1,1,1,0.0,0.0,1.0,1.0,0.0,0.0,0.0,0.8947368421052632,0.0,1.0,0.0,1.0,0.0,1.0,0.0,1.0,0.0,1.0,1.0,0.0,0.0,0.0,0.0,0.0
1257,0,,,15.231546211727817,28.0,0.975180900069519,0.0,0.0,9.0,0,1.0,0,0.0,1,1.0,0,0.0,0.0,0,0,0,1,1,1,0.0,0.0,1.0,1.0,0.0,0.0,0.0,0.5263157894736842,0.0,1.0,0.0,1.0,10.0,0.0,0.0,1.0,7.0,0.0,1.0,0.0,0.0,0.0,0.0,0.0
898,1,898.0,898.0,0.0,0.0,1.0,0.0,0.0,0.0,1,0.0,1,0.0,1,0.0,1,0.0,1.0,0,0,1,1,1,1,1.0,1.0,1.0,1.0,1.0,1.0,1.0,0.8421052631578947,0.0,0.0,0.0,0.0,0.0,0.0,0.0,0.0,0.0,0.0,0.0,0.0,0.0,0.0,0.0,0.0
1629,0,,,22.516660498395403,39.0,0.92848460332744,0.0,0.0,1.0,0,3.0,0,0.0,1,0.0,1,0.0,0.0,0,0,0,1,1,1,0.0,0.0,1.0,1.0,0.0,0.0,0.0,0.5263157894736842,15.0,0.0,4.0,0.0,0.0,1.0,0.0,1.0,16.0,0.0,1.0,0.0,0.0,0.0,0.0,0.0
607,1,607.0,607.0,0.0,0.0,1.0,0.0,0.0,0.0,1,0.0,1,0.0,1,0.0,1,0.0,0.0,0,0,1,1,1,1,0.0,0.0,1.0,1.0,0.0,0.0,0.0,0.8421052631578947,0.0,1.0,0.0,1.0,0.0,1.0,0.0,1.0,0.0,1.0,1.0,0.0,0.0,0.0,0.0,0.0
292,1,292.0,292.0,0.0,0.0,1.0,0.0,1.0,0.0,1,0.0,1,0.0,1,0.0,1,0.0,0.0,0,0,1,1,1,1,0.0,0.0,1.0,1.0,0.0,0.0,0.0,0.8947368421052632,0.0,1.0,0.0,1.0,0.0,1.0,0.0,1.0,0.0,1.0,1.0,0.0,0.0,0.0,0.0,0.0
1045,0,,,32.449961479175904,45.0,0.9998714172592335,0.0,0.0,31.0,0,9.0,0,0.0,1,1.0,0,3.0,0.0,0,0,0,1,1,1,1.0,1.0,0.0,1.0,1.0,1.0,1.0,0.5263157894736842,0.0,0.0,0.0,0.0,0.0,0.0,0.0,0.0,0.0,0.0,0.0,1.0,0.0,0.0,0.0,0.0
216,1,216.0,216.0,0.0,0.0,1.0,0.0,1.0,0.0,1,0.0,1,0.0,1,0.0,1,0.0,0.0,0,0,1,1,1,1,0.0,0.0,1.0,1.0,0.0,0.0,0.0,0.8947368421052632,0.0,1.0,0.0,1.0,0.0,1.0,0.0,1.0,0.0,1.0,1.0,0.0,0.0,0.0,0.0,0.0
1462,0,,,20.273134932713294,25.0,0.9949406001220452,0.0,0.0,20.0,0,0.0,1,0.0,1,1.0,0,0.0,0.0,0,0,0,1,1,1,0.0,0.0,1.0,1.0,0.0,0.0,0.0,0.5789473684210527,0.0,1.0,0.0,1.0,0.0,1.0,3.0,0.0,1.0,0.0,1.0,0.0,0.0,0.0,0.0,0.0
176,1,176.0,176.0,0.0,0.0,1.0,0.0,0.0,0.0,1,0.0,1,0.0,1,0.0,1,0.0,0.0,0,0,1,1,1,1,0.0,0.0,1.0,1.0,0.0,0.0,0.0,0.8421052631578947,0.0,1.0,0.0,1.0,0.0,1.0,0.0,1.0,0.0,1.0,1.0,0.0,0.0,0.0,0.0,0.0
7,1,7.0,7.0,0.0,0.0,1.0,0.0,1.0,0.0,1,0.0,1,0.0,1,0.0,1,0.0,0.0,0,0,1,1,1,1,0.0,0.0,1.0,1.0,0.0,0.0,0.0,0.8947368421052632,0.0,1.0,0.0,1.0,0.0,1.0,0.0,1.0,0.0,1.0,1.0,0.0,0.0,0.0,0.0,0.0
1778,0,,,20.73644135332772,38.0,0.9163985829191816,0.0,0.0,0.0,1,0.0,1,0.0,1,1.0,0,0.0,0.0,0,0,1,1,1,1,0.0,0.0,1.0,1.0,0.0,0.0,0.0,0.5789473684210527,10.0,0.0,10.0,0.0,15.0,0.0,0.0,1.0,2.0,0.0,1.0,0.0,0.0,0.0,0.0,0.0
1865,0,,,31.843366656181317,46.0,0.9896697429936472,0.0,0.0,28.0,0,2.0,0,0.0,1,0.0,1,0.0,0.0,0,0,0,1,1,1,0.0,0.0,1.0,1.0,0.0,0.0,0.0,0.5789473684210527,0.0,1.0,0.0,1.0,15.0,0.0,0.0,1.0,1.0,0.0,1.0,0.0,0.0,0.0,0.0,0.0
240,1,240.0,240.0,0.0,0.0,1.0,0.0,1.0,0.0,1,0.0,1,0.0,1,0.0,1,0.0,0.0,0,0,1,1,1,1,0.0,0.0,1.0,1.0,0.0,0.0,0.0,0.8947368421052632,0.0,1.0,0.0,1.0,0.0,1.0,0.0,1.0,0.0,1.0,1.0,0.0,0.0,0.0,0.0,0.0
1452,0,,,10.344080432788601,19.0,0.9748890466434497,0.0,0.0,2.0,0,1.0,0,0.0,1,2.0,0,0.0,0.0,0,0,0,1,1,1,0.0,0.0,1.0,1.0,0.0,0.0,0.0,0.5263157894736842,7.0,0.0,7.0,0.0,0.0,1.0,0.0,1.0,0.0,1.0,1.0,0.0,0.0,0.0,0.0,0.0
248,1,248.0,248.0,0.0,0.0,1.0,0.0,0.0,0.0,1,0.0,1,0.0,1,0.0,1,0.0,0.0,0,0,1,1,1,1,0.0,0.0,1.0,1.0,0.0,0.0,0.0,0.8421052631578947,0.0,1.0,0.0,1.0,0.0,1.0,0.0,1.0,0.0,1.0,1.0,0.0,0.0,0.0,0.0,0.0
303,1,303.0,303.0,0.0,0.0,1.0,0.0,1.0,0.0,1,0.0,1,0.0,1,0.0,1,0.0,0.0,0,0,1,1,1,1,0.0,0.0,1.0,1.0,0.0,0.0,0.0,0.8947368421052632,0.0,1.0,0.0,1.0,0.0,1.0,0.0,1.0,0.0,1.0,1.0,0.0,0.0,0.0,0.0,0.0
529,1,529.0,529.0,0.0,0.0,1.0,0.0,0.0,0.0,1,0.0,1,0.0,1,0.0,1,0.0,1.0,0,0,1,1,1,1,1.0,1.0,0.0,1.0,1.0,1.0,1.0,0.8421052631578947,0.0,0.0,0.0,0.0,0.0,0.0,0.0,0.0,0.0,0.0,0.0,0.0,1.0,0.0,0.0,0.0
